{"type":"FeatureCollection","features":[{"type":"Feature","geometry":{"type":"Polygon","coordinates":[[[75.367,34.391],[75.3621,34.3871],[75.3576,34.3853],[75.3549,34.3852],[75.3501,34.3781],[75.3448,34.3755],[75.3388,34.3744],[75.3355,34.3685],[75.336,34.367],[75.3344,34.3612],[75.3304,34.3572],[75.32,34.3589],[75.3179,34.3614],[75.3161,34.3657],[75.3109,34.3664],[75.3071,34.3641],[75.3022,34.3652],[75.2951,34.3642],[75.2916,34.3613],[75.2862,34.3632],[75.2828,34.3625],[75.2791,34.3636],[75.2736,34.3627],[75.27,34.3648],[75.269,34.3679],[75.265,34.371],[75.2636,34.3752],[75.2591,34.3762],[75.25,34.3752],[75.2454,34.3742],[75.2367,34.3699],[75.2345,34.3707],[75.2326,34.3738],[75.2231,34.3765],[75.216,34.3812],[75.2117,34.3853],[75.2089,34.3844],[75.1998,34.3854],[75.1988,34.3818],[75.2007,34.3795],[75.1994,34.3768],[75.1957,34.3745],[75.1979,34.3712],[75.1984,34.3672],[75.1953,34.3628],[75.192,34.3594],[75.187,34.3604],[75.1862,34.3585],[75.1787,34.3539],[75.1728,34.3517],[75.1674,34.3532],[75.1644,34.3528],[75.1606,34.3485],[75.1561,34.3473],[75.1547,34.3459],[75.1477,34.3449],[75.1441,34.3483],[75.1393,34.3493],[75.138,34.3517],[75.1337,34.3505],[75.1294,34.3504],[75.1269,34.3535],[75.1218,34.3576],[75.121,34.3608],[75.118,34.3637],[75.1128,34.3647],[75.1133,34.3684],[75.1079,34.369],[75.1039,34.3726],[75.0994,34.3708],[75.0936,34.3739],[75.0912,34.3743],[75.0876,34.3786],[75.0843,34.3808],[75.0798,34.3855],[75.076,34.3874],[75.0745,34.3909],[75.0717,34.3918],[75.0701,34.3949],[75.0728,34.3972],[75.0724,34.3993],[75.0672,34.4041],[75.0557,34.4094],[75.0482,34.4103],[75.0473,34.4123],[75.0442,34.4141],[75.0397,34.4148],[75.0327,34.4151],[75.0288,34.4184],[75.0262,34.419],[75.0218,34.4221],[75.02,34.4273],[75.0179,34.4298],[75.0176,34.4341],[75.0185,34.4382],[75.0172,34.4392],[75.0111,34.4393],[75.0083,34.4405],[75.0069,34.4438],[74.9988,34.442],[74.9939,34.4437],[74.9875,34.445],[74.9795,34.4442],[74.9657,34.445],[74.9604,34.4457],[74.9594,34.4483],[74.9504,34.4526],[74.9502,34.4606],[74.9467,34.4624],[74.9413,34.4638],[74.9375,34.4615],[74.931,34.4614],[74.9297,34.4581],[74.925,34.4559],[74.9217,34.4571],[74.9147,34.4561],[74.911,34.4536],[74.9,34.4487],[74.8993,34.4427],[74.8953,34.4375],[74.892,34.4349],[74.8905,34.4299],[74.8915,34.4246],[74.8909,34.422],[74.8914,34.4144],[74.8925,34.4115],[74.8951,34.4087],[74.8971,34.4047],[74.9011,34.4041],[74.9089,34.4012],[74.9084,34.3973],[74.9055,34.3929],[74.8995,34.3896],[74.8983,34.3834],[74.8932,34.3761],[74.8918,34.3751],[74.8802,34.3718],[74.875,34.3686],[74.8708,34.3679],[74.867,34.3693],[74.8623,34.3614],[74.8517,34.3586],[74.8499,34.3524],[74.847,34.3492],[74.8402,34.3467],[74.8292,34.3448],[74.8246,34.3453],[74.8136,34.343],[74.807,34.344],[74.7987,34.3432],[74.7943,34.3418],[74.7891,34.3419],[74.7871,34.3397],[74.7868,34.3344],[74.7859,34.3328],[74.779,34.3303],[74.7759,34.3282],[74.7748,34.3249],[74.7788,34.3222],[74.7831,34.3161],[74.787,34.3131],[74.7941,34.3124],[74.7967,34.3109],[74.801,34.3101],[74.8057,34.3067],[74.8114,34.3042],[74.8135,34.3],[74.8156,34.2935],[74.8164,34.2879],[74.8224,34.2842],[74.8254,34.2814],[74.8308,34.274],[74.8347,34.272],[74.8399,34.2728],[74.8515,34.2709],[74.8546,34.2683],[74.8555,34.2636],[74.8549,34.2548],[74.8551,34.2485],[74.8562,34.2458],[74.8587,34.2358],[74.8596,34.2275],[74.8609,34.225],[74.8694,34.2188],[74.8771,34.2151],[74.8787,34.2154],[74.8812,34.2217],[74.8828,34.2208],[74.8853,34.2165],[74.8907,34.2144],[74.8951,34.2098],[74.9093,34.2017],[74.9122,34.1979],[74.9144,34.1991],[74.9205,34.2004],[74.9202,34.2041],[74.9234,34.2059],[74.9267,34.2029],[74.9262,34.2017],[74.9345,34.2033],[74.9409,34.2015],[74.9449,34.1977],[74.9496,34.1885],[74.9538,34.1878],[74.9553,34.1849],[74.9653,34.1838],[74.9719,34.1821],[74.9748,34.1797],[74.9796,34.1729],[74.9842,34.1706],[74.9926,34.1688],[74.9959,34.1694],[74.9976,34.1669],[75.0064,34.1621],[75.0113,34.1606],[75.0142,34.1622],[75.0158,34.1648],[75.0206,34.1685],[75.0233,34.1697],[75.0328,34.1681],[75.0391,34.1699],[75.047,34.1711],[75.0513,34.1746],[75.0582,34.174],[75.0646,34.1717],[75.072,34.1648],[75.0799,34.1671],[75.0873,34.1686],[75.09,34.1677],[75.1031,34.1686],[75.1044,34.1706],[75.1089,34.1707],[75.1211,34.1694],[75.1269,34.1683],[75.1314,34.1716],[75.1346,34.1764],[75.1372,34.1833],[75.132,34.1896],[75.1285,34.1915],[75.1254,34.1956],[75.1294,34.1971],[75.1321,34.1995],[75.1441,34.1999],[75.1472,34.2009],[75.1522,34.2061],[75.1549,34.2066],[75.1579,34.2039],[75.1642,34.2031],[75.1704,34.2033],[75.1753,34.2002],[75.1803,34.1957],[75.1828,34.1951],[75.1894,34.1971],[75.1929,34.202],[75.1933,34.2088],[75.1921,34.2125],[75.1974,34.2167],[75.2029,34.2194],[75.2043,34.2212],[75.2041,34.2251],[75.2069,34.2295],[75.214,34.2284],[75.2173,34.2295],[75.2232,34.2343],[75.2351,34.2339],[75.2378,34.2383],[75.2431,34.2426],[75.2491,34.2428],[75.2551,34.2461],[75.2596,34.2469],[75.261,34.2524],[75.2632,34.2546],[75.2663,34.2542],[75.276,34.2486],[75.283,34.25],[75.2877,34.246],[75.2878,34.2418],[75.2927,34.2369],[75.2966,34.2358],[75.303,34.236],[75.312,34.2331],[75.3148,34.2331],[75.318,34.2304],[75.3177,34.2277],[75.324,34.2231],[75.3283,34.2223],[75.3307,34.22],[75.3311,34.2163],[75.3339,34.2145],[75.3455,34.2134],[75.3474,34.2138],[75.3519,34.2122],[75.3563,34.2125],[75.3613,34.2121],[75.3639,34.2129],[75.3707,34.2097],[75.3745,34.2071],[75.3784,34.2059],[75.3837,34.2089],[75.3889,34.2107],[75.3914,34.2131],[75.397,34.215],[75.4019,34.2159],[75.405,34.2195],[75.4037,34.2214],[75.4035,34.2259],[75.4051,34.2318],[75.4096,34.2354],[75.4108,34.2379],[75.4159,34.2336],[75.419,34.2322],[75.4236,34.2315],[75.4319,34.2271],[75.4425,34.2178],[75.4485,34.2153],[75.4496,34.2138],[75.4569,34.2106],[75.4606,34.2113],[75.4667,34.2085],[75.4699,34.2163],[75.4749,34.2201],[75.4868,34.2241],[75.4914,34.2247],[75.4936,34.2267],[75.4954,34.2324],[75.497,34.2376],[75.4959,34.241],[75.4886,34.2466],[75.4872,34.2495],[75.4824,34.2551],[75.4838,34.2587],[75.481,34.2624],[75.483,34.269],[75.4822,34.2716],[75.4749,34.2776],[75.4701,34.2794],[75.4581,34.2799],[75.4536,34.2859],[75.4489,34.2841],[75.4442,34.2803],[75.4395,34.2795],[75.4368,34.2825],[75.4337,34.2823],[75.4309,34.2836],[75.4261,34.2822],[75.4226,34.2839],[75.4192,34.2819],[75.4149,34.2827],[75.4109,34.2847],[75.4035,34.2847],[75.3974,34.2928],[75.3928,34.2971],[75.392,34.3012],[75.3889,34.3055],[75.3893,34.3095],[75.3914,34.3123],[75.3954,34.3148],[75.3961,34.3167],[75.3897,34.3219],[75.3847,34.3282],[75.384,34.3367],[75.376,34.3423],[75.3784,34.3445],[75.382,34.3457],[75.3859,34.3504],[75.3848,34.354],[75.3805,34.3583],[75.3836,34.3639],[75.3833,34.367],[75.3785,34.3703],[75.3734,34.3715],[75.3751,34.3749],[75.3768,34.3757],[75.3788,34.3821],[75.3771,34.3871],[75.3733,34.3881],[75.367,34.391]]]},"properties":{"id":"in:subdistrict:46","level":"subdistrict","name":"Kangan","code":46,"parent":"in:district:626","state":"in:state:1"}},{"type":"Feature","geometry":{"type":"Polygon","coordinates":[[[74.577,34.9139],[74.5728,34.9004],[74.5714,34.8886],[74.5679,34.8831],[74.5549,34.879],[74.5449,34.8714],[74.5391,34.8659],[74.5236,34.8642],[74.5091,34.8718],[74.5014,34.8717],[74.4902,34.8657],[74.4783,34.8649],[74.4623,34.8627],[74.4563,34.8607],[74.4464,34.8531],[74.434,34.8465],[74.432,34.8322],[74.4299,34.8224],[74.4252,34.8174],[74.4182,34.8148],[74.4135,34.8099],[74.3914,34.8043],[74.3771,34.8021],[74.3469,34.7962],[74.3302,34.7911],[74.335,34.7878],[74.3415,34.7861],[74.3523,34.7852],[74.3597,34.7863],[74.3727,34.7903],[74.3776,34.7908],[74.3858,34.7887],[74.393,34.785],[74.3966,34.7843],[74.4014,34.7852],[74.4117,34.7886],[74.4167,34.7886],[74.4227,34.787],[74.4274,34.7846],[74.4316,34.7838],[74.4377,34.7837],[74.4437,34.785],[74.4502,34.7879],[74.4563,34.789],[74.4621,34.788],[74.4698,34.7857],[74.4774,34.7829],[74.4818,34.7825],[74.4855,34.7833],[74.4998,34.7883],[74.5132,34.7842],[74.5202,34.7831],[74.5314,34.7838],[74.5448,34.7822],[74.5657,34.7783],[74.5682,34.7777],[74.5817,34.7725],[74.5918,34.7653],[74.5981,34.7563],[74.5998,34.75],[74.6061,34.7378],[74.598,34.7227],[74.5909,34.7113],[74.5865,34.7067],[74.5782,34.6993],[74.5695,34.6922],[74.5667,34.6877],[74.563,34.674],[74.563,34.6677],[74.5637,34.6609],[74.5755,34.6602],[74.5777,34.6594],[74.5819,34.6614],[74.587,34.6612],[74.5929,34.6579],[74.597,34.6526],[74.5999,34.6473],[74.6019,34.6384],[74.6037,34.6355],[74.6078,34.6252],[74.6087,34.6216],[74.6135,34.6099],[74.6159,34.6051],[74.6225,34.6008],[74.6293,34.5984],[74.6317,34.5961],[74.632,34.5894],[74.6327,34.5854],[74.6443,34.5799],[74.6458,34.5831],[74.6474,34.5897],[74.6465,34.5932],[74.6504,34.6007],[74.6545,34.5997],[74.6567,34.5923],[74.6586,34.5919],[74.6642,34.5976],[74.6698,34.5979],[74.6725,34.5992],[74.6733,34.6024],[74.6728,34.6072],[74.6748,34.6113],[74.6832,34.6188],[74.6847,34.6197],[74.6902,34.6186],[74.6986,34.631],[74.7038,34.6343],[74.708,34.6333],[74.7097,34.631],[74.7134,34.6304],[74.7148,34.6345],[74.7139,34.6368],[74.7114,34.6382],[74.7093,34.6419],[74.7081,34.6487],[74.7091,34.6519],[74.7118,34.6563],[74.7233,34.6685],[74.725,34.6713],[74.7287,34.6725],[74.7381,34.6712],[74.7456,34.6726],[74.7569,34.6691],[74.7652,34.6634],[74.7675,34.6609],[74.7709,34.6597],[74.7755,34.6602],[74.7799,34.6589],[74.7865,34.6535],[74.7853,34.6471],[74.7822,34.6393],[74.7812,34.632],[74.7789,34.6213],[74.7795,34.6147],[74.7782,34.6037],[74.777,34.5971],[74.7768,34.5923],[74.7787,34.5886],[74.7775,34.5843],[74.7777,34.5785],[74.7802,34.5755],[74.7797,34.5709],[74.7819,34.5682],[74.787,34.5674],[74.7921,34.5675],[74.7956,34.5659],[74.8089,34.5562],[74.8147,34.5531],[74.8313,34.5468],[74.8407,34.5421],[74.855,34.5373],[74.8704,34.531],[74.8752,34.5285],[74.88,34.5269],[74.8881,34.5218],[74.8916,34.5185],[74.8993,34.514],[74.9047,34.5069],[74.9112,34.5016],[74.9173,34.4959],[74.9224,34.488],[74.9277,34.4807],[74.9299,34.4763],[74.9327,34.4737],[74.9413,34.4638],[74.9467,34.4624],[74.9502,34.4606],[74.9504,34.4526],[74.9594,34.4483],[74.9604,34.4457],[74.9657,34.445],[74.9795,34.4442],[74.9875,34.445],[74.9939,34.4437],[74.9988,34.442],[75.0069,34.4438],[75.0083,34.4405],[75.0111,34.4393],[75.0172,34.4392],[75.0185,34.4382],[75.0176,34.4341],[75.0179,34.4298],[75.02,34.4273],[75.0218,34.4221],[75.0262,34.419],[75.0288,34.4184],[75.0327,34.4151],[75.0397,34.4148],[75.0442,34.4141],[75.0473,34.4123],[75.0482,34.4103],[75.0557,34.4094],[75.0672,34.4041],[75.0724,34.3993],[75.0728,34.3972],[75.0701,34.3949],[75.0717,34.3918],[75.0745,34.3909],[75.076,34.3874],[75.0798,34.3855],[75.0843,34.3808],[75.0876,34.3786],[75.0912,34.3743],[75.0936,34.3739],[75.0994,34.3708],[75.1039,34.3726],[75.1079,34.369],[75.1133,34.3684],[75.1128,34.3647],[75.118,34.3637],[75.121,34.3608],[75.1218,34.3576],[75.1269,34.3535],[75.1294,34.3504],[75.1337,34.3505],[75.138,34.3517],[75.1393,34.3493],[75.1441,34.3483],[75.1477,34.3449],[75.1547,34.3459],[75.1561,34.3473],[75.1606,34.3485],[75.1644,34.3528],[75.1674,34.3532],[75.1728,34.3517],[75.1787,34.3539],[75.1862,34.3585],[75.187,34.3604],[75.192,34.3594],[75.1953,34.3628],[75.1984,34.3672],[75.1979,34.3712],[75.1957,34.3745],[75.1994,34.3768],[75.2007,34.3795],[75.1988,34.3818],[75.1998,34.3854],[75.2089,34.3844],[75.2117,34.3853],[75.216,34.3812],[75.2231,34.3765],[75.2326,34.3738],[75.2345,34.3707],[75.2367,34.3699],[75.2454,34.3742],[75.25,34.3752],[75.2591,34.3762],[75.2636,34.3752],[75.265,34.371],[75.269,34.3679],[75.27,34.3648],[75.2736,34.3627],[75.2791,34.3636],[75.2828,34.3625],[75.2862,34.3632],[75.2916,34.3613],[75.2951,34.3642],[75.3022,34.3652],[75.3071,34.3641],[75.3109,34.3664],[75.3161,34.3657],[75.3179,34.3614],[75.32,34.3589],[75.3304,34.3572],[75.3344,34.3612],[75.336,34.367],[75.3355,34.3685],[75.3388,34.3744],[75.3448,34.3755],[75.3501,34.3781],[75.3549,34.3852],[75.3576,34.3853],[75.3621,34.3871],[75.367,34.391],[75.3668,34.3936],[75.3666,34.3977],[75.3691,34.4005],[75.3716,34.4087],[75.3728,34.4109],[75.3712,34.4138],[75.3651,34.4185],[75.3574,34.418],[75.3538,34.4246],[75.3459,34.4273],[75.3432,34.4268],[75.3348,34.4295],[75.3342,34.4332],[75.3286,34.4374],[75.3283,34.4408],[75.3328,34.4426],[75.3329,34.4471],[75.3305,34.4503],[75.3326,34.4519],[75.3372,34.4517],[75.3392,34.4586],[75.3427,34.4609],[75.3491,34.4635],[75.3532,34.4691],[75.3496,34.4753],[75.3502,34.4801],[75.3446,34.485],[75.3432,34.4902],[75.3473,34.4956],[75.3473,34.5016],[75.3502,34.5077],[75.3517,34.5144],[75.3545,34.5196],[75.3572,34.5213],[75.364,34.5219],[75.3664,34.5245],[75.3643,34.53],[75.3656,34.5338],[75.3656,34.5381],[75.3611,34.5402],[75.3618,34.5421],[75.3585,34.5441],[75.3535,34.5498],[75.3527,34.5532],[75.3442,34.563],[75.3379,34.5647],[75.3337,34.568],[75.3285,34.5688],[75.3237,34.5658],[75.3199,34.5648],[75.315,34.5696],[75.3119,34.5767],[75.3064,34.5787],[75.303,34.5823],[75.3011,34.5858],[75.2986,34.5875],[75.2952,34.5873],[75.2882,34.5904],[75.2864,34.5954],[75.278,34.5944],[75.2736,34.597],[75.2691,34.5979],[75.2665,34.6015],[75.2641,34.6027],[75.2534,34.6041],[75.2533,34.6075],[75.2566,34.6105],[75.2583,34.6146],[75.2576,34.6186],[75.2541,34.6283],[75.2504,34.6302],[75.2469,34.634],[75.2415,34.6378],[75.2329,34.6362],[75.2306,34.6332],[75.2253,34.6346],[75.2206,34.6338],[75.2115,34.6386],[75.2081,34.6387],[75.206,34.6438],[75.2095,34.6477],[75.2182,34.6516],[75.2164,34.6527],[75.2104,34.6536],[75.2045,34.6535],[75.2056,34.6594],[75.2079,34.6654],[75.2162,34.6729],[75.225,34.6824],[75.2321,34.6908],[75.2482,34.6945],[75.2583,34.6976],[75.2582,34.7025],[75.2557,34.7113],[75.2543,34.7217],[75.2626,34.7317],[75.2636,34.7446],[75.2509,34.7499],[75.2541,34.76],[75.2563,34.7739],[75.2477,34.7876],[75.2397,34.8018],[75.2232,34.8175],[75.2106,34.8248],[75.1906,34.8349],[75.1726,34.8427],[75.1581,34.8455],[75.1442,34.8503],[75.1428,34.8616],[75.142,34.875],[75.1316,34.8862],[75.117,34.9013],[75.1013,34.9191],[75.0856,34.9194],[75.0716,34.9192],[75.0641,34.9052],[75.0644,34.8884],[75.0636,34.8708],[75.0653,34.8575],[75.064,34.8471],[75.0571,34.8423],[75.0438,34.8434],[75.0311,34.8484],[75.0163,34.8483],[75.0025,34.8388],[74.9796,34.8235],[74.9665,34.8135],[74.9567,34.8081],[74.9506,34.8017],[74.9416,34.7947],[74.9298,34.787],[74.9186,34.7851],[74.9073,34.7925],[74.9015,34.8016],[74.8986,34.8097],[74.8871,34.8223],[74.8722,34.8302],[74.861,34.8283],[74.8532,34.8311],[74.8397,34.8407],[74.831,34.8398],[74.8233,34.8374],[74.8133,34.8436],[74.8076,34.8505],[74.7985,34.8521],[74.7878,34.8525],[74.7804,34.8432],[74.7769,34.8408],[74.7628,34.8441],[74.7502,34.845],[74.7403,34.8484],[74.7395,34.8541],[74.7294,34.8632],[74.7202,34.8648],[74.7167,34.8665],[74.7115,34.8786],[74.7115,34.8809],[74.7017,34.883],[74.6982,34.8807],[74.6842,34.8788],[74.6727,34.8913],[74.6641,34.9004],[74.6625,34.9068],[74.6464,34.9036],[74.6343,34.9099],[74.6201,34.9206],[74.6042,34.9248],[74.5965,34.9218],[74.5903,34.9158],[74.577,34.9139]]]},"properties":{"id":"in:subdistrict:40","level":"subdistrict","name":"Gurez","code":40,"parent":"in:district:623","state":"in:state:1"}},{"type":"Feature","geometry":{"type":"Polygon","coordinates":[[[74.7748,34.3249],[74.774,34.3233],[74.7692,34.3233],[74.769,34.3195],[74.7678,34.3146],[74.7643,34.3135],[74.7567,34.3156],[74.7513,34.316],[74.7454,34.3136],[74.729,34.3043],[74.7199,34.2985],[74.7121,34.2952],[74.693,34.2936],[74.6852,34.2934],[74.6787,34.295],[74.6724,34.2983],[74.6632,34.2986],[74.6602,34.2915],[74.6529,34.2767],[74.6484,34.2699],[74.6489,34.2627],[74.6553,34.2631],[74.653,34.25],[74.6802,34.25],[74.678,34.2471],[74.6704,34.2449],[74.6618,34.2466],[74.6577,34.2439],[74.6594,34.2414],[74.6584,34.2388],[74.6525,34.235],[74.6518,34.2335],[74.6526,34.2256],[74.6511,34.221],[74.6513,34.2161],[74.6544,34.2125],[74.662,34.2085],[74.664,34.2063],[74.6658,34.2003],[74.6728,34.1909],[74.6759,34.1841],[74.684,34.1839],[74.6908,34.1859],[74.6955,34.1846],[74.7097,34.1763],[74.7207,34.1681],[74.7243,34.1692],[74.7241,34.1713],[74.7186,34.1779],[74.7176,34.1811],[74.7248,34.1824],[74.7275,34.1873],[74.7348,34.1897],[74.7409,34.1939],[74.7468,34.1958],[74.746,34.1993],[74.7465,34.2033],[74.7455,34.2078],[74.7455,34.2125],[74.7475,34.2146],[74.7578,34.2127],[74.761,34.2129],[74.766,34.2068],[74.7686,34.2052],[74.7717,34.2004],[74.7749,34.2002],[74.7756,34.2025],[74.7787,34.2041],[74.7873,34.2039],[74.7916,34.2061],[74.7918,34.2134],[74.7886,34.2186],[74.7888,34.2231],[74.7911,34.2265],[74.7912,34.2331],[74.7936,34.2361],[74.7932,34.2421],[74.7974,34.2447],[74.8009,34.2493],[74.8044,34.2502],[74.8135,34.258],[74.8191,34.261],[74.8254,34.2627],[74.8264,34.267],[74.8347,34.272],[74.8308,34.274],[74.8254,34.2814],[74.8224,34.2842],[74.8164,34.2879],[74.8156,34.2935],[74.8135,34.3],[74.8114,34.3042],[74.8057,34.3067],[74.801,34.3101],[74.7967,34.3109],[74.7941,34.3124],[74.787,34.3131],[74.7831,34.3161],[74.7788,34.3222],[74.7748,34.3249]]]},"properties":{"id":"in:subdistrict:45","level":"subdistrict","name":"Lar","code":45,"parent":"in:district:626","state":"in:state:1"}},{"type":"Feature","geometry":{"type":"Polygon","coordinates":[[[74.7454,34.3136],[74.7433,34.3154],[74.7416,34.3226],[74.7359,34.3333],[74.7252,34.342],[74.7198,34.3456],[74.7131,34.3484],[74.7095,34.3478],[74.7029,34.3502],[74.699,34.3505],[74.6938,34.3533],[74.6891,34.3525],[74.6862,34.3507],[74.6801,34.351],[74.676,34.3547],[74.6732,34.3611],[74.668,34.3623],[74.6653,34.3701],[74.6648,34.3758],[74.6645,34.388],[74.6617,34.3976],[74.6554,34.4022],[74.6523,34.4064],[74.6457,34.4081],[74.6416,34.4141],[74.6378,34.4173],[74.6324,34.4195],[74.6285,34.4227],[74.623,34.4304],[74.6205,34.4306],[74.6117,34.4282],[74.6062,34.4289],[74.6016,34.4276],[74.5994,34.4293],[74.6006,34.4345],[74.5994,34.4382],[74.596,34.4442],[74.5913,34.4481],[74.5864,34.4497],[74.5772,34.4501],[74.5675,34.4434],[74.5606,34.4399],[74.5552,34.4328],[74.5488,34.4259],[74.5426,34.4227],[74.5358,34.4084],[74.5404,34.4046],[74.5423,34.4019],[74.5423,34.3982],[74.5446,34.3958],[74.5458,34.3923],[74.5433,34.387],[74.5396,34.3774],[74.5358,34.3699],[74.5319,34.3558],[74.5301,34.3499],[74.529,34.3428],[74.5263,34.3328],[74.5222,34.3303],[74.5201,34.3269],[74.5187,34.3203],[74.5191,34.317],[74.5209,34.3119],[74.521,34.3042],[74.5158,34.2934],[74.5105,34.2882],[74.516,34.2892],[74.5219,34.2922],[74.5254,34.2954],[74.5265,34.2876],[74.5292,34.2856],[74.5311,34.2804],[74.5282,34.2731],[74.5268,34.2651],[74.529,34.2641],[74.5318,34.2595],[74.5328,34.2558],[74.5397,34.2474],[74.5389,34.2434],[74.5472,34.2384],[74.5507,34.2337],[74.5546,34.23],[74.5565,34.2294],[74.5639,34.2281],[74.5795,34.2247],[74.5804,34.2156],[74.5799,34.2085],[74.5779,34.1975],[74.5766,34.1957],[74.5751,34.1902],[74.5732,34.1871],[74.5792,34.1861],[74.5902,34.1819],[74.5987,34.1771],[74.61,34.1753],[74.6212,34.175],[74.6302,34.1769],[74.6356,34.1794],[74.6371,34.1736],[74.6374,34.1662],[74.6365,34.1607],[74.6418,34.1594],[74.6529,34.1644],[74.6651,34.1658],[74.6691,34.1674],[74.6738,34.1677],[74.6765,34.1687],[74.6795,34.1716],[74.6817,34.1779],[74.6759,34.1841],[74.6728,34.1909],[74.6658,34.2003],[74.664,34.2063],[74.662,34.2085],[74.6544,34.2125],[74.6513,34.2161],[74.6511,34.221],[74.6526,34.2256],[74.6518,34.2335],[74.6525,34.235],[74.6584,34.2388],[74.6594,34.2414],[74.6577,34.2439],[74.6618,34.2466],[74.6704,34.2449],[74.678,34.2471],[74.6802,34.25],[74.653,34.25],[74.6553,34.2631],[74.6489,34.2627],[74.6484,34.2699],[74.6529,34.2767],[74.6602,34.2915],[74.6632,34.2986],[74.6724,34.2983],[74.6787,34.295],[74.6852,34.2934],[74.693,34.2936],[74.7121,34.2952],[74.7199,34.2985],[74.729,34.3043],[74.7454,34.3136]]]},"properties":{"id":"in:subdistrict:42","level":"subdistrict","name":"Sonawari","code":42,"parent":"in:district:623","state":"in:state:1"}},{"type":"Feature","geometry":{"type":"Polygon","coordinates":[[[74.9413,34.4638],[74.9327,34.4737],[74.9299,34.4763],[74.9277,34.4807],[74.9224,34.488],[74.9173,34.4959],[74.9112,34.5016],[74.9047,34.5069],[74.8993,34.514],[74.8916,34.5185],[74.8881,34.5218],[74.88,34.5269],[74.8752,34.5285],[74.8704,34.531],[74.855,34.5373],[74.8407,34.5421],[74.8313,34.5468],[74.8147,34.5531],[74.8089,34.5562],[74.7956,34.5659],[74.7921,34.5675],[74.787,34.5674],[74.7819,34.5682],[74.7797,34.5709],[74.7802,34.5755],[74.7777,34.5785],[74.7775,34.5843],[74.7787,34.5886],[74.7768,34.5923],[74.777,34.5971],[74.7782,34.6037],[74.7795,34.6147],[74.7789,34.6213],[74.7812,34.632],[74.7822,34.6393],[74.7853,34.6471],[74.7865,34.6535],[74.7799,34.6589],[74.7755,34.6602],[74.7709,34.6597],[74.7675,34.6609],[74.7652,34.6634],[74.7569,34.6691],[74.7456,34.6726],[74.7381,34.6712],[74.7287,34.6725],[74.725,34.6713],[74.7233,34.6685],[74.7118,34.6563],[74.7091,34.6519],[74.7081,34.6487],[74.7093,34.6419],[74.7114,34.6382],[74.7139,34.6368],[74.7148,34.6345],[74.7134,34.6304],[74.7097,34.631],[74.708,34.6333],[74.7038,34.6343],[74.6986,34.631],[74.6902,34.6186],[74.6847,34.6197],[74.6832,34.6188],[74.6748,34.6113],[74.6728,34.6072],[74.6733,34.6024],[74.6725,34.5992],[74.6698,34.5979],[74.6642,34.5976],[74.6586,34.5919],[74.6567,34.5923],[74.6545,34.5997],[74.6504,34.6007],[74.6465,34.5932],[74.6474,34.5897],[74.6458,34.5831],[74.6443,34.5799],[74.6327,34.5854],[74.632,34.5894],[74.6317,34.5961],[74.6293,34.5984],[74.6225,34.6008],[74.6159,34.6051],[74.6135,34.6099],[74.6087,34.6216],[74.6078,34.6252],[74.6037,34.6355],[74.6019,34.6384],[74.5999,34.6473],[74.597,34.6526],[74.5929,34.6579],[74.587,34.6612],[74.5819,34.6614],[74.5777,34.6594],[74.5755,34.6602],[74.5637,34.6609],[74.5652,34.654],[74.5652,34.6466],[74.5639,34.6404],[74.5589,34.63],[74.5474,34.6242],[74.5464,34.6182],[74.5477,34.6112],[74.5475,34.6045],[74.5416,34.5902],[74.5332,34.5827],[74.5318,34.5749],[74.529,34.5715],[74.5257,34.561],[74.5217,34.5527],[74.5215,34.5496],[74.5281,34.5429],[74.5297,34.5405],[74.5314,34.5381],[74.5341,34.5294],[74.5323,34.519],[74.5349,34.5121],[74.5331,34.5104],[74.5208,34.502],[74.5178,34.4842],[74.5137,34.4818],[74.5007,34.4725],[74.49,34.4662],[74.4851,34.4625],[74.483,34.4588],[74.4772,34.4374],[74.4794,34.4326],[74.4823,34.43],[74.4913,34.4194],[74.4983,34.4153],[74.5055,34.4079],[74.5098,34.4002],[74.5109,34.394],[74.5087,34.3933],[74.5096,34.3874],[74.5119,34.386],[74.5122,34.3826],[74.5149,34.3799],[74.5154,34.374],[74.5175,34.3695],[74.5219,34.3659],[74.5239,34.3614],[74.5319,34.3558],[74.5358,34.3699],[74.5396,34.3774],[74.5433,34.387],[74.5458,34.3923],[74.5446,34.3958],[74.5423,34.3982],[74.5423,34.4019],[74.5404,34.4046],[74.5358,34.4084],[74.5426,34.4227],[74.5488,34.4259],[74.5552,34.4328],[74.5606,34.4399],[74.5675,34.4434],[74.5772,34.4501],[74.5864,34.4497],[74.5913,34.4481],[74.596,34.4442],[74.5994,34.4382],[74.6006,34.4345],[74.5994,34.4293],[74.6016,34.4276],[74.6062,34.4289],[74.6117,34.4282],[74.6205,34.4306],[74.623,34.4304],[74.6285,34.4227],[74.6324,34.4195],[74.6378,34.4173],[74.6416,34.4141],[74.6457,34.4081],[74.6523,34.4064],[74.6554,34.4022],[74.6617,34.3976],[74.6645,34.388],[74.6648,34.3758],[74.6653,34.3701],[74.668,34.3623],[74.6732,34.3611],[74.676,34.3547],[74.6801,34.351],[74.6862,34.3507],[74.6891,34.3525],[74.6938,34.3533],[74.699,34.3505],[74.7029,34.3502],[74.7095,34.3478],[74.7131,34.3484],[74.7198,34.3456],[74.7252,34.342],[74.7359,34.3333],[74.7416,34.3226],[74.7433,34.3154],[74.7454,34.3136],[74.7513,34.316],[74.7567,34.3156],[74.7643,34.3135],[74.7678,34.3146],[74.769,34.3195],[74.7692,34.3233],[74.774,34.3233],[74.7748,34.3249],[74.7759,34.3282],[74.779,34.3303],[74.7859,34.3328],[74.7868,34.3344],[74.7871,34.3397],[74.7891,34.3419],[74.7943,34.3418],[74.7987,34.3432],[74.807,34.344],[74.8136,34.343],[74.8246,34.3453],[74.8292,34.3448],[74.8402,34.3467],[74.847,34.3492],[74.8499,34.3524],[74.8517,34.3586],[74.8623,34.3614],[74.867,34.3693],[74.8708,34.3679],[74.875,34.3686],[74.8802,34.3718],[74.8918,34.3751],[74.8932,34.3761],[74.8983,34.3834],[74.8995,34.3896],[74.9055,34.3929],[74.9084,34.3973],[74.9089,34.4012],[74.9011,34.4041],[74.8971,34.4047],[74.8951,34.4087],[74.8925,34.4115],[74.8914,34.4144],[74.8909,34.422],[74.8915,34.4246],[74.8905,34.4299],[74.892,34.4349],[74.8953,34.4375],[74.8993,34.4427],[74.9,34.4487],[74.911,34.4536],[74.9147,34.4561],[74.9217,34.4571],[74.925,34.4559],[74.9297,34.4581],[74.931,34.4614],[74.9375,34.4615],[74.9413,34.4638]]]},"properties":{"id":"in:subdistrict:41","level":"subdistrict","name":"Bandipora","code":41,"parent":"in:district:623","state":"in:state:1"}},{"type":"Feature","geometry":{"type":"Polygon","coordinates":[[[74.1337,35.1046],[74.1324,35.1029],[74.1191,35.1042],[74.1114,35.1007],[74.1062,35.0994],[74.1014,35.0991],[74.1003,35.0973],[74.0939,35.0919],[74.0884,35.0841],[74.0819,35.0794],[74.0808,35.0701],[74.0799,35.0681],[74.0729,35.0614],[74.0712,35.0585],[74.0736,35.0546],[74.0668,35.0468],[74.0676,35.0458],[74.0734,35.0458],[74.0767,35.0417],[74.078,35.0387],[74.0894,35.033],[74.0949,35.034],[74.0982,35.0322],[74.102,35.0266],[74.1034,35.0219],[74.1059,35.0184],[74.1097,35.0161],[74.1037,35.0142],[74.0975,35.0105],[74.0951,35.0073],[74.0948,35.0043],[74.0896,35.0018],[74.0815,35.0002],[74.0656,34.9978],[74.0593,34.9927],[74.0598,34.987],[74.0633,34.9833],[74.0616,34.9804],[74.061,34.9769],[74.0622,34.9739],[74.061,34.9677],[74.0644,34.9632],[74.0641,34.9572],[74.0668,34.9517],[74.0675,34.9474],[74.0712,34.9355],[74.0699,34.9337],[74.0644,34.9322],[74.0537,34.9249],[74.0479,34.9229],[74.0389,34.9211],[74.0372,34.9192],[74.0365,34.9111],[74.0343,34.9062],[74.0347,34.9015],[74.0359,34.8988],[74.0417,34.8925],[74.042,34.891],[74.0384,34.8877],[74.0308,34.883],[74.0299,34.8763],[74.0263,34.874],[74.0204,34.8725],[74.0169,34.8733],[74.015,34.8752],[74.0111,34.8749],[74.0057,34.8733],[73.9996,34.8747],[73.9991,34.8689],[73.9927,34.8659],[73.986,34.8645],[73.9766,34.8636],[73.9674,34.8638],[73.9671,34.8571],[73.9647,34.8516],[73.9641,34.8474],[73.9612,34.8431],[73.961,34.8386],[73.958,34.8355],[73.9475,34.8331],[73.9383,34.8328],[73.9327,34.8331],[73.9289,34.8305],[73.9284,34.8264],[73.9258,34.8176],[73.9227,34.8138],[73.9194,34.8116],[73.9049,34.8128],[73.9019,34.8171],[73.8993,34.8188],[73.895,34.819],[73.8888,34.8166],[73.8822,34.8152],[73.8768,34.8156],[73.8709,34.8141],[73.863,34.8096],[73.8567,34.8085],[73.8531,34.8093],[73.8476,34.8126],[73.8431,34.8143],[73.8377,34.8132],[73.8343,34.8103],[73.827,34.7976],[73.8242,34.7937],[73.818,34.7913],[73.8046,34.7946],[73.8008,34.7947],[73.7929,34.7928],[73.7837,34.7914],[73.7763,34.7954],[73.7723,34.7961],[73.7671,34.7942],[73.7563,34.7874],[73.7513,34.7836],[73.747,34.7795],[73.7355,34.7717],[73.7314,34.7729],[73.7258,34.7681],[73.7224,34.7634],[73.7208,34.7559],[73.7164,34.748],[73.7118,34.7429],[73.7077,34.7276],[73.7046,34.722],[73.6978,34.7164],[73.688,34.7109],[73.6846,34.7075],[73.6813,34.6969],[73.679,34.6936],[73.6754,34.691],[73.6705,34.6902],[73.6683,34.6884],[73.6665,34.6832],[73.6591,34.6731],[73.6589,34.67],[73.6603,34.6661],[73.6635,34.6632],[73.6877,34.6555],[73.6929,34.6533],[73.695,34.6501],[73.6947,34.647],[73.6905,34.6411],[73.6845,34.6352],[73.6779,34.6272],[73.6677,34.618],[73.6627,34.6113],[73.6538,34.6005],[73.6541,34.5964],[73.6578,34.5899],[73.6599,34.5846],[73.6598,34.5797],[73.6586,34.5766],[73.6552,34.5729],[73.6512,34.5631],[73.646,34.5609],[73.6373,34.5605],[73.633,34.5626],[73.6252,34.5756],[73.6156,34.5813],[73.6111,34.5848],[73.6085,34.5851],[73.5946,34.5848],[73.585,34.5851],[73.577,34.5836],[73.5723,34.5837],[73.5561,34.5898],[73.555,34.5896],[73.5447,34.5788],[73.5387,34.5738],[73.5322,34.571],[73.5272,34.5704],[73.5172,34.5709],[73.4996,34.5744],[73.4932,34.5748],[73.4872,34.5733],[73.4761,34.5698],[73.4702,34.5685],[73.4639,34.5719],[73.4538,34.5711],[73.4505,34.5699],[73.4483,34.5671],[73.4455,34.5592],[73.4435,34.5556],[73.4465,34.5435],[73.4463,34.5396],[73.4409,34.5278],[73.4313,34.5227],[73.4312,34.5192],[73.4356,34.5109],[73.4373,34.5065],[73.4352,34.4849],[73.4335,34.4807],[73.427,34.4737],[73.4219,34.4661],[73.4218,34.4637],[73.4245,34.4603],[73.4263,34.4525],[73.426,34.4393],[73.4268,34.4308],[73.4277,34.426],[73.4232,34.4189],[73.4194,34.4088],[73.418,34.4038],[73.4162,34.4011],[73.414,34.3947],[73.4139,34.3911],[73.4107,34.3846],[73.4105,34.3803],[73.4092,34.3776],[73.3991,34.3755],[73.3961,34.3731],[73.3961,34.3716],[73.4008,34.3661],[73.403,34.3623],[73.4043,34.3543],[73.4079,34.3503],[73.4166,34.3504],[73.4213,34.3467],[73.4288,34.347],[73.4307,34.3446],[73.4247,34.3389],[73.4286,34.332],[73.4331,34.3276],[73.4418,34.3246],[73.4445,34.3214],[73.4472,34.3134],[73.4466,34.3061],[73.4455,34.3031],[73.4522,34.3005],[73.459,34.2916],[73.4607,34.2869],[73.459,34.284],[73.4556,34.2808],[73.4567,34.2765],[73.4599,34.2762],[73.4659,34.2795],[73.472,34.2838],[73.4755,34.2913],[73.4785,34.2913],[73.4808,34.2894],[73.4821,34.2808],[73.4844,34.2772],[73.4845,34.2746],[73.4759,34.2677],[73.473,34.2598],[73.4728,34.2523],[73.4737,34.2486],[73.4774,34.2437],[73.4799,34.2376],[73.482,34.2309],[73.4871,34.2255],[73.496,34.215],[73.4985,34.2112],[73.4986,34.2083],[73.4934,34.2032],[73.4927,34.2016],[73.4944,34.1953],[73.4939,34.191],[73.4911,34.1853],[73.4936,34.1761],[73.4908,34.1708],[73.4924,34.16],[73.4911,34.1563],[73.4932,34.1491],[73.4933,34.1465],[73.5022,34.1444],[73.5084,34.1435],[73.5164,34.1463],[73.5288,34.144],[73.5348,34.1359],[73.5375,34.1331],[73.5408,34.1235],[73.5465,34.1163],[73.557,34.1066],[73.5694,34.0977],[73.5798,34.0921],[73.5859,34.0857],[73.5902,34.0803],[73.5927,34.0736],[73.6008,34.0667],[73.6048,34.0665],[73.6086,34.0681],[73.6117,34.0713],[73.6116,34.0793],[73.6148,34.0823],[73.6182,34.0841],[73.6209,34.081],[73.6217,34.0771],[73.6244,34.0729],[73.6354,34.0601],[73.6421,34.0573],[73.6531,34.0552],[73.6662,34.0563],[73.6775,34.0588],[73.6843,34.0608],[73.6906,34.0658],[73.6973,34.0762],[73.715,34.0766],[73.7263,34.0761],[73.7427,34.0762],[73.7529,34.0782],[73.7642,34.0788],[73.7884,34.0826],[73.791,34.0872],[73.7936,34.083],[73.8089,34.0831],[73.8273,34.0806],[73.8408,34.0758],[73.8488,34.0704],[73.8572,34.0579],[73.8739,34.0346],[73.8828,34.0287],[73.8879,34.0271],[73.896,34.0256],[73.905,34.0249],[73.9185,34.023],[73.9247,34.0207],[73.9359,34.0126],[73.9477,34.0029],[73.9581,33.9949],[73.9786,33.9907],[73.9941,33.9862],[74.0019,33.9798],[74.0052,33.9723],[74.0058,33.9651],[74.0094,33.9606],[74.0204,33.9604],[74.0284,33.9568],[74.0371,33.9561],[74.0551,33.9626],[74.0645,33.9669],[74.0788,33.9742],[74.0848,33.978],[74.0906,33.9798],[74.1027,33.9815],[74.1102,33.9855],[74.1141,33.9916],[74.1301,34.0008],[74.1444,34.0014],[74.1556,33.9981],[74.1648,33.9929],[74.1751,33.9902],[74.1855,33.9895],[74.1913,33.9923],[74.1987,33.9977],[74.2053,34.0007],[74.2083,34.0011],[74.2183,34.0022],[74.2358,34.0026],[74.2556,34.0032],[74.2512,34.0193],[74.2446,34.0245],[74.2351,34.025],[74.23,34.0264],[74.2235,34.0302],[74.2118,34.0346],[74.1981,34.0342],[74.1936,34.0323],[74.1915,34.029],[74.1856,34.0257],[74.175,34.0267],[74.1679,34.033],[74.1653,34.0339],[74.1569,34.0336],[74.1515,34.0362],[74.1505,34.0386],[74.1475,34.0396],[74.1361,34.0428],[74.1234,34.048],[74.1212,34.048],[74.1205,34.0366],[74.1123,34.035],[74.1054,34.0387],[74.1034,34.037],[74.1009,34.033],[74.0958,34.0202],[74.0918,34.0175],[74.0825,34.0176],[74.0771,34.0193],[74.0733,34.0213],[74.068,34.0218],[74.0658,34.0209],[74.0551,34.0136],[74.0513,34.0139],[74.0498,34.0166],[74.0446,34.0189],[74.037,34.0171],[74.032,34.0146],[74.0288,34.0119],[74.027,34.008],[74.0246,34],[74.0167,34.0032],[74.0133,34.0085],[74.0042,34.0167],[74,34.0188],[73.9961,34.0189],[73.9872,34.0124],[73.9823,34.0127],[73.9779,34.0146],[73.9741,34.0131],[73.9693,34.0128],[73.9671,34.0111],[73.9588,34.0148],[73.9543,34.015],[73.9496,34.0162],[73.9385,34.0206],[73.9344,34.0243],[73.9323,34.0276],[73.9228,34.0342],[73.9181,34.04],[73.9144,34.0401],[73.9081,34.0423],[73.9015,34.047],[73.8971,34.0534],[73.8953,34.0598],[73.8906,34.0631],[73.8905,34.0687],[73.8916,34.0722],[73.8954,34.0745],[73.896,34.0765],[73.8997,34.0791],[73.9015,34.0889],[73.9044,34.0974],[73.9037,34.1016],[73.9047,34.1055],[73.9072,34.1063],[73.912,34.1054],[73.9181,34.1058],[73.9235,34.1031],[73.9259,34.1046],[73.9267,34.11],[73.9284,34.1151],[73.9285,34.1179],[73.9268,34.1215],[73.9278,34.1284],[73.9308,34.1304],[73.9308,34.1331],[73.9288,34.1383],[73.9326,34.1425],[73.9363,34.1439],[73.9439,34.145],[73.951,34.1478],[73.9542,34.1482],[73.9573,34.1493],[73.9639,34.1537],[73.9691,34.1589],[73.9777,34.1648],[73.9827,34.1673],[73.9926,34.1755],[73.9987,34.1822],[74,34.1853],[74.0042,34.1894],[74.0052,34.1937],[74.0003,34.1986],[73.9982,34.2031],[73.9982,34.2106],[74.0001,34.2135],[74.0071,34.2157],[74.0078,34.2224],[74.0062,34.2297],[74.0043,34.232],[74.0001,34.234],[73.9978,34.2383],[73.9927,34.246],[73.9833,34.258],[73.9825,34.2595],[73.9839,34.264],[73.9821,34.2691],[73.9797,34.2716],[73.9682,34.2741],[73.9577,34.2746],[73.9437,34.2743],[73.9413,34.2748],[73.9395,34.2777],[73.9381,34.2825],[73.9338,34.2828],[73.9337,34.2926],[73.9385,34.2984],[73.9386,34.3093],[73.927,34.3101],[73.9271,34.3035],[73.9147,34.3038],[73.9145,34.3082],[73.9193,34.3129],[73.9249,34.3167],[73.9246,34.3203],[73.9299,34.3263],[73.9333,34.3327],[73.9333,34.335],[73.9224,34.3365],[73.9177,34.3404],[73.9128,34.3421],[73.9116,34.348],[73.9002,34.3488],[73.899,34.3467],[73.8985,34.3396],[73.8938,34.3396],[73.8914,34.3369],[73.884,34.3314],[73.8777,34.3322],[73.8706,34.33],[73.8706,34.3338],[73.8628,34.3346],[73.8615,34.3286],[73.8592,34.3253],[73.8585,34.3225],[73.8528,34.3211],[73.8431,34.3283],[73.8376,34.3288],[73.8346,34.3315],[73.8235,34.3294],[73.8139,34.3334],[73.809,34.3342],[73.8084,34.3377],[73.8107,34.3412],[73.8107,34.3433],[73.8082,34.3447],[73.8006,34.3451],[73.7974,34.343],[73.7971,34.3384],[73.7924,34.3362],[73.7827,34.3335],[73.7743,34.3347],[73.7678,34.3377],[73.7648,34.3416],[73.7598,34.3456],[73.7527,34.346],[73.754,34.3494],[73.7565,34.3622],[73.752,34.3639],[73.75,34.3665],[73.7499,34.3689],[73.7521,34.3743],[73.7554,34.3756],[73.7564,34.3784],[73.754,34.3813],[73.7572,34.382],[73.7596,34.3845],[73.7637,34.3845],[73.7678,34.3864],[73.7712,34.392],[73.7742,34.3983],[73.783,34.4041],[73.7864,34.4086],[73.792,34.4114],[73.7936,34.4139],[73.8019,34.4195],[73.8032,34.4239],[73.8103,34.4235],[73.8256,34.422],[73.8331,34.4215],[73.8389,34.422],[73.8365,34.428],[73.8391,34.4309],[73.846,34.4298],[73.8482,34.428],[73.8761,34.4502],[73.8848,34.45],[73.8852,34.4623],[73.8834,34.4666],[73.8789,34.4715],[73.8795,34.4795],[73.884,34.484],[73.8865,34.4882],[73.8882,34.4947],[73.8889,34.5001],[73.8954,34.5144],[73.9054,34.5154],[73.9116,34.5199],[73.9094,34.5244],[73.905,34.5285],[73.9094,34.5322],[73.9272,34.546],[73.9388,34.5548],[73.9404,34.5527],[73.9455,34.5544],[73.9551,34.5618],[73.9567,34.5668],[73.9521,34.5695],[73.9609,34.5823],[73.9527,34.5828],[73.9554,34.5975],[73.9541,34.5991],[73.9457,34.5996],[73.9366,34.6018],[73.9299,34.6045],[73.9312,34.6114],[73.9339,34.6149],[73.9342,34.6203],[73.9321,34.6265],[73.9316,34.6314],[73.9325,34.6343],[73.9316,34.6398],[73.9322,34.6446],[73.9356,34.6475],[73.9407,34.6472],[73.9499,34.648],[73.9528,34.6498],[73.9526,34.6528],[73.9496,34.6539],[73.9483,34.6565],[73.9502,34.6598],[73.9568,34.6647],[73.9568,34.6669],[73.9539,34.6693],[73.9535,34.6717],[73.9561,34.6741],[73.9622,34.6766],[73.9692,34.6855],[73.9704,34.6886],[73.9766,34.6863],[73.9838,34.6846],[73.9878,34.6826],[73.9968,34.6832],[73.9999,34.6856],[74.0075,34.6873],[74.0172,34.6943],[74.03,34.6944],[74.034,34.6928],[74.0366,34.6887],[74.0414,34.6826],[74.0444,34.6811],[74.0514,34.6807],[74.0654,34.6831],[74.0715,34.6852],[74.0774,34.6855],[74.0857,34.6841],[74.092,34.6862],[74.0933,34.69],[74.0954,34.6918],[74.1006,34.6891],[74.1006,34.6856],[74.0991,34.678],[74.0996,34.6711],[74.1014,34.6661],[74.1077,34.6595],[74.1128,34.6549],[74.1195,34.6517],[74.133,34.6518],[74.1366,34.6553],[74.1374,34.6599],[74.1365,34.6657],[74.1374,34.6683],[74.1444,34.6727],[74.1454,34.6751],[74.1451,34.6793],[74.1462,34.6833],[74.1504,34.6864],[74.1539,34.6869],[74.1637,34.6904],[74.1748,34.6968],[74.1817,34.7024],[74.202,34.7174],[74.2076,34.72],[74.2217,34.7219],[74.2276,34.7249],[74.2358,34.7327],[74.2404,34.7352],[74.2499,34.7378],[74.2611,34.7415],[74.2704,34.7463],[74.276,34.75],[74.2865,34.7664],[74.2957,34.7777],[74.3046,34.7855],[74.3131,34.7916],[74.3185,34.7937],[74.3253,34.7939],[74.3302,34.7911],[74.3469,34.7962],[74.3771,34.8021],[74.3914,34.8043],[74.4135,34.8099],[74.4182,34.8148],[74.4252,34.8174],[74.4299,34.8224],[74.432,34.8322],[74.434,34.8465],[74.4464,34.8531],[74.4563,34.8607],[74.4623,34.8627],[74.4783,34.8649],[74.4902,34.8657],[74.5014,34.8717],[74.5091,34.8718],[74.5236,34.8642],[74.5391,34.8659],[74.5449,34.8714],[74.5549,34.879],[74.5679,34.8831],[74.5714,34.8886],[74.5728,34.9004],[74.577,34.9139],[74.5698,34.9623],[74.5705,34.9756],[74.5763,34.9865],[74.581,34.9915],[74.585,34.9979],[74.5878,35.0064],[74.5851,35.0181],[74.5784,35.0243],[74.5688,35.0247],[74.5605,35.026],[74.5555,35.0313],[74.5495,35.0347],[74.5307,35.0462],[74.5291,35.0513],[74.5301,35.0601],[74.5389,35.0686],[74.5398,35.075],[74.5295,35.0846],[74.5197,35.0929],[74.5122,35.1035],[74.4994,35.1156],[74.4831,35.1197],[74.4585,35.1253],[74.4399,35.1259],[74.4387,35.1301],[74.427,35.1195],[74.4153,35.1117],[74.4106,35.1013],[74.3996,35.0918],[74.3908,35.0795],[74.382,35.0678],[74.3757,35.066],[74.3609,35.0651],[74.3475,35.0649],[74.3312,35.0669],[74.3052,35.0676],[74.2927,35.0645],[74.2915,35.0547],[74.2882,35.0477],[74.2777,35.044],[74.2652,35.0409],[74.2559,35.0442],[74.2451,35.0521],[74.2414,35.0601],[74.2425,35.0722],[74.2402,35.0791],[74.2352,35.0814],[74.227,35.0743],[74.2235,35.0736],[74.2199,35.0753],[74.2175,35.0822],[74.2202,35.0886],[74.2151,35.0937],[74.2053,35.093],[74.1913,35.0909],[74.1723,35.0912],[74.1561,35.0909],[74.1447,35.0958],[74.1337,35.1046]]]},"properties":{"id":"in:subdistrict:x0-unnamed","level":"subdistrict","name":"Unnamed sub-district","code":0,"parent":"in:state:1","state":"in:state:1"}},{"type":"Feature","geometry":{"type":"Polygon","coordinates":[[[74.4183,34.269],[74.4209,34.2771],[74.4214,34.2813],[74.4293,34.2974],[74.4319,34.3048],[74.4308,34.3165],[74.4287,34.3255],[74.4267,34.3295],[74.4288,34.3363],[74.4271,34.3442],[74.425,34.35],[74.4219,34.3547],[74.4213,34.3585],[74.415,34.3594],[74.4099,34.3613],[74.4059,34.3616],[74.4049,34.3666],[74.3998,34.3706],[74.3978,34.3735],[74.3966,34.3832],[74.3922,34.3892],[74.3856,34.3907],[74.3808,34.3937],[74.3784,34.3902],[74.3802,34.3892],[74.381,34.3856],[74.3827,34.3837],[74.3821,34.377],[74.3802,34.3718],[74.3734,34.3668],[74.3779,34.3623],[74.383,34.3629],[74.3887,34.3605],[74.3903,34.3571],[74.3863,34.3518],[74.3878,34.3496],[74.3818,34.3488],[74.3795,34.3407],[74.3769,34.3382],[74.372,34.3364],[74.3684,34.3331],[74.3628,34.3307],[74.3602,34.3305],[74.354,34.3282],[74.3466,34.3234],[74.347,34.3213],[74.3457,34.3161],[74.3435,34.3159],[74.3337,34.3105],[74.3267,34.3093],[74.3221,34.3104],[74.3218,34.3125],[74.3161,34.3145],[74.3115,34.3176],[74.3084,34.3181],[74.2985,34.3145],[74.2925,34.3158],[74.2883,34.3129],[74.2727,34.3078],[74.2701,34.3063],[74.267,34.3084],[74.265,34.3076],[74.26,34.3101],[74.2523,34.3082],[74.2503,34.307],[74.2351,34.3045],[74.2206,34.2968],[74.2192,34.2934],[74.2166,34.2921],[74.2146,34.2895],[74.2089,34.2886],[74.2046,34.2853],[74.1993,34.2832],[74.1866,34.2816],[74.1826,34.2827],[74.1778,34.2793],[74.169,34.2788],[74.1641,34.2762],[74.1607,34.2785],[74.1553,34.2798],[74.1528,34.2792],[74.1498,34.2814],[74.1473,34.2807],[74.1442,34.2816],[74.1385,34.278],[74.135,34.2739],[74.1307,34.2715],[74.1251,34.27],[74.1196,34.2713],[74.1123,34.2694],[74.1052,34.2713],[74.1017,34.2708],[74.0983,34.2672],[74.0939,34.2682],[74.0852,34.2657],[74.0817,34.2653],[74.0763,34.2603],[74.0788,34.2577],[74.0793,34.2547],[74.0836,34.2539],[74.0879,34.2545],[74.0931,34.2524],[74.1008,34.2468],[74.1068,34.2445],[74.1145,34.2438],[74.1156,34.2408],[74.1199,34.2415],[74.1289,34.2468],[74.1324,34.2468],[74.138,34.2435],[74.1444,34.2433],[74.1477,34.2411],[74.1498,34.2376],[74.1529,34.237],[74.158,34.2336],[74.1654,34.2331],[74.1726,34.2296],[74.1749,34.2251],[74.1797,34.2221],[74.1896,34.2238],[74.1948,34.2294],[74.1978,34.2314],[74.202,34.2316],[74.2068,34.2351],[74.2136,34.2359],[74.2203,34.2337],[74.228,34.2332],[74.2294,34.2305],[74.2347,34.2282],[74.2378,34.2249],[74.2431,34.2245],[74.2456,34.2219],[74.2505,34.2259],[74.2667,34.2277],[74.2726,34.2258],[74.2749,34.2221],[74.2783,34.2238],[74.2854,34.2217],[74.2884,34.223],[74.2918,34.2231],[74.2977,34.2266],[74.3043,34.2289],[74.3129,34.2275],[74.3288,34.2233],[74.3336,34.223],[74.3365,34.2244],[74.3406,34.224],[74.3453,34.2213],[74.3496,34.2174],[74.3529,34.217],[74.3577,34.2191],[74.3575,34.2218],[74.3511,34.2269],[74.3455,34.2293],[74.3378,34.236],[74.3361,34.2388],[74.3309,34.2436],[74.3277,34.2452],[74.323,34.2458],[74.3192,34.2479],[74.3113,34.2481],[74.3044,34.2455],[74.2988,34.242],[74.2933,34.2398],[74.29,34.2412],[74.2909,34.244],[74.2938,34.2464],[74.3002,34.2582],[74.3066,34.2657],[74.3098,34.2703],[74.313,34.2702],[74.3173,34.2669],[74.3197,34.264],[74.3229,34.2624],[74.326,34.2627],[74.3332,34.2652],[74.3379,34.261],[74.338,34.2587],[74.3402,34.2561],[74.3441,34.256],[74.3462,34.257],[74.3492,34.2613],[74.3558,34.2659],[74.3653,34.2753],[74.3677,34.2764],[74.3787,34.2843],[74.3813,34.2855],[74.3836,34.282],[74.3832,34.276],[74.3843,34.274],[74.3873,34.2723],[74.3898,34.2695],[74.3895,34.2578],[74.3905,34.2549],[74.3934,34.2521],[74.3997,34.2442],[74.4045,34.2425],[74.4069,34.2454],[74.4073,34.2484],[74.4062,34.253],[74.4067,34.2576],[74.41,34.263],[74.4143,34.2687],[74.4183,34.269]]]},"properties":{"id":"in:subdistrict:33","level":"subdistrict","name":"Rafiabad","code":33,"parent":"in:district:3","state":"in:state:1"}},{"type":"Feature","geometry":{"type":"Polygon","coordinates":[[[74.5297,34.5405],[74.5239,34.5385],[74.5189,34.5379],[74.5148,34.5357],[74.5108,34.5351],[74.5086,34.5332],[74.5046,34.5277],[74.5025,34.5227],[74.5001,34.5207],[74.498,34.5212],[74.4948,34.5196],[74.4893,34.5192],[74.4852,34.5177],[74.4809,34.5148],[74.4792,34.5113],[74.481,34.505],[74.4854,34.5016],[74.4803,34.4951],[74.4769,34.4865],[74.4672,34.4804],[74.4577,34.4878],[74.4536,34.4932],[74.4515,34.499],[74.4477,34.4987],[74.4444,34.4968],[74.4452,34.4932],[74.4441,34.4918],[74.4342,34.4878],[74.4297,34.4884],[74.4244,34.4945],[74.4179,34.4943],[74.4136,34.4923],[74.4051,34.4905],[74.4028,34.4907],[74.3977,34.493],[74.3905,34.489],[74.3846,34.4902],[74.3748,34.4953],[74.3734,34.4967],[74.3749,34.504],[74.3667,34.508],[74.3502,34.5132],[74.3476,34.5128],[74.3423,34.5158],[74.342,34.5225],[74.3356,34.525],[74.329,34.5258],[74.3254,34.525],[74.3174,34.5209],[74.3095,34.5214],[74.3052,34.5199],[74.2959,34.5189],[74.2928,34.52],[74.2865,34.5176],[74.286,34.5148],[74.2886,34.5084],[74.2872,34.5051],[74.2813,34.5103],[74.2774,34.5117],[74.2748,34.5144],[74.2648,34.5199],[74.2588,34.5216],[74.253,34.5214],[74.2471,34.5226],[74.2439,34.5221],[74.2418,34.5199],[74.236,34.5204],[74.2328,34.5251],[74.2327,34.5283],[74.2283,34.5342],[74.2265,34.5382],[74.2305,34.5461],[74.2313,34.5532],[74.2309,34.5565],[74.2284,34.5585],[74.2292,34.5624],[74.2439,34.5679],[74.2476,34.571],[74.248,34.5738],[74.2418,34.5803],[74.2364,34.5789],[74.2308,34.5783],[74.2247,34.5791],[74.2167,34.575],[74.2061,34.5715],[74.2061,34.5676],[74.2072,34.5654],[74.2057,34.5632],[74.201,34.5617],[74.1922,34.5637],[74.1794,34.5621],[74.1739,34.5555],[74.1687,34.5589],[74.1591,34.5581],[74.1563,34.5572],[74.147,34.5489],[74.1428,34.5474],[74.1384,34.5475],[74.1364,34.5466],[74.1359,34.5428],[74.1326,34.5394],[74.129,34.5337],[74.1269,34.529],[74.1243,34.5287],[74.1207,34.5318],[74.1176,34.5325],[74.108,34.5329],[74.103,34.532],[74.0999,34.5281],[74.0981,34.5236],[74.0988,34.5184],[74.1024,34.5149],[74.1008,34.5126],[74.0816,34.5071],[74.0701,34.5083],[74.0634,34.5067],[74.0546,34.5074],[74.05,34.5073],[74.0426,34.5057],[74.0287,34.4983],[74.0136,34.4948],[74.0072,34.4923],[73.9969,34.4912],[73.9901,34.4918],[73.988,34.4952],[73.9814,34.4976],[73.9774,34.4982],[73.9747,34.4964],[73.9708,34.4921],[73.9663,34.4892],[73.9581,34.4807],[73.9551,34.4782],[73.9527,34.4735],[73.9547,34.463],[73.9547,34.4604],[73.9527,34.457],[73.9528,34.4525],[73.9559,34.4484],[73.955,34.4415],[73.9505,34.4382],[73.9474,34.4396],[73.9437,34.4428],[73.9348,34.444],[73.9301,34.4466],[73.9266,34.4461],[73.9216,34.4476],[73.9156,34.4464],[73.9132,34.4474],[73.9025,34.4488],[73.8981,34.4474],[73.8944,34.4499],[73.8903,34.4491],[73.8882,34.4504],[73.8848,34.45],[73.8761,34.4502],[73.8482,34.428],[73.846,34.4298],[73.8391,34.4309],[73.8365,34.428],[73.8389,34.422],[73.8331,34.4215],[73.8256,34.422],[73.8103,34.4235],[73.8032,34.4239],[73.8019,34.4195],[73.7936,34.4139],[73.792,34.4114],[73.7864,34.4086],[73.783,34.4041],[73.7742,34.3983],[73.7712,34.392],[73.7678,34.3864],[73.7637,34.3845],[73.7596,34.3845],[73.7572,34.382],[73.754,34.3813],[73.7564,34.3784],[73.7554,34.3756],[73.7521,34.3743],[73.7499,34.3689],[73.75,34.3665],[73.752,34.3639],[73.7565,34.3622],[73.754,34.3494],[73.7527,34.346],[73.7598,34.3456],[73.7648,34.3416],[73.7678,34.3377],[73.7743,34.3347],[73.7827,34.3335],[73.7924,34.3362],[73.7971,34.3384],[73.7974,34.343],[73.8006,34.3451],[73.8082,34.3447],[73.8107,34.3433],[73.8107,34.3412],[73.8084,34.3377],[73.809,34.3342],[73.8139,34.3334],[73.8235,34.3294],[73.8346,34.3315],[73.8376,34.3288],[73.8431,34.3283],[73.8528,34.3211],[73.8585,34.3225],[73.8592,34.3253],[73.8615,34.3286],[73.8628,34.3346],[73.8706,34.3338],[73.8706,34.33],[73.8777,34.3322],[73.884,34.3314],[73.8914,34.3369],[73.8938,34.3396],[73.8985,34.3396],[73.899,34.3467],[73.9002,34.3488],[73.9116,34.348],[73.9128,34.3421],[73.9177,34.3404],[73.9224,34.3365],[73.9333,34.335],[73.9333,34.3327],[73.9299,34.3263],[73.9246,34.3203],[73.9249,34.3167],[73.9193,34.3129],[73.9145,34.3082],[73.9147,34.3038],[73.9271,34.3035],[73.927,34.3101],[73.9386,34.3093],[73.9385,34.2984],[73.9337,34.2926],[73.9338,34.2828],[73.9381,34.2825],[73.9395,34.2777],[73.9413,34.2748],[73.9437,34.2743],[73.9577,34.2746],[73.9682,34.2741],[73.9797,34.2716],[73.9821,34.2691],[73.9839,34.264],[73.9825,34.2595],[73.9833,34.258],[73.9897,34.2597],[73.9956,34.2576],[74.0096,34.2483],[74.015,34.2465],[74.0197,34.2465],[74.0229,34.2446],[74.0273,34.2446],[74.0325,34.248],[74.036,34.2495],[74.0357,34.2582],[74.0386,34.2567],[74.0421,34.2587],[74.0483,34.2582],[74.0545,34.2611],[74.0596,34.2615],[74.0636,34.263],[74.0763,34.2603],[74.0817,34.2653],[74.0852,34.2657],[74.0939,34.2682],[74.0983,34.2672],[74.1017,34.2708],[74.1052,34.2713],[74.1123,34.2694],[74.1196,34.2713],[74.1251,34.27],[74.1307,34.2715],[74.135,34.2739],[74.1385,34.278],[74.1442,34.2816],[74.1473,34.2807],[74.1498,34.2814],[74.1528,34.2792],[74.1553,34.2798],[74.1607,34.2785],[74.1641,34.2762],[74.169,34.2788],[74.1778,34.2793],[74.1826,34.2827],[74.1866,34.2816],[74.1993,34.2832],[74.2046,34.2853],[74.2089,34.2886],[74.2146,34.2895],[74.2166,34.2921],[74.2192,34.2934],[74.2206,34.2968],[74.2351,34.3045],[74.2503,34.307],[74.2523,34.3082],[74.26,34.3101],[74.265,34.3076],[74.267,34.3084],[74.2701,34.3063],[74.2727,34.3078],[74.2883,34.3129],[74.2925,34.3158],[74.2985,34.3145],[74.3084,34.3181],[74.3115,34.3176],[74.3161,34.3145],[74.3218,34.3125],[74.3221,34.3104],[74.3267,34.3093],[74.3337,34.3105],[74.3435,34.3159],[74.3457,34.3161],[74.347,34.3213],[74.3466,34.3234],[74.354,34.3282],[74.3602,34.3305],[74.3628,34.3307],[74.3684,34.3331],[74.372,34.3364],[74.3769,34.3382],[74.3795,34.3407],[74.3818,34.3488],[74.3878,34.3496],[74.3863,34.3518],[74.3903,34.3571],[74.3887,34.3605],[74.383,34.3629],[74.3779,34.3623],[74.3734,34.3668],[74.3802,34.3718],[74.3821,34.377],[74.3827,34.3837],[74.381,34.3856],[74.3802,34.3892],[74.3784,34.3902],[74.3723,34.3921],[74.3687,34.3922],[74.3626,34.3944],[74.357,34.3957],[74.3499,34.399],[74.3473,34.4095],[74.348,34.4176],[74.3461,34.4236],[74.3502,34.4247],[74.3592,34.4255],[74.3692,34.4297],[74.3783,34.4355],[74.3827,34.4373],[74.3927,34.4375],[74.3989,34.4345],[74.4008,34.4246],[74.4075,34.4156],[74.4158,34.4144],[74.4206,34.4145],[74.428,34.4156],[74.4389,34.4161],[74.4502,34.4158],[74.4546,34.417],[74.4587,34.4212],[74.4622,34.4259],[74.4679,34.4305],[74.473,34.4323],[74.4794,34.4326],[74.4772,34.4374],[74.483,34.4588],[74.4851,34.4625],[74.49,34.4662],[74.5007,34.4725],[74.5137,34.4818],[74.5178,34.4842],[74.5208,34.502],[74.5331,34.5104],[74.5349,34.5121],[74.5323,34.519],[74.5341,34.5294],[74.5314,34.5381],[74.5297,34.5405]]]},"properties":{"id":"in:subdistrict:2","level":"subdistrict","name":"Handwara","code":2,"parent":"in:district:8","state":"in:state:1"}},{"type":"Feature","geometry":{"type":"Polygon","coordinates":[[[74.3302,34.7911],[74.3253,34.7939],[74.3185,34.7937],[74.3131,34.7916],[74.3046,34.7855],[74.2957,34.7777],[74.2865,34.7664],[74.276,34.75],[74.2704,34.7463],[74.2611,34.7415],[74.2499,34.7378],[74.2404,34.7352],[74.2358,34.7327],[74.2276,34.7249],[74.2217,34.7219],[74.2076,34.72],[74.202,34.7174],[74.1817,34.7024],[74.1748,34.6968],[74.1637,34.6904],[74.1539,34.6869],[74.1504,34.6864],[74.1462,34.6833],[74.1451,34.6793],[74.1454,34.6751],[74.1444,34.6727],[74.1374,34.6683],[74.1365,34.6657],[74.1374,34.6599],[74.1366,34.6553],[74.133,34.6518],[74.1195,34.6517],[74.1128,34.6549],[74.1077,34.6595],[74.1014,34.6661],[74.0996,34.6711],[74.0991,34.678],[74.1006,34.6856],[74.1006,34.6891],[74.0954,34.6918],[74.0933,34.69],[74.092,34.6862],[74.0857,34.6841],[74.0774,34.6855],[74.0715,34.6852],[74.0654,34.6831],[74.0514,34.6807],[74.0444,34.6811],[74.0414,34.6826],[74.0366,34.6887],[74.034,34.6928],[74.03,34.6944],[74.0172,34.6943],[74.0075,34.6873],[73.9999,34.6856],[73.9968,34.6832],[73.9878,34.6826],[73.9838,34.6846],[73.9766,34.6863],[73.9704,34.6886],[73.9692,34.6855],[73.9622,34.6766],[73.9561,34.6741],[73.9535,34.6717],[73.9539,34.6693],[73.9568,34.6669],[73.9568,34.6647],[73.9502,34.6598],[73.9483,34.6565],[73.9496,34.6539],[73.9526,34.6528],[73.9528,34.6498],[73.9499,34.648],[73.9407,34.6472],[73.9356,34.6475],[73.9322,34.6446],[73.9316,34.6398],[73.9325,34.6343],[73.9316,34.6314],[73.9321,34.6265],[73.9342,34.6203],[73.9339,34.6149],[73.9312,34.6114],[73.9299,34.6045],[73.9366,34.6018],[73.9457,34.5996],[73.9541,34.5991],[73.9554,34.5975],[73.9527,34.5828],[73.9609,34.5823],[73.9521,34.5695],[73.9567,34.5668],[73.9551,34.5618],[73.9455,34.5544],[73.9404,34.5527],[73.9388,34.5548],[73.9272,34.546],[73.9094,34.5322],[73.905,34.5285],[73.9094,34.5244],[73.9116,34.5199],[73.9054,34.5154],[73.8954,34.5144],[73.8889,34.5001],[73.8882,34.4947],[73.8865,34.4882],[73.884,34.484],[73.8795,34.4795],[73.8789,34.4715],[73.8834,34.4666],[73.8852,34.4623],[73.8848,34.45],[73.8882,34.4504],[73.8903,34.4491],[73.8944,34.4499],[73.8981,34.4474],[73.9025,34.4488],[73.9132,34.4474],[73.9156,34.4464],[73.9216,34.4476],[73.9266,34.4461],[73.9301,34.4466],[73.9348,34.444],[73.9437,34.4428],[73.9474,34.4396],[73.9505,34.4382],[73.955,34.4415],[73.9559,34.4484],[73.9528,34.4525],[73.9527,34.457],[73.9547,34.4604],[73.9547,34.463],[73.9527,34.4735],[73.9551,34.4782],[73.9581,34.4807],[73.9663,34.4892],[73.9708,34.4921],[73.9747,34.4964],[73.9774,34.4982],[73.9814,34.4976],[73.988,34.4952],[73.9901,34.4918],[73.9969,34.4912],[74.0072,34.4923],[74.0136,34.4948],[74.0287,34.4983],[74.0426,34.5057],[74.05,34.5073],[74.0546,34.5074],[74.0634,34.5067],[74.0701,34.5083],[74.0816,34.5071],[74.1008,34.5126],[74.1024,34.5149],[74.0988,34.5184],[74.0981,34.5236],[74.0999,34.5281],[74.103,34.532],[74.108,34.5329],[74.1176,34.5325],[74.1207,34.5318],[74.1243,34.5287],[74.1269,34.529],[74.129,34.5337],[74.1326,34.5394],[74.1359,34.5428],[74.1364,34.5466],[74.1384,34.5475],[74.1428,34.5474],[74.147,34.5489],[74.1563,34.5572],[74.1591,34.5581],[74.1687,34.5589],[74.1739,34.5555],[74.1794,34.5621],[74.1922,34.5637],[74.201,34.5617],[74.2057,34.5632],[74.2072,34.5654],[74.2061,34.5676],[74.2061,34.5715],[74.2167,34.575],[74.2247,34.5791],[74.2308,34.5783],[74.2364,34.5789],[74.2418,34.5803],[74.248,34.5738],[74.2476,34.571],[74.2439,34.5679],[74.2292,34.5624],[74.2284,34.5585],[74.2309,34.5565],[74.2313,34.5532],[74.2305,34.5461],[74.2265,34.5382],[74.2283,34.5342],[74.2327,34.5283],[74.2328,34.5251],[74.236,34.5204],[74.2418,34.5199],[74.2439,34.5221],[74.2471,34.5226],[74.253,34.5214],[74.2588,34.5216],[74.2648,34.5199],[74.2748,34.5144],[74.2774,34.5117],[74.2813,34.5103],[74.2872,34.5051],[74.2886,34.5084],[74.286,34.5148],[74.2865,34.5176],[74.2928,34.52],[74.2959,34.5189],[74.3052,34.5199],[74.3095,34.5214],[74.3174,34.5209],[74.3254,34.525],[74.329,34.5258],[74.3356,34.525],[74.342,34.5225],[74.3423,34.5158],[74.3476,34.5128],[74.3502,34.5132],[74.3667,34.508],[74.3749,34.504],[74.3734,34.4967],[74.3748,34.4953],[74.3846,34.4902],[74.3905,34.489],[74.3977,34.493],[74.4028,34.4907],[74.4051,34.4905],[74.4136,34.4923],[74.4179,34.4943],[74.4244,34.4945],[74.4297,34.4884],[74.4342,34.4878],[74.4441,34.4918],[74.4452,34.4932],[74.4444,34.4968],[74.4477,34.4987],[74.4515,34.499],[74.4536,34.4932],[74.4577,34.4878],[74.4672,34.4804],[74.4769,34.4865],[74.4803,34.4951],[74.4854,34.5016],[74.481,34.505],[74.4792,34.5113],[74.4809,34.5148],[74.4852,34.5177],[74.4893,34.5192],[74.4948,34.5196],[74.498,34.5212],[74.5001,34.5207],[74.5025,34.5227],[74.5046,34.5277],[74.5086,34.5332],[74.5108,34.5351],[74.5148,34.5357],[74.5189,34.5379],[74.5239,34.5385],[74.5297,34.5405],[74.5281,34.5429],[74.5215,34.5496],[74.5217,34.5527],[74.5257,34.561],[74.529,34.5715],[74.5318,34.5749],[74.5332,34.5827],[74.5416,34.5902],[74.5475,34.6045],[74.5477,34.6112],[74.5464,34.6182],[74.5474,34.6242],[74.5589,34.63],[74.5639,34.6404],[74.5652,34.6466],[74.5652,34.654],[74.5637,34.6609],[74.563,34.6677],[74.563,34.674],[74.5667,34.6877],[74.5695,34.6922],[74.5782,34.6993],[74.5865,34.7067],[74.5909,34.7113],[74.598,34.7227],[74.6061,34.7378],[74.5998,34.75],[74.5981,34.7563],[74.5918,34.7653],[74.5817,34.7725],[74.5682,34.7777],[74.5657,34.7783],[74.5448,34.7822],[74.5314,34.7838],[74.5202,34.7831],[74.5132,34.7842],[74.4998,34.7883],[74.4855,34.7833],[74.4818,34.7825],[74.4774,34.7829],[74.4698,34.7857],[74.4621,34.788],[74.4563,34.789],[74.4502,34.7879],[74.4437,34.785],[74.4377,34.7837],[74.4316,34.7838],[74.4274,34.7846],[74.4227,34.787],[74.4167,34.7886],[74.4117,34.7886],[74.4014,34.7852],[74.3966,34.7843],[74.393,34.785],[74.3858,34.7887],[74.3776,34.7908],[74.3727,34.7903],[74.3597,34.7863],[74.3523,34.7852],[74.3415,34.7861],[74.335,34.7878],[74.3302,34.7911]]]},"properties":{"id":"in:subdistrict:1","level":"subdistrict","name":"Kupwara","code":1,"parent":"in:district:8","state":"in:state:1"}},{"type":"Feature","geometry":{"type":"Polygon","coordinates":[[[74.5319,34.3558],[74.5239,34.3614],[74.5219,34.3659],[74.5175,34.3695],[74.5154,34.374],[74.5149,34.3799],[74.5122,34.3826],[74.5119,34.386],[74.5096,34.3874],[74.5087,34.3933],[74.5109,34.394],[74.5098,34.4002],[74.5055,34.4079],[74.4983,34.4153],[74.4913,34.4194],[74.4823,34.43],[74.4794,34.4326],[74.473,34.4323],[74.4679,34.4305],[74.4622,34.4259],[74.4587,34.4212],[74.4546,34.417],[74.4502,34.4158],[74.4389,34.4161],[74.428,34.4156],[74.4206,34.4145],[74.4158,34.4144],[74.4075,34.4156],[74.4008,34.4246],[74.3989,34.4345],[74.3927,34.4375],[74.3827,34.4373],[74.3783,34.4355],[74.3692,34.4297],[74.3592,34.4255],[74.3502,34.4247],[74.3461,34.4236],[74.348,34.4176],[74.3473,34.4095],[74.3499,34.399],[74.357,34.3957],[74.3626,34.3944],[74.3687,34.3922],[74.3723,34.3921],[74.3784,34.3902],[74.3808,34.3937],[74.3856,34.3907],[74.3922,34.3892],[74.3966,34.3832],[74.3978,34.3735],[74.3998,34.3706],[74.4049,34.3666],[74.4059,34.3616],[74.4099,34.3613],[74.415,34.3594],[74.4213,34.3585],[74.4219,34.3547],[74.425,34.35],[74.4271,34.3442],[74.4288,34.3363],[74.4267,34.3295],[74.4287,34.3255],[74.4308,34.3165],[74.4319,34.3048],[74.4293,34.2974],[74.4214,34.2813],[74.4209,34.2771],[74.4183,34.269],[74.4246,34.2677],[74.4313,34.2674],[74.4389,34.2687],[74.4432,34.2662],[74.4432,34.2616],[74.4459,34.2576],[74.4476,34.2536],[74.4497,34.252],[74.45,34.2464],[74.4544,34.2423],[74.4561,34.2373],[74.4607,34.2352],[74.4623,34.2327],[74.4665,34.229],[74.4729,34.2278],[74.4782,34.2275],[74.4899,34.2286],[74.5004,34.2269],[74.5062,34.2238],[74.5046,34.2208],[74.5129,34.2158],[74.5151,34.214],[74.5223,34.2112],[74.5233,34.2223],[74.5249,34.2239],[74.5289,34.2236],[74.5395,34.2183],[74.5483,34.2182],[74.5527,34.2216],[74.556,34.2268],[74.5565,34.2294],[74.5546,34.23],[74.5507,34.2337],[74.5472,34.2384],[74.5389,34.2434],[74.5397,34.2474],[74.5328,34.2558],[74.5318,34.2595],[74.529,34.2641],[74.5268,34.2651],[74.5282,34.2731],[74.5311,34.2804],[74.5292,34.2856],[74.5265,34.2876],[74.5254,34.2954],[74.5219,34.2922],[74.516,34.2892],[74.5105,34.2882],[74.5158,34.2934],[74.521,34.3042],[74.5209,34.3119],[74.5191,34.317],[74.5187,34.3203],[74.5201,34.3269],[74.5222,34.3303],[74.5263,34.3328],[74.529,34.3428],[74.5301,34.3499],[74.5319,34.3558]]]},"properties":{"id":"in:subdistrict:32","level":"subdistrict","name":"Sopore","code":32,"parent":"in:district:3","state":"in:state:1"}},{"type":"Feature","geometry":{"type":"Polygon","coordinates":[[[74.2749,34.2221],[74.2734,34.217],[74.2733,34.2135],[74.2717,34.2078],[74.2818,34.2061],[74.2874,34.2078],[74.289,34.2041],[74.294,34.2003],[74.3008,34.1989],[74.3044,34.2009],[74.307,34.2006],[74.3162,34.1943],[74.3121,34.19],[74.3091,34.1847],[74.3054,34.1832],[74.2973,34.1827],[74.2902,34.1836],[74.2885,34.1847],[74.289,34.1894],[74.288,34.1921],[74.2821,34.1962],[74.2784,34.1934],[74.2786,34.1907],[74.2763,34.1851],[74.2734,34.1832],[74.2747,34.1781],[74.2778,34.1803],[74.2802,34.1767],[74.2828,34.1755],[74.2869,34.1762],[74.2946,34.1741],[74.2989,34.1719],[74.3022,34.1729],[74.3121,34.1698],[74.3163,34.1645],[74.3242,34.1586],[74.3235,34.1566],[74.317,34.151],[74.3141,34.1503],[74.304,34.15],[74.302,34.1486],[74.3122,34.1425],[74.3132,34.1386],[74.3175,34.1338],[74.3207,34.1329],[74.3269,34.1368],[74.3288,34.136],[74.3358,34.1354],[74.342,34.1303],[74.3439,34.1281],[74.3492,34.1266],[74.3651,34.1258],[74.3688,34.1235],[74.3729,34.1253],[74.3786,34.1336],[74.3807,34.1355],[74.3836,34.1406],[74.3826,34.1423],[74.3782,34.144],[74.3725,34.144],[74.3674,34.1462],[74.3524,34.1509],[74.3469,34.1506],[74.3446,34.152],[74.3459,34.155],[74.3557,34.1557],[74.3628,34.1547],[74.3699,34.1571],[74.361,34.1623],[74.3564,34.1637],[74.3565,34.1654],[74.3595,34.1686],[74.3614,34.1678],[74.3694,34.1669],[74.3726,34.1678],[74.3807,34.1713],[74.3825,34.1732],[74.3916,34.1736],[74.3969,34.1753],[74.4085,34.1776],[74.4114,34.1786],[74.4126,34.1767],[74.4107,34.1706],[74.4064,34.167],[74.4076,34.1592],[74.41,34.1606],[74.4111,34.1647],[74.418,34.1672],[74.4172,34.1723],[74.4188,34.1822],[74.4237,34.1899],[74.4264,34.1927],[74.4281,34.1964],[74.4274,34.2006],[74.432,34.2043],[74.4387,34.208],[74.448,34.2086],[74.4519,34.2131],[74.4554,34.2147],[74.4587,34.2131],[74.4621,34.2189],[74.4665,34.229],[74.4623,34.2327],[74.4607,34.2352],[74.4561,34.2373],[74.4544,34.2423],[74.45,34.2464],[74.4497,34.252],[74.4476,34.2536],[74.4459,34.2576],[74.4432,34.2616],[74.4432,34.2662],[74.4389,34.2687],[74.4313,34.2674],[74.4246,34.2677],[74.4183,34.269],[74.4143,34.2687],[74.41,34.263],[74.4067,34.2576],[74.4062,34.253],[74.4073,34.2484],[74.4069,34.2454],[74.4045,34.2425],[74.3997,34.2442],[74.3934,34.2521],[74.3905,34.2549],[74.3895,34.2578],[74.3898,34.2695],[74.3873,34.2723],[74.3843,34.274],[74.3832,34.276],[74.3836,34.282],[74.3813,34.2855],[74.3787,34.2843],[74.3677,34.2764],[74.3653,34.2753],[74.3558,34.2659],[74.3492,34.2613],[74.3462,34.257],[74.3441,34.256],[74.3402,34.2561],[74.338,34.2587],[74.3379,34.261],[74.3332,34.2652],[74.326,34.2627],[74.3229,34.2624],[74.3197,34.264],[74.3173,34.2669],[74.313,34.2702],[74.3098,34.2703],[74.3066,34.2657],[74.3002,34.2582],[74.2938,34.2464],[74.2909,34.244],[74.29,34.2412],[74.2933,34.2398],[74.2988,34.242],[74.3044,34.2455],[74.3113,34.2481],[74.3192,34.2479],[74.323,34.2458],[74.3277,34.2452],[74.3309,34.2436],[74.3361,34.2388],[74.3378,34.236],[74.3455,34.2293],[74.3511,34.2269],[74.3575,34.2218],[74.3577,34.2191],[74.3529,34.217],[74.3496,34.2174],[74.3453,34.2213],[74.3406,34.224],[74.3365,34.2244],[74.3336,34.223],[74.3288,34.2233],[74.3129,34.2275],[74.3043,34.2289],[74.2977,34.2266],[74.2918,34.2231],[74.2884,34.223],[74.2854,34.2217],[74.2783,34.2238],[74.2749,34.2221]]]},"properties":{"id":"in:subdistrict:35","level":"subdistrict","name":"Baramulla","code":35,"parent":"in:district:3","state":"in:state:1"}},{"type":"Feature","geometry":{"type":"Polygon","coordinates":[[[74.4665,34.229],[74.4621,34.2189],[74.4587,34.2131],[74.4554,34.2147],[74.4519,34.2131],[74.448,34.2086],[74.4387,34.208],[74.432,34.2043],[74.4274,34.2006],[74.4281,34.1964],[74.4264,34.1927],[74.4237,34.1899],[74.4188,34.1822],[74.4172,34.1723],[74.418,34.1672],[74.4111,34.1647],[74.41,34.1606],[74.4076,34.1592],[74.4064,34.167],[74.4107,34.1706],[74.4126,34.1767],[74.4114,34.1786],[74.4085,34.1776],[74.3969,34.1753],[74.3916,34.1736],[74.3825,34.1732],[74.3807,34.1713],[74.3726,34.1678],[74.3694,34.1669],[74.3614,34.1678],[74.3595,34.1686],[74.3565,34.1654],[74.3564,34.1637],[74.361,34.1623],[74.3699,34.1571],[74.3628,34.1547],[74.3557,34.1557],[74.3459,34.155],[74.3446,34.152],[74.3469,34.1506],[74.3524,34.1509],[74.3674,34.1462],[74.3725,34.144],[74.3782,34.144],[74.3826,34.1423],[74.3836,34.1406],[74.3807,34.1355],[74.3786,34.1336],[74.3729,34.1253],[74.3688,34.1235],[74.3651,34.1258],[74.3492,34.1266],[74.3439,34.1281],[74.342,34.1303],[74.3358,34.1354],[74.3288,34.136],[74.3269,34.1368],[74.3207,34.1329],[74.3175,34.1338],[74.3132,34.1386],[74.3122,34.1425],[74.302,34.1486],[74.304,34.15],[74.3141,34.1503],[74.317,34.151],[74.3235,34.1566],[74.3242,34.1586],[74.3163,34.1645],[74.3121,34.1698],[74.3022,34.1729],[74.2989,34.1719],[74.2946,34.1741],[74.2869,34.1762],[74.2828,34.1755],[74.2802,34.1767],[74.2778,34.1803],[74.2747,34.1781],[74.2762,34.1725],[74.2755,34.1704],[74.2699,34.1643],[74.2711,34.1593],[74.2664,34.1522],[74.2692,34.1482],[74.2692,34.1418],[74.2674,34.1369],[74.2644,34.135],[74.2629,34.1284],[74.2625,34.1239],[74.2632,34.1194],[74.2659,34.114],[74.2696,34.1091],[74.2667,34.1051],[74.2678,34.1028],[74.2611,34.1006],[74.2603,34.0993],[74.2618,34.091],[74.2603,34.0849],[74.2577,34.0811],[74.2571,34.0754],[74.2597,34.0701],[74.2602,34.0674],[74.257,34.0651],[74.2551,34.0625],[74.2547,34.0556],[74.2566,34.0524],[74.2619,34.0499],[74.2608,34.0438],[74.2594,34.0413],[74.2665,34.0325],[74.2715,34.0302],[74.2765,34.0303],[74.2809,34.0275],[74.29,34.0246],[74.284,34.0335],[74.2864,34.037],[74.2839,34.0431],[74.2841,34.0489],[74.2885,34.0563],[74.2925,34.0614],[74.2975,34.0751],[74.3003,34.0781],[74.3072,34.0757],[74.3093,34.0769],[74.314,34.0768],[74.3181,34.0748],[74.3211,34.0745],[74.3266,34.0709],[74.3302,34.0699],[74.34,34.0708],[74.343,34.0728],[74.3514,34.0738],[74.3542,34.076],[74.3563,34.08],[74.3594,34.0881],[74.3625,34.0896],[74.3647,34.093],[74.369,34.095],[74.3738,34.0947],[74.3774,34.0913],[74.3769,34.089],[74.3788,34.082],[74.3781,34.0774],[74.3828,34.079],[74.3844,34.0815],[74.3844,34.0849],[74.3876,34.0885],[74.391,34.1005],[74.3956,34.1032],[74.3988,34.0987],[74.4092,34.1056],[74.4172,34.1114],[74.4194,34.1148],[74.4274,34.1189],[74.4363,34.119],[74.441,34.1217],[74.4504,34.1287],[74.4539,34.1246],[74.457,34.1287],[74.4563,34.1366],[74.4588,34.1394],[74.4681,34.1419],[74.4711,34.1432],[74.4724,34.1452],[74.4739,34.1511],[74.4739,34.1565],[74.4782,34.1591],[74.4834,34.1564],[74.4871,34.1572],[74.4901,34.159],[74.492,34.1701],[74.4864,34.1714],[74.4862,34.1756],[74.4886,34.1782],[74.4886,34.1803],[74.4834,34.1818],[74.4801,34.1874],[74.4798,34.1953],[74.4865,34.2006],[74.4886,34.204],[74.4862,34.2104],[74.4859,34.2137],[74.4826,34.2132],[74.4806,34.2145],[74.4768,34.22],[74.4729,34.2278],[74.4665,34.229]]]},"properties":{"id":"in:subdistrict:36","level":"subdistrict","name":"Kreeri","code":36,"parent":"in:district:3","state":"in:state:1"}},{"type":"Feature","geometry":{"type":"Polygon","coordinates":[[[74.29,34.0246],[74.2915,34.0199],[74.2959,34.0174],[74.2997,34.018],[74.3028,34.0157],[74.3114,34.0124],[74.3126,34.0103],[74.3106,34.007],[74.3087,34.0017],[74.3058,33.9972],[74.3023,33.9951],[74.3038,33.9923],[74.3049,33.9861],[74.3103,33.9818],[74.3126,33.9784],[74.3159,33.9774],[74.3163,33.974],[74.3131,33.9735],[74.3122,33.9714],[74.3137,33.9674],[74.3185,33.9634],[74.32,33.9573],[74.3227,33.9564],[74.3297,33.956],[74.3311,33.9529],[74.3355,33.9524],[74.3388,33.9543],[74.3463,33.9549],[74.3536,33.9566],[74.3605,33.9537],[74.3627,33.9517],[74.3668,33.9514],[74.374,33.9478],[74.377,33.9494],[74.381,33.947],[74.3874,33.9459],[74.3909,33.9365],[74.395,33.9338],[74.3957,33.9278],[74.3999,33.9237],[74.4045,33.9215],[74.4083,33.9142],[74.4103,33.9122],[74.4094,33.9101],[74.4113,33.9079],[74.4192,33.9084],[74.4223,33.9109],[74.4258,33.9112],[74.426,33.9129],[74.4239,33.9162],[74.4379,33.9202],[74.446,33.9239],[74.4528,33.9291],[74.4599,33.9357],[74.4736,33.9445],[74.4773,33.9518],[74.4744,33.9557],[74.4741,33.9622],[74.4697,33.9687],[74.4728,33.9708],[74.4749,33.9778],[74.4733,33.9841],[74.4689,33.9872],[74.4664,33.9913],[74.4689,33.9989],[74.4751,34.006],[74.4763,34.0061],[74.4814,34.0119],[74.4832,34.0158],[74.4875,34.0179],[74.495,34.0236],[74.4968,34.0269],[74.4967,34.0292],[74.4989,34.0316],[74.4948,34.0338],[74.4849,34.0336],[74.4873,34.0471],[74.4897,34.0475],[74.5011,34.0459],[74.5166,34.0426],[74.5195,34.0406],[74.5245,34.0414],[74.5333,34.0382],[74.539,34.0463],[74.5424,34.0566],[74.5493,34.0614],[74.5583,34.0594],[74.5633,34.0663],[74.5741,34.0733],[74.5836,34.08],[74.588,34.0857],[74.5931,34.0889],[74.6015,34.0952],[74.6076,34.0986],[74.5997,34.1026],[74.5949,34.1031],[74.5889,34.1007],[74.5844,34.1035],[74.582,34.1032],[74.5803,34.1085],[74.5815,34.1118],[74.5802,34.119],[74.5686,34.121],[74.5456,34.1197],[74.5437,34.1193],[74.5406,34.1162],[74.5343,34.1141],[74.5307,34.1172],[74.5283,34.1175],[74.523,34.1149],[74.5179,34.1153],[74.5006,34.1134],[74.4959,34.1161],[74.4966,34.1184],[74.5023,34.1211],[74.4949,34.1233],[74.4828,34.1246],[74.4751,34.1263],[74.4645,34.1266],[74.4621,34.1283],[74.457,34.1287],[74.4539,34.1246],[74.4504,34.1287],[74.441,34.1217],[74.4363,34.119],[74.4274,34.1189],[74.4194,34.1148],[74.4172,34.1114],[74.4092,34.1056],[74.3988,34.0987],[74.3956,34.1032],[74.391,34.1005],[74.3876,34.0885],[74.3844,34.0849],[74.3844,34.0815],[74.3828,34.079],[74.3781,34.0774],[74.3788,34.082],[74.3769,34.089],[74.3774,34.0913],[74.3738,34.0947],[74.369,34.095],[74.3647,34.093],[74.3625,34.0896],[74.3594,34.0881],[74.3563,34.08],[74.3542,34.076],[74.3514,34.0738],[74.343,34.0728],[74.34,34.0708],[74.3302,34.0699],[74.3266,34.0709],[74.3211,34.0745],[74.3181,34.0748],[74.314,34.0768],[74.3093,34.0769],[74.3072,34.0757],[74.3003,34.0781],[74.2975,34.0751],[74.2925,34.0614],[74.2885,34.0563],[74.2841,34.0489],[74.2839,34.0431],[74.2864,34.037],[74.284,34.0335],[74.29,34.0246]]]},"properties":{"id":"in:subdistrict:39","level":"subdistrict","name":"Tangmarg","code":39,"parent":"in:district:3","state":"in:state:1"}},{"type":"Feature","geometry":{"type":"Polygon","coordinates":[[[74.4192,33.9084],[74.4185,33.9046],[74.4168,33.9024],[74.414,33.9011],[74.4124,33.8977],[74.4092,33.8966],[74.4094,33.8949],[74.413,33.8917],[74.4152,33.8882],[74.4131,33.8867],[74.4042,33.8858],[74.4024,33.8832],[74.4036,33.8798],[74.4016,33.8743],[74.4064,33.8691],[74.4082,33.8636],[74.4126,33.8609],[74.4139,33.8565],[74.4102,33.8514],[74.4109,33.844],[74.4132,33.841],[74.4166,33.8383],[74.4181,33.8355],[74.4247,33.8302],[74.4267,33.8297],[74.4335,33.8241],[74.4386,33.8238],[74.4417,33.8245],[74.4428,33.8214],[74.4382,33.8156],[74.4397,33.8113],[74.4422,33.8107],[74.4453,33.8073],[74.4526,33.8045],[74.4544,33.8074],[74.4568,33.8153],[74.4612,33.8341],[74.465,33.8408],[74.4709,33.8464],[74.4765,33.8479],[74.4809,33.8472],[74.4839,33.8443],[74.4858,33.8456],[74.4936,33.8533],[74.5076,33.8631],[74.5148,33.8671],[74.5222,33.8721],[74.5363,33.8772],[74.5397,33.8795],[74.5512,33.8852],[74.5659,33.894],[74.5747,33.8975],[74.5797,33.9004],[74.5901,33.9089],[74.596,33.9156],[74.5999,33.9181],[74.6009,33.9229],[74.6062,33.934],[74.6111,33.9396],[74.6139,33.9402],[74.6217,33.9379],[74.6233,33.9398],[74.6232,33.9448],[74.6243,33.951],[74.6201,33.9475],[74.6093,33.9479],[74.6034,33.9489],[74.5986,33.9504],[74.598,33.9526],[74.5913,33.9519],[74.5876,33.9506],[74.5844,33.9435],[74.5749,33.932],[74.5731,33.933],[74.5642,33.935],[74.5593,33.9326],[74.5581,33.9304],[74.549,33.933],[74.5437,33.9278],[74.5359,33.9294],[74.5314,33.9328],[74.5237,33.9326],[74.5196,33.9316],[74.5194,33.9348],[74.5212,33.9413],[74.5283,33.9516],[74.5269,33.9524],[74.5327,33.9684],[74.5301,33.9687],[74.5327,33.9803],[74.5326,33.9845],[74.5194,33.9838],[74.518,33.9848],[74.5231,33.9927],[74.5177,33.9933],[74.5149,33.9962],[74.5135,33.9991],[74.5208,34.0046],[74.5348,34.0102],[74.5345,34.0189],[74.5351,34.0235],[74.5323,34.0258],[74.5299,34.0235],[74.5175,34.0182],[74.5074,34.0184],[74.5154,34.0238],[74.5231,34.0298],[74.5258,34.0324],[74.5319,34.0364],[74.5333,34.0382],[74.5245,34.0414],[74.5195,34.0406],[74.5166,34.0426],[74.5011,34.0459],[74.4897,34.0475],[74.4873,34.0471],[74.4849,34.0336],[74.4948,34.0338],[74.4989,34.0316],[74.4967,34.0292],[74.4968,34.0269],[74.495,34.0236],[74.4875,34.0179],[74.4832,34.0158],[74.4814,34.0119],[74.4763,34.0061],[74.4751,34.006],[74.4689,33.9989],[74.4664,33.9913],[74.4689,33.9872],[74.4733,33.9841],[74.4749,33.9778],[74.4728,33.9708],[74.4697,33.9687],[74.4741,33.9622],[74.4744,33.9557],[74.4773,33.9518],[74.4736,33.9445],[74.4599,33.9357],[74.4528,33.9291],[74.446,33.9239],[74.4379,33.9202],[74.4239,33.9162],[74.426,33.9129],[74.4258,33.9112],[74.4223,33.9109],[74.4192,33.9084]]]},"properties":{"id":"in:subdistrict:4","level":"subdistrict","name":"Khag","code":4,"parent":"in:district:2","state":"in:state:1"}},{"type":"Feature","geometry":{"type":"Polygon","coordinates":[[[74.2083,34.0011],[74.2115,33.994],[74.2097,33.9918],[74.2123,33.98],[74.2144,33.9671],[74.217,33.9444],[74.2175,33.9347],[74.2221,33.9233],[74.2274,33.9073],[74.2296,33.9038],[74.2391,33.886],[74.2397,33.8815],[74.2357,33.8687],[74.236,33.8614],[74.2345,33.8569],[74.2354,33.8553],[74.2314,33.8519],[74.2287,33.8453],[74.2267,33.8354],[74.2266,33.8298],[74.2207,33.8265],[74.2177,33.8268],[74.2127,33.8305],[74.2036,33.8261],[74.2016,33.8227],[74.2027,33.8201],[74.2018,33.8165],[74.1963,33.811],[74.1946,33.8084],[74.189,33.8047],[74.1875,33.7988],[74.1801,33.7896],[74.1801,33.7867],[74.184,33.786],[74.1889,33.7825],[74.1943,33.7821],[74.1966,33.7908],[74.1988,33.7876],[74.2025,33.7851],[74.2075,33.7832],[74.2088,33.7797],[74.2194,33.7739],[74.2181,33.7703],[74.2101,33.7655],[74.2047,33.7594],[74.1999,33.7557],[74.1959,33.7537],[74.1934,33.7485],[74.193,33.7445],[74.1971,33.7479],[74.2014,33.7502],[74.2148,33.7542],[74.2183,33.7532],[74.2245,33.7546],[74.2273,33.7496],[74.2322,33.744],[74.2384,33.7432],[74.2419,33.7454],[74.2465,33.7451],[74.2475,33.7483],[74.247,33.7534],[74.2559,33.7566],[74.2643,33.7555],[74.2742,33.7555],[74.2791,33.7533],[74.2859,33.7459],[74.2876,33.742],[74.2966,33.7425],[74.3034,33.7421],[74.3108,33.7433],[74.3177,33.7456],[74.3239,33.7494],[74.3277,33.753],[74.3308,33.7529],[74.3373,33.7493],[74.3411,33.7444],[74.3463,33.7438],[74.3534,33.742],[74.3552,33.7404],[74.3639,33.7434],[74.3711,33.7476],[74.3736,33.7534],[74.378,33.7553],[74.3897,33.7587],[74.393,33.7602],[74.3962,33.7582],[74.3983,33.7585],[74.4015,33.7564],[74.4103,33.7557],[74.4148,33.7536],[74.4181,33.7529],[74.4269,33.7548],[74.4299,33.7549],[74.438,33.7524],[74.4373,33.7497],[74.4387,33.7478],[74.4426,33.7479],[74.4479,33.7503],[74.4532,33.7552],[74.4525,33.7599],[74.4499,33.764],[74.4597,33.7705],[74.4637,33.7723],[74.4632,33.7786],[74.4692,33.7827],[74.4694,33.7862],[74.4664,33.7869],[74.4571,33.7965],[74.453,33.8024],[74.4526,33.8045],[74.4453,33.8073],[74.4422,33.8107],[74.4397,33.8113],[74.4382,33.8156],[74.4428,33.8214],[74.4417,33.8245],[74.4386,33.8238],[74.4335,33.8241],[74.4267,33.8297],[74.4247,33.8302],[74.4181,33.8355],[74.4166,33.8383],[74.4132,33.841],[74.4109,33.844],[74.4102,33.8514],[74.4139,33.8565],[74.4126,33.8609],[74.4082,33.8636],[74.4064,33.8691],[74.4016,33.8743],[74.4036,33.8798],[74.4024,33.8832],[74.4042,33.8858],[74.4131,33.8867],[74.4152,33.8882],[74.413,33.8917],[74.4094,33.8949],[74.4092,33.8966],[74.4124,33.8977],[74.414,33.9011],[74.4168,33.9024],[74.4185,33.9046],[74.4192,33.9084],[74.4113,33.9079],[74.4094,33.9101],[74.4103,33.9122],[74.4083,33.9142],[74.4045,33.9215],[74.3999,33.9237],[74.3957,33.9278],[74.395,33.9338],[74.3909,33.9365],[74.3874,33.9459],[74.381,33.947],[74.377,33.9494],[74.374,33.9478],[74.3668,33.9514],[74.3627,33.9517],[74.3605,33.9537],[74.3536,33.9566],[74.3463,33.9549],[74.3388,33.9543],[74.3355,33.9524],[74.3311,33.9529],[74.3297,33.956],[74.3227,33.9564],[74.32,33.9573],[74.3185,33.9634],[74.3137,33.9674],[74.3122,33.9714],[74.3131,33.9735],[74.3163,33.974],[74.3159,33.9774],[74.3126,33.9784],[74.3103,33.9818],[74.3049,33.9861],[74.3038,33.9923],[74.3023,33.9951],[74.2977,33.9958],[74.2821,33.9928],[74.2785,33.9909],[74.2761,33.9865],[74.2714,33.9866],[74.2704,33.9897],[74.2675,33.9904],[74.2673,33.9931],[74.2643,33.9954],[74.2632,33.9987],[74.2567,33.9993],[74.2556,34.0032],[74.2358,34.0026],[74.2183,34.0022],[74.2083,34.0011]]]},"properties":{"id":"in:subdistrict:17","level":"subdistrict","name":"Mandi","code":17,"parent":"in:district:10","state":"in:state:1"}},{"type":"Feature","geometry":{"type":"Polygon","coordinates":[[[73.9542,34.1482],[73.9625,34.1462],[73.975,34.1416],[73.9808,34.1405],[73.9989,34.1355],[74.0031,34.135],[74.0104,34.1329],[74.0232,34.1301],[74.0274,34.1307],[74.0293,34.1284],[74.0377,34.1258],[74.0398,34.1272],[74.0391,34.1312],[74.0354,34.1402],[74.0315,34.1447],[74.0284,34.1467],[74.027,34.1517],[74.0271,34.1582],[74.028,34.1615],[74.0313,34.1617],[74.0341,34.1643],[74.0364,34.1598],[74.0334,34.1596],[74.0317,34.1575],[74.0335,34.1536],[74.0391,34.1539],[74.0411,34.1526],[74.0441,34.1479],[74.0477,34.1478],[74.0501,34.1501],[74.0524,34.1561],[74.0551,34.1564],[74.0581,34.1526],[74.055,34.1463],[74.055,34.1427],[74.0565,34.1391],[74.055,34.129],[74.0581,34.1293],[74.0578,34.1324],[74.0602,34.1477],[74.0625,34.1497],[74.0646,34.1461],[74.067,34.1439],[74.0729,34.1342],[74.0794,34.1279],[74.0827,34.1293],[74.0808,34.1341],[74.0838,34.1364],[74.0864,34.1364],[74.0929,34.1406],[74.0978,34.1415],[74.1018,34.1438],[74.1055,34.1404],[74.1117,34.1396],[74.112,34.1363],[74.1157,34.1337],[74.1136,34.1305],[74.1143,34.127],[74.1114,34.1242],[74.1087,34.1239],[74.1048,34.1192],[74.0961,34.122],[74.0946,34.1238],[74.0884,34.125],[74.0825,34.123],[74.0789,34.1201],[74.0761,34.1198],[74.0697,34.1172],[74.0664,34.1178],[74.0656,34.1142],[74.0637,34.114],[74.0542,34.1182],[74.0502,34.1173],[74.061,34.1065],[74.0662,34.1037],[74.0632,34.1018],[74.0633,34.0999],[74.0603,34.097],[74.0573,34.0962],[74.0545,34.0936],[74.0538,34.0906],[74.0502,34.0895],[74.0452,34.0864],[74.0453,34.0848],[74.0422,34.0823],[74.0392,34.0817],[74.0368,34.0783],[74.0411,34.0769],[74.0402,34.0728],[74.0485,34.0764],[74.0603,34.0778],[74.0703,34.0782],[74.0788,34.0824],[74.0827,34.0838],[74.0933,34.0852],[74.1053,34.0863],[74.1112,34.0883],[74.1194,34.087],[74.1265,34.0838],[74.1277,34.0818],[74.1321,34.0782],[74.1424,34.067],[74.1437,34.0642],[74.1413,34.0589],[74.1357,34.0561],[74.1353,34.0537],[74.1423,34.0505],[74.1465,34.0469],[74.1475,34.0396],[74.1505,34.0386],[74.1515,34.0362],[74.1569,34.0336],[74.1653,34.0339],[74.1679,34.033],[74.175,34.0267],[74.1856,34.0257],[74.1915,34.029],[74.1936,34.0323],[74.1981,34.0342],[74.2118,34.0346],[74.2235,34.0302],[74.23,34.0264],[74.2351,34.025],[74.2446,34.0245],[74.2512,34.0193],[74.2556,34.0032],[74.2567,33.9993],[74.2632,33.9987],[74.2643,33.9954],[74.2673,33.9931],[74.2675,33.9904],[74.2704,33.9897],[74.2714,33.9866],[74.2761,33.9865],[74.2785,33.9909],[74.2821,33.9928],[74.2977,33.9958],[74.3023,33.9951],[74.3058,33.9972],[74.3087,34.0017],[74.3106,34.007],[74.3126,34.0103],[74.3114,34.0124],[74.3028,34.0157],[74.2997,34.018],[74.2959,34.0174],[74.2915,34.0199],[74.29,34.0246],[74.2809,34.0275],[74.2765,34.0303],[74.2715,34.0302],[74.2665,34.0325],[74.2594,34.0413],[74.2608,34.0438],[74.2619,34.0499],[74.2566,34.0524],[74.2547,34.0556],[74.2551,34.0625],[74.257,34.0651],[74.2602,34.0674],[74.2597,34.0701],[74.2571,34.0754],[74.2577,34.0811],[74.2603,34.0849],[74.2618,34.091],[74.2603,34.0993],[74.2611,34.1006],[74.2678,34.1028],[74.2667,34.1051],[74.2696,34.1091],[74.2659,34.114],[74.2632,34.1194],[74.2625,34.1239],[74.2629,34.1284],[74.2644,34.135],[74.2674,34.1369],[74.2692,34.1418],[74.2692,34.1482],[74.2664,34.1522],[74.2711,34.1593],[74.2699,34.1643],[74.2755,34.1704],[74.2762,34.1725],[74.2747,34.1781],[74.2734,34.1832],[74.2763,34.1851],[74.2786,34.1907],[74.2784,34.1934],[74.2821,34.1962],[74.288,34.1921],[74.289,34.1894],[74.2885,34.1847],[74.2902,34.1836],[74.2973,34.1827],[74.3054,34.1832],[74.3091,34.1847],[74.3121,34.19],[74.3162,34.1943],[74.307,34.2006],[74.3044,34.2009],[74.3008,34.1989],[74.294,34.2003],[74.289,34.2041],[74.2874,34.2078],[74.2818,34.2061],[74.2717,34.2078],[74.2733,34.2135],[74.2734,34.217],[74.2749,34.2221],[74.2726,34.2258],[74.2667,34.2277],[74.2505,34.2259],[74.2456,34.2219],[74.2431,34.2245],[74.2378,34.2249],[74.2347,34.2282],[74.2294,34.2305],[74.228,34.2332],[74.2203,34.2337],[74.2136,34.2359],[74.2068,34.2351],[74.202,34.2316],[74.1978,34.2314],[74.1948,34.2294],[74.1896,34.2238],[74.1797,34.2221],[74.1749,34.2251],[74.1726,34.2296],[74.1654,34.2331],[74.158,34.2336],[74.1529,34.237],[74.1498,34.2376],[74.1477,34.2411],[74.1444,34.2433],[74.138,34.2435],[74.1324,34.2468],[74.1289,34.2468],[74.1199,34.2415],[74.1156,34.2408],[74.1145,34.2438],[74.1068,34.2445],[74.1008,34.2468],[74.0931,34.2524],[74.0879,34.2545],[74.0836,34.2539],[74.0793,34.2547],[74.0788,34.2577],[74.0763,34.2603],[74.0636,34.263],[74.0596,34.2615],[74.0545,34.2611],[74.0483,34.2582],[74.0421,34.2587],[74.0386,34.2567],[74.0357,34.2582],[74.036,34.2495],[74.0325,34.248],[74.0273,34.2446],[74.0229,34.2446],[74.0197,34.2465],[74.015,34.2465],[74.0096,34.2483],[73.9956,34.2576],[73.9897,34.2597],[73.9833,34.258],[73.9927,34.246],[73.9978,34.2383],[74.0001,34.234],[74.0043,34.232],[74.0062,34.2297],[74.0078,34.2224],[74.0071,34.2157],[74.0001,34.2135],[73.9982,34.2106],[73.9982,34.2031],[74.0003,34.1986],[74.0052,34.1937],[74.0042,34.1894],[74,34.1853],[73.9987,34.1822],[73.9926,34.1755],[73.9827,34.1673],[73.9777,34.1648],[73.9691,34.1589],[73.9639,34.1537],[73.9573,34.1493],[73.9542,34.1482]]]},"properties":{"id":"in:subdistrict:38","level":"subdistrict","name":"Boniyar","code":38,"parent":"in:district:3","state":"in:state:1"}},{"type":"Feature","geometry":{"type":"Polygon","coordinates":[[[74.1475,34.0396],[74.1465,34.0469],[74.1423,34.0505],[74.1353,34.0537],[74.1357,34.0561],[74.1413,34.0589],[74.1437,34.0642],[74.1424,34.067],[74.1321,34.0782],[74.1277,34.0818],[74.1265,34.0838],[74.1194,34.087],[74.1112,34.0883],[74.1053,34.0863],[74.0933,34.0852],[74.0827,34.0838],[74.0788,34.0824],[74.0703,34.0782],[74.0603,34.0778],[74.0485,34.0764],[74.0402,34.0728],[74.0411,34.0769],[74.0368,34.0783],[74.0392,34.0817],[74.0422,34.0823],[74.0453,34.0848],[74.0452,34.0864],[74.0502,34.0895],[74.0538,34.0906],[74.0545,34.0936],[74.0573,34.0962],[74.0603,34.097],[74.0633,34.0999],[74.0632,34.1018],[74.0662,34.1037],[74.061,34.1065],[74.0502,34.1173],[74.0542,34.1182],[74.0637,34.114],[74.0656,34.1142],[74.0664,34.1178],[74.0697,34.1172],[74.0761,34.1198],[74.0789,34.1201],[74.0825,34.123],[74.0884,34.125],[74.0946,34.1238],[74.0961,34.122],[74.1048,34.1192],[74.1087,34.1239],[74.1114,34.1242],[74.1143,34.127],[74.1136,34.1305],[74.1157,34.1337],[74.112,34.1363],[74.1117,34.1396],[74.1055,34.1404],[74.1018,34.1438],[74.0978,34.1415],[74.0929,34.1406],[74.0864,34.1364],[74.0838,34.1364],[74.0808,34.1341],[74.0827,34.1293],[74.0794,34.1279],[74.0729,34.1342],[74.067,34.1439],[74.0646,34.1461],[74.0625,34.1497],[74.0602,34.1477],[74.0578,34.1324],[74.0581,34.1293],[74.055,34.129],[74.0565,34.1391],[74.055,34.1427],[74.055,34.1463],[74.0581,34.1526],[74.0551,34.1564],[74.0524,34.1561],[74.0501,34.1501],[74.0477,34.1478],[74.0441,34.1479],[74.0411,34.1526],[74.0391,34.1539],[74.0335,34.1536],[74.0317,34.1575],[74.0334,34.1596],[74.0364,34.1598],[74.0341,34.1643],[74.0313,34.1617],[74.028,34.1615],[74.0271,34.1582],[74.027,34.1517],[74.0284,34.1467],[74.0315,34.1447],[74.0354,34.1402],[74.0391,34.1312],[74.0398,34.1272],[74.0377,34.1258],[74.0293,34.1284],[74.0274,34.1307],[74.0232,34.1301],[74.0104,34.1329],[74.0031,34.135],[73.9989,34.1355],[73.9808,34.1405],[73.975,34.1416],[73.9625,34.1462],[73.9542,34.1482],[73.951,34.1478],[73.9439,34.145],[73.9363,34.1439],[73.9326,34.1425],[73.9288,34.1383],[73.9308,34.1331],[73.9308,34.1304],[73.9278,34.1284],[73.9268,34.1215],[73.9285,34.1179],[73.9284,34.1151],[73.9267,34.11],[73.9259,34.1046],[73.9235,34.1031],[73.9181,34.1058],[73.912,34.1054],[73.9072,34.1063],[73.9047,34.1055],[73.9037,34.1016],[73.9044,34.0974],[73.9015,34.0889],[73.8997,34.0791],[73.896,34.0765],[73.8954,34.0745],[73.8916,34.0722],[73.8905,34.0687],[73.8906,34.0631],[73.8953,34.0598],[73.8971,34.0534],[73.9015,34.047],[73.9081,34.0423],[73.9144,34.0401],[73.9181,34.04],[73.9228,34.0342],[73.9323,34.0276],[73.9344,34.0243],[73.9385,34.0206],[73.9496,34.0162],[73.9543,34.015],[73.9588,34.0148],[73.9671,34.0111],[73.9693,34.0128],[73.9741,34.0131],[73.9779,34.0146],[73.9823,34.0127],[73.9872,34.0124],[73.9961,34.0189],[74,34.0188],[74.0042,34.0167],[74.0133,34.0085],[74.0167,34.0032],[74.0246,34],[74.027,34.008],[74.0288,34.0119],[74.032,34.0146],[74.037,34.0171],[74.0446,34.0189],[74.0498,34.0166],[74.0513,34.0139],[74.0551,34.0136],[74.0658,34.0209],[74.068,34.0218],[74.0733,34.0213],[74.0771,34.0193],[74.0825,34.0176],[74.0918,34.0175],[74.0958,34.0202],[74.1009,34.033],[74.1034,34.037],[74.1054,34.0387],[74.1123,34.035],[74.1205,34.0366],[74.1212,34.048],[74.1234,34.048],[74.1361,34.0428],[74.1475,34.0396]]]},"properties":{"id":"in:subdistrict:37","level":"subdistrict","name":"Uri","code":37,"parent":"in:district:3","state":"in:state:1"}},{"type":"Feature","geometry":{"type":"Polygon","coordinates":[[[73.4933,34.1465],[73.491,34.1411],[73.4917,34.138],[73.4964,34.1338],[73.4971,34.1309],[73.4944,34.1247],[73.4964,34.1195],[73.4983,34.1123],[73.4976,34.1049],[73.5007,34.0988],[73.5013,34.094],[73.4992,34.0877],[73.5002,34.0808],[73.5001,34.0733],[73.506,34.0679],[73.5078,34.0649],[73.509,34.0579],[73.5106,34.0545],[73.5114,34.0494],[73.5118,34.0398],[73.5114,34.0326],[73.5121,34.0307],[73.5179,34.0218],[73.5182,34.0148],[73.5166,34.0049],[73.5165,33.9988],[73.5189,33.9963],[73.5261,33.9914],[73.5278,33.9881],[73.5291,33.9823],[73.5322,33.9782],[73.5325,33.9722],[73.5364,33.9652],[73.5368,33.9592],[73.5378,33.9563],[73.5454,33.9438],[73.5476,33.9369],[73.5501,33.9338],[73.5577,33.9299],[73.5613,33.9227],[73.5661,33.9179],[73.5712,33.9149],[73.5798,33.9076],[73.5844,33.905],[73.5909,33.8975],[73.5928,33.8938],[73.5935,33.8898],[73.5933,33.8788],[73.5878,33.8744],[73.5868,33.8709],[73.5876,33.8633],[73.5872,33.8607],[73.578,33.8475],[73.576,33.8394],[73.5764,33.8304],[73.5747,33.8225],[73.5697,33.8153],[73.5688,33.8123],[73.5668,33.8],[73.5619,33.7892],[73.5601,33.7845],[73.5599,33.7813],[73.5638,33.775],[73.5696,33.7721],[73.5719,33.7694],[73.5726,33.766],[73.5748,33.7633],[73.584,33.7601],[73.5889,33.7555],[73.5917,33.7542],[73.5946,33.7512],[73.5968,33.7471],[73.5965,33.7434],[73.5987,33.7359],[73.603,33.7285],[73.6036,33.7257],[73.6031,33.7151],[73.6,33.7076],[73.5982,33.7015],[73.6,33.6983],[73.6019,33.6903],[73.6134,33.6803],[73.6179,33.6711],[73.6294,33.6643],[73.6337,33.6603],[73.6361,33.6524],[73.6396,33.6467],[73.6487,33.6434],[73.6595,33.6374],[73.6707,33.6372],[73.6898,33.6316],[73.6953,33.6281],[73.7002,33.6216],[73.7112,33.6112],[73.7114,33.6058],[73.7173,33.602],[73.7261,33.5955],[73.7268,33.5902],[73.7318,33.5818],[73.7367,33.5784],[73.7409,33.5789],[73.744,33.5844],[73.7478,33.596],[73.7458,33.6111],[73.745,33.6195],[73.7492,33.62],[73.7616,33.6158],[73.7729,33.6108],[73.7797,33.6118],[73.7876,33.6169],[73.7918,33.6201],[73.8003,33.6203],[73.812,33.6178],[73.8185,33.6148],[73.8302,33.5978],[73.8384,33.5913],[73.8518,33.5867],[73.8591,33.5895],[73.8696,33.5959],[73.8739,33.6021],[73.8803,33.6026],[73.8873,33.5961],[73.8933,33.5962],[73.9086,33.5975],[73.9166,33.5976],[73.9276,33.601],[73.9344,33.6078],[73.939,33.6141],[73.952,33.6202],[73.9661,33.6156],[73.9753,33.6069],[73.9893,33.6018],[74.0054,33.5986],[74.0169,33.6026],[74.0095,33.6169],[74.008,33.624],[74.0078,33.6304],[74.0022,33.6348],[73.9948,33.6558],[73.9945,33.6658],[73.9929,33.6744],[73.9928,33.6846],[73.9921,33.694],[73.9906,33.7046],[73.9863,33.7119],[73.985,33.7243],[73.9913,33.7391],[74.024,33.8129],[74.0308,33.8162],[74.0428,33.8342],[74.0471,33.8373],[74.0574,33.8408],[74.0654,33.8428],[74.0689,33.8451],[74.0756,33.8432],[74.0787,33.8455],[74.0957,33.8439],[74.115,33.8428],[74.1348,33.8464],[74.1637,33.8687],[74.1839,33.8849],[74.2039,33.8992],[74.2055,33.8967],[74.2082,33.8957],[74.2127,33.8956],[74.2169,33.8924],[74.222,33.8866],[74.227,33.8829],[74.2285,33.8809],[74.2296,33.8765],[74.2321,33.8748],[74.2335,33.87],[74.2327,33.8627],[74.2331,33.857],[74.2345,33.8569],[74.236,33.8614],[74.2357,33.8687],[74.2397,33.8815],[74.2391,33.886],[74.2296,33.9038],[74.2274,33.9073],[74.2221,33.9233],[74.2175,33.9347],[74.217,33.9444],[74.2144,33.9671],[74.2123,33.98],[74.2097,33.9918],[74.2115,33.994],[74.2083,34.0011],[74.2053,34.0007],[74.1987,33.9977],[74.1913,33.9923],[74.1855,33.9895],[74.1751,33.9902],[74.1648,33.9929],[74.1556,33.9981],[74.1444,34.0014],[74.1301,34.0008],[74.1141,33.9916],[74.1102,33.9855],[74.1027,33.9815],[74.0906,33.9798],[74.0848,33.978],[74.0788,33.9742],[74.0645,33.9669],[74.0551,33.9626],[74.0371,33.9561],[74.0284,33.9568],[74.0204,33.9604],[74.0094,33.9606],[74.0058,33.9651],[74.0052,33.9723],[74.0019,33.9798],[73.9941,33.9862],[73.9786,33.9907],[73.9581,33.9949],[73.9477,34.0029],[73.9359,34.0126],[73.9247,34.0207],[73.9185,34.023],[73.905,34.0249],[73.896,34.0256],[73.8879,34.0271],[73.8828,34.0287],[73.8739,34.0346],[73.8572,34.0579],[73.8488,34.0704],[73.8408,34.0758],[73.8273,34.0806],[73.8089,34.0831],[73.7936,34.083],[73.791,34.0872],[73.7884,34.0826],[73.7642,34.0788],[73.7529,34.0782],[73.7427,34.0762],[73.7263,34.0761],[73.715,34.0766],[73.6973,34.0762],[73.6906,34.0658],[73.6843,34.0608],[73.6775,34.0588],[73.6662,34.0563],[73.6531,34.0552],[73.6421,34.0573],[73.6354,34.0601],[73.6244,34.0729],[73.6217,34.0771],[73.6209,34.081],[73.6182,34.0841],[73.6148,34.0823],[73.6116,34.0793],[73.6117,34.0713],[73.6086,34.0681],[73.6048,34.0665],[73.6008,34.0667],[73.5927,34.0736],[73.5902,34.0803],[73.5859,34.0857],[73.5798,34.0921],[73.5694,34.0977],[73.557,34.1066],[73.5465,34.1163],[73.5408,34.1235],[73.5375,34.1331],[73.5348,34.1359],[73.5288,34.144],[73.5164,34.1463],[73.5084,34.1435],[73.5022,34.1444],[73.4933,34.1465]]]},"properties":{"id":"in:subdistrict:x10-unnamed","level":"subdistrict","name":"Unnamed sub-district","code":0,"parent":"in:district:10","state":"in:state:1"}},{"type":"Feature","geometry":{"type":"Polygon","coordinates":[[[74.2345,33.8569],[74.2331,33.857],[74.2327,33.8627],[74.2335,33.87],[74.2321,33.8748],[74.2296,33.8765],[74.2285,33.8809],[74.227,33.8829],[74.222,33.8866],[74.2169,33.8924],[74.2127,33.8956],[74.2082,33.8957],[74.2055,33.8967],[74.2039,33.8992],[74.1839,33.8849],[74.1637,33.8687],[74.1348,33.8464],[74.115,33.8428],[74.0957,33.8439],[74.0787,33.8455],[74.0756,33.8432],[74.0689,33.8451],[74.0654,33.8428],[74.0574,33.8408],[74.0471,33.8373],[74.0428,33.8342],[74.0308,33.8162],[74.024,33.8129],[73.9913,33.7391],[73.985,33.7243],[73.9984,33.7123],[74.0018,33.7111],[74.0088,33.7135],[74.012,33.712],[74.0172,33.7133],[74.0196,33.7127],[74.0235,33.7149],[74.0261,33.7129],[74.0298,33.7118],[74.0331,33.7092],[74.0408,33.7079],[74.0468,33.7034],[74.0575,33.7071],[74.0564,33.7138],[74.0572,33.7151],[74.051,33.7229],[74.0483,33.7248],[74.0494,33.7279],[74.0567,33.7272],[74.0606,33.7223],[74.0657,33.7202],[74.0656,33.7107],[74.0671,33.7051],[74.0722,33.7015],[74.0793,33.6991],[74.0829,33.7013],[74.0924,33.7004],[74.0982,33.7079],[74.1029,33.7082],[74.1112,33.7133],[74.1151,33.711],[74.1206,33.7095],[74.1219,33.7079],[74.1287,33.7026],[74.133,33.7005],[74.1348,33.7017],[74.1397,33.7024],[74.1471,33.7004],[74.1496,33.6989],[74.164,33.6995],[74.1684,33.694],[74.1722,33.7034],[74.1702,33.7208],[74.1687,33.7278],[74.1663,33.7348],[74.162,33.7444],[74.1638,33.7457],[74.1704,33.7449],[74.1784,33.7453],[74.1858,33.7438],[74.193,33.7445],[74.1934,33.7485],[74.1959,33.7537],[74.1999,33.7557],[74.2047,33.7594],[74.2101,33.7655],[74.2181,33.7703],[74.2194,33.7739],[74.2088,33.7797],[74.2075,33.7832],[74.2025,33.7851],[74.1988,33.7876],[74.1966,33.7908],[74.1943,33.7821],[74.1889,33.7825],[74.184,33.786],[74.1801,33.7867],[74.1801,33.7896],[74.1875,33.7988],[74.189,33.8047],[74.1946,33.8084],[74.1963,33.811],[74.2018,33.8165],[74.2027,33.8201],[74.2016,33.8227],[74.2036,33.8261],[74.2127,33.8305],[74.2177,33.8268],[74.2207,33.8265],[74.2266,33.8298],[74.2267,33.8354],[74.2287,33.8453],[74.2314,33.8519],[74.2354,33.8553],[74.2345,33.8569]]]},"properties":{"id":"in:subdistrict:16","level":"subdistrict","name":"Haveli","code":16,"parent":"in:district:10","state":"in:state:1"}},{"type":"Feature","geometry":{"type":"Polygon","coordinates":[[[74.2954,33.5525],[74.2926,33.5506],[74.2858,33.5475],[74.2821,33.5508],[74.2788,33.5511],[74.2774,33.5475],[74.2647,33.5516],[74.2592,33.5501],[74.254,33.5426],[74.2487,33.5537],[74.2458,33.5557],[74.2427,33.5554],[74.2355,33.5512],[74.2254,33.5502],[74.2223,33.5521],[74.2142,33.5485],[74.2107,33.5461],[74.2107,33.5413],[74.2077,33.5376],[74.2079,33.5346],[74.2121,33.5308],[74.2153,33.5205],[74.2168,33.5173],[74.222,33.5148],[74.226,33.5094],[74.2278,33.505],[74.2271,33.499],[74.2276,33.4931],[74.227,33.4894],[74.2231,33.4849],[74.2189,33.4829],[74.217,33.4778],[74.2167,33.4715],[74.2124,33.4642],[74.2104,33.459],[74.2059,33.4525],[74.2048,33.4489],[74.1985,33.4455],[74.1924,33.4344],[74.1864,33.4292],[74.183,33.4278],[74.1863,33.4233],[74.1845,33.4206],[74.1747,33.4123],[74.17,33.4124],[74.1636,33.4103],[74.1607,33.41],[74.1562,33.4045],[74.1517,33.4027],[74.1492,33.3998],[74.1438,33.3977],[74.1381,33.3969],[74.1373,33.3958],[74.1384,33.391],[74.1425,33.3839],[74.1444,33.3762],[74.1443,33.3727],[74.1478,33.3678],[74.1553,33.3652],[74.1666,33.3574],[74.1655,33.3512],[74.1639,33.348],[74.16,33.3498],[74.1488,33.3423],[74.1457,33.3371],[74.141,33.3346],[74.1419,33.3323],[74.1474,33.3279],[74.1503,33.3218],[74.1501,33.3196],[74.147,33.3172],[74.1427,33.3124],[74.1371,33.3074],[74.1245,33.3014],[74.1203,33.2999],[74.1093,33.2946],[74.0917,33.2848],[74.0821,33.2848],[74.0716,33.2831],[74.0595,33.2779],[74.0497,33.2744],[74.0442,33.2702],[74.0354,33.2656],[74.0235,33.2625],[74.0202,33.261],[74.0146,33.2571],[74.0059,33.2496],[74.0056,33.2464],[74.0028,33.2421],[74.0021,33.2379],[74.0025,33.2344],[74.0065,33.2318],[74.006,33.229],[74.0079,33.2243],[74.0055,33.2234],[74.0071,33.2187],[74.0063,33.2158],[74.0165,33.2119],[74.0174,33.2041],[74.0242,33.2034],[74.0283,33.1998],[74.0359,33.1962],[74.0398,33.1971],[74.0458,33.2006],[74.0501,33.2004],[74.0522,33.1941],[74.059,33.1958],[74.0621,33.1977],[74.0681,33.1954],[74.0849,33.1998],[74.0886,33.2022],[74.0996,33.2059],[74.1032,33.2103],[74.1108,33.2135],[74.1209,33.2152],[74.1228,33.2233],[74.1243,33.2263],[74.1299,33.2338],[74.1339,33.2436],[74.15,33.2527],[74.1574,33.2502],[74.1578,33.2554],[74.1624,33.2655],[74.177,33.2671],[74.182,33.2744],[74.1935,33.2757],[74.2045,33.281],[74.21,33.2792],[74.2135,33.2745],[74.2127,33.266],[74.2115,33.2599],[74.2087,33.2506],[74.2137,33.2441],[74.2167,33.2438],[74.2197,33.2404],[74.2205,33.2379],[74.2182,33.2353],[74.216,33.2272],[74.2177,33.2188],[74.2219,33.2166],[74.2269,33.2127],[74.2286,33.2081],[74.2351,33.2047],[74.2467,33.2032],[74.2502,33.2046],[74.2552,33.204],[74.265,33.2051],[74.2693,33.206],[74.2739,33.2092],[74.2778,33.209],[74.2809,33.2078],[74.2871,33.21],[74.2905,33.2119],[74.2962,33.2197],[74.3034,33.2308],[74.311,33.2355],[74.3141,33.237],[74.3223,33.2376],[74.3262,33.2395],[74.3336,33.2402],[74.3361,33.2411],[74.3412,33.2475],[74.3432,33.2508],[74.3488,33.2527],[74.3541,33.2517],[74.3573,33.2479],[74.3646,33.244],[74.3697,33.2391],[74.3702,33.2475],[74.3685,33.2522],[74.3747,33.2545],[74.3785,33.2528],[74.3828,33.2562],[74.3896,33.2549],[74.39,33.2591],[74.3925,33.2672],[74.3924,33.271],[74.394,33.2732],[74.3969,33.2735],[74.3999,33.2754],[74.4096,33.267],[74.4133,33.265],[74.4168,33.2615],[74.4172,33.2549],[74.4241,33.252],[74.4294,33.2536],[74.4324,33.2577],[74.4329,33.2645],[74.4353,33.2668],[74.4466,33.2749],[74.4602,33.2756],[74.4637,33.2763],[74.4699,33.2799],[74.4783,33.2827],[74.4819,33.2828],[74.4823,33.285],[74.4858,33.2887],[74.4897,33.2906],[74.4921,33.2932],[74.4914,33.2949],[74.4946,33.3062],[74.4962,33.3087],[74.4956,33.3106],[74.4927,33.3108],[74.4817,33.3075],[74.4739,33.3039],[74.4707,33.3045],[74.4594,33.304],[74.4556,33.3064],[74.4516,33.3074],[74.4436,33.3037],[74.4408,33.3039],[74.4381,33.3062],[74.4353,33.307],[74.4332,33.3094],[74.4329,33.3132],[74.4346,33.3167],[74.4374,33.3185],[74.4397,33.3234],[74.44,33.3284],[74.4395,33.3336],[74.4434,33.3448],[74.4471,33.3476],[74.4482,33.3534],[74.4456,33.3597],[74.4458,33.3611],[74.4497,33.3658],[74.4535,33.3662],[74.4547,33.3698],[74.4524,33.3737],[74.4546,33.3776],[74.4582,33.3781],[74.4584,33.3747],[74.4617,33.3687],[74.464,33.3681],[74.4677,33.3705],[74.4706,33.3706],[74.4779,33.3671],[74.4842,33.3716],[74.4906,33.3773],[74.4887,33.3894],[74.4886,33.3923],[74.4944,33.3999],[74.4996,33.4046],[74.5004,33.4073],[74.4979,33.4106],[74.4946,33.4112],[74.4906,33.4079],[74.4872,33.4023],[74.4812,33.3972],[74.4744,33.3938],[74.4707,33.3897],[74.4672,33.3895],[74.4562,33.3933],[74.4497,33.3917],[74.4467,33.3895],[74.4444,33.3918],[74.4451,33.3971],[74.4424,33.4013],[74.4396,33.401],[74.4351,33.3986],[74.4307,33.3991],[74.4258,33.3964],[74.4214,33.3959],[74.4147,33.399],[74.4151,33.4032],[74.413,33.4077],[74.4115,33.4054],[74.4117,33.4025],[74.4076,33.4024],[74.406,33.4005],[74.4075,33.397],[74.4008,33.3958],[74.3976,33.3922],[74.3976,33.3867],[74.3918,33.3867],[74.3875,33.3845],[74.3816,33.3873],[74.3792,33.3872],[74.3784,33.393],[74.3756,33.3938],[74.3714,33.3912],[74.368,33.3879],[74.366,33.3887],[74.3666,33.3918],[74.37,33.3963],[74.3813,33.4055],[74.3736,33.4132],[74.3718,33.4122],[74.3663,33.4054],[74.3624,33.4021],[74.3536,33.3997],[74.3438,33.4022],[74.3393,33.4073],[74.3349,33.4104],[74.3302,33.4107],[74.3262,33.4096],[74.3267,33.4134],[74.3252,33.4176],[74.3218,33.4227],[74.3159,33.4297],[74.3128,33.4317],[74.3091,33.4393],[74.3088,33.4501],[74.313,33.4541],[74.3167,33.4596],[74.3173,33.4622],[74.315,33.4653],[74.3077,33.4708],[74.3081,33.4733],[74.3072,33.4788],[74.305,33.4871],[74.3066,33.4881],[74.3103,33.4872],[74.3166,33.4844],[74.3145,33.4942],[74.3062,33.4962],[74.3053,33.4988],[74.308,33.5005],[74.3111,33.5073],[74.3123,33.5148],[74.3126,33.5258],[74.3116,33.5278],[74.3107,33.5348],[74.3075,33.537],[74.306,33.5404],[74.3006,33.5477],[74.2971,33.5501],[74.2954,33.5525]]]},"properties":{"id":"in:subdistrict:22","level":"subdistrict","name":"Rajouri","code":22,"parent":"in:district:12","state":"in:state:1"}},{"type":"Feature","geometry":{"type":"Polygon","coordinates":[[[74.0169,33.6026],[74.0202,33.604],[74.0272,33.5982],[74.0361,33.6029],[74.0414,33.602],[74.048,33.599],[74.0576,33.5978],[74.0611,33.5983],[74.0645,33.5972],[74.072,33.5962],[74.0793,33.597],[74.0846,33.5942],[74.0934,33.594],[74.0962,33.5883],[74.093,33.5842],[74.0887,33.5813],[74.0854,33.5803],[74.0834,33.5759],[74.0813,33.5751],[74.082,33.5704],[74.0814,33.5653],[74.0802,33.5631],[74.0752,33.5593],[74.0701,33.5573],[74.0668,33.5552],[74.0593,33.5545],[74.0551,33.5524],[74.0554,33.5466],[74.0495,33.5435],[74.0486,33.5422],[74.0414,33.5387],[74.0315,33.5376],[74.0314,33.5323],[74.0355,33.5288],[74.0378,33.5244],[74.0384,33.5215],[74.0364,33.5205],[74.0324,33.5215],[74.0257,33.5183],[74.0285,33.5117],[74.0343,33.509],[74.0391,33.509],[74.0452,33.4978],[74.0464,33.4927],[74.0486,33.4914],[74.0534,33.4908],[74.0566,33.4799],[74.0605,33.4787],[74.0633,33.4765],[74.0662,33.4704],[74.0659,33.4686],[74.0595,33.4654],[74.0566,33.4619],[74.0537,33.4598],[74.0557,33.4551],[74.0589,33.4509],[74.0648,33.4451],[74.0742,33.4395],[74.0788,33.4273],[74.0908,33.4117],[74.0892,33.4071],[74.089,33.4037],[74.0905,33.3992],[74.0903,33.3957],[74.0938,33.394],[74.0997,33.3955],[74.1089,33.3949],[74.1132,33.3965],[74.1179,33.3965],[74.119,33.3931],[74.1224,33.3919],[74.129,33.3911],[74.1384,33.391],[74.1373,33.3958],[74.1381,33.3969],[74.1438,33.3977],[74.1492,33.3998],[74.1517,33.4027],[74.1562,33.4045],[74.1607,33.41],[74.1636,33.4103],[74.17,33.4124],[74.1747,33.4123],[74.1845,33.4206],[74.1863,33.4233],[74.183,33.4278],[74.1864,33.4292],[74.1924,33.4344],[74.1985,33.4455],[74.2048,33.4489],[74.2059,33.4525],[74.2104,33.459],[74.2124,33.4642],[74.2167,33.4715],[74.217,33.4778],[74.2189,33.4829],[74.2231,33.4849],[74.227,33.4894],[74.2276,33.4931],[74.2271,33.499],[74.2278,33.505],[74.226,33.5094],[74.222,33.5148],[74.2168,33.5173],[74.2153,33.5205],[74.2121,33.5308],[74.2079,33.5346],[74.2077,33.5376],[74.2107,33.5413],[74.2107,33.5461],[74.2142,33.5485],[74.2223,33.5521],[74.2254,33.5502],[74.2355,33.5512],[74.2427,33.5554],[74.2458,33.5557],[74.2487,33.5537],[74.254,33.5426],[74.2592,33.5501],[74.2647,33.5516],[74.2774,33.5475],[74.2788,33.5511],[74.2821,33.5508],[74.2858,33.5475],[74.2926,33.5506],[74.2954,33.5525],[74.2918,33.5596],[74.2912,33.5647],[74.2873,33.5701],[74.2804,33.5817],[74.2709,33.5867],[74.2678,33.5921],[74.2612,33.591],[74.255,33.5938],[74.2526,33.596],[74.2515,33.5989],[74.2537,33.6051],[74.2521,33.6087],[74.2549,33.6118],[74.2526,33.6139],[74.251,33.6177],[74.2467,33.6251],[74.2354,33.6363],[74.2319,33.6408],[74.2326,33.6447],[74.2356,33.647],[74.2417,33.6502],[74.2447,33.6532],[74.2395,33.654],[74.2287,33.6524],[74.2217,33.6522],[74.216,33.6501],[74.2121,33.651],[74.2081,33.654],[74.2129,33.6689],[74.2113,33.673],[74.2046,33.6784],[74.1959,33.6864],[74.187,33.6876],[74.1772,33.6917],[74.1684,33.694],[74.164,33.6995],[74.1496,33.6989],[74.1471,33.7004],[74.1397,33.7024],[74.1348,33.7017],[74.133,33.7005],[74.1287,33.7026],[74.1219,33.7079],[74.1206,33.7095],[74.1151,33.711],[74.1112,33.7133],[74.1029,33.7082],[74.0982,33.7079],[74.0924,33.7004],[74.0829,33.7013],[74.0793,33.6991],[74.0722,33.7015],[74.0671,33.7051],[74.0656,33.7107],[74.0657,33.7202],[74.0606,33.7223],[74.0567,33.7272],[74.0494,33.7279],[74.0483,33.7248],[74.051,33.7229],[74.0572,33.7151],[74.0564,33.7138],[74.0575,33.7071],[74.0468,33.7034],[74.0408,33.7079],[74.0331,33.7092],[74.0298,33.7118],[74.0261,33.7129],[74.0235,33.7149],[74.0196,33.7127],[74.0172,33.7133],[74.012,33.712],[74.0088,33.7135],[74.0018,33.7111],[73.9984,33.7123],[73.985,33.7243],[73.9863,33.7119],[73.9906,33.7046],[73.9921,33.694],[73.9928,33.6846],[73.9929,33.6744],[73.9945,33.6658],[73.9948,33.6558],[74.0022,33.6348],[74.0078,33.6304],[74.008,33.624],[74.0095,33.6169],[74.0169,33.6026]]]},"properties":{"id":"in:subdistrict:18","level":"subdistrict","name":"Mendhar","code":18,"parent":"in:district:10","state":"in:state:1"}},{"type":"Feature","geometry":{"type":"Polygon","coordinates":[[[74.193,33.7445],[74.1858,33.7438],[74.1784,33.7453],[74.1704,33.7449],[74.1638,33.7457],[74.162,33.7444],[74.1663,33.7348],[74.1687,33.7278],[74.1702,33.7208],[74.1722,33.7034],[74.1684,33.694],[74.1772,33.6917],[74.187,33.6876],[74.1959,33.6864],[74.2046,33.6784],[74.2113,33.673],[74.2129,33.6689],[74.2081,33.654],[74.2121,33.651],[74.216,33.6501],[74.2217,33.6522],[74.2287,33.6524],[74.2395,33.654],[74.2447,33.6532],[74.2417,33.6502],[74.2356,33.647],[74.2326,33.6447],[74.2319,33.6408],[74.2354,33.6363],[74.2467,33.6251],[74.251,33.6177],[74.2526,33.6139],[74.2549,33.6118],[74.2521,33.6087],[74.2537,33.6051],[74.2515,33.5989],[74.2526,33.596],[74.255,33.5938],[74.2612,33.591],[74.2678,33.5921],[74.2709,33.5867],[74.2804,33.5817],[74.2873,33.5701],[74.2912,33.5647],[74.2918,33.5596],[74.2954,33.5525],[74.2989,33.554],[74.3006,33.5586],[74.2996,33.5642],[74.3074,33.5723],[74.3129,33.5717],[74.3215,33.5767],[74.3272,33.5766],[74.3331,33.5718],[74.3411,33.5753],[74.3494,33.5774],[74.3536,33.5826],[74.3575,33.5841],[74.3683,33.5816],[74.3724,33.5817],[74.3757,33.5835],[74.3859,33.5805],[74.3883,33.5779],[74.3943,33.578],[74.4007,33.577],[74.4054,33.5733],[74.4096,33.5718],[74.4199,33.5721],[74.424,33.5704],[74.4269,33.5668],[74.4394,33.5572],[74.4421,33.5541],[74.4406,33.552],[74.448,33.5452],[74.4548,33.5418],[74.4623,33.5363],[74.4735,33.5311],[74.4834,33.524],[74.4896,33.5202],[74.4982,33.5112],[74.4981,33.507],[74.5034,33.5024],[74.507,33.5002],[74.506,33.4988],[74.507,33.4942],[74.5087,33.4923],[74.5085,33.4876],[74.5101,33.485],[74.5123,33.4845],[74.5148,33.4858],[74.5177,33.4855],[74.5224,33.4802],[74.5216,33.4773],[74.5249,33.4757],[74.5284,33.4708],[74.5334,33.4718],[74.5383,33.4698],[74.5406,33.4699],[74.5432,33.4752],[74.54,33.4777],[74.5416,33.481],[74.5379,33.4868],[74.5411,33.489],[74.5455,33.4887],[74.5513,33.4911],[74.5532,33.491],[74.5623,33.4936],[74.5713,33.4916],[74.5731,33.4928],[74.573,33.4968],[74.5705,33.4996],[74.5707,33.5032],[74.5701,33.5046],[74.5743,33.5074],[74.5738,33.5117],[74.5758,33.5142],[74.5711,33.5176],[74.568,33.518],[74.5676,33.521],[74.5655,33.524],[74.5564,33.5246],[74.5555,33.5276],[74.5479,33.5291],[74.5424,33.5274],[74.5378,33.5279],[74.5332,33.5323],[74.5313,33.5382],[74.5294,33.5463],[74.5263,33.5478],[74.5255,33.5495],[74.5197,33.5504],[74.516,33.5536],[74.5162,33.5575],[74.5185,33.5604],[74.5279,33.5671],[74.5219,33.5734],[74.5243,33.5789],[74.5211,33.5827],[74.5205,33.5862],[74.517,33.5892],[74.5145,33.5947],[74.5152,33.597],[74.5138,33.5997],[74.5153,33.6024],[74.5207,33.6055],[74.5203,33.6095],[74.5273,33.6168],[74.5256,33.6205],[74.5251,33.6249],[74.5213,33.6258],[74.5195,33.6287],[74.5192,33.6384],[74.5197,33.6413],[74.5238,33.6427],[74.5294,33.6433],[74.531,33.6543],[74.5331,33.6574],[74.5318,33.6601],[74.5393,33.6663],[74.5436,33.6736],[74.5435,33.6802],[74.542,33.6884],[74.5436,33.6929],[74.5368,33.6953],[74.5279,33.695],[74.5271,33.699],[74.5205,33.7024],[74.5166,33.7036],[74.5159,33.7053],[74.5111,33.7056],[74.5065,33.7048],[74.5061,33.7064],[74.5079,33.7111],[74.5027,33.7162],[74.5017,33.7193],[74.4991,33.7218],[74.495,33.724],[74.4911,33.7245],[74.488,33.7291],[74.4801,33.732],[74.4747,33.7332],[74.4732,33.7394],[74.4715,33.7429],[74.4662,33.7477],[74.4663,33.7502],[74.4625,33.7506],[74.4561,33.7527],[74.4532,33.7552],[74.4479,33.7503],[74.4426,33.7479],[74.4387,33.7478],[74.4373,33.7497],[74.438,33.7524],[74.4299,33.7549],[74.4269,33.7548],[74.4181,33.7529],[74.4148,33.7536],[74.4103,33.7557],[74.4015,33.7564],[74.3983,33.7585],[74.3962,33.7582],[74.393,33.7602],[74.3897,33.7587],[74.378,33.7553],[74.3736,33.7534],[74.3711,33.7476],[74.3639,33.7434],[74.3552,33.7404],[74.3534,33.742],[74.3463,33.7438],[74.3411,33.7444],[74.3373,33.7493],[74.3308,33.7529],[74.3277,33.753],[74.3239,33.7494],[74.3177,33.7456],[74.3108,33.7433],[74.3034,33.7421],[74.2966,33.7425],[74.2876,33.742],[74.2859,33.7459],[74.2791,33.7533],[74.2742,33.7555],[74.2643,33.7555],[74.2559,33.7566],[74.247,33.7534],[74.2475,33.7483],[74.2465,33.7451],[74.2419,33.7454],[74.2384,33.7432],[74.2322,33.744],[74.2273,33.7496],[74.2245,33.7546],[74.2183,33.7532],[74.2148,33.7542],[74.2014,33.7502],[74.1971,33.7479],[74.193,33.7445]]]},"properties":{"id":"in:subdistrict:19","level":"subdistrict","name":"Surankote","code":19,"parent":"in:district:10","state":"in:state:1"}},{"type":"Feature","geometry":{"type":"Polygon","coordinates":[[[74.3813,33.4055],[74.3829,33.407],[74.3842,33.4138],[74.3929,33.4165],[74.3951,33.4218],[74.3933,33.4263],[74.3903,33.4279],[74.3862,33.4272],[74.3845,33.4293],[74.3828,33.4367],[74.3802,33.4409],[74.384,33.4459],[74.3929,33.455],[74.3947,33.456],[74.3909,33.4632],[74.3884,33.4655],[74.3849,33.466],[74.3876,33.4701],[74.3865,33.472],[74.3828,33.4725],[74.3861,33.4769],[74.3908,33.4797],[74.3931,33.4837],[74.3966,33.4869],[74.3989,33.4877],[74.4017,33.494],[74.3958,33.5083],[74.4162,33.5182],[74.42,33.522],[74.4233,33.5241],[74.4312,33.5326],[74.4403,33.5479],[74.4406,33.552],[74.4421,33.5541],[74.4394,33.5572],[74.4269,33.5668],[74.424,33.5704],[74.4199,33.5721],[74.4096,33.5718],[74.4054,33.5733],[74.4007,33.577],[74.3943,33.578],[74.3883,33.5779],[74.3859,33.5805],[74.3757,33.5835],[74.3724,33.5817],[74.3683,33.5816],[74.3575,33.5841],[74.3536,33.5826],[74.3494,33.5774],[74.3411,33.5753],[74.3331,33.5718],[74.3272,33.5766],[74.3215,33.5767],[74.3129,33.5717],[74.3074,33.5723],[74.2996,33.5642],[74.3006,33.5586],[74.2989,33.554],[74.2954,33.5525],[74.2971,33.5501],[74.3006,33.5477],[74.306,33.5404],[74.3075,33.537],[74.3107,33.5348],[74.3116,33.5278],[74.3126,33.5258],[74.3123,33.5148],[74.3111,33.5073],[74.308,33.5005],[74.3053,33.4988],[74.3062,33.4962],[74.3145,33.4942],[74.3166,33.4844],[74.3103,33.4872],[74.3066,33.4881],[74.305,33.4871],[74.3072,33.4788],[74.3081,33.4733],[74.3077,33.4708],[74.315,33.4653],[74.3173,33.4622],[74.3167,33.4596],[74.313,33.4541],[74.3088,33.4501],[74.3091,33.4393],[74.3128,33.4317],[74.3159,33.4297],[74.3218,33.4227],[74.3252,33.4176],[74.3267,33.4134],[74.3262,33.4096],[74.3302,33.4107],[74.3349,33.4104],[74.3393,33.4073],[74.3438,33.4022],[74.3536,33.3997],[74.3624,33.4021],[74.3663,33.4054],[74.3718,33.4122],[74.3736,33.4132],[74.3813,33.4055]]]},"properties":{"id":"in:subdistrict:20","level":"subdistrict","name":"Thana Mandi","code":20,"parent":"in:district:12","state":"in:state:1"}},{"type":"Feature","geometry":{"type":"Polygon","coordinates":[[[74.413,33.4077],[74.4202,33.4206],[74.4229,33.4269],[74.4293,33.4287],[74.4333,33.4313],[74.4372,33.4324],[74.4399,33.4355],[74.4381,33.4399],[74.4457,33.4438],[74.4512,33.4424],[74.4525,33.4445],[74.4502,33.4506],[74.4537,33.4533],[74.4582,33.4555],[74.4614,33.461],[74.4652,33.463],[74.4661,33.4651],[74.4714,33.4673],[74.4743,33.4664],[74.4814,33.4676],[74.4838,33.4664],[74.4923,33.4686],[74.4957,33.4718],[74.4974,33.4754],[74.4995,33.477],[74.5041,33.4778],[74.5079,33.4818],[74.5123,33.4845],[74.5101,33.485],[74.5085,33.4876],[74.5087,33.4923],[74.507,33.4942],[74.506,33.4988],[74.507,33.5002],[74.5034,33.5024],[74.4981,33.507],[74.4982,33.5112],[74.4896,33.5202],[74.4834,33.524],[74.4735,33.5311],[74.4623,33.5363],[74.4548,33.5418],[74.448,33.5452],[74.4406,33.552],[74.4403,33.5479],[74.4312,33.5326],[74.4233,33.5241],[74.42,33.522],[74.4162,33.5182],[74.3958,33.5083],[74.4017,33.494],[74.3989,33.4877],[74.3966,33.4869],[74.3931,33.4837],[74.3908,33.4797],[74.3861,33.4769],[74.3828,33.4725],[74.3865,33.472],[74.3876,33.4701],[74.3849,33.466],[74.3884,33.4655],[74.3909,33.4632],[74.3947,33.456],[74.3929,33.455],[74.384,33.4459],[74.3802,33.4409],[74.3828,33.4367],[74.3845,33.4293],[74.3862,33.4272],[74.3903,33.4279],[74.3933,33.4263],[74.3951,33.4218],[74.3929,33.4165],[74.3842,33.4138],[74.3829,33.407],[74.3813,33.4055],[74.37,33.3963],[74.3666,33.3918],[74.366,33.3887],[74.368,33.3879],[74.3714,33.3912],[74.3756,33.3938],[74.3784,33.393],[74.3792,33.3872],[74.3816,33.3873],[74.3875,33.3845],[74.3918,33.3867],[74.3976,33.3867],[74.3976,33.3922],[74.4008,33.3958],[74.4075,33.397],[74.406,33.4005],[74.4076,33.4024],[74.4117,33.4025],[74.4115,33.4054],[74.413,33.4077]]]},"properties":{"id":"in:subdistrict:21","level":"subdistrict","name":"Darhal","code":21,"parent":"in:district:12","state":"in:state:1"}},{"type":"Feature","geometry":{"type":"Polygon","coordinates":[[[74.4956,33.3106],[74.5002,33.3089],[74.5111,33.3084],[74.5194,33.3121],[74.5242,33.3111],[74.5291,33.3071],[74.5309,33.3048],[74.5312,33.3016],[74.5271,33.2969],[74.5279,33.2925],[74.5267,33.2863],[74.5266,33.2825],[74.5276,33.2784],[74.5322,33.2762],[74.5366,33.2756],[74.5404,33.2728],[74.5418,33.2699],[74.5424,33.2648],[74.5484,33.2654],[74.5546,33.264],[74.5594,33.2611],[74.5634,33.2561],[74.5649,33.2555],[74.5732,33.2559],[74.5762,33.2565],[74.5896,33.2611],[74.5898,33.2553],[74.588,33.2524],[74.5854,33.2508],[74.5854,33.2483],[74.5908,33.2465],[74.5981,33.2477],[74.6029,33.2469],[74.6054,33.2446],[74.6016,33.2428],[74.5973,33.235],[74.5977,33.2303],[74.6019,33.2254],[74.6106,33.2227],[74.6162,33.2203],[74.6228,33.2167],[74.6264,33.2162],[74.6316,33.2141],[74.6324,33.2126],[74.6269,33.2041],[74.6293,33.2025],[74.6335,33.202],[74.6441,33.1966],[74.6549,33.1945],[74.6558,33.1863],[74.6619,33.1852],[74.6643,33.1924],[74.6708,33.1947],[74.6741,33.1966],[74.6787,33.1949],[74.6875,33.1956],[74.6879,33.1976],[74.6831,33.2019],[74.6829,33.207],[74.6854,33.2115],[74.6871,33.2128],[74.689,33.2183],[74.6886,33.2216],[74.6898,33.2293],[74.6894,33.2334],[74.6918,33.237],[74.6929,33.2427],[74.6929,33.247],[74.6918,33.2489],[74.6893,33.2496],[74.6862,33.2524],[74.6786,33.2542],[74.6766,33.2576],[74.6764,33.2601],[74.6716,33.264],[74.6698,33.2641],[74.6609,33.269],[74.6525,33.2726],[74.6528,33.2769],[74.6548,33.2794],[74.6558,33.2841],[74.6596,33.2907],[74.6697,33.2951],[74.6703,33.3026],[74.6688,33.3052],[74.6662,33.3065],[74.6586,33.315],[74.6507,33.3221],[74.6481,33.3267],[74.6539,33.3364],[74.6483,33.3405],[74.6492,33.3513],[74.6614,33.3532],[74.6642,33.3525],[74.6662,33.3504],[74.671,33.3504],[74.674,33.3544],[74.6835,33.3589],[74.6863,33.3623],[74.6768,33.3683],[74.6791,33.37],[74.6752,33.3739],[74.6742,33.3793],[74.6709,33.3828],[74.6719,33.3847],[74.6701,33.3898],[74.6724,33.3914],[74.6744,33.3953],[74.6673,33.3959],[74.6655,33.4005],[74.6662,33.405],[74.6688,33.4103],[74.6721,33.4143],[74.6725,33.4197],[74.6683,33.4249],[74.669,33.4289],[74.6684,33.4323],[74.6654,33.4352],[74.6618,33.4353],[74.6564,33.4411],[74.6484,33.4396],[74.6459,33.4384],[74.6396,33.4404],[74.6362,33.44],[74.6322,33.4423],[74.6251,33.4435],[74.6195,33.4424],[74.6178,33.4457],[74.6184,33.4496],[74.6128,33.4501],[74.6082,33.4526],[74.6068,33.4554],[74.6019,33.4604],[74.6031,33.4658],[74.6053,33.4662],[74.6145,33.4653],[74.6191,33.4638],[74.6221,33.4669],[74.6276,33.466],[74.6299,33.4682],[74.6301,33.4709],[74.6286,33.4735],[74.6303,33.4779],[74.6358,33.48],[74.635,33.4835],[74.6356,33.4865],[74.6302,33.4903],[74.6291,33.4951],[74.6271,33.498],[74.6187,33.4972],[74.6142,33.4989],[74.607,33.496],[74.6039,33.5013],[74.5976,33.5025],[74.594,33.5017],[74.591,33.5022],[74.5885,33.5046],[74.5882,33.5095],[74.5801,33.5087],[74.5745,33.5076],[74.5729,33.5048],[74.5707,33.5032],[74.5705,33.4996],[74.573,33.4968],[74.5731,33.4928],[74.5713,33.4916],[74.5623,33.4936],[74.5532,33.491],[74.5513,33.4911],[74.5455,33.4887],[74.5411,33.489],[74.5379,33.4868],[74.5416,33.481],[74.54,33.4777],[74.5432,33.4752],[74.5406,33.4699],[74.5383,33.4698],[74.5334,33.4718],[74.5284,33.4708],[74.5249,33.4757],[74.5216,33.4773],[74.5224,33.4802],[74.5177,33.4855],[74.5148,33.4858],[74.5123,33.4845],[74.5079,33.4818],[74.5041,33.4778],[74.4995,33.477],[74.4974,33.4754],[74.4957,33.4718],[74.4923,33.4686],[74.4838,33.4664],[74.4814,33.4676],[74.4743,33.4664],[74.4714,33.4673],[74.4661,33.4651],[74.4652,33.463],[74.4614,33.461],[74.4582,33.4555],[74.4537,33.4533],[74.4502,33.4506],[74.4525,33.4445],[74.4512,33.4424],[74.4457,33.4438],[74.4381,33.4399],[74.4399,33.4355],[74.4372,33.4324],[74.4333,33.4313],[74.4293,33.4287],[74.4229,33.4269],[74.4202,33.4206],[74.413,33.4077],[74.4151,33.4032],[74.4147,33.399],[74.4214,33.3959],[74.4258,33.3964],[74.4307,33.3991],[74.4351,33.3986],[74.4396,33.401],[74.4424,33.4013],[74.4451,33.3971],[74.4444,33.3918],[74.4467,33.3895],[74.4497,33.3917],[74.4562,33.3933],[74.4672,33.3895],[74.4707,33.3897],[74.4744,33.3938],[74.4812,33.3972],[74.4872,33.4023],[74.4906,33.4079],[74.4946,33.4112],[74.4979,33.4106],[74.5004,33.4073],[74.4996,33.4046],[74.4944,33.3999],[74.4886,33.3923],[74.4887,33.3894],[74.4906,33.3773],[74.4842,33.3716],[74.4779,33.3671],[74.4706,33.3706],[74.4677,33.3705],[74.464,33.3681],[74.4617,33.3687],[74.4584,33.3747],[74.4582,33.3781],[74.4546,33.3776],[74.4524,33.3737],[74.4547,33.3698],[74.4535,33.3662],[74.4497,33.3658],[74.4458,33.3611],[74.4456,33.3597],[74.4482,33.3534],[74.4471,33.3476],[74.4434,33.3448],[74.4395,33.3336],[74.44,33.3284],[74.4397,33.3234],[74.4374,33.3185],[74.4346,33.3167],[74.4329,33.3132],[74.4332,33.3094],[74.4353,33.307],[74.4381,33.3062],[74.4408,33.3039],[74.4436,33.3037],[74.4516,33.3074],[74.4556,33.3064],[74.4594,33.304],[74.4707,33.3045],[74.4739,33.3039],[74.4817,33.3075],[74.4927,33.3108],[74.4956,33.3106]]]},"properties":{"id":"in:subdistrict:x12-budhal","level":"subdistrict","name":"Budhal","code":0,"parent":"in:district:12","state":"in:state:1"}},{"type":"Feature","geometry":{"type":"Polygon","coordinates":[[[74.6918,33.2489],[74.6941,33.25],[74.7007,33.2493],[74.7111,33.2496],[74.7182,33.2515],[74.7258,33.2519],[74.7295,33.2503],[74.7321,33.2511],[74.7368,33.2486],[74.7425,33.2471],[74.7513,33.2326],[74.7535,33.2302],[74.7536,33.2273],[74.7605,33.2232],[74.7616,33.2194],[74.7673,33.2156],[74.7678,33.2123],[74.773,33.2113],[74.7742,33.2046],[74.7818,33.2007],[74.7982,33.1983],[74.8022,33.1961],[74.8061,33.1953],[74.8107,33.1964],[74.814,33.1953],[74.8165,33.1921],[74.8186,33.1865],[74.8187,33.1826],[74.8205,33.1802],[74.8259,33.1783],[74.8412,33.1743],[74.8462,33.1736],[74.8488,33.1747],[74.8538,33.1719],[74.8554,33.1666],[74.8536,33.1614],[74.8485,33.154],[74.8483,33.1482],[74.8473,33.1465],[74.854,33.1454],[74.8595,33.1501],[74.8631,33.1486],[74.8675,33.1487],[74.8776,33.1517],[74.8798,33.1494],[74.8843,33.1489],[74.8898,33.1523],[74.9051,33.1525],[74.9087,33.154],[74.9113,33.1532],[74.9139,33.1542],[74.9163,33.1508],[74.9191,33.1544],[74.9212,33.1535],[74.9329,33.1543],[74.9494,33.1559],[74.9558,33.1573],[74.9586,33.1563],[74.9654,33.1569],[74.9698,33.1534],[74.9783,33.1516],[74.984,33.1536],[74.9924,33.1489],[74.9988,33.1486],[75.0014,33.1529],[75.0056,33.1493],[75.0087,33.148],[75.0118,33.1489],[75.0153,33.1525],[75.0226,33.1488],[75.0321,33.149],[75.0346,33.1496],[75.0408,33.1533],[75.044,33.1529],[75.0504,33.1505],[75.0591,33.1526],[75.0607,33.1535],[75.0614,33.1555],[75.0651,33.1559],[75.0688,33.1611],[75.0768,33.164],[75.0785,33.1656],[75.0763,33.1685],[75.0758,33.1712],[75.0786,33.1738],[75.0847,33.1759],[75.0897,33.1832],[75.0958,33.1881],[75.0883,33.1931],[75.0841,33.1947],[75.0752,33.196],[75.0683,33.1957],[75.0586,33.1945],[75.0518,33.1953],[75.0449,33.1973],[75.0403,33.1998],[75.0282,33.2075],[75.0213,33.2102],[75.0093,33.2135],[75.0016,33.2171],[74.9981,33.2179],[74.9953,33.2173],[74.986,33.2218],[74.9782,33.2224],[74.9719,33.2236],[74.9677,33.2255],[74.9632,33.2291],[74.9636,33.2326],[74.9723,33.2385],[74.971,33.2486],[74.9677,33.2512],[74.9654,33.2553],[74.9654,33.2577],[74.9735,33.263],[74.969,33.2713],[74.9664,33.277],[74.9643,33.2835],[74.958,33.2938],[74.964,33.3031],[74.9654,33.31],[74.9689,33.3152],[74.9716,33.3209],[74.9743,33.3237],[74.9783,33.3239],[74.9865,33.3263],[74.9895,33.3323],[74.9937,33.3372],[75.0044,33.3437],[75.0083,33.3467],[75.0141,33.3537],[75.0195,33.358],[75.0345,33.3648],[75.0426,33.3681],[75.0456,33.3707],[75.0441,33.3723],[75.0445,33.3757],[75.0376,33.3832],[75.0343,33.3855],[75.0317,33.3911],[75.031,33.3943],[75.0263,33.3962],[75.0245,33.3999],[75.0203,33.4013],[75.0194,33.4035],[75.0137,33.408],[75.0119,33.4115],[75.0122,33.4142],[75.0103,33.4176],[75.0109,33.4197],[75.0175,33.4268],[75.0205,33.429],[75.0219,33.4314],[75.0261,33.4331],[75.0297,33.4386],[75.0349,33.44],[75.0362,33.4429],[75.0303,33.4521],[75.0261,33.454],[75.0235,33.4566],[75.0221,33.4608],[75.0214,33.468],[75.0218,33.4719],[75.0195,33.4764],[75.0164,33.4793],[75.0149,33.4851],[75.0179,33.4975],[75.0213,33.5024],[75.0239,33.504],[75.0218,33.5053],[75.0144,33.5122],[75.0083,33.5106],[75.0046,33.5055],[74.9991,33.5069],[74.9937,33.509],[74.9924,33.5135],[74.9876,33.5136],[74.9841,33.5145],[74.9749,33.5145],[74.9659,33.515],[74.9638,33.5136],[74.9582,33.514],[74.9546,33.5134],[74.9527,33.5098],[74.9525,33.4979],[74.9491,33.498],[74.9406,33.4932],[74.9329,33.495],[74.9298,33.497],[74.9213,33.4992],[74.9157,33.4985],[74.911,33.492],[74.9056,33.4931],[74.9027,33.4897],[74.899,33.488],[74.8972,33.4844],[74.8942,33.4843],[74.8914,33.4825],[74.8851,33.4836],[74.8812,33.4831],[74.8771,33.4853],[74.8734,33.486],[74.87,33.4843],[74.8645,33.4842],[74.8647,33.4814],[74.8629,33.4781],[74.8591,33.4755],[74.8561,33.4746],[74.8508,33.4765],[74.8428,33.4764],[74.8384,33.4786],[74.8369,33.4744],[74.8314,33.4681],[74.8257,33.4679],[74.8195,33.4689],[74.8143,33.4708],[74.8105,33.4698],[74.8051,33.4701],[74.8015,33.4683],[74.7957,33.468],[74.789,33.4736],[74.792,33.4776],[74.7956,33.48],[74.792,33.4851],[74.786,33.4893],[74.7807,33.4902],[74.7711,33.4877],[74.7629,33.4904],[74.7587,33.4907],[74.7562,33.4934],[74.7532,33.4945],[74.7491,33.4972],[74.7456,33.5013],[74.7394,33.5061],[74.7346,33.5065],[74.7325,33.5095],[74.7327,33.5116],[74.7303,33.5137],[74.7197,33.5175],[74.7145,33.5224],[74.7093,33.526],[74.7031,33.5247],[74.6962,33.5212],[74.6937,33.521],[74.689,33.5161],[74.6838,33.5144],[74.6826,33.5083],[74.6799,33.5049],[74.6736,33.505],[74.6706,33.5062],[74.6598,33.5065],[74.6563,33.5056],[74.6498,33.515],[74.6455,33.5099],[74.6422,33.5089],[74.642,33.5034],[74.6307,33.5002],[74.6271,33.498],[74.6291,33.4951],[74.6302,33.4903],[74.6356,33.4865],[74.635,33.4835],[74.6358,33.48],[74.6303,33.4779],[74.6286,33.4735],[74.6301,33.4709],[74.6299,33.4682],[74.6276,33.466],[74.6221,33.4669],[74.6191,33.4638],[74.6145,33.4653],[74.6053,33.4662],[74.6031,33.4658],[74.6019,33.4604],[74.6068,33.4554],[74.6082,33.4526],[74.6128,33.4501],[74.6184,33.4496],[74.6178,33.4457],[74.6195,33.4424],[74.6251,33.4435],[74.6322,33.4423],[74.6362,33.44],[74.6396,33.4404],[74.6459,33.4384],[74.6484,33.4396],[74.6564,33.4411],[74.6618,33.4353],[74.6654,33.4352],[74.6684,33.4323],[74.669,33.4289],[74.6683,33.4249],[74.6725,33.4197],[74.6721,33.4143],[74.6688,33.4103],[74.6662,33.405],[74.6655,33.4005],[74.6673,33.3959],[74.6744,33.3953],[74.6724,33.3914],[74.6701,33.3898],[74.6719,33.3847],[74.6709,33.3828],[74.6742,33.3793],[74.6752,33.3739],[74.6791,33.37],[74.6768,33.3683],[74.6863,33.3623],[74.6835,33.3589],[74.674,33.3544],[74.671,33.3504],[74.6662,33.3504],[74.6642,33.3525],[74.6614,33.3532],[74.6492,33.3513],[74.6483,33.3405],[74.6539,33.3364],[74.6481,33.3267],[74.6507,33.3221],[74.6586,33.315],[74.6662,33.3065],[74.6688,33.3052],[74.6703,33.3026],[74.6697,33.2951],[74.6596,33.2907],[74.6558,33.2841],[74.6548,33.2794],[74.6528,33.2769],[74.6525,33.2726],[74.6609,33.269],[74.6698,33.2641],[74.6716,33.264],[74.6764,33.2601],[74.6766,33.2576],[74.6786,33.2542],[74.6862,33.2524],[74.6893,33.2496],[74.6918,33.2489]]]},"properties":{"id":"in:subdistrict:x627-gool-gulabgarh","level":"subdistrict","name":"Gool-Gulabgarh","code":0,"parent":"in:district:627","state":"in:state:1"}},{"type":"Feature","geometry":{"type":"Polygon","coordinates":[[[74.5707,33.5032],[74.5729,33.5048],[74.5745,33.5076],[74.5801,33.5087],[74.5882,33.5095],[74.5885,33.5046],[74.591,33.5022],[74.594,33.5017],[74.5976,33.5025],[74.6039,33.5013],[74.607,33.496],[74.6142,33.4989],[74.6187,33.4972],[74.6271,33.498],[74.6307,33.5002],[74.642,33.5034],[74.6422,33.5089],[74.6455,33.5099],[74.6498,33.515],[74.6563,33.5056],[74.6598,33.5065],[74.6706,33.5062],[74.6736,33.505],[74.6799,33.5049],[74.6826,33.5083],[74.6838,33.5144],[74.689,33.5161],[74.6937,33.521],[74.6962,33.5212],[74.7031,33.5247],[74.7093,33.526],[74.7145,33.5224],[74.7197,33.5175],[74.7303,33.5137],[74.7327,33.5116],[74.7325,33.5095],[74.7346,33.5065],[74.7394,33.5061],[74.7456,33.5013],[74.7491,33.4972],[74.7532,33.4945],[74.7562,33.4934],[74.7587,33.4907],[74.7629,33.4904],[74.7711,33.4877],[74.7807,33.4902],[74.786,33.4893],[74.792,33.4851],[74.7956,33.48],[74.792,33.4776],[74.789,33.4736],[74.7957,33.468],[74.8015,33.4683],[74.8051,33.4701],[74.8105,33.4698],[74.8143,33.4708],[74.8195,33.4689],[74.8257,33.4679],[74.8314,33.4681],[74.8369,33.4744],[74.8384,33.4786],[74.8428,33.4764],[74.8508,33.4765],[74.8561,33.4746],[74.8591,33.4755],[74.8629,33.4781],[74.8647,33.4814],[74.8645,33.4842],[74.87,33.4843],[74.8734,33.486],[74.8771,33.4853],[74.8812,33.4831],[74.8851,33.4836],[74.8914,33.4825],[74.8942,33.4843],[74.8972,33.4844],[74.899,33.488],[74.9027,33.4897],[74.9056,33.4931],[74.911,33.492],[74.9157,33.4985],[74.9213,33.4992],[74.9298,33.497],[74.9329,33.495],[74.9406,33.4932],[74.9491,33.498],[74.9525,33.4979],[74.9527,33.5098],[74.9546,33.5134],[74.9582,33.514],[74.9638,33.5136],[74.9659,33.515],[74.9749,33.5145],[74.9841,33.5145],[74.9876,33.5136],[74.9924,33.5135],[74.9937,33.509],[74.9991,33.5069],[75.0046,33.5055],[75.0083,33.5106],[75.0144,33.5122],[75.0218,33.5053],[75.0239,33.504],[75.0271,33.5021],[75.0316,33.5045],[75.0378,33.5048],[75.0443,33.503],[75.0513,33.5033],[75.0563,33.501],[75.0584,33.499],[75.0629,33.499],[75.0713,33.4968],[75.0751,33.4969],[75.0819,33.4945],[75.0866,33.4968],[75.0927,33.5015],[75.0978,33.5053],[75.0924,33.5086],[75.093,33.5117],[75.0906,33.5142],[75.0844,33.5175],[75.0834,33.5218],[75.079,33.5247],[75.0702,33.532],[75.0698,33.5374],[75.0661,33.5457],[75.0728,33.5519],[75.0802,33.5574],[75.0884,33.5619],[75.068,33.5686],[75.0246,33.5728],[75.0093,33.5817],[75.0082,33.5841],[74.9949,33.5904],[74.9875,33.5931],[74.9792,33.5938],[74.9706,33.5939],[74.9527,33.595],[74.9506,33.5963],[74.9496,33.5993],[74.9373,33.6098],[74.93,33.6138],[74.9309,33.6173],[74.9337,33.6217],[74.9307,33.6283],[74.9338,33.6297],[74.9353,33.6319],[74.9351,33.6357],[74.9337,33.6381],[74.9309,33.6371],[74.9223,33.6406],[74.9258,33.6443],[74.9282,33.6449],[74.9277,33.6528],[74.922,33.6515],[74.9208,33.6491],[74.9154,33.6501],[74.9094,33.6519],[74.9123,33.655],[74.9041,33.6534],[74.9038,33.6516],[74.9059,33.6475],[74.9001,33.6459],[74.8901,33.6372],[74.8866,33.632],[74.8828,33.6297],[74.8773,33.6291],[74.8733,33.627],[74.8654,33.6309],[74.8594,33.6359],[74.8574,33.6384],[74.8513,33.6417],[74.8462,33.6463],[74.8431,33.6481],[74.84,33.6516],[74.8334,33.6565],[74.8271,33.6576],[74.8209,33.6566],[74.8166,33.6549],[74.8129,33.6553],[74.8035,33.6542],[74.7975,33.6543],[74.7941,33.6551],[74.792,33.6583],[74.7892,33.6586],[74.7855,33.6549],[74.7839,33.6501],[74.781,33.6475],[74.7789,33.6501],[74.7765,33.6573],[74.7777,33.6629],[74.7764,33.6651],[74.7791,33.6714],[74.7865,33.6688],[74.7872,33.6724],[74.786,33.675],[74.789,33.6762],[74.7892,33.6792],[74.7871,33.681],[74.7792,33.6812],[74.7735,33.679],[74.759,33.6743],[74.7554,33.6727],[74.744,33.6695],[74.7393,33.67],[74.7375,33.6683],[74.7337,33.6703],[74.729,33.6744],[74.7279,33.6785],[74.7296,33.683],[74.7356,33.6822],[74.7334,33.6857],[74.7307,33.6877],[74.7278,33.6876],[74.7269,33.6896],[74.7227,33.6894],[74.7192,33.6924],[74.7162,33.6934],[74.7125,33.697],[74.7081,33.6963],[74.704,33.6965],[74.701,33.6953],[74.6993,33.6973],[74.6945,33.6969],[74.6899,33.6999],[74.6853,33.6999],[74.6813,33.7039],[74.673,33.7012],[74.6689,33.6954],[74.6639,33.6929],[74.6573,33.6941],[74.6537,33.6936],[74.6476,33.6908],[74.6436,33.6912],[74.6362,33.6932],[74.6311,33.6933],[74.6254,33.6965],[74.6167,33.6964],[74.6103,33.6954],[74.6081,33.6935],[74.6081,33.6877],[74.6056,33.6862],[74.6023,33.6821],[74.5979,33.683],[74.5953,33.6857],[74.5873,33.6871],[74.5831,33.689],[74.5794,33.6882],[74.5732,33.6899],[74.5696,33.6902],[74.5664,33.6916],[74.5602,33.6903],[74.5583,33.686],[74.5435,33.6802],[74.5436,33.6736],[74.5393,33.6663],[74.5318,33.6601],[74.5331,33.6574],[74.531,33.6543],[74.5294,33.6433],[74.5238,33.6427],[74.5197,33.6413],[74.5192,33.6384],[74.5195,33.6287],[74.5213,33.6258],[74.5251,33.6249],[74.5256,33.6205],[74.5273,33.6168],[74.5203,33.6095],[74.5207,33.6055],[74.5153,33.6024],[74.5138,33.5997],[74.5152,33.597],[74.5145,33.5947],[74.517,33.5892],[74.5205,33.5862],[74.5211,33.5827],[74.5243,33.5789],[74.5219,33.5734],[74.5279,33.5671],[74.5185,33.5604],[74.5162,33.5575],[74.516,33.5536],[74.5197,33.5504],[74.5255,33.5495],[74.5263,33.5478],[74.5294,33.5463],[74.5313,33.5382],[74.5332,33.5323],[74.5378,33.5279],[74.5424,33.5274],[74.5479,33.5291],[74.5555,33.5276],[74.5564,33.5246],[74.5655,33.524],[74.5676,33.521],[74.568,33.518],[74.5711,33.5176],[74.5758,33.5142],[74.5738,33.5117],[74.5743,33.5074],[74.5701,33.5046],[74.5707,33.5032]]]},"properties":{"id":"in:subdistrict:61","level":"subdistrict","name":"D H Pora","code":61,"parent":"in:district:622","state":"in:state:1"}},{"type":"Feature","geometry":{"type":"Polygon","coordinates":[[[74.9123,33.655],[74.9162,33.6576],[74.9091,33.6684],[74.9157,33.6688],[74.9224,33.6715],[74.9302,33.671],[74.9326,33.6697],[74.9347,33.6619],[74.9376,33.6595],[74.9393,33.6609],[74.94,33.669],[74.9439,33.6727],[74.95,33.6747],[74.9519,33.6769],[74.9572,33.6803],[74.9639,33.6823],[74.9684,33.6847],[74.96,33.6853],[74.9601,33.6926],[74.9607,33.6963],[74.9628,33.6967],[74.9665,33.6932],[74.9678,33.6959],[74.9623,33.704],[74.961,33.7081],[74.9618,33.7107],[74.9602,33.715],[74.9583,33.7157],[74.957,33.7218],[74.957,33.7253],[74.9556,33.7302],[74.957,33.7331],[74.952,33.7391],[74.9534,33.7424],[74.958,33.7436],[74.9601,33.7418],[74.9644,33.7416],[74.9698,33.7391],[74.9752,33.74],[74.9778,33.7449],[74.9806,33.7453],[74.9877,33.7448],[74.9958,33.7417],[75.0002,33.742],[75.0027,33.7449],[75.0014,33.7462],[74.9956,33.746],[74.9951,33.7486],[74.9994,33.7527],[75.0077,33.7505],[75.0103,33.7486],[75.0106,33.746],[75.0147,33.7394],[75.0191,33.741],[75.0248,33.7485],[75.0262,33.7541],[75.0304,33.7598],[75.0317,33.7693],[75.0335,33.7707],[75.0374,33.7708],[75.0372,33.7732],[75.0328,33.7752],[75.0301,33.7777],[75.0303,33.7802],[75.0289,33.7902],[75.0303,33.7945],[75.0335,33.7963],[75.0402,33.7983],[75.0477,33.7984],[75.0511,33.7995],[75.0552,33.8068],[75.0554,33.8103],[75.053,33.8125],[75.0498,33.815],[75.0452,33.8125],[75.0422,33.8122],[75.0406,33.8104],[75.0364,33.8117],[75.0306,33.8095],[75.0201,33.81],[75.0154,33.8105],[75.0109,33.8095],[75.0082,33.8107],[75.0007,33.8118],[75,33.8052],[75.0006,33.8013],[74.9954,33.7994],[74.9903,33.8022],[74.9841,33.8077],[74.9803,33.8094],[74.9772,33.8057],[74.9689,33.7973],[74.9661,33.7951],[74.9504,33.7924],[74.9406,33.7914],[74.9365,33.7942],[74.9347,33.7965],[74.9358,33.8028],[74.927,33.8011],[74.9271,33.8037],[74.9332,33.808],[74.9281,33.8095],[74.926,33.811],[74.9263,33.8142],[74.9215,33.8139],[74.9131,33.8072],[74.9102,33.806],[74.9065,33.8071],[74.9043,33.8103],[74.9,33.8088],[74.8913,33.8023],[74.8928,33.7992],[74.8904,33.7966],[74.8862,33.7982],[74.8828,33.7953],[74.8798,33.791],[74.876,33.7922],[74.8742,33.7959],[74.8642,33.7958],[74.8622,33.7951],[74.8583,33.7972],[74.8566,33.7998],[74.8586,33.8022],[74.864,33.8065],[74.8702,33.81],[74.8767,33.8126],[74.8777,33.8165],[74.8765,33.8174],[74.8626,33.815],[74.8566,33.8162],[74.8511,33.8213],[74.8494,33.8213],[74.8439,33.8181],[74.8465,33.8136],[74.8465,33.8103],[74.8403,33.8016],[74.8351,33.796],[74.8275,33.7867],[74.8235,33.7855],[74.8214,33.7889],[74.8181,33.7895],[74.8146,33.7944],[74.8089,33.7981],[74.7983,33.7999],[74.7958,33.7997],[74.7777,33.7912],[74.7731,33.7954],[74.7691,33.7955],[74.7655,33.7983],[74.7641,33.8025],[74.7613,33.8069],[74.7585,33.8086],[74.7553,33.8088],[74.7452,33.8075],[74.7444,33.8063],[74.7395,33.805],[74.7368,33.8014],[74.7315,33.8014],[74.7269,33.7989],[74.7153,33.7952],[74.7118,33.7952],[74.7132,33.8005],[74.7162,33.8047],[74.7101,33.8042],[74.7051,33.8059],[74.6931,33.8089],[74.6882,33.8063],[74.6881,33.8038],[74.6858,33.8011],[74.6818,33.7988],[74.6773,33.7944],[74.6693,33.7898],[74.6665,33.7873],[74.6637,33.7865],[74.6575,33.7825],[74.6547,33.7785],[74.6492,33.7731],[74.6474,33.7689],[74.6445,33.7645],[74.6415,33.7627],[74.6388,33.7594],[74.631,33.7538],[74.6272,33.752],[74.6245,33.7496],[74.6259,33.7437],[74.6259,33.7398],[74.6148,33.7373],[74.6107,33.7356],[74.6016,33.7249],[74.5963,33.723],[74.5809,33.719],[74.5789,33.7168],[74.578,33.7122],[74.5734,33.7071],[74.5703,33.7021],[74.5664,33.6916],[74.5696,33.6902],[74.5732,33.6899],[74.5794,33.6882],[74.5831,33.689],[74.5873,33.6871],[74.5953,33.6857],[74.5979,33.683],[74.6023,33.6821],[74.6056,33.6862],[74.6081,33.6877],[74.6081,33.6935],[74.6103,33.6954],[74.6167,33.6964],[74.6254,33.6965],[74.6311,33.6933],[74.6362,33.6932],[74.6436,33.6912],[74.6476,33.6908],[74.6537,33.6936],[74.6573,33.6941],[74.6639,33.6929],[74.6689,33.6954],[74.673,33.7012],[74.6813,33.7039],[74.6853,33.6999],[74.6899,33.6999],[74.6945,33.6969],[74.6993,33.6973],[74.701,33.6953],[74.704,33.6965],[74.7081,33.6963],[74.7125,33.697],[74.7162,33.6934],[74.7192,33.6924],[74.7227,33.6894],[74.7269,33.6896],[74.7278,33.6876],[74.7307,33.6877],[74.7334,33.6857],[74.7356,33.6822],[74.7296,33.683],[74.7279,33.6785],[74.729,33.6744],[74.7337,33.6703],[74.7375,33.6683],[74.7393,33.67],[74.744,33.6695],[74.7554,33.6727],[74.759,33.6743],[74.7735,33.679],[74.7792,33.6812],[74.7871,33.681],[74.7892,33.6792],[74.789,33.6762],[74.786,33.675],[74.7872,33.6724],[74.7865,33.6688],[74.7791,33.6714],[74.7764,33.6651],[74.7777,33.6629],[74.7765,33.6573],[74.7789,33.6501],[74.781,33.6475],[74.7839,33.6501],[74.7855,33.6549],[74.7892,33.6586],[74.792,33.6583],[74.7941,33.6551],[74.7975,33.6543],[74.8035,33.6542],[74.8129,33.6553],[74.8166,33.6549],[74.8209,33.6566],[74.8271,33.6576],[74.8334,33.6565],[74.84,33.6516],[74.8431,33.6481],[74.8462,33.6463],[74.8513,33.6417],[74.8574,33.6384],[74.8594,33.6359],[74.8654,33.6309],[74.8733,33.627],[74.8773,33.6291],[74.8828,33.6297],[74.8866,33.632],[74.8901,33.6372],[74.9001,33.6459],[74.9059,33.6475],[74.9038,33.6516],[74.9041,33.6534],[74.9123,33.655]]]},"properties":{"id":"in:subdistrict:52","level":"subdistrict","name":"Shopian","code":52,"parent":"in:district:625","state":"in:state:1"}},{"type":"Feature","geometry":{"type":"Polygon","coordinates":[[[74.4526,33.8045],[74.453,33.8024],[74.4571,33.7965],[74.4664,33.7869],[74.4694,33.7862],[74.4692,33.7827],[74.4632,33.7786],[74.4637,33.7723],[74.4597,33.7705],[74.4499,33.764],[74.4525,33.7599],[74.4532,33.7552],[74.4561,33.7527],[74.4625,33.7506],[74.4663,33.7502],[74.4662,33.7477],[74.4715,33.7429],[74.4732,33.7394],[74.4747,33.7332],[74.4801,33.732],[74.488,33.7291],[74.4911,33.7245],[74.495,33.724],[74.4991,33.7218],[74.5017,33.7193],[74.5027,33.7162],[74.5079,33.7111],[74.5061,33.7064],[74.5065,33.7048],[74.5111,33.7056],[74.5159,33.7053],[74.5166,33.7036],[74.5205,33.7024],[74.5215,33.7089],[74.5241,33.7204],[74.5236,33.7267],[74.5207,33.7386],[74.5195,33.7491],[74.5218,33.7569],[74.5304,33.771],[74.5374,33.778],[74.5427,33.785],[74.5493,33.79],[74.5535,33.7946],[74.5603,33.7998],[74.567,33.8039],[74.5747,33.8063],[74.5784,33.8061],[74.5842,33.808],[74.5884,33.8107],[74.5951,33.8215],[74.5963,33.8242],[74.6064,33.833],[74.6109,33.8351],[74.6207,33.8356],[74.6244,33.8347],[74.6286,33.8303],[74.6383,33.836],[74.6497,33.8454],[74.6558,33.851],[74.6591,33.8551],[74.6638,33.859],[74.6676,33.8635],[74.6677,33.8694],[74.667,33.8704],[74.6666,33.8768],[74.6676,33.8796],[74.6743,33.8815],[74.6777,33.8861],[74.6828,33.8894],[74.6864,33.89],[74.6902,33.8955],[74.695,33.8999],[74.7032,33.9032],[74.7061,33.9037],[74.7119,33.9061],[74.7226,33.9096],[74.7273,33.9107],[74.7266,33.9145],[74.7348,33.9201],[74.7348,33.9264],[74.7272,33.9336],[74.7276,33.9384],[74.7349,33.9458],[74.7388,33.9478],[74.7439,33.9522],[74.7468,33.9538],[74.7537,33.9594],[74.758,33.9619],[74.7628,33.9629],[74.7588,33.97],[74.7549,33.9734],[74.7504,33.9743],[74.7479,33.9738],[74.7483,33.9834],[74.7465,33.9845],[74.7507,33.9877],[74.7542,33.9915],[74.7486,33.9963],[74.7456,33.9974],[74.7393,34.0012],[74.7334,34.0014],[74.7268,33.9977],[74.732,33.9916],[74.7298,33.9898],[74.7149,33.991],[74.7057,33.9899],[74.6967,33.9865],[74.7026,33.997],[74.7056,34.0051],[74.7021,34.0069],[74.7008,34.0114],[74.6989,34.0125],[74.6985,34.0186],[74.6955,34.0191],[74.6948,34.0277],[74.692,34.0282],[74.6912,34.0231],[74.6856,34.0171],[74.6807,34.0156],[74.6798,34.0143],[74.6696,34.01],[74.6624,34.0042],[74.6591,34.0024],[74.6535,34.0019],[74.6501,34.0046],[74.6461,34.0023],[74.6433,33.9971],[74.6354,33.9911],[74.6326,33.9883],[74.6272,33.9859],[74.6261,33.9829],[74.6252,33.9709],[74.6259,33.969],[74.6266,33.961],[74.6264,33.9564],[74.6248,33.9543],[74.6243,33.951],[74.6232,33.9448],[74.6233,33.9398],[74.6217,33.9379],[74.6139,33.9402],[74.6111,33.9396],[74.6062,33.934],[74.6009,33.9229],[74.5999,33.9181],[74.596,33.9156],[74.5901,33.9089],[74.5797,33.9004],[74.5747,33.8975],[74.5659,33.894],[74.5512,33.8852],[74.5397,33.8795],[74.5363,33.8772],[74.5222,33.8721],[74.5148,33.8671],[74.5076,33.8631],[74.4936,33.8533],[74.4858,33.8456],[74.4839,33.8443],[74.4809,33.8472],[74.4765,33.8479],[74.4709,33.8464],[74.465,33.8408],[74.4612,33.8341],[74.4568,33.8153],[74.4544,33.8074],[74.4526,33.8045]]]},"properties":{"id":"in:subdistrict:6","level":"subdistrict","name":"Khansahib","code":6,"parent":"in:district:2","state":"in:state:1"}},{"type":"Feature","geometry":{"type":"Polygon","coordinates":[[[74.5435,33.6802],[74.5583,33.686],[74.5602,33.6903],[74.5664,33.6916],[74.5703,33.7021],[74.5734,33.7071],[74.578,33.7122],[74.5789,33.7168],[74.5809,33.719],[74.5963,33.723],[74.6016,33.7249],[74.6107,33.7356],[74.6148,33.7373],[74.6259,33.7398],[74.6259,33.7437],[74.6245,33.7496],[74.6272,33.752],[74.631,33.7538],[74.6388,33.7594],[74.6415,33.7627],[74.6445,33.7645],[74.6474,33.7689],[74.6492,33.7731],[74.6547,33.7785],[74.6575,33.7825],[74.6637,33.7865],[74.6665,33.7873],[74.6693,33.7898],[74.6773,33.7944],[74.6818,33.7988],[74.6858,33.8011],[74.6881,33.8038],[74.6882,33.8063],[74.6931,33.8089],[74.7051,33.8059],[74.7101,33.8042],[74.7162,33.8047],[74.718,33.8089],[74.723,33.8064],[74.7325,33.8128],[74.7362,33.8158],[74.7419,33.8218],[74.7491,33.8215],[74.7537,33.8206],[74.7565,33.821],[74.7561,33.8175],[74.7576,33.812],[74.7616,33.8124],[74.7656,33.8102],[74.7743,33.8105],[74.7717,33.8156],[74.7754,33.821],[74.778,33.8216],[74.7865,33.8216],[74.7898,33.8234],[74.7921,33.8269],[74.7954,33.8265],[74.7925,33.833],[74.7906,33.8351],[74.7928,33.8392],[74.797,33.8403],[74.7999,33.8424],[74.7968,33.8459],[74.8011,33.8493],[74.8117,33.8603],[74.818,33.8647],[74.8201,33.873],[74.8222,33.8777],[74.822,33.8856],[74.8202,33.8892],[74.8219,33.8971],[74.8278,33.9043],[74.8237,33.9117],[74.8221,33.917],[74.8185,33.9206],[74.8151,33.9276],[74.8161,33.9309],[74.8202,33.9361],[74.8186,33.9402],[74.8184,33.9441],[74.8143,33.9466],[74.8053,33.9416],[74.8003,33.9398],[74.7955,33.9373],[74.794,33.9234],[74.7928,33.9203],[74.7895,33.9166],[74.7815,33.9098],[74.7842,33.9074],[74.7816,33.9042],[74.7807,33.8992],[74.7734,33.8975],[74.7719,33.8962],[74.7721,33.8888],[74.7731,33.8795],[74.7722,33.8771],[74.7697,33.8775],[74.7688,33.882],[74.7652,33.8874],[74.7627,33.8882],[74.7597,33.8852],[74.7526,33.8758],[74.75,33.87],[74.7423,33.8669],[74.7379,33.8635],[74.73,33.8614],[74.725,33.8581],[74.7175,33.8524],[74.7117,33.849],[74.7106,33.8501],[74.7052,33.8501],[74.7042,33.8516],[74.7107,33.8593],[74.7151,33.8622],[74.721,33.865],[74.7213,33.8671],[74.7159,33.8653],[74.7058,33.8636],[74.7005,33.8632],[74.689,33.8638],[74.6834,33.8685],[74.6792,33.8708],[74.6723,33.8695],[74.6677,33.8694],[74.6676,33.8635],[74.6638,33.859],[74.6591,33.8551],[74.6558,33.851],[74.6497,33.8454],[74.6383,33.836],[74.6286,33.8303],[74.6244,33.8347],[74.6207,33.8356],[74.6109,33.8351],[74.6064,33.833],[74.5963,33.8242],[74.5951,33.8215],[74.5884,33.8107],[74.5842,33.808],[74.5784,33.8061],[74.5747,33.8063],[74.567,33.8039],[74.5603,33.7998],[74.5535,33.7946],[74.5493,33.79],[74.5427,33.785],[74.5374,33.778],[74.5304,33.771],[74.5218,33.7569],[74.5195,33.7491],[74.5207,33.7386],[74.5236,33.7267],[74.5241,33.7204],[74.5215,33.7089],[74.5205,33.7024],[74.5271,33.699],[74.5279,33.695],[74.5368,33.6953],[74.5436,33.6929],[74.542,33.6884],[74.5435,33.6802]]]},"properties":{"id":"in:subdistrict:9","level":"subdistrict","name":"Charar- E- Shrief","code":9,"parent":"in:district:2","state":"in:state:1"}},{"type":"Feature","geometry":{"type":"Polygon","coordinates":[[[74.6677,33.8694],[74.6723,33.8695],[74.6792,33.8708],[74.6834,33.8685],[74.689,33.8638],[74.7005,33.8632],[74.7058,33.8636],[74.7159,33.8653],[74.7213,33.8671],[74.721,33.865],[74.7151,33.8622],[74.7107,33.8593],[74.7042,33.8516],[74.7052,33.8501],[74.7106,33.8501],[74.7117,33.849],[74.7175,33.8524],[74.725,33.8581],[74.73,33.8614],[74.7379,33.8635],[74.7423,33.8669],[74.75,33.87],[74.7526,33.8758],[74.7597,33.8852],[74.7627,33.8882],[74.7652,33.8874],[74.7688,33.882],[74.7697,33.8775],[74.7722,33.8771],[74.7731,33.8795],[74.7721,33.8888],[74.7719,33.8962],[74.7734,33.8975],[74.7807,33.8992],[74.7816,33.9042],[74.7842,33.9074],[74.7815,33.9098],[74.7895,33.9166],[74.7928,33.9203],[74.794,33.9234],[74.7955,33.9373],[74.8003,33.9398],[74.8053,33.9416],[74.8143,33.9466],[74.8184,33.9441],[74.8186,33.9402],[74.8202,33.9361],[74.8161,33.9309],[74.8151,33.9276],[74.8185,33.9206],[74.8221,33.917],[74.8237,33.9117],[74.8278,33.9043],[74.8366,33.9139],[74.8381,33.9166],[74.8395,33.9237],[74.8391,33.9262],[74.8406,33.9312],[74.8404,33.9331],[74.8428,33.9351],[74.8459,33.9326],[74.8501,33.9397],[74.856,33.9451],[74.8585,33.9458],[74.8614,33.9497],[74.8623,33.9552],[74.8666,33.9614],[74.871,33.9655],[74.874,33.9696],[74.8809,33.973],[74.8839,33.9761],[74.8883,33.986],[74.8912,33.991],[74.8945,33.9925],[74.8962,33.9961],[74.9023,33.9959],[74.901,34],[74.9024,34.0007],[74.8982,34.0092],[74.9001,34.012],[74.9026,34.0118],[74.9051,34.0137],[74.9081,34.0148],[74.9087,34.0168],[74.9117,34.0194],[74.9151,34.0205],[74.9164,34.0226],[74.9118,34.0246],[74.9085,34.0239],[74.9037,34.0192],[74.901,34.0176],[74.8983,34.0176],[74.8957,34.0205],[74.8964,34.0238],[74.9013,34.0295],[74.9014,34.0336],[74.8964,34.0354],[74.8905,34.0366],[74.8833,34.0388],[74.8768,34.0355],[74.8712,34.0353],[74.8648,34.0385],[74.8618,34.0408],[74.8594,34.0452],[74.8572,34.0475],[74.8492,34.0514],[74.8468,34.0517],[74.8367,34.0435],[74.837,34.0396],[74.8303,34.0306],[74.8267,34.0287],[74.8214,34.0317],[74.8224,34.0338],[74.8306,34.0429],[74.8322,34.0454],[74.8295,34.0461],[74.8115,34.0447],[74.8133,34.0363],[74.8144,34.0341],[74.8144,34.0289],[74.812,34.021],[74.8117,34.0169],[74.8076,34.0142],[74.8063,34.0081],[74.8064,34.0028],[74.8088,33.9982],[74.8107,33.9914],[74.814,33.9896],[74.8143,33.9856],[74.8129,33.9835],[74.8119,33.9776],[74.8021,33.9786],[74.7991,33.9763],[74.7916,33.9718],[74.7741,33.9664],[74.7645,33.9639],[74.7628,33.9629],[74.758,33.9619],[74.7537,33.9594],[74.7468,33.9538],[74.7439,33.9522],[74.7388,33.9478],[74.7349,33.9458],[74.7276,33.9384],[74.7272,33.9336],[74.7348,33.9264],[74.7348,33.9201],[74.7266,33.9145],[74.7273,33.9107],[74.7226,33.9096],[74.7119,33.9061],[74.7061,33.9037],[74.7032,33.9032],[74.695,33.8999],[74.6902,33.8955],[74.6864,33.89],[74.6828,33.8894],[74.6777,33.8861],[74.6743,33.8815],[74.6676,33.8796],[74.6666,33.8768],[74.667,33.8704],[74.6677,33.8694]]]},"properties":{"id":"in:subdistrict:8","level":"subdistrict","name":"Chadoora","code":8,"parent":"in:district:2","state":"in:state:1"}},{"type":"Feature","geometry":{"type":"Polygon","coordinates":[[[74.5333,34.0382],[74.5319,34.0364],[74.5258,34.0324],[74.5231,34.0298],[74.5154,34.0238],[74.5074,34.0184],[74.5175,34.0182],[74.5299,34.0235],[74.5323,34.0258],[74.5351,34.0235],[74.5345,34.0189],[74.5348,34.0102],[74.5208,34.0046],[74.5135,33.9991],[74.5149,33.9962],[74.5177,33.9933],[74.5231,33.9927],[74.518,33.9848],[74.5194,33.9838],[74.5326,33.9845],[74.5327,33.9803],[74.5301,33.9687],[74.5327,33.9684],[74.5269,33.9524],[74.5283,33.9516],[74.5212,33.9413],[74.5194,33.9348],[74.5196,33.9316],[74.5237,33.9326],[74.5314,33.9328],[74.5359,33.9294],[74.5437,33.9278],[74.549,33.933],[74.5581,33.9304],[74.5593,33.9326],[74.5642,33.935],[74.5731,33.933],[74.5749,33.932],[74.5844,33.9435],[74.5876,33.9506],[74.5913,33.9519],[74.598,33.9526],[74.5986,33.9504],[74.6034,33.9489],[74.6093,33.9479],[74.6201,33.9475],[74.6243,33.951],[74.6248,33.9543],[74.6264,33.9564],[74.6266,33.961],[74.6259,33.969],[74.6252,33.9709],[74.6261,33.9829],[74.6272,33.9859],[74.6326,33.9883],[74.6354,33.9911],[74.6433,33.9971],[74.6461,34.0023],[74.6501,34.0046],[74.6535,34.0019],[74.6591,34.0024],[74.6624,34.0042],[74.6696,34.01],[74.6798,34.0143],[74.6807,34.0156],[74.6856,34.0171],[74.6912,34.0231],[74.692,34.0282],[74.691,34.0345],[74.6876,34.0379],[74.6839,34.0397],[74.6804,34.0457],[74.6798,34.0494],[74.6765,34.059],[74.6743,34.0637],[74.6713,34.0662],[74.669,34.0733],[74.6659,34.0789],[74.6647,34.0868],[74.6673,34.0957],[74.6681,34.1024],[74.6708,34.1083],[74.6766,34.113],[74.6771,34.1091],[74.6857,34.1114],[74.6865,34.1143],[74.6861,34.119],[74.6917,34.1238],[74.6861,34.1274],[74.6768,34.1305],[74.6747,34.1287],[74.669,34.1239],[74.6646,34.1211],[74.6594,34.1165],[74.6514,34.119],[74.649,34.1179],[74.645,34.1131],[74.6329,34.1088],[74.6212,34.1034],[74.6116,34.106],[74.6077,34.1033],[74.6066,34.1012],[74.6076,34.0986],[74.6015,34.0952],[74.5931,34.0889],[74.588,34.0857],[74.5836,34.08],[74.5741,34.0733],[74.5633,34.0663],[74.5583,34.0594],[74.5493,34.0614],[74.5424,34.0566],[74.539,34.0463],[74.5333,34.0382]]]},"properties":{"id":"in:subdistrict:5","level":"subdistrict","name":"Beerwah","code":5,"parent":"in:district:2","state":"in:state:1"}},{"type":"Feature","geometry":{"type":"Polygon","coordinates":[[[74.5565,34.2294],[74.556,34.2268],[74.5527,34.2216],[74.5483,34.2182],[74.5395,34.2183],[74.5289,34.2236],[74.5249,34.2239],[74.5233,34.2223],[74.5223,34.2112],[74.5151,34.214],[74.5129,34.2158],[74.5046,34.2208],[74.5062,34.2238],[74.5004,34.2269],[74.4899,34.2286],[74.4782,34.2275],[74.4729,34.2278],[74.4768,34.22],[74.4806,34.2145],[74.4826,34.2132],[74.4859,34.2137],[74.4862,34.2104],[74.4886,34.204],[74.4865,34.2006],[74.4798,34.1953],[74.4801,34.1874],[74.4834,34.1818],[74.4886,34.1803],[74.4886,34.1782],[74.4862,34.1756],[74.4864,34.1714],[74.492,34.1701],[74.4901,34.159],[74.4871,34.1572],[74.4834,34.1564],[74.4782,34.1591],[74.4739,34.1565],[74.4739,34.1511],[74.4724,34.1452],[74.4711,34.1432],[74.4681,34.1419],[74.4588,34.1394],[74.4563,34.1366],[74.457,34.1287],[74.4621,34.1283],[74.4645,34.1266],[74.4751,34.1263],[74.4828,34.1246],[74.4949,34.1233],[74.5023,34.1211],[74.4966,34.1184],[74.4959,34.1161],[74.5006,34.1134],[74.5179,34.1153],[74.523,34.1149],[74.5283,34.1175],[74.5307,34.1172],[74.5343,34.1141],[74.5406,34.1162],[74.5437,34.1193],[74.5456,34.1197],[74.5686,34.121],[74.5802,34.119],[74.5815,34.1118],[74.5803,34.1085],[74.582,34.1032],[74.5844,34.1035],[74.5889,34.1007],[74.5949,34.1031],[74.5997,34.1026],[74.6076,34.0986],[74.6066,34.1012],[74.6077,34.1033],[74.6116,34.106],[74.6212,34.1034],[74.6329,34.1088],[74.645,34.1131],[74.649,34.1179],[74.6514,34.119],[74.6594,34.1165],[74.6646,34.1211],[74.669,34.1239],[74.6747,34.1287],[74.6756,34.1322],[74.6842,34.1416],[74.6928,34.1525],[74.6981,34.155],[74.7024,34.1554],[74.7012,34.1596],[74.6965,34.1658],[74.6964,34.1702],[74.6938,34.1734],[74.6851,34.1751],[74.6817,34.1779],[74.6795,34.1716],[74.6765,34.1687],[74.6738,34.1677],[74.6691,34.1674],[74.6651,34.1658],[74.6529,34.1644],[74.6418,34.1594],[74.6365,34.1607],[74.6374,34.1662],[74.6371,34.1736],[74.6356,34.1794],[74.6302,34.1769],[74.6212,34.175],[74.61,34.1753],[74.5987,34.1771],[74.5902,34.1819],[74.5792,34.1861],[74.5732,34.1871],[74.5751,34.1902],[74.5766,34.1957],[74.5779,34.1975],[74.5799,34.2085],[74.5804,34.2156],[74.5795,34.2247],[74.5639,34.2281],[74.5565,34.2294]]]},"properties":{"id":"in:subdistrict:34","level":"subdistrict","name":"Pattan","code":34,"parent":"in:district:3","state":"in:state:1"}},{"type":"Feature","geometry":{"type":"Polygon","coordinates":[[[74.7628,33.9629],[74.7645,33.9639],[74.7741,33.9664],[74.7916,33.9718],[74.7991,33.9763],[74.8021,33.9786],[74.8119,33.9776],[74.8129,33.9835],[74.8143,33.9856],[74.814,33.9896],[74.8107,33.9914],[74.8088,33.9982],[74.8064,34.0028],[74.8063,34.0081],[74.8076,34.0142],[74.8117,34.0169],[74.812,34.021],[74.8144,34.0289],[74.8144,34.0341],[74.8133,34.0363],[74.8115,34.0447],[74.8084,34.0447],[74.7999,34.0413],[74.7986,34.0383],[74.8002,34.0368],[74.8021,34.0285],[74.799,34.0281],[74.7946,34.03],[74.7947,34.0267],[74.7987,34.0223],[74.7955,34.0204],[74.7869,34.0254],[74.7828,34.0264],[74.7769,34.0296],[74.7822,34.0349],[74.7797,34.0398],[74.776,34.0398],[74.7725,34.041],[74.7737,34.0438],[74.7714,34.0475],[74.7677,34.0495],[74.7666,34.0555],[74.7646,34.0577],[74.7603,34.0591],[74.7603,34.062],[74.762,34.0678],[74.7665,34.069],[74.7715,34.0719],[74.7658,34.0741],[74.7531,34.0845],[74.7436,34.0909],[74.7347,34.0924],[74.7204,34.0953],[74.717,34.0944],[74.7093,34.0959],[74.7084,34.0994],[74.709,34.1023],[74.7121,34.106],[74.7115,34.1071],[74.7054,34.1074],[74.7076,34.105],[74.7031,34.1038],[74.7009,34.1],[74.6924,34.0973],[74.6881,34.0948],[74.6842,34.1],[74.6817,34.1007],[74.6845,34.1051],[74.6817,34.1058],[74.6797,34.1044],[74.6761,34.1058],[74.6771,34.1091],[74.6766,34.113],[74.6708,34.1083],[74.6681,34.1024],[74.6673,34.0957],[74.6647,34.0868],[74.6659,34.0789],[74.669,34.0733],[74.6713,34.0662],[74.6743,34.0637],[74.6765,34.059],[74.6798,34.0494],[74.6804,34.0457],[74.6839,34.0397],[74.6876,34.0379],[74.691,34.0345],[74.692,34.0282],[74.6948,34.0277],[74.6955,34.0191],[74.6985,34.0186],[74.6989,34.0125],[74.7008,34.0114],[74.7021,34.0069],[74.7056,34.0051],[74.7026,33.997],[74.6967,33.9865],[74.7057,33.9899],[74.7149,33.991],[74.7298,33.9898],[74.732,33.9916],[74.7268,33.9977],[74.7334,34.0014],[74.7393,34.0012],[74.7456,33.9974],[74.7486,33.9963],[74.7542,33.9915],[74.7507,33.9877],[74.7465,33.9845],[74.7483,33.9834],[74.7479,33.9738],[74.7504,33.9743],[74.7549,33.9734],[74.7588,33.97],[74.7628,33.9629]]]},"properties":{"id":"in:subdistrict:7","level":"subdistrict","name":"Budgam","code":7,"parent":"in:district:2","state":"in:state:1"}},{"type":"Feature","geometry":{"type":"Polygon","coordinates":[[[74.9122,34.1979],[74.9064,34.1964],[74.9053,34.1934],[74.8964,34.1912],[74.8914,34.1932],[74.8874,34.1925],[74.8846,34.1904],[74.8781,34.1902],[74.8764,34.1939],[74.8746,34.1951],[74.876,34.1976],[74.875,34.2006],[74.8782,34.2031],[74.8837,34.2031],[74.8808,34.2089],[74.878,34.2073],[74.8761,34.208],[74.8736,34.2122],[74.8707,34.2059],[74.8666,34.2051],[74.8577,34.1996],[74.8554,34.1869],[74.8554,34.1823],[74.8544,34.1805],[74.8483,34.1777],[74.8402,34.1773],[74.8293,34.1752],[74.8252,34.1753],[74.8231,34.1764],[74.8197,34.1815],[74.8175,34.1832],[74.81,34.1838],[74.8071,34.1829],[74.8073,34.1798],[74.8095,34.1758],[74.8176,34.1663],[74.8176,34.1629],[74.8041,34.1636],[74.8023,34.1693],[74.799,34.1743],[74.7919,34.1763],[74.771,34.1758],[74.7669,34.1754],[74.7623,34.1703],[74.7536,34.1623],[74.7499,34.1603],[74.7451,34.1609],[74.743,34.1609],[74.7368,34.1652],[74.7265,34.166],[74.7238,34.1656],[74.7207,34.1681],[74.7097,34.1763],[74.6955,34.1846],[74.6908,34.1859],[74.684,34.1839],[74.6759,34.1841],[74.6817,34.1779],[74.6851,34.1751],[74.6938,34.1734],[74.6964,34.1702],[74.6965,34.1658],[74.7012,34.1596],[74.7024,34.1554],[74.6981,34.155],[74.6928,34.1525],[74.6842,34.1416],[74.6756,34.1322],[74.6747,34.1287],[74.6768,34.1305],[74.6861,34.1274],[74.6917,34.1238],[74.6861,34.119],[74.6865,34.1143],[74.6857,34.1114],[74.6771,34.1091],[74.6761,34.1058],[74.6797,34.1044],[74.6817,34.1058],[74.6845,34.1051],[74.6817,34.1007],[74.6842,34.1],[74.6881,34.0948],[74.6924,34.0973],[74.7009,34.1],[74.7031,34.1038],[74.7076,34.105],[74.7054,34.1074],[74.7115,34.1071],[74.7121,34.106],[74.709,34.1023],[74.7084,34.0994],[74.7093,34.0959],[74.717,34.0944],[74.7204,34.0953],[74.7347,34.0924],[74.7436,34.0909],[74.7531,34.0845],[74.7658,34.0741],[74.7715,34.0719],[74.7665,34.069],[74.762,34.0678],[74.7603,34.062],[74.7603,34.0591],[74.7646,34.0577],[74.7666,34.0555],[74.7677,34.0495],[74.7714,34.0475],[74.7737,34.0438],[74.7725,34.041],[74.776,34.0398],[74.7797,34.0398],[74.7822,34.0349],[74.7769,34.0296],[74.7828,34.0264],[74.7869,34.0254],[74.7955,34.0204],[74.7987,34.0223],[74.7947,34.0267],[74.7946,34.03],[74.799,34.0281],[74.8021,34.0285],[74.8002,34.0368],[74.7986,34.0383],[74.7999,34.0413],[74.8084,34.0447],[74.8115,34.0447],[74.8295,34.0461],[74.8322,34.0454],[74.8306,34.0429],[74.8224,34.0338],[74.8214,34.0317],[74.8267,34.0287],[74.8303,34.0306],[74.837,34.0396],[74.8367,34.0435],[74.8468,34.0517],[74.8492,34.0514],[74.8572,34.0475],[74.8594,34.0452],[74.8618,34.0408],[74.8648,34.0385],[74.8712,34.0353],[74.8768,34.0355],[74.8833,34.0388],[74.8905,34.0366],[74.8964,34.0354],[74.9014,34.0336],[74.903,34.035],[74.9161,34.0357],[74.9147,34.0328],[74.9159,34.0301],[74.9195,34.0297],[74.922,34.0319],[74.9217,34.0354],[74.9271,34.0378],[74.9293,34.0338],[74.9311,34.0288],[74.9369,34.0284],[74.9432,34.0268],[74.9455,34.0287],[74.9509,34.0292],[74.952,34.0321],[74.9543,34.0332],[74.9547,34.0375],[74.9599,34.0433],[74.959,34.0455],[74.9651,34.05],[74.9692,34.0487],[74.9722,34.0499],[74.973,34.0523],[74.977,34.0573],[74.977,34.065],[74.983,34.0713],[74.9881,34.0728],[74.9906,34.0754],[74.9965,34.077],[75.0014,34.0795],[75,34.0829],[74.9961,34.0818],[74.9933,34.085],[74.9914,34.0857],[74.9914,34.0906],[74.9866,34.0933],[74.9828,34.0968],[74.9794,34.0982],[74.9763,34.0981],[74.9784,34.0906],[74.9821,34.0873],[74.9797,34.0817],[74.9738,34.081],[74.9723,34.0773],[74.969,34.076],[74.9632,34.077],[74.9597,34.0729],[74.9578,34.0722],[74.9549,34.0745],[74.9499,34.0743],[74.9464,34.0752],[74.9435,34.0732],[74.941,34.0695],[74.9353,34.0656],[74.9299,34.0653],[74.9274,34.0625],[74.9194,34.0605],[74.9226,34.0558],[74.921,34.0538],[74.9163,34.051],[74.9113,34.0503],[74.9033,34.0473],[74.8984,34.0468],[74.895,34.0493],[74.8908,34.0477],[74.8882,34.0443],[74.884,34.0433],[74.8754,34.0448],[74.8716,34.0489],[74.8672,34.0501],[74.8669,34.0523],[74.8696,34.0542],[74.8667,34.0603],[74.8598,34.0701],[74.8623,34.0745],[74.8674,34.0737],[74.8684,34.0808],[74.8721,34.0825],[74.8784,34.0838],[74.8818,34.0797],[74.8849,34.0798],[74.8879,34.082],[74.8904,34.0866],[74.8883,34.0902],[74.8881,34.0938],[74.8901,34.0953],[74.8959,34.093],[74.8985,34.0949],[74.9022,34.095],[74.9058,34.093],[74.9109,34.0921],[74.9109,34.0956],[74.9076,34.0977],[74.9029,34.0987],[74.9018,34.104],[74.898,34.1061],[74.8956,34.1149],[74.8919,34.1201],[74.895,34.1216],[74.8937,34.1247],[74.8891,34.1291],[74.8925,34.132],[74.8922,34.137],[74.8881,34.1396],[74.8889,34.143],[74.8881,34.1473],[74.89,34.149],[74.8996,34.1516],[74.9027,34.1537],[74.905,34.1578],[74.9136,34.1577],[74.9165,34.157],[74.9182,34.1535],[74.924,34.1555],[74.9266,34.1526],[74.9306,34.1537],[74.9337,34.1578],[74.9321,34.1619],[74.9259,34.1611],[74.9232,34.1684],[74.9237,34.1734],[74.9193,34.1744],[74.9119,34.1735],[74.9104,34.1757],[74.9171,34.1791],[74.9213,34.1781],[74.9249,34.1799],[74.9255,34.1851],[74.9199,34.1853],[74.9188,34.1878],[74.9195,34.1905],[74.922,34.1928],[74.9234,34.197],[74.9258,34.1985],[74.9262,34.2017],[74.9267,34.2029],[74.9234,34.2059],[74.9202,34.2041],[74.9205,34.2004],[74.9144,34.1991],[74.9122,34.1979]]]},"properties":{"id":"in:subdistrict:44","level":"subdistrict","name":"Srinagar (South)","code":44,"parent":"in:district:13","state":"in:state:1"}},{"type":"Feature","geometry":{"type":"Polygon","coordinates":[[[74.8347,34.272],[74.8264,34.267],[74.8254,34.2627],[74.8191,34.261],[74.8135,34.258],[74.8044,34.2502],[74.8009,34.2493],[74.7974,34.2447],[74.7932,34.2421],[74.7936,34.2361],[74.7912,34.2331],[74.7911,34.2265],[74.7888,34.2231],[74.7886,34.2186],[74.7918,34.2134],[74.7916,34.2061],[74.7873,34.2039],[74.7787,34.2041],[74.7756,34.2025],[74.7749,34.2002],[74.7717,34.2004],[74.7686,34.2052],[74.766,34.2068],[74.761,34.2129],[74.7578,34.2127],[74.7475,34.2146],[74.7455,34.2125],[74.7455,34.2078],[74.7465,34.2033],[74.746,34.1993],[74.7468,34.1958],[74.7409,34.1939],[74.7348,34.1897],[74.7275,34.1873],[74.7248,34.1824],[74.7176,34.1811],[74.7186,34.1779],[74.7241,34.1713],[74.7243,34.1692],[74.7207,34.1681],[74.7238,34.1656],[74.7265,34.166],[74.7368,34.1652],[74.743,34.1609],[74.7451,34.1609],[74.7499,34.1603],[74.7536,34.1623],[74.7623,34.1703],[74.7669,34.1754],[74.771,34.1758],[74.7919,34.1763],[74.799,34.1743],[74.8023,34.1693],[74.8041,34.1636],[74.8176,34.1629],[74.8176,34.1663],[74.8095,34.1758],[74.8073,34.1798],[74.8071,34.1829],[74.81,34.1838],[74.8175,34.1832],[74.8197,34.1815],[74.8231,34.1764],[74.8252,34.1753],[74.8293,34.1752],[74.8402,34.1773],[74.8483,34.1777],[74.8544,34.1805],[74.8554,34.1823],[74.8554,34.1869],[74.8577,34.1996],[74.8666,34.2051],[74.8707,34.2059],[74.8736,34.2122],[74.8761,34.208],[74.878,34.2073],[74.8808,34.2089],[74.8837,34.2031],[74.8782,34.2031],[74.875,34.2006],[74.876,34.1976],[74.8746,34.1951],[74.8764,34.1939],[74.8781,34.1902],[74.8846,34.1904],[74.8874,34.1925],[74.8914,34.1932],[74.8964,34.1912],[74.9053,34.1934],[74.9064,34.1964],[74.9122,34.1979],[74.9093,34.2017],[74.8951,34.2098],[74.8907,34.2144],[74.8853,34.2165],[74.8828,34.2208],[74.8812,34.2217],[74.8787,34.2154],[74.8771,34.2151],[74.8694,34.2188],[74.8609,34.225],[74.8596,34.2275],[74.8587,34.2358],[74.8562,34.2458],[74.8551,34.2485],[74.8549,34.2548],[74.8555,34.2636],[74.8546,34.2683],[74.8515,34.2709],[74.8399,34.2728],[74.8347,34.272]]]},"properties":{"id":"in:subdistrict:47","level":"subdistrict","name":"Ganderbal","code":47,"parent":"in:district:626","state":"in:state:1"}},{"type":"Feature","geometry":{"type":"Polygon","coordinates":[[[74.9262,34.2017],[74.9258,34.1985],[74.9234,34.197],[74.922,34.1928],[74.9195,34.1905],[74.9188,34.1878],[74.9199,34.1853],[74.9255,34.1851],[74.9249,34.1799],[74.9213,34.1781],[74.9171,34.1791],[74.9104,34.1757],[74.9119,34.1735],[74.9193,34.1744],[74.9237,34.1734],[74.9232,34.1684],[74.9259,34.1611],[74.9321,34.1619],[74.9337,34.1578],[74.9306,34.1537],[74.9266,34.1526],[74.924,34.1555],[74.9182,34.1535],[74.9165,34.157],[74.9136,34.1577],[74.905,34.1578],[74.9027,34.1537],[74.8996,34.1516],[74.89,34.149],[74.8881,34.1473],[74.8889,34.143],[74.8881,34.1396],[74.8922,34.137],[74.8925,34.132],[74.8891,34.1291],[74.8937,34.1247],[74.895,34.1216],[74.8919,34.1201],[74.8956,34.1149],[74.898,34.1061],[74.9018,34.104],[74.9029,34.0987],[74.9076,34.0977],[74.9109,34.0956],[74.9109,34.0921],[74.9058,34.093],[74.9022,34.095],[74.8985,34.0949],[74.8959,34.093],[74.8901,34.0953],[74.8881,34.0938],[74.8883,34.0902],[74.8904,34.0866],[74.8879,34.082],[74.8849,34.0798],[74.8818,34.0797],[74.8784,34.0838],[74.8721,34.0825],[74.8684,34.0808],[74.8674,34.0737],[74.8623,34.0745],[74.8598,34.0701],[74.8667,34.0603],[74.8696,34.0542],[74.8669,34.0523],[74.8672,34.0501],[74.8716,34.0489],[74.8754,34.0448],[74.884,34.0433],[74.8882,34.0443],[74.8908,34.0477],[74.895,34.0493],[74.8984,34.0468],[74.9033,34.0473],[74.9113,34.0503],[74.9163,34.051],[74.921,34.0538],[74.9226,34.0558],[74.9194,34.0605],[74.9274,34.0625],[74.9299,34.0653],[74.9353,34.0656],[74.941,34.0695],[74.9435,34.0732],[74.9464,34.0752],[74.9499,34.0743],[74.9549,34.0745],[74.9578,34.0722],[74.9597,34.0729],[74.9632,34.077],[74.969,34.076],[74.9723,34.0773],[74.9738,34.081],[74.9797,34.0817],[74.9821,34.0873],[74.9784,34.0906],[74.9763,34.0981],[74.9794,34.0982],[74.9828,34.0968],[74.9866,34.0933],[74.9914,34.0906],[74.9914,34.0857],[74.9933,34.085],[74.9961,34.0818],[75,34.0829],[75.0014,34.0795],[74.9965,34.077],[74.9906,34.0754],[74.9881,34.0728],[74.983,34.0713],[74.977,34.065],[74.977,34.0573],[74.973,34.0523],[74.9788,34.0476],[74.9838,34.0462],[74.9924,34.0498],[74.9933,34.0565],[74.9928,34.0586],[74.9973,34.063],[75.0025,34.0652],[75.0064,34.0729],[75.0109,34.0769],[75.0131,34.0825],[75.0163,34.0854],[75.0272,34.0857],[75.0321,34.0837],[75.035,34.0837],[75.0374,34.087],[75.0369,34.094],[75.0385,34.096],[75.0434,34.0943],[75.0463,34.0958],[75.0486,34.0992],[75.0541,34.1006],[75.0585,34.1046],[75.0606,34.1096],[75.0672,34.1054],[75.0723,34.1036],[75.0765,34.1034],[75.0815,34.1011],[75.0867,34.1014],[75.0945,34.1014],[75.0998,34.0972],[75.1066,34.0973],[75.1097,34.0984],[75.111,34.0964],[75.1135,34.0896],[75.1154,34.0892],[75.1254,34.0937],[75.1327,34.0939],[75.1378,34.0953],[75.1422,34.0952],[75.1409,34.1002],[75.139,34.103],[75.1391,34.1093],[75.1425,34.1184],[75.1465,34.1214],[75.1431,34.1271],[75.1379,34.1331],[75.1367,34.1397],[75.1329,34.1412],[75.1291,34.1441],[75.1239,34.1458],[75.1204,34.1481],[75.1101,34.1518],[75.1037,34.1514],[75.0966,34.1543],[75.1035,34.1575],[75.1061,34.1598],[75.1031,34.1686],[75.09,34.1677],[75.0873,34.1686],[75.0799,34.1671],[75.072,34.1648],[75.0646,34.1717],[75.0582,34.174],[75.0513,34.1746],[75.047,34.1711],[75.0391,34.1699],[75.0328,34.1681],[75.0233,34.1697],[75.0206,34.1685],[75.0158,34.1648],[75.0142,34.1622],[75.0113,34.1606],[75.0064,34.1621],[74.9976,34.1669],[74.9959,34.1694],[74.9926,34.1688],[74.9842,34.1706],[74.9796,34.1729],[74.9748,34.1797],[74.9719,34.1821],[74.9653,34.1838],[74.9553,34.1849],[74.9538,34.1878],[74.9496,34.1885],[74.9449,34.1977],[74.9409,34.2015],[74.9345,34.2033],[74.9262,34.2017]]]},"properties":{"id":"in:subdistrict:43","level":"subdistrict","name":"Srinagar (North)","code":43,"parent":"in:district:626","state":"in:state:1"}},{"type":"Feature","geometry":{"type":"Polygon","coordinates":[[[74.9051,34.0137],[74.9164,34.0012],[74.9206,33.9971],[74.924,33.9952],[74.9191,33.9926],[74.9148,33.9919],[74.9127,33.9839],[74.9134,33.9797],[74.9173,33.9765],[74.924,33.9699],[74.9247,33.9661],[74.9272,33.9601],[74.9315,33.9588],[74.9473,33.9661],[74.9497,33.9657],[74.9546,33.9684],[74.9585,33.9678],[74.9625,33.9638],[74.9668,33.957],[74.969,33.956],[74.9739,33.957],[74.976,33.9561],[74.9787,33.9507],[74.983,33.9453],[74.9873,33.9435],[74.9923,33.9375],[74.9937,33.9331],[74.9971,33.9299],[74.9986,33.9303],[75.0035,33.9284],[75.0032,33.9313],[74.9993,33.9402],[74.999,33.9452],[75.0039,33.9483],[75.0066,33.9484],[75.009,33.9465],[75.0137,33.9459],[75.0239,33.9464],[75.0246,33.9485],[75.0306,33.9474],[75.0399,33.9438],[75.0438,33.939],[75.0605,33.9393],[75.0626,33.94],[75.0608,33.9443],[75.0572,33.9452],[75.0522,33.9438],[75.0499,33.9452],[75.0518,33.9523],[75.0549,33.9599],[75.0587,33.9653],[75.0605,33.9694],[75.0636,33.9677],[75.0682,33.968],[75.0726,33.971],[75.0739,33.9745],[75.0705,33.976],[75.0644,33.9747],[75.0608,33.9769],[75.0599,33.9799],[75.0638,33.9822],[75.0678,33.9819],[75.0718,33.9841],[75.0733,33.9871],[75.0704,33.9875],[75.0693,33.9906],[75.0715,33.9981],[75.0706,34.0032],[75.0797,34.015],[75.0774,34.0157],[75.0743,34.0139],[75.0728,34.0151],[75.0726,34.0184],[75.0749,34.0251],[75.0748,34.0293],[75.0764,34.0316],[75.0795,34.0394],[75.0777,34.0514],[75.0761,34.0676],[75.0761,34.077],[75.0778,34.0872],[75.0826,34.0885],[75.0833,34.0956],[75.0867,34.1014],[75.0815,34.1011],[75.0765,34.1034],[75.0723,34.1036],[75.0672,34.1054],[75.0606,34.1096],[75.0585,34.1046],[75.0541,34.1006],[75.0486,34.0992],[75.0463,34.0958],[75.0434,34.0943],[75.0385,34.096],[75.0369,34.094],[75.0374,34.087],[75.035,34.0837],[75.0321,34.0837],[75.0272,34.0857],[75.0163,34.0854],[75.0131,34.0825],[75.0109,34.0769],[75.0064,34.0729],[75.0025,34.0652],[74.9973,34.063],[74.9928,34.0586],[74.9933,34.0565],[74.9924,34.0498],[74.9838,34.0462],[74.9788,34.0476],[74.973,34.0523],[74.9722,34.0499],[74.9692,34.0487],[74.9651,34.05],[74.959,34.0455],[74.9599,34.0433],[74.9547,34.0375],[74.9543,34.0332],[74.952,34.0321],[74.9509,34.0292],[74.9455,34.0287],[74.9432,34.0268],[74.9369,34.0284],[74.9311,34.0288],[74.9293,34.0338],[74.9271,34.0378],[74.9217,34.0354],[74.922,34.0319],[74.9195,34.0297],[74.9159,34.0301],[74.9147,34.0328],[74.9161,34.0357],[74.903,34.035],[74.9014,34.0336],[74.9013,34.0295],[74.8964,34.0238],[74.8957,34.0205],[74.8983,34.0176],[74.901,34.0176],[74.9037,34.0192],[74.9085,34.0239],[74.9118,34.0246],[74.9164,34.0226],[74.9151,34.0205],[74.9117,34.0194],[74.9087,34.0168],[74.9081,34.0148],[74.9051,34.0137]]]},"properties":{"id":"in:subdistrict:48","level":"subdistrict","name":"Pampore","code":48,"parent":"in:district:11","state":"in:state:1"}},{"type":"Feature","geometry":{"type":"Polygon","coordinates":[[[75.0201,33.81],[75.0217,33.8143],[75.0284,33.8172],[75.0295,33.8228],[75.0224,33.8216],[75.0166,33.8225],[75.0086,33.8226],[75.0116,33.8293],[75.0078,33.8335],[75.0087,33.8364],[75.0056,33.8367],[74.9919,33.8403],[74.9887,33.8396],[74.9866,33.8422],[74.9843,33.8411],[74.9826,33.8445],[74.9777,33.8464],[74.9776,33.8484],[74.9809,33.8496],[74.9833,33.8521],[74.9883,33.8619],[74.9877,33.8665],[74.9858,33.8662],[74.9784,33.8698],[74.9771,33.8682],[74.9721,33.8652],[74.9676,33.8641],[74.9657,33.8673],[74.9617,33.8698],[74.9613,33.8739],[74.9655,33.8779],[74.964,33.8836],[74.9589,33.8897],[74.9647,33.8974],[74.9718,33.8984],[74.9742,33.9029],[74.9744,33.9074],[74.9774,33.9102],[74.9795,33.9138],[74.9794,33.9169],[74.9738,33.9167],[74.9717,33.9224],[74.9759,33.9294],[74.9749,33.9321],[74.9691,33.9358],[74.9712,33.9396],[74.9726,33.9444],[74.9701,33.9511],[74.969,33.956],[74.9668,33.957],[74.9625,33.9638],[74.9585,33.9678],[74.9546,33.9684],[74.9497,33.9657],[74.9473,33.9661],[74.9315,33.9588],[74.9272,33.9601],[74.9247,33.9661],[74.924,33.9699],[74.9173,33.9765],[74.9134,33.9797],[74.9127,33.9839],[74.9148,33.9919],[74.9191,33.9926],[74.924,33.9952],[74.9206,33.9971],[74.9164,34.0012],[74.9051,34.0137],[74.9026,34.0118],[74.9001,34.012],[74.8982,34.0092],[74.9024,34.0007],[74.901,34],[74.9023,33.9959],[74.8962,33.9961],[74.8945,33.9925],[74.8912,33.991],[74.8883,33.986],[74.8839,33.9761],[74.8809,33.973],[74.874,33.9696],[74.871,33.9655],[74.8666,33.9614],[74.8623,33.9552],[74.8614,33.9497],[74.8585,33.9458],[74.856,33.9451],[74.8501,33.9397],[74.8459,33.9326],[74.8428,33.9351],[74.8404,33.9331],[74.8406,33.9312],[74.8391,33.9262],[74.8395,33.9237],[74.8381,33.9166],[74.8366,33.9139],[74.8278,33.9043],[74.8219,33.8971],[74.8202,33.8892],[74.822,33.8856],[74.8222,33.8777],[74.8201,33.873],[74.818,33.8647],[74.8117,33.8603],[74.8011,33.8493],[74.7968,33.8459],[74.7999,33.8424],[74.797,33.8403],[74.7928,33.8392],[74.7906,33.8351],[74.7925,33.833],[74.7954,33.8265],[74.7921,33.8269],[74.7898,33.8234],[74.7865,33.8216],[74.778,33.8216],[74.7754,33.821],[74.7717,33.8156],[74.7743,33.8105],[74.7656,33.8102],[74.7616,33.8124],[74.7576,33.812],[74.7561,33.8175],[74.7565,33.821],[74.7537,33.8206],[74.7491,33.8215],[74.7419,33.8218],[74.7362,33.8158],[74.7325,33.8128],[74.723,33.8064],[74.718,33.8089],[74.7162,33.8047],[74.7132,33.8005],[74.7118,33.7952],[74.7153,33.7952],[74.7269,33.7989],[74.7315,33.8014],[74.7368,33.8014],[74.7395,33.805],[74.7444,33.8063],[74.7452,33.8075],[74.7553,33.8088],[74.7585,33.8086],[74.7613,33.8069],[74.7641,33.8025],[74.7655,33.7983],[74.7691,33.7955],[74.7731,33.7954],[74.7777,33.7912],[74.7958,33.7997],[74.7983,33.7999],[74.8089,33.7981],[74.8146,33.7944],[74.8181,33.7895],[74.8214,33.7889],[74.8235,33.7855],[74.8275,33.7867],[74.8351,33.796],[74.8403,33.8016],[74.8465,33.8103],[74.8465,33.8136],[74.8439,33.8181],[74.8494,33.8213],[74.8511,33.8213],[74.8566,33.8162],[74.8626,33.815],[74.8765,33.8174],[74.8777,33.8165],[74.8767,33.8126],[74.8702,33.81],[74.864,33.8065],[74.8586,33.8022],[74.8566,33.7998],[74.8583,33.7972],[74.8622,33.7951],[74.8642,33.7958],[74.8742,33.7959],[74.876,33.7922],[74.8798,33.791],[74.8828,33.7953],[74.8862,33.7982],[74.8904,33.7966],[74.8928,33.7992],[74.8913,33.8023],[74.9,33.8088],[74.9043,33.8103],[74.9065,33.8071],[74.9102,33.806],[74.9131,33.8072],[74.9215,33.8139],[74.9263,33.8142],[74.926,33.811],[74.9281,33.8095],[74.9332,33.808],[74.9271,33.8037],[74.927,33.8011],[74.9358,33.8028],[74.9347,33.7965],[74.9365,33.7942],[74.9406,33.7914],[74.9504,33.7924],[74.9661,33.7951],[74.9689,33.7973],[74.9772,33.8057],[74.9803,33.8094],[74.9841,33.8077],[74.9903,33.8022],[74.9954,33.7994],[75.0006,33.8013],[75,33.8052],[75.0007,33.8118],[75.0082,33.8107],[75.0109,33.8095],[75.0154,33.8105],[75.0201,33.81]]]},"properties":{"id":"in:subdistrict:51","level":"subdistrict","name":"Pulwama","code":51,"parent":"in:district:11","state":"in:state:1"}},{"type":"Feature","geometry":{"type":"Polygon","coordinates":[[[75.053,33.8125],[75.0592,33.8177],[75.0631,33.8172],[75.0634,33.8204],[75.0621,33.8263],[75.0591,33.8328],[75.0603,33.8346],[75.0656,33.8349],[75.0672,33.8369],[75.0671,33.8403],[75.0607,33.8462],[75.0559,33.8474],[75.0507,33.8527],[75.0465,33.853],[75.0568,33.8585],[75.0586,33.8531],[75.0616,33.8541],[75.0637,33.8519],[75.0673,33.8526],[75.0676,33.8547],[75.0704,33.8552],[75.0731,33.853],[75.0825,33.8535],[75.0853,33.8573],[75.0883,33.858],[75.0899,33.861],[75.0921,33.8618],[75.0903,33.8635],[75.0878,33.8697],[75.088,33.8742],[75.091,33.8759],[75.0942,33.8756],[75.0962,33.8844],[75.0954,33.8892],[75.0892,33.8902],[75.0812,33.8883],[75.0785,33.8908],[75.0808,33.8996],[75.0768,33.8984],[75.0725,33.9042],[75.0783,33.9109],[75.0825,33.9203],[75.0815,33.9226],[75.0734,33.9206],[75.0724,33.928],[75.0757,33.9341],[75.0756,33.936],[75.0692,33.9383],[75.0626,33.94],[75.0605,33.9393],[75.0438,33.939],[75.0399,33.9438],[75.0306,33.9474],[75.0246,33.9485],[75.0239,33.9464],[75.0137,33.9459],[75.009,33.9465],[75.0066,33.9484],[75.0039,33.9483],[74.999,33.9452],[74.9993,33.9402],[75.0032,33.9313],[75.0035,33.9284],[74.9986,33.9303],[74.9971,33.9299],[74.9937,33.9331],[74.9923,33.9375],[74.9873,33.9435],[74.983,33.9453],[74.9787,33.9507],[74.976,33.9561],[74.9739,33.957],[74.969,33.956],[74.9701,33.9511],[74.9726,33.9444],[74.9712,33.9396],[74.9691,33.9358],[74.9749,33.9321],[74.9759,33.9294],[74.9717,33.9224],[74.9738,33.9167],[74.9794,33.9169],[74.9795,33.9138],[74.9774,33.9102],[74.9744,33.9074],[74.9742,33.9029],[74.9718,33.8984],[74.9647,33.8974],[74.9589,33.8897],[74.964,33.8836],[74.9655,33.8779],[74.9613,33.8739],[74.9617,33.8698],[74.9657,33.8673],[74.9676,33.8641],[74.9721,33.8652],[74.9771,33.8682],[74.9784,33.8698],[74.9858,33.8662],[74.9877,33.8665],[74.9883,33.8619],[74.9833,33.8521],[74.9809,33.8496],[74.9776,33.8484],[74.9777,33.8464],[74.9826,33.8445],[74.9843,33.8411],[74.9866,33.8422],[74.9887,33.8396],[74.9919,33.8403],[75.0056,33.8367],[75.0087,33.8364],[75.0078,33.8335],[75.0116,33.8293],[75.0086,33.8226],[75.0166,33.8225],[75.0224,33.8216],[75.0295,33.8228],[75.0284,33.8172],[75.0217,33.8143],[75.0201,33.81],[75.0306,33.8095],[75.0364,33.8117],[75.0406,33.8104],[75.0422,33.8122],[75.0452,33.8125],[75.0498,33.815],[75.053,33.8125]]]},"properties":{"id":"in:subdistrict:49","level":"subdistrict","name":"Awantipora","code":49,"parent":"in:district:11","state":"in:state:1"}},{"type":"Feature","geometry":{"type":"Polygon","coordinates":[[[75.0671,33.8403],[75.0755,33.8339],[75.0761,33.8312],[75.0925,33.8134],[75.1008,33.8111],[75.1061,33.8069],[75.1078,33.8017],[75.102,33.793],[75.1015,33.7901],[75.1034,33.7827],[75.103,33.7731],[75.1052,33.7713],[75.113,33.7709],[75.1148,33.7756],[75.1174,33.7778],[75.1201,33.7678],[75.1219,33.765],[75.1222,33.7594],[75.1214,33.7488],[75.1226,33.7425],[75.127,33.7423],[75.1321,33.7431],[75.1362,33.7424],[75.1412,33.7445],[75.1462,33.7449],[75.1456,33.7482],[75.143,33.749],[75.1373,33.7545],[75.1403,33.7562],[75.1452,33.7632],[75.1506,33.7646],[75.1618,33.7684],[75.1642,33.77],[75.1637,33.7725],[75.1579,33.7765],[75.1591,33.7796],[75.1637,33.7828],[75.165,33.7869],[75.1702,33.7956],[75.1735,33.7956],[75.1775,33.794],[75.1803,33.7958],[75.1855,33.8009],[75.189,33.8025],[75.1953,33.799],[75.1984,33.8048],[75.2008,33.8072],[75.2046,33.8092],[75.2079,33.8085],[75.2135,33.8133],[75.2145,33.8166],[75.2071,33.8183],[75.2041,33.8208],[75.2008,33.8275],[75.2009,33.83],[75.2039,33.8342],[75.202,33.8355],[75.1936,33.8324],[75.1888,33.8334],[75.1847,33.8356],[75.1863,33.8395],[75.196,33.8433],[75.1976,33.8451],[75.1963,33.851],[75.1941,33.852],[75.1931,33.8564],[75.194,33.864],[75.1935,33.8667],[75.1953,33.8753],[75.1947,33.8823],[75.1921,33.8891],[75.1945,33.9007],[75.1929,33.9034],[75.1939,33.9053],[75.1862,33.9047],[75.1829,33.9026],[75.1763,33.9013],[75.1676,33.9015],[75.1651,33.9001],[75.1617,33.8963],[75.16,33.8912],[75.1552,33.8841],[75.1502,33.8814],[75.1492,33.8782],[75.1429,33.8736],[75.1378,33.8732],[75.1327,33.8751],[75.1284,33.8722],[75.1215,33.8658],[75.1107,33.8699],[75.101,33.8712],[75.0994,33.8662],[75.0958,33.8633],[75.0921,33.8618],[75.0899,33.861],[75.0883,33.858],[75.0853,33.8573],[75.0825,33.8535],[75.0731,33.853],[75.0704,33.8552],[75.0676,33.8547],[75.0673,33.8526],[75.0637,33.8519],[75.0616,33.8541],[75.0586,33.8531],[75.0568,33.8585],[75.0465,33.853],[75.0507,33.8527],[75.0559,33.8474],[75.0607,33.8462],[75.0671,33.8403]]]},"properties":{"id":"in:subdistrict:54","level":"subdistrict","name":"Bijbehara","code":54,"parent":"in:district:1","state":"in:state:1"}},{"type":"Feature","geometry":{"type":"Polygon","coordinates":[[[75.0867,34.1014],[75.0833,34.0956],[75.0826,34.0885],[75.0778,34.0872],[75.0761,34.077],[75.0761,34.0676],[75.0777,34.0514],[75.0795,34.0394],[75.0764,34.0316],[75.0748,34.0293],[75.0749,34.0251],[75.0726,34.0184],[75.0728,34.0151],[75.0743,34.0139],[75.0774,34.0157],[75.0797,34.015],[75.0706,34.0032],[75.0715,33.9981],[75.0693,33.9906],[75.0704,33.9875],[75.0733,33.9871],[75.0718,33.9841],[75.0678,33.9819],[75.0638,33.9822],[75.0599,33.9799],[75.0608,33.9769],[75.0644,33.9747],[75.0705,33.976],[75.0739,33.9745],[75.0726,33.971],[75.0682,33.968],[75.0636,33.9677],[75.0605,33.9694],[75.0587,33.9653],[75.0549,33.9599],[75.0518,33.9523],[75.0499,33.9452],[75.0522,33.9438],[75.0572,33.9452],[75.0608,33.9443],[75.0626,33.94],[75.0692,33.9383],[75.0756,33.936],[75.0757,33.9341],[75.0724,33.928],[75.0734,33.9206],[75.0815,33.9226],[75.0825,33.9203],[75.0783,33.9109],[75.0725,33.9042],[75.0768,33.8984],[75.0808,33.8996],[75.0785,33.8908],[75.0812,33.8883],[75.0892,33.8902],[75.0954,33.8892],[75.0962,33.8844],[75.0942,33.8756],[75.091,33.8759],[75.088,33.8742],[75.0878,33.8697],[75.0903,33.8635],[75.0921,33.8618],[75.0958,33.8633],[75.0994,33.8662],[75.101,33.8712],[75.1107,33.8699],[75.1215,33.8658],[75.1284,33.8722],[75.1327,33.8751],[75.1378,33.8732],[75.1429,33.8736],[75.1492,33.8782],[75.1502,33.8814],[75.1552,33.8841],[75.16,33.8912],[75.1617,33.8963],[75.1651,33.9001],[75.1676,33.9015],[75.1763,33.9013],[75.1829,33.9026],[75.1862,33.9047],[75.1939,33.9053],[75.1992,33.9123],[75.1988,33.915],[75.2018,33.9207],[75.2082,33.9284],[75.215,33.9357],[75.2203,33.945],[75.2202,33.9473],[75.2242,33.9502],[75.226,33.9545],[75.2249,33.9589],[75.2225,33.9636],[75.2226,33.9678],[75.2209,33.973],[75.2201,33.9812],[75.221,33.9853],[75.2239,33.9922],[75.2233,33.9967],[75.2234,34.0047],[75.2263,34.0099],[75.2227,34.016],[75.2229,34.0174],[75.2327,34.0202],[75.2344,34.0225],[75.2351,34.0266],[75.2335,34.0317],[75.2267,34.0344],[75.2216,34.0355],[75.2179,34.038],[75.2171,34.0441],[75.2155,34.0498],[75.2139,34.0513],[75.2097,34.0519],[75.2106,34.0552],[75.2099,34.0589],[75.2063,34.0605],[75.2037,34.0656],[75.2038,34.0688],[75.1991,34.0673],[75.1954,34.0669],[75.1868,34.0686],[75.184,34.0713],[75.1767,34.0708],[75.1733,34.0722],[75.1649,34.0776],[75.1604,34.0792],[75.1541,34.0776],[75.1536,34.0819],[75.1505,34.088],[75.1496,34.0943],[75.1422,34.0952],[75.1378,34.0953],[75.1327,34.0939],[75.1254,34.0937],[75.1154,34.0892],[75.1135,34.0896],[75.111,34.0964],[75.1097,34.0984],[75.1066,34.0973],[75.0998,34.0972],[75.0945,34.1014],[75.0867,34.1014]]]},"properties":{"id":"in:subdistrict:50","level":"subdistrict","name":"Tral","code":50,"parent":"in:district:11","state":"in:state:1"}},{"type":"Feature","geometry":{"type":"Polygon","coordinates":[[[75.1031,34.1686],[75.1061,34.1598],[75.1035,34.1575],[75.0966,34.1543],[75.1037,34.1514],[75.1101,34.1518],[75.1204,34.1481],[75.1239,34.1458],[75.1291,34.1441],[75.1329,34.1412],[75.1367,34.1397],[75.1379,34.1331],[75.1431,34.1271],[75.1465,34.1214],[75.1425,34.1184],[75.1391,34.1093],[75.139,34.103],[75.1409,34.1002],[75.1422,34.0952],[75.1496,34.0943],[75.1505,34.088],[75.1536,34.0819],[75.1541,34.0776],[75.1604,34.0792],[75.1649,34.0776],[75.1733,34.0722],[75.1767,34.0708],[75.184,34.0713],[75.1868,34.0686],[75.1954,34.0669],[75.1991,34.0673],[75.2038,34.0688],[75.2037,34.0656],[75.2063,34.0605],[75.2099,34.0589],[75.2106,34.0552],[75.2097,34.0519],[75.2139,34.0513],[75.2155,34.0498],[75.2171,34.0441],[75.2179,34.038],[75.2216,34.0355],[75.2267,34.0344],[75.2335,34.0317],[75.2351,34.0266],[75.2344,34.0225],[75.2327,34.0202],[75.2229,34.0174],[75.2227,34.016],[75.2263,34.0099],[75.2234,34.0047],[75.2233,33.9967],[75.2239,33.9922],[75.221,33.9853],[75.2201,33.9812],[75.2209,33.973],[75.2226,33.9678],[75.2225,33.9636],[75.2249,33.9589],[75.226,33.9545],[75.2242,33.9502],[75.2202,33.9473],[75.2203,33.945],[75.215,33.9357],[75.2082,33.9284],[75.2018,33.9207],[75.1988,33.915],[75.1992,33.9123],[75.1939,33.9053],[75.1929,33.9034],[75.1945,33.9007],[75.1921,33.8891],[75.1947,33.8823],[75.1953,33.8753],[75.1935,33.8667],[75.194,33.864],[75.1931,33.8564],[75.1941,33.852],[75.1963,33.851],[75.1976,33.8451],[75.196,33.8433],[75.1863,33.8395],[75.1847,33.8356],[75.1888,33.8334],[75.1936,33.8324],[75.202,33.8355],[75.2039,33.8342],[75.2009,33.83],[75.2008,33.8275],[75.2041,33.8208],[75.2071,33.8183],[75.2145,33.8166],[75.2135,33.8133],[75.2079,33.8085],[75.2046,33.8092],[75.2008,33.8072],[75.1984,33.8048],[75.1953,33.799],[75.197,33.797],[75.1979,33.7898],[75.1962,33.7859],[75.1978,33.7836],[75.2009,33.7834],[75.2021,33.7785],[75.2071,33.7795],[75.2121,33.7777],[75.2146,33.7745],[75.2179,33.7768],[75.2186,33.7811],[75.2214,33.7926],[75.2233,33.7988],[75.2259,33.8092],[75.2262,33.8155],[75.2298,33.8223],[75.2329,33.8264],[75.2353,33.8277],[75.2378,33.8269],[75.2369,33.8206],[75.2347,33.8182],[75.2339,33.8117],[75.2354,33.8115],[75.2373,33.8046],[75.2489,33.8122],[75.2537,33.817],[75.2568,33.8155],[75.2608,33.8103],[75.2612,33.8086],[75.2604,33.7996],[75.263,33.7961],[75.2653,33.7982],[75.2688,33.7988],[75.2779,33.7984],[75.2796,33.7965],[75.2794,33.7915],[75.2823,33.7889],[75.2871,33.7893],[75.2945,33.7869],[75.2973,33.7878],[75.3,33.7864],[75.3057,33.7879],[75.3087,33.7917],[75.3117,33.793],[75.316,33.7933],[75.3175,33.7922],[75.3235,33.7919],[75.3287,33.7949],[75.3278,33.7997],[75.3253,33.8026],[75.3296,33.8063],[75.332,33.8063],[75.3356,33.8079],[75.337,33.8104],[75.3375,33.8153],[75.3442,33.8153],[75.3501,33.8135],[75.3552,33.8141],[75.3628,33.8214],[75.3668,33.8227],[75.3689,33.821],[75.3733,33.8206],[75.3814,33.8251],[75.3869,33.8246],[75.392,33.8254],[75.3961,33.8293],[75.3986,33.8299],[75.401,33.8276],[75.4059,33.8267],[75.4087,33.8286],[75.4151,33.8296],[75.4223,33.8321],[75.4249,33.8342],[75.432,33.8348],[75.4369,33.8364],[75.4353,33.8392],[75.4313,33.8401],[75.4265,33.8457],[75.4285,33.8522],[75.4272,33.8554],[75.4194,33.8646],[75.4187,33.8675],[75.4152,33.8741],[75.414,33.8862],[75.4121,33.8872],[75.41,33.893],[75.4032,33.892],[75.4013,33.895],[75.398,33.896],[75.3987,33.8981],[75.3939,33.9024],[75.3928,33.9082],[75.3953,33.9118],[75.3912,33.9166],[75.3921,33.9197],[75.3946,33.9214],[75.3946,33.9237],[75.3971,33.9286],[75.396,33.9328],[75.3911,33.9344],[75.3892,33.9376],[75.396,33.9402],[75.3947,33.9435],[75.394,33.9489],[75.395,33.9509],[75.3939,33.9568],[75.3953,33.9643],[75.4002,33.9651],[75.4042,33.9682],[75.4049,33.9703],[75.41,33.9735],[75.4135,33.9777],[75.4147,33.9804],[75.4192,33.9804],[75.4258,33.9839],[75.4296,33.9847],[75.4294,33.9904],[75.4344,33.9942],[75.4333,33.9971],[75.4346,33.9996],[75.4383,34.0025],[75.4366,34.0099],[75.4366,34.0124],[75.4339,34.0149],[75.4334,34.02],[75.4361,34.0229],[75.4388,34.024],[75.4428,34.0273],[75.4416,34.0314],[75.4465,34.0338],[75.4474,34.0352],[75.4461,34.039],[75.4495,34.0415],[75.4522,34.0387],[75.456,34.0364],[75.4606,34.0374],[75.4602,34.0416],[75.4656,34.043],[75.4671,34.0418],[75.4714,34.0415],[75.4805,34.0389],[75.4828,34.0436],[75.4879,34.0448],[75.4941,34.0439],[75.4953,34.0405],[75.4972,34.0391],[75.5002,34.0401],[75.505,34.0387],[75.5061,34.0397],[75.5123,34.0409],[75.5212,34.047],[75.5199,34.0485],[75.5228,34.0522],[75.5269,34.0536],[75.5278,34.0577],[75.5318,34.0625],[75.5323,34.0732],[75.53,34.0779],[75.5297,34.0813],[75.5314,34.0833],[75.5294,34.0903],[75.5301,34.0933],[75.5275,34.0948],[75.5295,34.1018],[75.5331,34.1036],[75.5373,34.1091],[75.5365,34.1138],[75.5329,34.1179],[75.5341,34.1211],[75.5392,34.1262],[75.5407,34.1315],[75.5394,34.1354],[75.5442,34.1384],[75.5469,34.1418],[75.5469,34.1462],[75.549,34.1524],[75.553,34.156],[75.5629,34.1566],[75.5681,34.1556],[75.5715,34.1561],[75.5738,34.1584],[75.5756,34.1627],[75.5764,34.1698],[75.5812,34.1732],[75.5865,34.1743],[75.5881,34.1755],[75.5863,34.1797],[75.5876,34.1869],[75.591,34.1908],[75.5934,34.1977],[75.5909,34.2009],[75.5886,34.2023],[75.5848,34.209],[75.5821,34.2122],[75.5786,34.2141],[75.5717,34.2115],[75.5648,34.2118],[75.5553,34.2114],[75.5487,34.2149],[75.5456,34.2183],[75.5382,34.2231],[75.5343,34.2237],[75.5297,34.2268],[75.5271,34.2267],[75.5231,34.229],[75.5146,34.2267],[75.5099,34.2288],[75.5029,34.2343],[75.4954,34.2324],[75.4936,34.2267],[75.4914,34.2247],[75.4868,34.2241],[75.4749,34.2201],[75.4699,34.2163],[75.4667,34.2085],[75.4606,34.2113],[75.4569,34.2106],[75.4496,34.2138],[75.4485,34.2153],[75.4425,34.2178],[75.4319,34.2271],[75.4236,34.2315],[75.419,34.2322],[75.4159,34.2336],[75.4108,34.2379],[75.4096,34.2354],[75.4051,34.2318],[75.4035,34.2259],[75.4037,34.2214],[75.405,34.2195],[75.4019,34.2159],[75.397,34.215],[75.3914,34.2131],[75.3889,34.2107],[75.3837,34.2089],[75.3784,34.2059],[75.3745,34.2071],[75.3707,34.2097],[75.3639,34.2129],[75.3613,34.2121],[75.3563,34.2125],[75.3519,34.2122],[75.3474,34.2138],[75.3455,34.2134],[75.3339,34.2145],[75.3311,34.2163],[75.3307,34.22],[75.3283,34.2223],[75.324,34.2231],[75.3177,34.2277],[75.318,34.2304],[75.3148,34.2331],[75.312,34.2331],[75.303,34.236],[75.2966,34.2358],[75.2927,34.2369],[75.2878,34.2418],[75.2877,34.246],[75.283,34.25],[75.276,34.2486],[75.2663,34.2542],[75.2632,34.2546],[75.261,34.2524],[75.2596,34.2469],[75.2551,34.2461],[75.2491,34.2428],[75.2431,34.2426],[75.2378,34.2383],[75.2351,34.2339],[75.2232,34.2343],[75.2173,34.2295],[75.214,34.2284],[75.2069,34.2295],[75.2041,34.2251],[75.2043,34.2212],[75.2029,34.2194],[75.1974,34.2167],[75.1921,34.2125],[75.1933,34.2088],[75.1929,34.202],[75.1894,34.1971],[75.1828,34.1951],[75.1803,34.1957],[75.1753,34.2002],[75.1704,34.2033],[75.1642,34.2031],[75.1579,34.2039],[75.1549,34.2066],[75.1522,34.2061],[75.1472,34.2009],[75.1441,34.1999],[75.1321,34.1995],[75.1294,34.1971],[75.1254,34.1956],[75.1285,34.1915],[75.132,34.1896],[75.1372,34.1833],[75.1346,34.1764],[75.1314,34.1716],[75.1269,34.1683],[75.1211,34.1694],[75.1089,34.1707],[75.1044,34.1706],[75.1031,34.1686]]]},"properties":{"id":"in:subdistrict:53","level":"subdistrict","name":"Pahalgam","code":53,"parent":"in:district:1","state":"in:state:1"}},{"type":"Feature","geometry":{"type":"Polygon","coordinates":[[[75.5085,33.6804],[75.5078,33.6843],[75.5042,33.6867],[75.5006,33.6911],[75.5,33.6963],[75.5014,33.6996],[75.505,33.7002],[75.5092,33.7023],[75.5142,33.7081],[75.5178,33.7103],[75.521,33.7153],[75.5188,33.717],[75.5156,33.7176],[75.5116,33.7201],[75.5109,33.723],[75.5055,33.7256],[75.5022,33.7291],[75.5014,33.7324],[75.4989,33.7356],[75.494,33.74],[75.4856,33.7444],[75.4823,33.7472],[75.4792,33.7483],[75.4777,33.7509],[75.4696,33.7564],[75.4637,33.7574],[75.4566,33.7563],[75.4482,33.7534],[75.445,33.7508],[75.4354,33.7415],[75.4265,33.7367],[75.4049,33.724],[75.3951,33.7189],[75.3773,33.7126],[75.3662,33.7055],[75.35,33.6938],[75.333,33.6807],[75.3072,33.6669],[75.2924,33.661],[75.2918,33.6586],[75.2883,33.6574],[75.2758,33.6554],[75.2743,33.6567],[75.2627,33.656],[75.2616,33.6599],[75.259,33.6602],[75.2519,33.658],[75.2507,33.6583],[75.2515,33.6634],[75.2462,33.6662],[75.246,33.6679],[75.2413,33.6712],[75.2407,33.6767],[75.2369,33.6808],[75.2298,33.6762],[75.2266,33.6751],[75.2266,33.6725],[75.2315,33.6667],[75.2277,33.6645],[75.2216,33.6704],[75.2159,33.6746],[75.2107,33.6718],[75.2053,33.6777],[75.1991,33.6799],[75.1955,33.6838],[75.19,33.6821],[75.1933,33.6749],[75.2008,33.6713],[75.2038,33.6666],[75.2054,33.6623],[75.2066,33.6567],[75.2049,33.654],[75.2096,33.6486],[75.2148,33.6471],[75.2177,33.6471],[75.2211,33.6485],[75.2222,33.6448],[75.2261,33.6367],[75.23,33.6308],[75.2301,33.6292],[75.2257,33.6269],[75.2236,33.6231],[75.2246,33.6196],[75.2311,33.6179],[75.24,33.6116],[75.2382,33.6082],[75.2354,33.6074],[75.2315,33.599],[75.2286,33.592],[75.2288,33.5875],[75.2278,33.5843],[75.2291,33.5811],[75.2277,33.5765],[75.2218,33.5737],[75.2284,33.5723],[75.2281,33.5622],[75.2347,33.5625],[75.2374,33.5619],[75.2383,33.5598],[75.245,33.5592],[75.2501,33.5556],[75.2512,33.551],[75.2545,33.5509],[75.2556,33.5457],[75.2598,33.5445],[75.2613,33.5428],[75.2573,33.5381],[75.2615,33.5319],[75.2643,33.5294],[75.2738,33.5244],[75.2716,33.5206],[75.2819,33.5186],[75.287,33.5163],[75.2882,33.5129],[75.2919,33.5127],[75.2922,33.5092],[75.2962,33.5066],[75.3006,33.5092],[75.3018,33.5051],[75.3039,33.5031],[75.311,33.5029],[75.3168,33.5051],[75.3196,33.5043],[75.3237,33.5005],[75.3219,33.4977],[75.3244,33.4952],[75.3298,33.4964],[75.3328,33.4954],[75.3342,33.488],[75.3368,33.4886],[75.3397,33.4875],[75.345,33.4883],[75.3504,33.49],[75.3542,33.4896],[75.3553,33.4846],[75.3527,33.4789],[75.357,33.4748],[75.3559,33.472],[75.3515,33.4715],[75.3511,33.4685],[75.3474,33.4653],[75.3428,33.4631],[75.3412,33.4582],[75.3454,33.4547],[75.3426,33.447],[75.3464,33.444],[75.3532,33.4339],[75.3559,33.4268],[75.3573,33.4218],[75.3574,33.4139],[75.3567,33.39],[75.3543,33.3835],[75.3575,33.3811],[75.3657,33.3813],[75.3692,33.3793],[75.3757,33.378],[75.3767,33.3743],[75.3769,33.3678],[75.38,33.3651],[75.3825,33.365],[75.3886,33.366],[75.3976,33.3661],[75.4075,33.3739],[75.4126,33.3788],[75.4164,33.3813],[75.4227,33.3813],[75.4323,33.3796],[75.4431,33.3791],[75.4467,33.3817],[75.4471,33.3867],[75.4491,33.3905],[75.4515,33.3977],[75.4571,33.401],[75.4653,33.4041],[75.4719,33.4008],[75.4819,33.4073],[75.4791,33.4136],[75.4745,33.418],[75.4744,33.4204],[75.4771,33.4248],[75.4829,33.43],[75.4838,33.4344],[75.4796,33.4381],[75.4872,33.4443],[75.4877,33.448],[75.4897,33.453],[75.4887,33.4545],[75.4834,33.4577],[75.4819,33.4598],[75.4811,33.4708],[75.4762,33.4735],[75.4734,33.4769],[75.4712,33.4833],[75.4685,33.4859],[75.4667,33.4986],[75.4669,33.4996],[75.4748,33.5071],[75.4825,33.5123],[75.4852,33.5214],[75.4865,33.5229],[75.4959,33.5279],[75.5009,33.5289],[75.5035,33.5272],[75.508,33.5273],[75.5103,33.5288],[75.5102,33.5321],[75.5116,33.5356],[75.5111,33.5384],[75.5132,33.5426],[75.5068,33.5449],[75.5055,33.5477],[75.5029,33.5494],[75.5046,33.5553],[75.5081,33.5622],[75.5055,33.5692],[75.5064,33.5732],[75.5085,33.5751],[75.5092,33.5803],[75.5104,33.5817],[75.5162,33.5844],[75.5188,33.587],[75.5239,33.5871],[75.5276,33.5935],[75.5344,33.6005],[75.5328,33.6072],[75.5288,33.6104],[75.5262,33.6148],[75.5223,33.6158],[75.5225,33.6244],[75.518,33.6238],[75.5107,33.6192],[75.5077,33.6206],[75.5105,33.6313],[75.5074,33.6329],[75.5037,33.6296],[75.5,33.6289],[75.5,33.6363],[75.5032,33.6404],[75.5056,33.6413],[75.506,33.645],[75.5045,33.6469],[75.5085,33.651],[75.5135,33.6517],[75.5167,33.6544],[75.5115,33.6574],[75.5086,33.661],[75.5071,33.6659],[75.5061,33.6747],[75.5065,33.6781],[75.5085,33.6804]]]},"properties":{"id":"in:subdistrict:57","level":"subdistrict","name":"Kokernag","code":57,"parent":"in:district:1","state":"in:state:1"}},{"type":"Feature","geometry":{"type":"Polygon","coordinates":[[[75.4637,33.7574],[75.469,33.763],[75.4684,33.7648],[75.4653,33.7668],[75.4685,33.7727],[75.4739,33.7742],[75.4779,33.7769],[75.4813,33.7806],[75.4819,33.7845],[75.4765,33.7876],[75.4732,33.7885],[75.4696,33.7916],[75.4661,33.7917],[75.4607,33.7945],[75.4587,33.8021],[75.4546,33.8051],[75.4512,33.8086],[75.4554,33.8109],[75.455,33.8147],[75.4495,33.8168],[75.4432,33.8208],[75.4416,33.8291],[75.4364,33.831],[75.411,33.8138],[75.3813,33.8036],[75.3788,33.8033],[75.3712,33.7981],[75.3672,33.7932],[75.3625,33.7898],[75.3562,33.7865],[75.3439,33.7864],[75.3411,33.7769],[75.3343,33.7745],[75.3324,33.7718],[75.3245,33.7704],[75.3223,33.768],[75.3229,33.7626],[75.3186,33.7555],[75.3139,33.7513],[75.3122,33.7486],[75.3098,33.7471],[75.3047,33.7458],[75.3012,33.7463],[75.3006,33.753],[75.2973,33.7551],[75.2961,33.7581],[75.2864,33.7587],[75.2773,33.7563],[75.2695,33.758],[75.2657,33.7576],[75.2632,33.7551],[75.2627,33.753],[75.2634,33.7458],[75.265,33.7394],[75.2648,33.7365],[75.263,33.7358],[75.2602,33.7378],[75.2588,33.7442],[75.2575,33.747],[75.2535,33.7501],[75.2497,33.7455],[75.246,33.7395],[75.2457,33.7365],[75.2483,33.7306],[75.2514,33.7256],[75.2526,33.7274],[75.2588,33.7327],[75.2653,33.7317],[75.2717,33.7313],[75.2669,33.7193],[75.2615,33.7184],[75.2587,33.7135],[75.2621,33.7079],[75.2626,33.7051],[75.2615,33.7002],[75.2623,33.6983],[75.2564,33.6973],[75.2462,33.6984],[75.2445,33.6964],[75.245,33.6917],[75.2443,33.6876],[75.2447,33.6829],[75.2369,33.6808],[75.2407,33.6767],[75.2413,33.6712],[75.246,33.6679],[75.2462,33.6662],[75.2515,33.6634],[75.2507,33.6583],[75.2519,33.658],[75.259,33.6602],[75.2616,33.6599],[75.2627,33.656],[75.2743,33.6567],[75.2758,33.6554],[75.2883,33.6574],[75.2918,33.6586],[75.2924,33.661],[75.3072,33.6669],[75.333,33.6807],[75.35,33.6938],[75.3662,33.7055],[75.3773,33.7126],[75.3951,33.7189],[75.4049,33.724],[75.4265,33.7367],[75.4354,33.7415],[75.445,33.7508],[75.4482,33.7534],[75.4566,33.7563],[75.4637,33.7574]]]},"properties":{"id":"in:subdistrict:56","level":"subdistrict","name":"Shangus","code":56,"parent":"in:district:1","state":"in:state:1"}},{"type":"Feature","geometry":{"type":"Polygon","coordinates":[[[75.1226,33.7425],[75.1227,33.7406],[75.1276,33.7352],[75.12,33.7357],[75.1196,33.7312],[75.1137,33.7301],[75.1117,33.7282],[75.1137,33.7267],[75.1159,33.722],[75.1236,33.7206],[75.1236,33.7173],[75.1299,33.7165],[75.1289,33.714],[75.1257,33.7143],[75.1256,33.7113],[75.1236,33.7083],[75.1259,33.7058],[75.1203,33.7013],[75.1165,33.7011],[75.107,33.7053],[75.1043,33.6994],[75.1035,33.6959],[75.0982,33.6883],[75.0994,33.6842],[75.103,33.6836],[75.1044,33.6852],[75.1077,33.6856],[75.1035,33.6766],[75.1017,33.673],[75.1165,33.6725],[75.1207,33.6719],[75.1222,33.6724],[75.1253,33.6773],[75.1301,33.6821],[75.1307,33.6848],[75.1353,33.6823],[75.1479,33.6802],[75.1523,33.6806],[75.159,33.6797],[75.1651,33.6836],[75.1666,33.6833],[75.1735,33.6734],[75.1816,33.6697],[75.187,33.664],[75.1915,33.6613],[75.1996,33.6601],[75.2049,33.654],[75.2066,33.6567],[75.2054,33.6623],[75.2038,33.6666],[75.2008,33.6713],[75.1933,33.6749],[75.19,33.6821],[75.1955,33.6838],[75.1991,33.6799],[75.2053,33.6777],[75.2107,33.6718],[75.2159,33.6746],[75.2216,33.6704],[75.2277,33.6645],[75.2315,33.6667],[75.2266,33.6725],[75.2266,33.6751],[75.2298,33.6762],[75.2369,33.6808],[75.2447,33.6829],[75.2443,33.6876],[75.245,33.6917],[75.2445,33.6964],[75.2462,33.6984],[75.2564,33.6973],[75.2623,33.6983],[75.2615,33.7002],[75.2626,33.7051],[75.2621,33.7079],[75.2587,33.7135],[75.2615,33.7184],[75.2669,33.7193],[75.2717,33.7313],[75.2653,33.7317],[75.2588,33.7327],[75.2526,33.7274],[75.2514,33.7256],[75.2483,33.7306],[75.2457,33.7365],[75.246,33.7395],[75.2497,33.7455],[75.2535,33.7501],[75.2575,33.747],[75.2588,33.7442],[75.2602,33.7378],[75.263,33.7358],[75.2648,33.7365],[75.265,33.7394],[75.2634,33.7458],[75.2627,33.753],[75.2632,33.7551],[75.2657,33.7576],[75.2695,33.758],[75.2773,33.7563],[75.2864,33.7587],[75.2961,33.7581],[75.2973,33.7551],[75.3006,33.753],[75.3012,33.7463],[75.3047,33.7458],[75.3098,33.7471],[75.3122,33.7486],[75.3139,33.7513],[75.3186,33.7555],[75.3229,33.7626],[75.3223,33.768],[75.3245,33.7704],[75.3324,33.7718],[75.3343,33.7745],[75.3411,33.7769],[75.3439,33.7864],[75.3562,33.7865],[75.3625,33.7898],[75.3672,33.7932],[75.3712,33.7981],[75.3788,33.8033],[75.3813,33.8036],[75.411,33.8138],[75.4364,33.831],[75.4353,33.8319],[75.4369,33.8364],[75.432,33.8348],[75.4249,33.8342],[75.4223,33.8321],[75.4151,33.8296],[75.4087,33.8286],[75.4059,33.8267],[75.401,33.8276],[75.3986,33.8299],[75.3961,33.8293],[75.392,33.8254],[75.3869,33.8246],[75.3814,33.8251],[75.3733,33.8206],[75.3689,33.821],[75.3668,33.8227],[75.3628,33.8214],[75.3552,33.8141],[75.3501,33.8135],[75.3442,33.8153],[75.3375,33.8153],[75.337,33.8104],[75.3356,33.8079],[75.332,33.8063],[75.3296,33.8063],[75.3253,33.8026],[75.3278,33.7997],[75.3287,33.7949],[75.3235,33.7919],[75.3175,33.7922],[75.316,33.7933],[75.3117,33.793],[75.3087,33.7917],[75.3057,33.7879],[75.3,33.7864],[75.2973,33.7878],[75.2945,33.7869],[75.2871,33.7893],[75.2823,33.7889],[75.2794,33.7915],[75.2796,33.7965],[75.2779,33.7984],[75.2688,33.7988],[75.2653,33.7982],[75.263,33.7961],[75.2604,33.7996],[75.2612,33.8086],[75.2608,33.8103],[75.2568,33.8155],[75.2537,33.817],[75.2489,33.8122],[75.2373,33.8046],[75.2354,33.8115],[75.2339,33.8117],[75.2347,33.8182],[75.2369,33.8206],[75.2378,33.8269],[75.2353,33.8277],[75.2329,33.8264],[75.2298,33.8223],[75.2262,33.8155],[75.2259,33.8092],[75.2233,33.7988],[75.2214,33.7926],[75.2186,33.7811],[75.2179,33.7768],[75.2146,33.7745],[75.2121,33.7777],[75.2071,33.7795],[75.2021,33.7785],[75.2009,33.7834],[75.1978,33.7836],[75.1962,33.7859],[75.1979,33.7898],[75.197,33.797],[75.1953,33.799],[75.189,33.8025],[75.1855,33.8009],[75.1803,33.7958],[75.1775,33.794],[75.1735,33.7956],[75.1702,33.7956],[75.165,33.7869],[75.1637,33.7828],[75.1591,33.7796],[75.1579,33.7765],[75.1637,33.7725],[75.1642,33.77],[75.1618,33.7684],[75.1506,33.7646],[75.1452,33.7632],[75.1403,33.7562],[75.1373,33.7545],[75.143,33.749],[75.1456,33.7482],[75.1462,33.7449],[75.1412,33.7445],[75.1362,33.7424],[75.1321,33.7431],[75.127,33.7423],[75.1226,33.7425]]]},"properties":{"id":"in:subdistrict:55","level":"subdistrict","name":"Anantnag","code":55,"parent":"in:district:1","state":"in:state:1"}},{"type":"Feature","geometry":{"type":"Polygon","coordinates":[[[75.0927,33.5015],[75.0965,33.5015],[75.1031,33.4976],[75.1099,33.497],[75.1142,33.498],[75.1219,33.5033],[75.1311,33.513],[75.133,33.514],[75.1378,33.5133],[75.1438,33.5164],[75.1517,33.5223],[75.1571,33.5238],[75.1504,33.5251],[75.1485,33.5245],[75.1413,33.5253],[75.1431,33.5293],[75.1418,33.5356],[75.1448,33.5405],[75.1451,33.5437],[75.1471,33.5471],[75.1511,33.5511],[75.152,33.5573],[75.1573,33.5628],[75.1601,33.5648],[75.1598,33.5684],[75.1639,33.5744],[75.17,33.5796],[75.1694,33.5819],[75.1695,33.5906],[75.175,33.5902],[75.175,33.5915],[75.165,33.5963],[75.162,33.5893],[75.1571,33.5901],[75.1542,33.5888],[75.1512,33.5892],[75.1491,33.5925],[75.1418,33.5909],[75.1396,33.5897],[75.1347,33.5897],[75.1386,33.5969],[75.1407,33.6025],[75.1404,33.6062],[75.1388,33.6101],[75.1323,33.6136],[75.1255,33.614],[75.1159,33.6133],[75.1156,33.6171],[75.1121,33.6257],[75.1056,33.6252],[75.1028,33.6205],[75.1027,33.6152],[75.1003,33.6114],[75.0991,33.6067],[75.0963,33.6062],[75.0911,33.607],[75.0857,33.6128],[75.0752,33.6157],[75.063,33.6182],[75.0583,33.6166],[75.0598,33.6259],[75.0588,33.6297],[75.0567,33.6325],[75.0541,33.6322],[75.0469,33.6341],[75.0506,33.6362],[75.0626,33.6417],[75.0702,33.6465],[75.0735,33.6494],[75.0791,33.6599],[75.0849,33.6659],[75.0984,33.6782],[75.1035,33.6766],[75.1077,33.6856],[75.1044,33.6852],[75.103,33.6836],[75.0994,33.6842],[75.0982,33.6883],[75.1035,33.6959],[75.1043,33.6994],[75.107,33.7053],[75.1165,33.7011],[75.1203,33.7013],[75.1259,33.7058],[75.1236,33.7083],[75.1256,33.7113],[75.1257,33.7143],[75.1289,33.714],[75.1299,33.7165],[75.1236,33.7173],[75.1236,33.7206],[75.1159,33.722],[75.1137,33.7267],[75.1117,33.7282],[75.1137,33.7301],[75.1196,33.7312],[75.12,33.7357],[75.1276,33.7352],[75.1227,33.7406],[75.1226,33.7425],[75.1214,33.7488],[75.1222,33.7594],[75.1219,33.765],[75.1201,33.7678],[75.1174,33.7778],[75.1148,33.7756],[75.113,33.7709],[75.1052,33.7713],[75.103,33.7731],[75.1034,33.7827],[75.1015,33.7901],[75.102,33.793],[75.1078,33.8017],[75.1061,33.8069],[75.1008,33.8111],[75.0925,33.8134],[75.0761,33.8312],[75.0755,33.8339],[75.0671,33.8403],[75.0672,33.8369],[75.0656,33.8349],[75.0603,33.8346],[75.0591,33.8328],[75.0621,33.8263],[75.0634,33.8204],[75.0631,33.8172],[75.0592,33.8177],[75.053,33.8125],[75.0554,33.8103],[75.0552,33.8068],[75.0511,33.7995],[75.0477,33.7984],[75.0402,33.7983],[75.0335,33.7963],[75.0303,33.7945],[75.0289,33.7902],[75.0303,33.7802],[75.0301,33.7777],[75.0328,33.7752],[75.0372,33.7732],[75.0374,33.7708],[75.0335,33.7707],[75.0317,33.7693],[75.0304,33.7598],[75.0262,33.7541],[75.0248,33.7485],[75.0191,33.741],[75.0147,33.7394],[75.0106,33.746],[75.0103,33.7486],[75.0077,33.7505],[74.9994,33.7527],[74.9951,33.7486],[74.9956,33.746],[75.0014,33.7462],[75.0027,33.7449],[75.0002,33.742],[74.9958,33.7417],[74.9877,33.7448],[74.9806,33.7453],[74.9778,33.7449],[74.9752,33.74],[74.9698,33.7391],[74.9644,33.7416],[74.9601,33.7418],[74.958,33.7436],[74.9534,33.7424],[74.952,33.7391],[74.957,33.7331],[74.9556,33.7302],[74.957,33.7253],[74.957,33.7218],[74.9583,33.7157],[74.9602,33.715],[74.9618,33.7107],[74.961,33.7081],[74.9623,33.704],[74.9678,33.6959],[74.9665,33.6932],[74.9628,33.6967],[74.9607,33.6963],[74.9601,33.6926],[74.96,33.6853],[74.9684,33.6847],[74.9639,33.6823],[74.9572,33.6803],[74.9519,33.6769],[74.95,33.6747],[74.9439,33.6727],[74.94,33.669],[74.9393,33.6609],[74.9376,33.6595],[74.9347,33.6619],[74.9326,33.6697],[74.9302,33.671],[74.9224,33.6715],[74.9157,33.6688],[74.9091,33.6684],[74.9162,33.6576],[74.9123,33.655],[74.9094,33.6519],[74.9154,33.6501],[74.9208,33.6491],[74.922,33.6515],[74.9277,33.6528],[74.9282,33.6449],[74.9258,33.6443],[74.9223,33.6406],[74.9309,33.6371],[74.9337,33.6381],[74.9351,33.6357],[74.9353,33.6319],[74.9338,33.6297],[74.9307,33.6283],[74.9337,33.6217],[74.9309,33.6173],[74.93,33.6138],[74.9373,33.6098],[74.9496,33.5993],[74.9506,33.5963],[74.9527,33.595],[74.9706,33.5939],[74.9792,33.5938],[74.9875,33.5931],[74.9949,33.5904],[75.0082,33.5841],[75.0093,33.5817],[75.0246,33.5728],[75.068,33.5686],[75.0884,33.5619],[75.0802,33.5574],[75.0728,33.5519],[75.0661,33.5457],[75.0698,33.5374],[75.0702,33.532],[75.079,33.5247],[75.0834,33.5218],[75.0844,33.5175],[75.0906,33.5142],[75.093,33.5117],[75.0924,33.5086],[75.0978,33.5053],[75.0927,33.5015]]]},"properties":{"id":"in:subdistrict:59","level":"subdistrict","name":"Kulgam","code":59,"parent":"in:district:622","state":"in:state:1"}},{"type":"Feature","geometry":{"type":"Polygon","coordinates":[[[75.1035,33.6766],[75.0984,33.6782],[75.0849,33.6659],[75.0791,33.6599],[75.0735,33.6494],[75.0702,33.6465],[75.0626,33.6417],[75.0506,33.6362],[75.0469,33.6341],[75.0541,33.6322],[75.0567,33.6325],[75.0588,33.6297],[75.0598,33.6259],[75.0583,33.6166],[75.063,33.6182],[75.0752,33.6157],[75.0857,33.6128],[75.0911,33.607],[75.0963,33.6062],[75.0991,33.6067],[75.1003,33.6114],[75.1027,33.6152],[75.1028,33.6205],[75.1056,33.6252],[75.1121,33.6257],[75.1156,33.6171],[75.1159,33.6133],[75.1255,33.614],[75.1323,33.6136],[75.127,33.6183],[75.1265,33.6203],[75.129,33.6232],[75.136,33.6245],[75.1357,33.6283],[75.1324,33.6343],[75.1305,33.6359],[75.1249,33.6338],[75.1247,33.6361],[75.1219,33.6413],[75.1214,33.646],[75.12,33.6491],[75.1261,33.6499],[75.1337,33.6521],[75.1375,33.6542],[75.1278,33.6601],[75.1271,33.6621],[75.1241,33.665],[75.1207,33.6703],[75.1207,33.6719],[75.1165,33.6725],[75.1017,33.673],[75.1035,33.6766]]]},"properties":{"id":"in:subdistrict:60","level":"subdistrict","name":"Devsar","code":60,"parent":"in:district:622","state":"in:state:1"}},{"type":"Feature","geometry":{"type":"Polygon","coordinates":[[[75.2049,33.654],[75.1996,33.6601],[75.1915,33.6613],[75.187,33.664],[75.1816,33.6697],[75.1735,33.6734],[75.1666,33.6833],[75.1651,33.6836],[75.159,33.6797],[75.1523,33.6806],[75.1479,33.6802],[75.1353,33.6823],[75.1307,33.6848],[75.1301,33.6821],[75.1253,33.6773],[75.1222,33.6724],[75.1207,33.6719],[75.1207,33.6703],[75.1241,33.665],[75.1271,33.6621],[75.1278,33.6601],[75.1375,33.6542],[75.1337,33.6521],[75.1261,33.6499],[75.12,33.6491],[75.1214,33.646],[75.1219,33.6413],[75.1247,33.6361],[75.1249,33.6338],[75.1305,33.6359],[75.1324,33.6343],[75.1357,33.6283],[75.136,33.6245],[75.129,33.6232],[75.1265,33.6203],[75.127,33.6183],[75.1323,33.6136],[75.1388,33.6101],[75.1404,33.6062],[75.1407,33.6025],[75.1386,33.5969],[75.1347,33.5897],[75.1396,33.5897],[75.1418,33.5909],[75.1491,33.5925],[75.1512,33.5892],[75.1542,33.5888],[75.1571,33.5901],[75.162,33.5893],[75.165,33.5963],[75.175,33.5915],[75.175,33.5902],[75.1695,33.5906],[75.1694,33.5819],[75.17,33.5796],[75.1639,33.5744],[75.1598,33.5684],[75.1601,33.5648],[75.1573,33.5628],[75.152,33.5573],[75.1511,33.5511],[75.1471,33.5471],[75.1451,33.5437],[75.1448,33.5405],[75.1418,33.5356],[75.1431,33.5293],[75.1413,33.5253],[75.1485,33.5245],[75.1504,33.5251],[75.1571,33.5238],[75.1657,33.5251],[75.1675,33.5244],[75.1719,33.5251],[75.1783,33.5228],[75.1826,33.5192],[75.1862,33.5172],[75.1988,33.5166],[75.2025,33.5133],[75.206,33.509],[75.208,33.5089],[75.2141,33.5056],[75.2175,33.5027],[75.2222,33.5024],[75.2312,33.4959],[75.2308,33.4939],[75.2352,33.4889],[75.2426,33.4856],[75.2468,33.4791],[75.2479,33.4753],[75.257,33.4712],[75.2613,33.4677],[75.2634,33.465],[75.2673,33.4625],[75.2698,33.4592],[75.2726,33.4575],[75.2797,33.4514],[75.2842,33.4462],[75.2882,33.4379],[75.2902,33.4354],[75.2954,33.4328],[75.3029,33.4267],[75.3082,33.4238],[75.3156,33.4144],[75.3191,33.4114],[75.3236,33.4096],[75.3291,33.4052],[75.3307,33.4012],[75.3306,33.3962],[75.3377,33.3932],[75.3494,33.3841],[75.3543,33.3835],[75.3567,33.39],[75.3574,33.4139],[75.3573,33.4218],[75.3559,33.4268],[75.3532,33.4339],[75.3464,33.444],[75.3426,33.447],[75.3454,33.4547],[75.3412,33.4582],[75.3428,33.4631],[75.3474,33.4653],[75.3511,33.4685],[75.3515,33.4715],[75.3559,33.472],[75.357,33.4748],[75.3527,33.4789],[75.3553,33.4846],[75.3542,33.4896],[75.3504,33.49],[75.345,33.4883],[75.3397,33.4875],[75.3368,33.4886],[75.3342,33.488],[75.3328,33.4954],[75.3298,33.4964],[75.3244,33.4952],[75.3219,33.4977],[75.3237,33.5005],[75.3196,33.5043],[75.3168,33.5051],[75.311,33.5029],[75.3039,33.5031],[75.3018,33.5051],[75.3006,33.5092],[75.2962,33.5066],[75.2922,33.5092],[75.2919,33.5127],[75.2882,33.5129],[75.287,33.5163],[75.2819,33.5186],[75.2716,33.5206],[75.2738,33.5244],[75.2643,33.5294],[75.2615,33.5319],[75.2573,33.5381],[75.2613,33.5428],[75.2598,33.5445],[75.2556,33.5457],[75.2545,33.5509],[75.2512,33.551],[75.2501,33.5556],[75.245,33.5592],[75.2383,33.5598],[75.2374,33.5619],[75.2347,33.5625],[75.2281,33.5622],[75.2284,33.5723],[75.2218,33.5737],[75.2277,33.5765],[75.2291,33.5811],[75.2278,33.5843],[75.2288,33.5875],[75.2286,33.592],[75.2315,33.599],[75.2354,33.6074],[75.2382,33.6082],[75.24,33.6116],[75.2311,33.6179],[75.2246,33.6196],[75.2236,33.6231],[75.2257,33.6269],[75.2301,33.6292],[75.23,33.6308],[75.2261,33.6367],[75.2222,33.6448],[75.2211,33.6485],[75.2177,33.6471],[75.2148,33.6471],[75.2096,33.6486],[75.2049,33.654]]]},"properties":{"id":"in:subdistrict:58","level":"subdistrict","name":"Dooru","code":58,"parent":"in:district:1","state":"in:state:1"}},{"type":"Feature","geometry":{"type":"Polygon","coordinates":[[[75.0456,33.3707],[75.0556,33.361],[75.0622,33.3562],[75.0696,33.347],[75.0691,33.3429],[75.0788,33.3465],[75.0822,33.3455],[75.0885,33.3489],[75.0891,33.3462],[75.0935,33.3439],[75.0985,33.3452],[75.1052,33.344],[75.1113,33.3474],[75.1141,33.3476],[75.1217,33.3445],[75.125,33.3396],[75.1311,33.3405],[75.1338,33.3431],[75.1348,33.3456],[75.1418,33.3515],[75.1471,33.3532],[75.1521,33.3508],[75.1576,33.3517],[75.161,33.3511],[75.1646,33.3522],[75.1705,33.3494],[75.1746,33.3434],[75.1795,33.3415],[75.1808,33.3394],[75.18,33.336],[75.1862,33.3267],[75.1885,33.3206],[75.1938,33.3145],[75.2005,33.3145],[75.2092,33.3171],[75.2181,33.3141],[75.222,33.3113],[75.2242,33.3087],[75.2323,33.3013],[75.2377,33.2987],[75.2452,33.3025],[75.2475,33.3076],[75.2525,33.3086],[75.2553,33.3105],[75.2585,33.3093],[75.2615,33.3042],[75.2675,33.3019],[75.2688,33.2999],[75.2756,33.2988],[75.28,33.2995],[75.286,33.3014],[75.2924,33.3059],[75.3017,33.3038],[75.3095,33.2994],[75.3152,33.2985],[75.3275,33.2935],[75.3318,33.2932],[75.3362,33.2942],[75.3433,33.3],[75.3453,33.3022],[75.3489,33.2973],[75.3541,33.2978],[75.3578,33.299],[75.3597,33.3025],[75.3666,33.3079],[75.3669,33.3143],[75.3647,33.3207],[75.3679,33.3338],[75.3692,33.3417],[75.3745,33.3482],[75.3757,33.3538],[75.3794,33.3598],[75.38,33.3631],[75.3825,33.365],[75.38,33.3651],[75.3769,33.3678],[75.3767,33.3743],[75.3757,33.378],[75.3692,33.3793],[75.3657,33.3813],[75.3575,33.3811],[75.3543,33.3835],[75.3494,33.3841],[75.3377,33.3932],[75.3306,33.3962],[75.3307,33.4012],[75.3291,33.4052],[75.3236,33.4096],[75.3191,33.4114],[75.3156,33.4144],[75.3082,33.4238],[75.3029,33.4267],[75.2954,33.4328],[75.2902,33.4354],[75.2882,33.4379],[75.2842,33.4462],[75.2797,33.4514],[75.2726,33.4575],[75.2698,33.4592],[75.2673,33.4625],[75.2634,33.465],[75.2613,33.4677],[75.257,33.4712],[75.2479,33.4753],[75.2468,33.4791],[75.2426,33.4856],[75.2352,33.4889],[75.2308,33.4939],[75.2312,33.4959],[75.2222,33.5024],[75.2175,33.5027],[75.2141,33.5056],[75.208,33.5089],[75.206,33.509],[75.2025,33.5133],[75.1988,33.5166],[75.1862,33.5172],[75.1826,33.5192],[75.1783,33.5228],[75.1719,33.5251],[75.1675,33.5244],[75.1657,33.5251],[75.1571,33.5238],[75.1517,33.5223],[75.1438,33.5164],[75.1378,33.5133],[75.133,33.514],[75.1311,33.513],[75.1219,33.5033],[75.1142,33.498],[75.1099,33.497],[75.1031,33.4976],[75.0965,33.5015],[75.0927,33.5015],[75.0866,33.4968],[75.0819,33.4945],[75.0751,33.4969],[75.0713,33.4968],[75.0629,33.499],[75.0584,33.499],[75.0563,33.501],[75.0513,33.5033],[75.0443,33.503],[75.0378,33.5048],[75.0316,33.5045],[75.0271,33.5021],[75.0239,33.504],[75.0213,33.5024],[75.0179,33.4975],[75.0149,33.4851],[75.0164,33.4793],[75.0195,33.4764],[75.0218,33.4719],[75.0214,33.468],[75.0221,33.4608],[75.0235,33.4566],[75.0261,33.454],[75.0303,33.4521],[75.0362,33.4429],[75.0349,33.44],[75.0297,33.4386],[75.0261,33.4331],[75.0219,33.4314],[75.0205,33.429],[75.0175,33.4268],[75.0109,33.4197],[75.0103,33.4176],[75.0122,33.4142],[75.0119,33.4115],[75.0137,33.408],[75.0194,33.4035],[75.0203,33.4013],[75.0245,33.3999],[75.0263,33.3962],[75.031,33.3943],[75.0317,33.3911],[75.0343,33.3855],[75.0376,33.3832],[75.0445,33.3757],[75.0441,33.3723],[75.0456,33.3707]]]},"properties":{"id":"in:subdistrict:66","level":"subdistrict","name":"Banihal","code":66,"parent":"in:district:621","state":"in:state:1"}},{"type":"Feature","geometry":{"type":"Polygon","coordinates":[[[75.4284,32.9843],[75.428,32.9814],[75.422,32.9749],[75.4106,32.9665],[75.402,32.9554],[75.4007,32.9526],[75.3971,32.9291],[75.3952,32.9245],[75.3948,32.9182],[75.3917,32.912],[75.388,32.9116],[75.3853,32.9128],[75.3841,32.9155],[75.3801,32.92],[75.3687,32.9288],[75.363,32.932],[75.3586,32.9353],[75.3482,32.9413],[75.3463,32.9438],[75.3416,32.9475],[75.3367,32.9502],[75.3352,32.953],[75.3243,32.9626],[75.3194,32.9677],[75.3163,32.9691],[75.3117,32.9698],[75.3083,32.9716],[75.3032,32.9761],[75.3016,32.9785],[75.2961,32.9832],[75.2951,32.9866],[75.2902,32.9898],[75.2884,32.9934],[75.2851,32.9925],[75.2827,32.9938],[75.2824,32.9984],[75.2792,33.0021],[75.2714,32.9959],[75.2686,32.9974],[75.2606,32.9969],[75.2563,32.9932],[75.2538,32.985],[75.2485,32.9794],[75.2505,32.9761],[75.2509,32.9684],[75.2479,32.9628],[75.2459,32.9604],[75.2448,32.9541],[75.2421,32.9527],[75.2365,32.947],[75.2323,32.9415],[75.2299,32.9394],[75.2247,32.9371],[75.2223,32.9341],[75.213,32.9347],[75.2056,32.9363],[75.2006,32.9291],[75.1964,32.9266],[75.1925,32.9258],[75.1852,32.9228],[75.1825,32.9205],[75.1862,32.9152],[75.1858,32.9116],[75.1934,32.9079],[75.1946,32.9059],[75.1916,32.9014],[75.189,32.8942],[75.1913,32.8819],[75.1908,32.8787],[75.1879,32.8749],[75.1829,32.8743],[75.1784,32.8698],[75.1788,32.8663],[75.1823,32.8631],[75.1894,32.8641],[75.1938,32.8659],[75.2071,32.8686],[75.2097,32.8658],[75.2084,32.8616],[75.2131,32.8593],[75.2091,32.8546],[75.209,32.8508],[75.2105,32.8487],[75.2084,32.8414],[75.2059,32.8393],[75.2025,32.8321],[75.1992,32.8295],[75.201,32.8254],[75.1983,32.8206],[75.1927,32.8183],[75.1836,32.8195],[75.1813,32.8175],[75.1809,32.8107],[75.1739,32.8086],[75.1656,32.8088],[75.1629,32.8082],[75.157,32.8043],[75.1554,32.7997],[75.1528,32.7975],[75.1464,32.796],[75.1451,32.7939],[75.1532,32.7915],[75.1557,32.7884],[75.1579,32.7871],[75.158,32.7823],[75.1614,32.7745],[75.1652,32.7729],[75.167,32.7678],[75.1638,32.7635],[75.1568,32.7614],[75.1527,32.7591],[75.1466,32.7578],[75.1493,32.7518],[75.1515,32.7492],[75.1548,32.7474],[75.1572,32.7448],[75.162,32.7425],[75.1637,32.7444],[75.1719,32.7498],[75.1745,32.751],[75.1789,32.7556],[75.1885,32.7547],[75.1935,32.7524],[75.1966,32.7522],[75.2011,32.749],[75.1999,32.7453],[75.2008,32.7434],[75.1982,32.739],[75.2045,32.7409],[75.211,32.7393],[75.2098,32.7363],[75.213,32.7322],[75.2153,32.7359],[75.2236,32.7428],[75.2331,32.7473],[75.238,32.7523],[75.2379,32.7487],[75.2407,32.7422],[75.2427,32.7414],[75.2483,32.7426],[75.2504,32.74],[75.2567,32.742],[75.26,32.745],[75.2637,32.7456],[75.2686,32.7425],[75.2733,32.7419],[75.2747,32.7376],[75.2778,32.7365],[75.284,32.7451],[75.287,32.7511],[75.2923,32.7604],[75.2964,32.7618],[75.2978,32.7611],[75.3043,32.7616],[75.3097,32.7636],[75.3134,32.7609],[75.313,32.7527],[75.3211,32.7512],[75.3247,32.7492],[75.3309,32.7485],[75.3332,32.749],[75.3387,32.7483],[75.3487,32.7485],[75.3501,32.7491],[75.3548,32.7451],[75.3579,32.7436],[75.3649,32.7359],[75.3711,32.7352],[75.373,32.7361],[75.3828,32.734],[75.388,32.7332],[75.3883,32.7344],[75.3945,32.7391],[75.3992,32.7396],[75.4046,32.7413],[75.4103,32.7413],[75.4141,32.7388],[75.4171,32.7381],[75.4239,32.7397],[75.4268,32.7387],[75.4303,32.7395],[75.4295,32.7476],[75.4334,32.7482],[75.4412,32.7431],[75.4443,32.7395],[75.4552,32.7362],[75.4593,32.7343],[75.4635,32.7276],[75.4627,32.7246],[75.4644,32.7216],[75.4683,32.7177],[75.4724,32.717],[75.4841,32.717],[75.4835,32.7226],[75.4819,32.7269],[75.4831,32.734],[75.487,32.737],[75.4899,32.7408],[75.4891,32.7447],[75.4911,32.7511],[75.4907,32.7565],[75.4937,32.7645],[75.4957,32.7667],[75.5002,32.7668],[75.5033,32.7658],[75.5126,32.7684],[75.5168,32.7705],[75.5203,32.7677],[75.5243,32.7704],[75.5304,32.7716],[75.5386,32.7713],[75.5405,32.7724],[75.5463,32.7733],[75.5525,32.7732],[75.5527,32.7678],[75.5556,32.7663],[75.5566,32.7631],[75.5591,32.7605],[75.5597,32.7577],[75.5639,32.7594],[75.5682,32.7587],[75.5751,32.756],[75.582,32.7446],[75.5843,32.7455],[75.5838,32.7498],[75.5878,32.7518],[75.5863,32.7534],[75.588,32.7571],[75.5863,32.7607],[75.5907,32.7617],[75.5933,32.7641],[75.5974,32.7651],[75.5991,32.7681],[75.6023,32.7695],[75.6086,32.7701],[75.6119,32.7714],[75.6163,32.7758],[75.62,32.7736],[75.6248,32.7732],[75.6287,32.7718],[75.634,32.7712],[75.638,32.7721],[75.6457,32.7721],[75.6489,32.7745],[75.6561,32.7732],[75.6576,32.7752],[75.6621,32.7779],[75.6643,32.7776],[75.6692,32.7804],[75.6704,32.786],[75.6718,32.7881],[75.682,32.7893],[75.6857,32.7918],[75.6873,32.7948],[75.6906,32.7964],[75.69,32.8017],[75.6903,32.8055],[75.6876,32.8084],[75.6904,32.816],[75.6873,32.8188],[75.6824,32.8216],[75.686,32.8251],[75.6869,32.828],[75.6891,32.829],[75.6901,32.833],[75.6952,32.8378],[75.6943,32.8436],[75.692,32.847],[75.6869,32.8492],[75.6853,32.8509],[75.6851,32.8558],[75.6828,32.8641],[75.6812,32.8679],[75.6774,32.8679],[75.6755,32.8693],[75.6749,32.8726],[75.6754,32.8779],[75.6769,32.88],[75.6721,32.8899],[75.673,32.8927],[75.67,32.9005],[75.668,32.9118],[75.6649,32.919],[75.6627,32.9201],[75.6623,32.9231],[75.6562,32.9277],[75.6491,32.9281],[75.647,32.9292],[75.6371,32.9299],[75.6318,32.935],[75.6283,32.9357],[75.6237,32.9397],[75.6192,32.9405],[75.6145,32.9403],[75.6129,32.9387],[75.6081,32.94],[75.6058,32.9436],[75.6018,32.9452],[75.5959,32.9498],[75.5821,32.9471],[75.5778,32.9525],[75.5791,32.9575],[75.5767,32.9614],[75.5707,32.9617],[75.5622,32.9679],[75.5578,32.9674],[75.551,32.9652],[75.5503,32.9616],[75.5482,32.9607],[75.5443,32.9569],[75.5418,32.9529],[75.5377,32.952],[75.5342,32.9494],[75.5323,32.9504],[75.5299,32.9563],[75.5209,32.96],[75.5162,32.959],[75.5121,32.9566],[75.5078,32.9572],[75.5057,32.9587],[75.4982,32.9554],[75.4941,32.9562],[75.4893,32.9549],[75.4764,32.9574],[75.472,32.9609],[75.4683,32.9615],[75.4616,32.958],[75.4599,32.961],[75.4524,32.9622],[75.4517,32.9646],[75.4531,32.9687],[75.4488,32.9749],[75.4451,32.9749],[75.4356,32.9793],[75.4284,32.9843]]]},"properties":{"id":"in:subdistrict:74","level":"subdistrict","name":"Ramnagar","code":74,"parent":"in:district:14","state":"in:state:1"}},{"type":"Feature","geometry":{"type":"Polygon","coordinates":[[[75.4284,32.9843],[75.4179,32.992],[75.4173,32.9945],[75.4228,32.9996],[75.4365,33.0055],[75.4347,33.0129],[75.4283,33.0372],[75.4194,33.0565],[75.415,33.0551],[75.414,33.0513],[75.4103,33.0488],[75.4091,33.042],[75.4073,33.0382],[75.4083,33.0351],[75.3991,33.0347],[75.3933,33.0368],[75.3908,33.0395],[75.3906,33.0415],[75.3848,33.0441],[75.3813,33.0446],[75.3765,33.0478],[75.3701,33.0564],[75.3696,33.0594],[75.3705,33.0647],[75.3694,33.0686],[75.367,33.0666],[75.3639,33.0664],[75.3598,33.0675],[75.3524,33.0705],[75.3442,33.0722],[75.3424,33.0735],[75.3413,33.0778],[75.335,33.0786],[75.3312,33.0837],[75.3281,33.086],[75.3221,33.0875],[75.3089,33.0924],[75.3002,33.0945],[75.2933,33.0948],[75.2815,33.0935],[75.2744,33.0934],[75.2682,33.0943],[75.2569,33.1003],[75.2452,33.1032],[75.2426,33.1053],[75.2342,33.1181],[75.2314,33.102],[75.2335,33.0994],[75.2397,33.0937],[75.2444,33.0903],[75.2479,33.0911],[75.2471,33.0866],[75.2435,33.0843],[75.2375,33.0847],[75.2307,33.0812],[75.2269,33.0774],[75.2218,33.0747],[75.2273,33.066],[75.2357,33.0552],[75.2378,33.0515],[75.2451,33.0464],[75.2476,33.0403],[75.2492,33.0391],[75.251,33.0339],[75.2463,33.0333],[75.2448,33.0306],[75.2423,33.0291],[75.2372,33.0287],[75.2359,33.0244],[75.233,33.0227],[75.2278,33.0224],[75.2231,33.0229],[75.2235,33.0195],[75.2261,33.0179],[75.2266,33.015],[75.2251,33.0137],[75.2244,33.0097],[75.2221,33.0058],[75.2219,33.0034],[75.2251,33.0002],[75.2327,32.9955],[75.2363,32.9945],[75.2413,32.9904],[75.2511,32.9919],[75.2548,32.9941],[75.2563,32.9932],[75.2606,32.9969],[75.2686,32.9974],[75.2714,32.9959],[75.2792,33.0021],[75.2824,32.9984],[75.2827,32.9938],[75.2851,32.9925],[75.2884,32.9934],[75.2902,32.9898],[75.2951,32.9866],[75.2961,32.9832],[75.3016,32.9785],[75.3032,32.9761],[75.3083,32.9716],[75.3117,32.9698],[75.3163,32.9691],[75.3194,32.9677],[75.3243,32.9626],[75.3352,32.953],[75.3367,32.9502],[75.3416,32.9475],[75.3463,32.9438],[75.3482,32.9413],[75.3586,32.9353],[75.363,32.932],[75.3687,32.9288],[75.3801,32.92],[75.3841,32.9155],[75.3853,32.9128],[75.388,32.9116],[75.3917,32.912],[75.3948,32.9182],[75.3952,32.9245],[75.3971,32.9291],[75.4007,32.9526],[75.402,32.9554],[75.4106,32.9665],[75.422,32.9749],[75.428,32.9814],[75.4284,32.9843]]]},"properties":{"id":"in:subdistrict:73","level":"subdistrict","name":"Chenani","code":73,"parent":"in:district:14","state":"in:state:1"}},{"type":"Feature","geometry":{"type":"Polygon","coordinates":[[[75.0607,33.1535],[75.0626,33.1475],[75.0659,33.1493],[75.0667,33.1465],[75.0705,33.1455],[75.0685,33.1403],[75.0708,33.1386],[75.0747,33.1415],[75.077,33.1404],[75.0746,33.1374],[75.0735,33.1332],[75.0689,33.1295],[75.0594,33.1278],[75.0519,33.1301],[75.0483,33.13],[75.0403,33.1255],[75.0324,33.1174],[75.022,33.11],[75.0148,33.1068],[75.0007,33.1027],[74.988,33.0963],[74.9837,33.0916],[74.9753,33.0838],[74.9709,33.0779],[74.9696,33.0731],[74.9811,33.0739],[74.9988,33.0624],[74.9904,33.0572],[74.9898,33.0531],[74.9876,33.0505],[74.9791,33.0489],[74.9717,33.0458],[74.9651,33.0417],[74.9628,33.0393],[74.964,33.0369],[74.9645,33.031],[74.9676,33.0296],[74.9754,33.03],[74.9762,33.0255],[74.9848,33.0268],[74.9879,33.0234],[74.9931,33.0195],[74.9968,33.0179],[74.9987,33.0148],[74.9958,33.0057],[74.9924,33.0017],[74.9953,32.9976],[74.9951,32.9937],[74.9939,32.9886],[74.9914,32.9857],[74.9904,32.9815],[74.9883,32.979],[74.9879,32.9757],[74.9867,32.9735],[74.9837,32.9716],[74.9853,32.9648],[74.9843,32.9612],[74.9789,32.958],[74.9775,32.9551],[74.9788,32.9537],[74.9776,32.9485],[74.9727,32.9459],[74.97,32.9422],[74.9723,32.9399],[74.9752,32.933],[74.9783,32.9291],[74.9788,32.9249],[74.9836,32.921],[74.9852,32.918],[74.9898,32.915],[74.9917,32.9119],[74.9973,32.9088],[75.002,32.9053],[75.0054,32.9013],[75.0112,32.8962],[75.0118,32.8934],[75.0136,32.8916],[75.0244,32.8856],[75.0286,32.8816],[75.0284,32.8806],[75.0329,32.8749],[75.0362,32.873],[75.0427,32.8711],[75.0498,32.8664],[75.0545,32.8661],[75.0574,32.8638],[75.062,32.8589],[75.0708,32.852],[75.0744,32.8504],[75.0761,32.8478],[75.0936,32.8383],[75.0986,32.8345],[75.1042,32.8325],[75.1116,32.8291],[75.1145,32.8268],[75.1162,32.8218],[75.1288,32.8157],[75.1311,32.8137],[75.1318,32.8113],[75.1291,32.8041],[75.1284,32.7976],[75.1309,32.7943],[75.1338,32.7929],[75.1403,32.7922],[75.146,32.7908],[75.1533,32.787],[75.1557,32.7884],[75.1532,32.7915],[75.1451,32.7939],[75.1464,32.796],[75.1528,32.7975],[75.1554,32.7997],[75.157,32.8043],[75.1629,32.8082],[75.1656,32.8088],[75.1739,32.8086],[75.1809,32.8107],[75.1813,32.8175],[75.1836,32.8195],[75.1927,32.8183],[75.1983,32.8206],[75.201,32.8254],[75.1992,32.8295],[75.2025,32.8321],[75.2059,32.8393],[75.2084,32.8414],[75.2105,32.8487],[75.209,32.8508],[75.2091,32.8546],[75.2131,32.8593],[75.2084,32.8616],[75.2097,32.8658],[75.2071,32.8686],[75.1938,32.8659],[75.1894,32.8641],[75.1823,32.8631],[75.1788,32.8663],[75.1784,32.8698],[75.1829,32.8743],[75.1879,32.8749],[75.1908,32.8787],[75.1913,32.8819],[75.189,32.8942],[75.1916,32.9014],[75.1946,32.9059],[75.1934,32.9079],[75.1858,32.9116],[75.1862,32.9152],[75.1825,32.9205],[75.1852,32.9228],[75.1925,32.9258],[75.1964,32.9266],[75.2006,32.9291],[75.2056,32.9363],[75.213,32.9347],[75.2223,32.9341],[75.2247,32.9371],[75.2299,32.9394],[75.2323,32.9415],[75.2365,32.947],[75.2421,32.9527],[75.2448,32.9541],[75.2459,32.9604],[75.2479,32.9628],[75.2509,32.9684],[75.2505,32.9761],[75.2485,32.9794],[75.2538,32.985],[75.2563,32.9932],[75.2548,32.9941],[75.2511,32.9919],[75.2413,32.9904],[75.2363,32.9945],[75.2327,32.9955],[75.2251,33.0002],[75.2219,33.0034],[75.2221,33.0058],[75.2244,33.0097],[75.2251,33.0137],[75.2266,33.015],[75.2261,33.0179],[75.2235,33.0195],[75.2231,33.0229],[75.2278,33.0224],[75.233,33.0227],[75.2359,33.0244],[75.2372,33.0287],[75.2423,33.0291],[75.2448,33.0306],[75.2463,33.0333],[75.251,33.0339],[75.2492,33.0391],[75.2476,33.0403],[75.2451,33.0464],[75.2378,33.0515],[75.2357,33.0552],[75.2273,33.066],[75.2218,33.0747],[75.2269,33.0774],[75.2307,33.0812],[75.2375,33.0847],[75.2435,33.0843],[75.2471,33.0866],[75.2479,33.0911],[75.2444,33.0903],[75.2397,33.0937],[75.2335,33.0994],[75.2314,33.102],[75.2342,33.1181],[75.2296,33.1261],[75.2265,33.1335],[75.2233,33.1386],[75.2186,33.1431],[75.2102,33.1467],[75.2022,33.1492],[75.1926,33.1498],[75.1774,33.1482],[75.1687,33.1462],[75.1606,33.1425],[75.1564,33.1413],[75.1544,33.1424],[75.1506,33.1505],[75.1375,33.1651],[75.1326,33.17],[75.1216,33.1786],[75.1116,33.1802],[75.1035,33.183],[75.0958,33.1881],[75.0897,33.1832],[75.0847,33.1759],[75.0786,33.1738],[75.0758,33.1712],[75.0763,33.1685],[75.0785,33.1656],[75.0768,33.164],[75.0688,33.1611],[75.0651,33.1559],[75.0614,33.1555],[75.0607,33.1535]]]},"properties":{"id":"in:subdistrict:72","level":"subdistrict","name":"Udhampur","code":72,"parent":"in:district:14","state":"in:state:1"}},{"type":"Feature","geometry":{"type":"Polygon","coordinates":[[[75.0958,33.1881],[75.1035,33.183],[75.1116,33.1802],[75.1216,33.1786],[75.1326,33.17],[75.1375,33.1651],[75.1506,33.1505],[75.1544,33.1424],[75.1564,33.1413],[75.1606,33.1425],[75.1687,33.1462],[75.1774,33.1482],[75.1926,33.1498],[75.2022,33.1492],[75.2102,33.1467],[75.2186,33.1431],[75.2233,33.1386],[75.2265,33.1335],[75.2296,33.1261],[75.2342,33.1181],[75.2426,33.1053],[75.2452,33.1032],[75.2569,33.1003],[75.2682,33.0943],[75.2744,33.0934],[75.2815,33.0935],[75.2933,33.0948],[75.3002,33.0945],[75.3089,33.0924],[75.3221,33.0875],[75.3281,33.086],[75.3312,33.0837],[75.335,33.0786],[75.3413,33.0778],[75.3424,33.0735],[75.3442,33.0722],[75.3524,33.0705],[75.3598,33.0675],[75.3639,33.0664],[75.367,33.0666],[75.3694,33.0686],[75.3709,33.0729],[75.3689,33.0831],[75.3697,33.0936],[75.3696,33.0983],[75.3655,33.111],[75.3652,33.1166],[75.364,33.1217],[75.3574,33.1382],[75.3556,33.1468],[75.3533,33.1499],[75.3481,33.1532],[75.3393,33.1563],[75.3353,33.1592],[75.3345,33.1617],[75.3362,33.1681],[75.3399,33.1755],[75.3484,33.1877],[75.3526,33.1911],[75.3661,33.1961],[75.3726,33.199],[75.3768,33.202],[75.3822,33.2074],[75.3868,33.2136],[75.388,33.2179],[75.3879,33.2243],[75.3912,33.2343],[75.3896,33.2404],[75.3875,33.2435],[75.3803,33.2505],[75.3771,33.2559],[75.375,33.2683],[75.3748,33.2737],[75.3758,33.2794],[75.3782,33.2845],[75.3818,33.295],[75.3851,33.3088],[75.3922,33.3421],[75.3933,33.3463],[75.3938,33.353],[75.3931,33.3578],[75.3912,33.3627],[75.3886,33.366],[75.3825,33.365],[75.38,33.3631],[75.3794,33.3598],[75.3757,33.3538],[75.3745,33.3482],[75.3692,33.3417],[75.3679,33.3338],[75.3647,33.3207],[75.3669,33.3143],[75.3666,33.3079],[75.3597,33.3025],[75.3578,33.299],[75.3541,33.2978],[75.3489,33.2973],[75.3453,33.3022],[75.3433,33.3],[75.3362,33.2942],[75.3318,33.2932],[75.3275,33.2935],[75.3152,33.2985],[75.3095,33.2994],[75.3017,33.3038],[75.2924,33.3059],[75.286,33.3014],[75.28,33.2995],[75.2756,33.2988],[75.2688,33.2999],[75.2675,33.3019],[75.2615,33.3042],[75.2585,33.3093],[75.2553,33.3105],[75.2525,33.3086],[75.2475,33.3076],[75.2452,33.3025],[75.2377,33.2987],[75.2323,33.3013],[75.2242,33.3087],[75.222,33.3113],[75.2181,33.3141],[75.2092,33.3171],[75.2005,33.3145],[75.1938,33.3145],[75.1885,33.3206],[75.1862,33.3267],[75.18,33.336],[75.1808,33.3394],[75.1795,33.3415],[75.1746,33.3434],[75.1705,33.3494],[75.1646,33.3522],[75.161,33.3511],[75.1576,33.3517],[75.1521,33.3508],[75.1471,33.3532],[75.1418,33.3515],[75.1348,33.3456],[75.1338,33.3431],[75.1311,33.3405],[75.125,33.3396],[75.1217,33.3445],[75.1141,33.3476],[75.1113,33.3474],[75.1052,33.344],[75.0985,33.3452],[75.0935,33.3439],[75.0891,33.3462],[75.0885,33.3489],[75.0822,33.3455],[75.0788,33.3465],[75.0691,33.3429],[75.0696,33.347],[75.0622,33.3562],[75.0556,33.361],[75.0456,33.3707],[75.0426,33.3681],[75.0345,33.3648],[75.0195,33.358],[75.0141,33.3537],[75.0083,33.3467],[75.0044,33.3437],[74.9937,33.3372],[74.9895,33.3323],[74.9865,33.3263],[74.9783,33.3239],[74.9743,33.3237],[74.9716,33.3209],[74.9689,33.3152],[74.9654,33.31],[74.964,33.3031],[74.958,33.2938],[74.9643,33.2835],[74.9664,33.277],[74.969,33.2713],[74.9735,33.263],[74.9654,33.2577],[74.9654,33.2553],[74.9677,33.2512],[74.971,33.2486],[74.9723,33.2385],[74.9636,33.2326],[74.9632,33.2291],[74.9677,33.2255],[74.9719,33.2236],[74.9782,33.2224],[74.986,33.2218],[74.9953,33.2173],[74.9981,33.2179],[75.0016,33.2171],[75.0093,33.2135],[75.0213,33.2102],[75.0282,33.2075],[75.0403,33.1998],[75.0449,33.1973],[75.0518,33.1953],[75.0586,33.1945],[75.0683,33.1957],[75.0752,33.196],[75.0841,33.1947],[75.0883,33.1931],[75.0958,33.1881]]]},"properties":{"id":"in:subdistrict:67","level":"subdistrict","name":"Ramban","code":67,"parent":"in:district:621","state":"in:state:1"}},{"type":"Feature","geometry":{"type":"Polygon","coordinates":[[[74.6269,33.2041],[74.6221,33.2051],[74.6189,33.2023],[74.6114,33.2008],[74.6095,33.1974],[74.6095,33.1936],[74.6053,33.1951],[74.6014,33.1949],[74.6002,33.1983],[74.5963,33.2002],[74.5912,33.1997],[74.5829,33.203],[74.5795,33.2018],[74.5683,33.2024],[74.5685,33.2001],[74.5738,33.1955],[74.5709,33.1944],[74.5613,33.1951],[74.5588,33.1947],[74.5524,33.1906],[74.5473,33.1893],[74.5487,33.1858],[74.5475,33.1798],[74.5412,33.186],[74.5384,33.187],[74.5375,33.1932],[74.5316,33.1926],[74.5261,33.1904],[74.5221,33.1871],[74.5213,33.1804],[74.5246,33.1756],[74.5279,33.1751],[74.5322,33.1724],[74.5392,33.1711],[74.5433,33.166],[74.545,33.1649],[74.553,33.1642],[74.5573,33.1666],[74.5649,33.1646],[74.5699,33.161],[74.5708,33.1582],[74.5812,33.1537],[74.5896,33.1547],[74.6005,33.1576],[74.6106,33.1539],[74.6119,33.1508],[74.6205,33.1478],[74.6265,33.1469],[74.6302,33.1426],[74.6299,33.1395],[74.627,33.1363],[74.6242,33.1318],[74.6177,33.1312],[74.6159,33.1284],[74.616,33.126],[74.6178,33.1233],[74.6217,33.121],[74.6229,33.1151],[74.6215,33.113],[74.6225,33.1097],[74.6297,33.1075],[74.6307,33.1095],[74.6339,33.1077],[74.6306,33.1052],[74.6261,33.1039],[74.6231,33.102],[74.6273,33.0989],[74.6354,33.0943],[74.63,33.0907],[74.6244,33.0921],[74.6191,33.0908],[74.6086,33.0918],[74.6043,33.0907],[74.6014,33.0869],[74.5989,33.0818],[74.5991,33.0726],[74.5927,33.0691],[74.5879,33.0697],[74.5834,33.0679],[74.5761,33.0682],[74.5698,33.0693],[74.5671,33.0676],[74.5629,33.0684],[74.5638,33.0635],[74.5629,33.0605],[74.5652,33.058],[74.5645,33.0559],[74.5617,33.0532],[74.5577,33.0532],[74.5574,33.0515],[74.561,33.0499],[74.5636,33.0506],[74.5656,33.0462],[74.5663,33.0419],[74.5692,33.0367],[74.5703,33.0321],[74.5724,33.03],[74.5767,33.0337],[74.5815,33.0336],[74.5856,33.0354],[74.5952,33.0364],[74.6077,33.0401],[74.6119,33.0396],[74.6172,33.0413],[74.6287,33.0478],[74.639,33.0503],[74.6435,33.0494],[74.6483,33.0502],[74.6546,33.0523],[74.6584,33.0544],[74.6626,33.0514],[74.6673,33.0536],[74.6752,33.0546],[74.6767,33.0571],[74.6763,33.0616],[74.6815,33.0623],[74.6819,33.0595],[74.6856,33.0586],[74.6855,33.0559],[74.6886,33.0547],[74.6951,33.0563],[74.6979,33.0599],[74.7004,33.061],[74.7025,33.0572],[74.705,33.0572],[74.7074,33.059],[74.7101,33.0582],[74.7086,33.0532],[74.7107,33.0519],[74.7185,33.0545],[74.7218,33.0546],[74.7269,33.0532],[74.7309,33.0541],[74.7294,33.0599],[74.7317,33.061],[74.7378,33.0613],[74.7438,33.0589],[74.7481,33.0588],[74.7497,33.0555],[74.7492,33.0531],[74.7523,33.0516],[74.7686,33.0517],[74.7713,33.0494],[74.7707,33.0473],[74.7735,33.0446],[74.777,33.043],[74.7777,33.0409],[74.7768,33.0375],[74.7797,33.038],[74.7848,33.036],[74.7926,33.0345],[74.7925,33.0307],[74.797,33.0247],[74.8021,33.017],[74.8057,33.014],[74.8098,33.0074],[74.8139,33.0049],[74.8163,32.9997],[74.8213,32.995],[74.8244,32.9912],[74.8244,32.9893],[74.8247,32.9869],[74.828,32.9863],[74.8343,32.9803],[74.8374,32.9807],[74.8396,32.978],[74.8426,32.9786],[74.8473,32.9772],[74.8477,32.9743],[74.8499,32.9721],[74.8498,32.9618],[74.8517,32.9547],[74.854,32.9522],[74.8536,32.9463],[74.8544,32.9436],[74.8588,32.9466],[74.8629,32.947],[74.8667,32.9499],[74.8704,32.9512],[74.8728,32.9506],[74.8747,32.9542],[74.8744,32.957],[74.8784,32.9595],[74.8821,32.9558],[74.8889,32.9545],[74.8913,32.9451],[74.8941,32.9404],[74.8935,32.928],[74.8958,32.9242],[74.8982,32.9227],[74.9016,32.9248],[74.908,32.9244],[74.9108,32.9233],[74.911,32.9201],[74.9151,32.914],[74.9184,32.9108],[74.9195,32.9053],[74.9234,32.8982],[74.9264,32.8965],[74.9273,32.8945],[74.9328,32.8913],[74.9361,32.8872],[74.9468,32.8916],[74.9516,32.8927],[74.9491,32.8981],[74.9508,32.8996],[74.9551,32.8987],[74.9594,32.8961],[74.961,32.8989],[74.964,32.9014],[74.9614,32.9054],[74.9609,32.9106],[74.9592,32.911],[74.9527,32.9203],[74.954,32.9223],[74.954,32.9319],[74.9584,32.9328],[74.9612,32.9312],[74.9629,32.9352],[74.9629,32.9401],[74.9608,32.9438],[74.9616,32.946],[74.96,32.9506],[74.9595,32.9622],[74.9616,32.9673],[74.9693,32.9726],[74.9778,32.9735],[74.9785,32.9751],[74.9879,32.9757],[74.9883,32.979],[74.9904,32.9815],[74.9914,32.9857],[74.9939,32.9886],[74.9951,32.9937],[74.9953,32.9976],[74.9924,33.0017],[74.9958,33.0057],[74.9987,33.0148],[74.9968,33.0179],[74.9931,33.0195],[74.9879,33.0234],[74.9848,33.0268],[74.9762,33.0255],[74.9754,33.03],[74.9676,33.0296],[74.9645,33.031],[74.964,33.0369],[74.9628,33.0393],[74.9651,33.0417],[74.9717,33.0458],[74.9791,33.0489],[74.9876,33.0505],[74.9898,33.0531],[74.9904,33.0572],[74.9988,33.0624],[74.9811,33.0739],[74.9696,33.0731],[74.9709,33.0779],[74.9753,33.0838],[74.9837,33.0916],[74.988,33.0963],[75.0007,33.1027],[75.0148,33.1068],[75.022,33.11],[75.0324,33.1174],[75.0403,33.1255],[75.0483,33.13],[75.0519,33.1301],[75.0594,33.1278],[75.0689,33.1295],[75.0735,33.1332],[75.0746,33.1374],[75.077,33.1404],[75.0747,33.1415],[75.0708,33.1386],[75.0685,33.1403],[75.0705,33.1455],[75.0667,33.1465],[75.0659,33.1493],[75.0626,33.1475],[75.0607,33.1535],[75.0591,33.1526],[75.0504,33.1505],[75.044,33.1529],[75.0408,33.1533],[75.0346,33.1496],[75.0321,33.149],[75.0226,33.1488],[75.0153,33.1525],[75.0118,33.1489],[75.0087,33.148],[75.0056,33.1493],[75.0014,33.1529],[74.9988,33.1486],[74.9924,33.1489],[74.984,33.1536],[74.9783,33.1516],[74.9698,33.1534],[74.9654,33.1569],[74.9586,33.1563],[74.9558,33.1573],[74.9494,33.1559],[74.9329,33.1543],[74.9212,33.1535],[74.9191,33.1544],[74.9163,33.1508],[74.9139,33.1542],[74.9113,33.1532],[74.9087,33.154],[74.9051,33.1525],[74.8898,33.1523],[74.8843,33.1489],[74.8798,33.1494],[74.8776,33.1517],[74.8675,33.1487],[74.8631,33.1486],[74.8595,33.1501],[74.854,33.1454],[74.8473,33.1465],[74.8483,33.1482],[74.8485,33.154],[74.8536,33.1614],[74.8554,33.1666],[74.8538,33.1719],[74.8488,33.1747],[74.8462,33.1736],[74.8412,33.1743],[74.8259,33.1783],[74.8205,33.1802],[74.8187,33.1826],[74.8186,33.1865],[74.8165,33.1921],[74.814,33.1953],[74.8107,33.1964],[74.8061,33.1953],[74.8022,33.1961],[74.7982,33.1983],[74.7818,33.2007],[74.7742,33.2046],[74.773,33.2113],[74.7678,33.2123],[74.7673,33.2156],[74.7616,33.2194],[74.7605,33.2232],[74.7536,33.2273],[74.7535,33.2302],[74.7513,33.2326],[74.7425,33.2471],[74.7368,33.2486],[74.7321,33.2511],[74.7295,33.2503],[74.7258,33.2519],[74.7182,33.2515],[74.7111,33.2496],[74.7007,33.2493],[74.6941,33.25],[74.6918,33.2489],[74.6929,33.247],[74.6929,33.2427],[74.6918,33.237],[74.6894,33.2334],[74.6898,33.2293],[74.6886,33.2216],[74.689,33.2183],[74.6871,33.2128],[74.6854,33.2115],[74.6829,33.207],[74.6831,33.2019],[74.6879,33.1976],[74.6875,33.1956],[74.6787,33.1949],[74.6741,33.1966],[74.6708,33.1947],[74.6643,33.1924],[74.6619,33.1852],[74.6558,33.1863],[74.6549,33.1945],[74.6441,33.1966],[74.6335,33.202],[74.6293,33.2025],[74.6269,33.2041]]]},"properties":{"id":"in:subdistrict:77","level":"subdistrict","name":"Reasi","code":77,"parent":"in:district:627","state":"in:state:1"}},{"type":"Feature","geometry":{"type":"Polygon","coordinates":[[[75.1557,32.7884],[75.1533,32.787],[75.146,32.7908],[75.1403,32.7922],[75.1338,32.7929],[75.1309,32.7943],[75.1284,32.7976],[75.1291,32.8041],[75.1318,32.8113],[75.1311,32.8137],[75.1288,32.8157],[75.1162,32.8218],[75.1145,32.8268],[75.1116,32.8291],[75.1042,32.8325],[75.0986,32.8345],[75.0936,32.8383],[75.0761,32.8478],[75.0744,32.8504],[75.0708,32.852],[75.062,32.8589],[75.0574,32.8638],[75.0545,32.8661],[75.0498,32.8664],[75.0427,32.8711],[75.0362,32.873],[75.0329,32.8749],[75.0284,32.8806],[75.0286,32.8816],[75.0244,32.8856],[75.0136,32.8916],[75.0118,32.8934],[75.0112,32.8962],[75.0054,32.9013],[75.002,32.9053],[74.9973,32.9088],[74.9917,32.9119],[74.9898,32.915],[74.9852,32.918],[74.9836,32.921],[74.9788,32.9249],[74.9783,32.9291],[74.9752,32.933],[74.9723,32.9399],[74.97,32.9422],[74.9727,32.9459],[74.9776,32.9485],[74.9788,32.9537],[74.9775,32.9551],[74.9789,32.958],[74.9843,32.9612],[74.9853,32.9648],[74.9837,32.9716],[74.9867,32.9735],[74.9879,32.9757],[74.9785,32.9751],[74.9778,32.9735],[74.9693,32.9726],[74.9616,32.9673],[74.9595,32.9622],[74.96,32.9506],[74.9616,32.946],[74.9608,32.9438],[74.9629,32.9401],[74.9629,32.9352],[74.9612,32.9312],[74.9584,32.9328],[74.954,32.9319],[74.954,32.9223],[74.9527,32.9203],[74.9592,32.911],[74.9609,32.9106],[74.9614,32.9054],[74.964,32.9014],[74.961,32.8989],[74.9594,32.8961],[74.9551,32.8987],[74.9508,32.8996],[74.9491,32.8981],[74.9516,32.8927],[74.9468,32.8916],[74.9361,32.8872],[74.9328,32.8913],[74.9273,32.8945],[74.9264,32.8965],[74.9234,32.8982],[74.9195,32.9053],[74.9184,32.9108],[74.9151,32.914],[74.911,32.9201],[74.9108,32.9233],[74.908,32.9244],[74.9016,32.9248],[74.8982,32.9227],[74.8958,32.9242],[74.8935,32.928],[74.8941,32.9404],[74.8913,32.9451],[74.8889,32.9545],[74.8821,32.9558],[74.8784,32.9595],[74.8744,32.957],[74.8747,32.9542],[74.8728,32.9506],[74.8704,32.9512],[74.8667,32.9499],[74.8629,32.947],[74.8588,32.9466],[74.8544,32.9436],[74.8536,32.9463],[74.854,32.9522],[74.8517,32.9547],[74.8498,32.9618],[74.8499,32.9721],[74.8477,32.9743],[74.8473,32.9772],[74.8426,32.9786],[74.8396,32.978],[74.8374,32.9807],[74.8343,32.9803],[74.828,32.9863],[74.8247,32.9869],[74.8244,32.9893],[74.8201,32.9904],[74.8163,32.9925],[74.8105,32.9934],[74.8076,32.9917],[74.8062,32.9873],[74.8038,32.9859],[74.7979,32.9845],[74.7961,32.9808],[74.7958,32.9748],[74.7926,32.9716],[74.7861,32.9705],[74.7852,32.9686],[74.7889,32.9576],[74.7886,32.9521],[74.7844,32.9465],[74.7758,32.9403],[74.7753,32.9378],[74.7776,32.9335],[74.7776,32.9305],[74.7756,32.9256],[74.7768,32.9225],[74.7792,32.9225],[74.7804,32.9183],[74.7851,32.9135],[74.7839,32.9107],[74.7797,32.9068],[74.776,32.9088],[74.7745,32.9127],[74.7718,32.9139],[74.7653,32.9101],[74.7588,32.9069],[74.7545,32.9069],[74.7466,32.9042],[74.7412,32.9011],[74.7374,32.8979],[74.7317,32.8897],[74.7254,32.8759],[74.7206,32.8698],[74.718,32.8652],[74.7134,32.8551],[74.7064,32.8458],[74.7008,32.8411],[74.7048,32.8419],[74.7047,32.8299],[74.7054,32.8258],[74.705,32.8202],[74.704,32.817],[74.6975,32.8097],[74.6962,32.805],[74.6914,32.798],[74.6872,32.7885],[74.6842,32.7841],[74.6818,32.7765],[74.6784,32.7726],[74.6768,32.7688],[74.6777,32.7651],[74.6771,32.7613],[74.6749,32.756],[74.6727,32.7526],[74.6646,32.7426],[74.6618,32.7348],[74.6594,32.7308],[74.6559,32.728],[74.6619,32.727],[74.6637,32.724],[74.658,32.715],[74.6579,32.707],[74.6543,32.7001],[74.6535,32.6967],[74.6587,32.6886],[74.6614,32.6865],[74.6619,32.6834],[74.667,32.6753],[74.6784,32.6725],[74.6824,32.6723],[74.6826,32.6688],[74.6882,32.6677],[74.6958,32.6633],[74.6977,32.6643],[74.7044,32.663],[74.7068,32.6644],[74.7132,32.6633],[74.722,32.6659],[74.7325,32.6674],[74.7359,32.6652],[74.7346,32.661],[74.7348,32.6569],[74.7389,32.6527],[74.7447,32.6543],[74.7467,32.6535],[74.752,32.6546],[74.7555,32.6521],[74.7643,32.6469],[74.7673,32.6461],[74.7695,32.6422],[74.7738,32.6376],[74.7808,32.6391],[74.7851,32.6393],[74.7882,32.6381],[74.7967,32.6359],[74.7999,32.6363],[74.8075,32.6392],[74.8097,32.6379],[74.8171,32.6375],[74.8198,32.6418],[74.8245,32.6438],[74.8293,32.6406],[74.8314,32.6366],[74.8313,32.6345],[74.8262,32.6299],[74.8294,32.6288],[74.8385,32.629],[74.8388,32.6331],[74.8437,32.6384],[74.8475,32.6357],[74.8531,32.6362],[74.8578,32.6381],[74.8616,32.6411],[74.8646,32.6454],[74.8749,32.6463],[74.8771,32.6451],[74.8844,32.6428],[74.8818,32.6367],[74.8883,32.6389],[74.8914,32.639],[74.8954,32.6418],[74.8965,32.6494],[74.8958,32.6525],[74.9052,32.6541],[74.9085,32.6555],[74.9123,32.6596],[74.9238,32.665],[74.9295,32.6686],[74.9269,32.671],[74.9297,32.673],[74.9331,32.6739],[74.9477,32.6796],[74.9548,32.6847],[74.9576,32.6892],[74.9563,32.6965],[74.9616,32.7019],[74.9659,32.7036],[74.967,32.7086],[74.966,32.7115],[74.9704,32.7129],[74.9818,32.7122],[74.9839,32.7103],[74.9876,32.7095],[74.9921,32.7122],[74.9921,32.7139],[74.9953,32.7169],[74.9979,32.7171],[74.9987,32.7207],[75.0055,32.7231],[75.0098,32.7232],[75.0106,32.7265],[75.0097,32.7281],[75.0102,32.732],[75.0148,32.732],[75.0148,32.7338],[75.0213,32.7347],[75.0265,32.7309],[75.0328,32.7329],[75.0346,32.7341],[75.0434,32.7287],[75.0441,32.7319],[75.0468,32.7339],[75.0481,32.7414],[75.0503,32.7409],[75.0552,32.7426],[75.0607,32.7408],[75.0662,32.737],[75.0755,32.7339],[75.0778,32.7318],[75.0816,32.7346],[75.0862,32.7302],[75.0849,32.7281],[75.0917,32.7209],[75.0977,32.731],[75.1024,32.7326],[75.1094,32.7394],[75.1135,32.7425],[75.1178,32.7426],[75.1213,32.7444],[75.1246,32.741],[75.1277,32.7395],[75.131,32.7401],[75.13,32.7431],[75.1337,32.7453],[75.1325,32.7496],[75.1393,32.7505],[75.1414,32.7552],[75.1466,32.7578],[75.1527,32.7591],[75.1568,32.7614],[75.1638,32.7635],[75.167,32.7678],[75.1652,32.7729],[75.1614,32.7745],[75.158,32.7823],[75.1579,32.7871],[75.1557,32.7884]]]},"properties":{"id":"in:subdistrict:79","level":"subdistrict","name":"Jammu","code":79,"parent":"in:district:5","state":"in:state:1"}},{"type":"Feature","geometry":{"type":"Polygon","coordinates":[[[74.6958,32.6633],[74.6917,32.6544],[74.6878,32.6513],[74.6807,32.6525],[74.675,32.6475],[74.6713,32.6452],[74.6704,32.6389],[74.6678,32.6388],[74.6637,32.6356],[74.6597,32.6355],[74.6551,32.637],[74.657,32.6304],[74.655,32.6246],[74.6558,32.617],[74.6549,32.6152],[74.6491,32.6143],[74.6433,32.6152],[74.639,32.6146],[74.6403,32.6083],[74.6395,32.6035],[74.6418,32.6005],[74.651,32.5979],[74.6543,32.5995],[74.6588,32.5968],[74.6571,32.5926],[74.6502,32.5897],[74.6486,32.5846],[74.6498,32.5824],[74.6547,32.5808],[74.6526,32.5733],[74.6517,32.5661],[74.6525,32.563],[74.6556,32.563],[74.6577,32.5644],[74.6627,32.5649],[74.6693,32.5688],[74.6738,32.568],[74.6743,32.5656],[74.6745,32.5544],[74.6733,32.5534],[74.6627,32.5538],[74.6617,32.5497],[74.6629,32.5445],[74.6735,32.539],[74.6769,32.5381],[74.6825,32.5353],[74.6888,32.5351],[74.6906,32.533],[74.6907,32.5235],[74.6842,32.5154],[74.6826,32.5097],[74.6857,32.5066],[74.6848,32.4995],[74.6821,32.4936],[74.6879,32.4869],[74.6936,32.4865],[74.6961,32.4895],[74.7003,32.49],[74.7033,32.4922],[74.7102,32.4926],[74.7137,32.488],[74.7134,32.4859],[74.7233,32.4863],[74.7303,32.4826],[74.7324,32.4834],[74.7359,32.4869],[74.7377,32.4906],[74.7434,32.4969],[74.7452,32.5013],[74.7512,32.4993],[74.7526,32.5001],[74.7568,32.4989],[74.7584,32.5008],[74.7676,32.507],[74.7749,32.5085],[74.774,32.5113],[74.7769,32.5129],[74.7804,32.5133],[74.7801,32.517],[74.7733,32.5184],[74.7803,32.5244],[74.7849,32.5264],[74.7871,32.524],[74.7899,32.5261],[74.7883,32.5308],[74.7913,32.5304],[74.7958,32.527],[74.802,32.5263],[74.8073,32.5296],[74.8048,32.5348],[74.8134,32.5337],[74.8179,32.5338],[74.8211,32.5348],[74.8198,32.5374],[74.8157,32.539],[74.8184,32.5406],[74.8222,32.5412],[74.8211,32.5497],[74.8181,32.5562],[74.8155,32.5605],[74.8148,32.5668],[74.8156,32.5742],[74.8168,32.5774],[74.8163,32.5805],[74.8172,32.583],[74.814,32.5839],[74.8225,32.5895],[74.8232,32.5922],[74.8271,32.5948],[74.8252,32.5997],[74.8206,32.6037],[74.8286,32.6057],[74.8327,32.6073],[74.8359,32.61],[74.8353,32.6126],[74.8285,32.6197],[74.8257,32.625],[74.8262,32.6299],[74.8313,32.6345],[74.8314,32.6366],[74.8293,32.6406],[74.8245,32.6438],[74.8198,32.6418],[74.8171,32.6375],[74.8097,32.6379],[74.8075,32.6392],[74.7999,32.6363],[74.7967,32.6359],[74.7882,32.6381],[74.7851,32.6393],[74.7808,32.6391],[74.7738,32.6376],[74.7695,32.6422],[74.7673,32.6461],[74.7643,32.6469],[74.7555,32.6521],[74.752,32.6546],[74.7467,32.6535],[74.7447,32.6543],[74.7389,32.6527],[74.7348,32.6569],[74.7346,32.661],[74.7359,32.6652],[74.7325,32.6674],[74.722,32.6659],[74.7132,32.6633],[74.7068,32.6644],[74.7044,32.663],[74.6977,32.6643],[74.6958,32.6633]]]},"properties":{"id":"in:subdistrict:80","level":"subdistrict","name":"Ranbir Singh Pura","code":80,"parent":"in:district:5","state":"in:state:1"}},{"type":"Feature","geometry":{"type":"Polygon","coordinates":[[[74.8262,32.6299],[74.8257,32.625],[74.8285,32.6197],[74.8353,32.6126],[74.8359,32.61],[74.8327,32.6073],[74.8286,32.6057],[74.8206,32.6037],[74.8252,32.5997],[74.8271,32.5948],[74.8232,32.5922],[74.8225,32.5895],[74.814,32.5839],[74.8172,32.583],[74.8163,32.5805],[74.8168,32.5774],[74.8156,32.5742],[74.8148,32.5668],[74.8155,32.5605],[74.8181,32.5562],[74.8211,32.5497],[74.8222,32.5412],[74.8184,32.5406],[74.8157,32.539],[74.8198,32.5374],[74.8211,32.5348],[74.8179,32.5338],[74.8134,32.5337],[74.8048,32.5348],[74.8073,32.5296],[74.802,32.5263],[74.7958,32.527],[74.7913,32.5304],[74.7883,32.5308],[74.7899,32.5261],[74.7871,32.524],[74.7849,32.5264],[74.7803,32.5244],[74.7733,32.5184],[74.7801,32.517],[74.7804,32.5133],[74.7769,32.5129],[74.774,32.5113],[74.7749,32.5085],[74.7676,32.507],[74.7584,32.5008],[74.7568,32.4989],[74.7526,32.5001],[74.7512,32.4993],[74.7452,32.5013],[74.7434,32.4969],[74.7377,32.4906],[74.7359,32.4869],[74.7324,32.4834],[74.7303,32.4826],[74.7233,32.4863],[74.7134,32.4859],[74.7112,32.4782],[74.7168,32.4781],[74.7216,32.4767],[74.7275,32.4758],[74.7283,32.4808],[74.7378,32.4799],[74.7405,32.4786],[74.7485,32.4794],[74.7516,32.4783],[74.7546,32.4821],[74.7655,32.4805],[74.7711,32.4813],[74.781,32.4793],[74.7888,32.4773],[74.7977,32.4765],[74.7995,32.4778],[74.8005,32.4823],[74.8128,32.4796],[74.8138,32.4868],[74.8188,32.4979],[74.8221,32.4956],[74.8282,32.4946],[74.8355,32.4952],[74.8377,32.4944],[74.8414,32.4911],[74.844,32.4909],[74.8471,32.4892],[74.8536,32.4906],[74.855,32.4923],[74.8586,32.4928],[74.8653,32.4863],[74.8707,32.486],[74.8729,32.4893],[74.878,32.4927],[74.889,32.5082],[74.8916,32.5107],[74.8879,32.5129],[74.8852,32.5159],[74.8871,32.5172],[74.8839,32.5193],[74.8843,32.5257],[74.8875,32.529],[74.8903,32.5298],[74.8925,32.5325],[74.896,32.5288],[74.9008,32.5257],[74.9069,32.5313],[74.9088,32.5347],[74.9054,32.5377],[74.9054,32.543],[74.9023,32.5457],[74.9016,32.5505],[74.9089,32.5507],[74.9135,32.5477],[74.928,32.5514],[74.9313,32.5564],[74.9331,32.5608],[74.9355,32.5643],[74.9395,32.5655],[74.9417,32.5676],[74.9468,32.5683],[74.9482,32.5721],[74.9477,32.5744],[74.9476,32.583],[74.9454,32.5833],[74.9449,32.5865],[74.9409,32.5873],[74.9506,32.5937],[74.947,32.597],[74.9381,32.5908],[74.9338,32.5938],[74.9291,32.5951],[74.9251,32.6028],[74.922,32.6022],[74.9189,32.6056],[74.9276,32.6124],[74.9239,32.617],[74.9151,32.6225],[74.9092,32.6277],[74.9042,32.6227],[74.8972,32.6193],[74.8921,32.6123],[74.8873,32.6082],[74.8848,32.6091],[74.8787,32.6139],[74.8763,32.6144],[74.8709,32.6192],[74.8783,32.6213],[74.882,32.6196],[74.8847,32.6203],[74.8887,32.6268],[74.8895,32.6298],[74.8928,32.6319],[74.8909,32.6348],[74.8967,32.639],[74.8954,32.6418],[74.8914,32.639],[74.8883,32.6389],[74.8818,32.6367],[74.8844,32.6428],[74.8771,32.6451],[74.8749,32.6463],[74.8646,32.6454],[74.8616,32.6411],[74.8578,32.6381],[74.8531,32.6362],[74.8475,32.6357],[74.8437,32.6384],[74.8388,32.6331],[74.8385,32.629],[74.8294,32.6288],[74.8262,32.6299]]]},"properties":{"id":"in:subdistrict:81","level":"subdistrict","name":"Bishnah","code":81,"parent":"in:district:5","state":"in:state:1"}},{"type":"Feature","geometry":{"type":"Polygon","coordinates":[[[74.8954,32.6418],[74.8967,32.639],[74.8909,32.6348],[74.8928,32.6319],[74.8895,32.6298],[74.8887,32.6268],[74.8847,32.6203],[74.882,32.6196],[74.8783,32.6213],[74.8709,32.6192],[74.8763,32.6144],[74.8787,32.6139],[74.8848,32.6091],[74.8873,32.6082],[74.8921,32.6123],[74.8972,32.6193],[74.9042,32.6227],[74.9092,32.6277],[74.9151,32.6225],[74.9239,32.617],[74.9276,32.6124],[74.9189,32.6056],[74.922,32.6022],[74.9251,32.6028],[74.9291,32.5951],[74.9338,32.5938],[74.9381,32.5908],[74.947,32.597],[74.9506,32.5937],[74.9409,32.5873],[74.9449,32.5865],[74.9454,32.5833],[74.9476,32.583],[74.9477,32.5744],[74.9482,32.5721],[74.9468,32.5683],[74.9417,32.5676],[74.9395,32.5655],[74.9355,32.5643],[74.9331,32.5608],[74.9313,32.5564],[74.928,32.5514],[74.9135,32.5477],[74.9089,32.5507],[74.9016,32.5505],[74.9023,32.5457],[74.9054,32.543],[74.9054,32.5377],[74.9088,32.5347],[74.9069,32.5313],[74.9008,32.5257],[74.896,32.5288],[74.8925,32.5325],[74.8903,32.5298],[74.8875,32.529],[74.8843,32.5257],[74.8839,32.5193],[74.8871,32.5172],[74.8852,32.5159],[74.8879,32.5129],[74.8916,32.5107],[74.889,32.5082],[74.878,32.4927],[74.8835,32.4909],[74.8839,32.4887],[74.8791,32.482],[74.8783,32.4784],[74.8793,32.4767],[74.8849,32.4746],[74.8917,32.4709],[74.9008,32.4674],[74.9038,32.4709],[74.9066,32.4729],[74.9083,32.4723],[74.9139,32.4662],[74.9174,32.4643],[74.9215,32.465],[74.931,32.4712],[74.9379,32.4713],[74.9362,32.4675],[74.9416,32.4628],[74.947,32.4484],[74.9527,32.4475],[74.9607,32.4553],[74.9686,32.4593],[74.9713,32.4595],[74.9742,32.4568],[74.9832,32.4509],[74.9865,32.4504],[74.9887,32.4524],[74.9919,32.4515],[74.9993,32.4575],[75.0033,32.4572],[75.0119,32.4641],[75.0147,32.4655],[75.0174,32.4651],[75.0197,32.4679],[75.0166,32.4708],[75.0168,32.4795],[75.0182,32.4824],[75.022,32.4875],[75.0236,32.4911],[75.028,32.4971],[75.03,32.4949],[75.0369,32.4899],[75.0416,32.4871],[75.0454,32.4883],[75.0548,32.4816],[75.0595,32.4808],[75.0622,32.4792],[75.0648,32.4793],[75.0678,32.4777],[75.0699,32.4797],[75.084,32.472],[75.0863,32.4704],[75.0908,32.4693],[75.0959,32.4734],[75.099,32.4777],[75.1014,32.4777],[75.1067,32.4741],[75.1087,32.4676],[75.1078,32.4606],[75.1111,32.4582],[75.1193,32.4542],[75.1182,32.447],[75.1186,32.4443],[75.1244,32.4366],[75.1245,32.4346],[75.1284,32.4335],[75.1294,32.4312],[75.1319,32.4298],[75.133,32.4264],[75.1273,32.4255],[75.1266,32.4203],[75.1275,32.4172],[75.1317,32.4145],[75.1314,32.4089],[75.1333,32.4085],[75.1411,32.4123],[75.1473,32.4175],[75.1527,32.4211],[75.1601,32.4186],[75.1639,32.4226],[75.1676,32.4232],[75.1768,32.4214],[75.179,32.4235],[75.1871,32.426],[75.1898,32.4258],[75.1936,32.4214],[75.1988,32.4216],[75.1984,32.4263],[75.2011,32.4292],[75.1987,32.4332],[75.1991,32.4417],[75.1951,32.4437],[75.2004,32.4459],[75.2056,32.4469],[75.2049,32.4499],[75.2088,32.4555],[75.2135,32.4545],[75.217,32.4564],[75.2152,32.4603],[75.2196,32.4616],[75.2258,32.4608],[75.2266,32.4651],[75.2243,32.4705],[75.2217,32.4737],[75.2175,32.4812],[75.2218,32.4899],[75.2254,32.4914],[75.2265,32.4948],[75.231,32.4994],[75.2359,32.4977],[75.2387,32.5025],[75.2332,32.5048],[75.2352,32.5065],[75.2384,32.5136],[75.2383,32.5175],[75.2409,32.5193],[75.2446,32.5255],[75.2449,32.5277],[75.2494,32.5312],[75.2508,32.5347],[75.2566,32.5386],[75.2572,32.543],[75.2608,32.543],[75.264,32.5459],[75.2692,32.5474],[75.2708,32.5529],[75.2752,32.556],[75.2788,32.5603],[75.2818,32.5621],[75.2817,32.5676],[75.2847,32.5721],[75.2871,32.574],[75.2949,32.5744],[75.2947,32.5779],[75.2968,32.5782],[75.3141,32.5745],[75.3174,32.5732],[75.3201,32.576],[75.3234,32.5776],[75.3249,32.5806],[75.3326,32.5802],[75.3369,32.5791],[75.3395,32.5806],[75.344,32.5863],[75.3448,32.5905],[75.3425,32.5926],[75.3455,32.594],[75.3445,32.5989],[75.3433,32.6041],[75.3378,32.6084],[75.3279,32.6186],[75.3261,32.6189],[75.3221,32.6232],[75.3164,32.6253],[75.3023,32.6271],[75.2968,32.6307],[75.2895,32.6315],[75.2854,32.638],[75.2844,32.6436],[75.2796,32.6457],[75.279,32.6481],[75.2733,32.6496],[75.2704,32.651],[75.262,32.65],[75.2567,32.6516],[75.2521,32.6559],[75.2462,32.655],[75.2457,32.6524],[75.2465,32.6483],[75.2455,32.6464],[75.2384,32.6451],[75.2367,32.6431],[75.23,32.6444],[75.2283,32.6421],[75.2231,32.6398],[75.2159,32.6424],[75.2075,32.6448],[75.2086,32.6472],[75.2087,32.6517],[75.2064,32.6534],[75.1993,32.6517],[75.1991,32.654],[75.2029,32.6558],[75.202,32.6591],[75.2086,32.6594],[75.2044,32.6631],[75.2051,32.6656],[75.2026,32.6723],[75.2024,32.6782],[75.2059,32.6807],[75.2075,32.6833],[75.2046,32.6854],[75.2013,32.6854],[75.2013,32.6879],[75.1983,32.6895],[75.1935,32.6888],[75.1875,32.6916],[75.1858,32.6957],[75.1826,32.6992],[75.1783,32.701],[75.1764,32.705],[75.1719,32.7075],[75.1661,32.7116],[75.1634,32.7101],[75.16,32.7104],[75.1573,32.712],[75.1582,32.715],[75.1502,32.7216],[75.151,32.7238],[75.1469,32.7264],[75.1439,32.7232],[75.1371,32.7255],[75.1355,32.7245],[75.1333,32.7204],[75.1275,32.7176],[75.1257,32.7157],[75.1198,32.7177],[75.1217,32.7137],[75.1242,32.7112],[75.1226,32.7075],[75.1177,32.7108],[75.1141,32.7096],[75.1088,32.712],[75.1051,32.7155],[75.0994,32.7178],[75.0968,32.7179],[75.0947,32.7161],[75.0924,32.7174],[75.0917,32.7209],[75.0849,32.7281],[75.0862,32.7302],[75.0816,32.7346],[75.0778,32.7318],[75.0755,32.7339],[75.0662,32.737],[75.0607,32.7408],[75.0552,32.7426],[75.0503,32.7409],[75.0481,32.7414],[75.0468,32.7339],[75.0441,32.7319],[75.0434,32.7287],[75.0346,32.7341],[75.0328,32.7329],[75.0265,32.7309],[75.0213,32.7347],[75.0148,32.7338],[75.0148,32.732],[75.0102,32.732],[75.0097,32.7281],[75.0106,32.7265],[75.0098,32.7232],[75.0055,32.7231],[74.9987,32.7207],[74.9979,32.7171],[74.9953,32.7169],[74.9921,32.7139],[74.9921,32.7122],[74.9876,32.7095],[74.9839,32.7103],[74.9818,32.7122],[74.9704,32.7129],[74.966,32.7115],[74.967,32.7086],[74.9659,32.7036],[74.9616,32.7019],[74.9563,32.6965],[74.9576,32.6892],[74.9548,32.6847],[74.9477,32.6796],[74.9331,32.6739],[74.9297,32.673],[74.9269,32.671],[74.9295,32.6686],[74.9238,32.665],[74.9123,32.6596],[74.9085,32.6555],[74.9052,32.6541],[74.8958,32.6525],[74.8965,32.6494],[74.8954,32.6418]]]},"properties":{"id":"in:subdistrict:82","level":"subdistrict","name":"Samba","code":82,"parent":"in:district:624","state":"in:state:1"}},{"type":"Feature","geometry":{"type":"Polygon","coordinates":[[[75.1466,32.7578],[75.1414,32.7552],[75.1393,32.7505],[75.1325,32.7496],[75.1337,32.7453],[75.13,32.7431],[75.131,32.7401],[75.1277,32.7395],[75.1246,32.741],[75.1213,32.7444],[75.1178,32.7426],[75.1135,32.7425],[75.1094,32.7394],[75.1024,32.7326],[75.0977,32.731],[75.0917,32.7209],[75.0924,32.7174],[75.0947,32.7161],[75.0968,32.7179],[75.0994,32.7178],[75.1051,32.7155],[75.1088,32.712],[75.1141,32.7096],[75.1177,32.7108],[75.1226,32.7075],[75.1242,32.7112],[75.1217,32.7137],[75.1198,32.7177],[75.1257,32.7157],[75.1275,32.7176],[75.1333,32.7204],[75.1355,32.7245],[75.1371,32.7255],[75.1439,32.7232],[75.1469,32.7264],[75.151,32.7238],[75.1502,32.7216],[75.1582,32.715],[75.1573,32.712],[75.16,32.7104],[75.1634,32.7101],[75.1661,32.7116],[75.1719,32.7075],[75.1764,32.705],[75.1783,32.701],[75.1826,32.6992],[75.1858,32.6957],[75.1875,32.6916],[75.1935,32.6888],[75.1983,32.6895],[75.2013,32.6879],[75.2013,32.6854],[75.2046,32.6854],[75.2075,32.6833],[75.2059,32.6807],[75.2024,32.6782],[75.2026,32.6723],[75.2051,32.6656],[75.2044,32.6631],[75.2086,32.6594],[75.202,32.6591],[75.2029,32.6558],[75.1991,32.654],[75.1993,32.6517],[75.2064,32.6534],[75.2087,32.6517],[75.2086,32.6472],[75.2075,32.6448],[75.2159,32.6424],[75.2231,32.6398],[75.2283,32.6421],[75.23,32.6444],[75.2367,32.6431],[75.2384,32.6451],[75.2455,32.6464],[75.2465,32.6483],[75.2457,32.6524],[75.2462,32.655],[75.2521,32.6559],[75.2567,32.6516],[75.262,32.65],[75.2704,32.651],[75.2733,32.6496],[75.279,32.6481],[75.2796,32.6457],[75.2844,32.6436],[75.2871,32.6436],[75.2898,32.6478],[75.2943,32.6482],[75.3004,32.6538],[75.3044,32.6539],[75.309,32.6517],[75.3098,32.6542],[75.3132,32.656],[75.3163,32.6564],[75.3183,32.6592],[75.3241,32.6606],[75.3257,32.6627],[75.3314,32.6639],[75.332,32.6659],[75.3351,32.6663],[75.3459,32.6666],[75.3455,32.6597],[75.3499,32.6636],[75.3536,32.6643],[75.3572,32.6667],[75.359,32.6631],[75.3584,32.661],[75.3613,32.6596],[75.3623,32.6617],[75.3668,32.6629],[75.3688,32.6663],[75.3745,32.6708],[75.3702,32.673],[75.3654,32.6782],[75.369,32.6792],[75.372,32.6786],[75.3724,32.6751],[75.3746,32.6721],[75.3772,32.6731],[75.3774,32.6775],[75.3794,32.6799],[75.3726,32.6901],[75.3715,32.6925],[75.3757,32.7001],[75.3806,32.6949],[75.382,32.6872],[75.3845,32.6811],[75.3865,32.6799],[75.3879,32.6737],[75.3938,32.6699],[75.3988,32.6744],[75.4032,32.6737],[75.4048,32.6765],[75.4081,32.6759],[75.4119,32.6816],[75.4193,32.681],[75.4197,32.6754],[75.4263,32.6675],[75.4286,32.6632],[75.4301,32.6656],[75.4298,32.6696],[75.4318,32.6699],[75.4338,32.6729],[75.4372,32.6724],[75.4389,32.6706],[75.4412,32.6736],[75.4445,32.6745],[75.4512,32.6678],[75.4552,32.6681],[75.4571,32.6652],[75.4633,32.6674],[75.4652,32.6688],[75.466,32.6731],[75.4738,32.678],[75.4778,32.685],[75.4741,32.6891],[75.4753,32.6913],[75.4804,32.695],[75.481,32.6997],[75.4771,32.706],[75.4765,32.7105],[75.4832,32.7132],[75.4841,32.717],[75.4724,32.717],[75.4683,32.7177],[75.4644,32.7216],[75.4627,32.7246],[75.4635,32.7276],[75.4593,32.7343],[75.4552,32.7362],[75.4443,32.7395],[75.4412,32.7431],[75.4334,32.7482],[75.4295,32.7476],[75.4303,32.7395],[75.4268,32.7387],[75.4239,32.7397],[75.4171,32.7381],[75.4141,32.7388],[75.4103,32.7413],[75.4046,32.7413],[75.3992,32.7396],[75.3945,32.7391],[75.3883,32.7344],[75.388,32.7332],[75.3828,32.734],[75.373,32.7361],[75.3711,32.7352],[75.3649,32.7359],[75.3579,32.7436],[75.3548,32.7451],[75.3501,32.7491],[75.3487,32.7485],[75.3387,32.7483],[75.3332,32.749],[75.3309,32.7485],[75.3247,32.7492],[75.3211,32.7512],[75.313,32.7527],[75.3134,32.7609],[75.3097,32.7636],[75.3043,32.7616],[75.2978,32.7611],[75.2964,32.7618],[75.2923,32.7604],[75.287,32.7511],[75.284,32.7451],[75.2778,32.7365],[75.2747,32.7376],[75.2733,32.7419],[75.2686,32.7425],[75.2637,32.7456],[75.26,32.745],[75.2567,32.742],[75.2504,32.74],[75.2483,32.7426],[75.2427,32.7414],[75.2407,32.7422],[75.2379,32.7487],[75.238,32.7523],[75.2331,32.7473],[75.2236,32.7428],[75.2153,32.7359],[75.213,32.7322],[75.2098,32.7363],[75.211,32.7393],[75.2045,32.7409],[75.1982,32.739],[75.2008,32.7434],[75.1999,32.7453],[75.2011,32.749],[75.1966,32.7522],[75.1935,32.7524],[75.1885,32.7547],[75.1789,32.7556],[75.1745,32.751],[75.1719,32.7498],[75.1637,32.7444],[75.162,32.7425],[75.1572,32.7448],[75.1548,32.7474],[75.1515,32.7492],[75.1493,32.7518],[75.1466,32.7578]]]},"properties":{"id":"in:subdistrict:75","level":"subdistrict","name":"Majalta","code":75,"parent":"in:district:14","state":"in:state:1"}},{"type":"Feature","geometry":{"type":"Polygon","coordinates":[[[75.1988,32.4216],[75.1988,32.4183],[75.2004,32.4138],[75.1975,32.4098],[75.1924,32.4101],[75.1924,32.4019],[75.1994,32.3975],[75.2076,32.3947],[75.2119,32.4007],[75.215,32.4013],[75.221,32.3982],[75.2231,32.3962],[75.2229,32.3942],[75.2274,32.3918],[75.2308,32.3919],[75.2355,32.3875],[75.2383,32.386],[75.2448,32.3847],[75.2476,32.3881],[75.2543,32.3898],[75.2572,32.388],[75.2554,32.3768],[75.2571,32.3766],[75.2581,32.3714],[75.2601,32.3703],[75.265,32.3724],[75.2679,32.3716],[75.2729,32.3751],[75.2754,32.3751],[75.285,32.372],[75.2897,32.3698],[75.2897,32.3675],[75.2874,32.3607],[75.2883,32.3545],[75.2989,32.3535],[75.2996,32.3464],[75.3022,32.3443],[75.3068,32.343],[75.3113,32.3427],[75.3227,32.3435],[75.3242,32.3413],[75.3268,32.3349],[75.3278,32.3261],[75.3322,32.3267],[75.3354,32.3302],[75.335,32.3349],[75.3359,32.3369],[75.3389,32.3356],[75.3407,32.3377],[75.3408,32.3449],[75.3421,32.3458],[75.3493,32.3453],[75.3527,32.3403],[75.3557,32.3383],[75.3554,32.3367],[75.3609,32.3349],[75.3631,32.3329],[75.3707,32.3342],[75.3749,32.3362],[75.3777,32.3357],[75.382,32.3402],[75.3897,32.3458],[75.397,32.3451],[75.3998,32.3472],[75.3968,32.3544],[75.392,32.3613],[75.3915,32.3709],[75.3922,32.3806],[75.3939,32.3901],[75.3993,32.3977],[75.4001,32.406],[75.4018,32.4121],[75.4024,32.4206],[75.4018,32.4254],[75.3998,32.4277],[75.3929,32.4377],[75.3898,32.444],[75.3925,32.4484],[75.3943,32.4556],[75.3941,32.4572],[75.3978,32.4617],[75.4002,32.4634],[75.4006,32.4655],[75.3969,32.4684],[75.3934,32.4747],[75.3942,32.479],[75.3957,32.4816],[75.3949,32.4882],[75.3959,32.4948],[75.393,32.4968],[75.3867,32.4978],[75.3826,32.4963],[75.3771,32.4969],[75.3762,32.5019],[75.3715,32.5074],[75.3704,32.5131],[75.3693,32.5145],[75.3635,32.5161],[75.363,32.5173],[75.3678,32.5246],[75.3679,32.5275],[75.3663,32.5339],[75.3696,32.5383],[75.3704,32.5423],[75.366,32.5492],[75.3678,32.5524],[75.3768,32.5552],[75.379,32.5592],[75.3794,32.5652],[75.3788,32.5701],[75.3789,32.5757],[75.3782,32.5786],[75.3801,32.5825],[75.383,32.5818],[75.3818,32.5843],[75.3706,32.5889],[75.3589,32.5921],[75.3533,32.5955],[75.3445,32.5989],[75.3455,32.594],[75.3425,32.5926],[75.3448,32.5905],[75.344,32.5863],[75.3395,32.5806],[75.3369,32.5791],[75.3326,32.5802],[75.3249,32.5806],[75.3234,32.5776],[75.3201,32.576],[75.3174,32.5732],[75.3141,32.5745],[75.2968,32.5782],[75.2947,32.5779],[75.2949,32.5744],[75.2871,32.574],[75.2847,32.5721],[75.2817,32.5676],[75.2818,32.5621],[75.2788,32.5603],[75.2752,32.556],[75.2708,32.5529],[75.2692,32.5474],[75.264,32.5459],[75.2608,32.543],[75.2572,32.543],[75.2566,32.5386],[75.2508,32.5347],[75.2494,32.5312],[75.2449,32.5277],[75.2446,32.5255],[75.2409,32.5193],[75.2383,32.5175],[75.2384,32.5136],[75.2352,32.5065],[75.2332,32.5048],[75.2387,32.5025],[75.2359,32.4977],[75.231,32.4994],[75.2265,32.4948],[75.2254,32.4914],[75.2218,32.4899],[75.2175,32.4812],[75.2217,32.4737],[75.2243,32.4705],[75.2266,32.4651],[75.2258,32.4608],[75.2196,32.4616],[75.2152,32.4603],[75.217,32.4564],[75.2135,32.4545],[75.2088,32.4555],[75.2049,32.4499],[75.2056,32.4469],[75.2004,32.4459],[75.1951,32.4437],[75.1991,32.4417],[75.1987,32.4332],[75.2011,32.4292],[75.1984,32.4263],[75.1988,32.4216]]]},"properties":{"id":"in:subdistrict:31","level":"subdistrict","name":"Hiranagar","code":31,"parent":"in:district:7","state":"in:state:1"}},{"type":"Feature","geometry":{"type":"Polygon","coordinates":[[[74.5574,33.0515],[74.5557,33.052],[74.5485,33.0515],[74.5335,33.0515],[74.5265,33.0533],[74.5241,33.0557],[74.5138,33.0557],[74.5102,33.0552],[74.5106,33.0509],[74.5127,33.0474],[74.5122,33.0455],[74.5091,33.0426],[74.5064,33.0415],[74.4993,33.0421],[74.4975,33.0409],[74.4964,33.0373],[74.4983,33.0341],[74.5045,33.0324],[74.5108,33.0322],[74.5154,33.026],[74.5139,33.0212],[74.5164,33.0157],[74.5132,33.0134],[74.505,33.0159],[74.4994,33.0163],[74.4959,33.0181],[74.4843,33.016],[74.4775,33.0167],[74.474,33.0161],[74.4674,33.0163],[74.4639,33.0149],[74.4611,33.0161],[74.4481,33.015],[74.4458,33.0129],[74.4465,33.0078],[74.4455,33.0018],[74.4434,32.9999],[74.4248,32.9921],[74.4203,32.989],[74.4155,32.984],[74.4092,32.9752],[74.4047,32.9704],[74.4044,32.9678],[74.3995,32.9655],[74.3959,32.9666],[74.3926,32.9645],[74.3917,32.9597],[74.3882,32.9579],[74.3823,32.9566],[74.3808,32.9541],[74.3784,32.9547],[74.3719,32.9531],[74.3694,32.9501],[74.3679,32.9534],[74.3621,32.9532],[74.359,32.9522],[74.3545,32.9529],[74.3509,32.9509],[74.3449,32.9531],[74.3427,32.9525],[74.3398,32.9544],[74.3404,32.9523],[74.3126,32.9364],[74.3126,32.9291],[74.3164,32.9285],[74.3231,32.9233],[74.3255,32.9207],[74.3324,32.9202],[74.3368,32.9214],[74.3434,32.9209],[74.3493,32.9227],[74.3533,32.9224],[74.36,32.9208],[74.3713,32.9203],[74.3762,32.9168],[74.377,32.9146],[74.383,32.9127],[74.3925,32.9106],[74.3983,32.9057],[74.4015,32.9037],[74.4065,32.903],[74.4152,32.8986],[74.4166,32.8913],[74.4188,32.887],[74.4176,32.8801],[74.4163,32.8774],[74.4123,32.872],[74.4123,32.868],[74.4192,32.8591],[74.4215,32.8544],[74.4197,32.8476],[74.4192,32.841],[74.4239,32.8358],[74.432,32.8306],[74.4375,32.8242],[74.4388,32.8216],[74.439,32.817],[74.438,32.8112],[74.438,32.8056],[74.4403,32.8022],[74.4437,32.7988],[74.4503,32.7939],[74.4587,32.7891],[74.459,32.7876],[74.4646,32.7759],[74.4722,32.7761],[74.476,32.7754],[74.4843,32.7683],[74.4861,32.7644],[74.4967,32.7647],[74.4979,32.7659],[74.5046,32.7641],[74.5102,32.7649],[74.5104,32.7625],[74.5152,32.7558],[74.5141,32.7511],[74.51,32.751],[74.5094,32.7472],[74.5116,32.7455],[74.5165,32.7451],[74.5197,32.7469],[74.527,32.7468],[74.5301,32.7447],[74.5339,32.7449],[74.5359,32.7499],[74.5392,32.7482],[74.5441,32.748],[74.547,32.7466],[74.5483,32.7482],[74.547,32.7518],[74.5543,32.7584],[74.5588,32.7583],[74.5629,32.7601],[74.5703,32.7597],[74.5762,32.7566],[74.5766,32.7545],[74.574,32.7505],[74.5805,32.7485],[74.5824,32.7528],[74.5899,32.7506],[74.596,32.7565],[74.6036,32.7576],[74.6096,32.7572],[74.6135,32.7577],[74.6136,32.7597],[74.6192,32.7607],[74.6215,32.7599],[74.624,32.7566],[74.6263,32.7563],[74.6305,32.7532],[74.6343,32.7495],[74.638,32.7515],[74.6384,32.7586],[74.6374,32.7603],[74.6327,32.7645],[74.6304,32.7684],[74.6313,32.7726],[74.6329,32.7738],[74.6323,32.7764],[74.6397,32.7821],[74.6429,32.7826],[74.6475,32.7808],[74.6497,32.7815],[74.654,32.7809],[74.658,32.7858],[74.6566,32.7894],[74.6454,32.7954],[74.6371,32.8031],[74.6346,32.8066],[74.6352,32.8118],[74.6391,32.816],[74.6428,32.8212],[74.6507,32.8269],[74.6556,32.8321],[74.659,32.832],[74.6594,32.8303],[74.6635,32.826],[74.6679,32.825],[74.6725,32.8292],[74.6795,32.8335],[74.6835,32.8368],[74.6902,32.8375],[74.6967,32.8408],[74.7008,32.8411],[74.7064,32.8458],[74.7134,32.8551],[74.718,32.8652],[74.7206,32.8698],[74.7254,32.8759],[74.7317,32.8897],[74.7374,32.8979],[74.7412,32.9011],[74.7466,32.9042],[74.7545,32.9069],[74.7588,32.9069],[74.7653,32.9101],[74.7718,32.9139],[74.7745,32.9127],[74.776,32.9088],[74.7797,32.9068],[74.7839,32.9107],[74.7851,32.9135],[74.7804,32.9183],[74.7792,32.9225],[74.7768,32.9225],[74.7756,32.9256],[74.7776,32.9305],[74.7776,32.9335],[74.7753,32.9378],[74.7758,32.9403],[74.7844,32.9465],[74.7886,32.9521],[74.7889,32.9576],[74.7852,32.9686],[74.7861,32.9705],[74.7926,32.9716],[74.7958,32.9748],[74.7961,32.9808],[74.7979,32.9845],[74.8038,32.9859],[74.8062,32.9873],[74.8076,32.9917],[74.8105,32.9934],[74.8163,32.9925],[74.8201,32.9904],[74.8244,32.9893],[74.8244,32.9912],[74.8213,32.995],[74.8163,32.9997],[74.8139,33.0049],[74.8098,33.0074],[74.8057,33.014],[74.8021,33.017],[74.797,33.0247],[74.7925,33.0307],[74.7926,33.0345],[74.7848,33.036],[74.7797,33.038],[74.7768,33.0375],[74.7777,33.0409],[74.777,33.043],[74.7735,33.0446],[74.7707,33.0473],[74.7713,33.0494],[74.7686,33.0517],[74.7523,33.0516],[74.7492,33.0531],[74.7497,33.0555],[74.7481,33.0588],[74.7438,33.0589],[74.7378,33.0613],[74.7317,33.061],[74.7294,33.0599],[74.7309,33.0541],[74.7269,33.0532],[74.7218,33.0546],[74.7185,33.0545],[74.7107,33.0519],[74.7086,33.0532],[74.7101,33.0582],[74.7074,33.059],[74.705,33.0572],[74.7025,33.0572],[74.7004,33.061],[74.6979,33.0599],[74.6951,33.0563],[74.6886,33.0547],[74.6855,33.0559],[74.6856,33.0586],[74.6819,33.0595],[74.6815,33.0623],[74.6763,33.0616],[74.6767,33.0571],[74.6752,33.0546],[74.6673,33.0536],[74.6626,33.0514],[74.6584,33.0544],[74.6546,33.0523],[74.6483,33.0502],[74.6435,33.0494],[74.639,33.0503],[74.6287,33.0478],[74.6172,33.0413],[74.6119,33.0396],[74.6077,33.0401],[74.5952,33.0364],[74.5856,33.0354],[74.5815,33.0336],[74.5767,33.0337],[74.5724,33.03],[74.5703,33.0321],[74.5692,33.0367],[74.5663,33.0419],[74.5656,33.0462],[74.5636,33.0506],[74.561,33.0499],[74.5574,33.0515]]]},"properties":{"id":"in:subdistrict:78","level":"subdistrict","name":"Akhnoor","code":78,"parent":"in:district:5","state":"in:state:1"}},{"type":"Feature","geometry":{"type":"Polygon","coordinates":[[[74.5708,33.1582],[74.5686,33.1552],[74.5709,33.1482],[74.5689,33.1467],[74.5638,33.1496],[74.5633,33.1448],[74.5661,33.1402],[74.5621,33.1404],[74.5589,33.1425],[74.5579,33.1373],[74.5551,33.132],[74.5556,33.1296],[74.5585,33.1264],[74.5576,33.1222],[74.5604,33.1207],[74.5624,33.1163],[74.5681,33.1162],[74.5694,33.1124],[74.5667,33.1105],[74.5614,33.111],[74.5563,33.1081],[74.5486,33.1058],[74.5435,33.1032],[74.5389,33.1],[74.5364,33.1005],[74.5338,33.1032],[74.5245,33.1018],[74.5236,33.1036],[74.5192,33.1046],[74.5144,33.1089],[74.51,33.111],[74.5036,33.1106],[74.5028,33.1088],[74.5049,33.103],[74.5002,33.1021],[74.4987,33.1049],[74.4966,33.1056],[74.4848,33.1034],[74.481,33.1054],[74.4761,33.1068],[74.4718,33.109],[74.4648,33.1048],[74.4622,33.1017],[74.4577,33.1004],[74.4516,33.0951],[74.4485,33.0946],[74.4446,33.0958],[74.4388,33.0988],[74.436,33.103],[74.4324,33.103],[74.4316,33.1002],[74.4282,33.0999],[74.4274,33.1051],[74.4261,33.1062],[74.4206,33.1043],[74.4188,33.1001],[74.4124,33.0999],[74.4104,33.1022],[74.4054,33.1026],[74.4027,33.1009],[74.4016,33.098],[74.3967,33.0935],[74.3986,33.0906],[74.3998,33.0843],[74.3997,33.0768],[74.4027,33.07],[74.3963,33.0678],[74.3897,33.0679],[74.3818,33.0648],[74.3837,33.06],[74.3839,33.0568],[74.3819,33.0459],[74.3794,33.0405],[74.3854,33.0377],[74.3847,33.0355],[74.3813,33.033],[74.3773,33.0313],[74.3711,33.0276],[74.3682,33.0278],[74.3633,33.0254],[74.3615,33.0231],[74.3614,33.0199],[74.3595,33.0139],[74.355,33.0081],[74.3475,33.0111],[74.342,33.0158],[74.3389,33.0208],[74.3357,33.0196],[74.3317,33.0199],[74.3238,33.014],[74.3205,33.0121],[74.3209,33.0062],[74.3269,32.9997],[74.3296,32.9892],[74.335,32.9716],[74.3398,32.9544],[74.3427,32.9525],[74.3449,32.9531],[74.3509,32.9509],[74.3545,32.9529],[74.359,32.9522],[74.3621,32.9532],[74.3679,32.9534],[74.3694,32.9501],[74.3719,32.9531],[74.3784,32.9547],[74.3808,32.9541],[74.3823,32.9566],[74.3882,32.9579],[74.3917,32.9597],[74.3926,32.9645],[74.3959,32.9666],[74.3995,32.9655],[74.4044,32.9678],[74.4047,32.9704],[74.4092,32.9752],[74.4155,32.984],[74.4203,32.989],[74.4248,32.9921],[74.4434,32.9999],[74.4455,33.0018],[74.4465,33.0078],[74.4458,33.0129],[74.4481,33.015],[74.4611,33.0161],[74.4639,33.0149],[74.4674,33.0163],[74.474,33.0161],[74.4775,33.0167],[74.4843,33.016],[74.4959,33.0181],[74.4994,33.0163],[74.505,33.0159],[74.5132,33.0134],[74.5164,33.0157],[74.5139,33.0212],[74.5154,33.026],[74.5108,33.0322],[74.5045,33.0324],[74.4983,33.0341],[74.4964,33.0373],[74.4975,33.0409],[74.4993,33.0421],[74.5064,33.0415],[74.5091,33.0426],[74.5122,33.0455],[74.5127,33.0474],[74.5106,33.0509],[74.5102,33.0552],[74.5138,33.0557],[74.5241,33.0557],[74.5265,33.0533],[74.5335,33.0515],[74.5485,33.0515],[74.5557,33.052],[74.5574,33.0515],[74.5577,33.0532],[74.5617,33.0532],[74.5645,33.0559],[74.5652,33.058],[74.5629,33.0605],[74.5638,33.0635],[74.5629,33.0684],[74.5671,33.0676],[74.5698,33.0693],[74.5761,33.0682],[74.5834,33.0679],[74.5879,33.0697],[74.5927,33.0691],[74.5991,33.0726],[74.5989,33.0818],[74.6014,33.0869],[74.6043,33.0907],[74.6086,33.0918],[74.6191,33.0908],[74.6244,33.0921],[74.63,33.0907],[74.6354,33.0943],[74.6273,33.0989],[74.6231,33.102],[74.6261,33.1039],[74.6306,33.1052],[74.6339,33.1077],[74.6307,33.1095],[74.6297,33.1075],[74.6225,33.1097],[74.6215,33.113],[74.6229,33.1151],[74.6217,33.121],[74.6178,33.1233],[74.616,33.126],[74.6159,33.1284],[74.6177,33.1312],[74.6242,33.1318],[74.627,33.1363],[74.6299,33.1395],[74.6302,33.1426],[74.6265,33.1469],[74.6205,33.1478],[74.6119,33.1508],[74.6106,33.1539],[74.6005,33.1576],[74.5896,33.1547],[74.5812,33.1537],[74.5708,33.1582]]]},"properties":{"id":"in:subdistrict:26","level":"subdistrict","name":"Sundarbani","code":26,"parent":"in:district:12","state":"in:state:1"}},{"type":"Feature","geometry":{"type":"Polygon","coordinates":[[[74.311,33.2355],[74.3131,33.2299],[74.3258,33.2212],[74.3248,33.2098],[74.3213,33.2042],[74.321,33.2026],[74.331,33.1898],[74.3317,33.1872],[74.3257,33.1804],[74.3212,33.1726],[74.3194,33.1685],[74.3196,33.1653],[74.3232,33.1591],[74.3238,33.1524],[74.3308,33.1525],[74.3375,33.1545],[74.345,33.1561],[74.3487,33.1594],[74.3523,33.159],[74.3539,33.1493],[74.3592,33.1426],[74.3592,33.1399],[74.3577,33.1356],[74.355,33.1316],[74.3539,33.1275],[74.3622,33.1241],[74.3673,33.1205],[74.3705,33.1207],[74.376,33.1241],[74.3803,33.1283],[74.3834,33.1324],[74.3883,33.1362],[74.3929,33.1433],[74.3963,33.1439],[74.3986,33.1418],[74.4024,33.1405],[74.4028,33.1261],[74.4049,33.1178],[74.3997,33.1161],[74.3989,33.1122],[74.4011,33.1067],[74.4054,33.1026],[74.4104,33.1022],[74.4124,33.0999],[74.4188,33.1001],[74.4206,33.1043],[74.4261,33.1062],[74.4274,33.1051],[74.4282,33.0999],[74.4316,33.1002],[74.4324,33.103],[74.436,33.103],[74.4388,33.0988],[74.4446,33.0958],[74.4485,33.0946],[74.4516,33.0951],[74.4577,33.1004],[74.4622,33.1017],[74.4648,33.1048],[74.4718,33.109],[74.4761,33.1068],[74.481,33.1054],[74.4848,33.1034],[74.4966,33.1056],[74.4987,33.1049],[74.5002,33.1021],[74.5049,33.103],[74.5028,33.1088],[74.5036,33.1106],[74.51,33.111],[74.5144,33.1089],[74.5192,33.1046],[74.5236,33.1036],[74.5245,33.1018],[74.5338,33.1032],[74.5364,33.1005],[74.5389,33.1],[74.5435,33.1032],[74.5486,33.1058],[74.5563,33.1081],[74.5614,33.111],[74.5667,33.1105],[74.5694,33.1124],[74.5681,33.1162],[74.5624,33.1163],[74.5604,33.1207],[74.5576,33.1222],[74.5585,33.1264],[74.5556,33.1296],[74.5551,33.132],[74.5579,33.1373],[74.5589,33.1425],[74.5621,33.1404],[74.5661,33.1402],[74.5633,33.1448],[74.5638,33.1496],[74.5689,33.1467],[74.5709,33.1482],[74.5686,33.1552],[74.5708,33.1582],[74.5699,33.161],[74.5649,33.1646],[74.5573,33.1666],[74.553,33.1642],[74.545,33.1649],[74.5433,33.166],[74.5392,33.1711],[74.5322,33.1724],[74.5279,33.1751],[74.5246,33.1756],[74.5213,33.1804],[74.5221,33.1871],[74.5261,33.1904],[74.5316,33.1926],[74.5375,33.1932],[74.5384,33.187],[74.5412,33.186],[74.5475,33.1798],[74.5487,33.1858],[74.5473,33.1893],[74.5524,33.1906],[74.5588,33.1947],[74.5613,33.1951],[74.5709,33.1944],[74.5738,33.1955],[74.5685,33.2001],[74.5683,33.2024],[74.5795,33.2018],[74.5829,33.203],[74.5912,33.1997],[74.5963,33.2002],[74.6002,33.1983],[74.6014,33.1949],[74.6053,33.1951],[74.6095,33.1936],[74.6095,33.1974],[74.6114,33.2008],[74.6189,33.2023],[74.6221,33.2051],[74.6269,33.2041],[74.6324,33.2126],[74.6316,33.2141],[74.6264,33.2162],[74.6228,33.2167],[74.6162,33.2203],[74.6106,33.2227],[74.6019,33.2254],[74.5977,33.2303],[74.5973,33.235],[74.6016,33.2428],[74.6054,33.2446],[74.6029,33.2469],[74.5981,33.2477],[74.5908,33.2465],[74.5854,33.2483],[74.5854,33.2508],[74.588,33.2524],[74.5898,33.2553],[74.5896,33.2611],[74.5762,33.2565],[74.5732,33.2559],[74.5649,33.2555],[74.5634,33.2561],[74.5594,33.2611],[74.5546,33.264],[74.5484,33.2654],[74.5424,33.2648],[74.5418,33.2699],[74.5404,33.2728],[74.5366,33.2756],[74.5322,33.2762],[74.5276,33.2784],[74.5266,33.2825],[74.5267,33.2863],[74.5279,33.2925],[74.5271,33.2969],[74.5312,33.3016],[74.5309,33.3048],[74.5291,33.3071],[74.5242,33.3111],[74.5194,33.3121],[74.5111,33.3084],[74.5002,33.3089],[74.4956,33.3106],[74.4962,33.3087],[74.4946,33.3062],[74.4914,33.2949],[74.4921,33.2932],[74.4897,33.2906],[74.4858,33.2887],[74.4823,33.285],[74.4819,33.2828],[74.4783,33.2827],[74.4699,33.2799],[74.4637,33.2763],[74.4602,33.2756],[74.4466,33.2749],[74.4353,33.2668],[74.4329,33.2645],[74.4324,33.2577],[74.4294,33.2536],[74.4241,33.252],[74.4172,33.2549],[74.4168,33.2615],[74.4133,33.265],[74.4096,33.267],[74.3999,33.2754],[74.3969,33.2735],[74.394,33.2732],[74.3924,33.271],[74.3925,33.2672],[74.39,33.2591],[74.3896,33.2549],[74.3828,33.2562],[74.3785,33.2528],[74.3747,33.2545],[74.3685,33.2522],[74.3702,33.2475],[74.3697,33.2391],[74.3646,33.244],[74.3573,33.2479],[74.3541,33.2517],[74.3488,33.2527],[74.3432,33.2508],[74.3412,33.2475],[74.3361,33.2411],[74.3336,33.2402],[74.3262,33.2395],[74.3223,33.2376],[74.3141,33.237],[74.311,33.2355]]]},"properties":{"id":"in:subdistrict:24","level":"subdistrict","name":"Kalakote","code":24,"parent":"in:district:12","state":"in:state:1"}},{"type":"Feature","geometry":{"type":"Polygon","coordinates":[[[74.0681,33.1954],[74.0696,33.1951],[74.0712,33.1903],[74.076,33.1834],[74.0868,33.1734],[74.0987,33.1673],[74.1033,33.1664],[74.1071,33.1676],[74.1165,33.1594],[74.1192,33.1615],[74.1249,33.16],[74.1305,33.1597],[74.1307,33.156],[74.1334,33.1549],[74.1332,33.151],[74.1351,33.148],[74.1421,33.1477],[74.153,33.1362],[74.1539,33.1311],[74.1561,33.1257],[74.1627,33.1231],[74.163,33.122],[74.159,33.1115],[74.1634,33.1055],[74.1679,33.104],[74.1672,33.1026],[74.1775,33.0989],[74.1785,33.096],[74.1821,33.0907],[74.1803,33.0877],[74.1778,33.088],[74.1743,33.0849],[74.1735,33.0814],[74.1708,33.0811],[74.1703,33.0744],[74.1729,33.0746],[74.1809,33.0726],[74.1833,33.0728],[74.1876,33.0707],[74.1917,33.0725],[74.2024,33.0666],[74.2084,33.0672],[74.2144,33.0612],[74.2177,33.0622],[74.2235,33.059],[74.2306,33.0563],[74.2355,33.0512],[74.2392,33.0511],[74.2438,33.0499],[74.2492,33.0456],[74.2563,33.0454],[74.2603,33.0431],[74.2642,33.0446],[74.2673,33.0446],[74.2709,33.0416],[74.275,33.0403],[74.2798,33.0374],[74.2829,33.0377],[74.2898,33.0353],[74.2937,33.0347],[74.3021,33.0314],[74.3098,33.0321],[74.3137,33.0299],[74.3166,33.0314],[74.3233,33.0321],[74.3257,33.0287],[74.3211,33.0237],[74.3201,33.02],[74.3207,33.0178],[74.3205,33.0121],[74.3238,33.014],[74.3317,33.0199],[74.3357,33.0196],[74.3389,33.0208],[74.342,33.0158],[74.3475,33.0111],[74.355,33.0081],[74.3595,33.0139],[74.3614,33.0199],[74.3615,33.0231],[74.3633,33.0254],[74.3682,33.0278],[74.3711,33.0276],[74.3773,33.0313],[74.3813,33.033],[74.3847,33.0355],[74.3854,33.0377],[74.3794,33.0405],[74.3819,33.0459],[74.3839,33.0568],[74.3837,33.06],[74.3818,33.0648],[74.3897,33.0679],[74.3963,33.0678],[74.4027,33.07],[74.3997,33.0768],[74.3998,33.0843],[74.3986,33.0906],[74.3967,33.0935],[74.4016,33.098],[74.4027,33.1009],[74.4054,33.1026],[74.4011,33.1067],[74.3989,33.1122],[74.3997,33.1161],[74.4049,33.1178],[74.4028,33.1261],[74.4024,33.1405],[74.3986,33.1418],[74.3963,33.1439],[74.3929,33.1433],[74.3883,33.1362],[74.3834,33.1324],[74.3803,33.1283],[74.376,33.1241],[74.3705,33.1207],[74.3673,33.1205],[74.3622,33.1241],[74.3539,33.1275],[74.355,33.1316],[74.3577,33.1356],[74.3592,33.1399],[74.3592,33.1426],[74.3539,33.1493],[74.3523,33.159],[74.3487,33.1594],[74.345,33.1561],[74.3375,33.1545],[74.3308,33.1525],[74.3238,33.1524],[74.3232,33.1591],[74.3196,33.1653],[74.3194,33.1685],[74.3212,33.1726],[74.3257,33.1804],[74.3317,33.1872],[74.331,33.1898],[74.321,33.2026],[74.3213,33.2042],[74.3248,33.2098],[74.3258,33.2212],[74.3131,33.2299],[74.311,33.2355],[74.3034,33.2308],[74.2962,33.2197],[74.2905,33.2119],[74.2871,33.21],[74.2809,33.2078],[74.2778,33.209],[74.2739,33.2092],[74.2693,33.206],[74.265,33.2051],[74.2552,33.204],[74.2502,33.2046],[74.2467,33.2032],[74.2351,33.2047],[74.2286,33.2081],[74.2269,33.2127],[74.2219,33.2166],[74.2177,33.2188],[74.216,33.2272],[74.2182,33.2353],[74.2205,33.2379],[74.2197,33.2404],[74.2167,33.2438],[74.2137,33.2441],[74.2087,33.2506],[74.2115,33.2599],[74.2127,33.266],[74.2135,33.2745],[74.21,33.2792],[74.2045,33.281],[74.1935,33.2757],[74.182,33.2744],[74.177,33.2671],[74.1624,33.2655],[74.1578,33.2554],[74.1574,33.2502],[74.15,33.2527],[74.1339,33.2436],[74.1299,33.2338],[74.1243,33.2263],[74.1228,33.2233],[74.1209,33.2152],[74.1108,33.2135],[74.1032,33.2103],[74.0996,33.2059],[74.0886,33.2022],[74.0849,33.1998],[74.0681,33.1954]]]},"properties":{"id":"in:subdistrict:25","level":"subdistrict","name":"Nowshera","code":25,"parent":"in:district:12","state":"in:state:1"}},{"type":"Feature","geometry":{"type":"Polygon","coordinates":[[[73.5982,33.7015],[73.5972,33.6998],[73.5884,33.6902],[73.5787,33.6836],[73.5775,33.6806],[73.5688,33.671],[73.5675,33.6685],[73.5679,33.6601],[73.5736,33.6478],[73.5773,33.6423],[73.5777,33.6381],[73.576,33.6333],[73.5719,33.6289],[73.569,33.6246],[73.5672,33.6177],[73.57,33.6166],[73.5754,33.6162],[73.5855,33.6167],[73.5883,33.6154],[73.5954,33.6069],[73.5985,33.6002],[73.6009,33.5997],[73.603,33.6022],[73.6091,33.6055],[73.6119,33.6038],[73.6117,33.6008],[73.6059,33.5925],[73.605,33.5887],[73.606,33.5866],[73.6108,33.586],[73.6219,33.5808],[73.6287,33.5711],[73.6279,33.5651],[73.6257,33.562],[73.6253,33.5582],[73.6274,33.5497],[73.6241,33.5433],[73.6244,33.5409],[73.6266,33.5378],[73.6307,33.5352],[73.6376,33.5335],[73.641,33.5317],[73.6418,33.5285],[73.6411,33.5255],[73.6325,33.5249],[73.6278,33.5225],[73.6257,33.5196],[73.6185,33.5149],[73.6146,33.5145],[73.6114,33.5131],[73.6121,33.5088],[73.6181,33.5014],[73.62,33.4971],[73.6163,33.4959],[73.6113,33.4993],[73.6054,33.5003],[73.6029,33.4992],[73.6021,33.4967],[73.6051,33.4916],[73.6042,33.4858],[73.6109,33.4823],[73.6099,33.4726],[73.6127,33.4716],[73.6131,33.475],[73.6163,33.4771],[73.6187,33.4762],[73.6201,33.4729],[73.6192,33.4649],[73.62,33.4625],[73.6282,33.4615],[73.6321,33.458],[73.6325,33.4494],[73.6309,33.4468],[73.6264,33.448],[73.6198,33.4483],[73.6159,33.4477],[73.6131,33.4412],[73.6113,33.4387],[73.6072,33.4381],[73.604,33.44],[73.5961,33.439],[73.5952,33.4372],[73.5959,33.4294],[73.5894,33.4277],[73.5861,33.4252],[73.5867,33.4228],[73.589,33.4221],[73.5941,33.4231],[73.6017,33.4229],[73.6032,33.4191],[73.6016,33.4168],[73.5909,33.4132],[73.5891,33.4113],[73.5885,33.4057],[73.5819,33.4032],[73.5811,33.3955],[73.5759,33.3939],[73.5733,33.3918],[73.5711,33.3872],[73.5706,33.3844],[73.5711,33.3794],[73.5651,33.3693],[73.5652,33.3663],[73.5704,33.3583],[73.5742,33.3563],[73.5815,33.3585],[73.5838,33.3557],[73.5804,33.3518],[73.5756,33.3489],[73.5705,33.343],[73.5711,33.3391],[73.5753,33.3375],[73.5772,33.335],[73.5784,33.3286],[73.5803,33.3272],[73.5831,33.329],[73.5875,33.3355],[73.5936,33.3401],[73.5955,33.3402],[73.598,33.3375],[73.5996,33.3312],[73.5976,33.3278],[73.5914,33.3272],[73.589,33.326],[73.5893,33.3235],[73.5942,33.3176],[73.5954,33.3104],[73.5956,33.3028],[73.6011,33.2987],[73.6042,33.2983],[73.6132,33.2945],[73.6138,33.2916],[73.6071,33.2878],[73.6055,33.2854],[73.6053,33.2821],[73.6065,33.2737],[73.6103,33.2658],[73.6143,33.2601],[73.6153,33.2551],[73.613,33.2495],[73.615,33.2473],[73.6194,33.2461],[73.6202,33.2449],[73.6208,33.2388],[73.6237,33.2344],[73.631,33.2339],[73.6363,33.2327],[73.6376,33.2304],[73.6378,33.2257],[73.6323,33.2243],[73.6317,33.2232],[73.6345,33.2179],[73.6335,33.2076],[73.6353,33.2048],[73.6381,33.2044],[73.6409,33.2073],[73.6412,33.215],[73.6427,33.2192],[73.6453,33.2219],[73.6495,33.2224],[73.6513,33.2199],[73.6538,33.2138],[73.6584,33.2095],[73.6621,33.209],[73.6658,33.206],[73.668,33.2019],[73.6626,33.1917],[73.664,33.1866],[73.6664,33.1819],[73.6628,33.176],[73.6619,33.1691],[73.6644,33.1637],[73.6645,33.1613],[73.6602,33.1588],[73.6518,33.1587],[73.6492,33.154],[73.6499,33.1438],[73.6487,33.1375],[73.644,33.1368],[73.6389,33.1407],[73.6336,33.1419],[73.6312,33.1395],[73.6313,33.1373],[73.6381,33.1301],[73.6389,33.1258],[73.636,33.1232],[73.6313,33.1176],[73.6319,33.1103],[73.633,33.1069],[73.6319,33.0953],[73.633,33.0918],[73.6377,33.0846],[73.6419,33.0832],[73.6443,33.0849],[73.6494,33.0863],[73.6557,33.0854],[73.6569,33.0831],[73.6668,33.0832],[73.6728,33.0822],[73.6816,33.0875],[73.6888,33.0867],[73.6913,33.0849],[73.6997,33.0849],[73.7097,33.0794],[73.7157,33.0788],[73.7187,33.0761],[73.7234,33.0742],[73.7291,33.0707],[73.7371,33.0673],[73.7428,33.0662],[73.7493,33.0596],[73.7499,33.0544],[73.7476,33.036],[73.7491,33.0336],[73.7519,33.0326],[73.7579,33.028],[73.758,33.0253],[73.7627,33.0233],[73.7628,33.0218],[73.7668,33.0194],[73.773,33.0179],[73.7771,33.0145],[73.7808,33.0125],[73.7843,33.0073],[73.7875,33.0054],[73.7933,33.0046],[73.7945,33.0036],[73.7958,32.996],[73.7979,32.9929],[73.7979,32.987],[73.7934,32.9825],[73.7899,32.9776],[73.7895,32.9739],[73.7904,32.9668],[73.7934,32.9658],[73.806,32.9668],[73.8093,32.9676],[73.8147,32.9716],[73.8205,32.9732],[73.826,32.9772],[73.8271,32.9801],[73.8277,32.988],[73.8264,32.9957],[73.8254,32.9985],[73.8257,33.004],[73.8355,33.0024],[73.8457,33.0018],[73.8568,33.0016],[73.8656,33.003],[73.8694,33.0028],[73.8778,32.9983],[73.8805,32.9975],[73.8879,32.9975],[73.8987,33.0022],[73.9083,33.0014],[73.9106,32.9998],[73.9163,32.9936],[73.9233,32.9906],[73.925,32.9884],[73.9323,32.9872],[73.9386,32.9844],[73.9414,32.9824],[73.9493,32.9843],[73.9539,32.9846],[73.958,32.987],[73.9646,32.9871],[73.9678,32.9843],[73.969,32.9789],[73.9704,32.9762],[73.9694,32.973],[73.9701,32.969],[73.9724,32.9672],[73.9793,32.9664],[73.9895,32.9622],[73.9951,32.9631],[73.9983,32.962],[74.0024,32.9589],[74.0062,32.9549],[74.0062,32.9507],[73.9987,32.9395],[73.9997,32.9354],[74.0051,32.9356],[74.0195,32.9307],[74.0245,32.9297],[74.0354,32.9299],[74.0392,32.9304],[74.05,32.9347],[74.0582,32.9345],[74.06,32.9318],[74.0592,32.9221],[74.0635,32.9169],[74.0634,32.9125],[74.069,32.9096],[74.0735,32.9083],[74.0834,32.9092],[74.0905,32.908],[74.1061,32.9029],[74.1148,32.8991],[74.1168,32.8976],[74.1217,32.8968],[74.1371,32.8962],[74.1443,32.895],[74.1563,32.8919],[74.1607,32.89],[74.1656,32.8869],[74.1687,32.8878],[74.1728,32.8864],[74.1744,32.889],[74.1788,32.8895],[74.1907,32.8829],[74.1918,32.881],[74.1925,32.875],[74.1955,32.8736],[74.1976,32.8753],[74.2113,32.8734],[74.2126,32.8717],[74.2129,32.8646],[74.2142,32.8627],[74.2198,32.8623],[74.2197,32.8558],[74.218,32.8522],[74.2196,32.8488],[74.2255,32.849],[74.2344,32.8481],[74.2441,32.8451],[74.2634,32.8421],[74.2663,32.8385],[74.2672,32.8332],[74.2715,32.8314],[74.2767,32.8316],[74.2767,32.8336],[74.2848,32.8325],[74.294,32.8321],[74.2943,32.8305],[74.3034,32.8298],[74.3044,32.8281],[74.3089,32.8257],[74.3128,32.8222],[74.3091,32.8125],[74.3083,32.8076],[74.3099,32.8063],[74.3151,32.8048],[74.3145,32.7968],[74.3183,32.7941],[74.3272,32.7906],[74.3278,32.7885],[74.3337,32.7804],[74.3422,32.7781],[74.3474,32.7748],[74.3513,32.7746],[74.355,32.767],[74.3614,32.7665],[74.3649,32.7654],[74.3706,32.7661],[74.3745,32.7647],[74.3762,32.7656],[74.38,32.7642],[74.3822,32.7648],[74.391,32.7632],[74.3942,32.7721],[74.4012,32.7675],[74.4029,32.7674],[74.4071,32.7743],[74.4076,32.779],[74.41,32.7795],[74.4153,32.7846],[74.4246,32.7835],[74.4261,32.7852],[74.4334,32.7842],[74.4445,32.7835],[74.4538,32.7856],[74.459,32.7876],[74.4587,32.7891],[74.4503,32.7939],[74.4437,32.7988],[74.4403,32.8022],[74.438,32.8056],[74.438,32.8112],[74.439,32.817],[74.4388,32.8216],[74.4375,32.8242],[74.432,32.8306],[74.4239,32.8358],[74.4192,32.841],[74.4197,32.8476],[74.4215,32.8544],[74.4192,32.8591],[74.4123,32.868],[74.4123,32.872],[74.4163,32.8774],[74.4176,32.8801],[74.4188,32.887],[74.4166,32.8913],[74.4152,32.8986],[74.4065,32.903],[74.4015,32.9037],[74.3983,32.9057],[74.3925,32.9106],[74.383,32.9127],[74.377,32.9146],[74.3762,32.9168],[74.3713,32.9203],[74.36,32.9208],[74.3533,32.9224],[74.3493,32.9227],[74.3434,32.9209],[74.3368,32.9214],[74.3324,32.9202],[74.3255,32.9207],[74.3231,32.9233],[74.3164,32.9285],[74.3126,32.9291],[74.3126,32.9364],[74.3404,32.9523],[74.3398,32.9544],[74.335,32.9716],[74.3296,32.9892],[74.3269,32.9997],[74.3209,33.0062],[74.3205,33.0121],[74.3207,33.0178],[74.3201,33.02],[74.3211,33.0237],[74.3257,33.0287],[74.3233,33.0321],[74.3166,33.0314],[74.3137,33.0299],[74.3098,33.0321],[74.3021,33.0314],[74.2937,33.0347],[74.2898,33.0353],[74.2829,33.0377],[74.2798,33.0374],[74.275,33.0403],[74.2709,33.0416],[74.2673,33.0446],[74.2642,33.0446],[74.2603,33.0431],[74.2563,33.0454],[74.2492,33.0456],[74.2438,33.0499],[74.2392,33.0511],[74.2355,33.0512],[74.2306,33.0563],[74.2235,33.059],[74.2177,33.0622],[74.2144,33.0612],[74.2084,33.0672],[74.2024,33.0666],[74.1917,33.0725],[74.1876,33.0707],[74.1833,33.0728],[74.1809,33.0726],[74.1729,33.0746],[74.1703,33.0744],[74.1708,33.0811],[74.1735,33.0814],[74.1743,33.0849],[74.1778,33.088],[74.1803,33.0877],[74.1821,33.0907],[74.1785,33.096],[74.1775,33.0989],[74.1672,33.1026],[74.1679,33.104],[74.1634,33.1055],[74.159,33.1115],[74.163,33.122],[74.1627,33.1231],[74.1561,33.1257],[74.1539,33.1311],[74.153,33.1362],[74.1421,33.1477],[74.1351,33.148],[74.1332,33.151],[74.1334,33.1549],[74.1307,33.156],[74.1305,33.1597],[74.1249,33.16],[74.1192,33.1615],[74.1165,33.1594],[74.1071,33.1676],[74.1033,33.1664],[74.0987,33.1673],[74.0868,33.1734],[74.076,33.1834],[74.0712,33.1903],[74.0696,33.1951],[74.0681,33.1954],[74.0621,33.1977],[74.059,33.1958],[74.0522,33.1941],[74.0501,33.2004],[74.0458,33.2006],[74.0398,33.1971],[74.0359,33.1962],[74.0283,33.1998],[74.0242,33.2034],[74.0174,33.2041],[74.0165,33.2119],[74.0063,33.2158],[74.0071,33.2187],[74.0055,33.2234],[74.0079,33.2243],[74.006,33.229],[74.0065,33.2318],[74.0025,33.2344],[74.0021,33.2379],[74.0028,33.2421],[74.0056,33.2464],[74.0059,33.2496],[74.0146,33.2571],[74.0202,33.261],[74.0235,33.2625],[74.0354,33.2656],[74.0442,33.2702],[74.0497,33.2744],[74.0595,33.2779],[74.0716,33.2831],[74.0821,33.2848],[74.0917,33.2848],[74.1093,33.2946],[74.1203,33.2999],[74.1245,33.3014],[74.1371,33.3074],[74.1427,33.3124],[74.147,33.3172],[74.1501,33.3196],[74.1503,33.3218],[74.1474,33.3279],[74.1419,33.3323],[74.141,33.3346],[74.1457,33.3371],[74.1488,33.3423],[74.16,33.3498],[74.1639,33.348],[74.1655,33.3512],[74.1666,33.3574],[74.1553,33.3652],[74.1478,33.3678],[74.1443,33.3727],[74.1444,33.3762],[74.1425,33.3839],[74.1384,33.391],[74.129,33.3911],[74.1224,33.3919],[74.119,33.3931],[74.1179,33.3965],[74.1132,33.3965],[74.1089,33.3949],[74.0997,33.3955],[74.0938,33.394],[74.0903,33.3957],[74.0905,33.3992],[74.089,33.4037],[74.0892,33.4071],[74.0908,33.4117],[74.0788,33.4273],[74.0742,33.4395],[74.0648,33.4451],[74.0589,33.4509],[74.0557,33.4551],[74.0537,33.4598],[74.0566,33.4619],[74.0595,33.4654],[74.0659,33.4686],[74.0662,33.4704],[74.0633,33.4765],[74.0605,33.4787],[74.0566,33.4799],[74.0534,33.4908],[74.0486,33.4914],[74.0464,33.4927],[74.0452,33.4978],[74.0391,33.509],[74.0343,33.509],[74.0285,33.5117],[74.0257,33.5183],[74.0324,33.5215],[74.0364,33.5205],[74.0384,33.5215],[74.0378,33.5244],[74.0355,33.5288],[74.0314,33.5323],[74.0315,33.5376],[74.0414,33.5387],[74.0486,33.5422],[74.0495,33.5435],[74.0554,33.5466],[74.0551,33.5524],[74.0593,33.5545],[74.0668,33.5552],[74.0701,33.5573],[74.0752,33.5593],[74.0802,33.5631],[74.0814,33.5653],[74.082,33.5704],[74.0813,33.5751],[74.0834,33.5759],[74.0854,33.5803],[74.0887,33.5813],[74.093,33.5842],[74.0962,33.5883],[74.0934,33.594],[74.0846,33.5942],[74.0793,33.597],[74.072,33.5962],[74.0645,33.5972],[74.0611,33.5983],[74.0576,33.5978],[74.048,33.599],[74.0414,33.602],[74.0361,33.6029],[74.0272,33.5982],[74.0202,33.604],[74.0169,33.6026],[74.0054,33.5986],[73.9893,33.6018],[73.9753,33.6069],[73.9661,33.6156],[73.952,33.6202],[73.939,33.6141],[73.9344,33.6078],[73.9276,33.601],[73.9166,33.5976],[73.9086,33.5975],[73.8933,33.5962],[73.8873,33.5961],[73.8803,33.6026],[73.8739,33.6021],[73.8696,33.5959],[73.8591,33.5895],[73.8518,33.5867],[73.8384,33.5913],[73.8302,33.5978],[73.8185,33.6148],[73.812,33.6178],[73.8003,33.6203],[73.7918,33.6201],[73.7876,33.6169],[73.7797,33.6118],[73.7729,33.6108],[73.7616,33.6158],[73.7492,33.62],[73.745,33.6195],[73.7458,33.6111],[73.7478,33.596],[73.744,33.5844],[73.7409,33.5789],[73.7367,33.5784],[73.7318,33.5818],[73.7268,33.5902],[73.7261,33.5955],[73.7173,33.602],[73.7114,33.6058],[73.7112,33.6112],[73.7002,33.6216],[73.6953,33.6281],[73.6898,33.6316],[73.6707,33.6372],[73.6595,33.6374],[73.6487,33.6434],[73.6396,33.6467],[73.6361,33.6524],[73.6337,33.6603],[73.6294,33.6643],[73.6179,33.6711],[73.6134,33.6803],[73.6019,33.6903],[73.6,33.6983],[73.5982,33.7015]]]},"properties":{"id":"in:subdistrict:x0-unnamed~0","level":"subdistrict","name":"Unnamed sub-district","code":0,"parent":"in:state:1","state":"in:state:1"}},{"type":"Feature","geometry":{"type":"Polygon","coordinates":[[[75.3749,32.3362],[75.3772,32.3341],[75.3803,32.334],[75.3847,32.3314],[75.3945,32.3269],[75.3994,32.33],[75.4022,32.3301],[75.4037,32.3269],[75.4066,32.3289],[75.4112,32.3283],[75.4199,32.3191],[75.4263,32.3177],[75.4288,32.3153],[75.4316,32.3167],[75.4405,32.318],[75.4429,32.3208],[75.445,32.3212],[75.4481,32.326],[75.4495,32.3238],[75.4621,32.3271],[75.4678,32.3246],[75.4696,32.3278],[75.466,32.3292],[75.4719,32.3329],[75.47,32.3349],[75.4691,32.3386],[75.477,32.339],[75.4841,32.3405],[75.4863,32.342],[75.4865,32.3447],[75.4891,32.3456],[75.4943,32.3419],[75.494,32.3404],[75.4869,32.3387],[75.4815,32.3352],[75.4818,32.3317],[75.4847,32.3246],[75.4857,32.3236],[75.4819,32.3203],[75.4864,32.3166],[75.4894,32.3167],[75.499,32.3123],[75.5033,32.311],[75.5045,32.3127],[75.5133,32.3071],[75.5104,32.3038],[75.5055,32.2967],[75.5039,32.2913],[75.5072,32.2877],[75.5092,32.284],[75.5184,32.2816],[75.521,32.2793],[75.5209,32.2772],[75.5262,32.276],[75.5286,32.2782],[75.5322,32.2778],[75.5368,32.2831],[75.5393,32.2922],[75.5395,32.3002],[75.5422,32.3038],[75.5435,32.3123],[75.5421,32.3147],[75.5428,32.3216],[75.5391,32.3258],[75.5377,32.3259],[75.5398,32.3364],[75.547,32.3443],[75.5503,32.3488],[75.5568,32.3531],[75.5598,32.357],[75.5818,32.3696],[75.5953,32.377],[75.6083,32.3768],[75.6146,32.3771],[75.6241,32.3782],[75.6346,32.3799],[75.6465,32.3874],[75.6535,32.3889],[75.6652,32.3922],[75.675,32.394],[75.6787,32.3903],[75.6833,32.3896],[75.6873,32.3903],[75.6951,32.3961],[75.7013,32.3994],[75.7052,32.405],[75.7113,32.4116],[75.715,32.408],[75.7228,32.4056],[75.7227,32.4094],[75.7265,32.4137],[75.7319,32.4226],[75.732,32.425],[75.7275,32.4294],[75.7291,32.4328],[75.7364,32.4299],[75.7433,32.4309],[75.7425,32.4336],[75.7371,32.435],[75.7338,32.4392],[75.7292,32.4388],[75.7267,32.4457],[75.7288,32.4477],[75.7287,32.4514],[75.7298,32.4532],[75.7371,32.4544],[75.7349,32.4553],[75.735,32.4608],[75.7358,32.4617],[75.7325,32.465],[75.7316,32.4673],[75.7283,32.4694],[75.7222,32.4708],[75.7229,32.4769],[75.7206,32.4793],[75.7158,32.4798],[75.7135,32.4768],[75.7111,32.476],[75.7041,32.4798],[75.7019,32.4765],[75.695,32.4739],[75.6885,32.4728],[75.6839,32.4701],[75.6776,32.4694],[75.6741,32.4682],[75.6708,32.465],[75.6658,32.4616],[75.6666,32.4552],[75.671,32.4494],[75.6701,32.4459],[75.662,32.443],[75.653,32.4407],[75.6419,32.4474],[75.6385,32.4485],[75.6345,32.4511],[75.6326,32.4503],[75.6294,32.453],[75.6298,32.4553],[75.6278,32.4568],[75.6276,32.4606],[75.6236,32.4635],[75.6186,32.4682],[75.6147,32.4676],[75.6068,32.4686],[75.6025,32.4697],[75.5969,32.4721],[75.5937,32.4755],[75.5877,32.479],[75.5818,32.478],[75.5812,32.4835],[75.576,32.4842],[75.5731,32.4828],[75.5656,32.4828],[75.5617,32.4848],[75.5575,32.4836],[75.556,32.4853],[75.5574,32.4874],[75.558,32.4939],[75.559,32.4972],[75.5579,32.5011],[75.5558,32.5045],[75.5559,32.5077],[75.5583,32.5127],[75.5602,32.5146],[75.5599,32.5168],[75.5641,32.5223],[75.5597,32.5273],[75.5547,32.5294],[75.5531,32.5263],[75.5492,32.5279],[75.5445,32.5331],[75.5386,32.5335],[75.5337,32.5347],[75.5262,32.535],[75.5207,32.5366],[75.5149,32.5362],[75.5132,32.5376],[75.5069,32.536],[75.5053,32.5369],[75.5026,32.5348],[75.4917,32.5343],[75.4864,32.5373],[75.4908,32.5403],[75.4907,32.5416],[75.4861,32.543],[75.4842,32.5395],[75.4801,32.5445],[75.4779,32.5454],[75.4745,32.5431],[75.4729,32.5446],[75.4731,32.5474],[75.4763,32.5494],[75.4852,32.5477],[75.4872,32.5501],[75.4865,32.5539],[75.4903,32.5573],[75.4854,32.5585],[75.4865,32.5621],[75.4844,32.564],[75.4844,32.5687],[75.4831,32.5702],[75.4761,32.5709],[75.4707,32.5725],[75.4661,32.5748],[75.4576,32.5762],[75.452,32.5755],[75.4462,32.5724],[75.4405,32.5715],[75.4364,32.5718],[75.427,32.5746],[75.4236,32.5773],[75.4179,32.5785],[75.4108,32.5789],[75.4066,32.5806],[75.4012,32.5803],[75.3962,32.581],[75.3848,32.5811],[75.383,32.5818],[75.3801,32.5825],[75.3782,32.5786],[75.3789,32.5757],[75.3788,32.5701],[75.3794,32.5652],[75.379,32.5592],[75.3768,32.5552],[75.3678,32.5524],[75.366,32.5492],[75.3704,32.5423],[75.3696,32.5383],[75.3663,32.5339],[75.3679,32.5275],[75.3678,32.5246],[75.363,32.5173],[75.3635,32.5161],[75.3693,32.5145],[75.3704,32.5131],[75.3715,32.5074],[75.3762,32.5019],[75.3771,32.4969],[75.3826,32.4963],[75.3867,32.4978],[75.393,32.4968],[75.3959,32.4948],[75.3949,32.4882],[75.3957,32.4816],[75.3942,32.479],[75.3934,32.4747],[75.3969,32.4684],[75.4006,32.4655],[75.4002,32.4634],[75.3978,32.4617],[75.3941,32.4572],[75.3943,32.4556],[75.3925,32.4484],[75.3898,32.444],[75.3929,32.4377],[75.3998,32.4277],[75.4018,32.4254],[75.4024,32.4206],[75.4018,32.4121],[75.4001,32.406],[75.3993,32.3977],[75.3939,32.3901],[75.3922,32.3806],[75.3915,32.3709],[75.392,32.3613],[75.3968,32.3544],[75.3998,32.3472],[75.397,32.3451],[75.3897,32.3458],[75.382,32.3402],[75.3777,32.3357],[75.3749,32.3362]]]},"properties":{"id":"in:subdistrict:30","level":"subdistrict","name":"Kathua","code":30,"parent":"in:district:7","state":"in:state:1"}},{"type":"Feature","geometry":{"type":"Polygon","coordinates":[[[75.4841,32.717],[75.4832,32.7132],[75.4765,32.7105],[75.4771,32.706],[75.481,32.6997],[75.4804,32.695],[75.4753,32.6913],[75.4741,32.6891],[75.4778,32.685],[75.4738,32.678],[75.466,32.6731],[75.4652,32.6688],[75.4633,32.6674],[75.4571,32.6652],[75.4552,32.6681],[75.4512,32.6678],[75.4445,32.6745],[75.4412,32.6736],[75.4389,32.6706],[75.4372,32.6724],[75.4338,32.6729],[75.4318,32.6699],[75.4298,32.6696],[75.4301,32.6656],[75.4286,32.6632],[75.4263,32.6675],[75.4197,32.6754],[75.4193,32.681],[75.4119,32.6816],[75.4081,32.6759],[75.4048,32.6765],[75.4032,32.6737],[75.3988,32.6744],[75.3938,32.6699],[75.3879,32.6737],[75.3865,32.6799],[75.3845,32.6811],[75.382,32.6872],[75.3806,32.6949],[75.3757,32.7001],[75.3715,32.6925],[75.3726,32.6901],[75.3794,32.6799],[75.3774,32.6775],[75.3772,32.6731],[75.3746,32.6721],[75.3724,32.6751],[75.372,32.6786],[75.369,32.6792],[75.3654,32.6782],[75.3702,32.673],[75.3745,32.6708],[75.3688,32.6663],[75.3668,32.6629],[75.3623,32.6617],[75.3613,32.6596],[75.3584,32.661],[75.359,32.6631],[75.3572,32.6667],[75.3536,32.6643],[75.3499,32.6636],[75.3455,32.6597],[75.3459,32.6666],[75.3351,32.6663],[75.332,32.6659],[75.3314,32.6639],[75.3257,32.6627],[75.3241,32.6606],[75.3183,32.6592],[75.3163,32.6564],[75.3132,32.656],[75.3098,32.6542],[75.309,32.6517],[75.3044,32.6539],[75.3004,32.6538],[75.2943,32.6482],[75.2898,32.6478],[75.2871,32.6436],[75.2844,32.6436],[75.2854,32.638],[75.2895,32.6315],[75.2968,32.6307],[75.3023,32.6271],[75.3164,32.6253],[75.3221,32.6232],[75.3261,32.6189],[75.3279,32.6186],[75.3378,32.6084],[75.3433,32.6041],[75.3445,32.5989],[75.3533,32.5955],[75.3589,32.5921],[75.3706,32.5889],[75.3818,32.5843],[75.383,32.5818],[75.3848,32.5811],[75.3962,32.581],[75.4012,32.5803],[75.4066,32.5806],[75.4108,32.5789],[75.4179,32.5785],[75.4236,32.5773],[75.427,32.5746],[75.4364,32.5718],[75.4405,32.5715],[75.4462,32.5724],[75.452,32.5755],[75.4576,32.5762],[75.4661,32.5748],[75.4707,32.5725],[75.4761,32.5709],[75.4831,32.5702],[75.4844,32.5687],[75.4844,32.564],[75.4865,32.5621],[75.4854,32.5585],[75.4903,32.5573],[75.4865,32.5539],[75.4872,32.5501],[75.4852,32.5477],[75.4763,32.5494],[75.4731,32.5474],[75.4729,32.5446],[75.4745,32.5431],[75.4779,32.5454],[75.4801,32.5445],[75.4842,32.5395],[75.4861,32.543],[75.4907,32.5416],[75.4908,32.5403],[75.4864,32.5373],[75.4917,32.5343],[75.5026,32.5348],[75.5053,32.5369],[75.5069,32.536],[75.5132,32.5376],[75.5149,32.5362],[75.5207,32.5366],[75.5262,32.535],[75.5337,32.5347],[75.5386,32.5335],[75.5431,32.5362],[75.5487,32.545],[75.553,32.5484],[75.5573,32.5553],[75.5619,32.5554],[75.5657,32.5538],[75.5705,32.5529],[75.5733,32.5539],[75.5812,32.5609],[75.5883,32.5601],[75.5967,32.5601],[75.6024,32.564],[75.6015,32.5665],[75.5944,32.5692],[75.5895,32.5686],[75.5907,32.5713],[75.5985,32.5721],[75.6034,32.5769],[75.6134,32.5819],[75.627,32.5802],[75.6387,32.5823],[75.6431,32.585],[75.6464,32.5882],[75.6491,32.5884],[75.6548,32.5842],[75.653,32.5818],[75.6533,32.5778],[75.655,32.5747],[75.651,32.5724],[75.6519,32.5702],[75.6553,32.5699],[75.6654,32.5777],[75.6694,32.5783],[75.6806,32.5848],[75.6877,32.5876],[75.6964,32.595],[75.7002,32.5967],[75.7027,32.599],[75.704,32.6019],[75.7033,32.6089],[75.7007,32.6123],[75.6996,32.6171],[75.7015,32.6235],[75.6989,32.6265],[75.6978,32.6303],[75.699,32.6373],[75.7008,32.6406],[75.705,32.6436],[75.7107,32.6514],[75.7126,32.6523],[75.7204,32.6602],[75.7242,32.6647],[75.7322,32.6696],[75.738,32.6711],[75.7463,32.6704],[75.7496,32.671],[75.7539,32.6736],[75.7569,32.6813],[75.7542,32.6854],[75.7509,32.6874],[75.7457,32.6928],[75.7483,32.6959],[75.7466,32.6992],[75.739,32.7014],[75.7278,32.7011],[75.7212,32.7053],[75.7154,32.713],[75.7028,32.719],[75.6993,32.7199],[75.6905,32.7312],[75.6886,32.7331],[75.6866,32.7378],[75.6851,32.748],[75.6859,32.7502],[75.6811,32.7573],[75.6768,32.7558],[75.6733,32.7566],[75.6717,32.7594],[75.6732,32.7643],[75.6751,32.7667],[75.6745,32.7702],[75.6751,32.7747],[75.6739,32.7763],[75.6734,32.7802],[75.6717,32.782],[75.6692,32.7804],[75.6643,32.7776],[75.6621,32.7779],[75.6576,32.7752],[75.6561,32.7732],[75.6489,32.7745],[75.6457,32.7721],[75.638,32.7721],[75.634,32.7712],[75.6287,32.7718],[75.6248,32.7732],[75.62,32.7736],[75.6163,32.7758],[75.6119,32.7714],[75.6086,32.7701],[75.6023,32.7695],[75.5991,32.7681],[75.5974,32.7651],[75.5933,32.7641],[75.5907,32.7617],[75.5863,32.7607],[75.588,32.7571],[75.5863,32.7534],[75.5878,32.7518],[75.5838,32.7498],[75.5843,32.7455],[75.582,32.7446],[75.5751,32.756],[75.5682,32.7587],[75.5639,32.7594],[75.5597,32.7577],[75.5591,32.7605],[75.5566,32.7631],[75.5556,32.7663],[75.5527,32.7678],[75.5525,32.7732],[75.5463,32.7733],[75.5405,32.7724],[75.5386,32.7713],[75.5304,32.7716],[75.5243,32.7704],[75.5203,32.7677],[75.5168,32.7705],[75.5126,32.7684],[75.5033,32.7658],[75.5002,32.7668],[75.4957,32.7667],[75.4937,32.7645],[75.4907,32.7565],[75.4911,32.7511],[75.4891,32.7447],[75.4899,32.7408],[75.487,32.737],[75.4831,32.734],[75.4819,32.7269],[75.4835,32.7226],[75.4841,32.717]]]},"properties":{"id":"in:subdistrict:27","level":"subdistrict","name":"Billawar","code":27,"parent":"in:district:7","state":"in:state:1"}},{"type":"Feature","geometry":{"type":"Polygon","coordinates":[[[75.6692,32.7804],[75.6717,32.782],[75.6734,32.7802],[75.6739,32.7763],[75.6751,32.7747],[75.6745,32.7702],[75.6751,32.7667],[75.6732,32.7643],[75.6717,32.7594],[75.6733,32.7566],[75.6768,32.7558],[75.6811,32.7573],[75.6859,32.7502],[75.6851,32.748],[75.6866,32.7378],[75.6886,32.7331],[75.6905,32.7312],[75.6993,32.7199],[75.7028,32.719],[75.7154,32.713],[75.7212,32.7053],[75.7278,32.7011],[75.739,32.7014],[75.7466,32.6992],[75.7483,32.6959],[75.7457,32.6928],[75.7509,32.6874],[75.7542,32.6854],[75.7569,32.6813],[75.7539,32.6736],[75.7496,32.671],[75.7523,32.6667],[75.7562,32.664],[75.7618,32.6614],[75.7677,32.6635],[75.7757,32.6645],[75.7837,32.6642],[75.7895,32.6635],[75.7948,32.6637],[75.8028,32.663],[75.8078,32.6602],[75.8144,32.6593],[75.817,32.6545],[75.814,32.6402],[75.8146,32.6327],[75.8114,32.6301],[75.8179,32.6236],[75.8217,32.6211],[75.8257,32.6208],[75.8266,32.6226],[75.8267,32.6288],[75.8287,32.6392],[75.8319,32.6459],[75.8334,32.6431],[75.8385,32.6377],[75.8456,32.6374],[75.8506,32.6403],[75.852,32.6436],[75.8607,32.6489],[75.873,32.6514],[75.8775,32.6567],[75.8792,32.6571],[75.8776,32.6634],[75.872,32.6689],[75.8727,32.6737],[75.8819,32.6792],[75.8889,32.6804],[75.8971,32.6807],[75.8973,32.6859],[75.9004,32.6928],[75.8999,32.6951],[75.8974,32.6975],[75.8998,32.7026],[75.9046,32.7085],[75.9045,32.7104],[75.9066,32.7132],[75.9073,32.7164],[75.9144,32.7224],[75.9188,32.7283],[75.9186,32.7353],[75.9205,32.7373],[75.9229,32.7433],[75.9209,32.7481],[75.9165,32.752],[75.9048,32.7648],[75.8992,32.7679],[75.8964,32.7711],[75.8967,32.7746],[75.892,32.7768],[75.8854,32.7829],[75.8848,32.7877],[75.8858,32.7932],[75.8834,32.8001],[75.8842,32.8019],[75.8786,32.8117],[75.8754,32.8127],[75.8722,32.8124],[75.8685,32.8137],[75.865,32.8134],[75.8656,32.8203],[75.8574,32.8285],[75.8571,32.8299],[75.8504,32.8361],[75.8455,32.8364],[75.8424,32.8383],[75.8399,32.8435],[75.83,32.8462],[75.8264,32.85],[75.8199,32.8528],[75.8173,32.8565],[75.8169,32.8588],[75.8104,32.8616],[75.8095,32.8693],[75.8056,32.8773],[75.7963,32.8843],[75.794,32.8864],[75.7872,32.89],[75.7805,32.8903],[75.7726,32.8892],[75.7705,32.89],[75.7629,32.8895],[75.7557,32.8859],[75.7537,32.8827],[75.7432,32.8769],[75.7352,32.8761],[75.7296,32.877],[75.7236,32.8762],[75.7166,32.8781],[75.7139,32.8795],[75.7044,32.8784],[75.694,32.8784],[75.6922,32.8765],[75.6932,32.8697],[75.6918,32.8664],[75.6896,32.8646],[75.6828,32.8641],[75.6851,32.8558],[75.6853,32.8509],[75.6869,32.8492],[75.692,32.847],[75.6943,32.8436],[75.6952,32.8378],[75.6901,32.833],[75.6891,32.829],[75.6869,32.828],[75.686,32.8251],[75.6824,32.8216],[75.6873,32.8188],[75.6904,32.816],[75.6876,32.8084],[75.6903,32.8055],[75.69,32.8017],[75.6906,32.7964],[75.6873,32.7948],[75.6857,32.7918],[75.682,32.7893],[75.6718,32.7881],[75.6704,32.786],[75.6692,32.7804]]]},"properties":{"id":"in:subdistrict:29","level":"subdistrict","name":"Bani","code":29,"parent":"in:district:7","state":"in:state:1"}},{"type":"Feature","geometry":{"type":"Polygon","coordinates":[[[75.7371,32.4544],[75.7432,32.4551],[75.749,32.4541],[75.7569,32.4592],[75.7597,32.4605],[75.7627,32.46],[75.7663,32.462],[75.7708,32.4622],[75.7769,32.4651],[75.7892,32.4767],[75.7941,32.4795],[75.8011,32.4854],[75.8136,32.4885],[75.8199,32.4918],[75.8244,32.4959],[75.8263,32.5],[75.8262,32.5039],[75.8294,32.5042],[75.8324,32.5029],[75.8345,32.5064],[75.8322,32.5107],[75.8304,32.5137],[75.8329,32.5144],[75.8388,32.5141],[75.8367,32.5185],[75.8383,32.5223],[75.843,32.5234],[75.8474,32.5261],[75.8527,32.5269],[75.8556,32.53],[75.8549,32.5369],[75.8683,32.5452],[75.8722,32.5482],[75.8741,32.5521],[75.8707,32.5575],[75.8661,32.5625],[75.8697,32.5661],[75.8763,32.5678],[75.8786,32.5717],[75.88,32.5789],[75.8782,32.586],[75.884,32.5898],[75.8927,32.589],[75.8969,32.5902],[75.8995,32.5925],[75.9053,32.6012],[75.9054,32.6064],[75.9072,32.6089],[75.9158,32.6141],[75.9184,32.6209],[75.9177,32.6246],[75.9158,32.6264],[75.9162,32.6286],[75.9192,32.6299],[75.9186,32.6331],[75.9226,32.6363],[75.9251,32.636],[75.927,32.6317],[75.9302,32.631],[75.9309,32.6331],[75.9288,32.6372],[75.9299,32.6398],[75.9338,32.6426],[75.9326,32.6471],[75.9267,32.6449],[75.9234,32.6427],[75.9203,32.6429],[75.9177,32.6444],[75.9141,32.6447],[75.9155,32.6515],[75.915,32.6531],[75.9109,32.6562],[75.9063,32.6581],[75.9028,32.6574],[75.8931,32.6486],[75.8868,32.6504],[75.8862,32.6532],[75.8922,32.6588],[75.8934,32.6669],[75.8975,32.6698],[75.897,32.6723],[75.8989,32.6751],[75.8972,32.6775],[75.8971,32.6807],[75.8889,32.6804],[75.8819,32.6792],[75.8727,32.6737],[75.872,32.6689],[75.8776,32.6634],[75.8792,32.6571],[75.8775,32.6567],[75.873,32.6514],[75.8607,32.6489],[75.852,32.6436],[75.8506,32.6403],[75.8456,32.6374],[75.8385,32.6377],[75.8334,32.6431],[75.8319,32.6459],[75.8287,32.6392],[75.8267,32.6288],[75.8266,32.6226],[75.8257,32.6208],[75.8217,32.6211],[75.8179,32.6236],[75.8114,32.6301],[75.8146,32.6327],[75.814,32.6402],[75.817,32.6545],[75.8144,32.6593],[75.8078,32.6602],[75.8028,32.663],[75.7948,32.6637],[75.7895,32.6635],[75.7837,32.6642],[75.7757,32.6645],[75.7677,32.6635],[75.7618,32.6614],[75.7562,32.664],[75.7523,32.6667],[75.7496,32.671],[75.7463,32.6704],[75.738,32.6711],[75.7322,32.6696],[75.7242,32.6647],[75.7204,32.6602],[75.7126,32.6523],[75.7107,32.6514],[75.705,32.6436],[75.7008,32.6406],[75.699,32.6373],[75.6978,32.6303],[75.6989,32.6265],[75.7015,32.6235],[75.6996,32.6171],[75.7007,32.6123],[75.7033,32.6089],[75.704,32.6019],[75.7027,32.599],[75.7002,32.5967],[75.6964,32.595],[75.6877,32.5876],[75.6806,32.5848],[75.6694,32.5783],[75.6654,32.5777],[75.6553,32.5699],[75.6519,32.5702],[75.651,32.5724],[75.655,32.5747],[75.6533,32.5778],[75.653,32.5818],[75.6548,32.5842],[75.6491,32.5884],[75.6464,32.5882],[75.6431,32.585],[75.6387,32.5823],[75.627,32.5802],[75.6134,32.5819],[75.6034,32.5769],[75.5985,32.5721],[75.5907,32.5713],[75.5895,32.5686],[75.5944,32.5692],[75.6015,32.5665],[75.6024,32.564],[75.5967,32.5601],[75.5883,32.5601],[75.5812,32.5609],[75.5733,32.5539],[75.5705,32.5529],[75.5657,32.5538],[75.5619,32.5554],[75.5573,32.5553],[75.553,32.5484],[75.5487,32.545],[75.5431,32.5362],[75.5386,32.5335],[75.5445,32.5331],[75.5492,32.5279],[75.5531,32.5263],[75.5547,32.5294],[75.5597,32.5273],[75.5641,32.5223],[75.5599,32.5168],[75.5602,32.5146],[75.5583,32.5127],[75.5559,32.5077],[75.5558,32.5045],[75.5579,32.5011],[75.559,32.4972],[75.558,32.4939],[75.5574,32.4874],[75.556,32.4853],[75.5575,32.4836],[75.5617,32.4848],[75.5656,32.4828],[75.5731,32.4828],[75.576,32.4842],[75.5812,32.4835],[75.5818,32.478],[75.5877,32.479],[75.5937,32.4755],[75.5969,32.4721],[75.6025,32.4697],[75.6068,32.4686],[75.6147,32.4676],[75.6186,32.4682],[75.6236,32.4635],[75.6276,32.4606],[75.6278,32.4568],[75.6298,32.4553],[75.6294,32.453],[75.6326,32.4503],[75.6345,32.4511],[75.6385,32.4485],[75.6419,32.4474],[75.653,32.4407],[75.662,32.443],[75.6701,32.4459],[75.671,32.4494],[75.6666,32.4552],[75.6658,32.4616],[75.6708,32.465],[75.6741,32.4682],[75.6776,32.4694],[75.6839,32.4701],[75.6885,32.4728],[75.695,32.4739],[75.7019,32.4765],[75.7041,32.4798],[75.7111,32.476],[75.7135,32.4768],[75.7158,32.4798],[75.7206,32.4793],[75.7229,32.4769],[75.7222,32.4708],[75.7283,32.4694],[75.7316,32.4673],[75.7325,32.465],[75.7358,32.4617],[75.735,32.4608],[75.7349,32.4553],[75.7371,32.4544]]]},"properties":{"id":"in:subdistrict:28","level":"subdistrict","name":"Basohli","code":28,"parent":"in:district:7","state":"in:state:1"}},{"type":"Feature","geometry":{"type":"Polygon","coordinates":[[[76.2223,33.0228],[76.2262,33.0299],[76.228,33.0346],[76.2317,33.0403],[76.2311,33.0434],[76.2348,33.0524],[76.2356,33.0597],[76.2354,33.0641],[76.2336,33.0699],[76.2316,33.0722],[76.2321,33.083],[76.2281,33.0911],[76.2257,33.091],[76.2219,33.0884],[76.2186,33.0852],[76.2147,33.0867],[76.2089,33.092],[76.2041,33.0945],[76.2006,33.098],[76.1999,33.1084],[76.1983,33.1103],[76.1919,33.1108],[76.1881,33.112],[76.1794,33.118],[76.1761,33.1229],[76.1786,33.1254],[76.1781,33.1283],[76.1746,33.1365],[76.1728,33.1432],[76.1724,33.148],[76.1702,33.1494],[76.1655,33.15],[76.1624,33.1542],[76.1615,33.1577],[76.1589,33.1611],[76.152,33.165],[76.1471,33.1669],[76.1379,33.1666],[76.1348,33.1686],[76.1305,33.1732],[76.1257,33.1747],[76.1184,33.1755],[76.1181,33.1651],[76.1195,33.1633],[76.1202,33.1594],[76.1197,33.1558],[76.1166,33.1507],[76.1166,33.1447],[76.1113,33.1285],[76.1092,33.1254],[76.1041,33.1239],[76.0939,33.1227],[76.0828,33.1187],[76.0773,33.1186],[76.0736,33.1162],[76.0684,33.115],[76.0584,33.1088],[76.0561,33.1065],[76.0507,33.1065],[76.0478,33.108],[76.0438,33.1077],[76.0393,33.1045],[76.032,33.1034],[76.0271,33.104],[76.021,33.1032],[76.0184,33.1019],[76.0062,33.1044],[76.0005,33.1027],[75.9952,33.1057],[75.9932,33.108],[75.9903,33.1147],[75.9909,33.1158],[75.987,33.1197],[75.9831,33.1225],[75.978,33.123],[75.9706,33.1192],[75.9662,33.1194],[75.9643,33.1218],[75.9657,33.1247],[75.9687,33.1264],[75.9642,33.1296],[75.9587,33.1299],[75.954,33.1264],[75.9508,33.1256],[75.9534,33.1217],[75.9515,33.1212],[75.9517,33.112],[75.951,33.1097],[75.9476,33.1077],[75.9481,33.1023],[75.9443,33.1012],[75.9331,33.1027],[75.9274,33.0995],[75.9195,33.0983],[75.9163,33.099],[75.9145,33.098],[75.9116,33.0924],[75.9081,33.0915],[75.9041,33.0916],[75.8999,33.0945],[75.895,33.0923],[75.8927,33.0922],[75.8879,33.099],[75.8851,33.0919],[75.8853,33.0893],[75.8828,33.0875],[75.8745,33.085],[75.8717,33.0807],[75.8712,33.0771],[75.8721,33.0731],[75.871,33.0709],[75.8672,33.0675],[75.8618,33.0646],[75.8596,33.0612],[75.854,33.0598],[75.8511,33.0601],[75.8443,33.0627],[75.8394,33.0652],[75.8317,33.0673],[75.8205,33.0689],[75.8172,33.069],[75.8124,33.0673],[75.8124,33.0643],[75.8087,33.0623],[75.8042,33.0627],[75.7954,33.0611],[75.7912,33.0595],[75.788,33.0571],[75.7876,33.0529],[75.7862,33.05],[75.7828,33.0475],[75.7813,33.0453],[75.7811,33.0412],[75.7747,33.0367],[75.769,33.0368],[75.7666,33.0351],[75.7647,33.0316],[75.7586,33.0298],[75.7648,33.0242],[75.7685,33.0133],[75.7682,33.01],[75.7707,33.003],[75.7703,32.9992],[75.7687,32.9946],[75.7644,32.9888],[75.7626,32.9835],[75.7634,32.9803],[75.7661,32.9777],[75.7724,32.9763],[75.775,32.9743],[75.7807,32.9716],[75.7871,32.9719],[75.7908,32.9691],[75.7993,32.9564],[75.7999,32.954],[75.8042,32.9473],[75.8072,32.9442],[75.8123,32.9454],[75.8159,32.9426],[75.8173,32.9448],[75.8231,32.9425],[75.8356,32.9327],[75.8377,32.928],[75.8411,32.9276],[75.8452,32.9285],[75.8491,32.9257],[75.8518,32.9249],[75.8593,32.9254],[75.8671,32.9228],[75.873,32.9238],[75.8768,32.9195],[75.8833,32.9187],[75.8858,32.916],[75.8887,32.9145],[75.892,32.9145],[75.8991,32.9122],[75.9039,32.9128],[75.9115,32.9082],[75.9198,32.9052],[75.9217,32.9018],[75.9222,32.8987],[75.9283,32.8898],[75.9316,32.8866],[75.9383,32.8812],[75.9411,32.8783],[75.9488,32.873],[75.9527,32.8746],[75.9589,32.8775],[75.9641,32.8817],[75.9661,32.8819],[75.9697,32.885],[75.973,32.8867],[75.9754,32.8865],[75.9812,32.8951],[75.9846,32.8956],[75.9894,32.8981],[75.9965,32.8994],[75.999,32.902],[76.0023,32.9015],[76.0091,32.9087],[76.012,32.9095],[76.0179,32.9131],[76.0272,32.9157],[76.0331,32.9214],[76.032,32.9269],[76.0341,32.9314],[76.0406,32.9368],[76.0545,32.9389],[76.0613,32.9409],[76.0647,32.9449],[76.0683,32.9519],[76.0735,32.9534],[76.082,32.9548],[76.0833,32.9556],[76.0822,32.9616],[76.0922,32.9633],[76.0985,32.9715],[76.103,32.9828],[76.1063,32.9869],[76.1038,32.9912],[76.1066,32.9981],[76.1079,33],[76.1071,33.0058],[76.1119,33.0062],[76.1165,33.0076],[76.1231,33.0081],[76.1283,33.0077],[76.1352,33.0095],[76.1399,33.009],[76.1443,33.0077],[76.1574,33.0064],[76.1679,33.0086],[76.1701,33.0105],[76.1773,33.0197],[76.1833,33.0205],[76.1896,33.0183],[76.2035,33.016],[76.2112,33.0163],[76.2144,33.0178],[76.2175,33.0213],[76.2223,33.0228]]]},"properties":{"id":"in:subdistrict:x4-gandoh","level":"subdistrict","name":"Gandoh","code":0,"parent":"in:district:4","state":"in:state:1"}},{"type":"Feature","geometry":{"type":"Polygon","coordinates":[[[76.1471,33.1669],[76.144,33.1724],[76.1354,33.1769],[76.1273,33.1857],[76.1245,33.1868],[76.1042,33.1907],[76.0992,33.1977],[76.0833,33.2121],[76.0708,33.2215],[76.0547,33.2375],[76.0382,33.2535],[76.039,33.259],[76.0449,33.2741],[76.0464,33.2803],[76.0485,33.2953],[76.0534,33.3108],[76.0525,33.3238],[76.0508,33.337],[76.0511,33.3402],[76.0534,33.3464],[76.0612,33.3499],[76.0599,33.3575],[76.0626,33.3632],[76.0692,33.3664],[76.071,33.3699],[76.0718,33.3752],[76.0742,33.3811],[76.0864,33.4001],[76.0913,33.4092],[76.0965,33.4118],[76.1089,33.4198],[76.1214,33.4293],[76.1399,33.4442],[76.1486,33.4568],[76.0474,33.452],[76.022,33.4522],[76.0147,33.4524],[75.9721,33.4521],[75.9398,33.4511],[75.9143,33.451],[75.872,33.4498],[75.8643,33.4495],[75.8331,33.4495],[75.8194,33.4476],[75.8144,33.4514],[75.8041,33.4485],[75.7731,33.4386],[75.7677,33.4375],[75.7601,33.4365],[75.7551,33.4417],[75.7476,33.4571],[75.745,33.456],[75.7316,33.4624],[75.7212,33.4652],[75.7185,33.4507],[75.7145,33.4355],[75.7103,33.4382],[75.7086,33.4281],[75.7129,33.4254],[75.7293,33.425],[75.7388,33.4246],[75.7456,33.4227],[75.7501,33.4199],[75.7537,33.4164],[75.7542,33.4099],[75.7558,33.4046],[75.7588,33.3982],[75.7677,33.3902],[75.7653,33.3889],[75.7593,33.389],[75.7485,33.3864],[75.7424,33.3835],[75.7371,33.3782],[75.734,33.3696],[75.734,33.3646],[75.7325,33.3624],[75.7211,33.3678],[75.7173,33.3717],[75.7131,33.3771],[75.7065,33.3884],[75.692,33.3728],[75.6806,33.3618],[75.6557,33.3497],[75.648,33.3508],[75.6172,33.3469],[75.6131,33.3419],[75.6111,33.3333],[75.6086,33.327],[75.6011,33.3104],[75.5916,33.2945],[75.5901,33.2932],[75.596,33.2891],[75.5969,33.2874],[75.5952,33.2796],[75.5978,33.2749],[75.6112,33.2715],[75.6158,33.2683],[75.6202,33.2643],[75.624,33.2633],[75.6284,33.2606],[75.6339,33.2599],[75.6344,33.2579],[75.6396,33.2555],[75.6481,33.2501],[75.6561,33.2555],[75.6602,33.2577],[75.665,33.2554],[75.6696,33.2557],[75.6727,33.2579],[75.6817,33.256],[75.6838,33.254],[75.6891,33.2549],[75.6922,33.2541],[75.6952,33.25],[75.7005,33.2466],[75.7044,33.2422],[75.7077,33.2398],[75.7105,33.2391],[75.7149,33.234],[75.7184,33.2285],[75.7192,33.2224],[75.7182,33.2193],[75.7211,33.2179],[75.7281,33.2115],[75.7344,33.2072],[75.7374,33.2045],[75.7511,33.1994],[75.7561,33.1992],[75.7614,33.1975],[75.762,33.1945],[75.7647,33.1922],[75.7695,33.1905],[75.773,33.1874],[75.7739,33.1845],[75.777,33.1818],[75.7809,33.1801],[75.782,33.1778],[75.7875,33.1748],[75.7957,33.1728],[75.798,33.1729],[75.8062,33.1714],[75.803,33.1655],[75.7999,33.1624],[75.797,33.1562],[75.7978,33.1475],[75.7997,33.144],[75.8016,33.1437],[75.8063,33.1461],[75.8108,33.1461],[75.8119,33.1496],[75.815,33.1491],[75.8177,33.1516],[75.8217,33.1519],[75.832,33.1488],[75.8358,33.1451],[75.8379,33.1392],[75.8405,33.1374],[75.8447,33.1363],[75.8527,33.1329],[75.8569,33.1249],[75.8551,33.1208],[75.8634,33.1208],[75.8728,33.1226],[75.8785,33.1207],[75.8852,33.1167],[75.8945,33.1177],[75.8974,33.1194],[75.8989,33.123],[75.9,33.1288],[75.9004,33.1344],[75.9047,33.1361],[75.9074,33.1356],[75.9111,33.137],[75.916,33.1372],[75.9196,33.1309],[75.9259,33.1265],[75.9287,33.1208],[75.9286,33.1143],[75.9326,33.1138],[75.9369,33.1146],[75.9402,33.118],[75.9459,33.1189],[75.948,33.1207],[75.9487,33.1239],[75.9508,33.1256],[75.954,33.1264],[75.9587,33.1299],[75.9642,33.1296],[75.9687,33.1264],[75.9657,33.1247],[75.9643,33.1218],[75.9662,33.1194],[75.9706,33.1192],[75.978,33.123],[75.9831,33.1225],[75.987,33.1197],[75.9909,33.1158],[75.9903,33.1147],[75.9932,33.108],[75.9952,33.1057],[76.0005,33.1027],[76.0062,33.1044],[76.0184,33.1019],[76.021,33.1032],[76.0271,33.104],[76.032,33.1034],[76.0393,33.1045],[76.0438,33.1077],[76.0478,33.108],[76.0507,33.1065],[76.0561,33.1065],[76.0584,33.1088],[76.0684,33.115],[76.0736,33.1162],[76.0773,33.1186],[76.0828,33.1187],[76.0939,33.1227],[76.1041,33.1239],[76.1092,33.1254],[76.1113,33.1285],[76.1166,33.1447],[76.1166,33.1507],[76.1197,33.1558],[76.1202,33.1594],[76.1195,33.1633],[76.1181,33.1651],[76.1184,33.1755],[76.1257,33.1747],[76.1305,33.1732],[76.1348,33.1686],[76.1379,33.1666],[76.1471,33.1669]]]},"properties":{"id":"in:subdistrict:68","level":"subdistrict","name":"Kishtwar","code":68,"parent":"in:district:620","state":"in:state:1"}},{"type":"Feature","geometry":{"type":"Polygon","coordinates":[[[75.9508,33.1256],[75.9487,33.1239],[75.948,33.1207],[75.9459,33.1189],[75.9402,33.118],[75.9369,33.1146],[75.9326,33.1138],[75.9286,33.1143],[75.9287,33.1208],[75.9259,33.1265],[75.9196,33.1309],[75.916,33.1372],[75.9111,33.137],[75.9074,33.1356],[75.9047,33.1361],[75.9004,33.1344],[75.9,33.1288],[75.8989,33.123],[75.8974,33.1194],[75.8945,33.1177],[75.8852,33.1167],[75.8785,33.1207],[75.8728,33.1226],[75.8634,33.1208],[75.8551,33.1208],[75.8569,33.1249],[75.8527,33.1329],[75.8447,33.1363],[75.8405,33.1374],[75.8379,33.1392],[75.8358,33.1451],[75.832,33.1488],[75.8217,33.1519],[75.8177,33.1516],[75.815,33.1491],[75.8119,33.1496],[75.8108,33.1461],[75.8063,33.1461],[75.8016,33.1437],[75.7997,33.144],[75.8047,33.1374],[75.796,33.1284],[75.7917,33.1307],[75.7837,33.1289],[75.7798,33.1296],[75.7722,33.1264],[75.7673,33.1286],[75.7635,33.1291],[75.7574,33.1256],[75.7519,33.1304],[75.7451,33.1373],[75.7405,33.1393],[75.7313,33.1415],[75.7271,33.142],[75.7145,33.1403],[75.7061,33.1429],[75.7034,33.1451],[75.7004,33.1453],[75.6969,33.1468],[75.6907,33.1523],[75.6902,33.1544],[75.6871,33.155],[75.6828,33.1574],[75.6784,33.1565],[75.6736,33.1504],[75.6656,33.1478],[75.6638,33.1458],[75.6545,33.1399],[75.6456,33.1287],[75.6362,33.1248],[75.6342,33.1198],[75.6316,33.1184],[75.6318,33.114],[75.6293,33.1089],[75.6252,33.1065],[75.6243,33.1013],[75.6178,33.0935],[75.614,33.0911],[75.6175,33.0886],[75.6219,33.0883],[75.6349,33.0857],[75.6446,33.0858],[75.6483,33.0844],[75.6494,33.0827],[75.6546,33.0784],[75.6584,33.0768],[75.6627,33.0767],[75.6672,33.0751],[75.6726,33.0704],[75.6773,33.0675],[75.6845,33.0658],[75.6979,33.0646],[75.7042,33.0649],[75.7099,33.063],[75.7152,33.0633],[75.7182,33.0647],[75.7198,33.067],[75.7251,33.07],[75.7283,33.0735],[75.7363,33.0808],[75.7425,33.0819],[75.7432,33.0806],[75.749,33.0787],[75.7548,33.0783],[75.7671,33.0823],[75.7714,33.0844],[75.7734,33.0873],[75.7752,33.0931],[75.7811,33.0964],[75.7853,33.0996],[75.7869,33.0972],[75.7907,33.089],[75.7931,33.0875],[75.7956,33.0836],[75.7966,33.0785],[75.799,33.0714],[75.8025,33.0682],[75.8124,33.0673],[75.8172,33.069],[75.8205,33.0689],[75.8317,33.0673],[75.8394,33.0652],[75.8443,33.0627],[75.8511,33.0601],[75.854,33.0598],[75.8596,33.0612],[75.8618,33.0646],[75.8672,33.0675],[75.871,33.0709],[75.8721,33.0731],[75.8712,33.0771],[75.8717,33.0807],[75.8745,33.085],[75.8828,33.0875],[75.8853,33.0893],[75.8851,33.0919],[75.8879,33.099],[75.8927,33.0922],[75.895,33.0923],[75.8999,33.0945],[75.9041,33.0916],[75.9081,33.0915],[75.9116,33.0924],[75.9145,33.098],[75.9163,33.099],[75.9195,33.0983],[75.9274,33.0995],[75.9331,33.1027],[75.9443,33.1012],[75.9481,33.1023],[75.9476,33.1077],[75.951,33.1097],[75.9517,33.112],[75.9515,33.1212],[75.9534,33.1217],[75.9508,33.1256]]]},"properties":{"id":"in:subdistrict:63","level":"subdistrict","name":"Thathri","code":63,"parent":"in:district:4","state":"in:state:1"}},{"type":"Feature","geometry":{"type":"Polygon","coordinates":[[[75.6828,32.8641],[75.6896,32.8646],[75.6918,32.8664],[75.6932,32.8697],[75.6922,32.8765],[75.694,32.8784],[75.7044,32.8784],[75.7139,32.8795],[75.7166,32.8781],[75.7236,32.8762],[75.7296,32.877],[75.7352,32.8761],[75.7432,32.8769],[75.7537,32.8827],[75.7557,32.8859],[75.7629,32.8895],[75.7705,32.89],[75.7726,32.8892],[75.7805,32.8903],[75.7872,32.89],[75.794,32.8864],[75.7963,32.8843],[75.799,32.8849],[75.8019,32.8872],[75.8126,32.8931],[75.8171,32.8994],[75.8193,32.905],[75.819,32.9075],[75.8232,32.9103],[75.8279,32.9171],[75.8307,32.9195],[75.8326,32.924],[75.836,32.9258],[75.8377,32.928],[75.8356,32.9327],[75.8231,32.9425],[75.8173,32.9448],[75.8159,32.9426],[75.8123,32.9454],[75.8072,32.9442],[75.8042,32.9473],[75.7999,32.954],[75.7993,32.9564],[75.7908,32.9691],[75.7871,32.9719],[75.7807,32.9716],[75.775,32.9743],[75.7724,32.9763],[75.7661,32.9777],[75.7634,32.9803],[75.7626,32.9835],[75.7644,32.9888],[75.7687,32.9946],[75.7703,32.9992],[75.7707,33.003],[75.7682,33.01],[75.7685,33.0133],[75.7648,33.0242],[75.7586,33.0298],[75.7647,33.0316],[75.7666,33.0351],[75.769,33.0368],[75.7747,33.0367],[75.7811,33.0412],[75.7813,33.0453],[75.7828,33.0475],[75.7862,33.05],[75.7876,33.0529],[75.788,33.0571],[75.7912,33.0595],[75.7954,33.0611],[75.8042,33.0627],[75.8087,33.0623],[75.8124,33.0643],[75.8124,33.0673],[75.8025,33.0682],[75.799,33.0714],[75.7966,33.0785],[75.7956,33.0836],[75.7931,33.0875],[75.7907,33.089],[75.7869,33.0972],[75.7853,33.0996],[75.7811,33.0964],[75.7752,33.0931],[75.7734,33.0873],[75.7714,33.0844],[75.7671,33.0823],[75.7548,33.0783],[75.749,33.0787],[75.7432,33.0806],[75.7425,33.0819],[75.7363,33.0808],[75.7283,33.0735],[75.7251,33.07],[75.7198,33.067],[75.7182,33.0647],[75.7152,33.0633],[75.7099,33.063],[75.7042,33.0649],[75.6979,33.0646],[75.6845,33.0658],[75.6773,33.0675],[75.6726,33.0704],[75.6672,33.0751],[75.6627,33.0767],[75.6584,33.0768],[75.6546,33.0784],[75.6494,33.0827],[75.6483,33.0844],[75.6446,33.0858],[75.6349,33.0857],[75.6219,33.0883],[75.6175,33.0886],[75.614,33.0911],[75.6077,33.0883],[75.6038,33.0858],[75.5964,33.087],[75.5928,33.0861],[75.5904,33.0815],[75.5895,33.0732],[75.5875,33.0664],[75.5816,33.0657],[75.5781,33.0623],[75.5738,33.0609],[75.5687,33.0582],[75.5663,33.0547],[75.5602,33.0531],[75.5593,33.0494],[75.5567,33.0447],[75.5502,33.04],[75.5473,33.0389],[75.5495,33.0327],[75.5491,33.0303],[75.5458,33.0269],[75.5454,33.0248],[75.5513,33.0196],[75.5514,33.0163],[75.5498,33.0136],[75.5509,33.0087],[75.5507,33.0015],[75.5491,32.9979],[75.5491,32.9888],[75.5478,32.9812],[75.5478,32.9735],[75.5465,32.967],[75.5438,32.9597],[75.5418,32.9529],[75.5443,32.9569],[75.5482,32.9607],[75.5503,32.9616],[75.551,32.9652],[75.5578,32.9674],[75.5622,32.9679],[75.5707,32.9617],[75.5767,32.9614],[75.5791,32.9575],[75.5778,32.9525],[75.5821,32.9471],[75.5959,32.9498],[75.6018,32.9452],[75.6058,32.9436],[75.6081,32.94],[75.6129,32.9387],[75.6145,32.9403],[75.6192,32.9405],[75.6237,32.9397],[75.6283,32.9357],[75.6318,32.935],[75.6371,32.9299],[75.647,32.9292],[75.6491,32.9281],[75.6562,32.9277],[75.6623,32.9231],[75.6627,32.9201],[75.6649,32.919],[75.668,32.9118],[75.67,32.9005],[75.673,32.8927],[75.6721,32.8899],[75.6769,32.88],[75.6754,32.8779],[75.6749,32.8726],[75.6755,32.8693],[75.6774,32.8679],[75.6812,32.8679],[75.6828,32.8641]]]},"properties":{"id":"in:subdistrict:65","level":"subdistrict","name":"Bhaderwah","code":65,"parent":"in:district:4","state":"in:state:1"}},{"type":"Feature","geometry":{"type":"Polygon","coordinates":[[[75.3886,33.366],[75.3912,33.3627],[75.3931,33.3578],[75.3938,33.353],[75.3933,33.3463],[75.3922,33.3421],[75.3851,33.3088],[75.3818,33.295],[75.3782,33.2845],[75.3758,33.2794],[75.3748,33.2737],[75.375,33.2683],[75.3771,33.2559],[75.3803,33.2505],[75.3875,33.2435],[75.3896,33.2404],[75.3912,33.2343],[75.3879,33.2243],[75.388,33.2179],[75.3868,33.2136],[75.3822,33.2074],[75.3768,33.202],[75.3726,33.199],[75.3661,33.1961],[75.3526,33.1911],[75.3484,33.1877],[75.3399,33.1755],[75.3362,33.1681],[75.3345,33.1617],[75.3353,33.1592],[75.3393,33.1563],[75.3481,33.1532],[75.3533,33.1499],[75.3556,33.1468],[75.3574,33.1382],[75.364,33.1217],[75.3652,33.1166],[75.3655,33.111],[75.3696,33.0983],[75.3697,33.0936],[75.3689,33.0831],[75.3709,33.0729],[75.3694,33.0686],[75.3705,33.0647],[75.3696,33.0594],[75.3701,33.0564],[75.3765,33.0478],[75.3813,33.0446],[75.3848,33.0441],[75.3906,33.0415],[75.3908,33.0395],[75.3933,33.0368],[75.3991,33.0347],[75.4083,33.0351],[75.4073,33.0382],[75.4091,33.042],[75.4103,33.0488],[75.414,33.0513],[75.415,33.0551],[75.4194,33.0565],[75.4283,33.0372],[75.4347,33.0129],[75.4365,33.0055],[75.4228,32.9996],[75.4173,32.9945],[75.4179,32.992],[75.4284,32.9843],[75.4356,32.9793],[75.4451,32.9749],[75.4488,32.9749],[75.4531,32.9687],[75.4517,32.9646],[75.4524,32.9622],[75.4599,32.961],[75.4616,32.958],[75.4683,32.9615],[75.472,32.9609],[75.4764,32.9574],[75.4893,32.9549],[75.4941,32.9562],[75.4982,32.9554],[75.5057,32.9587],[75.5078,32.9572],[75.5121,32.9566],[75.5162,32.959],[75.5209,32.96],[75.5299,32.9563],[75.5323,32.9504],[75.5342,32.9494],[75.5377,32.952],[75.5418,32.9529],[75.5438,32.9597],[75.5465,32.967],[75.5478,32.9735],[75.5478,32.9812],[75.5491,32.9888],[75.5491,32.9979],[75.5507,33.0015],[75.5509,33.0087],[75.5498,33.0136],[75.5514,33.0163],[75.5513,33.0196],[75.5454,33.0248],[75.5458,33.0269],[75.5491,33.0303],[75.5495,33.0327],[75.5473,33.0389],[75.5502,33.04],[75.5567,33.0447],[75.5593,33.0494],[75.5602,33.0531],[75.5663,33.0547],[75.5687,33.0582],[75.5738,33.0609],[75.5781,33.0623],[75.5816,33.0657],[75.5875,33.0664],[75.5895,33.0732],[75.5904,33.0815],[75.5928,33.0861],[75.5964,33.087],[75.6038,33.0858],[75.6077,33.0883],[75.614,33.0911],[75.6178,33.0935],[75.6243,33.1013],[75.6252,33.1065],[75.6293,33.1089],[75.6318,33.114],[75.6316,33.1184],[75.6342,33.1198],[75.6362,33.1248],[75.6456,33.1287],[75.6545,33.1399],[75.6638,33.1458],[75.6656,33.1478],[75.6736,33.1504],[75.6784,33.1565],[75.6828,33.1574],[75.6871,33.155],[75.6902,33.1544],[75.6907,33.1523],[75.6969,33.1468],[75.7004,33.1453],[75.7034,33.1451],[75.7061,33.1429],[75.7145,33.1403],[75.7271,33.142],[75.7313,33.1415],[75.7405,33.1393],[75.7451,33.1373],[75.7519,33.1304],[75.7574,33.1256],[75.7635,33.1291],[75.7673,33.1286],[75.7722,33.1264],[75.7798,33.1296],[75.7837,33.1289],[75.7917,33.1307],[75.796,33.1284],[75.8047,33.1374],[75.7997,33.144],[75.7978,33.1475],[75.797,33.1562],[75.7999,33.1624],[75.803,33.1655],[75.8062,33.1714],[75.798,33.1729],[75.7957,33.1728],[75.7875,33.1748],[75.782,33.1778],[75.7809,33.1801],[75.777,33.1818],[75.7739,33.1845],[75.773,33.1874],[75.7695,33.1905],[75.7647,33.1922],[75.762,33.1945],[75.7614,33.1975],[75.7561,33.1992],[75.7511,33.1994],[75.7374,33.2045],[75.7344,33.2072],[75.7281,33.2115],[75.7211,33.2179],[75.7182,33.2193],[75.7192,33.2224],[75.7184,33.2285],[75.7149,33.234],[75.7105,33.2391],[75.7077,33.2398],[75.7044,33.2422],[75.7005,33.2466],[75.6952,33.25],[75.6922,33.2541],[75.6891,33.2549],[75.6838,33.254],[75.6817,33.256],[75.6727,33.2579],[75.6696,33.2557],[75.665,33.2554],[75.6602,33.2577],[75.6561,33.2555],[75.6481,33.2501],[75.6396,33.2555],[75.6344,33.2579],[75.6339,33.2599],[75.6284,33.2606],[75.624,33.2633],[75.6202,33.2643],[75.6158,33.2683],[75.6112,33.2715],[75.5978,33.2749],[75.5952,33.2796],[75.5969,33.2874],[75.596,33.2891],[75.5901,33.2932],[75.5891,33.2993],[75.5834,33.3078],[75.5806,33.3143],[75.5764,33.3171],[75.5729,33.3178],[75.5717,33.3196],[75.5675,33.322],[75.5652,33.325],[75.5643,33.3316],[75.5647,33.3347],[75.5582,33.3384],[75.5514,33.3401],[75.5466,33.3446],[75.5417,33.3506],[75.5399,33.3539],[75.5395,33.3582],[75.5408,33.3664],[75.5395,33.3722],[75.5304,33.3769],[75.5249,33.3833],[75.5222,33.3882],[75.5177,33.3939],[75.5107,33.3972],[75.5019,33.399],[75.4962,33.3992],[75.4916,33.4046],[75.4893,33.4057],[75.4819,33.4073],[75.4719,33.4008],[75.4653,33.4041],[75.4571,33.401],[75.4515,33.3977],[75.4491,33.3905],[75.4471,33.3867],[75.4467,33.3817],[75.4431,33.3791],[75.4323,33.3796],[75.4227,33.3813],[75.4164,33.3813],[75.4126,33.3788],[75.4075,33.3739],[75.3976,33.3661],[75.3886,33.366]]]},"properties":{"id":"in:subdistrict:62","level":"subdistrict","name":"Doda","code":62,"parent":"in:district:4","state":"in:state:1"}},{"type":"Feature","geometry":{"type":"Polygon","coordinates":[[[75.4819,33.4073],[75.4893,33.4057],[75.4916,33.4046],[75.4962,33.3992],[75.5019,33.399],[75.5107,33.3972],[75.5177,33.3939],[75.5222,33.3882],[75.5249,33.3833],[75.5304,33.3769],[75.5395,33.3722],[75.5408,33.3664],[75.5395,33.3582],[75.5399,33.3539],[75.5417,33.3506],[75.5466,33.3446],[75.5514,33.3401],[75.5582,33.3384],[75.5647,33.3347],[75.5643,33.3316],[75.5652,33.325],[75.5675,33.322],[75.5717,33.3196],[75.5729,33.3178],[75.5764,33.3171],[75.5806,33.3143],[75.5834,33.3078],[75.5891,33.2993],[75.5901,33.2932],[75.5916,33.2945],[75.6011,33.3104],[75.6086,33.327],[75.6111,33.3333],[75.6131,33.3419],[75.6172,33.3469],[75.648,33.3508],[75.6557,33.3497],[75.6806,33.3618],[75.692,33.3728],[75.7065,33.3884],[75.7131,33.3771],[75.7173,33.3717],[75.7211,33.3678],[75.7325,33.3624],[75.734,33.3646],[75.734,33.3696],[75.7371,33.3782],[75.7424,33.3835],[75.7485,33.3864],[75.7593,33.389],[75.7653,33.3889],[75.7677,33.3902],[75.7588,33.3982],[75.7558,33.4046],[75.7542,33.4099],[75.7537,33.4164],[75.7501,33.4199],[75.7456,33.4227],[75.7388,33.4246],[75.7293,33.425],[75.7129,33.4254],[75.7086,33.4281],[75.7103,33.4382],[75.7145,33.4355],[75.7185,33.4507],[75.7212,33.4652],[75.7316,33.4624],[75.745,33.456],[75.7476,33.4571],[75.7574,33.464],[75.7704,33.4772],[75.7805,33.4894],[75.7782,33.4984],[75.7774,33.505],[75.7756,33.5106],[75.7736,33.5206],[75.7731,33.5269],[75.7752,33.536],[75.7778,33.551],[75.7794,33.5548],[75.7758,33.5539],[75.7709,33.5505],[75.7509,33.543],[75.748,33.5416],[75.7452,33.5494],[75.7342,33.5609],[75.7306,33.5676],[75.7239,33.5775],[75.717,33.5859],[75.7138,33.5929],[75.715,33.6007],[75.7143,33.6046],[75.7102,33.6052],[75.7028,33.6018],[75.6988,33.5948],[75.6939,33.5981],[75.6874,33.6016],[75.6899,33.6196],[75.6898,33.6276],[75.6891,33.6318],[75.684,33.6491],[75.6734,33.6581],[75.6664,33.6621],[75.6618,33.6703],[75.6615,33.6748],[75.6626,33.6778],[75.6614,33.6823],[75.6605,33.6898],[75.6612,33.6926],[75.5136,33.6804],[75.5085,33.6804],[75.5065,33.6781],[75.5061,33.6747],[75.5071,33.6659],[75.5086,33.661],[75.5115,33.6574],[75.5167,33.6544],[75.5135,33.6517],[75.5085,33.651],[75.5045,33.6469],[75.506,33.645],[75.5056,33.6413],[75.5032,33.6404],[75.5,33.6363],[75.5,33.6289],[75.5037,33.6296],[75.5074,33.6329],[75.5105,33.6313],[75.5077,33.6206],[75.5107,33.6192],[75.518,33.6238],[75.5225,33.6244],[75.5223,33.6158],[75.5262,33.6148],[75.5288,33.6104],[75.5328,33.6072],[75.5344,33.6005],[75.5276,33.5935],[75.5239,33.5871],[75.5188,33.587],[75.5162,33.5844],[75.5104,33.5817],[75.5092,33.5803],[75.5085,33.5751],[75.5064,33.5732],[75.5055,33.5692],[75.5081,33.5622],[75.5046,33.5553],[75.5029,33.5494],[75.5055,33.5477],[75.5068,33.5449],[75.5132,33.5426],[75.5111,33.5384],[75.5116,33.5356],[75.5102,33.5321],[75.5103,33.5288],[75.508,33.5273],[75.5035,33.5272],[75.5009,33.5289],[75.4959,33.5279],[75.4865,33.5229],[75.4852,33.5214],[75.4825,33.5123],[75.4748,33.5071],[75.4669,33.4996],[75.4667,33.4986],[75.4685,33.4859],[75.4712,33.4833],[75.4734,33.4769],[75.4762,33.4735],[75.4811,33.4708],[75.4819,33.4598],[75.4834,33.4577],[75.4887,33.4545],[75.4897,33.453],[75.4877,33.448],[75.4872,33.4443],[75.4796,33.4381],[75.4838,33.4344],[75.4829,33.43],[75.4771,33.4248],[75.4744,33.4204],[75.4745,33.418],[75.4791,33.4136],[75.4819,33.4073]]]},"properties":{"id":"in:subdistrict:70","level":"subdistrict","name":"Chhatroo","code":70,"parent":"in:district:620","state":"in:state:1"}},{"type":"Feature","geometry":{"type":"Polygon","coordinates":[[[75.4369,33.8364],[75.4353,33.8319],[75.4364,33.831],[75.4416,33.8291],[75.4432,33.8208],[75.4495,33.8168],[75.455,33.8147],[75.4554,33.8109],[75.4512,33.8086],[75.4546,33.8051],[75.4587,33.8021],[75.4607,33.7945],[75.4661,33.7917],[75.4696,33.7916],[75.4732,33.7885],[75.4765,33.7876],[75.4819,33.7845],[75.4813,33.7806],[75.4779,33.7769],[75.4739,33.7742],[75.4685,33.7727],[75.4653,33.7668],[75.4684,33.7648],[75.469,33.763],[75.4637,33.7574],[75.4696,33.7564],[75.4777,33.7509],[75.4792,33.7483],[75.4823,33.7472],[75.4856,33.7444],[75.494,33.74],[75.4989,33.7356],[75.5014,33.7324],[75.5022,33.7291],[75.5055,33.7256],[75.5109,33.723],[75.5116,33.7201],[75.5156,33.7176],[75.5188,33.717],[75.521,33.7153],[75.5178,33.7103],[75.5142,33.7081],[75.5092,33.7023],[75.505,33.7002],[75.5014,33.6996],[75.5,33.6963],[75.5006,33.6911],[75.5042,33.6867],[75.5078,33.6843],[75.5085,33.6804],[75.5136,33.6804],[75.6612,33.6926],[75.6605,33.6898],[75.6614,33.6823],[75.6626,33.6778],[75.6615,33.6748],[75.6618,33.6703],[75.6664,33.6621],[75.6734,33.6581],[75.684,33.6491],[75.6891,33.6318],[75.6898,33.6276],[75.6899,33.6196],[75.6874,33.6016],[75.6939,33.5981],[75.6988,33.5948],[75.7028,33.6018],[75.7102,33.6052],[75.7143,33.6046],[75.715,33.6007],[75.7138,33.5929],[75.717,33.5859],[75.7239,33.5775],[75.7306,33.5676],[75.7342,33.5609],[75.7452,33.5494],[75.748,33.5416],[75.7509,33.543],[75.7709,33.5505],[75.7758,33.5539],[75.7794,33.5548],[75.7778,33.551],[75.7752,33.536],[75.7731,33.5269],[75.7736,33.5206],[75.7756,33.5106],[75.7774,33.505],[75.7782,33.4984],[75.7805,33.4894],[75.7704,33.4772],[75.7574,33.464],[75.7476,33.4571],[75.7551,33.4417],[75.7601,33.4365],[75.7677,33.4375],[75.7731,33.4386],[75.8041,33.4485],[75.8144,33.4514],[75.8194,33.4476],[75.8331,33.4495],[75.8643,33.4495],[75.872,33.4498],[75.9143,33.451],[75.9398,33.4511],[75.9721,33.4521],[76.0147,33.4524],[76.022,33.4522],[76.0474,33.452],[76.1486,33.4568],[76.1541,33.4652],[76.1608,33.4788],[76.1684,33.4984],[76.1711,33.504],[76.179,33.5163],[76.183,33.5216],[76.1957,33.533],[76.2029,33.537],[76.225,33.5477],[76.2217,33.553],[76.2165,33.5581],[76.2135,33.5619],[76.2108,33.5637],[76.2091,33.5665],[76.2055,33.5677],[76.2065,33.5733],[76.2138,33.5742],[76.2188,33.5739],[76.2249,33.577],[76.2262,33.5795],[76.2302,33.5842],[76.2314,33.5869],[76.2293,33.59],[76.2274,33.5947],[76.2241,33.5971],[76.2242,33.6003],[76.2271,33.6022],[76.2307,33.603],[76.2386,33.6024],[76.2403,33.6048],[76.241,33.6096],[76.2391,33.6144],[76.235,33.621],[76.2319,33.6237],[76.2283,33.6252],[76.2299,33.6307],[76.2402,33.6348],[76.2462,33.6365],[76.2496,33.6388],[76.2522,33.6379],[76.2565,33.639],[76.2646,33.6432],[76.2699,33.643],[76.2748,33.6532],[76.28,33.6547],[76.2846,33.6619],[76.2801,33.6639],[76.273,33.6701],[76.2705,33.6756],[76.2663,33.679],[76.2664,33.6808],[76.2696,33.6851],[76.2647,33.6894],[76.2658,33.6919],[76.2649,33.6939],[76.2657,33.6974],[76.2631,33.703],[76.2659,33.7075],[76.2632,33.7107],[76.2634,33.7129],[76.2671,33.7171],[76.2674,33.7247],[76.2712,33.7307],[76.2673,33.7324],[76.2654,33.7357],[76.2671,33.7397],[76.2652,33.7469],[76.2628,33.7485],[76.2602,33.75],[76.2521,33.7514],[76.2479,33.7546],[76.247,33.7576],[76.2413,33.7583],[76.2361,33.7599],[76.2315,33.759],[76.2179,33.7588],[76.2126,33.7612],[76.2126,33.7635],[76.2108,33.7712],[76.2053,33.7726],[76.2013,33.775],[76.1994,33.7778],[76.2,33.7823],[76.1981,33.7881],[76.1907,33.7953],[76.1874,33.7967],[76.1842,33.8006],[76.178,33.8001],[76.1744,33.7987],[76.1664,33.798],[76.1614,33.8019],[76.1596,33.8079],[76.1616,33.812],[76.163,33.817],[76.166,33.8193],[76.1626,33.8212],[76.159,33.8257],[76.1568,33.8306],[76.16,33.8354],[76.1598,33.8373],[76.1543,33.8406],[76.1544,33.8454],[76.1554,33.8472],[76.1501,33.8491],[76.1486,33.8512],[76.1495,33.8536],[76.1472,33.8559],[76.1452,33.8618],[76.1421,33.8668],[76.1375,33.8701],[76.1385,33.8724],[76.1367,33.8786],[76.125,33.8853],[76.123,33.889],[76.1179,33.8887],[76.1153,33.8902],[76.1073,33.8918],[76.0996,33.8969],[76.0969,33.9004],[76.0919,33.9024],[76.0826,33.9035],[76.0741,33.9074],[76.0692,33.909],[76.0606,33.9101],[76.0545,33.9122],[76.0467,33.9128],[76.0431,33.916],[76.038,33.9189],[76.0326,33.9197],[76.0339,33.9242],[76.0406,33.925],[76.0445,33.9275],[76.0462,33.9301],[76.0495,33.9327],[76.0483,33.9364],[76.0483,33.9404],[76.0452,33.9454],[76.0432,33.9521],[76.0383,33.9591],[76.0339,33.9629],[76.0332,33.9647],[76.0265,33.9716],[76.0264,33.9765],[76.0252,33.9777],[76.0244,33.9821],[76.0187,33.9755],[76.0134,33.9742],[76.0086,33.9753],[76.0062,33.9767],[75.9962,33.9745],[75.9905,33.9724],[75.9823,33.9716],[75.9777,33.9717],[75.9727,33.9625],[75.9692,33.9605],[75.9671,33.9555],[75.9657,33.9545],[75.9587,33.9568],[75.954,33.9556],[75.9478,33.9566],[75.9456,33.9594],[75.9429,33.9605],[75.9231,33.9629],[75.9175,33.9629],[75.9142,33.966],[75.9085,33.9689],[75.8986,33.9674],[75.8921,33.9691],[75.8852,33.9676],[75.8814,33.9648],[75.8763,33.9636],[75.8736,33.962],[75.8667,33.9625],[75.8626,33.9616],[75.8525,33.9623],[75.8504,33.961],[75.8452,33.9545],[75.8405,33.9541],[75.8366,33.9559],[75.8341,33.9581],[75.8307,33.9587],[75.8221,33.9656],[75.8201,33.9692],[75.8207,33.9735],[75.8256,33.9778],[75.8289,33.9893],[75.8302,33.9924],[75.8416,33.9996],[75.8437,34.0032],[75.8416,34.0061],[75.8358,34.0071],[75.8292,34.0063],[75.8223,34.0076],[75.8178,34.0079],[75.8143,34.0145],[75.8042,34.021],[75.8024,34.021],[75.7975,34.026],[75.7969,34.0304],[75.7895,34.0303],[75.7822,34.0341],[75.7807,34.0367],[75.7779,34.0386],[75.7703,34.0408],[75.7681,34.0428],[75.7691,34.053],[75.7685,34.0549],[75.7599,34.0567],[75.7527,34.0565],[75.75,34.0548],[75.7445,34.0565],[75.7415,34.0562],[75.737,34.0589],[75.7416,34.0681],[75.7428,34.0725],[75.739,34.0764],[75.7347,34.079],[75.7334,34.0841],[75.7289,34.0877],[75.7251,34.0897],[75.7215,34.0944],[75.7197,34.1016],[75.7188,34.1033],[75.7077,34.1072],[75.6985,34.1128],[75.6924,34.1138],[75.6874,34.1161],[75.6856,34.1209],[75.6902,34.1253],[75.691,34.1281],[75.6844,34.1309],[75.6823,34.1356],[75.6858,34.1413],[75.6824,34.144],[75.6772,34.144],[75.6736,34.1452],[75.6679,34.1443],[75.6686,34.1481],[75.6702,34.15],[75.6737,34.1513],[75.6786,34.1547],[75.6792,34.1608],[75.6807,34.1636],[75.6845,34.1668],[75.6828,34.1706],[75.6842,34.1733],[75.6841,34.178],[75.6881,34.1849],[75.6873,34.1869],[75.689,34.19],[75.6907,34.1953],[75.6853,34.1996],[75.6805,34.201],[75.6708,34.198],[75.6624,34.1991],[75.6574,34.2029],[75.6565,34.2063],[75.6503,34.2115],[75.644,34.2116],[75.6412,34.2097],[75.6381,34.2103],[75.6321,34.2057],[75.6283,34.2036],[75.6261,34.2013],[75.6218,34.2018],[75.6178,34.1999],[75.6153,34.1999],[75.6126,34.1974],[75.6046,34.1952],[75.5981,34.1976],[75.5934,34.1977],[75.591,34.1908],[75.5876,34.1869],[75.5863,34.1797],[75.5881,34.1755],[75.5865,34.1743],[75.5812,34.1732],[75.5764,34.1698],[75.5756,34.1627],[75.5738,34.1584],[75.5715,34.1561],[75.5681,34.1556],[75.5629,34.1566],[75.553,34.156],[75.549,34.1524],[75.5469,34.1462],[75.5469,34.1418],[75.5442,34.1384],[75.5394,34.1354],[75.5407,34.1315],[75.5392,34.1262],[75.5341,34.1211],[75.5329,34.1179],[75.5365,34.1138],[75.5373,34.1091],[75.5331,34.1036],[75.5295,34.1018],[75.5275,34.0948],[75.5301,34.0933],[75.5294,34.0903],[75.5314,34.0833],[75.5297,34.0813],[75.53,34.0779],[75.5323,34.0732],[75.5318,34.0625],[75.5278,34.0577],[75.5269,34.0536],[75.5228,34.0522],[75.5199,34.0485],[75.5212,34.047],[75.5123,34.0409],[75.5061,34.0397],[75.505,34.0387],[75.5002,34.0401],[75.4972,34.0391],[75.4953,34.0405],[75.4941,34.0439],[75.4879,34.0448],[75.4828,34.0436],[75.4805,34.0389],[75.4714,34.0415],[75.4671,34.0418],[75.4656,34.043],[75.4602,34.0416],[75.4606,34.0374],[75.456,34.0364],[75.4522,34.0387],[75.4495,34.0415],[75.4461,34.039],[75.4474,34.0352],[75.4465,34.0338],[75.4416,34.0314],[75.4428,34.0273],[75.4388,34.024],[75.4361,34.0229],[75.4334,34.02],[75.4339,34.0149],[75.4366,34.0124],[75.4366,34.0099],[75.4383,34.0025],[75.4346,33.9996],[75.4333,33.9971],[75.4344,33.9942],[75.4294,33.9904],[75.4296,33.9847],[75.4258,33.9839],[75.4192,33.9804],[75.4147,33.9804],[75.4135,33.9777],[75.41,33.9735],[75.4049,33.9703],[75.4042,33.9682],[75.4002,33.9651],[75.3953,33.9643],[75.3939,33.9568],[75.395,33.9509],[75.394,33.9489],[75.3947,33.9435],[75.396,33.9402],[75.3892,33.9376],[75.3911,33.9344],[75.396,33.9328],[75.3971,33.9286],[75.3946,33.9237],[75.3946,33.9214],[75.3921,33.9197],[75.3912,33.9166],[75.3953,33.9118],[75.3928,33.9082],[75.3939,33.9024],[75.3987,33.8981],[75.398,33.896],[75.4013,33.895],[75.4032,33.892],[75.41,33.893],[75.4121,33.8872],[75.414,33.8862],[75.4152,33.8741],[75.4187,33.8675],[75.4194,33.8646],[75.4272,33.8554],[75.4285,33.8522],[75.4265,33.8457],[75.4313,33.8401],[75.4353,33.8392],[75.4369,33.8364]]]},"properties":{"id":"in:subdistrict:69","level":"subdistrict","name":"Marwah","code":69,"parent":"in:district:620","state":"in:state:1"}},{"type":"Feature","geometry":{"type":"Polygon","coordinates":[[[76.747,33.1792],[76.7468,33.1831],[76.7504,33.1889],[76.7501,33.1915],[76.756,33.1942],[76.7583,33.196],[76.7639,33.2059],[76.7662,33.2079],[76.7666,33.2108],[76.7709,33.213],[76.7707,33.2164],[76.7732,33.2203],[76.7758,33.2205],[76.7773,33.2258],[76.7769,33.2296],[76.7793,33.2357],[76.7788,33.2395],[76.7731,33.2422],[76.7716,33.2489],[76.7707,33.2494],[76.7592,33.2483],[76.7543,33.2487],[76.7472,33.2534],[76.7405,33.2598],[76.7371,33.2611],[76.7369,33.2645],[76.7385,33.2687],[76.7359,33.2729],[76.7325,33.2755],[76.7327,33.2815],[76.7277,33.2835],[76.7299,33.2887],[76.7285,33.291],[76.7302,33.2973],[76.732,33.2986],[76.7283,33.305],[76.7288,33.3078],[76.7252,33.3113],[76.7259,33.3152],[76.7232,33.3187],[76.7177,33.329],[76.7121,33.3311],[76.7041,33.3278],[76.6965,33.3278],[76.6871,33.3327],[76.6833,33.3363],[76.6769,33.3388],[76.6739,33.3393],[76.671,33.3418],[76.6726,33.3482],[76.6682,33.3525],[76.662,33.3548],[76.6584,33.3587],[76.659,33.3621],[76.6577,33.3655],[76.653,33.369],[76.6516,33.3727],[76.6524,33.3761],[76.6515,33.3834],[76.6473,33.3868],[76.6419,33.3899],[76.6398,33.3927],[76.6394,33.3974],[76.6366,33.4022],[76.6381,33.4038],[76.6323,33.4094],[76.6361,33.4114],[76.637,33.4155],[76.6324,33.4194],[76.6301,33.4226],[76.6288,33.4276],[76.6295,33.431],[76.629,33.4349],[76.6252,33.4376],[76.6205,33.4396],[76.6138,33.4393],[76.6109,33.4349],[76.6044,33.431],[76.5996,33.4308],[76.5929,33.4256],[76.5818,33.4258],[76.5779,33.4299],[76.58,33.4383],[76.5771,33.4433],[76.5762,33.4484],[76.5765,33.453],[76.5738,33.4567],[76.5717,33.4611],[76.5687,33.4653],[76.5628,33.4626],[76.5576,33.462],[76.5555,33.4637],[76.5496,33.4641],[76.5455,33.4687],[76.5425,33.4696],[76.5392,33.4728],[76.5358,33.4785],[76.5355,33.4811],[76.528,33.4834],[76.5243,33.4892],[76.5229,33.4934],[76.5195,33.4947],[76.5149,33.495],[76.511,33.4966],[76.5075,33.5004],[76.5081,33.5033],[76.5067,33.51],[76.5026,33.5155],[76.4993,33.5174],[76.4957,33.5166],[76.4919,33.5169],[76.4791,33.5268],[76.471,33.5274],[76.4602,33.5331],[76.458,33.5371],[76.4622,33.5434],[76.4647,33.5452],[76.4624,33.5516],[76.4593,33.553],[76.4546,33.5574],[76.4507,33.5625],[76.4474,33.5643],[76.4434,33.5598],[76.4417,33.5549],[76.4407,33.5492],[76.4375,33.5455],[76.4359,33.5422],[76.4297,33.5384],[76.4249,33.5371],[76.4152,33.5391],[76.4102,33.5431],[76.4007,33.5456],[76.3975,33.5479],[76.3841,33.5524],[76.3803,33.5525],[76.3793,33.5582],[76.3748,33.5659],[76.3761,33.5695],[76.3801,33.5745],[76.3807,33.577],[76.3766,33.5789],[76.371,33.5841],[76.3668,33.5854],[76.3608,33.5932],[76.3589,33.5979],[76.3593,33.6033],[76.3554,33.6049],[76.3469,33.6049],[76.3419,33.6086],[76.3362,33.6105],[76.3341,33.6077],[76.3295,33.6043],[76.3222,33.6023],[76.3174,33.6072],[76.3121,33.6092],[76.3065,33.6096],[76.3001,33.6008],[76.2996,33.5982],[76.3018,33.5898],[76.3076,33.5833],[76.3101,33.5786],[76.3098,33.5715],[76.3053,33.5699],[76.303,33.5676],[76.2941,33.5674],[76.2919,33.5667],[76.2853,33.5668],[76.2779,33.5675],[76.2691,33.566],[76.2596,33.565],[76.2585,33.5618],[76.2516,33.5529],[76.2489,33.5507],[76.246,33.5457],[76.2421,33.548],[76.2373,33.5463],[76.2312,33.5452],[76.225,33.5477],[76.2029,33.537],[76.1957,33.533],[76.183,33.5216],[76.179,33.5163],[76.1711,33.504],[76.1684,33.4984],[76.1608,33.4788],[76.1541,33.4652],[76.1486,33.4568],[76.1399,33.4442],[76.1214,33.4293],[76.1089,33.4198],[76.0965,33.4118],[76.0913,33.4092],[76.0864,33.4001],[76.0742,33.3811],[76.0718,33.3752],[76.071,33.3699],[76.0692,33.3664],[76.0626,33.3632],[76.0599,33.3575],[76.0612,33.3499],[76.0534,33.3464],[76.0511,33.3402],[76.0508,33.337],[76.0525,33.3238],[76.0534,33.3108],[76.0485,33.2953],[76.0464,33.2803],[76.0449,33.2741],[76.039,33.259],[76.0382,33.2535],[76.0547,33.2375],[76.0708,33.2215],[76.0833,33.2121],[76.0992,33.1977],[76.1042,33.1907],[76.1245,33.1868],[76.1273,33.1857],[76.1354,33.1769],[76.144,33.1724],[76.1471,33.1669],[76.152,33.165],[76.1589,33.1611],[76.1615,33.1577],[76.1624,33.1542],[76.1655,33.15],[76.1702,33.1494],[76.1724,33.148],[76.1728,33.1432],[76.1746,33.1365],[76.1781,33.1283],[76.1786,33.1254],[76.1761,33.1229],[76.1794,33.118],[76.1881,33.112],[76.1919,33.1108],[76.1983,33.1103],[76.1999,33.1084],[76.2006,33.098],[76.2041,33.0945],[76.2089,33.092],[76.2147,33.0867],[76.2186,33.0852],[76.2219,33.0884],[76.2257,33.091],[76.2281,33.0911],[76.2321,33.083],[76.2316,33.0722],[76.2336,33.0699],[76.2354,33.0641],[76.2356,33.0597],[76.2348,33.0524],[76.2311,33.0434],[76.2317,33.0403],[76.228,33.0346],[76.2262,33.0299],[76.2223,33.0228],[76.2276,33.0214],[76.2382,33.0208],[76.2428,33.0208],[76.2447,33.0228],[76.2462,33.0273],[76.255,33.0338],[76.2621,33.036],[76.2666,33.0351],[76.2714,33.0362],[76.2738,33.038],[76.275,33.0408],[76.276,33.0504],[76.2797,33.0536],[76.2876,33.0568],[76.2897,33.0568],[76.2904,33.0646],[76.2893,33.0679],[76.2837,33.0719],[76.2828,33.0768],[76.2828,33.0848],[76.2884,33.0991],[76.2859,33.1024],[76.2921,33.106],[76.3016,33.1136],[76.3033,33.1183],[76.3052,33.1196],[76.3134,33.1227],[76.3149,33.125],[76.3263,33.1273],[76.3308,33.1322],[76.3347,33.1351],[76.344,33.143],[76.3527,33.1476],[76.3621,33.1532],[76.3685,33.1535],[76.3702,33.1552],[76.3723,33.1605],[76.3777,33.1662],[76.3828,33.1698],[76.392,33.1748],[76.395,33.179],[76.3983,33.1824],[76.4001,33.1825],[76.4042,33.1859],[76.4142,33.185],[76.4203,33.1877],[76.4258,33.1843],[76.4283,33.182],[76.4313,33.1821],[76.4346,33.1806],[76.439,33.1803],[76.4432,33.1814],[76.4489,33.1797],[76.4549,33.1795],[76.468,33.1821],[76.4728,33.1798],[76.4794,33.1787],[76.4818,33.1792],[76.4871,33.1823],[76.4923,33.1845],[76.5052,33.192],[76.5079,33.1951],[76.5103,33.1959],[76.5175,33.1954],[76.5253,33.1964],[76.533,33.1997],[76.5398,33.2001],[76.5447,33.1985],[76.5481,33.1991],[76.5534,33.2045],[76.5607,33.2095],[76.5672,33.2072],[76.5727,33.2063],[76.5813,33.2067],[76.587,33.2063],[76.5905,33.2049],[76.595,33.2062],[76.5992,33.2031],[76.5973,33.1968],[76.5972,33.1931],[76.5986,33.1903],[76.6019,33.1888],[76.6049,33.1906],[76.608,33.1899],[76.612,33.1852],[76.6116,33.1813],[76.6126,33.1734],[76.6234,33.1669],[76.6333,33.1647],[76.6394,33.1617],[76.6444,33.1619],[76.6484,33.164],[76.654,33.1636],[76.6646,33.1713],[76.6717,33.1707],[76.6841,33.1733],[76.6892,33.1736],[76.6947,33.1726],[76.702,33.174],[76.7073,33.1769],[76.7085,33.1799],[76.7156,33.1804],[76.7207,33.1815],[76.7289,33.1767],[76.747,33.1792]]]},"properties":{"id":"in:subdistrict:71","level":"subdistrict","name":"Atholi (Paddar)","code":71,"parent":"in:district:620","state":"in:state:1"}}]}