{"type":"FeatureCollection","features":[{"type":"Feature","geometry":{"type":"Polygon","coordinates":[[[95.7027,28.8329],[95.6999,28.8362],[95.7175,28.8383],[95.7371,28.8413],[95.7479,28.8389],[95.7621,28.8288],[95.78,28.8198],[95.8002,28.8145],[95.8133,28.8163],[95.818,28.8323],[95.8222,28.8496],[95.8311,28.8591],[95.8436,28.8627],[95.852,28.8413],[95.8668,28.8115],[95.8841,28.8068],[95.8954,28.8145],[95.915,28.8395],[95.9061,28.8425],[95.9037,28.8514],[95.896,28.8561],[95.893,28.8651],[95.8989,28.8783],[95.9027,28.8973],[95.9084,28.9515],[95.8836,28.9792],[95.8732,28.9811],[95.8741,28.9915],[95.8808,28.9982],[95.8941,29.0068],[95.8884,29.042],[95.9312,29.0724],[95.9741,29.1],[95.9788,29.1114],[95.9931,29.1257],[96.0241,29.1403],[96.0313,29.1569],[96.0479,29.1807],[96.0575,29.2069],[96.0491,29.2248],[96.0539,29.2402],[96.0479,29.2712],[96.0491,29.3057],[96.0563,29.3485],[96.0265,29.3687],[96.0241,29.4032],[96.0479,29.4282],[96.0602,29.4577],[96.0709,29.4607],[96.08,29.4615],[96.0673,29.4659],[96.0569,29.4649],[96.0428,29.4607],[96.0306,29.4533],[96.0185,29.4402],[96.0088,29.4277],[95.9986,29.4207],[95.9767,29.4135],[95.9642,29.4044],[95.9526,29.3951],[95.9418,29.3877],[95.9327,29.3861],[95.9197,29.3871],[95.9035,29.3908],[95.8775,29.3938],[95.8617,29.3951],[95.8526,29.3866],[95.8487,29.3808],[95.8384,29.3712],[95.831,29.3588],[95.8111,29.3596],[95.8027,29.3494],[95.7929,29.3446],[95.7821,29.3414],[95.7809,29.3558],[95.7769,29.3617],[95.7657,29.3564],[95.7595,29.3468],[95.7526,29.3442],[95.7372,29.3319],[95.7284,29.3186],[95.721,29.3127],[95.7056,29.3045],[95.689,29.3046],[95.6845,29.2971],[95.6715,29.2823],[95.6598,29.2716],[95.6444,29.2633],[95.6315,29.26],[95.6248,29.2524],[95.6193,29.2497],[95.608,29.2532],[95.5972,29.2598],[95.583,29.2606],[95.5781,29.2539],[95.5755,29.2353],[95.5722,29.2228],[95.5637,29.2167],[95.5409,29.2175],[95.5269,29.2157],[95.527,29.2051],[95.5323,29.1849],[95.5367,29.1692],[95.5328,29.139],[95.5307,29.1305],[95.5175,29.1336],[95.4967,29.1423],[95.481,29.1431],[95.4811,29.1223],[95.4772,29.0871],[95.4665,29.0665],[95.4634,29.0625],[95.4702,29.058],[95.5,29.0211],[95.5242,29.0175],[95.5356,29.0125],[95.5421,28.994],[95.5535,28.9811],[95.5571,28.9647],[95.5671,28.9397],[95.5713,28.9247],[95.5778,28.9176],[95.6013,28.9154],[95.617,28.899],[95.6527,28.8697],[95.6606,28.8712],[95.6684,28.8605],[95.6836,28.8586],[95.6932,28.8443],[95.7027,28.8329]]]},"properties":{"id":"in:subdistrict:1717","level":"subdistrict","name":"Mipi","code":1717,"parent":"in:district:230","state":"in:state:12"}},{"type":"Feature","geometry":{"type":"Polygon","coordinates":[[[95.7027,28.8329],[95.716,28.8243],[95.7398,28.8081],[95.7417,28.7967],[95.7474,28.771],[95.7588,28.7662],[95.7664,28.7653],[95.7731,28.7491],[95.7712,28.7225],[95.7674,28.7006],[95.7684,28.693],[95.7684,28.6806],[95.7655,28.6606],[95.7741,28.6511],[95.7912,28.6492],[95.8186,28.6476],[95.8468,28.6459],[95.8638,28.647],[95.8908,28.6506],[95.9092,28.6549],[95.9292,28.6673],[95.9454,28.6739],[95.952,28.6825],[95.954,28.6949],[95.9635,28.7072],[95.9806,28.7148],[95.9835,28.7301],[95.992,28.7434],[96.0272,28.751],[96.0491,28.7586],[96.0701,28.7872],[96.0891,28.7996],[96.1196,28.8148],[96.1424,28.8319],[96.1624,28.8519],[96.17,28.8633],[96.1746,28.9009],[96.1716,28.9016],[96.1683,28.8987],[96.1609,28.8978],[96.1595,28.9072],[96.1554,28.9179],[96.148,28.9254],[96.1349,28.9352],[96.1372,28.9375],[96.1404,28.9424],[96.1402,28.9484],[96.1423,28.9567],[96.159,28.9639],[96.1718,28.9698],[96.1722,28.9724],[96.1732,28.9917],[96.1715,28.9992],[96.1607,29.0204],[96.1508,29.0385],[96.1409,29.0583],[96.1337,29.066],[96.1288,29.0705],[96.1203,29.0744],[96.1021,29.079],[96.1139,29.0816],[96.128,29.0863],[96.1423,29.0893],[96.1561,29.0918],[96.1736,29.0992],[96.1824,29.1053],[96.1916,29.1159],[96.1973,29.1248],[96.2007,29.1334],[96.2105,29.1481],[96.2325,29.152],[96.2371,29.1558],[96.245,29.1658],[96.2552,29.1649],[96.2741,29.1657],[96.3163,29.1706],[96.342,29.1784],[96.3502,29.1845],[96.3552,29.2],[96.3603,29.2137],[96.3653,29.2252],[96.374,29.2344],[96.3791,29.2435],[96.3808,29.2546],[96.3791,29.2671],[96.3753,29.2773],[96.3696,29.2873],[96.3638,29.2916],[96.3543,29.2921],[96.3465,29.2893],[96.3444,29.2812],[96.3405,29.274],[96.3269,29.27],[96.3094,29.2643],[96.2953,29.2547],[96.2896,29.2446],[96.2824,29.2423],[96.263,29.2417],[96.2541,29.2394],[96.2438,29.2394],[96.2355,29.2419],[96.2237,29.2512],[96.1918,29.2901],[96.1865,29.3025],[96.1799,29.3075],[96.1752,29.3168],[96.1745,29.323],[96.1785,29.3372],[96.1765,29.3452],[96.1697,29.3559],[96.1535,29.3738],[96.1477,29.3879],[96.1406,29.4021],[96.1359,29.4061],[96.1208,29.4141],[96.1052,29.43],[96.0893,29.4526],[96.0812,29.4611],[96.08,29.4615],[96.0709,29.4607],[96.0602,29.4577],[96.0479,29.4282],[96.0241,29.4032],[96.0265,29.3687],[96.0563,29.3485],[96.0491,29.3057],[96.0479,29.2712],[96.0539,29.2402],[96.0491,29.2248],[96.0575,29.2069],[96.0479,29.1807],[96.0313,29.1569],[96.0241,29.1403],[95.9931,29.1257],[95.9788,29.1114],[95.9741,29.1],[95.9312,29.0724],[95.8884,29.042],[95.8941,29.0068],[95.8808,28.9982],[95.8741,28.9915],[95.8732,28.9811],[95.8836,28.9792],[95.9084,28.9515],[95.9027,28.8973],[95.8989,28.8783],[95.893,28.8651],[95.896,28.8561],[95.9037,28.8514],[95.9061,28.8425],[95.915,28.8395],[95.8954,28.8145],[95.8841,28.8068],[95.8668,28.8115],[95.852,28.8413],[95.8436,28.8627],[95.8311,28.8591],[95.8222,28.8496],[95.818,28.8323],[95.8133,28.8163],[95.8002,28.8145],[95.78,28.8198],[95.7621,28.8288],[95.7479,28.8389],[95.7371,28.8413],[95.7175,28.8383],[95.6999,28.8362],[95.7027,28.8329]]]},"properties":{"id":"in:subdistrict:1718","level":"subdistrict","name":"Anini","code":1718,"parent":"in:district:230","state":"in:state:12"}},{"type":"Feature","geometry":{"type":"Polygon","coordinates":[[[95.8326,28.5438],[95.8085,28.5517],[95.7914,28.5489],[95.779,28.545],[95.76,28.5441],[95.7428,28.5508],[95.7295,28.5636],[95.7095,28.5622],[95.6916,28.5636],[95.6759,28.5822],[95.6638,28.5922],[95.646,28.6029],[95.6203,28.605],[95.5931,28.6064],[95.5731,28.6129],[95.5524,28.6286],[95.5339,28.6507],[95.5089,28.65],[95.4832,28.6571],[95.4689,28.6693],[95.4611,28.6921],[95.4504,28.7021],[95.4247,28.7028],[95.4082,28.7078],[95.3983,28.7142],[95.3861,28.7314],[95.3847,28.7311],[95.3747,28.7272],[95.3691,28.7164],[95.3671,28.7143],[95.3508,28.7044],[95.3548,28.7017],[95.3568,28.6958],[95.3583,28.6869],[95.3576,28.6812],[95.3595,28.6702],[95.3596,28.6595],[95.3645,28.6516],[95.3673,28.644],[95.3653,28.626],[95.3752,28.6143],[95.3763,28.5979],[95.3788,28.588],[95.3809,28.585],[95.3801,28.5798],[95.3818,28.5703],[95.4009,28.5677],[95.4092,28.5537],[95.4096,28.5495],[95.4081,28.5466],[95.4113,28.5508],[95.4153,28.5483],[95.4213,28.5467],[95.4242,28.545],[95.4295,28.5459],[95.434,28.5496],[95.4397,28.5517],[95.445,28.5555],[95.4508,28.5547],[95.4539,28.5509],[95.4586,28.5487],[95.4595,28.5416],[95.4646,28.5398],[95.4675,28.5367],[95.4765,28.5373],[95.4801,28.5351],[95.4856,28.5339],[95.4937,28.531],[95.4954,28.5267],[95.4996,28.5218],[95.4999,28.5186],[95.5081,28.5197],[95.5131,28.5216],[95.5157,28.5216],[95.5216,28.5181],[95.5259,28.5128],[95.5239,28.5076],[95.5233,28.5036],[95.5253,28.5027],[95.5329,28.5012],[95.5402,28.4966],[95.5478,28.4989],[95.5515,28.5032],[95.5567,28.5054],[95.5606,28.5052],[95.5662,28.5014],[95.5717,28.4986],[95.5719,28.4968],[95.5776,28.4944],[95.5825,28.4884],[95.5846,28.4879],[95.5891,28.4846],[95.5893,28.4828],[95.587,28.4786],[95.5883,28.4759],[95.5881,28.4703],[95.5898,28.4684],[95.5894,28.4659],[95.5874,28.4642],[95.6031,28.4659],[95.6279,28.4716],[95.6498,28.4802],[95.6717,28.4716],[95.6897,28.4707],[95.7069,28.464],[95.7173,28.4564],[95.7411,28.4583],[95.7611,28.4621],[95.7821,28.4573],[95.7973,28.4507],[95.8144,28.4421],[95.8209,28.4283],[95.8289,28.4316],[95.8354,28.431],[95.8415,28.4329],[95.8466,28.4315],[95.8514,28.434],[95.8427,28.4678],[95.8382,28.4761],[95.8263,28.4771],[95.8213,28.4895],[95.8223,28.5073],[95.8295,28.5072],[95.8425,28.5212],[95.8326,28.5438]]]},"properties":{"id":"in:subdistrict:1720","level":"subdistrict","name":"Anelih","code":1720,"parent":"in:district:230","state":"in:state:12"}},{"type":"Feature","geometry":{"type":"Polygon","coordinates":[[[95.4634,29.0625],[95.4494,29.0442],[95.4403,29.0366],[95.4373,29.0369],[95.4277,29.0411],[95.4212,29.0414],[95.4107,29.0305],[95.3987,29.0312],[95.3851,29.0353],[95.3683,29.0364],[95.3481,29.0411],[95.3224,29.0507],[95.3046,29.0597],[95.2879,29.0626],[95.2714,29.0587],[95.2715,29.053],[95.2688,29.048],[95.272,29.0452],[95.2756,29.0439],[95.2779,29.0325],[95.2761,29.0288],[95.2709,29.0263],[95.2655,29.0249],[95.2558,29.0069],[95.2519,29.0033],[95.2436,29.0007],[95.245,28.9875],[95.2555,28.9806],[95.256,28.979],[95.2555,28.9699],[95.2569,28.9675],[95.2609,28.9656],[95.2599,28.9622],[95.2557,28.9557],[95.256,28.9511],[95.264,28.9465],[95.2691,28.9451],[95.2728,28.9452],[95.2834,28.9466],[95.2957,28.9528],[95.2997,28.9567],[95.307,28.9543],[95.3077,28.9504],[95.306,28.9459],[95.3075,28.9428],[95.3128,28.94],[95.3125,28.9341],[95.3241,28.9297],[95.3278,28.9213],[95.328,28.9189],[95.3182,28.9098],[95.3252,28.9065],[95.323,28.9027],[95.3259,28.8944],[95.3254,28.8919],[95.3162,28.886],[95.3232,28.8743],[95.3218,28.8622],[95.3278,28.8538],[95.323,28.8506],[95.3241,28.8433],[95.327,28.8414],[95.3279,28.836],[95.3303,28.8339],[95.3385,28.8347],[95.3411,28.8333],[95.3434,28.8288],[95.3463,28.8261],[95.353,28.8256],[95.3553,28.8232],[95.3535,28.8182],[95.3581,28.8044],[95.3587,28.7992],[95.3609,28.7983],[95.3605,28.7928],[95.3626,28.787],[95.3772,28.7777],[95.3736,28.7691],[95.374,28.7646],[95.3797,28.7534],[95.3893,28.7413],[95.3865,28.7364],[95.3847,28.7311],[95.3861,28.7314],[95.3983,28.7142],[95.4082,28.7078],[95.4247,28.7028],[95.4504,28.7021],[95.4611,28.6921],[95.4689,28.6693],[95.4832,28.6571],[95.5089,28.65],[95.5339,28.6507],[95.5524,28.6286],[95.5731,28.6129],[95.5931,28.6064],[95.6203,28.605],[95.646,28.6029],[95.6638,28.5922],[95.6759,28.5822],[95.6916,28.5636],[95.7095,28.5622],[95.7295,28.5636],[95.7428,28.5508],[95.76,28.5441],[95.779,28.545],[95.7914,28.5489],[95.8085,28.5517],[95.8326,28.5438],[95.8552,28.5365],[95.8875,28.5232],[95.9104,28.527],[95.9294,28.5441],[95.9351,28.5469],[95.9675,28.5393],[95.9884,28.5251],[96.0065,28.5146],[96.0086,28.5127],[96.0147,28.5076],[96.0361,28.499],[96.0461,28.4983],[96.0639,28.5026],[96.0882,28.4954],[96.1032,28.489],[96.1163,28.489],[96.1176,28.4961],[96.1175,28.5025],[96.1186,28.5044],[96.1223,28.5063],[96.1248,28.5055],[96.1275,28.5106],[96.1324,28.5105],[96.1366,28.5117],[96.1436,28.5128],[96.1488,28.5113],[96.1533,28.5119],[96.1551,28.5137],[96.1588,28.5106],[96.1618,28.5105],[96.1669,28.5125],[96.1691,28.5144],[96.1693,28.5186],[96.1635,28.5254],[96.167,28.5318],[96.1667,28.5344],[96.1707,28.5343],[96.1779,28.5299],[96.1836,28.5295],[96.1868,28.527],[96.1929,28.5291],[96.1994,28.5233],[96.2053,28.5225],[96.2105,28.5205],[96.2153,28.5204],[96.2174,28.517],[96.2235,28.5127],[96.2246,28.5094],[96.2318,28.5029],[96.2342,28.5015],[96.2353,28.4962],[96.239,28.4976],[96.2426,28.4963],[96.2462,28.4937],[96.2485,28.4935],[96.2521,28.4914],[96.2564,28.4907],[96.268,28.4925],[96.2695,28.4939],[96.2747,28.4933],[96.281,28.4962],[96.2846,28.4957],[96.2894,28.4993],[96.2939,28.498],[96.2975,28.4961],[96.3012,28.4928],[96.3026,28.4901],[96.3018,28.4815],[96.3022,28.4801],[96.3103,28.4706],[96.3154,28.4754],[96.3244,28.4899],[96.3255,28.506],[96.3277,28.5185],[96.3186,28.526],[96.3329,28.5409],[96.3448,28.554],[96.3572,28.5535],[96.3776,28.5547],[96.3917,28.5558],[96.4,28.5593],[96.4014,28.5695],[96.3994,28.577],[96.402,28.5809],[96.4105,28.5827],[96.4248,28.5821],[96.4297,28.591],[96.4555,28.6111],[96.4745,28.6218],[96.4873,28.6334],[96.4874,28.6389],[96.4825,28.6532],[96.4714,28.6683],[96.4669,28.6752],[96.4706,28.6788],[96.491,28.6844],[96.4956,28.6883],[96.5074,28.6956],[96.525,28.7011],[96.5367,28.7008],[96.5557,28.7012],[96.5754,28.7091],[96.5793,28.7116],[96.5925,28.7246],[96.6042,28.7444],[96.6101,28.7669],[96.609,28.7798],[96.6032,28.793],[96.5845,28.8113],[96.5569,28.8414],[96.5386,28.8642],[96.5261,28.8825],[96.5266,28.8918],[96.5301,28.9102],[96.5257,28.9183],[96.5194,28.9322],[96.508,28.9518],[96.5094,28.9664],[96.4922,28.9597],[96.4812,28.9585],[96.4694,28.9712],[96.4647,28.9831],[96.4659,28.9953],[96.4743,29.0097],[96.4909,29.0334],[96.5007,29.0528],[96.5128,29.0697],[96.5136,29.074],[96.4985,29.0713],[96.4771,29.0631],[96.4623,29.0566],[96.4537,29.0491],[96.4356,29.041],[96.4231,29.0375],[96.3999,29.0359],[96.3736,29.0368],[96.3565,29.037],[96.3414,29.0343],[96.3269,29.028],[96.3117,29.0184],[96.294,29.0081],[96.2794,28.9947],[96.2677,28.9792],[96.2533,28.9652],[96.2345,28.944],[96.2202,28.9298],[96.2114,28.928],[96.2051,28.9228],[96.199,28.9192],[96.1819,28.9103],[96.1716,28.9016],[96.1746,28.9009],[96.17,28.8633],[96.1624,28.8519],[96.1424,28.8319],[96.1196,28.8148],[96.0891,28.7996],[96.0701,28.7872],[96.0491,28.7586],[96.0272,28.751],[95.992,28.7434],[95.9835,28.7301],[95.9806,28.7148],[95.9635,28.7072],[95.954,28.6949],[95.952,28.6825],[95.9454,28.6739],[95.9292,28.6673],[95.9092,28.6549],[95.8908,28.6506],[95.8638,28.647],[95.8468,28.6459],[95.8186,28.6476],[95.7912,28.6492],[95.7741,28.6511],[95.7655,28.6606],[95.7684,28.6806],[95.7684,28.693],[95.7674,28.7006],[95.7712,28.7225],[95.7731,28.7491],[95.7664,28.7653],[95.7588,28.7662],[95.7474,28.771],[95.7417,28.7967],[95.7398,28.8081],[95.716,28.8243],[95.7027,28.8329],[95.6932,28.8443],[95.6836,28.8586],[95.6684,28.8605],[95.6606,28.8712],[95.6527,28.8697],[95.617,28.899],[95.6013,28.9154],[95.5778,28.9176],[95.5713,28.9247],[95.5671,28.9397],[95.5571,28.9647],[95.5535,28.9811],[95.5421,28.994],[95.5356,29.0125],[95.5242,29.0175],[95.5,29.0211],[95.4702,29.058],[95.4634,29.0625]]]},"properties":{"id":"in:subdistrict:1719","level":"subdistrict","name":"Etalin","code":1719,"parent":"in:district:230","state":"in:state:12"}},{"type":"Feature","geometry":{"type":"Polygon","coordinates":[[[96.6132,28.2137],[96.5696,28.2129],[96.5482,28.2242],[96.4977,28.2599],[96.4685,28.2533],[96.4304,28.2765],[96.3965,28.2912],[96.3893,28.2945],[96.3841,28.297],[96.3804,28.2931],[96.38,28.2912],[96.3818,28.2877],[96.3802,28.2837],[96.3806,28.275],[96.3732,28.2704],[96.3714,28.2685],[96.3543,28.2689],[96.3428,28.2684],[96.3335,28.2671],[96.3274,28.2655],[96.3148,28.2598],[96.3082,28.2561],[96.306,28.2539],[96.3052,28.2511],[96.3069,28.247],[96.3096,28.2454],[96.3115,28.2409],[96.316,28.2391],[96.3159,28.2373],[96.3134,28.235],[96.3135,28.2308],[96.3122,28.2292],[96.3141,28.2265],[96.319,28.2223],[96.3202,28.2193],[96.3247,28.2182],[96.3249,28.2144],[96.3292,28.2111],[96.3325,28.207],[96.3375,28.204],[96.3373,28.1999],[96.3386,28.1975],[96.3375,28.1921],[96.4038,28.172],[96.4479,28.1564],[96.4746,28.1355],[96.487,28.1241],[96.4962,28.1065],[96.5053,28.095],[96.5176,28.095],[96.53,28.0979],[96.5429,28.1031],[96.5519,28.1112],[96.5694,28.1212],[96.5795,28.1274],[96.5862,28.1403],[96.5886,28.1545],[96.5928,28.1645],[96.615,28.1748],[96.6179,28.1861],[96.6138,28.1944],[96.6132,28.2137]]]},"properties":{"id":"in:subdistrict:1740","level":"subdistrict","name":"Metengliang Circle","code":1740,"parent":"in:district:628","state":"in:state:12"}},{"type":"Feature","geometry":{"type":"Polygon","coordinates":[[[96.3893,28.2945],[96.3933,28.3031],[96.408,28.3215],[96.4149,28.3306],[96.4221,28.3368],[96.4246,28.3403],[96.4253,28.345],[96.4248,28.3494],[96.4254,28.3545],[96.424,28.3563],[96.4236,28.3512],[96.4174,28.3409],[96.4073,28.339],[96.3955,28.3359],[96.3921,28.3387],[96.3883,28.3472],[96.37,28.3633],[96.3683,28.3715],[96.3689,28.3789],[96.3626,28.3864],[96.3476,28.3839],[96.3167,28.3776],[96.3072,28.3825],[96.2999,28.3703],[96.2965,28.3666],[96.2945,28.3617],[96.2924,28.3481],[96.2905,28.3446],[96.2852,28.3401],[96.2719,28.3342],[96.2668,28.3303],[96.2625,28.325],[96.2576,28.3168],[96.2553,28.3091],[96.2406,28.3024],[96.2382,28.2995],[96.2435,28.2851],[96.2561,28.2661],[96.2617,28.2553],[96.2663,28.2446],[96.2679,28.2389],[96.2552,28.2374],[96.2445,28.2381],[96.2379,28.2396],[96.2302,28.2387],[96.2155,28.2309],[96.2082,28.2261],[96.2034,28.222],[96.1905,28.2066],[96.1838,28.2039],[96.1747,28.1966],[96.1721,28.1917],[96.1684,28.187],[96.1649,28.1841],[96.1539,28.1806],[96.1439,28.1752],[96.1695,28.1262],[96.1695,28.1066],[96.1748,28.0923],[96.1693,28.0778],[96.1607,28.0571],[96.1665,28.0421],[96.165,28.0257],[96.1465,28.0007],[96.1143,27.9779],[96.0901,27.9543],[96.0722,27.9208],[96.0444,27.8887],[96.026,27.8502],[96.0332,27.8479],[96.0374,27.8451],[96.0449,27.8442],[96.0502,27.8441],[96.0559,27.841],[96.0583,27.8414],[96.0662,27.8402],[96.0778,27.8437],[96.0813,27.8436],[96.0868,27.8446],[96.0891,27.8423],[96.092,27.8435],[96.0999,27.8435],[96.1037,27.8421],[96.1096,27.8465],[96.1163,27.8446],[96.1234,27.8433],[96.1299,27.8392],[96.1344,27.8386],[96.1414,27.84],[96.1437,27.8371],[96.1475,27.8366],[96.1569,27.8398],[96.1629,27.8383],[96.1684,27.8381],[96.1771,27.8357],[96.1818,27.8366],[96.1877,27.8378],[96.192,27.8364],[96.1964,27.8383],[96.2017,27.8377],[96.2097,27.84],[96.2149,27.8392],[96.2176,27.8403],[96.2196,27.8426],[96.2216,27.8479],[96.2241,27.8501],[96.2308,27.8528],[96.2331,27.8551],[96.2421,27.8594],[96.2441,27.8628],[96.2471,27.8649],[96.2513,27.8655],[96.2571,27.8676],[96.2613,27.8679],[96.2668,27.8767],[96.2738,27.8779],[96.2782,27.8799],[96.2866,27.879],[96.2909,27.8811],[96.296,27.8862],[96.3659,27.8888],[96.393,27.8831],[96.4173,27.8888],[96.4164,27.9233],[96.4213,27.9263],[96.4213,27.9294],[96.4198,27.9319],[96.4147,27.9353],[96.4144,27.9371],[96.4171,27.9414],[96.4156,27.9462],[96.4131,27.9486],[96.4092,27.956],[96.409,27.9637],[96.4077,27.9676],[96.4064,27.9692],[96.3992,27.9718],[96.3972,27.9762],[96.3926,27.9777],[96.3912,27.9813],[96.3932,27.9835],[96.3931,27.9874],[96.3897,27.9901],[96.3796,27.9906],[96.3763,27.992],[96.3721,27.9969],[96.3636,27.9999],[96.3596,28.0004],[96.3558,28.0035],[96.3519,28.0054],[96.3436,28.0132],[96.34,28.0135],[96.3355,28.0153],[96.331,28.0131],[96.3265,28.0137],[96.3235,28.0183],[96.3219,28.0248],[96.3166,28.0293],[96.3163,28.0319],[96.312,28.0398],[96.3026,28.0504],[96.2869,28.0631],[96.28,28.0674],[96.2757,28.0708],[96.2747,28.0735],[96.2785,28.0831],[96.2823,28.0856],[96.2844,28.0905],[96.289,28.0948],[96.2915,28.0942],[96.2947,28.0958],[96.2983,28.0956],[96.3044,28.0994],[96.306,28.1031],[96.3091,28.1083],[96.314,28.1129],[96.3158,28.1165],[96.3162,28.1202],[96.3241,28.1269],[96.3258,28.13],[96.3293,28.1321],[96.329,28.1337],[96.3254,28.1384],[96.325,28.1415],[96.3273,28.144],[96.3269,28.1464],[96.3248,28.1485],[96.324,28.1533],[96.3248,28.156],[96.3294,28.161],[96.3345,28.1648],[96.3335,28.1703],[96.3368,28.1763],[96.3375,28.1804],[96.3375,28.1921],[96.3386,28.1975],[96.3373,28.1999],[96.3375,28.204],[96.3325,28.207],[96.3292,28.2111],[96.3249,28.2144],[96.3247,28.2182],[96.3202,28.2193],[96.319,28.2223],[96.3141,28.2265],[96.3122,28.2292],[96.3135,28.2308],[96.3134,28.235],[96.3159,28.2373],[96.316,28.2391],[96.3115,28.2409],[96.3096,28.2454],[96.3069,28.247],[96.3052,28.2511],[96.306,28.2539],[96.3082,28.2561],[96.3148,28.2598],[96.3274,28.2655],[96.3335,28.2671],[96.3428,28.2684],[96.3543,28.2689],[96.3714,28.2685],[96.3732,28.2704],[96.3806,28.275],[96.3802,28.2837],[96.3818,28.2877],[96.38,28.2912],[96.3804,28.2931],[96.3841,28.297],[96.3893,28.2945]]]},"properties":{"id":"in:subdistrict:1729","level":"subdistrict","name":"Tezu HQ","code":1729,"parent":"in:district:234","state":"in:state:12"}},{"type":"Feature","geometry":{"type":"Polygon","coordinates":[[[96.1163,28.489],[96.126,28.4892],[96.127,28.467],[96.1223,28.4149],[96.0973,28.3963],[96.0916,28.3835],[96.0816,28.3771],[96.0666,28.3692],[96.0438,28.3642],[96.0181,28.3656],[96.001,28.3528],[95.9888,28.3364],[95.9896,28.3128],[95.9967,28.28],[96.0003,28.2471],[95.9931,28.2272],[95.9744,28.2109],[95.9923,28.2014],[95.999,28.2014],[96.0041,28.2014],[96.0101,28.1949],[96.019,28.1925],[96.0345,28.1913],[96.0416,28.1913],[96.0491,28.1938],[96.0517,28.1972],[96.0603,28.1969],[96.0772,28.1905],[96.0828,28.1893],[96.0863,28.191],[96.0974,28.1917],[96.1046,28.1896],[96.1081,28.1861],[96.1144,28.1825],[96.1177,28.1779],[96.1329,28.1723],[96.142,28.1699],[96.1439,28.1752],[96.1539,28.1806],[96.1649,28.1841],[96.1684,28.187],[96.1721,28.1917],[96.1747,28.1966],[96.1838,28.2039],[96.1905,28.2066],[96.2034,28.222],[96.2082,28.2261],[96.2155,28.2309],[96.2302,28.2387],[96.2379,28.2396],[96.2445,28.2381],[96.2552,28.2374],[96.2679,28.2389],[96.2663,28.2446],[96.2617,28.2553],[96.2561,28.2661],[96.2435,28.2851],[96.2382,28.2995],[96.2406,28.3024],[96.2553,28.3091],[96.2576,28.3168],[96.2625,28.325],[96.2668,28.3303],[96.2719,28.3342],[96.2852,28.3401],[96.2905,28.3446],[96.2924,28.3481],[96.2945,28.3617],[96.2965,28.3666],[96.2999,28.3703],[96.3072,28.3825],[96.301,28.3928],[96.2906,28.3997],[96.2773,28.4036],[96.2608,28.4041],[96.2534,28.407],[96.266,28.4161],[96.2776,28.4239],[96.3031,28.4365],[96.3157,28.4441],[96.3255,28.4547],[96.3495,28.4673],[96.3621,28.4803],[96.3636,28.4875],[96.3601,28.4938],[96.3515,28.5038],[96.3295,28.5171],[96.3277,28.5185],[96.3255,28.506],[96.3244,28.4899],[96.3154,28.4754],[96.3103,28.4706],[96.3022,28.4801],[96.3018,28.4815],[96.3026,28.4901],[96.3012,28.4928],[96.2975,28.4961],[96.2939,28.498],[96.2894,28.4993],[96.2846,28.4957],[96.281,28.4962],[96.2747,28.4933],[96.2695,28.4939],[96.268,28.4925],[96.2564,28.4907],[96.2521,28.4914],[96.2485,28.4935],[96.2462,28.4937],[96.2426,28.4963],[96.239,28.4976],[96.2353,28.4962],[96.2342,28.5015],[96.2318,28.5029],[96.2246,28.5094],[96.2235,28.5127],[96.2174,28.517],[96.2153,28.5204],[96.2105,28.5205],[96.2053,28.5225],[96.1994,28.5233],[96.1929,28.5291],[96.1868,28.527],[96.1836,28.5295],[96.1779,28.5299],[96.1707,28.5343],[96.1667,28.5344],[96.167,28.5318],[96.1635,28.5254],[96.1693,28.5186],[96.1691,28.5144],[96.1669,28.5125],[96.1618,28.5105],[96.1588,28.5106],[96.1551,28.5137],[96.1533,28.5119],[96.1488,28.5113],[96.1436,28.5128],[96.1366,28.5117],[96.1324,28.5105],[96.1275,28.5106],[96.1248,28.5055],[96.1223,28.5063],[96.1186,28.5044],[96.1175,28.5025],[96.1176,28.4961],[96.1163,28.489]]]},"properties":{"id":"in:subdistrict:x235-desali","level":"subdistrict","name":"Desali","code":0,"parent":"in:district:235","state":"in:state:12"}},{"type":"Feature","geometry":{"type":"Polygon","coordinates":[[[96.0086,28.5127],[96.0065,28.5114],[95.9978,28.5078],[95.9903,28.5026],[95.9874,28.496],[95.982,28.4943],[95.9772,28.494],[95.9758,28.4923],[95.9722,28.4834],[95.9716,28.4801],[95.9728,28.477],[95.9675,28.4748],[95.9651,28.4731],[95.9563,28.4725],[95.9525,28.4679],[95.9475,28.4672],[95.9445,28.4659],[95.9368,28.4606],[95.9262,28.4583],[95.925,28.4549],[95.9257,28.4524],[95.9208,28.4498],[95.9188,28.4472],[95.9136,28.4451],[95.9156,28.4412],[95.9155,28.4389],[95.9124,28.4369],[95.913,28.4318],[95.9124,28.4283],[95.9098,28.4245],[95.906,28.4217],[95.8925,28.415],[95.8882,28.4137],[95.8799,28.4092],[95.8726,28.4065],[95.866,28.405],[95.8623,28.4033],[95.8594,28.3988],[95.8579,28.3945],[95.8558,28.3925],[95.8533,28.3882],[95.852,28.3838],[95.845,28.3802],[95.8441,28.3757],[95.8419,28.373],[95.8404,28.3649],[95.8432,28.3611],[95.8424,28.3549],[95.8395,28.3515],[95.8419,28.3462],[95.846,28.3439],[95.8481,28.3411],[95.8546,28.3412],[95.8592,28.3379],[95.8632,28.3366],[95.8657,28.3293],[95.8701,28.3282],[95.8733,28.3247],[95.8756,28.3252],[95.8801,28.3172],[95.88,28.3127],[95.8779,28.3085],[95.8742,28.3062],[95.8766,28.3019],[95.878,28.3027],[95.899,28.2802],[95.9052,28.2683],[95.9104,28.2473],[95.9056,28.2335],[95.878,28.205],[95.8554,28.1907],[95.8519,28.1812],[95.8566,28.1693],[95.884,28.1681],[95.9078,28.1705],[95.9304,28.1812],[95.9577,28.1979],[95.9744,28.2109],[95.9931,28.2272],[96.0003,28.2471],[95.9967,28.28],[95.9896,28.3128],[95.9888,28.3364],[96.001,28.3528],[96.0181,28.3656],[96.0438,28.3642],[96.0666,28.3692],[96.0816,28.3771],[96.0916,28.3835],[96.0973,28.3963],[96.1223,28.4149],[96.127,28.467],[96.126,28.4892],[96.1163,28.489],[96.1032,28.489],[96.0882,28.4954],[96.0639,28.5026],[96.0461,28.4983],[96.0361,28.499],[96.0147,28.5076],[96.0086,28.5127]]]},"properties":{"id":"in:subdistrict:6075","level":"subdistrict","name":"Hunli SDO","code":6075,"parent":"in:district:235","state":"in:state:12"}},{"type":"Feature","geometry":{"type":"Polygon","coordinates":[[[95.5874,28.4642],[95.5841,28.4604],[95.5784,28.456],[95.5767,28.4519],[95.5782,28.4498],[95.5801,28.4439],[95.5787,28.4416],[95.5812,28.439],[95.5813,28.4323],[95.5767,28.4307],[95.5727,28.4248],[95.5719,28.4207],[95.5699,28.4187],[95.5676,28.4101],[95.5637,28.4061],[95.5642,28.3997],[95.5685,28.4],[95.5703,28.3975],[95.5733,28.3904],[95.5765,28.3896],[95.581,28.3858],[95.5851,28.3841],[95.5875,28.3817],[95.5885,28.3783],[95.5854,28.3738],[95.5906,28.3712],[95.6011,28.3753],[95.6052,28.3783],[95.6071,28.378],[95.6085,28.3748],[95.6165,28.3776],[95.6224,28.3776],[95.6251,28.3793],[95.6281,28.3791],[95.6322,28.3771],[95.6358,28.374],[95.6389,28.3677],[95.6424,28.368],[95.648,28.3672],[95.6507,28.3683],[95.6583,28.368],[95.6623,28.3669],[95.6655,28.3683],[95.6736,28.3689],[95.679,28.3706],[95.6803,28.3675],[95.6835,28.3639],[95.6877,28.3619],[95.6897,28.3619],[95.6925,28.3585],[95.6928,28.3552],[95.6907,28.3505],[95.6913,28.3478],[95.6944,28.343],[95.6997,28.3461],[95.7031,28.3449],[95.7066,28.3474],[95.7141,28.3465],[95.7175,28.3452],[95.7205,28.3454],[95.7269,28.3439],[95.7356,28.341],[95.7357,28.3382],[95.7373,28.3324],[95.7374,28.3282],[95.7398,28.3267],[95.7426,28.3215],[95.7476,28.3191],[95.7518,28.3251],[95.7549,28.3278],[95.7597,28.3261],[95.7645,28.3175],[95.7959,28.3156],[95.833,28.2747],[95.8766,28.3019],[95.8742,28.3062],[95.8779,28.3085],[95.88,28.3127],[95.8801,28.3172],[95.8756,28.3252],[95.8733,28.3247],[95.8701,28.3282],[95.8657,28.3293],[95.8632,28.3366],[95.8592,28.3379],[95.8546,28.3412],[95.8481,28.3411],[95.846,28.3439],[95.8419,28.3462],[95.8395,28.3515],[95.8424,28.3549],[95.8432,28.3611],[95.8404,28.3649],[95.8419,28.373],[95.8441,28.3757],[95.845,28.3802],[95.852,28.3838],[95.8533,28.3882],[95.8558,28.3925],[95.8579,28.3945],[95.8594,28.3988],[95.8623,28.4033],[95.866,28.405],[95.8726,28.4065],[95.8799,28.4092],[95.8882,28.4137],[95.8925,28.415],[95.906,28.4217],[95.9098,28.4245],[95.9124,28.4283],[95.913,28.4318],[95.9124,28.4369],[95.9155,28.4389],[95.9156,28.4412],[95.9136,28.4451],[95.9188,28.4472],[95.9208,28.4498],[95.9257,28.4524],[95.925,28.4549],[95.9262,28.4583],[95.9368,28.4606],[95.9445,28.4659],[95.9475,28.4672],[95.9525,28.4679],[95.9563,28.4725],[95.9651,28.4731],[95.9675,28.4748],[95.9728,28.477],[95.9716,28.4801],[95.9722,28.4834],[95.9758,28.4923],[95.9772,28.494],[95.982,28.4943],[95.9874,28.496],[95.9903,28.5026],[95.9978,28.5078],[96.0065,28.5114],[96.0086,28.5127],[96.0065,28.5146],[95.9884,28.5251],[95.9675,28.5393],[95.9351,28.5469],[95.9294,28.5441],[95.9104,28.527],[95.8875,28.5232],[95.8552,28.5365],[95.8326,28.5438],[95.8425,28.5212],[95.8295,28.5072],[95.8223,28.5073],[95.8213,28.4895],[95.8263,28.4771],[95.8382,28.4761],[95.8427,28.4678],[95.8514,28.434],[95.8466,28.4315],[95.8415,28.4329],[95.8354,28.431],[95.8289,28.4316],[95.8209,28.4283],[95.8144,28.4421],[95.7973,28.4507],[95.7821,28.4573],[95.7611,28.4621],[95.7411,28.4583],[95.7173,28.4564],[95.7069,28.464],[95.6897,28.4707],[95.6717,28.4716],[95.6498,28.4802],[95.6279,28.4716],[95.6031,28.4659],[95.5874,28.4642]]]},"properties":{"id":"in:subdistrict:1721","level":"subdistrict","name":"Kronli (Arzoo circle)","code":1721,"parent":"in:district:230","state":"in:state:12"}},{"type":"Feature","geometry":{"type":"Polygon","coordinates":[[[95.8766,28.3019],[95.833,28.2747],[95.7959,28.3156],[95.7645,28.3175],[95.7398,28.2996],[95.707,28.2653],[95.6962,28.2232],[95.6927,28.1825],[95.6651,28.0193],[95.6642,28.014],[95.6604,27.959],[95.6879,27.9611],[95.6955,27.9618],[95.7219,27.9637],[95.7377,27.9651],[95.7856,27.9688],[95.8018,27.9697],[95.8239,27.9715],[95.8419,27.9703],[95.8781,27.9683],[95.8945,27.967],[95.9015,27.9667],[95.9316,27.9648],[95.9414,27.9983],[95.945,28.0126],[95.9407,28.0226],[95.9207,28.0255],[95.9036,28.0369],[95.8943,28.0497],[95.8943,28.0633],[95.8958,28.0783],[95.9058,28.0933],[95.925,28.1018],[95.9443,28.1054],[95.9572,28.1311],[95.9622,28.1504],[95.9779,28.1625],[95.9744,28.2109],[95.9577,28.1979],[95.9304,28.1812],[95.9078,28.1705],[95.884,28.1681],[95.8566,28.1693],[95.8519,28.1812],[95.8554,28.1907],[95.878,28.205],[95.9056,28.2335],[95.9104,28.2473],[95.9052,28.2683],[95.899,28.2802],[95.878,28.3027],[95.8766,28.3019]]]},"properties":{"id":"in:subdistrict:1724","level":"subdistrict","name":"Roing HQ","code":1724,"parent":"in:district:235","state":"in:state:12"}},{"type":"Feature","geometry":{"type":"Polygon","coordinates":[[[95.9744,28.2109],[95.9779,28.1625],[95.9622,28.1504],[95.9572,28.1311],[95.9443,28.1054],[95.925,28.1018],[95.9058,28.0933],[95.8958,28.0783],[95.8943,28.0633],[95.8943,28.0497],[95.9036,28.0369],[95.9207,28.0255],[95.9407,28.0226],[95.945,28.0126],[95.9414,27.9983],[95.9316,27.9648],[95.9527,27.9635],[95.9713,27.9627],[95.9718,27.9622],[95.9753,27.9632],[95.9831,27.9667],[95.9913,27.9747],[95.9875,28.0004],[95.9886,28.0221],[95.9898,28.0251],[95.9887,28.0275],[95.9902,28.0322],[95.9902,28.04],[95.9862,28.0476],[95.9845,28.0492],[95.983,28.0538],[95.9819,28.0605],[95.9762,28.0689],[95.9742,28.0782],[95.9742,28.0862],[95.9758,28.0901],[95.9749,28.0929],[95.9724,28.0943],[95.9695,28.0979],[95.9672,28.0995],[95.9642,28.1043],[95.9619,28.1056],[95.9608,28.1082],[95.96,28.115],[95.9625,28.1206],[95.9624,28.1222],[95.965,28.1273],[95.9651,28.1332],[95.9706,28.1433],[95.9689,28.1484],[95.9699,28.1523],[95.975,28.1572],[95.977,28.1607],[95.9822,28.1643],[95.981,28.166],[95.9823,28.1689],[95.9836,28.1746],[95.9825,28.1779],[95.9829,28.1805],[95.986,28.1863],[95.9875,28.1927],[95.9907,28.1967],[95.9955,28.1983],[95.999,28.2014],[95.9923,28.2014],[95.9744,28.2109]]]},"properties":{"id":"in:subdistrict:1727","level":"subdistrict","name":"Koronu Circle","code":1727,"parent":"in:district:235","state":"in:state:12"}},{"type":"Feature","geometry":{"type":"Polygon","coordinates":[[[96.1439,28.1752],[96.142,28.1699],[96.1329,28.1723],[96.1177,28.1779],[96.1144,28.1825],[96.1081,28.1861],[96.1046,28.1896],[96.0974,28.1917],[96.0863,28.191],[96.0828,28.1893],[96.0772,28.1905],[96.0603,28.1969],[96.0517,28.1972],[96.0491,28.1938],[96.0416,28.1913],[96.0345,28.1913],[96.019,28.1925],[96.0101,28.1949],[96.0041,28.2014],[95.999,28.2014],[95.9955,28.1983],[95.9907,28.1967],[95.9875,28.1927],[95.986,28.1863],[95.9829,28.1805],[95.9825,28.1779],[95.9836,28.1746],[95.9823,28.1689],[95.981,28.166],[95.9822,28.1643],[95.977,28.1607],[95.975,28.1572],[95.9699,28.1523],[95.9689,28.1484],[95.9706,28.1433],[95.9651,28.1332],[95.965,28.1273],[95.9624,28.1222],[95.9625,28.1206],[95.96,28.115],[95.9608,28.1082],[95.9619,28.1056],[95.9642,28.1043],[95.9672,28.0995],[95.9695,28.0979],[95.9724,28.0943],[95.9749,28.0929],[95.9758,28.0901],[95.9742,28.0862],[95.9742,28.0782],[95.9762,28.0689],[95.9819,28.0605],[95.983,28.0538],[95.9845,28.0492],[95.9862,28.0476],[95.9902,28.04],[95.9902,28.0322],[95.9887,28.0275],[95.9898,28.0251],[95.9886,28.0221],[95.9875,28.0004],[95.9913,27.9747],[95.9831,27.9667],[95.9753,27.9632],[95.9718,27.9622],[95.9653,27.9532],[95.9546,27.9411],[95.9491,27.9382],[95.948,27.9365],[95.9483,27.9324],[95.953,27.9286],[95.9486,27.9244],[95.9527,27.9201],[95.946,27.9163],[95.9442,27.9118],[95.9416,27.9107],[95.9382,27.9125],[95.9355,27.909],[95.9363,27.907],[95.9396,27.907],[95.9401,27.905],[95.9343,27.9032],[95.9304,27.9032],[95.9318,27.9001],[95.9373,27.8992],[95.936,27.8975],[95.9279,27.8953],[95.9206,27.8959],[95.9195,27.8931],[95.9233,27.8892],[95.9207,27.8883],[95.9177,27.8901],[95.9155,27.8894],[95.9168,27.885],[95.9201,27.8849],[95.9247,27.8826],[95.9194,27.8806],[95.917,27.8805],[95.9145,27.8758],[95.9101,27.8724],[95.9108,27.8709],[95.906,27.866],[95.9034,27.8689],[95.9015,27.8665],[95.9047,27.863],[95.9044,27.8618],[95.8959,27.8623],[95.8957,27.8587],[95.8945,27.8576],[95.8909,27.86],[95.8907,27.8567],[95.8885,27.8566],[95.8857,27.8495],[95.8837,27.8461],[95.8704,27.8327],[95.86,27.8302],[95.8544,27.83],[95.8474,27.8271],[95.8378,27.8241],[95.8381,27.8105],[95.8368,27.8095],[95.8266,27.8087],[95.8221,27.8065],[95.8166,27.8027],[95.8117,27.7976],[95.8106,27.7958],[95.8104,27.7907],[95.8096,27.7891],[95.8048,27.786],[95.8033,27.7834],[95.8023,27.7774],[95.8003,27.7737],[95.795,27.7697],[95.7893,27.7619],[95.7823,27.7564],[95.776,27.7536],[95.7763,27.7492],[95.7779,27.7427],[95.7805,27.7369],[95.7788,27.7332],[95.7743,27.7309],[95.8048,27.736],[95.8291,27.7532],[95.8879,27.785],[95.8976,27.7903],[96.0232,27.8502],[96.026,27.8502],[96.0444,27.8887],[96.0722,27.9208],[96.0901,27.9543],[96.1143,27.9779],[96.1465,28.0007],[96.165,28.0257],[96.1665,28.0421],[96.1607,28.0571],[96.1693,28.0778],[96.1748,28.0923],[96.1695,28.1066],[96.1695,28.1262],[96.1439,28.1752]]]},"properties":{"id":"in:subdistrict:1728","level":"subdistrict","name":"Sunpura Circle","code":1728,"parent":"in:district:234","state":"in:state:12"}},{"type":"Feature","geometry":{"type":"Polygon","coordinates":[[[95.8932,27.6248],[95.892,27.6341],[95.8891,27.6454],[95.8843,27.6576],[95.8748,27.6548],[95.869,27.6575],[95.8671,27.6606],[95.8618,27.6605],[95.858,27.6597],[95.8528,27.6605],[95.851,27.6619],[95.8544,27.668],[95.8496,27.6788],[95.8469,27.6797],[95.8463,27.6823],[95.8468,27.6859],[95.8396,27.6974],[95.8304,27.6881],[95.8254,27.7045],[95.7982,27.7124],[95.7558,27.7178],[95.7624,27.715],[95.7628,27.7101],[95.7679,27.7025],[95.7638,27.6934],[95.7672,27.6905],[95.7683,27.6868],[95.7726,27.6861],[95.7738,27.685],[95.7774,27.6876],[95.7815,27.6869],[95.7851,27.6851],[95.7903,27.6798],[95.787,27.6784],[95.7791,27.6773],[95.7751,27.6743],[95.772,27.6637],[95.7729,27.6622],[95.7704,27.6579],[95.7726,27.6547],[95.7743,27.6508],[95.7792,27.6496],[95.7815,27.6471],[95.7862,27.6463],[95.7878,27.644],[95.7903,27.6447],[95.7948,27.6418],[95.7954,27.6388],[95.791,27.6371],[95.7883,27.6348],[95.7882,27.6313],[95.7895,27.6263],[95.7876,27.6255],[95.7789,27.6251],[95.7783,27.6194],[95.7806,27.6162],[95.7851,27.6156],[95.7904,27.6116],[95.7894,27.604],[95.7906,27.5996],[95.7925,27.5979],[95.8056,27.6009],[95.8079,27.6],[95.8141,27.5995],[95.8183,27.5963],[95.8135,27.5884],[95.8119,27.5817],[95.8145,27.5742],[95.8234,27.5745],[95.8249,27.5716],[95.8277,27.569],[95.8305,27.5631],[95.833,27.5604],[95.8363,27.5593],[95.8419,27.5614],[95.8529,27.5528],[95.8541,27.55],[95.8572,27.5473],[95.8585,27.5448],[95.8617,27.5434],[95.8628,27.5454],[95.8658,27.5449],[95.8758,27.5465],[95.8785,27.5472],[95.942,27.5537],[95.95,27.5546],[95.9319,27.5728],[95.9319,27.5782],[95.9212,27.5895],[95.9039,27.5972],[95.8938,27.6076],[95.9016,27.613],[95.901,27.6228],[95.8932,27.6248]]]},"properties":{"id":"in:subdistrict:1735","level":"subdistrict","name":"Lekang Mahadevpur Circle","code":1735,"parent":"in:district:678","state":"in:state:12"}},{"type":"Feature","geometry":{"type":"Polygon","coordinates":[[[95.8932,27.6248],[95.9414,27.6686],[95.97,27.6775],[95.9944,27.687],[96.0042,27.6944],[95.9868,27.7295],[95.9349,27.7126],[95.9028,27.7072],[95.826,27.7197],[95.7523,27.723],[95.7527,27.7198],[95.7558,27.7178],[95.7982,27.7124],[95.8254,27.7045],[95.8304,27.6881],[95.8396,27.6974],[95.8468,27.6859],[95.8463,27.6823],[95.8469,27.6797],[95.8496,27.6788],[95.8544,27.668],[95.851,27.6619],[95.8528,27.6605],[95.858,27.6597],[95.8618,27.6605],[95.8671,27.6606],[95.869,27.6575],[95.8748,27.6548],[95.8843,27.6576],[95.8891,27.6454],[95.892,27.6341],[95.8932,27.6248]]]},"properties":{"id":"in:subdistrict:1732","level":"subdistrict","name":"Namsai HQ","code":1732,"parent":"in:district:678","state":"in:state:12"}},{"type":"Feature","geometry":{"type":"Polygon","coordinates":[[[95.7743,27.7309],[95.7719,27.7302],[95.7663,27.7267],[95.7585,27.7269],[95.7548,27.7259],[95.7523,27.723],[95.826,27.7197],[95.9028,27.7072],[95.9349,27.7126],[95.9868,27.7295],[95.967,27.7691],[95.9313,27.7524],[95.9081,27.7524],[95.8992,27.7655],[95.8879,27.785],[95.8291,27.7532],[95.8048,27.736],[95.7743,27.7309]]]},"properties":{"id":"in:subdistrict:1733","level":"subdistrict","name":"Lathao Circle","code":1733,"parent":"in:district:678","state":"in:state:12"}},{"type":"Feature","geometry":{"type":"Polygon","coordinates":[[[95.95,27.5546],[95.9987,27.5596],[96.0019,27.5567],[96.0158,27.567],[96.0232,27.5712],[96.0325,27.5799],[96.0411,27.5866],[96.0475,27.5883],[96.0535,27.5929],[96.0564,27.6001],[96.0615,27.6063],[96.0731,27.6078],[96.0896,27.6113],[96.1029,27.6155],[96.1084,27.6155],[96.1258,27.6196],[96.111,27.6335],[96.0925,27.6311],[96.0747,27.6275],[96.0663,27.6353],[96.0455,27.6454],[96.0229,27.6513],[96.0164,27.6698],[96.0042,27.6944],[95.9944,27.687],[95.97,27.6775],[95.9414,27.6686],[95.8932,27.6248],[95.901,27.6228],[95.9016,27.613],[95.8938,27.6076],[95.9039,27.5972],[95.9212,27.5895],[95.9319,27.5782],[95.9319,27.5728],[95.95,27.5546]]]},"properties":{"id":"in:subdistrict:6121","level":"subdistrict","name":"Piyong Circle","code":6121,"parent":"in:district:678","state":"in:state:12"}},{"type":"Feature","geometry":{"type":"Polygon","coordinates":[[[96.026,27.8502],[96.0232,27.8502],[95.8976,27.7903],[95.8879,27.785],[95.8992,27.7655],[95.9081,27.7524],[95.9313,27.7524],[95.967,27.7691],[95.9868,27.7295],[96.0042,27.6944],[96.0164,27.6698],[96.0229,27.6513],[96.0455,27.6454],[96.0663,27.6353],[96.0747,27.6275],[96.0925,27.6311],[96.111,27.6335],[96.1258,27.6196],[96.1278,27.6164],[96.1332,27.6151],[96.1349,27.6118],[96.1305,27.6093],[96.1328,27.6064],[96.1402,27.6071],[96.1609,27.6011],[96.1671,27.597],[96.17,27.5979],[96.1716,27.5947],[96.1818,27.5901],[96.1889,27.5895],[96.1924,27.5883],[96.1969,27.5831],[96.1998,27.584],[96.2035,27.5806],[96.2081,27.5797],[96.2097,27.5773],[96.2158,27.5772],[96.2204,27.5735],[96.2248,27.5682],[96.2313,27.5665],[96.2381,27.5666],[96.2427,27.5636],[96.2528,27.5642],[96.2595,27.563],[96.2643,27.5633],[96.2685,27.5578],[96.276,27.559],[96.2828,27.5561],[96.289,27.5554],[96.2926,27.557],[96.2946,27.561],[96.3008,27.5642],[96.3022,27.5669],[96.3016,27.5728],[96.2972,27.5743],[96.2953,27.5788],[96.2885,27.5825],[96.286,27.5883],[96.2814,27.5935],[96.2789,27.5932],[96.2749,27.5961],[96.2704,27.6021],[96.2703,27.6048],[96.2786,27.609],[96.2811,27.6159],[96.2798,27.6179],[96.28,27.6222],[96.2768,27.6288],[96.277,27.6368],[96.2738,27.6379],[96.269,27.644],[96.2648,27.647],[96.2654,27.651],[96.2626,27.652],[96.2609,27.6542],[96.2561,27.6564],[96.2518,27.6609],[96.25,27.6669],[96.25,27.6692],[96.2458,27.6743],[96.2453,27.6801],[96.2459,27.6823],[96.2428,27.683],[96.2405,27.6853],[96.2398,27.688],[96.2362,27.6915],[96.2351,27.6958],[96.2294,27.6978],[96.2251,27.6969],[96.2225,27.6998],[96.2176,27.707],[96.215,27.7093],[96.2086,27.713],[96.2092,27.7152],[96.2093,27.7276],[96.2098,27.7315],[96.2091,27.7358],[96.2046,27.7385],[96.202,27.7447],[96.1989,27.7486],[96.1963,27.7503],[96.1969,27.7605],[96.1985,27.7729],[96.1989,27.7792],[96.1978,27.787],[96.198,27.7917],[96.1999,27.7974],[96.2014,27.8063],[96.1991,27.8089],[96.1989,27.8134],[96.1932,27.8234],[96.1905,27.8249],[96.1877,27.8283],[96.1875,27.8308],[96.1842,27.8321],[96.1817,27.8346],[96.1818,27.8366],[96.1771,27.8357],[96.1684,27.8381],[96.1629,27.8383],[96.1569,27.8398],[96.1475,27.8366],[96.1437,27.8371],[96.1414,27.84],[96.1344,27.8386],[96.1299,27.8392],[96.1234,27.8433],[96.1163,27.8446],[96.1096,27.8465],[96.1037,27.8421],[96.0999,27.8435],[96.092,27.8435],[96.0891,27.8423],[96.0868,27.8446],[96.0813,27.8436],[96.0778,27.8437],[96.0662,27.8402],[96.0583,27.8414],[96.0559,27.841],[96.0502,27.8441],[96.0449,27.8442],[96.0374,27.8451],[96.0332,27.8479],[96.026,27.8502]]]},"properties":{"id":"in:subdistrict:1731","level":"subdistrict","name":"Chongkham EAC","code":1731,"parent":"in:district:678","state":"in:state:12"}},{"type":"Feature","geometry":{"type":"Polygon","coordinates":[[[96.3375,28.1921],[96.3375,28.1804],[96.3368,28.1763],[96.3335,28.1703],[96.3345,28.1648],[96.3294,28.161],[96.3248,28.156],[96.324,28.1533],[96.3248,28.1485],[96.3269,28.1464],[96.3273,28.144],[96.325,28.1415],[96.3254,28.1384],[96.329,28.1337],[96.3293,28.1321],[96.3258,28.13],[96.3241,28.1269],[96.3162,28.1202],[96.3158,28.1165],[96.314,28.1129],[96.3091,28.1083],[96.306,28.1031],[96.3044,28.0994],[96.2983,28.0956],[96.2947,28.0958],[96.2915,28.0942],[96.289,28.0948],[96.2844,28.0905],[96.2823,28.0856],[96.2785,28.0831],[96.2747,28.0735],[96.2757,28.0708],[96.28,28.0674],[96.2869,28.0631],[96.3026,28.0504],[96.312,28.0398],[96.3163,28.0319],[96.3166,28.0293],[96.3219,28.0248],[96.3235,28.0183],[96.3265,28.0137],[96.331,28.0131],[96.3355,28.0153],[96.34,28.0135],[96.3436,28.0132],[96.3519,28.0054],[96.3558,28.0035],[96.3596,28.0004],[96.3636,27.9999],[96.3721,27.9969],[96.3763,27.992],[96.3796,27.9906],[96.3897,27.9901],[96.3931,27.9874],[96.3932,27.9835],[96.3912,27.9813],[96.3926,27.9777],[96.3972,27.9762],[96.3992,27.9718],[96.4064,27.9692],[96.4077,27.9676],[96.4098,27.972],[96.4077,27.9753],[96.4041,27.9773],[96.4031,27.9821],[96.4056,27.985],[96.416,27.989],[96.4204,27.9921],[96.4265,27.9973],[96.4297,27.9988],[96.437,28.0008],[96.4427,28.0001],[96.4496,27.9999],[96.4663,28.0002],[96.4715,28.0009],[96.4773,28.0005],[96.4822,27.999],[96.4897,27.9926],[96.4913,27.9902],[96.4917,27.9871],[96.4961,27.9826],[96.4994,27.9821],[96.5037,27.9857],[96.5104,27.99],[96.5161,27.9926],[96.5195,27.9924],[96.5252,27.9863],[96.5306,27.9842],[96.5347,27.9816],[96.5413,27.9793],[96.5459,27.9758],[96.5521,27.9698],[96.5584,27.9667],[96.5613,27.9616],[96.5669,27.9601],[96.5692,27.9587],[96.5716,27.9539],[96.5777,27.952],[96.5828,27.9514],[96.5885,27.954],[96.5943,27.9524],[96.5954,27.9571],[96.5967,27.9587],[96.6012,27.9609],[96.599,27.9657],[96.6008,27.9692],[96.6014,27.9727],[96.5998,27.9752],[96.5963,27.9773],[96.5941,27.9799],[96.5964,27.986],[96.5972,27.9908],[96.594,27.9934],[96.594,27.9973],[96.5924,27.9988],[96.5897,28.0046],[96.5882,28.0097],[96.5889,28.0153],[96.5905,28.017],[96.5952,28.0191],[96.599,28.0215],[96.6015,28.0221],[96.6051,28.0259],[96.6058,28.0346],[96.6112,28.0393],[96.6131,28.0426],[96.6165,28.0457],[96.6238,28.0484],[96.6265,28.0501],[96.6371,28.0613],[96.6383,28.0633],[96.6196,28.0606],[96.6009,28.0695],[96.5861,28.0855],[96.5759,28.1016],[96.5694,28.1212],[96.5519,28.1112],[96.5429,28.1031],[96.53,28.0979],[96.5176,28.095],[96.5053,28.095],[96.4962,28.1065],[96.487,28.1241],[96.4746,28.1355],[96.4479,28.1564],[96.4038,28.172],[96.3375,28.1921]]]},"properties":{"id":"in:subdistrict:1736","level":"subdistrict","name":"Hayuliang ADC","code":1736,"parent":"in:district:628","state":"in:state:12"}},{"type":"Feature","geometry":{"type":"Polygon","coordinates":[[[96.1818,27.8366],[96.1817,27.8346],[96.1842,27.8321],[96.1875,27.8308],[96.1877,27.8283],[96.1905,27.8249],[96.1932,27.8234],[96.1989,27.8134],[96.1991,27.8089],[96.2014,27.8063],[96.1999,27.7974],[96.198,27.7917],[96.1978,27.787],[96.1989,27.7792],[96.1985,27.7729],[96.1969,27.7605],[96.1963,27.7503],[96.1989,27.7486],[96.202,27.7447],[96.2046,27.7385],[96.2091,27.7358],[96.2098,27.7315],[96.2093,27.7276],[96.2092,27.7152],[96.2086,27.713],[96.215,27.7093],[96.2176,27.707],[96.2225,27.6998],[96.2251,27.6969],[96.2294,27.6978],[96.2351,27.6958],[96.2362,27.6915],[96.2398,27.688],[96.2405,27.6853],[96.2428,27.683],[96.2459,27.6823],[96.2453,27.6801],[96.2458,27.6743],[96.25,27.6692],[96.25,27.6669],[96.2518,27.6609],[96.2561,27.6564],[96.2609,27.6542],[96.2626,27.652],[96.2654,27.651],[96.2648,27.647],[96.269,27.644],[96.2738,27.6379],[96.277,27.6368],[96.2768,27.6288],[96.28,27.6222],[96.2798,27.6179],[96.2811,27.6159],[96.2786,27.609],[96.2703,27.6048],[96.2704,27.6021],[96.2749,27.5961],[96.2789,27.5932],[96.2814,27.5935],[96.286,27.5883],[96.2885,27.5825],[96.2953,27.5788],[96.2972,27.5743],[96.3016,27.5728],[96.3022,27.5669],[96.3008,27.5642],[96.2946,27.561],[96.2926,27.557],[96.2957,27.5583],[96.3075,27.5658],[96.3138,27.5718],[96.3277,27.5792],[96.3312,27.5842],[96.3332,27.5889],[96.3342,27.5943],[96.3363,27.5984],[96.3438,27.6023],[96.3484,27.6061],[96.3519,27.6245],[96.3684,27.6424],[96.3728,27.645],[96.3782,27.6406],[96.3838,27.6388],[96.3883,27.6427],[96.3938,27.6454],[96.3941,27.6487],[96.4112,27.6494],[96.413,27.6512],[96.4195,27.651],[96.4227,27.6484],[96.4307,27.6493],[96.4328,27.652],[96.4358,27.651],[96.4398,27.6524],[96.4441,27.6521],[96.447,27.645],[96.4512,27.6437],[96.4525,27.6411],[96.4587,27.6416],[96.4641,27.643],[96.469,27.6424],[96.4735,27.6457],[96.4803,27.646],[96.4875,27.645],[96.491,27.6433],[96.5029,27.6418],[96.5086,27.6431],[96.5112,27.6422],[96.5192,27.6366],[96.5267,27.6441],[96.5307,27.6467],[96.5429,27.6473],[96.5496,27.6468],[96.5584,27.6506],[96.5665,27.6568],[96.5821,27.6561],[96.5883,27.6532],[96.5963,27.654],[96.6036,27.6467],[96.6089,27.6466],[96.6082,27.6431],[96.6139,27.6381],[96.6253,27.6316],[96.6336,27.631],[96.6408,27.6279],[96.6582,27.6337],[96.6663,27.6421],[96.6692,27.6473],[96.6765,27.6497],[96.6823,27.6547],[96.6879,27.6551],[96.6947,27.6575],[96.7,27.6604],[96.6992,27.6637],[96.7056,27.6701],[96.7083,27.6749],[96.7084,27.6786],[96.7069,27.6822],[96.7114,27.6888],[96.7105,27.6938],[96.7118,27.6986],[96.7161,27.7025],[96.716,27.7054],[96.7142,27.7063],[96.7112,27.7127],[96.7125,27.7159],[96.7111,27.7187],[96.7114,27.7226],[96.7046,27.7296],[96.7041,27.7312],[96.7,27.7356],[96.7004,27.7402],[96.6963,27.7449],[96.6987,27.7486],[96.7019,27.7507],[96.7022,27.753],[96.7046,27.7577],[96.706,27.758],[96.7105,27.7657],[96.7102,27.7685],[96.7086,27.7712],[96.706,27.7727],[96.7015,27.7768],[96.7037,27.7783],[96.7082,27.7786],[96.7137,27.7824],[96.7191,27.7842],[96.7182,27.7864],[96.7146,27.7897],[96.7166,27.7931],[96.7125,27.7991],[96.713,27.8019],[96.7106,27.8078],[96.7101,27.812],[96.7134,27.8153],[96.7123,27.821],[96.7105,27.8244],[96.7053,27.8272],[96.7007,27.8271],[96.698,27.8279],[96.6941,27.8271],[96.6889,27.8278],[96.681,27.8304],[96.6797,27.8351],[96.6791,27.8476],[96.6759,27.8481],[96.6709,27.8524],[96.6687,27.8574],[96.664,27.8649],[96.6613,27.8673],[96.657,27.8691],[96.6522,27.87],[96.6443,27.8758],[96.6351,27.88],[96.6271,27.881],[96.6227,27.8806],[96.6181,27.8821],[96.6167,27.8864],[96.6172,27.8889],[96.6165,27.8934],[96.6105,27.8962],[96.6085,27.9009],[96.6031,27.9036],[96.6012,27.9069],[96.5986,27.9092],[96.5883,27.9119],[96.5884,27.9154],[96.5827,27.9209],[96.5825,27.9225],[96.5847,27.9257],[96.5878,27.9278],[96.5925,27.9323],[96.5945,27.9358],[96.5948,27.9401],[96.5941,27.9461],[96.5958,27.9518],[96.5943,27.9524],[96.5885,27.954],[96.5828,27.9514],[96.5777,27.952],[96.5716,27.9539],[96.5692,27.9587],[96.5669,27.9601],[96.5613,27.9616],[96.5584,27.9667],[96.5521,27.9698],[96.5459,27.9758],[96.5413,27.9793],[96.5347,27.9816],[96.5306,27.9842],[96.5252,27.9863],[96.5195,27.9924],[96.5161,27.9926],[96.5104,27.99],[96.5037,27.9857],[96.4994,27.9821],[96.4961,27.9826],[96.4917,27.9871],[96.4913,27.9902],[96.4897,27.9926],[96.4822,27.999],[96.4773,28.0005],[96.4715,28.0009],[96.4663,28.0002],[96.4496,27.9999],[96.4427,28.0001],[96.437,28.0008],[96.4297,27.9988],[96.4265,27.9973],[96.4204,27.9921],[96.416,27.989],[96.4056,27.985],[96.4031,27.9821],[96.4041,27.9773],[96.4077,27.9753],[96.4098,27.972],[96.4077,27.9676],[96.409,27.9637],[96.4092,27.956],[96.4131,27.9486],[96.4156,27.9462],[96.4171,27.9414],[96.4144,27.9371],[96.4147,27.9353],[96.4198,27.9319],[96.4213,27.9294],[96.4213,27.9263],[96.4164,27.9233],[96.4173,27.8888],[96.393,27.8831],[96.3659,27.8888],[96.296,27.8862],[96.2909,27.8811],[96.2866,27.879],[96.2782,27.8799],[96.2738,27.8779],[96.2668,27.8767],[96.2613,27.8679],[96.2571,27.8676],[96.2513,27.8655],[96.2471,27.8649],[96.2441,27.8628],[96.2421,27.8594],[96.2331,27.8551],[96.2308,27.8528],[96.2241,27.8501],[96.2216,27.8479],[96.2196,27.8426],[96.2176,27.8403],[96.2149,27.8392],[96.2097,27.84],[96.2017,27.8377],[96.1964,27.8383],[96.192,27.8364],[96.1877,27.8378],[96.1818,27.8366]]]},"properties":{"id":"in:subdistrict:1730","level":"subdistrict","name":"Wakro Circle","code":1730,"parent":"in:district:234","state":"in:state:12"}},{"type":"Feature","geometry":{"type":"Polygon","coordinates":[[[96.5943,27.9524],[96.5958,27.9518],[96.5941,27.9461],[96.5948,27.9401],[96.5945,27.9358],[96.5925,27.9323],[96.5878,27.9278],[96.5847,27.9257],[96.5825,27.9225],[96.5827,27.9209],[96.5884,27.9154],[96.5883,27.9119],[96.5986,27.9092],[96.6012,27.9069],[96.6031,27.9036],[96.6085,27.9009],[96.6105,27.8962],[96.6165,27.8934],[96.6172,27.8889],[96.6167,27.8864],[96.6181,27.8821],[96.6227,27.8806],[96.6271,27.881],[96.6351,27.88],[96.6443,27.8758],[96.6522,27.87],[96.657,27.8691],[96.6613,27.8673],[96.664,27.8649],[96.6687,27.8574],[96.6709,27.8524],[96.6759,27.8481],[96.6791,27.8476],[96.6797,27.8351],[96.681,27.8304],[96.6904,27.8366],[96.7094,27.8533],[96.7118,27.8711],[96.7368,27.8866],[96.7499,27.8878],[96.7489,27.9046],[96.7244,27.9425],[96.7203,27.9689],[96.7301,27.9746],[96.7422,27.9825],[96.7587,27.9918],[96.7708,28.0011],[96.7701,28.0146],[96.7744,28.0303],[96.7865,28.041],[96.8086,28.0532],[96.8308,28.0582],[96.8579,28.0632],[96.8868,28.0621],[96.8883,28.0684],[96.8891,28.0862],[96.9072,28.0982],[96.9162,28.1098],[96.9219,28.1183],[96.9248,28.1262],[96.9148,28.1447],[96.9119,28.154],[96.9098,28.1669],[96.9041,28.1797],[96.8969,28.184],[96.8855,28.1904],[96.8826,28.2011],[96.8784,28.2114],[96.8584,28.2064],[96.8584,28.1911],[96.846,28.1588],[96.846,28.1388],[96.8184,28.1331],[96.7689,28.1074],[96.7308,28.0855],[96.7204,28.0845],[96.6994,28.0931],[96.6832,28.0941],[96.6718,28.0807],[96.6594,28.0712],[96.6452,28.0645],[96.6383,28.0633],[96.6371,28.0613],[96.6265,28.0501],[96.6238,28.0484],[96.6165,28.0457],[96.6131,28.0426],[96.6112,28.0393],[96.6058,28.0346],[96.6051,28.0259],[96.6015,28.0221],[96.599,28.0215],[96.5952,28.0191],[96.5905,28.017],[96.5889,28.0153],[96.5882,28.0097],[96.5897,28.0046],[96.5924,27.9988],[96.594,27.9973],[96.594,27.9934],[96.5972,27.9908],[96.5964,27.986],[96.5941,27.9799],[96.5963,27.9773],[96.5998,27.9752],[96.6014,27.9727],[96.6008,27.9692],[96.599,27.9657],[96.6012,27.9609],[96.5967,27.9587],[96.5954,27.9571],[96.5943,27.9524]]]},"properties":{"id":"in:subdistrict:1737","level":"subdistrict","name":"Manchal Circle","code":1737,"parent":"in:district:628","state":"in:state:12"}},{"type":"Feature","geometry":{"type":"Polygon","coordinates":[[[96.6132,28.2137],[96.6132,28.2158],[96.6263,28.2295],[96.6465,28.2473],[96.6614,28.2557],[96.6875,28.2592],[96.7024,28.2729],[96.7101,28.2824],[96.7673,28.2783],[96.7922,28.2741],[96.8089,28.2771],[96.8119,28.2955],[96.8095,28.3068],[96.8059,28.311],[96.8053,28.3621],[96.7973,28.3624],[96.7769,28.3648],[96.7703,28.367],[96.7615,28.3746],[96.7588,28.3836],[96.7568,28.3999],[96.7408,28.4138],[96.7273,28.4221],[96.7043,28.427],[96.6818,28.4356],[96.6582,28.4527],[96.6411,28.4578],[96.6218,28.4548],[96.5869,28.4557],[96.5707,28.4523],[96.5528,28.4412],[96.5269,28.4232],[96.5054,28.411],[96.4935,28.4105],[96.4713,28.4158],[96.4571,28.4138],[96.4485,28.4046],[96.4444,28.3986],[96.4343,28.3873],[96.4277,28.3756],[96.4246,28.3638],[96.424,28.3563],[96.4254,28.3545],[96.4248,28.3494],[96.4253,28.345],[96.4246,28.3403],[96.4221,28.3368],[96.4149,28.3306],[96.408,28.3215],[96.3933,28.3031],[96.3893,28.2945],[96.3965,28.2912],[96.4304,28.2765],[96.4685,28.2533],[96.4977,28.2599],[96.5482,28.2242],[96.5696,28.2129],[96.6132,28.2137]]]},"properties":{"id":"in:subdistrict:1739","level":"subdistrict","name":"Chaglagam Circle","code":1739,"parent":"in:district:628","state":"in:state:12"}},{"type":"Feature","geometry":{"type":"Polygon","coordinates":[[[96.5694,28.1212],[96.5759,28.1016],[96.5861,28.0855],[96.6009,28.0695],[96.6196,28.0606],[96.6383,28.0633],[96.6452,28.0645],[96.6594,28.0712],[96.6718,28.0807],[96.6832,28.0941],[96.6994,28.0931],[96.7204,28.0845],[96.7308,28.0855],[96.7689,28.1074],[96.8184,28.1331],[96.846,28.1388],[96.846,28.1588],[96.8584,28.1911],[96.8584,28.2064],[96.8784,28.2114],[96.8812,28.2121],[96.8869,28.2178],[96.885,28.2254],[96.8793,28.2397],[96.8717,28.2559],[96.8831,28.2682],[96.8879,28.2758],[96.886,28.3006],[96.9444,28.332],[96.9366,28.3352],[96.9258,28.3369],[96.9216,28.3423],[96.9138,28.357],[96.904,28.3692],[96.8897,28.3785],[96.8787,28.3764],[96.8636,28.3716],[96.8512,28.3633],[96.8345,28.3607],[96.8053,28.3621],[96.8059,28.311],[96.8095,28.3068],[96.8119,28.2955],[96.8089,28.2771],[96.7922,28.2741],[96.7673,28.2783],[96.7101,28.2824],[96.7024,28.2729],[96.6875,28.2592],[96.6614,28.2557],[96.6465,28.2473],[96.6263,28.2295],[96.6132,28.2158],[96.6132,28.2137],[96.6138,28.1944],[96.6179,28.1861],[96.615,28.1748],[96.5928,28.1645],[96.5886,28.1545],[96.5862,28.1403],[96.5795,28.1274],[96.5694,28.1212]]]},"properties":{"id":"in:subdistrict:1738","level":"subdistrict","name":"Goiliang Circle","code":1738,"parent":"in:district:628","state":"in:state:12"}},{"type":"Feature","geometry":{"type":"Polygon","coordinates":[[[96.8969,28.184],[96.9217,28.1878],[96.9636,28.1936],[96.9902,28.1869],[97.0073,28.1793],[97.0245,28.1793],[97.0407,28.1764],[97.0511,28.1859],[97.0654,28.1974],[97.0863,28.2021],[97.1168,28.2231],[97.1492,28.2497],[97.1615,28.2488],[97.1653,28.2402],[97.1758,28.2288],[97.2072,28.2088],[97.2205,28.2078],[97.2472,28.1869],[97.2767,28.1783],[97.3052,28.1802],[97.3195,28.1669],[97.3322,28.159],[97.3389,28.1583],[97.3448,28.1616],[97.3566,28.1725],[97.3598,28.185],[97.3638,28.1891],[97.3776,28.1886],[97.3896,28.1859],[97.4012,28.1815],[97.4028,28.1819],[97.401,28.1923],[97.3896,28.2069],[97.3784,28.2178],[97.3658,28.2234],[97.3505,28.2292],[97.3366,28.2364],[97.326,28.2431],[97.3154,28.2477],[97.2953,28.2619],[97.2849,28.2653],[97.2721,28.2666],[97.2517,28.2659],[97.2395,28.2682],[97.2304,28.2739],[97.2267,28.2846],[97.2093,28.2876],[97.1918,28.2844],[97.1837,28.2836],[97.178,28.2839],[97.1711,28.2857],[97.1645,28.2924],[97.1548,28.3109],[97.1405,28.3276],[97.1278,28.3368],[97.1057,28.347],[97.0813,28.3505],[97.0753,28.3496],[97.0648,28.342],[97.0572,28.3402],[97.0479,28.339],[97.0368,28.3302],[97.0268,28.3206],[97.0118,28.3103],[96.9968,28.3041],[96.9876,28.3033],[96.9788,28.314],[96.9632,28.3203],[96.9532,28.3284],[96.9444,28.332],[96.886,28.3006],[96.8879,28.2758],[96.8831,28.2682],[96.8717,28.2559],[96.8793,28.2397],[96.885,28.2254],[96.8869,28.2178],[96.8812,28.2121],[96.8784,28.2114],[96.8826,28.2011],[96.8855,28.1904],[96.8969,28.184]]]},"properties":{"id":"in:subdistrict:1741","level":"subdistrict","name":"Kibithoo Circle","code":1741,"parent":"in:district:628","state":"in:state:12"}},{"type":"Feature","geometry":{"type":"Polygon","coordinates":[[[96.8868,28.0621],[96.8848,28.0536],[96.8967,28.0488],[96.9014,28.0381],[96.886,28.025],[96.8812,28.0072],[96.8824,27.9929],[96.8919,27.9596],[96.9181,27.9489],[96.93,27.9334],[96.9447,27.8935],[96.9505,27.8859],[96.9857,27.8859],[97.0085,27.8916],[97.0323,27.8916],[97.0609,27.8992],[97.0818,27.8983],[97.1027,27.8983],[97.1284,27.9097],[97.1427,27.9173],[97.1503,27.9278],[97.1503,27.9487],[97.1465,27.9563],[97.1408,27.9658],[97.138,27.9792],[97.1541,27.9896],[97.1551,28.0163],[97.1617,28.0372],[97.1694,28.0372],[97.1836,28.0363],[97.1941,28.0287],[97.2008,28.022],[97.2112,28.0287],[97.216,28.0401],[97.2236,28.0429],[97.2379,28.0363],[97.2493,28.0268],[97.2569,28.0163],[97.2741,28.0191],[97.2788,28.0296],[97.295,28.042],[97.3136,28.0595],[97.3171,28.0586],[97.3114,28.0678],[97.3104,28.0745],[97.3156,28.0843],[97.3226,28.0921],[97.3306,28.0991],[97.3423,28.1043],[97.3472,28.1105],[97.3461,28.1144],[97.3298,28.1283],[97.3244,28.1375],[97.3244,28.1425],[97.3279,28.1502],[97.3389,28.1583],[97.3322,28.159],[97.3195,28.1669],[97.3052,28.1802],[97.2767,28.1783],[97.2472,28.1869],[97.2205,28.2078],[97.2072,28.2088],[97.1758,28.2288],[97.1653,28.2402],[97.1615,28.2488],[97.1492,28.2497],[97.1168,28.2231],[97.0863,28.2021],[97.0654,28.1974],[97.0511,28.1859],[97.0407,28.1764],[97.0245,28.1793],[97.0073,28.1793],[96.9902,28.1869],[96.9636,28.1936],[96.9217,28.1878],[96.8969,28.184],[96.9041,28.1797],[96.9098,28.1669],[96.9119,28.154],[96.9148,28.1447],[96.9248,28.1262],[96.9219,28.1183],[96.9162,28.1098],[96.9072,28.0982],[96.8891,28.0862],[96.8883,28.0684],[96.8868,28.0621]]]},"properties":{"id":"in:subdistrict:1742","level":"subdistrict","name":"Walong Circle","code":1742,"parent":"in:district:628","state":"in:state:12"}},{"type":"Feature","geometry":{"type":"Polygon","coordinates":[[[96.7,27.6604],[96.7056,27.6507],[96.7104,27.6485],[96.727,27.6473],[96.7326,27.6416],[96.7467,27.6326],[96.7565,27.6213],[96.7649,27.617],[96.7684,27.6161],[96.7733,27.6235],[96.774,27.6311],[96.7794,27.6406],[96.7827,27.6425],[96.7914,27.6399],[96.8024,27.6325],[96.8074,27.6315],[96.8129,27.6331],[96.8187,27.6322],[96.826,27.6327],[96.83,27.6288],[96.8489,27.624],[96.8559,27.6295],[96.8614,27.6309],[96.8832,27.624],[96.8858,27.6216],[96.8967,27.6159],[96.9002,27.6147],[96.9071,27.6164],[96.9125,27.6205],[96.9168,27.6251],[96.9209,27.6316],[96.9311,27.644],[96.9417,27.6607],[96.9596,27.663],[96.9831,27.6643],[96.9848,27.6661],[96.988,27.6748],[96.9979,27.6918],[97.0213,27.7242],[97.0362,27.7424],[97.0426,27.7466],[97.056,27.7419],[97.0644,27.7473],[97.0695,27.747],[97.0772,27.7411],[97.0849,27.7386],[97.0908,27.7383],[97.0938,27.7401],[97.0988,27.7468],[97.1025,27.7579],[97.1018,27.7653],[97.104,27.7697],[97.1134,27.7743],[97.1191,27.7834],[97.1325,27.7877],[97.1457,27.8046],[97.1646,27.8106],[97.1696,27.8163],[97.1731,27.8262],[97.1841,27.8343],[97.1885,27.8436],[97.1968,27.848],[97.2196,27.8637],[97.233,27.8762],[97.2401,27.8859],[97.2429,27.8917],[97.249,27.8993],[97.2579,27.9036],[97.2712,27.9044],[97.2832,27.9079],[97.2943,27.9119],[97.309,27.915],[97.3132,27.9138],[97.3158,27.9034],[97.3253,27.896],[97.3304,27.895],[97.3392,27.8908],[97.3571,27.8789],[97.3684,27.8783],[97.3736,27.8802],[97.378,27.891],[97.3798,27.8971],[97.3791,27.9034],[97.3773,27.9135],[97.3802,27.92],[97.3807,27.9248],[97.3764,27.9329],[97.3772,27.941],[97.3808,27.9466],[97.3824,27.951],[97.3739,27.9618],[97.373,27.968],[97.378,27.9745],[97.3854,27.981],[97.3913,27.9889],[97.3914,27.9941],[97.3926,28.001],[97.4101,28.0052],[97.4125,28.0089],[97.4129,28.0148],[97.41,28.0195],[97.4044,28.0215],[97.4038,28.0246],[97.3974,28.029],[97.3871,28.0295],[97.3812,28.0344],[97.3757,28.0402],[97.3753,28.0471],[97.3801,28.0548],[97.3809,28.0593],[97.3775,28.0599],[97.3701,28.0586],[97.3608,28.0557],[97.3382,28.0535],[97.3258,28.0527],[97.3171,28.0586],[97.3136,28.0595],[97.295,28.042],[97.2788,28.0296],[97.2741,28.0191],[97.2569,28.0163],[97.2493,28.0268],[97.2379,28.0363],[97.2236,28.0429],[97.216,28.0401],[97.2112,28.0287],[97.2008,28.022],[97.1941,28.0287],[97.1836,28.0363],[97.1694,28.0372],[97.1617,28.0372],[97.1551,28.0163],[97.1541,27.9896],[97.138,27.9792],[97.1408,27.9658],[97.1465,27.9563],[97.1503,27.9487],[97.1503,27.9278],[97.1427,27.9173],[97.1284,27.9097],[97.1027,27.8983],[97.0818,27.8983],[97.0609,27.8992],[97.0323,27.8916],[97.0085,27.8916],[96.9857,27.8859],[96.9505,27.8859],[96.9447,27.8935],[96.93,27.9334],[96.9181,27.9489],[96.8919,27.9596],[96.8824,27.9929],[96.8812,28.0072],[96.886,28.025],[96.9014,28.0381],[96.8967,28.0488],[96.8848,28.0536],[96.8868,28.0621],[96.8579,28.0632],[96.8308,28.0582],[96.8086,28.0532],[96.7865,28.041],[96.7744,28.0303],[96.7701,28.0146],[96.7708,28.0011],[96.7587,27.9918],[96.7422,27.9825],[96.7301,27.9746],[96.7203,27.9689],[96.7244,27.9425],[96.7489,27.9046],[96.7499,27.8878],[96.7368,27.8866],[96.7118,27.8711],[96.7094,27.8533],[96.6904,27.8366],[96.681,27.8304],[96.6889,27.8278],[96.6941,27.8271],[96.698,27.8279],[96.7007,27.8271],[96.7053,27.8272],[96.7105,27.8244],[96.7123,27.821],[96.7134,27.8153],[96.7101,27.812],[96.7106,27.8078],[96.713,27.8019],[96.7125,27.7991],[96.7166,27.7931],[96.7146,27.7897],[96.7182,27.7864],[96.7191,27.7842],[96.7137,27.7824],[96.7082,27.7786],[96.7037,27.7783],[96.7015,27.7768],[96.706,27.7727],[96.7086,27.7712],[96.7102,27.7685],[96.7105,27.7657],[96.706,27.758],[96.7046,27.7577],[96.7022,27.753],[96.7019,27.7507],[96.6987,27.7486],[96.6963,27.7449],[96.7004,27.7402],[96.7,27.7356],[96.7041,27.7312],[96.7046,27.7296],[96.7114,27.7226],[96.7111,27.7187],[96.7125,27.7159],[96.7112,27.7127],[96.7142,27.7063],[96.716,27.7054],[96.7161,27.7025],[96.7118,27.6986],[96.7105,27.6938],[96.7114,27.6888],[96.7069,27.6822],[96.7084,27.6786],[96.7083,27.6749],[96.7056,27.6701],[96.6992,27.6637],[96.7,27.6604]]]},"properties":{"id":"in:subdistrict:1743","level":"subdistrict","name":"Hawai HQ","code":1743,"parent":"in:district:628","state":"in:state:12"}},{"type":"Feature","geometry":{"type":"Polygon","coordinates":[[[96.7916,27.3457],[96.7965,27.3457],[96.8015,27.3394],[96.8024,27.3354],[96.8042,27.3327],[96.8051,27.3289],[96.8132,27.3217],[96.8182,27.3152],[96.8224,27.3082],[96.8316,27.3038],[96.8349,27.3029],[96.838,27.3003],[96.8386,27.2972],[96.842,27.2956],[96.8481,27.2901],[96.8476,27.2866],[96.8487,27.285],[96.8502,27.2783],[96.8469,27.2722],[96.851,27.2697],[96.858,27.2621],[96.8635,27.2594],[96.8686,27.2584],[96.8721,27.2593],[96.8766,27.2586],[96.8836,27.2599],[96.8849,27.2594],[96.8843,27.2555],[96.8867,27.2534],[96.8864,27.25],[96.8877,27.2473],[96.8822,27.2428],[96.8814,27.2393],[96.8825,27.2363],[96.887,27.2359],[96.8874,27.2341],[96.8851,27.2319],[96.8852,27.2265],[96.8814,27.2249],[96.877,27.2203],[96.8721,27.2194],[96.8666,27.2165],[96.8651,27.214],[96.8604,27.2106],[96.8574,27.2111],[96.8548,27.21],[96.8588,27.2032],[96.8592,27.1974],[96.8572,27.1959],[96.8568,27.193],[96.8608,27.1899],[96.865,27.1888],[96.8679,27.1854],[96.8744,27.1807],[96.8791,27.18],[96.883,27.1783],[96.889,27.174],[96.8916,27.1736],[96.8997,27.1692],[96.9084,27.1687],[96.913,27.166],[96.9151,27.1665],[96.922,27.1654],[96.9236,27.1638],[96.9283,27.1635],[96.9314,27.1617],[96.9365,27.1624],[96.9392,27.1619],[96.9437,27.1638],[96.9495,27.1635],[96.9527,27.1622],[96.9561,27.1636],[96.9602,27.1617],[96.964,27.1613],[96.965,27.158],[96.9722,27.1572],[96.9854,27.1539],[96.9865,27.1505],[96.9917,27.1448],[96.9933,27.14],[97.0024,27.141],[97.0084,27.1401],[97.0179,27.1349],[97.0197,27.1329],[97.0247,27.1319],[97.026,27.1295],[97.0295,27.1304],[97.0324,27.1285],[97.0359,27.1237],[97.0337,27.1201],[97.0361,27.1181],[97.0407,27.1162],[97.0446,27.1126],[97.0444,27.1083],[97.0496,27.1052],[97.0522,27.1062],[97.0555,27.1037],[97.058,27.1002],[97.0622,27.0986],[97.0634,27.0915],[97.0676,27.0913],[97.072,27.0898],[97.0752,27.0977],[97.0771,27.0986],[97.0814,27.0977],[97.0847,27.0955],[97.0884,27.0947],[97.0963,27.0959],[97.098,27.098],[97.0949,27.1035],[97.0992,27.1075],[97.1018,27.1083],[97.1059,27.104],[97.1097,27.1037],[97.1154,27.1046],[97.119,27.104],[97.1214,27.1014],[97.1219,27.0981],[97.1246,27.0957],[97.1335,27.0936],[97.1355,27.0936],[97.1385,27.091],[97.142,27.0949],[97.1441,27.0994],[97.1443,27.1034],[97.1485,27.1072],[97.1481,27.1132],[97.1499,27.1169],[97.1567,27.1186],[97.1617,27.1227],[97.1611,27.1289],[97.1631,27.133],[97.1658,27.1349],[97.164,27.1418],[97.1598,27.1464],[97.1556,27.1485],[97.1509,27.1498],[97.1512,27.1529],[97.1497,27.1547],[97.1488,27.1602],[97.1469,27.1647],[97.1451,27.1651],[97.1396,27.1638],[97.1365,27.165],[97.1326,27.1702],[97.1295,27.1706],[97.1279,27.1729],[97.1245,27.1743],[97.1233,27.1801],[97.1217,27.1834],[97.1221,27.1899],[97.1157,27.1933],[97.111,27.1965],[97.1103,27.1987],[97.1077,27.2012],[97.1019,27.2044],[97.0998,27.207],[97.0971,27.2086],[97.0937,27.2124],[97.0905,27.2136],[97.0903,27.216],[97.0925,27.2205],[97.0919,27.2228],[97.0927,27.226],[97.0899,27.23],[97.0902,27.2339],[97.0885,27.2382],[97.0781,27.2443],[97.0735,27.2478],[97.0737,27.2515],[97.0689,27.2572],[97.0657,27.2587],[97.0553,27.2653],[97.0548,27.2675],[97.0562,27.2696],[97.0546,27.2753],[97.0509,27.2756],[97.0493,27.2794],[97.0453,27.2811],[97.042,27.2815],[97.0382,27.2859],[97.0377,27.2899],[97.0334,27.2973],[97.0308,27.2983],[97.0291,27.3013],[97.0297,27.3056],[97.0283,27.3079],[97.0257,27.3065],[97.0219,27.3072],[97.0201,27.3103],[97.0177,27.3104],[97.0141,27.3123],[97.009,27.311],[97.008,27.3134],[97.005,27.3144],[96.9981,27.319],[96.9953,27.3248],[96.9956,27.3332],[96.9927,27.3362],[96.9905,27.3438],[96.9885,27.3451],[96.9809,27.3454],[96.9798,27.3485],[96.9785,27.3566],[96.9699,27.3669],[96.9642,27.3702],[96.9625,27.3744],[96.9673,27.3806],[96.9668,27.3851],[96.9623,27.39],[96.9624,27.3924],[96.9603,27.3943],[96.9602,27.3971],[96.9623,27.4016],[96.9594,27.4041],[96.954,27.4069],[96.9497,27.4081],[96.9459,27.4082],[96.9436,27.4092],[96.9418,27.412],[96.9344,27.4158],[96.9317,27.4192],[96.9318,27.4233],[96.9338,27.4261],[96.9329,27.4305],[96.9247,27.4371],[96.9238,27.4392],[96.9161,27.4464],[96.9106,27.4475],[96.9005,27.4418],[96.8662,27.4342],[96.8396,27.4209],[96.8196,27.4009],[96.81,27.3895],[96.7986,27.3647],[96.7916,27.3457]]]},"properties":{"id":"in:subdistrict:1679","level":"subdistrict","name":"Vijoynagar EAC","code":1679,"parent":"in:district:229","state":"in:state:12"}},{"type":"Feature","geometry":{"type":"Polygon","coordinates":[[[95.6829,26.8958],[95.6872,26.896],[95.6892,26.8941],[95.6951,26.8926],[95.6941,26.8958],[95.689,26.9018],[95.686,26.9096],[95.6825,26.9132],[95.6804,26.9173],[95.6804,26.9195],[95.6785,26.9213],[95.6803,26.9245],[95.6783,26.9261],[95.6789,26.933],[95.6782,26.9366],[95.6759,26.9392],[95.6736,26.9479],[95.6747,26.9493],[95.6683,26.957],[95.6666,26.9606],[95.6672,26.9637],[95.6666,26.9682],[95.6635,26.9729],[95.6634,26.9745],[95.6581,26.9758],[95.6548,26.9672],[95.6508,26.9649],[95.6508,26.9625],[95.6474,26.9626],[95.6442,26.9657],[95.6396,26.9689],[95.6377,26.9713],[95.637,26.9756],[95.6323,26.9774],[95.6297,26.9793],[95.6273,26.9792],[95.6236,26.9816],[95.6135,26.9768],[95.605,26.9597],[95.5897,26.9501],[95.5764,26.9463],[95.5517,26.9416],[95.5479,26.9159],[95.525,26.9026],[95.5069,26.8987],[95.5048,26.8767],[95.4965,26.8178],[95.5057,26.7996],[95.5057,26.8018],[95.5076,26.806],[95.5083,26.8095],[95.5145,26.8095],[95.5166,26.8112],[95.5234,26.8145],[95.5245,26.8221],[95.5319,26.8273],[95.5354,26.8269],[95.5379,26.8298],[95.5383,26.8319],[95.5447,26.8344],[95.5486,26.8341],[95.5508,26.8322],[95.5547,26.8318],[95.5637,26.8215],[95.5648,26.8194],[95.5675,26.8188],[95.5715,26.8159],[95.5735,26.8169],[95.581,26.8163],[95.587,26.8172],[95.5899,26.8154],[95.5953,26.8147],[95.5994,26.8117],[95.6034,26.8116],[95.6084,26.8144],[95.6114,26.8193],[95.6129,26.8254],[95.6152,26.8262],[95.6212,26.8319],[95.6229,26.8366],[95.6248,26.8385],[95.6273,26.8433],[95.6268,26.8474],[95.6285,26.8516],[95.6282,26.8548],[95.6295,26.8581],[95.6269,26.8616],[95.6297,26.8651],[95.6342,26.868],[95.6318,26.8735],[95.6392,26.8761],[95.6417,26.8753],[95.6447,26.8768],[95.6465,26.8809],[95.6467,26.8845],[95.6505,26.8865],[95.653,26.8918],[95.6567,26.8927],[95.6607,26.8954],[95.662,26.898],[95.667,26.9029],[95.6746,26.9012],[95.677,26.8994],[95.6795,26.8957],[95.6829,26.8958]]]},"properties":{"id":"in:subdistrict:1694","level":"subdistrict","name":"Laju SDO","code":1694,"parent":"in:district:239","state":"in:state:12"}},{"type":"Feature","geometry":{"type":"Polygon","coordinates":[[[95.7272,27.0892],[95.7342,27.1458],[95.7378,27.1827],[95.7227,27.209],[95.6962,27.1999],[95.6661,27.1802],[95.6569,27.1863],[95.6443,27.1916],[95.6425,27.1908],[95.6477,27.1845],[95.6495,27.1745],[95.6491,27.1661],[95.6477,27.1633],[95.6479,27.1595],[95.6449,27.1532],[95.643,27.1518],[95.643,27.1494],[95.6403,27.1484],[95.637,27.1439],[95.634,27.1448],[95.6317,27.1426],[95.626,27.1427],[95.6235,27.1403],[95.6136,27.1364],[95.6084,27.131],[95.6074,27.1288],[95.608,27.1257],[95.6071,27.1221],[95.6077,27.1177],[95.6141,27.1122],[95.6158,27.1125],[95.6265,27.1065],[95.6306,27.1049],[95.6348,27.0999],[95.6344,27.0948],[95.6354,27.0919],[95.6376,27.0899],[95.6426,27.0891],[95.6419,27.0853],[95.639,27.0769],[95.6395,27.0738],[95.6414,27.0723],[95.6432,27.0689],[95.6464,27.065],[95.6464,27.0592],[95.6516,27.0547],[95.6512,27.0532],[95.6472,27.0484],[95.6418,27.0406],[95.6418,27.0351],[95.6367,27.0325],[95.6341,27.0267],[95.6316,27.0245],[95.6283,27.0198],[95.6275,27.011],[95.6241,27.0076],[95.6241,27.0039],[95.6271,27.0007],[95.6275,26.9987],[95.6234,26.9923],[95.6236,26.9895],[95.6161,26.9849],[95.616,26.9825],[95.6236,26.9816],[95.6428,26.9907],[95.6595,26.9853],[95.681,26.985],[95.6843,26.9894],[95.6861,26.9902],[95.6891,26.9947],[95.686,26.9995],[95.6898,27.0043],[95.7006,27.0122],[95.7053,27.0162],[95.7088,27.0212],[95.7105,27.0258],[95.711,27.029],[95.715,27.0503],[95.7156,27.0582],[95.7195,27.0793],[95.7207,27.089],[95.7272,27.0892]]]},"properties":{"id":"in:subdistrict:6579","level":"subdistrict","name":"Yatdam Circle","code":6579,"parent":"in:district:229","state":"in:state:12"}},{"type":"Feature","geometry":{"type":"Polygon","coordinates":[[[95.6829,26.8958],[95.6862,26.8955],[95.6883,26.8936],[95.6946,26.8921],[95.7027,26.8841],[95.7061,26.8822],[95.7065,26.8805],[95.71,26.8808],[95.7139,26.88],[95.7162,26.8785],[95.7226,26.8814],[95.7256,26.8835],[95.7296,26.8898],[95.7319,26.8907],[95.7341,26.8936],[95.7405,26.8939],[95.7449,26.8973],[95.7467,26.9009],[95.7467,26.9039],[95.7513,26.909],[95.7495,26.9131],[95.7474,26.9148],[95.7465,26.9187],[95.7468,26.9226],[95.7497,26.9242],[95.7479,26.9258],[95.7557,26.9298],[95.7568,26.932],[95.7564,26.9353],[95.7598,26.9366],[95.7596,26.9452],[95.7575,26.9483],[95.7572,26.951],[95.755,26.9538],[95.7586,26.9544],[95.7606,26.9576],[95.7603,26.9637],[95.7651,26.9684],[95.766,26.9725],[95.7685,26.9769],[95.7763,26.9767],[95.7811,26.9778],[95.7823,26.9813],[95.7818,26.9832],[95.7834,26.9865],[95.7834,26.9901],[95.7897,26.9937],[95.7934,26.9967],[95.7963,26.9977],[95.7978,27.0012],[95.7995,27.0026],[95.8025,27.008],[95.8012,27.0123],[95.8033,27.0155],[95.8101,27.0137],[95.8125,27.0145],[95.8138,27.0123],[95.8199,27.0111],[95.8233,27.0097],[95.8298,27.0837],[95.7272,27.0892],[95.7207,27.089],[95.7195,27.0793],[95.7156,27.0582],[95.715,27.0503],[95.711,27.029],[95.7105,27.0258],[95.7088,27.0212],[95.7053,27.0162],[95.7006,27.0122],[95.6898,27.0043],[95.686,26.9995],[95.6891,26.9947],[95.6861,26.9902],[95.6843,26.9894],[95.681,26.985],[95.6595,26.9853],[95.6428,26.9907],[95.6236,26.9816],[95.6273,26.9792],[95.6297,26.9793],[95.6323,26.9774],[95.637,26.9756],[95.6377,26.9713],[95.6396,26.9689],[95.6442,26.9657],[95.6474,26.9626],[95.6508,26.9625],[95.6508,26.9649],[95.6548,26.9672],[95.6581,26.9758],[95.6634,26.9745],[95.6635,26.9729],[95.6666,26.9682],[95.6672,26.9637],[95.6666,26.9606],[95.6683,26.957],[95.6747,26.9493],[95.6736,26.9479],[95.6759,26.9392],[95.6782,26.9366],[95.6789,26.933],[95.6783,26.9261],[95.6803,26.9245],[95.6785,26.9213],[95.6804,26.9195],[95.6804,26.9173],[95.6825,26.9132],[95.686,26.9096],[95.689,26.9018],[95.6941,26.8958],[95.6951,26.8926],[95.6892,26.8941],[95.6872,26.896],[95.6829,26.8958]]]},"properties":{"id":"in:subdistrict:1669","level":"subdistrict","name":"Khimiyang EAC","code":1669,"parent":"in:district:229","state":"in:state:12"}},{"type":"Feature","geometry":{"type":"Polygon","coordinates":[[[95.7272,27.0892],[95.8298,27.0837],[95.8233,27.0097],[95.8256,27.0102],[95.8301,27.0075],[95.8358,27.0092],[95.842,27.0137],[95.8505,27.0143],[95.8581,27.0119],[95.8631,27.0134],[95.8695,27.0125],[95.8758,27.0144],[95.8759,27.0193],[95.878,27.0219],[95.8869,27.0261],[95.8891,27.0238],[95.8952,27.0262],[95.8985,27.031],[95.9014,27.0326],[95.9026,27.0372],[95.9042,27.0387],[95.9074,27.0371],[95.911,27.0367],[95.9166,27.0403],[95.9202,27.0418],[95.9225,27.0416],[95.9263,27.0451],[95.9331,27.0455],[95.9411,27.049],[95.9422,27.0508],[95.9456,27.0515],[95.947,27.0549],[95.9494,27.0575],[95.9515,27.0645],[95.9535,27.0663],[95.9552,27.073],[95.9552,27.0763],[95.9578,27.0805],[95.965,27.0869],[95.964,27.0928],[95.9675,27.0955],[95.9686,27.0999],[95.9752,27.1042],[95.9756,27.1058],[95.9448,27.122],[95.9355,27.1291],[95.9248,27.1284],[95.9105,27.127],[95.8898,27.1291],[95.8756,27.1334],[95.8452,27.1695],[95.838,27.1853],[95.8416,27.1945],[95.8458,27.2064],[95.838,27.2201],[95.8311,27.2386],[95.7842,27.2231],[95.7227,27.209],[95.7378,27.1827],[95.7342,27.1458],[95.7272,27.0892]]]},"properties":{"id":"in:subdistrict:1671","level":"subdistrict","name":"Changlang HQ","code":1671,"parent":"in:district:229","state":"in:state:12"}},{"type":"Feature","geometry":{"type":"Polygon","coordinates":[[[96.1265,27.3869],[96.1244,27.4069],[96.1144,27.419],[96.103,27.4226],[96.0858,27.4219],[96.0787,27.409],[96.028,27.4062],[95.9842,27.4051],[95.9881,27.4041],[95.9924,27.3996],[95.9935,27.3964],[95.9965,27.3946],[95.9982,27.3879],[96.0179,27.3694],[96.0178,27.3649],[96.0127,27.365],[96.0075,27.3606],[96.0025,27.3607],[96.0072,27.3531],[96.0155,27.3462],[96.0243,27.3404],[96.0267,27.3353],[96.0389,27.3232],[96.0332,27.2853],[96.0331,27.282],[96.0494,27.282],[96.0651,27.2863],[96.0887,27.2977],[96.1151,27.3241],[96.118,27.3434],[96.1144,27.3555],[96.1101,27.3662],[96.1244,27.3769],[96.1265,27.3869]]]},"properties":{"id":"in:subdistrict:6582","level":"subdistrict","name":"Jairampur ADC","code":6582,"parent":"in:district:229","state":"in:state:12"}},{"type":"Feature","geometry":{"type":"Polygon","coordinates":[[[96.0331,27.282],[96.0324,27.2618],[96.0367,27.2418],[96.0582,27.2017],[96.0633,27.2036],[96.0646,27.206],[96.0711,27.2052],[96.0774,27.2084],[96.078,27.2106],[96.0828,27.2129],[96.0895,27.2201],[96.091,27.2235],[96.0942,27.2233],[96.0996,27.2243],[96.1114,27.2316],[96.1206,27.2314],[96.1258,27.2359],[96.1305,27.2363],[96.1368,27.2414],[96.1452,27.2414],[96.1497,27.2432],[96.1552,27.2482],[96.1567,27.2474],[96.1627,27.2482],[96.1701,27.2478],[96.1825,27.2496],[96.1854,27.2491],[96.1877,27.2515],[96.189,27.2558],[96.1936,27.2615],[96.197,27.2604],[96.2001,27.2611],[96.2051,27.26],[96.2108,27.2623],[96.2104,27.2647],[96.214,27.2655],[96.2174,27.2685],[96.2242,27.2726],[96.2257,27.2757],[96.2283,27.2786],[96.2309,27.2762],[96.234,27.2759],[96.2424,27.2767],[96.2453,27.2764],[96.2461,27.2977],[96.2146,27.3001],[96.2134,27.312],[96.2562,27.331],[96.2477,27.4007],[96.2415,27.4005],[96.2193,27.394],[96.1943,27.3905],[96.1851,27.404],[96.1751,27.3976],[96.1644,27.3798],[96.1465,27.3798],[96.1265,27.3869],[96.1244,27.3769],[96.1101,27.3662],[96.1144,27.3555],[96.118,27.3434],[96.1151,27.3241],[96.0887,27.2977],[96.0651,27.2863],[96.0494,27.282],[96.0331,27.282]]]},"properties":{"id":"in:subdistrict:x229-tikhak-rima-putok","level":"subdistrict","name":"Tikhak Rima Putok","code":0,"parent":"in:district:229","state":"in:state:12"}},{"type":"Feature","geometry":{"type":"Polygon","coordinates":[[[96.2453,27.2764],[96.2476,27.2727],[96.25,27.2724],[96.2515,27.2741],[96.2563,27.2745],[96.2593,27.2722],[96.2615,27.2731],[96.2638,27.2721],[96.2684,27.2723],[96.2707,27.2715],[96.2728,27.2732],[96.2731,27.2755],[96.2755,27.2795],[96.2749,27.2835],[96.2839,27.2847],[96.2853,27.2867],[96.289,27.2874],[96.2929,27.2893],[96.295,27.2916],[96.2988,27.2928],[96.3083,27.2941],[96.3116,27.2919],[96.318,27.2914],[96.3208,27.2901],[96.3231,27.2906],[96.3261,27.2889],[96.3303,27.2897],[96.3306,27.2874],[96.3336,27.2862],[96.3408,27.2851],[96.3459,27.2855],[96.3489,27.2881],[96.3493,27.2929],[96.3525,27.2951],[96.3561,27.2928],[96.3574,27.2907],[96.3604,27.2891],[96.3674,27.287],[96.3693,27.29],[96.3724,27.289],[96.3728,27.2867],[96.3771,27.285],[96.3797,27.2863],[96.3845,27.2851],[96.3922,27.2863],[96.3969,27.2899],[96.403,27.2918],[96.4062,27.2882],[96.4082,27.2879],[96.4095,27.2905],[96.4132,27.2921],[96.4149,27.294],[96.4158,27.2974],[96.4196,27.3004],[96.4233,27.302],[96.4273,27.3016],[96.4312,27.3026],[96.4358,27.3025],[96.4406,27.3063],[96.4416,27.3039],[96.4447,27.3018],[96.449,27.303],[96.4508,27.3014],[96.4548,27.3023],[96.4572,27.3065],[96.4624,27.3062],[96.4659,27.3031],[96.4706,27.3007],[96.481,27.2993],[96.4892,27.2963],[96.489,27.3011],[96.4912,27.3026],[96.5026,27.2988],[96.5085,27.299],[96.5101,27.2967],[96.5125,27.2963],[96.512,27.2933],[96.5157,27.2904],[96.5176,27.2864],[96.5239,27.2865],[96.5284,27.2939],[96.5304,27.2941],[96.5353,27.2991],[96.5415,27.3008],[96.5432,27.3029],[96.5425,27.309],[96.5443,27.3107],[96.549,27.312],[96.5515,27.3141],[96.5512,27.3185],[96.5553,27.3204],[96.5576,27.3185],[96.5644,27.3186],[96.5681,27.3224],[96.5707,27.322],[96.5744,27.3241],[96.5795,27.3304],[96.5836,27.3328],[96.5841,27.3341],[96.5883,27.3356],[96.5952,27.3338],[96.5955,27.3398],[96.5936,27.3439],[96.5909,27.3467],[96.5976,27.3521],[96.5993,27.356],[96.6031,27.3589],[96.6049,27.3651],[96.6061,27.3658],[96.6145,27.3655],[96.6173,27.3665],[96.6246,27.3666],[96.6331,27.3647],[96.6398,27.3613],[96.6424,27.3611],[96.6452,27.3593],[96.6515,27.3597],[96.6572,27.3618],[96.6605,27.3642],[96.6658,27.3609],[96.6686,27.3618],[96.6705,27.3607],[96.6724,27.357],[96.6743,27.3581],[96.6753,27.3613],[96.6847,27.3599],[96.6859,27.359],[96.6977,27.3577],[96.7021,27.3597],[96.7009,27.3628],[96.7027,27.365],[96.7025,27.3681],[96.7035,27.3721],[96.7068,27.3707],[96.7115,27.3702],[96.7168,27.366],[96.7115,27.3845],[96.705,27.4018],[96.6871,27.4256],[96.6604,27.4285],[96.6425,27.4285],[96.6157,27.4262],[96.5818,27.447],[96.5229,27.4476],[96.5164,27.4458],[96.4991,27.4309],[96.4849,27.4119],[96.4682,27.4077],[96.4373,27.4172],[96.4212,27.4232],[96.3945,27.4113],[96.3692,27.4083],[96.3207,27.4083],[96.3021,27.3933],[96.285,27.394],[96.2757,27.4019],[96.2477,27.4007],[96.2562,27.331],[96.2134,27.312],[96.2146,27.3001],[96.2461,27.2977],[96.2453,27.2764]]]},"properties":{"id":"in:subdistrict:1676","level":"subdistrict","name":"Nampong SDO","code":1676,"parent":"in:district:229","state":"in:state:12"}},{"type":"Feature","geometry":{"type":"Polygon","coordinates":[[[96.2381,27.5666],[96.2093,27.5443],[96.1909,27.5378],[96.1808,27.5217],[96.179,27.5086],[96.1157,27.5082],[96.0975,27.4973],[96.0921,27.4848],[96.0779,27.4711],[96.0654,27.4694],[96.0517,27.4771],[96.0261,27.4807],[96.01,27.4777],[95.9976,27.4711],[95.9797,27.4622],[96.0029,27.4611],[96.0293,27.4604],[96.0522,27.4554],[96.0872,27.4469],[96.1093,27.4483],[96.103,27.4226],[96.1144,27.419],[96.1244,27.4069],[96.1265,27.3869],[96.1465,27.3798],[96.1644,27.3798],[96.1751,27.3976],[96.1851,27.404],[96.1943,27.3905],[96.2193,27.394],[96.2415,27.4005],[96.2477,27.4007],[96.2757,27.4019],[96.285,27.394],[96.3021,27.3933],[96.3207,27.4083],[96.3692,27.4083],[96.3945,27.4113],[96.4212,27.4232],[96.4373,27.4172],[96.4682,27.4077],[96.4849,27.4119],[96.4991,27.4309],[96.5164,27.4458],[96.5229,27.4476],[96.5818,27.447],[96.6157,27.4262],[96.6425,27.4285],[96.6604,27.4285],[96.6871,27.4256],[96.705,27.4018],[96.7115,27.3845],[96.7168,27.366],[96.7214,27.3634],[96.7287,27.3624],[96.7299,27.3594],[96.7378,27.3582],[96.7461,27.358],[96.7465,27.356],[96.7493,27.3557],[96.7517,27.3523],[96.7573,27.3544],[96.7605,27.3537],[96.7643,27.3547],[96.7669,27.3571],[96.7706,27.3558],[96.7744,27.3517],[96.7813,27.3505],[96.7862,27.348],[96.7886,27.3459],[96.7916,27.3457],[96.7986,27.3647],[96.81,27.3895],[96.8196,27.4009],[96.8396,27.4209],[96.8662,27.4342],[96.9005,27.4418],[96.9106,27.4475],[96.9079,27.4483],[96.9032,27.4527],[96.9035,27.4582],[96.9049,27.4698],[96.9076,27.4752],[96.9074,27.4781],[96.9103,27.4806],[96.9107,27.4858],[96.9136,27.4891],[96.9178,27.4971],[96.923,27.502],[96.9283,27.5116],[96.9298,27.5242],[96.9247,27.5333],[96.9189,27.5398],[96.913,27.5439],[96.9128,27.5501],[96.913,27.5709],[96.9122,27.5805],[96.9012,27.5801],[96.8967,27.5815],[96.8957,27.5873],[96.8967,27.6093],[96.8984,27.6142],[96.9002,27.6147],[96.8967,27.6159],[96.8858,27.6216],[96.8832,27.624],[96.8614,27.6309],[96.8559,27.6295],[96.8489,27.624],[96.83,27.6288],[96.826,27.6327],[96.8187,27.6322],[96.8129,27.6331],[96.8074,27.6315],[96.8024,27.6325],[96.7914,27.6399],[96.7827,27.6425],[96.7794,27.6406],[96.774,27.6311],[96.7733,27.6235],[96.7684,27.6161],[96.7649,27.617],[96.7565,27.6213],[96.7467,27.6326],[96.7326,27.6416],[96.727,27.6473],[96.7104,27.6485],[96.7056,27.6507],[96.7,27.6604],[96.6947,27.6575],[96.6879,27.6551],[96.6823,27.6547],[96.6765,27.6497],[96.6692,27.6473],[96.6663,27.6421],[96.6582,27.6337],[96.6408,27.6279],[96.6336,27.631],[96.6253,27.6316],[96.6139,27.6381],[96.6082,27.6431],[96.6089,27.6466],[96.6036,27.6467],[96.5963,27.654],[96.5883,27.6532],[96.5821,27.6561],[96.5665,27.6568],[96.5584,27.6506],[96.5496,27.6468],[96.5429,27.6473],[96.5307,27.6467],[96.5267,27.6441],[96.5192,27.6366],[96.5112,27.6422],[96.5086,27.6431],[96.5029,27.6418],[96.491,27.6433],[96.4875,27.645],[96.4803,27.646],[96.4735,27.6457],[96.469,27.6424],[96.4641,27.643],[96.4587,27.6416],[96.4525,27.6411],[96.4512,27.6437],[96.447,27.645],[96.4441,27.6521],[96.4398,27.6524],[96.4358,27.651],[96.4328,27.652],[96.4307,27.6493],[96.4227,27.6484],[96.4195,27.651],[96.413,27.6512],[96.4112,27.6494],[96.3941,27.6487],[96.3938,27.6454],[96.3883,27.6427],[96.3838,27.6388],[96.3782,27.6406],[96.3728,27.645],[96.3684,27.6424],[96.3519,27.6245],[96.3484,27.6061],[96.3438,27.6023],[96.3363,27.5984],[96.3342,27.5943],[96.3332,27.5889],[96.3312,27.5842],[96.3277,27.5792],[96.3138,27.5718],[96.3075,27.5658],[96.2957,27.5583],[96.2926,27.557],[96.289,27.5554],[96.2828,27.5561],[96.276,27.559],[96.2685,27.5578],[96.2643,27.5633],[96.2595,27.563],[96.2528,27.5642],[96.2427,27.5636],[96.2381,27.5666]]]},"properties":{"id":"in:subdistrict:1680","level":"subdistrict","name":"Miao ADC","code":1680,"parent":"in:district:229","state":"in:state:12"}},{"type":"Feature","geometry":{"type":"Polygon","coordinates":[[[95.942,27.5537],[95.9559,27.5485],[95.9631,27.536],[95.9874,27.5152],[96.0011,27.5104],[96.0933,27.508],[96.1157,27.5082],[96.179,27.5086],[96.1808,27.5217],[96.1909,27.5378],[96.2093,27.5443],[96.2381,27.5666],[96.2313,27.5665],[96.2248,27.5682],[96.2204,27.5735],[96.2158,27.5772],[96.2097,27.5773],[96.2081,27.5797],[96.2035,27.5806],[96.1998,27.584],[96.1969,27.5831],[96.1924,27.5883],[96.1889,27.5895],[96.1818,27.5901],[96.1716,27.5947],[96.17,27.5979],[96.1671,27.597],[96.1609,27.6011],[96.1402,27.6071],[96.1328,27.6064],[96.1305,27.6093],[96.1349,27.6118],[96.1332,27.6151],[96.1278,27.6164],[96.1258,27.6196],[96.1084,27.6155],[96.1029,27.6155],[96.0896,27.6113],[96.0731,27.6078],[96.0615,27.6063],[96.0564,27.6001],[96.0535,27.5929],[96.0475,27.5883],[96.0411,27.5866],[96.0325,27.5799],[96.0232,27.5712],[96.0158,27.567],[96.0019,27.5567],[95.9987,27.5596],[95.95,27.5546],[95.942,27.5537]]]},"properties":{"id":"in:subdistrict:1682","level":"subdistrict","name":"Diyun EAC","code":1682,"parent":"in:district:229","state":"in:state:12"}},{"type":"Feature","geometry":{"type":"Polygon","coordinates":[[[95.8758,27.5465],[95.8769,27.5429],[95.877,27.526],[95.8785,27.5185],[95.8758,27.5124],[95.8788,27.5049],[95.8821,27.5029],[95.8867,27.4969],[95.8792,27.4967],[95.8743,27.4932],[95.8729,27.4908],[95.873,27.4827],[95.8739,27.4812],[95.8715,27.4761],[95.8717,27.4708],[95.8707,27.4667],[95.8683,27.4651],[95.863,27.4647],[95.8593,27.4616],[95.857,27.4614],[95.8533,27.4569],[95.8546,27.4506],[95.8569,27.4468],[95.8558,27.4434],[95.8491,27.4412],[95.8467,27.4382],[95.8473,27.4362],[95.8453,27.432],[95.8431,27.4302],[95.8423,27.4268],[95.8435,27.4231],[95.8456,27.4204],[95.85,27.4178],[95.853,27.4111],[95.857,27.4101],[95.8601,27.408],[95.8625,27.4094],[95.8619,27.4124],[95.8577,27.4148],[95.8566,27.4191],[95.8592,27.4216],[95.8637,27.4228],[95.8647,27.4244],[95.8684,27.4249],[95.8712,27.4269],[95.8718,27.4294],[95.8757,27.4348],[95.8787,27.4361],[95.8832,27.4353],[95.8846,27.4337],[95.8847,27.4235],[95.8839,27.42],[95.8847,27.4183],[95.8843,27.4136],[95.8876,27.4117],[95.8883,27.409],[95.8876,27.4062],[95.8839,27.4019],[95.8857,27.3982],[95.891,27.4012],[95.8952,27.4085],[95.8991,27.4136],[95.9,27.422],[95.905,27.4292],[95.9067,27.4333],[95.9096,27.4354],[95.9132,27.4358],[95.9182,27.4347],[95.921,27.4361],[95.9288,27.4386],[95.9332,27.436],[95.9359,27.4356],[95.9386,27.4372],[95.9413,27.4373],[95.9456,27.4352],[95.9477,27.4314],[95.9448,27.4276],[95.9469,27.4252],[95.9511,27.424],[95.9534,27.4206],[95.9578,27.4278],[95.9603,27.429],[95.9632,27.4272],[95.9616,27.4202],[95.9623,27.4172],[95.9654,27.4186],[95.9649,27.4212],[95.9655,27.427],[95.9688,27.4281],[95.9703,27.4267],[95.9797,27.4622],[95.9976,27.4711],[96.01,27.4777],[96.0261,27.4807],[96.0517,27.4771],[96.0654,27.4694],[96.0779,27.4711],[96.0921,27.4848],[96.0975,27.4973],[96.1157,27.5082],[96.0933,27.508],[96.0011,27.5104],[95.9874,27.5152],[95.9631,27.536],[95.9559,27.5485],[95.942,27.5537],[95.8785,27.5472],[95.8758,27.5465]]]},"properties":{"id":"in:subdistrict:1683","level":"subdistrict","name":"Bordumsa ADC","code":1683,"parent":"in:district:229","state":"in:state:12"}},{"type":"Feature","geometry":{"type":"Polygon","coordinates":[[[96.103,27.4226],[96.1093,27.4483],[96.0872,27.4469],[96.0522,27.4554],[96.0293,27.4604],[96.0029,27.4611],[95.9797,27.4622],[95.9703,27.4267],[95.9696,27.4235],[95.9741,27.4217],[95.9754,27.4182],[95.9744,27.4169],[95.97,27.4159],[95.9734,27.4116],[95.9798,27.4123],[95.9833,27.4118],[95.9844,27.4096],[95.9842,27.4051],[96.028,27.4062],[96.0787,27.409],[96.0858,27.4219],[96.103,27.4226]]]},"properties":{"id":"in:subdistrict:1681","level":"subdistrict","name":"Kharsang Circle","code":1681,"parent":"in:district:229","state":"in:state:12"}},{"type":"Feature","geometry":{"type":"Polygon","coordinates":[[[95.9756,27.1058],[95.9798,27.1096],[95.9827,27.1108],[95.9859,27.1135],[95.9882,27.1201],[95.9918,27.1226],[95.9937,27.1273],[95.9972,27.1309],[95.9988,27.1352],[96.0007,27.1353],[96.0105,27.1422],[96.0099,27.1455],[96.0154,27.1518],[96.0154,27.1557],[96.0168,27.1592],[96.0186,27.1608],[96.0197,27.1664],[96.0183,27.1691],[96.0189,27.1713],[95.9912,27.1727],[95.9641,27.1591],[95.9448,27.1863],[95.9127,27.172],[95.8862,27.1726],[95.8789,27.169],[95.8753,27.1461],[95.8756,27.1334],[95.8898,27.1291],[95.9105,27.127],[95.9248,27.1284],[95.9355,27.1291],[95.9448,27.122],[95.9756,27.1058]]]},"properties":{"id":"in:subdistrict:x229-renuk","level":"subdistrict","name":"Renuk","code":0,"parent":"in:district:229","state":"in:state:12"}},{"type":"Feature","geometry":{"type":"Polygon","coordinates":[[[95.8756,27.1334],[95.8753,27.1461],[95.8789,27.169],[95.8862,27.1726],[95.9127,27.172],[95.9448,27.1863],[95.9641,27.1591],[95.9912,27.1727],[96.0189,27.1713],[96.0224,27.177],[96.023,27.1801],[96.025,27.1806],[96.0305,27.1845],[96.0316,27.186],[96.0358,27.1859],[96.0457,27.191],[96.0477,27.1928],[96.0546,27.1963],[96.055,27.1986],[96.0582,27.2017],[96.0367,27.2418],[96.0324,27.2618],[96.0331,27.282],[96.0332,27.2853],[96.0389,27.3232],[96.0267,27.3353],[96.0243,27.3404],[96.0155,27.3462],[96.0072,27.3531],[96.0025,27.3607],[95.9965,27.3564],[95.9933,27.3579],[95.9892,27.3565],[95.9887,27.3527],[95.9866,27.3479],[95.9869,27.3456],[95.978,27.3384],[95.9756,27.337],[95.9723,27.3369],[95.971,27.3328],[95.9653,27.3279],[95.9677,27.3257],[95.9721,27.3274],[95.9756,27.3245],[95.9677,27.3223],[95.9628,27.3231],[95.9619,27.3169],[95.9548,27.3169],[95.9566,27.3126],[95.9584,27.3102],[95.9534,27.3089],[95.95,27.3055],[95.9466,27.3038],[95.9424,27.3053],[95.9408,27.3048],[95.9376,27.3008],[95.9301,27.3003],[95.9268,27.2976],[95.9243,27.2969],[95.9177,27.2912],[95.9148,27.292],[95.9134,27.2891],[95.9072,27.289],[95.9066,27.2829],[95.9056,27.2823],[95.9011,27.2839],[95.8968,27.2817],[95.8982,27.2796],[95.9039,27.2756],[95.9036,27.2734],[95.9064,27.2654],[95.9132,27.2476],[95.9128,27.2319],[95.9255,27.2212],[95.8934,27.1955],[95.8452,27.1695],[95.8756,27.1334]]]},"properties":{"id":"in:subdistrict:1673","level":"subdistrict","name":"Manmao EAC","code":1673,"parent":"in:district:229","state":"in:state:12"}},{"type":"Feature","geometry":{"type":"Polygon","coordinates":[[[95.8452,27.1695],[95.8934,27.1955],[95.9255,27.2212],[95.9128,27.2319],[95.9132,27.2476],[95.9064,27.2654],[95.9036,27.2734],[95.8996,27.2737],[95.8999,27.2694],[95.8952,27.2685],[95.8946,27.2655],[95.8942,27.2569],[95.8924,27.2553],[95.8813,27.2559],[95.8765,27.2596],[95.872,27.2592],[95.8694,27.26],[95.8634,27.2667],[95.8611,27.2671],[95.855,27.2732],[95.8538,27.2792],[95.8556,27.2804],[95.8595,27.287],[95.8518,27.2868],[95.8478,27.2853],[95.8397,27.2839],[95.8295,27.2805],[95.8233,27.2789],[95.8154,27.2785],[95.8083,27.2749],[95.8042,27.2761],[95.7994,27.2766],[95.8026,27.2829],[95.7945,27.2816],[95.7895,27.2787],[95.7878,27.2764],[95.7818,27.2733],[95.7792,27.2697],[95.7775,27.2707],[95.774,27.2694],[95.7687,27.2691],[95.8047,27.2522],[95.8309,27.2391],[95.8311,27.2386],[95.838,27.2201],[95.8458,27.2064],[95.8416,27.1945],[95.838,27.1853],[95.8452,27.1695]]]},"properties":{"id":"in:subdistrict:6578","level":"subdistrict","name":"Lyngok Longtoi Circle","code":6578,"parent":"in:district:229","state":"in:state:12"}},{"type":"Feature","geometry":{"type":"Polygon","coordinates":[[[95.7227,27.209],[95.7842,27.2231],[95.8311,27.2386],[95.8309,27.2391],[95.8047,27.2522],[95.7687,27.2691],[95.7652,27.2673],[95.7569,27.2686],[95.7477,27.2657],[95.7455,27.2669],[95.7421,27.2667],[95.7367,27.2637],[95.7348,27.2605],[95.7277,27.26],[95.726,27.2572],[95.7231,27.2548],[95.7202,27.2495],[95.7138,27.2502],[95.7125,27.2526],[95.71,27.2524],[95.7079,27.2501],[95.7015,27.2486],[95.6965,27.2517],[95.6924,27.2532],[95.6798,27.2511],[95.6753,27.2466],[95.6535,27.2382],[95.6339,27.2303],[95.6356,27.2222],[95.641,27.2087],[95.6419,27.2016],[95.6407,27.193],[95.6425,27.1908],[95.6443,27.1916],[95.6569,27.1863],[95.6661,27.1802],[95.6962,27.1999],[95.7227,27.209]]]},"properties":{"id":"in:subdistrict:6580","level":"subdistrict","name":"Namtok EAC","code":6580,"parent":"in:district:229","state":"in:state:12"}},{"type":"Feature","geometry":{"type":"Polygon","coordinates":[[[95.6339,27.2303],[95.6316,27.2295],[95.6293,27.2313],[95.623,27.2315],[95.619,27.2325],[95.6113,27.2297],[95.6036,27.2242],[95.599,27.2229],[95.5902,27.2232],[95.5865,27.2109],[95.586,27.1985],[95.5903,27.1904],[95.5884,27.1852],[95.5651,27.1833],[95.5736,27.1714],[95.5775,27.1528],[95.5984,27.1533],[95.6112,27.1571],[95.6212,27.1642],[95.625,27.1818],[95.6355,27.188],[95.6425,27.1908],[95.6407,27.193],[95.6419,27.2016],[95.641,27.2087],[95.6356,27.2222],[95.6339,27.2303]]]},"properties":{"id":"in:subdistrict:1685","level":"subdistrict","name":"Soha Circle","code":1685,"parent":"in:district:239","state":"in:state:12"}},{"type":"Feature","geometry":{"type":"Polygon","coordinates":[[[95.6425,27.1908],[95.6355,27.188],[95.625,27.1818],[95.6212,27.1642],[95.6112,27.1571],[95.5984,27.1533],[95.5775,27.1528],[95.5736,27.1714],[95.5651,27.1833],[95.5884,27.1852],[95.5903,27.1904],[95.586,27.1985],[95.5865,27.2109],[95.5902,27.2232],[95.5876,27.2229],[95.584,27.2257],[95.5832,27.2283],[95.5805,27.2278],[95.5783,27.2321],[95.5745,27.2346],[95.5772,27.2383],[95.5754,27.2395],[95.5751,27.2432],[95.5719,27.2446],[95.5643,27.2447],[95.5581,27.249],[95.555,27.2485],[95.5516,27.2504],[95.5516,27.2534],[95.549,27.2536],[95.5485,27.2573],[95.5454,27.2599],[95.5415,27.2591],[95.5397,27.2611],[95.5339,27.2642],[95.5326,27.2615],[95.5297,27.2645],[95.5283,27.2632],[95.5253,27.2636],[95.522,27.26],[95.5182,27.2576],[95.5155,27.2577],[95.5112,27.262],[95.5087,27.2617],[95.5074,27.2594],[95.5068,27.254],[95.5038,27.2485],[95.4996,27.2462],[95.4912,27.2452],[95.4847,27.2414],[95.4832,27.2394],[95.4829,27.2365],[95.4788,27.2341],[95.4797,27.231],[95.4775,27.2268],[95.4715,27.2227],[95.4725,27.2199],[95.4714,27.2182],[95.4675,27.2183],[95.4676,27.2139],[95.4635,27.2106],[95.4581,27.2098],[95.4559,27.2036],[95.4584,27.2002],[95.4591,27.1954],[95.4625,27.1944],[95.4601,27.1919],[95.4664,27.1826],[95.466,27.1803],[95.46,27.1771],[95.4614,27.1733],[95.4647,27.1722],[95.4657,27.1669],[95.4634,27.1643],[95.4625,27.1617],[95.4584,27.1593],[95.4548,27.1588],[95.4534,27.1567],[95.4599,27.1535],[95.4622,27.1497],[95.4575,27.1441],[95.4565,27.1409],[95.4582,27.138],[95.4533,27.1294],[95.4494,27.1297],[95.4499,27.1339],[95.4459,27.1353],[95.4433,27.1346],[95.4425,27.131],[95.4397,27.1263],[95.4479,27.1113],[95.4643,27.0963],[95.4836,27.0799],[95.5075,27.0763],[95.5179,27.0738],[95.5411,27.0542],[95.5582,27.052],[95.5861,27.0549],[95.606,27.0738],[95.6107,27.0852],[95.626,27.092],[95.6344,27.0948],[95.6348,27.0999],[95.6306,27.1049],[95.6265,27.1065],[95.6158,27.1125],[95.6141,27.1122],[95.6077,27.1177],[95.6071,27.1221],[95.608,27.1257],[95.6074,27.1288],[95.6084,27.131],[95.6136,27.1364],[95.6235,27.1403],[95.626,27.1427],[95.6317,27.1426],[95.634,27.1448],[95.637,27.1439],[95.6403,27.1484],[95.643,27.1494],[95.643,27.1518],[95.6449,27.1532],[95.6479,27.1595],[95.6477,27.1633],[95.6491,27.1661],[95.6495,27.1745],[95.6477,27.1845],[95.6425,27.1908]]]},"properties":{"id":"in:subdistrict:1684","level":"subdistrict","name":"Deomali ADC","code":1684,"parent":"in:district:239","state":"in:state:12"}},{"type":"Feature","geometry":{"type":"Polygon","coordinates":[[[95.2332,26.6811],[95.2347,26.6826],[95.2387,26.6821],[95.244,26.6825],[95.2482,26.6837],[95.2498,26.6833],[95.2534,26.6792],[95.2571,26.6762],[95.2588,26.6722],[95.2576,26.6703],[95.2567,26.6609],[95.2587,26.6558],[95.2615,26.6553],[95.2642,26.6566],[95.272,26.6574],[95.2743,26.6586],[95.281,26.656],[95.2852,26.6554],[95.2898,26.6532],[95.2934,26.6522],[95.2956,26.6529],[95.3005,26.651],[95.304,26.651],[95.3108,26.6593],[95.3143,26.6631],[95.3171,26.6647],[95.32,26.664],[95.3266,26.6646],[95.3273,26.6686],[95.3352,26.6725],[95.3355,26.6744],[95.344,26.6754],[95.3485,26.6749],[95.3485,26.6732],[95.3514,26.672],[95.3554,26.6727],[95.3608,26.6711],[95.3656,26.6744],[95.37,26.6793],[95.3724,26.6835],[95.3762,26.6848],[95.3823,26.6845],[95.3878,26.6853],[95.3942,26.6851],[95.4011,26.6893],[95.4027,26.6947],[95.4096,26.6956],[95.409,26.7132],[95.4066,26.7368],[95.3943,26.7473],[95.3781,26.772],[95.38,26.7863],[95.3724,26.8006],[95.3667,26.8092],[95.3467,26.812],[95.3429,26.8082],[95.3429,26.7977],[95.34,26.7901],[95.32,26.7844],[95.2848,26.774],[95.2527,26.7621],[95.2211,26.7565],[95.2206,26.7561],[95.2165,26.754],[95.2157,26.7497],[95.2178,26.7456],[95.2174,26.7415],[95.2132,26.7354],[95.2125,26.7294],[95.2245,26.7179],[95.226,26.7109],[95.2324,26.7062],[95.23,26.6911],[95.2323,26.6855],[95.2332,26.6811]]]},"properties":{"id":"in:subdistrict:1692","level":"subdistrict","name":"Pangchao SDO","code":1692,"parent":"in:district:666","state":"in:state:12"}},{"type":"Feature","geometry":{"type":"Polygon","coordinates":[[[95.2206,26.7561],[95.2211,26.7565],[95.2527,26.7621],[95.2591,26.7749],[95.2627,26.7835],[95.2698,26.7942],[95.2698,26.7999],[95.2655,26.8356],[95.2805,26.8506],[95.2891,26.8634],[95.2977,26.892],[95.2934,26.9084],[95.2908,26.9121],[95.2757,26.9095],[95.2661,26.9085],[95.2566,26.9009],[95.2452,26.8933],[95.2286,26.8946],[95.228,26.8927],[95.2305,26.8852],[95.2266,26.88],[95.2145,26.8812],[95.2095,26.8799],[95.208,26.8761],[95.2031,26.8722],[95.1815,26.8594],[95.1824,26.854],[95.1897,26.8455],[95.1939,26.8437],[95.1943,26.8459],[95.2008,26.8432],[95.2052,26.845],[95.203,26.8406],[95.1971,26.8372],[95.1956,26.8342],[95.1971,26.8272],[95.1991,26.823],[95.2001,26.8156],[95.2034,26.8059],[95.2116,26.7926],[95.2141,26.7907],[95.2181,26.7877],[95.2239,26.7865],[95.2315,26.7834],[95.2367,26.7833],[95.239,26.7786],[95.2311,26.7745],[95.2281,26.7718],[95.2296,26.7661],[95.2256,26.7626],[95.2206,26.7561]]]},"properties":{"id":"in:subdistrict:6584","level":"subdistrict","name":"Pumao Circle","code":6584,"parent":"in:district:666","state":"in:state:12"}},{"type":"Feature","geometry":{"type":"Polygon","coordinates":[[[95.3687,27.1071],[95.3649,27.1082],[95.3548,27.1039],[95.3455,27.0977],[95.3384,27.0939],[95.3293,27.0877],[95.3228,27.0855],[95.3168,27.0828],[95.3116,27.0795],[95.3,27.07],[95.2973,27.0695],[95.2918,27.0665],[95.2904,27.0647],[95.2853,27.0611],[95.2831,27.0584],[95.2781,27.0549],[95.2767,27.05],[95.3034,27.0499],[95.2934,27.0399],[95.2691,27.0263],[95.2698,27.0078],[95.2755,26.9964],[95.2912,26.9885],[95.3077,26.9906],[95.3155,26.9914],[95.3198,26.9948],[95.3293,27.0067],[95.337,27.0181],[95.3531,27.0276],[95.3602,27.0327],[95.3698,27.0395],[95.3888,27.0447],[95.3851,27.0644],[95.387,27.0843],[95.3753,27.0931],[95.3714,27.0934],[95.37,27.0953],[95.3715,27.0999],[95.3682,27.1024],[95.3638,27.1031],[95.3687,27.1071]]]},"properties":{"id":"in:subdistrict:1689","level":"subdistrict","name":"Lawnu Circle","code":1689,"parent":"in:district:666","state":"in:state:12"}},{"type":"Feature","geometry":{"type":"Polygon","coordinates":[[[95.1925,27.0352],[95.1927,27.0271],[95.1948,27.0144],[95.1945,27.0103],[95.197,27.0008],[95.1967,26.9939],[95.1931,26.9924],[95.192,26.9845],[95.1973,26.9801],[95.2046,26.9792],[95.2068,26.9771],[95.202,26.9767],[95.2056,26.9696],[95.2118,26.9648],[95.2105,26.9626],[95.2056,26.9598],[95.2035,26.9571],[95.2053,26.9552],[95.2102,26.9532],[95.206,26.9511],[95.2089,26.9378],[95.2112,26.9314],[95.2138,26.9286],[95.2223,26.9288],[95.226,26.925],[95.2285,26.9205],[95.2306,26.9149],[95.2286,26.9122],[95.2288,26.9092],[95.2308,26.904],[95.2304,26.9002],[95.2286,26.8946],[95.2452,26.8933],[95.2566,26.9009],[95.2661,26.9085],[95.2757,26.9095],[95.2908,26.9121],[95.2877,26.9164],[95.2855,26.9314],[95.292,26.9421],[95.2941,26.9514],[95.2984,26.9671],[95.3077,26.9799],[95.3155,26.9914],[95.3077,26.9906],[95.2912,26.9885],[95.2755,26.9964],[95.2698,27.0078],[95.2691,27.0263],[95.2934,27.0399],[95.3034,27.0499],[95.2767,27.05],[95.2777,27.0483],[95.2755,27.0417],[95.2716,27.0412],[95.2687,27.0396],[95.2672,27.0374],[95.2623,27.0348],[95.261,27.0359],[95.2566,27.0304],[95.2538,27.0279],[95.2464,27.0238],[95.2443,27.0254],[95.2414,27.0308],[95.2402,27.0355],[95.2377,27.0371],[95.2335,27.0371],[95.2335,27.0405],[95.2322,27.0428],[95.2293,27.0415],[95.2311,27.0387],[95.2303,27.0357],[95.2264,27.0346],[95.2241,27.036],[95.2192,27.032],[95.2154,27.0302],[95.211,27.0296],[95.2075,27.0304],[95.2072,27.0323],[95.2032,27.0359],[95.1978,27.0363],[95.1942,27.0341],[95.1925,27.0352]]]},"properties":{"id":"in:subdistrict:1688","level":"subdistrict","name":"Kanubari ADC","code":1688,"parent":"in:district:666","state":"in:state:12"}},{"type":"Feature","geometry":{"type":"Polygon","coordinates":[[[95.3429,26.8082],[95.3421,26.8319],[95.3481,26.8352],[95.3552,26.8408],[95.3579,26.8486],[95.3579,26.8616],[95.3582,26.8697],[95.3638,26.878],[95.3715,26.887],[95.371,26.8975],[95.3753,26.906],[95.3791,26.9127],[95.3767,26.9251],[95.3681,26.9355],[95.3707,26.9561],[95.3772,27.0088],[95.3757,27.0179],[95.3602,27.0327],[95.3698,27.0395],[95.3602,27.0327],[95.3531,27.0276],[95.337,27.0181],[95.3293,27.0067],[95.3198,26.9948],[95.3155,26.9914],[95.3077,26.9799],[95.2984,26.9671],[95.2941,26.9514],[95.292,26.9421],[95.2855,26.9314],[95.2877,26.9164],[95.2908,26.9121],[95.2934,26.9084],[95.2977,26.892],[95.2891,26.8634],[95.2805,26.8506],[95.2655,26.8356],[95.2698,26.7999],[95.2698,26.7942],[95.2627,26.7835],[95.2591,26.7749],[95.2527,26.7621],[95.2848,26.774],[95.32,26.7844],[95.34,26.7901],[95.3429,26.7977],[95.3429,26.8082]]]},"properties":{"id":"in:subdistrict:6074","level":"subdistrict","name":"Longding HQ","code":6074,"parent":"in:district:666","state":"in:state:12"}},{"type":"Feature","geometry":{"type":"Polygon","coordinates":[[[95.3791,26.9127],[95.4066,26.8857],[95.414,26.8857],[95.4289,26.8941],[95.45,26.9045],[95.4717,26.9128],[95.4811,26.9359],[95.4792,26.9597],[95.4668,26.9721],[95.4439,26.9682],[95.4249,26.9606],[95.3707,26.9561],[95.3681,26.9355],[95.3767,26.9251],[95.3791,26.9127]]]},"properties":{"id":"in:subdistrict:1687","level":"subdistrict","name":"Dadam Circle","code":1687,"parent":"in:district:239","state":"in:state:12"}},{"type":"Feature","geometry":{"type":"Polygon","coordinates":[[[95.6236,26.9816],[95.616,26.9825],[95.6161,26.9849],[95.6236,26.9895],[95.6234,26.9923],[95.6275,26.9987],[95.6271,27.0007],[95.6241,27.0039],[95.6241,27.0076],[95.6275,27.011],[95.6283,27.0198],[95.6316,27.0245],[95.6341,27.0267],[95.6367,27.0325],[95.6418,27.0351],[95.6418,27.0406],[95.6472,27.0484],[95.6512,27.0532],[95.6516,27.0547],[95.6464,27.0592],[95.6464,27.065],[95.6432,27.0689],[95.6414,27.0723],[95.6395,27.0738],[95.639,27.0769],[95.6419,27.0853],[95.6426,27.0891],[95.6376,27.0899],[95.6354,27.0919],[95.6344,27.0948],[95.626,27.092],[95.6107,27.0852],[95.606,27.0738],[95.5861,27.0549],[95.5582,27.052],[95.5411,27.0542],[95.5179,27.0738],[95.5075,27.0763],[95.4836,27.0799],[95.4643,27.0963],[95.4479,27.1113],[95.4397,27.1263],[95.4267,27.1262],[95.421,27.1258],[95.4156,27.1227],[95.398,27.1084],[95.3943,27.1086],[95.3838,27.1048],[95.3821,27.0999],[95.383,27.0982],[95.3753,27.0931],[95.387,27.0843],[95.3851,27.0644],[95.3888,27.0447],[95.3698,27.0395],[95.3602,27.0327],[95.3757,27.0179],[95.3772,27.0088],[95.3707,26.9561],[95.4249,26.9606],[95.4439,26.9682],[95.4668,26.9721],[95.4792,26.9597],[95.4811,26.9359],[95.4717,26.9128],[95.45,26.9045],[95.4289,26.8941],[95.414,26.8857],[95.4404,26.8672],[95.4718,26.8679],[95.5048,26.8767],[95.5069,26.8987],[95.525,26.9026],[95.5479,26.9159],[95.5517,26.9416],[95.5764,26.9463],[95.5897,26.9501],[95.605,26.9597],[95.6135,26.9768],[95.6236,26.9816]]]},"properties":{"id":"in:subdistrict:1686","level":"subdistrict","name":"Khonsa HQ","code":1686,"parent":"in:district:239","state":"in:state:12"}},{"type":"Feature","geometry":{"type":"Polygon","coordinates":[[[95.5048,26.8767],[95.4718,26.8679],[95.4404,26.8672],[95.414,26.8857],[95.4066,26.8857],[95.3791,26.9127],[95.3753,26.906],[95.371,26.8975],[95.3715,26.887],[95.3638,26.878],[95.3582,26.8697],[95.3579,26.8616],[95.3579,26.8486],[95.3552,26.8408],[95.3481,26.8352],[95.3421,26.8319],[95.3429,26.8082],[95.3467,26.812],[95.3667,26.8092],[95.3724,26.8006],[95.38,26.7863],[95.3781,26.772],[95.3943,26.7473],[95.4066,26.7368],[95.409,26.7132],[95.4096,26.6956],[95.4125,26.694],[95.4196,26.6957],[95.4291,26.7009],[95.4314,26.7007],[95.4323,26.704],[95.4307,26.7076],[95.4319,26.7109],[95.4319,26.7161],[95.4344,26.7191],[95.442,26.7229],[95.4477,26.7284],[95.4503,26.7319],[95.4537,26.7349],[95.4551,26.7386],[95.4591,26.7439],[95.4659,26.7448],[95.4739,26.7412],[95.4828,26.7474],[95.482,26.75],[95.4833,26.7519],[95.4842,26.7571],[95.4878,26.762],[95.4895,26.7632],[95.4924,26.7709],[95.4958,26.7762],[95.4958,26.7784],[95.4992,26.7843],[95.5027,26.7873],[95.5048,26.792],[95.504,26.795],[95.5057,26.7996],[95.4965,26.8178],[95.5048,26.8767]]]},"properties":{"id":"in:subdistrict:6012","level":"subdistrict","name":"Wakka SDO","code":6012,"parent":"in:district:666","state":"in:state:12"}},{"type":"Feature","geometry":{"type":"Polygon","coordinates":[[[94.2025,27.4945],[94.2041,27.5156],[94.207,27.5353],[94.1919,27.544],[94.1697,27.5429],[94.142,27.5258],[94.1184,27.5123],[94.0879,27.4952],[94.0492,27.4953],[94.0105,27.5016],[93.9801,27.503],[93.9734,27.5027],[93.959,27.4971],[93.9479,27.4956],[93.9627,27.4575],[93.9456,27.4489],[93.9784,27.409],[94.007,27.4147],[94.05,27.3578],[94.0532,27.3598],[94.0598,27.3615],[94.0609,27.3653],[94.0681,27.3716],[94.0715,27.3795],[94.0745,27.3851],[94.0753,27.3888],[94.0806,27.3959],[94.0896,27.407],[94.098,27.4112],[94.1049,27.414],[94.1152,27.4272],[94.1179,27.4297],[94.1277,27.4346],[94.1309,27.4401],[94.133,27.442],[94.1419,27.447],[94.1501,27.4543],[94.1554,27.457],[94.1551,27.4591],[94.1594,27.4616],[94.1586,27.4689],[94.1567,27.4749],[94.1645,27.4768],[94.1691,27.4812],[94.1741,27.4812],[94.1785,27.4843],[94.185,27.4873],[94.1875,27.4916],[94.1938,27.4939],[94.1964,27.4929],[94.1989,27.4945],[94.2025,27.4945]]]},"properties":{"id":"in:subdistrict:6601","level":"subdistrict","name":"Kakoi Circle","code":6601,"parent":"in:district:237","state":"in:state:12"}},{"type":"Feature","geometry":{"type":"Polygon","coordinates":[[[93.9479,27.4956],[93.9448,27.4952],[93.9405,27.4927],[93.9362,27.4879],[93.9324,27.4906],[93.9289,27.4912],[93.9261,27.4906],[93.9233,27.4913],[93.9183,27.4874],[93.9149,27.4786],[93.9124,27.4768],[93.9108,27.4733],[93.9069,27.4701],[93.9036,27.465],[93.8946,27.4613],[93.8899,27.4602],[93.8872,27.4606],[93.8822,27.4575],[93.8756,27.4584],[93.8721,27.454],[93.8739,27.4517],[93.8727,27.445],[93.8689,27.4424],[93.863,27.4369],[93.8564,27.4334],[93.8531,27.434],[93.8424,27.4273],[93.8364,27.4213],[93.8344,27.4172],[93.8344,27.4135],[93.8286,27.4078],[93.8247,27.4012],[93.8222,27.4014],[93.8199,27.3989],[93.815,27.3915],[93.8139,27.3829],[93.8189,27.3814],[93.8221,27.3785],[93.8252,27.3769],[93.8263,27.3656],[93.8284,27.3609],[93.832,27.3566],[93.8383,27.3558],[93.8391,27.3537],[93.8465,27.3511],[93.8491,27.3486],[93.8466,27.3429],[93.8462,27.3381],[93.8483,27.3337],[93.8411,27.3292],[93.8413,27.3262],[93.8585,27.3176],[93.8927,27.3076],[93.887,27.3019],[93.8699,27.289],[93.8399,27.2548],[93.8299,27.2419],[93.8299,27.2379],[93.8299,27.2362],[93.8385,27.2334],[93.8447,27.2338],[93.8599,27.2348],[93.8952,27.2335],[93.8994,27.2391],[93.9058,27.2435],[93.9098,27.2491],[93.9263,27.2625],[93.934,27.2699],[93.9447,27.2812],[93.9498,27.2873],[93.9553,27.2933],[93.9665,27.303],[93.9727,27.3091],[93.9859,27.3227],[93.9913,27.3283],[94.0116,27.3385],[94.0216,27.3448],[94.0221,27.3462],[94.0274,27.3452],[94.0313,27.3486],[94.0341,27.3485],[94.0368,27.3506],[94.0406,27.3515],[94.05,27.3578],[94.007,27.4147],[93.9784,27.409],[93.9456,27.4489],[93.9627,27.4575],[93.9479,27.4956]]]},"properties":{"id":"in:subdistrict:1605","level":"subdistrict","name":"Kimin SDO","code":1605,"parent":"in:district:237","state":"in:state:12"}},{"type":"Feature","geometry":{"type":"Polygon","coordinates":[[[93.88,27.2152],[93.884,27.2196],[93.8952,27.2335],[93.8599,27.2348],[93.8447,27.2338],[93.8077,27.1948],[93.7708,27.1585],[93.7642,27.1347],[93.7632,27.1282],[93.7685,27.1282],[93.7775,27.1264],[93.7893,27.1246],[93.7959,27.1323],[93.7944,27.1353],[93.796,27.1376],[93.8054,27.1371],[93.8053,27.1481],[93.8165,27.1586],[93.8253,27.1685],[93.8373,27.1716],[93.8439,27.1774],[93.8599,27.1935],[93.8642,27.1962],[93.8663,27.1999],[93.872,27.2067],[93.88,27.2152]]]},"properties":{"id":"in:subdistrict:6602","level":"subdistrict","name":"Gumto Circle","code":6602,"parent":"in:district:237","state":"in:state:12"}},{"type":"Feature","geometry":{"type":"Polygon","coordinates":[[[93.8299,27.2379],[93.8047,27.2272],[93.791,27.2254],[93.7637,27.2206],[93.7482,27.22],[93.725,27.2117],[93.7082,27.1949],[93.6961,27.1821],[93.6913,27.1797],[93.6918,27.1728],[93.6977,27.1556],[93.7025,27.1425],[93.718,27.1324],[93.7378,27.1344],[93.7477,27.1222],[93.7632,27.1282],[93.7642,27.1347],[93.7708,27.1585],[93.8077,27.1948],[93.8447,27.2338],[93.8385,27.2334],[93.8299,27.2362],[93.8299,27.2379]]]},"properties":{"id":"in:subdistrict:1598","level":"subdistrict","name":"Doimukh SDO","code":1598,"parent":"in:district:237","state":"in:state:12"}},{"type":"Feature","geometry":{"type":"Polygon","coordinates":[[[93.9261,27.4906],[93.9314,27.4988],[93.9312,27.5014],[93.9342,27.5037],[93.9355,27.5068],[93.9345,27.5117],[93.9326,27.5163],[93.9303,27.5191],[93.9273,27.5275],[93.9285,27.5296],[93.9344,27.5342],[93.937,27.539],[93.94,27.5401],[93.9454,27.5441],[93.9481,27.548],[93.9482,27.5535],[93.9519,27.5586],[93.9517,27.5613],[93.9539,27.5639],[93.9533,27.5667],[93.9551,27.5697],[93.9575,27.5761],[93.9622,27.5803],[93.9638,27.5861],[93.9582,27.5893],[93.9535,27.5991],[93.9524,27.6026],[93.9505,27.6044],[93.9468,27.6044],[93.9424,27.6034],[93.9374,27.6044],[93.9348,27.6068],[93.935,27.6122],[93.9328,27.6193],[93.9224,27.6119],[93.9117,27.6144],[93.9032,27.6198],[93.885,27.628],[93.8767,27.6198],[93.8675,27.6155],[93.85,27.6187],[93.8321,27.6194],[93.7986,27.5954],[93.8179,27.579],[93.8278,27.5518],[93.8486,27.529],[93.855,27.5097],[93.8902,27.4918],[93.9149,27.4786],[93.9183,27.4874],[93.9233,27.4913],[93.9261,27.4906]]]},"properties":{"id":"in:subdistrict:1695","level":"subdistrict","name":"Ziro HQ","code":1695,"parent":"in:district:236","state":"in:state:12"}},{"type":"Feature","geometry":{"type":"Polygon","coordinates":[[[93.9328,27.6193],[93.9346,27.6246],[93.9344,27.6323],[93.9305,27.6345],[93.9302,27.6396],[93.9318,27.6449],[93.9318,27.6475],[93.9362,27.666],[93.9354,27.669],[93.932,27.6723],[93.9324,27.6768],[93.9344,27.6803],[93.9304,27.684],[93.9269,27.6911],[93.927,27.6967],[93.9317,27.6992],[93.9359,27.7041],[93.9388,27.7116],[93.9381,27.7155],[93.9343,27.7205],[93.9344,27.7257],[93.9322,27.7341],[93.9289,27.7411],[93.9261,27.7453],[93.9222,27.747],[93.9164,27.7457],[93.9074,27.7429],[93.9064,27.7499],[93.8905,27.7431],[93.8566,27.7341],[93.8281,27.6984],[93.815,27.6925],[93.7841,27.6913],[93.7643,27.6653],[93.7786,27.6439],[93.7857,27.6282],[93.7986,27.5954],[93.8321,27.6194],[93.85,27.6187],[93.8675,27.6155],[93.8767,27.6198],[93.885,27.628],[93.9032,27.6198],[93.9117,27.6144],[93.9224,27.6119],[93.9328,27.6193]]]},"properties":{"id":"in:subdistrict:6107","level":"subdistrict","name":"Old Ziro SDO","code":6107,"parent":"in:district:236","state":"in:state:12"}},{"type":"Feature","geometry":{"type":"Polygon","coordinates":[[[93.9064,27.7499],[93.9054,27.7611],[93.9083,27.7683],[93.914,27.7767],[93.9151,27.782],[93.9119,27.7837],[93.9072,27.7846],[93.9045,27.7833],[93.8981,27.7842],[93.8941,27.7855],[93.8935,27.7872],[93.8903,27.7898],[93.8826,27.7989],[93.8816,27.7932],[93.8756,27.7929],[93.8732,27.7919],[93.868,27.7879],[93.8623,27.7856],[93.8552,27.7838],[93.853,27.7852],[93.8481,27.782],[93.8441,27.7816],[93.8332,27.7823],[93.8287,27.7839],[93.8246,27.7845],[93.8159,27.7828],[93.8109,27.778],[93.8066,27.7778],[93.7987,27.7753],[93.7867,27.7749],[93.7818,27.773],[93.7802,27.7713],[93.7754,27.7692],[93.7696,27.7686],[93.7695,27.7668],[93.7712,27.7589],[93.7727,27.7557],[93.7733,27.7511],[93.7721,27.7476],[93.7712,27.7397],[93.7727,27.7368],[93.7708,27.7321],[93.7676,27.7301],[93.7682,27.7274],[93.7673,27.7214],[93.7712,27.7131],[93.7687,27.7083],[93.7645,27.7048],[93.7603,27.704],[93.7544,27.7011],[93.7492,27.7001],[93.7413,27.7],[93.7402,27.6966],[93.7371,27.6914],[93.7355,27.6859],[93.7309,27.6837],[93.7144,27.6807],[93.7159,27.681],[93.7233,27.6731],[93.7458,27.6625],[93.7643,27.6653],[93.7841,27.6913],[93.815,27.6925],[93.8281,27.6984],[93.8566,27.7341],[93.8905,27.7431],[93.9064,27.7499]]]},"properties":{"id":"in:subdistrict:1697","level":"subdistrict","name":"Yachuli ADC","code":1697,"parent":"in:district:236","state":"in:state:12"}},{"type":"Feature","geometry":{"type":"Polygon","coordinates":[[[93.8826,27.7989],[93.8908,27.7977],[93.8934,27.8],[93.9002,27.7978],[93.9043,27.8005],[93.9056,27.8029],[93.9095,27.8055],[93.9129,27.8061],[93.9185,27.8082],[93.9204,27.8135],[93.9229,27.8179],[93.9265,27.8203],[93.9299,27.8267],[93.9373,27.8312],[93.936,27.8358],[93.9386,27.8431],[93.9424,27.8499],[93.9478,27.8565],[93.9524,27.8613],[93.9523,27.8646],[93.9481,27.8702],[93.9455,27.8722],[93.944,27.875],[93.9355,27.8782],[93.9273,27.8785],[93.9195,27.8805],[93.9151,27.8804],[93.9092,27.8855],[93.9041,27.8913],[93.9045,27.8957],[93.8997,27.9002],[93.8901,27.908],[93.8838,27.9116],[93.8816,27.9148],[93.8768,27.9101],[93.8684,27.9047],[93.8564,27.9002],[93.8507,27.8943],[93.8463,27.8927],[93.84,27.8874],[93.8375,27.8872],[93.8334,27.8895],[93.828,27.8958],[93.8194,27.9013],[93.8158,27.9052],[93.8089,27.9085],[93.8042,27.9119],[93.797,27.9186],[93.7959,27.919],[93.7878,27.9119],[93.7816,27.9105],[93.7768,27.9127],[93.7719,27.9086],[93.7714,27.9059],[93.7685,27.9049],[93.7612,27.9001],[93.7593,27.901],[93.751,27.8983],[93.7411,27.8971],[93.7382,27.8973],[93.7335,27.8992],[93.7248,27.8975],[93.7212,27.8964],[93.7149,27.8914],[93.7116,27.8899],[93.7045,27.8908],[93.6999,27.8906],[93.6945,27.8892],[93.6913,27.8872],[93.6883,27.8816],[93.6864,27.8736],[93.687,27.8709],[93.6846,27.8655],[93.6796,27.8627],[93.6804,27.8585],[93.6837,27.8521],[93.6837,27.8415],[93.6855,27.8352],[93.6814,27.8316],[93.6812,27.8289],[93.6779,27.8267],[93.6748,27.8267],[93.6757,27.8221],[93.6748,27.8209],[93.6632,27.8126],[93.6598,27.8109],[93.6598,27.8076],[93.6577,27.804],[93.6577,27.7975],[93.6542,27.7953],[93.6564,27.7925],[93.66,27.7855],[93.6638,27.7831],[93.665,27.7798],[93.6698,27.7801],[93.6735,27.7782],[93.6786,27.7746],[93.6801,27.7722],[93.6845,27.7687],[93.6884,27.7637],[93.6878,27.7584],[93.6864,27.755],[93.6936,27.7576],[93.6993,27.7583],[93.7126,27.7552],[93.7188,27.7543],[93.7232,27.7554],[93.7278,27.7582],[93.7325,27.7628],[93.7387,27.7668],[93.7506,27.7693],[93.7546,27.7669],[93.7613,27.7669],[93.7696,27.7686],[93.7754,27.7692],[93.7802,27.7713],[93.7818,27.773],[93.7867,27.7749],[93.7987,27.7753],[93.8066,27.7778],[93.8109,27.778],[93.8159,27.7828],[93.8246,27.7845],[93.8287,27.7839],[93.8332,27.7823],[93.8441,27.7816],[93.8481,27.782],[93.853,27.7852],[93.8552,27.7838],[93.8623,27.7856],[93.868,27.7879],[93.8732,27.7919],[93.8756,27.7929],[93.8816,27.7932],[93.8826,27.7989]]]},"properties":{"id":"in:subdistrict:1709","level":"subdistrict","name":"Chambang Circle","code":1709,"parent":"in:district:236","state":"in:state:12"}},{"type":"Feature","geometry":{"type":"Polygon","coordinates":[[[94.2104,27.6084],[94.2132,27.6139],[94.2311,27.6377],[94.2478,27.6511],[94.2558,27.6561],[94.2669,27.6658],[94.2779,27.671],[94.2878,27.6765],[94.3024,27.6847],[94.3113,27.6915],[94.322,27.703],[94.3341,27.7091],[94.3443,27.7129],[94.3517,27.7143],[94.3555,27.7192],[94.356,27.7288],[94.3491,27.7302],[94.3423,27.7263],[94.3386,27.7252],[94.3203,27.7347],[94.3142,27.739],[94.3101,27.7452],[94.3136,27.7687],[94.3171,27.774],[94.3151,27.7766],[94.3071,27.7823],[94.2885,27.765],[94.273,27.7603],[94.2611,27.7329],[94.2421,27.7305],[94.2052,27.7186],[94.1874,27.702],[94.185,27.6782],[94.1684,27.6782],[94.1517,27.6484],[94.1386,27.6318],[94.1077,27.6187],[94.0756,27.608],[94.0532,27.608],[94.0161,27.6116],[93.9471,27.6294],[93.9328,27.6193],[93.935,27.6122],[93.9348,27.6068],[93.9374,27.6044],[93.9424,27.6034],[93.9468,27.6044],[93.9505,27.6044],[93.9524,27.6026],[93.9535,27.5991],[93.9582,27.5893],[93.9638,27.5861],[93.9622,27.5803],[93.9575,27.5761],[93.9551,27.5697],[93.9533,27.5667],[93.9539,27.5639],[93.9517,27.5613],[93.9519,27.5586],[93.9482,27.5535],[93.9481,27.548],[93.9454,27.5441],[93.94,27.5401],[93.937,27.539],[93.9344,27.5342],[93.9285,27.5296],[93.9273,27.5275],[93.9303,27.5191],[93.9326,27.5163],[93.9345,27.5117],[93.9355,27.5068],[93.9342,27.5037],[93.9312,27.5014],[93.9314,27.4988],[93.9261,27.4906],[93.9289,27.4912],[93.9324,27.4906],[93.9362,27.4879],[93.9405,27.4927],[93.9448,27.4952],[93.9479,27.4956],[93.959,27.4971],[93.9734,27.5027],[93.9801,27.503],[94.0105,27.5016],[94.0492,27.4953],[94.0879,27.4952],[94.1184,27.5123],[94.142,27.5258],[94.1697,27.5429],[94.1919,27.544],[94.207,27.5353],[94.2041,27.5156],[94.2025,27.4945],[94.2073,27.4927],[94.2101,27.493],[94.212,27.4957],[94.2137,27.5003],[94.216,27.5027],[94.2208,27.5053],[94.2293,27.508],[94.2414,27.513],[94.2682,27.5208],[94.2601,27.5315],[94.2582,27.5349],[94.2568,27.5401],[94.2588,27.5463],[94.2595,27.5524],[94.2587,27.5555],[94.2532,27.5607],[94.2494,27.5665],[94.2467,27.5695],[94.2413,27.5701],[94.2358,27.569],[94.2262,27.5732],[94.2239,27.5765],[94.2236,27.5854],[94.2228,27.5882],[94.2238,27.5914],[94.227,27.5962],[94.2263,27.5982],[94.2187,27.5985],[94.2134,27.6002],[94.2109,27.6018],[94.2092,27.6072],[94.2104,27.6084]]]},"properties":{"id":"in:subdistrict:1701","level":"subdistrict","name":"Dollungmukh Circle","code":1701,"parent":"in:district:718","state":"in:state:12"}},{"type":"Feature","geometry":{"type":"Polygon","coordinates":[[[94.153,27.8573],[94.1491,27.866],[94.1461,27.8669],[94.1415,27.8662],[94.1357,27.8619],[94.1286,27.8578],[94.122,27.8618],[94.1126,27.86],[94.1023,27.861],[94.0965,27.8598],[94.0865,27.8531],[94.0742,27.8493],[94.0685,27.8574],[94.047,27.8293],[94.0339,27.8007],[94.047,27.7817],[94.0803,27.7746],[94.1255,27.7805],[94.1541,27.7829],[94.1981,27.7829],[94.2112,27.7817],[94.2302,27.7888],[94.2526,27.8081],[94.2038,27.8123],[94.1934,27.8114],[94.1921,27.8153],[94.1919,27.8365],[94.1832,27.8406],[94.1704,27.8454],[94.1601,27.8438],[94.154,27.8519],[94.153,27.8573]]]},"properties":{"id":"in:subdistrict:x718-raga","level":"subdistrict","name":"Raga","code":0,"parent":"in:district:718","state":"in:state:12"}},{"type":"Feature","geometry":{"type":"Polygon","coordinates":[[[93.9328,27.6193],[93.9471,27.6294],[94.0161,27.6116],[94.0532,27.608],[94.0756,27.608],[94.1077,27.6187],[94.1386,27.6318],[94.1517,27.6484],[94.1684,27.6782],[94.185,27.6782],[94.1874,27.702],[94.2052,27.7186],[94.2421,27.7305],[94.2611,27.7329],[94.273,27.7603],[94.2885,27.765],[94.3071,27.7823],[94.2976,27.7883],[94.2941,27.7904],[94.274,27.8006],[94.2575,27.8077],[94.2526,27.8081],[94.2302,27.7888],[94.2112,27.7817],[94.1981,27.7829],[94.1541,27.7829],[94.1255,27.7805],[94.0803,27.7746],[94.047,27.7817],[94.0339,27.8007],[94.047,27.8293],[94.0685,27.8574],[94.0602,27.8694],[94.0597,27.8757],[94.0605,27.8796],[94.0583,27.8874],[94.0562,27.9062],[94.0517,27.9081],[94.0477,27.9119],[94.0478,27.9145],[94.0531,27.918],[94.0571,27.9222],[94.0682,27.9391],[94.0645,27.941],[94.0625,27.9441],[94.0589,27.9458],[94.0546,27.9503],[94.0502,27.9562],[94.0438,27.957],[94.0313,27.9612],[94.027,27.9611],[94.0206,27.9592],[94.0109,27.9585],[94.0048,27.9646],[94.0004,27.9658],[93.9907,27.9751],[93.9876,27.9764],[93.9772,27.9773],[93.9736,27.9727],[93.969,27.9678],[93.965,27.9645],[93.9613,27.9637],[93.9575,27.9652],[93.9533,27.9652],[93.9474,27.962],[93.9465,27.9579],[93.9484,27.9477],[93.9475,27.9405],[93.9434,27.9399],[93.9386,27.9372],[93.9361,27.9349],[93.9351,27.9315],[93.9362,27.9253],[93.9364,27.9201],[93.9352,27.9169],[93.9292,27.9107],[93.9258,27.9042],[93.9222,27.8997],[93.9183,27.8973],[93.9112,27.8982],[93.9068,27.9001],[93.9045,27.8957],[93.9041,27.8913],[93.9092,27.8855],[93.9151,27.8804],[93.9195,27.8805],[93.9273,27.8785],[93.9355,27.8782],[93.944,27.875],[93.9455,27.8722],[93.9481,27.8702],[93.9523,27.8646],[93.9524,27.8613],[93.9478,27.8565],[93.9424,27.8499],[93.9386,27.8431],[93.936,27.8358],[93.9373,27.8312],[93.9299,27.8267],[93.9265,27.8203],[93.9229,27.8179],[93.9204,27.8135],[93.9185,27.8082],[93.9129,27.8061],[93.9095,27.8055],[93.9056,27.8029],[93.9043,27.8005],[93.9002,27.7978],[93.8934,27.8],[93.8908,27.7977],[93.8826,27.7989],[93.8903,27.7898],[93.8935,27.7872],[93.8941,27.7855],[93.8981,27.7842],[93.9045,27.7833],[93.9072,27.7846],[93.9119,27.7837],[93.9151,27.782],[93.914,27.7767],[93.9083,27.7683],[93.9054,27.7611],[93.9064,27.7499],[93.9074,27.7429],[93.9164,27.7457],[93.9222,27.747],[93.9261,27.7453],[93.9289,27.7411],[93.9322,27.7341],[93.9344,27.7257],[93.9343,27.7205],[93.9381,27.7155],[93.9388,27.7116],[93.9359,27.7041],[93.9317,27.6992],[93.927,27.6967],[93.9269,27.6911],[93.9304,27.684],[93.9344,27.6803],[93.9324,27.6768],[93.932,27.6723],[93.9354,27.669],[93.9362,27.666],[93.9318,27.6475],[93.9318,27.6449],[93.9302,27.6396],[93.9305,27.6345],[93.9344,27.6323],[93.9346,27.6246],[93.9328,27.6193]]]},"properties":{"id":"in:subdistrict:1700","level":"subdistrict","name":"Kamporijo Circle","code":1700,"parent":"in:district:718","state":"in:state:12"}},{"type":"Feature","geometry":{"type":"Polygon","coordinates":[[[94.153,27.8573],[94.1668,27.8686],[94.2049,27.9067],[94.237,27.9352],[94.2856,27.9714],[94.2824,27.9725],[94.2734,27.9796],[94.2679,27.9824],[94.2638,27.9859],[94.2614,27.9869],[94.2557,27.9864],[94.2528,27.9875],[94.2481,27.9993],[94.2481,28.0066],[94.2494,28.0148],[94.2509,28.0199],[94.2421,28.0096],[94.2017,28.0227],[94.1743,28.0596],[94.141,28.0465],[94.1029,28.0299],[94.0744,28.0073],[94.0898,27.9847],[94.0546,27.9503],[94.0589,27.9458],[94.0625,27.9441],[94.0645,27.941],[94.0682,27.9391],[94.0571,27.9222],[94.0531,27.918],[94.0478,27.9145],[94.0477,27.9119],[94.0517,27.9081],[94.0562,27.9062],[94.0583,27.8874],[94.0605,27.8796],[94.0597,27.8757],[94.0602,27.8694],[94.0685,27.8574],[94.0742,27.8493],[94.0865,27.8531],[94.0965,27.8598],[94.1023,27.861],[94.1126,27.86],[94.122,27.8618],[94.1286,27.8578],[94.1357,27.8619],[94.1415,27.8662],[94.1461,27.8669],[94.1491,27.866],[94.153,27.8573]]]},"properties":{"id":"in:subdistrict:1615","level":"subdistrict","name":"Daporijo Hq","code":1615,"parent":"in:district:241","state":"in:state:12"}},{"type":"Feature","geometry":{"type":"Polygon","coordinates":[[[94.0546,27.9503],[94.0898,27.9847],[94.0744,28.0073],[94.1029,28.0299],[94.141,28.0465],[94.1578,28.0531],[94.1445,28.0759],[94.1337,28.0952],[94.1323,28.0936],[94.1005,28.1077],[94.0723,28.0775],[94.019,28.087],[93.9562,28.0984],[93.9058,28.0955],[93.8875,28.0969],[93.8841,28.0904],[93.8852,28.0821],[93.8825,28.0787],[93.8823,28.0757],[93.8794,28.0739],[93.8775,28.0697],[93.8765,28.0672],[93.8773,28.065],[93.8761,28.0618],[93.875,28.056],[93.8764,28.0514],[93.8826,28.0477],[93.8854,28.045],[93.8854,28.0426],[93.8898,28.0421],[93.8919,28.0447],[93.8955,28.0445],[93.898,28.0424],[93.8987,28.0396],[93.9018,28.039],[93.9059,28.0345],[93.9137,28.0296],[93.9138,28.027],[93.916,28.0225],[93.9186,28.0188],[93.9196,28.0149],[93.9173,28.0114],[93.9183,28.0063],[93.9207,28.0054],[93.9236,28.0076],[93.9273,28.008],[93.9348,28.0056],[93.9359,28.0038],[93.9399,28.0027],[93.942,28.0005],[93.9461,27.9937],[93.9462,27.9898],[93.9447,27.9865],[93.9473,27.9852],[93.9501,27.9808],[93.9561,27.9796],[93.9621,27.9819],[93.9652,27.9797],[93.9772,27.9773],[93.9876,27.9764],[93.9907,27.9751],[94.0004,27.9658],[94.0048,27.9646],[94.0109,27.9585],[94.0206,27.9592],[94.027,27.9611],[94.0313,27.9612],[94.0438,27.957],[94.0502,27.9562],[94.0546,27.9503]]]},"properties":{"id":"in:subdistrict:1614","level":"subdistrict","name":"Chetam Peer Yapu Circle","code":1614,"parent":"in:district:241","state":"in:state:12"}},{"type":"Feature","geometry":{"type":"Polygon","coordinates":[[[93.9045,27.8957],[93.9068,27.9001],[93.9112,27.8982],[93.9183,27.8973],[93.9222,27.8997],[93.9258,27.9042],[93.9292,27.9107],[93.9352,27.9169],[93.9364,27.9201],[93.9362,27.9253],[93.9351,27.9315],[93.9361,27.9349],[93.9386,27.9372],[93.9434,27.9399],[93.9475,27.9405],[93.9484,27.9477],[93.9465,27.9579],[93.9474,27.962],[93.9533,27.9652],[93.9575,27.9652],[93.9613,27.9637],[93.965,27.9645],[93.969,27.9678],[93.9736,27.9727],[93.9772,27.9773],[93.9652,27.9797],[93.9621,27.9819],[93.9561,27.9796],[93.9501,27.9808],[93.9473,27.9852],[93.9447,27.9865],[93.9462,27.9898],[93.9461,27.9937],[93.942,28.0005],[93.9399,28.0027],[93.9359,28.0038],[93.9348,28.0056],[93.9273,28.008],[93.9236,28.0076],[93.9207,28.0054],[93.9183,28.0063],[93.9173,28.0114],[93.9196,28.0149],[93.9186,28.0188],[93.916,28.0225],[93.9138,28.027],[93.9137,28.0296],[93.9059,28.0345],[93.9018,28.039],[93.8987,28.0396],[93.898,28.0424],[93.8955,28.0445],[93.8919,28.0447],[93.8898,28.0421],[93.8854,28.0426],[93.8854,28.045],[93.8826,28.0477],[93.8764,28.0514],[93.875,28.056],[93.8761,28.0618],[93.8773,28.065],[93.8765,28.0672],[93.8775,28.0697],[93.875,28.0691],[93.8343,28.0739],[93.8188,28.0739],[93.7962,28.0632],[93.7593,28.0846],[93.7236,28.081],[93.7022,28.0727],[93.6832,28.0786],[93.663,28.0846],[93.6451,28.0632],[93.6273,28.0477],[93.5939,28.0394],[93.5748,28.0366],[93.588,27.9775],[93.6185,27.9536],[93.6208,27.9561],[93.6532,27.9523],[93.6684,27.9371],[93.6789,27.9114],[93.6837,27.9019],[93.6904,27.8959],[93.6903,27.8944],[93.6945,27.8892],[93.6999,27.8906],[93.7045,27.8908],[93.7116,27.8899],[93.7149,27.8914],[93.7212,27.8964],[93.7248,27.8975],[93.7335,27.8992],[93.7382,27.8973],[93.7411,27.8971],[93.751,27.8983],[93.7593,27.901],[93.7612,27.9001],[93.7685,27.9049],[93.7714,27.9059],[93.7719,27.9086],[93.7768,27.9127],[93.7816,27.9105],[93.7878,27.9119],[93.7959,27.919],[93.797,27.9186],[93.8042,27.9119],[93.8089,27.9085],[93.8158,27.9052],[93.8194,27.9013],[93.828,27.8958],[93.8334,27.8895],[93.8375,27.8872],[93.84,27.8874],[93.8463,27.8927],[93.8507,27.8943],[93.8564,27.9002],[93.8684,27.9047],[93.8768,27.9101],[93.8816,27.9148],[93.8838,27.9116],[93.8901,27.908],[93.8997,27.9002],[93.9045,27.8957]]]},"properties":{"id":"in:subdistrict:1716","level":"subdistrict","name":"Tali ADC","code":1716,"parent":"in:district:677","state":"in:state:12"}},{"type":"Feature","geometry":{"type":"Polygon","coordinates":[[[94.1005,28.1077],[94.0999,28.1079],[94.1009,28.1393],[94.0942,28.1517],[94.0847,28.1593],[94.0723,28.165],[94.0704,28.1764],[94.0647,28.1898],[94.0543,28.1936],[94.0447,28.1955],[94.0314,28.1955],[94.0171,28.1926],[93.9933,28.2107],[93.9886,28.2383],[93.9686,28.2459],[93.9605,28.2509],[93.9562,28.2535],[93.9438,28.264],[93.9311,28.2729],[93.9248,28.2773],[93.8896,28.2602],[93.8639,28.2612],[93.832,28.2449],[93.8368,28.245],[93.8417,28.2419],[93.8424,28.2394],[93.84,28.2323],[93.8387,28.2244],[93.8385,28.2191],[93.8402,28.2182],[93.844,28.2135],[93.8497,28.21],[93.8492,28.204],[93.8504,28.1981],[93.8506,28.1936],[93.8497,28.1887],[93.8473,28.1846],[93.8449,28.1754],[93.8457,28.1729],[93.85,28.171],[93.8552,28.1696],[93.8616,28.1658],[93.8652,28.1589],[93.8719,28.1539],[93.8744,28.1437],[93.8751,28.1391],[93.8779,28.1367],[93.8762,28.1225],[93.8751,28.1175],[93.883,28.1099],[93.8862,28.1059],[93.8912,28.1032],[93.8875,28.0969],[93.9058,28.0955],[93.9562,28.0984],[94.019,28.087],[94.0723,28.0775],[94.1005,28.1077]]]},"properties":{"id":"in:subdistrict:1613","level":"subdistrict","name":"Giba Circle","code":1613,"parent":"in:district:241","state":"in:state:12"}},{"type":"Feature","geometry":{"type":"Polygon","coordinates":[[[93.9605,28.2509],[93.9747,28.2694],[93.9847,28.2817],[94.0047,28.3017],[94.0199,28.3103],[94.0361,28.3165],[94.0452,28.3136],[94.0494,28.2946],[94.0599,28.2817],[94.0732,28.2698],[94.0851,28.2741],[94.0923,28.2822],[94.098,28.2984],[94.1073,28.3212],[94.1108,28.3291],[94.1287,28.3398],[94.1408,28.3484],[94.1401,28.3662],[94.1365,28.3848],[94.138,28.4312],[94.1391,28.4445],[94.1328,28.4514],[94.1264,28.467],[94.1229,28.4706],[94.1149,28.4757],[94.1135,28.4789],[94.1114,28.4891],[94.1056,28.4975],[94.1091,28.5031],[94.1075,28.5119],[94.1088,28.5213],[94.1073,28.5243],[94.1032,28.5253],[94.0997,28.5331],[94.0969,28.536],[94.092,28.5355],[94.0852,28.5337],[94.0807,28.5343],[94.0715,28.5392],[94.0657,28.5445],[94.058,28.5495],[94.0497,28.5511],[94.0214,28.5655],[94.0014,28.5777],[94.0018,28.5909],[94.0035,28.6108],[94.0062,28.6217],[94.0102,28.6318],[94.0234,28.6512],[94.0181,28.6655],[94.0156,28.6685],[94.0042,28.6746],[94.0012,28.6786],[93.9897,28.6877],[93.9677,28.7073],[93.9618,28.6936],[93.9467,28.6739],[93.9356,28.6661],[93.9342,28.6667],[93.9197,28.6001],[93.89,28.5537],[93.884,28.5311],[93.8947,28.5097],[93.9197,28.4823],[93.9423,28.4669],[93.9483,28.4407],[93.9506,28.424],[93.9602,28.3931],[93.9673,28.3729],[93.9816,28.361],[93.9792,28.3514],[93.9579,28.3238],[93.9503,28.3152],[93.9484,28.3029],[93.9532,28.2867],[93.9475,28.281],[93.9311,28.2729],[93.9438,28.264],[93.9562,28.2535],[93.9605,28.2509]]]},"properties":{"id":"in:subdistrict:1610","level":"subdistrict","name":"Siyum ADC","code":1610,"parent":"in:district:241","state":"in:state:12"}},{"type":"Feature","geometry":{"type":"Polygon","coordinates":[[[94.0923,28.2822],[94.1032,28.2765],[94.118,28.2546],[94.1272,28.2396],[94.1315,28.2399],[94.1357,28.2417],[94.138,28.2415],[94.1432,28.2394],[94.1498,28.2383],[94.1581,28.2351],[94.1588,28.2318],[94.1612,28.2323],[94.1703,28.2418],[94.1841,28.2598],[94.196,28.2713],[94.2198,28.2865],[94.2269,28.3012],[94.2302,28.314],[94.2516,28.3304],[94.3023,28.3594],[94.3211,28.3692],[94.3154,28.3726],[94.3086,28.3755],[94.3018,28.3959],[94.3019,28.4002],[94.3089,28.4145],[94.3085,28.4169],[94.3026,28.4189],[94.2965,28.4227],[94.2928,28.4287],[94.2834,28.4319],[94.2748,28.4306],[94.2676,28.4322],[94.2626,28.4354],[94.2522,28.4401],[94.2418,28.4467],[94.2387,28.4448],[94.2368,28.4418],[94.2368,28.4335],[94.2316,28.4281],[94.2253,28.4333],[94.2192,28.4362],[94.214,28.4364],[94.2004,28.4315],[94.1925,28.4298],[94.1846,28.4294],[94.1733,28.435],[94.1683,28.4327],[94.1626,28.4323],[94.1519,28.4361],[94.1391,28.4445],[94.138,28.4312],[94.1365,28.3848],[94.1401,28.3662],[94.1408,28.3484],[94.1287,28.3398],[94.1108,28.3291],[94.1073,28.3212],[94.098,28.2984],[94.0923,28.2822]]]},"properties":{"id":"in:subdistrict:1612","level":"subdistrict","name":"Payeng Circle","code":1612,"parent":"in:district:241","state":"in:state:12"}},{"type":"Feature","geometry":{"type":"Polygon","coordinates":[[[94.1337,28.0952],[94.1409,28.1032],[94.1494,28.1117],[94.1485,28.1222],[94.1447,28.1327],[94.1437,28.1469],[94.1494,28.1565],[94.159,28.1593],[94.1751,28.1546],[94.2018,28.1517],[94.2189,28.1574],[94.2294,28.1631],[94.2399,28.1536],[94.2427,28.1412],[94.2503,28.1317],[94.257,28.1346],[94.2646,28.1441],[94.2655,28.1466],[94.2703,28.1593],[94.2836,28.1707],[94.2998,28.1717],[94.3217,28.1812],[94.3341,28.1917],[94.3574,28.1968],[94.3565,28.1985],[94.3646,28.2065],[94.3678,28.2114],[94.3668,28.2205],[94.3683,28.225],[94.3674,28.2354],[94.3693,28.2441],[94.3724,28.246],[94.3835,28.258],[94.3876,28.2589],[94.4042,28.2529],[94.4098,28.2527],[94.417,28.2542],[94.4015,28.2593],[94.3941,28.2635],[94.3916,28.2658],[94.3927,28.2736],[94.3899,28.2785],[94.3813,28.2871],[94.3749,28.295],[94.3748,28.2997],[94.3776,28.3089],[94.3862,28.3168],[94.3963,28.3225],[94.4033,28.3278],[94.4016,28.3386],[94.4014,28.3403],[94.3861,28.3358],[94.3767,28.3405],[94.3728,28.3442],[94.3709,28.3517],[94.368,28.3531],[94.3435,28.3552],[94.3373,28.3583],[94.3297,28.3578],[94.3254,28.3614],[94.3221,28.3686],[94.3211,28.3692],[94.3023,28.3594],[94.2516,28.3304],[94.2302,28.314],[94.2269,28.3012],[94.2198,28.2865],[94.196,28.2713],[94.1841,28.2598],[94.1703,28.2418],[94.1612,28.2323],[94.1588,28.2318],[94.1581,28.2351],[94.1498,28.2383],[94.1432,28.2394],[94.138,28.2415],[94.1357,28.2417],[94.1315,28.2399],[94.1272,28.2396],[94.118,28.2546],[94.1032,28.2765],[94.0923,28.2822],[94.0851,28.2741],[94.0732,28.2698],[94.0599,28.2817],[94.0494,28.2946],[94.0452,28.3136],[94.0361,28.3165],[94.0199,28.3103],[94.0047,28.3017],[93.9847,28.2817],[93.9747,28.2694],[93.9605,28.2509],[93.9686,28.2459],[93.9886,28.2383],[93.9933,28.2107],[94.0171,28.1926],[94.0314,28.1955],[94.0447,28.1955],[94.0543,28.1936],[94.0647,28.1898],[94.0704,28.1764],[94.0723,28.165],[94.0847,28.1593],[94.0942,28.1517],[94.1009,28.1393],[94.0999,28.1079],[94.1005,28.1077],[94.1323,28.0936],[94.1337,28.0952]]]},"properties":{"id":"in:subdistrict:1611","level":"subdistrict","name":"Taliha ADC","code":1611,"parent":"in:district:241","state":"in:state:12"}},{"type":"Feature","geometry":{"type":"Polygon","coordinates":[[[94.2509,28.0199],[94.2635,28.0346],[94.2338,28.0787],[94.2528,28.0894],[94.2689,28.0888],[94.2779,28.106],[94.2751,28.1127],[94.2741,28.1241],[94.2751,28.1355],[94.2655,28.1466],[94.2646,28.1441],[94.257,28.1346],[94.2503,28.1317],[94.2427,28.1412],[94.2399,28.1536],[94.2294,28.1631],[94.2189,28.1574],[94.2018,28.1517],[94.1751,28.1546],[94.159,28.1593],[94.1494,28.1565],[94.1437,28.1469],[94.1447,28.1327],[94.1485,28.1222],[94.1494,28.1117],[94.1409,28.1032],[94.1337,28.0952],[94.1445,28.0759],[94.1578,28.0531],[94.141,28.0465],[94.1743,28.0596],[94.2017,28.0227],[94.2421,28.0096],[94.2509,28.0199]]]},"properties":{"id":"in:subdistrict:x241-gussar","level":"subdistrict","name":"Gussar","code":0,"parent":"in:district:241","state":"in:state:12"}},{"type":"Feature","geometry":{"type":"Polygon","coordinates":[[[94.2655,28.1466],[94.2751,28.1355],[94.2741,28.1241],[94.2751,28.1127],[94.2779,28.106],[94.2689,28.0888],[94.2665,28.0841],[94.2817,28.0679],[94.3169,28.0765],[94.3498,28.0614],[94.3645,28.0546],[94.3944,28.0817],[94.3905,28.0841],[94.3948,28.0888],[94.3977,28.1047],[94.3865,28.121],[94.3919,28.1365],[94.3915,28.1419],[94.3778,28.1586],[94.3746,28.168],[94.3766,28.1765],[94.3745,28.1811],[94.3688,28.1859],[94.3607,28.1905],[94.3574,28.1968],[94.3341,28.1917],[94.3217,28.1812],[94.2998,28.1717],[94.2836,28.1707],[94.2703,28.1593],[94.2655,28.1466]]]},"properties":{"id":"in:subdistrict:x241-gite-ripa","level":"subdistrict","name":"Gite-Ripa","code":0,"parent":"in:district:241","state":"in:state:12"}},{"type":"Feature","geometry":{"type":"Polygon","coordinates":[[[94.3211,28.3692],[94.3221,28.3686],[94.3254,28.3614],[94.3297,28.3578],[94.3373,28.3583],[94.3435,28.3552],[94.368,28.3531],[94.3709,28.3517],[94.3728,28.3442],[94.3767,28.3405],[94.3861,28.3358],[94.4014,28.3403],[94.4016,28.3386],[94.4133,28.3579],[94.4347,28.3736],[94.4462,28.4036],[94.4854,28.3958],[94.4968,28.4128],[94.4972,28.4178],[94.5004,28.4607],[94.5118,28.4664],[94.5448,28.4687],[94.5429,28.4813],[94.561,28.4898],[94.56,28.4965],[94.5438,28.5127],[94.5381,28.5336],[94.5419,28.5774],[94.5362,28.5888],[94.5134,28.5964],[94.481,28.6002],[94.4572,28.5913],[94.4506,28.5888],[94.4467,28.5584],[94.4296,28.5469],[94.3954,28.5488],[94.3611,28.5564],[94.3382,28.5736],[94.3097,28.5831],[94.2907,28.566],[94.2678,28.5279],[94.2431,28.4689],[94.2387,28.4448],[94.2418,28.4467],[94.2522,28.4401],[94.2626,28.4354],[94.2676,28.4322],[94.2748,28.4306],[94.2834,28.4319],[94.2928,28.4287],[94.2965,28.4227],[94.3026,28.4189],[94.3085,28.4169],[94.3089,28.4145],[94.3019,28.4002],[94.3018,28.3959],[94.3086,28.3755],[94.3154,28.3726],[94.3211,28.3692]]]},"properties":{"id":"in:subdistrict:x725-tato","level":"subdistrict","name":"Tato","code":0,"parent":"in:district:725","state":"in:state:12"}},{"type":"Feature","geometry":{"type":"Polygon","coordinates":[[[94.4972,28.4178],[94.4977,28.4175],[94.5269,28.408],[94.5831,28.3851],[94.6097,28.3823],[94.625,28.3842],[94.6488,28.3946],[94.6583,28.4004],[94.6688,28.3985],[94.6735,28.3899],[94.6783,28.3747],[94.6811,28.3623],[94.6745,28.3537],[94.6735,28.3385],[94.6716,28.3156],[94.6802,28.3014],[94.6859,28.2804],[94.7201,28.2804],[94.7325,28.2576],[94.7411,28.2728],[94.7439,28.288],[94.7449,28.3042],[94.7373,28.3318],[94.7363,28.3547],[94.7439,28.3794],[94.7554,28.4013],[94.7664,28.424],[94.7634,28.4237],[94.7608,28.4321],[94.7575,28.4375],[94.7493,28.4522],[94.7238,28.4457],[94.7053,28.4478],[94.6803,28.4478],[94.6596,28.45],[94.6396,28.4635],[94.6011,28.4671],[94.5582,28.4671],[94.5448,28.4687],[94.5118,28.4664],[94.5004,28.4607],[94.4972,28.4178]]]},"properties":{"id":"in:subdistrict:1627","level":"subdistrict","name":"Kaying EAC","code":1627,"parent":"in:district:679","state":"in:state:12"}},{"type":"Feature","geometry":{"type":"Polygon","coordinates":[[[94.4854,28.3958],[94.4893,28.3754],[94.5065,28.3482],[94.5286,28.3318],[94.555,28.3318],[94.5614,28.3268],[94.58,28.2826],[94.5964,28.2769],[94.6135,28.2576],[94.6164,28.2309],[94.605,28.2024],[94.6164,28.1833],[94.6149,28.1498],[94.6301,28.1546],[94.6415,28.166],[94.6605,28.2069],[94.691,28.2164],[94.7272,28.2221],[94.748,28.2067],[94.7516,28.2167],[94.7563,28.2357],[94.7552,28.2576],[94.7325,28.2576],[94.7201,28.2804],[94.6859,28.2804],[94.6802,28.3014],[94.6716,28.3156],[94.6735,28.3385],[94.6745,28.3537],[94.6811,28.3623],[94.6783,28.3747],[94.6735,28.3899],[94.6688,28.3985],[94.6583,28.4004],[94.6488,28.3946],[94.625,28.3842],[94.6097,28.3823],[94.5831,28.3851],[94.5269,28.408],[94.4977,28.4175],[94.4972,28.4178],[94.4968,28.4128],[94.4854,28.3958]]]},"properties":{"id":"in:subdistrict:6585","level":"subdistrict","name":"Kamba ADC","code":6585,"parent":"in:district:243","state":"in:state:12"}},{"type":"Feature","geometry":{"type":"Polygon","coordinates":[[[94.4098,28.2527],[94.4304,28.2226],[94.4519,28.2062],[94.4719,28.1741],[94.5083,28.1657],[94.5073,28.1688],[94.5178,28.1726],[94.5349,28.166],[94.5549,28.1555],[94.5796,28.1431],[94.5854,28.1384],[94.5968,28.1469],[94.6149,28.1498],[94.6164,28.1833],[94.605,28.2024],[94.6164,28.2309],[94.6135,28.2576],[94.5964,28.2769],[94.58,28.2826],[94.5614,28.3268],[94.555,28.3318],[94.5286,28.3318],[94.5065,28.3482],[94.4893,28.3754],[94.4854,28.3958],[94.4462,28.4036],[94.4347,28.3736],[94.4133,28.3579],[94.4016,28.3386],[94.4033,28.3278],[94.3963,28.3225],[94.3862,28.3168],[94.3776,28.3089],[94.3748,28.2997],[94.3749,28.295],[94.3813,28.2871],[94.3899,28.2785],[94.3927,28.2736],[94.3916,28.2658],[94.3941,28.2635],[94.4015,28.2593],[94.417,28.2542],[94.4098,28.2527]]]},"properties":{"id":"in:subdistrict:1628","level":"subdistrict","name":"Darak Circle","code":1628,"parent":"in:district:243","state":"in:state:12"}},{"type":"Feature","geometry":{"type":"Polygon","coordinates":[[[94.3574,28.1968],[94.3607,28.1905],[94.3688,28.1859],[94.3745,28.1811],[94.3766,28.1765],[94.3746,28.168],[94.3778,28.1586],[94.3915,28.1419],[94.3919,28.1365],[94.3865,28.121],[94.3977,28.1047],[94.3948,28.0888],[94.3905,28.0841],[94.3944,28.0817],[94.3993,28.0799],[94.4026,28.076],[94.4074,28.0722],[94.4083,28.0691],[94.4175,28.0664],[94.4256,28.0626],[94.4393,28.0609],[94.4671,28.0487],[94.4754,28.0393],[94.4808,28.0233],[94.4845,28.0217],[94.4843,28.022],[94.5061,28.0556],[94.4987,28.0737],[94.4987,28.0851],[94.5149,28.0936],[94.5273,28.0955],[94.5387,28.1032],[94.5292,28.1231],[94.5225,28.1412],[94.5102,28.1593],[94.5083,28.1657],[94.4719,28.1741],[94.4519,28.2062],[94.4304,28.2226],[94.4098,28.2527],[94.4042,28.2529],[94.3876,28.2589],[94.3835,28.258],[94.3724,28.246],[94.3693,28.2441],[94.3674,28.2354],[94.3683,28.225],[94.3668,28.2205],[94.3678,28.2114],[94.3646,28.2065],[94.3565,28.1985],[94.3574,28.1968]]]},"properties":{"id":"in:subdistrict:1632","level":"subdistrict","name":"Liromoba EAC","code":1632,"parent":"in:district:243","state":"in:state:12"}},{"type":"Feature","geometry":{"type":"Polygon","coordinates":[[[94.5083,28.1657],[94.5102,28.1593],[94.5225,28.1412],[94.5292,28.1231],[94.5387,28.1032],[94.5273,28.0955],[94.5149,28.0936],[94.4987,28.0851],[94.4987,28.0737],[94.5061,28.0556],[94.5332,28.0492],[94.5675,28.0492],[94.5932,28.0528],[94.6026,28.0615],[94.5949,28.0822],[94.6044,28.087],[94.6158,28.1013],[94.6187,28.1127],[94.6101,28.1174],[94.5977,28.1251],[94.5911,28.1298],[94.5854,28.1384],[94.5796,28.1431],[94.5549,28.1555],[94.5349,28.166],[94.5178,28.1726],[94.5073,28.1688],[94.5083,28.1657]]]},"properties":{"id":"in:subdistrict:1633","level":"subdistrict","name":"Yomcha ADC","code":1633,"parent":"in:district:243","state":"in:state:12"}},{"type":"Feature","geometry":{"type":"Polygon","coordinates":[[[94.4845,28.0217],[94.5063,28.0193],[94.513,28.0154],[94.5226,28.0008],[94.5248,27.9952],[94.5283,27.9899],[94.5321,27.9859],[94.5254,27.9771],[94.5228,27.9664],[94.5251,27.9584],[94.5539,27.9556],[94.5749,27.9594],[94.5844,27.9566],[94.5911,27.9575],[94.6091,27.9737],[94.6348,28.0061],[94.6272,28.0242],[94.6395,28.0442],[94.6253,28.0556],[94.6032,28.0621],[94.6026,28.0615],[94.5932,28.0528],[94.5675,28.0492],[94.5332,28.0492],[94.5061,28.0556],[94.4843,28.022],[94.4845,28.0217]]]},"properties":{"id":"in:subdistrict:1635","level":"subdistrict","name":"Tirbin EAC","code":1635,"parent":"in:district:724","state":"in:state:12"}},{"type":"Feature","geometry":{"type":"Polygon","coordinates":[[[94.3171,27.774],[94.3214,27.7706],[94.3325,27.7578],[94.3467,27.7641],[94.3527,27.7684],[94.3647,27.7769],[94.3718,27.7834],[94.3728,27.7851],[94.3795,27.7893],[94.3849,27.7942],[94.3945,27.7941],[94.4023,27.7925],[94.418,27.8064],[94.4235,27.8078],[94.4337,27.809],[94.44,27.811],[94.4424,27.8139],[94.4435,27.8229],[94.4483,27.8252],[94.4612,27.8251],[94.4644,27.8274],[94.4695,27.8328],[94.4757,27.8332],[94.4832,27.8361],[94.5038,27.8363],[94.5336,27.8499],[94.5592,27.8561],[94.5772,27.856],[94.5891,27.8616],[94.5948,27.8708],[94.5945,27.881],[94.5929,27.89],[94.5878,27.8927],[94.5793,27.8945],[94.5666,27.8987],[94.5581,27.9024],[94.5545,27.9102],[94.5426,27.9254],[94.5378,27.9333],[94.5358,27.9439],[94.531,27.9523],[94.5251,27.9584],[94.5228,27.9664],[94.502,27.9766],[94.4758,27.979],[94.4508,27.9778],[94.446,27.9885],[94.4389,27.9932],[94.436,27.9791],[94.4416,27.958],[94.4219,27.9567],[94.3967,27.9553],[94.3888,27.9649],[94.3806,27.9825],[94.3616,27.9825],[94.3625,27.9602],[94.3283,27.9406],[94.3254,27.942],[94.3117,27.9108],[94.3024,27.8908],[94.3296,27.8665],[94.3453,27.8502],[94.3399,27.8264],[94.3334,27.8169],[94.3191,27.805],[94.3102,27.7972],[94.2976,27.7883],[94.3071,27.7823],[94.3151,27.7766],[94.3171,27.774]]]},"properties":{"id":"in:subdistrict:1620","level":"subdistrict","name":"Baririjo Circle","code":1620,"parent":"in:district:241","state":"in:state:12"}},{"type":"Feature","geometry":{"type":"Polygon","coordinates":[[[94.3498,28.0614],[94.3361,28.0406],[94.3409,28.0108],[94.3242,27.9978],[94.3302,27.9835],[94.2973,27.963],[94.2987,27.9544],[94.3254,27.942],[94.3283,27.9406],[94.3625,27.9602],[94.3616,27.9825],[94.3806,27.9825],[94.3888,27.9649],[94.3967,27.9553],[94.4219,27.9567],[94.4416,27.958],[94.436,27.9791],[94.4389,27.9932],[94.446,27.9885],[94.4508,27.9778],[94.4758,27.979],[94.502,27.9766],[94.5228,27.9664],[94.5254,27.9771],[94.5321,27.9859],[94.5283,27.9899],[94.5248,27.9952],[94.5226,28.0008],[94.513,28.0154],[94.5063,28.0193],[94.4845,28.0217],[94.4808,28.0233],[94.4754,28.0393],[94.4671,28.0487],[94.4393,28.0609],[94.4256,28.0626],[94.4175,28.0664],[94.4083,28.0691],[94.4074,28.0722],[94.4026,28.076],[94.3993,28.0799],[94.3944,28.0817],[94.3645,28.0546],[94.3498,28.0614]]]},"properties":{"id":"in:subdistrict:6554","level":"subdistrict","name":"Maro Circle","code":6554,"parent":"in:district:241","state":"in:state:12"}},{"type":"Feature","geometry":{"type":"Polygon","coordinates":[[[94.2856,27.9714],[94.2911,27.9676],[94.2937,27.9625],[94.2973,27.963],[94.3302,27.9835],[94.3242,27.9978],[94.3409,28.0108],[94.3361,28.0406],[94.3498,28.0614],[94.3169,28.0765],[94.2817,28.0679],[94.2665,28.0841],[94.2689,28.0888],[94.2528,28.0894],[94.2338,28.0787],[94.2635,28.0346],[94.2509,28.0199],[94.2494,28.0148],[94.2481,28.0066],[94.2481,27.9993],[94.2528,27.9875],[94.2557,27.9864],[94.2614,27.9869],[94.2638,27.9859],[94.2679,27.9824],[94.2734,27.9796],[94.2824,27.9725],[94.2856,27.9714]]]},"properties":{"id":"in:subdistrict:1617","level":"subdistrict","name":"Dumporijo ADC","code":1617,"parent":"in:district:241","state":"in:state:12"}},{"type":"Feature","geometry":{"type":"Polygon","coordinates":[[[94.2526,27.8081],[94.2575,27.8077],[94.274,27.8006],[94.2941,27.7904],[94.2976,27.7883],[94.3102,27.7972],[94.3191,27.805],[94.3334,27.8169],[94.3399,27.8264],[94.3453,27.8502],[94.3296,27.8665],[94.3024,27.8908],[94.3117,27.9108],[94.3254,27.942],[94.2987,27.9544],[94.2973,27.963],[94.2937,27.9625],[94.2911,27.9676],[94.2856,27.9714],[94.237,27.9352],[94.2049,27.9067],[94.1668,27.8686],[94.153,27.8573],[94.154,27.8519],[94.1601,27.8438],[94.1704,27.8454],[94.1832,27.8406],[94.1919,27.8365],[94.1921,27.8153],[94.1934,27.8114],[94.2038,27.8123],[94.2526,27.8081]]]},"properties":{"id":"in:subdistrict:1616","level":"subdistrict","name":"Puchi Geko Circle","code":1616,"parent":"in:district:241","state":"in:state:12"}},{"type":"Feature","geometry":{"type":"Polygon","coordinates":[[[94.6479,27.6387],[94.6175,27.6775],[94.627,27.6954],[94.6115,27.7073],[94.6151,27.7239],[94.6056,27.7382],[94.5975,27.7625],[94.5823,27.7492],[94.5632,27.7435],[94.5537,27.732],[94.5375,27.7263],[94.5118,27.7187],[94.4937,27.7092],[94.4852,27.6911],[94.4576,27.6911],[94.4404,27.7006],[94.4186,27.6968],[94.3814,27.6987],[94.3662,27.6921],[94.3415,27.6844],[94.3234,27.6835],[94.3015,27.674],[94.2878,27.6765],[94.2779,27.671],[94.2669,27.6658],[94.2558,27.6561],[94.2478,27.6511],[94.2311,27.6377],[94.2132,27.6139],[94.2104,27.6084],[94.2164,27.6071],[94.2224,27.611],[94.2286,27.6184],[94.2309,27.6219],[94.2341,27.6287],[94.237,27.6324],[94.2432,27.6325],[94.2485,27.634],[94.2515,27.6376],[94.2544,27.6357],[94.2617,27.6359],[94.264,27.6319],[94.2674,27.6295],[94.2656,27.6242],[94.2626,27.624],[94.2606,27.6219],[94.2606,27.6179],[94.2547,27.6158],[94.2545,27.6136],[94.2564,27.6105],[94.2608,27.6093],[94.2685,27.6043],[94.2725,27.6029],[94.2747,27.5995],[94.2736,27.5959],[94.2765,27.5903],[94.2793,27.5892],[94.2834,27.5901],[94.2883,27.5893],[94.2898,27.5962],[94.2934,27.5984],[94.295,27.6006],[94.2983,27.6019],[94.3018,27.601],[94.3035,27.5973],[94.307,27.5953],[94.3085,27.5912],[94.3175,27.5891],[94.3228,27.5886],[94.3243,27.5846],[94.3328,27.587],[94.3382,27.5812],[94.3449,27.5821],[94.3478,27.5786],[94.3507,27.5771],[94.3591,27.5769],[94.3621,27.5762],[94.364,27.5744],[94.3699,27.5748],[94.3759,27.582],[94.3803,27.5811],[94.3856,27.584],[94.3886,27.5848],[94.3924,27.589],[94.4016,27.585],[94.4059,27.5871],[94.4108,27.5918],[94.4185,27.5975],[94.4317,27.6003],[94.4318,27.5908],[94.4359,27.585],[94.4396,27.5812],[94.4513,27.5718],[94.4549,27.5666],[94.4553,27.5622],[94.4564,27.5598],[94.4617,27.5552],[94.4636,27.5564],[94.4679,27.5611],[94.4741,27.57],[94.4773,27.5757],[94.4784,27.5762],[94.4856,27.5749],[94.4918,27.5744],[94.499,27.5722],[94.5014,27.574],[94.5025,27.5774],[94.5073,27.5793],[94.5126,27.5797],[94.5156,27.5808],[94.5193,27.5838],[94.5215,27.5846],[94.5227,27.5878],[94.522,27.5914],[94.5296,27.5914],[94.5318,27.5945],[94.5344,27.5926],[94.5365,27.593],[94.5389,27.5958],[94.5446,27.601],[94.5542,27.6006],[94.5572,27.6015],[94.5617,27.6048],[94.5645,27.6033],[94.5711,27.6025],[94.5764,27.6054],[94.5797,27.6123],[94.5842,27.6154],[94.5868,27.6182],[94.5919,27.6186],[94.5944,27.6197],[94.5995,27.6182],[94.6034,27.6211],[94.6059,27.6188],[94.6107,27.6208],[94.6134,27.6234],[94.6182,27.6237],[94.6209,27.625],[94.6232,27.6277],[94.6285,27.6245],[94.6332,27.6242],[94.64,27.628],[94.6447,27.6335],[94.6463,27.6377],[94.6479,27.6387]]]},"properties":{"id":"in:subdistrict:6572","level":"subdistrict","name":"Kangku Circle","code":6572,"parent":"in:district:719","state":"in:state:12"}},{"type":"Feature","geometry":{"type":"Polygon","coordinates":[[[94.3527,27.7684],[94.3659,27.7356],[94.3761,27.731],[94.3888,27.7325],[94.3961,27.7352],[94.4008,27.7408],[94.4027,27.7454],[94.439,27.7656],[94.4509,27.768],[94.4676,27.743],[94.5235,27.7739],[94.5627,27.8298],[94.5592,27.8561],[94.5336,27.8499],[94.5038,27.8363],[94.4832,27.8361],[94.4757,27.8332],[94.4695,27.8328],[94.4644,27.8274],[94.4612,27.8251],[94.4483,27.8252],[94.4435,27.8229],[94.4424,27.8139],[94.44,27.811],[94.4337,27.809],[94.4235,27.8078],[94.418,27.8064],[94.4023,27.7925],[94.3945,27.7941],[94.3849,27.7942],[94.3795,27.7893],[94.3728,27.7851],[94.3718,27.7834],[94.3647,27.7769],[94.3527,27.7684]]]},"properties":{"id":"in:subdistrict:1638","level":"subdistrict","name":"Gensi EAC","code":1638,"parent":"in:district:719","state":"in:state:12"}},{"type":"Feature","geometry":{"type":"Polygon","coordinates":[[[94.2878,27.6765],[94.3015,27.674],[94.3234,27.6835],[94.3415,27.6844],[94.3662,27.6921],[94.3814,27.6987],[94.4186,27.6968],[94.4404,27.7006],[94.4576,27.6911],[94.4852,27.6911],[94.4937,27.7092],[94.5118,27.7187],[94.5375,27.7263],[94.5537,27.732],[94.5632,27.7435],[94.5823,27.7492],[94.5975,27.7625],[94.6413,27.7682],[94.6584,27.7749],[94.6651,27.7834],[94.6774,27.791],[94.6965,27.793],[94.7127,27.793],[94.7241,27.7949],[94.7174,27.8251],[94.6853,27.8405],[94.646,27.8501],[94.6318,27.8667],[94.5948,27.8708],[94.5891,27.8616],[94.5772,27.856],[94.5592,27.8561],[94.5627,27.8298],[94.5235,27.7739],[94.4676,27.743],[94.4509,27.768],[94.439,27.7656],[94.4027,27.7454],[94.4008,27.7408],[94.3961,27.7352],[94.3888,27.7325],[94.3761,27.731],[94.3659,27.7356],[94.3527,27.7684],[94.3467,27.7641],[94.3325,27.7578],[94.3214,27.7706],[94.3171,27.774],[94.3136,27.7687],[94.3101,27.7452],[94.3142,27.739],[94.3203,27.7347],[94.3386,27.7252],[94.3423,27.7263],[94.3491,27.7302],[94.356,27.7288],[94.3555,27.7192],[94.3517,27.7143],[94.3443,27.7129],[94.3341,27.7091],[94.322,27.703],[94.3113,27.6915],[94.3024,27.6847],[94.2878,27.6765]]]},"properties":{"id":"in:subdistrict:6573","level":"subdistrict","name":"Sibe Circle","code":6573,"parent":"in:district:719","state":"in:state:12"}},{"type":"Feature","geometry":{"type":"Polygon","coordinates":[[[94.8692,27.7329],[94.8702,27.7332],[94.8591,27.7507],[94.8591,27.7575],[94.8624,27.764],[94.8676,27.7691],[94.8698,27.7758],[94.873,27.7802],[94.879,27.7811],[94.8842,27.7847],[94.8864,27.7913],[94.8929,27.7971],[94.8956,27.8013],[94.8956,27.808],[94.8907,27.81],[94.896,27.8192],[94.8992,27.8226],[94.8388,27.8037],[94.809,27.7858],[94.7688,27.7739],[94.746,27.773],[94.7241,27.7949],[94.7127,27.793],[94.6965,27.793],[94.6774,27.791],[94.6651,27.7834],[94.6584,27.7749],[94.6413,27.7682],[94.5975,27.7625],[94.6056,27.7382],[94.6151,27.7239],[94.6115,27.7073],[94.627,27.6954],[94.6175,27.6775],[94.6479,27.6387],[94.6574,27.6418],[94.6619,27.6449],[94.6659,27.6462],[94.6705,27.6462],[94.6734,27.6471],[94.6791,27.6452],[94.6827,27.6459],[94.6862,27.6494],[94.6864,27.6523],[94.684,27.6573],[94.684,27.6606],[94.6879,27.6651],[94.6915,27.6616],[94.6963,27.6621],[94.7035,27.6603],[94.7086,27.6567],[94.7142,27.6566],[94.7168,27.6582],[94.7187,27.6636],[94.721,27.6673],[94.7255,27.6688],[94.727,27.6658],[94.7307,27.6637],[94.7357,27.6633],[94.7414,27.6599],[94.7543,27.6605],[94.7587,27.6626],[94.7627,27.6675],[94.7631,27.6706],[94.7649,27.674],[94.7678,27.676],[94.7692,27.6795],[94.778,27.6795],[94.7841,27.6839],[94.789,27.6852],[94.7919,27.6881],[94.7926,27.6942],[94.797,27.6956],[94.7999,27.6942],[94.8048,27.6939],[94.8083,27.692],[94.8136,27.693],[94.8173,27.6918],[94.8208,27.6921],[94.826,27.6949],[94.8295,27.6949],[94.841,27.7006],[94.844,27.7039],[94.8478,27.7056],[94.8484,27.7171],[94.8501,27.7204],[94.8508,27.7249],[94.8523,27.7276],[94.8692,27.7329]]]},"properties":{"id":"in:subdistrict:1640","level":"subdistrict","name":"Likabali SDO","code":1640,"parent":"in:district:719","state":"in:state:12"}},{"type":"Feature","geometry":{"type":"Polygon","coordinates":[[[94.5948,27.8708],[94.6318,27.8667],[94.646,27.8501],[94.6853,27.8405],[94.7174,27.8251],[94.7241,27.7949],[94.746,27.773],[94.7688,27.7739],[94.809,27.7858],[94.8388,27.8037],[94.8992,27.8226],[94.8999,27.8255],[94.8984,27.8281],[94.9055,27.8337],[94.9062,27.8364],[94.9029,27.8371],[94.9011,27.8397],[94.903,27.842],[94.9103,27.844],[94.914,27.8461],[94.9157,27.8484],[94.9206,27.852],[94.923,27.8516],[94.9262,27.8583],[94.9237,27.8624],[94.9201,27.862],[94.9156,27.8603],[94.9104,27.8595],[94.9056,27.8613],[94.9047,27.8652],[94.9062,27.8667],[94.904,27.8709],[94.901,27.8749],[94.9013,27.8781],[94.8981,27.8792],[94.8948,27.8853],[94.8877,27.8871],[94.884,27.8949],[94.8779,27.8955],[94.8766,27.8975],[94.8779,27.9004],[94.8776,27.903],[94.8725,27.906],[94.8711,27.9093],[94.8663,27.9142],[94.8659,27.9179],[94.8681,27.9232],[94.8507,27.9381],[94.8066,27.9405],[94.7781,27.9274],[94.7638,27.9321],[94.7127,27.9429],[94.6746,27.9345],[94.6318,27.9143],[94.5878,27.8927],[94.5929,27.89],[94.5945,27.881],[94.5948,27.8708]]]},"properties":{"id":"in:subdistrict:1637","level":"subdistrict","name":"Daring Circle","code":1637,"parent":"in:district:724","state":"in:state:12"}},{"type":"Feature","geometry":{"type":"Polygon","coordinates":[[[94.5251,27.9584],[94.531,27.9523],[94.5358,27.9439],[94.5378,27.9333],[94.5426,27.9254],[94.5545,27.9102],[94.5581,27.9024],[94.5666,27.8987],[94.5793,27.8945],[94.5878,27.8927],[94.6318,27.9143],[94.6746,27.9345],[94.7127,27.9429],[94.7638,27.9321],[94.7781,27.9274],[94.8066,27.9405],[94.8507,27.9381],[94.8681,27.9232],[94.8715,27.9282],[94.8718,27.9321],[94.8755,27.9365],[94.8807,27.9395],[94.8838,27.9428],[94.8847,27.9455],[94.8841,27.9484],[94.8861,27.9511],[94.8932,27.9526],[94.8944,27.9544],[94.8935,27.9592],[94.8959,27.9611],[94.8978,27.9678],[94.8998,27.9716],[94.8993,27.9737],[94.8938,27.9822],[94.8896,27.9873],[94.8882,27.9909],[94.8846,27.9962],[94.8814,27.9995],[94.8844,28.0001],[94.8896,27.9991],[94.8934,28.0026],[94.8938,28.0071],[94.8954,28.0086],[94.8999,28.0098],[94.9012,28.0125],[94.9064,28.0163],[94.8975,28.0169],[94.8197,27.9859],[94.7909,27.9871],[94.7524,28.0114],[94.7381,28.0092],[94.6996,28.0192],[94.6704,28.0403],[94.6689,28.0414],[94.6403,28.0435],[94.6395,28.0442],[94.6272,28.0242],[94.6348,28.0061],[94.6091,27.9737],[94.5911,27.9575],[94.5844,27.9566],[94.5749,27.9594],[94.5539,27.9556],[94.5251,27.9584]]]},"properties":{"id":"in:subdistrict:1636","level":"subdistrict","name":"Basar ADC","code":1636,"parent":"in:district:724","state":"in:state:12"}},{"type":"Feature","geometry":{"type":"Polygon","coordinates":[[[94.9064,28.0163],[94.9086,28.0198],[94.9039,28.0259],[94.9064,28.0297],[94.9119,28.0347],[94.9167,28.0373],[94.9208,28.0405],[94.9194,28.0411],[94.8975,28.0451],[94.8709,28.0461],[94.8281,28.0441],[94.8081,28.0936],[94.7947,28.1079],[94.7643,28.0889],[94.6967,28.1003],[94.6815,28.0822],[94.6805,28.0594],[94.6704,28.0403],[94.6996,28.0192],[94.7381,28.0092],[94.7524,28.0114],[94.7909,27.9871],[94.8197,27.9859],[94.8975,28.0169],[94.9064,28.0163]]]},"properties":{"id":"in:subdistrict:x243-bagra","level":"subdistrict","name":"Bagra","code":0,"parent":"in:district:243","state":"in:state:12"}},{"type":"Feature","geometry":{"type":"Polygon","coordinates":[[[94.9262,27.8583],[94.9289,27.8571],[94.9388,27.8549],[94.9513,27.8529],[94.9534,27.8261],[94.9623,27.8276],[94.9689,27.8353],[94.9778,27.8451],[94.9798,27.8481],[94.9841,27.8543],[94.9933,27.8656],[95.0055,27.8731],[95.0247,27.8788],[95.0504,27.8792],[95.069,27.8917],[95.0822,27.9024],[95.0858,27.9099],[95.0719,27.916],[95.0753,27.9401],[95.0881,27.952],[95.0891,27.9677],[95.0857,27.981],[95.0738,27.9905],[95.0674,28.0234],[95.0346,28.0331],[95.0338,28.0332],[95.0134,28.0004],[94.9973,27.9766],[94.989,27.9606],[94.986,27.9529],[94.9842,27.9421],[94.9902,27.9297],[94.989,27.9243],[94.9771,27.9302],[94.9682,27.9207],[94.9592,27.8928],[94.9228,27.8944],[94.9242,27.8895],[94.9055,27.8804],[94.9085,27.8706],[94.9062,27.8667],[94.9047,27.8652],[94.9056,27.8613],[94.9104,27.8595],[94.9156,27.8603],[94.9201,27.862],[94.9237,27.8624],[94.9262,27.8583]]]},"properties":{"id":"in:subdistrict:6574","level":"subdistrict","name":"Kora Circle","code":6574,"parent":"in:district:719","state":"in:state:12"}},{"type":"Feature","geometry":{"type":"Polygon","coordinates":[[[94.9062,27.8667],[94.9085,27.8706],[94.9055,27.8804],[94.9242,27.8895],[94.9228,27.8944],[94.9592,27.8928],[94.9682,27.9207],[94.9771,27.9302],[94.989,27.9243],[94.9902,27.9297],[94.9842,27.9421],[94.986,27.9529],[94.989,27.9606],[94.9973,27.9766],[95.0134,28.0004],[95.0338,28.0332],[94.9622,28.0413],[94.9294,28.0504],[94.9302,28.0494],[94.9235,28.0417],[94.9208,28.0405],[94.9167,28.0373],[94.9119,28.0347],[94.9064,28.0297],[94.9039,28.0259],[94.9086,28.0198],[94.9064,28.0163],[94.9012,28.0125],[94.8999,28.0098],[94.8954,28.0086],[94.8938,28.0071],[94.8934,28.0026],[94.8896,27.9991],[94.8844,28.0001],[94.8814,27.9995],[94.8846,27.9962],[94.8882,27.9909],[94.8896,27.9873],[94.8938,27.9822],[94.8993,27.9737],[94.8998,27.9716],[94.8978,27.9678],[94.8959,27.9611],[94.8935,27.9592],[94.8944,27.9544],[94.8932,27.9526],[94.8861,27.9511],[94.8841,27.9484],[94.8847,27.9455],[94.8838,27.9428],[94.8807,27.9395],[94.8755,27.9365],[94.8718,27.9321],[94.8715,27.9282],[94.8681,27.9232],[94.8659,27.9179],[94.8663,27.9142],[94.8711,27.9093],[94.8725,27.906],[94.8776,27.903],[94.8779,27.9004],[94.8766,27.8975],[94.8779,27.8955],[94.884,27.8949],[94.8877,27.8871],[94.8948,27.8853],[94.8981,27.8792],[94.9013,27.8781],[94.901,27.8749],[94.904,27.8709],[94.9062,27.8667]]]},"properties":{"id":"in:subdistrict:1648","level":"subdistrict","name":"Koyu EAC","code":1648,"parent":"in:district:719","state":"in:state:12"}},{"type":"Feature","geometry":{"type":"Polygon","coordinates":[[[94.9798,27.8481],[94.9919,27.8411],[95.0047,27.8322],[95.0109,27.8173],[95.0157,27.8025],[95.0231,27.7807],[95.0459,27.7876],[95.0973,27.8034],[95.1364,27.8156],[95.1228,27.8482],[95.1152,27.8568],[95.1207,27.9035],[95.0858,27.9099],[95.0822,27.9024],[95.069,27.8917],[95.0504,27.8792],[95.0247,27.8788],[95.0055,27.8731],[94.9933,27.8656],[94.9841,27.8543],[94.9798,27.8481]]]},"properties":{"id":"in:subdistrict:1651","level":"subdistrict","name":"Nari ADC","code":1651,"parent":"in:district:719","state":"in:state:12"}},{"type":"Feature","geometry":{"type":"Polygon","coordinates":[[[94.8702,27.7332],[94.9112,27.7465],[94.9223,27.7499],[94.9966,27.7723],[95.0027,27.7741],[95.0231,27.7807],[95.0157,27.8025],[95.0109,27.8173],[95.0047,27.8322],[94.9919,27.8411],[94.9798,27.8481],[94.9778,27.8451],[94.9689,27.8353],[94.9623,27.8276],[94.9534,27.8261],[94.9513,27.8529],[94.9388,27.8549],[94.9289,27.8571],[94.9262,27.8583],[94.923,27.8516],[94.9206,27.852],[94.9157,27.8484],[94.914,27.8461],[94.9103,27.844],[94.903,27.842],[94.9011,27.8397],[94.9029,27.8371],[94.9062,27.8364],[94.9055,27.8337],[94.8984,27.8281],[94.8999,27.8255],[94.8992,27.8226],[94.896,27.8192],[94.8907,27.81],[94.8956,27.808],[94.8956,27.8013],[94.8929,27.7971],[94.8864,27.7913],[94.8842,27.7847],[94.879,27.7811],[94.873,27.7802],[94.8698,27.7758],[94.8676,27.7691],[94.8624,27.764],[94.8591,27.7575],[94.8591,27.7507],[94.8702,27.7332]]]},"properties":{"id":"in:subdistrict:6575","level":"subdistrict","name":"New Seren Circle","code":6575,"parent":"in:district:719","state":"in:state:12"}},{"type":"Feature","geometry":{"type":"Polygon","coordinates":[[[95.5153,27.8797],[95.5183,27.8863],[95.5156,27.9015],[95.5147,27.912],[95.5094,27.9242],[95.5073,27.9311],[95.4987,27.9462],[95.5,27.9518],[95.5028,27.9577],[95.5035,27.9643],[95.5067,27.9686],[95.5334,27.9902],[95.5381,28.0012],[95.5405,28.0054],[95.5442,28.018],[95.5473,28.0237],[95.5527,28.0283],[95.5582,28.0353],[95.5614,28.0447],[95.5675,28.0785],[95.5679,28.0884],[95.5684,28.1021],[95.57,28.1122],[95.569,28.1243],[95.5692,28.1313],[95.5675,28.1389],[95.5644,28.1428],[95.5631,28.1469],[95.5596,28.168],[95.5597,28.1722],[95.495,28.1529],[95.4834,28.0658],[95.4445,28.0425],[95.4354,28.0442],[95.436,28.0167],[95.4293,27.9605],[95.4284,27.9332],[95.4274,27.9015],[95.4362,27.8564],[95.4912,27.8731],[95.5146,27.8795],[95.5153,27.8797]]]},"properties":{"id":"in:subdistrict:6115","level":"subdistrict","name":"Namsing Circle","code":6115,"parent":"in:district:232","state":"in:state:12"}},{"type":"Feature","geometry":{"type":"Polygon","coordinates":[[[95.6651,28.0193],[95.6452,28.0271],[95.6036,28.0866],[95.5679,28.0884],[95.5675,28.0785],[95.5614,28.0447],[95.5582,28.0353],[95.5527,28.0283],[95.5473,28.0237],[95.5442,28.018],[95.5405,28.0054],[95.5381,28.0012],[95.5334,27.9902],[95.5067,27.9686],[95.5035,27.9643],[95.5028,27.9577],[95.5,27.9518],[95.4987,27.9462],[95.5073,27.9311],[95.5094,27.9242],[95.5147,27.912],[95.5156,27.9015],[95.5183,27.8863],[95.5153,27.8797],[95.5201,27.8812],[95.5223,27.883],[95.5262,27.8906],[95.534,27.8981],[95.5395,27.8964],[95.5414,27.8971],[95.5447,27.9011],[95.5428,27.9041],[95.5427,27.9081],[95.5461,27.9117],[95.5538,27.9137],[95.5638,27.9196],[95.5645,27.9228],[95.5648,27.9293],[95.5681,27.9353],[95.5742,27.9395],[95.5793,27.9391],[95.5847,27.9366],[95.5875,27.938],[95.591,27.9442],[95.5946,27.9475],[95.5992,27.9503],[95.602,27.9529],[95.6053,27.9546],[95.6105,27.9553],[95.6323,27.9565],[95.6604,27.959],[95.6642,28.014],[95.6651,28.0193]]]},"properties":{"id":"in:subdistrict:1726","level":"subdistrict","name":"Tinali Paglam Circle","code":1726,"parent":"in:district:235","state":"in:state:12"}},{"type":"Feature","geometry":{"type":"Polygon","coordinates":[[[95.4354,28.0442],[95.4046,28.0501],[95.3579,28.0625],[95.3179,28.0853],[95.2888,28.0906],[95.2881,28.1032],[95.2955,28.1211],[95.2508,28.1502],[95.2305,28.1549],[95.2239,28.1521],[95.2223,28.1528],[95.2232,28.1462],[95.223,28.1403],[95.2208,28.1347],[95.2211,28.1316],[95.2242,28.1276],[95.2234,28.1216],[95.2204,28.1191],[95.2168,28.1178],[95.2131,28.1135],[95.2135,28.1109],[95.2159,28.1079],[95.224,28.1026],[95.2252,28.1007],[95.2253,28.0934],[95.2243,28.0862],[95.2267,28.0823],[95.2194,28.0719],[95.2196,28.0686],[95.2226,28.0611],[95.2237,28.0597],[95.228,28.0594],[95.2339,28.0602],[95.238,28.0587],[95.2401,28.0569],[95.2421,28.0531],[95.2391,28.051],[95.2385,28.0474],[95.2397,28.0473],[95.2404,28.0395],[95.2357,28.0352],[95.2379,28.0285],[95.24,28.0185],[95.2493,28.0088],[95.2593,28.0013],[95.2681,27.9991],[95.2809,27.9948],[95.2886,27.9762],[95.2943,27.9662],[95.3246,27.971],[95.336,27.952],[95.3608,27.9377],[95.3903,27.932],[95.4284,27.9332],[95.4293,27.9605],[95.436,28.0167],[95.4354,28.0442]]]},"properties":{"id":"in:subdistrict:6118","level":"subdistrict","name":"Pasighat HQ","code":6118,"parent":"in:district:232","state":"in:state:12"}},{"type":"Feature","geometry":{"type":"Polygon","coordinates":[[[95.4362,27.8564],[95.4274,27.9015],[95.4284,27.9332],[95.3903,27.932],[95.3608,27.9377],[95.336,27.952],[95.3246,27.971],[95.2943,27.9662],[95.3005,27.9596],[95.3,27.9534],[95.29,27.9439],[95.2838,27.931],[95.2819,27.9134],[95.2629,27.911],[95.2453,27.9058],[95.28,27.8591],[95.307,27.8671],[95.3088,27.868],[95.3375,27.8561],[95.3796,27.8392],[95.3956,27.8442],[95.4362,27.8564]]]},"properties":{"id":"in:subdistrict:1654","level":"subdistrict","name":"Oyan Circle","code":1654,"parent":"in:district:232","state":"in:state:12"}},{"type":"Feature","geometry":{"type":"Polygon","coordinates":[[[95.1364,27.8156],[95.1694,27.8257],[95.2089,27.8378],[95.2217,27.8409],[95.249,27.8501],[95.28,27.8591],[95.2453,27.9058],[95.2262,27.9029],[95.2105,27.9053],[95.1929,27.9106],[95.1758,27.9106],[95.1577,27.9053],[95.1381,27.9023],[95.1207,27.9035],[95.1152,27.8568],[95.1228,27.8482],[95.1364,27.8156]]]},"properties":{"id":"in:subdistrict:1653","level":"subdistrict","name":"Ruksin ADC","code":1653,"parent":"in:district:232","state":"in:state:12"}},{"type":"Feature","geometry":{"type":"Polygon","coordinates":[[[95.0858,27.9099],[95.1207,27.9035],[95.1381,27.9023],[95.1577,27.9053],[95.1758,27.9106],[95.1929,27.9106],[95.2105,27.9053],[95.2262,27.9029],[95.2453,27.9058],[95.2629,27.911],[95.2819,27.9134],[95.2838,27.931],[95.29,27.9439],[95.3,27.9534],[95.3005,27.9596],[95.2943,27.9662],[95.2886,27.9762],[95.2809,27.9948],[95.2681,27.9991],[95.2593,28.0013],[95.2493,28.0088],[95.24,28.0185],[95.2379,28.0285],[95.2357,28.0352],[95.2404,28.0395],[95.2397,28.0473],[95.2385,28.0474],[95.2239,28.0481],[95.2172,28.0563],[95.177,28.0481],[95.1151,28.0242],[95.0674,28.0234],[95.0738,27.9905],[95.0857,27.981],[95.0891,27.9677],[95.0881,27.952],[95.0753,27.9401],[95.0719,27.916],[95.0858,27.9099]]]},"properties":{"id":"in:subdistrict:1652","level":"subdistrict","name":"Bilat Circle","code":1652,"parent":"in:district:232","state":"in:state:12"}},{"type":"Feature","geometry":{"type":"Polygon","coordinates":[[[95.329,28.2957],[95.3189,28.3048],[95.2713,28.322],[95.258,28.3486],[95.2399,28.381],[95.2255,28.3846],[95.198,28.3914],[95.1485,28.3619],[95.1447,28.3391],[95.1126,28.3268],[95.1033,28.327],[95.1052,28.3208],[95.1041,28.3115],[95.1045,28.3091],[95.1012,28.3068],[95.0994,28.3021],[95.0962,28.2989],[95.0977,28.2938],[95.1014,28.2915],[95.103,28.2867],[95.0955,28.2814],[95.0941,28.277],[95.096,28.2708],[95.1007,28.2647],[95.1047,28.2615],[95.1092,28.2533],[95.1077,28.2505],[95.1096,28.2445],[95.112,28.24],[95.1167,28.2342],[95.1189,28.2299],[95.1203,28.2254],[95.1217,28.2249],[95.1357,28.2241],[95.139,28.2236],[95.1471,28.2203],[95.1507,28.2163],[95.1572,28.2168],[95.1629,28.2159],[95.1627,28.2105],[95.168,28.2009],[95.168,28.1924],[95.1668,28.1884],[95.1704,28.1842],[95.1733,28.1829],[95.1795,28.1789],[95.1801,28.1757],[95.1851,28.1736],[95.1902,28.1722],[95.193,28.1676],[95.1981,28.1639],[95.2011,28.1632],[95.2003,28.1709],[95.2019,28.1747],[95.208,28.1784],[95.2125,28.1776],[95.2185,28.1736],[95.2221,28.174],[95.227,28.173],[95.2328,28.1746],[95.2374,28.1773],[95.2464,28.1789],[95.2505,28.1846],[95.2554,28.187],[95.2548,28.1906],[95.2555,28.194],[95.2589,28.1982],[95.264,28.2003],[95.2685,28.2001],[95.2754,28.2021],[95.284,28.2012],[95.2878,28.2023],[95.2906,28.2048],[95.2915,28.2118],[95.2907,28.2166],[95.2884,28.2219],[95.2825,28.2315],[95.286,28.2342],[95.2861,28.2365],[95.2915,28.2392],[95.2974,28.2381],[95.3024,28.2385],[95.3094,28.2366],[95.3147,28.2386],[95.3129,28.2507],[95.314,28.2528],[95.3181,28.2569],[95.3207,28.2583],[95.3285,28.266],[95.3273,28.2704],[95.324,28.277],[95.3241,28.2822],[95.3202,28.285],[95.3202,28.2883],[95.3284,28.2941],[95.329,28.2957]]]},"properties":{"id":"in:subdistrict:1668","level":"subdistrict","name":"Katan Circle","code":1668,"parent":"in:district:240","state":"in:state:12"}},{"type":"Feature","geometry":{"type":"Polygon","coordinates":[[[95.5597,28.1722],[95.5605,28.2062],[95.564,28.2354],[95.5637,28.2549],[95.5613,28.2585],[95.552,28.2642],[95.5493,28.2682],[95.5498,28.2741],[95.5485,28.2754],[95.5417,28.2753],[95.5411,28.2802],[95.5354,28.2862],[95.5314,28.2825],[95.5267,28.2813],[95.5116,28.274],[95.4921,28.2706],[95.4858,28.2722],[95.4793,28.2688],[95.4767,28.2654],[95.4727,28.2644],[95.4655,28.2592],[95.4629,28.2616],[95.4612,28.2651],[95.462,28.2743],[95.4604,28.2788],[95.4564,28.2839],[95.4497,28.2897],[95.4496,28.2974],[95.4458,28.3045],[95.4376,28.3109],[95.435,28.3145],[95.4147,28.3129],[95.4106,28.3161],[95.3971,28.3148],[95.3951,28.3119],[95.3852,28.308],[95.3816,28.3108],[95.3751,28.3196],[95.3744,28.3227],[95.3717,28.3204],[95.3687,28.3202],[95.3686,28.3177],[95.3656,28.3115],[95.3634,28.304],[95.356,28.301],[95.3383,28.3026],[95.3334,28.3018],[95.3298,28.2979],[95.329,28.2957],[95.3284,28.2941],[95.3202,28.2883],[95.3202,28.285],[95.3241,28.2822],[95.324,28.277],[95.3273,28.2704],[95.3285,28.266],[95.3207,28.2583],[95.3181,28.2569],[95.314,28.2528],[95.3129,28.2507],[95.3147,28.2386],[95.3094,28.2366],[95.3024,28.2385],[95.2974,28.2381],[95.2915,28.2392],[95.2861,28.2365],[95.286,28.2342],[95.2825,28.2315],[95.2884,28.2219],[95.2907,28.2166],[95.2915,28.2118],[95.2906,28.2048],[95.2878,28.2023],[95.284,28.2012],[95.2754,28.2021],[95.2685,28.2001],[95.264,28.2003],[95.2589,28.1982],[95.2555,28.194],[95.2548,28.1906],[95.2554,28.187],[95.2505,28.1846],[95.2464,28.1789],[95.2374,28.1773],[95.2328,28.1746],[95.227,28.173],[95.2221,28.174],[95.2185,28.1736],[95.2125,28.1776],[95.208,28.1784],[95.2019,28.1747],[95.2003,28.1709],[95.2011,28.1632],[95.1981,28.1639],[95.193,28.1676],[95.1902,28.1722],[95.1851,28.1736],[95.1924,28.1646],[95.2223,28.1528],[95.2239,28.1521],[95.2305,28.1549],[95.2508,28.1502],[95.2955,28.1211],[95.2881,28.1032],[95.2888,28.0906],[95.3179,28.0853],[95.3579,28.0625],[95.4046,28.0501],[95.4354,28.0442],[95.4445,28.0425],[95.4834,28.0658],[95.495,28.1529],[95.5597,28.1722]]]},"properties":{"id":"in:subdistrict:1656","level":"subdistrict","name":"Mebo ADC","code":1656,"parent":"in:district:232","state":"in:state:12"}},{"type":"Feature","geometry":{"type":"Polygon","coordinates":[[[95.4081,28.5466],[95.4019,28.5416],[95.3926,28.5291],[95.3944,28.5245],[95.3928,28.5193],[95.3942,28.5152],[95.3926,28.5122],[95.3873,28.5103],[95.3768,28.5082],[95.3731,28.505],[95.366,28.492],[95.3531,28.4901],[95.3478,28.4864],[95.3427,28.4812],[95.3398,28.4801],[95.3366,28.4769],[95.3349,28.4648],[95.3346,28.4522],[95.3375,28.4488],[95.3377,28.4414],[95.3387,28.4389],[95.3368,28.4378],[95.3351,28.4342],[95.32,28.4258],[95.3233,28.4191],[95.3278,28.4183],[95.3286,28.4159],[95.3323,28.4136],[95.337,28.4084],[95.3383,28.4027],[95.3371,28.3986],[95.3394,28.3846],[95.3369,28.3758],[95.3379,28.3658],[95.3422,28.3631],[95.3575,28.3577],[95.3616,28.3566],[95.3685,28.3566],[95.3692,28.3535],[95.3674,28.3486],[95.3695,28.339],[95.3722,28.3352],[95.3766,28.3338],[95.374,28.3243],[95.3744,28.3227],[95.3751,28.3196],[95.3816,28.3108],[95.3852,28.308],[95.3951,28.3119],[95.3971,28.3148],[95.4106,28.3161],[95.4147,28.3129],[95.435,28.3145],[95.4376,28.3109],[95.4458,28.3045],[95.4496,28.2974],[95.4497,28.2897],[95.4564,28.2839],[95.4604,28.2788],[95.462,28.2743],[95.4612,28.2651],[95.4629,28.2616],[95.4655,28.2592],[95.4727,28.2644],[95.4767,28.2654],[95.4793,28.2688],[95.4858,28.2722],[95.4921,28.2706],[95.5116,28.274],[95.5267,28.2813],[95.5314,28.2825],[95.5354,28.2862],[95.5411,28.2802],[95.5417,28.2753],[95.5485,28.2754],[95.5498,28.2741],[95.5493,28.2682],[95.552,28.2642],[95.5613,28.2585],[95.5637,28.2549],[95.564,28.2354],[95.5605,28.2062],[95.5597,28.1722],[95.5596,28.168],[95.5631,28.1469],[95.5644,28.1428],[95.5675,28.1389],[95.5692,28.1313],[95.569,28.1243],[95.57,28.1122],[95.5684,28.1021],[95.5679,28.0884],[95.6036,28.0866],[95.6452,28.0271],[95.6651,28.0193],[95.6927,28.1825],[95.6962,28.2232],[95.707,28.2653],[95.7398,28.2996],[95.7645,28.3175],[95.7597,28.3261],[95.7549,28.3278],[95.7518,28.3251],[95.7476,28.3191],[95.7426,28.3215],[95.7398,28.3267],[95.7374,28.3282],[95.7373,28.3324],[95.7357,28.3382],[95.7356,28.341],[95.7269,28.3439],[95.7205,28.3454],[95.7175,28.3452],[95.7141,28.3465],[95.7066,28.3474],[95.7031,28.3449],[95.6997,28.3461],[95.6944,28.343],[95.6913,28.3478],[95.6907,28.3505],[95.6928,28.3552],[95.6925,28.3585],[95.6897,28.3619],[95.6877,28.3619],[95.6835,28.3639],[95.6803,28.3675],[95.679,28.3706],[95.6736,28.3689],[95.6655,28.3683],[95.6623,28.3669],[95.6583,28.368],[95.6507,28.3683],[95.648,28.3672],[95.6424,28.368],[95.6389,28.3677],[95.6358,28.374],[95.6322,28.3771],[95.6281,28.3791],[95.6251,28.3793],[95.6224,28.3776],[95.6165,28.3776],[95.6085,28.3748],[95.6071,28.378],[95.6052,28.3783],[95.6011,28.3753],[95.5906,28.3712],[95.5854,28.3738],[95.5885,28.3783],[95.5875,28.3817],[95.5851,28.3841],[95.581,28.3858],[95.5765,28.3896],[95.5733,28.3904],[95.5703,28.3975],[95.5685,28.4],[95.5642,28.3997],[95.5637,28.4061],[95.5676,28.4101],[95.5699,28.4187],[95.5719,28.4207],[95.5727,28.4248],[95.5767,28.4307],[95.5813,28.4323],[95.5812,28.439],[95.5787,28.4416],[95.5801,28.4439],[95.5782,28.4498],[95.5767,28.4519],[95.5784,28.456],[95.5841,28.4604],[95.5874,28.4642],[95.5894,28.4659],[95.5898,28.4684],[95.5881,28.4703],[95.5883,28.4759],[95.587,28.4786],[95.5893,28.4828],[95.5891,28.4846],[95.5846,28.4879],[95.5825,28.4884],[95.5776,28.4944],[95.5719,28.4968],[95.5717,28.4986],[95.5662,28.5014],[95.5606,28.5052],[95.5567,28.5054],[95.5515,28.5032],[95.5478,28.4989],[95.5402,28.4966],[95.5329,28.5012],[95.5253,28.5027],[95.5233,28.5036],[95.5239,28.5076],[95.5259,28.5128],[95.5216,28.5181],[95.5157,28.5216],[95.5131,28.5216],[95.5081,28.5197],[95.4999,28.5186],[95.4996,28.5218],[95.4954,28.5267],[95.4937,28.531],[95.4856,28.5339],[95.4801,28.5351],[95.4765,28.5373],[95.4675,28.5367],[95.4646,28.5398],[95.4595,28.5416],[95.4586,28.5487],[95.4539,28.5509],[95.4508,28.5547],[95.445,28.5555],[95.4397,28.5517],[95.434,28.5496],[95.4295,28.5459],[95.4242,28.545],[95.4213,28.5467],[95.4153,28.5483],[95.4113,28.5508],[95.4081,28.5466]]]},"properties":{"id":"in:subdistrict:1725","level":"subdistrict","name":"Dambuk ADC","code":1725,"parent":"in:district:235","state":"in:state:12"}},{"type":"Feature","geometry":{"type":"Polygon","coordinates":[[[95.329,28.2957],[95.3298,28.2979],[95.3334,28.3018],[95.3383,28.3026],[95.356,28.301],[95.3634,28.304],[95.3656,28.3115],[95.3686,28.3177],[95.3687,28.3202],[95.3717,28.3204],[95.3744,28.3227],[95.374,28.3243],[95.3766,28.3338],[95.3722,28.3352],[95.3695,28.339],[95.3674,28.3486],[95.3692,28.3535],[95.3685,28.3566],[95.3616,28.3566],[95.3575,28.3577],[95.3422,28.3631],[95.3379,28.3658],[95.3369,28.3758],[95.3394,28.3846],[95.3371,28.3986],[95.3383,28.4027],[95.337,28.4084],[95.3323,28.4136],[95.3286,28.4159],[95.3278,28.4183],[95.3233,28.4191],[95.32,28.4258],[95.3351,28.4342],[95.3368,28.4378],[95.3387,28.4389],[95.3377,28.4414],[95.2792,28.4433],[95.253,28.4219],[95.2316,28.4183],[95.2255,28.3846],[95.2399,28.381],[95.258,28.3486],[95.2713,28.322],[95.3189,28.3048],[95.329,28.2957]]]},"properties":{"id":"in:subdistrict:1667","level":"subdistrict","name":"Mopom Adipasi Circle","code":1667,"parent":"in:district:240","state":"in:state:12"}},{"type":"Feature","geometry":{"type":"Polygon","coordinates":[[[95.2255,28.3846],[95.2316,28.4183],[95.2292,28.4433],[95.2173,28.4671],[95.209,28.4909],[95.1923,28.5028],[95.178,28.5064],[95.1685,28.5183],[95.1709,28.5385],[95.1471,28.5623],[95.1293,28.5361],[95.1257,28.5064],[95.1105,28.5008],[95.1,28.4991],[95.1007,28.4975],[95.1001,28.4886],[95.0946,28.4813],[95.093,28.4771],[95.094,28.4743],[95.0969,28.4711],[95.1001,28.4653],[95.1017,28.4602],[95.1012,28.4563],[95.0938,28.4527],[95.0899,28.4478],[95.0905,28.4415],[95.089,28.4385],[95.0885,28.4324],[95.0844,28.4289],[95.0789,28.4222],[95.0701,28.4184],[95.0663,28.4144],[95.0656,28.4122],[95.0668,28.4094],[95.0716,28.4066],[95.0755,28.4028],[95.0773,28.3951],[95.0768,28.3909],[95.0737,28.3848],[95.0723,28.3807],[95.0719,28.3767],[95.0689,28.3718],[95.07,28.3667],[95.0697,28.3631],[95.068,28.3608],[95.0623,28.3566],[95.0635,28.3531],[95.0655,28.3514],[95.0671,28.3471],[95.0731,28.3403],[95.0763,28.3385],[95.0793,28.3381],[95.0878,28.33],[95.0913,28.3287],[95.1026,28.328],[95.1033,28.327],[95.1126,28.3268],[95.1447,28.3391],[95.1485,28.3619],[95.198,28.3914],[95.2255,28.3846]]]},"properties":{"id":"in:subdistrict:1665","level":"subdistrict","name":"Geku EAC","code":1665,"parent":"in:district:240","state":"in:state:12"}},{"type":"Feature","geometry":{"type":"Polygon","coordinates":[[[95.1,28.4991],[95.0966,28.5016],[95.0909,28.5027],[95.0835,28.5053],[95.08,28.5081],[95.078,28.5127],[95.0777,28.5187],[95.0798,28.5227],[95.0795,28.5258],[95.0784,28.5289],[95.0724,28.5296],[95.0693,28.5289],[95.0653,28.5304],[95.0648,28.5328],[95.0611,28.5323],[95.0572,28.5343],[95.0526,28.5335],[95.0479,28.5258],[95.0423,28.525],[95.0358,28.5232],[95.0332,28.5245],[95.0266,28.5232],[95.0224,28.5211],[95.0172,28.5236],[95.0185,28.5283],[95.0167,28.5376],[95.0167,28.5443],[95.0147,28.5482],[95.0122,28.5511],[95.0091,28.5522],[95.0036,28.5513],[95.0011,28.5518],[94.9962,28.5568],[94.9919,28.5629],[94.9838,28.5645],[94.9806,28.5637],[94.9778,28.5608],[94.9763,28.5567],[94.9828,28.5426],[94.9865,28.4991],[94.9856,28.4554],[94.9827,28.4344],[94.9818,28.4163],[94.9941,28.3906],[94.9951,28.3497],[94.9971,28.3394],[95.0047,28.3394],[95.018,28.3356],[95.0247,28.3232],[95.0342,28.3403],[95.0446,28.346],[95.057,28.3498],[95.0635,28.3531],[95.0623,28.3566],[95.068,28.3608],[95.0697,28.3631],[95.07,28.3667],[95.0689,28.3718],[95.0719,28.3767],[95.0723,28.3807],[95.0737,28.3848],[95.0768,28.3909],[95.0773,28.3951],[95.0755,28.4028],[95.0716,28.4066],[95.0668,28.4094],[95.0656,28.4122],[95.0663,28.4144],[95.0701,28.4184],[95.0789,28.4222],[95.0844,28.4289],[95.0885,28.4324],[95.089,28.4385],[95.0905,28.4415],[95.0899,28.4478],[95.0938,28.4527],[95.1012,28.4563],[95.1017,28.4602],[95.1001,28.4653],[95.0969,28.4711],[95.094,28.4743],[95.093,28.4771],[95.0946,28.4813],[95.1001,28.4886],[95.1007,28.4975],[95.1,28.4991]]]},"properties":{"id":"in:subdistrict:1644","level":"subdistrict","name":"Riga EAC","code":1644,"parent":"in:district:679","state":"in:state:12"}},{"type":"Feature","geometry":{"type":"Polygon","coordinates":[[[95.1033,28.327],[95.1026,28.328],[95.0913,28.3287],[95.0878,28.33],[95.0793,28.3381],[95.0763,28.3385],[95.0731,28.3403],[95.0671,28.3471],[95.0655,28.3514],[95.0635,28.3531],[95.057,28.3498],[95.0446,28.346],[95.0342,28.3403],[95.0247,28.3232],[95.018,28.3356],[95.0047,28.3394],[94.9971,28.3394],[94.9904,28.3365],[94.9923,28.3279],[94.9942,28.3137],[94.9771,28.3108],[94.959,28.3089],[94.9514,28.3041],[94.9523,28.2842],[94.9523,28.2743],[94.9714,28.2689],[94.9913,28.248],[95.0113,28.2451],[95.0361,28.228],[95.0675,28.2232],[95.0979,28.2156],[95.1141,28.2128],[95.1226,28.2134],[95.1321,28.2142],[95.1308,28.2169],[95.1357,28.2241],[95.1217,28.2249],[95.1203,28.2254],[95.1189,28.2299],[95.1167,28.2342],[95.112,28.24],[95.1096,28.2445],[95.1077,28.2505],[95.1092,28.2533],[95.1047,28.2615],[95.1007,28.2647],[95.096,28.2708],[95.0941,28.277],[95.0955,28.2814],[95.103,28.2867],[95.1014,28.2915],[95.0977,28.2938],[95.0962,28.2989],[95.0994,28.3021],[95.1012,28.3068],[95.1045,28.3091],[95.1041,28.3115],[95.1052,28.3208],[95.1033,28.327]]]},"properties":{"id":"in:subdistrict:1647","level":"subdistrict","name":"Rebo Perging Circle","code":1647,"parent":"in:district:679","state":"in:state:12"}},{"type":"Feature","geometry":{"type":"Polygon","coordinates":[[[95.0674,28.0234],[95.1151,28.0242],[95.177,28.0481],[95.2172,28.0563],[95.2239,28.0481],[95.2385,28.0474],[95.2391,28.051],[95.2421,28.0531],[95.2401,28.0569],[95.238,28.0587],[95.2339,28.0602],[95.228,28.0594],[95.2237,28.0597],[95.2226,28.0611],[95.2196,28.0686],[95.2194,28.0719],[95.2267,28.0823],[95.2243,28.0862],[95.2253,28.0934],[95.2252,28.1007],[95.224,28.1026],[95.2159,28.1079],[95.2135,28.1109],[95.2131,28.1135],[95.2168,28.1178],[95.2204,28.1191],[95.2234,28.1216],[95.2242,28.1276],[95.2211,28.1316],[95.2208,28.1347],[95.223,28.1403],[95.2232,28.1462],[95.2223,28.1528],[95.1924,28.1646],[95.1851,28.1736],[95.1801,28.1757],[95.1795,28.1789],[95.1733,28.1829],[95.1704,28.1842],[95.1668,28.1884],[95.168,28.1924],[95.168,28.2009],[95.1627,28.2105],[95.1629,28.2159],[95.1572,28.2168],[95.1507,28.2163],[95.1471,28.2203],[95.139,28.2236],[95.1357,28.2241],[95.1308,28.2169],[95.1321,28.2142],[95.1226,28.2134],[95.0927,28.1688],[95.0845,28.1577],[95.0361,28.1554],[95.0472,28.104],[94.9906,28.107],[94.9324,28.1026],[94.9311,28.0987],[94.9283,28.0945],[94.9288,28.0927],[94.925,28.0923],[94.9182,28.093],[94.9145,28.0914],[94.9139,28.0868],[94.9102,28.0845],[94.9083,28.0806],[94.9031,28.0784],[94.9037,28.0724],[94.9067,28.0702],[94.9083,28.0672],[94.911,28.0648],[94.9138,28.064],[94.9171,28.0612],[94.9203,28.0606],[94.9222,28.0589],[94.9243,28.0532],[94.9294,28.0504],[94.9622,28.0413],[95.0338,28.0332],[95.0346,28.0331],[95.0674,28.0234]]]},"properties":{"id":"in:subdistrict:1646","level":"subdistrict","name":"Kebang Circle","code":1646,"parent":"in:district:679","state":"in:state:12"}},{"type":"Feature","geometry":{"type":"Polygon","coordinates":[[[94.9523,28.2743],[94.9523,28.2613],[94.9504,28.2413],[94.9285,28.227],[94.9004,28.2336],[94.8989,28.2323],[94.8924,28.2354],[94.8811,28.2326],[94.8905,28.2274],[94.8945,28.221],[94.8766,28.2164],[94.8713,28.2168],[94.8696,28.2136],[94.8684,28.209],[94.875,28.2057],[94.877,28.2021],[94.8789,28.2016],[94.8984,28.1802],[94.8995,28.178],[94.8984,28.1745],[94.8983,28.1686],[94.8994,28.1637],[94.8981,28.1599],[94.8983,28.1552],[94.8965,28.1533],[94.8981,28.1478],[94.9035,28.1449],[94.9052,28.1395],[94.9113,28.1361],[94.9125,28.1322],[94.918,28.127],[94.9206,28.1274],[94.9279,28.127],[94.934,28.1216],[94.9369,28.121],[94.943,28.1214],[94.9438,28.1163],[94.9414,28.1125],[94.9358,28.1068],[94.9331,28.1051],[94.9324,28.1026],[94.9906,28.107],[95.0472,28.104],[95.0361,28.1554],[95.0845,28.1577],[95.0927,28.1688],[95.1226,28.2134],[95.1141,28.2128],[95.0979,28.2156],[95.0675,28.2232],[95.0361,28.228],[95.0113,28.2451],[94.9913,28.248],[94.9714,28.2689],[94.9523,28.2743]]]},"properties":{"id":"in:subdistrict:1645","level":"subdistrict","name":"Pangin EAC","code":1645,"parent":"in:district:679","state":"in:state:12"}},{"type":"Feature","geometry":{"type":"Polygon","coordinates":[[[94.748,28.2067],[94.7748,28.1869],[94.8005,28.186],[94.8366,28.2193],[94.8713,28.2168],[94.8766,28.2164],[94.8945,28.221],[94.8905,28.2274],[94.8811,28.2326],[94.8924,28.2354],[94.8989,28.2323],[94.9004,28.2336],[94.9059,28.2381],[94.9128,28.2381],[94.9186,28.2393],[94.9349,28.2445],[94.9358,28.2513],[94.9309,28.2591],[94.9248,28.2654],[94.9204,28.2726],[94.9206,28.2767],[94.9019,28.2804],[94.8877,28.2814],[94.8696,28.289],[94.8505,28.2957],[94.822,28.288],[94.7906,28.2804],[94.7782,28.2766],[94.7563,28.2576],[94.7552,28.2576],[94.7563,28.2357],[94.7516,28.2167],[94.748,28.2067]]]},"properties":{"id":"in:subdistrict:6606","level":"subdistrict","name":"Jomlo Mobuk Circle","code":6606,"parent":"in:district:679","state":"in:state:12"}},{"type":"Feature","geometry":{"type":"Polygon","coordinates":[[[94.6149,28.1498],[94.5968,28.1469],[94.5854,28.1384],[94.5911,28.1298],[94.5977,28.1251],[94.6101,28.1174],[94.6187,28.1127],[94.6158,28.1013],[94.6044,28.087],[94.5949,28.0822],[94.6026,28.0615],[94.6032,28.0621],[94.6253,28.0556],[94.6395,28.0442],[94.6403,28.0435],[94.6689,28.0414],[94.6704,28.0403],[94.6805,28.0594],[94.6815,28.0822],[94.6967,28.1003],[94.7643,28.0889],[94.7947,28.1079],[94.8081,28.0936],[94.8281,28.0441],[94.8709,28.0461],[94.8975,28.0451],[94.9194,28.0411],[94.9208,28.0405],[94.9235,28.0417],[94.9302,28.0494],[94.9294,28.0504],[94.9243,28.0532],[94.9222,28.0589],[94.9203,28.0606],[94.9171,28.0612],[94.9138,28.064],[94.911,28.0648],[94.9083,28.0672],[94.9067,28.0702],[94.9037,28.0724],[94.9031,28.0784],[94.9083,28.0806],[94.9102,28.0845],[94.9139,28.0868],[94.9145,28.0914],[94.9182,28.093],[94.925,28.0923],[94.9288,28.0927],[94.9283,28.0945],[94.9311,28.0987],[94.9324,28.1026],[94.9331,28.1051],[94.9358,28.1068],[94.9414,28.1125],[94.9438,28.1163],[94.943,28.1214],[94.9369,28.121],[94.934,28.1216],[94.9279,28.127],[94.9206,28.1274],[94.918,28.127],[94.9125,28.1322],[94.9113,28.1361],[94.9052,28.1395],[94.9035,28.1449],[94.8981,28.1478],[94.8965,28.1533],[94.8983,28.1552],[94.8981,28.1599],[94.8994,28.1637],[94.8983,28.1686],[94.8984,28.1745],[94.8995,28.178],[94.8984,28.1802],[94.8789,28.2016],[94.877,28.2021],[94.875,28.2057],[94.8684,28.209],[94.8696,28.2136],[94.8713,28.2168],[94.8366,28.2193],[94.8005,28.186],[94.7748,28.1869],[94.748,28.2067],[94.7272,28.2221],[94.691,28.2164],[94.6605,28.2069],[94.6415,28.166],[94.6301,28.1546],[94.6149,28.1498]]]},"properties":{"id":"in:subdistrict:6087","level":"subdistrict","name":"Aalo HQ","code":6087,"parent":"in:district:243","state":"in:state:12"}},{"type":"Feature","geometry":{"type":"Polygon","coordinates":[[[94.7325,28.2576],[94.7552,28.2576],[94.7563,28.2576],[94.7782,28.2766],[94.7906,28.2804],[94.822,28.288],[94.8505,28.2957],[94.8696,28.289],[94.8877,28.2814],[94.9019,28.2804],[94.9206,28.2767],[94.9224,28.2851],[94.92,28.2958],[94.9128,28.3028],[94.9132,28.3104],[94.9075,28.3212],[94.904,28.3293],[94.8985,28.3381],[94.898,28.3442],[94.8921,28.3459],[94.8894,28.3512],[94.8886,28.3562],[94.8893,28.3639],[94.8871,28.3746],[94.8815,28.3926],[94.8789,28.4057],[94.876,28.4096],[94.8698,28.4134],[94.8548,28.4137],[94.8402,28.4153],[94.8288,28.4188],[94.8194,28.4195],[94.8105,28.4239],[94.8063,28.4202],[94.7993,28.4206],[94.7891,28.4233],[94.7756,28.4249],[94.7664,28.424],[94.7554,28.4013],[94.7439,28.3794],[94.7363,28.3547],[94.7373,28.3318],[94.7449,28.3042],[94.7439,28.288],[94.7411,28.2728],[94.7325,28.2576]]]},"properties":{"id":"in:subdistrict:1630","level":"subdistrict","name":"Rumgong ADC","code":1630,"parent":"in:district:679","state":"in:state:12"}},{"type":"Feature","geometry":{"type":"Polygon","coordinates":[[[94.7664,28.424],[94.7756,28.4249],[94.7891,28.4233],[94.7993,28.4206],[94.8063,28.4202],[94.8105,28.4239],[94.8194,28.4195],[94.8288,28.4188],[94.8402,28.4153],[94.8548,28.4137],[94.8698,28.4134],[94.876,28.4096],[94.8789,28.4057],[94.8815,28.3926],[94.8871,28.3746],[94.8893,28.3639],[94.8886,28.3562],[94.8894,28.3512],[94.8921,28.3459],[94.898,28.3442],[94.8985,28.3381],[94.904,28.3293],[94.9075,28.3212],[94.9132,28.3104],[94.9128,28.3028],[94.92,28.2958],[94.9224,28.2851],[94.9206,28.2767],[94.9204,28.2726],[94.9248,28.2654],[94.9309,28.2591],[94.9358,28.2513],[94.9349,28.2445],[94.9186,28.2393],[94.9128,28.2381],[94.9059,28.2381],[94.9004,28.2336],[94.9285,28.227],[94.9504,28.2413],[94.9523,28.2613],[94.9523,28.2743],[94.9523,28.2842],[94.9514,28.3041],[94.959,28.3089],[94.9771,28.3108],[94.9942,28.3137],[94.9923,28.3279],[94.9904,28.3365],[94.9971,28.3394],[94.9951,28.3497],[94.9941,28.3906],[94.9818,28.4163],[94.9827,28.4344],[94.9856,28.4554],[94.9865,28.4991],[94.9828,28.5426],[94.9763,28.5567],[94.9717,28.5565],[94.9683,28.5584],[94.9652,28.5582],[94.9605,28.5645],[94.9575,28.5663],[94.9569,28.5711],[94.9536,28.5738],[94.9499,28.575],[94.9495,28.5801],[94.946,28.5816],[94.9414,28.5817],[94.9323,28.5805],[94.9309,28.5799],[94.9271,28.5752],[94.9254,28.5681],[94.9198,28.5637],[94.9139,28.5616],[94.9101,28.5626],[94.9014,28.5627],[94.8964,28.5606],[94.8895,28.557],[94.8834,28.555],[94.8794,28.5508],[94.8754,28.5476],[94.8728,28.548],[94.8636,28.5546],[94.8625,28.556],[94.8621,28.5614],[94.8598,28.5626],[94.8488,28.5659],[94.8436,28.5705],[94.8424,28.5738],[94.8405,28.5748],[94.8333,28.576],[94.8301,28.5756],[94.8265,28.5766],[94.8219,28.5761],[94.8169,28.5735],[94.8082,28.5722],[94.804,28.5729],[94.7994,28.5678],[94.7974,28.5656],[94.7931,28.5628],[94.789,28.557],[94.7785,28.5538],[94.7693,28.5481],[94.7659,28.5486],[94.762,28.5472],[94.7588,28.534],[94.7556,28.5287],[94.7483,28.5214],[94.7472,28.5116],[94.7469,28.5043],[94.7418,28.4983],[94.7507,28.4776],[94.7521,28.4669],[94.7462,28.4578],[94.7493,28.4522],[94.7575,28.4375],[94.7608,28.4321],[94.7634,28.4237],[94.7664,28.424]]]},"properties":{"id":"in:subdistrict:1643","level":"subdistrict","name":"Boleng ADC","code":1643,"parent":"in:district:679","state":"in:state:12"}},{"type":"Feature","geometry":{"type":"Polygon","coordinates":[[[94.9542,28.855],[94.9463,28.8562],[94.9356,28.8583],[94.9199,28.8619],[94.8999,28.869],[94.887,28.8712],[94.8728,28.8705],[94.8706,28.8733],[94.8628,28.8876],[94.8635,28.9026],[94.8671,28.9169],[94.8699,28.9404],[94.8218,28.9189],[94.8099,28.9097],[94.7892,28.9112],[94.7757,28.9033],[94.7701,28.8922],[94.7688,28.8889],[94.7631,28.8744],[94.7612,28.8677],[94.7669,28.8692],[94.7843,28.87],[94.7875,28.8688],[94.7917,28.8655],[94.7987,28.8585],[94.8008,28.855],[94.8003,28.8485],[94.7976,28.8443],[94.7926,28.8412],[94.7863,28.8411],[94.7899,28.8319],[94.7877,28.8225],[94.7767,28.822],[94.7682,28.8167],[94.7667,28.8106],[94.7805,28.7958],[94.7924,28.7882],[94.8024,28.7806],[94.801,28.773],[94.8134,28.7868],[94.8253,28.8049],[94.8467,28.7968],[94.8572,28.7925],[94.8829,28.7992],[94.8998,28.8028],[94.9028,28.8034],[94.9309,28.832],[94.9376,28.8391],[94.9542,28.855]]]},"properties":{"id":"in:subdistrict:1660","level":"subdistrict","name":"Palling Circle","code":1660,"parent":"in:district:240","state":"in:state:12"}},{"type":"Feature","geometry":{"type":"Polygon","coordinates":[[[95.1471,28.5623],[95.1591,28.5717],[95.167,28.5853],[95.1813,28.5996],[95.1941,28.6117],[95.1913,28.6238],[95.1741,28.6453],[95.1777,28.6595],[95.177,28.6752],[95.1786,28.7038],[95.1695,28.7041],[95.1416,28.7256],[95.1224,28.7356],[95.0867,28.737],[95.0703,28.7463],[95.0569,28.7591],[95.0519,28.7798],[95.0341,28.7919],[95.0148,28.7977],[95.0098,28.8019],[95.0027,28.8148],[94.9963,28.8305],[94.9891,28.8405],[94.9734,28.8448],[94.9656,28.8533],[94.9561,28.8547],[94.9542,28.855],[94.9376,28.8391],[94.9309,28.832],[94.9028,28.8034],[94.8998,28.8028],[94.9194,28.787],[94.9165,28.7689],[94.8927,28.7728],[94.8775,28.7675],[94.8689,28.7585],[94.8689,28.7432],[94.8723,28.7347],[94.8799,28.7318],[94.8932,28.7375],[94.9089,28.7347],[94.9187,28.7213],[94.9509,28.7156],[94.9766,28.6963],[94.9801,28.6699],[94.9844,28.647],[94.9916,28.6556],[95.0058,28.6563],[95.0173,28.6342],[95.0223,28.6049],[95.0351,28.5899],[95.0458,28.5778],[95.0786,28.5471],[95.0836,28.5357],[95.0841,28.5267],[95.0795,28.5258],[95.0798,28.5227],[95.0777,28.5187],[95.078,28.5127],[95.08,28.5081],[95.0835,28.5053],[95.0909,28.5027],[95.0966,28.5016],[95.1,28.4991],[95.1105,28.5008],[95.1257,28.5064],[95.1293,28.5361],[95.1471,28.5623]]]},"properties":{"id":"in:subdistrict:1663","level":"subdistrict","name":"Yingkiong Circle","code":1663,"parent":"in:district:240","state":"in:state:12"}},{"type":"Feature","geometry":{"type":"Polygon","coordinates":[[[95.0795,28.5258],[95.0841,28.5267],[95.0836,28.5357],[95.0786,28.5471],[95.0458,28.5778],[95.0351,28.5899],[95.0223,28.6049],[95.0173,28.6342],[95.0058,28.6563],[94.9916,28.6556],[94.9844,28.647],[94.9801,28.6699],[94.9766,28.6963],[94.9509,28.7156],[94.9187,28.7213],[94.9089,28.7347],[94.8932,28.7375],[94.8799,28.7318],[94.8723,28.7347],[94.8689,28.7432],[94.8689,28.7585],[94.8775,28.7675],[94.8927,28.7728],[94.9165,28.7689],[94.9194,28.787],[94.8998,28.8028],[94.8829,28.7992],[94.8572,28.7925],[94.8467,28.7968],[94.8253,28.8049],[94.8134,28.7868],[94.801,28.773],[94.772,28.7482],[94.7705,28.7401],[94.7848,28.6656],[94.7819,28.6453],[94.7813,28.6299],[94.7777,28.618],[94.7854,28.6043],[94.7836,28.5781],[94.7994,28.5678],[94.804,28.5729],[94.8082,28.5722],[94.8169,28.5735],[94.8219,28.5761],[94.8265,28.5766],[94.8301,28.5756],[94.8333,28.576],[94.8405,28.5748],[94.8424,28.5738],[94.8436,28.5705],[94.8488,28.5659],[94.8598,28.5626],[94.8621,28.5614],[94.8625,28.556],[94.8636,28.5546],[94.8728,28.548],[94.8754,28.5476],[94.8794,28.5508],[94.8834,28.555],[94.8895,28.557],[94.8964,28.5606],[94.9014,28.5627],[94.9101,28.5626],[94.9139,28.5616],[94.9198,28.5637],[94.9254,28.5681],[94.9271,28.5752],[94.9309,28.5799],[94.9323,28.5805],[94.9414,28.5817],[94.946,28.5816],[94.9495,28.5801],[94.9499,28.575],[94.9536,28.5738],[94.9569,28.5711],[94.9575,28.5663],[94.9605,28.5645],[94.9652,28.5582],[94.9683,28.5584],[94.9717,28.5565],[94.9763,28.5567],[94.9778,28.5608],[94.9806,28.5637],[94.9838,28.5645],[94.9919,28.5629],[94.9962,28.5568],[95.0011,28.5518],[95.0036,28.5513],[95.0091,28.5522],[95.0122,28.5511],[95.0147,28.5482],[95.0167,28.5443],[95.0167,28.5376],[95.0185,28.5283],[95.0172,28.5236],[95.0224,28.5211],[95.0266,28.5232],[95.0332,28.5245],[95.0358,28.5232],[95.0423,28.525],[95.0479,28.5258],[95.0526,28.5335],[95.0572,28.5343],[95.0611,28.5323],[95.0648,28.5328],[95.0653,28.5304],[95.0693,28.5289],[95.0724,28.5296],[95.0784,28.5289],[95.0795,28.5258]]]},"properties":{"id":"in:subdistrict:1664","level":"subdistrict","name":"Jengging Circle","code":1664,"parent":"in:district:240","state":"in:state:12"}},{"type":"Feature","geometry":{"type":"Polygon","coordinates":[[[95.3568,28.6958],[95.3508,28.6956],[95.3387,28.6906],[95.323,28.6806],[95.3108,28.6899],[95.3008,28.6941],[95.2766,28.6941],[95.2673,28.697],[95.2466,28.712],[95.2344,28.7099],[95.2059,28.7027],[95.1786,28.7038],[95.177,28.6752],[95.1777,28.6595],[95.1741,28.6453],[95.1913,28.6238],[95.1941,28.6117],[95.1813,28.5996],[95.167,28.5853],[95.1591,28.5717],[95.1471,28.5623],[95.1709,28.5385],[95.1685,28.5183],[95.178,28.5064],[95.1923,28.5028],[95.209,28.4909],[95.2173,28.4671],[95.2292,28.4433],[95.2316,28.4183],[95.253,28.4219],[95.2792,28.4433],[95.3377,28.4414],[95.3375,28.4488],[95.3346,28.4522],[95.3349,28.4648],[95.3366,28.4769],[95.3398,28.4801],[95.3427,28.4812],[95.3478,28.4864],[95.3531,28.4901],[95.366,28.492],[95.3731,28.505],[95.3768,28.5082],[95.3873,28.5103],[95.3926,28.5122],[95.3942,28.5152],[95.3928,28.5193],[95.3944,28.5245],[95.3926,28.5291],[95.4019,28.5416],[95.4081,28.5466],[95.4096,28.5495],[95.4092,28.5537],[95.4009,28.5677],[95.3818,28.5703],[95.3801,28.5798],[95.3809,28.585],[95.3788,28.588],[95.3763,28.5979],[95.3752,28.6143],[95.3653,28.626],[95.3673,28.644],[95.3645,28.6516],[95.3596,28.6595],[95.3595,28.6702],[95.3576,28.6812],[95.3583,28.6869],[95.3568,28.6958]]]},"properties":{"id":"in:subdistrict:1666","level":"subdistrict","name":"Mariyang ADC","code":1666,"parent":"in:district:240","state":"in:state:12"}},{"type":"Feature","geometry":{"type":"Polygon","coordinates":[[[95.3847,28.7311],[95.3865,28.7364],[95.3893,28.7413],[95.3797,28.7534],[95.374,28.7646],[95.3736,28.7691],[95.3772,28.7777],[95.3626,28.787],[95.3605,28.7928],[95.3609,28.7983],[95.3587,28.7992],[95.3581,28.8044],[95.3535,28.8182],[95.3553,28.8232],[95.353,28.8256],[95.3463,28.8261],[95.3434,28.8288],[95.3411,28.8333],[95.3385,28.8347],[95.3303,28.8339],[95.3279,28.836],[95.327,28.8414],[95.3241,28.8433],[95.323,28.8506],[95.3278,28.8538],[95.3218,28.8622],[95.3232,28.8743],[95.3162,28.886],[95.3254,28.8919],[95.3259,28.8944],[95.323,28.9027],[95.3252,28.9065],[95.3182,28.9098],[95.328,28.9189],[95.3278,28.9213],[95.3241,28.9297],[95.3125,28.9341],[95.3128,28.94],[95.3075,28.9428],[95.306,28.9459],[95.3077,28.9504],[95.307,28.9543],[95.2997,28.9567],[95.2957,28.9528],[95.2834,28.9466],[95.2728,28.9452],[95.2691,28.9451],[95.264,28.9465],[95.256,28.9511],[95.2557,28.9557],[95.2599,28.9622],[95.2609,28.9656],[95.2569,28.9675],[95.2555,28.9699],[95.256,28.979],[95.2303,28.9747],[95.1989,28.9725],[95.1725,28.9647],[95.1425,28.9561],[95.1354,28.9419],[95.1111,28.9376],[95.0976,28.9212],[95.0804,28.9133],[95.0526,28.9069],[95.0362,28.9097],[95.024,28.9104],[95.014,28.9076],[94.9991,28.8905],[94.9933,28.879],[94.9741,28.8683],[94.9561,28.8547],[94.9656,28.8533],[94.9734,28.8448],[94.9891,28.8405],[94.9963,28.8305],[95.0027,28.8148],[95.0098,28.8019],[95.0148,28.7977],[95.0341,28.7919],[95.0519,28.7798],[95.0569,28.7591],[95.0703,28.7463],[95.0867,28.737],[95.1224,28.7356],[95.1416,28.7256],[95.1695,28.7041],[95.1786,28.7038],[95.2059,28.7027],[95.2344,28.7099],[95.2466,28.712],[95.2673,28.697],[95.2766,28.6941],[95.3008,28.6941],[95.3108,28.6899],[95.323,28.6806],[95.3387,28.6906],[95.3508,28.6956],[95.3568,28.6958],[95.3548,28.7017],[95.3508,28.7044],[95.3671,28.7143],[95.3691,28.7164],[95.3747,28.7272],[95.3847,28.7311]]]},"properties":{"id":"in:subdistrict:1662","level":"subdistrict","name":"Singa Circle","code":1662,"parent":"in:district:240","state":"in:state:12"}},{"type":"Feature","geometry":{"type":"Polygon","coordinates":[[[95.1212,29.1155],[95.1064,29.1189],[95.1019,29.1293],[95.0951,29.1396],[95.0881,29.1425],[95.0674,29.1477],[95.0366,29.1521],[95.0164,29.1583],[94.9928,29.1708],[94.9798,29.1733],[94.973,29.1659],[94.9753,29.1565],[94.9816,29.1516],[94.9995,29.1502],[95.0121,29.1469],[95.0224,29.1339],[95.0136,29.1302],[95.0017,29.1332],[94.9883,29.1375],[94.9774,29.1429],[94.9667,29.1521],[94.9584,29.1564],[94.9481,29.1567],[94.9325,29.1556],[94.9158,29.1521],[94.9075,29.1564],[94.8939,29.1693],[94.8787,29.175],[94.8638,29.1765],[94.8435,29.1743],[94.8106,29.162],[94.8041,29.1624],[94.7996,29.1659],[94.7956,29.1734],[94.7949,29.1784],[94.7949,29.1691],[94.7901,29.1502],[94.8056,29.099],[94.8056,29.0693],[94.8294,29.0515],[94.8496,29.036],[94.9067,29.0134],[94.9222,29.0265],[94.9401,29.036],[94.9484,29.0384],[94.971,29.0241],[95.0257,29.0515],[95.0459,29.0526],[95.0674,29.055],[95.0757,29.0622],[95.0816,29.0717],[95.1085,29.0897],[95.1168,29.1004],[95.1212,29.1155]]]},"properties":{"id":"in:subdistrict:1661","level":"subdistrict","name":"Gelling Circle","code":1661,"parent":"in:district:240","state":"in:state:12"}},{"type":"Feature","geometry":{"type":"Polygon","coordinates":[[[95.2714,29.0587],[95.2601,29.0541],[95.2487,29.0614],[95.242,29.0636],[95.2421,29.0659],[95.2456,29.0763],[95.2449,29.0852],[95.2434,29.0991],[95.2417,29.1106],[95.2362,29.1099],[95.2248,29.1095],[95.1943,29.108],[95.1663,29.109],[95.1461,29.1132],[95.1212,29.1155],[95.1168,29.1004],[95.1085,29.0897],[95.0816,29.0717],[95.0757,29.0622],[95.0674,29.055],[95.0459,29.0526],[95.0257,29.0515],[94.971,29.0241],[94.9484,29.0384],[94.9401,29.036],[94.9222,29.0265],[94.9067,29.0134],[94.8496,29.036],[94.8294,29.0515],[94.8056,29.0693],[94.8056,29.099],[94.7901,29.1502],[94.7949,29.1691],[94.7949,29.1784],[94.7935,29.1885],[94.7964,29.199],[94.7953,29.2054],[94.793,29.2153],[94.7814,29.231],[94.7543,29.26],[94.7413,29.2747],[94.7229,29.2913],[94.7097,29.3001],[94.6886,29.3179],[94.6632,29.3293],[94.6451,29.3394],[94.631,29.3412],[94.6277,29.3347],[94.6256,29.324],[94.6225,29.3143],[94.6136,29.3026],[94.6046,29.2891],[94.5973,29.2835],[94.5862,29.2779],[94.5787,29.2746],[94.5782,29.2681],[94.5739,29.2496],[94.5652,29.2356],[94.5507,29.2208],[94.5344,29.2146],[94.5131,29.2128],[94.4867,29.2134],[94.4591,29.2176],[94.4381,29.2232],[94.4298,29.2196],[94.4135,29.2082],[94.3977,29.1986],[94.3805,29.1891],[94.3749,29.185],[94.3679,29.1584],[94.3625,29.1526],[94.3528,29.1481],[94.3296,29.1464],[94.3049,29.1476],[94.2937,29.1454],[94.2863,29.1371],[94.2772,29.126],[94.2578,29.1086],[94.2388,29.0962],[94.2241,29.0878],[94.2203,29.081],[94.212,29.0681],[94.2022,29.0536],[94.1916,29.0372],[94.251,29.0166],[94.3201,28.9914],[94.3428,28.9838],[94.3676,28.9565],[94.3957,28.9321],[94.4419,28.8918],[94.4599,28.8761],[94.5001,28.9019],[94.513,28.889],[94.5558,28.8905],[94.5687,28.8819],[94.5915,28.8976],[94.6186,28.8962],[94.6629,28.909],[94.6743,28.919],[94.7143,28.9147],[94.7471,28.9033],[94.7688,28.8889],[94.7701,28.8922],[94.7757,28.9033],[94.7892,28.9112],[94.8099,28.9097],[94.8218,28.9189],[94.8699,28.9404],[94.8671,28.9169],[94.8635,28.9026],[94.8628,28.8876],[94.8706,28.8733],[94.8728,28.8705],[94.887,28.8712],[94.8999,28.869],[94.9199,28.8619],[94.9356,28.8583],[94.9463,28.8562],[94.9542,28.855],[94.9561,28.8547],[94.9741,28.8683],[94.9933,28.879],[94.9991,28.8905],[95.014,28.9076],[95.024,28.9104],[95.0362,28.9097],[95.0526,28.9069],[95.0804,28.9133],[95.0976,28.9212],[95.1111,28.9376],[95.1354,28.9419],[95.1425,28.9561],[95.1725,28.9647],[95.1989,28.9725],[95.2303,28.9747],[95.256,28.979],[95.2555,28.9806],[95.245,28.9875],[95.2436,29.0007],[95.2519,29.0033],[95.2558,29.0069],[95.2655,29.0249],[95.2709,29.0263],[95.2761,29.0288],[95.2779,29.0325],[95.2756,29.0439],[95.272,29.0452],[95.2688,29.048],[95.2715,29.053],[95.2714,29.0587]]]},"properties":{"id":"in:subdistrict:1658","level":"subdistrict","name":"Tuting ADC","code":1658,"parent":"in:district:240","state":"in:state:12"}},{"type":"Feature","geometry":{"type":"Polygon","coordinates":[[[94.5448,28.4687],[94.5582,28.4671],[94.6011,28.4671],[94.6396,28.4635],[94.6596,28.45],[94.6803,28.4478],[94.7053,28.4478],[94.7238,28.4457],[94.7493,28.4522],[94.7462,28.4578],[94.7521,28.4669],[94.7507,28.4776],[94.7418,28.4983],[94.7469,28.5043],[94.7472,28.5116],[94.7483,28.5214],[94.7556,28.5287],[94.7588,28.534],[94.762,28.5472],[94.7659,28.5486],[94.7677,28.5493],[94.7807,28.5566],[94.7602,28.5599],[94.7467,28.5879],[94.7445,28.6108],[94.7478,28.6651],[94.7456,28.6863],[94.7299,28.7011],[94.6967,28.7283],[94.634,28.7666],[94.6333,28.7842],[94.6202,28.7938],[94.6078,28.797],[94.5923,28.7918],[94.5616,28.8102],[94.5411,28.8101],[94.5254,28.8115],[94.5153,28.8208],[94.5171,28.8365],[94.48,28.8584],[94.4599,28.8761],[94.4419,28.8918],[94.3957,28.9321],[94.3785,28.892],[94.3827,28.8784],[94.3946,28.854],[94.4124,28.8373],[94.4237,28.8129],[94.4362,28.8099],[94.4427,28.7772],[94.4338,28.7641],[94.4341,28.7548],[94.4436,28.7462],[94.4588,28.7186],[94.4769,28.7053],[94.4845,28.691],[94.4807,28.6653],[94.4675,28.6259],[94.4504,28.6155],[94.4572,28.5913],[94.481,28.6002],[94.5134,28.5964],[94.5362,28.5888],[94.5419,28.5774],[94.5381,28.5336],[94.5438,28.5127],[94.56,28.4965],[94.561,28.4898],[94.5429,28.4813],[94.5448,28.4687]]]},"properties":{"id":"in:subdistrict:6607","level":"subdistrict","name":"Payum Circle","code":6607,"parent":"in:district:679","state":"in:state:12"}},{"type":"Feature","geometry":{"type":"Polygon","coordinates":[[[94.7994,28.5678],[94.7836,28.5781],[94.7854,28.6043],[94.7777,28.618],[94.7813,28.6299],[94.7819,28.6453],[94.7848,28.6656],[94.7705,28.7401],[94.772,28.7482],[94.801,28.773],[94.8024,28.7806],[94.7924,28.7882],[94.7805,28.7958],[94.7667,28.8106],[94.7682,28.8167],[94.7767,28.822],[94.7877,28.8225],[94.7899,28.8319],[94.7863,28.8411],[94.7926,28.8412],[94.7976,28.8443],[94.8003,28.8485],[94.8008,28.855],[94.7987,28.8585],[94.7917,28.8655],[94.7875,28.8688],[94.7843,28.87],[94.7669,28.8692],[94.7612,28.8677],[94.7631,28.8744],[94.7688,28.8889],[94.7471,28.9033],[94.7143,28.9147],[94.6743,28.919],[94.6629,28.909],[94.6186,28.8962],[94.5915,28.8976],[94.5687,28.8819],[94.5558,28.8905],[94.513,28.889],[94.5001,28.9019],[94.4599,28.8761],[94.48,28.8584],[94.5171,28.8365],[94.5153,28.8208],[94.5254,28.8115],[94.5411,28.8101],[94.5616,28.8102],[94.5923,28.7918],[94.6078,28.797],[94.6202,28.7938],[94.6333,28.7842],[94.634,28.7666],[94.6967,28.7283],[94.7299,28.7011],[94.7456,28.6863],[94.7478,28.6651],[94.7445,28.6108],[94.7467,28.5879],[94.7602,28.5599],[94.7807,28.5566],[94.7677,28.5493],[94.7659,28.5486],[94.7693,28.5481],[94.7785,28.5538],[94.789,28.557],[94.7931,28.5628],[94.7974,28.5656],[94.7994,28.5678]]]},"properties":{"id":"in:subdistrict:1659","level":"subdistrict","name":"Migging Circle","code":1659,"parent":"in:district:240","state":"in:state:12"}},{"type":"Feature","geometry":{"type":"Polygon","coordinates":[[[94.4572,28.5913],[94.4504,28.6155],[94.4675,28.6259],[94.4807,28.6653],[94.4845,28.691],[94.4769,28.7053],[94.4588,28.7186],[94.4436,28.7462],[94.4341,28.7548],[94.4055,28.7338],[94.343,28.6843],[94.2982,28.6729],[94.2916,28.6501],[94.2802,28.6463],[94.2735,28.631],[94.2606,28.6181],[94.2706,28.6081],[94.2763,28.591],[94.2778,28.5795],[94.3097,28.5831],[94.3382,28.5736],[94.3611,28.5564],[94.3954,28.5488],[94.4296,28.5469],[94.4467,28.5584],[94.4506,28.5888],[94.4572,28.5913]]]},"properties":{"id":"in:subdistrict:6590","level":"subdistrict","name":"Pidi Circle","code":6590,"parent":"in:district:725","state":"in:state:12"}},{"type":"Feature","geometry":{"type":"Polygon","coordinates":[[[94.1916,29.0372],[94.1861,29.0287],[94.1766,29.007],[94.173,28.9847],[94.1701,28.9716],[94.1645,28.9575],[94.1499,28.944],[94.1242,28.9256],[94.0981,28.9075],[94.0747,28.8909],[94.0537,28.8726],[94.0443,28.8598],[94.0366,28.8511],[94.029,28.8487],[94.0134,28.8451],[94.0072,28.8407],[94.0044,28.8286],[94.0025,28.8227],[93.9932,28.8127],[93.9867,28.8038],[94.0014,28.789],[94.0105,28.7788],[94.0103,28.7728],[94.0066,28.7674],[94.0015,28.7641],[94.0322,28.7608],[94.0279,28.7337],[94.0536,28.7309],[94.065,28.7166],[94.0979,28.6895],[94.1193,28.6823],[94.1379,28.6909],[94.1664,28.6866],[94.2021,28.6695],[94.2192,28.6581],[94.2349,28.6266],[94.2606,28.6181],[94.2735,28.631],[94.2802,28.6463],[94.2916,28.6501],[94.2982,28.6729],[94.343,28.6843],[94.4055,28.7338],[94.4341,28.7548],[94.4338,28.7641],[94.4427,28.7772],[94.4362,28.8099],[94.4237,28.8129],[94.4124,28.8373],[94.3946,28.854],[94.3827,28.8784],[94.3785,28.892],[94.3957,28.9321],[94.3676,28.9565],[94.3428,28.9838],[94.3201,28.9914],[94.251,29.0166],[94.1916,29.0372]]]},"properties":{"id":"in:subdistrict:1623","level":"subdistrict","name":"Monigong EAC","code":1623,"parent":"in:district:725","state":"in:state:12"}},{"type":"Feature","geometry":{"type":"Polygon","coordinates":[[[94.1391,28.4445],[94.1519,28.4361],[94.1626,28.4323],[94.1683,28.4327],[94.1733,28.435],[94.1846,28.4294],[94.1925,28.4298],[94.2004,28.4315],[94.214,28.4364],[94.2192,28.4362],[94.2253,28.4333],[94.2316,28.4281],[94.2368,28.4335],[94.2368,28.4418],[94.2387,28.4448],[94.2431,28.4689],[94.2678,28.5279],[94.2907,28.566],[94.3097,28.5831],[94.2778,28.5795],[94.2763,28.591],[94.2706,28.6081],[94.2606,28.6181],[94.2349,28.6266],[94.2192,28.6581],[94.2021,28.6695],[94.1664,28.6866],[94.1379,28.6909],[94.1193,28.6823],[94.0979,28.6895],[94.065,28.7166],[94.0536,28.7309],[94.0279,28.7337],[94.0322,28.7608],[94.0015,28.7641],[93.9927,28.7585],[93.973,28.7432],[93.9712,28.7153],[93.9677,28.7073],[93.9897,28.6877],[94.0012,28.6786],[94.0042,28.6746],[94.0156,28.6685],[94.0181,28.6655],[94.0234,28.6512],[94.0102,28.6318],[94.0062,28.6217],[94.0035,28.6108],[94.0018,28.5909],[94.0014,28.5777],[94.0214,28.5655],[94.0497,28.5511],[94.058,28.5495],[94.0657,28.5445],[94.0715,28.5392],[94.0807,28.5343],[94.0852,28.5337],[94.092,28.5355],[94.0969,28.536],[94.0997,28.5331],[94.1032,28.5253],[94.1073,28.5243],[94.1088,28.5213],[94.1075,28.5119],[94.1091,28.5031],[94.1056,28.4975],[94.1114,28.4891],[94.1135,28.4789],[94.1149,28.4757],[94.1229,28.4706],[94.1264,28.467],[94.1328,28.4514],[94.1391,28.4445]]]},"properties":{"id":"in:subdistrict:1622","level":"subdistrict","name":"Mechuka ADC","code":1622,"parent":"in:district:725","state":"in:state:12"}},{"type":"Feature","geometry":{"type":"Polygon","coordinates":[[[93.9311,28.2729],[93.9475,28.281],[93.9532,28.2867],[93.9484,28.3029],[93.9503,28.3152],[93.9579,28.3238],[93.9792,28.3514],[93.9816,28.361],[93.9673,28.3729],[93.9602,28.3931],[93.9506,28.424],[93.9483,28.4407],[93.9423,28.4669],[93.9197,28.4823],[93.8947,28.5097],[93.884,28.5311],[93.89,28.5537],[93.9197,28.6001],[93.9342,28.6667],[93.9308,28.6679],[93.9214,28.6698],[93.9017,28.6794],[93.8757,28.6963],[93.8617,28.7063],[93.8506,28.707],[93.8385,28.7016],[93.8321,28.6951],[93.8119,28.6827],[93.7986,28.6733],[93.7841,28.6634],[93.7735,28.6703],[93.7531,28.6828],[93.7399,28.6846],[93.7167,28.6801],[93.6878,28.6744],[93.6741,28.6683],[93.6562,28.6585],[93.6442,28.6566],[93.6194,28.6534],[93.5889,28.6541],[93.5773,28.6561],[93.5357,28.6607],[93.5301,28.66],[93.5323,28.6594],[93.5817,28.6001],[93.6021,28.5853],[93.6183,28.572],[93.6383,28.5263],[93.6564,28.5054],[93.6726,28.4807],[93.6868,28.4578],[93.6973,28.4397],[93.7008,28.414],[93.6875,28.3969],[93.6846,28.3826],[93.6742,28.3645],[93.6665,28.3579],[93.657,28.336],[93.6532,28.3227],[93.6466,28.3036],[93.655,28.3036],[93.6603,28.3051],[93.663,28.3075],[93.6673,28.3157],[93.6724,28.3183],[93.6789,28.3203],[93.6806,28.3229],[93.6851,28.3188],[93.693,28.3155],[93.7008,28.3193],[93.7121,28.3118],[93.716,28.3072],[93.7165,28.3051],[93.7217,28.2992],[93.7236,28.2979],[93.7279,28.2921],[93.7342,28.2859],[93.7411,28.2866],[93.7437,28.2879],[93.749,28.2827],[93.7545,28.2797],[93.7588,28.2814],[93.7628,28.2807],[93.7663,28.2787],[93.7693,28.2746],[93.7699,28.2716],[93.7696,28.2652],[93.7732,28.2601],[93.782,28.2564],[93.797,28.2506],[93.8098,28.247],[93.8234,28.2459],[93.8305,28.2463],[93.832,28.2449],[93.8639,28.2612],[93.8896,28.2602],[93.9248,28.2773],[93.9311,28.2729]]]},"properties":{"id":"in:subdistrict:1609","level":"subdistrict","name":"Nacho SDO","code":1609,"parent":"in:district:241","state":"in:state:12"}},{"type":"Feature","geometry":{"type":"Polygon","coordinates":[[[93.5301,28.66],[93.5224,28.6591],[93.5142,28.6817],[93.4961,28.686],[93.4841,28.6831],[93.478,28.6756],[93.4748,28.6607],[93.4705,28.6527],[93.467,28.6546],[93.4567,28.6699],[93.4528,28.675],[93.446,28.6747],[93.4399,28.6696],[93.4264,28.6618],[93.4142,28.6542],[93.406,28.6513],[93.3794,28.6478],[93.3622,28.6423],[93.3392,28.6433],[93.3374,28.642],[93.3686,28.6058],[93.3743,28.5844],[93.3876,28.5725],[93.3966,28.5573],[93.419,28.5401],[93.4261,28.5092],[93.4346,28.4359],[93.4503,28.4169],[93.4565,28.3955],[93.4575,28.3802],[93.4518,28.3636],[93.4432,28.3498],[93.4403,28.3355],[93.4313,28.3265],[93.4232,28.3193],[93.4227,28.305],[93.4232,28.296],[93.4308,28.287],[93.4317,28.2799],[93.4369,28.2827],[93.4426,28.2825],[93.4453,28.2831],[93.4478,28.282],[93.453,28.2719],[93.4553,28.2716],[93.4687,28.2737],[93.4717,28.2757],[93.4762,28.2811],[93.4798,28.2814],[93.4919,28.2769],[93.4991,28.2766],[93.5096,28.272],[93.5164,28.2707],[93.5355,28.2695],[93.5425,28.2678],[93.5544,28.2612],[93.557,28.2605],[93.5644,28.262],[93.5716,28.2559],[93.5772,28.2611],[93.5869,28.2681],[93.5928,28.2711],[93.5973,28.2721],[93.605,28.272],[93.6108,28.2713],[93.6134,28.2727],[93.62,28.2866],[93.6232,28.2897],[93.6249,28.2927],[93.6249,28.2949],[93.6282,28.3024],[93.6277,28.3069],[93.6349,28.3081],[93.6385,28.3061],[93.6466,28.3036],[93.6532,28.3227],[93.657,28.336],[93.6665,28.3579],[93.6742,28.3645],[93.6846,28.3826],[93.6875,28.3969],[93.7008,28.414],[93.6973,28.4397],[93.6868,28.4578],[93.6726,28.4807],[93.6564,28.5054],[93.6383,28.5263],[93.6183,28.572],[93.6021,28.5853],[93.5817,28.6001],[93.5323,28.6594],[93.5301,28.66]]]},"properties":{"id":"in:subdistrict:1608","level":"subdistrict","name":"Limeking Circle","code":1608,"parent":"in:district:241","state":"in:state:12"}},{"type":"Feature","geometry":{"type":"Polygon","coordinates":[[[93.3374,28.642],[93.3334,28.6391],[93.3279,28.6287],[93.3279,28.6172],[93.3249,28.6092],[93.3146,28.6094],[93.3075,28.6055],[93.3016,28.599],[93.3015,28.5932],[93.3067,28.5793],[93.3046,28.5714],[93.2951,28.5609],[93.2911,28.5536],[93.2861,28.5396],[93.282,28.5103],[93.2777,28.5013],[93.2684,28.4951],[93.2437,28.4841],[93.2286,28.4742],[93.2221,28.4648],[93.2162,28.4582],[93.2096,28.4519],[93.1956,28.4451],[93.1805,28.4349],[93.1934,28.4236],[93.2097,28.419],[93.2201,28.4137],[93.2242,28.4055],[93.2228,28.375],[93.2228,28.3353],[93.2222,28.3342],[93.2265,28.3356],[93.2266,28.3403],[93.2319,28.3467],[93.2352,28.348],[93.2395,28.3508],[93.2457,28.3608],[93.2598,28.367],[93.2777,28.3665],[93.2829,28.3648],[93.2849,28.3551],[93.2882,28.3481],[93.2942,28.3403],[93.2977,28.3404],[93.303,28.3417],[93.3121,28.3453],[93.32,28.3494],[93.3369,28.3533],[93.3412,28.3474],[93.3443,28.3454],[93.3496,28.3446],[93.3582,28.3444],[93.3612,28.3424],[93.359,28.3368],[93.3594,28.3328],[93.3609,28.3298],[93.3645,28.3297],[93.3786,28.3234],[93.3801,28.3216],[93.3785,28.3166],[93.3789,28.3115],[93.384,28.3127],[93.3844,28.3095],[93.3863,28.3063],[93.4002,28.3091],[93.4086,28.3067],[93.4109,28.2968],[93.4143,28.2884],[93.4249,28.2826],[93.4317,28.2799],[93.4308,28.287],[93.4232,28.296],[93.4227,28.305],[93.4232,28.3193],[93.4313,28.3265],[93.4403,28.3355],[93.4432,28.3498],[93.4518,28.3636],[93.4575,28.3802],[93.4565,28.3955],[93.4503,28.4169],[93.4346,28.4359],[93.4261,28.5092],[93.419,28.5401],[93.3966,28.5573],[93.3876,28.5725],[93.3743,28.5844],[93.3686,28.6058],[93.3374,28.642]]]},"properties":{"id":"in:subdistrict:x241-taksing","level":"subdistrict","name":"Taksing","code":0,"parent":"in:district:241","state":"in:state:12"}},{"type":"Feature","geometry":{"type":"Polygon","coordinates":[[[93.8875,28.0969],[93.8912,28.1032],[93.8862,28.1059],[93.883,28.1099],[93.8751,28.1175],[93.8762,28.1225],[93.8779,28.1367],[93.8751,28.1391],[93.8744,28.1437],[93.8719,28.1539],[93.8652,28.1589],[93.8616,28.1658],[93.8552,28.1696],[93.85,28.171],[93.8457,28.1729],[93.8449,28.1754],[93.8473,28.1846],[93.8497,28.1887],[93.8506,28.1936],[93.8504,28.1981],[93.8492,28.204],[93.8497,28.21],[93.844,28.2135],[93.8402,28.2182],[93.8385,28.2191],[93.8387,28.2244],[93.84,28.2323],[93.8424,28.2394],[93.8417,28.2419],[93.8368,28.245],[93.832,28.2449],[93.8305,28.2463],[93.8234,28.2459],[93.8098,28.247],[93.797,28.2506],[93.782,28.2564],[93.7732,28.2601],[93.7696,28.2652],[93.7699,28.2716],[93.7693,28.2746],[93.7663,28.2787],[93.7628,28.2807],[93.7588,28.2814],[93.7545,28.2797],[93.749,28.2827],[93.7437,28.2879],[93.7411,28.2866],[93.7342,28.2859],[93.7279,28.2921],[93.7236,28.2979],[93.7217,28.2992],[93.7165,28.3051],[93.716,28.3072],[93.7121,28.3118],[93.7008,28.3193],[93.693,28.3155],[93.6851,28.3188],[93.6806,28.3229],[93.6789,28.3203],[93.6724,28.3183],[93.6673,28.3157],[93.663,28.3075],[93.6603,28.3051],[93.655,28.3036],[93.6466,28.3036],[93.6385,28.3061],[93.6349,28.3081],[93.6277,28.3069],[93.6282,28.3024],[93.6249,28.2949],[93.6249,28.2927],[93.6232,28.2897],[93.62,28.2866],[93.6134,28.2727],[93.6108,28.2713],[93.605,28.272],[93.5973,28.2721],[93.5928,28.2711],[93.5869,28.2681],[93.5772,28.2611],[93.5716,28.2559],[93.5644,28.262],[93.557,28.2605],[93.5544,28.2612],[93.5425,28.2678],[93.5355,28.2695],[93.5164,28.2707],[93.5096,28.272],[93.4991,28.2766],[93.4919,28.2769],[93.4798,28.2814],[93.4762,28.2811],[93.4717,28.2757],[93.4687,28.2737],[93.4553,28.2716],[93.453,28.2719],[93.4478,28.282],[93.4469,28.2281],[93.4469,28.2005],[93.4602,28.1129],[93.4859,28.1034],[93.5059,28.0767],[93.5059,28.0692],[93.5475,28.0656],[93.5702,28.0572],[93.5748,28.0366],[93.5939,28.0394],[93.6273,28.0477],[93.6451,28.0632],[93.663,28.0846],[93.6832,28.0786],[93.7022,28.0727],[93.7236,28.081],[93.7593,28.0846],[93.7962,28.0632],[93.8188,28.0739],[93.8343,28.0739],[93.875,28.0691],[93.8775,28.0697],[93.8794,28.0739],[93.8823,28.0757],[93.8825,28.0787],[93.8852,28.0821],[93.8841,28.0904],[93.8875,28.0969]]]},"properties":{"id":"in:subdistrict:1715","level":"subdistrict","name":"Pipsorang Circle","code":1715,"parent":"in:district:677","state":"in:state:12"}},{"type":"Feature","geometry":{"type":"Polygon","coordinates":[[[93.6945,27.8892],[93.6903,27.8944],[93.6904,27.8959],[93.6837,27.9019],[93.6789,27.9114],[93.6684,27.9371],[93.6532,27.9523],[93.6208,27.9561],[93.6185,27.9536],[93.5847,27.9057],[93.6018,27.9076],[93.6018,27.8809],[93.5923,27.8333],[93.5799,27.8124],[93.5637,27.7953],[93.5587,27.7921],[93.5828,27.7905],[93.5885,27.7724],[93.6028,27.7724],[93.6132,27.7629],[93.6208,27.78],[93.6332,27.7686],[93.6465,27.7677],[93.6351,27.7867],[93.6551,27.8038],[93.6577,27.804],[93.6598,27.8076],[93.6598,27.8109],[93.6632,27.8126],[93.6748,27.8209],[93.6757,27.8221],[93.6748,27.8267],[93.6779,27.8267],[93.6812,27.8289],[93.6814,27.8316],[93.6855,27.8352],[93.6837,27.8415],[93.6837,27.8521],[93.6804,27.8585],[93.6796,27.8627],[93.6846,27.8655],[93.687,27.8709],[93.6864,27.8736],[93.6883,27.8816],[93.6913,27.8872],[93.6945,27.8892]]]},"properties":{"id":"in:subdistrict:1704","level":"subdistrict","name":"Yangte Circle","code":1704,"parent":"in:district:677","state":"in:state:12"}},{"type":"Feature","geometry":{"type":"Polygon","coordinates":[[[93.7696,27.7686],[93.7613,27.7669],[93.7546,27.7669],[93.7506,27.7693],[93.7387,27.7668],[93.7325,27.7628],[93.7278,27.7582],[93.7232,27.7554],[93.7188,27.7543],[93.7126,27.7552],[93.6993,27.7583],[93.6936,27.7576],[93.6864,27.755],[93.6878,27.7584],[93.6884,27.7637],[93.6845,27.7687],[93.6801,27.7722],[93.6786,27.7746],[93.6735,27.7782],[93.6698,27.7801],[93.665,27.7798],[93.6638,27.7831],[93.66,27.7855],[93.6564,27.7925],[93.6542,27.7953],[93.6577,27.7975],[93.6577,27.804],[93.6551,27.8038],[93.6351,27.7867],[93.6465,27.7677],[93.6332,27.7686],[93.6208,27.78],[93.6132,27.7629],[93.6028,27.7724],[93.5885,27.7724],[93.5828,27.7905],[93.5587,27.7921],[93.5485,27.7857],[93.5095,27.7429],[93.5323,27.722],[93.5337,27.7097],[93.5376,27.6739],[93.5147,27.6502],[93.5431,27.6218],[93.5584,27.6034],[93.5639,27.6026],[93.5681,27.5994],[93.5765,27.6032],[93.584,27.606],[93.5847,27.6078],[93.5934,27.6102],[93.5961,27.6117],[93.5987,27.6115],[93.6,27.6147],[93.6023,27.6165],[93.6057,27.6172],[93.6125,27.6282],[93.6199,27.628],[93.623,27.6323],[93.6326,27.6378],[93.6371,27.6408],[93.6413,27.6428],[93.645,27.6462],[93.6474,27.646],[93.6587,27.6474],[93.6616,27.6464],[93.6718,27.6602],[93.6766,27.6629],[93.677,27.666],[93.6809,27.6686],[93.6845,27.6694],[93.6892,27.6681],[93.6917,27.6689],[93.7002,27.6697],[93.7064,27.6693],[93.7129,27.6775],[93.7144,27.6807],[93.7309,27.6837],[93.7355,27.6859],[93.7371,27.6914],[93.7402,27.6966],[93.7413,27.7],[93.7492,27.7001],[93.7544,27.7011],[93.7603,27.704],[93.7645,27.7048],[93.7687,27.7083],[93.7712,27.7131],[93.7673,27.7214],[93.7682,27.7274],[93.7676,27.7301],[93.7708,27.7321],[93.7727,27.7368],[93.7712,27.7397],[93.7721,27.7476],[93.7733,27.7511],[93.7727,27.7557],[93.7712,27.7589],[93.7695,27.7668],[93.7696,27.7686]]]},"properties":{"id":"in:subdistrict:1703","level":"subdistrict","name":"Palin Circle","code":1703,"parent":"in:district:677","state":"in:state:12"}},{"type":"Feature","geometry":{"type":"Polygon","coordinates":[[[93.5847,27.9057],[93.5694,27.9066],[93.5571,27.9209],[93.5409,27.9304],[93.5295,27.9237],[93.5209,27.9237],[93.5085,27.9276],[93.499,27.9199],[93.4914,27.9161],[93.4628,27.8952],[93.4371,27.8647],[93.4295,27.8495],[93.4338,27.8341],[93.4343,27.8324],[93.4571,27.8105],[93.4666,27.8019],[93.4438,27.7848],[93.4533,27.7562],[93.4647,27.7343],[93.4933,27.7067],[93.5337,27.7097],[93.5323,27.722],[93.5095,27.7429],[93.5485,27.7857],[93.5587,27.7921],[93.5637,27.7953],[93.5799,27.8124],[93.5923,27.8333],[93.6018,27.8809],[93.6018,27.9076],[93.5847,27.9057]]]},"properties":{"id":"in:subdistrict:1705","level":"subdistrict","name":"Sangram Sdo","code":1705,"parent":"in:district:233","state":"in:state:12"}},{"type":"Feature","geometry":{"type":"Polygon","coordinates":[[[93.5337,27.7097],[93.4933,27.7067],[93.4647,27.7343],[93.4533,27.7562],[93.4438,27.7848],[93.4666,27.8019],[93.4571,27.8105],[93.4343,27.8324],[93.4338,27.8341],[93.4262,27.8324],[93.4119,27.8231],[93.4012,27.8224],[93.3884,27.8259],[93.3805,27.821],[93.3655,27.8202],[93.3484,27.8167],[93.3291,27.8202],[93.3156,27.8417],[93.2963,27.8431],[93.2549,27.7967],[93.2355,27.7911],[93.2343,27.7865],[93.2304,27.777],[93.2303,27.7749],[93.2207,27.7638],[93.2217,27.7593],[93.2195,27.7575],[93.214,27.7502],[93.2045,27.7343],[93.2031,27.7298],[93.2038,27.7279],[93.2234,27.7161],[93.2236,27.7133],[93.221,27.7078],[93.218,27.7047],[93.2115,27.6952],[93.2074,27.6954],[93.2098,27.6906],[93.2055,27.6845],[93.2027,27.6839],[93.199,27.6782],[93.1948,27.6761],[93.2011,27.6714],[93.2048,27.6643],[93.2125,27.6593],[93.2129,27.6565],[93.2193,27.653],[93.2283,27.6481],[93.2273,27.6414],[93.228,27.638],[93.2325,27.6291],[93.2349,27.6281],[93.2344,27.6221],[93.2373,27.6187],[93.2389,27.6148],[93.2345,27.6092],[93.2309,27.6076],[93.23,27.6044],[93.2418,27.6045],[93.2451,27.5996],[93.2569,27.5952],[93.2616,27.5948],[93.2664,27.5963],[93.2695,27.5952],[93.2719,27.5947],[93.2771,27.5979],[93.2787,27.6005],[93.2823,27.5993],[93.29,27.6075],[93.2922,27.608],[93.2941,27.6119],[93.2974,27.6128],[93.2999,27.6159],[93.3036,27.6188],[93.3125,27.6213],[93.3172,27.626],[93.3296,27.6294],[93.3311,27.6316],[93.3355,27.6316],[93.3408,27.6332],[93.3436,27.6315],[93.3488,27.6299],[93.3548,27.6296],[93.3593,27.6309],[93.3606,27.6286],[93.3652,27.6262],[93.3736,27.624],[93.379,27.6208],[93.3848,27.6217],[93.3909,27.6236],[93.3966,27.6246],[93.4055,27.6276],[93.4066,27.6297],[93.4108,27.6296],[93.4134,27.6308],[93.4163,27.6287],[93.4222,27.6278],[93.4261,27.6305],[93.4304,27.6305],[93.435,27.6264],[93.4407,27.623],[93.4469,27.6237],[93.4493,27.6199],[93.4524,27.6167],[93.455,27.6155],[93.4609,27.6145],[93.4638,27.6121],[93.4656,27.6089],[93.4662,27.6055],[93.4681,27.6043],[93.4755,27.6045],[93.4792,27.6081],[93.4849,27.6083],[93.4874,27.6097],[93.4895,27.6091],[93.4966,27.6104],[93.5057,27.6154],[93.5092,27.6153],[93.5126,27.6139],[93.5241,27.6107],[93.5273,27.6081],[93.5282,27.6039],[93.5328,27.5981],[93.5469,27.5977],[93.5552,27.6033],[93.5584,27.6034],[93.5431,27.6218],[93.5147,27.6502],[93.5376,27.6739],[93.5337,27.7097]]]},"properties":{"id":"in:subdistrict:1706","level":"subdistrict","name":"Nyapin Adc","code":1706,"parent":"in:district:233","state":"in:state:12"}},{"type":"Feature","geometry":{"type":"Polygon","coordinates":[[[93.4914,27.9161],[93.48,27.9323],[93.4695,27.9371],[93.4524,27.939],[93.4467,27.9466],[93.4295,27.9647],[93.4153,27.9647],[93.3743,27.9656],[93.3572,27.9628],[93.3363,27.9656],[93.3163,27.9694],[93.2982,27.9904],[93.2727,27.9897],[93.2599,27.9797],[93.2427,27.9725],[93.2413,27.9511],[93.2427,27.9325],[93.2256,27.9083],[93.2185,27.8911],[93.2113,27.8854],[93.1985,27.8683],[93.1909,27.8454],[93.1969,27.8461],[93.2069,27.836],[93.218,27.8309],[93.2218,27.8307],[93.2211,27.8279],[93.2232,27.822],[93.2273,27.8186],[93.2338,27.8082],[93.2357,27.8033],[93.2369,27.7966],[93.2355,27.7911],[93.2549,27.7967],[93.2963,27.8431],[93.3156,27.8417],[93.3291,27.8202],[93.3484,27.8167],[93.3655,27.8202],[93.3805,27.821],[93.3884,27.8259],[93.4012,27.8224],[93.4119,27.8231],[93.4262,27.8324],[93.4338,27.8341],[93.4295,27.8495],[93.4371,27.8647],[93.4628,27.8952],[93.4914,27.9161]]]},"properties":{"id":"in:subdistrict:6130","level":"subdistrict","name":"Koloriang Hq","code":6130,"parent":"in:district:233","state":"in:state:12"}},{"type":"Feature","geometry":{"type":"Polygon","coordinates":[[[93.5748,28.0366],[93.5702,28.0572],[93.5475,28.0656],[93.5059,28.0692],[93.5059,28.0682],[93.4954,28.0529],[93.4821,28.0415],[93.4593,28.0444],[93.4317,28.0491],[93.406,28.0549],[93.3984,28.0529],[93.3898,28.0377],[93.385,28.0339],[93.3698,28.0234],[93.3565,28.0196],[93.3022,28.0206],[93.2623,28.0215],[93.2404,28.0273],[93.2627,28.0068],[93.2727,27.9897],[93.2982,27.9904],[93.3163,27.9694],[93.3363,27.9656],[93.3572,27.9628],[93.3743,27.9656],[93.4153,27.9647],[93.4295,27.9647],[93.4467,27.9466],[93.4524,27.939],[93.4695,27.9371],[93.48,27.9323],[93.4914,27.9161],[93.499,27.9199],[93.5085,27.9276],[93.5209,27.9237],[93.5295,27.9237],[93.5409,27.9304],[93.5571,27.9209],[93.5694,27.9066],[93.5847,27.9057],[93.6185,27.9536],[93.588,27.9775],[93.5748,28.0366]]]},"properties":{"id":"in:subdistrict:x233-parsi-parlo","level":"subdistrict","name":"Parsi-Parlo","code":0,"parent":"in:district:233","state":"in:state:12"}},{"type":"Feature","geometry":{"type":"Polygon","coordinates":[[[93.2355,27.7911],[93.2369,27.7966],[93.2357,27.8033],[93.2338,27.8082],[93.2273,27.8186],[93.2232,27.822],[93.2211,27.8279],[93.2218,27.8307],[93.218,27.8309],[93.2069,27.836],[93.1969,27.8461],[93.1909,27.8454],[93.1884,27.8446],[93.1881,27.8414],[93.1865,27.8379],[93.186,27.8321],[93.1827,27.8278],[93.1745,27.8212],[93.168,27.8215],[93.1597,27.8184],[93.1535,27.8214],[93.135,27.8236],[93.1307,27.8231],[93.125,27.819],[93.109,27.8193],[93.0999,27.8123],[93.0955,27.8106],[93.0923,27.8119],[93.0826,27.8221],[93.0755,27.8278],[93.0726,27.8288],[93.0647,27.8288],[93.0649,27.8274],[93.0649,27.8042],[93.0685,27.778],[93.0756,27.7186],[93.0756,27.6567],[93.1066,27.6082],[93.1408,27.6224],[93.1758,27.631],[93.2058,27.6424],[93.2193,27.653],[93.2129,27.6565],[93.2125,27.6593],[93.2048,27.6643],[93.2011,27.6714],[93.1948,27.6761],[93.199,27.6782],[93.2027,27.6839],[93.2055,27.6845],[93.2098,27.6906],[93.2074,27.6954],[93.2115,27.6952],[93.218,27.7047],[93.221,27.7078],[93.2236,27.7133],[93.2234,27.7161],[93.2038,27.7279],[93.2031,27.7298],[93.2045,27.7343],[93.214,27.7502],[93.2195,27.7575],[93.2217,27.7593],[93.2207,27.7638],[93.2303,27.7749],[93.2304,27.777],[93.2343,27.7865],[93.2355,27.7911]]]},"properties":{"id":"in:subdistrict:1590","level":"subdistrict","name":"Chayangtajo ADC","code":1590,"parent":"in:district:231","state":"in:state:12"}},{"type":"Feature","geometry":{"type":"Polygon","coordinates":[[[93.0382,27.5511],[93.048,27.5518],[93.0652,27.5568],[93.0752,27.5667],[93.0759,27.5782],[93.078,27.5896],[93.0804,27.5911],[93.071,27.6135],[93.0624,27.6231],[93.0457,27.6314],[93.0371,27.6446],[93.0257,27.6642],[93.006,27.6704],[92.9894,27.6751],[92.9751,27.6751],[92.9715,27.6763],[92.9584,27.6882],[92.8811,27.6894],[92.8668,27.6954],[92.8537,27.7037],[92.8442,27.6989],[92.8383,27.6906],[92.8252,27.6977],[92.8085,27.6989],[92.7966,27.6894],[92.7914,27.6871],[92.7961,27.6773],[92.7999,27.662],[92.8028,27.6383],[92.8104,27.623],[92.8189,27.6211],[92.8351,27.6164],[92.842,27.6069],[92.8437,27.6078],[92.8599,27.6068],[92.8722,27.6126],[92.8875,27.6078],[92.9021,27.6013],[92.9224,27.5852],[92.9342,27.5766],[92.9406,27.5766],[92.9488,27.592],[92.9891,27.5916],[93.0213,27.5727],[93.0284,27.5663],[93.0382,27.5511]]]},"properties":{"id":"in:subdistrict:6605","level":"subdistrict","name":"Khenawa Circle","code":6605,"parent":"in:district:231","state":"in:state:12"}},{"type":"Feature","geometry":{"type":"Polygon","coordinates":[[[93.2727,27.9897],[93.2627,28.0068],[93.2404,28.0273],[93.2166,28.0349],[93.1956,28.0463],[93.1756,28.0558],[93.1604,28.0777],[93.1423,28.0806],[93.1185,28.0748],[93.07,28.0672],[93.0357,28.0758],[93.0205,28.092],[93.0024,28.1034],[92.9958,28.0967],[92.9701,28.0758],[92.9624,28.0767],[92.9377,28.0844],[92.9158,28.0977],[92.8796,28.1024],[92.8539,28.1167],[92.8301,28.15],[92.8298,28.1711],[92.8414,28.1789],[92.8468,28.1814],[92.8361,28.1791],[92.8256,28.1791],[92.8181,28.1912],[92.8185,28.2103],[92.8148,28.211],[92.806,28.2069],[92.7989,28.2004],[92.7859,28.1865],[92.7672,28.1725],[92.7461,28.1581],[92.7286,28.1491],[92.7191,28.1452],[92.7003,28.1358],[92.6879,28.1274],[92.6797,28.1192],[92.6804,28.1142],[92.6762,28.0985],[92.6711,28.0868],[92.6653,28.07],[92.6665,28.0638],[92.6702,28.0608],[92.6817,28.0573],[92.7004,28.0486],[92.7088,28.0412],[92.7207,28.0305],[92.7353,28.0114],[92.7399,28.0012],[92.7424,27.9926],[92.7382,27.9862],[92.7326,27.9791],[92.7347,27.9773],[92.7383,27.9723],[92.7472,27.967],[92.7503,27.963],[92.758,27.957],[92.7796,27.9533],[92.788,27.9504],[92.8219,27.9589],[92.8292,27.9571],[92.8389,27.9577],[92.8475,27.9564],[92.8597,27.9563],[92.8593,27.9488],[92.8691,27.944],[92.8702,27.9455],[92.878,27.9403],[92.8799,27.9382],[92.9307,27.9196],[92.9319,27.9126],[92.9298,27.9076],[92.9294,27.9039],[92.9325,27.892],[92.9311,27.8817],[92.9316,27.875],[92.938,27.8706],[92.9384,27.86],[92.9434,27.857],[92.945,27.845],[92.9473,27.8414],[92.9537,27.8436],[92.9602,27.8424],[92.9669,27.826],[92.9719,27.8242],[92.9794,27.823],[92.9829,27.8202],[92.9968,27.8239],[93.0044,27.8252],[93.009,27.8199],[93.0124,27.8189],[93.0157,27.8195],[93.0236,27.8226],[93.0357,27.8232],[93.0399,27.8247],[93.0521,27.8262],[93.0619,27.8287],[93.0647,27.8288],[93.0726,27.8288],[93.0755,27.8278],[93.0826,27.8221],[93.0923,27.8119],[93.0955,27.8106],[93.0999,27.8123],[93.109,27.8193],[93.125,27.819],[93.1307,27.8231],[93.135,27.8236],[93.1535,27.8214],[93.1597,27.8184],[93.168,27.8215],[93.1745,27.8212],[93.1827,27.8278],[93.186,27.8321],[93.1865,27.8379],[93.1881,27.8414],[93.1884,27.8446],[93.1909,27.8454],[93.1985,27.8683],[93.2113,27.8854],[93.2185,27.8911],[93.2256,27.9083],[93.2427,27.9325],[93.2413,27.9511],[93.2427,27.9725],[93.2599,27.9797],[93.2727,27.9897]]]},"properties":{"id":"in:subdistrict:1712","level":"subdistrict","name":"Sarli Circle","code":1712,"parent":"in:district:233","state":"in:state:12"}},{"type":"Feature","geometry":{"type":"Polygon","coordinates":[[[93.4317,28.2799],[93.4249,28.2826],[93.4143,28.2884],[93.4109,28.2968],[93.4086,28.3067],[93.4002,28.3091],[93.3863,28.3063],[93.3844,28.3095],[93.384,28.3127],[93.3789,28.3115],[93.3785,28.3166],[93.3801,28.3216],[93.3786,28.3234],[93.3645,28.3297],[93.3609,28.3298],[93.3594,28.3328],[93.359,28.3368],[93.3612,28.3424],[93.3582,28.3444],[93.3496,28.3446],[93.3443,28.3454],[93.3412,28.3474],[93.3369,28.3533],[93.32,28.3494],[93.3121,28.3453],[93.303,28.3417],[93.2977,28.3404],[93.2942,28.3403],[93.2882,28.3481],[93.2849,28.3551],[93.2829,28.3648],[93.2777,28.3665],[93.2598,28.367],[93.2457,28.3608],[93.2395,28.3508],[93.2352,28.348],[93.2319,28.3467],[93.2266,28.3403],[93.2265,28.3356],[93.2222,28.3342],[93.218,28.3261],[93.2065,28.3216],[93.1894,28.3183],[93.1783,28.3188],[93.1608,28.3192],[93.1391,28.3254],[93.1292,28.328],[93.1222,28.3284],[93.1193,28.3217],[93.1104,28.3121],[93.1008,28.3078],[93.0905,28.3059],[93.0719,28.3077],[93.0657,28.3071],[93.0554,28.3037],[93.0497,28.3027],[93.0382,28.3062],[93.0223,28.3104],[93.0222,28.3058],[93.0229,28.2901],[93.0283,28.2687],[93.0197,28.261],[93.0085,28.2447],[92.9973,28.2294],[92.9841,28.2524],[92.9759,28.2588],[92.9627,28.2586],[92.9542,28.253],[92.9435,28.2475],[92.9297,28.2432],[92.9228,28.24],[92.9135,28.2318],[92.91,28.2221],[92.9057,28.2119],[92.8969,28.2052],[92.8816,28.1969],[92.8526,28.1826],[92.8468,28.1814],[92.8414,28.1789],[92.8298,28.1711],[92.8301,28.15],[92.8539,28.1167],[92.8796,28.1024],[92.9158,28.0977],[92.9377,28.0844],[92.9624,28.0767],[92.9701,28.0758],[92.9958,28.0967],[93.0024,28.1034],[93.0205,28.092],[93.0357,28.0758],[93.07,28.0672],[93.1185,28.0748],[93.1423,28.0806],[93.1604,28.0777],[93.1756,28.0558],[93.1956,28.0463],[93.2166,28.0349],[93.2404,28.0273],[93.2623,28.0215],[93.3022,28.0206],[93.3565,28.0196],[93.3698,28.0234],[93.385,28.0339],[93.3898,28.0377],[93.3984,28.0529],[93.406,28.0549],[93.4317,28.0491],[93.4593,28.0444],[93.4821,28.0415],[93.4954,28.0529],[93.5059,28.0682],[93.5059,28.0692],[93.5059,28.0767],[93.4859,28.1034],[93.4602,28.1129],[93.4469,28.2005],[93.4469,28.2281],[93.4478,28.282],[93.4453,28.2831],[93.4426,28.2825],[93.4369,28.2827],[93.4317,28.2799]]]},"properties":{"id":"in:subdistrict:1714","level":"subdistrict","name":"Damin Circle","code":1714,"parent":"in:district:233","state":"in:state:12"}},{"type":"Feature","geometry":{"type":"Polygon","coordinates":[[[93.0647,27.8288],[93.0619,27.8287],[93.0521,27.8262],[93.0399,27.8247],[93.0357,27.8232],[93.0236,27.8226],[93.0157,27.8195],[93.0124,27.8189],[93.009,27.8199],[93.0044,27.8252],[92.9968,27.8239],[92.9829,27.8202],[92.9794,27.823],[92.9719,27.8242],[92.9669,27.826],[92.9602,27.8424],[92.9537,27.8436],[92.9473,27.8414],[92.945,27.845],[92.9434,27.857],[92.9384,27.86],[92.938,27.8706],[92.9316,27.875],[92.9311,27.8817],[92.9325,27.892],[92.9294,27.9039],[92.9298,27.9076],[92.9319,27.9126],[92.9307,27.9196],[92.8799,27.9382],[92.878,27.9403],[92.8702,27.9455],[92.8691,27.944],[92.8593,27.9488],[92.8597,27.9563],[92.8475,27.9564],[92.8389,27.9577],[92.8292,27.9571],[92.8219,27.9589],[92.788,27.9504],[92.7796,27.9533],[92.758,27.957],[92.7503,27.963],[92.7472,27.967],[92.7383,27.9723],[92.7347,27.9773],[92.7326,27.9791],[92.7136,27.9554],[92.6879,27.9267],[92.6681,27.9103],[92.6577,27.9019],[92.6501,27.8999],[92.6415,27.8991],[92.6267,27.8986],[92.6153,27.8945],[92.604,27.8814],[92.5868,27.8592],[92.5711,27.8396],[92.5562,27.8244],[92.5533,27.8261],[92.5443,27.8351],[92.5277,27.8485],[92.516,27.8525],[92.5034,27.854],[92.4925,27.8506],[92.4838,27.8428],[92.4741,27.8294],[92.466,27.8178],[92.4563,27.8141],[92.4505,27.8144],[92.4565,27.8027],[92.4705,27.7844],[92.4684,27.7782],[92.4679,27.7729],[92.4654,27.7714],[92.4686,27.7652],[92.4651,27.761],[92.4611,27.7578],[92.4572,27.7564],[92.457,27.7547],[92.4646,27.751],[92.4621,27.7467],[92.462,27.7425],[92.4575,27.7408],[92.4561,27.7393],[92.4635,27.7381],[92.4694,27.7388],[92.4731,27.74],[92.4771,27.7381],[92.4788,27.7361],[92.4967,27.7302],[92.5006,27.7253],[92.5121,27.7216],[92.5119,27.7196],[92.5095,27.7178],[92.5101,27.7121],[92.5139,27.7046],[92.5118,27.7008],[92.512,27.6972],[92.5169,27.6919],[92.5177,27.6893],[92.5203,27.6884],[92.5263,27.6836],[92.529,27.6762],[92.5328,27.6733],[92.5328,27.6705],[92.5658,27.6728],[92.5908,27.6811],[92.6265,27.6751],[92.6444,27.6811],[92.6658,27.7037],[92.6777,27.7287],[92.6919,27.7477],[92.7038,27.7513],[92.7205,27.7311],[92.7419,27.7108],[92.7621,27.6954],[92.7764,27.687],[92.7883,27.6858],[92.7914,27.6871],[92.7966,27.6894],[92.8085,27.6989],[92.8252,27.6977],[92.8383,27.6906],[92.8442,27.6989],[92.8537,27.7037],[92.8668,27.6954],[92.8811,27.6894],[92.9584,27.6882],[92.9715,27.6763],[92.9751,27.6751],[92.9894,27.6751],[93.006,27.6704],[93.0257,27.6642],[93.0371,27.6446],[93.0457,27.6314],[93.0624,27.6231],[93.071,27.6135],[93.0804,27.5911],[93.1066,27.6082],[93.0756,27.6567],[93.0756,27.7186],[93.0685,27.778],[93.0649,27.8042],[93.0649,27.8274],[93.0647,27.8288]]]},"properties":{"id":"in:subdistrict:1591","level":"subdistrict","name":"Sawa CIrcle","code":1591,"parent":"in:district:231","state":"in:state:12"}},{"type":"Feature","geometry":{"type":"Polygon","coordinates":[[[92.4505,27.8144],[92.4474,27.8145],[92.432,27.821],[92.4278,27.8268],[92.423,27.8307],[92.4163,27.8306],[92.4028,27.8262],[92.3898,27.8214],[92.3854,27.8172],[92.3878,27.8059],[92.3851,27.8006],[92.3743,27.7999],[92.3581,27.7983],[92.3192,27.7881],[92.3128,27.7885],[92.302,27.802],[92.2912,27.8249],[92.2848,27.8436],[92.2822,27.8619],[92.2775,27.8691],[92.2685,27.8721],[92.2488,27.8717],[92.2276,27.8708],[92.2187,27.8695],[92.1969,27.8579],[92.1736,27.8465],[92.1587,27.8396],[92.1383,27.8272],[92.1095,27.8095],[92.088,27.7933],[92.0645,27.7735],[92.0514,27.7639],[92.0433,27.7629],[92.0254,27.7662],[92.0027,27.7723],[91.9935,27.7712],[91.9808,27.7643],[91.9715,27.7569],[91.9698,27.75],[91.9639,27.751],[91.9577,27.7485],[91.95,27.7374],[91.9277,27.7226],[91.9258,27.7229],[91.9283,27.7024],[91.9283,27.6903],[91.9219,27.6817],[91.9219,27.6774],[91.9283,27.6746],[91.9347,27.6681],[91.9369,27.6524],[91.9476,27.6217],[91.9583,27.6103],[91.9697,27.5903],[91.9831,27.5814],[91.9954,27.5711],[92.0097,27.5675],[92.0311,27.5668],[92.0447,27.5554],[92.0547,27.5475],[92.0654,27.5311],[92.0714,27.5178],[92.0814,27.4925],[92.0881,27.4955],[92.1013,27.4982],[92.104,27.5038],[92.1085,27.5032],[92.1112,27.5081],[92.1078,27.5125],[92.1083,27.5146],[92.1158,27.5149],[92.1186,27.5195],[92.1213,27.5192],[92.127,27.5223],[92.1296,27.5287],[92.1319,27.5314],[92.134,27.5322],[92.1346,27.5353],[92.1322,27.5424],[92.1344,27.5442],[92.1408,27.5424],[92.1439,27.5467],[92.1446,27.551],[92.1484,27.5597],[92.1501,27.5611],[92.1565,27.5587],[92.1617,27.5604],[92.1683,27.5728],[92.1747,27.5735],[92.1797,27.5722],[92.187,27.5726],[92.1909,27.5738],[92.1947,27.5666],[92.1989,27.5664],[92.2013,27.5648],[92.2064,27.5642],[92.2095,27.5609],[92.2165,27.563],[92.2257,27.5689],[92.2311,27.5746],[92.2346,27.5811],[92.2332,27.586],[92.2345,27.5898],[92.232,27.5903],[92.2308,27.5926],[92.2307,27.5974],[92.2317,27.6004],[92.2311,27.6033],[92.2277,27.6046],[92.2266,27.6106],[92.2237,27.613],[92.2189,27.6146],[92.2182,27.6182],[92.2213,27.6198],[92.2216,27.6228],[92.2237,27.6241],[92.2245,27.627],[92.2288,27.6303],[92.2327,27.6347],[92.2386,27.6358],[92.2436,27.6387],[92.2437,27.6412],[92.2399,27.6425],[92.2393,27.6452],[92.2389,27.6541],[92.2395,27.66],[92.2421,27.6656],[92.2441,27.6681],[92.2468,27.6673],[92.2547,27.6626],[92.2644,27.6561],[92.2787,27.6538],[92.281,27.6542],[92.288,27.6529],[92.2951,27.6532],[92.3009,27.6547],[92.3045,27.6563],[92.3088,27.6567],[92.3144,27.659],[92.3207,27.6598],[92.3245,27.6609],[92.3329,27.6654],[92.3385,27.6639],[92.3441,27.6644],[92.3615,27.6635],[92.3697,27.6678],[92.3725,27.6676],[92.3744,27.669],[92.3785,27.6686],[92.3834,27.6707],[92.3902,27.6729],[92.391,27.6742],[92.3953,27.6773],[92.3981,27.6831],[92.3992,27.6909],[92.4003,27.6939],[92.4036,27.6975],[92.4058,27.6988],[92.4088,27.7025],[92.4087,27.7083],[92.4074,27.711],[92.4076,27.7147],[92.4047,27.7231],[92.4051,27.7247],[92.4099,27.7268],[92.4132,27.7335],[92.4137,27.737],[92.4125,27.7405],[92.4145,27.7465],[92.4217,27.7465],[92.4351,27.7389],[92.4409,27.7394],[92.4468,27.7342],[92.4504,27.7371],[92.4561,27.7393],[92.4575,27.7408],[92.462,27.7425],[92.4621,27.7467],[92.4646,27.751],[92.457,27.7547],[92.4572,27.7564],[92.4611,27.7578],[92.4651,27.761],[92.4686,27.7652],[92.4654,27.7714],[92.4679,27.7729],[92.4684,27.7782],[92.4705,27.7844],[92.4565,27.8027],[92.4505,27.8144]]]},"properties":{"id":"in:subdistrict:6556","level":"subdistrict","name":"Thingbu Circle","code":6556,"parent":"in:district:238","state":"in:state:12"}},{"type":"Feature","geometry":{"type":"Polygon","coordinates":[[[91.8597,27.742],[91.8586,27.7481],[91.852,27.7597],[91.8511,27.768],[91.8507,27.7762],[91.8446,27.7822],[91.8363,27.7852],[91.8308,27.7931],[91.8286,27.8053],[91.8241,27.8145],[91.8207,27.816],[91.8174,27.811],[91.8124,27.8048],[91.8004,27.8069],[91.7878,27.8078],[91.7789,27.8062],[91.767,27.8011],[91.7613,27.8],[91.7541,27.802],[91.7324,27.8051],[91.7098,27.808],[91.7013,27.8131],[91.6852,27.8317],[91.6722,27.8457],[91.6632,27.853],[91.6519,27.8533],[91.6404,27.8554],[91.6294,27.8598],[91.6248,27.8577],[91.6173,27.8566],[91.612,27.858],[91.6051,27.8607],[91.6023,27.8641],[91.5997,27.8606],[91.5945,27.8558],[91.5916,27.8543],[91.5891,27.8568],[91.5886,27.8599],[91.5821,27.8632],[91.5764,27.8644],[91.5749,27.8615],[91.5739,27.8566],[91.5715,27.8497],[91.5699,27.848],[91.5652,27.8527],[91.5588,27.856],[91.5563,27.8562],[91.5543,27.8541],[91.5535,27.8506],[91.554,27.8463],[91.5564,27.8444],[91.5571,27.8418],[91.5593,27.8412],[91.5608,27.8388],[91.5607,27.8354],[91.5623,27.83],[91.5672,27.8254],[91.5675,27.8217],[91.566,27.8186],[91.5726,27.8167],[91.5763,27.8119],[91.581,27.812],[91.5858,27.8173],[91.5918,27.8191],[91.5977,27.818],[91.6004,27.8227],[91.6076,27.8239],[91.6146,27.8219],[91.6203,27.8156],[91.6267,27.8123],[91.6304,27.8076],[91.6329,27.8058],[91.6356,27.8015],[91.634,27.7957],[91.637,27.7944],[91.6364,27.7881],[91.6382,27.7839],[91.6378,27.7803],[91.64,27.774],[91.6451,27.7694],[91.6454,27.7634],[91.6431,27.761],[91.6432,27.7569],[91.6419,27.7523],[91.6375,27.7498],[91.6346,27.745],[91.6368,27.7389],[91.6387,27.7363],[91.6374,27.7304],[91.6347,27.7263],[91.6341,27.7226],[91.6315,27.7198],[91.6319,27.7168],[91.6268,27.7158],[91.6299,27.7091],[91.6289,27.7055],[91.6289,27.7001],[91.6278,27.6987],[91.6197,27.6938],[91.6134,27.6927],[91.6098,27.6908],[91.6072,27.6908],[91.6055,27.6883],[91.6043,27.6835],[91.601,27.6815],[91.5969,27.6803],[91.5954,27.6773],[91.5938,27.6701],[91.5871,27.6669],[91.5825,27.6625],[91.5775,27.6626],[91.5728,27.6603],[91.5726,27.6562],[91.5706,27.6508],[91.5669,27.6447],[91.5645,27.6423],[91.5633,27.6381],[91.5788,27.6345],[91.5996,27.6398],[91.6329,27.6113],[91.6549,27.6006],[91.6662,27.5946],[91.671,27.5905],[91.6793,27.5696],[91.696,27.5833],[91.7192,27.5839],[91.7459,27.5833],[91.7577,27.5938],[91.757,27.5946],[91.7541,27.6053],[91.7613,27.6225],[91.7777,27.6403],[91.812,27.6596],[91.8227,27.6696],[91.8366,27.6793],[91.8373,27.6806],[91.8485,27.699],[91.8509,27.7042],[91.8568,27.7174],[91.8616,27.7305],[91.8597,27.742]]]},"properties":{"id":"in:subdistrict:1556","level":"subdistrict","name":"Zemithang Circle","code":1556,"parent":"in:district:238","state":"in:state:12"}},{"type":"Feature","geometry":{"type":"Polygon","coordinates":[[[91.8373,27.6806],[91.8441,27.6621],[91.8591,27.6364],[91.8662,27.6035],[91.8741,27.5843],[91.8919,27.5646],[91.9026,27.5589],[91.9098,27.5532],[91.9186,27.5532],[91.9176,27.5686],[91.9098,27.5943],[91.8933,27.6364],[91.8726,27.6685],[91.8509,27.7042],[91.8485,27.699],[91.8373,27.6806]]]},"properties":{"id":"in:subdistrict:1560","level":"subdistrict","name":"Kitpi Circle","code":1560,"parent":"in:district:238","state":"in:state:12"}},{"type":"Feature","geometry":{"type":"Polygon","coordinates":[[[91.9258,27.7229],[91.9213,27.7236],[91.9125,27.7309],[91.9037,27.7322],[91.8967,27.7299],[91.8883,27.7262],[91.8779,27.7285],[91.8755,27.7345],[91.8713,27.7381],[91.8622,27.7397],[91.8597,27.742],[91.8616,27.7305],[91.8568,27.7174],[91.8509,27.7042],[91.8726,27.6685],[91.8933,27.6364],[91.9098,27.5943],[91.9176,27.5686],[91.9186,27.5532],[91.9219,27.5532],[91.9312,27.5596],[91.944,27.5561],[91.9533,27.5511],[91.9579,27.5574],[91.9637,27.564],[91.9761,27.5761],[91.9831,27.5814],[91.9697,27.5903],[91.9583,27.6103],[91.9476,27.6217],[91.9369,27.6524],[91.9347,27.6681],[91.9283,27.6746],[91.9219,27.6774],[91.9219,27.6817],[91.9283,27.6903],[91.9283,27.7024],[91.9258,27.7229]]]},"properties":{"id":"in:subdistrict:6555","level":"subdistrict","name":"Lhou Circle","code":6555,"parent":"in:district:238","state":"in:state:12"}},{"type":"Feature","geometry":{"type":"Polygon","coordinates":[[[91.7577,27.5938],[91.7684,27.5825],[91.7855,27.5646],[91.8027,27.5411],[91.8241,27.5304],[91.8369,27.5389],[91.8576,27.5361],[91.8634,27.5504],[91.8712,27.5589],[91.8812,27.5632],[91.8919,27.5646],[91.8741,27.5843],[91.8662,27.6035],[91.8591,27.6364],[91.8441,27.6621],[91.8373,27.6806],[91.8366,27.6793],[91.8227,27.6696],[91.812,27.6596],[91.7777,27.6403],[91.7613,27.6225],[91.7541,27.6053],[91.757,27.5946],[91.7577,27.5938]]]},"properties":{"id":"in:subdistrict:1559","level":"subdistrict","name":"Tawang Hq","code":1559,"parent":"in:district:238","state":"in:state:12"}},{"type":"Feature","geometry":{"type":"Polygon","coordinates":[[[91.8919,27.5646],[91.8812,27.5632],[91.8712,27.5589],[91.8634,27.5504],[91.8576,27.5361],[91.8369,27.5389],[91.8241,27.5304],[91.8219,27.504],[91.8421,27.4773],[91.8486,27.4865],[91.854,27.4839],[91.8551,27.4821],[91.8608,27.4848],[91.8644,27.4829],[91.8691,27.4791],[91.8698,27.4741],[91.8716,27.4708],[91.8751,27.4708],[91.8788,27.4742],[91.8877,27.4762],[91.8927,27.4727],[91.8965,27.4713],[91.9035,27.4715],[91.9083,27.4729],[91.9122,27.4718],[91.9231,27.474],[91.9319,27.4657],[91.9351,27.4661],[91.9372,27.4651],[91.9436,27.4597],[91.9468,27.4618],[91.9534,27.46],[91.9563,27.4609],[91.9615,27.4607],[91.9645,27.4632],[91.9691,27.4642],[91.9728,27.4672],[91.9747,27.466],[91.9761,27.4761],[91.9804,27.4911],[91.9769,27.5068],[91.9619,27.5325],[91.9533,27.5511],[91.944,27.5561],[91.9312,27.5596],[91.9219,27.5532],[91.9186,27.5532],[91.9098,27.5532],[91.9026,27.5589],[91.8919,27.5646]]]},"properties":{"id":"in:subdistrict:1563","level":"subdistrict","name":"Mukto Circle","code":1563,"parent":"in:district:238","state":"in:state:12"}},{"type":"Feature","geometry":{"type":"Polygon","coordinates":[[[91.671,27.5905],[91.6541,27.5734],[91.6403,27.5592],[91.6514,27.5332],[91.6743,27.4935],[91.6759,27.4934],[91.6849,27.497],[91.6847,27.5002],[91.6871,27.501],[91.6951,27.5053],[91.702,27.4989],[91.7045,27.4977],[91.7227,27.5132],[91.7477,27.5304],[91.7648,27.519],[91.7855,27.5325],[91.8027,27.5411],[91.7855,27.5646],[91.7684,27.5825],[91.7577,27.5938],[91.7459,27.5833],[91.7192,27.5839],[91.696,27.5833],[91.6793,27.5696],[91.671,27.5905]]]},"properties":{"id":"in:subdistrict:1557","level":"subdistrict","name":"Lumla ADC","code":1557,"parent":"in:district:238","state":"in:state:12"}},{"type":"Feature","geometry":{"type":"Polygon","coordinates":[[[91.8027,27.5411],[91.7855,27.5325],[91.7648,27.519],[91.7477,27.5304],[91.7227,27.5132],[91.7045,27.4977],[91.7136,27.4935],[91.7146,27.4873],[91.7178,27.4851],[91.7146,27.4745],[91.7219,27.472],[91.7306,27.4695],[91.7391,27.4701],[91.7471,27.4726],[91.7522,27.4757],[91.763,27.475],[91.7682,27.4734],[91.7659,27.4707],[91.767,27.4683],[91.767,27.4648],[91.7744,27.4656],[91.7782,27.4653],[91.7822,27.4666],[91.7887,27.4701],[91.7958,27.4709],[91.7982,27.4743],[91.8011,27.4723],[91.8058,27.4734],[91.8137,27.4744],[91.8209,27.472],[91.8253,27.4679],[91.8309,27.4699],[91.8377,27.4739],[91.8421,27.4773],[91.8219,27.504],[91.8241,27.5304],[91.8027,27.5411]]]},"properties":{"id":"in:subdistrict:6557","level":"subdistrict","name":"Bongkhar Circle","code":6557,"parent":"in:district:238","state":"in:state:12"}},{"type":"Feature","geometry":{"type":"Polygon","coordinates":[[[91.5633,27.6381],[91.5635,27.6341],[91.5625,27.6299],[91.5649,27.6279],[91.5647,27.6258],[91.5677,27.6222],[91.5731,27.6196],[91.5844,27.6082],[91.5826,27.6046],[91.5702,27.5945],[91.5663,27.5831],[91.5716,27.5799],[91.5719,27.575],[91.574,27.5725],[91.5808,27.569],[91.5834,27.5655],[91.5822,27.5568],[91.5829,27.5556],[91.5885,27.5523],[91.5933,27.5441],[91.5937,27.5421],[91.5985,27.5406],[91.602,27.5406],[91.6049,27.542],[91.6079,27.5419],[91.6123,27.5437],[91.6119,27.5412],[91.6144,27.5376],[91.6139,27.5318],[91.6162,27.5296],[91.6233,27.5179],[91.624,27.5141],[91.6342,27.5085],[91.6377,27.5042],[91.6425,27.5035],[91.645,27.502],[91.6476,27.4955],[91.6484,27.4911],[91.6514,27.4862],[91.6525,27.483],[91.6592,27.4835],[91.6693,27.4913],[91.6743,27.4935],[91.6514,27.5332],[91.6403,27.5592],[91.6541,27.5734],[91.671,27.5905],[91.6662,27.5946],[91.6549,27.6006],[91.6329,27.6113],[91.5996,27.6398],[91.5788,27.6345],[91.5633,27.6381]]]},"properties":{"id":"in:subdistrict:x238-dudunghar","level":"subdistrict","name":"Dudunghar","code":0,"parent":"in:district:238","state":"in:state:12"}},{"type":"Feature","geometry":{"type":"Polygon","coordinates":[[[92.2391,26.9061],[92.2377,26.9499],[92.2079,26.9665],[92.202,26.9998],[92.1994,27.0288],[92.1782,27.0296],[92.1354,27.001],[92.1175,27.0165],[92.0977,27.0088],[92.0972,27.0081],[92.0988,27.0079],[92.1035,27.004],[92.1042,26.9986],[92.1082,26.9898],[92.105,26.9866],[92.1046,26.981],[92.1053,26.9791],[92.1115,26.9762],[92.1181,26.9744],[92.1199,26.9686],[92.121,26.9604],[92.1204,26.9585],[92.1176,26.9575],[92.1145,26.9534],[92.1135,26.9505],[92.1157,26.945],[92.1186,26.9423],[92.1182,26.9386],[92.1155,26.9351],[92.1152,26.932],[92.1165,26.9295],[92.1169,26.9255],[92.1152,26.9138],[92.1177,26.9098],[92.1177,26.9067],[92.116,26.8951],[92.1144,26.8936],[92.12,26.889],[92.1388,26.8894],[92.1699,26.8917],[92.1948,26.89],[92.1986,26.8913],[92.2391,26.9061]]]},"properties":{"id":"in:subdistrict:x242-balemu","level":"subdistrict","name":"Balemu","code":0,"parent":"in:district:242","state":"in:state:12"}},{"type":"Feature","geometry":{"type":"Polygon","coordinates":[[[92.2494,26.9082],[92.2552,26.9096],[92.2733,26.9028],[92.2761,26.902],[92.303,26.9071],[92.3027,26.9226],[92.3131,26.9251],[92.3231,26.9275],[92.3632,26.9345],[92.3671,26.9287],[92.3707,26.9282],[92.3653,26.9507],[92.3589,26.9757],[92.3611,26.985],[92.376,26.9992],[92.3818,27.0092],[92.376,27.0369],[92.3751,27.0479],[92.3736,27.0604],[92.3765,27.0722],[92.3927,27.0846],[92.3756,27.1113],[92.3584,27.1303],[92.3327,27.1493],[92.327,27.1712],[92.3223,27.2007],[92.27,27.1959],[92.2836,27.1759],[92.2715,27.1566],[92.2615,27.1366],[92.2412,27.1414],[92.2163,27.1414],[92.1972,27.1236],[92.1996,27.0914],[92.2484,27.0843],[92.2531,27.0712],[92.2151,27.045],[92.1984,27.0391],[92.1994,27.0288],[92.202,26.9998],[92.2079,26.9665],[92.2377,26.9499],[92.2391,26.9061],[92.2494,26.9082]]]},"properties":{"id":"in:subdistrict:6566","level":"subdistrict","name":"Shergaon Circle","code":6566,"parent":"in:district:242","state":"in:state:12"}},{"type":"Feature","geometry":{"type":"Polygon","coordinates":[[[92.1994,27.0288],[92.1984,27.0391],[92.2151,27.045],[92.2531,27.0712],[92.2484,27.0843],[92.1996,27.0914],[92.1972,27.1236],[92.2163,27.1414],[92.2412,27.1414],[92.2615,27.1366],[92.2715,27.1566],[92.2836,27.1759],[92.27,27.1959],[92.2561,27.1917],[92.2461,27.1917],[92.2319,27.1996],[92.2183,27.2003],[92.2026,27.196],[92.1826,27.1896],[92.1619,27.1853],[92.1276,27.1889],[92.1076,27.1903],[92.1084,27.206],[92.1155,27.2174],[92.1258,27.2449],[92.1125,27.2701],[92.1095,27.2708],[92.1035,27.2687],[92.0988,27.269],[92.0951,27.2711],[92.0912,27.2696],[92.0861,27.2697],[92.0839,27.2718],[92.0802,27.2733],[92.0757,27.2779],[92.0738,27.2785],[92.0697,27.2762],[92.0675,27.2772],[92.0636,27.2743],[92.0598,27.2726],[92.0473,27.2696],[92.0452,27.2686],[92.0438,27.2632],[92.042,27.2606],[92.038,27.2584],[92.0379,27.2554],[92.0459,27.2556],[92.049,27.254],[92.0548,27.2532],[92.0592,27.2518],[92.0631,27.2436],[92.0674,27.242],[92.0717,27.2361],[92.0726,27.2331],[92.0706,27.2276],[92.0694,27.22],[92.0698,27.2157],[92.0683,27.2126],[92.0632,27.2101],[92.0596,27.1998],[92.0593,27.1937],[92.0584,27.1903],[92.0558,27.1874],[92.0521,27.1849],[92.0371,27.1793],[92.0358,27.1751],[92.0322,27.172],[92.0267,27.1683],[92.0279,27.1652],[92.0278,27.1607],[92.0287,27.1573],[92.032,27.1539],[92.0327,27.148],[92.0322,27.1461],[92.0353,27.1409],[92.0358,27.1349],[92.0348,27.1304],[92.0325,27.1244],[92.0274,27.1185],[92.0263,27.1144],[92.0231,27.1096],[92.0259,27.1044],[92.0302,27.0998],[92.0295,27.0955],[92.0319,27.092],[92.0308,27.0799],[92.0382,27.0687],[92.0368,27.0631],[92.0381,27.0607],[92.0407,27.0596],[92.0433,27.0566],[92.0441,27.0514],[92.0464,27.0521],[92.0489,27.0511],[92.0524,27.0522],[92.0579,27.0508],[92.0611,27.0484],[92.0635,27.0483],[92.0705,27.044],[92.0739,27.044],[92.0764,27.0416],[92.0812,27.0413],[92.0822,27.0398],[92.0831,27.0341],[92.0789,27.0287],[92.0783,27.0255],[92.0783,27.0196],[92.0795,27.0177],[92.0847,27.0164],[92.0872,27.0149],[92.0954,27.012],[92.0944,27.01],[92.0972,27.0081],[92.0977,27.0088],[92.1175,27.0165],[92.1354,27.001],[92.1782,27.0296],[92.1994,27.0288]]]},"properties":{"id":"in:subdistrict:1570","level":"subdistrict","name":"Kalaktang ADC","code":1570,"parent":"in:district:242","state":"in:state:12"}},{"type":"Feature","geometry":{"type":"Polygon","coordinates":[[[91.9831,27.5814],[91.9761,27.5761],[91.9637,27.564],[91.9579,27.5574],[91.9533,27.5511],[91.9619,27.5325],[91.9769,27.5068],[91.9804,27.4911],[91.9761,27.4761],[91.9747,27.466],[91.9789,27.4633],[91.9847,27.4662],[91.9878,27.4668],[91.9902,27.4688],[91.9924,27.4727],[91.9922,27.4742],[91.9944,27.4781],[91.997,27.4778],[92.0003,27.479],[92.007,27.4766],[92.0114,27.4798],[92.0149,27.4789],[92.0163,27.4808],[92.0198,27.4774],[92.0188,27.4754],[92.0207,27.4699],[92.0212,27.4661],[92.0232,27.4629],[92.0222,27.4575],[92.0226,27.4538],[92.0219,27.4501],[92.0247,27.454],[92.0254,27.4575],[92.0253,27.4665],[92.0264,27.47],[92.0373,27.4727],[92.0416,27.4731],[92.0487,27.4748],[92.0607,27.4813],[92.0629,27.4818],[92.0708,27.4856],[92.0814,27.4925],[92.0714,27.5178],[92.0654,27.5311],[92.0547,27.5475],[92.0447,27.5554],[92.0311,27.5668],[92.0097,27.5675],[91.9954,27.5711],[91.9831,27.5814]]]},"properties":{"id":"in:subdistrict:1561","level":"subdistrict","name":"Jang ADC","code":1561,"parent":"in:district:238","state":"in:state:12"}},{"type":"Feature","geometry":{"type":"Polygon","coordinates":[[[92.0814,27.4925],[92.0708,27.4856],[92.0629,27.4818],[92.0607,27.4813],[92.0487,27.4748],[92.0416,27.4731],[92.0373,27.4727],[92.0264,27.47],[92.0253,27.4665],[92.0254,27.4575],[92.0247,27.454],[92.0219,27.4501],[92.0229,27.4467],[92.0264,27.4427],[92.0268,27.4401],[92.0323,27.4406],[92.033,27.4386],[92.0373,27.439],[92.0425,27.4352],[92.042,27.431],[92.0442,27.4267],[92.0425,27.4185],[92.0437,27.4176],[92.0443,27.4136],[92.0468,27.4116],[92.0476,27.4087],[92.0507,27.4057],[92.0537,27.404],[92.0539,27.4018],[92.0585,27.3997],[92.0548,27.3961],[92.0537,27.3887],[92.0544,27.3828],[92.049,27.3768],[92.0491,27.3686],[92.0482,27.3631],[92.0502,27.36],[92.0501,27.3571],[92.055,27.3527],[92.0542,27.3506],[92.0596,27.3466],[92.0625,27.3422],[92.0637,27.3357],[92.063,27.3332],[92.0647,27.3302],[92.0646,27.327],[92.072,27.3206],[92.0748,27.3166],[92.0799,27.3115],[92.0819,27.3104],[92.089,27.3046],[92.0964,27.3036],[92.1022,27.3012],[92.1094,27.2961],[92.1202,27.2903],[92.1228,27.2874],[92.125,27.282],[92.1246,27.278],[92.121,27.2742],[92.1208,27.2724],[92.1125,27.2701],[92.1258,27.2449],[92.1155,27.2174],[92.1084,27.206],[92.1076,27.1903],[92.1276,27.1889],[92.1619,27.1853],[92.1826,27.1896],[92.2026,27.196],[92.2183,27.2003],[92.2319,27.1996],[92.2461,27.1917],[92.2561,27.1917],[92.27,27.1959],[92.27,27.2023],[92.2715,27.2166],[92.2743,27.2402],[92.2708,27.2459],[92.2708,27.2609],[92.2865,27.2766],[92.3086,27.2766],[92.3279,27.268],[92.3429,27.258],[92.3578,27.2523],[92.3807,27.2544],[92.4004,27.2604],[92.4157,27.268],[92.4261,27.2813],[92.4328,27.3061],[92.4376,27.3184],[92.4215,27.3114],[92.3958,27.3114],[92.372,27.3133],[92.3558,27.3124],[92.3368,27.3038],[92.313,27.2943],[92.2863,27.2886],[92.2673,27.2933],[92.2597,27.3009],[92.2635,27.3095],[92.2702,27.3124],[92.2835,27.3086],[92.2997,27.3057],[92.3073,27.3105],[92.3139,27.3171],[92.3168,27.3314],[92.3177,27.3447],[92.3054,27.3523],[92.2892,27.3685],[92.2968,27.3742],[92.3016,27.379],[92.3168,27.3799],[92.2901,27.4047],[92.2959,27.4075],[92.3149,27.4123],[92.3387,27.4171],[92.3368,27.4351],[92.3425,27.4599],[92.3722,27.4618],[92.3744,27.48],[92.3708,27.5071],[92.3601,27.5214],[92.3601,27.5392],[92.3787,27.5607],[92.4036,27.5942],[92.4272,27.6206],[92.4279,27.6428],[92.4151,27.6599],[92.391,27.6742],[92.3902,27.6729],[92.3834,27.6707],[92.3785,27.6686],[92.3744,27.669],[92.3725,27.6676],[92.3697,27.6678],[92.3615,27.6635],[92.3441,27.6644],[92.3385,27.6639],[92.3329,27.6654],[92.3245,27.6609],[92.3207,27.6598],[92.3144,27.659],[92.3088,27.6567],[92.3045,27.6563],[92.3009,27.6547],[92.2951,27.6532],[92.288,27.6529],[92.281,27.6542],[92.2787,27.6538],[92.2644,27.6561],[92.2547,27.6626],[92.2468,27.6673],[92.2441,27.6681],[92.2421,27.6656],[92.2395,27.66],[92.2389,27.6541],[92.2393,27.6452],[92.2399,27.6425],[92.2437,27.6412],[92.2436,27.6387],[92.2386,27.6358],[92.2327,27.6347],[92.2288,27.6303],[92.2245,27.627],[92.2237,27.6241],[92.2216,27.6228],[92.2213,27.6198],[92.2182,27.6182],[92.2189,27.6146],[92.2237,27.613],[92.2266,27.6106],[92.2277,27.6046],[92.2311,27.6033],[92.2317,27.6004],[92.2307,27.5974],[92.2308,27.5926],[92.232,27.5903],[92.2345,27.5898],[92.2332,27.586],[92.2346,27.5811],[92.2311,27.5746],[92.2257,27.5689],[92.2165,27.563],[92.2095,27.5609],[92.2064,27.5642],[92.2013,27.5648],[92.1989,27.5664],[92.1947,27.5666],[92.1909,27.5738],[92.187,27.5726],[92.1797,27.5722],[92.1747,27.5735],[92.1683,27.5728],[92.1617,27.5604],[92.1565,27.5587],[92.1501,27.5611],[92.1484,27.5597],[92.1446,27.551],[92.1439,27.5467],[92.1408,27.5424],[92.1344,27.5442],[92.1322,27.5424],[92.1346,27.5353],[92.134,27.5322],[92.1319,27.5314],[92.1296,27.5287],[92.127,27.5223],[92.1213,27.5192],[92.1186,27.5195],[92.1158,27.5149],[92.1083,27.5146],[92.1078,27.5125],[92.1112,27.5081],[92.1085,27.5032],[92.104,27.5038],[92.1013,27.4982],[92.0881,27.4955],[92.0814,27.4925]]]},"properties":{"id":"in:subdistrict:1566","level":"subdistrict","name":"Dirang ADC","code":1566,"parent":"in:district:242","state":"in:state:12"}},{"type":"Feature","geometry":{"type":"Polygon","coordinates":[[[92.4376,27.3184],[92.4395,27.3289],[92.448,27.3327],[92.4509,27.346],[92.4347,27.3565],[92.4261,27.3746],[92.4252,27.4031],[92.3928,27.4165],[92.373,27.4372],[92.3715,27.4557],[92.3722,27.4618],[92.3425,27.4599],[92.3368,27.4351],[92.3387,27.4171],[92.3149,27.4123],[92.2959,27.4075],[92.2901,27.4047],[92.3168,27.3799],[92.3016,27.379],[92.2968,27.3742],[92.2892,27.3685],[92.3054,27.3523],[92.3177,27.3447],[92.3168,27.3314],[92.3139,27.3171],[92.3073,27.3105],[92.2997,27.3057],[92.2835,27.3086],[92.2702,27.3124],[92.2635,27.3095],[92.2597,27.3009],[92.2673,27.2933],[92.2863,27.2886],[92.313,27.2943],[92.3368,27.3038],[92.3558,27.3124],[92.372,27.3133],[92.3958,27.3114],[92.4215,27.3114],[92.4376,27.3184]]]},"properties":{"id":"in:subdistrict:6565","level":"subdistrict","name":"Thembang Circle","code":6565,"parent":"in:district:242","state":"in:state:12"}},{"type":"Feature","geometry":{"type":"Polygon","coordinates":[[[92.3927,27.0846],[92.4014,27.0978],[92.4306,27.1192],[92.4492,27.1342],[92.4542,27.1428],[92.4506,27.1549],[92.442,27.1663],[92.4263,27.1792],[92.4078,27.2077],[92.3892,27.2142],[92.3814,27.222],[92.3814,27.232],[92.3807,27.2544],[92.3578,27.2523],[92.3429,27.258],[92.3279,27.268],[92.3086,27.2766],[92.2865,27.2766],[92.2708,27.2609],[92.2708,27.2459],[92.2743,27.2402],[92.2715,27.2166],[92.27,27.2023],[92.27,27.1959],[92.3223,27.2007],[92.327,27.1712],[92.3327,27.1493],[92.3584,27.1303],[92.3756,27.1113],[92.3927,27.0846]]]},"properties":{"id":"in:subdistrict:6560","level":"subdistrict","name":"Rupa SDO","code":6560,"parent":"in:district:242","state":"in:state:12"}},{"type":"Feature","geometry":{"type":"Polygon","coordinates":[[[92.3818,27.0092],[92.3925,27.0285],[92.4025,27.0349],[92.416,27.0413],[92.4332,27.0542],[92.446,27.0628],[92.4498,27.0775],[92.4869,27.1089],[92.5107,27.1261],[92.5155,27.1308],[92.5306,27.1656],[92.5398,27.1849],[92.5527,27.1942],[92.5554,27.2211],[92.5569,27.2393],[92.5843,27.2589],[92.6129,27.2693],[92.6407,27.2825],[92.6383,27.3047],[92.6445,27.3104],[92.6617,27.3228],[92.665,27.3328],[92.6703,27.3617],[92.6517,27.3474],[92.6289,27.3392],[92.61,27.3235],[92.6032,27.3107],[92.5965,27.3057],[92.5893,27.3109],[92.5779,27.3428],[92.5684,27.3476],[92.5565,27.348],[92.5479,27.348],[92.5313,27.3352],[92.517,27.3314],[92.4975,27.3252],[92.4765,27.3195],[92.4623,27.3138],[92.4523,27.3133],[92.4376,27.3184],[92.4328,27.3061],[92.4261,27.2813],[92.4438,27.2667],[92.4378,27.259],[92.4182,27.2417],[92.4033,27.2292],[92.3814,27.232],[92.3814,27.222],[92.3892,27.2142],[92.4078,27.2077],[92.4263,27.1792],[92.442,27.1663],[92.4506,27.1549],[92.4542,27.1428],[92.4492,27.1342],[92.4306,27.1192],[92.4014,27.0978],[92.3927,27.0846],[92.3765,27.0722],[92.3736,27.0604],[92.3751,27.0479],[92.376,27.0369],[92.3818,27.0092]]]},"properties":{"id":"in:subdistrict:1573","level":"subdistrict","name":"Singchung ADC","code":1573,"parent":"in:district:242","state":"in:state:12"}},{"type":"Feature","geometry":{"type":"Polygon","coordinates":[[[92.3807,27.2544],[92.3814,27.232],[92.4033,27.2292],[92.4182,27.2417],[92.4378,27.259],[92.4438,27.2667],[92.4261,27.2813],[92.4157,27.268],[92.4004,27.2604],[92.3807,27.2544]]]},"properties":{"id":"in:subdistrict:6568","level":"subdistrict","name":"Bomdila HQ","code":6568,"parent":"in:district:242","state":"in:state:12"}},{"type":"Feature","geometry":{"type":"Polygon","coordinates":[[[92.4561,27.7393],[92.4504,27.7371],[92.4468,27.7342],[92.4409,27.7394],[92.4351,27.7389],[92.4217,27.7465],[92.4145,27.7465],[92.4125,27.7405],[92.4137,27.737],[92.4132,27.7335],[92.4099,27.7268],[92.4051,27.7247],[92.4047,27.7231],[92.4076,27.7147],[92.4074,27.711],[92.4087,27.7083],[92.4088,27.7025],[92.4058,27.6988],[92.4036,27.6975],[92.4003,27.6939],[92.3992,27.6909],[92.3981,27.6831],[92.3953,27.6773],[92.391,27.6742],[92.4151,27.6599],[92.4279,27.6428],[92.4272,27.6206],[92.4036,27.5942],[92.3787,27.5607],[92.3601,27.5392],[92.3601,27.5214],[92.3708,27.5071],[92.3744,27.48],[92.3722,27.4618],[92.3715,27.4557],[92.373,27.4372],[92.3928,27.4165],[92.4252,27.4031],[92.4261,27.3746],[92.4347,27.3565],[92.4509,27.346],[92.448,27.3327],[92.4395,27.3289],[92.4376,27.3184],[92.4523,27.3133],[92.4623,27.3138],[92.4765,27.3195],[92.4975,27.3252],[92.517,27.3314],[92.5313,27.3352],[92.5479,27.348],[92.5565,27.348],[92.5684,27.3476],[92.5779,27.3428],[92.5893,27.3109],[92.5965,27.3057],[92.6032,27.3107],[92.61,27.3235],[92.6289,27.3392],[92.6517,27.3474],[92.6703,27.3617],[92.6835,27.3863],[92.7335,27.387],[92.7592,27.3985],[92.8131,27.3988],[92.8213,27.4068],[92.8199,27.4132],[92.8162,27.4168],[92.8159,27.4139],[92.8115,27.4166],[92.8051,27.419],[92.8099,27.4238],[92.8108,27.4256],[92.8052,27.4286],[92.8063,27.4305],[92.8048,27.4368],[92.8059,27.442],[92.8023,27.4482],[92.7943,27.4508],[92.79,27.4511],[92.7858,27.453],[92.782,27.4521],[92.7773,27.4491],[92.7771,27.4459],[92.774,27.4436],[92.7693,27.4433],[92.7642,27.4466],[92.7584,27.4452],[92.7524,27.4463],[92.7507,27.4502],[92.7463,27.4555],[92.7433,27.4619],[92.7374,27.4663],[92.7311,27.4619],[92.7276,27.4601],[92.7251,27.4572],[92.7184,27.4535],[92.7143,27.4504],[92.7083,27.4496],[92.7021,27.4496],[92.6975,27.4514],[92.6959,27.454],[92.6918,27.4556],[92.6918,27.4585],[92.6891,27.4608],[92.6842,27.4635],[92.6855,27.4681],[92.685,27.473],[92.6805,27.4725],[92.6747,27.4753],[92.6711,27.4755],[92.6704,27.4779],[92.6656,27.4807],[92.6606,27.4821],[92.6577,27.4868],[92.6537,27.4911],[92.6553,27.4944],[92.6546,27.4973],[92.6516,27.4999],[92.6516,27.5015],[92.6483,27.5114],[92.6533,27.5179],[92.6533,27.5232],[92.6502,27.532],[92.6449,27.5376],[92.6444,27.539],[92.6388,27.5437],[92.6342,27.5446],[92.6284,27.543],[92.6191,27.5452],[92.6186,27.5502],[92.6171,27.5526],[92.6222,27.5644],[92.6222,27.5717],[92.6211,27.5746],[92.6178,27.5756],[92.6148,27.5809],[92.6115,27.5837],[92.6099,27.5872],[92.6139,27.5893],[92.6128,27.5936],[92.6108,27.5954],[92.6033,27.5989],[92.6013,27.6021],[92.5967,27.6048],[92.5915,27.6039],[92.5878,27.6064],[92.5901,27.6085],[92.5899,27.6115],[92.5873,27.6153],[92.5852,27.6154],[92.5744,27.6129],[92.5696,27.6135],[92.5674,27.6124],[92.567,27.6097],[92.56,27.6069],[92.5587,27.6057],[92.5548,27.6054],[92.55,27.604],[92.543,27.6072],[92.5391,27.6102],[92.5384,27.6149],[92.5394,27.6248],[92.541,27.6275],[92.5396,27.6309],[92.5322,27.6351],[92.5308,27.6378],[92.5335,27.6445],[92.5351,27.647],[92.5336,27.65],[92.5365,27.655],[92.5364,27.6663],[92.5337,27.6674],[92.5328,27.6705],[92.5328,27.6733],[92.529,27.6762],[92.5263,27.6836],[92.5203,27.6884],[92.5177,27.6893],[92.5169,27.6919],[92.512,27.6972],[92.5118,27.7008],[92.5139,27.7046],[92.5101,27.7121],[92.5095,27.7178],[92.5119,27.7196],[92.5121,27.7216],[92.5006,27.7253],[92.4967,27.7302],[92.4788,27.7361],[92.4771,27.7381],[92.4731,27.74],[92.4694,27.7388],[92.4635,27.7381],[92.4561,27.7393]]]},"properties":{"id":"in:subdistrict:1568","level":"subdistrict","name":"Nafra EAC","code":1568,"parent":"in:district:242","state":"in:state:12"}},{"type":"Feature","geometry":{"type":"Polygon","coordinates":[[[92.7914,27.6871],[92.7883,27.6858],[92.7764,27.687],[92.7621,27.6954],[92.7419,27.7108],[92.7205,27.7311],[92.7038,27.7513],[92.6919,27.7477],[92.6777,27.7287],[92.6658,27.7037],[92.6444,27.6811],[92.6265,27.6751],[92.5908,27.6811],[92.5658,27.6728],[92.5328,27.6705],[92.5337,27.6674],[92.5364,27.6663],[92.5365,27.655],[92.5336,27.65],[92.5351,27.647],[92.5335,27.6445],[92.5308,27.6378],[92.5322,27.6351],[92.5396,27.6309],[92.541,27.6275],[92.5394,27.6248],[92.5384,27.6149],[92.5391,27.6102],[92.543,27.6072],[92.55,27.604],[92.5548,27.6054],[92.5587,27.6057],[92.56,27.6069],[92.567,27.6097],[92.5674,27.6124],[92.5696,27.6135],[92.5744,27.6129],[92.5852,27.6154],[92.5873,27.6153],[92.5899,27.6115],[92.5901,27.6085],[92.5878,27.6064],[92.5915,27.6039],[92.5967,27.6048],[92.6013,27.6021],[92.6033,27.5989],[92.6108,27.5954],[92.6128,27.5936],[92.6139,27.5893],[92.6099,27.5872],[92.6115,27.5837],[92.6148,27.5809],[92.6178,27.5756],[92.6211,27.5746],[92.6222,27.5717],[92.6222,27.5644],[92.6171,27.5526],[92.6186,27.5502],[92.6191,27.5452],[92.6284,27.543],[92.6342,27.5446],[92.6388,27.5437],[92.6444,27.539],[92.6449,27.5376],[92.6502,27.532],[92.6533,27.5232],[92.6533,27.5179],[92.6483,27.5114],[92.6516,27.5015],[92.6516,27.4999],[92.6546,27.4973],[92.6553,27.4944],[92.6537,27.4911],[92.6577,27.4868],[92.6606,27.4821],[92.6656,27.4807],[92.6704,27.4779],[92.6711,27.4755],[92.6747,27.4753],[92.6805,27.4725],[92.685,27.473],[92.6855,27.4681],[92.6842,27.4635],[92.6891,27.4608],[92.6918,27.4585],[92.6918,27.4556],[92.6959,27.454],[92.6975,27.4514],[92.7021,27.4496],[92.7083,27.4496],[92.7143,27.4504],[92.7184,27.4535],[92.7251,27.4572],[92.7276,27.4601],[92.7311,27.4619],[92.7374,27.4663],[92.7433,27.4619],[92.7463,27.4555],[92.7507,27.4502],[92.7524,27.4463],[92.7584,27.4452],[92.7642,27.4466],[92.7693,27.4433],[92.774,27.4436],[92.7771,27.4459],[92.7773,27.4491],[92.782,27.4521],[92.7858,27.453],[92.79,27.4511],[92.7943,27.4508],[92.8023,27.4482],[92.8059,27.442],[92.8048,27.4368],[92.8063,27.4305],[92.8052,27.4286],[92.8201,27.4402],[92.842,27.463],[92.8389,27.4907],[92.8408,27.5031],[92.8361,27.524],[92.8247,27.5374],[92.8247,27.5621],[92.8294,27.5888],[92.8323,27.6021],[92.842,27.6069],[92.8351,27.6164],[92.8189,27.6211],[92.8104,27.623],[92.8028,27.6383],[92.7999,27.662],[92.7961,27.6773],[92.7914,27.6871]]]},"properties":{"id":"in:subdistrict:6098","level":"subdistrict","name":"Lada Circle","code":6098,"parent":"in:district:231","state":"in:state:12"}},{"type":"Feature","geometry":{"type":"Polygon","coordinates":[[[92.6407,27.2825],[92.6668,27.2842],[92.6793,27.2828],[92.6953,27.2718],[92.7213,27.2628],[92.7375,27.2447],[92.7494,27.2333],[92.7556,27.2152],[92.7564,27.1954],[92.7647,27.1957],[92.7684,27.1941],[92.7817,27.181],[92.7989,27.1813],[92.8076,27.179],[92.8143,27.1779],[92.8142,27.1893],[92.8136,27.1937],[92.8092,27.1964],[92.8081,27.2003],[92.8106,27.203],[92.8156,27.2037],[92.8187,27.2105],[92.8231,27.2142],[92.8295,27.215],[92.8329,27.214],[92.8344,27.2174],[92.83,27.2232],[92.8278,27.2247],[92.8302,27.2287],[92.8363,27.2328],[92.8253,27.2394],[92.8225,27.2451],[92.8186,27.2508],[92.8174,27.2535],[92.8134,27.2535],[92.8028,27.2554],[92.8011,27.2561],[92.7995,27.2598],[92.8006,27.264],[92.8002,27.2669],[92.8024,27.2685],[92.8033,27.2718],[92.8073,27.2729],[92.8026,27.2797],[92.805,27.283],[92.8062,27.2877],[92.8057,27.2951],[92.8119,27.2964],[92.8157,27.2903],[92.8196,27.2877],[92.8239,27.2869],[92.8295,27.2889],[92.8372,27.2898],[92.8427,27.2892],[92.8442,27.2929],[92.8429,27.2991],[92.8402,27.3036],[92.8364,27.3055],[92.8349,27.3077],[92.8315,27.308],[92.8309,27.3099],[92.8209,27.3127],[92.8196,27.3153],[92.8144,27.3208],[92.8095,27.323],[92.8064,27.3282],[92.8043,27.3303],[92.8064,27.3316],[92.8067,27.337],[92.8049,27.3386],[92.8057,27.3421],[92.8051,27.3456],[92.8016,27.3469],[92.8003,27.3504],[92.8017,27.3514],[92.8055,27.3512],[92.8071,27.3573],[92.8085,27.3585],[92.8138,27.3541],[92.8152,27.3592],[92.8141,27.3614],[92.8144,27.3664],[92.8128,27.3691],[92.814,27.3704],[92.8116,27.3754],[92.8123,27.3794],[92.8161,27.3797],[92.8202,27.3769],[92.8228,27.38],[92.8211,27.3832],[92.8217,27.3871],[92.8204,27.3897],[92.8225,27.4003],[92.8213,27.4068],[92.8131,27.3988],[92.7592,27.3985],[92.7335,27.387],[92.6835,27.3863],[92.6703,27.3617],[92.665,27.3328],[92.6617,27.3228],[92.6445,27.3104],[92.6383,27.3047],[92.6407,27.2825]]]},"properties":{"id":"in:subdistrict:1575","level":"subdistrict","name":"Thrizino ADC","code":1575,"parent":"in:district:242","state":"in:state:12"}},{"type":"Feature","geometry":{"type":"Polygon","coordinates":[[[92.5155,27.1308],[92.5307,27.1318],[92.5431,27.1375],[92.5655,27.1536],[92.5772,27.1607],[92.5844,27.1632],[92.5883,27.1558],[92.5915,27.1468],[92.5961,27.1375],[92.607,27.1324],[92.607,27.1361],[92.6081,27.1402],[92.6172,27.1461],[92.6247,27.1488],[92.6289,27.1487],[92.6324,27.1475],[92.6378,27.1502],[92.65,27.1519],[92.6576,27.1561],[92.6633,27.1573],[92.6706,27.1614],[92.675,27.1609],[92.6782,27.1637],[92.683,27.1652],[92.6881,27.1657],[92.6973,27.1726],[92.7168,27.1759],[92.7253,27.1809],[92.7288,27.1841],[92.7368,27.1875],[92.7388,27.1905],[92.7426,27.1917],[92.7466,27.1943],[92.75,27.1953],[92.7564,27.1954],[92.7556,27.2152],[92.7494,27.2333],[92.7375,27.2447],[92.7213,27.2628],[92.6953,27.2718],[92.6793,27.2828],[92.6668,27.2842],[92.6407,27.2825],[92.6129,27.2693],[92.5843,27.2589],[92.5569,27.2393],[92.5554,27.2211],[92.5527,27.1942],[92.5398,27.1849],[92.5306,27.1656],[92.5155,27.1308]]]},"properties":{"id":"in:subdistrict:6563","level":"subdistrict","name":"Jamiri Circle","code":6563,"parent":"in:district:242","state":"in:state:12"}},{"type":"Feature","geometry":{"type":"Polygon","coordinates":[[[92.446,27.0628],[92.4489,27.0663],[92.4703,27.0506],[92.491,27.0706],[92.5102,27.0356],[92.5095,27.0292],[92.4981,27.0028],[92.5088,26.9892],[92.5152,26.9692],[92.5168,26.9614],[92.52,26.9609],[92.5542,26.9574],[92.5793,26.9589],[92.588,26.9612],[92.6008,26.9667],[92.6155,26.9736],[92.6237,26.9769],[92.6448,26.9867],[92.6454,26.9879],[92.6452,26.9943],[92.6441,27.0012],[92.6445,27.0087],[92.639,27.0172],[92.6355,27.0239],[92.6239,27.0287],[92.6052,27.0442],[92.5978,27.0529],[92.5903,27.079],[92.592,27.0855],[92.6003,27.0971],[92.5943,27.1046],[92.5957,27.1061],[92.6019,27.1081],[92.6017,27.1198],[92.607,27.1255],[92.607,27.1324],[92.5961,27.1375],[92.5915,27.1468],[92.5883,27.1558],[92.5844,27.1632],[92.5772,27.1607],[92.5655,27.1536],[92.5431,27.1375],[92.5307,27.1318],[92.5155,27.1308],[92.5107,27.1261],[92.4869,27.1089],[92.4498,27.0775],[92.446,27.0628]]]},"properties":{"id":"in:subdistrict:6561","level":"subdistrict","name":"Bhalukpong EAC","code":6561,"parent":"in:district:242","state":"in:state:12"}},{"type":"Feature","geometry":{"type":"Polygon","coordinates":[[[92.3707,26.9282],[92.3983,26.9247],[92.412,26.9428],[92.4193,26.9418],[92.4258,26.941],[92.4475,26.9588],[92.4932,26.9632],[92.5026,26.9633],[92.5168,26.9614],[92.5152,26.9692],[92.5088,26.9892],[92.4981,27.0028],[92.5095,27.0292],[92.5102,27.0356],[92.491,27.0706],[92.4703,27.0506],[92.4489,27.0663],[92.446,27.0628],[92.4332,27.0542],[92.416,27.0413],[92.4025,27.0349],[92.3925,27.0285],[92.3818,27.0092],[92.376,26.9992],[92.3611,26.985],[92.3589,26.9757],[92.3653,26.9507],[92.3707,26.9282]]]},"properties":{"id":"in:subdistrict:6567","level":"subdistrict","name":"Kamengbari Doimara Circle","code":6567,"parent":"in:district:242","state":"in:state:12"}},{"type":"Feature","geometry":{"type":"Polygon","coordinates":[[[93.3896,26.9582],[93.3872,26.9694],[93.3866,26.9723],[93.3803,26.9746],[93.3798,26.9784],[93.386,26.9806],[93.3852,26.9835],[93.3689,26.981],[93.3606,26.9818],[93.3463,26.9924],[93.3397,27.0011],[93.339,27.0035],[93.3398,27.0073],[93.3393,27.0069],[93.3119,27.0049],[93.3,27.0013],[93.2738,26.9882],[93.2631,26.9882],[93.2476,26.993],[93.2298,26.9966],[93.206,26.9942],[93.1917,27.0025],[93.1798,27.0334],[93.1655,27.0394],[93.1429,27.0501],[93.1171,27.0554],[93.1133,27.0454],[93.1047,27.0283],[93.0952,27.015],[93.1342,26.9798],[93.1123,26.9636],[93.1304,26.9531],[93.1454,26.9531],[93.1507,26.9322],[93.1791,26.9372],[93.1968,26.9423],[93.2029,26.9436],[93.2444,26.9506],[93.2468,26.9512],[93.2617,26.9535],[93.2978,26.9563],[93.3241,26.9601],[93.3371,26.9597],[93.3543,26.9598],[93.3805,26.9592],[93.3896,26.9582]]]},"properties":{"id":"in:subdistrict:x723-dissing-passo","level":"subdistrict","name":"Dissing-Passo","code":0,"parent":"in:district:723","state":"in:state:12"}},{"type":"Feature","geometry":{"type":"Polygon","coordinates":[[[92.7564,27.1954],[92.75,27.1953],[92.7466,27.1943],[92.7426,27.1917],[92.7388,27.1905],[92.7368,27.1875],[92.7288,27.1841],[92.7253,27.1809],[92.7168,27.1759],[92.6973,27.1726],[92.6881,27.1657],[92.683,27.1652],[92.6782,27.1637],[92.675,27.1609],[92.6706,27.1614],[92.6633,27.1573],[92.6576,27.1561],[92.65,27.1519],[92.6378,27.1502],[92.6324,27.1475],[92.6289,27.1487],[92.6247,27.1488],[92.6172,27.1461],[92.6081,27.1402],[92.607,27.1361],[92.607,27.1324],[92.607,27.1255],[92.6017,27.1198],[92.6019,27.1081],[92.5957,27.1061],[92.5943,27.1046],[92.6003,27.0971],[92.592,27.0855],[92.5903,27.079],[92.5978,27.0529],[92.6052,27.0442],[92.6239,27.0287],[92.6355,27.0239],[92.639,27.0172],[92.6445,27.0087],[92.6441,27.0012],[92.6452,26.9943],[92.6454,26.9879],[92.6516,26.9999],[92.6574,27.009],[92.6674,27.0271],[92.6725,27.0316],[92.6775,27.0317],[92.6876,27.0272],[92.6927,27.0272],[92.6977,27.0227],[92.7128,27.0227],[92.7229,27.0182],[92.733,27.0227],[92.7532,27.0228],[92.7632,27.0273],[92.7784,27.0228],[92.7935,27.0228],[92.8237,27.0093],[92.8389,27.0048],[92.8573,27.0016],[92.8838,27.0004],[92.8891,26.9986],[92.9037,26.9903],[92.9184,26.9823],[92.9155,26.9739],[92.9171,26.9629],[92.9625,26.944],[92.9776,26.938],[92.983,26.9354],[92.9994,26.9258],[93.0215,26.9135],[93.0237,26.9134],[93.0618,26.9221],[93.0631,26.9223],[93.0882,26.9144],[93.0953,26.9189],[93.1069,26.9257],[93.1418,26.9306],[93.1507,26.9322],[93.1454,26.9531],[93.1304,26.9531],[93.1123,26.9636],[93.1342,26.9798],[93.0952,27.015],[93.1047,27.0283],[93.1133,27.0454],[93.1171,27.0554],[93.0823,27.0679],[93.0537,27.0739],[93.0323,27.0858],[93.0133,27.1108],[93.0047,27.146],[92.9892,27.1533],[92.9887,27.1544],[92.9908,27.1598],[92.9943,27.1662],[92.9923,27.1688],[92.9891,27.1702],[92.9824,27.1725],[92.9735,27.1727],[92.9695,27.1751],[92.9653,27.176],[92.9585,27.1745],[92.9525,27.1749],[92.948,27.176],[92.9432,27.1783],[92.9364,27.1776],[92.9262,27.1725],[92.9225,27.17],[92.9199,27.1701],[92.9113,27.166],[92.9034,27.1594],[92.8966,27.1563],[92.8928,27.1529],[92.8855,27.1508],[92.8776,27.1525],[92.873,27.1503],[92.8659,27.1556],[92.8607,27.1545],[92.8578,27.1561],[92.8567,27.1588],[92.8488,27.1604],[92.8446,27.1619],[92.8406,27.1593],[92.8377,27.16],[92.8303,27.1568],[92.8286,27.1616],[92.8269,27.163],[92.8089,27.1768],[92.8076,27.179],[92.7989,27.1813],[92.7817,27.181],[92.7684,27.1941],[92.7647,27.1957],[92.7564,27.1954]]]},"properties":{"id":"in:subdistrict:6104","level":"subdistrict","name":"Seijosa ADC","code":6104,"parent":"in:district:723","state":"in:state:12"}},{"type":"Feature","geometry":{"type":"Polygon","coordinates":[[[92.8213,27.4068],[92.8225,27.4003],[92.8204,27.3897],[92.8217,27.3871],[92.8211,27.3832],[92.8228,27.38],[92.8202,27.3769],[92.8161,27.3797],[92.8123,27.3794],[92.8116,27.3754],[92.814,27.3704],[92.8128,27.3691],[92.8144,27.3664],[92.8141,27.3614],[92.8152,27.3592],[92.8138,27.3541],[92.8085,27.3585],[92.8071,27.3573],[92.8055,27.3512],[92.8017,27.3514],[92.8003,27.3504],[92.8016,27.3469],[92.8051,27.3456],[92.8057,27.3421],[92.8049,27.3386],[92.8067,27.337],[92.8064,27.3316],[92.8043,27.3303],[92.8064,27.3282],[92.8095,27.323],[92.8144,27.3208],[92.8196,27.3153],[92.8209,27.3127],[92.8309,27.3099],[92.8315,27.308],[92.8349,27.3077],[92.8364,27.3055],[92.8402,27.3036],[92.8429,27.2991],[92.8442,27.2929],[92.8427,27.2892],[92.8372,27.2898],[92.8295,27.2889],[92.8239,27.2869],[92.8196,27.2877],[92.8157,27.2903],[92.8119,27.2964],[92.8057,27.2951],[92.8062,27.2877],[92.805,27.283],[92.8026,27.2797],[92.8073,27.2729],[92.8033,27.2718],[92.8024,27.2685],[92.8002,27.2669],[92.8006,27.264],[92.7995,27.2598],[92.8011,27.2561],[92.8028,27.2554],[92.8134,27.2535],[92.8174,27.2535],[92.8186,27.2508],[92.8225,27.2451],[92.8253,27.2394],[92.8363,27.2328],[92.8302,27.2287],[92.8278,27.2247],[92.83,27.2232],[92.8344,27.2174],[92.8329,27.214],[92.8295,27.215],[92.8231,27.2142],[92.8187,27.2105],[92.8156,27.2037],[92.8106,27.203],[92.8081,27.2003],[92.8092,27.1964],[92.8136,27.1937],[92.8142,27.1893],[92.8143,27.1779],[92.8076,27.179],[92.8089,27.1768],[92.8269,27.163],[92.8435,27.1724],[92.8548,27.1825],[92.8791,27.1967],[92.894,27.2134],[92.9,27.2229],[92.9012,27.2342],[92.8994,27.2687],[92.9083,27.2747],[92.9131,27.2818],[92.9238,27.2937],[92.9273,27.3044],[92.9238,27.3151],[92.919,27.3234],[92.9214,27.3425],[92.9035,27.3722],[92.9035,27.3913],[92.9239,27.4154],[92.9058,27.4211],[92.8915,27.4278],[92.8877,27.4354],[92.8772,27.444],[92.863,27.4421],[92.8544,27.4544],[92.842,27.463],[92.8201,27.4402],[92.8052,27.4286],[92.8108,27.4256],[92.8099,27.4238],[92.8051,27.419],[92.8115,27.4166],[92.8159,27.4139],[92.8162,27.4168],[92.8199,27.4132],[92.8213,27.4068]]]},"properties":{"id":"in:subdistrict:6101","level":"subdistrict","name":"Richukrong Circle","code":6101,"parent":"in:district:231","state":"in:state:12"}},{"type":"Feature","geometry":{"type":"Polygon","coordinates":[[[92.842,27.6069],[92.8323,27.6021],[92.8294,27.5888],[92.8247,27.5621],[92.8247,27.5374],[92.8361,27.524],[92.8408,27.5031],[92.8389,27.4907],[92.842,27.463],[92.8544,27.4544],[92.863,27.4421],[92.8772,27.444],[92.8877,27.4354],[92.8915,27.4278],[92.9058,27.4211],[92.9239,27.4154],[92.9439,27.424],[92.961,27.4383],[92.9743,27.4506],[92.9924,27.4621],[93.02,27.4697],[93.0263,27.4629],[93.0359,27.4718],[93.0352,27.4975],[93.038,27.5111],[93.0366,27.551],[93.0382,27.5511],[93.0284,27.5663],[93.0213,27.5727],[92.9891,27.5916],[92.9488,27.592],[92.9406,27.5766],[92.9342,27.5766],[92.9224,27.5852],[92.9021,27.6013],[92.8875,27.6078],[92.8722,27.6126],[92.8599,27.6068],[92.8437,27.6078],[92.842,27.6069]]]},"properties":{"id":"in:subdistrict:1586","level":"subdistrict","name":"Bameng ADC","code":1586,"parent":"in:district:231","state":"in:state:12"}},{"type":"Feature","geometry":{"type":"Polygon","coordinates":[[[93.2193,27.653],[93.2058,27.6424],[93.1758,27.631],[93.1408,27.6224],[93.1066,27.6082],[93.0804,27.5911],[93.078,27.5896],[93.0759,27.5782],[93.0752,27.5667],[93.0652,27.5568],[93.048,27.5518],[93.0382,27.5511],[93.0366,27.551],[93.038,27.5111],[93.0352,27.4975],[93.0359,27.4718],[93.0263,27.4629],[93.0333,27.4554],[93.0462,27.4454],[93.0609,27.4364],[93.0876,27.434],[93.1067,27.4321],[93.1136,27.4474],[93.1075,27.457],[93.1082,27.4641],[93.1157,27.4806],[93.125,27.4966],[93.1386,27.5009],[93.1646,27.5052],[93.191,27.5145],[93.1989,27.5384],[93.2253,27.5223],[93.2348,27.544],[93.2515,27.5535],[93.3147,27.5665],[93.3116,27.567],[93.3062,27.5724],[93.3027,27.5747],[93.2984,27.5789],[93.2847,27.5774],[93.2807,27.5791],[93.2816,27.582],[93.2849,27.5872],[93.2811,27.5894],[93.2728,27.5927],[93.2695,27.5952],[93.2664,27.5963],[93.2616,27.5948],[93.2569,27.5952],[93.2451,27.5996],[93.2418,27.6045],[93.23,27.6044],[93.2309,27.6076],[93.2345,27.6092],[93.2389,27.6148],[93.2373,27.6187],[93.2344,27.6221],[93.2349,27.6281],[93.2325,27.6291],[93.228,27.638],[93.2273,27.6414],[93.2283,27.6481],[93.2193,27.653]]]},"properties":{"id":"in:subdistrict:1587","level":"subdistrict","name":"Pipu Dipu Circle","code":1587,"parent":"in:district:231","state":"in:state:12"}},{"type":"Feature","geometry":{"type":"Polygon","coordinates":[[[93.1067,27.4321],[93.1171,27.4311],[93.1328,27.4221],[93.149,27.4102],[93.1656,27.3992],[93.187,27.4007],[93.2056,27.4126],[93.2313,27.4264],[93.2627,27.4345],[93.2875,27.4368],[93.3148,27.4422],[93.3151,27.4432],[93.3182,27.4466],[93.3202,27.4477],[93.3221,27.4507],[93.3243,27.4516],[93.3249,27.4586],[93.3268,27.4627],[93.3222,27.4682],[93.3214,27.474],[93.3196,27.4779],[93.3191,27.4837],[93.3199,27.4893],[93.3159,27.4918],[93.3164,27.4944],[93.3148,27.4957],[93.3123,27.5038],[93.3108,27.5056],[93.307,27.5051],[93.305,27.5079],[93.3028,27.5142],[93.3002,27.5195],[93.2966,27.5205],[93.2946,27.523],[93.2992,27.5262],[93.3056,27.5277],[93.3108,27.5301],[93.3162,27.5338],[93.3178,27.5362],[93.3189,27.5441],[93.3226,27.5478],[93.328,27.5482],[93.3308,27.552],[93.3301,27.5545],[93.3275,27.5574],[93.3257,27.5616],[93.3216,27.5655],[93.3147,27.5665],[93.2515,27.5535],[93.2348,27.544],[93.2253,27.5223],[93.1989,27.5384],[93.191,27.5145],[93.1646,27.5052],[93.1386,27.5009],[93.125,27.4966],[93.1157,27.4806],[93.1082,27.4641],[93.1075,27.457],[93.1136,27.4474],[93.1067,27.4321]]]},"properties":{"id":"in:subdistrict:1588","level":"subdistrict","name":"Gyawe Purang Circle","code":1588,"parent":"in:district:231","state":"in:state:12"}},{"type":"Feature","geometry":{"type":"Polygon","coordinates":[[[92.9891,27.1702],[92.9984,27.1761],[92.9984,27.1793],[93.0001,27.1831],[93.0048,27.1897],[93.0053,27.1916],[93.0008,27.1963],[92.9967,27.1978],[92.9927,27.2012],[92.9927,27.2055],[92.9886,27.208],[92.9825,27.2094],[92.9814,27.2119],[92.9818,27.2201],[92.9871,27.228],[92.9871,27.2314],[92.9859,27.2355],[92.9826,27.2385],[92.9821,27.2439],[92.9809,27.2475],[92.9788,27.2487],[92.9739,27.2497],[92.969,27.2597],[92.968,27.261],[92.9715,27.2638],[92.9767,27.2705],[92.9861,27.2767],[92.9958,27.2774],[93.0012,27.2771],[93.0053,27.274],[93.0081,27.2733],[93.0126,27.2751],[93.0155,27.2777],[93.0197,27.2839],[93.0234,27.2856],[93.0304,27.2857],[93.0369,27.2887],[93.0408,27.2932],[93.0475,27.2949],[93.0519,27.2986],[93.0581,27.2987],[93.0643,27.3008],[93.0711,27.3043],[93.0851,27.3132],[93.0882,27.3164],[93.0923,27.3217],[93.0999,27.3286],[93.1031,27.332],[93.1055,27.3367],[93.1047,27.3418],[93.1086,27.3453],[93.1091,27.3489],[93.1138,27.352],[93.1162,27.3545],[93.1181,27.3613],[93.1217,27.365],[93.1275,27.3687],[93.132,27.373],[93.134,27.374],[93.1411,27.3737],[93.153,27.3694],[93.1611,27.3675],[93.1649,27.3675],[93.1699,27.3692],[93.1722,27.3709],[93.1783,27.3794],[93.1812,27.3822],[93.1865,27.3833],[93.191,27.3822],[93.1987,27.379],[93.2018,27.38],[93.2022,27.3834],[93.1996,27.3875],[93.1993,27.3896],[93.2045,27.39],[93.2078,27.387],[93.2127,27.3843],[93.2144,27.3818],[93.2207,27.3791],[93.2211,27.3768],[93.2188,27.3728],[93.2196,27.369],[93.2159,27.3608],[93.2113,27.3535],[93.212,27.3505],[93.2193,27.3502],[93.2257,27.3453],[93.2302,27.3443],[93.2353,27.3451],[93.2421,27.3441],[93.2467,27.342],[93.2488,27.3392],[93.2489,27.335],[93.2523,27.3315],[93.2573,27.3315],[93.2623,27.3306],[93.2699,27.3278],[93.2764,27.3284],[93.2797,27.327],[93.2855,27.326],[93.2909,27.3238],[93.2895,27.3293],[93.2955,27.3311],[93.3001,27.3343],[93.3048,27.3427],[93.3119,27.3469],[93.3155,27.3476],[93.322,27.3524],[93.3281,27.3544],[93.3376,27.356],[93.3394,27.3551],[93.3422,27.3577],[93.3575,27.3647],[93.363,27.3664],[93.3719,27.3713],[93.368,27.3794],[93.3728,27.3869],[93.3726,27.388],[93.3719,27.3937],[93.3687,27.4017],[93.3687,27.4098],[93.3697,27.4118],[93.3681,27.4164],[93.3633,27.4205],[93.3617,27.4219],[93.3513,27.4251],[93.3429,27.4319],[93.3382,27.433],[93.3318,27.4429],[93.3283,27.4438],[93.3203,27.4414],[93.3151,27.4432],[93.3148,27.4422],[93.2875,27.4368],[93.2627,27.4345],[93.2313,27.4264],[93.2056,27.4126],[93.187,27.4007],[93.1656,27.3992],[93.149,27.4102],[93.1328,27.4221],[93.1171,27.4311],[93.1067,27.4321],[93.0876,27.434],[93.0609,27.4364],[93.0462,27.4454],[93.0333,27.4554],[93.0263,27.4629],[93.02,27.4697],[92.9924,27.4621],[92.9743,27.4506],[92.961,27.4383],[92.9439,27.424],[92.9239,27.4154],[92.9035,27.3913],[92.9035,27.3722],[92.9214,27.3425],[92.919,27.3234],[92.9238,27.3151],[92.9273,27.3044],[92.9238,27.2937],[92.9131,27.2818],[92.9083,27.2747],[92.8994,27.2687],[92.9012,27.2342],[92.9,27.2229],[92.894,27.2134],[92.8791,27.1967],[92.8548,27.1825],[92.8435,27.1724],[92.8269,27.163],[92.8286,27.1616],[92.8303,27.1568],[92.8377,27.16],[92.8406,27.1593],[92.8446,27.1619],[92.8488,27.1604],[92.8567,27.1588],[92.8578,27.1561],[92.8607,27.1545],[92.8659,27.1556],[92.873,27.1503],[92.8776,27.1525],[92.8855,27.1508],[92.8928,27.1529],[92.8966,27.1563],[92.9034,27.1594],[92.9113,27.166],[92.9199,27.1701],[92.9225,27.17],[92.9262,27.1725],[92.9364,27.1776],[92.9432,27.1783],[92.948,27.176],[92.9525,27.1749],[92.9585,27.1745],[92.9653,27.176],[92.9695,27.1751],[92.9735,27.1727],[92.9824,27.1725],[92.9891,27.1702]]]},"properties":{"id":"in:subdistrict:1584","level":"subdistrict","name":"Seppa HQ","code":1584,"parent":"in:district:231","state":"in:state:12"}},{"type":"Feature","geometry":{"type":"Polygon","coordinates":[[[93.1171,27.0554],[93.1228,27.0702],[93.1371,27.1102],[93.138,27.1511],[93.1361,27.1739],[93.1085,27.192],[93.1684,27.243],[93.1874,27.2687],[93.2141,27.2982],[93.2284,27.3239],[93.2909,27.3231],[93.2909,27.3234],[93.2909,27.3238],[93.2855,27.326],[93.2797,27.327],[93.2764,27.3284],[93.2699,27.3278],[93.2623,27.3306],[93.2573,27.3315],[93.2523,27.3315],[93.2489,27.335],[93.2488,27.3392],[93.2467,27.342],[93.2421,27.3441],[93.2353,27.3451],[93.2302,27.3443],[93.2257,27.3453],[93.2193,27.3502],[93.212,27.3505],[93.2113,27.3535],[93.2159,27.3608],[93.2196,27.369],[93.2188,27.3728],[93.2211,27.3768],[93.2207,27.3791],[93.2144,27.3818],[93.2127,27.3843],[93.2078,27.387],[93.2045,27.39],[93.1993,27.3896],[93.1996,27.3875],[93.2022,27.3834],[93.2018,27.38],[93.1987,27.379],[93.191,27.3822],[93.1865,27.3833],[93.1812,27.3822],[93.1783,27.3794],[93.1722,27.3709],[93.1699,27.3692],[93.1649,27.3675],[93.1611,27.3675],[93.153,27.3694],[93.1411,27.3737],[93.134,27.374],[93.132,27.373],[93.1275,27.3687],[93.1217,27.365],[93.1181,27.3613],[93.1162,27.3545],[93.1138,27.352],[93.1091,27.3489],[93.1086,27.3453],[93.1047,27.3418],[93.1055,27.3367],[93.1031,27.332],[93.0999,27.3286],[93.0923,27.3217],[93.0882,27.3164],[93.0851,27.3132],[93.0711,27.3043],[93.0643,27.3008],[93.0581,27.2987],[93.0519,27.2986],[93.0475,27.2949],[93.0408,27.2932],[93.0369,27.2887],[93.0304,27.2857],[93.0234,27.2856],[93.0197,27.2839],[93.0155,27.2777],[93.0126,27.2751],[93.0081,27.2733],[93.0053,27.274],[93.0012,27.2771],[92.9958,27.2774],[92.9861,27.2767],[92.9767,27.2705],[92.9715,27.2638],[92.968,27.261],[92.969,27.2597],[92.9739,27.2497],[92.9788,27.2487],[92.9809,27.2475],[92.9821,27.2439],[92.9826,27.2385],[92.9859,27.2355],[92.9871,27.2314],[92.9871,27.228],[92.9818,27.2201],[92.9814,27.2119],[92.9825,27.2094],[92.9886,27.208],[92.9927,27.2055],[92.9927,27.2012],[92.9967,27.1978],[93.0008,27.1963],[93.0053,27.1916],[93.0048,27.1897],[93.0001,27.1831],[92.9984,27.1793],[92.9984,27.1761],[92.9891,27.1702],[92.9923,27.1688],[92.9943,27.1662],[92.9908,27.1598],[92.9887,27.1544],[92.9892,27.1533],[93.0047,27.146],[93.0133,27.1108],[93.0323,27.0858],[93.0537,27.0739],[93.0823,27.0679],[93.1171,27.0554]]]},"properties":{"id":"in:subdistrict:6100","level":"subdistrict","name":"Pizirang Veo Circle","code":6100,"parent":"in:district:723","state":"in:state:12"}},{"type":"Feature","geometry":{"type":"Polygon","coordinates":[[[93.3398,27.0073],[93.3441,27.0108],[93.3436,27.0137],[93.3408,27.0166],[93.3428,27.0239],[93.3401,27.0322],[93.3425,27.0366],[93.3421,27.0397],[93.3387,27.0401],[93.3367,27.0452],[93.3292,27.0582],[93.3229,27.0619],[93.319,27.0703],[93.3125,27.0793],[93.3068,27.0778],[93.3042,27.0792],[93.2994,27.0761],[93.2961,27.0763],[93.2931,27.0778],[93.2869,27.0851],[93.2856,27.0854],[93.283,27.0922],[93.2781,27.0967],[93.272,27.1035],[93.2593,27.1081],[93.2563,27.1081],[93.2424,27.1114],[93.2329,27.1096],[93.2294,27.1096],[93.2204,27.114],[93.2155,27.1142],[93.2129,27.1166],[93.2107,27.1309],[93.2127,27.1356],[93.2161,27.1388],[93.2251,27.1394],[93.2289,27.1406],[93.2366,27.1459],[93.2449,27.1541],[93.25,27.1549],[93.2621,27.1544],[93.2701,27.1538],[93.2724,27.1549],[93.2734,27.1577],[93.2785,27.1604],[93.282,27.1611],[93.2832,27.163],[93.2914,27.1624],[93.2943,27.1633],[93.3094,27.1723],[93.309,27.1736],[93.3043,27.1755],[93.3018,27.1787],[93.2997,27.1797],[93.3006,27.1828],[93.2999,27.1869],[93.2899,27.1935],[93.2852,27.1989],[93.2826,27.1998],[93.2791,27.2076],[93.273,27.2111],[93.2644,27.2108],[93.2547,27.2068],[93.2488,27.2026],[93.2351,27.2006],[93.2287,27.1986],[93.2261,27.1995],[93.2212,27.2035],[93.2201,27.2082],[93.2207,27.2117],[93.2199,27.2155],[93.2218,27.2187],[93.2258,27.2229],[93.2224,27.2283],[93.2244,27.2329],[93.2245,27.2369],[93.2285,27.2363],[93.23,27.2394],[93.2334,27.2389],[93.2317,27.244],[93.2251,27.2506],[93.2305,27.2547],[93.2335,27.2553],[93.2428,27.2618],[93.2451,27.2646],[93.2513,27.2662],[93.2535,27.2715],[93.2579,27.2746],[93.2641,27.2764],[93.2694,27.2768],[93.2725,27.2795],[93.2769,27.2809],[93.2809,27.2835],[93.2878,27.2853],[93.2944,27.2905],[93.2933,27.3001],[93.2945,27.3028],[93.2928,27.3056],[93.2948,27.3064],[93.2947,27.3121],[93.2917,27.3138],[93.2909,27.3234],[93.2909,27.3231],[93.2284,27.3239],[93.2141,27.2982],[93.1874,27.2687],[93.1684,27.243],[93.1085,27.192],[93.1361,27.1739],[93.138,27.1511],[93.1371,27.1102],[93.1228,27.0702],[93.1171,27.0554],[93.1429,27.0501],[93.1655,27.0394],[93.1798,27.0334],[93.1917,27.0025],[93.206,26.9942],[93.2298,26.9966],[93.2476,26.993],[93.2631,26.9882],[93.2738,26.9882],[93.3,27.0013],[93.3119,27.0049],[93.3393,27.0069],[93.3398,27.0073]]]},"properties":{"id":"in:subdistrict:1581","level":"subdistrict","name":"Pakke Kessang EAC","code":1581,"parent":"in:district:723","state":"in:state:12"}},{"type":"Feature","geometry":{"type":"Polygon","coordinates":[[[93.6291,27.2999],[93.6251,27.3003],[93.6224,27.3015],[93.6203,27.3061],[93.62,27.3096],[93.6211,27.312],[93.6185,27.3139],[93.6179,27.316],[93.6146,27.3164],[93.6127,27.3202],[93.6094,27.3226],[93.607,27.3222],[93.6028,27.3261],[93.5994,27.3265],[93.5954,27.3255],[93.594,27.3269],[93.5897,27.3268],[93.5853,27.3324],[93.5841,27.3355],[93.5846,27.3383],[93.5908,27.3447],[93.5944,27.3442],[93.5966,27.3492],[93.5937,27.3519],[93.5899,27.3533],[93.5883,27.355],[93.5881,27.3626],[93.5868,27.3658],[93.5836,27.3682],[93.581,27.3734],[93.581,27.3777],[93.5353,27.3709],[93.5232,27.3552],[93.5158,27.3449],[93.5198,27.3416],[93.5191,27.3363],[93.518,27.334],[93.5143,27.3329],[93.5095,27.3342],[93.5101,27.33],[93.5073,27.3277],[93.5052,27.3282],[93.5032,27.3315],[93.4983,27.3356],[93.494,27.3423],[93.4868,27.3423],[93.4597,27.3295],[93.4397,27.3224],[93.439,27.3225],[93.4412,27.3075],[93.4585,27.2861],[93.4133,27.2783],[93.4192,27.2557],[93.4133,27.2367],[93.4163,27.1986],[93.4098,27.1857],[93.4362,27.1764],[93.4705,27.1757],[93.4941,27.1721],[93.4949,27.1723],[93.5212,27.1785],[93.5326,27.1849],[93.5519,27.1849],[93.5424,27.1849],[93.559,27.2052],[93.5769,27.2123],[93.5923,27.2301],[93.6179,27.2581],[93.6286,27.2712],[93.6291,27.2999]]]},"properties":{"id":"in:subdistrict:1601","level":"subdistrict","name":"Sagalee ADC","code":1601,"parent":"in:district:237","state":"in:state:12"}},{"type":"Feature","geometry":{"type":"Polygon","coordinates":[[[93.2909,27.3238],[93.2909,27.3234],[93.2917,27.3138],[93.2947,27.3121],[93.2948,27.3064],[93.2928,27.3056],[93.2945,27.3028],[93.2933,27.3001],[93.2944,27.2905],[93.2878,27.2853],[93.2809,27.2835],[93.2769,27.2809],[93.2725,27.2795],[93.2694,27.2768],[93.2641,27.2764],[93.2579,27.2746],[93.2535,27.2715],[93.2513,27.2662],[93.2451,27.2646],[93.2428,27.2618],[93.2335,27.2553],[93.2305,27.2547],[93.2251,27.2506],[93.2317,27.244],[93.2334,27.2389],[93.23,27.2394],[93.2285,27.2363],[93.2245,27.2369],[93.2244,27.2329],[93.2224,27.2283],[93.2258,27.2229],[93.2218,27.2187],[93.2199,27.2155],[93.2207,27.2117],[93.2201,27.2082],[93.2212,27.2035],[93.2261,27.1995],[93.2287,27.1986],[93.2351,27.2006],[93.2488,27.2026],[93.2547,27.2068],[93.2644,27.2108],[93.273,27.2111],[93.2791,27.2076],[93.2826,27.1998],[93.2852,27.1989],[93.2899,27.1935],[93.2999,27.1869],[93.3006,27.1828],[93.2997,27.1797],[93.3018,27.1787],[93.3043,27.1755],[93.342,27.1692],[93.3677,27.1742],[93.3984,27.1821],[93.4098,27.1857],[93.4163,27.1986],[93.4133,27.2367],[93.4192,27.2557],[93.4133,27.2783],[93.4585,27.2861],[93.4412,27.3075],[93.439,27.3225],[93.4161,27.3273],[93.3997,27.3359],[93.3997,27.3609],[93.3819,27.3616],[93.3819,27.373],[93.3726,27.388],[93.3728,27.3869],[93.368,27.3794],[93.3719,27.3713],[93.363,27.3664],[93.3575,27.3647],[93.3422,27.3577],[93.3394,27.3551],[93.3376,27.356],[93.3281,27.3544],[93.322,27.3524],[93.3155,27.3476],[93.3119,27.3469],[93.3048,27.3427],[93.3001,27.3343],[93.2955,27.3311],[93.2895,27.3293],[93.2909,27.3238]]]},"properties":{"id":"in:subdistrict:1603","level":"subdistrict","name":"Leporiang Circle","code":1603,"parent":"in:district:237","state":"in:state:12"}},{"type":"Feature","geometry":{"type":"Polygon","coordinates":[[[93.2695,27.5952],[93.2728,27.5927],[93.2811,27.5894],[93.2849,27.5872],[93.2816,27.582],[93.2807,27.5791],[93.2847,27.5774],[93.2984,27.5789],[93.3027,27.5747],[93.3062,27.5724],[93.3116,27.567],[93.3147,27.5665],[93.3216,27.5655],[93.3257,27.5616],[93.3275,27.5574],[93.3301,27.5545],[93.3308,27.552],[93.328,27.5482],[93.3226,27.5478],[93.3189,27.5441],[93.3178,27.5362],[93.3162,27.5338],[93.3108,27.5301],[93.3056,27.5277],[93.2992,27.5262],[93.2946,27.523],[93.2966,27.5205],[93.3002,27.5195],[93.3028,27.5142],[93.305,27.5079],[93.307,27.5051],[93.3108,27.5056],[93.3123,27.5038],[93.3148,27.4957],[93.3164,27.4944],[93.3159,27.4918],[93.3199,27.4893],[93.3191,27.4837],[93.3196,27.4779],[93.3214,27.474],[93.3222,27.4682],[93.3268,27.4627],[93.3249,27.4586],[93.3243,27.4516],[93.3221,27.4507],[93.3202,27.4477],[93.3182,27.4466],[93.3151,27.4432],[93.3203,27.4414],[93.3283,27.4438],[93.3318,27.4429],[93.3382,27.433],[93.3429,27.4319],[93.3513,27.4251],[93.3617,27.4219],[93.3633,27.4205],[93.365,27.4197],[93.3819,27.4387],[93.4009,27.4458],[93.4235,27.4482],[93.4378,27.4458],[93.4485,27.4387],[93.4628,27.4304],[93.4854,27.4197],[93.4985,27.4102],[93.5139,27.4054],[93.5342,27.4102],[93.5508,27.4137],[93.5608,27.4211],[93.5658,27.4234],[93.5657,27.4254],[93.5693,27.4304],[93.5714,27.4314],[93.5725,27.4352],[93.575,27.436],[93.5753,27.4381],[93.5784,27.44],[93.5832,27.4391],[93.5845,27.4414],[93.5869,27.4422],[93.585,27.4449],[93.5864,27.4462],[93.59,27.4464],[93.5908,27.4479],[93.5963,27.4503],[93.5978,27.4495],[93.6018,27.451],[93.606,27.4484],[93.6076,27.4501],[93.6119,27.4507],[93.6144,27.4556],[93.6176,27.4565],[93.6177,27.4591],[93.6215,27.4605],[93.6234,27.4647],[93.6189,27.4667],[93.6136,27.4659],[93.6103,27.4669],[93.6018,27.4663],[93.5986,27.4635],[93.596,27.4655],[93.5894,27.4637],[93.5783,27.469],[93.5742,27.4724],[93.5706,27.4736],[93.5695,27.4762],[93.573,27.4794],[93.5732,27.4833],[93.5812,27.4923],[93.5842,27.494],[93.5854,27.4965],[93.5821,27.5025],[93.5835,27.5105],[93.5854,27.5138],[93.5802,27.5208],[93.5758,27.5246],[93.5673,27.529],[93.5678,27.5335],[93.5669,27.5374],[93.5612,27.5428],[93.5604,27.5486],[93.5545,27.5535],[93.5545,27.5584],[93.5526,27.5589],[93.5525,27.5624],[93.5449,27.5637],[93.5422,27.5678],[93.5381,27.5681],[93.5347,27.5738],[93.5335,27.5742],[93.5336,27.5795],[93.5315,27.5831],[93.531,27.5864],[93.534,27.5928],[93.5328,27.5981],[93.5282,27.6039],[93.5273,27.6081],[93.5241,27.6107],[93.5126,27.6139],[93.5092,27.6153],[93.5057,27.6154],[93.4966,27.6104],[93.4895,27.6091],[93.4874,27.6097],[93.4849,27.6083],[93.4792,27.6081],[93.4755,27.6045],[93.4681,27.6043],[93.4662,27.6055],[93.4656,27.6089],[93.4638,27.6121],[93.4609,27.6145],[93.455,27.6155],[93.4524,27.6167],[93.4493,27.6199],[93.4469,27.6237],[93.4407,27.623],[93.435,27.6264],[93.4304,27.6305],[93.4261,27.6305],[93.4222,27.6278],[93.4163,27.6287],[93.4134,27.6308],[93.4108,27.6296],[93.4066,27.6297],[93.4055,27.6276],[93.3966,27.6246],[93.3909,27.6236],[93.3848,27.6217],[93.379,27.6208],[93.3736,27.624],[93.3652,27.6262],[93.3606,27.6286],[93.3593,27.6309],[93.3548,27.6296],[93.3488,27.6299],[93.3436,27.6315],[93.3408,27.6332],[93.3355,27.6316],[93.3311,27.6316],[93.3296,27.6294],[93.3172,27.626],[93.3125,27.6213],[93.3036,27.6188],[93.2999,27.6159],[93.2974,27.6128],[93.2941,27.6119],[93.2922,27.608],[93.29,27.6075],[93.2823,27.5993],[93.2787,27.6005],[93.2771,27.5979],[93.2719,27.5947],[93.2695,27.5952]]]},"properties":{"id":"in:subdistrict:1604","level":"subdistrict","name":"Mengio EAC","code":1604,"parent":"in:district:237","state":"in:state:12"}},{"type":"Feature","geometry":{"type":"Polygon","coordinates":[[[93.3726,27.388],[93.3819,27.373],[93.3819,27.3616],[93.3997,27.3609],[93.3997,27.3359],[93.4161,27.3273],[93.439,27.3225],[93.4397,27.3224],[93.4597,27.3295],[93.4868,27.3423],[93.494,27.3423],[93.4983,27.3356],[93.5032,27.3315],[93.5052,27.3282],[93.5073,27.3277],[93.5101,27.33],[93.5095,27.3342],[93.5143,27.3329],[93.518,27.334],[93.5191,27.3363],[93.5198,27.3416],[93.5158,27.3449],[93.5232,27.3552],[93.5353,27.3709],[93.581,27.3777],[93.5758,27.3834],[93.5751,27.3935],[93.568,27.3904],[93.5642,27.388],[93.561,27.3892],[93.5593,27.3937],[93.5548,27.3962],[93.551,27.4026],[93.5551,27.4071],[93.5569,27.411],[93.5602,27.415],[93.5608,27.4211],[93.5508,27.4137],[93.5342,27.4102],[93.5139,27.4054],[93.4985,27.4102],[93.4854,27.4197],[93.4628,27.4304],[93.4485,27.4387],[93.4378,27.4458],[93.4235,27.4482],[93.4009,27.4458],[93.3819,27.4387],[93.365,27.4197],[93.3633,27.4205],[93.3681,27.4164],[93.3697,27.4118],[93.3687,27.4098],[93.3687,27.4017],[93.3719,27.3937],[93.3726,27.388]]]},"properties":{"id":"in:subdistrict:1602","level":"subdistrict","name":"Parang Circle","code":1602,"parent":"in:district:237","state":"in:state:12"}},{"type":"Feature","geometry":{"type":"Polygon","coordinates":[[[93.9149,27.4786],[93.8902,27.4918],[93.855,27.5097],[93.8486,27.529],[93.8278,27.5518],[93.8179,27.579],[93.7986,27.5954],[93.7857,27.6282],[93.7786,27.6439],[93.7643,27.6653],[93.7458,27.6625],[93.7233,27.6731],[93.7159,27.681],[93.7144,27.6807],[93.7129,27.6775],[93.7064,27.6693],[93.7002,27.6697],[93.6917,27.6689],[93.6892,27.6681],[93.6845,27.6694],[93.6809,27.6686],[93.677,27.666],[93.6766,27.6629],[93.6718,27.6602],[93.6616,27.6464],[93.6587,27.6474],[93.6474,27.646],[93.645,27.6462],[93.6413,27.6428],[93.6371,27.6408],[93.6326,27.6378],[93.623,27.6323],[93.6199,27.628],[93.6125,27.6282],[93.6057,27.6172],[93.6023,27.6165],[93.6,27.6147],[93.5987,27.6115],[93.5961,27.6117],[93.5934,27.6102],[93.5847,27.6078],[93.584,27.606],[93.5765,27.6032],[93.5681,27.5994],[93.5639,27.6026],[93.5584,27.6034],[93.5552,27.6033],[93.5469,27.5977],[93.5328,27.5981],[93.534,27.5928],[93.531,27.5864],[93.5315,27.5831],[93.5336,27.5795],[93.5335,27.5742],[93.5347,27.5738],[93.5381,27.5681],[93.5422,27.5678],[93.5449,27.5637],[93.5525,27.5624],[93.5526,27.5589],[93.5545,27.5584],[93.5545,27.5535],[93.5604,27.5486],[93.5612,27.5428],[93.5669,27.5374],[93.5678,27.5335],[93.5673,27.529],[93.5758,27.5246],[93.5802,27.5208],[93.5854,27.5138],[93.5835,27.5105],[93.5821,27.5025],[93.5854,27.4965],[93.5842,27.494],[93.5812,27.4923],[93.5732,27.4833],[93.573,27.4794],[93.5695,27.4762],[93.5706,27.4736],[93.5962,27.489],[93.6074,27.4937],[93.6076,27.4945],[93.6314,27.4816],[93.6593,27.4816],[93.6892,27.5009],[93.7257,27.4863],[93.7417,27.4902],[93.7613,27.4699],[93.7724,27.457],[93.7931,27.4663],[93.8074,27.4745],[93.8209,27.4699],[93.8327,27.4934],[93.8645,27.4736],[93.8756,27.4584],[93.8822,27.4575],[93.8872,27.4606],[93.8899,27.4602],[93.8946,27.4613],[93.9036,27.465],[93.9069,27.4701],[93.9108,27.4733],[93.9124,27.4768],[93.9149,27.4786]]]},"properties":{"id":"in:subdistrict:6119","level":"subdistrict","name":"Pistana Circle","code":6119,"parent":"in:district:236","state":"in:state:12"}},{"type":"Feature","geometry":{"type":"Polygon","coordinates":[[[93.8756,27.4584],[93.8645,27.4736],[93.8327,27.4934],[93.8209,27.4699],[93.8074,27.4745],[93.7931,27.4663],[93.7724,27.457],[93.7613,27.4699],[93.7417,27.4902],[93.7257,27.4863],[93.6892,27.5009],[93.6593,27.4816],[93.6314,27.4816],[93.6076,27.4945],[93.6074,27.4937],[93.5962,27.489],[93.5706,27.4736],[93.5742,27.4724],[93.5783,27.469],[93.5894,27.4637],[93.596,27.4655],[93.5986,27.4635],[93.6018,27.4663],[93.6103,27.4669],[93.6136,27.4659],[93.6189,27.4667],[93.6234,27.4647],[93.6215,27.4605],[93.6177,27.4591],[93.6176,27.4565],[93.6144,27.4556],[93.6119,27.4507],[93.6076,27.4501],[93.606,27.4484],[93.6018,27.451],[93.5978,27.4495],[93.5963,27.4503],[93.5908,27.4479],[93.59,27.4464],[93.5864,27.4462],[93.585,27.4449],[93.5869,27.4422],[93.5845,27.4414],[93.5832,27.4391],[93.5784,27.44],[93.5753,27.4381],[93.575,27.436],[93.5725,27.4352],[93.5714,27.4314],[93.5693,27.4304],[93.5657,27.4254],[93.5658,27.4234],[93.5608,27.4211],[93.5602,27.415],[93.5569,27.411],[93.5551,27.4071],[93.551,27.4026],[93.5548,27.3962],[93.5593,27.3937],[93.561,27.3892],[93.5642,27.388],[93.568,27.3904],[93.5751,27.3935],[93.5758,27.3834],[93.581,27.3777],[93.581,27.3734],[93.5836,27.3682],[93.5868,27.3658],[93.5881,27.3626],[93.5883,27.355],[93.5899,27.3533],[93.5937,27.3519],[93.5966,27.3492],[93.5944,27.3442],[93.5908,27.3447],[93.5846,27.3383],[93.5841,27.3355],[93.5853,27.3324],[93.5897,27.3268],[93.594,27.3269],[93.5954,27.3255],[93.5994,27.3265],[93.6028,27.3261],[93.607,27.3222],[93.6094,27.3226],[93.6127,27.3202],[93.6146,27.3164],[93.6179,27.316],[93.6185,27.3139],[93.6211,27.312],[93.62,27.3096],[93.6203,27.3061],[93.6224,27.3015],[93.6251,27.3003],[93.6291,27.2999],[93.6322,27.2973],[93.6359,27.2961],[93.6379,27.2931],[93.6414,27.2934],[93.6477,27.2915],[93.6518,27.2947],[93.6601,27.2968],[93.672,27.3007],[93.6791,27.3019],[93.6861,27.3062],[93.6939,27.3035],[93.6987,27.3065],[93.7034,27.3012],[93.7099,27.298],[93.7177,27.2972],[93.7206,27.2995],[93.7234,27.3003],[93.7281,27.3047],[93.7313,27.3055],[93.7424,27.3104],[93.7467,27.3099],[93.7498,27.3079],[93.7597,27.3029],[93.7639,27.2976],[93.769,27.2954],[93.7758,27.2964],[93.7778,27.3004],[93.7833,27.3024],[93.784,27.3056],[93.7881,27.3073],[93.7913,27.3115],[93.7981,27.3147],[93.7992,27.3179],[93.803,27.3187],[93.8052,27.3219],[93.808,27.3226],[93.8161,27.3268],[93.8188,27.329],[93.8244,27.325],[93.8295,27.3226],[93.8334,27.3241],[93.8411,27.3292],[93.8483,27.3337],[93.8462,27.3381],[93.8466,27.3429],[93.8491,27.3486],[93.8465,27.3511],[93.8391,27.3537],[93.8383,27.3558],[93.832,27.3566],[93.8284,27.3609],[93.8263,27.3656],[93.8252,27.3769],[93.8221,27.3785],[93.8189,27.3814],[93.8139,27.3829],[93.815,27.3915],[93.8199,27.3989],[93.8222,27.4014],[93.8247,27.4012],[93.8286,27.4078],[93.8344,27.4135],[93.8344,27.4172],[93.8364,27.4213],[93.8424,27.4273],[93.8531,27.434],[93.8564,27.4334],[93.863,27.4369],[93.8689,27.4424],[93.8727,27.445],[93.8739,27.4517],[93.8721,27.454],[93.8756,27.4584]]]},"properties":{"id":"in:subdistrict:1698","level":"subdistrict","name":"Yazali Circle","code":1698,"parent":"in:district:236","state":"in:state:12"}},{"type":"Feature","geometry":{"type":"Polygon","coordinates":[[[93.8411,27.3292],[93.8334,27.3241],[93.8295,27.3226],[93.8244,27.325],[93.8188,27.329],[93.8161,27.3268],[93.808,27.3226],[93.8052,27.3219],[93.803,27.3187],[93.7992,27.3179],[93.7981,27.3147],[93.7913,27.3115],[93.7881,27.3073],[93.784,27.3056],[93.7833,27.3024],[93.7778,27.3004],[93.7758,27.2964],[93.769,27.2954],[93.7639,27.2976],[93.7597,27.3029],[93.7498,27.3079],[93.7467,27.3099],[93.7424,27.3104],[93.7313,27.3055],[93.7281,27.3047],[93.7234,27.3003],[93.7206,27.2995],[93.7177,27.2972],[93.7099,27.298],[93.7034,27.3012],[93.6987,27.3065],[93.6939,27.3035],[93.6861,27.3062],[93.6791,27.3019],[93.672,27.3007],[93.6601,27.2968],[93.6518,27.2947],[93.6477,27.2915],[93.6414,27.2934],[93.6379,27.2931],[93.6359,27.2961],[93.6322,27.2973],[93.6291,27.2999],[93.6286,27.2712],[93.6179,27.2581],[93.5923,27.2301],[93.5769,27.2123],[93.559,27.2052],[93.5424,27.1849],[93.5519,27.1849],[93.5769,27.1807],[93.5786,27.1807],[93.5969,27.1807],[93.6083,27.1814],[93.6247,27.1864],[93.6318,27.1899],[93.639,27.1906],[93.6482,27.1878],[93.6582,27.1807],[93.6732,27.1757],[93.6818,27.1749],[93.6913,27.1797],[93.6961,27.1821],[93.7082,27.1949],[93.725,27.2117],[93.7482,27.22],[93.7637,27.2206],[93.791,27.2254],[93.8047,27.2272],[93.8299,27.2379],[93.8299,27.2419],[93.8399,27.2548],[93.8699,27.289],[93.887,27.3019],[93.8927,27.3076],[93.8585,27.3176],[93.8413,27.3262],[93.8411,27.3292]]]},"properties":{"id":"in:subdistrict:1600","level":"subdistrict","name":"Toru Circle","code":1600,"parent":"in:district:237","state":"in:state:12"}},{"type":"Feature","geometry":{"type":"Polygon","coordinates":[[[93.7959,27.1323],[93.7893,27.1246],[93.7775,27.1264],[93.7685,27.1282],[93.7632,27.1282],[93.7477,27.1222],[93.7378,27.1344],[93.718,27.1324],[93.7025,27.1425],[93.6977,27.1556],[93.6918,27.1728],[93.6913,27.1797],[93.6818,27.1749],[93.6732,27.1757],[93.6582,27.1807],[93.6482,27.1878],[93.639,27.1906],[93.6318,27.1899],[93.6247,27.1864],[93.6083,27.1814],[93.5969,27.1807],[93.5786,27.1807],[93.5871,27.1722],[93.596,27.1573],[93.6038,27.1329],[93.6109,27.108],[93.6145,27.1002],[93.6252,27.0979],[93.6472,27.0949],[93.6549,27.0943],[93.6662,27.0824],[93.6692,27.0729],[93.6781,27.0693],[93.6877,27.0607],[93.7059,27.0701],[93.7256,27.0844],[93.7347,27.0915],[93.7528,27.0962],[93.7918,27.1043],[93.8118,27.1076],[93.8263,27.1093],[93.8266,27.1121],[93.8251,27.1164],[93.8215,27.1217],[93.8188,27.1227],[93.815,27.1214],[93.8117,27.1219],[93.8095,27.125],[93.8129,27.1293],[93.8114,27.1313],[93.8064,27.1308],[93.8032,27.1328],[93.7996,27.1295],[93.7963,27.1295],[93.7959,27.1323]]]},"properties":{"id":"in:subdistrict:1596","level":"subdistrict","name":"Naharlagun EAC","code":1596,"parent":"in:district:237","state":"in:state:12"}},{"type":"Feature","geometry":{"type":"Polygon","coordinates":[[[93.8267,27.097],[93.8268,27.1009],[93.8256,27.1036],[93.8263,27.1093],[93.8118,27.1076],[93.7918,27.1043],[93.7528,27.0962],[93.7347,27.0915],[93.7256,27.0844],[93.7059,27.0701],[93.6877,27.0607],[93.6863,27.06],[93.6322,27.0446],[93.6231,27.0424],[93.6321,27.0229],[93.6428,27.0058],[93.6906,26.9865],[93.6937,26.989],[93.6978,26.9942],[93.7024,27.0009],[93.7089,27.0081],[93.715,27.0142],[93.7234,27.0208],[93.7314,27.0253],[93.7341,27.0262],[93.7435,27.0277],[93.7528,27.033],[93.7649,27.0381],[93.7676,27.0402],[93.7667,27.0529],[93.7684,27.0515],[93.7717,27.0538],[93.7729,27.0574],[93.776,27.0537],[93.7765,27.0506],[93.7791,27.0495],[93.7796,27.0581],[93.781,27.0586],[93.7811,27.0654],[93.783,27.0644],[93.7838,27.0515],[93.7894,27.0506],[93.7901,27.0525],[93.7938,27.0545],[93.7955,27.0569],[93.8002,27.0579],[93.7988,27.0624],[93.7958,27.0647],[93.793,27.0683],[93.7938,27.0723],[93.7954,27.072],[93.7972,27.0649],[93.8006,27.0623],[93.8034,27.0581],[93.8063,27.0596],[93.8114,27.0599],[93.8084,27.0659],[93.811,27.0672],[93.815,27.0615],[93.8189,27.0644],[93.8214,27.0646],[93.8218,27.0676],[93.8249,27.0677],[93.8274,27.0659],[93.8292,27.0668],[93.8357,27.0743],[93.8356,27.0782],[93.8335,27.0802],[93.8347,27.0854],[93.8315,27.0868],[93.8314,27.0909],[93.8267,27.097]]]},"properties":{"id":"in:subdistrict:x237-banderdawa","level":"subdistrict","name":"Banderdawa","code":0,"parent":"in:district:237","state":"in:state:12"}},{"type":"Feature","geometry":{"type":"Polygon","coordinates":[[[93.6231,27.0424],[93.5947,27.0356],[93.5745,27.0237],[93.5537,27.0196],[93.543,27.0273],[93.5388,27.038],[93.5037,27.0321],[93.4948,27.0434],[93.4781,27.0404],[93.4781,27.0154],[93.4736,27.015],[93.4793,27.0036],[93.4872,26.9893],[93.4879,26.9658],[93.505,26.9594],[93.51,26.9447],[93.5096,26.9445],[93.5154,26.9458],[93.5248,26.9485],[93.5345,26.9487],[93.541,26.949],[93.5449,26.9512],[93.5492,26.95],[93.5567,26.9512],[93.5597,26.9527],[93.5655,26.9518],[93.5716,26.9518],[93.5867,26.9505],[93.6147,26.9603],[93.6258,26.9623],[93.6275,26.9632],[93.6447,26.9647],[93.6574,26.9663],[93.6673,26.9695],[93.6757,26.9746],[93.6906,26.9865],[93.6428,27.0058],[93.6321,27.0229],[93.6231,27.0424]]]},"properties":{"id":"in:subdistrict:1592","level":"subdistrict","name":"Balijan ADC","code":1592,"parent":"in:district:237","state":"in:state:12"}},{"type":"Feature","geometry":{"type":"Polygon","coordinates":[[[93.4949,27.1723],[93.5031,27.1478],[93.5067,27.1328],[93.5224,27.115],[93.5345,27.0907],[93.5456,27.0804],[93.5491,27.0582],[93.5428,27.05],[93.5401,27.0409],[93.5388,27.038],[93.543,27.0273],[93.5537,27.0196],[93.5745,27.0237],[93.5947,27.0356],[93.6231,27.0424],[93.6322,27.0446],[93.6863,27.06],[93.6877,27.0607],[93.6781,27.0693],[93.6692,27.0729],[93.6662,27.0824],[93.6549,27.0943],[93.6472,27.0949],[93.6252,27.0979],[93.6145,27.1002],[93.6109,27.108],[93.6038,27.1329],[93.596,27.1573],[93.5871,27.1722],[93.5786,27.1807],[93.5769,27.1807],[93.5519,27.1849],[93.5326,27.1849],[93.5212,27.1785],[93.4949,27.1723]]]},"properties":{"id":"in:subdistrict:6604","level":"subdistrict","name":"Itanagar EAC","code":6604,"parent":"in:district:237","state":"in:state:12"}},{"type":"Feature","geometry":{"type":"Polygon","coordinates":[[[93.3872,26.9694],[93.3886,26.9695],[93.4079,27.0011],[93.4377,27.0291],[93.4567,27.0136],[93.4736,27.015],[93.4781,27.0154],[93.4781,27.0404],[93.4948,27.0434],[93.5037,27.0321],[93.5388,27.038],[93.5401,27.0409],[93.5428,27.05],[93.5491,27.0582],[93.5456,27.0804],[93.5345,27.0907],[93.5224,27.115],[93.5067,27.1328],[93.5031,27.1478],[93.4949,27.1723],[93.4941,27.1721],[93.4705,27.1757],[93.4362,27.1764],[93.4098,27.1857],[93.3984,27.1821],[93.3677,27.1742],[93.342,27.1692],[93.3043,27.1755],[93.309,27.1736],[93.3094,27.1723],[93.2943,27.1633],[93.2914,27.1624],[93.2832,27.163],[93.282,27.1611],[93.2785,27.1604],[93.2734,27.1577],[93.2724,27.1549],[93.2701,27.1538],[93.2621,27.1544],[93.25,27.1549],[93.2449,27.1541],[93.2366,27.1459],[93.2289,27.1406],[93.2251,27.1394],[93.2161,27.1388],[93.2127,27.1356],[93.2107,27.1309],[93.2129,27.1166],[93.2155,27.1142],[93.2204,27.114],[93.2294,27.1096],[93.2329,27.1096],[93.2424,27.1114],[93.2563,27.1081],[93.2593,27.1081],[93.272,27.1035],[93.2781,27.0967],[93.283,27.0922],[93.2856,27.0854],[93.2869,27.0851],[93.2931,27.0778],[93.2961,27.0763],[93.2994,27.0761],[93.3042,27.0792],[93.3068,27.0778],[93.3125,27.0793],[93.319,27.0703],[93.3229,27.0619],[93.3292,27.0582],[93.3367,27.0452],[93.3387,27.0401],[93.3421,27.0397],[93.3425,27.0366],[93.3401,27.0322],[93.3428,27.0239],[93.3408,27.0166],[93.3436,27.0137],[93.3441,27.0108],[93.3398,27.0073],[93.339,27.0035],[93.3397,27.0011],[93.3463,26.9924],[93.3606,26.9818],[93.3689,26.981],[93.3852,26.9835],[93.386,26.9806],[93.3798,26.9784],[93.3803,26.9746],[93.3866,26.9723],[93.3872,26.9694]]]},"properties":{"id":"in:subdistrict:6600","level":"subdistrict","name":"Sangdupota Basar Nello Circle","code":6600,"parent":"in:district:237","state":"in:state:12"}},{"type":"Feature","geometry":{"type":"Polygon","coordinates":[[[93.4071,26.956],[93.4148,26.9548],[93.4277,26.9533],[93.4424,26.9513],[93.4488,26.9508],[93.458,26.9411],[93.4625,26.9379],[93.465,26.9383],[93.4706,26.9366],[93.4747,26.9393],[93.4859,26.9423],[93.4891,26.9362],[93.5038,26.9426],[93.5096,26.9445],[93.51,26.9447],[93.505,26.9594],[93.4879,26.9658],[93.4872,26.9893],[93.4793,27.0036],[93.4736,27.015],[93.4567,27.0136],[93.4377,27.0291],[93.4079,27.0011],[93.3886,26.9695],[93.3872,26.9694],[93.3896,26.9582],[93.4071,26.956]]]},"properties":{"id":"in:subdistrict:1595","level":"subdistrict","name":"Taraso Circle","code":1595,"parent":"in:district:237","state":"in:state:12"}}]}