{"type":"FeatureCollection","features":[{"type":"Feature","geometry":{"type":"Polygon","coordinates":[[[90.1594,25.5065],[90.1614,25.5112],[90.1608,25.515],[90.1576,25.5185],[90.1595,25.5262],[90.1607,25.5278],[90.1604,25.5312],[90.1571,25.5347],[90.1598,25.5408],[90.1624,25.5413],[90.1608,25.5478],[90.1588,25.5495],[90.1552,25.5497],[90.1531,25.5463],[90.1477,25.5453],[90.1474,25.5485],[90.1423,25.5536],[90.1402,25.5512],[90.1371,25.5452],[90.1394,25.5377],[90.1371,25.5377],[90.1346,25.5397],[90.131,25.5376],[90.132,25.5269],[90.1263,25.5069],[90.1202,25.4973],[90.0831,25.4994],[90.0646,25.4809],[90.0539,25.4766],[90.0435,25.4687],[90.0225,25.4655],[90.0153,25.4655],[89.9928,25.4809],[89.9736,25.462],[89.9508,25.4647],[89.9294,25.46],[89.9163,25.4618],[89.9157,25.5022],[89.8982,25.5021],[89.8878,25.5022],[89.8757,25.5021],[89.8767,25.4955],[89.8762,25.4927],[89.8723,25.4859],[89.8709,25.4758],[89.8635,25.4706],[89.8522,25.4659],[89.848,25.4623],[89.843,25.4565],[89.8374,25.4475],[89.8328,25.4389],[89.8315,25.4333],[89.8289,25.4267],[89.8284,25.4223],[89.8254,25.4133],[89.8254,25.4077],[89.8274,25.4062],[89.8268,25.4001],[89.8245,25.3955],[89.8235,25.389],[89.8205,25.3841],[89.8195,25.3793],[89.8213,25.3742],[89.8209,25.3635],[89.8214,25.3555],[89.8233,25.3482],[89.8268,25.3468],[89.8285,25.3417],[89.8328,25.3311],[89.8366,25.3264],[89.8405,25.3189],[89.8414,25.315],[89.8409,25.3094],[89.8416,25.3082],[89.8373,25.3053],[89.8377,25.3024],[89.8365,25.3006],[89.8312,25.296],[89.8384,25.2932],[89.8448,25.2924],[89.8486,25.2894],[89.854,25.2894],[89.8569,25.2866],[89.8632,25.2879],[89.8727,25.2867],[89.8766,25.2853],[89.8822,25.2866],[89.8852,25.288],[89.887,25.2916],[89.8901,25.292],[89.894,25.298],[89.9,25.3053],[89.9029,25.3057],[89.9092,25.3081],[89.9146,25.307],[89.919,25.3047],[89.9235,25.3043],[89.9271,25.3013],[89.934,25.3007],[89.939,25.299],[89.9439,25.3044],[89.9457,25.3029],[89.9469,25.2947],[89.9492,25.2927],[89.9508,25.2966],[89.9545,25.301],[89.9596,25.3024],[89.964,25.3019],[89.9665,25.3036],[89.9665,25.304],[89.9806,25.317],[89.9791,25.3172],[89.9772,25.3205],[89.9803,25.3246],[90.0063,25.3285],[90.0103,25.3314],[90.0091,25.333],[90.0102,25.3372],[90.0143,25.3392],[90.0145,25.3422],[90.0162,25.3457],[90.0151,25.3475],[90.0187,25.3507],[90.0555,25.3551],[90.1047,25.3658],[90.1076,25.3674],[90.1127,25.3677],[90.1389,25.3739],[90.1468,25.3761],[90.1515,25.3798],[90.1526,25.3858],[90.1557,25.389],[90.1542,25.3932],[90.1516,25.3962],[90.1487,25.3957],[90.1477,25.3982],[90.1477,25.4018],[90.1466,25.4046],[90.1504,25.4094],[90.1495,25.4145],[90.1508,25.4176],[90.1471,25.4211],[90.1477,25.4221],[90.1522,25.4271],[90.1525,25.4305],[90.1567,25.4378],[90.1572,25.44],[90.1528,25.4432],[90.1547,25.4455],[90.1534,25.4477],[90.1554,25.4507],[90.1587,25.4578],[90.1599,25.4653],[90.1595,25.4684],[90.1641,25.4756],[90.1629,25.4804],[90.1603,25.4815],[90.1606,25.4844],[90.1569,25.485],[90.1559,25.4869],[90.1526,25.4874],[90.1575,25.4905],[90.158,25.4974],[90.1597,25.5006],[90.1601,25.505],[90.1594,25.5065]]]},"properties":{"id":"in:subdistrict:1967","level":"subdistrict","name":"Zikzak","code":1967,"parent":"in:district:663","state":"in:state:17"}},{"type":"Feature","geometry":{"type":"Polygon","coordinates":[[[90.131,25.5376],[90.1266,25.5391],[90.1252,25.537],[90.1301,25.5352],[90.1289,25.5338],[90.1255,25.5343],[90.1209,25.5316],[90.1187,25.529],[90.1123,25.5257],[90.1088,25.5273],[90.1128,25.5299],[90.1131,25.5343],[90.1153,25.5358],[90.1165,25.5416],[90.1152,25.5434],[90.1105,25.5426],[90.1054,25.5437],[90.1003,25.5469],[90.0976,25.5532],[90.0949,25.5564],[90.095,25.5597],[90.0938,25.5614],[90.0889,25.5631],[90.086,25.5658],[90.0799,25.5634],[90.0782,25.5646],[90.0766,25.5682],[90.0731,25.5675],[90.0705,25.5706],[90.0671,25.5712],[90.0643,25.5734],[90.0606,25.5702],[90.0587,25.5729],[90.051,25.5726],[90.0492,25.5744],[90.0462,25.572],[90.0445,25.5723],[90.0425,25.576],[90.039,25.5773],[90.0355,25.5763],[90.0338,25.5741],[90.0329,25.5649],[90.0273,25.5623],[90.0237,25.5632],[90.0241,25.5675],[90.0279,25.5734],[90.0242,25.5773],[90.0173,25.578],[90.0138,25.5829],[90.0103,25.5823],[90.0019,25.5844],[90,25.5856],[89.9956,25.5862],[89.9886,25.5912],[89.9854,25.5917],[89.9823,25.5906],[89.9785,25.587],[89.9754,25.5761],[89.9728,25.5738],[89.9652,25.5736],[89.9605,25.5744],[89.9538,25.5708],[89.9459,25.5701],[89.9406,25.568],[89.9373,25.5646],[89.9286,25.5641],[89.9228,25.5644],[89.9123,25.5632],[89.9071,25.5613],[89.905,25.5596],[89.9008,25.5589],[89.8987,25.5605],[89.8967,25.5581],[89.8901,25.555],[89.8853,25.555],[89.8777,25.5497],[89.8765,25.5458],[89.8751,25.5448],[89.8755,25.5416],[89.8788,25.5377],[89.8766,25.5368],[89.8684,25.5303],[89.8676,25.5273],[89.8686,25.5218],[89.8711,25.5221],[89.8714,25.519],[89.8739,25.5178],[89.8778,25.5195],[89.8843,25.5138],[89.8858,25.5091],[89.8855,25.5075],[89.8809,25.5068],[89.8745,25.5072],[89.8757,25.5021],[89.8878,25.5022],[89.8982,25.5021],[89.9157,25.5022],[89.9163,25.4618],[89.9294,25.46],[89.9508,25.4647],[89.9736,25.462],[89.9928,25.4809],[90.0153,25.4655],[90.0225,25.4655],[90.0435,25.4687],[90.0539,25.4766],[90.0646,25.4809],[90.0831,25.4994],[90.1202,25.4973],[90.1263,25.5069],[90.132,25.5269],[90.131,25.5376]]]},"properties":{"id":"in:subdistrict:1966","level":"subdistrict","name":"Betasing","code":1966,"parent":"in:district:663","state":"in:state:17"}},{"type":"Feature","geometry":{"type":"Polygon","coordinates":[[[90.1209,25.5316],[90.1181,25.5425],[90.1179,25.5478],[90.1214,25.5519],[90.1249,25.5576],[90.1216,25.5637],[90.1186,25.5649],[90.1159,25.5639],[90.1132,25.561],[90.1029,25.5905],[90.099,25.606],[90.0975,25.6187],[90.1107,25.6497],[90.1239,25.6554],[90.1421,25.6551],[90.1511,25.6672],[90.1575,25.6801],[90.1486,25.695],[90.1486,25.7179],[90.1254,25.7316],[90.095,25.7215],[90.0736,25.7227],[90.0748,25.731],[90.0873,25.7441],[90.095,25.7607],[90.0829,25.7758],[90.0819,25.7982],[90.0599,25.8],[90.0498,25.8101],[90.0522,25.8238],[90.079,25.8482],[90.0852,25.8604],[90.0975,25.8714],[90.1081,25.8792],[90.1164,25.8943],[90.1155,25.9195],[90.1282,25.9307],[90.1376,25.9409],[90.1333,25.9442],[90.1306,25.9585],[90.1222,25.9554],[90.1197,25.958],[90.1169,25.9572],[90.1131,25.9542],[90.1121,25.9518],[90.1085,25.9499],[90.1051,25.9452],[90.1049,25.9417],[90.1011,25.9432],[90.1011,25.9398],[90.098,25.9374],[90.0921,25.9379],[90.094,25.9287],[90.0903,25.928],[90.0879,25.9256],[90.0853,25.9248],[90.0862,25.9195],[90.0754,25.9149],[90.0725,25.9185],[90.0702,25.9169],[90.0671,25.913],[90.0606,25.9135],[90.0618,25.9098],[90.0591,25.9088],[90.0581,25.9067],[90.0554,25.9052],[90.0565,25.9032],[90.0556,25.9008],[90.0529,25.8997],[90.0492,25.9],[90.047,25.8989],[90.046,25.8957],[90.0425,25.8949],[90.0434,25.8921],[90.0431,25.8888],[90.0416,25.8875],[90.0372,25.8908],[90.0342,25.8917],[90.0339,25.8944],[90.0246,25.8955],[90.0224,25.8932],[90.0194,25.8921],[90.0139,25.8849],[90.0111,25.8846],[90.0057,25.879],[90.0143,25.8719],[90.0195,25.8732],[90.0229,25.87],[90.0238,25.8672],[90.0223,25.8601],[90.0158,25.8507],[90.0102,25.8466],[90.0067,25.8451],[90.0007,25.8462],[89.9989,25.8428],[90.004,25.8413],[90.0036,25.8392],[89.9984,25.8369],[89.993,25.8353],[89.9873,25.8345],[89.9815,25.8355],[89.9776,25.8314],[89.9781,25.8284],[89.9719,25.827],[89.9685,25.8272],[89.9663,25.8294],[89.9659,25.8324],[89.963,25.8305],[89.9646,25.8264],[89.9674,25.8232],[89.9638,25.8219],[89.962,25.8202],[89.9557,25.8204],[89.9542,25.8213],[89.9542,25.8252],[89.9582,25.8256],[89.9571,25.8291],[89.9545,25.8268],[89.9511,25.8267],[89.9483,25.8255],[89.9482,25.8238],[89.9511,25.8211],[89.9505,25.8176],[89.9485,25.8151],[89.9547,25.8122],[89.956,25.8109],[89.9545,25.8039],[89.9582,25.8016],[89.9551,25.7952],[89.9557,25.7915],[89.9544,25.788],[89.9591,25.782],[89.9578,25.7784],[89.9574,25.7746],[89.9558,25.7726],[89.955,25.7675],[89.9519,25.7651],[89.9434,25.7573],[89.9414,25.7556],[89.9378,25.7556],[89.9352,25.7545],[89.9352,25.7526],[89.9377,25.7482],[89.9369,25.7448],[89.9267,25.7384],[89.9232,25.7385],[89.9136,25.7417],[89.9067,25.7451],[89.8997,25.7471],[89.8947,25.745],[89.8936,25.7397],[89.8957,25.7316],[89.8985,25.7298],[89.8991,25.7264],[89.9023,25.7254],[89.9051,25.722],[89.9057,25.7189],[89.9075,25.7161],[89.9121,25.7119],[89.9135,25.7086],[89.9157,25.7064],[89.9187,25.7051],[89.9236,25.6945],[89.9358,25.6899],[89.9444,25.6793],[89.9441,25.6742],[89.947,25.6704],[89.9455,25.6677],[89.9471,25.6665],[89.9467,25.6619],[89.9488,25.6578],[89.9531,25.6536],[89.9624,25.6497],[89.9637,25.6477],[89.9687,25.6452],[89.9723,25.6421],[89.9794,25.6385],[89.982,25.6319],[89.9834,25.6304],[89.9828,25.6279],[89.9915,25.6242],[89.9954,25.6246],[89.997,25.6225],[90.0016,25.6237],[90.0041,25.6267],[90.007,25.6233],[90.0043,25.6213],[90.0092,25.6192],[90.0098,25.6155],[90.0153,25.6115],[90.0186,25.6113],[90.0177,25.6087],[90.0203,25.6075],[90.0174,25.605],[90.0168,25.6019],[90.0125,25.6025],[90.011,25.6016],[90.0111,25.5967],[90.0031,25.5868],[90,25.5856],[90.0019,25.5844],[90.0103,25.5823],[90.0138,25.5829],[90.0173,25.578],[90.0242,25.5773],[90.0279,25.5734],[90.0241,25.5675],[90.0237,25.5632],[90.0273,25.5623],[90.0329,25.5649],[90.0338,25.5741],[90.0355,25.5763],[90.039,25.5773],[90.0425,25.576],[90.0445,25.5723],[90.0462,25.572],[90.0492,25.5744],[90.051,25.5726],[90.0587,25.5729],[90.0606,25.5702],[90.0643,25.5734],[90.0671,25.5712],[90.0705,25.5706],[90.0731,25.5675],[90.0766,25.5682],[90.0782,25.5646],[90.0799,25.5634],[90.086,25.5658],[90.0889,25.5631],[90.0938,25.5614],[90.095,25.5597],[90.0949,25.5564],[90.0976,25.5532],[90.1003,25.5469],[90.1054,25.5437],[90.1105,25.5426],[90.1152,25.5434],[90.1165,25.5416],[90.1153,25.5358],[90.1131,25.5343],[90.1128,25.5299],[90.1088,25.5273],[90.1123,25.5257],[90.1187,25.529],[90.1209,25.5316]]]},"properties":{"id":"in:subdistrict:1962","level":"subdistrict","name":"Selsella","code":1962,"parent":"in:district:278","state":"in:state:17"}},{"type":"Feature","geometry":{"type":"Polygon","coordinates":[[[90.1376,25.9409],[90.1479,25.9332],[90.1722,25.9182],[90.1911,25.916],[90.2022,25.8996],[90.2146,25.8862],[90.2243,25.8751],[90.2352,25.8571],[90.2463,25.8386],[90.2677,25.8354],[90.288,25.8318],[90.2988,25.8199],[90.3226,25.8056],[90.3334,25.8052],[90.331,25.8102],[90.3317,25.8158],[90.3372,25.8195],[90.3444,25.8211],[90.3454,25.8278],[90.347,25.8286],[90.3522,25.835],[90.3747,25.8393],[90.3897,25.8419],[90.3911,25.8446],[90.3907,25.8478],[90.389,25.8518],[90.3892,25.858],[90.3869,25.862],[90.3876,25.865],[90.387,25.8678],[90.3874,25.8849],[90.3886,25.8913],[90.3909,25.8955],[90.3906,25.8992],[90.3939,25.9025],[90.3948,25.905],[90.3937,25.9072],[90.3962,25.9124],[90.3965,25.9151],[90.3982,25.9169],[90.3987,25.9214],[90.402,25.9265],[90.4048,25.926],[90.4075,25.9307],[90.4069,25.9347],[90.4123,25.9371],[90.4134,25.942],[90.4128,25.947],[90.4109,25.9483],[90.4122,25.9511],[90.4107,25.9538],[90.4124,25.9577],[90.4107,25.96],[90.4134,25.9629],[90.4168,25.9633],[90.4184,25.9672],[90.4214,25.969],[90.4207,25.9707],[90.4233,25.9733],[90.4216,25.9745],[90.4226,25.9783],[90.4254,25.9807],[90.4238,25.989],[90.4168,25.9915],[90.416,25.9933],[90.4164,25.9975],[90.4115,26.0004],[90.4054,26.009],[90.3997,26.0125],[90.3722,26.0113],[90.3623,26.0088],[90.3527,26.0056],[90.3497,26.0041],[90.3467,25.9978],[90.3429,25.9959],[90.3423,25.9925],[90.3404,25.9883],[90.3339,25.9872],[90.3315,25.9876],[90.331,25.9827],[90.3274,25.9744],[90.3191,25.9717],[90.3089,25.9698],[90.2987,25.9669],[90.2836,25.963],[90.2706,25.9603],[90.2495,25.9574],[90.2472,25.9565],[90.2115,25.9526],[90.2116,25.9556],[90.2099,25.9597],[90.2074,25.9608],[90.2029,25.9609],[90.1998,25.957],[90.1933,25.956],[90.1903,25.9507],[90.1878,25.9503],[90.1868,25.9474],[90.1813,25.9492],[90.1798,25.9514],[90.1771,25.9588],[90.1735,25.9585],[90.1658,25.9558],[90.157,25.9578],[90.1516,25.9666],[90.1438,25.9601],[90.1405,25.9603],[90.1403,25.958],[90.138,25.9574],[90.1306,25.9585],[90.1333,25.9442],[90.1376,25.9409]]]},"properties":{"id":"in:subdistrict:1964","level":"subdistrict","name":"Tikrikilla","code":1964,"parent":"in:district:278","state":"in:state:17"}},{"type":"Feature","geometry":{"type":"Polygon","coordinates":[[[90.1511,25.6672],[90.1677,25.6659],[90.1964,25.6659],[90.2293,25.673],[90.2508,25.679],[90.2664,25.6904],[90.2688,25.7125],[90.2903,25.7203],[90.301,25.7155],[90.3094,25.7101],[90.313,25.7221],[90.3256,25.7304],[90.3495,25.7412],[90.3578,25.7543],[90.3447,25.7794],[90.3214,25.7818],[90.3226,25.8056],[90.2988,25.8199],[90.288,25.8318],[90.2677,25.8354],[90.2463,25.8386],[90.2352,25.8571],[90.2243,25.8751],[90.2146,25.8862],[90.2022,25.8996],[90.1911,25.916],[90.1722,25.9182],[90.1479,25.9332],[90.1376,25.9409],[90.1282,25.9307],[90.1155,25.9195],[90.1164,25.8943],[90.1081,25.8792],[90.0975,25.8714],[90.0852,25.8604],[90.079,25.8482],[90.0522,25.8238],[90.0498,25.8101],[90.0599,25.8],[90.0819,25.7982],[90.0829,25.7758],[90.095,25.7607],[90.0873,25.7441],[90.0748,25.731],[90.0736,25.7227],[90.095,25.7215],[90.1254,25.7316],[90.1486,25.7179],[90.1486,25.695],[90.1575,25.6801],[90.1511,25.6672]]]},"properties":{"id":"in:subdistrict:1963","level":"subdistrict","name":"Dadenggiri","code":1963,"parent":"in:district:278","state":"in:state:17"}},{"type":"Feature","geometry":{"type":"Polygon","coordinates":[[[90.4438,25.996],[90.4365,25.9914],[90.4333,25.9913],[90.4302,25.9889],[90.4238,25.989],[90.4254,25.9807],[90.4226,25.9783],[90.4216,25.9745],[90.4233,25.9733],[90.4207,25.9707],[90.4214,25.969],[90.4184,25.9672],[90.4168,25.9633],[90.4134,25.9629],[90.4107,25.96],[90.4124,25.9577],[90.4107,25.9538],[90.4122,25.9511],[90.4109,25.9483],[90.4128,25.947],[90.4134,25.942],[90.4123,25.9371],[90.4069,25.9347],[90.4075,25.9307],[90.4048,25.926],[90.402,25.9265],[90.3987,25.9214],[90.3982,25.9169],[90.3965,25.9151],[90.3962,25.9124],[90.3937,25.9072],[90.3948,25.905],[90.3939,25.9025],[90.3906,25.8992],[90.3909,25.8955],[90.3886,25.8913],[90.3874,25.8849],[90.387,25.8678],[90.3876,25.865],[90.3869,25.862],[90.3892,25.858],[90.389,25.8518],[90.3907,25.8478],[90.3911,25.8446],[90.3897,25.8419],[90.3747,25.8393],[90.3522,25.835],[90.347,25.8286],[90.3454,25.8278],[90.3444,25.8211],[90.3372,25.8195],[90.3317,25.8158],[90.331,25.8102],[90.3334,25.8052],[90.3342,25.7996],[90.3368,25.7968],[90.3373,25.7945],[90.3347,25.7919],[90.3375,25.7877],[90.3463,25.7893],[90.35,25.7894],[90.3536,25.786],[90.3644,25.7836],[90.3699,25.7806],[90.3754,25.7806],[90.3805,25.777],[90.3869,25.7768],[90.3905,25.7716],[90.3905,25.7688],[90.3889,25.7657],[90.3889,25.7603],[90.4014,25.758],[90.4089,25.7536],[90.4202,25.7421],[90.436,25.7295],[90.4456,25.7294],[90.4461,25.7246],[90.4506,25.7199],[90.4549,25.724],[90.4565,25.7224],[90.4589,25.7242],[90.4596,25.7192],[90.4617,25.7189],[90.4665,25.7203],[90.4692,25.72],[90.4723,25.7172],[90.4767,25.7095],[90.4814,25.7081],[90.4832,25.7058],[90.4869,25.7055],[90.4871,25.7084],[90.4903,25.7107],[90.491,25.7141],[90.4936,25.7155],[90.4952,25.7144],[90.499,25.7158],[90.5016,25.7129],[90.5041,25.7189],[90.5063,25.7221],[90.5085,25.7278],[90.5113,25.7295],[90.5119,25.7331],[90.5142,25.7354],[90.5163,25.7415],[90.5188,25.7435],[90.5214,25.7488],[90.5232,25.7503],[90.5268,25.7582],[90.529,25.7594],[90.5326,25.7642],[90.5333,25.7692],[90.5369,25.7714],[90.5407,25.7772],[90.5441,25.7791],[90.5473,25.7783],[90.5453,25.7759],[90.5457,25.7711],[90.5497,25.7689],[90.552,25.7707],[90.5563,25.7698],[90.559,25.7744],[90.5612,25.7758],[90.5625,25.7791],[90.5646,25.7785],[90.5671,25.7703],[90.5709,25.7624],[90.5733,25.7593],[90.5736,25.7569],[90.5769,25.7501],[90.5794,25.7493],[90.5801,25.7469],[90.5862,25.7455],[90.586,25.7406],[90.5911,25.7396],[90.5963,25.7397],[90.5995,25.7408],[90.5991,25.7377],[90.6047,25.7296],[90.6168,25.7333],[90.6215,25.7357],[90.6261,25.7392],[90.6325,25.7458],[90.6391,25.755],[90.6446,25.764],[90.6447,25.769],[90.6476,25.7766],[90.6506,25.7808],[90.6544,25.7837],[90.6594,25.7863],[90.6667,25.7877],[90.6747,25.7881],[90.6983,25.7904],[90.7068,25.7907],[90.7195,25.79],[90.7248,25.7901],[90.73,25.7909],[90.7527,25.802],[90.767,25.808],[90.7792,25.8127],[90.7849,25.8135],[90.7739,25.8233],[90.7586,25.843],[90.7529,25.8495],[90.7501,25.8623],[90.7515,25.8733],[90.7655,25.8859],[90.7834,25.8925],[90.7832,25.8982],[90.7781,25.9111],[90.7781,25.9086],[90.7639,25.9077],[90.7567,25.911],[90.7568,25.9134],[90.7607,25.9157],[90.7587,25.9203],[90.7547,25.9203],[90.7471,25.9155],[90.7453,25.9118],[90.7424,25.9124],[90.739,25.9162],[90.7478,25.9189],[90.747,25.9248],[90.752,25.9269],[90.7542,25.9294],[90.7528,25.9343],[90.7501,25.933],[90.7464,25.9285],[90.7404,25.9394],[90.7432,25.9437],[90.746,25.9454],[90.7478,25.9499],[90.7458,25.9506],[90.7459,25.9534],[90.7428,25.958],[90.7378,25.9557],[90.7386,25.9534],[90.7325,25.9521],[90.7245,25.9468],[90.7199,25.9488],[90.719,25.9545],[90.7138,25.9517],[90.7076,25.9521],[90.7042,25.951],[90.6971,25.9503],[90.6883,25.9489],[90.6826,25.9431],[90.6727,25.9346],[90.6394,25.9231],[90.6316,25.9198],[90.6285,25.9176],[90.6262,25.9134],[90.6261,25.9097],[90.6307,25.9095],[90.6308,25.9063],[90.6249,25.8983],[90.6219,25.8978],[90.6136,25.8993],[90.6123,25.9015],[90.6105,25.9075],[90.6066,25.915],[90.6076,25.9199],[90.6123,25.9257],[90.6179,25.9302],[90.6231,25.9351],[90.6241,25.9392],[90.6085,25.9448],[90.6049,25.9471],[90.6012,25.954],[90.5997,25.9551],[90.5907,25.9561],[90.5893,25.9582],[90.5855,25.9574],[90.5798,25.9513],[90.5771,25.9445],[90.5776,25.9398],[90.5767,25.9367],[90.5686,25.9313],[90.5573,25.9258],[90.5524,25.9227],[90.5489,25.9214],[90.5462,25.9233],[90.5445,25.9206],[90.5484,25.9192],[90.5491,25.9154],[90.5381,25.9137],[90.5375,25.9112],[90.5303,25.9065],[90.5264,25.9048],[90.5214,25.8985],[90.515,25.8961],[90.5114,25.8978],[90.5086,25.9015],[90.5139,25.9083],[90.518,25.9157],[90.5197,25.9206],[90.5207,25.926],[90.5264,25.9327],[90.5311,25.9351],[90.5342,25.939],[90.5353,25.9445],[90.535,25.9496],[90.5318,25.956],[90.5272,25.9614],[90.5205,25.9705],[90.5142,25.9756],[90.5096,25.9805],[90.5063,25.9867],[90.5025,25.9915],[90.4971,25.9967],[90.4887,26.0034],[90.4761,26.0096],[90.4562,26.0002],[90.4517,25.999],[90.4438,25.996]]]},"properties":{"id":"in:subdistrict:1970","level":"subdistrict","name":"Resubelpara","code":1970,"parent":"in:district:656","state":"in:state:17"}},{"type":"Feature","geometry":{"type":"Polygon","coordinates":[[[90.7849,25.8135],[90.7916,25.8144],[90.8016,25.8143],[90.8119,25.8111],[90.8228,25.8061],[90.835,25.7981],[90.8437,25.7886],[90.8505,25.7816],[90.8542,25.7783],[90.8567,25.7738],[90.8606,25.7683],[90.8653,25.76],[90.8732,25.748],[90.8869,25.7373],[90.893,25.7341],[90.8977,25.7328],[90.908,25.7326],[90.9147,25.7336],[90.9264,25.7344],[90.9395,25.7399],[90.9451,25.7413],[90.9575,25.7414],[90.9644,25.7402],[90.9694,25.7388],[90.9747,25.7356],[90.9758,25.738],[90.9825,25.7444],[90.9792,25.7487],[90.9755,25.7513],[90.9714,25.7529],[90.966,25.7506],[90.9617,25.7499],[90.9576,25.7514],[90.9542,25.7546],[90.9524,25.755],[90.9483,25.7526],[90.9436,25.753],[90.9414,25.7565],[90.9408,25.7638],[90.944,25.7703],[90.9509,25.7724],[90.9574,25.7782],[90.9659,25.7814],[90.9702,25.794],[90.9761,25.798],[90.9799,25.8024],[90.9839,25.8052],[90.9905,25.8115],[90.9943,25.8173],[90.9986,25.8197],[91.0023,25.8238],[91.0016,25.8251],[91.0044,25.8301],[91.0069,25.8325],[91.008,25.838],[91.0102,25.8373],[91.0122,25.8418],[91.0115,25.8459],[91.0153,25.8484],[91.0144,25.8504],[91.0139,25.8566],[91.018,25.8608],[91.0229,25.8637],[91.0261,25.8684],[91.0277,25.8691],[91.0288,25.8736],[91.0304,25.8859],[91.0252,25.8888],[91.0179,25.8846],[91.0106,25.8842],[91.0059,25.8856],[91.001,25.8858],[91.0007,25.8879],[90.9969,25.8879],[90.9757,25.8896],[90.9695,25.885],[90.966,25.8884],[90.9672,25.8927],[90.969,25.9038],[90.9666,25.9141],[90.9627,25.9204],[90.9611,25.9273],[90.9595,25.9312],[90.9557,25.9363],[90.9512,25.9391],[90.9475,25.9395],[90.9461,25.941],[90.9455,25.9449],[90.9476,25.9477],[90.94,25.9473],[90.9353,25.9403],[90.9339,25.9398],[90.9239,25.9429],[90.9225,25.9415],[90.9195,25.9445],[90.9165,25.9434],[90.9148,25.9359],[90.9156,25.9308],[90.9142,25.9257],[90.9154,25.9204],[90.9195,25.9152],[90.9168,25.9141],[90.912,25.92],[90.906,25.9254],[90.9053,25.9289],[90.8944,25.9312],[90.8975,25.9375],[90.89,25.9381],[90.8891,25.9395],[90.8897,25.9432],[90.8858,25.9449],[90.8851,25.9499],[90.8805,25.9505],[90.8799,25.9457],[90.8773,25.9473],[90.8767,25.9494],[90.8723,25.9481],[90.8719,25.9459],[90.8748,25.9426],[90.8485,25.9444],[90.8444,25.946],[90.8426,25.9436],[90.8381,25.9404],[90.8348,25.9397],[90.8364,25.9438],[90.8362,25.9484],[90.8325,25.946],[90.8259,25.9487],[90.8247,25.9456],[90.8219,25.9489],[90.8186,25.9503],[90.8162,25.9489],[90.8128,25.9513],[90.8097,25.9523],[90.8079,25.951],[90.8091,25.9474],[90.7964,25.9405],[90.7845,25.9251],[90.782,25.9165],[90.7812,25.9113],[90.7781,25.9111],[90.7832,25.8982],[90.7834,25.8925],[90.7655,25.8859],[90.7515,25.8733],[90.7501,25.8623],[90.7529,25.8495],[90.7586,25.843],[90.7739,25.8233],[90.7849,25.8135]]]},"properties":{"id":"in:subdistrict:1972","level":"subdistrict","name":"Kharkutta","code":1972,"parent":"in:district:656","state":"in:state:17"}},{"type":"Feature","geometry":{"type":"Polygon","coordinates":[[[91.3432,25.8373],[91.3423,25.8357],[91.3419,25.8246],[91.3517,25.8153],[91.3595,25.8065],[91.3641,25.8066],[91.3716,25.8025],[91.3803,25.8009],[91.3888,25.8047],[91.3948,25.8051],[91.4132,25.8027],[91.4182,25.8031],[91.4199,25.8011],[91.419,25.7967],[91.4227,25.7931],[91.4309,25.7919],[91.4375,25.7923],[91.4416,25.7952],[91.4457,25.7924],[91.453,25.7931],[91.4574,25.795],[91.4585,25.7884],[91.4672,25.7889],[91.4748,25.7916],[91.48,25.7966],[91.4902,25.7966],[91.4915,25.797],[91.4965,25.7988],[91.5037,25.7978],[91.5314,25.8016],[91.534,25.7988],[91.5374,25.7988],[91.5491,25.806],[91.557,25.8082],[91.5794,25.8105],[91.587,25.8119],[91.5915,25.8089],[91.5943,25.8054],[91.5967,25.8053],[91.6,25.8099],[91.6125,25.8095],[91.622,25.8104],[91.6317,25.8099],[91.6402,25.8065],[91.6424,25.8028],[91.6447,25.8041],[91.6489,25.8085],[91.6565,25.8116],[91.6594,25.8144],[91.6718,25.811],[91.6869,25.8091],[91.6979,25.8047],[91.7043,25.8127],[91.7074,25.8199],[91.7239,25.8269],[91.738,25.8289],[91.7496,25.8271],[91.7608,25.8159],[91.7601,25.8346],[91.7801,25.8467],[91.7608,25.8696],[91.7851,25.8867],[91.8101,25.8917],[91.8051,25.9081],[91.7979,25.9281],[91.7801,25.9474],[91.7858,25.9624],[91.7994,25.9724],[91.804,25.9941],[91.805,26.013],[91.8018,26.0308],[91.7886,26.0369],[91.7758,26.0437],[91.7715,26.0519],[91.7768,26.0655],[91.7785,26.0898],[91.7691,26.0808],[91.7677,26.0783],[91.763,26.0746],[91.7629,26.0726],[91.7571,26.0704],[91.7558,26.0681],[91.751,26.0661],[91.746,26.0662],[91.7429,26.063],[91.7335,26.0606],[91.7311,26.0589],[91.7339,26.0561],[91.7353,26.052],[91.7338,26.0497],[91.7293,26.0469],[91.7253,26.0462],[91.7231,26.0355],[91.7234,26.0313],[91.7246,26.03],[91.7249,26.0183],[91.7216,26.0122],[91.7221,26.0068],[91.7217,26.0015],[91.7198,25.9915],[91.7215,25.9883],[91.7201,25.9818],[91.7211,25.9769],[91.7209,25.9678],[91.7224,25.966],[91.7202,25.9608],[91.7207,25.9568],[91.7201,25.9536],[91.7184,25.9523],[91.7132,25.9455],[91.7131,25.9439],[91.7086,25.9421],[91.7024,25.9412],[91.7025,25.9387],[91.6989,25.935],[91.6962,25.9309],[91.6889,25.9239],[91.6885,25.9209],[91.6866,25.919],[91.681,25.9179],[91.6788,25.9163],[91.6706,25.9042],[91.6662,25.9053],[91.6655,25.9067],[91.6556,25.9072],[91.6543,25.9058],[91.6512,25.9066],[91.6442,25.9129],[91.6413,25.9173],[91.6353,25.922],[91.6322,25.9218],[91.6306,25.9248],[91.6257,25.9257],[91.6211,25.9323],[91.6157,25.9336],[91.6137,25.936],[91.6095,25.9374],[91.6113,25.9447],[91.6182,25.9444],[91.6229,25.9448],[91.6252,25.9425],[91.63,25.9434],[91.6293,25.9467],[91.6312,25.9503],[91.6317,25.9545],[91.6356,25.9616],[91.6382,25.9616],[91.6407,25.9641],[91.6283,25.9761],[91.6285,25.9824],[91.6262,25.9862],[91.6262,25.9889],[91.6302,25.9901],[91.6302,25.9932],[91.6282,26.0007],[91.6303,26.003],[91.6301,26.0053],[91.6334,26.0092],[91.6328,26.0111],[91.6348,26.0128],[91.6316,26.0147],[91.6324,26.019],[91.6305,26.0225],[91.6264,26.0221],[91.6201,26.0258],[91.6177,26.025],[91.6128,26.0251],[91.6089,26.0233],[91.6002,26.0216],[91.5975,26.0181],[91.5939,26.0199],[91.5932,26.0231],[91.5887,26.0296],[91.5802,26.0333],[91.5708,26.0258],[91.5692,26.0184],[91.5719,26.0158],[91.5692,26.0119],[91.5642,26.0084],[91.5632,26.0058],[91.5649,26.0025],[91.5606,26.0009],[91.5567,25.9914],[91.554,25.9889],[91.5514,25.984],[91.5512,25.9766],[91.5465,25.9751],[91.5437,25.9754],[91.5427,25.9732],[91.5384,25.9714],[91.5354,25.9667],[91.5351,25.9623],[91.5304,25.9631],[91.5286,25.9606],[91.5253,25.9616],[91.5222,25.9595],[91.5181,25.9597],[91.5166,25.9557],[91.5177,25.9532],[91.5198,25.9399],[91.5156,25.9395],[91.5135,25.9358],[91.5138,25.9329],[91.51,25.932],[91.5064,25.9282],[91.5029,25.9265],[91.5016,25.9236],[91.5024,25.9218],[91.5012,25.9189],[91.5045,25.9167],[91.5065,25.9142],[91.5096,25.9172],[91.513,25.9168],[91.5179,25.9197],[91.5198,25.9226],[91.5228,25.9253],[91.5261,25.9259],[91.5293,25.9289],[91.5326,25.9299],[91.5366,25.9356],[91.537,25.9315],[91.533,25.9266],[91.5301,25.9258],[91.5206,25.9168],[91.5175,25.916],[91.5105,25.9111],[91.508,25.9088],[91.5052,25.908],[91.5035,25.9047],[91.5042,25.9029],[91.4987,25.896],[91.5041,25.8917],[91.4994,25.8912],[91.4926,25.8957],[91.484,25.893],[91.4784,25.8875],[91.4778,25.8805],[91.475,25.8751],[91.476,25.8725],[91.4754,25.8699],[91.4816,25.8678],[91.4917,25.8659],[91.497,25.8664],[91.501,25.8648],[91.5036,25.8655],[91.5114,25.8653],[91.5138,25.8662],[91.5155,25.8693],[91.5213,25.8751],[91.5222,25.8788],[91.5213,25.8835],[91.5256,25.8909],[91.5277,25.8908],[91.533,25.8882],[91.5352,25.8839],[91.5326,25.8836],[91.5304,25.8816],[91.5313,25.8748],[91.5307,25.8718],[91.528,25.8732],[91.525,25.8723],[91.5224,25.8729],[91.5181,25.8699],[91.515,25.8649],[91.5137,25.864],[91.5023,25.8639],[91.4974,25.8611],[91.4958,25.8638],[91.4883,25.8631],[91.4834,25.864],[91.4765,25.8573],[91.4695,25.8592],[91.4664,25.8573],[91.4625,25.8567],[91.462,25.8547],[91.4545,25.8498],[91.4486,25.845],[91.4484,25.8419],[91.4451,25.8397],[91.4367,25.8431],[91.4322,25.8468],[91.4282,25.8526],[91.4235,25.8544],[91.4135,25.8536],[91.4062,25.8501],[91.4024,25.8513],[91.3931,25.8476],[91.3853,25.847],[91.3811,25.8456],[91.3759,25.8456],[91.3729,25.8467],[91.3715,25.8432],[91.3653,25.84],[91.3588,25.8411],[91.3551,25.8393],[91.3509,25.8387],[91.3462,25.8398],[91.3432,25.8373]]]},"properties":{"id":"in:subdistrict:1986","level":"subdistrict","name":"Jirang","code":1986,"parent":"in:district:276","state":"in:state:17"}},{"type":"Feature","geometry":{"type":"Polygon","coordinates":[[[92.2747,26.0657],[92.2717,26.0652],[92.2686,26.0681],[92.2673,26.0667],[92.261,26.0661],[92.2583,26.0635],[92.2445,26.0636],[92.2384,26.062],[92.2375,26.0634],[92.2289,26.065],[92.2286,26.0668],[92.2225,26.068],[92.221,26.0701],[92.2164,26.0685],[92.2123,26.0687],[92.2092,26.0703],[92.2063,26.0681],[92.2007,26.0696],[92.1947,26.0686],[92.1908,26.0688],[92.1884,26.0671],[92.1864,26.0684],[92.1787,26.0688],[92.1761,26.0702],[92.1763,26.0745],[92.1786,26.0755],[92.1788,26.0782],[92.1761,26.078],[92.1691,26.0776],[92.1653,26.0744],[92.1573,26.0702],[92.1549,26.0673],[92.1527,26.0671],[92.148,26.0615],[92.1451,26.0597],[92.1434,26.056],[92.1375,26.055],[92.1407,26.047],[92.143,26.0385],[92.1516,26.0337],[92.1426,26.0213],[92.1354,26.0132],[92.1346,25.9925],[92.1211,25.9685],[92.0876,25.9371],[92.0329,25.9065],[92.0172,25.8883],[92.0025,25.8862],[91.985,25.8712],[91.9722,25.8423],[91.9297,25.8144],[91.9026,25.8101],[91.8883,25.8151],[91.878,25.834],[91.8687,25.8451],[91.8651,25.8551],[91.8601,25.8744],[91.8515,25.8858],[91.8308,25.8779],[91.808,25.8722],[91.7987,25.8665],[91.8044,25.8487],[91.808,25.8351],[91.7909,25.8223],[91.7702,25.8088],[91.7792,25.7947],[91.7878,25.7907],[91.7884,25.7822],[91.7793,25.7663],[91.7791,25.7633],[91.7768,25.7626],[91.7654,25.7497],[91.7683,25.7433],[91.7724,25.7444],[91.7735,25.7398],[91.78,25.7379],[91.7841,25.7389],[91.7831,25.7336],[91.7848,25.7318],[91.791,25.7331],[91.7975,25.7314],[91.8035,25.7329],[91.8083,25.7333],[91.8114,25.7293],[91.8123,25.7248],[91.8152,25.7208],[91.8133,25.7054],[91.8154,25.7032],[91.82,25.7024],[91.8281,25.6887],[91.8262,25.6776],[91.8286,25.6738],[91.8273,25.6693],[91.8279,25.6692],[91.8306,25.6563],[91.8293,25.6541],[91.8318,25.647],[91.8357,25.6447],[91.838,25.6443],[91.8408,25.6478],[91.8448,25.6481],[91.8484,25.6505],[91.8559,25.6459],[91.8591,25.6465],[91.8613,25.6416],[91.8594,25.6367],[91.8541,25.6309],[91.8571,25.6294],[91.8601,25.6301],[91.8651,25.6338],[91.8684,25.6369],[91.8722,25.6392],[91.8747,25.6388],[91.8833,25.6413],[91.886,25.6412],[91.8909,25.6461],[91.8936,25.6521],[91.8968,25.6535],[91.8975,25.6574],[91.9004,25.6593],[91.902,25.6587],[91.9063,25.6602],[91.9136,25.6615],[91.9185,25.6638],[91.9205,25.6655],[91.9201,25.6684],[91.9224,25.6699],[91.9256,25.6691],[91.9287,25.6695],[91.9335,25.6731],[91.9406,25.6741],[91.9482,25.6841],[91.9523,25.6872],[91.9544,25.6862],[91.9513,25.6835],[91.956,25.6799],[91.958,25.681],[91.9584,25.687],[91.9643,25.6876],[91.9675,25.6906],[91.9698,25.6887],[91.9708,25.6846],[91.9747,25.6799],[91.9738,25.6761],[91.9768,25.6745],[91.9767,25.669],[91.9795,25.6662],[91.984,25.665],[91.9847,25.6623],[91.9875,25.6606],[91.9895,25.6531],[91.9854,25.651],[91.9889,25.6475],[91.9949,25.6502],[91.9965,25.645],[91.9945,25.641],[91.9956,25.6368],[91.9981,25.6366],[92.0042,25.6347],[92.0074,25.6361],[92.0135,25.6366],[92.0177,25.6344],[92.0221,25.6348],[92.0225,25.6368],[92.0279,25.6386],[92.0344,25.6368],[92.0363,25.6346],[92.0427,25.6344],[92.0447,25.6359],[92.0491,25.6369],[92.0515,25.636],[92.0533,25.6379],[92.0568,25.6358],[92.0653,25.6365],[92.0691,25.638],[92.0743,25.6381],[92.0794,25.6401],[92.0814,25.6372],[92.0843,25.6373],[92.0874,25.639],[92.0918,25.6392],[92.1015,25.643],[92.1032,25.6449],[92.1095,25.6451],[92.1143,25.6465],[92.1196,25.6515],[92.1196,25.6562],[92.1219,25.6585],[92.1315,25.6645],[92.1363,25.6689],[92.139,25.6735],[92.1434,25.6703],[92.1501,25.6696],[92.1531,25.6728],[92.1562,25.6722],[92.1596,25.6762],[92.1605,25.6841],[92.1564,25.6902],[92.1567,25.6962],[92.1546,25.6979],[92.1548,25.7062],[92.1524,25.7086],[92.1508,25.7078],[92.1477,25.7095],[92.1449,25.7133],[92.1444,25.7176],[92.1485,25.7255],[92.1544,25.725],[92.1619,25.7366],[92.1628,25.7439],[92.1605,25.7454],[92.1556,25.7511],[92.1546,25.7541],[92.1554,25.7574],[92.153,25.7591],[92.1501,25.7676],[92.1492,25.7718],[92.1478,25.773],[92.1521,25.776],[92.1527,25.778],[92.1502,25.7792],[92.1506,25.7814],[92.1465,25.7831],[92.148,25.7865],[92.1479,25.7911],[92.1498,25.794],[92.1484,25.7996],[92.1491,25.8017],[92.1487,25.8059],[92.1506,25.8099],[92.1526,25.8121],[92.1511,25.8157],[92.1525,25.8178],[92.1553,25.8185],[92.157,25.8216],[92.1599,25.82],[92.1623,25.8272],[92.1608,25.8301],[92.1711,25.8409],[92.1715,25.8449],[92.1739,25.8506],[92.1775,25.8515],[92.1784,25.8546],[92.1776,25.8576],[92.1794,25.8593],[92.1776,25.8621],[92.1773,25.8671],[92.1762,25.8682],[92.1772,25.8727],[92.1836,25.8769],[92.1875,25.8772],[92.1929,25.8826],[92.1956,25.8846],[92.199,25.889],[92.2044,25.8908],[92.2066,25.8929],[92.2097,25.8931],[92.2141,25.8947],[92.2155,25.8963],[92.2152,25.899],[92.218,25.9009],[92.2204,25.9],[92.2225,25.9033],[92.2228,25.9064],[92.2251,25.9083],[92.223,25.9106],[92.2173,25.9115],[92.2123,25.9098],[92.2103,25.9104],[92.2064,25.9088],[92.2013,25.9082],[92.1963,25.9098],[92.194,25.9117],[92.1963,25.9173],[92.1932,25.9167],[92.1892,25.9146],[92.1861,25.9166],[92.1822,25.9117],[92.1772,25.9106],[92.1755,25.9074],[92.1624,25.9112],[92.1588,25.9106],[92.1545,25.9112],[92.1546,25.9138],[92.1568,25.9146],[92.1582,25.9214],[92.1604,25.925],[92.1601,25.9351],[92.1567,25.9364],[92.155,25.9386],[92.1523,25.94],[92.1524,25.9443],[92.1572,25.9496],[92.157,25.952],[92.1605,25.9542],[92.1639,25.9586],[92.1615,25.9602],[92.1621,25.9666],[92.1642,25.9703],[92.1675,25.9715],[92.1698,25.9735],[92.1751,25.9742],[92.1795,25.9784],[92.1806,25.9844],[92.1847,25.9858],[92.1881,25.9846],[92.1921,25.9868],[92.1985,25.9882],[92.1965,25.9904],[92.1975,25.9946],[92.2001,25.9944],[92.2044,26.0013],[92.2084,25.9979],[92.2099,25.9985],[92.2107,26.0035],[92.2119,26.0046],[92.2171,26.0048],[92.2185,26.0038],[92.2218,26.0063],[92.2248,26.006],[92.2277,26.0086],[92.2302,26.0079],[92.2344,26.0096],[92.2349,26.0121],[92.2384,26.0136],[92.2403,26.0158],[92.2425,26.0159],[92.2443,26.018],[92.243,26.0208],[92.2451,26.0225],[92.2482,26.0231],[92.2533,26.029],[92.2562,26.0287],[92.2628,26.0326],[92.2651,26.0361],[92.2611,26.0405],[92.2619,26.0425],[92.2685,26.0427],[92.27,26.0475],[92.2675,26.052],[92.2636,26.0543],[92.2639,26.0574],[92.2665,26.0597],[92.2698,26.061],[92.2706,26.064],[92.2747,26.0657]]]},"properties":{"id":"in:subdistrict:1987","level":"subdistrict","name":"Umsning","code":1987,"parent":"in:district:276","state":"in:state:17"}},{"type":"Feature","geometry":{"type":"Polygon","coordinates":[[[91.7965,26.0938],[91.7929,26.0891],[91.7914,26.0852],[91.7859,26.084],[91.7833,26.0881],[91.7785,26.0898],[91.7768,26.0655],[91.7715,26.0519],[91.7758,26.0437],[91.7886,26.0369],[91.8018,26.0308],[91.805,26.013],[91.804,25.9941],[91.7994,25.9724],[91.7858,25.9624],[91.7801,25.9474],[91.7979,25.9281],[91.8051,25.9081],[91.8101,25.8917],[91.7851,25.8867],[91.7608,25.8696],[91.7801,25.8467],[91.7601,25.8346],[91.7608,25.8159],[91.7702,25.8088],[91.7909,25.8223],[91.808,25.8351],[91.8044,25.8487],[91.7987,25.8665],[91.808,25.8722],[91.8308,25.8779],[91.8515,25.8858],[91.8601,25.8744],[91.8651,25.8551],[91.8687,25.8451],[91.878,25.834],[91.8883,25.8151],[91.9026,25.8101],[91.9297,25.8144],[91.9722,25.8423],[91.985,25.8712],[92.0025,25.8862],[92.0172,25.8883],[92.0329,25.9065],[92.0876,25.9371],[92.1211,25.9685],[92.1346,25.9925],[92.1354,26.0132],[92.1426,26.0213],[92.1516,26.0337],[92.143,26.0385],[92.1407,26.047],[92.1375,26.055],[92.1342,26.0524],[92.1336,26.0467],[92.132,26.0443],[92.1268,26.0455],[92.1214,26.0439],[92.1197,26.0461],[92.1173,26.0461],[92.111,26.05],[92.1079,26.0507],[92.0997,26.049],[92.0955,26.0489],[92.0919,26.0479],[92.081,26.0427],[92.0765,26.0415],[92.0729,26.0383],[92.0697,26.0375],[92.0668,26.0351],[92.0638,26.034],[92.0609,26.0351],[92.0578,26.0348],[92.0536,26.033],[92.0481,26.0328],[92.0407,26.0365],[92.0363,26.0362],[92.0344,26.0389],[92.0306,26.0396],[92.027,26.0392],[92.0244,26.0378],[92.0184,26.0392],[92.0166,26.0371],[92.0133,26.0384],[92.0104,26.0366],[92.0059,26.0384],[92.0037,26.0356],[91.9992,26.0358],[91.9945,26.0385],[91.9908,26.0385],[91.9886,26.0375],[91.9872,26.035],[91.9862,26.0291],[91.9836,26.0258],[91.9787,26.0274],[91.975,26.0251],[91.9736,26.0224],[91.9682,26.0211],[91.9654,26.0214],[91.9618,26.0188],[91.9566,26.0176],[91.9529,26.016],[91.9475,26.0149],[91.944,26.013],[91.9337,26.0103],[91.9313,26.0124],[91.9299,26.01],[91.9299,26.0069],[91.9283,26.0057],[91.9283,26.0025],[91.9255,25.9998],[91.9203,25.9978],[91.9144,25.9988],[91.9123,26.0047],[91.9142,26.0065],[91.9098,26.0086],[91.912,26.0102],[91.9098,26.0127],[91.913,26.0151],[91.915,26.0183],[91.9147,26.0205],[91.9079,26.0213],[91.9058,26.0235],[91.9021,26.0224],[91.8978,26.0234],[91.8956,26.0254],[91.889,26.0277],[91.8855,26.0279],[91.8833,26.0261],[91.8789,26.0312],[91.8792,26.0344],[91.8745,26.0367],[91.8736,26.0431],[91.8672,26.0422],[91.8719,26.051],[91.8703,26.0534],[91.8726,26.0634],[91.8727,26.0682],[91.874,26.0696],[91.8764,26.076],[91.8777,26.0826],[91.8772,26.0847],[91.8784,26.0901],[91.8774,26.0933],[91.8795,26.0957],[91.8792,26.098],[91.8736,26.1006],[91.8683,26.1002],[91.8635,26.1029],[91.861,26.1028],[91.8562,26.1051],[91.8516,26.1081],[91.8498,26.1084],[91.8407,26.1107],[91.8357,26.1134],[91.8349,26.1153],[91.8308,26.1184],[91.8254,26.1194],[91.8213,26.1175],[91.8197,26.115],[91.8202,26.1126],[91.817,26.1111],[91.8101,26.1033],[91.809,26.0978],[91.8059,26.0992],[91.8032,26.0953],[91.8004,26.1],[91.7965,26.0938]]]},"properties":{"id":"in:subdistrict:1985","level":"subdistrict","name":"Umling","code":1985,"parent":"in:district:276","state":"in:state:17"}},{"type":"Feature","geometry":{"type":"Polygon","coordinates":[[[92.4776,25.0989],[92.4617,25.1272],[92.4382,25.1586],[92.4275,25.1851],[92.4339,25.2621],[92.431,25.2957],[92.4388,25.3333],[92.4502,25.3547],[92.4588,25.374],[92.4488,25.3768],[92.4288,25.3733],[92.4259,25.3733],[92.4245,25.3947],[92.4238,25.4132],[92.4234,25.418],[92.4179,25.4173],[92.4149,25.4178],[92.4041,25.414],[92.4011,25.4139],[92.3958,25.4114],[92.3853,25.4088],[92.3747,25.4068],[92.3717,25.4071],[92.3673,25.4061],[92.3665,25.4081],[92.3632,25.4092],[92.3611,25.4068],[92.3537,25.4051],[92.3474,25.4042],[92.344,25.4046],[92.3399,25.4039],[92.3367,25.4019],[92.3285,25.4008],[92.3272,25.4014],[92.3128,25.4043],[92.2992,25.4054],[92.2835,25.4047],[92.2798,25.4043],[92.2696,25.4001],[92.2614,25.3963],[92.2504,25.3901],[92.2457,25.3856],[92.2446,25.3811],[92.2422,25.3799],[92.2348,25.3794],[92.2324,25.376],[92.2288,25.3727],[92.2247,25.3741],[92.221,25.3716],[92.217,25.371],[92.2127,25.3689],[92.2074,25.3682],[92.2034,25.3652],[92.1993,25.3657],[92.1979,25.364],[92.1922,25.3636],[92.1899,25.3624],[92.1878,25.3593],[92.1835,25.3589],[92.1805,25.3577],[92.1777,25.3549],[92.174,25.3539],[92.1725,25.3485],[92.1736,25.3463],[92.1713,25.3408],[92.1719,25.3357],[92.1777,25.3327],[92.176,25.329],[92.177,25.3261],[92.1834,25.3155],[92.1856,25.3146],[92.1875,25.3086],[92.1904,25.3085],[92.193,25.3055],[92.1923,25.3028],[92.1895,25.3011],[92.195,25.2963],[92.1994,25.2917],[92.1987,25.2864],[92.2014,25.2839],[92.1976,25.2747],[92.1985,25.2723],[92.1981,25.2661],[92.2,25.2636],[92.2016,25.2574],[92.2001,25.2543],[92.2029,25.2485],[92.2049,25.2467],[92.2058,25.2418],[92.2044,25.2399],[92.2055,25.2363],[92.2044,25.2337],[92.2065,25.2303],[92.2067,25.2273],[92.2093,25.2273],[92.2145,25.23],[92.2187,25.2262],[92.2261,25.2223],[92.2268,25.2194],[92.2287,25.2173],[92.2283,25.2125],[92.233,25.2125],[92.2358,25.2116],[92.2354,25.2089],[92.2319,25.2037],[92.2371,25.1988],[92.2384,25.1886],[92.2311,25.1851],[92.2337,25.1769],[92.2283,25.17],[92.2256,25.1682],[92.2258,25.1626],[92.225,25.1537],[92.221,25.154],[92.2164,25.1579],[92.2141,25.1586],[92.2088,25.1579],[92.2074,25.1562],[92.2083,25.1529],[92.2124,25.1501],[92.2127,25.1473],[92.2112,25.1436],[92.2079,25.1427],[92.2067,25.1348],[92.2068,25.1314],[92.2026,25.1288],[92.1952,25.1301],[92.1936,25.1263],[92.197,25.1263],[92.213,25.121],[92.2194,25.117],[92.2197,25.1151],[92.2064,25.1194],[92.2004,25.12],[92.1962,25.108],[92.2015,25.1074],[92.2036,25.1065],[92.207,25.1087],[92.2153,25.1065],[92.2233,25.103],[92.2231,25.0982],[92.2265,25.0956],[92.2308,25.0968],[92.2333,25.0949],[92.2375,25.0939],[92.2471,25.0891],[92.2544,25.0867],[92.2549,25.0854],[92.261,25.0838],[92.2663,25.0833],[92.2757,25.0809],[92.2783,25.078],[92.2808,25.0793],[92.2839,25.0765],[92.2858,25.0776],[92.2917,25.0755],[92.294,25.0738],[92.2996,25.0717],[92.309,25.0698],[92.3119,25.0699],[92.3136,25.0719],[92.3191,25.0699],[92.3189,25.0738],[92.3218,25.0782],[92.3249,25.0785],[92.3281,25.0775],[92.3303,25.0789],[92.3329,25.0789],[92.3384,25.0757],[92.3431,25.0753],[92.3452,25.0736],[92.3486,25.0735],[92.3483,25.0673],[92.3494,25.0647],[92.3491,25.0611],[92.3442,25.0555],[92.3382,25.0515],[92.3419,25.0488],[92.3493,25.0486],[92.3546,25.049],[92.3609,25.0467],[92.3624,25.0498],[92.3666,25.0478],[92.3687,25.0455],[92.37,25.0418],[92.3727,25.0429],[92.3769,25.0423],[92.3794,25.0395],[92.3835,25.0387],[92.3846,25.0412],[92.3882,25.0397],[92.3928,25.0398],[92.3934,25.0378],[92.3986,25.033],[92.4023,25.0318],[92.4051,25.0326],[92.4129,25.0286],[92.417,25.0303],[92.4215,25.0278],[92.4253,25.0295],[92.4293,25.0291],[92.4319,25.0349],[92.4382,25.0346],[92.4391,25.0388],[92.4385,25.0441],[92.4443,25.0452],[92.4473,25.0433],[92.4487,25.0407],[92.4528,25.0408],[92.4581,25.0387],[92.4598,25.037],[92.4643,25.0374],[92.4631,25.0399],[92.4644,25.043],[92.4605,25.0487],[92.4569,25.0472],[92.457,25.0541],[92.4597,25.0569],[92.4628,25.0547],[92.4636,25.0579],[92.4656,25.0594],[92.4662,25.0622],[92.4687,25.0661],[92.4714,25.0667],[92.4724,25.0701],[92.4712,25.0727],[92.4718,25.0752],[92.4758,25.0788],[92.4747,25.0822],[92.4773,25.0824],[92.4772,25.085],[92.4792,25.0864],[92.4774,25.0903],[92.4776,25.0989]]]},"properties":{"id":"in:subdistrict:1999","level":"subdistrict","name":"Khliehriat","code":1999,"parent":"in:district:657","state":"in:state:17"}},{"type":"Feature","geometry":{"type":"Polygon","coordinates":[[[92.4776,25.0989],[92.4776,25.1009],[92.481,25.1086],[92.485,25.1087],[92.492,25.1078],[92.497,25.1095],[92.5059,25.1047],[92.5089,25.1042],[92.5149,25.1048],[92.5184,25.1062],[92.5278,25.104],[92.5305,25.1003],[92.534,25.099],[92.5392,25.0989],[92.5389,25.1005],[92.5348,25.1081],[92.5289,25.1154],[92.5289,25.1178],[92.5231,25.126],[92.5225,25.1337],[92.5207,25.1365],[92.5212,25.1386],[92.5239,25.1381],[92.5249,25.1352],[92.5404,25.1327],[92.5431,25.1311],[92.5489,25.1304],[92.5535,25.1273],[92.5569,25.1272],[92.5594,25.1301],[92.5647,25.1297],[92.5682,25.1282],[92.5727,25.1305],[92.5785,25.1309],[92.5832,25.1281],[92.5881,25.1288],[92.5928,25.1259],[92.595,25.1222],[92.6055,25.1234],[92.6112,25.1211],[92.6163,25.1158],[92.6192,25.1147],[92.6225,25.1159],[92.6256,25.123],[92.6289,25.1262],[92.6273,25.1309],[92.6279,25.1374],[92.632,25.1418],[92.6355,25.1435],[92.6375,25.1466],[92.6442,25.1507],[92.6468,25.1506],[92.6534,25.153],[92.6562,25.1555],[92.658,25.1588],[92.6579,25.1651],[92.6588,25.1687],[92.6584,25.1719],[92.6635,25.1767],[92.6685,25.1748],[92.6686,25.1766],[92.674,25.181],[92.6772,25.1825],[92.6823,25.1798],[92.6871,25.1804],[92.691,25.1788],[92.6939,25.1792],[92.7011,25.1873],[92.7026,25.1884],[92.7086,25.1898],[92.7161,25.1958],[92.7247,25.1985],[92.7372,25.2005],[92.7401,25.2031],[92.7409,25.2055],[92.7429,25.2067],[92.7468,25.2065],[92.7497,25.2042],[92.7548,25.2018],[92.7628,25.2016],[92.7681,25.2034],[92.7749,25.1996],[92.7762,25.1996],[92.7819,25.2032],[92.786,25.2093],[92.7918,25.2103],[92.795,25.2098],[92.8,25.2132],[92.8029,25.2162],[92.8015,25.2202],[92.7964,25.2216],[92.7944,25.2236],[92.7895,25.2245],[92.782,25.2302],[92.7766,25.2296],[92.7717,25.23],[92.7702,25.2373],[92.7619,25.2465],[92.7625,25.249],[92.7661,25.252],[92.7727,25.251],[92.775,25.252],[92.7777,25.2582],[92.7767,25.2603],[92.7683,25.2666],[92.7689,25.2684],[92.7766,25.27],[92.7791,25.2732],[92.7878,25.2743],[92.7908,25.2805],[92.7919,25.2843],[92.788,25.2888],[92.787,25.2915],[92.7872,25.2962],[92.7834,25.2994],[92.7814,25.3045],[92.7815,25.3077],[92.7868,25.3139],[92.7855,25.3173],[92.784,25.3245],[92.7836,25.3294],[92.7821,25.3327],[92.7759,25.3347],[92.7742,25.3365],[92.7693,25.338],[92.7649,25.3343],[92.7625,25.3333],[92.7597,25.3344],[92.7559,25.3386],[92.7546,25.3424],[92.7508,25.3435],[92.7495,25.3453],[92.75,25.3499],[92.7464,25.3583],[92.7419,25.3597],[92.7395,25.3613],[92.7391,25.3663],[92.7341,25.3676],[92.7324,25.3696],[92.7333,25.3727],[92.7375,25.3778],[92.7374,25.3797],[92.7311,25.38],[92.7237,25.3788],[92.7214,25.3776],[92.7198,25.3738],[92.7172,25.3729],[92.7135,25.3797],[92.7099,25.3845],[92.7078,25.3851],[92.704,25.3843],[92.7006,25.3848],[92.6972,25.3875],[92.6938,25.3964],[92.6896,25.3997],[92.6881,25.4021],[92.6778,25.407],[92.6743,25.4135],[92.6719,25.4145],[92.6675,25.4148],[92.666,25.4129],[92.6643,25.4077],[92.6616,25.4064],[92.6564,25.4115],[92.6526,25.4172],[92.6512,25.4223],[92.6523,25.4292],[92.6544,25.4326],[92.652,25.4328],[92.6471,25.4282],[92.6452,25.4248],[92.642,25.4222],[92.6415,25.4189],[92.6379,25.4188],[92.6363,25.4234],[92.6363,25.4266],[92.6274,25.4343],[92.6249,25.4337],[92.6261,25.4284],[92.6284,25.4239],[92.6265,25.4212],[92.6228,25.4211],[92.6186,25.423],[92.6151,25.4211],[92.6142,25.4187],[92.6089,25.4135],[92.6053,25.4147],[92.6045,25.4209],[92.6071,25.4264],[92.6031,25.4351],[92.6034,25.4449],[92.6046,25.4476],[92.6021,25.4494],[92.5979,25.4501],[92.5976,25.452],[92.5986,25.4587],[92.6004,25.4648],[92.5971,25.4697],[92.5903,25.4701],[92.5852,25.4658],[92.5829,25.4669],[92.5826,25.4711],[92.5792,25.4714],[92.5745,25.4663],[92.5688,25.4637],[92.5665,25.4634],[92.566,25.4619],[92.568,25.4589],[92.5679,25.4563],[92.5622,25.4552],[92.5519,25.4583],[92.5482,25.4599],[92.5452,25.4577],[92.5443,25.4519],[92.5377,25.4438],[92.5371,25.4411],[92.5347,25.4366],[92.5346,25.4348],[92.5262,25.4347],[92.5253,25.437],[92.5199,25.4416],[92.5137,25.4395],[92.5116,25.442],[92.5045,25.4438],[92.4981,25.4421],[92.496,25.4427],[92.4899,25.4421],[92.4824,25.4382],[92.4799,25.4339],[92.4759,25.4335],[92.4727,25.4295],[92.4678,25.4282],[92.4669,25.4269],[92.4632,25.4261],[92.4569,25.4264],[92.4512,25.4215],[92.448,25.4232],[92.4433,25.4238],[92.4418,25.4213],[92.4389,25.421],[92.4234,25.418],[92.4238,25.4132],[92.4245,25.3947],[92.4259,25.3733],[92.4288,25.3733],[92.4488,25.3768],[92.4588,25.374],[92.4502,25.3547],[92.4388,25.3333],[92.431,25.2957],[92.4339,25.2621],[92.4275,25.1851],[92.4382,25.1586],[92.4617,25.1272],[92.4776,25.0989]]]},"properties":{"id":"in:subdistrict:2000","level":"subdistrict","name":"Saipung","code":2000,"parent":"in:district:657","state":"in:state:17"}},{"type":"Feature","geometry":{"type":"Polygon","coordinates":[[[92.4867,25.6446],[92.4661,25.6431],[92.4551,25.6388],[92.4351,25.6335],[92.4161,25.6235],[92.3999,25.6245],[92.3847,25.624],[92.3761,25.6169],[92.3614,25.6145],[92.3433,25.5974],[92.3314,25.594],[92.32,25.585],[92.3138,25.5774],[92.3048,25.5717],[92.2867,25.5688],[92.2795,25.5541],[92.2824,25.5293],[92.2905,25.5117],[92.3071,25.497],[92.3245,25.4841],[92.3295,25.4791],[92.3316,25.4598],[92.3303,25.4424],[92.3285,25.4008],[92.3367,25.4019],[92.3399,25.4039],[92.344,25.4046],[92.3474,25.4042],[92.3537,25.4051],[92.3611,25.4068],[92.3632,25.4092],[92.3665,25.4081],[92.3673,25.4061],[92.3717,25.4071],[92.3747,25.4068],[92.3853,25.4088],[92.3958,25.4114],[92.4011,25.4139],[92.4041,25.414],[92.4149,25.4178],[92.4179,25.4173],[92.4234,25.418],[92.4389,25.421],[92.4418,25.4213],[92.4433,25.4238],[92.448,25.4232],[92.4512,25.4215],[92.4569,25.4264],[92.4632,25.4261],[92.4669,25.4269],[92.4678,25.4282],[92.4727,25.4295],[92.4759,25.4335],[92.4799,25.4339],[92.4824,25.4382],[92.4899,25.4421],[92.496,25.4427],[92.4981,25.4421],[92.5045,25.4438],[92.5116,25.442],[92.5137,25.4395],[92.5199,25.4416],[92.5253,25.437],[92.5262,25.4347],[92.5346,25.4348],[92.5347,25.4366],[92.5371,25.4411],[92.5377,25.4438],[92.5443,25.4519],[92.5452,25.4577],[92.5482,25.4599],[92.5519,25.4583],[92.5622,25.4552],[92.5679,25.4563],[92.568,25.4589],[92.566,25.4619],[92.5665,25.4634],[92.5644,25.4669],[92.5644,25.4736],[92.5673,25.4786],[92.5677,25.4814],[92.5712,25.4846],[92.5733,25.4881],[92.5737,25.4905],[92.5812,25.4951],[92.5849,25.4965],[92.5922,25.5017],[92.5973,25.5025],[92.5999,25.5064],[92.6055,25.5088],[92.6091,25.5118],[92.6185,25.5151],[92.623,25.5194],[92.6277,25.522],[92.6289,25.5249],[92.6319,25.5277],[92.6378,25.5302],[92.6393,25.5326],[92.6428,25.5348],[92.6421,25.5421],[92.643,25.5434],[92.6431,25.5484],[92.6475,25.5575],[92.651,25.5581],[92.657,25.5611],[92.6572,25.5689],[92.6613,25.5725],[92.6583,25.5741],[92.6587,25.5777],[92.656,25.5833],[92.6534,25.5906],[92.6501,25.5922],[92.6417,25.5885],[92.6354,25.5827],[92.6326,25.5785],[92.6302,25.5717],[92.6267,25.5697],[92.6228,25.5657],[92.6121,25.5628],[92.6025,25.5622],[92.6015,25.5577],[92.5997,25.5547],[92.5943,25.5516],[92.59,25.5526],[92.585,25.5505],[92.5824,25.5576],[92.5785,25.5575],[92.576,25.5585],[92.5725,25.5574],[92.5702,25.5597],[92.5677,25.5606],[92.5636,25.5662],[92.5579,25.5698],[92.5567,25.5713],[92.5571,25.5749],[92.5562,25.5767],[92.5587,25.5795],[92.5546,25.5855],[92.5545,25.5901],[92.5554,25.593],[92.5543,25.5993],[92.5555,25.6018],[92.5556,25.6103],[92.5566,25.6111],[92.5527,25.6149],[92.5497,25.6136],[92.5427,25.6129],[92.5387,25.6116],[92.5339,25.6148],[92.52,25.6154],[92.5166,25.615],[92.5149,25.6183],[92.5095,25.6156],[92.5056,25.6163],[92.5061,25.6214],[92.5038,25.6227],[92.5009,25.6227],[92.4975,25.624],[92.4867,25.6446]]]},"properties":{"id":"in:subdistrict:1997","level":"subdistrict","name":"Laskein","code":1997,"parent":"in:district:275","state":"in:state:17"}},{"type":"Feature","geometry":{"type":"Polygon","coordinates":[[[92.1582,25.6708],[92.1524,25.6698],[92.1505,25.6641],[92.1555,25.652],[92.1556,25.6476],[92.1538,25.6457],[92.1496,25.6492],[92.1472,25.6425],[92.1412,25.6396],[92.1331,25.6411],[92.136,25.6351],[92.1357,25.6288],[92.1393,25.6259],[92.132,25.6157],[92.121,25.6036],[92.1209,25.6021],[92.1241,25.5988],[92.1249,25.5966],[92.122,25.5943],[92.1209,25.5909],[92.1205,25.5823],[92.1187,25.5791],[92.1137,25.5746],[92.1067,25.5616],[92.1061,25.5536],[92.1069,25.5509],[92.1106,25.5481],[92.1134,25.5428],[92.1109,25.5367],[92.1054,25.5195],[92.104,25.5178],[92.0998,25.5131],[92.0994,25.5106],[92.1011,25.5027],[92.0986,25.5001],[92.0962,25.4928],[92.0967,25.4891],[92.0982,25.4862],[92.1059,25.4812],[92.1101,25.4705],[92.1096,25.466],[92.1021,25.4578],[92.0966,25.4534],[92.0965,25.4508],[92.0991,25.4452],[92.1032,25.441],[92.1028,25.4325],[92.1078,25.4258],[92.1127,25.4108],[92.1123,25.4083],[92.1126,25.4088],[92.1281,25.3956],[92.1453,25.3892],[92.1717,25.3806],[92.1874,25.3678],[92.1878,25.3593],[92.1899,25.3624],[92.1922,25.3636],[92.1979,25.364],[92.1993,25.3657],[92.2034,25.3652],[92.2074,25.3682],[92.2127,25.3689],[92.217,25.371],[92.221,25.3716],[92.2247,25.3741],[92.2288,25.3727],[92.2324,25.376],[92.2348,25.3794],[92.2422,25.3799],[92.2446,25.3811],[92.2457,25.3856],[92.2504,25.3901],[92.2614,25.3963],[92.2696,25.4001],[92.2798,25.4043],[92.2835,25.4047],[92.2992,25.4054],[92.3128,25.4043],[92.3272,25.4014],[92.3285,25.4008],[92.3303,25.4424],[92.3316,25.4598],[92.3295,25.4791],[92.3245,25.4841],[92.3071,25.497],[92.2905,25.5117],[92.2824,25.5293],[92.2795,25.5541],[92.2867,25.5688],[92.3048,25.5717],[92.3138,25.5774],[92.32,25.585],[92.3314,25.594],[92.3433,25.5974],[92.3614,25.6145],[92.3761,25.6169],[92.3847,25.624],[92.3999,25.6245],[92.4161,25.6235],[92.4351,25.6335],[92.4551,25.6388],[92.4661,25.6431],[92.4867,25.6446],[92.4703,25.6752],[92.4684,25.6752],[92.4639,25.6791],[92.4633,25.681],[92.4553,25.6849],[92.4503,25.6853],[92.4483,25.6872],[92.4423,25.6898],[92.4404,25.6921],[92.4379,25.7025],[92.4379,25.7058],[92.4404,25.7082],[92.444,25.7074],[92.4477,25.709],[92.4441,25.7198],[92.4423,25.7204],[92.4335,25.7264],[92.4315,25.7287],[92.4304,25.7323],[92.426,25.7318],[92.4221,25.7299],[92.4116,25.73],[92.4092,25.7327],[92.4097,25.7353],[92.4146,25.7404],[92.4138,25.7419],[92.4072,25.7419],[92.4066,25.7446],[92.4036,25.7441],[92.3977,25.7405],[92.393,25.7416],[92.3898,25.7435],[92.3866,25.7439],[92.3841,25.742],[92.3815,25.7424],[92.382,25.7463],[92.3854,25.7505],[92.3851,25.7536],[92.3787,25.7484],[92.3762,25.75],[92.3731,25.7502],[92.3706,25.7474],[92.3689,25.7473],[92.3651,25.7403],[92.3643,25.7374],[92.3603,25.7368],[92.3548,25.7396],[92.3482,25.733],[92.3464,25.7297],[92.3444,25.7285],[92.3364,25.7259],[92.3335,25.7241],[92.3235,25.7246],[92.3179,25.7223],[92.315,25.7231],[92.3119,25.7278],[92.3065,25.7253],[92.3018,25.7207],[92.2968,25.7198],[92.293,25.7165],[92.2885,25.7168],[92.2854,25.7162],[92.2817,25.7166],[92.2772,25.7155],[92.2704,25.7109],[92.2644,25.7091],[92.2549,25.7126],[92.2511,25.7108],[92.2484,25.7128],[92.2395,25.7109],[92.2345,25.7076],[92.2327,25.7097],[92.2323,25.715],[92.2296,25.7168],[92.225,25.7161],[92.2226,25.7147],[92.2203,25.7118],[92.219,25.7081],[92.2163,25.7042],[92.2099,25.6992],[92.2076,25.6953],[92.2019,25.693],[92.1995,25.6909],[92.1962,25.6862],[92.1883,25.6844],[92.1791,25.677],[92.1772,25.6741],[92.173,25.6735],[92.1715,25.6688],[92.1681,25.6664],[92.1638,25.667],[92.1582,25.6708]]]},"properties":{"id":"in:subdistrict:1996","level":"subdistrict","name":"Thadlaskein","code":1996,"parent":"in:district:275","state":"in:state:17"}},{"type":"Feature","geometry":{"type":"Polygon","coordinates":[[[92.1878,25.3593],[92.1874,25.3678],[92.1717,25.3806],[92.1453,25.3892],[92.1281,25.3956],[92.1126,25.4088],[92.1123,25.4083],[92.1106,25.4032],[92.1021,25.3972],[92.1021,25.3954],[92.1098,25.3841],[92.1116,25.379],[92.1105,25.3718],[92.1113,25.3609],[92.1091,25.3552],[92.1088,25.3518],[92.1098,25.3496],[92.1131,25.3461],[92.1122,25.3428],[92.1124,25.3377],[92.1153,25.3322],[92.1195,25.3308],[92.12,25.3291],[92.1147,25.3188],[92.1151,25.3144],[92.1132,25.3075],[92.1087,25.3038],[92.0995,25.3062],[92.0938,25.3126],[92.0923,25.3125],[92.0852,25.3085],[92.0811,25.3115],[92.0673,25.3179],[92.061,25.3169],[92.0562,25.3145],[92.0537,25.3154],[92.0516,25.319],[92.0479,25.3198],[92.0392,25.3174],[92.0365,25.3145],[92.0321,25.3133],[92.0308,25.3109],[92.0221,25.3102],[92.0179,25.3063],[92.0141,25.3019],[92.0121,25.3021],[92.0084,25.3005],[92.0078,25.299],[92.0043,25.297],[92.0026,25.2929],[91.9992,25.2889],[91.9901,25.2806],[91.9859,25.2753],[91.9821,25.2561],[91.9852,25.2509],[91.985,25.2456],[91.9883,25.2395],[91.9953,25.2311],[91.997,25.2232],[92.0022,25.2176],[92.0075,25.2085],[92.0102,25.2066],[92.0162,25.2046],[92.0212,25.2019],[92.022,25.1973],[92.0201,25.1909],[92.016,25.1883],[92.0164,25.1872],[92.019,25.1824],[92.0261,25.1792],[92.0279,25.1834],[92.0342,25.1834],[92.0374,25.182],[92.0406,25.1864],[92.0494,25.187],[92.056,25.1854],[92.0739,25.1849],[92.0788,25.181],[92.0811,25.1826],[92.0832,25.1823],[92.0923,25.1775],[92.0944,25.1779],[92.0985,25.1759],[92.1045,25.1746],[92.1053,25.1726],[92.1077,25.1726],[92.109,25.1703],[92.1182,25.1664],[92.1204,25.1638],[92.1329,25.1601],[92.1321,25.1574],[92.1358,25.1553],[92.1392,25.155],[92.1386,25.1522],[92.1356,25.1518],[92.1339,25.1483],[92.1352,25.1456],[92.1342,25.1436],[92.1362,25.1397],[92.1401,25.138],[92.142,25.1361],[92.1474,25.1353],[92.1508,25.1382],[92.1532,25.1362],[92.1527,25.1337],[92.1589,25.1329],[92.1596,25.13],[92.1641,25.1293],[92.1596,25.1266],[92.1649,25.1261],[92.1718,25.1271],[92.178,25.126],[92.1816,25.1191],[92.1839,25.1179],[92.1855,25.1225],[92.1887,25.1279],[92.1893,25.1363],[92.1932,25.1335],[92.1952,25.1301],[92.2026,25.1288],[92.2068,25.1314],[92.2067,25.1348],[92.2079,25.1427],[92.2112,25.1436],[92.2127,25.1473],[92.2124,25.1501],[92.2083,25.1529],[92.2074,25.1562],[92.2088,25.1579],[92.2141,25.1586],[92.2164,25.1579],[92.221,25.154],[92.225,25.1537],[92.2258,25.1626],[92.2256,25.1682],[92.2283,25.17],[92.2337,25.1769],[92.2311,25.1851],[92.2384,25.1886],[92.2371,25.1988],[92.2319,25.2037],[92.2354,25.2089],[92.2358,25.2116],[92.233,25.2125],[92.2283,25.2125],[92.2287,25.2173],[92.2268,25.2194],[92.2261,25.2223],[92.2187,25.2262],[92.2145,25.23],[92.2093,25.2273],[92.2067,25.2273],[92.2065,25.2303],[92.2044,25.2337],[92.2055,25.2363],[92.2044,25.2399],[92.2058,25.2418],[92.2049,25.2467],[92.2029,25.2485],[92.2001,25.2543],[92.2016,25.2574],[92.2,25.2636],[92.1981,25.2661],[92.1985,25.2723],[92.1976,25.2747],[92.2014,25.2839],[92.1987,25.2864],[92.1994,25.2917],[92.195,25.2963],[92.1895,25.3011],[92.1923,25.3028],[92.193,25.3055],[92.1904,25.3085],[92.1875,25.3086],[92.1856,25.3146],[92.1834,25.3155],[92.177,25.3261],[92.176,25.329],[92.1777,25.3327],[92.1719,25.3357],[92.1713,25.3408],[92.1736,25.3463],[92.1725,25.3485],[92.174,25.3539],[92.1777,25.3549],[92.1805,25.3577],[92.1835,25.3589],[92.1878,25.3593]]]},"properties":{"id":"in:subdistrict:1998","level":"subdistrict","name":"Amlarem","code":1998,"parent":"in:district:275","state":"in:state:17"}},{"type":"Feature","geometry":{"type":"Polygon","coordinates":[[[92.104,25.5178],[92.069,25.5251],[92.0495,25.527],[92.0223,25.5289],[91.9511,25.5137],[91.9186,25.5137],[91.9169,25.4955],[91.8812,25.4694],[91.8824,25.4563],[91.9032,25.4188],[91.9145,25.3938],[91.9615,25.3439],[91.9818,25.323],[92.0166,25.3073],[92.0179,25.3063],[92.0221,25.3102],[92.0308,25.3109],[92.0321,25.3133],[92.0365,25.3145],[92.0392,25.3174],[92.0479,25.3198],[92.0516,25.319],[92.0537,25.3154],[92.0562,25.3145],[92.061,25.3169],[92.0673,25.3179],[92.0811,25.3115],[92.0852,25.3085],[92.0923,25.3125],[92.0938,25.3126],[92.0995,25.3062],[92.1087,25.3038],[92.1132,25.3075],[92.1151,25.3144],[92.1147,25.3188],[92.12,25.3291],[92.1195,25.3308],[92.1153,25.3322],[92.1124,25.3377],[92.1122,25.3428],[92.1131,25.3461],[92.1098,25.3496],[92.1088,25.3518],[92.1091,25.3552],[92.1113,25.3609],[92.1105,25.3718],[92.1116,25.379],[92.1098,25.3841],[92.1021,25.3954],[92.1021,25.3972],[92.1106,25.4032],[92.1123,25.4083],[92.1127,25.4108],[92.1078,25.4258],[92.1028,25.4325],[92.1032,25.441],[92.0991,25.4452],[92.0965,25.4508],[92.0966,25.4534],[92.1021,25.4578],[92.1096,25.466],[92.1101,25.4705],[92.1059,25.4812],[92.0982,25.4862],[92.0967,25.4891],[92.0962,25.4928],[92.0986,25.5001],[92.1011,25.5027],[92.0994,25.5106],[92.0998,25.5131],[92.104,25.5178]]]},"properties":{"id":"in:subdistrict:1991","level":"subdistrict","name":"Mawkynrew","code":1991,"parent":"in:district:274","state":"in:state:17"}},{"type":"Feature","geometry":{"type":"Polygon","coordinates":[[[91.9981,25.6366],[91.9895,25.6166],[91.9769,25.5964],[91.9485,25.5825],[91.9384,25.573],[91.9252,25.5629],[91.9069,25.5465],[91.888,25.5346],[91.8798,25.5137],[91.9114,25.5137],[91.9186,25.5137],[91.9511,25.5137],[92.0223,25.5289],[92.0495,25.527],[92.069,25.5251],[92.104,25.5178],[92.1054,25.5195],[92.1109,25.5367],[92.1134,25.5428],[92.1106,25.5481],[92.1069,25.5509],[92.1061,25.5536],[92.1067,25.5616],[92.1137,25.5746],[92.1187,25.5791],[92.1205,25.5823],[92.1209,25.5909],[92.122,25.5943],[92.1249,25.5966],[92.1241,25.5988],[92.1209,25.6021],[92.121,25.6036],[92.132,25.6157],[92.1393,25.6259],[92.1357,25.6288],[92.136,25.6351],[92.1331,25.6411],[92.1412,25.6396],[92.1472,25.6425],[92.1496,25.6492],[92.1538,25.6457],[92.1556,25.6476],[92.1555,25.652],[92.1505,25.6641],[92.1524,25.6698],[92.1582,25.6708],[92.1562,25.6722],[92.1531,25.6728],[92.1501,25.6696],[92.1434,25.6703],[92.139,25.6735],[92.1363,25.6689],[92.1315,25.6645],[92.1219,25.6585],[92.1196,25.6562],[92.1196,25.6515],[92.1143,25.6465],[92.1095,25.6451],[92.1032,25.6449],[92.1015,25.643],[92.0918,25.6392],[92.0874,25.639],[92.0843,25.6373],[92.0814,25.6372],[92.0794,25.6401],[92.0743,25.6381],[92.0691,25.638],[92.0653,25.6365],[92.0568,25.6358],[92.0533,25.6379],[92.0515,25.636],[92.0491,25.6369],[92.0447,25.6359],[92.0427,25.6344],[92.0363,25.6346],[92.0344,25.6368],[92.0279,25.6386],[92.0225,25.6368],[92.0221,25.6348],[92.0177,25.6344],[92.0135,25.6366],[92.0074,25.6361],[92.0042,25.6347],[91.9981,25.6366]]]},"properties":{"id":"in:subdistrict:1990","level":"subdistrict","name":"Mawryngkneng","code":1990,"parent":"in:district:274","state":"in:state:17"}},{"type":"Feature","geometry":{"type":"Polygon","coordinates":[[[91.8651,25.6338],[91.8648,25.633],[91.8505,25.6156],[91.8253,25.5987],[91.8179,25.5811],[91.8153,25.5706],[91.8203,25.5401],[91.8182,25.5342],[91.8067,25.5283],[91.7902,25.5165],[91.7879,25.5097],[91.7967,25.507],[91.8024,25.5032],[91.8037,25.498],[91.8029,25.4931],[91.805,25.4801],[91.8086,25.4566],[91.83,25.4666],[91.8421,25.468],[91.8628,25.4716],[91.89,25.4958],[91.9114,25.5137],[91.8798,25.5137],[91.888,25.5346],[91.9069,25.5465],[91.9252,25.5629],[91.9384,25.573],[91.9485,25.5825],[91.9769,25.5964],[91.9895,25.6166],[91.9981,25.6366],[91.9956,25.6368],[91.9945,25.641],[91.9965,25.645],[91.9949,25.6502],[91.9889,25.6475],[91.9854,25.651],[91.9895,25.6531],[91.9875,25.6606],[91.9847,25.6623],[91.984,25.665],[91.9795,25.6662],[91.9767,25.669],[91.9768,25.6745],[91.9738,25.6761],[91.9747,25.6799],[91.9708,25.6846],[91.9698,25.6887],[91.9675,25.6906],[91.9643,25.6876],[91.9584,25.687],[91.958,25.681],[91.956,25.6799],[91.9513,25.6835],[91.9544,25.6862],[91.9523,25.6872],[91.9482,25.6841],[91.9406,25.6741],[91.9335,25.6731],[91.9287,25.6695],[91.9256,25.6691],[91.9224,25.6699],[91.9201,25.6684],[91.9205,25.6655],[91.9185,25.6638],[91.9136,25.6615],[91.9063,25.6602],[91.902,25.6587],[91.9004,25.6593],[91.8975,25.6574],[91.8968,25.6535],[91.8936,25.6521],[91.8909,25.6461],[91.886,25.6412],[91.8833,25.6413],[91.8747,25.6388],[91.8722,25.6392],[91.8684,25.6369],[91.8651,25.6338]]]},"properties":{"id":"in:subdistrict:1989","level":"subdistrict","name":"Mylliem","code":1989,"parent":"in:district:274","state":"in:state:17"}},{"type":"Feature","geometry":{"type":"Polygon","coordinates":[[[91.8273,25.6693],[91.8135,25.6647],[91.8126,25.6621],[91.8082,25.6587],[91.8088,25.6557],[91.8113,25.6532],[91.8082,25.6421],[91.8074,25.6353],[91.799,25.6277],[91.7977,25.6189],[91.8002,25.6138],[91.7998,25.6095],[91.785,25.5953],[91.782,25.591],[91.7789,25.5946],[91.7657,25.6054],[91.7644,25.6077],[91.7566,25.6138],[91.7531,25.6198],[91.7515,25.6211],[91.7447,25.6233],[91.7416,25.6252],[91.7387,25.6256],[91.7356,25.6241],[91.7336,25.6199],[91.7356,25.6104],[91.7402,25.6037],[91.7411,25.599],[91.7431,25.5955],[91.7433,25.5922],[91.7458,25.5882],[91.7464,25.5842],[91.7435,25.5752],[91.7396,25.5737],[91.7332,25.5751],[91.7323,25.5666],[91.7295,25.5633],[91.7233,25.5643],[91.7205,25.5606],[91.7148,25.5588],[91.7132,25.5532],[91.6987,25.5461],[91.6961,25.5427],[91.7002,25.5334],[91.6979,25.5314],[91.6937,25.5302],[91.6897,25.5265],[91.7011,25.508],[91.7076,25.4982],[91.7149,25.4842],[91.7149,25.4786],[91.7138,25.4663],[91.7238,25.4552],[91.7251,25.4429],[91.7277,25.4373],[91.7432,25.4206],[91.7436,25.4345],[91.7647,25.4457],[91.7675,25.455],[91.7806,25.4669],[91.805,25.4801],[91.8029,25.4931],[91.8037,25.498],[91.8024,25.5032],[91.7967,25.507],[91.7879,25.5097],[91.7902,25.5165],[91.8067,25.5283],[91.8182,25.5342],[91.8203,25.5401],[91.8153,25.5706],[91.8179,25.5811],[91.8253,25.5987],[91.8505,25.6156],[91.8648,25.633],[91.8651,25.6338],[91.8601,25.6301],[91.8571,25.6294],[91.8541,25.6309],[91.8594,25.6367],[91.8613,25.6416],[91.8591,25.6465],[91.8559,25.6459],[91.8484,25.6505],[91.8448,25.6481],[91.8408,25.6478],[91.838,25.6443],[91.8357,25.6447],[91.8318,25.647],[91.8293,25.6541],[91.8306,25.6563],[91.8279,25.6692],[91.8273,25.6693]]]},"properties":{"id":"in:subdistrict:1988","level":"subdistrict","name":"Mawphlang","code":1988,"parent":"in:district:274","state":"in:state:17"}},{"type":"Feature","geometry":{"type":"Polygon","coordinates":[[[91.4915,25.797],[91.4912,25.7816],[91.4858,25.7705],[91.4861,25.7503],[91.4874,25.7414],[91.4888,25.728],[91.4927,25.7135],[91.5053,25.689],[91.5079,25.6812],[91.5117,25.6746],[91.5118,25.6679],[91.5205,25.659],[91.5342,25.6524],[91.5367,25.6469],[91.5368,25.6379],[91.5359,25.6329],[91.544,25.6231],[91.5272,25.5868],[91.5626,25.5629],[91.5626,25.5346],[91.5732,25.5187],[91.5817,25.5206],[91.6068,25.5364],[91.613,25.5419],[91.6207,25.5406],[91.6228,25.5381],[91.6292,25.5413],[91.6329,25.5456],[91.6339,25.5489],[91.6396,25.5488],[91.6538,25.5519],[91.6576,25.541],[91.6586,25.528],[91.6646,25.5263],[91.6702,25.522],[91.681,25.5232],[91.6897,25.5265],[91.6937,25.5302],[91.6979,25.5314],[91.7002,25.5334],[91.6961,25.5427],[91.6987,25.5461],[91.7132,25.5532],[91.7148,25.5588],[91.7205,25.5606],[91.7233,25.5643],[91.7295,25.5633],[91.7323,25.5666],[91.7332,25.5751],[91.7396,25.5737],[91.7435,25.5752],[91.7464,25.5842],[91.7458,25.5882],[91.7433,25.5922],[91.7431,25.5955],[91.7411,25.599],[91.7402,25.6037],[91.7356,25.6104],[91.7336,25.6199],[91.7356,25.6241],[91.7387,25.6256],[91.7416,25.6252],[91.7447,25.6233],[91.7515,25.6211],[91.7531,25.6198],[91.7566,25.6138],[91.7644,25.6077],[91.7657,25.6054],[91.7789,25.5946],[91.782,25.591],[91.785,25.5953],[91.7998,25.6095],[91.8002,25.6138],[91.7977,25.6189],[91.799,25.6277],[91.8074,25.6353],[91.8082,25.6421],[91.8113,25.6532],[91.8088,25.6557],[91.8082,25.6587],[91.8126,25.6621],[91.8135,25.6647],[91.8273,25.6693],[91.8286,25.6738],[91.8262,25.6776],[91.8281,25.6887],[91.82,25.7024],[91.8154,25.7032],[91.8133,25.7054],[91.8152,25.7208],[91.8123,25.7248],[91.8114,25.7293],[91.8083,25.7333],[91.8035,25.7329],[91.7975,25.7314],[91.791,25.7331],[91.7848,25.7318],[91.7831,25.7336],[91.7841,25.7389],[91.78,25.7379],[91.7735,25.7398],[91.7724,25.7444],[91.7683,25.7433],[91.7654,25.7497],[91.7768,25.7626],[91.7791,25.7633],[91.7793,25.7663],[91.7884,25.7822],[91.7878,25.7907],[91.7792,25.7947],[91.7702,25.8088],[91.7608,25.8159],[91.7496,25.8271],[91.738,25.8289],[91.7239,25.8269],[91.7074,25.8199],[91.7043,25.8127],[91.6979,25.8047],[91.6869,25.8091],[91.6718,25.811],[91.6594,25.8144],[91.6565,25.8116],[91.6489,25.8085],[91.6447,25.8041],[91.6424,25.8028],[91.6402,25.8065],[91.6317,25.8099],[91.622,25.8104],[91.6125,25.8095],[91.6,25.8099],[91.5967,25.8053],[91.5943,25.8054],[91.5915,25.8089],[91.587,25.8119],[91.5794,25.8105],[91.557,25.8082],[91.5491,25.806],[91.5374,25.7988],[91.534,25.7988],[91.5314,25.8016],[91.5037,25.7978],[91.4965,25.7988],[91.4915,25.797]]]},"properties":{"id":"in:subdistrict:1982","level":"subdistrict","name":"Mairang","code":1982,"parent":"in:district:740","state":"in:state:17"}},{"type":"Feature","geometry":{"type":"Polygon","coordinates":[[[91.6897,25.5265],[91.681,25.5232],[91.6702,25.522],[91.6646,25.5263],[91.6586,25.528],[91.6576,25.541],[91.6538,25.5519],[91.6396,25.5488],[91.6339,25.5489],[91.6329,25.5456],[91.6292,25.5413],[91.6228,25.5381],[91.6207,25.5406],[91.613,25.5419],[91.6068,25.5364],[91.5817,25.5206],[91.5732,25.5187],[91.562,25.5161],[91.5488,25.5145],[91.5472,25.5105],[91.5455,25.5124],[91.5388,25.5158],[91.5356,25.518],[91.5329,25.518],[91.5275,25.5143],[91.5266,25.512],[91.5283,25.5071],[91.5275,25.5029],[91.5268,25.4943],[91.5277,25.4876],[91.5299,25.4865],[91.5308,25.4819],[91.5294,25.479],[91.5321,25.4761],[91.5338,25.4719],[91.5327,25.4697],[91.5325,25.4658],[91.5312,25.4644],[91.5326,25.4613],[91.5352,25.4603],[91.5384,25.4556],[91.5423,25.4509],[91.5421,25.4476],[91.5407,25.4435],[91.5416,25.4398],[91.5414,25.4372],[91.5437,25.4346],[91.5433,25.4315],[91.5408,25.4289],[91.5415,25.4255],[91.5395,25.4233],[91.5392,25.419],[91.5369,25.4157],[91.534,25.4082],[91.5422,25.4065],[91.5542,25.4063],[91.556,25.4047],[91.5548,25.397],[91.5552,25.3943],[91.5516,25.392],[91.5401,25.387],[91.5376,25.3792],[91.5391,25.3738],[91.5377,25.3698],[91.5297,25.3563],[91.5252,25.3539],[91.5244,25.3489],[91.5251,25.3443],[91.5294,25.3428],[91.5395,25.3352],[91.5461,25.3339],[91.5498,25.3302],[91.5484,25.3263],[91.5523,25.3204],[91.5491,25.3122],[91.5525,25.3046],[91.5505,25.3004],[91.5479,25.2869],[91.5437,25.2794],[91.5326,25.2764],[91.5276,25.2801],[91.5223,25.2786],[91.4959,25.2833],[91.489,25.2789],[91.4875,25.2712],[91.4845,25.2649],[91.4789,25.2634],[91.4737,25.2654],[91.4723,25.2694],[91.4674,25.2712],[91.4622,25.2685],[91.4501,25.272],[91.4383,25.2729],[91.4228,25.2619],[91.4122,25.2649],[91.4077,25.2637],[91.4026,25.2636],[91.3985,25.2564],[91.3946,25.2513],[91.3874,25.2458],[91.3855,25.2395],[91.3755,25.2437],[91.3711,25.2427],[91.3651,25.2346],[91.3577,25.2352],[91.3544,25.2341],[91.3538,25.2291],[91.363,25.2052],[91.3798,25.1767],[91.3882,25.1702],[91.3869,25.1697],[91.389,25.1674],[91.3991,25.1649],[91.4068,25.1661],[91.4109,25.1637],[91.4128,25.1675],[91.4121,25.1694],[91.4146,25.1711],[91.4213,25.1629],[91.4226,25.1622],[91.4236,25.1583],[91.4253,25.1569],[91.4286,25.1574],[91.4332,25.1565],[91.44,25.1509],[91.4496,25.1492],[91.4508,25.152],[91.4531,25.1526],[91.457,25.1482],[91.4611,25.1512],[91.4686,25.1518],[91.467,25.1438],[91.4693,25.1395],[91.4676,25.1375],[91.4653,25.1372],[91.4642,25.1348],[91.471,25.1336],[91.4782,25.1338],[91.4809,25.1369],[91.4837,25.1369],[91.4893,25.1351],[91.4931,25.1382],[91.4952,25.1357],[91.5003,25.1358],[91.5017,25.1408],[91.5009,25.1428],[91.5035,25.1446],[91.5096,25.1474],[91.5168,25.1477],[91.5205,25.1457],[91.5246,25.1459],[91.5265,25.1445],[91.556,25.1497],[91.5579,25.1517],[91.5579,25.155],[91.5631,25.1606],[91.567,25.1593],[91.5702,25.1608],[91.5741,25.1597],[91.5719,25.1661],[91.5748,25.1684],[91.5771,25.172],[91.5863,25.1715],[91.59,25.1721],[91.5913,25.1742],[91.6029,25.1741],[91.6061,25.1973],[91.6254,25.2187],[91.6418,25.238],[91.6396,25.2623],[91.6354,25.2958],[91.6425,25.3058],[91.6625,25.3194],[91.6779,25.3277],[91.676,25.3298],[91.6928,25.3376],[91.7028,25.353],[91.7188,25.3751],[91.743,25.4165],[91.7432,25.4206],[91.7277,25.4373],[91.7251,25.4429],[91.7238,25.4552],[91.7138,25.4663],[91.7149,25.4786],[91.7149,25.4842],[91.7076,25.4982],[91.7011,25.508],[91.6897,25.5265]]]},"properties":{"id":"in:subdistrict:1993","level":"subdistrict","name":"Mawsynram","code":1993,"parent":"in:district:274","state":"in:state:17"}},{"type":"Feature","geometry":{"type":"Polygon","coordinates":[[[91.9186,25.5137],[91.9114,25.5137],[91.89,25.4958],[91.8628,25.4716],[91.8421,25.468],[91.83,25.4666],[91.8086,25.4566],[91.805,25.4801],[91.7806,25.4669],[91.7675,25.455],[91.7647,25.4457],[91.7436,25.4345],[91.7432,25.4206],[91.743,25.4165],[91.7188,25.3751],[91.7028,25.353],[91.6928,25.3376],[91.676,25.3298],[91.6779,25.3277],[91.6796,25.3258],[91.7039,25.3262],[91.7299,25.339],[91.741,25.3419],[91.7456,25.3212],[91.7514,25.3019],[91.7674,25.2855],[91.7884,25.2597],[91.8141,25.2606],[91.8344,25.2735],[91.8544,25.3231],[91.852,25.3663],[91.8701,25.4158],[91.8726,25.4479],[91.8812,25.4694],[91.9169,25.4955],[91.9186,25.5137]]]},"properties":{"id":"in:subdistrict:1992","level":"subdistrict","name":"Khatarshnong Laitkroh","code":1992,"parent":"in:district:274","state":"in:state:17"}},{"type":"Feature","geometry":{"type":"Polygon","coordinates":[[[92.0179,25.3063],[92.0166,25.3073],[91.9818,25.323],[91.9615,25.3439],[91.9145,25.3938],[91.9032,25.4188],[91.8824,25.4563],[91.8812,25.4694],[91.8726,25.4479],[91.8701,25.4158],[91.852,25.3663],[91.8544,25.3231],[91.8344,25.2735],[91.8141,25.2606],[91.7884,25.2597],[91.7661,25.1675],[91.7672,25.1663],[91.7722,25.1651],[91.7758,25.1632],[91.7803,25.1659],[91.788,25.1674],[91.7953,25.168],[91.7973,25.1688],[91.8052,25.1681],[91.804,25.1717],[91.8177,25.1712],[91.823,25.1768],[91.8265,25.1777],[91.8305,25.177],[91.8326,25.178],[91.8408,25.1769],[91.8446,25.1748],[91.8498,25.1732],[91.8556,25.1725],[91.8615,25.1725],[91.8644,25.1753],[91.8709,25.1743],[91.876,25.1774],[91.8761,25.1756],[91.8806,25.1729],[91.8845,25.1771],[91.8923,25.1759],[91.8939,25.1784],[91.8974,25.1781],[91.8985,25.1801],[91.9074,25.1793],[91.9132,25.1811],[91.921,25.1812],[91.926,25.18],[91.9331,25.1797],[91.9341,25.1781],[91.9375,25.1786],[91.9467,25.1771],[91.9573,25.1775],[91.963,25.1763],[91.9674,25.1762],[91.9688,25.1719],[91.9717,25.1676],[91.9802,25.1692],[91.9834,25.1709],[91.9887,25.175],[91.9935,25.1801],[91.9986,25.184],[92.0038,25.1862],[92.0094,25.1862],[92.0164,25.1872],[92.016,25.1883],[92.0201,25.1909],[92.022,25.1973],[92.0212,25.2019],[92.0162,25.2046],[92.0102,25.2066],[92.0075,25.2085],[92.0022,25.2176],[91.997,25.2232],[91.9953,25.2311],[91.9883,25.2395],[91.985,25.2456],[91.9852,25.2509],[91.9821,25.2561],[91.9859,25.2753],[91.9901,25.2806],[91.9992,25.2889],[92.0026,25.2929],[92.0043,25.297],[92.0078,25.299],[92.0084,25.3005],[92.0121,25.3021],[92.0141,25.3019],[92.0179,25.3063]]]},"properties":{"id":"in:subdistrict:1995","level":"subdistrict","name":"Pynursla","code":1995,"parent":"in:district:274","state":"in:state:17"}},{"type":"Feature","geometry":{"type":"Polygon","coordinates":[[[91.6029,25.1741],[91.6062,25.174],[91.6094,25.177],[91.6152,25.1747],[91.6154,25.1697],[91.6126,25.1702],[91.6073,25.1693],[91.6041,25.1674],[91.6023,25.1623],[91.6,25.1596],[91.6036,25.159],[91.6026,25.1549],[91.5994,25.1511],[91.6006,25.1459],[91.6038,25.1402],[91.6077,25.1451],[91.6111,25.1463],[91.6134,25.141],[91.6154,25.1451],[91.6214,25.1435],[91.6231,25.1342],[91.6224,25.1314],[91.6232,25.1279],[91.627,25.1254],[91.6328,25.1243],[91.6379,25.1225],[91.6421,25.1231],[91.6454,25.1272],[91.6521,25.1278],[91.6528,25.1312],[91.6572,25.1319],[91.6598,25.1271],[91.665,25.1284],[91.664,25.1351],[91.6699,25.1379],[91.6758,25.1378],[91.6807,25.135],[91.6875,25.1377],[91.6917,25.1371],[91.6938,25.1395],[91.6943,25.1454],[91.6988,25.1462],[91.7009,25.1485],[91.7036,25.1495],[91.7028,25.154],[91.7005,25.1559],[91.7023,25.1574],[91.7063,25.1571],[91.7083,25.1591],[91.7142,25.1577],[91.7165,25.1523],[91.7285,25.1511],[91.7355,25.1497],[91.7365,25.1436],[91.7377,25.1424],[91.7458,25.1404],[91.747,25.1416],[91.7425,25.1444],[91.744,25.1464],[91.7437,25.151],[91.746,25.1548],[91.7486,25.1562],[91.7497,25.16],[91.7453,25.1667],[91.7446,25.1689],[91.7473,25.174],[91.7545,25.1772],[91.7564,25.1767],[91.7549,25.1732],[91.7586,25.1684],[91.7622,25.1671],[91.7661,25.1675],[91.7884,25.2597],[91.7674,25.2855],[91.7514,25.3019],[91.7456,25.3212],[91.741,25.3419],[91.7299,25.339],[91.7039,25.3262],[91.6796,25.3258],[91.6779,25.3277],[91.6625,25.3194],[91.6425,25.3058],[91.6354,25.2958],[91.6396,25.2623],[91.6418,25.238],[91.6254,25.2187],[91.6061,25.1973],[91.6029,25.1741]]]},"properties":{"id":"in:subdistrict:1994","level":"subdistrict","name":"Shella Bholaganj","code":1994,"parent":"in:district:274","state":"in:state:17"}},{"type":"Feature","geometry":{"type":"Polygon","coordinates":[[[91.4959,25.2833],[91.4957,25.2837],[91.4566,25.2919],[91.4128,25.2862],[91.3538,25.2767],[91.3272,25.3024],[91.2758,25.3186],[91.2035,25.3081],[91.153,25.3109],[91.0964,25.3289],[91.0989,25.3255],[91.0992,25.3203],[91.1009,25.319],[91.1041,25.3138],[91.1019,25.3111],[91.0932,25.3067],[91.087,25.3071],[91.0846,25.3089],[91.0785,25.3166],[91.0712,25.324],[91.0702,25.3259],[91.0662,25.3285],[91.0627,25.3289],[91.0587,25.3309],[91.056,25.3307],[91.0497,25.3248],[91.0461,25.3236],[91.0385,25.3224],[91.0347,25.3241],[91.0263,25.3235],[91.023,25.3279],[91.0182,25.3315],[91.021,25.336],[91.0213,25.3379],[91.0187,25.3398],[91.0149,25.3395],[91.0124,25.3425],[91.0109,25.3518],[91.0097,25.3545],[91.0059,25.3579],[91.0021,25.3593],[90.9939,25.3654],[90.9913,25.3611],[90.9938,25.3536],[90.993,25.3487],[90.9878,25.3436],[90.9831,25.3442],[90.9811,25.3429],[90.9785,25.3438],[90.977,25.3398],[90.978,25.3382],[90.9814,25.3374],[90.9838,25.3351],[90.982,25.3318],[90.9833,25.3281],[90.9825,25.3236],[90.9777,25.3209],[90.972,25.3198],[90.9707,25.323],[90.9599,25.3284],[90.9538,25.3287],[90.9475,25.335],[90.946,25.335],[90.9442,25.3316],[90.9417,25.33],[90.9394,25.3237],[90.9365,25.322],[90.9367,25.3303],[90.9354,25.3334],[90.9297,25.3351],[90.927,25.3313],[90.9244,25.3291],[90.9214,25.328],[90.9194,25.3292],[90.9125,25.3284],[90.911,25.3293],[90.9066,25.3281],[90.9053,25.3264],[90.9026,25.3182],[90.9009,25.3177],[90.8969,25.3138],[90.8926,25.3134],[90.8883,25.3184],[90.8827,25.3199],[90.8785,25.3194],[90.8753,25.3181],[90.8741,25.3146],[90.8696,25.3088],[90.8653,25.3047],[90.8642,25.3021],[90.8587,25.2943],[90.8571,25.2936],[90.864,25.2937],[90.8762,25.2925],[90.8915,25.2956],[90.9006,25.2967],[90.9145,25.2858],[90.9195,25.2749],[90.9256,25.2671],[90.9367,25.2623],[90.9453,25.2608],[90.9519,25.2562],[90.9588,25.2465],[90.9595,25.2346],[90.9575,25.2309],[90.9529,25.2281],[90.9533,25.2223],[90.9498,25.2184],[90.9498,25.2147],[90.9556,25.212],[90.9593,25.2038],[90.9686,25.2011],[90.9715,25.1915],[90.9698,25.1732],[90.9736,25.175],[90.9773,25.174],[90.9804,25.1751],[90.985,25.175],[90.9928,25.1778],[90.9992,25.1793],[91.002,25.1813],[91.0054,25.1801],[91.0123,25.1829],[91.0188,25.1838],[91.0191,25.187],[91.0238,25.1855],[91.0304,25.1851],[91.0322,25.1863],[91.0366,25.1868],[91.0473,25.1895],[91.05,25.1897],[91.0552,25.1924],[91.063,25.1912],[91.0679,25.1915],[91.0719,25.1934],[91.0698,25.1962],[91.0696,25.1984],[91.0745,25.1986],[91.0806,25.1968],[91.0849,25.1963],[91.0926,25.1968],[91.1005,25.1963],[91.1081,25.1949],[91.1252,25.194],[91.1336,25.1945],[91.1397,25.1964],[91.1512,25.197],[91.1572,25.1964],[91.1598,25.1977],[91.164,25.196],[91.1684,25.1963],[91.1808,25.1983],[91.184,25.1996],[91.1947,25.2018],[91.2006,25.201],[91.22,25.2],[91.2233,25.199],[91.2245,25.2002],[91.23,25.1969],[91.2333,25.1991],[91.2364,25.199],[91.2368,25.197],[91.244,25.1969],[91.2473,25.1978],[91.2516,25.1952],[91.2515,25.1991],[91.2598,25.201],[91.2603,25.2051],[91.267,25.2063],[91.268,25.2072],[91.2762,25.199],[91.2817,25.1967],[91.2846,25.1963],[91.2922,25.1933],[91.2887,25.1901],[91.2884,25.1865],[91.2925,25.1838],[91.3001,25.1842],[91.3045,25.1826],[91.3117,25.1841],[91.3178,25.1837],[91.3234,25.1814],[91.3276,25.1762],[91.3312,25.1775],[91.3345,25.1767],[91.3372,25.1735],[91.3481,25.1744],[91.3518,25.1756],[91.3538,25.1713],[91.3597,25.1768],[91.3645,25.1779],[91.3652,25.1747],[91.3678,25.1712],[91.3764,25.168],[91.3812,25.1682],[91.3833,25.1696],[91.3869,25.1697],[91.3882,25.1702],[91.3798,25.1767],[91.363,25.2052],[91.3538,25.2291],[91.3544,25.2341],[91.3577,25.2352],[91.3651,25.2346],[91.3711,25.2427],[91.3755,25.2437],[91.3855,25.2395],[91.3874,25.2458],[91.3946,25.2513],[91.3985,25.2564],[91.4026,25.2636],[91.4077,25.2637],[91.4122,25.2649],[91.4228,25.2619],[91.4383,25.2729],[91.4501,25.272],[91.4622,25.2685],[91.4674,25.2712],[91.4723,25.2694],[91.4737,25.2654],[91.4789,25.2634],[91.4845,25.2649],[91.4875,25.2712],[91.489,25.2789],[91.4959,25.2833]]]},"properties":{"id":"in:subdistrict:1983","level":"subdistrict","name":"Ranikor","code":1983,"parent":"in:district:658","state":"in:state:17"}},{"type":"Feature","geometry":{"type":"Polygon","coordinates":[[[91.5416,25.4398],[91.5366,25.4397],[91.533,25.4379],[91.5227,25.4344],[91.5169,25.43],[91.515,25.4305],[91.5058,25.4272],[91.4979,25.4225],[91.4892,25.4188],[91.4782,25.4168],[91.4626,25.4121],[91.4514,25.4107],[91.443,25.4111],[91.4368,25.4101],[91.4338,25.4122],[91.4316,25.4191],[91.4294,25.4316],[91.4265,25.4347],[91.4204,25.4355],[91.4179,25.4369],[91.4135,25.4366],[91.4082,25.4332],[91.4018,25.4319],[91.3718,25.4239],[91.3549,25.4218],[91.3492,25.4205],[91.3397,25.4174],[91.3123,25.4109],[91.2905,25.4068],[91.2901,25.4018],[91.2885,25.3995],[91.2852,25.3982],[91.2786,25.3971],[91.2749,25.398],[91.2718,25.397],[91.2693,25.4007],[91.2692,25.4031],[91.2652,25.4078],[91.2624,25.4102],[91.2549,25.4183],[91.2517,25.4224],[91.2507,25.4257],[91.2438,25.4322],[91.2413,25.4374],[91.2372,25.443],[91.235,25.4446],[91.2316,25.4504],[91.2308,25.4455],[91.2261,25.4448],[91.2237,25.4432],[91.2266,25.4411],[91.2284,25.4385],[91.2274,25.4355],[91.2237,25.4335],[91.2195,25.4346],[91.2172,25.4343],[91.2174,25.4386],[91.2154,25.4402],[91.2133,25.4451],[91.2092,25.4469],[91.2056,25.4461],[91.2004,25.4426],[91.1983,25.4447],[91.1955,25.4448],[91.1886,25.4427],[91.1887,25.4386],[91.1864,25.437],[91.1834,25.4332],[91.1811,25.433],[91.1786,25.4346],[91.179,25.4388],[91.1813,25.443],[91.1776,25.4497],[91.1747,25.4516],[91.1709,25.4512],[91.1667,25.4484],[91.1616,25.4458],[91.1602,25.4436],[91.1556,25.4408],[91.1522,25.4397],[91.1493,25.4375],[91.145,25.4368],[91.1388,25.433],[91.1304,25.4301],[91.127,25.4269],[91.1184,25.4239],[91.1142,25.4229],[91.1118,25.4184],[91.1102,25.413],[91.111,25.4108],[91.1146,25.4091],[91.1171,25.405],[91.1206,25.4032],[91.1185,25.4007],[91.1207,25.3955],[91.1241,25.3933],[91.1305,25.3933],[91.1355,25.3908],[91.1378,25.3887],[91.1415,25.3872],[91.1421,25.377],[91.139,25.3771],[91.1367,25.3752],[91.1357,25.3722],[91.1312,25.3732],[91.1274,25.372],[91.1242,25.3672],[91.117,25.3619],[91.1093,25.361],[91.104,25.3566],[91.1028,25.3522],[91.0975,25.3487],[91.0964,25.3462],[91.0986,25.3395],[91.0954,25.3337],[91.0964,25.3289],[91.153,25.3109],[91.2035,25.3081],[91.2758,25.3186],[91.3272,25.3024],[91.3538,25.2767],[91.4128,25.2862],[91.4566,25.2919],[91.4957,25.2837],[91.4959,25.2833],[91.5223,25.2786],[91.5276,25.2801],[91.5326,25.2764],[91.5437,25.2794],[91.5479,25.2869],[91.5505,25.3004],[91.5525,25.3046],[91.5491,25.3122],[91.5523,25.3204],[91.5484,25.3263],[91.5498,25.3302],[91.5461,25.3339],[91.5395,25.3352],[91.5294,25.3428],[91.5251,25.3443],[91.5244,25.3489],[91.5252,25.3539],[91.5297,25.3563],[91.5377,25.3698],[91.5391,25.3738],[91.5376,25.3792],[91.5401,25.387],[91.5516,25.392],[91.5552,25.3943],[91.5548,25.397],[91.556,25.4047],[91.5542,25.4063],[91.5422,25.4065],[91.534,25.4082],[91.5369,25.4157],[91.5392,25.419],[91.5395,25.4233],[91.5415,25.4255],[91.5408,25.4289],[91.5433,25.4315],[91.5437,25.4346],[91.5414,25.4372],[91.5416,25.4398]]]},"properties":{"id":"in:subdistrict:1984","level":"subdistrict","name":"Mawkyrwat","code":1984,"parent":"in:district:658","state":"in:state:17"}},{"type":"Feature","geometry":{"type":"Polygon","coordinates":[[[91.4375,25.7923],[91.4389,25.7809],[91.4392,25.7746],[91.4428,25.7555],[91.4429,25.7443],[91.4443,25.732],[91.4445,25.7197],[91.4386,25.7006],[91.4387,25.6861],[91.4353,25.6704],[91.433,25.6536],[91.4124,25.6288],[91.4013,25.6242],[91.3928,25.614],[91.372,25.6015],[91.3587,25.5868],[91.3477,25.5755],[91.343,25.5609],[91.3419,25.552],[91.3421,25.5397],[91.3435,25.5274],[91.3411,25.5162],[91.3339,25.5027],[91.3414,25.495],[91.3514,25.4884],[91.3601,25.4817],[91.3776,25.4629],[91.3703,25.4584],[91.3543,25.4548],[91.3373,25.439],[91.3336,25.4393],[91.3295,25.4382],[91.3294,25.4358],[91.3264,25.4328],[91.3224,25.4341],[91.3171,25.4319],[91.3157,25.4301],[91.31,25.4306],[91.3071,25.4288],[91.3114,25.4236],[91.3101,25.4214],[91.3002,25.4181],[91.2978,25.418],[91.2939,25.4155],[91.29,25.4143],[91.2894,25.4094],[91.2905,25.4068],[91.3123,25.4109],[91.3397,25.4174],[91.3492,25.4205],[91.3549,25.4218],[91.3718,25.4239],[91.4018,25.4319],[91.4082,25.4332],[91.4135,25.4366],[91.4179,25.4369],[91.4204,25.4355],[91.4265,25.4347],[91.4294,25.4316],[91.4316,25.4191],[91.4338,25.4122],[91.4368,25.4101],[91.443,25.4111],[91.4514,25.4107],[91.4626,25.4121],[91.4782,25.4168],[91.4892,25.4188],[91.4979,25.4225],[91.5058,25.4272],[91.515,25.4305],[91.5169,25.43],[91.5227,25.4344],[91.533,25.4379],[91.5366,25.4397],[91.5416,25.4398],[91.5407,25.4435],[91.5421,25.4476],[91.5423,25.4509],[91.5384,25.4556],[91.5352,25.4603],[91.5326,25.4613],[91.5312,25.4644],[91.5325,25.4658],[91.5327,25.4697],[91.5338,25.4719],[91.5321,25.4761],[91.5294,25.479],[91.5308,25.4819],[91.5299,25.4865],[91.5277,25.4876],[91.5268,25.4943],[91.5275,25.5029],[91.5283,25.5071],[91.5266,25.512],[91.5275,25.5143],[91.5329,25.518],[91.5356,25.518],[91.5388,25.5158],[91.5455,25.5124],[91.5472,25.5105],[91.5488,25.5145],[91.562,25.5161],[91.5732,25.5187],[91.5626,25.5346],[91.5626,25.5629],[91.5272,25.5868],[91.544,25.6231],[91.5359,25.6329],[91.5368,25.6379],[91.5367,25.6469],[91.5342,25.6524],[91.5205,25.659],[91.5118,25.6679],[91.5117,25.6746],[91.5079,25.6812],[91.5053,25.689],[91.4927,25.7135],[91.4888,25.728],[91.4874,25.7414],[91.4861,25.7503],[91.4858,25.7705],[91.4912,25.7816],[91.4915,25.797],[91.4902,25.7966],[91.48,25.7966],[91.4748,25.7916],[91.4672,25.7889],[91.4585,25.7884],[91.4574,25.795],[91.453,25.7931],[91.4457,25.7924],[91.4416,25.7952],[91.4375,25.7923]]]},"properties":{"id":"in:subdistrict:1981","level":"subdistrict","name":"Mawthadraishan","code":1981,"parent":"in:district:740","state":"in:state:17"}},{"type":"Feature","geometry":{"type":"Polygon","coordinates":[[[91.2646,25.7459],[91.2994,25.7388],[91.2814,25.7141],[91.268,25.6836],[91.2614,25.6484],[91.2081,25.617],[91.1633,25.5856],[91.1205,25.5294],[91.1142,25.498],[91.0986,25.4889],[91.0773,25.4645],[91.0145,25.4812],[91.0086,25.4598],[91.0086,25.4354],[90.9985,25.381],[91.0163,25.3632],[91.0127,25.3525],[91.0109,25.3518],[91.0124,25.3425],[91.0149,25.3395],[91.0187,25.3398],[91.0213,25.3379],[91.021,25.336],[91.0182,25.3315],[91.023,25.3279],[91.0263,25.3235],[91.0347,25.3241],[91.0385,25.3224],[91.0461,25.3236],[91.0497,25.3248],[91.056,25.3307],[91.0587,25.3309],[91.0627,25.3289],[91.0662,25.3285],[91.0702,25.3259],[91.0712,25.324],[91.0785,25.3166],[91.0846,25.3089],[91.087,25.3071],[91.0932,25.3067],[91.1019,25.3111],[91.1041,25.3138],[91.1009,25.319],[91.0992,25.3203],[91.0989,25.3255],[91.0964,25.3289],[91.0954,25.3337],[91.0986,25.3395],[91.0964,25.3462],[91.0975,25.3487],[91.1028,25.3522],[91.104,25.3566],[91.1093,25.361],[91.117,25.3619],[91.1242,25.3672],[91.1274,25.372],[91.1312,25.3732],[91.1357,25.3722],[91.1367,25.3752],[91.139,25.3771],[91.1421,25.377],[91.1415,25.3872],[91.1378,25.3887],[91.1355,25.3908],[91.1305,25.3933],[91.1241,25.3933],[91.1207,25.3955],[91.1185,25.4007],[91.1206,25.4032],[91.1171,25.405],[91.1146,25.4091],[91.111,25.4108],[91.1102,25.413],[91.1118,25.4184],[91.1142,25.4229],[91.1184,25.4239],[91.127,25.4269],[91.1304,25.4301],[91.1388,25.433],[91.145,25.4368],[91.1493,25.4375],[91.1522,25.4397],[91.1556,25.4408],[91.1602,25.4436],[91.1616,25.4458],[91.1667,25.4484],[91.1709,25.4512],[91.1747,25.4516],[91.1776,25.4497],[91.1813,25.443],[91.179,25.4388],[91.1786,25.4346],[91.1811,25.433],[91.1834,25.4332],[91.1864,25.437],[91.1887,25.4386],[91.1886,25.4427],[91.1955,25.4448],[91.1983,25.4447],[91.2004,25.4426],[91.2056,25.4461],[91.2092,25.4469],[91.2133,25.4451],[91.2154,25.4402],[91.2174,25.4386],[91.2172,25.4343],[91.2195,25.4346],[91.2237,25.4335],[91.2274,25.4355],[91.2284,25.4385],[91.2266,25.4411],[91.2237,25.4432],[91.2261,25.4448],[91.2308,25.4455],[91.2316,25.4504],[91.235,25.4446],[91.2372,25.443],[91.2413,25.4374],[91.2438,25.4322],[91.2507,25.4257],[91.2517,25.4224],[91.2549,25.4183],[91.2624,25.4102],[91.2652,25.4078],[91.2692,25.4031],[91.2693,25.4007],[91.2718,25.397],[91.2749,25.398],[91.2786,25.3971],[91.2852,25.3982],[91.2885,25.3995],[91.2901,25.4018],[91.2905,25.4068],[91.2894,25.4094],[91.29,25.4143],[91.2939,25.4155],[91.2978,25.418],[91.3002,25.4181],[91.3101,25.4214],[91.3114,25.4236],[91.3071,25.4288],[91.31,25.4306],[91.3157,25.4301],[91.3171,25.4319],[91.3224,25.4341],[91.3264,25.4328],[91.3294,25.4358],[91.3295,25.4382],[91.3336,25.4393],[91.3373,25.439],[91.3543,25.4548],[91.3703,25.4584],[91.3776,25.4629],[91.3601,25.4817],[91.3514,25.4884],[91.3414,25.495],[91.3339,25.5027],[91.3411,25.5162],[91.3435,25.5274],[91.3421,25.5397],[91.3419,25.552],[91.343,25.5609],[91.3477,25.5755],[91.3587,25.5868],[91.372,25.6015],[91.3928,25.614],[91.4013,25.6242],[91.4124,25.6288],[91.433,25.6536],[91.4353,25.6704],[91.4387,25.6861],[91.4386,25.7006],[91.4445,25.7197],[91.4443,25.732],[91.4429,25.7443],[91.4428,25.7555],[91.4392,25.7746],[91.4389,25.7809],[91.4375,25.7923],[91.4309,25.7919],[91.4227,25.7931],[91.419,25.7967],[91.4199,25.8011],[91.4182,25.8031],[91.4132,25.8027],[91.3948,25.8051],[91.3888,25.8047],[91.3803,25.8009],[91.3716,25.8025],[91.3641,25.8066],[91.3595,25.8065],[91.3517,25.8153],[91.3419,25.8246],[91.3423,25.8357],[91.3432,25.8373],[91.339,25.8381],[91.3357,25.8407],[91.3333,25.8364],[91.3344,25.8333],[91.3319,25.8311],[91.3271,25.8254],[91.3223,25.8215],[91.3208,25.8157],[91.3176,25.8118],[91.3155,25.8106],[91.3123,25.8054],[91.3097,25.7989],[91.3032,25.7908],[91.302,25.7867],[91.3001,25.7854],[91.2972,25.7812],[91.2956,25.7802],[91.2946,25.7759],[91.2899,25.7723],[91.2886,25.7655],[91.2786,25.7569],[91.278,25.7548],[91.2745,25.7504],[91.2646,25.7459]]]},"properties":{"id":"in:subdistrict:1980","level":"subdistrict","name":"Nongstoin","code":1980,"parent":"in:district:279","state":"in:state:17"}},{"type":"Feature","geometry":{"type":"Polygon","coordinates":[[[90.9747,25.7356],[90.9701,25.7262],[90.9631,25.7213],[90.96,25.7161],[90.9548,25.7108],[90.9516,25.6948],[90.9457,25.689],[90.9388,25.6843],[90.9313,25.677],[90.927,25.6688],[90.9177,25.6572],[90.9123,25.6543],[90.911,25.6466],[90.9083,25.6408],[90.9022,25.6376],[90.8942,25.6358],[90.8886,25.6294],[90.8851,25.6238],[90.8801,25.6195],[90.8798,25.611],[90.8753,25.6078],[90.8722,25.6037],[90.8673,25.6012],[90.8624,25.6006],[90.8492,25.5907],[90.8434,25.5911],[90.8378,25.5882],[90.83,25.5901],[90.8175,25.5861],[90.8167,25.5792],[90.8125,25.5771],[90.8103,25.5786],[90.8085,25.584],[90.8017,25.5864],[90.7999,25.5818],[90.7944,25.5778],[90.793,25.5727],[90.7897,25.5724],[90.7842,25.5829],[90.7791,25.5856],[90.7766,25.5793],[90.774,25.5755],[90.773,25.5741],[90.772,25.5683],[90.7666,25.562],[90.7674,25.5577],[90.7666,25.5543],[90.7646,25.5509],[90.7686,25.5439],[90.7775,25.5408],[90.7806,25.5359],[90.7812,25.527],[90.7877,25.5111],[90.7903,25.5078],[90.789,25.5022],[90.7894,25.4964],[90.7925,25.4907],[90.7919,25.4862],[90.7871,25.4794],[90.7745,25.4757],[90.7721,25.4721],[90.7739,25.4687],[90.7816,25.4695],[90.7852,25.4683],[90.7845,25.4645],[90.7772,25.4532],[90.7655,25.4561],[90.7593,25.4551],[90.7575,25.4514],[90.7604,25.4495],[90.7618,25.4463],[90.7578,25.4399],[90.7575,25.4319],[90.7596,25.4257],[90.7637,25.4209],[90.7634,25.4129],[90.762,25.4052],[90.7628,25.3979],[90.7509,25.392],[90.7491,25.3874],[90.7493,25.3807],[90.7539,25.378],[90.7566,25.3764],[90.7591,25.3714],[90.7649,25.368],[90.7833,25.3653],[90.7904,25.3699],[90.7981,25.3683],[90.806,25.3682],[90.8124,25.3648],[90.8143,25.3606],[90.8191,25.3592],[90.8234,25.3595],[90.8309,25.3577],[90.8372,25.3579],[90.8417,25.3515],[90.838,25.3407],[90.8397,25.3363],[90.8398,25.3126],[90.8443,25.3072],[90.8524,25.3015],[90.8541,25.2974],[90.8571,25.2936],[90.8587,25.2943],[90.8642,25.3021],[90.8653,25.3047],[90.8696,25.3088],[90.8741,25.3146],[90.8753,25.3181],[90.8785,25.3194],[90.8827,25.3199],[90.8883,25.3184],[90.8926,25.3134],[90.8969,25.3138],[90.9009,25.3177],[90.9026,25.3182],[90.9053,25.3264],[90.9066,25.3281],[90.911,25.3293],[90.9125,25.3284],[90.9194,25.3292],[90.9214,25.328],[90.9244,25.3291],[90.927,25.3313],[90.9297,25.3351],[90.9354,25.3334],[90.9367,25.3303],[90.9365,25.322],[90.9394,25.3237],[90.9417,25.33],[90.9442,25.3316],[90.946,25.335],[90.9475,25.335],[90.9538,25.3287],[90.9599,25.3284],[90.9707,25.323],[90.972,25.3198],[90.9777,25.3209],[90.9825,25.3236],[90.9833,25.3281],[90.982,25.3318],[90.9838,25.3351],[90.9814,25.3374],[90.978,25.3382],[90.977,25.3398],[90.9785,25.3438],[90.9811,25.3429],[90.9831,25.3442],[90.9878,25.3436],[90.993,25.3487],[90.9938,25.3536],[90.9913,25.3611],[90.9939,25.3654],[91.0021,25.3593],[91.0059,25.3579],[91.0097,25.3545],[91.0109,25.3518],[91.0127,25.3525],[91.0163,25.3632],[90.9985,25.381],[91.0086,25.4354],[91.0086,25.4598],[91.0145,25.4812],[91.0773,25.4645],[91.0986,25.4889],[91.1142,25.498],[91.1205,25.5294],[91.1633,25.5856],[91.2081,25.617],[91.2614,25.6484],[91.268,25.6836],[91.2814,25.7141],[91.2994,25.7388],[91.2646,25.7459],[91.2645,25.7459],[91.2455,25.7333],[91.2225,25.7226],[91.2101,25.7255],[91.2004,25.7358],[91.1905,25.7478],[91.1889,25.7504],[91.1893,25.7559],[91.1886,25.76],[91.1893,25.764],[91.1849,25.766],[91.1837,25.7687],[91.1851,25.772],[91.181,25.7742],[91.1783,25.7774],[91.1784,25.7802],[91.1821,25.7836],[91.1842,25.7989],[91.187,25.8042],[91.1878,25.8068],[91.1904,25.8114],[91.1903,25.8137],[91.1872,25.8156],[91.1863,25.8184],[91.1885,25.8225],[91.1946,25.8276],[91.1948,25.835],[91.1976,25.8356],[91.1995,25.8392],[91.202,25.8405],[91.2034,25.8441],[91.1983,25.8484],[91.1969,25.853],[91.1956,25.861],[91.1892,25.8517],[91.184,25.8504],[91.1802,25.844],[91.1736,25.8444],[91.1605,25.8498],[91.152,25.851],[91.1476,25.8505],[91.1361,25.8426],[91.1295,25.8426],[91.1219,25.834],[91.1196,25.8327],[91.089,25.8307],[91.0832,25.8301],[91.0751,25.8284],[91.067,25.8257],[91.0621,25.8208],[91.0489,25.8293],[91.0526,25.8317],[91.0572,25.8314],[91.059,25.8333],[91.0592,25.8364],[91.0648,25.8376],[91.068,25.8369],[91.0732,25.8401],[91.073,25.8459],[91.0748,25.8489],[91.0696,25.8482],[91.0665,25.8466],[91.0645,25.848],[91.0581,25.8476],[91.0565,25.8487],[91.0473,25.8489],[91.0465,25.8459],[91.0429,25.8422],[91.0392,25.8369],[91.0325,25.835],[91.0311,25.8321],[91.0286,25.8312],[91.0225,25.8238],[91.01,25.8204],[91.006,25.8204],[91.0023,25.8238],[90.9986,25.8197],[90.9943,25.8173],[90.9905,25.8115],[90.9839,25.8052],[90.9799,25.8024],[90.9761,25.798],[90.9702,25.794],[90.9659,25.7814],[90.9574,25.7782],[90.9509,25.7724],[90.944,25.7703],[90.9408,25.7638],[90.9414,25.7565],[90.9436,25.753],[90.9483,25.7526],[90.9524,25.755],[90.9542,25.7546],[90.9576,25.7514],[90.9617,25.7499],[90.966,25.7506],[90.9714,25.7529],[90.9755,25.7513],[90.9792,25.7487],[90.9825,25.7444],[90.9758,25.738],[90.9747,25.7356]]]},"properties":{"id":"in:subdistrict:1979","level":"subdistrict","name":"Mawshynrut","code":1979,"parent":"in:district:279","state":"in:state:17"}},{"type":"Feature","geometry":{"type":"Polygon","coordinates":[[[90.6983,25.7904],[90.6972,25.7881],[90.692,25.7827],[90.685,25.756],[90.6871,25.7146],[90.6921,25.7074],[90.7136,25.6662],[90.7205,25.6511],[90.7214,25.632],[90.7238,25.6121],[90.7235,25.5996],[90.7202,25.5874],[90.7371,25.5812],[90.7714,25.5761],[90.774,25.5755],[90.7766,25.5793],[90.7791,25.5856],[90.7842,25.5829],[90.7897,25.5724],[90.793,25.5727],[90.7944,25.5778],[90.7999,25.5818],[90.8017,25.5864],[90.8085,25.584],[90.8103,25.5786],[90.8125,25.5771],[90.8167,25.5792],[90.8175,25.5861],[90.83,25.5901],[90.8378,25.5882],[90.8434,25.5911],[90.8492,25.5907],[90.8624,25.6006],[90.8673,25.6012],[90.8722,25.6037],[90.8753,25.6078],[90.8798,25.611],[90.8801,25.6195],[90.8851,25.6238],[90.8886,25.6294],[90.8942,25.6358],[90.9022,25.6376],[90.9083,25.6408],[90.911,25.6466],[90.9123,25.6543],[90.9177,25.6572],[90.927,25.6688],[90.9313,25.677],[90.9388,25.6843],[90.9457,25.689],[90.9516,25.6948],[90.9548,25.7108],[90.96,25.7161],[90.9631,25.7213],[90.9701,25.7262],[90.9747,25.7356],[90.9694,25.7388],[90.9644,25.7402],[90.9575,25.7414],[90.9451,25.7413],[90.9395,25.7399],[90.9264,25.7344],[90.9147,25.7336],[90.908,25.7326],[90.8977,25.7328],[90.893,25.7341],[90.8869,25.7373],[90.8732,25.748],[90.8653,25.76],[90.8606,25.7683],[90.8567,25.7738],[90.8542,25.7783],[90.8505,25.7816],[90.8437,25.7886],[90.835,25.7981],[90.8228,25.8061],[90.8119,25.8111],[90.8016,25.8143],[90.7916,25.8144],[90.7849,25.8135],[90.7792,25.8127],[90.767,25.808],[90.7527,25.802],[90.73,25.7909],[90.7248,25.7901],[90.7195,25.79],[90.7068,25.7907],[90.6983,25.7904]]]},"properties":{"id":"in:subdistrict:1971","level":"subdistrict","name":"Dambo Rongjeng","code":1971,"parent":"in:district:273","state":"in:state:17"}},{"type":"Feature","geometry":{"type":"Polygon","coordinates":[[[90.8571,25.2936],[90.8541,25.2974],[90.8524,25.3015],[90.8443,25.3072],[90.8398,25.3126],[90.8397,25.3363],[90.838,25.3407],[90.8417,25.3515],[90.8372,25.3579],[90.8309,25.3577],[90.8234,25.3595],[90.8191,25.3592],[90.8143,25.3606],[90.8124,25.3648],[90.806,25.3682],[90.7981,25.3683],[90.7904,25.3699],[90.7833,25.3653],[90.7649,25.368],[90.7591,25.3714],[90.7566,25.3764],[90.7539,25.378],[90.7518,25.3777],[90.7476,25.3798],[90.733,25.3671],[90.7119,25.3525],[90.6933,25.3347],[90.6776,25.3304],[90.6544,25.3182],[90.6523,25.2997],[90.6609,25.2872],[90.6791,25.2797],[90.6919,25.2672],[90.6868,25.2561],[90.6654,25.2647],[90.6452,25.2388],[90.6473,25.2223],[90.6541,25.1922],[90.6531,25.1913],[90.6569,25.1848],[90.6594,25.1862],[90.6632,25.191],[90.6653,25.1814],[90.6635,25.1795],[90.6652,25.1763],[90.6638,25.1729],[90.6657,25.1719],[90.6657,25.1677],[90.67,25.1664],[90.6718,25.1687],[90.6722,25.1721],[90.6754,25.173],[90.6797,25.1721],[90.6855,25.1745],[90.6855,25.1722],[90.6805,25.1693],[90.6819,25.1649],[90.6837,25.1632],[90.6869,25.1648],[90.6911,25.1635],[90.6917,25.1609],[90.699,25.1568],[90.7024,25.1621],[90.7066,25.1611],[90.7081,25.1666],[90.71,25.1681],[90.7148,25.1676],[90.7175,25.1638],[90.7221,25.1647],[90.7257,25.1631],[90.7266,25.1581],[90.7302,25.1578],[90.7333,25.1549],[90.7345,25.1582],[90.7369,25.1572],[90.741,25.1591],[90.7419,25.1612],[90.7379,25.1643],[90.7392,25.1666],[90.7448,25.1655],[90.7476,25.164],[90.7494,25.1669],[90.7567,25.1698],[90.7602,25.1681],[90.7619,25.1695],[90.7595,25.173],[90.7633,25.1759],[90.7626,25.1772],[90.7666,25.1795],[90.7692,25.1826],[90.771,25.1814],[90.7755,25.182],[90.7813,25.186],[90.781,25.1832],[90.7828,25.1803],[90.7848,25.1791],[90.788,25.1792],[90.7939,25.1811],[90.7967,25.1762],[90.7988,25.1743],[90.8027,25.1727],[90.8046,25.1739],[90.8049,25.1664],[90.8137,25.1637],[90.8158,25.1679],[90.8179,25.1676],[90.8196,25.1626],[90.8215,25.1633],[90.8259,25.162],[90.837,25.1609],[90.8403,25.1612],[90.842,25.1632],[90.8444,25.1585],[90.8498,25.1576],[90.8613,25.1578],[90.8639,25.1584],[90.8659,25.1611],[90.8719,25.1597],[90.8773,25.1636],[90.8834,25.1665],[90.8841,25.166],[90.8945,25.1646],[90.8973,25.1663],[90.9017,25.1625],[90.9046,25.1619],[90.9222,25.1631],[90.928,25.1622],[90.9332,25.1645],[90.9369,25.1648],[90.9431,25.1675],[90.9465,25.1676],[90.9488,25.1708],[90.9556,25.1709],[90.9607,25.1702],[90.9651,25.1709],[90.9698,25.1732],[90.9715,25.1915],[90.9686,25.2011],[90.9593,25.2038],[90.9556,25.212],[90.9498,25.2147],[90.9498,25.2184],[90.9533,25.2223],[90.9529,25.2281],[90.9575,25.2309],[90.9595,25.2346],[90.9588,25.2465],[90.9519,25.2562],[90.9453,25.2608],[90.9367,25.2623],[90.9256,25.2671],[90.9195,25.2749],[90.9145,25.2858],[90.9006,25.2967],[90.8915,25.2956],[90.8762,25.2925],[90.864,25.2937],[90.8571,25.2936]]]},"properties":{"id":"in:subdistrict:1978","level":"subdistrict","name":"Rongara","code":1978,"parent":"in:district:277","state":"in:state:17"}},{"type":"Feature","geometry":{"type":"Polygon","coordinates":[[[90.7666,25.5543],[90.764,25.5535],[90.761,25.5503],[90.7563,25.5492],[90.7503,25.5469],[90.7448,25.544],[90.7387,25.5395],[90.7314,25.5331],[90.7232,25.521],[90.7109,25.5067],[90.7066,25.4933],[90.7007,25.4913],[90.6964,25.4925],[90.6887,25.4914],[90.682,25.4848],[90.6783,25.4799],[90.6788,25.4751],[90.676,25.4728],[90.674,25.466],[90.6682,25.4609],[90.6661,25.4562],[90.6642,25.4548],[90.6614,25.4552],[90.6615,25.4511],[90.6584,25.4488],[90.6555,25.4381],[90.6446,25.416],[90.6397,25.4154],[90.6318,25.4188],[90.6234,25.4207],[90.6132,25.4212],[90.6083,25.4232],[90.6055,25.4221],[90.5976,25.4222],[90.5943,25.4235],[90.5933,25.4234],[90.5911,25.4107],[90.5545,25.3778],[90.5531,25.3712],[90.5607,25.364],[90.5545,25.3474],[90.5393,25.3417],[90.5217,25.334],[90.514,25.315],[90.5159,25.2917],[90.4999,25.2736],[90.4921,25.2629],[90.4909,25.2557],[90.4874,25.2361],[90.4981,25.2236],[90.5002,25.2113],[90.4975,25.1987],[90.5016,25.182],[90.5097,25.1695],[90.5094,25.1754],[90.5185,25.1722],[90.5243,25.1736],[90.5353,25.1733],[90.538,25.1753],[90.5452,25.1736],[90.5515,25.1752],[90.555,25.1717],[90.5599,25.1735],[90.5617,25.1718],[90.5647,25.1734],[90.5716,25.1735],[90.5745,25.1718],[90.5768,25.1718],[90.579,25.1748],[90.5821,25.1736],[90.5848,25.1738],[90.5879,25.1765],[90.5891,25.1752],[90.5982,25.1766],[90.6012,25.175],[90.6046,25.1749],[90.6089,25.1779],[90.6127,25.177],[90.6163,25.1773],[90.6179,25.1727],[90.6204,25.1744],[90.6271,25.1732],[90.6318,25.1736],[90.6337,25.1754],[90.6419,25.1748],[90.6419,25.1767],[90.6388,25.1801],[90.6403,25.1836],[90.6434,25.1821],[90.649,25.1807],[90.6511,25.182],[90.6531,25.1913],[90.6541,25.1922],[90.6473,25.2223],[90.6452,25.2388],[90.6654,25.2647],[90.6868,25.2561],[90.6919,25.2672],[90.6791,25.2797],[90.6609,25.2872],[90.6523,25.2997],[90.6544,25.3182],[90.6776,25.3304],[90.6933,25.3347],[90.7119,25.3525],[90.733,25.3671],[90.7476,25.3798],[90.7518,25.3777],[90.7539,25.378],[90.7493,25.3807],[90.7491,25.3874],[90.7509,25.392],[90.7628,25.3979],[90.762,25.4052],[90.7634,25.4129],[90.7637,25.4209],[90.7596,25.4257],[90.7575,25.4319],[90.7578,25.4399],[90.7618,25.4463],[90.7604,25.4495],[90.7575,25.4514],[90.7593,25.4551],[90.7655,25.4561],[90.7772,25.4532],[90.7845,25.4645],[90.7852,25.4683],[90.7816,25.4695],[90.7739,25.4687],[90.7721,25.4721],[90.7745,25.4757],[90.7871,25.4794],[90.7919,25.4862],[90.7925,25.4907],[90.7894,25.4964],[90.789,25.5022],[90.7903,25.5078],[90.7877,25.5111],[90.7812,25.527],[90.7806,25.5359],[90.7775,25.5408],[90.7686,25.5439],[90.7646,25.5509],[90.7666,25.5543]]]},"properties":{"id":"in:subdistrict:1977","level":"subdistrict","name":"Baghmara","code":1977,"parent":"in:district:277","state":"in:state:17"}},{"type":"Feature","geometry":{"type":"Polygon","coordinates":[[[90.4089,25.7536],[90.4085,25.7513],[90.4026,25.7461],[90.4014,25.7412],[90.3973,25.738],[90.3998,25.7359],[90.3983,25.7338],[90.3985,25.731],[90.4024,25.7284],[90.4057,25.725],[90.4067,25.7222],[90.407,25.7162],[90.4052,25.7127],[90.4055,25.709],[90.4137,25.696],[90.4113,25.6839],[90.4085,25.6812],[90.4074,25.6738],[90.4264,25.6712],[90.4466,25.6593],[90.4918,25.6611],[90.5203,25.6653],[90.5293,25.6534],[90.5346,25.6272],[90.5525,25.5992],[90.5681,25.5942],[90.5793,25.5925],[90.6047,25.583],[90.6312,25.563],[90.6362,25.5566],[90.6511,25.5416],[90.6776,25.533],[90.7303,25.5333],[90.7314,25.5331],[90.7387,25.5395],[90.7448,25.544],[90.7503,25.5469],[90.7563,25.5492],[90.761,25.5503],[90.764,25.5535],[90.7666,25.5543],[90.7674,25.5577],[90.7666,25.562],[90.772,25.5683],[90.773,25.5741],[90.774,25.5755],[90.7714,25.5761],[90.7371,25.5812],[90.7202,25.5874],[90.7235,25.5996],[90.7238,25.6121],[90.7214,25.632],[90.7205,25.6511],[90.7136,25.6662],[90.6921,25.7074],[90.6871,25.7146],[90.685,25.756],[90.692,25.7827],[90.6972,25.7881],[90.6983,25.7904],[90.6747,25.7881],[90.6667,25.7877],[90.6594,25.7863],[90.6544,25.7837],[90.6506,25.7808],[90.6476,25.7766],[90.6447,25.769],[90.6446,25.764],[90.6391,25.755],[90.6325,25.7458],[90.6261,25.7392],[90.6215,25.7357],[90.6168,25.7333],[90.6047,25.7296],[90.5991,25.7377],[90.5995,25.7408],[90.5963,25.7397],[90.5911,25.7396],[90.586,25.7406],[90.5862,25.7455],[90.5801,25.7469],[90.5794,25.7493],[90.5769,25.7501],[90.5736,25.7569],[90.5733,25.7593],[90.5709,25.7624],[90.5671,25.7703],[90.5646,25.7785],[90.5625,25.7791],[90.5612,25.7758],[90.559,25.7744],[90.5563,25.7698],[90.552,25.7707],[90.5497,25.7689],[90.5457,25.7711],[90.5453,25.7759],[90.5473,25.7783],[90.5441,25.7791],[90.5407,25.7772],[90.5369,25.7714],[90.5333,25.7692],[90.5326,25.7642],[90.529,25.7594],[90.5268,25.7582],[90.5232,25.7503],[90.5214,25.7488],[90.5188,25.7435],[90.5163,25.7415],[90.5142,25.7354],[90.5119,25.7331],[90.5113,25.7295],[90.5085,25.7278],[90.5063,25.7221],[90.5041,25.7189],[90.5016,25.7129],[90.499,25.7158],[90.4952,25.7144],[90.4936,25.7155],[90.491,25.7141],[90.4903,25.7107],[90.4871,25.7084],[90.4869,25.7055],[90.4832,25.7058],[90.4814,25.7081],[90.4767,25.7095],[90.4723,25.7172],[90.4692,25.72],[90.4665,25.7203],[90.4617,25.7189],[90.4596,25.7192],[90.4589,25.7242],[90.4565,25.7224],[90.4549,25.724],[90.4506,25.7199],[90.4461,25.7246],[90.4456,25.7294],[90.436,25.7295],[90.4202,25.7421],[90.4089,25.7536]]]},"properties":{"id":"in:subdistrict:1973","level":"subdistrict","name":"Songsak","code":1973,"parent":"in:district:273","state":"in:state:17"}},{"type":"Feature","geometry":{"type":"Polygon","coordinates":[[[90.7314,25.5331],[90.7303,25.5333],[90.6776,25.533],[90.6511,25.5416],[90.6362,25.5566],[90.6312,25.563],[90.6047,25.583],[90.5793,25.5925],[90.5681,25.5942],[90.5525,25.5992],[90.5346,25.6272],[90.5293,25.6534],[90.5203,25.6653],[90.4918,25.6611],[90.4466,25.6593],[90.4264,25.6712],[90.4074,25.6738],[90.409,25.6695],[90.412,25.6664],[90.4124,25.6599],[90.4138,25.657],[90.4129,25.6542],[90.41,25.6548],[90.4041,25.6541],[90.4006,25.65],[90.3975,25.6491],[90.3942,25.6433],[90.392,25.642],[90.3941,25.6365],[90.3967,25.634],[90.3981,25.6309],[90.3961,25.627],[90.3939,25.6253],[90.3903,25.6243],[90.3875,25.6205],[90.3909,25.6161],[90.3896,25.6086],[90.3865,25.6031],[90.3851,25.5986],[90.3852,25.5928],[90.3824,25.5897],[90.382,25.5865],[90.3836,25.5821],[90.3861,25.5782],[90.3845,25.5754],[90.3853,25.5723],[90.383,25.5693],[90.3836,25.565],[90.3857,25.5609],[90.3896,25.5596],[90.3915,25.5567],[90.3876,25.5524],[90.3902,25.5498],[90.3904,25.5473],[90.3872,25.5376],[90.3803,25.5359],[90.3744,25.5309],[90.3737,25.5278],[90.3758,25.5259],[90.3754,25.5237],[90.3698,25.5227],[90.3691,25.52],[90.3609,25.5171],[90.3595,25.5204],[90.3566,25.5211],[90.3493,25.5157],[90.3422,25.5075],[90.337,25.5004],[90.337,25.4987],[90.3343,25.4924],[90.3307,25.4917],[90.3248,25.485],[90.3236,25.4809],[90.3216,25.4794],[90.3209,25.4767],[90.318,25.4748],[90.3158,25.471],[90.3204,25.4621],[90.3255,25.4611],[90.332,25.4567],[90.3345,25.457],[90.3443,25.4573],[90.348,25.4606],[90.3522,25.4593],[90.3568,25.4586],[90.3597,25.4572],[90.3681,25.4569],[90.3752,25.4589],[90.3817,25.4587],[90.3866,25.456],[90.3909,25.4579],[90.3952,25.4575],[90.4036,25.4604],[90.4095,25.4547],[90.4147,25.4571],[90.4173,25.4597],[90.427,25.4595],[90.4415,25.461],[90.4469,25.4582],[90.4522,25.4579],[90.4558,25.4563],[90.4608,25.4552],[90.4644,25.4528],[90.4728,25.4515],[90.4774,25.4486],[90.481,25.4493],[90.4933,25.4441],[90.4982,25.4439],[90.5034,25.4407],[90.5074,25.4368],[90.5101,25.4327],[90.5167,25.4299],[90.5243,25.4297],[90.5257,25.4315],[90.5306,25.4304],[90.5343,25.4313],[90.5366,25.4295],[90.5401,25.4297],[90.5418,25.4284],[90.5488,25.4266],[90.5497,25.4251],[90.5536,25.4284],[90.5551,25.4277],[90.5653,25.4275],[90.5703,25.4251],[90.5719,25.4264],[90.5771,25.4263],[90.5798,25.4254],[90.5897,25.4252],[90.5943,25.4235],[90.5976,25.4222],[90.6055,25.4221],[90.6083,25.4232],[90.6132,25.4212],[90.6234,25.4207],[90.6318,25.4188],[90.6397,25.4154],[90.6446,25.416],[90.6555,25.4381],[90.6584,25.4488],[90.6615,25.4511],[90.6614,25.4552],[90.6642,25.4548],[90.6661,25.4562],[90.6682,25.4609],[90.674,25.466],[90.676,25.4728],[90.6788,25.4751],[90.6783,25.4799],[90.682,25.4848],[90.6887,25.4914],[90.6964,25.4925],[90.7007,25.4913],[90.7066,25.4933],[90.7109,25.5067],[90.7232,25.521],[90.7314,25.5331]]]},"properties":{"id":"in:subdistrict:1974","level":"subdistrict","name":"Samanda","code":1974,"parent":"in:district:273","state":"in:state:17"}},{"type":"Feature","geometry":{"type":"Polygon","coordinates":[[[90.1594,25.5065],[90.1631,25.5053],[90.1763,25.5032],[90.1999,25.5093],[90.2099,25.5189],[90.2284,25.5207],[90.2374,25.5157],[90.2509,25.505],[90.2627,25.5053],[90.2698,25.5],[90.288,25.4843],[90.3209,25.4767],[90.3216,25.4794],[90.3236,25.4809],[90.3248,25.485],[90.3307,25.4917],[90.3343,25.4924],[90.337,25.4987],[90.337,25.5004],[90.3422,25.5075],[90.3493,25.5157],[90.3566,25.5211],[90.3595,25.5204],[90.3609,25.5171],[90.3691,25.52],[90.3698,25.5227],[90.3754,25.5237],[90.3758,25.5259],[90.3737,25.5278],[90.3744,25.5309],[90.3803,25.5359],[90.3872,25.5376],[90.3904,25.5473],[90.3902,25.5498],[90.3876,25.5524],[90.3915,25.5567],[90.3896,25.5596],[90.3857,25.5609],[90.3836,25.565],[90.383,25.5693],[90.3853,25.5723],[90.3845,25.5754],[90.3861,25.5782],[90.3836,25.5821],[90.382,25.5865],[90.3824,25.5897],[90.3852,25.5928],[90.3851,25.5986],[90.3865,25.6031],[90.3896,25.6086],[90.3909,25.6161],[90.3875,25.6205],[90.3903,25.6243],[90.3939,25.6253],[90.3961,25.627],[90.3981,25.6309],[90.3967,25.634],[90.3941,25.6365],[90.392,25.642],[90.3942,25.6433],[90.3975,25.6491],[90.4006,25.65],[90.4041,25.6541],[90.41,25.6548],[90.4129,25.6542],[90.4138,25.657],[90.4124,25.6599],[90.412,25.6664],[90.409,25.6695],[90.4074,25.6738],[90.4085,25.6812],[90.4113,25.6839],[90.4137,25.696],[90.4055,25.709],[90.4052,25.7127],[90.407,25.7162],[90.4067,25.7222],[90.4057,25.725],[90.4024,25.7284],[90.3985,25.731],[90.3983,25.7338],[90.3998,25.7359],[90.3973,25.738],[90.4014,25.7412],[90.4026,25.7461],[90.4085,25.7513],[90.4089,25.7536],[90.4014,25.758],[90.3889,25.7603],[90.3889,25.7657],[90.3905,25.7688],[90.3905,25.7716],[90.3869,25.7768],[90.3805,25.777],[90.3754,25.7806],[90.3699,25.7806],[90.3644,25.7836],[90.3536,25.786],[90.35,25.7894],[90.3463,25.7893],[90.3375,25.7877],[90.3347,25.7919],[90.3373,25.7945],[90.3368,25.7968],[90.3342,25.7996],[90.3334,25.8052],[90.3226,25.8056],[90.3214,25.7818],[90.3447,25.7794],[90.3578,25.7543],[90.3495,25.7412],[90.3256,25.7304],[90.313,25.7221],[90.3094,25.7101],[90.301,25.7155],[90.2903,25.7203],[90.2688,25.7125],[90.2664,25.6904],[90.2508,25.679],[90.2293,25.673],[90.1964,25.6659],[90.1677,25.6659],[90.1511,25.6672],[90.1421,25.6551],[90.1239,25.6554],[90.1107,25.6497],[90.0975,25.6187],[90.099,25.606],[90.1029,25.5905],[90.1132,25.561],[90.1159,25.5639],[90.1186,25.5649],[90.1216,25.5637],[90.1249,25.5576],[90.1214,25.5519],[90.1179,25.5478],[90.1181,25.5425],[90.1209,25.5316],[90.1255,25.5343],[90.1289,25.5338],[90.1301,25.5352],[90.1252,25.537],[90.1266,25.5391],[90.131,25.5376],[90.1346,25.5397],[90.1371,25.5377],[90.1394,25.5377],[90.1371,25.5452],[90.1402,25.5512],[90.1423,25.5536],[90.1474,25.5485],[90.1477,25.5453],[90.1531,25.5463],[90.1552,25.5497],[90.1588,25.5495],[90.1608,25.5478],[90.1624,25.5413],[90.1598,25.5408],[90.1571,25.5347],[90.1604,25.5312],[90.1607,25.5278],[90.1595,25.5262],[90.1576,25.5185],[90.1608,25.515],[90.1614,25.5112],[90.1594,25.5065]]]},"properties":{"id":"in:subdistrict:1965","level":"subdistrict","name":"Rongram","code":1965,"parent":"in:district:278","state":"in:state:17"}},{"type":"Feature","geometry":{"type":"Polygon","coordinates":[[[90.1477,25.4221],[90.1551,25.418],[90.1915,25.4027],[90.2132,25.3913],[90.2414,25.4031],[90.27,25.3759],[90.2609,25.3621],[90.2648,25.345],[90.2712,25.3306],[90.2614,25.3212],[90.2738,25.3137],[90.2776,25.314],[90.2814,25.3119],[90.2845,25.3125],[90.2864,25.3158],[90.2813,25.3182],[90.2827,25.32],[90.2907,25.3198],[90.2942,25.3225],[90.2926,25.324],[90.2882,25.3257],[90.2916,25.3292],[90.2925,25.3335],[90.295,25.3365],[90.3011,25.3365],[90.3043,25.3376],[90.3075,25.3342],[90.3088,25.3344],[90.3086,25.3432],[90.3155,25.3462],[90.3142,25.3472],[90.3166,25.3522],[90.3249,25.3502],[90.3288,25.353],[90.3286,25.3557],[90.3321,25.3635],[90.3274,25.3645],[90.3235,25.3618],[90.3166,25.364],[90.3167,25.3674],[90.3196,25.3694],[90.3166,25.3713],[90.3109,25.371],[90.3115,25.366],[90.3101,25.3639],[90.3068,25.3628],[90.3032,25.3629],[90.3027,25.3707],[90.3041,25.378],[90.3091,25.3816],[90.309,25.3845],[90.3059,25.3902],[90.3079,25.3927],[90.3069,25.3951],[90.3069,25.3995],[90.3119,25.3996],[90.3146,25.4007],[90.3189,25.4041],[90.3183,25.4076],[90.3219,25.4085],[90.325,25.4119],[90.3215,25.4168],[90.3265,25.4189],[90.33,25.422],[90.3294,25.4284],[90.3327,25.4365],[90.334,25.4388],[90.3348,25.4505],[90.3378,25.4531],[90.3377,25.4556],[90.3345,25.457],[90.332,25.4567],[90.3255,25.4611],[90.3204,25.4621],[90.3158,25.471],[90.318,25.4748],[90.3209,25.4767],[90.288,25.4843],[90.2698,25.5],[90.2627,25.5053],[90.2509,25.505],[90.2374,25.5157],[90.2284,25.5207],[90.2099,25.5189],[90.1999,25.5093],[90.1763,25.5032],[90.1631,25.5053],[90.1594,25.5065],[90.1601,25.505],[90.1597,25.5006],[90.158,25.4974],[90.1575,25.4905],[90.1526,25.4874],[90.1559,25.4869],[90.1569,25.485],[90.1606,25.4844],[90.1603,25.4815],[90.1629,25.4804],[90.1641,25.4756],[90.1595,25.4684],[90.1599,25.4653],[90.1587,25.4578],[90.1554,25.4507],[90.1534,25.4477],[90.1547,25.4455],[90.1528,25.4432],[90.1572,25.44],[90.1567,25.4378],[90.1525,25.4305],[90.1522,25.4271],[90.1477,25.4221]]]},"properties":{"id":"in:subdistrict:1968","level":"subdistrict","name":"Gambegre","code":1968,"parent":"in:district:278","state":"in:state:17"}},{"type":"Feature","geometry":{"type":"Polygon","coordinates":[[[89.9665,25.3036],[89.9693,25.3022],[89.9769,25.297],[89.9804,25.2907],[89.9808,25.2809],[89.9856,25.2801],[89.996,25.2766],[90.0045,25.2804],[90.011,25.2756],[90.0194,25.272],[90.0214,25.2691],[90.0338,25.2623],[90.0374,25.2612],[90.0467,25.2606],[90.0545,25.2614],[90.0564,25.2604],[90.0595,25.2546],[90.0621,25.2525],[90.069,25.2485],[90.0741,25.244],[90.0813,25.2404],[90.0897,25.239],[90.0943,25.2373],[90.0993,25.2346],[90.1004,25.233],[90.1054,25.2292],[90.1124,25.2254],[90.1181,25.2235],[90.1215,25.2251],[90.1281,25.2256],[90.1371,25.2245],[90.158,25.224],[90.1632,25.2233],[90.1715,25.2231],[90.1825,25.2181],[90.188,25.2151],[90.192,25.2151],[90.1924,25.2133],[90.1959,25.211],[90.2079,25.2102],[90.2094,25.2081],[90.2152,25.2054],[90.2201,25.2062],[90.2255,25.2005],[90.2287,25.2033],[90.234,25.2049],[90.2434,25.2028],[90.2485,25.2003],[90.2514,25.2017],[90.2533,25.2105],[90.252,25.2133],[90.2464,25.2204],[90.2439,25.2256],[90.2394,25.227],[90.2354,25.2232],[90.2341,25.2249],[90.2342,25.2283],[90.2366,25.2313],[90.2407,25.2318],[90.2534,25.2311],[90.2567,25.2322],[90.2599,25.2347],[90.2558,25.2368],[90.2543,25.2398],[90.2581,25.2407],[90.2622,25.2394],[90.265,25.2373],[90.268,25.238],[90.2684,25.24],[90.2667,25.2427],[90.2683,25.2453],[90.2723,25.249],[90.27,25.2562],[90.2707,25.2607],[90.2731,25.2645],[90.2777,25.2683],[90.2811,25.2657],[90.2833,25.2652],[90.2852,25.2672],[90.281,25.2707],[90.274,25.2727],[90.273,25.275],[90.2768,25.2767],[90.2738,25.2789],[90.2674,25.28],[90.2666,25.281],[90.2688,25.286],[90.2692,25.2912],[90.2689,25.299],[90.2676,25.3028],[90.27,25.3045],[90.2715,25.3081],[90.2701,25.3123],[90.2738,25.3137],[90.2614,25.3212],[90.2712,25.3306],[90.2648,25.345],[90.2609,25.3621],[90.27,25.3759],[90.2414,25.4031],[90.2132,25.3913],[90.1915,25.4027],[90.1551,25.418],[90.1477,25.4221],[90.1471,25.4211],[90.1508,25.4176],[90.1495,25.4145],[90.1504,25.4094],[90.1466,25.4046],[90.1477,25.4018],[90.1477,25.3982],[90.1487,25.3957],[90.1516,25.3962],[90.1542,25.3932],[90.1557,25.389],[90.1526,25.3858],[90.1515,25.3798],[90.1468,25.3761],[90.1389,25.3739],[90.1127,25.3677],[90.1076,25.3674],[90.1047,25.3658],[90.0555,25.3551],[90.0187,25.3507],[90.0151,25.3475],[90.0162,25.3457],[90.0145,25.3422],[90.0143,25.3392],[90.0102,25.3372],[90.0091,25.333],[90.0103,25.3314],[90.0063,25.3285],[89.9803,25.3246],[89.9772,25.3205],[89.9791,25.3172],[89.9806,25.317],[89.9665,25.304],[89.9665,25.3036]]]},"properties":{"id":"in:subdistrict:1969","level":"subdistrict","name":"Dalu","code":1969,"parent":"in:district:278","state":"in:state:17"}},{"type":"Feature","geometry":{"type":"Polygon","coordinates":[[[90.5943,25.4235],[90.5897,25.4252],[90.5798,25.4254],[90.5771,25.4263],[90.5719,25.4264],[90.5703,25.4251],[90.5653,25.4275],[90.5551,25.4277],[90.5536,25.4284],[90.5497,25.4251],[90.5488,25.4266],[90.5418,25.4284],[90.5401,25.4297],[90.5366,25.4295],[90.5343,25.4313],[90.5306,25.4304],[90.5257,25.4315],[90.5243,25.4297],[90.5167,25.4299],[90.5101,25.4327],[90.5074,25.4368],[90.5034,25.4407],[90.4982,25.4439],[90.4933,25.4441],[90.481,25.4493],[90.4774,25.4486],[90.4728,25.4515],[90.4644,25.4528],[90.4608,25.4552],[90.4558,25.4563],[90.4522,25.4579],[90.4469,25.4582],[90.4415,25.461],[90.427,25.4595],[90.4173,25.4597],[90.4147,25.4571],[90.4095,25.4547],[90.4036,25.4604],[90.3952,25.4575],[90.3909,25.4579],[90.3866,25.456],[90.3817,25.4587],[90.3752,25.4589],[90.3681,25.4569],[90.3597,25.4572],[90.3568,25.4586],[90.3522,25.4593],[90.348,25.4606],[90.3443,25.4573],[90.3345,25.457],[90.3377,25.4556],[90.3378,25.4531],[90.3348,25.4505],[90.334,25.4388],[90.3327,25.4365],[90.3294,25.4284],[90.33,25.422],[90.3265,25.4189],[90.3215,25.4168],[90.325,25.4119],[90.3219,25.4085],[90.3183,25.4076],[90.3189,25.4041],[90.3146,25.4007],[90.3119,25.3996],[90.3069,25.3995],[90.3069,25.3951],[90.3079,25.3927],[90.3059,25.3902],[90.309,25.3845],[90.3091,25.3816],[90.3041,25.378],[90.3027,25.3707],[90.3032,25.3629],[90.3068,25.3628],[90.3101,25.3639],[90.3115,25.366],[90.3109,25.371],[90.3166,25.3713],[90.3196,25.3694],[90.3167,25.3674],[90.3166,25.364],[90.3235,25.3618],[90.3274,25.3645],[90.3321,25.3635],[90.3286,25.3557],[90.3288,25.353],[90.3249,25.3502],[90.3166,25.3522],[90.3142,25.3472],[90.3155,25.3462],[90.3086,25.3432],[90.3088,25.3344],[90.3075,25.3342],[90.3043,25.3376],[90.3011,25.3365],[90.295,25.3365],[90.2925,25.3335],[90.2916,25.3292],[90.2882,25.3257],[90.2926,25.324],[90.2942,25.3225],[90.2907,25.3198],[90.2827,25.32],[90.2813,25.3182],[90.2864,25.3158],[90.2845,25.3125],[90.2814,25.3119],[90.2776,25.314],[90.2738,25.3137],[90.2877,25.3051],[90.3011,25.3004],[90.3434,25.298],[90.3729,25.2923],[90.3758,25.2818],[90.3767,25.2718],[90.4,25.2537],[90.4134,25.2528],[90.4286,25.2571],[90.4562,25.259],[90.4671,25.2561],[90.4909,25.2557],[90.4921,25.2629],[90.4999,25.2736],[90.5159,25.2917],[90.514,25.315],[90.5217,25.334],[90.5393,25.3417],[90.5545,25.3474],[90.5607,25.364],[90.5531,25.3712],[90.5545,25.3778],[90.5911,25.4107],[90.5933,25.4234],[90.5943,25.4235]]]},"properties":{"id":"in:subdistrict:1975","level":"subdistrict","name":"Chokpot","code":1975,"parent":"in:district:277","state":"in:state:17"}},{"type":"Feature","geometry":{"type":"Polygon","coordinates":[[[90.4909,25.2557],[90.4671,25.2561],[90.4562,25.259],[90.4286,25.2571],[90.4134,25.2528],[90.4,25.2537],[90.3767,25.2718],[90.3758,25.2818],[90.3729,25.2923],[90.3434,25.298],[90.3011,25.3004],[90.2877,25.3051],[90.2738,25.3137],[90.2701,25.3123],[90.2715,25.3081],[90.27,25.3045],[90.2676,25.3028],[90.2689,25.299],[90.2692,25.2912],[90.2688,25.286],[90.2666,25.281],[90.2674,25.28],[90.2738,25.2789],[90.2768,25.2767],[90.273,25.275],[90.274,25.2727],[90.281,25.2707],[90.2852,25.2672],[90.2833,25.2652],[90.2811,25.2657],[90.2777,25.2683],[90.2731,25.2645],[90.2707,25.2607],[90.27,25.2562],[90.2723,25.249],[90.2683,25.2453],[90.2667,25.2427],[90.2684,25.24],[90.268,25.238],[90.265,25.2373],[90.2622,25.2394],[90.2581,25.2407],[90.2543,25.2398],[90.2558,25.2368],[90.2599,25.2347],[90.2567,25.2322],[90.2534,25.2311],[90.2407,25.2318],[90.2366,25.2313],[90.2342,25.2283],[90.2341,25.2249],[90.2354,25.2232],[90.2394,25.227],[90.2439,25.2256],[90.2464,25.2204],[90.252,25.2133],[90.2533,25.2105],[90.2514,25.2017],[90.2485,25.2003],[90.2558,25.1997],[90.26,25.1971],[90.2641,25.1963],[90.2681,25.1984],[90.2829,25.1953],[90.2866,25.1957],[90.2938,25.1926],[90.3023,25.1906],[90.3039,25.1907],[90.3104,25.1888],[90.3166,25.1929],[90.3234,25.1921],[90.3302,25.1938],[90.3367,25.1895],[90.3414,25.183],[90.3468,25.1783],[90.3541,25.1734],[90.3653,25.1672],[90.3705,25.1628],[90.3757,25.1616],[90.382,25.161],[90.387,25.1615],[90.4002,25.159],[90.4045,25.16],[90.4071,25.1589],[90.4137,25.1536],[90.4206,25.1506],[90.4359,25.1467],[90.4411,25.1445],[90.4464,25.1448],[90.4494,25.1466],[90.4508,25.1524],[90.4568,25.1528],[90.4637,25.1543],[90.4755,25.1584],[90.485,25.1607],[90.4885,25.1641],[90.4993,25.1686],[90.4994,25.1718],[90.5023,25.1717],[90.507,25.1697],[90.5097,25.1695],[90.5016,25.182],[90.4975,25.1987],[90.5002,25.2113],[90.4981,25.2236],[90.4874,25.2361],[90.4909,25.2557]]]},"properties":{"id":"in:subdistrict:1976","level":"subdistrict","name":"Gasuapara","code":1976,"parent":"in:district:277","state":"in:state:17"}}]}