{"type":"FeatureCollection","features":[{"type":"Feature","geometry":{"type":"Polygon","coordinates":[[[84.1585,22.4059],[84.1701,22.4162],[84.1737,22.4238],[84.1761,22.4259],[84.1788,22.4303],[84.1813,22.4321],[84.1835,22.4357],[84.1886,22.4383],[84.1917,22.4406],[84.198,22.4475],[84.2038,22.4525],[84.2088,22.4539],[84.2133,22.4517],[84.2171,22.4523],[84.2172,22.4567],[84.2193,22.4592],[84.224,22.467],[84.225,22.4701],[84.2245,22.4757],[84.2234,22.481],[84.2243,22.4855],[84.2206,22.4847],[84.2209,22.4886],[84.2198,22.4913],[84.2178,22.492],[84.2203,22.4954],[84.2243,22.4991],[84.2269,22.4997],[84.2317,22.4983],[84.2362,22.4993],[84.2404,22.4963],[84.2439,22.4968],[84.2466,22.4993],[84.248,22.5026],[84.2477,22.5059],[84.251,22.5101],[84.2537,22.5101],[84.254,22.5076],[84.2608,22.5073],[84.2638,22.506],[84.2652,22.5032],[84.2683,22.5029],[84.2696,22.5045],[84.2734,22.503],[84.2786,22.4999],[84.2836,22.4998],[84.2829,22.5014],[84.2844,22.5094],[84.285,22.52],[84.284,22.5242],[84.286,22.5299],[84.289,22.5358],[84.2887,22.5386],[84.2834,22.5468],[84.2829,22.5538],[84.2839,22.5562],[84.298,22.5652],[84.3043,22.5682],[84.3067,22.5731],[84.3065,22.5777],[84.3076,22.5809],[84.3072,22.5859],[84.3082,22.5888],[84.3147,22.5939],[84.313,22.5981],[84.3075,22.6053],[84.305,22.6071],[84.3057,22.6118],[84.3053,22.6169],[84.3031,22.6214],[84.2975,22.6218],[84.2953,22.6238],[84.2887,22.6243],[84.2875,22.6264],[84.2893,22.633],[84.284,22.6367],[84.2843,22.6391],[84.288,22.6394],[84.2899,22.6482],[84.2933,22.6545],[84.2889,22.6562],[84.286,22.656],[84.285,22.6588],[84.287,22.6618],[84.2861,22.6642],[84.2822,22.6696],[84.2782,22.6728],[84.2656,22.6719],[84.2586,22.6702],[84.2519,22.6714],[84.2467,22.6733],[84.2407,22.673],[84.2363,22.6735],[84.2302,22.6731],[84.2261,22.6718],[84.2219,22.6683],[84.2175,22.6658],[84.2132,22.6658],[84.2132,22.6676],[84.2079,22.6684],[84.2002,22.6665],[84.1966,22.6622],[84.1918,22.6595],[84.188,22.6552],[84.185,22.6544],[84.1789,22.6506],[84.1763,22.6506],[84.1789,22.6431],[84.181,22.6394],[84.1823,22.6344],[84.1831,22.6273],[84.1873,22.6289],[84.1956,22.6332],[84.1969,22.6344],[84.2014,22.6351],[84.2073,22.6346],[84.2134,22.6328],[84.2164,22.6284],[84.2205,22.6264],[84.2235,22.6183],[84.2229,22.6158],[84.2271,22.6091],[84.2341,22.6023],[84.2412,22.5973],[84.2475,22.5948],[84.2496,22.5949],[84.2579,22.5915],[84.2622,22.5902],[84.2636,22.5851],[84.261,22.5816],[84.2539,22.5777],[84.2511,22.5756],[84.2451,22.5729],[84.2391,22.5712],[84.2328,22.5703],[84.2307,22.572],[84.2258,22.57],[84.2209,22.5707],[84.2172,22.5689],[84.2177,22.5657],[84.2101,22.5622],[84.2079,22.5651],[84.2045,22.5672],[84.2029,22.5712],[84.1976,22.5717],[84.1947,22.5698],[84.1901,22.5692],[84.1852,22.5694],[84.1818,22.5681],[84.1788,22.5655],[84.1737,22.5651],[84.1704,22.5628],[84.1638,22.5595],[84.1611,22.5552],[84.1591,22.5476],[84.1628,22.5437],[84.1616,22.5404],[84.1635,22.5379],[84.1695,22.5384],[84.1734,22.5365],[84.173,22.5333],[84.1763,22.5297],[84.1826,22.5249],[84.1891,22.5227],[84.1917,22.5239],[84.1939,22.5232],[84.2011,22.5159],[84.2014,22.5107],[84.195,22.5083],[84.1934,22.5045],[84.1895,22.5006],[84.1881,22.4979],[84.1805,22.4988],[84.1765,22.4976],[84.163,22.4956],[84.1594,22.4967],[84.1582,22.5001],[84.1506,22.4991],[84.1496,22.5025],[84.1472,22.5052],[84.1392,22.5087],[84.1328,22.5103],[84.1313,22.5096],[84.1307,22.5059],[84.1315,22.5035],[84.1316,22.4956],[84.1287,22.4926],[84.1297,22.491],[84.1276,22.4843],[84.1288,22.4776],[84.1328,22.4762],[84.1358,22.4763],[84.1367,22.4741],[84.1417,22.473],[84.1429,22.4642],[84.1421,22.4566],[84.1411,22.4525],[84.1391,22.4488],[84.1403,22.4443],[84.1408,22.4359],[84.1409,22.4259],[84.1419,22.4234],[84.1463,22.42],[84.1561,22.4077],[84.1585,22.4059]]]},"properties":{"id":"in:subdistrict:2721","level":"subdistrict","name":"Kersai","code":2721,"parent":"in:district:342","state":"in:state:20"}},{"type":"Feature","geometry":{"type":"Polygon","coordinates":[[[84.2925,22.3418],[84.2966,22.3411],[84.3065,22.3427],[84.3137,22.3444],[84.3168,22.3423],[84.3247,22.3453],[84.3305,22.3443],[84.3383,22.3474],[84.3444,22.3468],[84.3473,22.3479],[84.3572,22.349],[84.3604,22.348],[84.3656,22.3482],[84.3679,22.3547],[84.3713,22.3557],[84.3796,22.3526],[84.383,22.3491],[84.3883,22.3487],[84.3909,22.3498],[84.3942,22.3494],[84.3968,22.3474],[84.4003,22.3465],[84.4094,22.3509],[84.4127,22.3509],[84.4162,22.3528],[84.4204,22.3523],[84.4244,22.3544],[84.4281,22.3533],[84.4303,22.3563],[84.43,22.3579],[84.4342,22.3603],[84.4309,22.3668],[84.4311,22.3711],[84.435,22.3742],[84.4422,22.3772],[84.446,22.3782],[84.4486,22.38],[84.4534,22.3795],[84.4559,22.3812],[84.4542,22.3885],[84.448,22.3982],[84.4428,22.4007],[84.4384,22.4016],[84.4325,22.4015],[84.4214,22.4038],[84.4172,22.4052],[84.4146,22.4071],[84.4114,22.4119],[84.4083,22.4149],[84.4044,22.4172],[84.3994,22.4217],[84.396,22.4231],[84.3927,22.4232],[84.3798,22.4287],[84.3716,22.4328],[84.3643,22.4347],[84.359,22.4345],[84.3502,22.4372],[84.3427,22.4417],[84.3402,22.445],[84.3367,22.4474],[84.3328,22.4544],[84.3304,22.4571],[84.3279,22.4618],[84.3248,22.474],[84.3221,22.4786],[84.3163,22.4778],[84.3125,22.4753],[84.3089,22.4747],[84.2986,22.4708],[84.2939,22.4704],[84.2902,22.4756],[84.2907,22.4782],[84.2895,22.4846],[84.2873,22.4895],[84.2835,22.4955],[84.2836,22.4998],[84.2786,22.4999],[84.2734,22.503],[84.2696,22.5045],[84.2683,22.5029],[84.2652,22.5032],[84.2638,22.506],[84.2608,22.5073],[84.254,22.5076],[84.2537,22.5101],[84.251,22.5101],[84.2477,22.5059],[84.248,22.5026],[84.2466,22.4993],[84.2439,22.4968],[84.2404,22.4963],[84.2362,22.4993],[84.2317,22.4983],[84.2269,22.4997],[84.2243,22.4991],[84.2203,22.4954],[84.2178,22.492],[84.2198,22.4913],[84.2209,22.4886],[84.2206,22.4847],[84.2243,22.4855],[84.2234,22.481],[84.2245,22.4757],[84.225,22.4701],[84.224,22.467],[84.2193,22.4592],[84.2172,22.4567],[84.2171,22.4523],[84.2133,22.4517],[84.2088,22.4539],[84.2038,22.4525],[84.198,22.4475],[84.1917,22.4406],[84.1886,22.4383],[84.1835,22.4357],[84.1813,22.4321],[84.1788,22.4303],[84.1761,22.4259],[84.1737,22.4238],[84.1701,22.4162],[84.1585,22.4059],[84.1632,22.402],[84.1686,22.3984],[84.1734,22.3967],[84.1823,22.391],[84.1849,22.3902],[84.1912,22.3848],[84.1936,22.3808],[84.1983,22.3761],[84.2001,22.3756],[84.2166,22.3765],[84.2249,22.3779],[84.243,22.3787],[84.2515,22.3781],[84.2556,22.3744],[84.2606,22.3654],[84.2688,22.3546],[84.2784,22.3493],[84.2864,22.3473],[84.2897,22.3471],[84.2925,22.3418]]]},"properties":{"id":"in:subdistrict:2722","level":"subdistrict","name":"Bolba","code":2722,"parent":"in:district:342","state":"in:state:20"}},{"type":"Feature","geometry":{"type":"Polygon","coordinates":[[[84.628,22.4343],[84.6272,22.4374],[84.6291,22.4387],[84.62,22.4413],[84.6159,22.4434],[84.6135,22.4457],[84.6131,22.4502],[84.6146,22.4519],[84.6158,22.457],[84.6179,22.4611],[84.623,22.4662],[84.628,22.4701],[84.6241,22.473],[84.6184,22.4762],[84.6144,22.4769],[84.6144,22.4797],[84.613,22.4816],[84.6146,22.4868],[84.6137,22.4878],[84.6078,22.4876],[84.6012,22.4916],[84.6064,22.4999],[84.6111,22.5016],[84.6173,22.5022],[84.6225,22.5037],[84.6272,22.5058],[84.6235,22.5112],[84.6214,22.5128],[84.6209,22.5177],[84.6226,22.523],[84.6256,22.5266],[84.6311,22.5381],[84.6363,22.5529],[84.6391,22.5599],[84.6477,22.563],[84.651,22.5636],[84.6553,22.5677],[84.6621,22.576],[84.6666,22.5785],[84.671,22.5844],[84.6747,22.587],[84.6769,22.5875],[84.6729,22.5904],[84.669,22.5967],[84.666,22.5999],[84.6611,22.6002],[84.6564,22.6022],[84.6533,22.6064],[84.6537,22.6127],[84.6468,22.6149],[84.6428,22.6168],[84.6428,22.6186],[84.6342,22.622],[84.6321,22.6234],[84.6272,22.6211],[84.6245,22.6182],[84.612,22.6134],[84.6069,22.6065],[84.6025,22.6035],[84.6023,22.6018],[84.5989,22.5984],[84.5969,22.5953],[84.5984,22.5926],[84.5977,22.5907],[84.6007,22.5891],[84.6008,22.5854],[84.6032,22.5825],[84.6067,22.5808],[84.6109,22.5808],[84.6125,22.5772],[84.623,22.5741],[84.6263,22.5723],[84.6246,22.565],[84.6222,22.5627],[84.6166,22.5642],[84.6097,22.5644],[84.6012,22.5652],[84.5965,22.567],[84.5925,22.5661],[84.5882,22.5664],[84.5856,22.5675],[84.5693,22.5713],[84.5651,22.5717],[84.5622,22.576],[84.5631,22.5805],[84.5624,22.5858],[84.5554,22.5854],[84.5482,22.5871],[84.5393,22.5898],[84.5366,22.5896],[84.5308,22.5911],[84.5283,22.5903],[84.5223,22.5932],[84.5208,22.5893],[84.5238,22.587],[84.5198,22.5804],[84.5172,22.5801],[84.5124,22.5833],[84.5051,22.5846],[84.5003,22.5849],[84.4951,22.584],[84.4938,22.5828],[84.4902,22.5838],[84.4856,22.5877],[84.4796,22.5898],[84.4727,22.59],[84.4653,22.592],[84.4605,22.5925],[84.4539,22.5942],[84.4522,22.5927],[84.4473,22.5908],[84.4417,22.5915],[84.4389,22.5907],[84.4374,22.5961],[84.4345,22.5963],[84.432,22.6003],[84.4268,22.5988],[84.4244,22.5946],[84.4275,22.5894],[84.4273,22.5857],[84.4205,22.5783],[84.4182,22.5742],[84.4128,22.5729],[84.4095,22.5708],[84.4058,22.5706],[84.4037,22.5686],[84.3991,22.5685],[84.3991,22.5735],[84.3984,22.5793],[84.3944,22.5826],[84.3951,22.5867],[84.3924,22.588],[84.392,22.5902],[84.3882,22.5921],[84.3864,22.5946],[84.3791,22.5943],[84.377,22.591],[84.3734,22.5877],[84.3712,22.5872],[84.3591,22.5894],[84.3534,22.5895],[84.3498,22.5903],[84.3455,22.5892],[84.3288,22.5817],[84.3226,22.5792],[84.3194,22.5792],[84.3155,22.5811],[84.3125,22.5797],[84.3083,22.572],[84.3043,22.5682],[84.298,22.5652],[84.2839,22.5562],[84.2829,22.5538],[84.2834,22.5468],[84.2887,22.5386],[84.289,22.5358],[84.286,22.5299],[84.284,22.5242],[84.285,22.52],[84.2844,22.5094],[84.2829,22.5014],[84.2836,22.4998],[84.2835,22.4955],[84.2873,22.4895],[84.2895,22.4846],[84.2907,22.4782],[84.2902,22.4756],[84.2939,22.4704],[84.2986,22.4708],[84.3089,22.4747],[84.3125,22.4753],[84.3163,22.4778],[84.3221,22.4786],[84.3248,22.474],[84.3279,22.4618],[84.3304,22.4571],[84.3328,22.4544],[84.3367,22.4474],[84.3402,22.445],[84.3427,22.4417],[84.3502,22.4372],[84.359,22.4345],[84.3643,22.4347],[84.3716,22.4328],[84.3798,22.4287],[84.3927,22.4232],[84.396,22.4231],[84.3994,22.4217],[84.4044,22.4172],[84.4083,22.4149],[84.4114,22.4119],[84.4146,22.4071],[84.4172,22.4052],[84.4214,22.4038],[84.4325,22.4015],[84.4384,22.4016],[84.4428,22.4007],[84.448,22.3982],[84.4542,22.3885],[84.4559,22.3812],[84.4606,22.379],[84.4717,22.3839],[84.477,22.387],[84.4843,22.3885],[84.4853,22.3916],[84.4834,22.393],[84.4788,22.3941],[84.4803,22.398],[84.4779,22.3993],[84.4767,22.4053],[84.477,22.408],[84.4807,22.4102],[84.483,22.4135],[84.4896,22.4136],[84.4981,22.4161],[84.5052,22.4198],[84.5106,22.421],[84.517,22.4193],[84.5244,22.42],[84.5295,22.4221],[84.536,22.4273],[84.5381,22.4256],[84.5397,22.427],[84.5469,22.4261],[84.5475,22.4225],[84.5493,22.421],[84.5567,22.4235],[84.563,22.4243],[84.5709,22.4274],[84.5942,22.4301],[84.5962,22.4337],[84.5979,22.4348],[84.6008,22.4297],[84.6026,22.4288],[84.6103,22.4309],[84.622,22.4316],[84.628,22.4343]]]},"properties":{"id":"in:subdistrict:2723","level":"subdistrict","name":"Thethaitangar","code":2723,"parent":"in:district:342","state":"in:state:20"}},{"type":"Feature","geometry":{"type":"Polygon","coordinates":[[[84.3043,22.5682],[84.3083,22.572],[84.3125,22.5797],[84.3155,22.5811],[84.3194,22.5792],[84.3226,22.5792],[84.3288,22.5817],[84.3455,22.5892],[84.3498,22.5903],[84.3534,22.5895],[84.3591,22.5894],[84.3712,22.5872],[84.3734,22.5877],[84.377,22.591],[84.3791,22.5943],[84.3864,22.5946],[84.3882,22.5921],[84.392,22.5902],[84.3924,22.588],[84.3951,22.5867],[84.3944,22.5826],[84.3984,22.5793],[84.3991,22.5735],[84.3991,22.5685],[84.4037,22.5686],[84.4058,22.5706],[84.4095,22.5708],[84.4128,22.5729],[84.4182,22.5742],[84.4205,22.5783],[84.4273,22.5857],[84.4275,22.5894],[84.4244,22.5946],[84.4268,22.5988],[84.432,22.6003],[84.4345,22.5963],[84.4374,22.5961],[84.4389,22.5907],[84.4417,22.5915],[84.4473,22.5908],[84.4522,22.5927],[84.4539,22.5942],[84.4605,22.5925],[84.4653,22.592],[84.4727,22.59],[84.4796,22.5898],[84.4856,22.5877],[84.4902,22.5838],[84.4938,22.5828],[84.4951,22.584],[84.5003,22.5849],[84.5051,22.5846],[84.5124,22.5833],[84.5172,22.5801],[84.5198,22.5804],[84.5238,22.587],[84.5208,22.5893],[84.5223,22.5932],[84.5283,22.5903],[84.5308,22.5911],[84.5366,22.5896],[84.5393,22.5898],[84.5482,22.5871],[84.5554,22.5854],[84.5624,22.5858],[84.5631,22.5805],[84.5622,22.576],[84.5651,22.5717],[84.5693,22.5713],[84.5856,22.5675],[84.5882,22.5664],[84.5925,22.5661],[84.5965,22.567],[84.6012,22.5652],[84.6097,22.5644],[84.6166,22.5642],[84.6222,22.5627],[84.6246,22.565],[84.6263,22.5723],[84.623,22.5741],[84.6125,22.5772],[84.6109,22.5808],[84.6067,22.5808],[84.6032,22.5825],[84.6008,22.5854],[84.6007,22.5891],[84.5977,22.5907],[84.5984,22.5926],[84.5969,22.5953],[84.5989,22.5984],[84.6023,22.6018],[84.6025,22.6035],[84.6069,22.6065],[84.612,22.6134],[84.6245,22.6182],[84.6272,22.6211],[84.6321,22.6234],[84.6233,22.627],[84.6199,22.6304],[84.6208,22.6324],[84.619,22.6387],[84.6161,22.6404],[84.6195,22.6517],[84.6204,22.6641],[84.6192,22.6693],[84.6115,22.676],[84.6099,22.6799],[84.6105,22.6827],[84.6062,22.6865],[84.5954,22.713],[84.5934,22.7139],[84.59,22.7156],[84.5856,22.716],[84.5804,22.7228],[84.5724,22.7249],[84.5708,22.7283],[84.5647,22.731],[84.5603,22.7307],[84.562,22.7345],[84.5621,22.7388],[84.5692,22.7463],[84.5678,22.7477],[84.5641,22.7473],[84.5634,22.7489],[84.5548,22.756],[84.5533,22.7587],[84.5484,22.7634],[84.5442,22.7651],[84.5393,22.7615],[84.5372,22.7511],[84.5342,22.7462],[84.5348,22.7447],[84.5353,22.7362],[84.5347,22.7308],[84.5402,22.7273],[84.5408,22.7245],[84.5393,22.7214],[84.5357,22.7195],[84.5321,22.7188],[84.5242,22.7226],[84.5204,22.7218],[84.521,22.7168],[84.5202,22.7159],[84.5188,22.7082],[84.5054,22.7099],[84.4992,22.7135],[84.4975,22.7129],[84.4946,22.7044],[84.4906,22.7049],[84.4802,22.7105],[84.4795,22.7058],[84.481,22.7009],[84.4859,22.6969],[84.4832,22.6944],[84.484,22.6901],[84.4832,22.6888],[84.483,22.6806],[84.4834,22.6754],[84.4811,22.6706],[84.4809,22.6671],[84.4819,22.6633],[84.4859,22.6593],[84.4844,22.6561],[84.475,22.6524],[84.4625,22.649],[84.4603,22.6473],[84.4589,22.6439],[84.4504,22.6408],[84.4448,22.6365],[84.4373,22.6344],[84.4355,22.6329],[84.4304,22.6415],[84.4295,22.6451],[84.43,22.6493],[84.4243,22.6534],[84.418,22.655],[84.4148,22.6587],[84.4134,22.6639],[84.4086,22.6678],[84.4055,22.6688],[84.4025,22.6669],[84.3935,22.6652],[84.3832,22.6643],[84.3798,22.6615],[84.3745,22.6668],[84.3716,22.6641],[84.3644,22.663],[84.3609,22.6613],[84.3533,22.6613],[84.3542,22.6633],[84.3534,22.6662],[84.3497,22.6682],[84.3459,22.669],[84.3348,22.6757],[84.3324,22.678],[84.3324,22.6851],[84.3191,22.687],[84.3159,22.6889],[84.3144,22.6912],[84.3096,22.6961],[84.3155,22.7002],[84.3173,22.7055],[84.3167,22.7075],[84.3177,22.7114],[84.3173,22.7184],[84.3179,22.7209],[84.3168,22.7281],[84.3156,22.7302],[84.3181,22.7319],[84.3224,22.733],[84.3266,22.7313],[84.3331,22.7438],[84.3367,22.7486],[84.3351,22.7532],[84.3327,22.7552],[84.3303,22.76],[84.3253,22.764],[84.3195,22.7657],[84.3164,22.7648],[84.3125,22.765],[84.3098,22.7676],[84.3073,22.7682],[84.3033,22.7705],[84.2965,22.772],[84.2919,22.7743],[84.2899,22.7714],[84.2894,22.7661],[84.2861,22.7632],[84.2794,22.7677],[84.2736,22.7688],[84.2687,22.7678],[84.2608,22.7674],[84.2586,22.7658],[84.2556,22.7601],[84.2453,22.7527],[84.2417,22.7475],[84.2376,22.7457],[84.2326,22.7418],[84.2303,22.7382],[84.23,22.7277],[84.2321,22.7256],[84.2341,22.7105],[84.2344,22.7053],[84.2329,22.7003],[84.2352,22.6951],[84.2382,22.6917],[84.2347,22.6861],[84.2332,22.6792],[84.2281,22.6745],[84.2261,22.6718],[84.2302,22.6731],[84.2363,22.6735],[84.2407,22.673],[84.2467,22.6733],[84.2519,22.6714],[84.2586,22.6702],[84.2656,22.6719],[84.2782,22.6728],[84.2822,22.6696],[84.2861,22.6642],[84.287,22.6618],[84.285,22.6588],[84.286,22.656],[84.2889,22.6562],[84.2933,22.6545],[84.2899,22.6482],[84.288,22.6394],[84.2843,22.6391],[84.284,22.6367],[84.2893,22.633],[84.2875,22.6264],[84.2887,22.6243],[84.2953,22.6238],[84.2975,22.6218],[84.3031,22.6214],[84.3053,22.6169],[84.3057,22.6118],[84.305,22.6071],[84.3075,22.6053],[84.313,22.5981],[84.3147,22.5939],[84.3082,22.5888],[84.3072,22.5859],[84.3076,22.5809],[84.3065,22.5777],[84.3067,22.5731],[84.3043,22.5682]]]},"properties":{"id":"in:subdistrict:2718","level":"subdistrict","name":"Simdega","code":2718,"parent":"in:district:342","state":"in:state:20"}},{"type":"Feature","geometry":{"type":"Polygon","coordinates":[[[84.5342,22.7462],[84.5301,22.7448],[84.529,22.7412],[84.5226,22.744],[84.5211,22.7481],[84.5218,22.7511],[84.5197,22.7517],[84.5186,22.7546],[84.5157,22.7546],[84.5188,22.7604],[84.5214,22.7614],[84.5258,22.7615],[84.5288,22.7639],[84.5312,22.7692],[84.5329,22.7679],[84.5357,22.7687],[84.5437,22.7659],[84.5492,22.768],[84.5555,22.7729],[84.5562,22.7762],[84.5555,22.7893],[84.55,22.7941],[84.5461,22.795],[84.5343,22.7917],[84.5311,22.7917],[84.5274,22.793],[84.5248,22.7967],[84.5193,22.7965],[84.5176,22.7956],[84.5101,22.797],[84.5085,22.7984],[84.5025,22.7986],[84.503,22.8093],[84.5044,22.8116],[84.503,22.8206],[84.5034,22.8247],[84.4994,22.8238],[84.4948,22.8275],[84.4905,22.8275],[84.4869,22.8312],[84.4849,22.8295],[84.483,22.8325],[84.4652,22.8371],[84.461,22.8362],[84.4575,22.8373],[84.4532,22.8375],[84.4513,22.8347],[84.4509,22.8249],[84.4498,22.8211],[84.4509,22.8158],[84.4481,22.8125],[84.4408,22.809],[84.4313,22.8114],[84.4321,22.8077],[84.4353,22.7994],[84.4353,22.7982],[84.432,22.7928],[84.4301,22.7917],[84.4298,22.789],[84.4266,22.7879],[84.4213,22.7808],[84.4181,22.7722],[84.4193,22.768],[84.4164,22.7649],[84.4133,22.7656],[84.4122,22.7684],[84.4061,22.7723],[84.4032,22.7719],[84.3998,22.7765],[84.3977,22.7752],[84.3925,22.7754],[84.3892,22.7723],[84.3911,22.7664],[84.3879,22.7679],[84.3827,22.7637],[84.3797,22.7646],[84.3776,22.7623],[84.3732,22.7553],[84.3712,22.7544],[84.3621,22.7584],[84.3592,22.757],[84.3572,22.7598],[84.3533,22.7601],[84.3492,22.762],[84.349,22.7589],[84.3519,22.7557],[84.3543,22.7507],[84.3502,22.7481],[84.3435,22.7468],[84.3367,22.7486],[84.3331,22.7438],[84.3266,22.7313],[84.3224,22.733],[84.3181,22.7319],[84.3156,22.7302],[84.3168,22.7281],[84.3179,22.7209],[84.3173,22.7184],[84.3177,22.7114],[84.3167,22.7075],[84.3173,22.7055],[84.3155,22.7002],[84.3096,22.6961],[84.3144,22.6912],[84.3159,22.6889],[84.3191,22.687],[84.3324,22.6851],[84.3324,22.678],[84.3348,22.6757],[84.3459,22.669],[84.3497,22.6682],[84.3534,22.6662],[84.3542,22.6633],[84.3533,22.6613],[84.3609,22.6613],[84.3644,22.663],[84.3716,22.6641],[84.3745,22.6668],[84.3798,22.6615],[84.3832,22.6643],[84.3935,22.6652],[84.4025,22.6669],[84.4055,22.6688],[84.4086,22.6678],[84.4134,22.6639],[84.4148,22.6587],[84.418,22.655],[84.4243,22.6534],[84.43,22.6493],[84.4295,22.6451],[84.4304,22.6415],[84.4355,22.6329],[84.4373,22.6344],[84.4448,22.6365],[84.4504,22.6408],[84.4589,22.6439],[84.4603,22.6473],[84.4625,22.649],[84.475,22.6524],[84.4844,22.6561],[84.4859,22.6593],[84.4819,22.6633],[84.4809,22.6671],[84.4811,22.6706],[84.4834,22.6754],[84.483,22.6806],[84.4832,22.6888],[84.484,22.6901],[84.4832,22.6944],[84.4859,22.6969],[84.481,22.7009],[84.4795,22.7058],[84.4802,22.7105],[84.4906,22.7049],[84.4946,22.7044],[84.4975,22.7129],[84.4992,22.7135],[84.5054,22.7099],[84.5188,22.7082],[84.5202,22.7159],[84.521,22.7168],[84.5204,22.7218],[84.5242,22.7226],[84.5321,22.7188],[84.5357,22.7195],[84.5393,22.7214],[84.5408,22.7245],[84.5402,22.7273],[84.5347,22.7308],[84.5353,22.7362],[84.5348,22.7447],[84.5342,22.7462]]]},"properties":{"id":"in:subdistrict:2719","level":"subdistrict","name":"Pakar Tanr","code":2719,"parent":"in:district:342","state":"in:state:20"}},{"type":"Feature","geometry":{"type":"Polygon","coordinates":[[[84.5934,22.7139],[84.5977,22.7212],[84.6001,22.7224],[84.6051,22.723],[84.6044,22.7309],[84.6087,22.7319],[84.6141,22.734],[84.6181,22.7328],[84.6243,22.733],[84.6311,22.7322],[84.6347,22.733],[84.6382,22.7317],[84.6453,22.7316],[84.6472,22.7343],[84.6491,22.7396],[84.6531,22.7349],[84.6584,22.7311],[84.6661,22.731],[84.6679,22.7329],[84.6684,22.7382],[84.6697,22.7394],[84.6871,22.7372],[84.6899,22.7412],[84.6954,22.7416],[84.6956,22.7461],[84.6993,22.748],[84.6972,22.757],[84.701,22.762],[84.7032,22.7625],[84.7043,22.7648],[84.7099,22.7653],[84.7219,22.765],[84.7247,22.7655],[84.7244,22.7692],[84.7256,22.7713],[84.7288,22.7724],[84.7294,22.7751],[84.728,22.7777],[84.7222,22.7789],[84.7214,22.7835],[84.7176,22.7836],[84.7183,22.7876],[84.7233,22.7896],[84.7259,22.7929],[84.7262,22.7968],[84.7283,22.7978],[84.7305,22.801],[84.7253,22.8053],[84.7193,22.8069],[84.7212,22.8111],[84.7194,22.8149],[84.7229,22.8153],[84.725,22.8167],[84.7277,22.825],[84.7267,22.8304],[84.7304,22.8327],[84.7348,22.8318],[84.7371,22.8326],[84.7392,22.835],[84.7421,22.8404],[84.7426,22.8432],[84.745,22.8483],[84.7441,22.852],[84.7423,22.8534],[84.742,22.8576],[84.7441,22.8589],[84.7438,22.8623],[84.7409,22.8632],[84.7418,22.8666],[84.7437,22.8684],[84.7412,22.8711],[84.7385,22.8714],[84.7382,22.8738],[84.7404,22.875],[84.7436,22.881],[84.7465,22.8819],[84.7452,22.8856],[84.7455,22.888],[84.7485,22.8911],[84.7518,22.892],[84.755,22.8899],[84.7577,22.8931],[84.7547,22.8956],[84.7534,22.9001],[84.7532,22.9038],[84.7543,22.9116],[84.7518,22.9187],[84.7475,22.9238],[84.7439,22.9257],[84.7424,22.928],[84.7426,22.9306],[84.741,22.9326],[84.7364,22.9347],[84.7354,22.9387],[84.7372,22.9422],[84.7367,22.9443],[84.7329,22.9486],[84.7325,22.9528],[84.7305,22.9554],[84.7251,22.9573],[84.7227,22.9594],[84.7196,22.9603],[84.7113,22.9597],[84.7098,22.9609],[84.7094,22.9655],[84.7071,22.969],[84.7035,22.9705],[84.7068,22.9796],[84.7052,22.9811],[84.6992,22.9832],[84.6973,22.9874],[84.6906,22.9892],[84.6882,22.9835],[84.6863,22.9808],[84.685,22.9764],[84.683,22.9723],[84.6803,22.9718],[84.678,22.9661],[84.6737,22.9638],[84.6687,22.9649],[84.6635,22.9635],[84.6578,22.9654],[84.6529,22.9684],[84.6469,22.9678],[84.6437,22.9699],[84.6391,22.9706],[84.6377,22.9736],[84.6345,22.974],[84.6328,22.9716],[84.6297,22.9717],[84.6255,22.9694],[84.6192,22.9722],[84.617,22.9753],[84.6182,22.9875],[84.613,22.9899],[84.605,22.9901],[84.6021,22.988],[84.6032,22.9852],[84.6009,22.9805],[84.5999,22.974],[84.5981,22.974],[84.5946,22.9703],[84.5874,22.971],[84.5842,22.9705],[84.5788,22.9724],[84.5773,22.9694],[84.5773,22.9625],[84.5735,22.9603],[84.5665,22.9602],[84.5633,22.9589],[84.5592,22.9618],[84.5576,22.9567],[84.5473,22.9617],[84.5422,22.9621],[84.5352,22.9619],[84.5262,22.9633],[84.5296,22.9567],[84.526,22.9551],[84.5255,22.9535],[84.5302,22.9472],[84.5314,22.9444],[84.5332,22.9433],[84.5377,22.9436],[84.538,22.94],[84.5443,22.934],[84.5432,22.9313],[84.5459,22.9303],[84.5491,22.9267],[84.5484,22.9248],[84.5496,22.9218],[84.5492,22.9186],[84.5513,22.9141],[84.5556,22.9134],[84.5564,22.9119],[84.5536,22.9064],[84.5407,22.9039],[84.5369,22.9008],[84.5307,22.9],[84.5301,22.8991],[84.5247,22.8986],[84.5221,22.9003],[84.5185,22.9009],[84.5164,22.9033],[84.5124,22.9054],[84.5119,22.9031],[84.5081,22.9009],[84.5048,22.9],[84.5011,22.8975],[84.5009,22.8931],[84.4974,22.8896],[84.4984,22.888],[84.4947,22.8842],[84.4915,22.8852],[84.4841,22.8859],[84.4763,22.8836],[84.4701,22.8773],[84.4679,22.8713],[84.4674,22.8679],[84.4654,22.8631],[84.4629,22.8603],[84.4646,22.8552],[84.4685,22.8514],[84.4668,22.8439],[84.4617,22.8398],[84.4579,22.8394],[84.4575,22.8373],[84.461,22.8362],[84.4652,22.8371],[84.483,22.8325],[84.4849,22.8295],[84.4869,22.8312],[84.4905,22.8275],[84.4948,22.8275],[84.4994,22.8238],[84.5034,22.8247],[84.503,22.8206],[84.5044,22.8116],[84.503,22.8093],[84.5025,22.7986],[84.5085,22.7984],[84.5101,22.797],[84.5176,22.7956],[84.5193,22.7965],[84.5248,22.7967],[84.5274,22.793],[84.5311,22.7917],[84.5343,22.7917],[84.5461,22.795],[84.55,22.7941],[84.5555,22.7893],[84.5562,22.7762],[84.5555,22.7729],[84.5492,22.768],[84.5437,22.7659],[84.5357,22.7687],[84.5329,22.7679],[84.5312,22.7692],[84.5288,22.7639],[84.5258,22.7615],[84.5214,22.7614],[84.5188,22.7604],[84.5157,22.7546],[84.5186,22.7546],[84.5197,22.7517],[84.5218,22.7511],[84.5211,22.7481],[84.5226,22.744],[84.529,22.7412],[84.5301,22.7448],[84.5342,22.7462],[84.5372,22.7511],[84.5393,22.7615],[84.5442,22.7651],[84.5484,22.7634],[84.5533,22.7587],[84.5548,22.756],[84.5634,22.7489],[84.5641,22.7473],[84.5678,22.7477],[84.5692,22.7463],[84.5621,22.7388],[84.562,22.7345],[84.5603,22.7307],[84.5647,22.731],[84.5708,22.7283],[84.5724,22.7249],[84.5804,22.7228],[84.5856,22.716],[84.59,22.7156],[84.5934,22.7139]]]},"properties":{"id":"in:subdistrict:2717","level":"subdistrict","name":"Palkot","code":2717,"parent":"in:district:331","state":"in:state:20"}},{"type":"Feature","geometry":{"type":"Polygon","coordinates":[[[84.1288,22.4776],[84.1276,22.4843],[84.1297,22.491],[84.1287,22.4926],[84.1316,22.4956],[84.1315,22.5035],[84.1307,22.5059],[84.1313,22.5096],[84.1328,22.5103],[84.1392,22.5087],[84.1472,22.5052],[84.1496,22.5025],[84.1506,22.4991],[84.1582,22.5001],[84.1594,22.4967],[84.163,22.4956],[84.1765,22.4976],[84.1805,22.4988],[84.1881,22.4979],[84.1895,22.5006],[84.1934,22.5045],[84.195,22.5083],[84.2014,22.5107],[84.2011,22.5159],[84.1939,22.5232],[84.1917,22.5239],[84.1891,22.5227],[84.1826,22.5249],[84.1763,22.5297],[84.173,22.5333],[84.1734,22.5365],[84.1695,22.5384],[84.1635,22.5379],[84.1616,22.5404],[84.1628,22.5437],[84.1591,22.5476],[84.1611,22.5552],[84.1638,22.5595],[84.1704,22.5628],[84.1737,22.5651],[84.1788,22.5655],[84.1818,22.5681],[84.1852,22.5694],[84.1901,22.5692],[84.1947,22.5698],[84.1976,22.5717],[84.2029,22.5712],[84.2045,22.5672],[84.2079,22.5651],[84.2101,22.5622],[84.2177,22.5657],[84.2172,22.5689],[84.2209,22.5707],[84.2258,22.57],[84.2307,22.572],[84.2328,22.5703],[84.2391,22.5712],[84.2451,22.5729],[84.2511,22.5756],[84.2539,22.5777],[84.261,22.5816],[84.2636,22.5851],[84.2622,22.5902],[84.2579,22.5915],[84.2496,22.5949],[84.2475,22.5948],[84.2412,22.5973],[84.2341,22.6023],[84.2271,22.6091],[84.2229,22.6158],[84.2235,22.6183],[84.2205,22.6264],[84.2164,22.6284],[84.2134,22.6328],[84.2073,22.6346],[84.2014,22.6351],[84.1969,22.6344],[84.1956,22.6332],[84.1873,22.6289],[84.1831,22.6273],[84.1823,22.6344],[84.181,22.6394],[84.1789,22.6431],[84.1763,22.6506],[84.17,22.6487],[84.1633,22.6454],[84.1598,22.6427],[84.1563,22.6385],[84.1507,22.6365],[84.1398,22.6382],[84.1235,22.637],[84.1223,22.6381],[84.1158,22.638],[84.1108,22.6398],[84.1046,22.6372],[84.0994,22.6368],[84.0957,22.6353],[84.0917,22.6353],[84.084,22.6381],[84.0778,22.63],[84.0704,22.6216],[84.065,22.6124],[84.0637,22.6086],[84.0595,22.6071],[84.0572,22.6051],[84.0548,22.5989],[84.0499,22.5957],[84.0418,22.5954],[84.0368,22.5931],[84.0302,22.5916],[84.0244,22.5918],[84.0242,22.5858],[84.0179,22.5803],[84.0148,22.5784],[84.0095,22.573],[84.0095,22.5689],[84.0078,22.562],[84.0077,22.5525],[84.0069,22.5503],[84.0028,22.5459],[84.0067,22.5366],[84.01,22.5317],[84.01,22.5264],[84.0105,22.5243],[84.0145,22.5236],[84.0235,22.5259],[84.0267,22.5243],[84.0277,22.5205],[84.0296,22.5192],[84.0342,22.518],[84.0366,22.516],[84.0396,22.5158],[84.0464,22.5172],[84.0492,22.517],[84.0517,22.5133],[84.0531,22.5129],[84.0607,22.5159],[84.0609,22.5136],[84.0645,22.5125],[84.0651,22.5076],[84.0722,22.5061],[84.0755,22.5062],[84.0753,22.5028],[84.0731,22.501],[84.0809,22.4941],[84.0868,22.4909],[84.1025,22.4841],[84.106,22.4831],[84.1063,22.4806],[84.1135,22.4757],[84.1151,22.4752],[84.1248,22.4749],[84.1288,22.4776]]]},"properties":{"id":"in:subdistrict:2720","level":"subdistrict","name":"Kurdeg","code":2720,"parent":"in:district:342","state":"in:state:20"}},{"type":"Feature","geometry":{"type":"Polygon","coordinates":[[[84.1922,23.3254],[84.1868,23.3255],[84.1824,23.3278],[84.1771,23.3288],[84.1604,23.3343],[84.1539,23.3359],[84.1491,23.3361],[84.1423,23.3395],[84.1351,23.3408],[84.1334,23.3422],[84.1322,23.3458],[84.128,23.3474],[84.1228,23.3469],[84.1212,23.3491],[84.1161,23.3507],[84.1143,23.3482],[84.1147,23.3455],[84.1114,23.3434],[84.1074,23.3436],[84.1049,23.34],[84.1017,23.3404],[84.0959,23.3344],[84.0969,23.3314],[84.0923,23.3321],[84.0773,23.3325],[84.0743,23.3338],[84.0748,23.3305],[84.0733,23.3285],[84.066,23.3135],[84.0622,23.3077],[84.0622,23.3065],[84.0681,23.2938],[84.0665,23.2909],[84.0625,23.2884],[84.0628,23.285],[84.0645,23.2772],[84.064,23.2732],[84.0621,23.2703],[84.0599,23.2688],[84.0568,23.2555],[84.0537,23.2473],[84.0538,23.2437],[84.0591,23.236],[84.0561,23.2252],[84.056,23.2194],[84.0587,23.2138],[84.0623,23.209],[84.0633,23.2062],[84.0617,23.2021],[84.0584,23.1999],[84.0565,23.1932],[84.0502,23.1889],[84.0434,23.1832],[84.0413,23.1796],[84.04,23.1742],[84.0383,23.1711],[84.0344,23.163],[84.0324,23.1605],[84.0319,23.1578],[84.0333,23.1522],[84.0367,23.1482],[84.0375,23.1399],[84.04,23.1372],[84.0464,23.1344],[84.0492,23.1345],[84.0513,23.1321],[84.0583,23.1262],[84.0588,23.1229],[84.0626,23.1134],[84.0664,23.1107],[84.0724,23.109],[84.082,23.1122],[84.0932,23.1128],[84.0926,23.1109],[84.097,23.1096],[84.1015,23.1068],[84.1057,23.1051],[84.109,23.0983],[84.113,23.0969],[84.1141,23.0917],[84.1186,23.0886],[84.1221,23.088],[84.1244,23.0892],[84.1296,23.0925],[84.1329,23.0927],[84.1445,23.0896],[84.1519,23.0931],[84.1524,23.0986],[84.1575,23.1026],[84.16,23.1067],[84.1645,23.1107],[84.1677,23.1107],[84.1672,23.1079],[84.1683,23.1049],[84.1753,23.1142],[84.1805,23.115],[84.1863,23.1178],[84.1897,23.1206],[84.196,23.1211],[84.2025,23.1193],[84.2059,23.1159],[84.2089,23.1147],[84.2079,23.1173],[84.2075,23.1244],[84.2029,23.1277],[84.2029,23.1366],[84.196,23.1454],[84.195,23.152],[84.1899,23.1539],[84.1858,23.1566],[84.1881,23.1599],[84.187,23.1623],[84.1825,23.1644],[84.1813,23.1666],[84.1824,23.1696],[84.1822,23.173],[84.1775,23.1731],[84.1744,23.1739],[84.1729,23.1762],[84.1759,23.1792],[84.1756,23.1819],[84.1735,23.1824],[84.1676,23.181],[84.1656,23.1814],[84.1574,23.1864],[84.1537,23.1903],[84.1546,23.2001],[84.1565,23.2066],[84.1563,23.2089],[84.1534,23.2131],[84.1597,23.2177],[84.1615,23.2173],[84.1665,23.2199],[84.1677,23.2216],[84.173,23.2219],[84.1762,23.2247],[84.1788,23.2244],[84.1821,23.2263],[84.1851,23.2232],[84.1862,23.2256],[84.1919,23.2242],[84.194,23.2256],[84.2005,23.227],[84.2035,23.2263],[84.2049,23.2289],[84.2078,23.2268],[84.2176,23.2318],[84.2185,23.2341],[84.2217,23.2371],[84.2217,23.2399],[84.224,23.2419],[84.2231,23.2437],[84.2261,23.2463],[84.2241,23.2482],[84.2252,23.2509],[84.2227,23.2531],[84.2236,23.2553],[84.2258,23.2551],[84.2294,23.2571],[84.232,23.2602],[84.2385,23.2606],[84.2413,23.2621],[84.2377,23.2659],[84.234,23.2755],[84.2301,23.2781],[84.2278,23.2825],[84.2259,23.2813],[84.2222,23.2836],[84.2226,23.2862],[84.2256,23.2872],[84.2274,23.2936],[84.2253,23.2955],[84.2189,23.2955],[84.2129,23.2994],[84.208,23.3004],[84.2056,23.3027],[84.2046,23.3053],[84.2002,23.3049],[84.1998,23.3079],[84.1962,23.3114],[84.1921,23.3136],[84.1892,23.3176],[84.1893,23.3198],[84.1912,23.3215],[84.1922,23.3254]]]},"properties":{"id":"in:subdistrict:2714","level":"subdistrict","name":"Dumri","code":2714,"parent":"in:district:331","state":"in:state:20"}},{"type":"Feature","geometry":{"type":"Polygon","coordinates":[[[84.1244,23.0892],[84.1262,23.0893],[84.1335,23.0831],[84.1344,23.0794],[84.1328,23.0742],[84.1342,23.0708],[84.1326,23.0654],[84.1274,23.059],[84.1247,23.0479],[84.127,23.0442],[84.1255,23.0365],[84.127,23.0312],[84.129,23.0265],[84.1305,23.0255],[84.1312,23.0223],[84.134,23.0202],[84.1346,23.0173],[84.1388,23.0106],[84.1401,23.0074],[84.1382,23.004],[84.1466,22.9902],[84.1474,22.9847],[84.1463,22.9813],[84.1468,22.9742],[84.1482,22.9718],[84.1492,22.9657],[84.1553,22.9661],[84.1647,22.9696],[84.1718,22.9708],[84.1743,22.974],[84.178,22.9804],[84.1761,22.9849],[84.1762,22.9896],[84.175,22.9962],[84.1757,22.9982],[84.1786,23.0009],[84.1758,23.0059],[84.1752,23.0095],[84.1781,23.012],[84.1796,23.0174],[84.1796,23.023],[84.1816,23.0255],[84.1858,23.0271],[84.1967,23.0242],[84.2017,23.0211],[84.2034,23.0145],[84.2014,23.0106],[84.2008,23.0053],[84.2029,23.0031],[84.2077,22.9999],[84.2106,22.9952],[84.2166,22.989],[84.2187,22.9793],[84.2225,22.98],[84.2303,22.9833],[84.2339,22.9824],[84.241,22.9836],[84.2426,22.9824],[84.2444,22.978],[84.2488,22.9738],[84.2523,22.9728],[84.2574,22.9747],[84.2626,22.9788],[84.2629,22.9808],[84.266,22.982],[84.2676,22.9853],[84.2702,22.9874],[84.2714,22.99],[84.2769,22.9901],[84.2785,22.987],[84.2761,22.9842],[84.2737,22.9837],[84.2754,22.9794],[84.2771,22.9718],[84.2791,22.971],[84.2788,22.9669],[84.2805,22.964],[84.2842,22.9634],[84.2921,22.9642],[84.3021,22.9672],[84.3076,22.9674],[84.3108,22.969],[84.3129,22.9719],[84.319,22.9736],[84.3193,22.9772],[84.3207,22.9779],[84.3176,22.9796],[84.3132,22.9838],[84.3125,22.988],[84.3125,22.9963],[84.3057,22.9996],[84.3034,22.9995],[84.3001,23.0014],[84.297,23.0056],[84.2987,23.011],[84.305,23.0188],[84.3039,23.0282],[84.302,23.0311],[84.305,23.0356],[84.3091,23.0377],[84.3096,23.0409],[84.3073,23.0432],[84.3047,23.0436],[84.299,23.0429],[84.2959,23.0433],[84.2926,23.0469],[84.2911,23.0513],[84.2889,23.0547],[84.2861,23.0574],[84.2865,23.0594],[84.2914,23.0635],[84.2904,23.0659],[84.2828,23.0669],[84.2802,23.069],[84.2739,23.0721],[84.2676,23.0721],[84.2641,23.0743],[84.2641,23.0807],[84.2622,23.0848],[84.2591,23.0866],[84.2558,23.086],[84.2528,23.0871],[84.2516,23.0915],[84.249,23.0941],[84.2495,23.1021],[84.2487,23.1039],[84.2403,23.109],[84.2373,23.11],[84.2337,23.1078],[84.2294,23.1065],[84.2238,23.1081],[84.2199,23.107],[84.2131,23.1061],[84.2106,23.1067],[84.2094,23.1094],[84.2089,23.1147],[84.2059,23.1159],[84.2025,23.1193],[84.196,23.1211],[84.1897,23.1206],[84.1863,23.1178],[84.1805,23.115],[84.1753,23.1142],[84.1683,23.1049],[84.1672,23.1079],[84.1677,23.1107],[84.1645,23.1107],[84.16,23.1067],[84.1575,23.1026],[84.1524,23.0986],[84.1519,23.0931],[84.1445,23.0896],[84.1329,23.0927],[84.1296,23.0925],[84.1244,23.0892]]]},"properties":{"id":"in:subdistrict:2715","level":"subdistrict","name":"Albert Ekka(Jari)","code":2715,"parent":"in:district:331","state":"in:state:20"}},{"type":"Feature","geometry":{"type":"Polygon","coordinates":[[[84.3367,22.7486],[84.3435,22.7468],[84.3502,22.7481],[84.3543,22.7507],[84.3519,22.7557],[84.349,22.7589],[84.3492,22.762],[84.3533,22.7601],[84.3572,22.7598],[84.3592,22.757],[84.3621,22.7584],[84.3712,22.7544],[84.3732,22.7553],[84.3776,22.7623],[84.3797,22.7646],[84.3827,22.7637],[84.3879,22.7679],[84.3911,22.7664],[84.3892,22.7723],[84.3925,22.7754],[84.3977,22.7752],[84.3998,22.7765],[84.4032,22.7719],[84.4061,22.7723],[84.4122,22.7684],[84.4133,22.7656],[84.4164,22.7649],[84.4193,22.768],[84.4181,22.7722],[84.4213,22.7808],[84.4266,22.7879],[84.4298,22.789],[84.4301,22.7917],[84.432,22.7928],[84.4353,22.7982],[84.4353,22.7994],[84.4321,22.8077],[84.4313,22.8114],[84.4408,22.809],[84.4481,22.8125],[84.4509,22.8158],[84.4498,22.8211],[84.4509,22.8249],[84.4513,22.8347],[84.4532,22.8375],[84.4575,22.8373],[84.4579,22.8394],[84.4617,22.8398],[84.4668,22.8439],[84.4685,22.8514],[84.4646,22.8552],[84.4629,22.8603],[84.4654,22.8631],[84.4674,22.8679],[84.4679,22.8713],[84.4701,22.8773],[84.4763,22.8836],[84.4841,22.8859],[84.4915,22.8852],[84.4947,22.8842],[84.4984,22.888],[84.4974,22.8896],[84.5009,22.8931],[84.5011,22.8975],[84.5048,22.9],[84.5081,22.9009],[84.5119,22.9031],[84.5124,22.9054],[84.5164,22.9033],[84.5185,22.9009],[84.5221,22.9003],[84.5247,22.8986],[84.5301,22.8991],[84.5307,22.9],[84.5369,22.9008],[84.5407,22.9039],[84.5536,22.9064],[84.5564,22.9119],[84.5556,22.9134],[84.5513,22.9141],[84.5492,22.9186],[84.5496,22.9218],[84.5484,22.9248],[84.5491,22.9267],[84.5459,22.9303],[84.5432,22.9313],[84.5443,22.934],[84.538,22.94],[84.5377,22.9436],[84.5332,22.9433],[84.5314,22.9444],[84.5302,22.9472],[84.5255,22.9535],[84.526,22.9551],[84.5296,22.9567],[84.5262,22.9633],[84.5352,22.9619],[84.5422,22.9621],[84.5473,22.9617],[84.5576,22.9567],[84.5592,22.9618],[84.5607,22.9659],[84.5629,22.968],[84.563,22.9711],[84.5644,22.973],[84.5617,22.9763],[84.5566,22.9747],[84.5548,22.9774],[84.5495,22.9801],[84.5451,22.9799],[84.5422,22.9829],[84.5436,22.9898],[84.5398,22.9912],[84.5364,22.9915],[84.531,22.9939],[84.5263,22.9948],[84.5235,22.9939],[84.5208,22.9946],[84.5174,22.9976],[84.5156,23.0009],[84.5109,23.0054],[84.5045,23.0073],[84.5021,23.0061],[84.504,23.0034],[84.4969,23.0031],[84.4941,23.0037],[84.4896,23.0031],[84.4853,23.0015],[84.4849,23.0054],[84.483,23.0118],[84.4819,23.0128],[84.4825,23.0226],[84.4856,23.0328],[84.4887,23.0355],[84.4869,23.0401],[84.4867,23.0488],[84.4849,23.0502],[84.4806,23.049],[84.4753,23.0493],[84.472,23.0482],[84.4688,23.0482],[84.4672,23.0453],[84.4691,23.041],[84.4645,23.0363],[84.4584,23.0353],[84.4557,23.0342],[84.4504,23.0339],[84.4482,23.0349],[84.4399,23.0405],[84.4391,23.0445],[84.4402,23.0501],[84.4346,23.0486],[84.4284,23.0454],[84.4232,23.0533],[84.4214,23.0546],[84.4205,23.0602],[84.421,23.0626],[84.4152,23.0683],[84.4123,23.0641],[84.4097,23.0676],[84.4026,23.0715],[84.3984,23.0784],[84.3987,23.0795],[84.395,23.0872],[84.3914,23.0878],[84.388,23.0903],[84.3838,23.0892],[84.3815,23.0836],[84.3779,23.0813],[84.3704,23.0787],[84.3665,23.0751],[84.3622,23.0738],[84.3607,23.0744],[84.3557,23.0741],[84.3505,23.0779],[84.3508,23.0749],[84.3477,23.0706],[84.34,23.0679],[84.3369,23.0684],[84.3349,23.0727],[84.3308,23.076],[84.3276,23.0768],[84.326,23.0749],[84.3275,23.0692],[84.3221,23.0677],[84.3154,23.063],[84.3137,23.0612],[84.3093,23.0547],[84.3075,23.0512],[84.3047,23.0436],[84.3073,23.0432],[84.3096,23.0409],[84.3091,23.0377],[84.305,23.0356],[84.302,23.0311],[84.3039,23.0282],[84.305,23.0188],[84.2987,23.011],[84.297,23.0056],[84.3001,23.0014],[84.3034,22.9995],[84.3057,22.9996],[84.3125,22.9963],[84.3125,22.988],[84.3132,22.9838],[84.3176,22.9796],[84.3207,22.9779],[84.3281,22.9819],[84.332,22.9805],[84.3396,22.98],[84.3438,22.9761],[84.3481,22.9764],[84.3511,22.9781],[84.3584,22.9753],[84.365,22.9742],[84.3672,22.9747],[84.3729,22.9784],[84.3773,22.9752],[84.3801,22.9704],[84.3834,22.9596],[84.3836,22.9525],[84.3857,22.9491],[84.3937,22.9425],[84.3951,22.9369],[84.3956,22.9287],[84.3949,22.9232],[84.3928,22.9194],[84.3879,22.9142],[84.3814,22.9127],[84.3775,22.9096],[84.3763,22.9076],[84.3749,22.9023],[84.3757,22.9007],[84.3824,22.8965],[84.3832,22.8934],[84.3826,22.8903],[84.3792,22.8838],[84.3809,22.879],[84.3805,22.8767],[84.3765,22.8744],[84.3734,22.8716],[84.3735,22.8674],[84.3726,22.8653],[84.3697,22.8636],[84.3647,22.8625],[84.3594,22.8605],[84.3575,22.8624],[84.3552,22.8622],[84.352,22.865],[84.3492,22.861],[84.3442,22.859],[84.3402,22.86],[84.338,22.8597],[84.3348,22.8615],[84.3276,22.8545],[84.323,22.848],[84.3229,22.8419],[84.3217,22.8377],[84.3256,22.8371],[84.3228,22.827],[84.3221,22.8202],[84.3164,22.8136],[84.3151,22.8093],[84.3153,22.802],[84.3143,22.8004],[84.3075,22.8008],[84.3058,22.7971],[84.2993,22.7959],[84.2923,22.7859],[84.2908,22.7806],[84.2922,22.7757],[84.2919,22.7743],[84.2965,22.772],[84.3033,22.7705],[84.3073,22.7682],[84.3098,22.7676],[84.3125,22.765],[84.3164,22.7648],[84.3195,22.7657],[84.3253,22.764],[84.3303,22.76],[84.3327,22.7552],[84.3351,22.7532],[84.3367,22.7486]]]},"properties":{"id":"in:subdistrict:2716","level":"subdistrict","name":"Raidih","code":2716,"parent":"in:district:331","state":"in:state:20"}},{"type":"Feature","geometry":{"type":"Polygon","coordinates":[[[84.7325,22.9528],[84.7391,22.9563],[84.7414,22.9584],[84.7408,22.9637],[84.7369,22.9723],[84.7351,22.9806],[84.7409,22.9872],[84.7417,22.9899],[84.7443,22.9913],[84.7494,22.9922],[84.7485,22.9951],[84.7446,22.9979],[84.7426,23.0018],[84.7395,23.0046],[84.7404,23.0088],[84.7422,23.0108],[84.7458,23.0123],[84.7516,23.0168],[84.7529,23.0211],[84.7507,23.0232],[84.7502,23.0274],[84.7445,23.0314],[84.7374,23.0328],[84.7293,23.0391],[84.7265,23.0423],[84.7268,23.0466],[84.7262,23.0544],[84.727,23.0628],[84.7262,23.0656],[84.7197,23.0712],[84.7065,23.077],[84.6954,23.0845],[84.6862,23.0874],[84.6844,23.0895],[84.6841,23.093],[84.6848,23.0988],[84.6826,23.1038],[84.6835,23.1065],[84.6822,23.1112],[84.6796,23.1137],[84.6778,23.1136],[84.6708,23.1109],[84.6659,23.1124],[84.6638,23.1158],[84.659,23.1207],[84.6526,23.1244],[84.6462,23.1299],[84.6385,23.1347],[84.6354,23.1361],[84.6314,23.1363],[84.6264,23.1354],[84.6231,23.1358],[84.6152,23.138],[84.6104,23.1383],[84.6065,23.1372],[84.6065,23.1418],[84.6023,23.1395],[84.5987,23.1416],[84.5946,23.1424],[84.5908,23.147],[84.5867,23.1473],[84.5834,23.1493],[84.5792,23.1536],[84.5687,23.1588],[84.5686,23.1629],[84.5622,23.161],[84.558,23.1627],[84.556,23.1657],[84.5545,23.1707],[84.5457,23.176],[84.5441,23.1732],[84.5414,23.1718],[84.5367,23.175],[84.5324,23.1745],[84.531,23.1763],[84.5306,23.1795],[84.5278,23.1823],[84.5173,23.1846],[84.5126,23.1872],[84.5072,23.1883],[84.4946,23.1849],[84.4927,23.1832],[84.4874,23.1812],[84.4851,23.1834],[84.4883,23.1897],[84.4886,23.1941],[84.4906,23.1969],[84.4943,23.1969],[84.4985,23.2001],[84.4992,23.2023],[84.4957,23.2097],[84.492,23.2132],[84.4923,23.218],[84.4882,23.218],[84.4828,23.2196],[84.4812,23.2227],[84.4771,23.2208],[84.4748,23.2184],[84.4761,23.2157],[84.4793,23.2126],[84.4833,23.2075],[84.4824,23.2005],[84.4796,23.2014],[84.4745,23.2012],[84.4707,23.203],[84.4665,23.2019],[84.464,23.2023],[84.4622,23.2063],[84.4551,23.2062],[84.4526,23.2102],[84.4553,23.2175],[84.4475,23.2214],[84.4439,23.2247],[84.4402,23.2265],[84.4291,23.2268],[84.4235,23.2293],[84.4212,23.2251],[84.4152,23.2211],[84.4109,23.2203],[84.4106,23.2146],[84.4191,23.2132],[84.4242,23.2095],[84.4239,23.2071],[84.4253,23.1988],[84.4246,23.1949],[84.4274,23.1938],[84.4241,23.1897],[84.4234,23.1803],[84.4204,23.1733],[84.4213,23.1712],[84.4199,23.1657],[84.4187,23.1635],[84.4286,23.1546],[84.4344,23.1541],[84.4376,23.1531],[84.4385,23.1508],[84.4351,23.1459],[84.4288,23.1417],[84.4264,23.1367],[84.4361,23.1298],[84.4376,23.1279],[84.4422,23.1264],[84.4515,23.1269],[84.4554,23.1256],[84.4601,23.1194],[84.4627,23.1122],[84.4597,23.1067],[84.4598,23.0999],[84.4634,23.0955],[84.4671,23.0902],[84.4688,23.0851],[84.4665,23.0832],[84.4632,23.0836],[84.4556,23.0826],[84.455,23.08],[84.4564,23.0754],[84.4544,23.0732],[84.4562,23.0659],[84.4594,23.0667],[84.4624,23.0657],[84.4645,23.0632],[84.4701,23.0632],[84.4712,23.0619],[84.4705,23.0573],[84.4685,23.0556],[84.4623,23.0525],[84.4593,23.0499],[84.454,23.0472],[84.4614,23.0449],[84.4634,23.0478],[84.4688,23.0482],[84.472,23.0482],[84.4753,23.0493],[84.4806,23.049],[84.4849,23.0502],[84.4867,23.0488],[84.4869,23.0401],[84.4887,23.0355],[84.4856,23.0328],[84.4825,23.0226],[84.4819,23.0128],[84.483,23.0118],[84.4849,23.0054],[84.4853,23.0015],[84.4896,23.0031],[84.4941,23.0037],[84.4969,23.0031],[84.504,23.0034],[84.5021,23.0061],[84.5045,23.0073],[84.5109,23.0054],[84.5156,23.0009],[84.5174,22.9976],[84.5208,22.9946],[84.5235,22.9939],[84.5263,22.9948],[84.531,22.9939],[84.5364,22.9915],[84.5398,22.9912],[84.5436,22.9898],[84.5422,22.9829],[84.5451,22.9799],[84.5495,22.9801],[84.5548,22.9774],[84.5566,22.9747],[84.5617,22.9763],[84.5644,22.973],[84.563,22.9711],[84.5629,22.968],[84.5607,22.9659],[84.5592,22.9618],[84.5633,22.9589],[84.5665,22.9602],[84.5735,22.9603],[84.5773,22.9625],[84.5773,22.9694],[84.5788,22.9724],[84.5842,22.9705],[84.5874,22.971],[84.5946,22.9703],[84.5981,22.974],[84.5999,22.974],[84.6009,22.9805],[84.6032,22.9852],[84.6021,22.988],[84.605,22.9901],[84.613,22.9899],[84.6182,22.9875],[84.617,22.9753],[84.6192,22.9722],[84.6255,22.9694],[84.6297,22.9717],[84.6328,22.9716],[84.6345,22.974],[84.6377,22.9736],[84.6391,22.9706],[84.6437,22.9699],[84.6469,22.9678],[84.6529,22.9684],[84.6578,22.9654],[84.6635,22.9635],[84.6687,22.9649],[84.6737,22.9638],[84.678,22.9661],[84.6803,22.9718],[84.683,22.9723],[84.685,22.9764],[84.6863,22.9808],[84.6882,22.9835],[84.6906,22.9892],[84.6973,22.9874],[84.6992,22.9832],[84.7052,22.9811],[84.7068,22.9796],[84.7035,22.9705],[84.7071,22.969],[84.7094,22.9655],[84.7098,22.9609],[84.7113,22.9597],[84.7196,22.9603],[84.7227,22.9594],[84.7251,22.9573],[84.7305,22.9554],[84.7325,22.9528]]]},"properties":{"id":"in:subdistrict:2712","level":"subdistrict","name":"Gumla","code":2712,"parent":"in:district:331","state":"in:state:20"}},{"type":"Feature","geometry":{"type":"Polygon","coordinates":[[[84.6462,23.1299],[84.6484,23.1311],[84.6484,23.137],[84.6531,23.1427],[84.6531,23.1481],[84.6506,23.1509],[84.6486,23.1556],[84.6496,23.1594],[84.6547,23.1652],[84.6579,23.166],[84.6602,23.1682],[84.6593,23.1752],[84.6582,23.1797],[84.6623,23.1848],[84.662,23.1944],[84.6629,23.2015],[84.6654,23.2039],[84.6711,23.204],[84.6747,23.2061],[84.6746,23.2082],[84.6721,23.2128],[84.6745,23.2155],[84.6783,23.2145],[84.685,23.2142],[84.6871,23.2169],[84.6851,23.2223],[84.6833,23.2232],[84.6798,23.2227],[84.6772,23.2254],[84.6751,23.2295],[84.6713,23.2327],[84.6698,23.2355],[84.6692,23.2395],[84.6668,23.2402],[84.6608,23.2397],[84.6554,23.2385],[84.6512,23.2444],[84.6492,23.2455],[84.6451,23.2459],[84.6362,23.2451],[84.6343,23.2454],[84.6306,23.2492],[84.6248,23.254],[84.621,23.255],[84.615,23.2598],[84.6081,23.2605],[84.6033,23.2617],[84.6007,23.264],[84.5997,23.267],[84.6016,23.2702],[84.6077,23.2735],[84.6119,23.2746],[84.6137,23.2783],[84.6142,23.2854],[84.6153,23.2897],[84.6136,23.2925],[84.6136,23.2967],[84.6218,23.3093],[84.6238,23.3106],[84.624,23.3145],[84.6211,23.3158],[84.6195,23.3179],[84.6142,23.3224],[84.6103,23.3167],[84.6071,23.3156],[84.6018,23.3164],[84.5985,23.3159],[84.592,23.3186],[84.5889,23.3215],[84.5796,23.3288],[84.5724,23.3389],[84.5715,23.3413],[84.5658,23.3425],[84.5639,23.3459],[84.5572,23.3463],[84.5486,23.3435],[84.542,23.3444],[84.5399,23.3456],[84.5359,23.3498],[84.5346,23.3535],[84.5296,23.3617],[84.5273,23.366],[84.5236,23.3656],[84.5214,23.3676],[84.5222,23.3774],[84.5206,23.3803],[84.5151,23.3847],[84.5126,23.3839],[84.5104,23.3796],[84.5063,23.3748],[84.5056,23.373],[84.5005,23.3711],[84.5008,23.3662],[84.5024,23.3629],[84.5009,23.3602],[84.5019,23.3565],[84.5007,23.3526],[84.4948,23.3523],[84.4915,23.354],[84.4879,23.3535],[84.4821,23.3569],[84.4817,23.3585],[84.4764,23.3591],[84.4748,23.3646],[84.4724,23.37],[84.4725,23.3757],[84.4734,23.378],[84.473,23.3825],[84.4688,23.3795],[84.4604,23.3772],[84.458,23.3748],[84.4541,23.3747],[84.4479,23.3733],[84.4427,23.3754],[84.4359,23.3737],[84.4332,23.3676],[84.4366,23.3661],[84.4375,23.3645],[84.4342,23.3616],[84.4353,23.3584],[84.4292,23.3517],[84.4259,23.3451],[84.4222,23.3394],[84.4199,23.3326],[84.4223,23.3303],[84.4222,23.3274],[84.4174,23.319],[84.4135,23.3107],[84.4126,23.3061],[84.4045,23.3102],[84.4021,23.3082],[84.4006,23.304],[84.3965,23.3014],[84.3935,23.2973],[84.3867,23.3025],[84.3833,23.3021],[84.3807,23.2943],[84.3759,23.2901],[84.3741,23.2854],[84.3695,23.2853],[84.3662,23.2843],[84.3605,23.2791],[84.3547,23.2773],[84.3505,23.2786],[84.3489,23.278],[84.3458,23.2804],[84.3372,23.2819],[84.3239,23.2774],[84.3181,23.2765],[84.3145,23.2753],[84.3072,23.275],[84.3055,23.274],[84.3042,23.2705],[84.3013,23.2692],[84.3006,23.2655],[84.3025,23.2582],[84.3024,23.2564],[84.2978,23.2545],[84.2965,23.2541],[84.296,23.2503],[84.2984,23.2445],[84.2978,23.2398],[84.3001,23.2353],[84.299,23.2317],[84.295,23.2271],[84.2939,23.2242],[84.2947,23.2216],[84.3004,23.2197],[84.3039,23.2231],[84.3079,23.2227],[84.3149,23.2205],[84.3152,23.2171],[84.3137,23.2152],[84.315,23.212],[84.3147,23.2094],[84.3117,23.2076],[84.3198,23.2027],[84.3283,23.1994],[84.3326,23.1985],[84.3336,23.1995],[84.3427,23.1968],[84.3476,23.1965],[84.3482,23.1927],[84.3505,23.1937],[84.3558,23.1938],[84.3614,23.1926],[84.3635,23.1946],[84.3636,23.1991],[84.3688,23.2071],[84.372,23.2093],[84.3782,23.2116],[84.3818,23.2102],[84.3839,23.2107],[84.3937,23.2163],[84.399,23.2211],[84.3981,23.2227],[84.4006,23.2272],[84.4059,23.2242],[84.4078,23.2242],[84.4152,23.2211],[84.4212,23.2251],[84.4235,23.2293],[84.4291,23.2268],[84.4402,23.2265],[84.4439,23.2247],[84.4475,23.2214],[84.4553,23.2175],[84.4526,23.2102],[84.4551,23.2062],[84.4622,23.2063],[84.464,23.2023],[84.4665,23.2019],[84.4707,23.203],[84.4745,23.2012],[84.4796,23.2014],[84.4824,23.2005],[84.4833,23.2075],[84.4793,23.2126],[84.4761,23.2157],[84.4748,23.2184],[84.4771,23.2208],[84.4812,23.2227],[84.4828,23.2196],[84.4882,23.218],[84.4923,23.218],[84.492,23.2132],[84.4957,23.2097],[84.4992,23.2023],[84.4985,23.2001],[84.4943,23.1969],[84.4906,23.1969],[84.4886,23.1941],[84.4883,23.1897],[84.4851,23.1834],[84.4874,23.1812],[84.4927,23.1832],[84.4946,23.1849],[84.5072,23.1883],[84.5126,23.1872],[84.5173,23.1846],[84.5278,23.1823],[84.5306,23.1795],[84.531,23.1763],[84.5324,23.1745],[84.5367,23.175],[84.5414,23.1718],[84.5441,23.1732],[84.5457,23.176],[84.5545,23.1707],[84.556,23.1657],[84.558,23.1627],[84.5622,23.161],[84.5686,23.1629],[84.5687,23.1588],[84.5792,23.1536],[84.5834,23.1493],[84.5867,23.1473],[84.5908,23.147],[84.5946,23.1424],[84.5987,23.1416],[84.6023,23.1395],[84.6065,23.1418],[84.6065,23.1372],[84.6104,23.1383],[84.6152,23.138],[84.6231,23.1358],[84.6264,23.1354],[84.6314,23.1363],[84.6354,23.1361],[84.6385,23.1347],[84.6462,23.1299]]]},"properties":{"id":"in:subdistrict:2707","level":"subdistrict","name":"Ghaghra","code":2707,"parent":"in:district:331","state":"in:state:20"}},{"type":"Feature","geometry":{"type":"Polygon","coordinates":[[[84.2089,23.1147],[84.2094,23.1094],[84.2106,23.1067],[84.2131,23.1061],[84.2199,23.107],[84.2238,23.1081],[84.2294,23.1065],[84.2337,23.1078],[84.2373,23.11],[84.2403,23.109],[84.2487,23.1039],[84.2495,23.1021],[84.249,23.0941],[84.2516,23.0915],[84.2528,23.0871],[84.2558,23.086],[84.2591,23.0866],[84.2622,23.0848],[84.2641,23.0807],[84.2641,23.0743],[84.2676,23.0721],[84.2739,23.0721],[84.2802,23.069],[84.2828,23.0669],[84.2904,23.0659],[84.2914,23.0635],[84.2865,23.0594],[84.2861,23.0574],[84.2889,23.0547],[84.2911,23.0513],[84.2926,23.0469],[84.2959,23.0433],[84.299,23.0429],[84.3047,23.0436],[84.3075,23.0512],[84.3093,23.0547],[84.3137,23.0612],[84.3154,23.063],[84.3221,23.0677],[84.3275,23.0692],[84.326,23.0749],[84.3276,23.0768],[84.3308,23.076],[84.3349,23.0727],[84.3369,23.0684],[84.34,23.0679],[84.3477,23.0706],[84.3508,23.0749],[84.3505,23.0779],[84.3557,23.0741],[84.3607,23.0744],[84.3622,23.0738],[84.3665,23.0751],[84.3704,23.0787],[84.3779,23.0813],[84.3815,23.0836],[84.3838,23.0892],[84.388,23.0903],[84.3914,23.0878],[84.395,23.0872],[84.3987,23.0795],[84.3984,23.0784],[84.4026,23.0715],[84.4097,23.0676],[84.4123,23.0641],[84.4152,23.0683],[84.421,23.0626],[84.4205,23.0602],[84.4214,23.0546],[84.4232,23.0533],[84.4284,23.0454],[84.4346,23.0486],[84.4402,23.0501],[84.4391,23.0445],[84.4399,23.0405],[84.4482,23.0349],[84.4504,23.0339],[84.4557,23.0342],[84.4584,23.0353],[84.4645,23.0363],[84.4691,23.041],[84.4672,23.0453],[84.4688,23.0482],[84.4634,23.0478],[84.4614,23.0449],[84.454,23.0472],[84.4593,23.0499],[84.4623,23.0525],[84.4685,23.0556],[84.4705,23.0573],[84.4712,23.0619],[84.4701,23.0632],[84.4645,23.0632],[84.4624,23.0657],[84.4594,23.0667],[84.4562,23.0659],[84.4544,23.0732],[84.4564,23.0754],[84.455,23.08],[84.4556,23.0826],[84.4632,23.0836],[84.4665,23.0832],[84.4688,23.0851],[84.4671,23.0902],[84.4634,23.0955],[84.4598,23.0999],[84.4597,23.1067],[84.4627,23.1122],[84.4601,23.1194],[84.4554,23.1256],[84.4515,23.1269],[84.4422,23.1264],[84.4376,23.1279],[84.4361,23.1298],[84.4264,23.1367],[84.4288,23.1417],[84.4351,23.1459],[84.4385,23.1508],[84.4376,23.1531],[84.4344,23.1541],[84.4286,23.1546],[84.4187,23.1635],[84.4199,23.1657],[84.4213,23.1712],[84.4204,23.1733],[84.4234,23.1803],[84.4241,23.1897],[84.4274,23.1938],[84.4246,23.1949],[84.4253,23.1988],[84.4239,23.2071],[84.4242,23.2095],[84.4191,23.2132],[84.4106,23.2146],[84.4109,23.2203],[84.4152,23.2211],[84.4078,23.2242],[84.4059,23.2242],[84.4006,23.2272],[84.3981,23.2227],[84.399,23.2211],[84.3937,23.2163],[84.3839,23.2107],[84.3818,23.2102],[84.3782,23.2116],[84.372,23.2093],[84.3688,23.2071],[84.3636,23.1991],[84.3635,23.1946],[84.3614,23.1926],[84.3558,23.1938],[84.3505,23.1937],[84.3482,23.1927],[84.3476,23.1965],[84.3427,23.1968],[84.3336,23.1995],[84.3326,23.1985],[84.3283,23.1994],[84.3198,23.2027],[84.3117,23.2076],[84.3147,23.2094],[84.315,23.212],[84.3137,23.2152],[84.3152,23.2171],[84.3149,23.2205],[84.3079,23.2227],[84.3039,23.2231],[84.3004,23.2197],[84.2947,23.2216],[84.2939,23.2242],[84.295,23.2271],[84.299,23.2317],[84.3001,23.2353],[84.2978,23.2398],[84.2984,23.2445],[84.296,23.2503],[84.2965,23.2541],[84.2978,23.2545],[84.2946,23.2587],[84.2937,23.2614],[84.2878,23.2665],[84.2863,23.2669],[84.2837,23.2714],[84.2812,23.2722],[84.2806,23.2794],[84.2732,23.2806],[84.2698,23.2788],[84.2654,23.2787],[84.2598,23.2728],[84.2592,23.2675],[84.2572,23.2641],[84.2551,23.2644],[84.2521,23.2602],[84.25,23.2592],[84.2469,23.2637],[84.24,23.2722],[84.2422,23.277],[84.2469,23.2828],[84.249,23.2842],[84.2547,23.2899],[84.2526,23.2931],[84.2503,23.294],[84.2479,23.2968],[84.2475,23.3032],[84.242,23.3059],[84.2384,23.3113],[84.2381,23.318],[84.2361,23.3199],[84.2327,23.319],[84.2318,23.3223],[84.2276,23.3318],[84.2286,23.3381],[84.2254,23.3416],[84.2213,23.3404],[84.2152,23.3402],[84.2129,23.339],[84.2081,23.3392],[84.2022,23.3383],[84.1985,23.3349],[84.1952,23.3267],[84.1922,23.3254],[84.1912,23.3215],[84.1893,23.3198],[84.1892,23.3176],[84.1921,23.3136],[84.1962,23.3114],[84.1998,23.3079],[84.2002,23.3049],[84.2046,23.3053],[84.2056,23.3027],[84.208,23.3004],[84.2129,23.2994],[84.2189,23.2955],[84.2253,23.2955],[84.2274,23.2936],[84.2256,23.2872],[84.2226,23.2862],[84.2222,23.2836],[84.2259,23.2813],[84.2278,23.2825],[84.2301,23.2781],[84.234,23.2755],[84.2377,23.2659],[84.2413,23.2621],[84.2385,23.2606],[84.232,23.2602],[84.2294,23.2571],[84.2258,23.2551],[84.2236,23.2553],[84.2227,23.2531],[84.2252,23.2509],[84.2241,23.2482],[84.2261,23.2463],[84.2231,23.2437],[84.224,23.2419],[84.2217,23.2399],[84.2217,23.2371],[84.2185,23.2341],[84.2176,23.2318],[84.2078,23.2268],[84.2049,23.2289],[84.2035,23.2263],[84.2005,23.227],[84.194,23.2256],[84.1919,23.2242],[84.1862,23.2256],[84.1851,23.2232],[84.1821,23.2263],[84.1788,23.2244],[84.1762,23.2247],[84.173,23.2219],[84.1677,23.2216],[84.1665,23.2199],[84.1615,23.2173],[84.1597,23.2177],[84.1534,23.2131],[84.1563,23.2089],[84.1565,23.2066],[84.1546,23.2001],[84.1537,23.1903],[84.1574,23.1864],[84.1656,23.1814],[84.1676,23.181],[84.1735,23.1824],[84.1756,23.1819],[84.1759,23.1792],[84.1729,23.1762],[84.1744,23.1739],[84.1775,23.1731],[84.1822,23.173],[84.1824,23.1696],[84.1813,23.1666],[84.1825,23.1644],[84.187,23.1623],[84.1881,23.1599],[84.1858,23.1566],[84.1899,23.1539],[84.195,23.152],[84.196,23.1454],[84.2029,23.1366],[84.2029,23.1277],[84.2075,23.1244],[84.2079,23.1173],[84.2089,23.1147]]]},"properties":{"id":"in:subdistrict:2713","level":"subdistrict","name":"Chainpur","code":2713,"parent":"in:district:331","state":"in:state:20"}},{"type":"Feature","geometry":{"type":"Polygon","coordinates":[[[84.473,23.3825],[84.4731,23.3862],[84.4771,23.3916],[84.4808,23.3932],[84.481,23.3951],[84.4752,23.4046],[84.4731,23.4031],[84.4697,23.4042],[84.4666,23.4063],[84.4629,23.4069],[84.459,23.4039],[84.4522,23.4039],[84.4479,23.4025],[84.4427,23.4048],[84.4409,23.4117],[84.4405,23.4169],[84.4377,23.4191],[84.4357,23.4227],[84.4342,23.4328],[84.4312,23.4352],[84.4336,23.4389],[84.4379,23.4402],[84.4473,23.4487],[84.4508,23.4584],[84.4529,23.4579],[84.4553,23.4595],[84.459,23.4644],[84.4628,23.4659],[84.4652,23.4678],[84.4675,23.4789],[84.4707,23.482],[84.4763,23.4858],[84.4765,23.4878],[84.475,23.4932],[84.472,23.4969],[84.4708,23.5059],[84.4707,23.5104],[84.4714,23.5149],[84.4712,23.5202],[84.4696,23.5237],[84.4641,23.5286],[84.4624,23.5346],[84.4672,23.5437],[84.4661,23.5457],[84.4677,23.5562],[84.4678,23.5624],[84.4694,23.5629],[84.4693,23.568],[84.4737,23.5712],[84.4736,23.5747],[84.4712,23.5764],[84.4717,23.5797],[84.4658,23.5822],[84.4654,23.5834],[84.46,23.5836],[84.4538,23.5848],[84.4556,23.5883],[84.457,23.5968],[84.4526,23.5973],[84.4502,23.594],[84.4466,23.5942],[84.444,23.5958],[84.442,23.5944],[84.4417,23.591],[84.437,23.5895],[84.4342,23.5915],[84.4278,23.5922],[84.4261,23.5942],[84.4165,23.5979],[84.4058,23.6031],[84.4023,23.6025],[84.3983,23.5986],[84.3958,23.5974],[84.3931,23.601],[84.3868,23.6052],[84.3827,23.6077],[84.3788,23.6048],[84.3585,23.6089],[84.3544,23.6062],[84.3508,23.5994],[84.3439,23.599],[84.3437,23.5958],[84.3415,23.5943],[84.3437,23.5906],[84.342,23.5847],[84.3392,23.5834],[84.3282,23.5806],[84.319,23.5803],[84.3192,23.5747],[84.322,23.569],[84.3255,23.5596],[84.3277,23.5526],[84.3283,23.5386],[84.3274,23.5322],[84.3325,23.5299],[84.3317,23.5269],[84.3279,23.5223],[84.3266,23.5149],[84.3267,23.5116],[84.33,23.5103],[84.3309,23.5082],[84.3288,23.5029],[84.3296,23.4965],[84.3282,23.4924],[84.3249,23.492],[84.3172,23.4939],[84.3167,23.4909],[84.3196,23.4897],[84.3175,23.4864],[84.3175,23.4819],[84.3092,23.4839],[84.3018,23.4843],[84.3001,23.4863],[84.2906,23.4936],[84.2872,23.4902],[84.2858,23.4857],[84.2852,23.4794],[84.2837,23.4708],[84.2809,23.4688],[84.2771,23.4718],[84.2753,23.4692],[84.2755,23.4655],[84.2739,23.4634],[84.2707,23.4634],[84.2694,23.4616],[84.2569,23.4589],[84.2536,23.4546],[84.2489,23.451],[84.2466,23.4468],[84.2459,23.4431],[84.2486,23.441],[84.2499,23.4385],[84.2518,23.4324],[84.2551,23.4294],[84.2558,23.424],[84.2545,23.4198],[84.2532,23.4192],[84.2517,23.4136],[84.2513,23.4083],[84.2521,23.4075],[84.2537,23.3997],[84.2532,23.397],[84.2566,23.3934],[84.2565,23.39],[84.2577,23.3848],[84.2601,23.3823],[84.2594,23.3784],[84.2573,23.3755],[84.2575,23.3729],[84.2542,23.3739],[84.2509,23.3717],[84.2477,23.3666],[84.2475,23.3554],[84.2431,23.3547],[84.2442,23.3511],[84.2411,23.3477],[84.2375,23.3477],[84.2344,23.3453],[84.2289,23.3451],[84.2264,23.3439],[84.2254,23.3416],[84.2286,23.3381],[84.2276,23.3318],[84.2318,23.3223],[84.2327,23.319],[84.2361,23.3199],[84.2381,23.318],[84.2384,23.3113],[84.242,23.3059],[84.2475,23.3032],[84.2479,23.2968],[84.2503,23.294],[84.2526,23.2931],[84.2547,23.2899],[84.249,23.2842],[84.2469,23.2828],[84.2422,23.277],[84.24,23.2722],[84.2469,23.2637],[84.25,23.2592],[84.2521,23.2602],[84.2551,23.2644],[84.2572,23.2641],[84.2592,23.2675],[84.2598,23.2728],[84.2654,23.2787],[84.2698,23.2788],[84.2732,23.2806],[84.2806,23.2794],[84.2812,23.2722],[84.2837,23.2714],[84.2863,23.2669],[84.2878,23.2665],[84.2937,23.2614],[84.2946,23.2587],[84.2978,23.2545],[84.3024,23.2564],[84.3025,23.2582],[84.3006,23.2655],[84.3013,23.2692],[84.3042,23.2705],[84.3055,23.274],[84.3072,23.275],[84.3145,23.2753],[84.3181,23.2765],[84.3239,23.2774],[84.3372,23.2819],[84.3458,23.2804],[84.3489,23.278],[84.3505,23.2786],[84.3547,23.2773],[84.3605,23.2791],[84.3662,23.2843],[84.3695,23.2853],[84.3741,23.2854],[84.3759,23.2901],[84.3807,23.2943],[84.3833,23.3021],[84.3867,23.3025],[84.3935,23.2973],[84.3965,23.3014],[84.4006,23.304],[84.4021,23.3082],[84.4045,23.3102],[84.4126,23.3061],[84.4135,23.3107],[84.4174,23.319],[84.4222,23.3274],[84.4223,23.3303],[84.4199,23.3326],[84.4222,23.3394],[84.4259,23.3451],[84.4292,23.3517],[84.4353,23.3584],[84.4342,23.3616],[84.4375,23.3645],[84.4366,23.3661],[84.4332,23.3676],[84.4359,23.3737],[84.4427,23.3754],[84.4479,23.3733],[84.4541,23.3747],[84.458,23.3748],[84.4604,23.3772],[84.4688,23.3795],[84.473,23.3825]]]},"properties":{"id":"in:subdistrict:2706","level":"subdistrict","name":"Bishunpur","code":2706,"parent":"in:district:331","state":"in:state:20"}},{"type":"Feature","geometry":{"type":"Polygon","coordinates":[[[84.5296,23.3617],[84.5344,23.3632],[84.538,23.3622],[84.5401,23.366],[84.5402,23.3718],[84.5412,23.3749],[84.535,23.3751],[84.5339,23.3766],[84.5335,23.3811],[84.5291,23.3833],[84.5312,23.391],[84.5341,23.3961],[84.5372,23.3974],[84.5447,23.4062],[84.5451,23.4103],[84.5475,23.4131],[84.5509,23.4193],[84.5524,23.4251],[84.5491,23.4332],[84.5692,23.4298],[84.576,23.4264],[84.5764,23.4288],[84.5743,23.4322],[84.5769,23.4351],[84.5794,23.4353],[84.5923,23.4301],[84.5976,23.4286],[84.5976,23.4316],[84.5918,23.4375],[84.5871,23.4408],[84.5823,23.439],[84.5786,23.4386],[84.571,23.4427],[84.5667,23.4459],[84.5644,23.4497],[84.5588,23.4533],[84.5545,23.4548],[84.5568,23.4636],[84.558,23.4659],[84.5579,23.4692],[84.5546,23.4735],[84.5561,23.4766],[84.5524,23.4825],[84.5499,23.4879],[84.5487,23.4936],[84.551,23.4929],[84.5542,23.4935],[84.5573,23.4967],[84.5712,23.5014],[84.5759,23.501],[84.5786,23.5044],[84.5823,23.5067],[84.5832,23.4996],[84.5863,23.4954],[84.59,23.4935],[84.5924,23.4983],[84.598,23.4997],[84.6035,23.4997],[84.6059,23.5051],[84.6063,23.5082],[84.6114,23.5144],[84.6106,23.517],[84.6056,23.5177],[84.6022,23.5211],[84.584,23.5268],[84.5839,23.5306],[84.5801,23.5331],[84.5779,23.5374],[84.583,23.5443],[84.5847,23.5481],[84.5843,23.5503],[84.5779,23.5576],[84.5829,23.5635],[84.5832,23.5677],[84.5855,23.5748],[84.5865,23.58],[84.5919,23.5879],[84.5986,23.5956],[84.5924,23.6026],[84.5851,23.6074],[84.5818,23.6116],[84.5818,23.6161],[84.5756,23.6162],[84.5733,23.6149],[84.5689,23.6161],[84.5648,23.616],[84.5622,23.6193],[84.5571,23.6275],[84.5542,23.6295],[84.553,23.632],[84.556,23.6363],[84.5567,23.6408],[84.5543,23.6463],[84.5517,23.6478],[84.5494,23.6543],[84.5463,23.6547],[84.5465,23.6605],[84.5392,23.6693],[84.5358,23.6705],[84.5337,23.6679],[84.5255,23.6693],[84.5173,23.6713],[84.5164,23.6733],[84.5136,23.6745],[84.5048,23.6753],[84.4953,23.6713],[84.4951,23.6678],[84.4916,23.6617],[84.4861,23.6637],[84.477,23.6617],[84.4756,23.6591],[84.4704,23.6583],[84.4623,23.645],[84.4635,23.6422],[84.4627,23.6373],[84.4668,23.6274],[84.4594,23.6278],[84.4511,23.6338],[84.4443,23.6349],[84.4411,23.6339],[84.4366,23.6293],[84.4269,23.6334],[84.4176,23.634],[84.4149,23.6356],[84.4124,23.6389],[84.4087,23.6379],[84.4025,23.6387],[84.4008,23.6371],[84.3982,23.6379],[84.3972,23.6356],[84.3966,23.6323],[84.397,23.6244],[84.3986,23.6218],[84.3988,23.6093],[84.4004,23.6047],[84.3995,23.6029],[84.3877,23.6056],[84.3868,23.6052],[84.3931,23.601],[84.3958,23.5974],[84.3983,23.5986],[84.4023,23.6025],[84.4058,23.6031],[84.4165,23.5979],[84.4261,23.5942],[84.4278,23.5922],[84.4342,23.5915],[84.437,23.5895],[84.4417,23.591],[84.442,23.5944],[84.444,23.5958],[84.4466,23.5942],[84.4502,23.594],[84.4526,23.5973],[84.457,23.5968],[84.4556,23.5883],[84.4538,23.5848],[84.46,23.5836],[84.4654,23.5834],[84.4658,23.5822],[84.4717,23.5797],[84.4712,23.5764],[84.4736,23.5747],[84.4737,23.5712],[84.4693,23.568],[84.4694,23.5629],[84.4678,23.5624],[84.4677,23.5562],[84.4661,23.5457],[84.4672,23.5437],[84.4624,23.5346],[84.4641,23.5286],[84.4696,23.5237],[84.4712,23.5202],[84.4714,23.5149],[84.4707,23.5104],[84.4708,23.5059],[84.472,23.4969],[84.475,23.4932],[84.4765,23.4878],[84.4763,23.4858],[84.4707,23.482],[84.4675,23.4789],[84.4652,23.4678],[84.4628,23.4659],[84.459,23.4644],[84.4553,23.4595],[84.4529,23.4579],[84.4508,23.4584],[84.4473,23.4487],[84.4379,23.4402],[84.4336,23.4389],[84.4312,23.4352],[84.4342,23.4328],[84.4357,23.4227],[84.4377,23.4191],[84.4405,23.4169],[84.4409,23.4117],[84.4427,23.4048],[84.4479,23.4025],[84.4522,23.4039],[84.459,23.4039],[84.4629,23.4069],[84.4666,23.4063],[84.4697,23.4042],[84.4731,23.4031],[84.4752,23.4046],[84.481,23.3951],[84.4808,23.3932],[84.4771,23.3916],[84.4731,23.3862],[84.473,23.3825],[84.4734,23.378],[84.4725,23.3757],[84.4724,23.37],[84.4748,23.3646],[84.4764,23.3591],[84.4817,23.3585],[84.4821,23.3569],[84.4879,23.3535],[84.4915,23.354],[84.4948,23.3523],[84.5007,23.3526],[84.5019,23.3565],[84.5009,23.3602],[84.5024,23.3629],[84.5008,23.3662],[84.5005,23.3711],[84.5056,23.373],[84.5063,23.3748],[84.5104,23.3796],[84.5126,23.3839],[84.5151,23.3847],[84.5206,23.3803],[84.5222,23.3774],[84.5214,23.3676],[84.5236,23.3656],[84.5273,23.366],[84.5296,23.3617]]]},"properties":{"id":"in:subdistrict:2598","level":"subdistrict","name":"Peshrar","code":2598,"parent":"in:district:336","state":"in:state:20"}},{"type":"Feature","geometry":{"type":"Polygon","coordinates":[[[84.5818,23.6161],[84.5831,23.6162],[84.5848,23.6199],[84.586,23.6266],[84.5844,23.6327],[84.5875,23.641],[84.588,23.6474],[84.5896,23.6499],[84.5929,23.6525],[84.5939,23.6583],[84.5912,23.6643],[84.5944,23.6662],[84.5975,23.6657],[84.6017,23.6682],[84.6065,23.6647],[84.6067,23.6673],[84.6039,23.6713],[84.6009,23.673],[84.5988,23.6772],[84.6015,23.6881],[84.6001,23.6921],[84.6001,23.6951],[84.5981,23.6972],[84.6003,23.7008],[84.6007,23.7035],[84.5994,23.7098],[84.6014,23.7114],[84.6003,23.7141],[84.6005,23.7218],[84.6019,23.7234],[84.6079,23.7227],[84.6093,23.7274],[84.612,23.7277],[84.6141,23.7297],[84.615,23.7356],[84.6145,23.7384],[84.6126,23.7386],[84.6104,23.7412],[84.6068,23.7437],[84.6042,23.7501],[84.6066,23.7571],[84.6097,23.7631],[84.6111,23.7671],[84.6175,23.7643],[84.6216,23.7616],[84.6269,23.7636],[84.6259,23.767],[84.6266,23.7735],[84.6256,23.7793],[84.63,23.7789],[84.6429,23.7793],[84.6443,23.7828],[84.643,23.7878],[84.6458,23.7944],[84.6409,23.796],[84.6386,23.7987],[84.6394,23.8037],[84.6386,23.8062],[84.6398,23.8097],[84.6386,23.8113],[84.6403,23.8149],[84.6372,23.8199],[84.6317,23.8256],[84.6267,23.8257],[84.6216,23.8282],[84.6194,23.8308],[84.6125,23.8356],[84.6118,23.8379],[84.6058,23.8398],[84.6032,23.8459],[84.6035,23.8475],[84.6008,23.8517],[84.5973,23.8504],[84.5947,23.8475],[84.5924,23.8466],[84.5882,23.8483],[84.5862,23.8501],[84.5807,23.851],[84.5761,23.8485],[84.5705,23.8499],[84.5681,23.8529],[84.5699,23.8547],[84.5725,23.8594],[84.5696,23.8633],[84.5666,23.8661],[84.5618,23.8682],[84.5524,23.8658],[84.5477,23.8659],[84.5416,23.864],[84.5367,23.8632],[84.5362,23.8589],[84.5343,23.8568],[84.5296,23.8564],[84.5255,23.8539],[84.5204,23.8516],[84.5152,23.8514],[84.5107,23.849],[84.5019,23.848],[84.492,23.8461],[84.489,23.8449],[84.4848,23.842],[84.4811,23.8404],[84.4736,23.8385],[84.4717,23.8368],[84.4675,23.8357],[84.4639,23.8337],[84.4639,23.8299],[84.4618,23.8264],[84.4483,23.8189],[84.4429,23.8152],[84.4359,23.8133],[84.4303,23.8107],[84.4254,23.8096],[84.4205,23.8059],[84.4166,23.8018],[84.4133,23.8017],[84.4094,23.7982],[84.4088,23.7918],[84.4106,23.7874],[84.4054,23.7823],[84.3998,23.7745],[84.3995,23.7726],[84.4008,23.7655],[84.403,23.7634],[84.4115,23.7573],[84.4139,23.7541],[84.4191,23.7554],[84.422,23.7539],[84.4206,23.7495],[84.4147,23.7383],[84.4144,23.7349],[84.4103,23.7317],[84.4014,23.7314],[84.3966,23.7304],[84.3905,23.7306],[84.39,23.7231],[84.3919,23.7201],[84.3885,23.7167],[84.386,23.7155],[84.3814,23.7152],[84.3784,23.7159],[84.3778,23.7097],[84.3763,23.7057],[84.376,23.7001],[84.3745,23.6986],[84.3754,23.6958],[84.3729,23.6933],[84.3732,23.6854],[84.3773,23.6799],[84.3857,23.6748],[84.385,23.6705],[84.3827,23.6646],[84.3821,23.6614],[84.3833,23.659],[84.3858,23.6581],[84.387,23.6543],[84.3914,23.6491],[84.392,23.645],[84.3915,23.6418],[84.3941,23.6396],[84.3972,23.6356],[84.3982,23.6379],[84.4008,23.6371],[84.4025,23.6387],[84.4087,23.6379],[84.4124,23.6389],[84.4149,23.6356],[84.4176,23.634],[84.4269,23.6334],[84.4366,23.6293],[84.4411,23.6339],[84.4443,23.6349],[84.4511,23.6338],[84.4594,23.6278],[84.4668,23.6274],[84.4627,23.6373],[84.4635,23.6422],[84.4623,23.645],[84.4704,23.6583],[84.4756,23.6591],[84.477,23.6617],[84.4861,23.6637],[84.4916,23.6617],[84.4951,23.6678],[84.4953,23.6713],[84.5048,23.6753],[84.5136,23.6745],[84.5164,23.6733],[84.5173,23.6713],[84.5255,23.6693],[84.5337,23.6679],[84.5358,23.6705],[84.5392,23.6693],[84.5465,23.6605],[84.5463,23.6547],[84.5494,23.6543],[84.5517,23.6478],[84.5543,23.6463],[84.5567,23.6408],[84.556,23.6363],[84.553,23.632],[84.5542,23.6295],[84.5571,23.6275],[84.5622,23.6193],[84.5648,23.616],[84.5689,23.6161],[84.5733,23.6149],[84.5756,23.6162],[84.5818,23.6161]]]},"properties":{"id":"in:subdistrict:2639","level":"subdistrict","name":"Latehar","code":2639,"parent":"in:district:335","state":"in:state:20"}},{"type":"Feature","geometry":{"type":"Polygon","coordinates":[[[84.3868,23.6052],[84.3877,23.6056],[84.3995,23.6029],[84.4004,23.6047],[84.3988,23.6093],[84.3986,23.6218],[84.397,23.6244],[84.3966,23.6323],[84.3972,23.6356],[84.3941,23.6396],[84.3915,23.6418],[84.392,23.645],[84.3914,23.6491],[84.387,23.6543],[84.3858,23.6581],[84.3833,23.659],[84.3821,23.6614],[84.3827,23.6646],[84.385,23.6705],[84.3857,23.6748],[84.3773,23.6799],[84.3732,23.6854],[84.3729,23.6933],[84.3754,23.6958],[84.3745,23.6986],[84.3709,23.6997],[84.3569,23.6982],[84.3504,23.7],[84.3431,23.6976],[84.3407,23.6981],[84.3357,23.6949],[84.3326,23.6896],[84.3237,23.6845],[84.3229,23.6815],[84.32,23.679],[84.3194,23.6716],[84.3155,23.6717],[84.3134,23.6742],[84.3084,23.6757],[84.3026,23.674],[84.2996,23.6758],[84.2956,23.6758],[84.2895,23.6742],[84.289,23.677],[84.2863,23.6794],[84.2857,23.6858],[84.2872,23.6889],[84.2861,23.694],[84.2865,23.7013],[84.2877,23.7051],[84.2835,23.7098],[84.2831,23.7129],[84.2719,23.7098],[84.2682,23.7074],[84.265,23.7063],[84.257,23.7018],[84.2496,23.6989],[84.2435,23.6999],[84.2405,23.6996],[84.2292,23.6943],[84.2264,23.6912],[84.2266,23.6877],[84.2231,23.6847],[84.2205,23.6836],[84.2188,23.6799],[84.2082,23.6757],[84.2023,23.6725],[84.1993,23.6701],[84.1946,23.6695],[84.1883,23.6703],[84.1758,23.6693],[84.1724,23.6682],[84.1695,23.6642],[84.169,23.6617],[84.1648,23.659],[84.1599,23.66],[84.1542,23.6674],[84.1525,23.6684],[84.1484,23.6679],[84.145,23.6663],[84.1322,23.6642],[84.1249,23.664],[84.1159,23.663],[84.1053,23.6606],[84.1021,23.6616],[84.0973,23.666],[84.0912,23.6668],[84.0842,23.6657],[84.078,23.6662],[84.071,23.6681],[84.0642,23.6677],[84.0623,23.669],[84.0615,23.6748],[84.0631,23.6826],[84.0636,23.6875],[84.0614,23.6844],[84.0596,23.6773],[84.0589,23.6718],[84.0566,23.6708],[84.0565,23.6665],[84.0527,23.6604],[84.0483,23.6585],[84.0441,23.6576],[84.0403,23.6555],[84.0289,23.646],[84.0277,23.6439],[84.0243,23.6421],[84.0209,23.6388],[84.0208,23.6365],[84.0164,23.6338],[84.0139,23.6302],[84.0087,23.6279],[84.008,23.622],[84.0111,23.6206],[84.016,23.612],[84.0167,23.6084],[84.0209,23.6044],[84.0261,23.6025],[84.0285,23.6023],[84.0299,23.5993],[84.0352,23.6016],[84.0372,23.604],[84.0396,23.6041],[84.0445,23.5999],[84.0492,23.5998],[84.052,23.602],[84.0561,23.6008],[84.0586,23.6017],[84.0631,23.6005],[84.065,23.6052],[84.0688,23.6034],[84.0705,23.6064],[84.0736,23.6053],[84.0748,23.6071],[84.0785,23.6061],[84.0818,23.6062],[84.0838,23.6051],[84.0833,23.599],[84.0887,23.5952],[84.088,23.5915],[84.0825,23.585],[84.0796,23.5805],[84.0792,23.5785],[84.0932,23.5775],[84.0969,23.578],[84.1007,23.5769],[84.1029,23.575],[84.0996,23.5716],[84.1023,23.5686],[84.1006,23.5665],[84.1023,23.5647],[84.1089,23.5613],[84.1152,23.5532],[84.1194,23.5514],[84.1218,23.5457],[84.1277,23.5396],[84.1332,23.5405],[84.1444,23.5365],[84.1507,23.5353],[84.1598,23.5343],[84.1625,23.5319],[84.1651,23.5334],[84.165,23.5373],[84.1665,23.5447],[84.1663,23.5477],[84.168,23.5489],[84.1714,23.5475],[84.1733,23.5504],[84.1769,23.5499],[84.1811,23.5523],[84.1844,23.5523],[84.1832,23.5596],[84.1807,23.5654],[84.1806,23.5711],[84.1849,23.5725],[84.1877,23.5714],[84.1912,23.572],[84.1956,23.5695],[84.2014,23.5683],[84.2097,23.5688],[84.2165,23.5664],[84.2205,23.5641],[84.2241,23.5605],[84.2312,23.5584],[84.2365,23.5522],[84.239,23.5515],[84.2383,23.5461],[84.2402,23.5426],[84.2409,23.5379],[84.2433,23.5374],[84.2437,23.5345],[84.2417,23.5254],[84.2395,23.5224],[84.2353,23.5147],[84.2319,23.5093],[84.2395,23.5098],[84.2501,23.5077],[84.263,23.5047],[84.2821,23.4967],[84.2906,23.4936],[84.3001,23.4863],[84.3018,23.4843],[84.3092,23.4839],[84.3175,23.4819],[84.3175,23.4864],[84.3196,23.4897],[84.3167,23.4909],[84.3172,23.4939],[84.3249,23.492],[84.3282,23.4924],[84.3296,23.4965],[84.3288,23.5029],[84.3309,23.5082],[84.33,23.5103],[84.3267,23.5116],[84.3266,23.5149],[84.3279,23.5223],[84.3317,23.5269],[84.3325,23.5299],[84.3274,23.5322],[84.3283,23.5386],[84.3277,23.5526],[84.3255,23.5596],[84.322,23.569],[84.3192,23.5747],[84.319,23.5803],[84.3282,23.5806],[84.3392,23.5834],[84.342,23.5847],[84.3437,23.5906],[84.3415,23.5943],[84.3437,23.5958],[84.3439,23.599],[84.3508,23.5994],[84.3544,23.6062],[84.3585,23.6089],[84.3788,23.6048],[84.3827,23.6077],[84.3868,23.6052]]]},"properties":{"id":"in:subdistrict:2638","level":"subdistrict","name":"Garu","code":2638,"parent":"in:district:335","state":"in:state:20"}},{"type":"Feature","geometry":{"type":"Polygon","coordinates":[[[84.3784,23.7159],[84.3688,23.7161],[84.3613,23.7173],[84.3573,23.7189],[84.3519,23.7229],[84.3459,23.726],[84.339,23.7285],[84.3355,23.7271],[84.3337,23.7242],[84.3332,23.7212],[84.3317,23.72],[84.3266,23.7123],[84.3259,23.708],[84.3151,23.7026],[84.3087,23.7011],[84.3035,23.7032],[84.3049,23.7137],[84.3057,23.7159],[84.3104,23.72],[84.3173,23.7233],[84.3185,23.725],[84.3226,23.7262],[84.3206,23.7299],[84.3133,23.733],[84.3067,23.7398],[84.3073,23.7464],[84.3105,23.7511],[84.3158,23.7557],[84.3211,23.7578],[84.3307,23.7681],[84.3283,23.7728],[84.3219,23.7774],[84.3233,23.7798],[84.3223,23.7833],[84.3247,23.7855],[84.3252,23.7913],[84.3202,23.7922],[84.3151,23.7914],[84.3058,23.7889],[84.3082,23.7944],[84.3038,23.7964],[84.3013,23.7961],[84.2967,23.7979],[84.2924,23.8013],[84.289,23.8066],[84.2844,23.8071],[84.2785,23.8101],[84.2772,23.8132],[84.2728,23.812],[84.2682,23.8133],[84.2673,23.8163],[84.2654,23.8175],[84.2556,23.8206],[84.2528,23.8251],[84.2544,23.8303],[84.2582,23.8356],[84.2581,23.8389],[84.2539,23.8448],[84.253,23.847],[84.2538,23.8497],[84.2609,23.8531],[84.2634,23.8565],[84.2635,23.8594],[84.2607,23.8681],[84.2576,23.8729],[84.2545,23.8793],[84.2485,23.8836],[84.2422,23.8916],[84.2387,23.8986],[84.236,23.8995],[84.2257,23.8959],[84.2237,23.8956],[84.2182,23.8979],[84.2147,23.9013],[84.2148,23.9051],[84.2161,23.9093],[84.2158,23.9142],[84.2134,23.9174],[84.2108,23.9185],[84.2029,23.9168],[84.1994,23.9182],[84.1979,23.921],[84.1965,23.9263],[84.1953,23.9284],[84.1914,23.9304],[84.1845,23.9354],[84.1745,23.9379],[84.1644,23.9383],[84.158,23.9406],[84.1499,23.9418],[84.1426,23.9454],[84.1416,23.9411],[84.1432,23.9363],[84.1439,23.9313],[84.1467,23.9263],[84.1471,23.9218],[84.1463,23.9194],[84.1436,23.9165],[84.1407,23.9079],[84.1392,23.9047],[84.1364,23.902],[84.1237,23.8999],[84.1185,23.8985],[84.1118,23.8916],[84.1063,23.8866],[84.0947,23.8709],[84.091,23.8665],[84.0872,23.8641],[84.0719,23.8609],[84.0665,23.8584],[84.0641,23.8553],[84.0639,23.8479],[84.062,23.8426],[84.0539,23.8364],[84.0518,23.8337],[84.052,23.8299],[84.0568,23.8192],[84.0567,23.816],[84.0542,23.8145],[84.0469,23.8128],[84.0444,23.8106],[84.0425,23.8066],[84.0414,23.8016],[84.0395,23.7983],[84.0343,23.7954],[84.0309,23.7976],[84.0298,23.8005],[84.0274,23.8025],[84.0239,23.8031],[84.0203,23.8012],[84.0188,23.797],[84.0192,23.7925],[84.024,23.7864],[84.0253,23.7833],[84.0251,23.7801],[84.0213,23.7764],[84.0174,23.7712],[84.01,23.7646],[84.0087,23.7617],[84.0077,23.7566],[84.0087,23.7516],[84.0081,23.7488],[84.0043,23.7453],[84.0016,23.7449],[83.9965,23.7427],[83.9911,23.7384],[83.9856,23.735],[83.9832,23.7311],[83.9859,23.7234],[83.9906,23.7201],[83.9918,23.7184],[83.9946,23.7184],[83.9981,23.7151],[84.0022,23.7097],[84.0069,23.7092],[84.0109,23.707],[84.0128,23.7032],[84.0152,23.7003],[84.0241,23.6952],[84.0313,23.6944],[84.0383,23.6964],[84.0403,23.6963],[84.0483,23.6933],[84.0516,23.6938],[84.054,23.6962],[84.0573,23.698],[84.0589,23.7],[84.0624,23.6979],[84.0649,23.6934],[84.0675,23.6944],[84.0697,23.6934],[84.0695,23.6881],[84.0663,23.6886],[84.0636,23.6875],[84.0631,23.6826],[84.0615,23.6748],[84.0623,23.669],[84.0642,23.6677],[84.071,23.6681],[84.078,23.6662],[84.0842,23.6657],[84.0912,23.6668],[84.0973,23.666],[84.1021,23.6616],[84.1053,23.6606],[84.1159,23.663],[84.1249,23.664],[84.1322,23.6642],[84.145,23.6663],[84.1484,23.6679],[84.1525,23.6684],[84.1542,23.6674],[84.1599,23.66],[84.1648,23.659],[84.169,23.6617],[84.1695,23.6642],[84.1724,23.6682],[84.1758,23.6693],[84.1883,23.6703],[84.1946,23.6695],[84.1993,23.6701],[84.2023,23.6725],[84.2082,23.6757],[84.2188,23.6799],[84.2205,23.6836],[84.2231,23.6847],[84.2266,23.6877],[84.2264,23.6912],[84.2292,23.6943],[84.2405,23.6996],[84.2435,23.6999],[84.2496,23.6989],[84.257,23.7018],[84.265,23.7063],[84.2682,23.7074],[84.2719,23.7098],[84.2831,23.7129],[84.2835,23.7098],[84.2877,23.7051],[84.2865,23.7013],[84.2861,23.694],[84.2872,23.6889],[84.2857,23.6858],[84.2863,23.6794],[84.289,23.677],[84.2895,23.6742],[84.2956,23.6758],[84.2996,23.6758],[84.3026,23.674],[84.3084,23.6757],[84.3134,23.6742],[84.3155,23.6717],[84.3194,23.6716],[84.32,23.679],[84.3229,23.6815],[84.3237,23.6845],[84.3326,23.6896],[84.3357,23.6949],[84.3407,23.6981],[84.3431,23.6976],[84.3504,23.7],[84.3569,23.6982],[84.3709,23.6997],[84.3745,23.6986],[84.376,23.7001],[84.3763,23.7057],[84.3778,23.7097],[84.3784,23.7159]]]},"properties":{"id":"in:subdistrict:2636","level":"subdistrict","name":"Barwadih","code":2636,"parent":"in:district:335","state":"in:state:20"}},{"type":"Feature","geometry":{"type":"Polygon","coordinates":[[[84.1922,23.3254],[84.1952,23.3267],[84.1985,23.3349],[84.2022,23.3383],[84.2081,23.3392],[84.2129,23.339],[84.2152,23.3402],[84.2213,23.3404],[84.2254,23.3416],[84.2264,23.3439],[84.2289,23.3451],[84.2344,23.3453],[84.2375,23.3477],[84.2411,23.3477],[84.2442,23.3511],[84.2431,23.3547],[84.2475,23.3554],[84.2477,23.3666],[84.2509,23.3717],[84.2542,23.3739],[84.2575,23.3729],[84.2573,23.3755],[84.2594,23.3784],[84.2601,23.3823],[84.2577,23.3848],[84.2565,23.39],[84.2566,23.3934],[84.2532,23.397],[84.2537,23.3997],[84.2521,23.4075],[84.2513,23.4083],[84.2517,23.4136],[84.2532,23.4192],[84.2545,23.4198],[84.2558,23.424],[84.2551,23.4294],[84.2518,23.4324],[84.2499,23.4385],[84.2486,23.441],[84.2459,23.4431],[84.2466,23.4468],[84.2489,23.451],[84.2536,23.4546],[84.2569,23.4589],[84.2694,23.4616],[84.2707,23.4634],[84.2739,23.4634],[84.2755,23.4655],[84.2753,23.4692],[84.2771,23.4718],[84.2809,23.4688],[84.2837,23.4708],[84.2852,23.4794],[84.2858,23.4857],[84.2872,23.4902],[84.2906,23.4936],[84.2821,23.4967],[84.263,23.5047],[84.2501,23.5077],[84.2395,23.5098],[84.2319,23.5093],[84.2353,23.5147],[84.2395,23.5224],[84.2417,23.5254],[84.2437,23.5345],[84.2433,23.5374],[84.2409,23.5379],[84.2402,23.5426],[84.2383,23.5461],[84.239,23.5515],[84.2365,23.5522],[84.2312,23.5584],[84.2241,23.5605],[84.2205,23.5641],[84.2165,23.5664],[84.2097,23.5688],[84.2014,23.5683],[84.1956,23.5695],[84.1912,23.572],[84.1877,23.5714],[84.1849,23.5725],[84.1806,23.5711],[84.1807,23.5654],[84.1832,23.5596],[84.1844,23.5523],[84.1811,23.5523],[84.1769,23.5499],[84.1733,23.5504],[84.1714,23.5475],[84.168,23.5489],[84.1663,23.5477],[84.1665,23.5447],[84.165,23.5373],[84.1651,23.5334],[84.1625,23.5319],[84.1598,23.5343],[84.1507,23.5353],[84.1444,23.5365],[84.1332,23.5405],[84.1277,23.5396],[84.1218,23.5457],[84.1194,23.5514],[84.1152,23.5532],[84.1089,23.5613],[84.1023,23.5647],[84.1006,23.5665],[84.1023,23.5686],[84.0996,23.5716],[84.1029,23.575],[84.1007,23.5769],[84.0969,23.578],[84.0932,23.5775],[84.0792,23.5785],[84.0796,23.5805],[84.0825,23.585],[84.088,23.5915],[84.0887,23.5952],[84.0833,23.599],[84.0838,23.6051],[84.0818,23.6062],[84.0785,23.6061],[84.0748,23.6071],[84.0736,23.6053],[84.0705,23.6064],[84.0688,23.6034],[84.065,23.6052],[84.0631,23.6005],[84.0586,23.6017],[84.0561,23.6008],[84.052,23.602],[84.0492,23.5998],[84.0445,23.5999],[84.0396,23.6041],[84.0372,23.604],[84.0352,23.6016],[84.0299,23.5993],[84.0285,23.5958],[84.0281,23.5912],[84.0298,23.5858],[84.0284,23.5833],[84.0292,23.5799],[84.0281,23.5778],[84.0288,23.5716],[84.0297,23.5681],[84.0264,23.5568],[84.026,23.5539],[84.0275,23.5499],[84.0281,23.5456],[84.0268,23.5442],[84.0256,23.5386],[84.0243,23.538],[84.0233,23.5337],[84.0208,23.5308],[84.0216,23.5277],[84.0198,23.5263],[84.0175,23.5223],[84.0187,23.5182],[84.0166,23.5115],[84.0152,23.509],[84.0147,23.5037],[84.0074,23.4977],[84.001,23.4971],[84.0011,23.4937],[83.9969,23.4849],[83.9921,23.4817],[83.9889,23.4787],[83.9864,23.4711],[83.9854,23.4665],[83.9824,23.464],[83.9746,23.461],[83.9738,23.4593],[83.9745,23.4522],[83.9779,23.4485],[83.9853,23.4344],[83.9838,23.4309],[83.9838,23.4262],[83.9804,23.4213],[83.9809,23.4195],[83.9798,23.4135],[83.977,23.4103],[83.9748,23.4029],[83.9722,23.4027],[83.9717,23.3993],[83.9689,23.3908],[83.967,23.3876],[83.9699,23.3835],[83.9694,23.3812],[83.9707,23.3791],[83.9752,23.3748],[83.9761,23.3718],[83.9803,23.3681],[83.9805,23.3645],[83.9882,23.3629],[83.99,23.3612],[83.9989,23.3577],[84.003,23.3571],[84.0057,23.3539],[84.0108,23.3537],[84.0123,23.3551],[84.0138,23.3623],[84.0163,23.3696],[84.0217,23.3751],[84.0267,23.3776],[84.0364,23.3785],[84.0501,23.3749],[84.0511,23.3736],[84.0482,23.3697],[84.0527,23.3669],[84.0534,23.3634],[84.0521,23.3593],[84.0545,23.3522],[84.0578,23.3518],[84.0602,23.3502],[84.0666,23.3441],[84.0685,23.3386],[84.0743,23.3338],[84.0773,23.3325],[84.0923,23.3321],[84.0969,23.3314],[84.0959,23.3344],[84.1017,23.3404],[84.1049,23.34],[84.1074,23.3436],[84.1114,23.3434],[84.1147,23.3455],[84.1143,23.3482],[84.1161,23.3507],[84.1212,23.3491],[84.1228,23.3469],[84.128,23.3474],[84.1322,23.3458],[84.1334,23.3422],[84.1351,23.3408],[84.1423,23.3395],[84.1491,23.3361],[84.1539,23.3359],[84.1604,23.3343],[84.1771,23.3288],[84.1824,23.3278],[84.1868,23.3255],[84.1922,23.3254]]]},"properties":{"id":"in:subdistrict:2637","level":"subdistrict","name":"Mahuadanr","code":2637,"parent":"in:district:335","state":"in:state:20"}},{"type":"Feature","geometry":{"type":"Polygon","coordinates":[[[84.0636,23.6875],[84.0663,23.6886],[84.0695,23.6881],[84.0697,23.6934],[84.0675,23.6944],[84.0649,23.6934],[84.0624,23.6979],[84.0589,23.7],[84.0573,23.698],[84.054,23.6962],[84.0516,23.6938],[84.0483,23.6933],[84.0403,23.6963],[84.0383,23.6964],[84.0313,23.6944],[84.0241,23.6952],[84.0152,23.7003],[84.0128,23.7032],[84.0109,23.707],[84.0069,23.7092],[84.0022,23.7097],[83.9981,23.7151],[83.9946,23.7184],[83.9918,23.7184],[83.9906,23.7201],[83.9859,23.7234],[83.9832,23.7311],[83.9856,23.735],[83.9911,23.7384],[83.9965,23.7427],[84.0016,23.7449],[84.0043,23.7453],[84.0081,23.7488],[84.0087,23.7516],[84.0077,23.7566],[84.0087,23.7617],[84.01,23.7646],[84.0174,23.7712],[84.0213,23.7764],[84.0251,23.7801],[84.0253,23.7833],[84.024,23.7864],[84.0192,23.7925],[84.0188,23.797],[84.0131,23.7946],[84.0099,23.7955],[84.0053,23.7953],[84.0022,23.7926],[83.9992,23.7938],[84.0003,23.7977],[83.9985,23.7994],[83.9982,23.8028],[84.0021,23.81],[84.0009,23.8136],[84.0017,23.8179],[83.9967,23.8198],[83.9932,23.8228],[83.9914,23.8269],[83.9865,23.8329],[83.9864,23.8348],[83.984,23.8374],[83.9844,23.8432],[83.9821,23.8505],[83.9816,23.8541],[83.9737,23.858],[83.9631,23.8595],[83.9593,23.8572],[83.9475,23.8618],[83.9411,23.8674],[83.9383,23.8679],[83.9387,23.8701],[83.934,23.8642],[83.9336,23.8616],[83.9345,23.8574],[83.934,23.8524],[83.9352,23.8501],[83.9299,23.8482],[83.9259,23.8442],[83.9229,23.8336],[83.9205,23.8279],[83.9185,23.8263],[83.9146,23.8275],[83.9049,23.8254],[83.8971,23.8257],[83.8882,23.8235],[83.8862,23.8221],[83.885,23.817],[83.8831,23.8154],[83.877,23.8218],[83.8732,23.8233],[83.8694,23.8231],[83.865,23.8238],[83.8632,23.8227],[83.8599,23.8172],[83.8544,23.8134],[83.8501,23.8084],[83.8463,23.8028],[83.8397,23.8039],[83.8321,23.8032],[83.8298,23.805],[83.823,23.8059],[83.8198,23.8046],[83.8083,23.7974],[83.8031,23.7952],[83.7992,23.7948],[83.7942,23.7953],[83.7913,23.7947],[83.7853,23.7962],[83.7815,23.798],[83.7742,23.7967],[83.7642,23.7981],[83.7601,23.7951],[83.7575,23.7914],[83.7548,23.7914],[83.7473,23.7929],[83.7441,23.7944],[83.7397,23.7943],[83.7372,23.7964],[83.7337,23.7984],[83.7316,23.8021],[83.7287,23.8022],[83.7276,23.8042],[83.7244,23.8059],[83.7191,23.8044],[83.7183,23.8033],[83.712,23.8012],[83.7136,23.7997],[83.718,23.7931],[83.722,23.788],[83.7231,23.7837],[83.7211,23.7753],[83.7213,23.7724],[83.7243,23.7687],[83.7306,23.7667],[83.7355,23.7636],[83.7377,23.7605],[83.7391,23.7492],[83.7392,23.7368],[83.7401,23.7324],[83.7461,23.7195],[83.746,23.717],[83.7441,23.7087],[83.741,23.7026],[83.7351,23.7003],[83.7321,23.695],[83.7249,23.6907],[83.7227,23.6871],[83.7236,23.6839],[83.7255,23.6816],[83.73,23.6758],[83.7389,23.6668],[83.7462,23.663],[83.7509,23.659],[83.7589,23.6535],[83.7616,23.6508],[83.7606,23.6479],[83.7532,23.6434],[83.7518,23.6414],[83.7519,23.6387],[83.7554,23.6347],[83.7567,23.63],[83.7594,23.626],[83.762,23.6251],[83.7724,23.6238],[83.7759,23.6206],[83.7764,23.6176],[83.7725,23.6109],[83.7771,23.608],[83.7899,23.6046],[83.7945,23.6051],[83.8014,23.6012],[83.8044,23.5954],[83.8053,23.5891],[83.807,23.5875],[83.8123,23.5892],[83.8154,23.5962],[83.817,23.5946],[83.8243,23.592],[83.8259,23.5907],[83.8358,23.5893],[83.8386,23.5894],[83.8449,23.5867],[83.851,23.5874],[83.8697,23.5832],[83.8715,23.5821],[83.8791,23.5804],[83.8886,23.5788],[83.8942,23.5825],[83.8995,23.5823],[83.9002,23.5802],[83.9086,23.5762],[83.9185,23.5764],[83.927,23.5737],[83.9311,23.5707],[83.9356,23.569],[83.9398,23.5705],[83.9399,23.5745],[83.9386,23.5785],[83.9381,23.5862],[83.9391,23.5905],[83.9374,23.5924],[83.937,23.5953],[83.933,23.6008],[83.9338,23.6074],[83.9307,23.6112],[83.9313,23.6153],[83.9306,23.6183],[83.9319,23.6204],[83.9355,23.6225],[83.941,23.6247],[83.9425,23.626],[83.9478,23.6267],[83.9523,23.626],[83.9563,23.6262],[83.9613,23.6252],[83.9694,23.6267],[83.9807,23.6251],[83.9795,23.6287],[83.981,23.6337],[83.9874,23.6323],[83.9971,23.6345],[83.9991,23.6337],[84.0089,23.6344],[84.0164,23.6338],[84.0208,23.6365],[84.0209,23.6388],[84.0243,23.6421],[84.0277,23.6439],[84.0289,23.646],[84.0403,23.6555],[84.0441,23.6576],[84.0483,23.6585],[84.0527,23.6604],[84.0565,23.6665],[84.0566,23.6708],[84.0589,23.6718],[84.0596,23.6773],[84.0614,23.6844],[84.0636,23.6875]]]},"properties":{"id":"in:subdistrict:2513","level":"subdistrict","name":"Bhandaria","code":2513,"parent":"in:district:328","state":"in:state:20"}},{"type":"Feature","geometry":{"type":"Polygon","coordinates":[[[83.7372,23.7964],[83.7417,23.806],[83.7421,23.8132],[83.7435,23.8168],[83.7468,23.8204],[83.7457,23.8255],[83.7465,23.8294],[83.7435,23.8316],[83.7443,23.8343],[83.7502,23.8351],[83.7564,23.8404],[83.757,23.844],[83.7549,23.8463],[83.7544,23.8508],[83.7523,23.8552],[83.7595,23.8602],[83.7626,23.8639],[83.7631,23.8714],[83.7642,23.8737],[83.7748,23.8805],[83.7821,23.8822],[83.787,23.8826],[83.8004,23.8791],[83.8064,23.8807],[83.8157,23.8795],[83.823,23.8798],[83.8288,23.882],[83.8317,23.8838],[83.8411,23.8867],[83.8482,23.887],[83.8481,23.889],[83.8507,23.8948],[83.8613,23.8944],[83.8662,23.8969],[83.8678,23.8996],[83.8641,23.9037],[83.8514,23.9078],[83.8439,23.912],[83.8416,23.9163],[83.842,23.9204],[83.8437,23.9267],[83.8458,23.9307],[83.846,23.9364],[83.8422,23.9414],[83.8408,23.9447],[83.8426,23.948],[83.8425,23.9512],[83.8376,23.9521],[83.8333,23.9502],[83.8292,23.9516],[83.8271,23.9552],[83.8243,23.9565],[83.8216,23.9556],[83.8189,23.958],[83.818,23.9613],[83.8241,23.9641],[83.8309,23.9649],[83.8335,23.9664],[83.836,23.9698],[83.8334,23.9722],[83.8346,23.9761],[83.8367,23.9794],[83.8374,23.9856],[83.8397,23.9882],[83.8423,23.9874],[83.8426,23.9909],[83.8388,23.991],[83.8299,23.9956],[83.8266,24.0001],[83.8271,24.0012],[83.8317,24.0033],[83.8377,24.0118],[83.8423,24.0199],[83.8461,24.0252],[83.8472,24.0326],[83.8491,24.0361],[83.8425,24.0365],[83.8362,24.0418],[83.8332,24.043],[83.8257,24.0433],[83.8155,24.0482],[83.8122,24.0494],[83.8068,24.0498],[83.8039,24.0509],[83.7985,24.0517],[83.7904,24.0544],[83.7818,24.06],[83.7793,24.0598],[83.7716,24.0644],[83.7708,24.0662],[83.7619,24.0664],[83.7591,24.0652],[83.7577,24.0627],[83.7533,24.0619],[83.7521,24.0605],[83.7519,24.0555],[83.7489,24.0545],[83.7503,24.0481],[83.75,24.0442],[83.748,24.0357],[83.7501,24.0258],[83.7493,24.0238],[83.7457,24.0221],[83.7347,24.0232],[83.7326,24.0214],[83.7315,24.0148],[83.7333,24.0104],[83.7336,24.005],[83.7323,24.0042],[83.7314,24.0003],[83.7295,23.9986],[83.7227,23.9968],[83.7169,23.9916],[83.7167,23.9875],[83.715,23.9823],[83.7045,23.9848],[83.7012,23.9848],[83.699,23.9836],[83.6957,23.9791],[83.6933,23.9742],[83.6911,23.972],[83.6879,23.9707],[83.6824,23.9705],[83.6776,23.9691],[83.6694,23.9655],[83.6629,23.964],[83.6651,23.9611],[83.6667,23.9539],[83.6721,23.952],[83.674,23.939],[83.6722,23.9342],[83.6704,23.9249],[83.6577,23.9239],[83.6521,23.925],[83.6501,23.9292],[83.6465,23.9333],[83.6392,23.9365],[83.6308,23.9351],[83.6231,23.9305],[83.6179,23.9296],[83.6121,23.9299],[83.5993,23.9266],[83.5945,23.9287],[83.5861,23.9299],[83.5815,23.922],[83.5751,23.916],[83.5667,23.9202],[83.5631,23.9229],[83.5594,23.9246],[83.5489,23.9269],[83.5476,23.9215],[83.5469,23.9143],[83.5493,23.9097],[83.5534,23.8981],[83.5547,23.8956],[83.5579,23.8934],[83.5629,23.8926],[83.5704,23.8945],[83.5791,23.8919],[83.5854,23.8871],[83.586,23.8826],[83.5842,23.8786],[83.5809,23.8754],[83.5744,23.8733],[83.5707,23.8706],[83.5689,23.8667],[83.5712,23.8621],[83.5747,23.8612],[83.5785,23.8626],[83.5858,23.8639],[83.5915,23.8628],[83.6003,23.8584],[83.6058,23.8565],[83.6089,23.8545],[83.6122,23.8538],[83.6174,23.8556],[83.6228,23.8532],[83.6308,23.8504],[83.6348,23.8497],[83.6414,23.8474],[83.6463,23.8468],[83.6518,23.849],[83.6561,23.8499],[83.6615,23.8484],[83.6666,23.8443],[83.6685,23.8367],[83.6639,23.8323],[83.6633,23.83],[83.6648,23.8275],[83.6743,23.8272],[83.6766,23.8254],[83.678,23.8225],[83.6822,23.8195],[83.6841,23.8194],[83.6887,23.8256],[83.6915,23.8264],[83.7026,23.823],[83.7053,23.8208],[83.7076,23.8174],[83.7074,23.8138],[83.7044,23.8066],[83.7055,23.8034],[83.712,23.8012],[83.7183,23.8033],[83.7191,23.8044],[83.7244,23.8059],[83.7276,23.8042],[83.7287,23.8022],[83.7316,23.8021],[83.7337,23.7984],[83.7372,23.7964]]]},"properties":{"id":"in:subdistrict:2511","level":"subdistrict","name":"Ranka","code":2511,"parent":"in:district:328","state":"in:state:20"}},{"type":"Feature","geometry":{"type":"Polygon","coordinates":[[[83.5489,23.9269],[83.5594,23.9246],[83.5631,23.9229],[83.5667,23.9202],[83.5751,23.916],[83.5815,23.922],[83.5861,23.9299],[83.5945,23.9287],[83.5993,23.9266],[83.6121,23.9299],[83.6179,23.9296],[83.6231,23.9305],[83.6308,23.9351],[83.6392,23.9365],[83.6465,23.9333],[83.6501,23.9292],[83.6521,23.925],[83.6577,23.9239],[83.6704,23.9249],[83.6722,23.9342],[83.674,23.939],[83.6721,23.952],[83.6667,23.9539],[83.6651,23.9611],[83.6629,23.964],[83.6694,23.9655],[83.6776,23.9691],[83.6824,23.9705],[83.6879,23.9707],[83.6911,23.972],[83.6933,23.9742],[83.6957,23.9791],[83.699,23.9836],[83.7012,23.9848],[83.7045,23.9848],[83.715,23.9823],[83.7167,23.9875],[83.7169,23.9916],[83.7227,23.9968],[83.7295,23.9986],[83.7314,24.0003],[83.7323,24.0042],[83.7336,24.005],[83.7333,24.0104],[83.7315,24.0148],[83.7326,24.0214],[83.7347,24.0232],[83.7457,24.0221],[83.7493,24.0238],[83.7501,24.0258],[83.748,24.0357],[83.75,24.0442],[83.7503,24.0481],[83.7489,24.0545],[83.7454,24.0552],[83.7383,24.0545],[83.7355,24.0554],[83.7316,24.0544],[83.7261,24.0505],[83.7242,24.0538],[83.7198,24.056],[83.712,24.0616],[83.708,24.0626],[83.6975,24.0596],[83.6924,24.0623],[83.6894,24.0625],[83.6873,24.0605],[83.685,24.0583],[83.68,24.0512],[83.6791,24.0469],[83.6756,24.0445],[83.6705,24.0432],[83.667,24.0413],[83.6627,24.0404],[83.6594,24.0413],[83.6569,24.0433],[83.6561,24.0488],[83.6576,24.0524],[83.6581,24.0563],[83.6578,24.0623],[83.6567,24.0649],[83.6506,24.0718],[83.6465,24.0694],[83.6403,24.0668],[83.6331,24.0625],[83.6278,24.0601],[83.6181,24.0579],[83.6077,24.0591],[83.599,24.0626],[83.5949,24.0629],[83.5866,24.0661],[83.578,24.0715],[83.574,24.0721],[83.5693,24.0709],[83.563,24.0713],[83.5606,24.074],[83.5553,24.0784],[83.5418,24.0802],[83.5325,24.0834],[83.5294,24.0806],[83.5297,24.0782],[83.5282,24.0683],[83.5249,24.0434],[83.523,24.0343],[83.5193,24.0274],[83.516,24.0251],[83.5164,24.022],[83.5218,24.016],[83.5239,24.0123],[83.5229,24.0064],[83.52,24.003],[83.5164,24.0005],[83.5138,23.9964],[83.5155,23.99],[83.5152,23.9815],[83.5175,23.9759],[83.5226,23.9703],[83.5245,23.9642],[83.5284,23.9582],[83.5344,23.9534],[83.537,23.9507],[83.5418,23.9429],[83.546,23.9395],[83.5489,23.9339],[83.5489,23.9269]]]},"properties":{"id":"in:subdistrict:2507","level":"subdistrict","name":"Chinia","code":2507,"parent":"in:district:328","state":"in:state:20"}},{"type":"Feature","geometry":{"type":"Polygon","coordinates":[[[83.6873,24.0605],[83.6854,24.0636],[83.6828,24.0647],[83.6819,24.0696],[83.6846,24.0726],[83.6828,24.0799],[83.6826,24.0842],[83.685,24.0855],[83.6859,24.0886],[83.6845,24.0921],[83.6807,24.093],[83.6774,24.0922],[83.6751,24.0929],[83.6736,24.0982],[83.6711,24.1026],[83.6695,24.1066],[83.6706,24.1125],[83.6704,24.1149],[83.6673,24.1182],[83.6631,24.1171],[83.6588,24.1179],[83.6558,24.1162],[83.6581,24.1137],[83.6574,24.1121],[83.6525,24.1138],[83.6493,24.1116],[83.6461,24.1121],[83.6469,24.1146],[83.6445,24.1212],[83.6373,24.1306],[83.6367,24.1414],[83.633,24.1429],[83.6305,24.146],[83.631,24.1523],[83.6335,24.1619],[83.6353,24.1702],[83.6341,24.1743],[83.6357,24.1791],[83.6337,24.1846],[83.6311,24.1884],[83.6264,24.1881],[83.6229,24.1859],[83.6119,24.1855],[83.6118,24.1827],[83.6098,24.172],[83.6063,24.1728],[83.5952,24.1778],[83.5866,24.1795],[83.5845,24.1777],[83.5817,24.1723],[83.5745,24.1601],[83.5733,24.1546],[83.5773,24.1526],[83.5779,24.1501],[83.5771,24.1411],[83.5743,24.1393],[83.5735,24.1355],[83.5663,24.1361],[83.5656,24.1322],[83.5619,24.1277],[83.56,24.1243],[83.5591,24.1159],[83.5602,24.1125],[83.5586,24.1097],[83.5531,24.1057],[83.5436,24.0921],[83.5358,24.0834],[83.5325,24.0834],[83.5418,24.0802],[83.5553,24.0784],[83.5606,24.074],[83.563,24.0713],[83.5693,24.0709],[83.574,24.0721],[83.578,24.0715],[83.5866,24.0661],[83.5949,24.0629],[83.599,24.0626],[83.6077,24.0591],[83.6181,24.0579],[83.6278,24.0601],[83.6331,24.0625],[83.6403,24.0668],[83.6465,24.0694],[83.6506,24.0718],[83.6567,24.0649],[83.6578,24.0623],[83.6581,24.0563],[83.6576,24.0524],[83.6561,24.0488],[83.6569,24.0433],[83.6594,24.0413],[83.6627,24.0404],[83.667,24.0413],[83.6705,24.0432],[83.6756,24.0445],[83.6791,24.0469],[83.68,24.0512],[83.685,24.0583],[83.6873,24.0605]]]},"properties":{"id":"in:subdistrict:2506","level":"subdistrict","name":"Dandai","code":2506,"parent":"in:district:328","state":"in:state:20"}},{"type":"Feature","geometry":{"type":"Polygon","coordinates":[[[83.6367,24.1414],[83.639,24.1429],[83.6391,24.1462],[83.6424,24.1464],[83.6447,24.1481],[83.6495,24.1478],[83.6518,24.1456],[83.6566,24.1462],[83.6592,24.1448],[83.6609,24.1495],[83.6613,24.1533],[83.6666,24.1542],[83.6665,24.1606],[83.6591,24.1729],[83.6524,24.1794],[83.6421,24.1849],[83.6451,24.1895],[83.6425,24.1951],[83.6417,24.2041],[83.644,24.2074],[83.6481,24.2115],[83.6525,24.2184],[83.6512,24.2247],[83.6527,24.2307],[83.6562,24.2347],[83.6604,24.2378],[83.6602,24.2444],[83.6567,24.2497],[83.6588,24.2567],[83.6558,24.2605],[83.6564,24.265],[83.6522,24.263],[83.6476,24.2624],[83.6446,24.2631],[83.6367,24.2554],[83.6301,24.2564],[83.6343,24.2618],[83.6268,24.2619],[83.6245,24.2564],[83.6209,24.2539],[83.6166,24.2523],[83.614,24.2458],[83.6115,24.2447],[83.6036,24.2455],[83.6036,24.2505],[83.6063,24.2593],[83.6111,24.2579],[83.6138,24.2588],[83.6143,24.2661],[83.6128,24.2709],[83.6037,24.273],[83.6076,24.2785],[83.6059,24.2806],[83.6025,24.2802],[83.5963,24.2825],[83.5944,24.2803],[83.5897,24.2812],[83.5903,24.2791],[83.5865,24.2775],[83.5799,24.2785],[83.5743,24.2777],[83.5688,24.275],[83.5675,24.2754],[83.5669,24.28],[83.5638,24.2825],[83.5605,24.2831],[83.5556,24.2776],[83.5508,24.2732],[83.5469,24.2646],[83.5435,24.2617],[83.5442,24.258],[83.5431,24.2554],[83.5391,24.2564],[83.5367,24.2513],[83.5339,24.2481],[83.532,24.2439],[83.5283,24.2428],[83.5263,24.2412],[83.5274,24.2382],[83.5278,24.2264],[83.5235,24.2281],[83.5163,24.2278],[83.5102,24.2282],[83.509,24.2269],[83.4981,24.2276],[83.5018,24.2229],[83.5007,24.2209],[83.4936,24.221],[83.4903,24.2196],[83.4876,24.2147],[83.4842,24.2143],[83.4865,24.2111],[83.4877,24.2067],[83.4907,24.2041],[83.4907,24.2024],[83.4863,24.199],[83.485,24.1961],[83.4875,24.1928],[83.4889,24.1875],[83.4914,24.1826],[83.4923,24.1775],[83.4946,24.1731],[83.4974,24.1689],[83.5021,24.1665],[83.5065,24.1663],[83.5113,24.1682],[83.5177,24.1678],[83.5271,24.1656],[83.5369,24.1647],[83.5382,24.1691],[83.5405,24.1693],[83.5472,24.1647],[83.5558,24.1575],[83.5659,24.1549],[83.5733,24.1546],[83.5745,24.1601],[83.5817,24.1723],[83.5845,24.1777],[83.5866,24.1795],[83.5952,24.1778],[83.6063,24.1728],[83.6098,24.172],[83.6118,24.1827],[83.6119,24.1855],[83.6229,24.1859],[83.6264,24.1881],[83.6311,24.1884],[83.6337,24.1846],[83.6357,24.1791],[83.6341,24.1743],[83.6353,24.1702],[83.6335,24.1619],[83.631,24.1523],[83.6305,24.146],[83.633,24.1429],[83.6367,24.1414]]]},"properties":{"id":"in:subdistrict:2501","level":"subdistrict","name":"Ramna","code":2501,"parent":"in:district:328","state":"in:state:20"}},{"type":"Feature","geometry":{"type":"Polygon","coordinates":[[[83.3738,24.1801],[83.3839,24.1776],[83.3867,24.1778],[83.3907,24.1806],[83.3932,24.1805],[83.399,24.182],[83.4067,24.1858],[83.4147,24.1836],[83.4192,24.1819],[83.4283,24.1809],[83.4338,24.1778],[83.444,24.1748],[83.4471,24.17],[83.4487,24.1647],[83.4536,24.1615],[83.4585,24.1605],[83.4669,24.161],[83.4698,24.1618],[83.472,24.1644],[83.4749,24.1637],[83.4773,24.1648],[83.4793,24.1695],[83.4785,24.1706],[83.4787,24.1766],[83.4824,24.1783],[83.4923,24.1775],[83.4914,24.1826],[83.4889,24.1875],[83.4875,24.1928],[83.485,24.1961],[83.4863,24.199],[83.4907,24.2024],[83.4907,24.2041],[83.4877,24.2067],[83.4865,24.2111],[83.4842,24.2143],[83.4824,24.216],[83.4794,24.222],[83.4742,24.2232],[83.4714,24.2248],[83.4691,24.2288],[83.4631,24.2319],[83.4555,24.2365],[83.4499,24.2358],[83.4434,24.2384],[83.44,24.2371],[83.4365,24.2383],[83.4334,24.238],[83.4305,24.2399],[83.4267,24.2449],[83.4226,24.2463],[83.4191,24.2494],[83.4182,24.2523],[83.4146,24.2533],[83.4077,24.2509],[83.4046,24.2524],[83.3982,24.2497],[83.3976,24.2438],[83.3852,24.2391],[83.3849,24.2361],[83.3812,24.234],[83.3784,24.229],[83.3786,24.2267],[83.3813,24.2259],[83.3846,24.2205],[83.3825,24.2193],[83.3812,24.2168],[83.383,24.2157],[83.3792,24.213],[83.3786,24.2108],[83.3818,24.2046],[83.3814,24.2002],[83.3828,24.1986],[83.382,24.1951],[83.3797,24.1932],[83.3791,24.1909],[83.375,24.1861],[83.3754,24.1839],[83.3738,24.1801]]]},"properties":{"id":"in:subdistrict:2505","level":"subdistrict","name":"Sagma","code":2505,"parent":"in:district:328","state":"in:state:20"}},{"type":"Feature","geometry":{"type":"Polygon","coordinates":[[[83.3294,24.1013],[83.3362,24.0988],[83.3422,24.0985],[83.3493,24.0963],[83.3545,24.1002],[83.3608,24.1015],[83.3642,24.1033],[83.383,24.1001],[83.3883,24.1],[83.3981,24.0943],[83.4011,24.092],[83.403,24.0857],[83.4049,24.0818],[83.4066,24.0804],[83.4212,24.0827],[83.4267,24.0865],[83.4322,24.086],[83.4347,24.0835],[83.4373,24.0779],[83.4386,24.0714],[83.4383,24.0672],[83.4368,24.0628],[83.4378,24.0582],[83.442,24.0538],[83.4449,24.0528],[83.4479,24.049],[83.4506,24.0438],[83.4529,24.042],[83.461,24.0415],[83.4706,24.042],[83.4778,24.0412],[83.4935,24.0363],[83.4998,24.0326],[83.5083,24.0312],[83.5162,24.0267],[83.516,24.0251],[83.5193,24.0274],[83.523,24.0343],[83.5249,24.0434],[83.5282,24.0683],[83.5297,24.0782],[83.5294,24.0806],[83.5325,24.0834],[83.5358,24.0834],[83.5436,24.0921],[83.5531,24.1057],[83.5586,24.1097],[83.5602,24.1125],[83.5591,24.1159],[83.56,24.1243],[83.5619,24.1277],[83.5656,24.1322],[83.5663,24.1361],[83.5735,24.1355],[83.5743,24.1393],[83.5771,24.1411],[83.5779,24.1501],[83.5773,24.1526],[83.5733,24.1546],[83.5659,24.1549],[83.5558,24.1575],[83.5472,24.1647],[83.5405,24.1693],[83.5382,24.1691],[83.5369,24.1647],[83.5271,24.1656],[83.5177,24.1678],[83.5113,24.1682],[83.5065,24.1663],[83.5021,24.1665],[83.4974,24.1689],[83.4946,24.1731],[83.4923,24.1775],[83.4824,24.1783],[83.4787,24.1766],[83.4785,24.1706],[83.4793,24.1695],[83.4773,24.1648],[83.4749,24.1637],[83.472,24.1644],[83.4698,24.1618],[83.4669,24.161],[83.4585,24.1605],[83.4536,24.1615],[83.4487,24.1647],[83.4471,24.17],[83.444,24.1748],[83.4338,24.1778],[83.4283,24.1809],[83.4192,24.1819],[83.4147,24.1836],[83.4067,24.1858],[83.399,24.182],[83.3932,24.1805],[83.3907,24.1806],[83.3867,24.1778],[83.3839,24.1776],[83.3738,24.1801],[83.3718,24.1743],[83.3658,24.1642],[83.3647,24.1605],[83.3617,24.1556],[83.3616,24.1488],[83.3588,24.1404],[83.3548,24.1356],[83.3547,24.1268],[83.3528,24.1232],[83.3508,24.1221],[83.3487,24.1186],[83.348,24.1153],[83.3449,24.1109],[83.3402,24.109],[83.3377,24.1066],[83.3294,24.1013]]]},"properties":{"id":"in:subdistrict:2504","level":"subdistrict","name":"Dhurki","code":2504,"parent":"in:district:328","state":"in:state:20"}},{"type":"Feature","geometry":{"type":"Polygon","coordinates":[[[83.3982,24.2497],[83.4046,24.2524],[83.4077,24.2509],[83.4146,24.2533],[83.4182,24.2523],[83.4191,24.2494],[83.4226,24.2463],[83.4267,24.2449],[83.4305,24.2399],[83.4334,24.238],[83.4365,24.2383],[83.44,24.2371],[83.4434,24.2384],[83.4499,24.2358],[83.4555,24.2365],[83.4631,24.2319],[83.4691,24.2288],[83.4714,24.2248],[83.4742,24.2232],[83.4794,24.222],[83.4824,24.216],[83.4842,24.2143],[83.4876,24.2147],[83.4903,24.2196],[83.4936,24.221],[83.5007,24.2209],[83.5018,24.2229],[83.4981,24.2276],[83.509,24.2269],[83.5102,24.2282],[83.5163,24.2278],[83.5235,24.2281],[83.5278,24.2264],[83.5274,24.2382],[83.5263,24.2412],[83.5283,24.2428],[83.532,24.2439],[83.5339,24.2481],[83.5367,24.2513],[83.5391,24.2564],[83.5431,24.2554],[83.5442,24.258],[83.5435,24.2617],[83.5469,24.2646],[83.5508,24.2732],[83.5556,24.2776],[83.5605,24.2831],[83.5638,24.2825],[83.5669,24.28],[83.5675,24.2754],[83.5688,24.275],[83.5743,24.2777],[83.5799,24.2785],[83.5865,24.2775],[83.5903,24.2791],[83.5897,24.2812],[83.5862,24.2821],[83.5839,24.2848],[83.5819,24.2855],[83.5799,24.29],[83.5755,24.2941],[83.5742,24.3001],[83.5753,24.3022],[83.5733,24.3051],[83.5744,24.3063],[83.5721,24.3101],[83.5712,24.319],[83.5706,24.3278],[83.5687,24.3288],[83.5589,24.3287],[83.5564,24.3314],[83.5589,24.3364],[83.5586,24.3392],[83.5601,24.3486],[83.5593,24.3506],[83.556,24.3515],[83.5521,24.3511],[83.5476,24.3517],[83.5438,24.3485],[83.5396,24.348],[83.5308,24.3454],[83.5268,24.3455],[83.5222,24.3432],[83.5212,24.3404],[83.5039,24.3378],[83.4973,24.3379],[83.4925,24.3392],[83.4893,24.343],[83.4903,24.3476],[83.4891,24.349],[83.4906,24.3542],[83.4889,24.3588],[83.4804,24.3593],[83.4793,24.3578],[83.4756,24.358],[83.4743,24.3606],[83.4693,24.3675],[83.4621,24.3675],[83.4574,24.3678],[83.4551,24.3663],[83.4558,24.3636],[83.4487,24.3611],[83.4443,24.3578],[83.4433,24.3527],[83.4395,24.3463],[83.4361,24.345],[83.4338,24.3424],[83.4336,24.339],[83.4309,24.338],[83.428,24.3385],[83.4197,24.3381],[83.4143,24.3398],[83.4114,24.3399],[83.4056,24.3364],[83.3998,24.3307],[83.3973,24.3297],[83.3948,24.3261],[83.3921,24.3248],[83.3878,24.3162],[83.3858,24.3173],[83.38,24.3131],[83.3802,24.3102],[83.3831,24.3085],[83.3854,24.304],[83.3857,24.3006],[83.3868,24.2983],[83.3906,24.2975],[83.3924,24.296],[83.4015,24.2955],[83.4018,24.2923],[83.4072,24.2888],[83.4063,24.286],[83.4079,24.2811],[83.4083,24.2732],[83.4079,24.269],[83.409,24.2662],[83.4079,24.2627],[83.4042,24.259],[83.4007,24.2569],[83.3982,24.2497]]]},"properties":{"id":"in:subdistrict:2503","level":"subdistrict","name":"Nagaruntari","code":2503,"parent":"in:district:328","state":"in:state:20"}},{"type":"Feature","geometry":{"type":"Polygon","coordinates":[[[83.6564,24.265],[83.6555,24.2695],[83.6581,24.2751],[83.6572,24.279],[83.6609,24.2795],[83.6598,24.2818],[83.6625,24.2834],[83.6629,24.2861],[83.6649,24.2899],[83.6661,24.2913],[83.6655,24.2943],[83.6669,24.2967],[83.6699,24.2961],[83.6752,24.2979],[83.6771,24.2998],[83.6774,24.3026],[83.6802,24.3044],[83.6796,24.3097],[83.6807,24.3122],[83.6805,24.3172],[83.6782,24.3194],[83.6765,24.3229],[83.6649,24.3198],[83.663,24.3201],[83.6581,24.3185],[83.6556,24.3203],[83.6521,24.321],[83.6485,24.3272],[83.6455,24.3289],[83.6464,24.34],[83.6458,24.345],[83.6443,24.3478],[83.6504,24.3504],[83.649,24.3532],[83.6473,24.3537],[83.6398,24.3532],[83.6295,24.3489],[83.6266,24.3468],[83.6173,24.3417],[83.6141,24.3416],[83.6113,24.3389],[83.6032,24.3377],[83.6002,24.3366],[83.5922,24.3353],[83.5876,24.3339],[83.5861,24.3307],[83.5835,24.3286],[83.5775,24.3266],[83.5706,24.3278],[83.5712,24.319],[83.5721,24.3101],[83.5744,24.3063],[83.5733,24.3051],[83.5753,24.3022],[83.5742,24.3001],[83.5755,24.2941],[83.5799,24.29],[83.5819,24.2855],[83.5839,24.2848],[83.5862,24.2821],[83.5897,24.2812],[83.5944,24.2803],[83.5963,24.2825],[83.6025,24.2802],[83.6059,24.2806],[83.6076,24.2785],[83.6037,24.273],[83.6128,24.2709],[83.6143,24.2661],[83.6138,24.2588],[83.6111,24.2579],[83.6063,24.2593],[83.6036,24.2505],[83.6036,24.2455],[83.6115,24.2447],[83.614,24.2458],[83.6166,24.2523],[83.6209,24.2539],[83.6245,24.2564],[83.6268,24.2619],[83.6343,24.2618],[83.6301,24.2564],[83.6367,24.2554],[83.6446,24.2631],[83.6476,24.2624],[83.6522,24.263],[83.6564,24.265]]]},"properties":{"id":"in:subdistrict:2502","level":"subdistrict","name":"Bishunpura","code":2502,"parent":"in:district:328","state":"in:state:20"}},{"type":"Feature","geometry":{"type":"Polygon","coordinates":[[[83.5706,24.3278],[83.5775,24.3266],[83.5835,24.3286],[83.5861,24.3307],[83.5876,24.3339],[83.5922,24.3353],[83.6002,24.3366],[83.6032,24.3377],[83.6113,24.3389],[83.6141,24.3416],[83.6173,24.3417],[83.6266,24.3468],[83.6295,24.3489],[83.6398,24.3532],[83.6473,24.3537],[83.649,24.3532],[83.6504,24.3504],[83.6557,24.355],[83.6647,24.3567],[83.6675,24.3585],[83.6706,24.362],[83.6736,24.364],[83.6764,24.3696],[83.6791,24.3728],[83.685,24.3765],[83.6936,24.3806],[83.6972,24.3817],[83.6972,24.39],[83.6981,24.3944],[83.6997,24.3964],[83.7043,24.3976],[83.7038,24.4042],[83.702,24.4069],[83.701,24.4118],[83.6931,24.4125],[83.69,24.4137],[83.6888,24.4167],[83.6914,24.4206],[83.6922,24.4241],[83.692,24.4278],[83.7008,24.4303],[83.7063,24.4326],[83.7221,24.4362],[83.7324,24.4375],[83.7409,24.4377],[83.7439,24.4406],[83.7405,24.4434],[83.7362,24.4459],[83.736,24.4532],[83.7349,24.4561],[83.7363,24.4622],[83.7404,24.4644],[83.7421,24.467],[83.7381,24.4739],[83.7343,24.4779],[83.7371,24.4788],[83.7402,24.4819],[83.7453,24.4851],[83.7499,24.4811],[83.7569,24.4837],[83.7571,24.4875],[83.7604,24.4878],[83.7618,24.4855],[83.7646,24.4846],[83.7717,24.4852],[83.7742,24.4889],[83.7749,24.4977],[83.7734,24.5038],[83.7736,24.5058],[83.7726,24.5165],[83.7651,24.5132],[83.7546,24.5095],[83.7465,24.5102],[83.7351,24.5065],[83.7307,24.506],[83.7253,24.5038],[83.7172,24.5035],[83.7103,24.5063],[83.7078,24.4933],[83.7053,24.4853],[83.7008,24.4823],[83.6946,24.4755],[83.6882,24.478],[83.6901,24.4735],[83.6882,24.4709],[83.6806,24.4676],[83.6724,24.4614],[83.665,24.4571],[83.6582,24.4502],[83.657,24.4479],[83.6601,24.4406],[83.65,24.4383],[83.6437,24.4386],[83.6434,24.4423],[83.6444,24.4449],[83.6518,24.4516],[83.6514,24.4554],[83.6456,24.4594],[83.6415,24.4605],[83.6406,24.4595],[83.6359,24.4589],[83.6312,24.4564],[83.6266,24.4554],[83.6194,24.4547],[83.619,24.4586],[83.6101,24.4573],[83.596,24.4544],[83.5756,24.4495],[83.5658,24.4459],[83.5612,24.4389],[83.5589,24.4372],[83.5517,24.4334],[83.5502,24.4319],[83.5463,24.4314],[83.5414,24.432],[83.5413,24.436],[83.5382,24.4392],[83.5391,24.4475],[83.5295,24.4436],[83.5255,24.4416],[83.5211,24.4407],[83.5196,24.4375],[83.5223,24.435],[83.5219,24.4311],[83.5202,24.4282],[83.5211,24.4267],[83.5264,24.4229],[83.5246,24.422],[83.517,24.4207],[83.5146,24.4218],[83.5103,24.4203],[83.5036,24.4161],[83.4988,24.4149],[83.4974,24.4165],[83.4934,24.4166],[83.4898,24.4182],[83.4882,24.4171],[83.4801,24.4105],[83.4747,24.4039],[83.4727,24.3991],[83.4677,24.3978],[83.466,24.3911],[83.4618,24.3831],[83.4631,24.3799],[83.4624,24.3764],[83.4621,24.3675],[83.4693,24.3675],[83.4743,24.3606],[83.4756,24.358],[83.4793,24.3578],[83.4804,24.3593],[83.4889,24.3588],[83.4906,24.3542],[83.4891,24.349],[83.4903,24.3476],[83.4893,24.343],[83.4925,24.3392],[83.4973,24.3379],[83.5039,24.3378],[83.5212,24.3404],[83.5222,24.3432],[83.5268,24.3455],[83.5308,24.3454],[83.5396,24.348],[83.5438,24.3485],[83.5476,24.3517],[83.5521,24.3511],[83.556,24.3515],[83.5593,24.3506],[83.5601,24.3486],[83.5586,24.3392],[83.5589,24.3364],[83.5564,24.3314],[83.5589,24.3287],[83.5687,24.3288],[83.5706,24.3278]]]},"properties":{"id":"in:subdistrict:2496","level":"subdistrict","name":"Bhawnathpur","code":2496,"parent":"in:district:328","state":"in:state:20"}},{"type":"Feature","geometry":{"type":"Polygon","coordinates":[[[83.7103,24.5063],[83.706,24.508],[83.6982,24.5093],[83.692,24.5111],[83.6894,24.5134],[83.6809,24.513],[83.6734,24.514],[83.6635,24.5138],[83.6524,24.5148],[83.6392,24.5133],[83.6289,24.5125],[83.6081,24.5119],[83.597,24.5125],[83.5834,24.5152],[83.576,24.5159],[83.5652,24.5186],[83.5581,24.5216],[83.5526,24.523],[83.5374,24.5247],[83.5322,24.5243],[83.5198,24.5245],[83.5139,24.5255],[83.5033,24.5254],[83.4992,24.5243],[83.4931,24.5239],[83.4842,24.5221],[83.4801,24.5209],[83.4724,24.5176],[83.4691,24.5168],[83.4688,24.5093],[83.47,24.4961],[83.4709,24.4931],[83.4696,24.4918],[83.4694,24.4887],[83.4679,24.4855],[83.4664,24.4802],[83.4688,24.4792],[83.4821,24.48],[83.4842,24.4783],[83.4812,24.4666],[83.4836,24.4627],[83.4791,24.4558],[83.4788,24.4537],[83.4829,24.4529],[83.4857,24.4532],[83.4938,24.4515],[83.4979,24.4481],[83.4976,24.4448],[83.4934,24.4369],[83.4924,24.4302],[83.4928,24.4273],[83.4902,24.4239],[83.4904,24.4217],[83.4871,24.4187],[83.4882,24.4171],[83.4898,24.4182],[83.4934,24.4166],[83.4974,24.4165],[83.4988,24.4149],[83.5036,24.4161],[83.5103,24.4203],[83.5146,24.4218],[83.517,24.4207],[83.5246,24.422],[83.5264,24.4229],[83.5211,24.4267],[83.5202,24.4282],[83.5219,24.4311],[83.5223,24.435],[83.5196,24.4375],[83.5211,24.4407],[83.5255,24.4416],[83.5295,24.4436],[83.5391,24.4475],[83.5382,24.4392],[83.5413,24.436],[83.5414,24.432],[83.5463,24.4314],[83.5502,24.4319],[83.5517,24.4334],[83.5589,24.4372],[83.5612,24.4389],[83.5658,24.4459],[83.5756,24.4495],[83.596,24.4544],[83.6101,24.4573],[83.619,24.4586],[83.6194,24.4547],[83.6266,24.4554],[83.6312,24.4564],[83.6359,24.4589],[83.6406,24.4595],[83.6415,24.4605],[83.6456,24.4594],[83.6514,24.4554],[83.6518,24.4516],[83.6444,24.4449],[83.6434,24.4423],[83.6437,24.4386],[83.65,24.4383],[83.6601,24.4406],[83.657,24.4479],[83.6582,24.4502],[83.665,24.4571],[83.6724,24.4614],[83.6806,24.4676],[83.6882,24.4709],[83.6901,24.4735],[83.6882,24.478],[83.6946,24.4755],[83.7008,24.4823],[83.7053,24.4853],[83.7078,24.4933],[83.7103,24.5063]]]},"properties":{"id":"in:subdistrict:2497","level":"subdistrict","name":"Ketar*","code":2497,"parent":"in:district:328","state":"in:state:20"}},{"type":"Feature","geometry":{"type":"MultiPolygon","coordinates":[[[[83.4621,24.3675],[83.4624,24.3764],[83.4631,24.3799],[83.4618,24.3831],[83.466,24.3911],[83.4677,24.3978],[83.4727,24.3991],[83.4747,24.4039],[83.4801,24.4105],[83.4882,24.4171],[83.4871,24.4187],[83.4904,24.4217],[83.4902,24.4239],[83.4928,24.4273],[83.4924,24.4302],[83.4934,24.4369],[83.4976,24.4448],[83.4979,24.4481],[83.4938,24.4515],[83.4857,24.4532],[83.4829,24.4529],[83.4788,24.4537],[83.4791,24.4558],[83.4836,24.4627],[83.4812,24.4666],[83.4842,24.4783],[83.4821,24.48],[83.4688,24.4792],[83.4664,24.4802],[83.4679,24.4855],[83.4694,24.4887],[83.4696,24.4918],[83.4709,24.4931],[83.47,24.4961],[83.4688,24.5093],[83.4691,24.5168],[83.459,24.516],[83.4517,24.5138],[83.4417,24.5122],[83.4309,24.5112],[83.4208,24.508],[83.4015,24.5034],[83.3969,24.4969],[83.3961,24.4945],[83.3984,24.4932],[83.396,24.4896],[83.3982,24.4854],[83.3966,24.4812],[83.3935,24.4779],[83.3935,24.4754],[83.3909,24.4736],[83.3915,24.4706],[83.3904,24.4641],[83.3859,24.458],[83.3852,24.4549],[83.3866,24.4482],[83.3898,24.4448],[83.3907,24.4394],[83.3935,24.4374],[83.3941,24.4346],[83.4049,24.436],[83.4047,24.4287],[83.4033,24.4234],[83.4035,24.417],[83.4051,24.4048],[83.4113,24.4055],[83.4134,24.4047],[83.4166,24.4064],[83.4236,24.4045],[83.43,24.3999],[83.4358,24.399],[83.4327,24.3962],[83.4335,24.3933],[83.4375,24.3921],[83.4391,24.3875],[83.4426,24.3857],[83.4435,24.3813],[83.4454,24.3782],[83.4489,24.3774],[83.4478,24.3711],[83.4515,24.368],[83.4551,24.3663],[83.4574,24.3678],[83.4621,24.3675]]],[[[83.7749,24.4977],[83.7764,24.5005],[83.7766,24.5042],[83.7844,24.5059],[83.7838,24.5162],[83.7821,24.5197],[83.7726,24.5165],[83.7736,24.5058],[83.7734,24.5038],[83.7749,24.4977]]]]},"properties":{"id":"in:subdistrict:2495","level":"subdistrict","name":"Kharaundhi","code":2495,"parent":"in:district:328","state":"in:state:20"}},{"type":"Feature","geometry":{"type":"MultiPolygon","coordinates":[[[[84.486,24.3018],[84.4843,24.3017],[84.4859,24.3078],[84.4887,24.3152],[84.497,24.3161],[84.4991,24.3198],[84.5035,24.3205],[84.5054,24.3245],[84.5076,24.3248],[84.5053,24.3313],[84.5005,24.3295],[84.4955,24.3253],[84.4958,24.3238],[84.4931,24.3216],[84.49,24.3167],[84.4855,24.3128],[84.4816,24.3137],[84.4805,24.3158],[84.4764,24.317],[84.4734,24.3149],[84.4705,24.3152],[84.4717,24.3115],[84.4708,24.3065],[84.4719,24.3046],[84.4785,24.3011],[84.4814,24.2982],[84.4839,24.2984],[84.486,24.3018]]],[[[84.6622,24.3914],[84.6564,24.3967],[84.6492,24.3988],[84.6478,24.4015],[84.6454,24.4015],[84.6443,24.399],[84.6412,24.4002],[84.6362,24.4004],[84.636,24.4018],[84.6316,24.4046],[84.6293,24.4027],[84.625,24.4017],[84.6221,24.4037],[84.6193,24.4004],[84.6168,24.4017],[84.615,24.399],[84.6106,24.4008],[84.6045,24.4013],[84.6028,24.4035],[84.599,24.4049],[84.5945,24.4048],[84.5917,24.4012],[84.5868,24.4006],[84.5885,24.4086],[84.5836,24.413],[84.58,24.4107],[84.5772,24.4101],[84.5702,24.4102],[84.5682,24.4094],[84.5673,24.405],[84.565,24.4],[84.5621,24.3966],[84.5659,24.3925],[84.5695,24.3905],[84.5742,24.3889],[84.5743,24.3852],[84.5724,24.3826],[84.5683,24.3822],[84.5645,24.3796],[84.5615,24.3786],[84.5592,24.3762],[84.5545,24.3749],[84.5532,24.3728],[84.5497,24.3735],[84.5469,24.3772],[84.5424,24.3759],[84.5384,24.3763],[84.5322,24.3783],[84.5289,24.3771],[84.5275,24.3746],[84.5283,24.3711],[84.5343,24.3651],[84.5351,24.3632],[84.5336,24.3597],[84.5284,24.3551],[84.5245,24.35],[84.5259,24.3457],[84.5302,24.3417],[84.5317,24.3395],[84.53,24.3369],[84.5239,24.3337],[84.5212,24.3294],[84.5194,24.3225],[84.5159,24.3169],[84.5106,24.3166],[84.509,24.3117],[84.51,24.3061],[84.507,24.2979],[84.5046,24.296],[84.5019,24.2884],[84.4959,24.2861],[84.4928,24.2861],[84.4916,24.2805],[84.4884,24.2766],[84.4879,24.27],[84.491,24.2674],[84.4926,24.264],[84.4916,24.2613],[84.4865,24.26],[84.4805,24.2601],[84.4746,24.2595],[84.4657,24.2592],[84.4699,24.2615],[84.4751,24.2653],[84.4747,24.2661],[84.4678,24.2643],[84.4647,24.2653],[84.4593,24.2655],[84.4588,24.26],[84.4549,24.2553],[84.4521,24.2503],[84.4488,24.2468],[84.4488,24.239],[84.4599,24.2353],[84.4652,24.2328],[84.4739,24.2272],[84.4757,24.2266],[84.4774,24.2226],[84.4757,24.2164],[84.4761,24.2056],[84.4776,24.2046],[84.483,24.2041],[84.4856,24.2013],[84.4878,24.2011],[84.4912,24.1991],[84.4992,24.1996],[84.5028,24.1974],[84.5073,24.1982],[84.5116,24.2],[84.5173,24.2006],[84.5189,24.1994],[84.5239,24.1989],[84.5265,24.201],[84.5296,24.2056],[84.5393,24.2015],[84.5408,24.2043],[84.5457,24.2112],[84.5526,24.2117],[84.5611,24.2104],[84.5715,24.2054],[84.5742,24.2049],[84.5762,24.2114],[84.5812,24.2141],[84.5839,24.2166],[84.5858,24.2217],[84.5819,24.2231],[84.5774,24.2234],[84.5747,24.2252],[84.5763,24.2296],[84.5747,24.2341],[84.5751,24.2356],[84.581,24.2382],[84.5779,24.2434],[84.5871,24.2489],[84.5886,24.2517],[84.5945,24.2505],[84.5971,24.2477],[84.6016,24.2481],[84.6045,24.2519],[84.6063,24.2497],[84.615,24.2434],[84.6176,24.2472],[84.6219,24.2459],[84.6252,24.242],[84.6303,24.2393],[84.6329,24.2457],[84.6331,24.2495],[84.6359,24.2527],[84.6403,24.2517],[84.6435,24.2496],[84.6471,24.2486],[84.6507,24.2489],[84.6523,24.2524],[84.6525,24.2577],[84.6557,24.2607],[84.6567,24.2597],[84.6625,24.2591],[84.6698,24.2463],[84.6718,24.2401],[84.6755,24.2392],[84.6829,24.2404],[84.6848,24.2443],[84.6863,24.2454],[84.6948,24.2467],[84.6995,24.2447],[84.7038,24.2462],[84.7071,24.2459],[84.7088,24.248],[84.7096,24.2517],[84.7195,24.2565],[84.7241,24.2569],[84.7293,24.2586],[84.7272,24.2589],[84.7231,24.2617],[84.723,24.2672],[84.7202,24.2731],[84.7195,24.2784],[84.7168,24.2823],[84.7186,24.2845],[84.718,24.2883],[84.7192,24.294],[84.7216,24.2957],[84.7206,24.2995],[84.7265,24.3124],[84.727,24.3147],[84.7312,24.3192],[84.7331,24.3288],[84.7355,24.3295],[84.7412,24.3298],[84.7446,24.333],[84.7395,24.3364],[84.7387,24.3398],[84.7368,24.3401],[84.736,24.3435],[84.7336,24.3433],[84.7289,24.3466],[84.7237,24.3512],[84.7187,24.3524],[84.7186,24.356],[84.7145,24.3562],[84.7118,24.3554],[84.7059,24.3553],[84.7033,24.3564],[84.6957,24.3563],[84.6941,24.3577],[84.6871,24.3592],[84.6885,24.3634],[84.691,24.3661],[84.6899,24.3683],[84.6848,24.3747],[84.6795,24.3777],[84.6711,24.3784],[84.6659,24.3851],[84.6654,24.3876],[84.6666,24.3898],[84.6622,24.3914]]]]},"properties":{"id":"in:subdistrict:2515","level":"subdistrict","name":"Pratappur","code":2515,"parent":"in:district:323","state":"in:state:20"}},{"type":"Feature","geometry":{"type":"Polygon","coordinates":[[[84.3217,24.419],[84.3209,24.4173],[84.3147,24.416],[84.3118,24.4166],[84.3073,24.4132],[84.3038,24.4115],[84.2974,24.4117],[84.2931,24.4126],[84.2925,24.4185],[84.2897,24.4214],[84.2897,24.4311],[84.2883,24.4463],[84.2894,24.4517],[84.2846,24.4519],[84.2782,24.4494],[84.27,24.4475],[84.2663,24.4457],[84.2568,24.4474],[84.2541,24.445],[84.2478,24.4408],[84.2451,24.4364],[84.2378,24.4317],[84.2435,24.4278],[84.2533,24.4255],[84.261,24.4246],[84.2607,24.4211],[84.2551,24.4173],[84.2535,24.4137],[84.255,24.4097],[84.2539,24.4085],[84.2485,24.407],[84.2471,24.4042],[84.26,24.3981],[84.2641,24.3978],[84.2664,24.3952],[84.2713,24.3961],[84.2788,24.3951],[84.2802,24.3941],[84.2813,24.3876],[84.2845,24.3849],[84.2855,24.3881],[84.2881,24.3868],[84.2901,24.3841],[84.2924,24.3853],[84.2934,24.3883],[84.2958,24.3869],[84.2987,24.3812],[84.2989,24.3782],[84.2887,24.3782],[84.2836,24.3796],[84.2838,24.3749],[84.2808,24.375],[84.2745,24.3731],[84.2739,24.3706],[84.271,24.3683],[84.2675,24.3682],[84.2704,24.3633],[84.2679,24.3601],[84.2687,24.3497],[84.2708,24.3422],[84.2718,24.3307],[84.2692,24.3231],[84.2686,24.3154],[84.2722,24.3113],[84.2615,24.3105],[84.2607,24.3087],[84.2617,24.3048],[84.2597,24.3028],[84.2586,24.2977],[84.2636,24.2968],[84.2639,24.2949],[84.2616,24.293],[84.257,24.2912],[84.248,24.2939],[84.2443,24.2907],[84.2429,24.2881],[84.2402,24.2884],[84.2381,24.2865],[84.2374,24.2838],[84.2414,24.2804],[84.237,24.2716],[84.2368,24.2694],[84.2441,24.2681],[84.2451,24.2666],[84.2496,24.2645],[84.2553,24.2646],[84.2597,24.2633],[84.2649,24.2607],[84.2677,24.2601],[84.272,24.2605],[84.2771,24.2638],[84.2811,24.2682],[84.2903,24.2669],[84.2914,24.2677],[84.2935,24.2758],[84.2884,24.2809],[84.2896,24.2867],[84.2916,24.2902],[84.2956,24.2881],[84.2994,24.289],[84.2981,24.2811],[84.3053,24.2759],[84.3123,24.2725],[84.3147,24.2723],[84.3206,24.2689],[84.3283,24.2675],[84.3324,24.2658],[84.3316,24.2622],[84.3294,24.2575],[84.3344,24.257],[84.3397,24.2588],[84.3423,24.2585],[84.3511,24.2595],[84.3548,24.2593],[84.3578,24.2604],[84.3614,24.2588],[84.3644,24.2606],[84.3706,24.2625],[84.3773,24.2634],[84.3774,24.2671],[84.3786,24.27],[84.3819,24.2723],[84.3841,24.2725],[84.3865,24.2761],[84.3915,24.2824],[84.3938,24.2866],[84.3977,24.2917],[84.3993,24.2972],[84.4042,24.3009],[84.4076,24.3049],[84.413,24.3067],[84.4171,24.3073],[84.4187,24.3141],[84.4215,24.3174],[84.4223,24.3225],[84.4256,24.33],[84.4244,24.3299],[84.423,24.3355],[84.4238,24.3408],[84.425,24.3431],[84.4249,24.3486],[84.4277,24.3556],[84.4255,24.3573],[84.416,24.3592],[84.41,24.3626],[84.4039,24.3631],[84.4004,24.3646],[84.4004,24.3665],[84.4052,24.3704],[84.4066,24.3744],[84.404,24.3749],[84.3986,24.3727],[84.3938,24.3734],[84.3937,24.3764],[84.3903,24.3786],[84.3867,24.3852],[84.3873,24.3888],[84.3842,24.389],[84.3782,24.3876],[84.3772,24.3859],[84.3735,24.3835],[84.3691,24.3854],[84.3635,24.3855],[84.3632,24.3884],[84.3603,24.3893],[84.3493,24.3908],[84.3416,24.3935],[84.3446,24.3993],[84.3423,24.4001],[84.3331,24.4047],[84.3303,24.4106],[84.3338,24.4134],[84.3329,24.4175],[84.3345,24.4206],[84.3303,24.4217],[84.3297,24.4192],[84.3231,24.418],[84.3217,24.419]]]},"properties":{"id":"in:subdistrict:2621","level":"subdistrict","name":"Nawadiha Bazar/Nawadiha*","code":2621,"parent":"in:district:338","state":"in:state:20"}},{"type":"Feature","geometry":{"type":"Polygon","coordinates":[[[84.2378,24.4317],[84.2301,24.428],[84.2221,24.4198],[84.2171,24.4204],[84.2072,24.4143],[84.2027,24.4132],[84.1987,24.4134],[84.1987,24.4212],[84.1933,24.4263],[84.1911,24.4319],[84.1919,24.4335],[84.1967,24.4351],[84.2018,24.4405],[84.2022,24.4428],[84.1974,24.4459],[84.1923,24.4445],[84.1892,24.4463],[84.1888,24.4492],[84.1857,24.4486],[84.1826,24.4499],[84.1767,24.4446],[84.168,24.4423],[84.1576,24.4418],[84.1569,24.4396],[84.1511,24.4384],[84.1431,24.4382],[84.1363,24.4397],[84.1325,24.4411],[84.1233,24.4422],[84.1131,24.4418],[84.1086,24.4415],[84.1039,24.4403],[84.0989,24.4412],[84.095,24.4406],[84.0829,24.4411],[84.0808,24.4435],[84.0804,24.4491],[84.0809,24.4513],[84.0762,24.455],[84.0716,24.4523],[84.069,24.4498],[84.0666,24.4502],[84.0648,24.4475],[84.0613,24.4472],[84.0604,24.4411],[84.0573,24.4401],[84.0527,24.4402],[84.0458,24.4356],[84.0426,24.4303],[84.0434,24.4284],[84.0414,24.4239],[84.0428,24.4185],[84.0435,24.4128],[84.0414,24.4069],[84.042,24.401],[84.0451,24.3974],[84.0509,24.3943],[84.0524,24.3915],[84.0543,24.3912],[84.0583,24.3887],[84.0619,24.3882],[84.0661,24.3863],[84.0717,24.3847],[84.0709,24.3802],[84.0696,24.3782],[84.0711,24.3757],[84.0708,24.372],[84.0715,24.369],[84.0688,24.3666],[84.0722,24.363],[84.069,24.3583],[84.0612,24.354],[84.0589,24.3496],[84.0608,24.3437],[84.0607,24.3349],[84.0619,24.3323],[84.0661,24.3271],[84.0585,24.3257],[84.0544,24.3241],[84.0482,24.3182],[84.0462,24.3149],[84.0485,24.3067],[84.0501,24.3052],[84.0589,24.3046],[84.0649,24.3062],[84.0695,24.3016],[84.069,24.2981],[84.0659,24.2971],[84.0604,24.2931],[84.0616,24.2915],[84.0701,24.2921],[84.0769,24.2912],[84.0831,24.2893],[84.0898,24.2864],[84.0949,24.2883],[84.0979,24.2901],[84.1013,24.2909],[84.1056,24.2935],[84.109,24.2967],[84.1114,24.294],[84.1156,24.2936],[84.1177,24.2822],[84.1162,24.277],[84.12,24.273],[84.122,24.2687],[84.1263,24.2647],[84.1296,24.2589],[84.1278,24.2527],[84.1362,24.2463],[84.1369,24.2397],[84.1395,24.2318],[84.1466,24.2291],[84.1532,24.2276],[84.1518,24.2216],[84.1513,24.2112],[84.1482,24.2056],[84.1504,24.2012],[84.1544,24.2001],[84.1569,24.203],[84.1558,24.2105],[84.1546,24.2142],[84.157,24.2162],[84.1558,24.2191],[84.1604,24.2218],[84.1663,24.2219],[84.1712,24.2245],[84.1736,24.2213],[84.1774,24.22],[84.1842,24.2234],[84.1899,24.2217],[84.1962,24.2188],[84.2006,24.2179],[84.2072,24.2183],[84.2077,24.2297],[84.2067,24.2333],[84.2103,24.2331],[84.215,24.2294],[84.2217,24.2273],[84.225,24.2271],[84.2291,24.2287],[84.2324,24.2324],[84.2338,24.2352],[84.2369,24.2376],[84.2408,24.2387],[84.2455,24.2384],[84.2494,24.2391],[84.2544,24.2426],[84.2594,24.2424],[84.2579,24.2465],[84.2546,24.25],[84.2508,24.2509],[84.2506,24.2531],[84.2523,24.2564],[84.2547,24.2575],[84.2601,24.2565],[84.2706,24.2569],[84.272,24.2605],[84.2677,24.2601],[84.2649,24.2607],[84.2597,24.2633],[84.2553,24.2646],[84.2496,24.2645],[84.2451,24.2666],[84.2441,24.2681],[84.2368,24.2694],[84.237,24.2716],[84.2414,24.2804],[84.2374,24.2838],[84.2381,24.2865],[84.2402,24.2884],[84.2429,24.2881],[84.2443,24.2907],[84.248,24.2939],[84.257,24.2912],[84.2616,24.293],[84.2639,24.2949],[84.2636,24.2968],[84.2586,24.2977],[84.2597,24.3028],[84.2617,24.3048],[84.2607,24.3087],[84.2615,24.3105],[84.2722,24.3113],[84.2686,24.3154],[84.2692,24.3231],[84.2718,24.3307],[84.2708,24.3422],[84.2687,24.3497],[84.2679,24.3601],[84.2704,24.3633],[84.2675,24.3682],[84.271,24.3683],[84.2739,24.3706],[84.2745,24.3731],[84.2808,24.375],[84.2838,24.3749],[84.2836,24.3796],[84.2887,24.3782],[84.2989,24.3782],[84.2987,24.3812],[84.2958,24.3869],[84.2934,24.3883],[84.2924,24.3853],[84.2901,24.3841],[84.2881,24.3868],[84.2855,24.3881],[84.2845,24.3849],[84.2813,24.3876],[84.2802,24.3941],[84.2788,24.3951],[84.2713,24.3961],[84.2664,24.3952],[84.2641,24.3978],[84.26,24.3981],[84.2471,24.4042],[84.2485,24.407],[84.2539,24.4085],[84.255,24.4097],[84.2535,24.4137],[84.2551,24.4173],[84.2607,24.4211],[84.261,24.4246],[84.2533,24.4255],[84.2435,24.4278],[84.2378,24.4317]]]},"properties":{"id":"in:subdistrict:2620","level":"subdistrict","name":"Chhatarpur","code":2620,"parent":"in:district:338","state":"in:state:20"}},{"type":"Feature","geometry":{"type":"Polygon","coordinates":[[[84.2981,24.5588],[84.2961,24.5609],[84.2895,24.5628],[84.2846,24.5594],[84.2815,24.5589],[84.275,24.559],[84.2705,24.56],[84.2713,24.554],[84.2738,24.554],[84.2735,24.5508],[84.2797,24.5485],[84.2773,24.5438],[84.2694,24.5432],[84.2678,24.5382],[84.2648,24.538],[84.2637,24.5343],[84.259,24.5343],[84.2568,24.5269],[84.2505,24.5279],[84.2509,24.5326],[84.2491,24.5355],[84.2446,24.5367],[84.2423,24.5415],[84.2386,24.5393],[84.2363,24.5389],[84.2356,24.5423],[84.2364,24.5493],[84.2333,24.5499],[84.2252,24.5474],[84.2203,24.5454],[84.2187,24.5338],[84.2168,24.5327],[84.213,24.5329],[84.2095,24.5342],[84.2092,24.5411],[84.202,24.5436],[84.1992,24.5472],[84.1992,24.5523],[84.1999,24.554],[84.1872,24.5529],[84.1879,24.5488],[84.1843,24.5448],[84.1732,24.5447],[84.174,24.5379],[84.1761,24.5337],[84.1815,24.5208],[84.1849,24.5204],[84.1869,24.5175],[84.1852,24.515],[84.1881,24.5132],[84.1933,24.5114],[84.1971,24.5093],[84.2053,24.5108],[84.2103,24.5134],[84.2139,24.5142],[84.2153,24.5074],[84.2192,24.5049],[84.2204,24.5015],[84.2176,24.4975],[84.2211,24.4972],[84.2272,24.4979],[84.2325,24.4941],[84.2342,24.4921],[84.2315,24.4902],[84.2307,24.4879],[84.2269,24.4868],[84.2307,24.4817],[84.2349,24.4792],[84.238,24.4801],[84.2398,24.4713],[84.2442,24.4687],[84.2402,24.4656],[84.2366,24.4664],[84.2337,24.4659],[84.2317,24.4673],[84.2291,24.4655],[84.2286,24.4537],[84.2271,24.4515],[84.2294,24.4505],[84.2316,24.4479],[84.2377,24.4469],[84.2401,24.4477],[84.2456,24.4441],[84.2478,24.4408],[84.2541,24.445],[84.2568,24.4474],[84.2663,24.4457],[84.27,24.4475],[84.2782,24.4494],[84.2846,24.4519],[84.2894,24.4517],[84.2883,24.4463],[84.2897,24.4311],[84.2897,24.4214],[84.2925,24.4185],[84.2931,24.4126],[84.2974,24.4117],[84.3038,24.4115],[84.3073,24.4132],[84.3118,24.4166],[84.3147,24.416],[84.3209,24.4173],[84.3217,24.419],[84.3208,24.4235],[84.3245,24.4275],[84.3286,24.4252],[84.3354,24.4257],[84.3368,24.4288],[84.3338,24.4319],[84.328,24.4391],[84.3251,24.4391],[84.3248,24.4413],[84.3224,24.4432],[84.3217,24.4464],[84.317,24.4464],[84.3121,24.4482],[84.3038,24.4482],[84.2974,24.4494],[84.297,24.455],[84.296,24.4575],[84.2926,24.4615],[84.2915,24.4664],[84.2963,24.4704],[84.2961,24.4735],[84.3003,24.4763],[84.3037,24.4805],[84.3085,24.4817],[84.3141,24.4856],[84.3167,24.4868],[84.3274,24.4873],[84.3275,24.4924],[84.3264,24.494],[84.3274,24.5005],[84.3239,24.5039],[84.3222,24.5081],[84.3223,24.517],[84.3155,24.5207],[84.3123,24.524],[84.3129,24.5305],[84.311,24.535],[84.3026,24.5425],[84.2997,24.5464],[84.2985,24.5511],[84.2981,24.5588]]]},"properties":{"id":"in:subdistrict:2618","level":"subdistrict","name":"Hariharganj","code":2618,"parent":"in:district:338","state":"in:state:20"}},{"type":"Feature","geometry":{"type":"Polygon","coordinates":[[[84.2478,24.4408],[84.2456,24.4441],[84.2401,24.4477],[84.2377,24.4469],[84.2316,24.4479],[84.2294,24.4505],[84.2271,24.4515],[84.2286,24.4537],[84.2291,24.4655],[84.2317,24.4673],[84.2337,24.4659],[84.2366,24.4664],[84.2402,24.4656],[84.2442,24.4687],[84.2398,24.4713],[84.238,24.4801],[84.2349,24.4792],[84.2307,24.4817],[84.2269,24.4868],[84.2307,24.4879],[84.2315,24.4902],[84.2342,24.4921],[84.2325,24.4941],[84.2272,24.4979],[84.2211,24.4972],[84.2176,24.4975],[84.2204,24.5015],[84.2192,24.5049],[84.2153,24.5074],[84.2139,24.5142],[84.2103,24.5134],[84.2053,24.5108],[84.1971,24.5093],[84.1933,24.5114],[84.1881,24.5132],[84.1852,24.515],[84.1869,24.5175],[84.1849,24.5204],[84.1841,24.5138],[84.1786,24.5056],[84.1772,24.5046],[84.1697,24.5033],[84.1602,24.5078],[84.1537,24.5116],[84.1523,24.5159],[84.1573,24.5225],[84.1642,24.5282],[84.1635,24.5334],[84.1603,24.5323],[84.1569,24.5335],[84.1549,24.5354],[84.1486,24.5376],[84.1443,24.5383],[84.1433,24.5356],[84.1412,24.5344],[84.1393,24.5302],[84.1371,24.5285],[84.1343,24.5243],[84.1346,24.5204],[84.1365,24.5196],[84.1371,24.5161],[84.1391,24.5099],[84.1405,24.5005],[84.1371,24.498],[84.1301,24.4975],[84.1273,24.4936],[84.1251,24.4919],[84.1254,24.4832],[84.1247,24.4807],[84.1172,24.4805],[84.1139,24.4793],[84.111,24.4767],[84.1083,24.4775],[84.1037,24.481],[84.1021,24.4834],[84.0969,24.4834],[84.0919,24.4817],[84.0893,24.4794],[84.0892,24.4743],[84.0916,24.4739],[84.0976,24.4708],[84.1054,24.4717],[84.1139,24.4705],[84.1159,24.4688],[84.1141,24.4613],[84.1151,24.457],[84.1145,24.4503],[84.1152,24.4428],[84.1131,24.4418],[84.1233,24.4422],[84.1325,24.4411],[84.1363,24.4397],[84.1431,24.4382],[84.1511,24.4384],[84.1569,24.4396],[84.1576,24.4418],[84.168,24.4423],[84.1767,24.4446],[84.1826,24.4499],[84.1857,24.4486],[84.1888,24.4492],[84.1892,24.4463],[84.1923,24.4445],[84.1974,24.4459],[84.2022,24.4428],[84.2018,24.4405],[84.1967,24.4351],[84.1919,24.4335],[84.1911,24.4319],[84.1933,24.4263],[84.1987,24.4212],[84.1987,24.4134],[84.2027,24.4132],[84.2072,24.4143],[84.2171,24.4204],[84.2221,24.4198],[84.2301,24.428],[84.2378,24.4317],[84.2451,24.4364],[84.2478,24.4408]]]},"properties":{"id":"in:subdistrict:2619","level":"subdistrict","name":"Pipra","code":2619,"parent":"in:district:338","state":"in:state:20"}},{"type":"Feature","geometry":{"type":"Polygon","coordinates":[[[83.8745,24.5323],[83.874,24.5271],[83.867,24.516],[83.8583,24.4993],[83.8569,24.4961],[83.8538,24.4811],[83.8541,24.4744],[83.8539,24.4618],[83.8544,24.4482],[83.8565,24.4436],[83.8572,24.4393],[83.8577,24.4256],[83.8571,24.4184],[83.8541,24.4066],[83.8526,24.4001],[83.8434,24.3925],[83.8472,24.3871],[83.8492,24.3812],[83.8535,24.3804],[83.8572,24.3772],[83.8591,24.3784],[83.8635,24.3771],[83.8714,24.3767],[83.8791,24.378],[83.8862,24.3769],[83.8911,24.377],[83.9015,24.3806],[83.9081,24.3805],[83.909,24.3783],[83.9088,24.3754],[83.9102,24.374],[83.9126,24.3769],[83.9233,24.3755],[83.9243,24.3734],[83.9267,24.3741],[83.93,24.3733],[83.9351,24.374],[83.9421,24.3762],[83.9391,24.3802],[83.9355,24.383],[83.9339,24.3857],[83.9338,24.3896],[83.9353,24.3983],[83.9273,24.3988],[83.929,24.4019],[83.928,24.4063],[83.9282,24.4101],[83.9321,24.4092],[83.9332,24.4123],[83.9311,24.4129],[83.9244,24.4131],[83.9246,24.4166],[83.9157,24.4216],[83.9131,24.4237],[83.9131,24.4264],[83.9114,24.4309],[83.9117,24.436],[83.9098,24.4432],[83.9059,24.4453],[83.9063,24.4516],[83.9055,24.4537],[83.9084,24.459],[83.9078,24.4654],[83.9017,24.4657],[83.9001,24.4697],[83.9015,24.4746],[83.9064,24.4722],[83.9105,24.4724],[83.9155,24.4769],[83.9137,24.4802],[83.917,24.4804],[83.9199,24.479],[83.9237,24.4784],[83.9254,24.4802],[83.927,24.4859],[83.9196,24.4876],[83.9208,24.4904],[83.9188,24.4922],[83.9161,24.4979],[83.9179,24.5052],[83.9148,24.5058],[83.912,24.5047],[83.9065,24.5071],[83.9036,24.5047],[83.9002,24.5032],[83.894,24.5021],[83.8941,24.5055],[83.8907,24.5059],[83.8904,24.51],[83.8946,24.5141],[83.897,24.519],[83.8966,24.5264],[83.8957,24.5313],[83.8939,24.5363],[83.8946,24.5393],[83.8838,24.5362],[83.8745,24.5323]]]},"properties":{"id":"in:subdistrict:2617","level":"subdistrict","name":"Mohammad Ganj","code":2617,"parent":"in:district:338","state":"in:state:20"}},{"type":"Feature","geometry":{"type":"Polygon","coordinates":[[[83.7043,24.3976],[83.7076,24.3953],[83.7146,24.395],[83.7186,24.396],[83.7291,24.3942],[83.735,24.3951],[83.7397,24.3965],[83.7469,24.3954],[83.752,24.3975],[83.7574,24.3956],[83.7614,24.3904],[83.7624,24.386],[83.762,24.3816],[83.767,24.3804],[83.7698,24.3812],[83.7788,24.3811],[83.7788,24.3776],[83.7817,24.3717],[83.7851,24.3699],[83.7876,24.3709],[83.7918,24.3704],[83.7956,24.3709],[83.7994,24.3727],[83.8015,24.375],[83.8066,24.374],[83.8039,24.379],[83.8046,24.3889],[83.8086,24.3952],[83.8022,24.399],[83.8006,24.4013],[83.7996,24.405],[83.8003,24.4079],[83.8025,24.4092],[83.8089,24.41],[83.813,24.4081],[83.816,24.4079],[83.8165,24.406],[83.8238,24.4043],[83.8237,24.407],[83.8256,24.413],[83.8291,24.4159],[83.8427,24.4121],[83.8428,24.4089],[83.8502,24.408],[83.8541,24.4066],[83.8571,24.4184],[83.8577,24.4256],[83.8572,24.4393],[83.8565,24.4436],[83.8544,24.4482],[83.8539,24.4618],[83.8541,24.4744],[83.8538,24.4811],[83.8569,24.4961],[83.8583,24.4993],[83.867,24.516],[83.874,24.5271],[83.8745,24.5323],[83.8729,24.5317],[83.8627,24.5367],[83.8535,24.536],[83.8429,24.5327],[83.8165,24.5291],[83.8097,24.5287],[83.8064,24.5293],[83.7994,24.5293],[83.7902,24.5232],[83.7821,24.5197],[83.7838,24.5162],[83.7844,24.5059],[83.7766,24.5042],[83.7764,24.5005],[83.7749,24.4977],[83.7742,24.4889],[83.7717,24.4852],[83.7646,24.4846],[83.7618,24.4855],[83.7604,24.4878],[83.7571,24.4875],[83.7569,24.4837],[83.7499,24.4811],[83.7453,24.4851],[83.7402,24.4819],[83.7371,24.4788],[83.7343,24.4779],[83.7381,24.4739],[83.7421,24.467],[83.7404,24.4644],[83.7363,24.4622],[83.7349,24.4561],[83.736,24.4532],[83.7362,24.4459],[83.7405,24.4434],[83.7439,24.4406],[83.7409,24.4377],[83.7324,24.4375],[83.7221,24.4362],[83.7063,24.4326],[83.7008,24.4303],[83.692,24.4278],[83.6922,24.4241],[83.6914,24.4206],[83.6888,24.4167],[83.69,24.4137],[83.6931,24.4125],[83.701,24.4118],[83.702,24.4069],[83.7038,24.4042],[83.7043,24.3976]]]},"properties":{"id":"in:subdistrict:2498","level":"subdistrict","name":"Kandi","code":2498,"parent":"in:district:328","state":"in:state:20"}},{"type":"Feature","geometry":{"type":"Polygon","coordinates":[[[83.6802,24.3044],[83.6828,24.3036],[83.6879,24.3041],[83.6921,24.3024],[83.6946,24.3042],[83.701,24.304],[83.7029,24.3055],[83.708,24.3057],[83.7117,24.3079],[83.7116,24.3114],[83.7137,24.3133],[83.7154,24.3169],[83.7199,24.3184],[83.7254,24.3179],[83.7297,24.3186],[83.7351,24.3234],[83.7408,24.3259],[83.7416,24.3326],[83.7454,24.336],[83.7497,24.3347],[83.7564,24.3307],[83.756,24.3284],[83.763,24.3252],[83.7691,24.326],[83.7712,24.3233],[83.7756,24.3201],[83.7768,24.3223],[83.7752,24.3247],[83.7761,24.328],[83.7744,24.3302],[83.7773,24.3343],[83.7771,24.3366],[83.7827,24.339],[83.7844,24.3433],[83.7907,24.3476],[83.7881,24.3534],[83.7855,24.3561],[83.7812,24.3561],[83.7802,24.3624],[83.7804,24.3666],[83.7817,24.3717],[83.7788,24.3776],[83.7788,24.3811],[83.7698,24.3812],[83.767,24.3804],[83.762,24.3816],[83.7624,24.386],[83.7614,24.3904],[83.7574,24.3956],[83.752,24.3975],[83.7469,24.3954],[83.7397,24.3965],[83.735,24.3951],[83.7291,24.3942],[83.7186,24.396],[83.7146,24.395],[83.7076,24.3953],[83.7043,24.3976],[83.6997,24.3964],[83.6981,24.3944],[83.6972,24.39],[83.6972,24.3817],[83.6936,24.3806],[83.685,24.3765],[83.6791,24.3728],[83.6764,24.3696],[83.6736,24.364],[83.6706,24.362],[83.6675,24.3585],[83.6647,24.3567],[83.6557,24.355],[83.6504,24.3504],[83.6443,24.3478],[83.6458,24.345],[83.6464,24.34],[83.6455,24.3289],[83.6485,24.3272],[83.6521,24.321],[83.6556,24.3203],[83.6581,24.3185],[83.663,24.3201],[83.6649,24.3198],[83.6765,24.3229],[83.6782,24.3194],[83.6805,24.3172],[83.6807,24.3122],[83.6796,24.3097],[83.6802,24.3044]]]},"properties":{"id":"in:subdistrict:2500","level":"subdistrict","name":"Bardiha","code":2500,"parent":"in:district:328","state":"in:state:20"}},{"type":"Feature","geometry":{"type":"Polygon","coordinates":[[[83.6649,24.2899],[83.6673,24.2889],[83.6694,24.2845],[83.6749,24.2822],[83.6853,24.2862],[83.6903,24.2906],[83.6964,24.2901],[83.7042,24.2869],[83.7078,24.2817],[83.7096,24.2732],[83.7156,24.2692],[83.7228,24.259],[83.7212,24.2528],[83.7221,24.2486],[83.7186,24.2458],[83.7159,24.2412],[83.7108,24.2366],[83.7116,24.2339],[83.7066,24.2285],[83.7096,24.2194],[83.7156,24.2143],[83.7167,24.2101],[83.7249,24.2056],[83.7314,24.2074],[83.7352,24.2076],[83.7417,24.2065],[83.7442,24.2202],[83.7468,24.2232],[83.7458,24.2268],[83.7515,24.2284],[83.7539,24.2274],[83.756,24.229],[83.7616,24.2371],[83.7624,24.2405],[83.7663,24.2437],[83.7675,24.2467],[83.7676,24.2504],[83.7714,24.2535],[83.7771,24.2523],[83.7858,24.2642],[83.7905,24.2658],[83.7979,24.2712],[83.7981,24.2732],[83.8018,24.2764],[83.8075,24.2758],[83.8099,24.2778],[83.8107,24.2801],[83.8142,24.2849],[83.8199,24.2886],[83.8183,24.2918],[83.8179,24.2949],[83.8206,24.3027],[83.8312,24.3133],[83.8321,24.3164],[83.8318,24.3226],[83.8283,24.3314],[83.8266,24.3343],[83.8196,24.3428],[83.8158,24.3462],[83.8133,24.3503],[83.8136,24.3591],[83.8159,24.3664],[83.8173,24.3722],[83.822,24.3783],[83.8343,24.3859],[83.8413,24.3916],[83.8434,24.3925],[83.8526,24.4001],[83.8541,24.4066],[83.8502,24.408],[83.8428,24.4089],[83.8427,24.4121],[83.8291,24.4159],[83.8256,24.413],[83.8237,24.407],[83.8238,24.4043],[83.8165,24.406],[83.816,24.4079],[83.813,24.4081],[83.8089,24.41],[83.8025,24.4092],[83.8003,24.4079],[83.7996,24.405],[83.8006,24.4013],[83.8022,24.399],[83.8086,24.3952],[83.8046,24.3889],[83.8039,24.379],[83.8066,24.374],[83.8015,24.375],[83.7994,24.3727],[83.7956,24.3709],[83.7918,24.3704],[83.7876,24.3709],[83.7851,24.3699],[83.7817,24.3717],[83.7804,24.3666],[83.7802,24.3624],[83.7812,24.3561],[83.7855,24.3561],[83.7881,24.3534],[83.7907,24.3476],[83.7844,24.3433],[83.7827,24.339],[83.7771,24.3366],[83.7773,24.3343],[83.7744,24.3302],[83.7761,24.328],[83.7752,24.3247],[83.7768,24.3223],[83.7756,24.3201],[83.7712,24.3233],[83.7691,24.326],[83.763,24.3252],[83.756,24.3284],[83.7564,24.3307],[83.7497,24.3347],[83.7454,24.336],[83.7416,24.3326],[83.7408,24.3259],[83.7351,24.3234],[83.7297,24.3186],[83.7254,24.3179],[83.7199,24.3184],[83.7154,24.3169],[83.7137,24.3133],[83.7116,24.3114],[83.7117,24.3079],[83.708,24.3057],[83.7029,24.3055],[83.701,24.304],[83.6946,24.3042],[83.6921,24.3024],[83.6879,24.3041],[83.6828,24.3036],[83.6802,24.3044],[83.6774,24.3026],[83.6771,24.2998],[83.6752,24.2979],[83.6699,24.2961],[83.6669,24.2967],[83.6655,24.2943],[83.6661,24.2913],[83.6649,24.2899]]]},"properties":{"id":"in:subdistrict:2499","level":"subdistrict","name":"Majhiaon","code":2499,"parent":"in:district:328","state":"in:state:20"}},{"type":"Feature","geometry":{"type":"Polygon","coordinates":[[[83.8434,24.3925],[83.8413,24.3916],[83.8343,24.3859],[83.822,24.3783],[83.8173,24.3722],[83.8159,24.3664],[83.8136,24.3591],[83.8133,24.3503],[83.8158,24.3462],[83.8196,24.3428],[83.8266,24.3343],[83.8283,24.3314],[83.8318,24.3226],[83.8321,24.3164],[83.8312,24.3133],[83.8206,24.3027],[83.8179,24.2949],[83.8183,24.2918],[83.8199,24.2886],[83.8294,24.2809],[83.8395,24.2674],[83.8434,24.2679],[83.8483,24.2706],[83.8543,24.2727],[83.8564,24.2753],[83.858,24.2794],[83.8585,24.284],[83.8597,24.2881],[83.8665,24.2971],[83.8684,24.297],[83.8722,24.2938],[83.8822,24.2928],[83.8847,24.2897],[83.8904,24.3045],[83.8937,24.3114],[83.8939,24.317],[83.8979,24.3174],[83.8966,24.3214],[83.8971,24.3244],[83.9006,24.3242],[83.9041,24.327],[83.9054,24.3315],[83.9092,24.3343],[83.9086,24.3406],[83.8961,24.3417],[83.8978,24.3498],[83.9078,24.3514],[83.9075,24.3541],[83.9018,24.3574],[83.8997,24.3621],[83.9037,24.3674],[83.9056,24.3752],[83.909,24.3783],[83.9081,24.3805],[83.9015,24.3806],[83.8911,24.377],[83.8862,24.3769],[83.8791,24.378],[83.8714,24.3767],[83.8635,24.3771],[83.8591,24.3784],[83.8572,24.3772],[83.8535,24.3804],[83.8492,24.3812],[83.8472,24.3871],[83.8434,24.3925]]]},"properties":{"id":"in:subdistrict:2623","level":"subdistrict","name":"Untari Road","code":2623,"parent":"in:district:338","state":"in:state:20"}},{"type":"Feature","geometry":{"type":"Polygon","coordinates":[[[84.0661,24.3863],[84.0652,24.3848],[84.061,24.3836],[84.0585,24.3816],[84.0527,24.3818],[84.049,24.3827],[84.0469,24.3864],[84.0428,24.389],[84.0398,24.3886],[84.0378,24.3867],[84.0375,24.383],[84.0395,24.3766],[84.0387,24.373],[84.0363,24.37],[84.031,24.3683],[84.0225,24.3674],[84.0189,24.3694],[84.0137,24.3691],[84.0059,24.3723],[84.0036,24.3758],[84,24.3752],[83.9987,24.3768],[83.9956,24.3759],[83.9955,24.3791],[83.9917,24.3826],[83.9882,24.3824],[83.9863,24.3875],[83.9825,24.3892],[83.9794,24.3894],[83.974,24.3871],[83.9667,24.3875],[83.9659,24.3863],[83.9594,24.3822],[83.9595,24.3768],[83.9568,24.3761],[83.9538,24.3731],[83.9496,24.3755],[83.9421,24.3762],[83.9351,24.374],[83.93,24.3733],[83.9267,24.3741],[83.9243,24.3734],[83.9233,24.3755],[83.9126,24.3769],[83.9102,24.374],[83.9088,24.3754],[83.909,24.3783],[83.9056,24.3752],[83.9037,24.3674],[83.8997,24.3621],[83.9018,24.3574],[83.9075,24.3541],[83.9078,24.3514],[83.8978,24.3498],[83.8961,24.3417],[83.9086,24.3406],[83.9092,24.3343],[83.9054,24.3315],[83.9041,24.327],[83.9006,24.3242],[83.8971,24.3244],[83.8966,24.3214],[83.8979,24.3174],[83.8939,24.317],[83.8937,24.3114],[83.8904,24.3045],[83.8847,24.2897],[83.887,24.2881],[83.8924,24.2865],[83.8968,24.2835],[83.9057,24.2792],[83.9105,24.2748],[83.9139,24.2757],[83.9183,24.2735],[83.9204,24.2681],[83.926,24.2661],[83.9318,24.2658],[83.9417,24.2662],[83.9499,24.265],[83.9522,24.2674],[83.9621,24.2661],[83.97,24.2645],[83.969,24.2699],[83.97,24.2758],[83.9741,24.2835],[83.9754,24.2889],[83.9774,24.294],[83.9777,24.2984],[83.9803,24.3026],[83.9809,24.3056],[83.9834,24.3108],[83.9905,24.3118],[83.9931,24.3152],[83.9966,24.3145],[84.0042,24.3171],[84.0074,24.3145],[84.016,24.3162],[84.0201,24.3229],[84.0386,24.3213],[84.0434,24.3217],[84.0527,24.3248],[84.0566,24.3322],[84.0607,24.3349],[84.0608,24.3437],[84.0589,24.3496],[84.0612,24.354],[84.069,24.3583],[84.0722,24.363],[84.0688,24.3666],[84.0715,24.369],[84.0708,24.372],[84.0711,24.3757],[84.0696,24.3782],[84.0709,24.3802],[84.0717,24.3847],[84.0661,24.3863]]]},"properties":{"id":"in:subdistrict:2622","level":"subdistrict","name":"Pandu","code":2622,"parent":"in:district:338","state":"in:state:20"}},{"type":"Feature","geometry":{"type":"Polygon","coordinates":[[[83.8946,24.5393],[83.8939,24.5363],[83.8957,24.5313],[83.8966,24.5264],[83.897,24.519],[83.8946,24.5141],[83.8904,24.51],[83.8907,24.5059],[83.8941,24.5055],[83.894,24.5021],[83.9002,24.5032],[83.9036,24.5047],[83.9065,24.5071],[83.912,24.5047],[83.9148,24.5058],[83.9179,24.5052],[83.9161,24.4979],[83.9188,24.4922],[83.9208,24.4904],[83.9196,24.4876],[83.927,24.4859],[83.9254,24.4802],[83.9237,24.4784],[83.9199,24.479],[83.917,24.4804],[83.9137,24.4802],[83.9155,24.4769],[83.9105,24.4724],[83.9064,24.4722],[83.9015,24.4746],[83.9001,24.4697],[83.9017,24.4657],[83.9078,24.4654],[83.9084,24.459],[83.9055,24.4537],[83.9063,24.4516],[83.9059,24.4453],[83.9098,24.4432],[83.9117,24.436],[83.9114,24.4309],[83.9131,24.4264],[83.9131,24.4237],[83.9157,24.4216],[83.9246,24.4166],[83.9244,24.4131],[83.9311,24.4129],[83.9332,24.4123],[83.9321,24.4092],[83.9282,24.4101],[83.928,24.4063],[83.929,24.4019],[83.9273,24.3988],[83.9353,24.3983],[83.9499,24.3988],[83.9524,24.3997],[83.9521,24.4045],[83.956,24.4051],[83.9564,24.4075],[83.9651,24.4138],[83.9676,24.4161],[83.9689,24.4188],[83.9654,24.4228],[83.9693,24.429],[83.9721,24.4319],[83.9732,24.4346],[83.9723,24.4364],[83.9723,24.4404],[83.9746,24.4435],[83.9769,24.4503],[83.9795,24.452],[83.9781,24.4555],[83.9798,24.4585],[83.9844,24.4568],[83.9848,24.4609],[83.9901,24.4626],[83.9947,24.4604],[83.9976,24.4598],[83.9994,24.4637],[83.996,24.4692],[83.9959,24.474],[83.9939,24.4736],[83.9851,24.4749],[83.9827,24.4789],[83.9836,24.4808],[83.9832,24.4858],[83.9911,24.4833],[83.9944,24.4843],[83.9905,24.4927],[83.9927,24.4983],[83.9906,24.4994],[83.9909,24.5033],[83.9882,24.5047],[83.9882,24.5079],[83.9839,24.5088],[83.9828,24.5125],[83.9791,24.5154],[83.978,24.5178],[83.9782,24.5207],[83.9726,24.5222],[83.9714,24.52],[83.9665,24.5156],[83.9588,24.5143],[83.9554,24.5125],[83.9458,24.5129],[83.9445,24.5159],[83.944,24.5235],[83.9433,24.5257],[83.9406,24.5286],[83.9393,24.5341],[83.9377,24.5437],[83.9361,24.5491],[83.9336,24.5476],[83.9279,24.546],[83.9221,24.5454],[83.9085,24.541],[83.8983,24.5404],[83.8946,24.5393]]]},"properties":{"id":"in:subdistrict:2616","level":"subdistrict","name":"Haidernagar","code":2616,"parent":"in:district:338","state":"in:state:20"}},{"type":"Feature","geometry":{"type":"Polygon","coordinates":[[[84.1131,24.4418],[84.1152,24.4428],[84.1145,24.4503],[84.1151,24.457],[84.1141,24.4613],[84.1159,24.4688],[84.1139,24.4705],[84.1054,24.4717],[84.0976,24.4708],[84.0916,24.4739],[84.0892,24.4743],[84.0893,24.4794],[84.0919,24.4817],[84.0969,24.4834],[84.1021,24.4834],[84.0989,24.4873],[84.0983,24.4927],[84.0944,24.4943],[84.0905,24.4969],[84.0887,24.5002],[84.0914,24.502],[84.0914,24.5047],[84.0865,24.5046],[84.0856,24.5061],[84.0862,24.5102],[84.0877,24.5123],[84.0846,24.5136],[84.0866,24.5172],[84.0887,24.5182],[84.0872,24.5212],[84.0886,24.5243],[84.0891,24.5302],[84.0912,24.5327],[84.0897,24.5357],[84.0858,24.5344],[84.0845,24.5379],[84.0825,24.5398],[84.0785,24.54],[84.0773,24.5428],[84.0776,24.5463],[84.0763,24.5485],[84.075,24.5531],[84.0727,24.5547],[84.073,24.5595],[84.0755,24.5617],[84.073,24.5639],[84.0729,24.5672],[84.0694,24.5672],[84.0685,24.5702],[84.0638,24.5731],[84.0612,24.5733],[84.0632,24.5796],[84.0618,24.5865],[84.0553,24.585],[84.0513,24.586],[84.0513,24.588],[84.055,24.5897],[84.057,24.5934],[84.0546,24.5944],[84.0527,24.5979],[84.0503,24.6],[84.0481,24.6057],[84.0494,24.6116],[84.0455,24.611],[84.0452,24.6146],[84.0426,24.6186],[84.0397,24.6177],[84.0344,24.6229],[84.0338,24.6297],[84.03,24.6298],[84.0261,24.6282],[84.0232,24.631],[84.0273,24.6335],[84.0208,24.6383],[84.0078,24.6429],[83.9993,24.6366],[83.994,24.6317],[83.9914,24.6266],[83.9848,24.6121],[83.9759,24.5921],[83.9714,24.5882],[83.9681,24.5842],[83.9673,24.5816],[83.9621,24.5762],[83.9553,24.5679],[83.9503,24.5633],[83.9425,24.5574],[83.9388,24.5519],[83.9361,24.5491],[83.9377,24.5437],[83.9393,24.5341],[83.9406,24.5286],[83.9433,24.5257],[83.944,24.5235],[83.9445,24.5159],[83.9458,24.5129],[83.9554,24.5125],[83.9588,24.5143],[83.9665,24.5156],[83.9714,24.52],[83.9726,24.5222],[83.9782,24.5207],[83.978,24.5178],[83.9791,24.5154],[83.9828,24.5125],[83.9839,24.5088],[83.9882,24.5079],[83.9882,24.5047],[83.9909,24.5033],[83.9906,24.4994],[83.9927,24.4983],[83.9905,24.4927],[83.9944,24.4843],[83.9911,24.4833],[83.9832,24.4858],[83.9836,24.4808],[83.9827,24.4789],[83.9851,24.4749],[83.9939,24.4736],[83.9959,24.474],[83.996,24.4692],[83.9994,24.4637],[83.9976,24.4598],[83.9947,24.4604],[83.9901,24.4626],[83.9848,24.4609],[83.9844,24.4568],[83.9798,24.4585],[83.9781,24.4555],[83.9795,24.452],[83.9769,24.4503],[83.9746,24.4435],[83.9723,24.4404],[83.9723,24.4364],[83.9732,24.4346],[83.9721,24.4319],[83.9693,24.429],[83.9654,24.4228],[83.9689,24.4188],[83.9676,24.4161],[83.9651,24.4138],[83.9564,24.4075],[83.956,24.4051],[83.9521,24.4045],[83.9524,24.3997],[83.9499,24.3988],[83.9353,24.3983],[83.9338,24.3896],[83.9339,24.3857],[83.9355,24.383],[83.9391,24.3802],[83.9421,24.3762],[83.9496,24.3755],[83.9538,24.3731],[83.9568,24.3761],[83.9595,24.3768],[83.9594,24.3822],[83.9659,24.3863],[83.9667,24.3875],[83.974,24.3871],[83.9794,24.3894],[83.9825,24.3892],[83.9863,24.3875],[83.9882,24.3824],[83.9917,24.3826],[83.9955,24.3791],[83.9956,24.3759],[83.9987,24.3768],[84,24.3752],[84.0036,24.3758],[84.0059,24.3723],[84.0137,24.3691],[84.0189,24.3694],[84.0225,24.3674],[84.031,24.3683],[84.0363,24.37],[84.0387,24.373],[84.0395,24.3766],[84.0375,24.383],[84.0378,24.3867],[84.0398,24.3886],[84.0428,24.389],[84.0469,24.3864],[84.049,24.3827],[84.0527,24.3818],[84.0585,24.3816],[84.061,24.3836],[84.0652,24.3848],[84.0661,24.3863],[84.0619,24.3882],[84.0583,24.3887],[84.0543,24.3912],[84.0524,24.3915],[84.0509,24.3943],[84.0451,24.3974],[84.042,24.401],[84.0414,24.4069],[84.0435,24.4128],[84.0428,24.4185],[84.0414,24.4239],[84.0434,24.4284],[84.0426,24.4303],[84.0458,24.4356],[84.0527,24.4402],[84.0573,24.4401],[84.0604,24.4411],[84.0613,24.4472],[84.0648,24.4475],[84.0666,24.4502],[84.069,24.4498],[84.0716,24.4523],[84.0762,24.455],[84.0809,24.4513],[84.0804,24.4491],[84.0808,24.4435],[84.0829,24.4411],[84.095,24.4406],[84.0989,24.4412],[84.1039,24.4403],[84.1086,24.4415],[84.1131,24.4418]]]},"properties":{"id":"in:subdistrict:2615","level":"subdistrict","name":"Hussainabad","code":2615,"parent":"in:district:338","state":"in:state:20"}},{"type":"Feature","geometry":{"type":"Polygon","coordinates":[[[84.0485,24.3067],[84.0465,24.3013],[84.0459,24.2966],[84.042,24.2961],[84.0379,24.2944],[84.0381,24.2896],[84.0318,24.2849],[84.03,24.2844],[84.0209,24.2868],[84.0157,24.2873],[84.0147,24.2885],[84.0103,24.2898],[84.0056,24.2894],[83.9996,24.2859],[83.9941,24.2842],[84.0009,24.281],[84.0021,24.2791],[84.0059,24.2766],[84.0068,24.2749],[84.0109,24.2717],[84.0082,24.2673],[84.0089,24.2652],[84.0088,24.2592],[84.0035,24.26],[83.9884,24.2597],[83.9919,24.2547],[83.9914,24.2519],[83.9889,24.2498],[83.9889,24.2449],[83.9866,24.2421],[83.9813,24.2424],[83.9792,24.2418],[83.9801,24.2372],[83.9793,24.2318],[83.9768,24.2299],[83.9731,24.2298],[83.9712,24.2265],[83.97,24.2203],[83.9706,24.2184],[83.9753,24.2185],[83.9792,24.2196],[83.9877,24.2186],[83.9942,24.2209],[83.9968,24.2208],[83.9981,24.2188],[83.9978,24.2152],[83.9988,24.2128],[84.0024,24.209],[84.006,24.2096],[84.0132,24.2078],[84.0197,24.2055],[84.0218,24.203],[84.0171,24.2022],[84.0126,24.1965],[84.0127,24.1951],[84.008,24.1874],[84.0085,24.1827],[84.0076,24.1796],[84.0116,24.1791],[84.0149,24.1796],[84.0207,24.1756],[84.0191,24.1672],[84.0181,24.1646],[84.0139,24.1617],[84.0115,24.1615],[84.0076,24.1554],[84.0032,24.1524],[84.0069,24.1503],[84.0122,24.1463],[84.0174,24.145],[84.02,24.145],[84.0354,24.1501],[84.0375,24.15],[84.04,24.1533],[84.0429,24.155],[84.0449,24.1595],[84.0485,24.1612],[84.0515,24.1647],[84.0521,24.1677],[84.0564,24.165],[84.0576,24.1697],[84.059,24.1721],[84.059,24.1757],[84.0613,24.1789],[84.0647,24.1807],[84.0673,24.1849],[84.0725,24.1869],[84.0754,24.187],[84.0787,24.1911],[84.0823,24.192],[84.0846,24.1969],[84.089,24.1964],[84.0911,24.1971],[84.093,24.1996],[84.1031,24.2012],[84.1056,24.2049],[84.1043,24.2068],[84.105,24.2103],[84.1036,24.2127],[84.1056,24.2202],[84.1037,24.2245],[84.0998,24.2258],[84.1033,24.2285],[84.1053,24.2326],[84.1094,24.2355],[84.1159,24.2356],[84.1197,24.2363],[84.126,24.2361],[84.1291,24.2346],[84.134,24.2338],[84.1395,24.2318],[84.1369,24.2397],[84.1362,24.2463],[84.1278,24.2527],[84.1296,24.2589],[84.1263,24.2647],[84.122,24.2687],[84.12,24.273],[84.1162,24.277],[84.1177,24.2822],[84.1156,24.2936],[84.1114,24.294],[84.109,24.2967],[84.1056,24.2935],[84.1013,24.2909],[84.0979,24.2901],[84.0949,24.2883],[84.0898,24.2864],[84.0831,24.2893],[84.0769,24.2912],[84.0701,24.2921],[84.0616,24.2915],[84.0604,24.2931],[84.0659,24.2971],[84.069,24.2981],[84.0695,24.3016],[84.0649,24.3062],[84.0589,24.3046],[84.0501,24.3052],[84.0485,24.3067]]]},"properties":{"id":"in:subdistrict:2625","level":"subdistrict","name":"Nawa Bazar","code":2625,"parent":"in:district:338","state":"in:state:20"}},{"type":"Feature","geometry":{"type":"Polygon","coordinates":[[[84.1395,24.2318],[84.134,24.2338],[84.1291,24.2346],[84.126,24.2361],[84.1197,24.2363],[84.1159,24.2356],[84.1094,24.2355],[84.1053,24.2326],[84.1033,24.2285],[84.0998,24.2258],[84.1037,24.2245],[84.1056,24.2202],[84.1036,24.2127],[84.105,24.2103],[84.1043,24.2068],[84.1056,24.2049],[84.1031,24.2012],[84.093,24.1996],[84.0911,24.1971],[84.089,24.1964],[84.0846,24.1969],[84.0823,24.192],[84.0787,24.1911],[84.0754,24.187],[84.0725,24.1869],[84.0673,24.1849],[84.0647,24.1807],[84.0613,24.1789],[84.059,24.1757],[84.059,24.1721],[84.0576,24.1697],[84.0564,24.165],[84.0521,24.1677],[84.0515,24.1647],[84.0485,24.1612],[84.0449,24.1595],[84.0429,24.155],[84.04,24.1533],[84.0375,24.15],[84.0464,24.1478],[84.0515,24.1424],[84.0555,24.1341],[84.0593,24.1281],[84.0614,24.1211],[84.0627,24.1145],[84.0698,24.1104],[84.0798,24.1093],[84.0856,24.1132],[84.0908,24.113],[84.097,24.1115],[84.1012,24.1083],[84.103,24.1059],[84.1084,24.1062],[84.1137,24.1088],[84.1169,24.1067],[84.1203,24.1093],[84.1223,24.1093],[84.125,24.1118],[84.1261,24.1191],[84.1228,24.1199],[84.1193,24.1192],[84.1157,24.1208],[84.115,24.1234],[84.111,24.1257],[84.1068,24.1233],[84.1085,24.1318],[84.1073,24.1332],[84.1037,24.1338],[84.1047,24.139],[84.1051,24.1459],[84.1041,24.1495],[84.1085,24.1484],[84.1164,24.149],[84.1178,24.152],[84.1245,24.1516],[84.1256,24.1531],[84.1259,24.1581],[84.127,24.1612],[84.1299,24.1652],[84.1296,24.1665],[84.1246,24.1679],[84.1214,24.1609],[84.1165,24.1621],[84.1147,24.1616],[84.1094,24.164],[84.1098,24.1668],[84.112,24.1737],[84.1176,24.1761],[84.1201,24.1838],[84.1223,24.1847],[84.1282,24.1908],[84.1313,24.1908],[84.1359,24.193],[84.1396,24.191],[84.1495,24.1868],[84.1571,24.1849],[84.1604,24.1935],[84.1584,24.1953],[84.1552,24.1956],[84.1522,24.1978],[84.1544,24.2001],[84.1504,24.2012],[84.1482,24.2056],[84.1513,24.2112],[84.1518,24.2216],[84.1532,24.2276],[84.1466,24.2291],[84.1395,24.2318]]]},"properties":{"id":"in:subdistrict:2627","level":"subdistrict","name":"Padwa","code":2627,"parent":"in:district:338","state":"in:state:20"}},{"type":"Feature","geometry":{"type":"Polygon","coordinates":[[[83.9117,24.0949],[83.9188,24.0912],[83.9214,24.0884],[83.9282,24.0904],[83.9313,24.0956],[83.9356,24.0964],[83.9392,24.1003],[83.9413,24.1005],[83.9447,24.0987],[83.9488,24.0951],[83.9524,24.0949],[83.9551,24.0978],[83.9609,24.1092],[83.9652,24.1078],[83.9693,24.1054],[83.9711,24.1061],[83.9784,24.1016],[83.9815,24.1009],[83.9898,24.1011],[83.9908,24.1037],[83.991,24.1081],[83.99,24.1113],[83.9866,24.1136],[83.9829,24.1206],[83.9787,24.1235],[83.9773,24.1276],[83.9782,24.1291],[83.9781,24.1332],[83.9766,24.1372],[83.977,24.1405],[83.9741,24.1406],[83.9713,24.1431],[83.9695,24.1496],[83.964,24.1528],[83.9569,24.1551],[83.9543,24.1565],[83.9413,24.1604],[83.9364,24.163],[83.9343,24.1619],[83.9337,24.1583],[83.9312,24.1531],[83.9309,24.1448],[83.933,24.1344],[83.9343,24.1324],[83.9388,24.1298],[83.9392,24.1257],[83.9382,24.1242],[83.9334,24.1218],[83.93,24.1194],[83.9297,24.1129],[83.9278,24.1083],[83.9241,24.1036],[83.9205,24.1006],[83.914,24.1009],[83.9118,24.0995],[83.9117,24.0949]]]},"properties":{"id":"in:subdistrict:2510","level":"subdistrict","name":"Danda","code":2510,"parent":"in:district:328","state":"in:state:20"}},{"type":"Feature","geometry":{"type":"Polygon","coordinates":[[[84.0607,24.3349],[84.0566,24.3322],[84.0527,24.3248],[84.0434,24.3217],[84.0386,24.3213],[84.0201,24.3229],[84.016,24.3162],[84.0074,24.3145],[84.0042,24.3171],[83.9966,24.3145],[83.9931,24.3152],[83.9905,24.3118],[83.9834,24.3108],[83.9809,24.3056],[83.9803,24.3026],[83.9777,24.2984],[83.9774,24.294],[83.9754,24.2889],[83.9741,24.2835],[83.97,24.2758],[83.969,24.2699],[83.97,24.2645],[83.9621,24.2661],[83.9522,24.2674],[83.9499,24.265],[83.9417,24.2662],[83.9318,24.2658],[83.926,24.2661],[83.9204,24.2681],[83.9183,24.2735],[83.9139,24.2757],[83.9105,24.2748],[83.9057,24.2792],[83.8968,24.2835],[83.8924,24.2865],[83.887,24.2881],[83.8847,24.2897],[83.8822,24.2928],[83.8722,24.2938],[83.8684,24.297],[83.8665,24.2971],[83.8597,24.2881],[83.8585,24.284],[83.858,24.2794],[83.8564,24.2753],[83.8543,24.2727],[83.8483,24.2706],[83.8434,24.2679],[83.8395,24.2674],[83.8414,24.2649],[83.8485,24.2547],[83.8539,24.2499],[83.8591,24.2427],[83.8608,24.2412],[83.8633,24.2365],[83.8693,24.2291],[83.8736,24.222],[83.878,24.2115],[83.8813,24.2061],[83.8902,24.1983],[83.8943,24.1957],[83.9042,24.1906],[83.909,24.186],[83.9135,24.1831],[83.9192,24.1775],[83.9319,24.1661],[83.9364,24.163],[83.9413,24.1604],[83.9543,24.1565],[83.9569,24.1551],[83.964,24.1528],[83.9695,24.1496],[83.9761,24.149],[83.9826,24.1499],[83.9927,24.1525],[83.996,24.1523],[83.9997,24.1537],[84.0032,24.1524],[84.0076,24.1554],[84.0115,24.1615],[84.0139,24.1617],[84.0181,24.1646],[84.0191,24.1672],[84.0207,24.1756],[84.0149,24.1796],[84.0116,24.1791],[84.0076,24.1796],[84.0085,24.1827],[84.008,24.1874],[84.0127,24.1951],[84.0126,24.1965],[84.0171,24.2022],[84.0218,24.203],[84.0197,24.2055],[84.0132,24.2078],[84.006,24.2096],[84.0024,24.209],[83.9988,24.2128],[83.9978,24.2152],[83.9981,24.2188],[83.9968,24.2208],[83.9942,24.2209],[83.9877,24.2186],[83.9792,24.2196],[83.9753,24.2185],[83.9706,24.2184],[83.97,24.2203],[83.9712,24.2265],[83.9731,24.2298],[83.9768,24.2299],[83.9793,24.2318],[83.9801,24.2372],[83.9792,24.2418],[83.9813,24.2424],[83.9866,24.2421],[83.9889,24.2449],[83.9889,24.2498],[83.9914,24.2519],[83.9919,24.2547],[83.9884,24.2597],[84.0035,24.26],[84.0088,24.2592],[84.0089,24.2652],[84.0082,24.2673],[84.0109,24.2717],[84.0068,24.2749],[84.0059,24.2766],[84.0021,24.2791],[84.0009,24.281],[83.9941,24.2842],[83.9996,24.2859],[84.0056,24.2894],[84.0103,24.2898],[84.0147,24.2885],[84.0157,24.2873],[84.0209,24.2868],[84.03,24.2844],[84.0318,24.2849],[84.0381,24.2896],[84.0379,24.2944],[84.042,24.2961],[84.0459,24.2966],[84.0465,24.3013],[84.0485,24.3067],[84.0462,24.3149],[84.0482,24.3182],[84.0544,24.3241],[84.0585,24.3257],[84.0661,24.3271],[84.0619,24.3323],[84.0607,24.3349]]]},"properties":{"id":"in:subdistrict:2624","level":"subdistrict","name":"Bishrampur","code":2624,"parent":"in:district:338","state":"in:state:20"}},{"type":"Feature","geometry":{"type":"Polygon","coordinates":[[[83.7708,24.0662],[83.7774,24.0663],[83.7826,24.0655],[83.7883,24.0659],[83.7911,24.0671],[83.7996,24.0691],[83.8016,24.0749],[83.8029,24.0851],[83.8,24.0902],[83.8007,24.0948],[83.8039,24.0968],[83.7913,24.0993],[83.7904,24.0974],[83.7865,24.0976],[83.7779,24.1002],[83.7801,24.1103],[83.7734,24.1127],[83.766,24.1133],[83.7624,24.1121],[83.7573,24.1137],[83.7532,24.118],[83.751,24.1228],[83.7458,24.1239],[83.7383,24.1276],[83.735,24.1306],[83.7284,24.1326],[83.7273,24.1343],[83.7243,24.1345],[83.7176,24.139],[83.7168,24.1431],[83.7239,24.154],[83.7238,24.1578],[83.7219,24.1594],[83.7198,24.1641],[83.7205,24.1698],[83.7225,24.1721],[83.728,24.1704],[83.7305,24.1687],[83.7357,24.1691],[83.7407,24.1685],[83.7439,24.1756],[83.7503,24.1769],[83.7533,24.1768],[83.7574,24.1734],[83.7586,24.1708],[83.7635,24.1665],[83.7669,24.1674],[83.769,24.1712],[83.7697,24.1753],[83.7784,24.174],[83.7782,24.1699],[83.7873,24.1685],[83.7893,24.1705],[83.7897,24.1745],[83.7878,24.1755],[83.7861,24.1788],[83.7834,24.1803],[83.7816,24.1829],[83.7854,24.1838],[83.7872,24.1859],[83.7928,24.1829],[83.7983,24.1852],[83.799,24.1906],[83.8008,24.1942],[83.8054,24.1981],[83.8064,24.2022],[83.81,24.2078],[83.8101,24.2091],[83.8059,24.2125],[83.805,24.2181],[83.8082,24.223],[83.8104,24.2233],[83.8111,24.2264],[83.8101,24.2317],[83.8112,24.234],[83.8166,24.2356],[83.8182,24.2374],[83.8282,24.2401],[83.8305,24.2457],[83.83,24.2472],[83.8332,24.2497],[83.8361,24.2541],[83.8387,24.2627],[83.8414,24.2649],[83.8395,24.2674],[83.8294,24.2809],[83.8199,24.2886],[83.8142,24.2849],[83.8107,24.2801],[83.8099,24.2778],[83.8075,24.2758],[83.8018,24.2764],[83.7981,24.2732],[83.7979,24.2712],[83.7905,24.2658],[83.7858,24.2642],[83.7771,24.2523],[83.7714,24.2535],[83.7676,24.2504],[83.7675,24.2467],[83.7663,24.2437],[83.7624,24.2405],[83.7616,24.2371],[83.756,24.229],[83.7539,24.2274],[83.7515,24.2284],[83.7458,24.2268],[83.7468,24.2232],[83.7442,24.2202],[83.7417,24.2065],[83.7352,24.2076],[83.7314,24.2074],[83.7249,24.2056],[83.7167,24.2101],[83.7156,24.2143],[83.7096,24.2194],[83.7066,24.2285],[83.7116,24.2339],[83.7108,24.2366],[83.7159,24.2412],[83.7186,24.2458],[83.7221,24.2486],[83.7212,24.2528],[83.7228,24.259],[83.7156,24.2692],[83.7096,24.2732],[83.7078,24.2817],[83.7042,24.2869],[83.6964,24.2901],[83.6903,24.2906],[83.6853,24.2862],[83.6749,24.2822],[83.6694,24.2845],[83.6673,24.2889],[83.6649,24.2899],[83.6629,24.2861],[83.6625,24.2834],[83.6598,24.2818],[83.6609,24.2795],[83.6572,24.279],[83.6581,24.2751],[83.6555,24.2695],[83.6564,24.265],[83.6558,24.2605],[83.6588,24.2567],[83.6567,24.2497],[83.6602,24.2444],[83.6604,24.2378],[83.6562,24.2347],[83.6527,24.2307],[83.6512,24.2247],[83.6525,24.2184],[83.6481,24.2115],[83.644,24.2074],[83.6417,24.2041],[83.6425,24.1951],[83.6451,24.1895],[83.6421,24.1849],[83.6524,24.1794],[83.6591,24.1729],[83.6665,24.1606],[83.6666,24.1542],[83.6613,24.1533],[83.6609,24.1495],[83.6592,24.1448],[83.6566,24.1462],[83.6518,24.1456],[83.6495,24.1478],[83.6447,24.1481],[83.6424,24.1464],[83.6391,24.1462],[83.639,24.1429],[83.6367,24.1414],[83.6373,24.1306],[83.6445,24.1212],[83.6469,24.1146],[83.6461,24.1121],[83.6493,24.1116],[83.6525,24.1138],[83.6574,24.1121],[83.6581,24.1137],[83.6558,24.1162],[83.6588,24.1179],[83.6631,24.1171],[83.6673,24.1182],[83.6704,24.1149],[83.6706,24.1125],[83.6695,24.1066],[83.6711,24.1026],[83.6736,24.0982],[83.6751,24.0929],[83.6774,24.0922],[83.6807,24.093],[83.6845,24.0921],[83.6859,24.0886],[83.685,24.0855],[83.6826,24.0842],[83.6828,24.0799],[83.6846,24.0726],[83.6819,24.0696],[83.6828,24.0647],[83.6854,24.0636],[83.6873,24.0605],[83.6894,24.0625],[83.6924,24.0623],[83.6975,24.0596],[83.708,24.0626],[83.712,24.0616],[83.7198,24.056],[83.7242,24.0538],[83.7261,24.0505],[83.7316,24.0544],[83.7355,24.0554],[83.7383,24.0545],[83.7454,24.0552],[83.7489,24.0545],[83.7519,24.0555],[83.7521,24.0605],[83.7533,24.0619],[83.7577,24.0627],[83.7591,24.0652],[83.7619,24.0664],[83.7708,24.0662]]]},"properties":{"id":"in:subdistrict:2508","level":"subdistrict","name":"Meral (Pipra Kalan)","code":2508,"parent":"in:district:328","state":"in:state:20"}},{"type":"Feature","geometry":{"type":"Polygon","coordinates":[[[83.8491,24.0361],[83.851,24.0372],[83.8538,24.0352],[83.8574,24.0347],[83.86,24.0358],[83.8627,24.039],[83.8622,24.0428],[83.8639,24.0446],[83.8632,24.0509],[83.864,24.0556],[83.8658,24.0583],[83.8666,24.0643],[83.8657,24.0676],[83.8665,24.0693],[83.8738,24.0694],[83.8752,24.0714],[83.8808,24.0744],[83.8838,24.0774],[83.8895,24.0795],[83.8945,24.086],[83.8981,24.0837],[83.9084,24.0882],[83.9108,24.0912],[83.9117,24.0949],[83.9118,24.0995],[83.914,24.1009],[83.9205,24.1006],[83.9241,24.1036],[83.9278,24.1083],[83.9297,24.1129],[83.93,24.1194],[83.9334,24.1218],[83.9382,24.1242],[83.9392,24.1257],[83.9388,24.1298],[83.9343,24.1324],[83.933,24.1344],[83.9309,24.1448],[83.9312,24.1531],[83.9337,24.1583],[83.9343,24.1619],[83.9364,24.163],[83.9319,24.1661],[83.9192,24.1775],[83.9135,24.1831],[83.909,24.186],[83.9042,24.1906],[83.8943,24.1957],[83.8902,24.1983],[83.8813,24.2061],[83.878,24.2115],[83.8736,24.222],[83.8693,24.2291],[83.8633,24.2365],[83.8608,24.2412],[83.8591,24.2427],[83.8539,24.2499],[83.8485,24.2547],[83.8414,24.2649],[83.8387,24.2627],[83.8361,24.2541],[83.8332,24.2497],[83.83,24.2472],[83.8305,24.2457],[83.8282,24.2401],[83.8182,24.2374],[83.8166,24.2356],[83.8112,24.234],[83.8101,24.2317],[83.8111,24.2264],[83.8104,24.2233],[83.8082,24.223],[83.805,24.2181],[83.8059,24.2125],[83.8101,24.2091],[83.81,24.2078],[83.8064,24.2022],[83.8054,24.1981],[83.8008,24.1942],[83.799,24.1906],[83.7983,24.1852],[83.7928,24.1829],[83.7872,24.1859],[83.7854,24.1838],[83.7816,24.1829],[83.7834,24.1803],[83.7861,24.1788],[83.7878,24.1755],[83.7897,24.1745],[83.7893,24.1705],[83.7873,24.1685],[83.7782,24.1699],[83.7784,24.174],[83.7697,24.1753],[83.769,24.1712],[83.7669,24.1674],[83.7635,24.1665],[83.7586,24.1708],[83.7574,24.1734],[83.7533,24.1768],[83.7503,24.1769],[83.7439,24.1756],[83.7407,24.1685],[83.7357,24.1691],[83.7305,24.1687],[83.728,24.1704],[83.7225,24.1721],[83.7205,24.1698],[83.7198,24.1641],[83.7219,24.1594],[83.7238,24.1578],[83.7239,24.154],[83.7168,24.1431],[83.7176,24.139],[83.7243,24.1345],[83.7273,24.1343],[83.7284,24.1326],[83.735,24.1306],[83.7383,24.1276],[83.7458,24.1239],[83.751,24.1228],[83.7532,24.118],[83.7573,24.1137],[83.7624,24.1121],[83.766,24.1133],[83.7734,24.1127],[83.7801,24.1103],[83.7779,24.1002],[83.7865,24.0976],[83.7904,24.0974],[83.7913,24.0993],[83.8039,24.0968],[83.8007,24.0948],[83.8,24.0902],[83.8029,24.0851],[83.8016,24.0749],[83.7996,24.0691],[83.7911,24.0671],[83.7883,24.0659],[83.7826,24.0655],[83.7774,24.0663],[83.7708,24.0662],[83.7716,24.0644],[83.7793,24.0598],[83.7818,24.06],[83.7904,24.0544],[83.7985,24.0517],[83.8039,24.0509],[83.8068,24.0498],[83.8122,24.0494],[83.8155,24.0482],[83.8257,24.0433],[83.8332,24.043],[83.8362,24.0418],[83.8425,24.0365],[83.8491,24.0361]]]},"properties":{"id":"in:subdistrict:2509","level":"subdistrict","name":"Garhwa","code":2509,"parent":"in:district:328","state":"in:state:20"}},{"type":"Feature","geometry":{"type":"Polygon","coordinates":[[[83.9387,23.8701],[83.9375,23.8726],[83.9381,23.8765],[83.9358,23.8813],[83.9329,23.8825],[83.9371,23.8959],[83.9355,23.8977],[83.9361,23.901],[83.9422,23.9043],[83.9391,23.9103],[83.9385,23.9145],[83.9385,23.9204],[83.9417,23.9214],[83.9389,23.9245],[83.9323,23.9231],[83.9268,23.9254],[83.9263,23.9271],[83.929,23.9287],[83.9274,23.9306],[83.9263,23.9358],[83.9244,23.9367],[83.919,23.936],[83.9158,23.9369],[83.9193,23.9396],[83.9192,23.9423],[83.9157,23.9443],[83.9076,23.9508],[83.9067,23.9601],[83.9019,23.9652],[83.8972,23.9659],[83.8952,23.9689],[83.8969,23.9712],[83.8974,23.9747],[83.8931,23.9806],[83.8902,23.9824],[83.8835,23.9849],[83.8789,23.9842],[83.8739,23.9843],[83.8692,23.9826],[83.8676,23.9805],[83.87,23.976],[83.8656,23.9739],[83.8648,23.9722],[83.8661,23.9671],[83.8665,23.9584],[83.8677,23.9549],[83.8617,23.9547],[83.8524,23.9531],[83.8451,23.9531],[83.8425,23.9512],[83.8426,23.948],[83.8408,23.9447],[83.8422,23.9414],[83.846,23.9364],[83.8458,23.9307],[83.8437,23.9267],[83.842,23.9204],[83.8416,23.9163],[83.8439,23.912],[83.8514,23.9078],[83.8641,23.9037],[83.8678,23.8996],[83.8662,23.8969],[83.8613,23.8944],[83.8507,23.8948],[83.8481,23.889],[83.8482,23.887],[83.8411,23.8867],[83.8317,23.8838],[83.8288,23.882],[83.823,23.8798],[83.8157,23.8795],[83.8064,23.8807],[83.8004,23.8791],[83.787,23.8826],[83.7821,23.8822],[83.7748,23.8805],[83.7642,23.8737],[83.7631,23.8714],[83.7626,23.8639],[83.7595,23.8602],[83.7523,23.8552],[83.7544,23.8508],[83.7549,23.8463],[83.757,23.844],[83.7564,23.8404],[83.7502,23.8351],[83.7443,23.8343],[83.7435,23.8316],[83.7465,23.8294],[83.7457,23.8255],[83.7468,23.8204],[83.7435,23.8168],[83.7421,23.8132],[83.7417,23.806],[83.7372,23.7964],[83.7397,23.7943],[83.7441,23.7944],[83.7473,23.7929],[83.7548,23.7914],[83.7575,23.7914],[83.7601,23.7951],[83.7642,23.7981],[83.7742,23.7967],[83.7815,23.798],[83.7853,23.7962],[83.7913,23.7947],[83.7942,23.7953],[83.7992,23.7948],[83.8031,23.7952],[83.8083,23.7974],[83.8198,23.8046],[83.823,23.8059],[83.8298,23.805],[83.8321,23.8032],[83.8397,23.8039],[83.8463,23.8028],[83.8501,23.8084],[83.8544,23.8134],[83.8599,23.8172],[83.8632,23.8227],[83.865,23.8238],[83.8694,23.8231],[83.8732,23.8233],[83.877,23.8218],[83.8831,23.8154],[83.885,23.817],[83.8862,23.8221],[83.8882,23.8235],[83.8971,23.8257],[83.9049,23.8254],[83.9146,23.8275],[83.9185,23.8263],[83.9205,23.8279],[83.9229,23.8336],[83.9259,23.8442],[83.9299,23.8482],[83.9352,23.8501],[83.934,23.8524],[83.9345,23.8574],[83.9336,23.8616],[83.934,23.8642],[83.9387,23.8701]]]},"properties":{"id":"in:subdistrict:2512","level":"subdistrict","name":"Ramkanda","code":2512,"parent":"in:district:328","state":"in:state:20"}},{"type":"Feature","geometry":{"type":"Polygon","coordinates":[[[83.9417,23.9214],[83.9454,23.9222],[83.948,23.9239],[83.9526,23.9285],[83.9599,23.9306],[83.9615,23.9319],[83.968,23.9403],[83.972,23.9439],[83.9692,23.9466],[83.9654,23.9552],[83.9641,23.9599],[83.9614,23.9616],[83.9583,23.9663],[83.9526,23.9737],[83.9512,23.9695],[83.9462,23.965],[83.9447,23.9622],[83.9418,23.9602],[83.9389,23.9603],[83.9356,23.956],[83.9321,23.9535],[83.9274,23.944],[83.9358,23.9418],[83.9439,23.9346],[83.9438,23.9328],[83.9389,23.9245],[83.9417,23.9214]]]},"properties":{"id":"in:subdistrict:6325","level":"subdistrict","name":"Ramgarh","code":6325,"parent":"in:district:338","state":"in:state:20"}},{"type":"Feature","geometry":{"type":"Polygon","coordinates":[[[84.1426,23.9454],[84.1422,23.9478],[84.1364,23.9601],[84.1299,23.9618],[84.1249,23.9618],[84.1195,23.9628],[84.1128,23.9663],[84.1077,23.9701],[84.1045,23.9741],[84.0968,23.9827],[84.0871,23.9907],[84.0848,23.9933],[84.0772,24.0001],[84.0735,24.0053],[84.0735,24.0123],[84.0752,24.0193],[84.0742,24.022],[84.0586,24.0357],[84.0526,24.0434],[84.052,24.0484],[84.0556,24.0559],[84.0588,24.0594],[84.0614,24.0666],[84.0621,24.0743],[84.0612,24.0821],[84.058,24.0927],[84.0593,24.1056],[84.0627,24.1145],[84.0614,24.1211],[84.0593,24.1281],[84.0555,24.1341],[84.0515,24.1424],[84.0464,24.1478],[84.0375,24.15],[84.0354,24.1501],[84.02,24.145],[84.0174,24.145],[84.0122,24.1463],[84.0069,24.1503],[84.0032,24.1524],[83.9997,24.1537],[83.996,24.1523],[83.9927,24.1525],[83.9826,24.1499],[83.9761,24.149],[83.9695,24.1496],[83.9713,24.1431],[83.9741,24.1406],[83.977,24.1405],[83.9766,24.1372],[83.9781,24.1332],[83.9782,24.1291],[83.9773,24.1276],[83.9787,24.1235],[83.9829,24.1206],[83.9866,24.1136],[83.99,24.1113],[83.991,24.1081],[83.9908,24.1037],[83.9898,24.1011],[83.9815,24.1009],[83.9784,24.1016],[83.9711,24.1061],[83.9693,24.1054],[83.9652,24.1078],[83.9609,24.1092],[83.9551,24.0978],[83.9524,24.0949],[83.9488,24.0951],[83.9447,24.0987],[83.9413,24.1005],[83.9392,24.1003],[83.9356,24.0964],[83.9313,24.0956],[83.9282,24.0904],[83.9214,24.0884],[83.9188,24.0912],[83.9117,24.0949],[83.9108,24.0912],[83.9084,24.0882],[83.8981,24.0837],[83.8945,24.086],[83.8895,24.0795],[83.8838,24.0774],[83.8808,24.0744],[83.8752,24.0714],[83.8738,24.0694],[83.8665,24.0693],[83.8657,24.0676],[83.8666,24.0643],[83.8658,24.0583],[83.864,24.0556],[83.8632,24.0509],[83.8639,24.0446],[83.8622,24.0428],[83.8627,24.039],[83.86,24.0358],[83.8574,24.0347],[83.8538,24.0352],[83.851,24.0372],[83.8491,24.0361],[83.8472,24.0326],[83.8461,24.0252],[83.8423,24.0199],[83.8377,24.0118],[83.8317,24.0033],[83.8271,24.0012],[83.8266,24.0001],[83.8299,23.9956],[83.8388,23.991],[83.8426,23.9909],[83.8423,23.9874],[83.8397,23.9882],[83.8374,23.9856],[83.8367,23.9794],[83.8346,23.9761],[83.8334,23.9722],[83.836,23.9698],[83.8335,23.9664],[83.8309,23.9649],[83.8241,23.9641],[83.818,23.9613],[83.8189,23.958],[83.8216,23.9556],[83.8243,23.9565],[83.8271,23.9552],[83.8292,23.9516],[83.8333,23.9502],[83.8376,23.9521],[83.8425,23.9512],[83.8451,23.9531],[83.8524,23.9531],[83.8617,23.9547],[83.8677,23.9549],[83.8665,23.9584],[83.8661,23.9671],[83.8648,23.9722],[83.8656,23.9739],[83.87,23.976],[83.8676,23.9805],[83.8692,23.9826],[83.8739,23.9843],[83.8789,23.9842],[83.8835,23.9849],[83.8902,23.9824],[83.8931,23.9806],[83.8974,23.9747],[83.8969,23.9712],[83.8952,23.9689],[83.8972,23.9659],[83.9019,23.9652],[83.9067,23.9601],[83.9076,23.9508],[83.9157,23.9443],[83.9192,23.9423],[83.9193,23.9396],[83.9158,23.9369],[83.919,23.936],[83.9244,23.9367],[83.9263,23.9358],[83.9274,23.9306],[83.929,23.9287],[83.9263,23.9271],[83.9268,23.9254],[83.9323,23.9231],[83.9389,23.9245],[83.9438,23.9328],[83.9439,23.9346],[83.9358,23.9418],[83.9274,23.944],[83.9321,23.9535],[83.9356,23.956],[83.9389,23.9603],[83.9418,23.9602],[83.9447,23.9622],[83.9462,23.965],[83.9512,23.9695],[83.9526,23.9737],[83.9583,23.9663],[83.9614,23.9616],[83.9641,23.9599],[83.9654,23.9552],[83.9692,23.9466],[83.972,23.9439],[83.968,23.9403],[83.9615,23.9319],[83.9599,23.9306],[83.9526,23.9285],[83.948,23.9239],[83.9454,23.9222],[83.9417,23.9214],[83.9385,23.9204],[83.9385,23.9145],[83.9391,23.9103],[83.9422,23.9043],[83.9361,23.901],[83.9355,23.8977],[83.9371,23.8959],[83.9329,23.8825],[83.9358,23.8813],[83.9381,23.8765],[83.9375,23.8726],[83.9387,23.8701],[83.9383,23.8679],[83.9411,23.8674],[83.9475,23.8618],[83.9593,23.8572],[83.9631,23.8595],[83.9737,23.858],[83.9816,23.8541],[83.9821,23.8505],[83.9844,23.8432],[83.984,23.8374],[83.9864,23.8348],[83.9865,23.8329],[83.9914,23.8269],[83.9932,23.8228],[83.9967,23.8198],[84.0017,23.8179],[84.0009,23.8136],[84.0021,23.81],[83.9982,23.8028],[83.9985,23.7994],[84.0003,23.7977],[83.9992,23.7938],[84.0022,23.7926],[84.0053,23.7953],[84.0099,23.7955],[84.0131,23.7946],[84.0188,23.797],[84.0203,23.8012],[84.0239,23.8031],[84.0274,23.8025],[84.0298,23.8005],[84.0309,23.7976],[84.0343,23.7954],[84.0395,23.7983],[84.0414,23.8016],[84.0425,23.8066],[84.0444,23.8106],[84.0469,23.8128],[84.0542,23.8145],[84.0567,23.816],[84.0568,23.8192],[84.052,23.8299],[84.0518,23.8337],[84.0539,23.8364],[84.062,23.8426],[84.0639,23.8479],[84.0641,23.8553],[84.0665,23.8584],[84.0719,23.8609],[84.0872,23.8641],[84.091,23.8665],[84.0947,23.8709],[84.1063,23.8866],[84.1118,23.8916],[84.1185,23.8985],[84.1237,23.8999],[84.1364,23.902],[84.1392,23.9047],[84.1407,23.9079],[84.1436,23.9165],[84.1463,23.9194],[84.1471,23.9218],[84.1467,23.9263],[84.1439,23.9313],[84.1432,23.9363],[84.1416,23.9411],[84.1426,23.9454]]]},"properties":{"id":"in:subdistrict:2634","level":"subdistrict","name":"Chainpur","code":2634,"parent":"in:district:338","state":"in:state:20"}},{"type":"Feature","geometry":{"type":"Polygon","coordinates":[[[84.1953,23.9284],[84.1985,23.9335],[84.2007,23.9383],[84.2004,23.9419],[84.2051,23.9499],[84.209,23.9505],[84.2123,23.955],[84.214,23.9612],[84.2188,23.9593],[84.2193,23.9628],[84.2158,23.9644],[84.2145,23.9693],[84.2224,23.9742],[84.2229,23.9753],[84.2198,23.9829],[84.2186,23.9923],[84.2143,23.9946],[84.2135,23.9963],[84.2167,23.9976],[84.2181,24.0001],[84.218,24.0076],[84.2199,24.0117],[84.2119,24.0117],[84.208,24.0139],[84.2047,24.0173],[84.2028,24.0245],[84.1923,24.0257],[84.1898,24.0234],[84.1894,24.0208],[84.1737,24.0091],[84.1696,24.0085],[84.1656,24.0052],[84.1644,24.0093],[84.1557,24.0126],[84.1496,24.013],[84.1499,24.018],[84.1556,24.02],[84.1422,24.0255],[84.1379,24.0222],[84.1326,24.0248],[84.1262,24.0253],[84.1235,24.0268],[84.1246,24.0284],[84.1236,24.0317],[84.1324,24.0305],[84.1407,24.0315],[84.1433,24.0367],[84.1467,24.0365],[84.1487,24.0394],[84.1544,24.0452],[84.1564,24.0496],[84.1554,24.0525],[84.1573,24.054],[84.1556,24.0586],[84.1515,24.0638],[84.1483,24.0659],[84.141,24.0665],[84.1381,24.0674],[84.136,24.0705],[84.1344,24.0774],[84.1276,24.0766],[84.1143,24.0829],[84.1089,24.0837],[84.0994,24.0838],[84.0973,24.0817],[84.0938,24.0803],[84.0896,24.0804],[84.0852,24.0835],[84.0828,24.0883],[84.0821,24.0945],[84.0819,24.1031],[84.0798,24.1093],[84.0698,24.1104],[84.0627,24.1145],[84.0593,24.1056],[84.058,24.0927],[84.0612,24.0821],[84.0621,24.0743],[84.0614,24.0666],[84.0588,24.0594],[84.0556,24.0559],[84.052,24.0484],[84.0526,24.0434],[84.0586,24.0357],[84.0742,24.022],[84.0752,24.0193],[84.0735,24.0123],[84.0735,24.0053],[84.0772,24.0001],[84.0848,23.9933],[84.0871,23.9907],[84.0968,23.9827],[84.1045,23.9741],[84.1077,23.9701],[84.1128,23.9663],[84.1195,23.9628],[84.1249,23.9618],[84.1299,23.9618],[84.1364,23.9601],[84.1422,23.9478],[84.1426,23.9454],[84.1499,23.9418],[84.158,23.9406],[84.1644,23.9383],[84.1745,23.9379],[84.1845,23.9354],[84.1914,23.9304],[84.1953,23.9284]]]},"properties":{"id":"in:subdistrict:2633","level":"subdistrict","name":"Medininagar(Daltonganj)","code":2633,"parent":"in:district:338","state":"in:state:20"}},{"type":"Feature","geometry":{"type":"Polygon","coordinates":[[[84.2485,23.8836],[84.2583,23.8832],[84.2665,23.8806],[84.275,23.882],[84.2779,23.8793],[84.2776,23.8751],[84.2801,23.8725],[84.2779,23.8683],[84.2799,23.8663],[84.2814,23.8685],[84.2844,23.8693],[84.287,23.8682],[84.2892,23.8696],[84.2982,23.8679],[84.3037,23.8652],[84.3065,23.8669],[84.3164,23.8771],[84.3215,23.8782],[84.3234,23.8752],[84.3325,23.8754],[84.3341,23.8781],[84.3323,23.8833],[84.3322,23.8884],[84.3277,23.8938],[84.3276,23.8959],[84.3303,23.9022],[84.3308,23.9059],[84.3375,23.9119],[84.3373,23.9142],[84.3343,23.9191],[84.3352,23.9226],[84.3385,23.9284],[84.3411,23.9382],[84.3416,23.9447],[84.343,23.9508],[84.3447,23.9534],[84.3434,23.9632],[84.3414,23.9708],[84.3414,23.9768],[84.3287,23.9796],[84.3271,23.9795],[84.3207,23.975],[84.3176,23.9766],[84.313,23.977],[84.3085,23.9758],[84.298,23.9761],[84.2928,23.975],[84.2836,23.976],[84.2787,23.9752],[84.2719,23.9777],[84.27,23.9803],[84.264,23.9754],[84.2596,23.9776],[84.2549,23.9764],[84.2518,23.9723],[84.2483,23.9724],[84.2441,23.9743],[84.242,23.9731],[84.2348,23.9713],[84.2333,23.9722],[84.2287,23.9716],[84.225,23.9738],[84.2224,23.9742],[84.2145,23.9693],[84.2158,23.9644],[84.2193,23.9628],[84.2188,23.9593],[84.214,23.9612],[84.2123,23.955],[84.209,23.9505],[84.2051,23.9499],[84.2004,23.9419],[84.2007,23.9383],[84.1985,23.9335],[84.1953,23.9284],[84.1965,23.9263],[84.1979,23.921],[84.1994,23.9182],[84.2029,23.9168],[84.2108,23.9185],[84.2134,23.9174],[84.2158,23.9142],[84.2161,23.9093],[84.2148,23.9051],[84.2147,23.9013],[84.2182,23.8979],[84.2237,23.8956],[84.2257,23.8959],[84.236,23.8995],[84.2387,23.8986],[84.2422,23.8916],[84.2485,23.8836]]]},"properties":{"id":"in:subdistrict:2631","level":"subdistrict","name":"Satbarwa","code":2631,"parent":"in:district:338","state":"in:state:20"}},{"type":"Feature","geometry":{"type":"Polygon","coordinates":[[[84.5367,23.8632],[84.534,23.8657],[84.5307,23.8725],[84.5299,23.8806],[84.5278,23.8852],[84.5282,23.8915],[84.5302,23.8957],[84.53,23.901],[84.5262,23.9024],[84.5263,23.9012],[84.5181,23.9004],[84.5039,23.8981],[84.4961,23.8944],[84.4967,23.8984],[84.4871,23.8941],[84.4864,23.8984],[84.4841,23.9014],[84.4833,23.9062],[84.4818,23.9083],[84.478,23.9097],[84.4774,23.9118],[84.4733,23.9129],[84.4711,23.9162],[84.4712,23.9208],[84.4733,23.9276],[84.4805,23.926],[84.4818,23.9295],[84.4812,23.933],[84.4772,23.9424],[84.4726,23.9442],[84.4696,23.9475],[84.4693,23.9522],[84.4704,23.9569],[84.4641,23.9532],[84.4623,23.9533],[84.4578,23.9583],[84.4574,23.9604],[84.4524,23.9611],[84.4487,23.9594],[84.4464,23.9562],[84.4435,23.9504],[84.4408,23.9504],[84.438,23.9476],[84.436,23.9484],[84.4275,23.9497],[84.4248,23.9497],[84.4159,23.9467],[84.4116,23.944],[84.4115,23.9412],[84.4082,23.9378],[84.4068,23.934],[84.4002,23.9351],[84.3962,23.9367],[84.3916,23.937],[84.3842,23.9398],[84.3811,23.9424],[84.3717,23.9417],[84.3693,23.9405],[84.3659,23.9424],[84.3605,23.9434],[84.3589,23.9459],[84.3529,23.9495],[84.3491,23.9505],[84.3447,23.9534],[84.343,23.9508],[84.3416,23.9447],[84.3411,23.9382],[84.3385,23.9284],[84.3352,23.9226],[84.3343,23.9191],[84.3373,23.9142],[84.3375,23.9119],[84.3308,23.9059],[84.3303,23.9022],[84.3276,23.8959],[84.3277,23.8938],[84.3322,23.8884],[84.3323,23.8833],[84.3341,23.8781],[84.3325,23.8754],[84.3234,23.8752],[84.3215,23.8782],[84.3164,23.8771],[84.3065,23.8669],[84.3037,23.8652],[84.2982,23.8679],[84.2892,23.8696],[84.287,23.8682],[84.2844,23.8693],[84.2814,23.8685],[84.2799,23.8663],[84.2779,23.8683],[84.2801,23.8725],[84.2776,23.8751],[84.2779,23.8793],[84.275,23.882],[84.2665,23.8806],[84.2583,23.8832],[84.2485,23.8836],[84.2545,23.8793],[84.2576,23.8729],[84.2607,23.8681],[84.2635,23.8594],[84.2634,23.8565],[84.2609,23.8531],[84.2538,23.8497],[84.253,23.847],[84.2539,23.8448],[84.2581,23.8389],[84.2582,23.8356],[84.2544,23.8303],[84.2528,23.8251],[84.2556,23.8206],[84.2654,23.8175],[84.2673,23.8163],[84.2682,23.8133],[84.2728,23.812],[84.2772,23.8132],[84.2785,23.8101],[84.2844,23.8071],[84.289,23.8066],[84.2924,23.8013],[84.2967,23.7979],[84.3013,23.7961],[84.3038,23.7964],[84.3082,23.7944],[84.3058,23.7889],[84.3151,23.7914],[84.3202,23.7922],[84.3252,23.7913],[84.3247,23.7855],[84.3223,23.7833],[84.3233,23.7798],[84.3219,23.7774],[84.3283,23.7728],[84.3307,23.7681],[84.3211,23.7578],[84.3158,23.7557],[84.3105,23.7511],[84.3073,23.7464],[84.3067,23.7398],[84.3133,23.733],[84.3206,23.7299],[84.3226,23.7262],[84.3185,23.725],[84.3173,23.7233],[84.3104,23.72],[84.3057,23.7159],[84.3049,23.7137],[84.3035,23.7032],[84.3087,23.7011],[84.3151,23.7026],[84.3259,23.708],[84.3266,23.7123],[84.3317,23.72],[84.3332,23.7212],[84.3337,23.7242],[84.3355,23.7271],[84.339,23.7285],[84.3459,23.726],[84.3519,23.7229],[84.3573,23.7189],[84.3613,23.7173],[84.3688,23.7161],[84.3784,23.7159],[84.3814,23.7152],[84.386,23.7155],[84.3885,23.7167],[84.3919,23.7201],[84.39,23.7231],[84.3905,23.7306],[84.3966,23.7304],[84.4014,23.7314],[84.4103,23.7317],[84.4144,23.7349],[84.4147,23.7383],[84.4206,23.7495],[84.422,23.7539],[84.4191,23.7554],[84.4139,23.7541],[84.4115,23.7573],[84.403,23.7634],[84.4008,23.7655],[84.3995,23.7726],[84.3998,23.7745],[84.4054,23.7823],[84.4106,23.7874],[84.4088,23.7918],[84.4094,23.7982],[84.4133,23.8017],[84.4166,23.8018],[84.4205,23.8059],[84.4254,23.8096],[84.4303,23.8107],[84.4359,23.8133],[84.4429,23.8152],[84.4483,23.8189],[84.4618,23.8264],[84.4639,23.8299],[84.4639,23.8337],[84.4675,23.8357],[84.4717,23.8368],[84.4736,23.8385],[84.4811,23.8404],[84.4848,23.842],[84.489,23.8449],[84.492,23.8461],[84.5019,23.848],[84.5107,23.849],[84.5152,23.8514],[84.5204,23.8516],[84.5255,23.8539],[84.5296,23.8564],[84.5343,23.8568],[84.5362,23.8589],[84.5367,23.8632]]]},"properties":{"id":"in:subdistrict:2635","level":"subdistrict","name":"Manika","code":2635,"parent":"in:district:335","state":"in:state:20"}},{"type":"Feature","geometry":{"type":"Polygon","coordinates":[[[84.2224,23.9742],[84.225,23.9738],[84.2287,23.9716],[84.2333,23.9722],[84.2348,23.9713],[84.242,23.9731],[84.2441,23.9743],[84.2483,23.9724],[84.2518,23.9723],[84.2549,23.9764],[84.2596,23.9776],[84.264,23.9754],[84.27,23.9803],[84.2719,23.9777],[84.2787,23.9752],[84.2836,23.976],[84.2928,23.975],[84.298,23.9761],[84.3085,23.9758],[84.313,23.977],[84.3176,23.9766],[84.3207,23.975],[84.3271,23.9795],[84.3287,23.9796],[84.3414,23.9768],[84.3383,23.9821],[84.3353,23.9838],[84.3315,23.9884],[84.3332,23.993],[84.3275,23.9945],[84.3296,23.9974],[84.325,23.9986],[84.3259,24.0001],[84.323,24.0049],[84.3207,24.0033],[84.3184,24.0045],[84.3168,24.0071],[84.3139,24.0073],[84.3115,24.0104],[84.3076,24.0133],[84.3078,24.0175],[84.3063,24.0194],[84.3063,24.0239],[84.3038,24.0245],[84.3039,24.0282],[84.2992,24.0285],[84.2968,24.0296],[84.2948,24.0322],[84.2947,24.0358],[84.2916,24.0409],[84.295,24.0397],[84.2962,24.0463],[84.2998,24.0476],[84.3018,24.0515],[84.3049,24.052],[84.3007,24.0554],[84.2954,24.058],[84.2942,24.0601],[84.2965,24.0691],[84.2932,24.0686],[84.2878,24.0713],[84.2828,24.0788],[84.2793,24.082],[84.2727,24.0834],[84.2676,24.0857],[84.2619,24.0897],[84.2562,24.0931],[84.2543,24.0949],[84.2479,24.0972],[84.2466,24.1027],[84.2494,24.1073],[84.244,24.1078],[84.2326,24.105],[84.2289,24.1044],[84.2161,24.1006],[84.2093,24.0978],[84.2096,24.0955],[84.206,24.0926],[84.2027,24.0881],[84.2015,24.0881],[84.1955,24.0938],[84.1901,24.0941],[84.1852,24.0935],[84.1799,24.0937],[84.1771,24.0925],[84.1709,24.0917],[84.164,24.0891],[84.1566,24.0858],[84.1466,24.0837],[84.1443,24.082],[84.1402,24.0808],[84.1344,24.0774],[84.136,24.0705],[84.1381,24.0674],[84.141,24.0665],[84.1483,24.0659],[84.1515,24.0638],[84.1556,24.0586],[84.1573,24.054],[84.1554,24.0525],[84.1564,24.0496],[84.1544,24.0452],[84.1487,24.0394],[84.1467,24.0365],[84.1433,24.0367],[84.1407,24.0315],[84.1324,24.0305],[84.1236,24.0317],[84.1246,24.0284],[84.1235,24.0268],[84.1262,24.0253],[84.1326,24.0248],[84.1379,24.0222],[84.1422,24.0255],[84.1556,24.02],[84.1499,24.018],[84.1496,24.013],[84.1557,24.0126],[84.1644,24.0093],[84.1656,24.0052],[84.1696,24.0085],[84.1737,24.0091],[84.1894,24.0208],[84.1898,24.0234],[84.1923,24.0257],[84.2028,24.0245],[84.2047,24.0173],[84.208,24.0139],[84.2119,24.0117],[84.2199,24.0117],[84.218,24.0076],[84.2181,24.0001],[84.2167,23.9976],[84.2135,23.9963],[84.2143,23.9946],[84.2186,23.9923],[84.2198,23.9829],[84.2229,23.9753],[84.2224,23.9742]]]},"properties":{"id":"in:subdistrict:2632","level":"subdistrict","name":"Nilambar-Pitambarpur(Lesligan*","code":2632,"parent":"in:district:338","state":"in:state:20"}},{"type":"Feature","geometry":{"type":"Polygon","coordinates":[[[84.272,24.2605],[84.2706,24.2569],[84.2601,24.2565],[84.2547,24.2575],[84.2523,24.2564],[84.2506,24.2531],[84.2508,24.2509],[84.2546,24.25],[84.2579,24.2465],[84.2594,24.2424],[84.2544,24.2426],[84.2494,24.2391],[84.2455,24.2384],[84.2408,24.2387],[84.2369,24.2376],[84.2338,24.2352],[84.2324,24.2324],[84.2291,24.2287],[84.225,24.2271],[84.2217,24.2273],[84.215,24.2294],[84.2103,24.2331],[84.2067,24.2333],[84.2077,24.2297],[84.2072,24.2183],[84.2006,24.2179],[84.1962,24.2188],[84.1899,24.2217],[84.1842,24.2234],[84.1774,24.22],[84.1736,24.2213],[84.1712,24.2245],[84.1663,24.2219],[84.1604,24.2218],[84.1558,24.2191],[84.157,24.2162],[84.1546,24.2142],[84.1558,24.2105],[84.1569,24.203],[84.1544,24.2001],[84.1522,24.1978],[84.1552,24.1956],[84.1584,24.1953],[84.1604,24.1935],[84.1571,24.1849],[84.1495,24.1868],[84.1396,24.191],[84.1359,24.193],[84.1313,24.1908],[84.1282,24.1908],[84.1223,24.1847],[84.1201,24.1838],[84.1176,24.1761],[84.112,24.1737],[84.1098,24.1668],[84.1094,24.164],[84.1147,24.1616],[84.1165,24.1621],[84.1214,24.1609],[84.1246,24.1679],[84.1296,24.1665],[84.1299,24.1652],[84.127,24.1612],[84.1259,24.1581],[84.1256,24.1531],[84.1245,24.1516],[84.1178,24.152],[84.1164,24.149],[84.1085,24.1484],[84.1041,24.1495],[84.1051,24.1459],[84.1047,24.139],[84.1037,24.1338],[84.1073,24.1332],[84.1085,24.1318],[84.1068,24.1233],[84.111,24.1257],[84.115,24.1234],[84.1157,24.1208],[84.1193,24.1192],[84.1228,24.1199],[84.1261,24.1191],[84.125,24.1118],[84.1223,24.1093],[84.1203,24.1093],[84.1169,24.1067],[84.1137,24.1088],[84.1084,24.1062],[84.103,24.1059],[84.1012,24.1083],[84.097,24.1115],[84.0908,24.113],[84.0856,24.1132],[84.0798,24.1093],[84.0819,24.1031],[84.0821,24.0945],[84.0828,24.0883],[84.0852,24.0835],[84.0896,24.0804],[84.0938,24.0803],[84.0973,24.0817],[84.0994,24.0838],[84.1089,24.0837],[84.1143,24.0829],[84.1276,24.0766],[84.1344,24.0774],[84.1402,24.0808],[84.1443,24.082],[84.1466,24.0837],[84.1566,24.0858],[84.164,24.0891],[84.1709,24.0917],[84.1771,24.0925],[84.1799,24.0937],[84.1852,24.0935],[84.1901,24.0941],[84.1955,24.0938],[84.2015,24.0881],[84.2027,24.0881],[84.206,24.0926],[84.2096,24.0955],[84.2093,24.0978],[84.2161,24.1006],[84.2289,24.1044],[84.2326,24.105],[84.244,24.1078],[84.2494,24.1073],[84.2466,24.1027],[84.2479,24.0972],[84.2543,24.0949],[84.2553,24.1024],[84.2568,24.1037],[84.2565,24.1067],[84.2595,24.1094],[84.2595,24.113],[84.2611,24.1158],[84.2614,24.1205],[84.2646,24.1215],[84.2649,24.1277],[84.2615,24.1362],[84.2644,24.1372],[84.2661,24.1403],[84.2701,24.1392],[84.2739,24.1407],[84.2767,24.1385],[84.2827,24.1383],[84.2867,24.1397],[84.2919,24.1379],[84.2939,24.1394],[84.2981,24.139],[84.3039,24.1404],[84.304,24.1424],[84.3068,24.1463],[84.3137,24.1476],[84.3147,24.1491],[84.3245,24.153],[84.3299,24.1544],[84.331,24.1532],[84.3352,24.1542],[84.3372,24.1588],[84.3356,24.1628],[84.3353,24.1657],[84.3379,24.1712],[84.3371,24.1775],[84.3385,24.1807],[84.3381,24.1849],[84.3339,24.1863],[84.3326,24.1877],[84.3333,24.1943],[84.3386,24.2019],[84.3426,24.2007],[84.3451,24.2059],[84.3461,24.2129],[84.349,24.2205],[84.3491,24.227],[84.3447,24.2373],[84.3379,24.2442],[84.337,24.2462],[84.338,24.2496],[84.3423,24.2585],[84.3397,24.2588],[84.3344,24.257],[84.3294,24.2575],[84.3316,24.2622],[84.3324,24.2658],[84.3283,24.2675],[84.3206,24.2689],[84.3147,24.2723],[84.3123,24.2725],[84.3053,24.2759],[84.2981,24.2811],[84.2994,24.289],[84.2956,24.2881],[84.2916,24.2902],[84.2896,24.2867],[84.2884,24.2809],[84.2935,24.2758],[84.2914,24.2677],[84.2903,24.2669],[84.2811,24.2682],[84.2771,24.2638],[84.272,24.2605]]]},"properties":{"id":"in:subdistrict:2626","level":"subdistrict","name":"Patan","code":2626,"parent":"in:district:338","state":"in:state:20"}},{"type":"Feature","geometry":{"type":"MultiPolygon","coordinates":[[[[84.2965,24.0691],[84.3007,24.0714],[84.3037,24.0747],[84.3083,24.0818],[84.3118,24.0851],[84.3174,24.0872],[84.3223,24.0869],[84.3304,24.0839],[84.3364,24.0808],[84.346,24.0782],[84.3547,24.0768],[84.3654,24.0796],[84.374,24.0813],[84.3774,24.0837],[84.3774,24.0926],[84.38,24.0987],[84.3836,24.1013],[84.388,24.1024],[84.39,24.1124],[84.3886,24.1196],[84.3903,24.1265],[84.3925,24.1407],[84.3871,24.1384],[84.3785,24.1376],[84.3755,24.1472],[84.3735,24.1489],[84.3701,24.1463],[84.3667,24.1451],[84.3606,24.1444],[84.3542,24.1418],[84.3488,24.1412],[84.3439,24.1423],[84.3398,24.1386],[84.3357,24.1364],[84.3343,24.1385],[84.3323,24.1459],[84.3334,24.1492],[84.331,24.1532],[84.3299,24.1544],[84.3245,24.153],[84.3147,24.1491],[84.3137,24.1476],[84.3068,24.1463],[84.304,24.1424],[84.3039,24.1404],[84.2981,24.139],[84.2939,24.1394],[84.2919,24.1379],[84.2867,24.1397],[84.2827,24.1383],[84.2767,24.1385],[84.2739,24.1407],[84.2701,24.1392],[84.2661,24.1403],[84.2644,24.1372],[84.2615,24.1362],[84.2649,24.1277],[84.2646,24.1215],[84.2614,24.1205],[84.2611,24.1158],[84.2595,24.113],[84.2595,24.1094],[84.2565,24.1067],[84.2568,24.1037],[84.2553,24.1024],[84.2543,24.0949],[84.2562,24.0931],[84.2619,24.0897],[84.2676,24.0857],[84.2727,24.0834],[84.2793,24.082],[84.2828,24.0788],[84.2878,24.0713],[84.2932,24.0686],[84.2965,24.0691]]],[[[84.5568,24.1507],[84.5516,24.1479],[84.5468,24.1392],[84.5432,24.1315],[84.5391,24.129],[84.5332,24.1204],[84.5295,24.1192],[84.5242,24.1136],[84.5175,24.118],[84.5131,24.1237],[84.5119,24.1194],[84.5076,24.1162],[84.5042,24.1173],[84.5033,24.1241],[84.5042,24.1263],[84.5024,24.1279],[84.4992,24.1269],[84.4904,24.1336],[84.4868,24.1387],[84.4819,24.1404],[84.4772,24.1431],[84.4723,24.1442],[84.4645,24.1408],[84.4602,24.1418],[84.4544,24.1456],[84.4481,24.1458],[84.4444,24.1432],[84.4438,24.1406],[84.4361,24.1335],[84.4374,24.1386],[84.4356,24.1437],[84.4367,24.1458],[84.4372,24.1522],[84.4355,24.1548],[84.4307,24.1578],[84.4252,24.155],[84.4233,24.1511],[84.421,24.149],[84.4203,24.1439],[84.4184,24.1414],[84.4181,24.1344],[84.4159,24.1297],[84.4105,24.1151],[84.4087,24.1131],[84.4039,24.0998],[84.409,24.0978],[84.4142,24.093],[84.4231,24.0896],[84.4305,24.0875],[84.4457,24.0859],[84.4488,24.0858],[84.455,24.0794],[84.4626,24.0794],[84.467,24.081],[84.4751,24.0825],[84.4798,24.0824],[84.487,24.0809],[84.4882,24.0837],[84.4996,24.0827],[84.5011,24.0787],[84.5037,24.0796],[84.5075,24.083],[84.508,24.0847],[84.5121,24.084],[84.5141,24.0824],[84.5178,24.0827],[84.5193,24.087],[84.523,24.0889],[84.5289,24.0989],[84.5354,24.0991],[84.541,24.1022],[84.5507,24.1039],[84.5537,24.106],[84.558,24.106],[84.5589,24.105],[84.5618,24.1066],[84.5652,24.1118],[84.5679,24.1121],[84.5701,24.1157],[84.5719,24.1152],[84.578,24.1205],[84.5781,24.1243],[84.581,24.129],[84.581,24.133],[84.5832,24.1353],[84.5835,24.141],[84.5712,24.1443],[84.5624,24.1487],[84.5568,24.1507]]]]},"properties":{"id":"in:subdistrict:2629","level":"subdistrict","name":"Tarhasi","code":2629,"parent":"in:district:338","state":"in:state:20"}},{"type":"Feature","geometry":{"type":"Polygon","coordinates":[[[84.4705,24.3152],[84.4664,24.3173],[84.4648,24.321],[84.4652,24.3228],[84.468,24.3244],[84.4638,24.3285],[84.4655,24.3315],[84.4599,24.337],[84.4518,24.3373],[84.4515,24.333],[84.4499,24.3325],[84.4366,24.3315],[84.4256,24.33],[84.4223,24.3225],[84.4215,24.3174],[84.4187,24.3141],[84.4171,24.3073],[84.413,24.3067],[84.4076,24.3049],[84.4042,24.3009],[84.3993,24.2972],[84.3977,24.2917],[84.3938,24.2866],[84.3915,24.2824],[84.3865,24.2761],[84.3841,24.2725],[84.3819,24.2723],[84.3786,24.27],[84.3774,24.2671],[84.3773,24.2634],[84.3706,24.2625],[84.3644,24.2606],[84.3614,24.2588],[84.3578,24.2604],[84.3548,24.2593],[84.3511,24.2595],[84.3423,24.2585],[84.338,24.2496],[84.337,24.2462],[84.3379,24.2442],[84.3447,24.2373],[84.3491,24.227],[84.349,24.2205],[84.3461,24.2129],[84.3451,24.2059],[84.3426,24.2007],[84.3386,24.2019],[84.3333,24.1943],[84.3326,24.1877],[84.3339,24.1863],[84.3381,24.1849],[84.3385,24.1807],[84.3371,24.1775],[84.3379,24.1712],[84.3353,24.1657],[84.3356,24.1628],[84.3372,24.1588],[84.3352,24.1542],[84.331,24.1532],[84.3334,24.1492],[84.3323,24.1459],[84.3343,24.1385],[84.3357,24.1364],[84.3398,24.1386],[84.3439,24.1423],[84.3488,24.1412],[84.3542,24.1418],[84.3606,24.1444],[84.3667,24.1451],[84.3701,24.1463],[84.3735,24.1489],[84.3755,24.1472],[84.3785,24.1376],[84.3871,24.1384],[84.3925,24.1407],[84.3903,24.1265],[84.3886,24.1196],[84.39,24.1124],[84.388,24.1024],[84.3947,24.1028],[84.399,24.1019],[84.4039,24.0998],[84.4087,24.1131],[84.4105,24.1151],[84.4159,24.1297],[84.4181,24.1344],[84.4184,24.1414],[84.4203,24.1439],[84.421,24.149],[84.4233,24.1511],[84.4252,24.155],[84.4307,24.1578],[84.4355,24.1548],[84.4372,24.1522],[84.4367,24.1458],[84.4356,24.1437],[84.4374,24.1386],[84.4361,24.1335],[84.4438,24.1406],[84.4444,24.1432],[84.4481,24.1458],[84.4544,24.1456],[84.4602,24.1418],[84.4645,24.1408],[84.4723,24.1442],[84.4772,24.1431],[84.4819,24.1404],[84.4868,24.1387],[84.4904,24.1336],[84.4992,24.1269],[84.5024,24.1279],[84.5042,24.1263],[84.5033,24.1241],[84.5042,24.1173],[84.5076,24.1162],[84.5119,24.1194],[84.5131,24.1237],[84.5175,24.118],[84.5242,24.1136],[84.5295,24.1192],[84.5332,24.1204],[84.5391,24.129],[84.5432,24.1315],[84.5468,24.1392],[84.5516,24.1479],[84.5568,24.1507],[84.5546,24.1523],[84.5542,24.1583],[84.5509,24.162],[84.5507,24.1645],[84.5486,24.1665],[84.5437,24.1678],[84.5386,24.1707],[84.5388,24.1751],[84.5362,24.1773],[84.5338,24.1773],[84.5337,24.1808],[84.5323,24.1838],[84.5297,24.1866],[84.5335,24.1904],[84.5363,24.1943],[84.5378,24.1945],[84.5391,24.1978],[84.5393,24.2015],[84.5296,24.2056],[84.5265,24.201],[84.5239,24.1989],[84.5189,24.1994],[84.5173,24.2006],[84.5116,24.2],[84.5073,24.1982],[84.5028,24.1974],[84.4992,24.1996],[84.4912,24.1991],[84.4878,24.2011],[84.4856,24.2013],[84.483,24.2041],[84.4776,24.2046],[84.4761,24.2056],[84.4757,24.2164],[84.4774,24.2226],[84.4757,24.2266],[84.4739,24.2272],[84.4652,24.2328],[84.4599,24.2353],[84.4488,24.239],[84.4488,24.2468],[84.4521,24.2503],[84.4549,24.2553],[84.4588,24.26],[84.4593,24.2655],[84.4647,24.2653],[84.4678,24.2643],[84.4747,24.2661],[84.4751,24.2653],[84.4699,24.2615],[84.4657,24.2592],[84.4746,24.2595],[84.4805,24.2601],[84.4865,24.26],[84.4916,24.2613],[84.4926,24.264],[84.491,24.2674],[84.4879,24.27],[84.4884,24.2766],[84.4916,24.2805],[84.4928,24.2861],[84.4917,24.2866],[84.4892,24.2917],[84.4892,24.2944],[84.4942,24.2961],[84.4968,24.2994],[84.4903,24.3039],[84.4892,24.3012],[84.486,24.3018],[84.4839,24.2984],[84.4814,24.2982],[84.4785,24.3011],[84.4719,24.3046],[84.4708,24.3065],[84.4717,24.3115],[84.4705,24.3152]]]},"properties":{"id":"in:subdistrict:2628","level":"subdistrict","name":"Manatu","code":2628,"parent":"in:district:338","state":"in:state:20"}},{"type":"Feature","geometry":{"type":"Polygon","coordinates":[[[84.3447,23.9534],[84.3491,23.9505],[84.3529,23.9495],[84.3589,23.9459],[84.3605,23.9434],[84.3659,23.9424],[84.3693,23.9405],[84.3717,23.9417],[84.3811,23.9424],[84.3842,23.9398],[84.3916,23.937],[84.3962,23.9367],[84.4002,23.9351],[84.4068,23.934],[84.4082,23.9378],[84.4115,23.9412],[84.4116,23.944],[84.4159,23.9467],[84.4248,23.9497],[84.4275,23.9497],[84.436,23.9484],[84.438,23.9476],[84.4408,23.9504],[84.4435,23.9504],[84.4464,23.9562],[84.4487,23.9594],[84.4524,23.9611],[84.4574,23.9604],[84.4578,23.9583],[84.4623,23.9533],[84.4641,23.9532],[84.4704,23.9569],[84.4693,23.9522],[84.4696,23.9475],[84.4726,23.9442],[84.4772,23.9424],[84.4812,23.933],[84.4818,23.9295],[84.4805,23.926],[84.4733,23.9276],[84.4712,23.9208],[84.4711,23.9162],[84.4733,23.9129],[84.4774,23.9118],[84.478,23.9097],[84.4818,23.9083],[84.4833,23.9062],[84.4841,23.9014],[84.4864,23.8984],[84.4871,23.8941],[84.4967,23.8984],[84.4961,23.8944],[84.5039,23.8981],[84.5181,23.9004],[84.5263,23.9012],[84.5262,23.9024],[84.5244,23.9128],[84.5194,23.9173],[84.5188,23.9208],[84.5228,23.9213],[84.5312,23.9234],[84.5315,23.9322],[84.5325,23.9331],[84.5366,23.9321],[84.5382,23.9301],[84.5451,23.9291],[84.5565,23.9297],[84.5596,23.9266],[84.5669,23.9275],[84.5677,23.9271],[84.573,23.9348],[84.5729,23.9375],[84.5693,23.9458],[84.5703,23.9518],[84.5712,23.9535],[84.5714,23.959],[84.5745,23.9646],[84.5835,23.9668],[84.5873,23.9697],[84.5901,23.9743],[84.5907,23.9768],[84.5898,23.9803],[84.5861,23.981],[84.5815,23.9861],[84.5732,23.9863],[84.5642,23.995],[84.5619,23.9978],[84.5567,24.0071],[84.5555,24.0083],[84.5556,24.0146],[84.5585,24.0198],[84.5586,24.0252],[84.5664,24.0302],[84.5663,24.0345],[84.5617,24.0375],[84.5581,24.0409],[84.5559,24.0456],[84.5566,24.0484],[84.5636,24.0508],[84.568,24.0503],[84.5707,24.0527],[84.5704,24.0556],[84.5735,24.0598],[84.575,24.0655],[84.5785,24.0696],[84.5786,24.0714],[84.5739,24.0741],[84.5672,24.075],[84.5655,24.0769],[84.5644,24.0806],[84.5617,24.0843],[84.5593,24.0907],[84.5591,24.0959],[84.5556,24.0986],[84.5589,24.105],[84.558,24.106],[84.5537,24.106],[84.5507,24.1039],[84.541,24.1022],[84.5354,24.0991],[84.5289,24.0989],[84.523,24.0889],[84.5193,24.087],[84.5178,24.0827],[84.5141,24.0824],[84.5121,24.084],[84.508,24.0847],[84.5075,24.083],[84.5037,24.0796],[84.5011,24.0787],[84.4996,24.0827],[84.4882,24.0837],[84.487,24.0809],[84.4798,24.0824],[84.4751,24.0825],[84.467,24.081],[84.4626,24.0794],[84.455,24.0794],[84.4488,24.0858],[84.4457,24.0859],[84.4305,24.0875],[84.4231,24.0896],[84.4142,24.093],[84.409,24.0978],[84.4039,24.0998],[84.399,24.1019],[84.3947,24.1028],[84.388,24.1024],[84.3836,24.1013],[84.38,24.0987],[84.3774,24.0926],[84.3774,24.0837],[84.374,24.0813],[84.3654,24.0796],[84.3547,24.0768],[84.346,24.0782],[84.3364,24.0808],[84.3304,24.0839],[84.3223,24.0869],[84.3174,24.0872],[84.3118,24.0851],[84.3083,24.0818],[84.3037,24.0747],[84.3007,24.0714],[84.2965,24.0691],[84.2942,24.0601],[84.2954,24.058],[84.3007,24.0554],[84.3049,24.052],[84.3018,24.0515],[84.2998,24.0476],[84.2962,24.0463],[84.295,24.0397],[84.2916,24.0409],[84.2947,24.0358],[84.2948,24.0322],[84.2968,24.0296],[84.2992,24.0285],[84.3039,24.0282],[84.3038,24.0245],[84.3063,24.0239],[84.3063,24.0194],[84.3078,24.0175],[84.3076,24.0133],[84.3115,24.0104],[84.3139,24.0073],[84.3168,24.0071],[84.3184,24.0045],[84.3207,24.0033],[84.323,24.0049],[84.3259,24.0001],[84.325,23.9986],[84.3296,23.9974],[84.3275,23.9945],[84.3332,23.993],[84.3315,23.9884],[84.3353,23.9838],[84.3383,23.9821],[84.3414,23.9768],[84.3414,23.9708],[84.3434,23.9632],[84.3447,23.9534]]]},"properties":{"id":"in:subdistrict:2630","level":"subdistrict","name":"Panki","code":2630,"parent":"in:district:338","state":"in:state:20"}},{"type":"Feature","geometry":{"type":"Polygon","coordinates":[[[84.6317,23.8256],[84.6377,23.8246],[84.6418,23.8262],[84.6468,23.8266],[84.6464,23.8298],[84.6411,23.8327],[84.6406,23.8379],[84.6431,23.8407],[84.6454,23.8407],[84.6485,23.8432],[84.649,23.8462],[84.6529,23.8498],[84.6542,23.8535],[84.6509,23.8574],[84.6593,23.8599],[84.6602,23.8653],[84.6639,23.8686],[84.6674,23.8702],[84.6707,23.8731],[84.674,23.8746],[84.679,23.8695],[84.6796,23.8655],[84.6766,23.8621],[84.6783,23.8599],[84.6831,23.8594],[84.6859,23.8573],[84.6917,23.8562],[84.6949,23.8541],[84.6949,23.8516],[84.6985,23.853],[84.7019,23.8496],[84.7029,23.8455],[84.7059,23.8456],[84.7086,23.8476],[84.7117,23.8467],[84.7148,23.8501],[84.7149,23.8534],[84.7182,23.8588],[84.723,23.859],[84.725,23.8623],[84.7302,23.8655],[84.7375,23.8686],[84.7391,23.8734],[84.7411,23.8771],[84.7383,23.8776],[84.7398,23.8826],[84.737,23.8854],[84.7364,23.8899],[84.7343,23.8919],[84.7321,23.8911],[84.728,23.8923],[84.7264,23.8937],[84.7209,23.895],[84.719,23.8929],[84.7152,23.8949],[84.7103,23.8945],[84.7067,23.8933],[84.7052,23.8908],[84.7007,23.8927],[84.6967,23.8913],[84.6934,23.8952],[84.6917,23.899],[84.6894,23.8988],[84.689,23.8962],[84.6902,23.8937],[84.684,23.892],[84.6817,23.8921],[84.6782,23.8955],[84.677,23.8985],[84.6747,23.9004],[84.6745,23.9047],[84.6759,23.9066],[84.6796,23.9063],[84.6798,23.9084],[84.684,23.9098],[84.6821,23.9154],[84.6852,23.9183],[84.6948,23.9162],[84.6948,23.9194],[84.701,23.9223],[84.7038,23.9251],[84.7051,23.9226],[84.7094,23.9234],[84.7108,23.9263],[84.7148,23.9284],[84.7127,23.9306],[84.7146,23.9325],[84.7151,23.9393],[84.7116,23.947],[84.7146,23.9534],[84.7188,23.9535],[84.7221,23.952],[84.7225,23.9467],[84.7242,23.9452],[84.7333,23.9453],[84.7351,23.9492],[84.7385,23.9535],[84.7438,23.9556],[84.7481,23.9595],[84.7542,23.9611],[84.7595,23.9668],[84.7507,23.9684],[84.7486,23.9697],[84.7423,23.9693],[84.7403,23.9659],[84.7341,23.9664],[84.7309,23.966],[84.7269,23.971],[84.7203,23.971],[84.7155,23.9716],[84.7117,23.9713],[84.7065,23.974],[84.703,23.9799],[84.7016,23.988],[84.7003,23.9896],[84.6922,23.9892],[84.691,23.9865],[84.6878,23.9846],[84.6868,23.9822],[84.6889,23.9729],[84.6889,23.9703],[84.6825,23.9715],[84.6791,23.9738],[84.6782,23.9778],[84.6728,23.9779],[84.6682,23.977],[84.6633,23.9773],[84.6585,23.9797],[84.6573,23.982],[84.654,23.9823],[84.6507,23.9848],[84.6485,23.9882],[84.6441,23.9877],[84.642,23.9923],[84.638,23.9898],[84.6335,23.9931],[84.6269,23.9912],[84.6201,23.9872],[84.6167,23.9875],[84.6113,23.9911],[84.6069,23.9901],[84.6,23.9828],[84.5969,23.983],[84.5928,23.9876],[84.5815,23.9861],[84.5861,23.981],[84.5898,23.9803],[84.5907,23.9768],[84.5901,23.9743],[84.5873,23.9697],[84.5835,23.9668],[84.5745,23.9646],[84.5714,23.959],[84.5712,23.9535],[84.5703,23.9518],[84.5693,23.9458],[84.5729,23.9375],[84.573,23.9348],[84.5677,23.9271],[84.5669,23.9275],[84.5596,23.9266],[84.5565,23.9297],[84.5451,23.9291],[84.5382,23.9301],[84.5366,23.9321],[84.5325,23.9331],[84.5315,23.9322],[84.5312,23.9234],[84.5228,23.9213],[84.5188,23.9208],[84.5194,23.9173],[84.5244,23.9128],[84.5262,23.9024],[84.53,23.901],[84.5302,23.8957],[84.5282,23.8915],[84.5278,23.8852],[84.5299,23.8806],[84.5307,23.8725],[84.534,23.8657],[84.5367,23.8632],[84.5416,23.864],[84.5477,23.8659],[84.5524,23.8658],[84.5618,23.8682],[84.5666,23.8661],[84.5696,23.8633],[84.5725,23.8594],[84.5699,23.8547],[84.5681,23.8529],[84.5705,23.8499],[84.5761,23.8485],[84.5807,23.851],[84.5862,23.8501],[84.5882,23.8483],[84.5924,23.8466],[84.5947,23.8475],[84.5973,23.8504],[84.6008,23.8517],[84.6035,23.8475],[84.6032,23.8459],[84.6058,23.8398],[84.6118,23.8379],[84.6125,23.8356],[84.6194,23.8308],[84.6216,23.8282],[84.6267,23.8257],[84.6317,23.8256]]]},"properties":{"id":"in:subdistrict:2642","level":"subdistrict","name":"Herhanj","code":2642,"parent":"in:district:335","state":"in:state:20"}},{"type":"Feature","geometry":{"type":"Polygon","coordinates":[[[84.7411,23.8771],[84.7471,23.8768],[84.7574,23.8736],[84.7638,23.8736],[84.7669,23.8686],[84.7706,23.8668],[84.7735,23.8677],[84.7777,23.8669],[84.7791,23.8679],[84.7829,23.8675],[84.7845,23.8656],[84.7843,23.8618],[84.7864,23.8615],[84.7918,23.8573],[84.7941,23.8571],[84.7924,23.8534],[84.7944,23.8487],[84.7988,23.8457],[84.802,23.8445],[84.799,23.8417],[84.8008,23.8343],[84.8045,23.8335],[84.8135,23.8336],[84.8185,23.8355],[84.8256,23.8351],[84.8308,23.8328],[84.8328,23.8381],[84.832,23.8401],[84.8327,23.8441],[84.8392,23.8457],[84.8394,23.8474],[84.8368,23.8495],[84.8417,23.8509],[84.8436,23.8526],[84.8442,23.8573],[84.848,23.8587],[84.8537,23.8585],[84.8623,23.8622],[84.8655,23.8607],[84.8732,23.8594],[84.8765,23.8603],[84.8792,23.8566],[84.8786,23.8522],[84.8809,23.8503],[84.8849,23.8511],[84.8868,23.8539],[84.8922,23.8493],[84.8944,23.8497],[84.896,23.8456],[84.9007,23.8386],[84.9018,23.8356],[84.8998,23.8296],[84.8962,23.8269],[84.8954,23.8241],[84.8983,23.8218],[84.9065,23.8226],[84.9138,23.8226],[84.9148,23.8257],[84.9181,23.832],[84.916,23.8375],[84.9195,23.8421],[84.9203,23.8447],[84.9201,23.8537],[84.9234,23.861],[84.9312,23.8625],[84.9361,23.868],[84.9373,23.8715],[84.9428,23.8744],[84.9457,23.8726],[84.9487,23.8741],[84.9488,23.8758],[84.9517,23.8778],[84.95,23.8813],[84.9504,23.8844],[84.9478,23.8848],[84.9481,23.8879],[84.9474,23.894],[84.945,23.8961],[84.9452,23.8996],[84.9431,23.9045],[84.9435,23.9065],[84.9398,23.9088],[84.9391,23.9105],[84.9303,23.9115],[84.9275,23.9144],[84.9301,23.9196],[84.9292,23.9266],[84.9319,23.9309],[84.9351,23.9344],[84.9348,23.9411],[84.9309,23.9445],[84.9286,23.9478],[84.9268,23.9482],[84.9239,23.9516],[84.9184,23.9524],[84.9131,23.9508],[84.9038,23.9517],[84.903,23.9504],[84.8987,23.9486],[84.8975,23.9465],[84.8923,23.9434],[84.8894,23.9447],[84.8893,23.949],[84.8851,23.9507],[84.8803,23.9544],[84.871,23.9551],[84.8663,23.9547],[84.8652,23.9569],[84.8625,23.9576],[84.8617,23.9598],[84.8554,23.9617],[84.8552,23.9642],[84.8511,23.9655],[84.8464,23.9657],[84.8446,23.9637],[84.8403,23.9634],[84.8315,23.9574],[84.8318,23.9602],[84.8296,23.9683],[84.827,23.9719],[84.8285,23.9816],[84.8285,23.9867],[84.8241,23.9862],[84.8236,23.9845],[84.8192,23.984],[84.8168,23.9818],[84.8113,23.9788],[84.8107,23.9763],[84.8079,23.9728],[84.8063,23.9727],[84.8007,23.9761],[84.7973,23.9729],[84.7906,23.9743],[84.786,23.9744],[84.7844,23.9764],[84.7786,23.9704],[84.774,23.969],[84.772,23.9708],[84.772,23.9735],[84.7633,23.9736],[84.7629,23.9753],[84.7658,23.9768],[84.7688,23.9798],[84.7685,23.9836],[84.7728,23.9838],[84.7747,23.9858],[84.7744,23.9877],[84.7688,23.9889],[84.7644,23.997],[84.7651,23.9984],[84.7725,24.0048],[84.7717,24.0114],[84.7692,24.012],[84.7655,24.0149],[84.7644,24.0219],[84.7615,24.0269],[84.7565,24.029],[84.7542,24.035],[84.7585,24.0378],[84.759,24.0398],[84.7568,24.0423],[84.755,24.0415],[84.7535,24.0378],[84.752,24.0373],[84.7505,24.0416],[84.7516,24.0454],[84.7456,24.0486],[84.7426,24.0452],[84.7392,24.044],[84.7367,24.0409],[84.7315,24.0408],[84.7271,24.0424],[84.7247,24.0448],[84.7221,24.0425],[84.7153,24.0397],[84.7146,24.0342],[84.7132,24.0313],[84.7137,24.0288],[84.7161,24.0282],[84.7163,24.0255],[84.7111,24.0249],[84.7086,24.0224],[84.7059,24.0221],[84.7006,24.0243],[84.6952,24.025],[84.6912,24.0216],[84.6885,24.0175],[84.6877,24.0137],[84.6833,24.0103],[84.6803,24.0023],[84.6765,24.0012],[84.6711,23.9985],[84.6665,23.9996],[84.6652,24.0036],[84.6596,24.0058],[84.654,24.0053],[84.648,24.0034],[84.6467,23.9983],[84.642,23.9923],[84.6441,23.9877],[84.6485,23.9882],[84.6507,23.9848],[84.654,23.9823],[84.6573,23.982],[84.6585,23.9797],[84.6633,23.9773],[84.6682,23.977],[84.6728,23.9779],[84.6782,23.9778],[84.6791,23.9738],[84.6825,23.9715],[84.6889,23.9703],[84.6889,23.9729],[84.6868,23.9822],[84.6878,23.9846],[84.691,23.9865],[84.6922,23.9892],[84.7003,23.9896],[84.7016,23.988],[84.703,23.9799],[84.7065,23.974],[84.7117,23.9713],[84.7155,23.9716],[84.7203,23.971],[84.7269,23.971],[84.7309,23.966],[84.7341,23.9664],[84.7403,23.9659],[84.7423,23.9693],[84.7486,23.9697],[84.7507,23.9684],[84.7595,23.9668],[84.7542,23.9611],[84.7481,23.9595],[84.7438,23.9556],[84.7385,23.9535],[84.7351,23.9492],[84.7333,23.9453],[84.7242,23.9452],[84.7225,23.9467],[84.7221,23.952],[84.7188,23.9535],[84.7146,23.9534],[84.7116,23.947],[84.7151,23.9393],[84.7146,23.9325],[84.7127,23.9306],[84.7148,23.9284],[84.7108,23.9263],[84.7094,23.9234],[84.7051,23.9226],[84.7038,23.9251],[84.701,23.9223],[84.6948,23.9194],[84.6948,23.9162],[84.6852,23.9183],[84.6821,23.9154],[84.684,23.9098],[84.6798,23.9084],[84.6796,23.9063],[84.6759,23.9066],[84.6745,23.9047],[84.6747,23.9004],[84.677,23.8985],[84.6782,23.8955],[84.6817,23.8921],[84.684,23.892],[84.6902,23.8937],[84.689,23.8962],[84.6894,23.8988],[84.6917,23.899],[84.6934,23.8952],[84.6967,23.8913],[84.7007,23.8927],[84.7052,23.8908],[84.7067,23.8933],[84.7103,23.8945],[84.7152,23.8949],[84.719,23.8929],[84.7209,23.895],[84.7264,23.8937],[84.728,23.8923],[84.7321,23.8911],[84.7343,23.8919],[84.7364,23.8899],[84.737,23.8854],[84.7398,23.8826],[84.7383,23.8776],[84.7411,23.8771]]]},"properties":{"id":"in:subdistrict:2641","level":"subdistrict","name":"Bariyatu","code":2641,"parent":"in:district:335","state":"in:state:20"}},{"type":"Feature","geometry":{"type":"Polygon","coordinates":[[[84.5815,23.9861],[84.5928,23.9876],[84.5969,23.983],[84.6,23.9828],[84.6069,23.9901],[84.6113,23.9911],[84.6167,23.9875],[84.6201,23.9872],[84.6269,23.9912],[84.6335,23.9931],[84.638,23.9898],[84.642,23.9923],[84.6467,23.9983],[84.648,24.0034],[84.654,24.0053],[84.6596,24.0058],[84.6652,24.0036],[84.6665,23.9996],[84.6711,23.9985],[84.6765,24.0012],[84.6803,24.0023],[84.6833,24.0103],[84.6877,24.0137],[84.6885,24.0175],[84.6912,24.0216],[84.6952,24.025],[84.7006,24.0243],[84.7059,24.0221],[84.7086,24.0224],[84.7111,24.0249],[84.7163,24.0255],[84.7161,24.0282],[84.7137,24.0288],[84.7132,24.0313],[84.7146,24.0342],[84.7153,24.0397],[84.7221,24.0425],[84.7247,24.0448],[84.7271,24.0424],[84.7315,24.0408],[84.7367,24.0409],[84.7392,24.044],[84.7426,24.0452],[84.7456,24.0486],[84.7516,24.0454],[84.7505,24.0416],[84.752,24.0373],[84.7535,24.0378],[84.755,24.0415],[84.7568,24.0423],[84.759,24.0398],[84.7585,24.0378],[84.7542,24.035],[84.7565,24.029],[84.7615,24.0269],[84.7644,24.0219],[84.7655,24.0149],[84.7692,24.012],[84.7755,24.0122],[84.7784,24.0138],[84.7803,24.0165],[84.7872,24.016],[84.7912,24.0171],[84.7966,24.0162],[84.8045,24.018],[84.8071,24.0176],[84.8123,24.0201],[84.8129,24.0276],[84.817,24.0292],[84.8199,24.0314],[84.8189,24.0405],[84.816,24.0439],[84.8148,24.0468],[84.8152,24.0501],[84.8272,24.0533],[84.8347,24.0541],[84.8408,24.0535],[84.8408,24.0567],[84.843,24.0615],[84.8465,24.0648],[84.8434,24.068],[84.843,24.0701],[84.8387,24.0736],[84.8396,24.077],[84.8459,24.0791],[84.854,24.0787],[84.8562,24.0705],[84.8605,24.0642],[84.8702,24.0673],[84.8772,24.07],[84.8901,24.0704],[84.8902,24.0739],[84.8928,24.0771],[84.893,24.0819],[84.8916,24.0878],[84.8929,24.0921],[84.8924,24.0947],[84.8896,24.0973],[84.889,24.1014],[84.8892,24.1065],[84.8853,24.1045],[84.8821,24.1043],[84.8796,24.1081],[84.8745,24.1071],[84.8718,24.1111],[84.8751,24.1158],[84.8699,24.1165],[84.8674,24.1212],[84.8655,24.1217],[84.8621,24.1199],[84.8597,24.1197],[84.8564,24.1251],[84.8518,24.1264],[84.8489,24.128],[84.8465,24.131],[84.8436,24.1293],[84.8405,24.1297],[84.8404,24.1322],[84.8356,24.1326],[84.8304,24.127],[84.8282,24.1285],[84.8292,24.1327],[84.8245,24.132],[84.8242,24.1367],[84.819,24.1367],[84.8137,24.138],[84.8095,24.1379],[84.8108,24.1403],[84.8152,24.1411],[84.8153,24.1426],[84.8083,24.146],[84.807,24.1503],[84.8027,24.1457],[84.7965,24.1428],[84.7926,24.1425],[84.7913,24.1452],[84.7883,24.1455],[84.7852,24.1474],[84.7858,24.1503],[84.7805,24.1506],[84.7764,24.1518],[84.7745,24.1532],[84.773,24.1564],[84.7699,24.1579],[84.7662,24.1573],[84.7629,24.1585],[84.7589,24.1641],[84.7543,24.1672],[84.7516,24.1662],[84.7515,24.164],[84.7478,24.1635],[84.7459,24.1656],[84.7461,24.1717],[84.7454,24.1738],[84.7449,24.1751],[84.7388,24.1777],[84.7352,24.1778],[84.7361,24.1749],[84.7311,24.1754],[84.729,24.1769],[84.7249,24.1774],[84.7246,24.1743],[84.7206,24.1694],[84.7169,24.1668],[84.7121,24.1667],[84.7085,24.1654],[84.7087,24.161],[84.7112,24.1582],[84.7113,24.1543],[84.7091,24.1503],[84.7045,24.1516],[84.6917,24.1502],[84.6859,24.1486],[84.6813,24.1441],[84.6756,24.1461],[84.6711,24.1443],[84.669,24.1422],[84.6601,24.1351],[84.658,24.1326],[84.6542,24.1331],[84.6502,24.1269],[84.6469,24.1261],[84.646,24.1214],[84.6436,24.119],[84.6435,24.1168],[84.6456,24.1124],[84.6435,24.1104],[84.6401,24.1094],[84.6362,24.1058],[84.6326,24.1035],[84.6271,24.0974],[84.6244,24.0935],[84.6183,24.0939],[84.6068,24.0832],[84.5978,24.0779],[84.5924,24.0758],[84.5872,24.0723],[84.5805,24.0697],[84.5786,24.0714],[84.5785,24.0696],[84.575,24.0655],[84.5735,24.0598],[84.5704,24.0556],[84.5707,24.0527],[84.568,24.0503],[84.5636,24.0508],[84.5566,24.0484],[84.5559,24.0456],[84.5581,24.0409],[84.5617,24.0375],[84.5663,24.0345],[84.5664,24.0302],[84.5586,24.0252],[84.5585,24.0198],[84.5556,24.0146],[84.5555,24.0083],[84.5567,24.0071],[84.5619,23.9978],[84.5642,23.995],[84.5732,23.9863],[84.5815,23.9861]]]},"properties":{"id":"in:subdistrict:2517","level":"subdistrict","name":"Lawalaung","code":2517,"parent":"in:district:323","state":"in:state:20"}},{"type":"Feature","geometry":{"type":"Polygon","coordinates":[[[84.5393,24.2015],[84.5391,24.1978],[84.5378,24.1945],[84.5363,24.1943],[84.5335,24.1904],[84.5297,24.1866],[84.5323,24.1838],[84.5337,24.1808],[84.5338,24.1773],[84.5362,24.1773],[84.5388,24.1751],[84.5386,24.1707],[84.5437,24.1678],[84.5486,24.1665],[84.5507,24.1645],[84.5509,24.162],[84.5542,24.1583],[84.5546,24.1523],[84.5568,24.1507],[84.5624,24.1487],[84.5712,24.1443],[84.5835,24.141],[84.5832,24.1353],[84.581,24.133],[84.581,24.129],[84.5781,24.1243],[84.578,24.1205],[84.5719,24.1152],[84.5701,24.1157],[84.5679,24.1121],[84.5652,24.1118],[84.5618,24.1066],[84.5589,24.105],[84.5556,24.0986],[84.5591,24.0959],[84.5593,24.0907],[84.5617,24.0843],[84.5644,24.0806],[84.5655,24.0769],[84.5672,24.075],[84.5739,24.0741],[84.5786,24.0714],[84.5805,24.0697],[84.5872,24.0723],[84.5924,24.0758],[84.5978,24.0779],[84.6068,24.0832],[84.6183,24.0939],[84.6244,24.0935],[84.6271,24.0974],[84.6326,24.1035],[84.6362,24.1058],[84.6401,24.1094],[84.6435,24.1104],[84.6456,24.1124],[84.6435,24.1168],[84.6436,24.119],[84.646,24.1214],[84.6469,24.1261],[84.6502,24.1269],[84.6542,24.1331],[84.658,24.1326],[84.6601,24.1351],[84.669,24.1422],[84.6711,24.1443],[84.6756,24.1461],[84.6813,24.1441],[84.6859,24.1486],[84.6917,24.1502],[84.7045,24.1516],[84.7091,24.1503],[84.7113,24.1543],[84.7112,24.1582],[84.7087,24.161],[84.7085,24.1654],[84.7121,24.1667],[84.7169,24.1668],[84.7206,24.1694],[84.7246,24.1743],[84.7249,24.1774],[84.729,24.1769],[84.7311,24.1754],[84.7361,24.1749],[84.7352,24.1778],[84.7388,24.1777],[84.7449,24.1751],[84.7454,24.1738],[84.7453,24.176],[84.7469,24.1788],[84.7498,24.1795],[84.7521,24.1867],[84.7508,24.1909],[84.7509,24.1947],[84.7538,24.1981],[84.756,24.1993],[84.7615,24.2037],[84.7629,24.204],[84.7694,24.2014],[84.7707,24.2018],[84.7711,24.2061],[84.774,24.2033],[84.7764,24.206],[84.7806,24.2082],[84.7833,24.2117],[84.7825,24.2151],[84.7858,24.2202],[84.7888,24.2212],[84.7916,24.2202],[84.7959,24.2236],[84.7921,24.227],[84.7915,24.2304],[84.789,24.2364],[84.7913,24.2391],[84.7894,24.245],[84.7866,24.2478],[84.7863,24.2521],[84.7879,24.2543],[84.7884,24.2601],[84.7834,24.2644],[84.7823,24.2667],[84.7824,24.2699],[84.7787,24.2704],[84.7746,24.2698],[84.7707,24.2685],[84.7672,24.2607],[84.7637,24.2593],[84.7611,24.2565],[84.7601,24.2535],[84.7568,24.252],[84.7526,24.2522],[84.7494,24.2506],[84.749,24.2477],[84.7469,24.2454],[84.7376,24.2465],[84.7341,24.2487],[84.7325,24.252],[84.7333,24.255],[84.7293,24.2586],[84.7241,24.2569],[84.7195,24.2565],[84.7096,24.2517],[84.7088,24.248],[84.7071,24.2459],[84.7038,24.2462],[84.6995,24.2447],[84.6948,24.2467],[84.6863,24.2454],[84.6848,24.2443],[84.6829,24.2404],[84.6755,24.2392],[84.6718,24.2401],[84.6698,24.2463],[84.6625,24.2591],[84.6567,24.2597],[84.6557,24.2607],[84.6525,24.2577],[84.6523,24.2524],[84.6507,24.2489],[84.6471,24.2486],[84.6435,24.2496],[84.6403,24.2517],[84.6359,24.2527],[84.6331,24.2495],[84.6329,24.2457],[84.6303,24.2393],[84.6252,24.242],[84.6219,24.2459],[84.6176,24.2472],[84.615,24.2434],[84.6063,24.2497],[84.6045,24.2519],[84.6016,24.2481],[84.5971,24.2477],[84.5945,24.2505],[84.5886,24.2517],[84.5871,24.2489],[84.5779,24.2434],[84.581,24.2382],[84.5751,24.2356],[84.5747,24.2341],[84.5763,24.2296],[84.5747,24.2252],[84.5774,24.2234],[84.5819,24.2231],[84.5858,24.2217],[84.5839,24.2166],[84.5812,24.2141],[84.5762,24.2114],[84.5742,24.2049],[84.5715,24.2054],[84.5611,24.2104],[84.5526,24.2117],[84.5457,24.2112],[84.5408,24.2043],[84.5393,24.2015]]]},"properties":{"id":"in:subdistrict:2516","level":"subdistrict","name":"Kunda","code":2516,"parent":"in:district:323","state":"in:state:20"}},{"type":"Feature","geometry":{"type":"Polygon","coordinates":[[[84.8892,24.1065],[84.8958,24.1064],[84.8986,24.1095],[84.9037,24.1133],[84.9076,24.1134],[84.9084,24.1148],[84.9134,24.1179],[84.9252,24.1166],[84.9295,24.1176],[84.9318,24.1166],[84.9331,24.1199],[84.9356,24.1231],[84.9402,24.1253],[84.9467,24.1228],[84.9482,24.1204],[84.9522,24.1183],[84.9536,24.1166],[84.9566,24.1156],[84.9608,24.1111],[84.9643,24.1121],[84.9694,24.1114],[84.9766,24.1128],[84.984,24.1153],[84.9853,24.1191],[84.981,24.1201],[84.98,24.126],[84.9931,24.1262],[84.996,24.1286],[84.9957,24.1324],[84.9944,24.1367],[84.9982,24.1358],[85.003,24.1359],[85.0105,24.1321],[85.0132,24.1359],[85.0176,24.137],[85.0167,24.139],[85.012,24.1434],[85.0116,24.1509],[85.0047,24.1542],[84.9976,24.1549],[84.9959,24.1576],[84.9899,24.1598],[84.9847,24.16],[84.9845,24.1616],[84.9814,24.1639],[84.9802,24.1695],[84.9785,24.1726],[84.9837,24.1743],[84.9841,24.1795],[84.9871,24.1814],[84.9918,24.1824],[84.9933,24.1852],[84.997,24.1895],[84.9987,24.194],[85.0033,24.1969],[85.0043,24.2029],[85.0057,24.2053],[85.0059,24.2096],[85.0102,24.2122],[85.01,24.2146],[85.0053,24.2141],[85.0018,24.2174],[84.9983,24.2187],[84.9978,24.2222],[85.0003,24.232],[84.9954,24.2355],[84.9886,24.2339],[84.9866,24.2364],[84.9837,24.2378],[84.9757,24.2366],[84.9721,24.2366],[84.9734,24.2447],[84.9756,24.2484],[84.9859,24.2569],[84.9866,24.2589],[84.9858,24.2654],[84.982,24.2652],[84.9739,24.2664],[84.9671,24.265],[84.9645,24.2663],[84.967,24.2685],[84.9675,24.2708],[84.9661,24.2802],[84.9683,24.2867],[84.9665,24.2946],[84.9619,24.2985],[84.9557,24.3024],[84.9518,24.3038],[84.9481,24.3026],[84.945,24.303],[84.942,24.305],[84.938,24.3052],[84.936,24.3038],[84.9267,24.3054],[84.9147,24.3044],[84.9014,24.3027],[84.8944,24.3002],[84.8819,24.2983],[84.8757,24.2968],[84.8676,24.2942],[84.8617,24.293],[84.8574,24.2913],[84.8529,24.2914],[84.8482,24.2905],[84.8456,24.2871],[84.8389,24.2871],[84.836,24.2846],[84.8363,24.2809],[84.8326,24.2786],[84.8272,24.279],[84.8244,24.2753],[84.8212,24.274],[84.8166,24.2756],[84.8129,24.2752],[84.8085,24.279],[84.8084,24.2809],[84.8109,24.2839],[84.807,24.2895],[84.8034,24.2931],[84.7965,24.2982],[84.7921,24.2921],[84.7883,24.2919],[84.7848,24.2896],[84.7839,24.2878],[84.7845,24.2847],[84.7813,24.283],[84.7772,24.2783],[84.7746,24.2698],[84.7787,24.2704],[84.7824,24.2699],[84.7823,24.2667],[84.7834,24.2644],[84.7884,24.2601],[84.7879,24.2543],[84.7863,24.2521],[84.7866,24.2478],[84.7894,24.245],[84.7913,24.2391],[84.789,24.2364],[84.7915,24.2304],[84.7921,24.227],[84.7959,24.2236],[84.7916,24.2202],[84.7888,24.2212],[84.7858,24.2202],[84.7825,24.2151],[84.7833,24.2117],[84.7806,24.2082],[84.7764,24.206],[84.774,24.2033],[84.7711,24.2061],[84.7707,24.2018],[84.7694,24.2014],[84.7629,24.204],[84.7615,24.2037],[84.756,24.1993],[84.7538,24.1981],[84.7509,24.1947],[84.7508,24.1909],[84.7521,24.1867],[84.7498,24.1795],[84.7469,24.1788],[84.7453,24.176],[84.7454,24.1738],[84.7461,24.1717],[84.7459,24.1656],[84.7478,24.1635],[84.7515,24.164],[84.7516,24.1662],[84.7543,24.1672],[84.7589,24.1641],[84.7629,24.1585],[84.7662,24.1573],[84.7699,24.1579],[84.773,24.1564],[84.7745,24.1532],[84.7764,24.1518],[84.7805,24.1506],[84.7858,24.1503],[84.7852,24.1474],[84.7883,24.1455],[84.7913,24.1452],[84.7926,24.1425],[84.7965,24.1428],[84.8027,24.1457],[84.807,24.1503],[84.8083,24.146],[84.8153,24.1426],[84.8152,24.1411],[84.8108,24.1403],[84.8095,24.1379],[84.8137,24.138],[84.819,24.1367],[84.8242,24.1367],[84.8245,24.132],[84.8292,24.1327],[84.8282,24.1285],[84.8304,24.127],[84.8356,24.1326],[84.8404,24.1322],[84.8405,24.1297],[84.8436,24.1293],[84.8465,24.131],[84.8489,24.128],[84.8518,24.1264],[84.8564,24.1251],[84.8597,24.1197],[84.8621,24.1199],[84.8655,24.1217],[84.8674,24.1212],[84.8699,24.1165],[84.8751,24.1158],[84.8718,24.1111],[84.8745,24.1071],[84.8796,24.1081],[84.8821,24.1043],[84.8853,24.1045],[84.8892,24.1065]]]},"properties":{"id":"in:subdistrict:2518","level":"subdistrict","name":"Chatra","code":2518,"parent":"in:district:323","state":"in:state:20"}},{"type":"Feature","geometry":{"type":"Polygon","coordinates":[[[85.0176,24.137],[85.0217,24.1339],[85.0238,24.1343],[85.0245,24.1377],[85.0343,24.1359],[85.0377,24.1362],[85.0414,24.1406],[85.0493,24.1405],[85.0588,24.1345],[85.0637,24.1342],[85.0675,24.1392],[85.0717,24.1414],[85.0759,24.1422],[85.0813,24.1409],[85.0831,24.139],[85.0838,24.1346],[85.0922,24.1332],[85.1004,24.1372],[85.1062,24.1392],[85.1117,24.1391],[85.1134,24.1379],[85.1157,24.1339],[85.119,24.1343],[85.1252,24.1309],[85.1294,24.1308],[85.1351,24.126],[85.1358,24.124],[85.1338,24.12],[85.1366,24.116],[85.1459,24.114],[85.153,24.1141],[85.1582,24.1121],[85.1614,24.112],[85.1676,24.1133],[85.1682,24.1166],[85.1667,24.1204],[85.1701,24.1204],[85.1745,24.122],[85.1716,24.1277],[85.1695,24.1289],[85.1684,24.1318],[85.1615,24.1373],[85.16,24.1429],[85.1572,24.1457],[85.1536,24.1556],[85.1512,24.1581],[85.1487,24.1582],[85.1471,24.1555],[85.144,24.1558],[85.144,24.1607],[85.1476,24.1667],[85.1467,24.1704],[85.1472,24.1747],[85.1497,24.1795],[85.1495,24.1833],[85.1457,24.187],[85.1411,24.1938],[85.1401,24.2],[85.1349,24.2018],[85.1373,24.2068],[85.1427,24.2095],[85.1428,24.2135],[85.1399,24.2206],[85.136,24.2219],[85.1333,24.2242],[85.132,24.2277],[85.1296,24.2284],[85.1237,24.2263],[85.1196,24.226],[85.1221,24.2212],[85.1228,24.2181],[85.1268,24.214],[85.124,24.2125],[85.1147,24.2142],[85.0967,24.2159],[85.0914,24.2189],[85.0921,24.2258],[85.098,24.2282],[85.1013,24.2321],[85.0994,24.2385],[85.0953,24.2397],[85.0921,24.2416],[85.0871,24.2468],[85.0816,24.2478],[85.0783,24.2458],[85.0708,24.2456],[85.0642,24.2473],[85.0602,24.2473],[85.0565,24.2523],[85.0516,24.2491],[85.047,24.2451],[85.0463,24.2431],[85.0433,24.2401],[85.039,24.2389],[85.0313,24.2427],[85.026,24.2426],[85.0228,24.2388],[85.019,24.2383],[85.0144,24.2355],[85.0107,24.2342],[85.0057,24.2298],[85.0014,24.2327],[85.0003,24.232],[84.9978,24.2222],[84.9983,24.2187],[85.0018,24.2174],[85.0053,24.2141],[85.01,24.2146],[85.0102,24.2122],[85.0059,24.2096],[85.0057,24.2053],[85.0043,24.2029],[85.0033,24.1969],[84.9987,24.194],[84.997,24.1895],[84.9933,24.1852],[84.9918,24.1824],[84.9871,24.1814],[84.9841,24.1795],[84.9837,24.1743],[84.9785,24.1726],[84.9802,24.1695],[84.9814,24.1639],[84.9845,24.1616],[84.9847,24.16],[84.9899,24.1598],[84.9959,24.1576],[84.9976,24.1549],[85.0047,24.1542],[85.0116,24.1509],[85.012,24.1434],[85.0167,24.139],[85.0176,24.137]]]},"properties":{"id":"in:subdistrict:2522","level":"subdistrict","name":"Gidhaur","code":2522,"parent":"in:district:323","state":"in:state:20"}},{"type":"Feature","geometry":{"type":"Polygon","coordinates":[[[84.9239,23.9516],[84.9169,23.959],[84.9133,23.9707],[84.9107,23.9806],[84.9142,23.9791],[84.9199,23.9755],[84.9232,23.978],[84.9255,23.9815],[84.9285,23.9829],[84.9307,23.9859],[84.9309,23.9911],[84.9275,23.9945],[84.9295,23.9995],[84.9322,24.0011],[84.9363,24.0019],[84.9402,24.0008],[84.9432,23.9987],[84.9472,23.9912],[84.9497,23.9911],[84.9503,23.9968],[84.9517,24.0016],[84.9542,24.0076],[84.9604,24.0063],[84.9717,24.0048],[84.9754,24.006],[84.9812,24.0064],[84.9912,24.0109],[84.993,24.011],[84.9964,24.014],[84.9999,24.014],[85.0055,24.0168],[85.0113,24.017],[85.0153,24.018],[85.019,24.0168],[85.0239,24.0133],[85.0293,24.0078],[85.0316,24.0041],[85.0368,24.0006],[85.0404,23.9994],[85.0427,23.9997],[85.05,23.9971],[85.0558,23.9922],[85.054,23.9875],[85.0544,23.9856],[85.0653,23.9853],[85.0697,23.9822],[85.0776,23.983],[85.0824,23.9767],[85.0827,23.9691],[85.0793,23.9682],[85.0764,23.9638],[85.0758,23.9614],[85.0816,23.9604],[85.0857,23.9582],[85.0891,23.9615],[85.0906,23.9647],[85.0968,23.9733],[85.1008,23.9757],[85.113,23.9728],[85.1195,23.9707],[85.1225,23.9751],[85.1251,23.9759],[85.1301,23.9706],[85.1382,23.9673],[85.1377,23.9657],[85.139,23.9599],[85.1424,23.955],[85.1495,23.9501],[85.1533,23.952],[85.176,23.9511],[85.1789,23.9497],[85.1859,23.9477],[85.1867,23.9514],[85.1914,23.9538],[85.1948,23.9534],[85.202,23.956],[85.2027,23.9571],[85.2041,23.9627],[85.2027,23.97],[85.2028,23.9733],[85.2046,23.9758],[85.2068,23.9758],[85.2109,23.9788],[85.2136,23.986],[85.2141,23.9921],[85.2182,23.9933],[85.221,23.992],[85.2228,23.9933],[85.2267,23.994],[85.2297,23.9978],[85.229,23.9995],[85.2318,24.0045],[85.2309,24.0077],[85.2332,24.0116],[85.2443,24.0127],[85.2489,24.012],[85.2503,24.0149],[85.2523,24.0224],[85.2518,24.0229],[85.2507,24.0249],[85.2523,24.0278],[85.2488,24.0305],[85.2473,24.0337],[85.2487,24.039],[85.2465,24.0397],[85.246,24.0429],[85.2484,24.0491],[85.2501,24.0559],[85.2481,24.0566],[85.2491,24.0594],[85.2482,24.0628],[85.2444,24.0656],[85.2425,24.0688],[85.2371,24.0715],[85.2332,24.0753],[85.2288,24.0749],[85.2259,24.0772],[85.2232,24.078],[85.2178,24.0774],[85.2132,24.0787],[85.2098,24.0827],[85.2063,24.0834],[85.2044,24.0849],[85.2029,24.0835],[85.2012,24.0766],[85.199,24.0739],[85.197,24.0735],[85.192,24.0663],[85.1827,24.0638],[85.1779,24.0588],[85.1716,24.0543],[85.1738,24.0505],[85.1713,24.0407],[85.1703,24.0388],[85.167,24.038],[85.1648,24.0387],[85.1578,24.0393],[85.1527,24.041],[85.1477,24.0413],[85.138,24.033],[85.1326,24.0327],[85.1253,24.0364],[85.1212,24.0372],[85.1174,24.0396],[85.1135,24.0464],[85.1049,24.0524],[85.1042,24.0544],[85.1079,24.0552],[85.1089,24.0567],[85.1089,24.0612],[85.1042,24.0665],[85.1007,24.0672],[85.0988,24.0729],[85.0933,24.0767],[85.0897,24.0776],[85.0891,24.0796],[85.0836,24.0803],[85.0818,24.0824],[85.0796,24.0895],[85.0753,24.0956],[85.0701,24.1008],[85.066,24.0973],[85.0656,24.093],[85.0638,24.0918],[85.0573,24.0919],[85.0557,24.0926],[85.0526,24.0885],[85.0475,24.0867],[85.037,24.0885],[85.0333,24.0911],[85.0309,24.0912],[85.0303,24.0886],[85.0242,24.0839],[85.0177,24.082],[85.0143,24.0825],[85.0086,24.0822],[85.0069,24.0836],[85.0058,24.0901],[85.0053,24.0966],[85.0005,24.1014],[84.996,24.1021],[84.9951,24.1048],[84.992,24.1059],[84.9889,24.1085],[84.9842,24.1102],[84.984,24.1153],[84.9766,24.1128],[84.9694,24.1114],[84.9643,24.1121],[84.9608,24.1111],[84.9566,24.1156],[84.9536,24.1166],[84.9522,24.1183],[84.9482,24.1204],[84.9467,24.1228],[84.9402,24.1253],[84.9356,24.1231],[84.9331,24.1199],[84.9318,24.1166],[84.9295,24.1176],[84.9252,24.1166],[84.9134,24.1179],[84.9084,24.1148],[84.9076,24.1134],[84.9037,24.1133],[84.8986,24.1095],[84.8958,24.1064],[84.8892,24.1065],[84.889,24.1014],[84.8896,24.0973],[84.8924,24.0947],[84.8929,24.0921],[84.8916,24.0878],[84.893,24.0819],[84.8928,24.0771],[84.8902,24.0739],[84.8901,24.0704],[84.8772,24.07],[84.8702,24.0673],[84.8605,24.0642],[84.8562,24.0705],[84.854,24.0787],[84.8459,24.0791],[84.8396,24.077],[84.8387,24.0736],[84.843,24.0701],[84.8434,24.068],[84.8465,24.0648],[84.843,24.0615],[84.8408,24.0567],[84.8408,24.0535],[84.8347,24.0541],[84.8272,24.0533],[84.8152,24.0501],[84.8148,24.0468],[84.816,24.0439],[84.8189,24.0405],[84.8199,24.0314],[84.817,24.0292],[84.8129,24.0276],[84.8123,24.0201],[84.8071,24.0176],[84.8045,24.018],[84.7966,24.0162],[84.7912,24.0171],[84.7872,24.016],[84.7803,24.0165],[84.7784,24.0138],[84.7755,24.0122],[84.7692,24.012],[84.7717,24.0114],[84.7725,24.0048],[84.7651,23.9984],[84.7644,23.997],[84.7688,23.9889],[84.7744,23.9877],[84.7747,23.9858],[84.7728,23.9838],[84.7685,23.9836],[84.7688,23.9798],[84.7658,23.9768],[84.7629,23.9753],[84.7633,23.9736],[84.772,23.9735],[84.772,23.9708],[84.774,23.969],[84.7786,23.9704],[84.7844,23.9764],[84.786,23.9744],[84.7906,23.9743],[84.7973,23.9729],[84.8007,23.9761],[84.8063,23.9727],[84.8079,23.9728],[84.8107,23.9763],[84.8113,23.9788],[84.8168,23.9818],[84.8192,23.984],[84.8236,23.9845],[84.8241,23.9862],[84.8285,23.9867],[84.8285,23.9816],[84.827,23.9719],[84.8296,23.9683],[84.8318,23.9602],[84.8315,23.9574],[84.8403,23.9634],[84.8446,23.9637],[84.8464,23.9657],[84.8511,23.9655],[84.8552,23.9642],[84.8554,23.9617],[84.8617,23.9598],[84.8625,23.9576],[84.8652,23.9569],[84.8663,23.9547],[84.871,23.9551],[84.8803,23.9544],[84.8851,23.9507],[84.8893,23.949],[84.8894,23.9447],[84.8923,23.9434],[84.8975,23.9465],[84.8987,23.9486],[84.903,23.9504],[84.9038,23.9517],[84.9131,23.9508],[84.9184,23.9524],[84.9239,23.9516]]]},"properties":{"id":"in:subdistrict:2524","level":"subdistrict","name":"Simaria","code":2524,"parent":"in:district:323","state":"in:state:20"}},{"type":"Feature","geometry":{"type":"Polygon","coordinates":[[[84.9312,23.8625],[84.9316,23.8586],[84.9378,23.8571],[84.9407,23.8576],[84.9448,23.8547],[84.9465,23.8496],[84.9488,23.8461],[84.9496,23.8345],[84.949,23.8308],[84.9456,23.8279],[84.9457,23.825],[84.9483,23.8183],[84.9477,23.8141],[84.9466,23.8133],[84.9481,23.8094],[84.9477,23.8061],[84.9438,23.8052],[84.9415,23.8062],[84.9384,23.8049],[84.9283,23.807],[84.9246,23.8088],[84.9172,23.8081],[84.9134,23.8034],[84.9108,23.8036],[84.9083,23.8015],[84.9091,23.7999],[84.9083,23.7891],[84.907,23.7867],[84.9037,23.7851],[84.9045,23.7766],[84.913,23.7732],[84.9143,23.7738],[84.9265,23.7717],[84.9292,23.7705],[84.9287,23.7678],[84.9297,23.7642],[84.9284,23.7615],[84.931,23.7558],[84.9309,23.7529],[84.9341,23.7457],[84.938,23.7426],[84.9376,23.7359],[84.9395,23.7324],[84.9488,23.7294],[84.9568,23.7277],[84.9603,23.7264],[84.9623,23.7243],[84.961,23.7185],[84.9616,23.7163],[84.9671,23.7152],[84.9685,23.7167],[84.9724,23.7166],[84.9744,23.7152],[84.9779,23.708],[84.9803,23.7061],[84.9883,23.705],[84.9904,23.7041],[84.9931,23.6953],[84.9945,23.6892],[84.9989,23.6829],[85.0045,23.6803],[85.0074,23.6817],[85.0116,23.6898],[85.0113,23.694],[85.0121,23.6956],[85.0164,23.693],[85.0178,23.6903],[85.0202,23.6887],[85.0231,23.6903],[85.0315,23.6891],[85.0373,23.6899],[85.0382,23.6944],[85.0404,23.698],[85.0408,23.7026],[85.0455,23.7042],[85.0494,23.7105],[85.0539,23.7131],[85.0549,23.712],[85.0547,23.7083],[85.0577,23.7068],[85.0666,23.7099],[85.0688,23.7092],[85.0707,23.7064],[85.0698,23.7003],[85.0718,23.6978],[85.0711,23.6957],[85.0677,23.694],[85.062,23.6956],[85.0603,23.6944],[85.0587,23.6889],[85.0631,23.681],[85.0685,23.681],[85.071,23.6784],[85.0749,23.6759],[85.0791,23.6721],[85.0778,23.6677],[85.0838,23.6673],[85.087,23.6691],[85.0943,23.6657],[85.0973,23.6663],[85.1022,23.6643],[85.105,23.663],[85.1067,23.664],[85.1069,23.6705],[85.1091,23.6738],[85.1095,23.6786],[85.1069,23.6821],[85.1079,23.688],[85.1117,23.6928],[85.1168,23.7057],[85.1082,23.705],[85.1044,23.7059],[85.1057,23.7091],[85.0964,23.7151],[85.0957,23.7168],[85.0973,23.7192],[85.0941,23.7225],[85.0867,23.7239],[85.0832,23.726],[85.0831,23.7319],[85.086,23.7336],[85.0893,23.7339],[85.095,23.7305],[85.0991,23.7306],[85.1039,23.7291],[85.1042,23.7325],[85.1003,23.7406],[85.1034,23.744],[85.1048,23.7474],[85.1175,23.7503],[85.1284,23.7522],[85.1253,23.7584],[85.1255,23.7594],[85.1313,23.7603],[85.1375,23.7714],[85.1357,23.7765],[85.1298,23.7795],[85.1214,23.7803],[85.1095,23.784],[85.1045,23.7852],[85.0932,23.7869],[85.0892,23.7882],[85.085,23.7885],[85.0802,23.7909],[85.0751,23.7926],[85.0725,23.7964],[85.066,23.7975],[85.0619,23.7962],[85.058,23.7972],[85.053,23.8025],[85.0488,23.8049],[85.0451,23.8085],[85.0454,23.8114],[85.0488,23.8147],[85.0475,23.8184],[85.0483,23.8275],[85.0571,23.8263],[85.0607,23.8279],[85.0608,23.8326],[85.0546,23.8425],[85.0516,23.8434],[85.0441,23.8499],[85.0375,23.854],[85.0332,23.8574],[85.0309,23.8611],[85.0311,23.8634],[85.0353,23.8673],[85.0329,23.8682],[85.0298,23.8677],[85.0297,23.8709],[85.0333,23.8769],[85.0311,23.8799],[85.0242,23.8784],[85.0227,23.8793],[85.023,23.8841],[85.0267,23.8886],[85.0257,23.8926],[85.0217,23.8967],[85.023,23.9037],[85.0265,23.9068],[85.0292,23.9151],[85.0474,23.9133],[85.0491,23.9193],[85.04,23.9227],[85.0412,23.9281],[85.046,23.9308],[85.0396,23.938],[85.0427,23.9436],[85.0531,23.9514],[85.0557,23.9545],[85.0568,23.958],[85.0536,23.9608],[85.0495,23.9606],[85.039,23.9662],[85.0359,23.9666],[85.0298,23.9632],[85.0279,23.9662],[85.0278,23.9722],[85.0262,23.9774],[85.0235,23.9805],[85.0233,23.9836],[85.0263,23.9916],[85.0358,23.9933],[85.0395,23.9959],[85.0427,23.9997],[85.0404,23.9994],[85.0368,24.0006],[85.0316,24.0041],[85.0293,24.0078],[85.0239,24.0133],[85.019,24.0168],[85.0153,24.018],[85.0113,24.017],[85.0055,24.0168],[84.9999,24.014],[84.9964,24.014],[84.993,24.011],[84.9912,24.0109],[84.9812,24.0064],[84.9754,24.006],[84.9717,24.0048],[84.9604,24.0063],[84.9542,24.0076],[84.9517,24.0016],[84.9503,23.9968],[84.9497,23.9911],[84.9472,23.9912],[84.9432,23.9987],[84.9402,24.0008],[84.9363,24.0019],[84.9322,24.0011],[84.9295,23.9995],[84.9275,23.9945],[84.9309,23.9911],[84.9307,23.9859],[84.9285,23.9829],[84.9255,23.9815],[84.9232,23.978],[84.9199,23.9755],[84.9142,23.9791],[84.9107,23.9806],[84.9133,23.9707],[84.9169,23.959],[84.9239,23.9516],[84.9268,23.9482],[84.9286,23.9478],[84.9309,23.9445],[84.9348,23.9411],[84.9351,23.9344],[84.9319,23.9309],[84.9292,23.9266],[84.9301,23.9196],[84.9275,23.9144],[84.9303,23.9115],[84.9391,23.9105],[84.9398,23.9088],[84.9435,23.9065],[84.9431,23.9045],[84.9452,23.8996],[84.945,23.8961],[84.9474,23.894],[84.9481,23.8879],[84.9478,23.8848],[84.9504,23.8844],[84.95,23.8813],[84.9517,23.8778],[84.9488,23.8758],[84.9487,23.8741],[84.9457,23.8726],[84.9428,23.8744],[84.9373,23.8715],[84.9361,23.868],[84.9312,23.8625]]]},"properties":{"id":"in:subdistrict:2525","level":"subdistrict","name":"Tandwa","code":2525,"parent":"in:district:323","state":"in:state:20"}},{"type":"Feature","geometry":{"type":"MultiPolygon","coordinates":[[[[85.2757,23.9707],[85.2774,23.9722],[85.2751,23.9754],[85.2682,23.9794],[85.2643,23.9762],[85.2592,23.9662],[85.2617,23.965],[85.2659,23.967],[85.2718,23.967],[85.2757,23.9707]]],[[[85.3493,23.9801],[85.3516,23.9809],[85.3513,23.9843],[85.3477,23.9863],[85.3456,23.9893],[85.3453,23.9941],[85.3441,23.9944],[85.3413,23.9858],[85.3441,23.9847],[85.3493,23.9801]]]]},"properties":{"id":"in:subdistrict:x332-level-3","level":"subdistrict","name":"Level 3","code":0,"parent":"in:district:332","state":"in:state:20"}},{"type":"Feature","geometry":{"type":"Polygon","coordinates":[[[85.2027,23.9571],[85.2089,23.9566],[85.2112,23.9552],[85.2184,23.9528],[85.221,23.9588],[85.2249,23.9647],[85.2267,23.9688],[85.2372,23.9669],[85.2378,23.966],[85.2349,23.9622],[85.2352,23.9601],[85.2392,23.9555],[85.24,23.9498],[85.2384,23.9472],[85.2336,23.9438],[85.2384,23.9379],[85.2422,23.9341],[85.2453,23.9342],[85.2492,23.9325],[85.2579,23.9322],[85.2712,23.9351],[85.2722,23.9346],[85.2678,23.9243],[85.2657,23.9213],[85.2689,23.9185],[85.2732,23.9158],[85.2707,23.9131],[85.2692,23.909],[85.2659,23.9081],[85.2651,23.9033],[85.266,23.8988],[85.2718,23.8938],[85.2784,23.8897],[85.2821,23.8885],[85.2847,23.886],[85.2858,23.8829],[85.2885,23.8812],[85.2973,23.8802],[85.3009,23.8802],[85.3036,23.8782],[85.3047,23.8753],[85.3116,23.8719],[85.3169,23.8747],[85.3261,23.8724],[85.3292,23.8725],[85.3357,23.8753],[85.339,23.8753],[85.3408,23.8741],[85.3416,23.8814],[85.3411,23.8832],[85.3434,23.8886],[85.3424,23.8904],[85.3451,23.8977],[85.3435,23.9003],[85.3444,23.9034],[85.3442,23.9096],[85.3451,23.9186],[85.3527,23.9247],[85.3558,23.93],[85.3576,23.9312],[85.3657,23.9331],[85.3718,23.9423],[85.3725,23.9504],[85.3695,23.9515],[85.3697,23.9534],[85.3688,23.9597],[85.3727,23.9634],[85.3686,23.9647],[85.3651,23.9639],[85.3631,23.9662],[85.3531,23.9754],[85.3539,23.9765],[85.3493,23.9801],[85.3441,23.9847],[85.3413,23.9858],[85.3441,23.9944],[85.3445,23.9956],[85.3422,24.002],[85.3385,24.0037],[85.338,24.0086],[85.3345,24.0132],[85.3306,24.0051],[85.3215,24.0055],[85.3196,24.0064],[85.3093,24.0131],[85.2997,24.0168],[85.2991,24.0118],[85.297,24.0086],[85.2964,24.0046],[85.2936,24.0027],[85.2856,24.0007],[85.2878,24.0044],[85.2901,24.0105],[85.2911,24.0157],[85.2887,24.0197],[85.2844,24.0219],[85.2801,24.0207],[85.2731,24.0196],[85.2679,24.0162],[85.2639,24.0169],[85.2594,24.0229],[85.2573,24.0237],[85.2518,24.0229],[85.2523,24.0224],[85.2503,24.0149],[85.2489,24.012],[85.2443,24.0127],[85.2332,24.0116],[85.2309,24.0077],[85.2318,24.0045],[85.229,23.9995],[85.2297,23.9978],[85.2267,23.994],[85.2228,23.9933],[85.221,23.992],[85.2182,23.9933],[85.2141,23.9921],[85.2136,23.986],[85.2109,23.9788],[85.2068,23.9758],[85.2046,23.9758],[85.2028,23.9733],[85.2027,23.97],[85.2041,23.9627],[85.2027,23.9571]],[[85.2757,23.9707],[85.2718,23.967],[85.2659,23.967],[85.2617,23.965],[85.2592,23.9662],[85.2643,23.9762],[85.2682,23.9794],[85.2751,23.9754],[85.2774,23.9722],[85.2757,23.9707]]]},"properties":{"id":"in:subdistrict:2655","level":"subdistrict","name":"Katamdag","code":2655,"parent":"in:district:332","state":"in:state:20"}},{"type":"Feature","geometry":{"type":"MultiPolygon","coordinates":[[[[85.1789,23.9497],[85.187,23.9401],[85.1872,23.9362],[85.1836,23.9351],[85.1832,23.9298],[85.1854,23.9295],[85.1835,23.9239],[85.1903,23.92],[85.1917,23.9243],[85.1917,23.9282],[85.1928,23.9346],[85.1926,23.939],[85.1904,23.94],[85.1877,23.9454],[85.1867,23.9514],[85.1859,23.9477],[85.1789,23.9497]]],[[[85.3674,23.9872],[85.3616,23.9872],[85.3609,23.9811],[85.3652,23.9795],[85.3674,23.9872]]],[[[85.0427,23.9997],[85.0395,23.9959],[85.0358,23.9933],[85.0263,23.9916],[85.0233,23.9836],[85.0235,23.9805],[85.0262,23.9774],[85.0278,23.9722],[85.0279,23.9662],[85.0298,23.9632],[85.0359,23.9666],[85.039,23.9662],[85.0495,23.9606],[85.0536,23.9608],[85.0568,23.958],[85.0557,23.9545],[85.0531,23.9514],[85.0427,23.9436],[85.0396,23.938],[85.046,23.9308],[85.0412,23.9281],[85.04,23.9227],[85.0491,23.9193],[85.0474,23.9133],[85.0292,23.9151],[85.0265,23.9068],[85.023,23.9037],[85.0217,23.8967],[85.0257,23.8926],[85.0267,23.8886],[85.023,23.8841],[85.0227,23.8793],[85.0242,23.8784],[85.0311,23.8799],[85.0333,23.8769],[85.0297,23.8709],[85.0298,23.8677],[85.0329,23.8682],[85.0353,23.8673],[85.0311,23.8634],[85.0309,23.8611],[85.0332,23.8574],[85.0375,23.854],[85.0441,23.8499],[85.0516,23.8434],[85.0546,23.8425],[85.0608,23.8326],[85.0607,23.8279],[85.0571,23.8263],[85.0483,23.8275],[85.0475,23.8184],[85.0488,23.8147],[85.0454,23.8114],[85.0451,23.8085],[85.0488,23.8049],[85.053,23.8025],[85.058,23.7972],[85.0619,23.7962],[85.066,23.7975],[85.0725,23.7964],[85.0751,23.7926],[85.0802,23.7909],[85.085,23.7885],[85.0892,23.7882],[85.0932,23.7869],[85.1045,23.7852],[85.1095,23.784],[85.1214,23.7803],[85.1298,23.7795],[85.1357,23.7765],[85.1375,23.7714],[85.1313,23.7603],[85.1255,23.7594],[85.1253,23.7584],[85.1284,23.7522],[85.1175,23.7503],[85.1048,23.7474],[85.1034,23.744],[85.1003,23.7406],[85.1042,23.7325],[85.1039,23.7291],[85.0991,23.7306],[85.095,23.7305],[85.0893,23.7339],[85.086,23.7336],[85.0831,23.7319],[85.0832,23.726],[85.0867,23.7239],[85.0941,23.7225],[85.0973,23.7192],[85.0957,23.7168],[85.0964,23.7151],[85.1057,23.7091],[85.1044,23.7059],[85.1082,23.705],[85.1168,23.7057],[85.1117,23.6928],[85.1079,23.688],[85.1069,23.6821],[85.1095,23.6786],[85.1091,23.6738],[85.1069,23.6705],[85.1067,23.664],[85.1076,23.6644],[85.1146,23.6619],[85.12,23.6622],[85.123,23.6634],[85.126,23.6664],[85.131,23.6669],[85.1347,23.6685],[85.1464,23.6694],[85.1514,23.6712],[85.1557,23.6715],[85.1583,23.673],[85.1595,23.6703],[85.1626,23.6693],[85.1628,23.6671],[85.1668,23.6656],[85.17,23.6715],[85.1708,23.6752],[85.1734,23.6781],[85.1737,23.6818],[85.1751,23.685],[85.1808,23.6896],[85.1839,23.7001],[85.1874,23.7061],[85.1878,23.7092],[85.1841,23.7113],[85.1836,23.7188],[85.1849,23.7271],[85.1773,23.7273],[85.1712,23.7323],[85.1675,23.7507],[85.1701,23.7535],[85.1697,23.7569],[85.1677,23.7632],[85.1714,23.7734],[85.1781,23.7713],[85.1846,23.7683],[85.1918,23.7737],[85.1957,23.7779],[85.1965,23.7812],[85.1869,23.7881],[85.1853,23.7881],[85.1806,23.7909],[85.177,23.7973],[85.175,23.7996],[85.1698,23.8025],[85.1601,23.8092],[85.155,23.8114],[85.1527,23.8164],[85.1506,23.8185],[85.1432,23.8195],[85.1401,23.8229],[85.1372,23.8288],[85.1405,23.8331],[85.142,23.8433],[85.1442,23.8484],[85.1434,23.8513],[85.1455,23.8565],[85.1462,23.8612],[85.1482,23.8645],[85.1538,23.8618],[85.1554,23.8599],[85.1602,23.8577],[85.1657,23.8602],[85.1727,23.8602],[85.1745,23.8646],[85.172,23.8669],[85.1754,23.8683],[85.178,23.8677],[85.1802,23.8688],[85.1819,23.8746],[85.1865,23.8718],[85.1888,23.8726],[85.1892,23.8817],[85.1888,23.8888],[85.1839,23.89],[85.1834,23.8932],[85.1845,23.8957],[85.1845,23.8991],[85.1817,23.9017],[85.1812,23.9042],[85.1837,23.9082],[85.1831,23.9156],[85.1821,23.9197],[85.1828,23.9238],[85.1809,23.9266],[85.1792,23.9385],[85.177,23.946],[85.1789,23.9497],[85.176,23.9511],[85.1533,23.952],[85.1495,23.9501],[85.1424,23.955],[85.139,23.9599],[85.1377,23.9657],[85.1382,23.9673],[85.1301,23.9706],[85.1251,23.9759],[85.1225,23.9751],[85.1195,23.9707],[85.113,23.9728],[85.1008,23.9757],[85.0968,23.9733],[85.0906,23.9647],[85.0891,23.9615],[85.0857,23.9582],[85.0816,23.9604],[85.0758,23.9614],[85.0764,23.9638],[85.0793,23.9682],[85.0827,23.9691],[85.0824,23.9767],[85.0776,23.983],[85.0697,23.9822],[85.0653,23.9853],[85.0544,23.9856],[85.054,23.9875],[85.0558,23.9922],[85.05,23.9971],[85.0427,23.9997]]]]},"properties":{"id":"in:subdistrict:2656","level":"subdistrict","name":"Keredari","code":2656,"parent":"in:district:332","state":"in:state:20"}},{"type":"Feature","geometry":{"type":"MultiPolygon","coordinates":[[[[85.5513,23.9644],[85.549,23.9661],[85.5466,23.9656],[85.546,23.9624],[85.5467,23.9598],[85.5513,23.9546],[85.5522,23.9511],[85.5545,23.9495],[85.5577,23.9493],[85.5588,23.9557],[85.5576,23.9577],[85.5602,23.9618],[85.553,23.9644],[85.5513,23.9644]]],[[[85.1867,23.9514],[85.1877,23.9454],[85.1904,23.94],[85.1926,23.939],[85.1928,23.9346],[85.1917,23.9282],[85.1917,23.9243],[85.1903,23.92],[85.1835,23.9239],[85.1854,23.9295],[85.1832,23.9298],[85.1836,23.9351],[85.1872,23.9362],[85.187,23.9401],[85.1789,23.9497],[85.177,23.946],[85.1792,23.9385],[85.1809,23.9266],[85.1828,23.9238],[85.1821,23.9197],[85.1831,23.9156],[85.1837,23.9082],[85.1812,23.9042],[85.1817,23.9017],[85.1845,23.8991],[85.1845,23.8957],[85.1834,23.8932],[85.1839,23.89],[85.1888,23.8888],[85.1892,23.8817],[85.1888,23.8726],[85.1865,23.8718],[85.1819,23.8746],[85.1802,23.8688],[85.178,23.8677],[85.1754,23.8683],[85.172,23.8669],[85.1745,23.8646],[85.1727,23.8602],[85.1657,23.8602],[85.1602,23.8577],[85.1554,23.8599],[85.1538,23.8618],[85.1482,23.8645],[85.1462,23.8612],[85.1455,23.8565],[85.1434,23.8513],[85.1442,23.8484],[85.142,23.8433],[85.1405,23.8331],[85.1372,23.8288],[85.1401,23.8229],[85.1432,23.8195],[85.1506,23.8185],[85.1527,23.8164],[85.155,23.8114],[85.1601,23.8092],[85.1698,23.8025],[85.175,23.7996],[85.177,23.7973],[85.1806,23.7909],[85.1853,23.7881],[85.1869,23.7881],[85.1965,23.7812],[85.1957,23.7779],[85.1918,23.7737],[85.1846,23.7683],[85.1781,23.7713],[85.1714,23.7734],[85.1677,23.7632],[85.1697,23.7569],[85.1701,23.7535],[85.1675,23.7507],[85.1712,23.7323],[85.1773,23.7273],[85.1849,23.7271],[85.1836,23.7188],[85.1841,23.7113],[85.1878,23.7092],[85.1984,23.708],[85.2029,23.7059],[85.2184,23.7011],[85.2248,23.7007],[85.2267,23.6977],[85.2238,23.6916],[85.2238,23.6896],[85.226,23.6849],[85.2295,23.684],[85.2363,23.6863],[85.2359,23.698],[85.2394,23.701],[85.2407,23.7033],[85.2404,23.709],[85.2432,23.7119],[85.2468,23.7117],[85.2501,23.7097],[85.2623,23.6966],[85.2711,23.6933],[85.2762,23.6927],[85.2852,23.6866],[85.2925,23.69],[85.2983,23.6903],[85.3018,23.6892],[85.3057,23.6841],[85.3083,23.6841],[85.3099,23.6859],[85.3196,23.6913],[85.3256,23.6953],[85.3349,23.7038],[85.3395,23.7023],[85.3417,23.7056],[85.3441,23.7074],[85.3463,23.7197],[85.3486,23.7258],[85.349,23.73],[85.3469,23.7337],[85.3467,23.7389],[85.3472,23.7447],[85.3466,23.7479],[85.3491,23.7531],[85.3482,23.7553],[85.3419,23.7609],[85.3409,23.7643],[85.3438,23.7774],[85.3444,23.7854],[85.3434,23.7906],[85.3397,23.796],[85.3436,23.7982],[85.3548,23.7956],[85.361,23.789],[85.3715,23.7866],[85.3744,23.7854],[85.3767,23.7864],[85.3796,23.7919],[85.3813,23.7972],[85.3806,23.7987],[85.3729,23.7998],[85.3714,23.8007],[85.3727,23.8041],[85.372,23.807],[85.3691,23.8118],[85.3682,23.8182],[85.3673,23.82],[85.3683,23.8261],[85.3774,23.8347],[85.3803,23.8357],[85.3813,23.8387],[85.3853,23.8451],[85.3864,23.8488],[85.387,23.8558],[85.3889,23.8577],[85.3985,23.8647],[85.3991,23.8688],[85.4013,23.8762],[85.3991,23.8773],[85.3928,23.8772],[85.3851,23.8721],[85.3803,23.8734],[85.3753,23.8719],[85.3712,23.8659],[85.3603,23.8672],[85.3551,23.8669],[85.3485,23.8676],[85.3453,23.8693],[85.3408,23.8741],[85.339,23.8753],[85.3357,23.8753],[85.3292,23.8725],[85.3261,23.8724],[85.3169,23.8747],[85.3116,23.8719],[85.3047,23.8753],[85.3036,23.8782],[85.3009,23.8802],[85.2973,23.8802],[85.2885,23.8812],[85.2858,23.8829],[85.2847,23.886],[85.2821,23.8885],[85.2784,23.8897],[85.2718,23.8938],[85.266,23.8988],[85.2651,23.9033],[85.2659,23.9081],[85.2692,23.909],[85.2707,23.9131],[85.2732,23.9158],[85.2689,23.9185],[85.2657,23.9213],[85.2678,23.9243],[85.2722,23.9346],[85.2712,23.9351],[85.2579,23.9322],[85.2492,23.9325],[85.2453,23.9342],[85.2422,23.9341],[85.2384,23.9379],[85.2336,23.9438],[85.2384,23.9472],[85.24,23.9498],[85.2392,23.9555],[85.2352,23.9601],[85.2349,23.9622],[85.2378,23.966],[85.2372,23.9669],[85.2267,23.9688],[85.2249,23.9647],[85.221,23.9588],[85.2184,23.9528],[85.2112,23.9552],[85.2089,23.9566],[85.2027,23.9571],[85.202,23.956],[85.1948,23.9534],[85.1914,23.9538],[85.1867,23.9514]]]]},"properties":{"id":"in:subdistrict:2657","level":"subdistrict","name":"Barkagaon","code":2657,"parent":"in:district:332","state":"in:state:20"}},{"type":"Feature","geometry":{"type":"MultiPolygon","coordinates":[[[[85.3813,23.7972],[85.3867,23.7978],[85.3909,23.8008],[85.4003,23.7987],[85.4055,23.7972],[85.4079,23.7976],[85.4114,23.7962],[85.4179,23.7962],[85.4239,23.7941],[85.4269,23.7938],[85.4338,23.7946],[85.4372,23.796],[85.4439,23.8014],[85.4473,23.8016],[85.4502,23.8047],[85.4526,23.8106],[85.4568,23.811],[85.4595,23.8145],[85.4626,23.815],[85.4649,23.8172],[85.4674,23.8217],[85.4709,23.8209],[85.4733,23.8251],[85.478,23.8267],[85.4803,23.8297],[85.4832,23.8286],[85.4859,23.8261],[85.488,23.8323],[85.4872,23.8343],[85.4892,23.8385],[85.4942,23.8387],[85.5013,23.8406],[85.5075,23.8382],[85.5092,23.8398],[85.5152,23.8416],[85.5173,23.8454],[85.5167,23.8503],[85.5177,23.8519],[85.5239,23.8522],[85.5301,23.8494],[85.5337,23.8517],[85.5365,23.8519],[85.5394,23.8538],[85.5467,23.8515],[85.5554,23.8453],[85.5572,23.848],[85.5618,23.8471],[85.5639,23.8525],[85.5631,23.858],[85.5665,23.8632],[85.5706,23.8681],[85.5692,23.8722],[85.5735,23.8772],[85.5738,23.88],[85.5672,23.8845],[85.5698,23.8899],[85.5729,23.8915],[85.5725,23.894],[85.5677,23.8949],[85.5651,23.8963],[85.5711,23.9013],[85.5747,23.9086],[85.5789,23.91],[85.576,23.9127],[85.5771,23.9146],[85.5765,23.9182],[85.5819,23.9186],[85.5845,23.9177],[85.5874,23.9206],[85.5913,23.9271],[85.5938,23.9302],[85.5949,23.9337],[85.5937,23.9338],[85.5881,23.9395],[85.5886,23.9413],[85.58,23.9417],[85.5764,23.9423],[85.5715,23.9374],[85.5688,23.9381],[85.5654,23.9373],[85.5606,23.9379],[85.5595,23.9348],[85.5574,23.9335],[85.5506,23.9365],[85.5504,23.9328],[85.5469,23.9281],[85.5457,23.9243],[85.5428,23.921],[85.5382,23.9193],[85.535,23.9198],[85.5298,23.922],[85.5308,23.9261],[85.5286,23.9288],[85.5285,23.9316],[85.5259,23.9364],[85.52,23.9366],[85.5208,23.9419],[85.5235,23.9453],[85.5237,23.9502],[85.5172,23.9518],[85.514,23.9519],[85.5104,23.9558],[85.5044,23.9555],[85.5018,23.9512],[85.499,23.9509],[85.4965,23.9452],[85.4973,23.9376],[85.4961,23.9329],[85.4934,23.933],[85.4895,23.9312],[85.4876,23.9327],[85.483,23.9298],[85.479,23.9258],[85.4742,23.9198],[85.465,23.9189],[85.4638,23.9165],[85.4599,23.9167],[85.4569,23.9201],[85.4531,23.9163],[85.4436,23.9145],[85.4424,23.9113],[85.439,23.9116],[85.4367,23.9099],[85.4369,23.9074],[85.444,23.9012],[85.4458,23.8967],[85.4444,23.8933],[85.4227,23.8877],[85.4206,23.8853],[85.4156,23.8844],[85.4078,23.8783],[85.4013,23.8762],[85.3991,23.8688],[85.3985,23.8647],[85.3889,23.8577],[85.387,23.8558],[85.3864,23.8488],[85.3853,23.8451],[85.3813,23.8387],[85.3803,23.8357],[85.3774,23.8347],[85.3683,23.8261],[85.3673,23.82],[85.3682,23.8182],[85.3691,23.8118],[85.372,23.807],[85.3727,23.8041],[85.3714,23.8007],[85.3729,23.7998],[85.3806,23.7987],[85.3813,23.7972]]],[[[85.6675,23.9751],[85.6633,23.9766],[85.6597,23.976],[85.655,23.9805],[85.652,23.98],[85.6447,23.9799],[85.6398,23.9748],[85.6401,23.9682],[85.641,23.9639],[85.6399,23.9618],[85.6401,23.9601],[85.6458,23.9552],[85.6476,23.9565],[85.6524,23.9561],[85.6588,23.954],[85.6638,23.9567],[85.6667,23.9569],[85.6696,23.9602],[85.6692,23.9626],[85.6717,23.9648],[85.6721,23.9684],[85.6679,23.9732],[85.6675,23.9751]]]]},"properties":{"id":"in:subdistrict:2658","level":"subdistrict","name":"Churchu","code":2658,"parent":"in:district:332","state":"in:state:20"}},{"type":"Feature","geometry":{"type":"Polygon","coordinates":[[[85.3493,23.9801],[85.3539,23.9765],[85.3531,23.9754],[85.3631,23.9662],[85.3651,23.9639],[85.3686,23.9647],[85.3727,23.9634],[85.3688,23.9597],[85.3697,23.9534],[85.3695,23.9515],[85.3725,23.9504],[85.3718,23.9423],[85.3657,23.9331],[85.3576,23.9312],[85.3558,23.93],[85.3527,23.9247],[85.3451,23.9186],[85.3442,23.9096],[85.3444,23.9034],[85.3435,23.9003],[85.3451,23.8977],[85.3424,23.8904],[85.3434,23.8886],[85.3411,23.8832],[85.3416,23.8814],[85.3408,23.8741],[85.3453,23.8693],[85.3485,23.8676],[85.3551,23.8669],[85.3603,23.8672],[85.3712,23.8659],[85.3753,23.8719],[85.3803,23.8734],[85.3851,23.8721],[85.3928,23.8772],[85.3991,23.8773],[85.4013,23.8762],[85.4078,23.8783],[85.4156,23.8844],[85.4206,23.8853],[85.4227,23.8877],[85.4444,23.8933],[85.4458,23.8967],[85.444,23.9012],[85.4369,23.9074],[85.4367,23.9099],[85.439,23.9116],[85.4424,23.9113],[85.4436,23.9145],[85.4531,23.9163],[85.4569,23.9201],[85.4599,23.9167],[85.4638,23.9165],[85.465,23.9189],[85.4742,23.9198],[85.479,23.9258],[85.483,23.9298],[85.4876,23.9327],[85.4895,23.9312],[85.4934,23.933],[85.4961,23.9329],[85.4973,23.9376],[85.4965,23.9452],[85.499,23.9509],[85.5018,23.9512],[85.5044,23.9555],[85.5094,23.9578],[85.5106,23.9615],[85.5092,23.963],[85.5123,23.9693],[85.5065,23.9762],[85.5098,23.9775],[85.5125,23.9772],[85.5101,23.9838],[85.5074,23.9894],[85.5019,23.9935],[85.5008,23.9987],[85.5021,24.0073],[85.4984,24.0086],[85.4957,24.0113],[85.4862,24.0147],[85.4896,24.0166],[85.4951,24.0213],[85.4996,24.0239],[85.5027,24.0284],[85.5058,24.0315],[85.5094,24.0328],[85.5124,24.0363],[85.5075,24.0387],[85.5064,24.0405],[85.4907,24.0427],[85.4891,24.04],[85.4873,24.041],[85.4853,24.0392],[85.4828,24.0411],[85.4766,24.04],[85.4646,24.0347],[85.4611,24.0349],[85.4596,24.0378],[85.4563,24.0355],[85.452,24.0348],[85.4502,24.0365],[85.4477,24.0341],[85.4431,24.0329],[85.4403,24.0335],[85.4336,24.0389],[85.4312,24.0394],[85.426,24.0441],[85.4206,24.0437],[85.4155,24.0459],[85.414,24.0488],[85.4105,24.0485],[85.4085,24.0519],[85.4058,24.0534],[85.4041,24.0562],[85.3937,24.0567],[85.3888,24.0553],[85.3857,24.0571],[85.3818,24.0552],[85.3793,24.0563],[85.3725,24.0617],[85.3704,24.0618],[85.3663,24.0592],[85.3652,24.0551],[85.3632,24.051],[85.3588,24.0461],[85.3594,24.0427],[85.354,24.0386],[85.3537,24.036],[85.3515,24.0351],[85.3514,24.0329],[85.3473,24.0296],[85.3443,24.0207],[85.3469,24.013],[85.3475,24.0083],[85.3451,24.0039],[85.3422,24.002],[85.3445,23.9956],[85.3441,23.9944],[85.3453,23.9941],[85.3456,23.9893],[85.3477,23.9863],[85.3513,23.9843],[85.3516,23.9809],[85.3493,23.9801]],[[85.3674,23.9872],[85.3652,23.9795],[85.3609,23.9811],[85.3616,23.9872],[85.3674,23.9872]]]},"properties":{"id":"in:subdistrict:2653","level":"subdistrict","name":"Hazaribag","code":2653,"parent":"in:district:332","state":"in:state:20"}},{"type":"Feature","geometry":{"type":"Polygon","coordinates":[[[85.4873,24.041],[85.4875,24.0457],[85.4843,24.0504],[85.4851,24.0554],[85.4888,24.0611],[85.4903,24.0677],[85.4948,24.0701],[85.5013,24.0702],[85.5079,24.0636],[85.5122,24.0694],[85.5132,24.0738],[85.5182,24.078],[85.5243,24.0766],[85.5259,24.0771],[85.5274,24.0805],[85.5294,24.0811],[85.5313,24.0864],[85.5348,24.0853],[85.5358,24.0894],[85.5395,24.0929],[85.5418,24.0921],[85.544,24.0934],[85.5476,24.0926],[85.5538,24.0934],[85.5513,24.098],[85.5519,24.1046],[85.5467,24.1073],[85.5426,24.1168],[85.5439,24.1217],[85.5452,24.124],[85.5536,24.1317],[85.5739,24.1324],[85.5814,24.133],[85.5775,24.1358],[85.577,24.1393],[85.5748,24.1412],[85.5726,24.1412],[85.5672,24.1438],[85.5685,24.1498],[85.5656,24.151],[85.5647,24.1533],[85.5608,24.1544],[85.5569,24.158],[85.5543,24.1591],[85.5462,24.1611],[85.5396,24.1578],[85.5385,24.1601],[85.5335,24.1595],[85.5271,24.1624],[85.522,24.1603],[85.5177,24.1599],[85.5115,24.1627],[85.5105,24.1653],[85.5065,24.1643],[85.5037,24.167],[85.5046,24.1699],[85.5027,24.172],[85.4911,24.1751],[85.4844,24.1763],[85.4798,24.176],[85.4729,24.1785],[85.4703,24.1808],[85.4666,24.1826],[85.4552,24.1838],[85.4498,24.1856],[85.4398,24.18],[85.4373,24.1769],[85.4345,24.175],[85.4348,24.1714],[85.4297,24.1693],[85.4298,24.1628],[85.4323,24.1615],[85.4331,24.1589],[85.4326,24.1561],[85.4302,24.1542],[85.4167,24.1541],[85.4117,24.1545],[85.4075,24.1503],[85.4022,24.1511],[85.398,24.1539],[85.3961,24.1577],[85.3984,24.1611],[85.3978,24.1661],[85.395,24.1662],[85.3905,24.164],[85.3828,24.1642],[85.3832,24.1606],[85.3846,24.1578],[85.3845,24.1514],[85.3807,24.151],[85.3775,24.1544],[85.3735,24.1575],[85.3644,24.1565],[85.3617,24.1476],[85.3594,24.1459],[85.3536,24.1473],[85.3508,24.1492],[85.3509,24.151],[85.3471,24.1514],[85.3463,24.1528],[85.3413,24.1523],[85.3403,24.1536],[85.3348,24.1506],[85.333,24.1509],[85.3276,24.1462],[85.3254,24.1421],[85.3223,24.1405],[85.3229,24.1369],[85.321,24.1354],[85.318,24.1368],[85.3075,24.1358],[85.3051,24.135],[85.2929,24.1345],[85.2898,24.1364],[85.2863,24.135],[85.2803,24.1345],[85.2755,24.1322],[85.276,24.126],[85.2725,24.1239],[85.2793,24.1168],[85.2791,24.1098],[85.2815,24.109],[85.2826,24.1058],[85.2847,24.1034],[85.2886,24.1023],[85.2895,24.0943],[85.2921,24.0944],[85.2959,24.0909],[85.2973,24.0883],[85.3028,24.0862],[85.3089,24.0856],[85.3149,24.0807],[85.3155,24.0782],[85.3182,24.0776],[85.3238,24.0794],[85.3288,24.0761],[85.3294,24.074],[85.3329,24.0736],[85.3371,24.0711],[85.3426,24.0724],[85.344,24.0768],[85.3473,24.0813],[85.3482,24.0854],[85.3506,24.0871],[85.3521,24.0859],[85.353,24.0827],[85.3606,24.0789],[85.367,24.0744],[85.3722,24.0675],[85.3725,24.0651],[85.3704,24.0618],[85.3725,24.0617],[85.3793,24.0563],[85.3818,24.0552],[85.3857,24.0571],[85.3888,24.0553],[85.3937,24.0567],[85.4041,24.0562],[85.4058,24.0534],[85.4085,24.0519],[85.4105,24.0485],[85.414,24.0488],[85.4155,24.0459],[85.4206,24.0437],[85.426,24.0441],[85.4312,24.0394],[85.4336,24.0389],[85.4403,24.0335],[85.4431,24.0329],[85.4477,24.0341],[85.4502,24.0365],[85.452,24.0348],[85.4563,24.0355],[85.4596,24.0378],[85.4611,24.0349],[85.4646,24.0347],[85.4766,24.04],[85.4828,24.0411],[85.4853,24.0392],[85.4873,24.041]]]},"properties":{"id":"in:subdistrict:2647","level":"subdistrict","name":"Ichak","code":2647,"parent":"in:district:332","state":"in:state:20"}},{"type":"Feature","geometry":{"type":"Polygon","coordinates":[[[85.5027,24.172],[85.5069,24.1801],[85.5089,24.1857],[85.5133,24.1874],[85.5128,24.1907],[85.5247,24.1871],[85.5306,24.1868],[85.5316,24.1912],[85.5338,24.1971],[85.5291,24.1984],[85.5241,24.2035],[85.5253,24.2094],[85.5281,24.2133],[85.5258,24.2167],[85.53,24.2186],[85.5305,24.2243],[85.534,24.225],[85.5369,24.2239],[85.545,24.225],[85.5475,24.2248],[85.5509,24.228],[85.5539,24.2328],[85.5564,24.2326],[85.557,24.2304],[85.5605,24.2297],[85.5614,24.2278],[85.5642,24.2276],[85.5655,24.2302],[85.5695,24.2292],[85.5709,24.2329],[85.5702,24.2341],[85.5719,24.2403],[85.5719,24.2447],[85.5711,24.2472],[85.5736,24.2507],[85.5764,24.2506],[85.5893,24.2575],[85.595,24.2537],[85.5985,24.2527],[85.6014,24.2557],[85.6053,24.2615],[85.6085,24.2615],[85.6119,24.2695],[85.6155,24.2758],[85.6177,24.2831],[85.6248,24.2811],[85.6288,24.2822],[85.6328,24.2844],[85.6325,24.2872],[85.6358,24.2919],[85.6366,24.295],[85.6363,24.2994],[85.6368,24.303],[85.6356,24.307],[85.6409,24.3124],[85.64,24.314],[85.6419,24.3207],[85.6447,24.3259],[85.6436,24.3299],[85.6409,24.3294],[85.6381,24.326],[85.6337,24.3238],[85.6256,24.3247],[85.6189,24.3258],[85.6153,24.3295],[85.6119,24.3364],[85.6105,24.3383],[85.6066,24.3392],[85.5963,24.3318],[85.5908,24.3331],[85.5853,24.3387],[85.5827,24.3465],[85.5806,24.3497],[85.5781,24.3512],[85.5739,24.3502],[85.5728,24.3473],[85.5739,24.341],[85.5731,24.3392],[85.5698,24.3384],[85.5672,24.3389],[85.5598,24.3422],[85.5542,24.3473],[85.5525,24.3482],[85.5463,24.3458],[85.5448,24.3445],[85.5418,24.3387],[85.5419,24.3351],[85.54,24.3314],[85.5352,24.3316],[85.5286,24.3333],[85.5259,24.3316],[85.5238,24.3283],[85.5196,24.3185],[85.5173,24.317],[85.512,24.3179],[85.5106,24.3215],[85.504,24.3247],[85.4941,24.3252],[85.4849,24.329],[85.477,24.331],[85.4732,24.3292],[85.4697,24.3245],[85.465,24.3249],[85.463,24.33],[85.4609,24.3328],[85.4548,24.3363],[85.4505,24.3364],[85.4469,24.3342],[85.4411,24.3344],[85.438,24.3318],[85.4358,24.3334],[85.434,24.3484],[85.4334,24.351],[85.4257,24.3567],[85.4232,24.3554],[85.4221,24.3497],[85.4209,24.3488],[85.4164,24.3493],[85.4109,24.3488],[85.4029,24.3458],[85.3987,24.3424],[85.3937,24.3437],[85.3896,24.3422],[85.3855,24.3372],[85.3849,24.3311],[85.3859,24.3262],[85.3847,24.3226],[85.3803,24.3211],[85.3783,24.3158],[85.3788,24.3137],[85.3815,24.311],[85.3804,24.3085],[85.3762,24.3083],[85.3709,24.3057],[85.3676,24.3033],[85.3609,24.2946],[85.358,24.2923],[85.3559,24.2925],[85.355,24.2954],[85.3522,24.298],[85.3483,24.2998],[85.3499,24.3028],[85.3479,24.3062],[85.3432,24.3066],[85.3429,24.3023],[85.3383,24.3021],[85.3363,24.3038],[85.3361,24.308],[85.3345,24.3092],[85.3291,24.3109],[85.3245,24.3105],[85.322,24.3079],[85.3221,24.3057],[85.3246,24.2997],[85.3274,24.2953],[85.3257,24.2918],[85.3221,24.2937],[85.3198,24.2938],[85.3183,24.2916],[85.3187,24.2881],[85.3215,24.2847],[85.3191,24.2816],[85.3205,24.2767],[85.3252,24.2745],[85.3301,24.2709],[85.3375,24.2696],[85.3422,24.2673],[85.346,24.2632],[85.3464,24.2573],[85.3444,24.2512],[85.3473,24.2496],[85.3562,24.2484],[85.3568,24.2456],[85.3537,24.2404],[85.3549,24.2384],[85.3587,24.2386],[85.3625,24.2363],[85.3627,24.2339],[85.3596,24.2239],[85.36,24.2211],[85.3622,24.2204],[85.3703,24.2193],[85.3772,24.2165],[85.3796,24.2164],[85.3832,24.2206],[85.3852,24.2218],[85.3911,24.2217],[85.3949,24.2202],[85.394,24.217],[85.3956,24.2137],[85.3991,24.2093],[85.4032,24.2079],[85.4084,24.2093],[85.4084,24.2135],[85.4118,24.217],[85.4124,24.2195],[85.4166,24.219],[85.4232,24.2165],[85.4299,24.215],[85.4373,24.2145],[85.4407,24.2135],[85.4455,24.2107],[85.4501,24.2063],[85.4552,24.2052],[85.4601,24.2015],[85.4613,24.1983],[85.4605,24.1967],[85.4644,24.1946],[85.4741,24.1914],[85.4769,24.186],[85.4751,24.1846],[85.468,24.1858],[85.4666,24.1826],[85.4703,24.1808],[85.4729,24.1785],[85.4798,24.176],[85.4844,24.1763],[85.4911,24.1751],[85.5027,24.172]]]},"properties":{"id":"in:subdistrict:2645","level":"subdistrict","name":"Barhi","code":2645,"parent":"in:district:332","state":"in:state:20"}},{"type":"Feature","geometry":{"type":"Polygon","coordinates":[[[85.4666,24.1826],[85.468,24.1858],[85.4751,24.1846],[85.4769,24.186],[85.4741,24.1914],[85.4644,24.1946],[85.4605,24.1967],[85.4613,24.1983],[85.4601,24.2015],[85.4552,24.2052],[85.4501,24.2063],[85.4455,24.2107],[85.4407,24.2135],[85.4373,24.2145],[85.4299,24.215],[85.4232,24.2165],[85.4166,24.219],[85.4124,24.2195],[85.4118,24.217],[85.4084,24.2135],[85.4084,24.2093],[85.4032,24.2079],[85.3991,24.2093],[85.3956,24.2137],[85.394,24.217],[85.3949,24.2202],[85.3911,24.2217],[85.3852,24.2218],[85.3832,24.2206],[85.3796,24.2164],[85.3772,24.2165],[85.3703,24.2193],[85.3622,24.2204],[85.36,24.2211],[85.3596,24.2239],[85.3627,24.2339],[85.3625,24.2363],[85.3587,24.2386],[85.3549,24.2384],[85.3537,24.2404],[85.3568,24.2456],[85.3562,24.2484],[85.3473,24.2496],[85.3444,24.2512],[85.3464,24.2573],[85.346,24.2632],[85.3422,24.2673],[85.3375,24.2696],[85.3301,24.2709],[85.3252,24.2745],[85.3205,24.2767],[85.3201,24.273],[85.3189,24.2712],[85.3188,24.2655],[85.322,24.2625],[85.3215,24.2605],[85.3175,24.2617],[85.3152,24.259],[85.316,24.2553],[85.3179,24.2519],[85.3217,24.25],[85.3223,24.2461],[85.3141,24.2462],[85.3108,24.2456],[85.3071,24.2409],[85.3023,24.2377],[85.3001,24.2322],[85.3004,24.2275],[85.3021,24.2247],[85.2973,24.2232],[85.297,24.2215],[85.2998,24.2193],[85.3034,24.2137],[85.3022,24.2076],[85.3051,24.2047],[85.3033,24.2028],[85.3031,24.199],[85.2957,24.2003],[85.2925,24.1998],[85.29,24.2007],[85.2879,24.199],[85.2867,24.1948],[85.2863,24.1885],[85.2882,24.1862],[85.2946,24.1869],[85.302,24.1852],[85.3054,24.1854],[85.3068,24.1811],[85.3044,24.1773],[85.3064,24.1762],[85.3117,24.176],[85.3136,24.1747],[85.3193,24.1653],[85.3195,24.1582],[85.3226,24.1504],[85.3197,24.1425],[85.3223,24.1405],[85.3254,24.1421],[85.3276,24.1462],[85.333,24.1509],[85.3348,24.1506],[85.3403,24.1536],[85.3413,24.1523],[85.3463,24.1528],[85.3471,24.1514],[85.3509,24.151],[85.3508,24.1492],[85.3536,24.1473],[85.3594,24.1459],[85.3617,24.1476],[85.3644,24.1565],[85.3735,24.1575],[85.3775,24.1544],[85.3807,24.151],[85.3845,24.1514],[85.3846,24.1578],[85.3832,24.1606],[85.3828,24.1642],[85.3905,24.164],[85.395,24.1662],[85.3978,24.1661],[85.3984,24.1611],[85.3961,24.1577],[85.398,24.1539],[85.4022,24.1511],[85.4075,24.1503],[85.4117,24.1545],[85.4167,24.1541],[85.4302,24.1542],[85.4326,24.1561],[85.4331,24.1589],[85.4323,24.1615],[85.4298,24.1628],[85.4297,24.1693],[85.4348,24.1714],[85.4345,24.175],[85.4373,24.1769],[85.4398,24.18],[85.4498,24.1856],[85.4552,24.1838],[85.4666,24.1826]]]},"properties":{"id":"in:subdistrict:2646","level":"subdistrict","name":"Padma","code":2646,"parent":"in:district:332","state":"in:state:20"}},{"type":"Feature","geometry":{"type":"Polygon","coordinates":[[[85.3803,24.3211],[85.3733,24.3186],[85.3697,24.3152],[85.3678,24.3111],[85.3648,24.3084],[85.3619,24.308],[85.3544,24.3109],[85.3504,24.3165],[85.3468,24.3156],[85.343,24.3164],[85.3407,24.3137],[85.3378,24.3154],[85.334,24.3199],[85.3302,24.3181],[85.3272,24.3191],[85.3214,24.3236],[85.318,24.325],[85.3154,24.3286],[85.3103,24.3311],[85.3089,24.3361],[85.3069,24.3361],[85.3055,24.3387],[85.3008,24.3397],[85.2995,24.3373],[85.2943,24.339],[85.2905,24.3372],[85.2877,24.3331],[85.2831,24.3328],[85.2818,24.3336],[85.2748,24.3343],[85.2723,24.3358],[85.2676,24.3359],[85.2627,24.335],[85.2575,24.3392],[85.2538,24.3398],[85.2511,24.3393],[85.2473,24.3406],[85.247,24.3378],[85.2446,24.3342],[85.2434,24.3269],[85.2369,24.3278],[85.2357,24.3235],[85.2307,24.3243],[85.2293,24.3198],[85.2303,24.3167],[85.2297,24.312],[85.2235,24.3114],[85.2245,24.3088],[85.2234,24.3054],[85.2187,24.3008],[85.2192,24.2973],[85.2181,24.2943],[85.2144,24.2956],[85.2104,24.2959],[85.2106,24.2912],[85.2139,24.284],[85.2113,24.2831],[85.2086,24.2836],[85.2055,24.2789],[85.207,24.272],[85.2098,24.2701],[85.2089,24.268],[85.209,24.2622],[85.2122,24.2592],[85.2122,24.2531],[85.22,24.2508],[85.2223,24.2486],[85.2223,24.2457],[85.2205,24.2405],[85.2177,24.2368],[85.2248,24.2314],[85.2254,24.2268],[85.2231,24.2213],[85.2272,24.2213],[85.228,24.2231],[85.2353,24.2219],[85.2382,24.2232],[85.2418,24.2215],[85.2424,24.2189],[85.2514,24.2162],[85.2529,24.2146],[85.256,24.214],[85.2601,24.2165],[85.2636,24.217],[85.266,24.2155],[85.2677,24.2169],[85.2713,24.2147],[85.273,24.216],[85.278,24.2116],[85.2803,24.2082],[85.2848,24.2079],[85.2872,24.2088],[85.2887,24.2069],[85.2881,24.2015],[85.29,24.2007],[85.2925,24.1998],[85.2957,24.2003],[85.3031,24.199],[85.3033,24.2028],[85.3051,24.2047],[85.3022,24.2076],[85.3034,24.2137],[85.2998,24.2193],[85.297,24.2215],[85.2973,24.2232],[85.3021,24.2247],[85.3004,24.2275],[85.3001,24.2322],[85.3023,24.2377],[85.3071,24.2409],[85.3108,24.2456],[85.3141,24.2462],[85.3223,24.2461],[85.3217,24.25],[85.3179,24.2519],[85.316,24.2553],[85.3152,24.259],[85.3175,24.2617],[85.3215,24.2605],[85.322,24.2625],[85.3188,24.2655],[85.3189,24.2712],[85.3201,24.273],[85.3205,24.2767],[85.3191,24.2816],[85.3215,24.2847],[85.3187,24.2881],[85.3183,24.2916],[85.3198,24.2938],[85.3221,24.2937],[85.3257,24.2918],[85.3274,24.2953],[85.3246,24.2997],[85.3221,24.3057],[85.322,24.3079],[85.3245,24.3105],[85.3291,24.3109],[85.3345,24.3092],[85.3361,24.308],[85.3363,24.3038],[85.3383,24.3021],[85.3429,24.3023],[85.3432,24.3066],[85.3479,24.3062],[85.3499,24.3028],[85.3483,24.2998],[85.3522,24.298],[85.355,24.2954],[85.3559,24.2925],[85.358,24.2923],[85.3609,24.2946],[85.3676,24.3033],[85.3709,24.3057],[85.3762,24.3083],[85.3804,24.3085],[85.3815,24.311],[85.3788,24.3137],[85.3783,24.3158],[85.3803,24.3211]]]},"properties":{"id":"in:subdistrict:2521","level":"subdistrict","name":"Mayur Hand","code":2521,"parent":"in:district:323","state":"in:state:20"}},{"type":"Feature","geometry":{"type":"Polygon","coordinates":[[[85.1682,24.1166],[85.1718,24.1156],[85.1712,24.1121],[85.174,24.1122],[85.1749,24.1088],[85.1719,24.1074],[85.1717,24.0989],[85.175,24.0982],[85.1835,24.0949],[85.187,24.0953],[85.1927,24.0932],[85.1945,24.091],[85.2035,24.0867],[85.2044,24.0849],[85.2063,24.0834],[85.2098,24.0827],[85.2132,24.0787],[85.2178,24.0774],[85.2232,24.078],[85.2259,24.0772],[85.2288,24.0749],[85.2332,24.0753],[85.2371,24.0715],[85.2425,24.0688],[85.2444,24.0656],[85.2482,24.0628],[85.2491,24.0594],[85.2481,24.0566],[85.2501,24.0559],[85.2484,24.0491],[85.246,24.0429],[85.2465,24.0397],[85.2487,24.039],[85.2473,24.0337],[85.2488,24.0305],[85.2523,24.0278],[85.2507,24.0249],[85.2518,24.0229],[85.2573,24.0237],[85.2594,24.0229],[85.2639,24.0169],[85.2679,24.0162],[85.2731,24.0196],[85.2801,24.0207],[85.2844,24.0219],[85.2887,24.0197],[85.2911,24.0157],[85.2901,24.0105],[85.2878,24.0044],[85.2856,24.0007],[85.2936,24.0027],[85.2964,24.0046],[85.297,24.0086],[85.2991,24.0118],[85.2997,24.0168],[85.3093,24.0131],[85.3196,24.0064],[85.3215,24.0055],[85.3306,24.0051],[85.3345,24.0132],[85.338,24.0086],[85.3385,24.0037],[85.3422,24.002],[85.3451,24.0039],[85.3475,24.0083],[85.3469,24.013],[85.3443,24.0207],[85.3473,24.0296],[85.3514,24.0329],[85.3515,24.0351],[85.3537,24.036],[85.354,24.0386],[85.3594,24.0427],[85.3588,24.0461],[85.3632,24.051],[85.3652,24.0551],[85.3663,24.0592],[85.3704,24.0618],[85.3725,24.0651],[85.3722,24.0675],[85.367,24.0744],[85.3606,24.0789],[85.353,24.0827],[85.3521,24.0859],[85.3506,24.0871],[85.3482,24.0854],[85.3473,24.0813],[85.344,24.0768],[85.3426,24.0724],[85.3371,24.0711],[85.3329,24.0736],[85.3294,24.074],[85.3288,24.0761],[85.3238,24.0794],[85.3182,24.0776],[85.3155,24.0782],[85.3149,24.0807],[85.3089,24.0856],[85.3028,24.0862],[85.2973,24.0883],[85.2959,24.0909],[85.2921,24.0944],[85.2895,24.0943],[85.2886,24.1023],[85.2847,24.1034],[85.2826,24.1058],[85.2815,24.109],[85.2791,24.1098],[85.2793,24.1168],[85.2725,24.1239],[85.276,24.126],[85.2755,24.1322],[85.2803,24.1345],[85.2863,24.135],[85.2898,24.1364],[85.2929,24.1345],[85.3051,24.135],[85.3075,24.1358],[85.318,24.1368],[85.321,24.1354],[85.3229,24.1369],[85.3223,24.1405],[85.3197,24.1425],[85.3226,24.1504],[85.3195,24.1582],[85.3193,24.1653],[85.3136,24.1747],[85.3117,24.176],[85.3064,24.1762],[85.3044,24.1773],[85.3068,24.1811],[85.3054,24.1854],[85.302,24.1852],[85.2946,24.1869],[85.2882,24.1862],[85.2863,24.1885],[85.2867,24.1948],[85.2879,24.199],[85.29,24.2007],[85.2881,24.2015],[85.2887,24.2069],[85.2872,24.2088],[85.2848,24.2079],[85.2803,24.2082],[85.278,24.2116],[85.273,24.216],[85.2713,24.2147],[85.2677,24.2169],[85.266,24.2155],[85.2636,24.217],[85.2601,24.2165],[85.256,24.214],[85.2529,24.2146],[85.2514,24.2162],[85.2424,24.2189],[85.2418,24.2215],[85.2382,24.2232],[85.2353,24.2219],[85.228,24.2231],[85.2272,24.2213],[85.2231,24.2213],[85.2179,24.2217],[85.2169,24.219],[85.2057,24.2245],[85.2003,24.2254],[85.1992,24.2238],[85.1914,24.2258],[85.1878,24.2282],[85.1821,24.227],[85.1788,24.2287],[85.1745,24.2251],[85.1728,24.2267],[85.1701,24.2261],[85.1642,24.227],[85.161,24.2288],[85.149,24.2149],[85.1502,24.2093],[85.1481,24.2091],[85.1452,24.2065],[85.1427,24.2095],[85.1373,24.2068],[85.1349,24.2018],[85.1401,24.2],[85.1411,24.1938],[85.1457,24.187],[85.1495,24.1833],[85.1497,24.1795],[85.1472,24.1747],[85.1467,24.1704],[85.1476,24.1667],[85.144,24.1607],[85.144,24.1558],[85.1471,24.1555],[85.1487,24.1582],[85.1512,24.1581],[85.1536,24.1556],[85.1572,24.1457],[85.16,24.1429],[85.1615,24.1373],[85.1684,24.1318],[85.1695,24.1289],[85.1716,24.1277],[85.1745,24.122],[85.1701,24.1204],[85.1667,24.1204],[85.1682,24.1166]]]},"properties":{"id":"in:subdistrict:2654","level":"subdistrict","name":"Katkamsandi","code":2654,"parent":"in:district:332","state":"in:state:20"}},{"type":"Feature","geometry":{"type":"Polygon","coordinates":[[[84.984,24.1153],[84.9842,24.1102],[84.9889,24.1085],[84.992,24.1059],[84.9951,24.1048],[84.996,24.1021],[85.0005,24.1014],[85.0053,24.0966],[85.0058,24.0901],[85.0069,24.0836],[85.0086,24.0822],[85.0143,24.0825],[85.0177,24.082],[85.0242,24.0839],[85.0303,24.0886],[85.0309,24.0912],[85.0333,24.0911],[85.037,24.0885],[85.0475,24.0867],[85.0526,24.0885],[85.0557,24.0926],[85.0573,24.0919],[85.0638,24.0918],[85.0656,24.093],[85.066,24.0973],[85.0701,24.1008],[85.0753,24.0956],[85.0796,24.0895],[85.0818,24.0824],[85.0836,24.0803],[85.0891,24.0796],[85.0897,24.0776],[85.0933,24.0767],[85.0988,24.0729],[85.1007,24.0672],[85.1042,24.0665],[85.1089,24.0612],[85.1089,24.0567],[85.1079,24.0552],[85.1042,24.0544],[85.1049,24.0524],[85.1135,24.0464],[85.1174,24.0396],[85.1212,24.0372],[85.1253,24.0364],[85.1326,24.0327],[85.138,24.033],[85.1477,24.0413],[85.1527,24.041],[85.1578,24.0393],[85.1648,24.0387],[85.167,24.038],[85.1703,24.0388],[85.1713,24.0407],[85.1738,24.0505],[85.1716,24.0543],[85.1779,24.0588],[85.1827,24.0638],[85.192,24.0663],[85.197,24.0735],[85.199,24.0739],[85.2012,24.0766],[85.2029,24.0835],[85.2044,24.0849],[85.2035,24.0867],[85.1945,24.091],[85.1927,24.0932],[85.187,24.0953],[85.1835,24.0949],[85.175,24.0982],[85.1717,24.0989],[85.1719,24.1074],[85.1749,24.1088],[85.174,24.1122],[85.1712,24.1121],[85.1718,24.1156],[85.1682,24.1166],[85.1676,24.1133],[85.1614,24.112],[85.1582,24.1121],[85.153,24.1141],[85.1459,24.114],[85.1366,24.116],[85.1338,24.12],[85.1358,24.124],[85.1351,24.126],[85.1294,24.1308],[85.1252,24.1309],[85.119,24.1343],[85.1157,24.1339],[85.1134,24.1379],[85.1117,24.1391],[85.1062,24.1392],[85.1004,24.1372],[85.0922,24.1332],[85.0838,24.1346],[85.0831,24.139],[85.0813,24.1409],[85.0759,24.1422],[85.0717,24.1414],[85.0675,24.1392],[85.0637,24.1342],[85.0588,24.1345],[85.0493,24.1405],[85.0414,24.1406],[85.0377,24.1362],[85.0343,24.1359],[85.0245,24.1377],[85.0238,24.1343],[85.0217,24.1339],[85.0176,24.137],[85.0132,24.1359],[85.0105,24.1321],[85.003,24.1359],[84.9982,24.1358],[84.9944,24.1367],[84.9957,24.1324],[84.996,24.1286],[84.9931,24.1262],[84.98,24.126],[84.981,24.1201],[84.9853,24.1191],[84.984,24.1153]]]},"properties":{"id":"in:subdistrict:2523","level":"subdistrict","name":"Pathalgora","code":2523,"parent":"in:district:323","state":"in:state:20"}},{"type":"Feature","geometry":{"type":"Polygon","coordinates":[[[85.1427,24.2095],[85.1452,24.2065],[85.1481,24.2091],[85.1502,24.2093],[85.149,24.2149],[85.161,24.2288],[85.1642,24.227],[85.1701,24.2261],[85.1728,24.2267],[85.1745,24.2251],[85.1788,24.2287],[85.1821,24.227],[85.1878,24.2282],[85.1914,24.2258],[85.1992,24.2238],[85.2003,24.2254],[85.2057,24.2245],[85.2169,24.219],[85.2179,24.2217],[85.2231,24.2213],[85.2254,24.2268],[85.2248,24.2314],[85.2177,24.2368],[85.2205,24.2405],[85.2223,24.2457],[85.2223,24.2486],[85.22,24.2508],[85.2122,24.2531],[85.2122,24.2592],[85.209,24.2622],[85.2089,24.268],[85.2098,24.2701],[85.207,24.272],[85.2055,24.2789],[85.2086,24.2836],[85.2113,24.2831],[85.2139,24.284],[85.2106,24.2912],[85.2104,24.2959],[85.2144,24.2956],[85.2181,24.2943],[85.2192,24.2973],[85.2187,24.3008],[85.2234,24.3054],[85.2245,24.3088],[85.2235,24.3114],[85.2297,24.312],[85.2303,24.3167],[85.2293,24.3198],[85.2307,24.3243],[85.2357,24.3235],[85.2369,24.3278],[85.2434,24.3269],[85.2446,24.3342],[85.247,24.3378],[85.2473,24.3406],[85.2429,24.3404],[85.239,24.3411],[85.2353,24.3429],[85.2307,24.3436],[85.223,24.3417],[85.221,24.3402],[85.217,24.3414],[85.2152,24.3404],[85.2081,24.3391],[85.2017,24.3329],[85.2029,24.3304],[85.2011,24.3251],[85.198,24.3257],[85.1961,24.3277],[85.1909,24.3285],[85.1867,24.3301],[85.1862,24.3344],[85.1841,24.3363],[85.1788,24.3368],[85.1758,24.3362],[85.1729,24.3376],[85.1646,24.3398],[85.1643,24.3457],[85.1635,24.3484],[85.1589,24.3463],[85.1526,24.3537],[85.1486,24.3545],[85.1398,24.3547],[85.1373,24.3557],[85.1348,24.3544],[85.139,24.3488],[85.1391,24.3464],[85.1379,24.3409],[85.1431,24.3358],[85.1438,24.3308],[85.1431,24.3286],[85.1394,24.3281],[85.1376,24.3258],[85.1354,24.3258],[85.1295,24.3292],[85.1223,24.3304],[85.121,24.3312],[85.1116,24.3325],[85.1016,24.328],[85.1044,24.3225],[85.1074,24.3209],[85.11,24.3159],[85.1139,24.3145],[85.114,24.3112],[85.1126,24.3076],[85.1115,24.3008],[85.1107,24.2908],[85.1083,24.2863],[85.1104,24.273],[85.1092,24.2713],[85.1058,24.2718],[85.0984,24.2701],[85.0932,24.2714],[85.0856,24.2703],[85.0778,24.2633],[85.0735,24.2635],[85.0666,24.2661],[85.065,24.2584],[85.0565,24.2523],[85.0602,24.2473],[85.0642,24.2473],[85.0708,24.2456],[85.0783,24.2458],[85.0816,24.2478],[85.0871,24.2468],[85.0921,24.2416],[85.0953,24.2397],[85.0994,24.2385],[85.1013,24.2321],[85.098,24.2282],[85.0921,24.2258],[85.0914,24.2189],[85.0967,24.2159],[85.1147,24.2142],[85.124,24.2125],[85.1268,24.214],[85.1228,24.2181],[85.1221,24.2212],[85.1196,24.226],[85.1237,24.2263],[85.1296,24.2284],[85.132,24.2277],[85.1333,24.2242],[85.136,24.2219],[85.1399,24.2206],[85.1428,24.2135],[85.1427,24.2095]]]},"properties":{"id":"in:subdistrict:2520","level":"subdistrict","name":"Itkhori","code":2520,"parent":"in:district:323","state":"in:state:20"}},{"type":"Feature","geometry":{"type":"Polygon","coordinates":[[[85.4232,24.3554],[85.4185,24.3566],[85.4126,24.3545],[85.4154,24.3583],[85.4145,24.3626],[85.4152,24.3656],[85.4175,24.3672],[85.4208,24.3716],[85.4215,24.3742],[85.4189,24.3773],[85.4164,24.3785],[85.4092,24.3795],[85.4105,24.3809],[85.4098,24.384],[85.4107,24.3881],[85.4027,24.3916],[85.4013,24.3942],[85.4012,24.3977],[85.4038,24.4028],[85.4108,24.4067],[85.4164,24.407],[85.4211,24.4044],[85.4229,24.4049],[85.4296,24.422],[85.432,24.4222],[85.4428,24.4185],[85.4397,24.4227],[85.4393,24.4272],[85.4341,24.4261],[85.4332,24.4283],[85.4301,24.4285],[85.4288,24.4337],[85.4254,24.4367],[85.4222,24.4371],[85.4208,24.4392],[85.4177,24.4404],[85.4151,24.4431],[85.411,24.4509],[85.4101,24.4573],[85.4112,24.4634],[85.4107,24.4695],[85.4118,24.4722],[85.4116,24.4756],[85.4092,24.4812],[85.3959,24.4816],[85.3925,24.481],[85.3886,24.478],[85.3838,24.4697],[85.3772,24.4686],[85.3722,24.4685],[85.3678,24.4708],[85.3626,24.4689],[85.3511,24.4708],[85.3496,24.4739],[85.345,24.4721],[85.3448,24.476],[85.3401,24.4788],[85.3325,24.4824],[85.3285,24.4862],[85.3283,24.4932],[85.3293,24.4995],[85.3305,24.5018],[85.3324,24.5092],[85.3373,24.5099],[85.3396,24.5131],[85.3516,24.5144],[85.3566,24.5165],[85.3542,24.5238],[85.3509,24.523],[85.336,24.5233],[85.3339,24.5217],[85.3243,24.5206],[85.3225,24.52],[85.3119,24.5222],[85.3084,24.5218],[85.304,24.5232],[85.2912,24.5237],[85.2814,24.5202],[85.2833,24.517],[85.2808,24.5145],[85.2834,24.5033],[85.2856,24.5023],[85.284,24.4994],[85.2848,24.4944],[85.2823,24.4917],[85.2794,24.4918],[85.2749,24.4932],[85.2694,24.4926],[85.267,24.4913],[85.2583,24.4917],[85.2491,24.4907],[85.2454,24.4847],[85.2402,24.4815],[85.242,24.4796],[85.2415,24.4758],[85.2369,24.4711],[85.2322,24.4731],[85.2301,24.4708],[85.2258,24.4631],[85.2238,24.4647],[85.2139,24.4657],[85.2066,24.4673],[85.2029,24.4613],[85.1988,24.4605],[85.1946,24.4624],[85.1913,24.4631],[85.1806,24.4625],[85.1728,24.4591],[85.1673,24.4611],[85.1611,24.4605],[85.1541,24.455],[85.1552,24.453],[85.1544,24.4482],[85.1561,24.4452],[85.1584,24.444],[85.1636,24.4443],[85.1666,24.4366],[85.1703,24.4332],[85.1706,24.4288],[85.1743,24.4252],[85.1754,24.4229],[85.1739,24.4206],[85.17,24.4213],[85.165,24.4191],[85.1636,24.4168],[85.1637,24.4144],[85.1604,24.4122],[85.1522,24.412],[85.1508,24.4101],[85.1438,24.4072],[85.139,24.4058],[85.1326,24.4051],[85.1277,24.402],[85.1224,24.4015],[85.1212,24.3992],[85.1166,24.3935],[85.1155,24.3905],[85.11,24.3886],[85.1076,24.3862],[85.1038,24.3856],[85.1025,24.3842],[85.1042,24.3782],[85.0981,24.3735],[85.0898,24.3727],[85.0873,24.3695],[85.0855,24.3655],[85.0864,24.3604],[85.0865,24.3521],[85.0922,24.3475],[85.0957,24.3419],[85.0998,24.3404],[85.1,24.3345],[85.1016,24.328],[85.1116,24.3325],[85.121,24.3312],[85.1223,24.3304],[85.1295,24.3292],[85.1354,24.3258],[85.1376,24.3258],[85.1394,24.3281],[85.1431,24.3286],[85.1438,24.3308],[85.1431,24.3358],[85.1379,24.3409],[85.1391,24.3464],[85.139,24.3488],[85.1348,24.3544],[85.1373,24.3557],[85.1398,24.3547],[85.1486,24.3545],[85.1526,24.3537],[85.1589,24.3463],[85.1635,24.3484],[85.1643,24.3457],[85.1646,24.3398],[85.1729,24.3376],[85.1758,24.3362],[85.1788,24.3368],[85.1841,24.3363],[85.1862,24.3344],[85.1867,24.3301],[85.1909,24.3285],[85.1961,24.3277],[85.198,24.3257],[85.2011,24.3251],[85.2029,24.3304],[85.2017,24.3329],[85.2081,24.3391],[85.2152,24.3404],[85.217,24.3414],[85.221,24.3402],[85.223,24.3417],[85.2307,24.3436],[85.2353,24.3429],[85.239,24.3411],[85.2405,24.3431],[85.2401,24.3461],[85.241,24.3498],[85.2443,24.3483],[85.2429,24.3404],[85.2473,24.3406],[85.2511,24.3393],[85.2538,24.3398],[85.2575,24.3392],[85.2627,24.335],[85.2676,24.3359],[85.2723,24.3358],[85.2748,24.3343],[85.2818,24.3336],[85.2831,24.3328],[85.2877,24.3331],[85.2905,24.3372],[85.2943,24.339],[85.2995,24.3373],[85.3008,24.3397],[85.3055,24.3387],[85.3069,24.3361],[85.3089,24.3361],[85.3103,24.3311],[85.3154,24.3286],[85.318,24.325],[85.3214,24.3236],[85.3272,24.3191],[85.3302,24.3181],[85.334,24.3199],[85.3378,24.3154],[85.3407,24.3137],[85.343,24.3164],[85.3468,24.3156],[85.3504,24.3165],[85.3544,24.3109],[85.3619,24.308],[85.3648,24.3084],[85.3678,24.3111],[85.3697,24.3152],[85.3733,24.3186],[85.3803,24.3211],[85.3847,24.3226],[85.3859,24.3262],[85.3849,24.3311],[85.3855,24.3372],[85.3896,24.3422],[85.3937,24.3437],[85.3987,24.3424],[85.4029,24.3458],[85.4109,24.3488],[85.4164,24.3493],[85.4209,24.3488],[85.4221,24.3497],[85.4232,24.3554]]]},"properties":{"id":"in:subdistrict:2644","level":"subdistrict","name":"Chauparan","code":2644,"parent":"in:district:332","state":"in:state:20"}},{"type":"Feature","geometry":{"type":"Polygon","coordinates":[[[85.2429,24.3404],[85.2443,24.3483],[85.241,24.3498],[85.2401,24.3461],[85.2405,24.3431],[85.239,24.3411],[85.2429,24.3404]]]},"properties":{"id":"in:subdistrict:2644~334","level":"subdistrict","name":"Chauparan","code":2644,"parent":"in:district:334","state":"in:state:20"}},{"type":"Feature","geometry":{"type":"Polygon","coordinates":[[[85.5463,24.3458],[85.5444,24.3483],[85.5483,24.3549],[85.5518,24.3563],[85.5492,24.3608],[85.5495,24.366],[85.5518,24.3668],[85.5525,24.3708],[85.5516,24.3746],[85.5535,24.3817],[85.5519,24.3842],[85.5521,24.3892],[85.5615,24.4064],[85.565,24.4083],[85.5711,24.4093],[85.5689,24.4124],[85.5645,24.4157],[85.5603,24.4197],[85.5566,24.4171],[85.5506,24.4152],[85.5468,24.4125],[85.5425,24.407],[85.5322,24.4095],[85.5303,24.4082],[85.5253,24.4068],[85.52,24.4022],[85.5156,24.403],[85.5095,24.3999],[85.5062,24.4029],[85.4989,24.4069],[85.4986,24.4128],[85.4953,24.4165],[85.4945,24.4223],[85.4946,24.4291],[85.4914,24.4318],[85.4878,24.4324],[85.4866,24.4354],[85.4812,24.4398],[85.4804,24.4417],[85.4816,24.4452],[85.4846,24.45],[85.4855,24.4528],[85.482,24.4622],[85.4801,24.466],[85.4809,24.469],[85.4863,24.4744],[85.4873,24.4773],[85.484,24.4806],[85.4827,24.4831],[85.4776,24.4886],[85.4738,24.4881],[85.4725,24.4809],[85.4669,24.4752],[85.4627,24.4781],[85.4552,24.4776],[85.4555,24.4821],[85.4541,24.487],[85.4558,24.4945],[85.4529,24.5008],[85.4488,24.5038],[85.447,24.5074],[85.4477,24.5097],[85.4503,24.513],[85.451,24.5171],[85.449,24.5196],[85.4412,24.5237],[85.4361,24.5333],[85.434,24.5311],[85.4347,24.5286],[85.43,24.5296],[85.4323,24.5316],[85.4191,24.5381],[85.4125,24.541],[85.4078,24.541],[85.4043,24.5419],[85.4018,24.5449],[85.3935,24.5481],[85.3897,24.5488],[85.385,24.5519],[85.3845,24.5554],[85.3777,24.5561],[85.3708,24.5553],[85.3712,24.5528],[85.3795,24.5511],[85.3919,24.5465],[85.3975,24.5447],[85.3967,24.5401],[85.3943,24.5397],[85.3921,24.5348],[85.3919,24.5303],[85.3833,24.5282],[85.3743,24.5253],[85.3698,24.5249],[85.3655,24.5257],[85.3616,24.5244],[85.3595,24.5252],[85.3542,24.5238],[85.3566,24.5165],[85.3516,24.5144],[85.3396,24.5131],[85.3373,24.5099],[85.3324,24.5092],[85.3305,24.5018],[85.3293,24.4995],[85.3283,24.4932],[85.3285,24.4862],[85.3325,24.4824],[85.3401,24.4788],[85.3448,24.476],[85.345,24.4721],[85.3496,24.4739],[85.3511,24.4708],[85.3626,24.4689],[85.3678,24.4708],[85.3722,24.4685],[85.3772,24.4686],[85.3838,24.4697],[85.3886,24.478],[85.3925,24.481],[85.3959,24.4816],[85.4092,24.4812],[85.4116,24.4756],[85.4118,24.4722],[85.4107,24.4695],[85.4112,24.4634],[85.4101,24.4573],[85.411,24.4509],[85.4151,24.4431],[85.4177,24.4404],[85.4208,24.4392],[85.4222,24.4371],[85.4254,24.4367],[85.4288,24.4337],[85.4301,24.4285],[85.4332,24.4283],[85.4341,24.4261],[85.4393,24.4272],[85.4397,24.4227],[85.4428,24.4185],[85.432,24.4222],[85.4296,24.422],[85.4229,24.4049],[85.4211,24.4044],[85.4164,24.407],[85.4108,24.4067],[85.4038,24.4028],[85.4012,24.3977],[85.4013,24.3942],[85.4027,24.3916],[85.4107,24.3881],[85.4098,24.384],[85.4105,24.3809],[85.4092,24.3795],[85.4164,24.3785],[85.4189,24.3773],[85.4215,24.3742],[85.4208,24.3716],[85.4175,24.3672],[85.4152,24.3656],[85.4145,24.3626],[85.4154,24.3583],[85.4126,24.3545],[85.4185,24.3566],[85.4232,24.3554],[85.4257,24.3567],[85.4334,24.351],[85.434,24.3484],[85.4358,24.3334],[85.438,24.3318],[85.4411,24.3344],[85.4469,24.3342],[85.4505,24.3364],[85.4548,24.3363],[85.4609,24.3328],[85.463,24.33],[85.465,24.3249],[85.4697,24.3245],[85.4732,24.3292],[85.477,24.331],[85.4849,24.329],[85.4941,24.3252],[85.504,24.3247],[85.5106,24.3215],[85.512,24.3179],[85.5173,24.317],[85.5196,24.3185],[85.5238,24.3283],[85.5259,24.3316],[85.5286,24.3333],[85.5352,24.3316],[85.54,24.3314],[85.5419,24.3351],[85.5418,24.3387],[85.5448,24.3445],[85.5463,24.3458]]]},"properties":{"id":"in:subdistrict:2530","level":"subdistrict","name":"Chandwara","code":2530,"parent":"in:district:334","state":"in:state:20"}},{"type":"Feature","geometry":{"type":"Polygon","coordinates":[[[85.0003,24.232],[85.0014,24.2327],[85.0057,24.2298],[85.0107,24.2342],[85.0144,24.2355],[85.019,24.2383],[85.0228,24.2388],[85.026,24.2426],[85.0313,24.2427],[85.039,24.2389],[85.0433,24.2401],[85.0463,24.2431],[85.047,24.2451],[85.0516,24.2491],[85.0565,24.2523],[85.065,24.2584],[85.0666,24.2661],[85.0735,24.2635],[85.0778,24.2633],[85.0856,24.2703],[85.0932,24.2714],[85.0984,24.2701],[85.1058,24.2718],[85.1092,24.2713],[85.1104,24.273],[85.1083,24.2863],[85.1107,24.2908],[85.1115,24.3008],[85.1126,24.3076],[85.114,24.3112],[85.1139,24.3145],[85.11,24.3159],[85.1074,24.3209],[85.1044,24.3225],[85.1016,24.328],[85.1,24.3345],[85.0998,24.3404],[85.0957,24.3419],[85.0922,24.3475],[85.0865,24.3521],[85.0864,24.3604],[85.0855,24.3655],[85.0873,24.3695],[85.0898,24.3727],[85.0853,24.3761],[85.0822,24.3768],[85.074,24.377],[85.0732,24.3782],[85.0786,24.3912],[85.0773,24.3931],[85.0783,24.3967],[85.0826,24.3983],[85.0831,24.3997],[85.0811,24.406],[85.0821,24.4126],[85.08,24.4146],[85.0801,24.4217],[85.0812,24.4258],[85.081,24.433],[85.0724,24.4262],[85.068,24.4207],[85.0641,24.4113],[85.063,24.4069],[85.0606,24.4058],[85.0574,24.4068],[85.0543,24.4066],[85.0459,24.4091],[85.0423,24.4143],[85.0387,24.412],[85.0368,24.4135],[85.0317,24.4147],[85.0268,24.4119],[85.0207,24.41],[85.0149,24.4058],[85.0105,24.4036],[85.0016,24.3968],[84.9983,24.3976],[84.9969,24.3947],[84.9859,24.3878],[84.9838,24.3875],[84.9815,24.3833],[84.9812,24.3808],[84.978,24.3787],[84.9747,24.3747],[84.9732,24.3752],[84.9678,24.3707],[84.9647,24.369],[84.9616,24.3655],[84.9588,24.3607],[84.9579,24.3555],[84.9587,24.3482],[84.9582,24.3461],[84.9591,24.3417],[84.9623,24.3334],[84.9688,24.3278],[84.9699,24.324],[84.9752,24.3205],[84.9744,24.3156],[84.9726,24.3145],[84.9675,24.3137],[84.9613,24.3082],[84.9605,24.305],[84.9557,24.3024],[84.9619,24.2985],[84.9665,24.2946],[84.9683,24.2867],[84.9661,24.2802],[84.9675,24.2708],[84.967,24.2685],[84.9645,24.2663],[84.9671,24.265],[84.9739,24.2664],[84.982,24.2652],[84.9858,24.2654],[84.9866,24.2589],[84.9859,24.2569],[84.9756,24.2484],[84.9734,24.2447],[84.9721,24.2366],[84.9757,24.2366],[84.9837,24.2378],[84.9866,24.2364],[84.9886,24.2339],[84.9954,24.2355],[85.0003,24.232]]]},"properties":{"id":"in:subdistrict:2519","level":"subdistrict","name":"Kanha Chatti","code":2519,"parent":"in:district:323","state":"in:state:20"}},{"type":"Feature","geometry":{"type":"Polygon","coordinates":[[[84.7293,24.2586],[84.7333,24.255],[84.7325,24.252],[84.7341,24.2487],[84.7376,24.2465],[84.7469,24.2454],[84.749,24.2477],[84.7494,24.2506],[84.7526,24.2522],[84.7568,24.252],[84.7601,24.2535],[84.7611,24.2565],[84.7637,24.2593],[84.7672,24.2607],[84.7707,24.2685],[84.7746,24.2698],[84.7772,24.2783],[84.7813,24.283],[84.7845,24.2847],[84.7839,24.2878],[84.7848,24.2896],[84.7883,24.2919],[84.7921,24.2921],[84.7965,24.2982],[84.8034,24.2931],[84.807,24.2895],[84.8109,24.2839],[84.8084,24.2809],[84.8085,24.279],[84.8129,24.2752],[84.8166,24.2756],[84.8212,24.274],[84.8244,24.2753],[84.8272,24.279],[84.8326,24.2786],[84.8363,24.2809],[84.836,24.2846],[84.8389,24.2871],[84.8456,24.2871],[84.8482,24.2905],[84.8529,24.2914],[84.8574,24.2913],[84.8617,24.293],[84.8676,24.2942],[84.8757,24.2968],[84.8819,24.2983],[84.8944,24.3002],[84.9014,24.3027],[84.9147,24.3044],[84.9267,24.3054],[84.936,24.3038],[84.938,24.3052],[84.942,24.305],[84.945,24.303],[84.9481,24.3026],[84.9518,24.3038],[84.9557,24.3024],[84.9605,24.305],[84.9613,24.3082],[84.9675,24.3137],[84.9726,24.3145],[84.9744,24.3156],[84.9752,24.3205],[84.9699,24.324],[84.9688,24.3278],[84.9623,24.3334],[84.9591,24.3417],[84.9582,24.3461],[84.9587,24.3482],[84.9579,24.3555],[84.9588,24.3607],[84.9616,24.3655],[84.9647,24.369],[84.9678,24.3707],[84.9732,24.3752],[84.9595,24.3731],[84.9553,24.3714],[84.9522,24.372],[84.9455,24.375],[84.9405,24.3765],[84.9375,24.3799],[84.9229,24.3775],[84.9164,24.3734],[84.909,24.3731],[84.9038,24.3722],[84.9003,24.3768],[84.9057,24.3802],[84.909,24.3835],[84.9049,24.3905],[84.9042,24.3955],[84.8979,24.3998],[84.8926,24.405],[84.8913,24.4097],[84.8914,24.4144],[84.8877,24.4181],[84.8867,24.4213],[84.8823,24.4248],[84.8857,24.4262],[84.8849,24.4278],[84.8872,24.4312],[84.8875,24.4332],[84.8847,24.4408],[84.8859,24.4456],[84.8853,24.4526],[84.8862,24.4559],[84.8857,24.4588],[84.8873,24.4633],[84.8846,24.465],[84.8833,24.4622],[84.8797,24.466],[84.8762,24.4672],[84.8725,24.4665],[84.8725,24.4613],[84.871,24.4583],[84.8684,24.4572],[84.864,24.4573],[84.8624,24.4617],[84.8561,24.4652],[84.8526,24.4652],[84.8509,24.462],[84.8488,24.4545],[84.8401,24.4522],[84.8371,24.4591],[84.8401,24.4608],[84.8406,24.4689],[84.8329,24.4702],[84.8342,24.473],[84.8333,24.4775],[84.8354,24.4851],[84.8336,24.492],[84.8347,24.4957],[84.8382,24.4977],[84.8382,24.5005],[84.8398,24.5067],[84.8394,24.5102],[84.8389,24.5126],[84.8289,24.5226],[84.8256,24.5254],[84.818,24.5241],[84.8113,24.5216],[84.8071,24.5228],[84.8068,24.5251],[84.8039,24.5274],[84.8019,24.5307],[84.7966,24.5256],[84.7973,24.5226],[84.7941,24.52],[84.7901,24.5191],[84.7889,24.5154],[84.7895,24.5077],[84.7861,24.5038],[84.7841,24.5032],[84.7812,24.5045],[84.778,24.5045],[84.7701,24.5017],[84.7628,24.5001],[84.7556,24.5],[84.7519,24.4975],[84.748,24.496],[84.7464,24.4861],[84.7436,24.4852],[84.7365,24.4772],[84.7302,24.4718],[84.7292,24.4702],[84.7223,24.4689],[84.7189,24.4692],[84.7162,24.4721],[84.7098,24.4709],[84.7077,24.4676],[84.7033,24.4661],[84.7026,24.4623],[84.6941,24.4589],[84.688,24.4577],[84.6847,24.4544],[84.6838,24.4518],[84.6812,24.446],[84.6821,24.4448],[84.68,24.4405],[84.6788,24.4355],[84.6768,24.4353],[84.6712,24.4299],[84.6707,24.4278],[84.6754,24.4264],[84.6743,24.4228],[84.675,24.4209],[84.6734,24.4169],[84.6745,24.4109],[84.6688,24.4099],[84.6704,24.4055],[84.6688,24.4028],[84.6681,24.3986],[84.6652,24.3911],[84.6622,24.3914],[84.6666,24.3898],[84.6654,24.3876],[84.6659,24.3851],[84.6711,24.3784],[84.6795,24.3777],[84.6848,24.3747],[84.6899,24.3683],[84.691,24.3661],[84.6885,24.3634],[84.6871,24.3592],[84.6941,24.3577],[84.6957,24.3563],[84.7033,24.3564],[84.7059,24.3553],[84.7118,24.3554],[84.7145,24.3562],[84.7186,24.356],[84.7187,24.3524],[84.7237,24.3512],[84.7289,24.3466],[84.7336,24.3433],[84.736,24.3435],[84.7368,24.3401],[84.7387,24.3398],[84.7395,24.3364],[84.7446,24.333],[84.7412,24.3298],[84.7355,24.3295],[84.7331,24.3288],[84.7312,24.3192],[84.727,24.3147],[84.7265,24.3124],[84.7206,24.2995],[84.7216,24.2957],[84.7192,24.294],[84.718,24.2883],[84.7186,24.2845],[84.7168,24.2823],[84.7195,24.2784],[84.7202,24.2731],[84.723,24.2672],[84.7231,24.2617],[84.7272,24.2589],[84.7293,24.2586]]]},"properties":{"id":"in:subdistrict:2514","level":"subdistrict","name":"Shaligram Ram Narayanpur(Hunt*","code":2514,"parent":"in:district:323","state":"in:state:20"}},{"type":"Feature","geometry":{"type":"Polygon","coordinates":[[[86.296,24.4505],[86.2916,24.4497],[86.2882,24.4455],[86.2884,24.4431],[86.2923,24.4372],[86.2986,24.4371],[86.302,24.4346],[86.3005,24.4323],[86.303,24.4283],[86.3034,24.4243],[86.3072,24.4257],[86.3107,24.4195],[86.3123,24.4152],[86.3158,24.4134],[86.3187,24.414],[86.3175,24.4064],[86.319,24.4005],[86.3187,24.3983],[86.3154,24.3972],[86.3164,24.3944],[86.3156,24.3887],[86.3118,24.3874],[86.3085,24.3842],[86.3024,24.3827],[86.3008,24.3814],[86.2973,24.3758],[86.2935,24.3726],[86.2947,24.3706],[86.2916,24.368],[86.2858,24.369],[86.2844,24.3632],[86.2803,24.3595],[86.2821,24.3537],[86.2809,24.3496],[86.279,24.3482],[86.2808,24.342],[86.2796,24.3391],[86.2759,24.3365],[86.2751,24.334],[86.2726,24.3313],[86.2687,24.3306],[86.2655,24.3325],[86.2628,24.3299],[86.263,24.3271],[86.2594,24.3252],[86.2536,24.3248],[86.2537,24.3224],[86.252,24.3203],[86.2554,24.3158],[86.2527,24.3149],[86.256,24.3109],[86.252,24.3092],[86.252,24.3072],[86.2547,24.3019],[86.2558,24.2941],[86.2576,24.2912],[86.2573,24.2883],[86.2538,24.2876],[86.2528,24.2853],[86.2554,24.2801],[86.2577,24.2816],[86.2616,24.2794],[86.2624,24.2769],[86.2605,24.2752],[86.2608,24.2715],[86.2617,24.2745],[86.2685,24.2704],[86.2707,24.2716],[86.2712,24.2744],[86.2743,24.2736],[86.2798,24.2746],[86.283,24.2732],[86.2835,24.27],[86.2855,24.2672],[86.2886,24.2661],[86.2957,24.2606],[86.2941,24.2561],[86.2837,24.2534],[86.282,24.2541],[86.2803,24.2573],[86.275,24.2543],[86.2777,24.2482],[86.2748,24.2453],[86.2762,24.2404],[86.2749,24.2372],[86.2762,24.234],[86.2785,24.2331],[86.2781,24.2287],[86.2744,24.2266],[86.2742,24.2241],[86.2756,24.2218],[86.2782,24.2245],[86.28,24.2234],[86.2846,24.2179],[86.2893,24.2147],[86.2899,24.2164],[86.2972,24.2168],[86.3008,24.2152],[86.3034,24.2176],[86.3125,24.2136],[86.3148,24.2132],[86.3173,24.2146],[86.3249,24.2113],[86.3376,24.2102],[86.3429,24.212],[86.3461,24.2115],[86.344,24.2081],[86.3464,24.2031],[86.3555,24.2068],[86.3555,24.2101],[86.3592,24.2097],[86.3628,24.2128],[86.3651,24.2097],[86.3651,24.2073],[86.3662,24.2054],[86.3707,24.2066],[86.3725,24.2089],[86.376,24.2059],[86.3788,24.2096],[86.3795,24.2119],[86.3783,24.2147],[86.3796,24.2168],[86.3791,24.222],[86.3805,24.2267],[86.383,24.2295],[86.3912,24.2282],[86.3936,24.231],[86.3965,24.2327],[86.4075,24.2345],[86.4092,24.2328],[86.414,24.232],[86.4189,24.2303],[86.4219,24.2316],[86.4252,24.2296],[86.4264,24.234],[86.4301,24.2391],[86.43,24.2408],[86.4321,24.2461],[86.4334,24.2472],[86.4374,24.2465],[86.438,24.2446],[86.442,24.2473],[86.4447,24.2482],[86.4489,24.2478],[86.4517,24.2504],[86.4496,24.2543],[86.4511,24.2558],[86.4599,24.255],[86.461,24.253],[86.4702,24.2534],[86.4803,24.2601],[86.4843,24.262],[86.4894,24.2592],[86.4926,24.259],[86.4967,24.2616],[86.4995,24.2606],[86.5007,24.2571],[86.5092,24.2574],[86.5112,24.2626],[86.5075,24.2705],[86.5063,24.2752],[86.5048,24.2769],[86.5049,24.2815],[86.5018,24.2847],[86.4959,24.2846],[86.4922,24.2851],[86.4884,24.2869],[86.4861,24.2911],[86.4864,24.2963],[86.4844,24.2982],[86.4819,24.298],[86.478,24.3006],[86.4763,24.3082],[86.4749,24.3111],[86.4722,24.3137],[86.474,24.3211],[86.4734,24.3239],[86.4753,24.3265],[86.4756,24.3301],[86.469,24.3318],[86.4629,24.3318],[86.4616,24.3336],[86.4579,24.3345],[86.4602,24.3385],[86.4627,24.3389],[86.4669,24.3457],[86.4697,24.3486],[86.4703,24.3536],[86.4659,24.3536],[86.4592,24.3549],[86.4566,24.3578],[86.4591,24.3646],[86.4576,24.3687],[86.4578,24.3713],[86.4554,24.3719],[86.4494,24.3704],[86.4445,24.3678],[86.4407,24.3723],[86.436,24.3756],[86.433,24.3797],[86.4317,24.3802],[86.4289,24.3775],[86.4243,24.3793],[86.4204,24.3787],[86.4184,24.3799],[86.4137,24.3799],[86.4121,24.381],[86.404,24.3891],[86.4037,24.3937],[86.4015,24.3976],[86.3967,24.3988],[86.3973,24.4032],[86.391,24.4067],[86.3879,24.4093],[86.3823,24.4122],[86.3781,24.4162],[86.3698,24.4182],[86.3674,24.4204],[86.3675,24.4241],[86.3642,24.4259],[86.3616,24.4285],[86.3589,24.4289],[86.3572,24.4325],[86.3528,24.4392],[86.3516,24.4443],[86.3499,24.4474],[86.3444,24.4469],[86.3451,24.4445],[86.3343,24.4426],[86.3314,24.4444],[86.3283,24.4431],[86.3257,24.4436],[86.3235,24.4422],[86.3174,24.4415],[86.3159,24.4422],[86.3155,24.4456],[86.313,24.4473],[86.3074,24.4471],[86.2997,24.4477],[86.296,24.4505]]]},"properties":{"id":"in:subdistrict:2537","level":"subdistrict","name":"Bengabad","code":2537,"parent":"in:district:329","state":"in:state:20"}},{"type":"Feature","geometry":{"type":"Polygon","coordinates":[[[86.1338,24.605],[86.1319,24.6038],[86.1328,24.6009],[86.1326,24.5959],[86.1335,24.5935],[86.1274,24.5898],[86.1239,24.589],[86.1219,24.5873],[86.1182,24.5815],[86.1178,24.576],[86.119,24.5718],[86.1212,24.5698],[86.1152,24.5611],[86.1108,24.5592],[86.1101,24.5541],[86.117,24.5528],[86.121,24.5491],[86.1211,24.5476],[86.1181,24.5404],[86.1188,24.5391],[86.125,24.5382],[86.1266,24.5335],[86.1293,24.5301],[86.127,24.5244],[86.1252,24.5225],[86.1194,24.5206],[86.1143,24.5202],[86.1086,24.5227],[86.1037,24.5269],[86.0988,24.5241],[86.0909,24.5257],[86.0847,24.5295],[86.0803,24.5283],[86.0789,24.5266],[86.0806,24.5204],[86.0829,24.5166],[86.0814,24.5147],[86.0758,24.5165],[86.0712,24.5188],[86.0774,24.5296],[86.0709,24.5348],[86.0649,24.5344],[86.064,24.5385],[86.0598,24.5438],[86.0576,24.5451],[86.0525,24.5419],[86.0519,24.5388],[86.0499,24.5359],[86.0469,24.5343],[86.0376,24.5347],[86.0313,24.5361],[86.0254,24.5403],[86.0223,24.533],[86.02,24.5298],[86.0175,24.5324],[86.0212,24.5359],[86.022,24.5386],[86.0161,24.5453],[86.0134,24.5475],[86.0094,24.5464],[86.0048,24.549],[85.9998,24.5498],[85.9981,24.5398],[85.9943,24.5426],[85.9894,24.5418],[85.9877,24.5368],[85.9857,24.537],[85.9842,24.5396],[85.978,24.5422],[85.9759,24.5414],[85.9725,24.5378],[85.9765,24.5364],[85.9761,24.5324],[85.9774,24.5307],[85.976,24.5271],[85.9776,24.5254],[85.9744,24.5189],[85.9758,24.5141],[85.9777,24.512],[85.9763,24.5068],[85.9767,24.5053],[85.9758,24.4966],[85.9737,24.4946],[85.9745,24.4916],[85.9793,24.4881],[85.9873,24.484],[85.9885,24.4821],[85.9937,24.4791],[85.9991,24.4749],[86.0026,24.4755],[86.0026,24.4723],[86.0063,24.4682],[86.0074,24.4635],[86.0074,24.4604],[86.0114,24.4569],[86.016,24.456],[86.0184,24.4565],[86.0215,24.4606],[86.0232,24.4572],[86.0263,24.4566],[86.0353,24.4518],[86.0398,24.4524],[86.0423,24.4536],[86.0451,24.4565],[86.0458,24.4627],[86.0506,24.4618],[86.0527,24.4631],[86.0578,24.4608],[86.0593,24.4619],[86.0648,24.4559],[86.0712,24.4549],[86.0743,24.4554],[86.0771,24.4576],[86.0794,24.4619],[86.0828,24.4586],[86.0899,24.459],[86.09,24.4553],[86.0943,24.4538],[86.099,24.4553],[86.1056,24.4549],[86.1089,24.4535],[86.1113,24.4547],[86.1087,24.4609],[86.1129,24.4615],[86.1136,24.4603],[86.1195,24.4588],[86.1213,24.4564],[86.126,24.4545],[86.1278,24.4522],[86.1367,24.4534],[86.1369,24.4514],[86.1488,24.4492],[86.152,24.4502],[86.1528,24.4476],[86.1566,24.4477],[86.1588,24.4488],[86.1635,24.4461],[86.163,24.443],[86.1651,24.4406],[86.1736,24.4416],[86.1742,24.4319],[86.1769,24.4302],[86.181,24.429],[86.1837,24.4291],[86.1854,24.4277],[86.1883,24.428],[86.1939,24.4264],[86.1952,24.4222],[86.1942,24.4176],[86.1966,24.4172],[86.198,24.4193],[86.2013,24.4195],[86.2019,24.4159],[86.2006,24.4135],[86.2049,24.413],[86.2054,24.4079],[86.2084,24.4063],[86.2129,24.4099],[86.2144,24.4072],[86.2237,24.4039],[86.2269,24.4023],[86.2331,24.4081],[86.2376,24.4076],[86.2407,24.4147],[86.2442,24.4152],[86.2488,24.4177],[86.2545,24.4184],[86.2586,24.4208],[86.2565,24.4231],[86.251,24.4246],[86.2481,24.4304],[86.2497,24.4341],[86.2542,24.4366],[86.256,24.4391],[86.2601,24.441],[86.262,24.4396],[86.2653,24.4414],[86.2686,24.4464],[86.2718,24.4456],[86.2784,24.447],[86.2805,24.446],[86.2801,24.4434],[86.2828,24.4423],[86.2827,24.4392],[86.288,24.4376],[86.2923,24.4372],[86.2884,24.4431],[86.2882,24.4455],[86.2916,24.4497],[86.296,24.4505],[86.2943,24.4518],[86.2946,24.456],[86.2999,24.4587],[86.2878,24.4629],[86.2861,24.4625],[86.2831,24.4647],[86.276,24.4658],[86.2787,24.473],[86.2818,24.4791],[86.2835,24.4798],[86.2904,24.4789],[86.2935,24.4815],[86.2937,24.4879],[86.2951,24.4908],[86.2989,24.4952],[86.2994,24.5],[86.3026,24.5029],[86.3033,24.5055],[86.309,24.5098],[86.3091,24.5125],[86.3056,24.5194],[86.3057,24.5277],[86.2993,24.5303],[86.2976,24.533],[86.2971,24.5361],[86.3,24.5363],[86.3075,24.5464],[86.3081,24.5492],[86.3041,24.5529],[86.3028,24.5565],[86.3029,24.5591],[86.3008,24.5601],[86.304,24.5658],[86.3076,24.5675],[86.3071,24.5714],[86.3113,24.5731],[86.3134,24.5751],[86.3176,24.5774],[86.3166,24.5818],[86.3228,24.5856],[86.3196,24.586],[86.3175,24.5882],[86.3141,24.587],[86.3081,24.5881],[86.3094,24.5846],[86.3085,24.5836],[86.303,24.5833],[86.3012,24.5856],[86.2975,24.5851],[86.2938,24.5878],[86.2907,24.5883],[86.2875,24.587],[86.2853,24.5878],[86.2811,24.5852],[86.2772,24.5865],[86.2704,24.5856],[86.2699,24.5841],[86.2748,24.5801],[86.2731,24.5773],[86.2711,24.5794],[86.2671,24.5811],[86.2646,24.5841],[86.2628,24.5835],[86.2635,24.5806],[86.2623,24.579],[86.2592,24.5787],[86.2569,24.5806],[86.2545,24.5871],[86.2524,24.5865],[86.2438,24.5884],[86.2411,24.5906],[86.2408,24.597],[86.2383,24.6001],[86.2347,24.6029],[86.2307,24.604],[86.2295,24.6057],[86.2239,24.607],[86.2218,24.611],[86.2183,24.611],[86.2174,24.6126],[86.2143,24.6138],[86.2134,24.6024],[86.2158,24.6006],[86.2164,24.5985],[86.2148,24.5952],[86.2077,24.5911],[86.1973,24.5882],[86.1945,24.5857],[86.1889,24.5853],[86.1861,24.586],[86.1837,24.5841],[86.1821,24.5852],[86.1761,24.5845],[86.17,24.5858],[86.1664,24.5855],[86.163,24.5864],[86.1545,24.5925],[86.1522,24.5928],[86.1502,24.5951],[86.1501,24.5979],[86.1515,24.6019],[86.1493,24.6034],[86.1442,24.6048],[86.1413,24.607],[86.138,24.6072],[86.1338,24.605]]]},"properties":{"id":"in:subdistrict:2534","level":"subdistrict","name":"Deori","code":2534,"parent":"in:district:329","state":"in:state:20"}},{"type":"Feature","geometry":{"type":"Polygon","coordinates":[[[86.2923,24.4372],[86.288,24.4376],[86.2827,24.4392],[86.2828,24.4423],[86.2801,24.4434],[86.2805,24.446],[86.2784,24.447],[86.2718,24.4456],[86.2686,24.4464],[86.2653,24.4414],[86.262,24.4396],[86.2601,24.441],[86.256,24.4391],[86.2542,24.4366],[86.2497,24.4341],[86.2481,24.4304],[86.251,24.4246],[86.2565,24.4231],[86.2586,24.4208],[86.2545,24.4184],[86.2488,24.4177],[86.2442,24.4152],[86.2407,24.4147],[86.2376,24.4076],[86.2331,24.4081],[86.2269,24.4023],[86.2237,24.4039],[86.2144,24.4072],[86.2129,24.4099],[86.2084,24.4063],[86.2054,24.4079],[86.2049,24.413],[86.2006,24.4135],[86.2019,24.4159],[86.2013,24.4195],[86.198,24.4193],[86.1966,24.4172],[86.1942,24.4176],[86.1952,24.4222],[86.1939,24.4264],[86.1883,24.428],[86.1854,24.4277],[86.1837,24.4291],[86.181,24.429],[86.1769,24.4302],[86.1742,24.4319],[86.1736,24.4416],[86.1651,24.4406],[86.163,24.443],[86.1635,24.4461],[86.1588,24.4488],[86.1566,24.4477],[86.1528,24.4476],[86.152,24.4502],[86.1488,24.4492],[86.1369,24.4514],[86.1367,24.4534],[86.1278,24.4522],[86.126,24.4545],[86.1213,24.4564],[86.1195,24.4588],[86.1136,24.4603],[86.1129,24.4615],[86.1087,24.4609],[86.1113,24.4547],[86.1089,24.4535],[86.1056,24.4549],[86.099,24.4553],[86.0943,24.4538],[86.09,24.4553],[86.0899,24.459],[86.0828,24.4586],[86.0794,24.4619],[86.0771,24.4576],[86.0743,24.4554],[86.0712,24.4549],[86.0648,24.4559],[86.0593,24.4619],[86.0578,24.4608],[86.0527,24.4631],[86.0506,24.4618],[86.0458,24.4627],[86.0451,24.4565],[86.0423,24.4536],[86.0398,24.4524],[86.0353,24.4518],[86.0263,24.4566],[86.0232,24.4572],[86.0215,24.4606],[86.0184,24.4565],[86.0183,24.4533],[86.0141,24.4533],[86.0104,24.4507],[86.009,24.4479],[86.0016,24.4407],[86.0046,24.4377],[86.0061,24.4414],[86.0113,24.4465],[86.016,24.4456],[86.0174,24.444],[86.0163,24.4353],[86.0128,24.4311],[86.0133,24.4279],[86.0158,24.4209],[86.0177,24.42],[86.0249,24.4101],[86.0282,24.4117],[86.0315,24.411],[86.0362,24.4081],[86.0393,24.4036],[86.045,24.4076],[86.0507,24.4066],[86.0525,24.4049],[86.0499,24.402],[86.0449,24.3927],[86.0477,24.3868],[86.0435,24.3818],[86.0381,24.3828],[86.0328,24.3796],[86.0323,24.3773],[86.0262,24.3757],[86.0206,24.3723],[86.0155,24.3641],[86.0128,24.3616],[86.0128,24.36],[86.0199,24.3542],[86.0207,24.3503],[86.0197,24.3458],[86.022,24.3426],[86.0213,24.3384],[86.0266,24.338],[86.0257,24.3329],[86.0214,24.3273],[86.025,24.322],[86.0251,24.3189],[86.0214,24.317],[86.0209,24.3139],[86.0222,24.3105],[86.0247,24.3048],[86.0253,24.3008],[86.0281,24.2976],[86.0339,24.2973],[86.037,24.2963],[86.0393,24.2937],[86.0419,24.2962],[86.044,24.2956],[86.0497,24.2968],[86.0557,24.2988],[86.0613,24.2999],[86.0728,24.2987],[86.0747,24.2974],[86.081,24.296],[86.0862,24.292],[86.0929,24.2907],[86.0946,24.2866],[86.1008,24.2831],[86.1042,24.2801],[86.1073,24.2818],[86.1102,24.2804],[86.1054,24.274],[86.1045,24.2719],[86.1075,24.2712],[86.1171,24.2709],[86.1217,24.2694],[86.1235,24.2706],[86.1322,24.2685],[86.1393,24.2663],[86.1593,24.2572],[86.1647,24.2565],[86.1724,24.2643],[86.1763,24.2648],[86.179,24.2626],[86.1915,24.2648],[86.1924,24.2657],[86.2029,24.2644],[86.2047,24.2636],[86.2107,24.264],[86.2108,24.2605],[86.218,24.2614],[86.2205,24.2595],[86.2224,24.2623],[86.2211,24.2644],[86.2243,24.2702],[86.2266,24.2709],[86.2299,24.2686],[86.2341,24.2689],[86.2441,24.2681],[86.2484,24.2667],[86.2513,24.2691],[86.2554,24.2681],[86.257,24.2704],[86.2608,24.2715],[86.2605,24.2752],[86.2624,24.2769],[86.2616,24.2794],[86.2577,24.2816],[86.2554,24.2801],[86.2528,24.2853],[86.2538,24.2876],[86.2573,24.2883],[86.2576,24.2912],[86.2558,24.2941],[86.2547,24.3019],[86.252,24.3072],[86.252,24.3092],[86.256,24.3109],[86.2527,24.3149],[86.2554,24.3158],[86.252,24.3203],[86.2537,24.3224],[86.2536,24.3248],[86.2594,24.3252],[86.263,24.3271],[86.2628,24.3299],[86.2655,24.3325],[86.2687,24.3306],[86.2726,24.3313],[86.2751,24.334],[86.2759,24.3365],[86.2796,24.3391],[86.2808,24.342],[86.279,24.3482],[86.2809,24.3496],[86.2821,24.3537],[86.2803,24.3595],[86.2844,24.3632],[86.2858,24.369],[86.2916,24.368],[86.2947,24.3706],[86.2935,24.3726],[86.2973,24.3758],[86.3008,24.3814],[86.3024,24.3827],[86.3085,24.3842],[86.3118,24.3874],[86.3156,24.3887],[86.3164,24.3944],[86.3154,24.3972],[86.3187,24.3983],[86.319,24.4005],[86.3175,24.4064],[86.3187,24.414],[86.3158,24.4134],[86.3123,24.4152],[86.3107,24.4195],[86.3072,24.4257],[86.3034,24.4243],[86.303,24.4283],[86.3005,24.4323],[86.302,24.4346],[86.2986,24.4371],[86.2923,24.4372]]]},"properties":{"id":"in:subdistrict:2536","level":"subdistrict","name":"Jamua","code":2536,"parent":"in:district:329","state":"in:state:20"}},{"type":"Feature","geometry":{"type":"Polygon","coordinates":[[[85.9487,24.7336],[85.9462,24.7291],[85.9469,24.7246],[85.944,24.7206],[85.943,24.7179],[85.9461,24.716],[85.9446,24.7093],[85.9451,24.7038],[85.9417,24.7031],[85.9404,24.7009],[85.9419,24.699],[85.9429,24.6949],[85.9425,24.6919],[85.9474,24.6929],[85.9479,24.6894],[85.9499,24.6825],[85.9498,24.6795],[85.956,24.6793],[85.9551,24.6742],[85.953,24.6723],[85.9526,24.6677],[85.9469,24.6686],[85.9449,24.667],[85.9419,24.6603],[85.9433,24.6547],[85.9425,24.6506],[85.9405,24.6483],[85.9392,24.6436],[85.9366,24.642],[85.9349,24.6385],[85.9355,24.6347],[85.9406,24.6332],[85.9421,24.6354],[85.9445,24.6362],[85.9486,24.6406],[85.9515,24.6389],[85.9534,24.6352],[85.9561,24.6353],[85.9593,24.6318],[85.9614,24.6332],[85.9664,24.6339],[85.9696,24.6335],[85.9718,24.6314],[85.9751,24.6339],[85.9777,24.6316],[85.9819,24.6305],[85.9835,24.6249],[85.9794,24.6263],[85.9808,24.6162],[85.9748,24.6121],[85.9713,24.615],[85.9693,24.6121],[85.9636,24.6079],[85.9601,24.6083],[85.9603,24.6039],[85.9674,24.6063],[85.9665,24.6005],[85.9612,24.5966],[85.9539,24.5943],[85.9529,24.5925],[85.9486,24.5928],[85.9456,24.5845],[85.9467,24.5818],[85.9425,24.5813],[85.9427,24.5787],[85.9416,24.5723],[85.9388,24.5717],[85.9424,24.5687],[85.942,24.5657],[85.9461,24.5626],[85.9442,24.5591],[85.9388,24.5565],[85.9382,24.5545],[85.9337,24.5532],[85.9297,24.5511],[85.9218,24.5494],[85.9197,24.5522],[85.9142,24.5562],[85.9134,24.5546],[85.9097,24.5529],[85.9069,24.5499],[85.9087,24.5472],[85.907,24.5455],[85.9025,24.5458],[85.9002,24.5439],[85.9027,24.5398],[85.9081,24.5388],[85.9053,24.5343],[85.9051,24.5319],[85.8974,24.5279],[85.8923,24.5288],[85.8876,24.5267],[85.8893,24.5246],[85.8948,24.5223],[85.8988,24.5225],[85.9006,24.5169],[85.8988,24.5153],[85.8981,24.5115],[85.9125,24.513],[85.9157,24.5117],[85.9223,24.512],[85.9291,24.5132],[85.9361,24.515],[85.9439,24.5183],[85.947,24.517],[85.9542,24.5157],[85.9561,24.5102],[85.9546,24.5042],[85.9561,24.5008],[85.9515,24.4986],[85.9481,24.5007],[85.946,24.4999],[85.945,24.4933],[85.9461,24.4898],[85.95,24.4845],[85.9529,24.487],[85.9572,24.4885],[85.9591,24.4873],[85.9649,24.4873],[85.9686,24.4892],[85.9717,24.4892],[85.9745,24.4916],[85.9737,24.4946],[85.9758,24.4966],[85.9767,24.5053],[85.9763,24.5068],[85.9777,24.512],[85.9758,24.5141],[85.9744,24.5189],[85.9776,24.5254],[85.976,24.5271],[85.9774,24.5307],[85.9761,24.5324],[85.9765,24.5364],[85.9725,24.5378],[85.9759,24.5414],[85.978,24.5422],[85.9842,24.5396],[85.9857,24.537],[85.9877,24.5368],[85.9894,24.5418],[85.9943,24.5426],[85.9981,24.5398],[85.9998,24.5498],[86.0048,24.549],[86.0094,24.5464],[86.0134,24.5475],[86.0161,24.5453],[86.022,24.5386],[86.0212,24.5359],[86.0175,24.5324],[86.02,24.5298],[86.0223,24.533],[86.0254,24.5403],[86.0313,24.5361],[86.0376,24.5347],[86.0469,24.5343],[86.0499,24.5359],[86.0519,24.5388],[86.0525,24.5419],[86.0576,24.5451],[86.0598,24.5438],[86.064,24.5385],[86.0649,24.5344],[86.0709,24.5348],[86.0774,24.5296],[86.0712,24.5188],[86.0758,24.5165],[86.0814,24.5147],[86.0829,24.5166],[86.0806,24.5204],[86.0789,24.5266],[86.0803,24.5283],[86.0847,24.5295],[86.0909,24.5257],[86.0988,24.5241],[86.1037,24.5269],[86.1086,24.5227],[86.1143,24.5202],[86.1194,24.5206],[86.1252,24.5225],[86.127,24.5244],[86.1293,24.5301],[86.1266,24.5335],[86.125,24.5382],[86.1188,24.5391],[86.1181,24.5404],[86.1211,24.5476],[86.121,24.5491],[86.117,24.5528],[86.1101,24.5541],[86.1108,24.5592],[86.1152,24.5611],[86.1212,24.5698],[86.119,24.5718],[86.1178,24.576],[86.1182,24.5815],[86.1219,24.5873],[86.1239,24.589],[86.1274,24.5898],[86.1335,24.5935],[86.1326,24.5959],[86.1328,24.6009],[86.1319,24.6038],[86.1338,24.605],[86.1311,24.6073],[86.1292,24.611],[86.1259,24.6113],[86.1251,24.6137],[86.1221,24.6162],[86.1211,24.619],[86.1221,24.6215],[86.1187,24.6266],[86.1198,24.6304],[86.1214,24.6317],[86.1207,24.6351],[86.1185,24.6361],[86.1197,24.6391],[86.117,24.6398],[86.1152,24.6439],[86.1167,24.6452],[86.1226,24.6529],[86.1251,24.6546],[86.1247,24.6571],[86.127,24.6662],[86.1247,24.6711],[86.1309,24.6747],[86.1324,24.6783],[86.1293,24.6852],[86.1285,24.6921],[86.1284,24.6986],[86.1239,24.7047],[86.1182,24.7119],[86.1165,24.7123],[86.1164,24.7173],[86.1087,24.7272],[86.1095,24.7301],[86.1082,24.7337],[86.1052,24.737],[86.0962,24.7428],[86.0879,24.7472],[86.0801,24.7489],[86.073,24.7499],[86.0657,24.7515],[86.0617,24.7488],[86.0558,24.7461],[86.0473,24.7441],[86.0375,24.7408],[86.0359,24.7426],[86.0349,24.7462],[86.0424,24.7472],[86.0456,24.75],[86.0473,24.7529],[86.0522,24.7546],[86.0541,24.7562],[86.0569,24.7611],[86.0585,24.7717],[86.0567,24.7747],[86.0551,24.7797],[86.0456,24.7764],[86.0375,24.7765],[86.0342,24.7722],[86.0303,24.7695],[86.0242,24.7667],[86.0219,24.7664],[86.017,24.764],[86.0129,24.7643],[86.0051,24.7619],[86.0012,24.7592],[85.9964,24.7532],[85.991,24.7523],[85.9859,24.7508],[85.9832,24.7486],[85.9801,24.7488],[85.9759,24.7457],[85.9717,24.7398],[85.9718,24.7365],[85.969,24.7331],[85.9585,24.7323],[85.9487,24.7336]]]},"properties":{"id":"in:subdistrict:2533","level":"subdistrict","name":"Tisri","code":2533,"parent":"in:district:329","state":"in:state:20"}},{"type":"Feature","geometry":{"type":"Polygon","coordinates":[[[85.9036,24.7656],[85.902,24.7644],[85.9009,24.7561],[85.8944,24.7526],[85.8875,24.7512],[85.8854,24.7488],[85.8868,24.7473],[85.8832,24.7435],[85.8873,24.7407],[85.8913,24.7368],[85.8905,24.7339],[85.887,24.7311],[85.8844,24.7315],[85.8807,24.7353],[85.878,24.7363],[85.8732,24.7331],[85.8696,24.7322],[85.8669,24.7337],[85.8617,24.7351],[85.8583,24.7382],[85.8554,24.7382],[85.8548,24.7345],[85.8467,24.7333],[85.8393,24.7311],[85.8264,24.728],[85.8209,24.7257],[85.8189,24.7233],[85.8182,24.7183],[85.8189,24.715],[85.8274,24.7063],[85.8312,24.703],[85.8288,24.6975],[85.8311,24.6935],[85.8329,24.6858],[85.8335,24.6803],[85.8361,24.6786],[85.8378,24.676],[85.838,24.6728],[85.8425,24.6693],[85.8428,24.6676],[85.837,24.6649],[85.8324,24.6658],[85.8285,24.662],[85.8242,24.6659],[85.8195,24.6681],[85.8172,24.6683],[85.8069,24.6728],[85.803,24.6707],[85.7963,24.6682],[85.7943,24.6653],[85.7911,24.6631],[85.7848,24.6557],[85.7853,24.651],[85.7843,24.647],[85.7775,24.6453],[85.7737,24.6436],[85.7748,24.6381],[85.7747,24.6295],[85.7732,24.6266],[85.7755,24.6222],[85.7757,24.6147],[85.7743,24.6135],[85.7747,24.6099],[85.7789,24.6078],[85.7841,24.6023],[85.7871,24.6018],[85.7904,24.6029],[85.7955,24.607],[85.8028,24.6087],[85.8007,24.6046],[85.7968,24.6001],[85.7922,24.5892],[85.7954,24.5835],[85.799,24.5811],[85.8041,24.5757],[85.8083,24.573],[85.8059,24.569],[85.8049,24.5638],[85.8067,24.5627],[85.8077,24.5597],[85.8073,24.5552],[85.8109,24.5487],[85.8118,24.5482],[85.8201,24.5477],[85.8267,24.5479],[85.8396,24.5443],[85.8454,24.5405],[85.8497,24.5386],[85.8559,24.534],[85.8654,24.5288],[85.8695,24.5257],[85.8689,24.5219],[85.8711,24.5192],[85.8769,24.5192],[85.8803,24.5162],[85.8808,24.5124],[85.883,24.5119],[85.8889,24.5051],[85.8959,24.507],[85.8977,24.5089],[85.8981,24.5115],[85.8988,24.5153],[85.9006,24.5169],[85.8988,24.5225],[85.8948,24.5223],[85.8893,24.5246],[85.8876,24.5267],[85.8923,24.5288],[85.8974,24.5279],[85.9051,24.5319],[85.9053,24.5343],[85.9081,24.5388],[85.9027,24.5398],[85.9002,24.5439],[85.9025,24.5458],[85.907,24.5455],[85.9087,24.5472],[85.9069,24.5499],[85.9097,24.5529],[85.9134,24.5546],[85.9142,24.5562],[85.9197,24.5522],[85.9218,24.5494],[85.9297,24.5511],[85.9337,24.5532],[85.9382,24.5545],[85.9388,24.5565],[85.9442,24.5591],[85.9461,24.5626],[85.942,24.5657],[85.9424,24.5687],[85.9388,24.5717],[85.9416,24.5723],[85.9427,24.5787],[85.9425,24.5813],[85.9467,24.5818],[85.9456,24.5845],[85.9486,24.5928],[85.9529,24.5925],[85.9539,24.5943],[85.9612,24.5966],[85.9665,24.6005],[85.9674,24.6063],[85.9603,24.6039],[85.9601,24.6083],[85.9636,24.6079],[85.9693,24.6121],[85.9713,24.615],[85.9748,24.6121],[85.9808,24.6162],[85.9794,24.6263],[85.9835,24.6249],[85.9819,24.6305],[85.9777,24.6316],[85.9751,24.6339],[85.9718,24.6314],[85.9696,24.6335],[85.9664,24.6339],[85.9614,24.6332],[85.9593,24.6318],[85.9561,24.6353],[85.9534,24.6352],[85.9515,24.6389],[85.9486,24.6406],[85.9445,24.6362],[85.9421,24.6354],[85.9406,24.6332],[85.9355,24.6347],[85.9349,24.6385],[85.9366,24.642],[85.9392,24.6436],[85.9405,24.6483],[85.9425,24.6506],[85.9433,24.6547],[85.9419,24.6603],[85.9449,24.667],[85.9469,24.6686],[85.9526,24.6677],[85.953,24.6723],[85.9551,24.6742],[85.956,24.6793],[85.9498,24.6795],[85.9499,24.6825],[85.9479,24.6894],[85.9474,24.6929],[85.9425,24.6919],[85.9429,24.6949],[85.9419,24.699],[85.9404,24.7009],[85.9417,24.7031],[85.9451,24.7038],[85.9446,24.7093],[85.9461,24.716],[85.943,24.7179],[85.944,24.7206],[85.9469,24.7246],[85.9462,24.7291],[85.9487,24.7336],[85.9432,24.7337],[85.9376,24.7349],[85.9343,24.7372],[85.9252,24.741],[85.9216,24.7432],[85.9159,24.7486],[85.908,24.758],[85.9036,24.7656]]]},"properties":{"id":"in:subdistrict:2532","level":"subdistrict","name":"Gawan","code":2532,"parent":"in:district:329","state":"in:state:20"}},{"type":"Feature","geometry":{"type":"Polygon","coordinates":[[[85.6723,24.6261],[85.6795,24.6222],[85.6853,24.6228],[85.6913,24.6212],[85.6967,24.6216],[85.6991,24.62],[85.7043,24.6229],[85.7065,24.6228],[85.7163,24.6195],[85.7222,24.6183],[85.7234,24.6234],[85.7274,24.6239],[85.7306,24.6265],[85.7365,24.6268],[85.7405,24.6251],[85.7432,24.6263],[85.7465,24.6252],[85.7504,24.6279],[85.7539,24.6292],[85.7597,24.6266],[85.7605,24.6238],[85.766,24.6175],[85.7662,24.6155],[85.7702,24.6107],[85.7747,24.6099],[85.7743,24.6135],[85.7757,24.6147],[85.7755,24.6222],[85.7732,24.6266],[85.7747,24.6295],[85.7748,24.6381],[85.7737,24.6436],[85.7775,24.6453],[85.7843,24.647],[85.7853,24.651],[85.7848,24.6557],[85.7911,24.6631],[85.7943,24.6653],[85.7963,24.6682],[85.803,24.6707],[85.8069,24.6728],[85.8172,24.6683],[85.8195,24.6681],[85.8242,24.6659],[85.8285,24.662],[85.8324,24.6658],[85.837,24.6649],[85.8428,24.6676],[85.8425,24.6693],[85.838,24.6728],[85.8378,24.676],[85.8361,24.6786],[85.8335,24.6803],[85.8329,24.6858],[85.8311,24.6935],[85.8288,24.6975],[85.8312,24.703],[85.8274,24.7063],[85.8189,24.715],[85.8182,24.7183],[85.8189,24.7233],[85.8209,24.7257],[85.8264,24.728],[85.8393,24.7311],[85.8467,24.7333],[85.8548,24.7345],[85.8554,24.7382],[85.8583,24.7382],[85.8617,24.7351],[85.8669,24.7337],[85.8696,24.7322],[85.8732,24.7331],[85.878,24.7363],[85.8807,24.7353],[85.8844,24.7315],[85.887,24.7311],[85.8905,24.7339],[85.8913,24.7368],[85.8873,24.7407],[85.8832,24.7435],[85.8868,24.7473],[85.8854,24.7488],[85.8875,24.7512],[85.8944,24.7526],[85.9009,24.7561],[85.902,24.7644],[85.9036,24.7656],[85.9002,24.7705],[85.8998,24.7732],[85.8964,24.7754],[85.887,24.7833],[85.8867,24.7878],[85.8893,24.7897],[85.8894,24.7924],[85.8838,24.7963],[85.8793,24.7978],[85.8672,24.8042],[85.86,24.8061],[85.8574,24.8075],[85.8511,24.8082],[85.847,24.8079],[85.8427,24.8087],[85.8388,24.8082],[85.8273,24.8083],[85.8204,24.8076],[85.8153,24.804],[85.8106,24.799],[85.8096,24.794],[85.8004,24.7951],[85.7963,24.7952],[85.7891,24.7965],[85.7796,24.7994],[85.7785,24.7969],[85.7753,24.7984],[85.7677,24.8043],[85.7688,24.8073],[85.7622,24.8128],[85.758,24.8131],[85.744,24.8191],[85.7362,24.821],[85.7327,24.8165],[85.7306,24.8121],[85.7302,24.8037],[85.7306,24.8019],[85.7291,24.7984],[85.7236,24.7971],[85.7233,24.7907],[85.7218,24.7854],[85.7125,24.7811],[85.7074,24.7798],[85.7094,24.7773],[85.7075,24.7731],[85.7069,24.7666],[85.7046,24.7671],[85.704,24.7614],[85.7039,24.7514],[85.7093,24.7464],[85.7088,24.7421],[85.7068,24.7407],[85.7078,24.7372],[85.7064,24.7328],[85.7083,24.7259],[85.7051,24.7215],[85.7001,24.7171],[85.6978,24.7109],[85.6913,24.7024],[85.6891,24.6981],[85.683,24.6927],[85.6761,24.6897],[85.6715,24.6902],[85.6662,24.6886],[85.6627,24.6883],[85.6574,24.6862],[85.6494,24.6849],[85.6512,24.6782],[85.6532,24.6773],[85.6543,24.674],[85.6602,24.6724],[85.66,24.6676],[85.6664,24.6619],[85.6675,24.6575],[85.6645,24.6545],[85.6647,24.6521],[85.6626,24.6496],[85.6649,24.6429],[85.6687,24.6406],[85.6675,24.6376],[85.6681,24.6354],[85.6729,24.6279],[85.6723,24.6261]]]},"properties":{"id":"in:subdistrict:2526","level":"subdistrict","name":"Satgawan","code":2526,"parent":"in:district:334","state":"in:state:20"}},{"type":"Feature","geometry":{"type":"Polygon","coordinates":[[[85.6517,24.5748],[85.6518,24.5716],[85.6537,24.5648],[85.6581,24.5564],[85.6582,24.549],[85.6603,24.5422],[85.6598,24.5392],[85.6607,24.535],[85.6623,24.5338],[85.6626,24.5285],[85.6595,24.5223],[85.6582,24.5168],[85.6582,24.5104],[85.6589,24.5083],[85.6631,24.5015],[85.6597,24.4964],[85.6607,24.4927],[85.6659,24.4887],[85.6657,24.4832],[85.6666,24.4794],[85.6697,24.4788],[85.6737,24.4749],[85.6746,24.4723],[85.6724,24.4683],[85.6833,24.4668],[85.6901,24.4626],[85.6897,24.4605],[85.6871,24.4578],[85.6845,24.4579],[85.6808,24.4598],[85.6764,24.4606],[85.6736,24.4533],[85.6691,24.452],[85.6728,24.4497],[85.6765,24.4462],[85.6754,24.4417],[85.6726,24.4387],[85.6739,24.4359],[85.6736,24.4292],[85.6751,24.4225],[85.6775,24.4193],[85.6807,24.421],[85.6827,24.4208],[85.6824,24.4156],[85.6854,24.4105],[85.6902,24.4056],[85.6934,24.4006],[85.7034,24.3995],[85.7092,24.3972],[85.7146,24.3938],[85.7184,24.3939],[85.7164,24.3895],[85.7238,24.385],[85.726,24.3847],[85.7277,24.3824],[85.7341,24.3783],[85.7398,24.3724],[85.7425,24.3718],[85.7466,24.3727],[85.7477,24.3742],[85.7482,24.3848],[85.7522,24.3883],[85.7561,24.3886],[85.7596,24.3943],[85.7644,24.3986],[85.7659,24.4039],[85.7723,24.4082],[85.7794,24.415],[85.7824,24.4151],[85.7864,24.4168],[85.7883,24.4203],[85.7854,24.4295],[85.7863,24.438],[85.7841,24.4411],[85.7843,24.4481],[85.7829,24.4513],[85.7849,24.4561],[85.7948,24.4538],[85.795,24.457],[85.797,24.4601],[85.7981,24.464],[85.8001,24.4662],[85.8033,24.4677],[85.8048,24.4705],[85.8061,24.4768],[85.8115,24.4778],[85.8106,24.4795],[85.8091,24.4875],[85.8129,24.4929],[85.8142,24.4987],[85.8124,24.5014],[85.8158,24.5096],[85.8132,24.5148],[85.8093,24.5184],[85.8059,24.5189],[85.8028,24.5216],[85.8065,24.5297],[85.8088,24.54],[85.8108,24.5469],[85.8118,24.5482],[85.8109,24.5487],[85.8073,24.5552],[85.8077,24.5597],[85.8067,24.5627],[85.8049,24.5638],[85.8059,24.569],[85.8083,24.573],[85.8041,24.5757],[85.799,24.5811],[85.7954,24.5835],[85.7922,24.5892],[85.7968,24.6001],[85.8007,24.6046],[85.8028,24.6087],[85.7955,24.607],[85.7904,24.6029],[85.7871,24.6018],[85.7841,24.6023],[85.7789,24.6078],[85.7747,24.6099],[85.7702,24.6107],[85.7662,24.6155],[85.766,24.6175],[85.7605,24.6238],[85.7597,24.6266],[85.7539,24.6292],[85.7504,24.6279],[85.7465,24.6252],[85.7432,24.6263],[85.7405,24.6251],[85.7365,24.6268],[85.7306,24.6265],[85.7274,24.6239],[85.7234,24.6234],[85.7222,24.6183],[85.7163,24.6195],[85.7065,24.6228],[85.7043,24.6229],[85.6991,24.62],[85.6967,24.6216],[85.6913,24.6212],[85.6853,24.6228],[85.6795,24.6222],[85.6723,24.6261],[85.6733,24.621],[85.6759,24.6175],[85.6749,24.6104],[85.6756,24.6051],[85.674,24.5975],[85.6771,24.5946],[85.6776,24.5916],[85.6751,24.5875],[85.6728,24.5854],[85.6702,24.5812],[85.6674,24.5789],[85.6581,24.578],[85.6517,24.5748]]]},"properties":{"id":"in:subdistrict:2528","level":"subdistrict","name":"Domchanch","code":2528,"parent":"in:district:334","state":"in:state:20"}},{"type":"Feature","geometry":{"type":"Polygon","coordinates":[[[85.5711,24.4093],[85.575,24.4066],[85.5786,24.4005],[85.5781,24.3972],[85.5875,24.3952],[85.5887,24.3937],[85.5954,24.3918],[85.5954,24.3906],[85.5996,24.3888],[85.6028,24.3896],[85.6088,24.3951],[85.6155,24.394],[85.6193,24.3903],[85.6294,24.3889],[85.6317,24.3857],[85.6373,24.3833],[85.6382,24.3904],[85.637,24.3941],[85.6385,24.3959],[85.6424,24.3956],[85.6452,24.3994],[85.6487,24.3999],[85.6523,24.3991],[85.6611,24.3996],[85.6705,24.403],[85.6743,24.4037],[85.6799,24.4062],[85.6854,24.4105],[85.6824,24.4156],[85.6827,24.4208],[85.6807,24.421],[85.6775,24.4193],[85.6751,24.4225],[85.6736,24.4292],[85.6739,24.4359],[85.6726,24.4387],[85.6754,24.4417],[85.6765,24.4462],[85.6728,24.4497],[85.6691,24.452],[85.6736,24.4533],[85.6764,24.4606],[85.6808,24.4598],[85.6845,24.4579],[85.6871,24.4578],[85.6897,24.4605],[85.6901,24.4626],[85.6833,24.4668],[85.6724,24.4683],[85.6746,24.4723],[85.6737,24.4749],[85.6697,24.4788],[85.6666,24.4794],[85.6657,24.4832],[85.6659,24.4887],[85.6607,24.4927],[85.6597,24.4964],[85.6631,24.5015],[85.6589,24.5083],[85.6582,24.5104],[85.6582,24.5168],[85.6595,24.5223],[85.6626,24.5285],[85.6623,24.5338],[85.6607,24.535],[85.6598,24.5392],[85.6603,24.5422],[85.6582,24.549],[85.6581,24.5564],[85.6537,24.5648],[85.6518,24.5716],[85.6517,24.5748],[85.649,24.5761],[85.641,24.5772],[85.6401,24.5767],[85.6352,24.5792],[85.6318,24.5789],[85.6278,24.5816],[85.6247,24.5821],[85.6197,24.58],[85.6147,24.5807],[85.6123,24.5853],[85.6123,24.5875],[85.6092,24.5908],[85.6066,24.5914],[85.6022,24.5954],[85.5997,24.5961],[85.5933,24.5949],[85.5922,24.5974],[85.5898,24.5967],[85.5808,24.6007],[85.5722,24.5962],[85.5677,24.5911],[85.566,24.5873],[85.567,24.5852],[85.5659,24.5804],[85.5672,24.5768],[85.5714,24.5751],[85.5698,24.5683],[85.5722,24.5654],[85.5718,24.5618],[85.567,24.5581],[85.5615,24.5587],[85.561,24.5528],[85.5598,24.553],[85.5563,24.558],[85.5502,24.5603],[85.5446,24.5633],[85.5408,24.5618],[85.5423,24.5576],[85.5438,24.5569],[85.5454,24.548],[85.5448,24.5435],[85.5408,24.5305],[85.5382,24.5278],[85.533,24.5261],[85.5298,24.5239],[85.5274,24.524],[85.524,24.5213],[85.5218,24.522],[85.5184,24.5261],[85.5139,24.5263],[85.5079,24.525],[85.5071,24.5262],[85.5095,24.5315],[85.5092,24.5371],[85.5025,24.5436],[85.4978,24.5467],[85.4917,24.5481],[85.4857,24.5465],[85.478,24.5468],[85.4712,24.5446],[85.4654,24.5391],[85.4596,24.5362],[85.4539,24.5373],[85.4495,24.537],[85.4444,24.5342],[85.4361,24.5333],[85.4412,24.5237],[85.449,24.5196],[85.451,24.5171],[85.4503,24.513],[85.4477,24.5097],[85.447,24.5074],[85.4488,24.5038],[85.4529,24.5008],[85.4558,24.4945],[85.4541,24.487],[85.4555,24.4821],[85.4552,24.4776],[85.4627,24.4781],[85.4669,24.4752],[85.4725,24.4809],[85.4738,24.4881],[85.4776,24.4886],[85.4827,24.4831],[85.484,24.4806],[85.4873,24.4773],[85.4863,24.4744],[85.4809,24.469],[85.4801,24.466],[85.482,24.4622],[85.4855,24.4528],[85.4846,24.45],[85.4816,24.4452],[85.4804,24.4417],[85.4812,24.4398],[85.4866,24.4354],[85.4878,24.4324],[85.4914,24.4318],[85.4946,24.4291],[85.4945,24.4223],[85.4953,24.4165],[85.4986,24.4128],[85.4989,24.4069],[85.5062,24.4029],[85.5095,24.3999],[85.5156,24.403],[85.52,24.4022],[85.5253,24.4068],[85.5303,24.4082],[85.5322,24.4095],[85.5425,24.407],[85.5468,24.4125],[85.5506,24.4152],[85.5566,24.4171],[85.5603,24.4197],[85.5645,24.4157],[85.5689,24.4124],[85.5711,24.4093]]]},"properties":{"id":"in:subdistrict:2527","level":"subdistrict","name":"Koderma","code":2527,"parent":"in:district:334","state":"in:state:20"}},{"type":"Feature","geometry":{"type":"Polygon","coordinates":[[[85.6409,24.3124],[85.6462,24.3116],[85.6532,24.3132],[85.6555,24.3101],[85.6594,24.3087],[85.6611,24.3099],[85.6629,24.3194],[85.6598,24.3308],[85.6625,24.3318],[85.6674,24.3293],[85.6691,24.3276],[85.6753,24.3241],[85.6855,24.3165],[85.6872,24.3147],[85.6905,24.3152],[85.6931,24.314],[85.6964,24.3091],[85.695,24.3045],[85.7038,24.3038],[85.7046,24.2971],[85.7068,24.2946],[85.7115,24.2921],[85.7129,24.2939],[85.7175,24.297],[85.7217,24.2983],[85.7284,24.2993],[85.7308,24.2975],[85.7369,24.2873],[85.7384,24.2857],[85.7464,24.2847],[85.7501,24.2824],[85.7554,24.2842],[85.7637,24.2899],[85.765,24.2941],[85.7642,24.3032],[85.7647,24.3065],[85.7609,24.312],[85.7614,24.3152],[85.7653,24.3193],[85.7719,24.3211],[85.7726,24.3249],[85.7674,24.327],[85.7644,24.3341],[85.7562,24.3399],[85.7552,24.3454],[85.7598,24.3495],[85.7593,24.3519],[85.7545,24.3551],[85.7508,24.3595],[85.7532,24.3669],[85.7515,24.3737],[85.7477,24.3742],[85.7466,24.3727],[85.7425,24.3718],[85.7398,24.3724],[85.7341,24.3783],[85.7277,24.3824],[85.726,24.3847],[85.7238,24.385],[85.7164,24.3895],[85.7184,24.3939],[85.7146,24.3938],[85.7092,24.3972],[85.7034,24.3995],[85.6934,24.4006],[85.6902,24.4056],[85.6854,24.4105],[85.6799,24.4062],[85.6743,24.4037],[85.6705,24.403],[85.6611,24.3996],[85.6523,24.3991],[85.6487,24.3999],[85.6452,24.3994],[85.6424,24.3956],[85.6385,24.3959],[85.637,24.3941],[85.6382,24.3904],[85.6373,24.3833],[85.6317,24.3857],[85.6294,24.3889],[85.6193,24.3903],[85.6155,24.394],[85.6088,24.3951],[85.6028,24.3896],[85.5996,24.3888],[85.5954,24.3906],[85.5954,24.3918],[85.5887,24.3937],[85.5875,24.3952],[85.5781,24.3972],[85.5786,24.4005],[85.575,24.4066],[85.5711,24.4093],[85.565,24.4083],[85.5615,24.4064],[85.5521,24.3892],[85.5519,24.3842],[85.5535,24.3817],[85.5516,24.3746],[85.5525,24.3708],[85.5518,24.3668],[85.5495,24.366],[85.5492,24.3608],[85.5518,24.3563],[85.5483,24.3549],[85.5444,24.3483],[85.5463,24.3458],[85.5525,24.3482],[85.5542,24.3473],[85.5598,24.3422],[85.5672,24.3389],[85.5698,24.3384],[85.5731,24.3392],[85.5739,24.341],[85.5728,24.3473],[85.5739,24.3502],[85.5781,24.3512],[85.5806,24.3497],[85.5827,24.3465],[85.5853,24.3387],[85.5908,24.3331],[85.5963,24.3318],[85.6066,24.3392],[85.6105,24.3383],[85.6119,24.3364],[85.6153,24.3295],[85.6189,24.3258],[85.6256,24.3247],[85.6337,24.3238],[85.6381,24.326],[85.6409,24.3294],[85.6436,24.3299],[85.6447,24.3259],[85.6419,24.3207],[85.64,24.314],[85.6409,24.3124]]]},"properties":{"id":"in:subdistrict:2529","level":"subdistrict","name":"Jainagar","code":2529,"parent":"in:district:334","state":"in:state:20"}},{"type":"Feature","geometry":{"type":"Polygon","coordinates":[[[85.8118,24.5482],[85.8108,24.5469],[85.8088,24.54],[85.8065,24.5297],[85.8028,24.5216],[85.8059,24.5189],[85.8093,24.5184],[85.8132,24.5148],[85.8158,24.5096],[85.8124,24.5014],[85.8142,24.4987],[85.8129,24.4929],[85.8091,24.4875],[85.8106,24.4795],[85.8115,24.4778],[85.8061,24.4768],[85.8048,24.4705],[85.8033,24.4677],[85.8001,24.4662],[85.7981,24.464],[85.797,24.4601],[85.795,24.457],[85.7948,24.4538],[85.7849,24.4561],[85.7829,24.4513],[85.7843,24.4481],[85.7841,24.4411],[85.7863,24.438],[85.7854,24.4295],[85.7883,24.4203],[85.7864,24.4168],[85.7824,24.4151],[85.7794,24.415],[85.7723,24.4082],[85.7659,24.4039],[85.7644,24.3986],[85.7596,24.3943],[85.7561,24.3886],[85.7522,24.3883],[85.7482,24.3848],[85.7477,24.3742],[85.7515,24.3737],[85.7532,24.3669],[85.7508,24.3595],[85.7545,24.3551],[85.7593,24.3519],[85.7598,24.3495],[85.7552,24.3454],[85.7562,24.3399],[85.7644,24.3341],[85.7674,24.327],[85.7726,24.3249],[85.7719,24.3211],[85.7653,24.3193],[85.7614,24.3152],[85.7609,24.312],[85.7647,24.3065],[85.7642,24.3032],[85.7734,24.3012],[85.7807,24.2978],[85.7886,24.2974],[85.7944,24.2933],[85.8001,24.2916],[85.8039,24.2912],[85.8087,24.2931],[85.8191,24.2937],[85.821,24.2907],[85.8197,24.2836],[85.8199,24.2777],[85.8178,24.2698],[85.8175,24.2656],[85.8212,24.263],[85.8244,24.2642],[85.8285,24.268],[85.8332,24.2789],[85.8354,24.2811],[85.8378,24.281],[85.8439,24.2762],[85.8501,24.275],[85.854,24.2715],[85.8546,24.2732],[85.8592,24.2751],[85.8597,24.2806],[85.8616,24.2825],[85.8635,24.2872],[85.8683,24.2879],[85.8747,24.2872],[85.8744,24.2913],[85.8726,24.2939],[85.8728,24.296],[85.8736,24.2988],[85.8727,24.3026],[85.8724,24.3092],[85.8707,24.3108],[85.8684,24.3159],[85.871,24.3198],[85.8713,24.3228],[85.8702,24.3281],[85.8609,24.3281],[85.8549,24.3273],[85.8521,24.3277],[85.8516,24.3315],[85.852,24.3375],[85.8493,24.3395],[85.8462,24.3402],[85.8466,24.346],[85.8502,24.3551],[85.8533,24.3614],[85.852,24.3689],[85.853,24.3729],[85.8499,24.3746],[85.8499,24.3778],[85.8524,24.3875],[85.8516,24.3896],[85.8554,24.3945],[85.8519,24.3984],[85.8511,24.401],[85.8517,24.4041],[85.8509,24.407],[85.8561,24.4135],[85.843,24.4218],[85.8376,24.4243],[85.8362,24.4331],[85.8317,24.4411],[85.8313,24.4449],[85.8371,24.4483],[85.8417,24.4522],[85.8467,24.4574],[85.8497,24.4575],[85.8515,24.4615],[85.8511,24.4633],[85.856,24.4661],[85.8577,24.4684],[85.8588,24.4733],[85.8603,24.4755],[85.86,24.4785],[85.862,24.4833],[85.8633,24.4892],[85.8659,24.4903],[85.865,24.4955],[85.8669,24.5006],[85.8658,24.5084],[85.8689,24.5219],[85.8695,24.5257],[85.8654,24.5288],[85.8559,24.534],[85.8497,24.5386],[85.8454,24.5405],[85.8396,24.5443],[85.8267,24.5479],[85.8201,24.5477],[85.8118,24.5482]]]},"properties":{"id":"in:subdistrict:2531","level":"subdistrict","name":"Markacho","code":2531,"parent":"in:district:334","state":"in:state:20"}},{"type":"Feature","geometry":{"type":"Polygon","coordinates":[[[85.9745,24.4916],[85.9717,24.4892],[85.9686,24.4892],[85.9649,24.4873],[85.9591,24.4873],[85.9572,24.4885],[85.9529,24.487],[85.95,24.4845],[85.9461,24.4898],[85.945,24.4933],[85.946,24.4999],[85.9481,24.5007],[85.9515,24.4986],[85.9561,24.5008],[85.9546,24.5042],[85.9561,24.5102],[85.9542,24.5157],[85.947,24.517],[85.9439,24.5183],[85.9361,24.515],[85.9291,24.5132],[85.9223,24.512],[85.9157,24.5117],[85.9125,24.513],[85.8981,24.5115],[85.8977,24.5089],[85.8959,24.507],[85.8889,24.5051],[85.883,24.5119],[85.8808,24.5124],[85.8803,24.5162],[85.8769,24.5192],[85.8711,24.5192],[85.8689,24.5219],[85.8658,24.5084],[85.8669,24.5006],[85.865,24.4955],[85.8659,24.4903],[85.8633,24.4892],[85.862,24.4833],[85.86,24.4785],[85.8603,24.4755],[85.8588,24.4733],[85.8577,24.4684],[85.856,24.4661],[85.8511,24.4633],[85.8515,24.4615],[85.8497,24.4575],[85.8467,24.4574],[85.8417,24.4522],[85.8371,24.4483],[85.8313,24.4449],[85.8317,24.4411],[85.8362,24.4331],[85.8376,24.4243],[85.843,24.4218],[85.8561,24.4135],[85.8509,24.407],[85.8517,24.4041],[85.8511,24.401],[85.8519,24.3984],[85.8554,24.3945],[85.8516,24.3896],[85.8524,24.3875],[85.8499,24.3778],[85.8499,24.3746],[85.853,24.3729],[85.852,24.3689],[85.8533,24.3614],[85.8502,24.3551],[85.8466,24.346],[85.8462,24.3402],[85.8493,24.3395],[85.852,24.3375],[85.8516,24.3315],[85.8521,24.3277],[85.8549,24.3273],[85.8609,24.3281],[85.8702,24.3281],[85.8713,24.3228],[85.871,24.3198],[85.8684,24.3159],[85.8707,24.3108],[85.8724,24.3092],[85.8727,24.3026],[85.8736,24.2988],[85.8728,24.296],[85.8767,24.2975],[85.8838,24.2973],[85.8886,24.295],[85.8935,24.2947],[85.8959,24.2954],[85.8957,24.3013],[85.8928,24.3077],[85.8946,24.3106],[85.8952,24.3137],[85.902,24.3168],[85.9071,24.3152],[85.9097,24.3187],[85.912,24.3199],[85.9241,24.3169],[85.9373,24.3172],[85.939,24.3155],[85.9493,24.3159],[85.9482,24.3191],[85.9486,24.3219],[85.9528,24.3237],[85.9554,24.3259],[85.9574,24.3248],[85.9604,24.3214],[85.9644,24.3205],[85.9688,24.3206],[85.9671,24.3231],[85.9665,24.3268],[85.9716,24.33],[85.9754,24.3259],[85.9815,24.3238],[85.9838,24.3209],[85.9936,24.3173],[85.9969,24.3133],[86.0004,24.3128],[86.005,24.3141],[86.0072,24.3156],[86.0097,24.3122],[86.0145,24.3147],[86.0206,24.3108],[86.0222,24.3105],[86.0209,24.3139],[86.0214,24.317],[86.0251,24.3189],[86.025,24.322],[86.0214,24.3273],[86.0257,24.3329],[86.0266,24.338],[86.0213,24.3384],[86.022,24.3426],[86.0197,24.3458],[86.0207,24.3503],[86.0199,24.3542],[86.0128,24.36],[86.0128,24.3616],[86.0155,24.3641],[86.0206,24.3723],[86.0262,24.3757],[86.0323,24.3773],[86.0328,24.3796],[86.0381,24.3828],[86.0435,24.3818],[86.0477,24.3868],[86.0449,24.3927],[86.0499,24.402],[86.0525,24.4049],[86.0507,24.4066],[86.045,24.4076],[86.0393,24.4036],[86.0362,24.4081],[86.0315,24.411],[86.0282,24.4117],[86.0249,24.4101],[86.0177,24.42],[86.0158,24.4209],[86.0133,24.4279],[86.0128,24.4311],[86.0163,24.4353],[86.0174,24.444],[86.016,24.4456],[86.0113,24.4465],[86.0061,24.4414],[86.0046,24.4377],[86.0016,24.4407],[86.009,24.4479],[86.0104,24.4507],[86.0141,24.4533],[86.0183,24.4533],[86.0184,24.4565],[86.016,24.456],[86.0114,24.4569],[86.0074,24.4604],[86.0074,24.4635],[86.0063,24.4682],[86.0026,24.4723],[86.0026,24.4755],[85.9991,24.4749],[85.9937,24.4791],[85.9885,24.4821],[85.9873,24.484],[85.9793,24.4881],[85.9745,24.4916]]]},"properties":{"id":"in:subdistrict:2535","level":"subdistrict","name":"Dhanwar","code":2535,"parent":"in:district:329","state":"in:state:20"}},{"type":"Feature","geometry":{"type":"MultiPolygon","coordinates":[[[[85.9328,24.154],[85.9321,24.1575],[85.9291,24.1643],[85.9246,24.1685],[85.9124,24.1789],[85.9027,24.1865],[85.8955,24.1902],[85.8923,24.1929],[85.8875,24.1995],[85.8859,24.2028],[85.8828,24.189],[85.882,24.1825],[85.8816,24.1733],[85.8821,24.1708],[85.8848,24.1657],[85.8867,24.1549],[85.8887,24.1469],[85.8849,24.138],[85.8866,24.1376],[85.8906,24.1406],[85.8935,24.1408],[85.8994,24.1323],[85.9023,24.1355],[85.9029,24.1376],[85.9018,24.1461],[85.9017,24.152],[85.9076,24.158],[85.9132,24.1603],[85.9198,24.1585],[85.9251,24.1532],[85.9264,24.1502],[85.9293,24.1486],[85.9328,24.154]]],[[[86.0222,24.3105],[86.0206,24.3108],[86.0145,24.3147],[86.0097,24.3122],[86.0072,24.3156],[86.005,24.3141],[86.0004,24.3128],[85.9969,24.3133],[85.9936,24.3173],[85.9838,24.3209],[85.9815,24.3238],[85.9754,24.3259],[85.9716,24.33],[85.9665,24.3268],[85.9671,24.3231],[85.9688,24.3206],[85.9644,24.3205],[85.9604,24.3214],[85.9574,24.3248],[85.9554,24.3259],[85.9528,24.3237],[85.9486,24.3219],[85.9482,24.3191],[85.9493,24.3159],[85.939,24.3155],[85.9373,24.3172],[85.9241,24.3169],[85.912,24.3199],[85.9097,24.3187],[85.9071,24.3152],[85.902,24.3168],[85.8952,24.3137],[85.8946,24.3106],[85.8928,24.3077],[85.8957,24.3013],[85.8959,24.2954],[85.8935,24.2947],[85.8886,24.295],[85.8838,24.2973],[85.8767,24.2975],[85.8728,24.296],[85.8726,24.2939],[85.8744,24.2913],[85.8747,24.2872],[85.8683,24.2879],[85.8635,24.2872],[85.8616,24.2825],[85.8597,24.2806],[85.8592,24.2751],[85.8546,24.2732],[85.854,24.2715],[85.8514,24.2704],[85.851,24.2676],[85.8449,24.2625],[85.8404,24.26],[85.8364,24.2557],[85.8376,24.2526],[85.8434,24.2515],[85.8482,24.2527],[85.8536,24.2503],[85.8579,24.2352],[85.8578,24.231],[85.8558,24.222],[85.856,24.2155],[85.8575,24.2132],[85.8605,24.2116],[85.8664,24.2113],[85.8757,24.2079],[85.8786,24.2078],[85.8805,24.2096],[85.8817,24.2127],[85.8819,24.2171],[85.8845,24.2188],[85.8849,24.2218],[85.8881,24.2225],[85.9027,24.2211],[85.912,24.2212],[85.9111,24.226],[85.9126,24.2347],[85.9197,24.2353],[85.9161,24.24],[85.9072,24.2487],[85.9009,24.25],[85.9032,24.2535],[85.9084,24.2585],[85.9168,24.2565],[85.9205,24.2525],[85.925,24.2511],[85.9277,24.248],[85.9274,24.246],[85.9329,24.243],[85.935,24.241],[85.94,24.2386],[85.9416,24.2401],[85.9454,24.241],[85.9493,24.2367],[85.9471,24.2316],[85.9469,24.2289],[85.9521,24.2263],[85.955,24.2241],[85.9587,24.2188],[85.959,24.2119],[85.9599,24.2062],[85.9632,24.2006],[85.9709,24.1962],[85.9728,24.1936],[85.9712,24.1891],[85.9613,24.1841],[85.9597,24.1809],[85.9611,24.1773],[85.9684,24.1706],[85.978,24.1685],[85.9817,24.1684],[85.9878,24.1714],[86.0007,24.171],[86.001,24.1743],[85.9998,24.1775],[85.9985,24.1857],[86.0001,24.1909],[86.0049,24.1917],[86.0079,24.1899],[86.013,24.1826],[86.0171,24.1794],[86.0277,24.176],[86.0322,24.1733],[86.0403,24.1707],[86.0433,24.169],[86.0515,24.1669],[86.0512,24.1656],[86.0534,24.1659],[86.0599,24.1684],[86.0651,24.1717],[86.0725,24.1772],[86.0794,24.1829],[86.0857,24.1849],[86.0882,24.184],[86.0932,24.1772],[86.0954,24.1788],[86.0972,24.1838],[86.099,24.1913],[86.1006,24.1935],[86.1061,24.1983],[86.1057,24.2026],[86.1118,24.2045],[86.1142,24.2105],[86.1139,24.2133],[86.1183,24.2126],[86.1217,24.2151],[86.127,24.2158],[86.1288,24.2201],[86.1315,24.2207],[86.1335,24.2193],[86.1339,24.2262],[86.1317,24.227],[86.1292,24.232],[86.1263,24.2336],[86.1195,24.2306],[86.1181,24.2316],[86.1182,24.2406],[86.1176,24.2447],[86.1153,24.2507],[86.1159,24.2527],[86.1203,24.2531],[86.1244,24.25],[86.1265,24.2497],[86.1306,24.251],[86.1351,24.2516],[86.1359,24.255],[86.1352,24.2597],[86.1362,24.2634],[86.1393,24.2663],[86.1322,24.2685],[86.1235,24.2706],[86.1217,24.2694],[86.1171,24.2709],[86.1075,24.2712],[86.1045,24.2719],[86.1054,24.274],[86.1102,24.2804],[86.1073,24.2818],[86.1042,24.2801],[86.1008,24.2831],[86.0946,24.2866],[86.0929,24.2907],[86.0862,24.292],[86.081,24.296],[86.0747,24.2974],[86.0728,24.2987],[86.0613,24.2999],[86.0557,24.2988],[86.0497,24.2968],[86.044,24.2956],[86.0419,24.2962],[86.0393,24.2937],[86.037,24.2963],[86.0339,24.2973],[86.0281,24.2976],[86.0253,24.3008],[86.0247,24.3048],[86.0222,24.3105]],[[85.9667,24.2598],[85.9683,24.2625],[85.9711,24.2626],[85.9717,24.2599],[85.9756,24.2584],[85.9819,24.2595],[85.9881,24.2627],[85.9882,24.2604],[85.9809,24.2498],[85.9819,24.2443],[85.9814,24.2395],[85.9802,24.2383],[85.9689,24.2391],[85.9662,24.2414],[85.9612,24.2413],[85.9554,24.2394],[85.9543,24.2419],[85.9543,24.2475],[85.9563,24.2491],[85.9652,24.2488],[85.967,24.251],[85.9674,24.2544],[85.9667,24.2598]]]]},"properties":{"id":"in:subdistrict:2540","level":"subdistrict","name":"Birni","code":2540,"parent":"in:district:329","state":"in:state:20"}},{"type":"Feature","geometry":{"type":"MultiPolygon","coordinates":[[[[85.8994,24.1323],[85.9012,24.1308],[85.9049,24.13],[85.9113,24.1261],[85.9142,24.1223],[85.9132,24.117],[85.9178,24.1146],[85.9197,24.1087],[85.9242,24.1055],[85.9247,24.1042],[85.941,24.1051],[85.9382,24.1011],[85.9386,24.0911],[85.9412,24.0837],[85.9456,24.0811],[85.9506,24.0801],[85.9527,24.0776],[85.9563,24.0712],[85.9629,24.0769],[85.9662,24.0779],[85.9741,24.076],[85.9775,24.077],[85.979,24.0799],[85.9846,24.0835],[85.9887,24.0799],[85.9914,24.0819],[85.9964,24.0815],[86.0011,24.079],[86.0051,24.0876],[86.0148,24.0845],[86.0143,24.0887],[86.0165,24.0902],[86.0179,24.0975],[86.0222,24.0988],[86.0189,24.1048],[86.0198,24.108],[86.0165,24.1076],[86.0138,24.1053],[86.0127,24.1076],[86.0145,24.1111],[86.0116,24.1133],[86.0146,24.1188],[86.0147,24.123],[86.0165,24.1245],[86.0199,24.1243],[86.0227,24.1256],[86.0251,24.1248],[86.0295,24.1252],[86.0322,24.1272],[86.033,24.1329],[86.0317,24.1409],[86.0378,24.1416],[86.0401,24.1458],[86.0433,24.1467],[86.0444,24.1514],[86.0455,24.153],[86.0493,24.1534],[86.0505,24.1588],[86.0501,24.1606],[86.0512,24.1656],[86.0515,24.1669],[86.0433,24.169],[86.0403,24.1707],[86.0322,24.1733],[86.0277,24.176],[86.0171,24.1794],[86.013,24.1826],[86.0079,24.1899],[86.0049,24.1917],[86.0001,24.1909],[85.9985,24.1857],[85.9998,24.1775],[86.001,24.1743],[86.0007,24.171],[85.9878,24.1714],[85.9817,24.1684],[85.978,24.1685],[85.9684,24.1706],[85.9611,24.1773],[85.9597,24.1809],[85.9613,24.1841],[85.9712,24.1891],[85.9728,24.1936],[85.9709,24.1962],[85.9632,24.2006],[85.9599,24.2062],[85.959,24.2119],[85.9587,24.2188],[85.955,24.2241],[85.9521,24.2263],[85.9469,24.2289],[85.9471,24.2316],[85.9493,24.2367],[85.9454,24.241],[85.9416,24.2401],[85.94,24.2386],[85.935,24.241],[85.9329,24.243],[85.9274,24.246],[85.9277,24.248],[85.925,24.2511],[85.9205,24.2525],[85.9168,24.2565],[85.9084,24.2585],[85.9032,24.2535],[85.9009,24.25],[85.9072,24.2487],[85.9161,24.24],[85.9197,24.2353],[85.9126,24.2347],[85.9111,24.226],[85.912,24.2212],[85.9027,24.2211],[85.8881,24.2225],[85.8849,24.2218],[85.8845,24.2188],[85.8819,24.2171],[85.8817,24.2127],[85.8805,24.2096],[85.8786,24.2078],[85.8757,24.2079],[85.8664,24.2113],[85.8605,24.2116],[85.8541,24.2111],[85.8525,24.2121],[85.8513,24.2166],[85.8495,24.2186],[85.8452,24.2178],[85.8433,24.2145],[85.8412,24.214],[85.8315,24.2174],[85.829,24.2171],[85.8244,24.2142],[85.8213,24.2092],[85.8182,24.2102],[85.816,24.2164],[85.8094,24.2194],[85.8074,24.2246],[85.8026,24.226],[85.8009,24.2234],[85.7989,24.2153],[85.7963,24.2126],[85.7934,24.2111],[85.7794,24.2069],[85.7771,24.207],[85.7724,24.2097],[85.7686,24.2092],[85.7645,24.2046],[85.7561,24.2007],[85.7506,24.2002],[85.7473,24.2017],[85.7425,24.1977],[85.7388,24.1976],[85.736,24.1987],[85.7354,24.1974],[85.7369,24.1931],[85.7348,24.1899],[85.7278,24.188],[85.7324,24.1834],[85.7381,24.1799],[85.7408,24.1735],[85.7452,24.1719],[85.7504,24.1688],[85.7598,24.1706],[85.7656,24.1594],[85.7713,24.1565],[85.7802,24.1532],[85.7781,24.1505],[85.7744,24.1436],[85.7746,24.1405],[85.7735,24.1371],[85.7771,24.1364],[85.7825,24.137],[85.7952,24.1408],[85.8001,24.1438],[85.8064,24.1413],[85.812,24.1409],[85.8201,24.142],[85.8271,24.1449],[85.8328,24.1371],[85.8433,24.1297],[85.8476,24.1253],[85.8557,24.133],[85.8567,24.1359],[85.8644,24.1329],[85.8719,24.1307],[85.8767,24.1346],[85.8807,24.1341],[85.8831,24.1348],[85.8849,24.138],[85.8887,24.1469],[85.8867,24.1549],[85.8848,24.1657],[85.8821,24.1708],[85.8816,24.1733],[85.882,24.1825],[85.8828,24.189],[85.8859,24.2028],[85.8875,24.1995],[85.8923,24.1929],[85.8955,24.1902],[85.9027,24.1865],[85.9124,24.1789],[85.9246,24.1685],[85.9291,24.1643],[85.9321,24.1575],[85.9328,24.154],[85.9365,24.1526],[85.9401,24.1524],[85.9467,24.1548],[85.95,24.1529],[85.9507,24.1499],[85.9539,24.1524],[85.9549,24.1549],[85.9574,24.1563],[85.9613,24.1539],[85.9699,24.1476],[85.9722,24.1453],[85.9741,24.1403],[85.9764,24.1298],[85.9746,24.1291],[85.9709,24.1298],[85.9678,24.1294],[85.9643,24.1265],[85.965,24.1411],[85.9613,24.1452],[85.9565,24.1438],[85.9522,24.147],[85.9497,24.1459],[85.9486,24.1437],[85.9406,24.1435],[85.9423,24.142],[85.9402,24.1398],[85.9393,24.1355],[85.9405,24.1313],[85.9443,24.127],[85.9447,24.1224],[85.948,24.1196],[85.9467,24.1177],[85.942,24.1158],[85.9354,24.1149],[85.9309,24.1181],[85.9299,24.1251],[85.9285,24.1291],[85.9253,24.1289],[85.9173,24.1304],[85.914,24.1329],[85.9178,24.1346],[85.9211,24.1347],[85.9233,24.1388],[85.926,24.1398],[85.9258,24.1421],[85.9297,24.1469],[85.9293,24.1486],[85.9264,24.1502],[85.9251,24.1532],[85.9198,24.1585],[85.9132,24.1603],[85.9076,24.158],[85.9017,24.152],[85.9018,24.1461],[85.9029,24.1376],[85.9023,24.1355],[85.8994,24.1323]]],[[[85.9667,24.2598],[85.9674,24.2544],[85.967,24.251],[85.9652,24.2488],[85.9563,24.2491],[85.9543,24.2475],[85.9543,24.2419],[85.9554,24.2394],[85.9612,24.2413],[85.9662,24.2414],[85.9689,24.2391],[85.9802,24.2383],[85.9814,24.2395],[85.9819,24.2443],[85.9809,24.2498],[85.9882,24.2604],[85.9881,24.2627],[85.9819,24.2595],[85.9756,24.2584],[85.9717,24.2599],[85.9711,24.2626],[85.9683,24.2625],[85.9667,24.2598]]]]},"properties":{"id":"in:subdistrict:2542","level":"subdistrict","name":"Suriya","code":2542,"parent":"in:district:329","state":"in:state:20"}},{"type":"Feature","geometry":{"type":"MultiPolygon","coordinates":[[[[85.9293,24.1486],[85.9297,24.1469],[85.9258,24.1421],[85.926,24.1398],[85.9233,24.1388],[85.9211,24.1347],[85.9178,24.1346],[85.914,24.1329],[85.9173,24.1304],[85.9253,24.1289],[85.9285,24.1291],[85.9299,24.1251],[85.9309,24.1181],[85.9354,24.1149],[85.942,24.1158],[85.9467,24.1177],[85.948,24.1196],[85.9447,24.1224],[85.9443,24.127],[85.9405,24.1313],[85.9393,24.1355],[85.9402,24.1398],[85.9423,24.142],[85.9406,24.1435],[85.9486,24.1437],[85.9497,24.1459],[85.9522,24.147],[85.9565,24.1438],[85.9613,24.1452],[85.965,24.1411],[85.9643,24.1265],[85.9678,24.1294],[85.9709,24.1298],[85.9746,24.1291],[85.9764,24.1298],[85.9741,24.1403],[85.9722,24.1453],[85.9699,24.1476],[85.9613,24.1539],[85.9574,24.1563],[85.9549,24.1549],[85.9539,24.1524],[85.9507,24.1499],[85.95,24.1529],[85.9467,24.1548],[85.9401,24.1524],[85.9365,24.1526],[85.9328,24.154],[85.9293,24.1486]]],[[[85.8849,24.138],[85.8831,24.1348],[85.8807,24.1341],[85.8767,24.1346],[85.8719,24.1307],[85.8644,24.1329],[85.8567,24.1359],[85.8557,24.133],[85.8476,24.1253],[85.8433,24.1297],[85.8328,24.1371],[85.8271,24.1449],[85.8201,24.142],[85.812,24.1409],[85.8064,24.1413],[85.8001,24.1438],[85.7952,24.1408],[85.7825,24.137],[85.7771,24.1364],[85.7735,24.1371],[85.7746,24.1405],[85.7744,24.1436],[85.7781,24.1505],[85.7802,24.1532],[85.7713,24.1565],[85.7656,24.1594],[85.7598,24.1706],[85.7504,24.1688],[85.7452,24.1719],[85.7408,24.1735],[85.7381,24.1799],[85.7324,24.1834],[85.7278,24.188],[85.7234,24.1871],[85.7198,24.1877],[85.7181,24.1868],[85.7176,24.1837],[85.7153,24.1829],[85.7112,24.1838],[85.7048,24.1838],[85.7015,24.1811],[85.6949,24.1802],[85.6879,24.1782],[85.6855,24.176],[85.6828,24.1751],[85.6827,24.172],[85.6799,24.1703],[85.6804,24.1674],[85.6798,24.1626],[85.6783,24.1586],[85.677,24.1516],[85.6754,24.1468],[85.684,24.1441],[85.6941,24.139],[85.6957,24.1366],[85.7002,24.136],[85.703,24.132],[85.713,24.1259],[85.7166,24.1184],[85.7144,24.1144],[85.711,24.1108],[85.7119,24.1078],[85.7107,24.1058],[85.7129,24.1023],[85.7117,24.1011],[85.7167,24.0997],[85.7223,24.0968],[85.7292,24.0994],[85.7339,24.094],[85.7371,24.0942],[85.7408,24.096],[85.7433,24.1014],[85.747,24.1016],[85.7494,24.1032],[85.7539,24.0995],[85.7577,24.0976],[85.7622,24.0999],[85.7656,24.1007],[85.7707,24.1032],[85.7782,24.1009],[85.7741,24.0979],[85.7733,24.0955],[85.7707,24.0928],[85.7725,24.0907],[85.7782,24.0885],[85.7815,24.0897],[85.7862,24.09],[85.7895,24.0884],[85.79,24.085],[85.798,24.0783],[85.8057,24.0784],[85.8057,24.0772],[85.8021,24.0739],[85.8012,24.0712],[85.8022,24.0673],[85.8167,24.0618],[85.8188,24.0629],[85.8196,24.0669],[85.8236,24.069],[85.8238,24.0716],[85.8256,24.0729],[85.8296,24.0719],[85.8305,24.0693],[85.8328,24.0693],[85.836,24.0718],[85.8371,24.0684],[85.8417,24.0663],[85.8393,24.0605],[85.8451,24.0592],[85.8464,24.0636],[85.8478,24.064],[85.8533,24.0601],[85.8554,24.055],[85.8545,24.0517],[85.8643,24.046],[85.8656,24.0462],[85.8698,24.0516],[85.8733,24.0509],[85.8714,24.0483],[85.8731,24.0451],[85.8749,24.048],[85.8766,24.0471],[85.8793,24.0386],[85.8773,24.0361],[85.8762,24.0322],[85.8712,24.0307],[85.8691,24.0284],[85.8653,24.0278],[85.8583,24.02],[85.8579,24.0178],[85.865,24.013],[85.8704,24.0113],[85.8762,24.0062],[85.8811,24.006],[85.8831,24.0072],[85.8855,24.0138],[85.8858,24.0167],[85.8932,24.0147],[85.897,24.0123],[85.8983,24.0083],[85.8973,24.0022],[85.8989,23.9978],[85.897,23.9964],[85.8989,23.9919],[85.9034,23.9893],[85.9059,23.991],[85.9098,23.99],[85.9139,23.9867],[85.9176,23.9866],[85.9196,23.9839],[85.9233,23.9857],[85.9257,23.9821],[85.927,23.9824],[85.9269,23.9871],[85.9281,23.99],[85.9306,23.9908],[85.9352,23.9907],[85.9383,23.989],[85.9446,23.9916],[85.9478,23.9911],[85.9545,23.9917],[85.9563,23.9898],[85.959,23.99],[85.963,23.9974],[85.9696,24.0052],[85.9696,24.007],[85.9674,24.0101],[85.9683,24.0138],[85.9732,24.0215],[85.9731,24.0262],[85.9772,24.0262],[85.9797,24.0285],[85.9828,24.0285],[85.9872,24.0268],[85.9902,24.0303],[85.9918,24.039],[85.9976,24.0464],[86.0031,24.0471],[86.0054,24.0511],[86.009,24.0524],[86.013,24.0517],[86.0173,24.0518],[86.0166,24.0556],[86.0208,24.0524],[86.0238,24.0536],[86.0261,24.0559],[86.0268,24.059],[86.0227,24.0589],[86.0222,24.063],[86.021,24.0638],[86.0132,24.0657],[86.0126,24.0705],[86.0153,24.077],[86.0156,24.0822],[86.0148,24.0845],[86.0051,24.0876],[86.0011,24.079],[85.9964,24.0815],[85.9914,24.0819],[85.9887,24.0799],[85.9846,24.0835],[85.979,24.0799],[85.9775,24.077],[85.9741,24.076],[85.9662,24.0779],[85.9629,24.0769],[85.9563,24.0712],[85.9527,24.0776],[85.9506,24.0801],[85.9456,24.0811],[85.9412,24.0837],[85.9386,24.0911],[85.9382,24.1011],[85.941,24.1051],[85.9247,24.1042],[85.9242,24.1055],[85.9197,24.1087],[85.9178,24.1146],[85.9132,24.117],[85.9142,24.1223],[85.9113,24.1261],[85.9049,24.13],[85.9012,24.1308],[85.8994,24.1323],[85.8935,24.1408],[85.8906,24.1406],[85.8866,24.1376],[85.8849,24.138]]]]},"properties":{"id":"in:subdistrict:2541","level":"subdistrict","name":"Bagodar","code":2541,"parent":"in:district:329","state":"in:state:20"}},{"type":"Feature","geometry":{"type":"Polygon","coordinates":[[[85.695,24.3045],[85.6914,24.3013],[85.6939,24.2951],[85.6847,24.2938],[85.676,24.2946],[85.6689,24.2935],[85.6668,24.2905],[85.6672,24.2861],[85.6655,24.2845],[85.6607,24.278],[85.661,24.2736],[85.662,24.2707],[85.6606,24.2682],[85.6615,24.2633],[85.6698,24.2578],[85.6727,24.2537],[85.6738,24.2503],[85.6683,24.2451],[85.6706,24.2374],[85.6723,24.2368],[85.6763,24.2327],[85.6778,24.2323],[85.6805,24.2362],[85.6847,24.2373],[85.6883,24.2413],[85.6942,24.2391],[85.6988,24.2361],[85.7005,24.2335],[85.7061,24.2313],[85.7103,24.2312],[85.7147,24.2285],[85.7178,24.2282],[85.7202,24.2265],[85.7215,24.2213],[85.7244,24.2193],[85.7228,24.2136],[85.7229,24.2049],[85.7216,24.2021],[85.7234,24.1989],[85.7265,24.2013],[85.7278,24.1994],[85.7329,24.1998],[85.736,24.1987],[85.7388,24.1976],[85.7425,24.1977],[85.7473,24.2017],[85.7506,24.2002],[85.7561,24.2007],[85.7645,24.2046],[85.7686,24.2092],[85.7724,24.2097],[85.7771,24.207],[85.7794,24.2069],[85.7934,24.2111],[85.7963,24.2126],[85.7989,24.2153],[85.8009,24.2234],[85.8026,24.226],[85.8074,24.2246],[85.8094,24.2194],[85.816,24.2164],[85.8182,24.2102],[85.8213,24.2092],[85.8244,24.2142],[85.829,24.2171],[85.8315,24.2174],[85.8412,24.214],[85.8433,24.2145],[85.8452,24.2178],[85.8495,24.2186],[85.8513,24.2166],[85.8525,24.2121],[85.8541,24.2111],[85.8605,24.2116],[85.8575,24.2132],[85.856,24.2155],[85.8558,24.222],[85.8578,24.231],[85.8579,24.2352],[85.8536,24.2503],[85.8482,24.2527],[85.8434,24.2515],[85.8376,24.2526],[85.8364,24.2557],[85.8404,24.26],[85.8449,24.2625],[85.851,24.2676],[85.8514,24.2704],[85.854,24.2715],[85.8501,24.275],[85.8439,24.2762],[85.8378,24.281],[85.8354,24.2811],[85.8332,24.2789],[85.8285,24.268],[85.8244,24.2642],[85.8212,24.263],[85.8175,24.2656],[85.8178,24.2698],[85.8199,24.2777],[85.8197,24.2836],[85.821,24.2907],[85.8191,24.2937],[85.8087,24.2931],[85.8039,24.2912],[85.8001,24.2916],[85.7944,24.2933],[85.7886,24.2974],[85.7807,24.2978],[85.7734,24.3012],[85.7642,24.3032],[85.765,24.2941],[85.7637,24.2899],[85.7554,24.2842],[85.7501,24.2824],[85.7464,24.2847],[85.7384,24.2857],[85.7369,24.2873],[85.7308,24.2975],[85.7284,24.2993],[85.7217,24.2983],[85.7175,24.297],[85.7129,24.2939],[85.7115,24.2921],[85.7068,24.2946],[85.7046,24.2971],[85.7038,24.3038],[85.695,24.3045]]]},"properties":{"id":"in:subdistrict:2651","level":"subdistrict","name":"Chalkusa","code":2651,"parent":"in:district:332","state":"in:state:20"}},{"type":"Feature","geometry":{"type":"Polygon","coordinates":[[[85.5814,24.133],[85.5835,24.1293],[85.5835,24.1264],[85.5814,24.124],[85.5839,24.1223],[85.5879,24.1235],[85.5959,24.1245],[85.5978,24.1239],[85.6,24.1266],[85.6009,24.1295],[85.6049,24.1299],[85.616,24.1248],[85.6233,24.1229],[85.6346,24.1217],[85.6363,24.1273],[85.6437,24.1269],[85.6481,24.1277],[85.6532,24.1211],[85.6539,24.1184],[85.6588,24.1158],[85.6651,24.1099],[85.6658,24.1046],[85.6679,24.1009],[85.6727,24.0994],[85.6778,24.0966],[85.688,24.0889],[85.6891,24.0899],[85.6935,24.091],[85.6944,24.094],[85.7032,24.0927],[85.7059,24.0928],[85.7087,24.0988],[85.7117,24.1011],[85.7129,24.1023],[85.7107,24.1058],[85.7119,24.1078],[85.711,24.1108],[85.7144,24.1144],[85.7166,24.1184],[85.713,24.1259],[85.703,24.132],[85.7002,24.136],[85.6957,24.1366],[85.6941,24.139],[85.684,24.1441],[85.6754,24.1468],[85.677,24.1516],[85.6783,24.1586],[85.6798,24.1626],[85.6804,24.1674],[85.6799,24.1703],[85.6827,24.172],[85.6828,24.1751],[85.6855,24.176],[85.6879,24.1782],[85.6949,24.1802],[85.7015,24.1811],[85.7048,24.1838],[85.7112,24.1838],[85.7153,24.1829],[85.7176,24.1837],[85.7181,24.1868],[85.7198,24.1877],[85.7234,24.1871],[85.7278,24.188],[85.7348,24.1899],[85.7369,24.1931],[85.7354,24.1974],[85.736,24.1987],[85.7329,24.1998],[85.7278,24.1994],[85.7265,24.2013],[85.7234,24.1989],[85.7216,24.2021],[85.7229,24.2049],[85.7228,24.2136],[85.7244,24.2193],[85.7215,24.2213],[85.7202,24.2265],[85.7178,24.2282],[85.7147,24.2285],[85.7103,24.2312],[85.7061,24.2313],[85.7005,24.2335],[85.6988,24.2361],[85.6942,24.2391],[85.6883,24.2413],[85.6847,24.2373],[85.6805,24.2362],[85.6778,24.2323],[85.6763,24.2327],[85.6723,24.2368],[85.6706,24.2374],[85.6683,24.2451],[85.6738,24.2503],[85.6727,24.2537],[85.6698,24.2578],[85.6615,24.2633],[85.6606,24.2682],[85.662,24.2707],[85.661,24.2736],[85.6607,24.278],[85.6655,24.2845],[85.6672,24.2861],[85.6668,24.2905],[85.6689,24.2935],[85.676,24.2946],[85.6847,24.2938],[85.6939,24.2951],[85.6914,24.3013],[85.695,24.3045],[85.6964,24.3091],[85.6931,24.314],[85.6905,24.3152],[85.6872,24.3147],[85.6855,24.3165],[85.6753,24.3241],[85.6691,24.3276],[85.6674,24.3293],[85.6625,24.3318],[85.6598,24.3308],[85.6629,24.3194],[85.6611,24.3099],[85.6594,24.3087],[85.6555,24.3101],[85.6532,24.3132],[85.6462,24.3116],[85.6409,24.3124],[85.6356,24.307],[85.6368,24.303],[85.6363,24.2994],[85.6366,24.295],[85.6358,24.2919],[85.6325,24.2872],[85.6328,24.2844],[85.6288,24.2822],[85.6248,24.2811],[85.6177,24.2831],[85.6155,24.2758],[85.6119,24.2695],[85.6085,24.2615],[85.6053,24.2615],[85.6014,24.2557],[85.5985,24.2527],[85.595,24.2537],[85.5893,24.2575],[85.5764,24.2506],[85.5736,24.2507],[85.5711,24.2472],[85.5719,24.2447],[85.5719,24.2403],[85.5702,24.2341],[85.5709,24.2329],[85.5695,24.2292],[85.5655,24.2302],[85.5642,24.2276],[85.5614,24.2278],[85.5605,24.2297],[85.557,24.2304],[85.5564,24.2326],[85.5539,24.2328],[85.5509,24.228],[85.5475,24.2248],[85.545,24.225],[85.5369,24.2239],[85.534,24.225],[85.5305,24.2243],[85.53,24.2186],[85.5258,24.2167],[85.5281,24.2133],[85.5253,24.2094],[85.5241,24.2035],[85.5291,24.1984],[85.5338,24.1971],[85.5316,24.1912],[85.5306,24.1868],[85.5247,24.1871],[85.5128,24.1907],[85.5133,24.1874],[85.5089,24.1857],[85.5069,24.1801],[85.5027,24.172],[85.5046,24.1699],[85.5037,24.167],[85.5065,24.1643],[85.5105,24.1653],[85.5115,24.1627],[85.5177,24.1599],[85.522,24.1603],[85.5271,24.1624],[85.5335,24.1595],[85.5385,24.1601],[85.5396,24.1578],[85.5462,24.1611],[85.5543,24.1591],[85.5569,24.158],[85.5608,24.1544],[85.5647,24.1533],[85.5656,24.151],[85.5685,24.1498],[85.5672,24.1438],[85.5726,24.1412],[85.5748,24.1412],[85.577,24.1393],[85.5775,24.1358],[85.5814,24.133]]]},"properties":{"id":"in:subdistrict:2650","level":"subdistrict","name":"Barkatha","code":2650,"parent":"in:district:332","state":"in:state:20"}},{"type":"Feature","geometry":{"type":"Polygon","coordinates":[[[85.5949,23.9337],[85.5973,23.9345],[85.6015,23.9341],[85.6078,23.9367],[85.6074,23.9387],[85.6046,23.9404],[85.6073,23.9447],[85.6066,23.9479],[85.608,23.9503],[85.6097,23.9564],[85.6089,23.9578],[85.6136,23.9594],[85.617,23.9621],[85.6206,23.9622],[85.6273,23.9602],[85.6301,23.9617],[85.6361,23.9612],[85.6399,23.9618],[85.641,23.9639],[85.6401,23.9682],[85.6398,23.9748],[85.6447,23.9799],[85.652,23.98],[85.655,23.9805],[85.6597,23.976],[85.6633,23.9766],[85.6675,23.9751],[85.6688,23.9757],[85.6742,23.9748],[85.6759,23.9864],[85.6776,23.9856],[85.6775,23.9879],[85.6751,23.9904],[85.67,23.9909],[85.6679,23.9943],[85.6632,23.9952],[85.6547,23.9943],[85.651,23.9931],[85.6473,23.9908],[85.6405,23.9909],[85.6391,23.9928],[85.6399,23.9975],[85.6374,24.0016],[85.6372,24.0079],[85.6386,24.0133],[85.6406,24.0146],[85.6429,24.0131],[85.6463,24.0139],[85.6483,24.0303],[85.6545,24.0323],[85.6549,24.0306],[85.6589,24.0278],[85.6618,24.0299],[85.6627,24.033],[85.67,24.0288],[85.676,24.0311],[85.6779,24.0311],[85.6803,24.0341],[85.6821,24.0381],[85.6847,24.0396],[85.6918,24.04],[85.6959,24.0467],[85.6973,24.0501],[85.7013,24.0524],[85.7026,24.0575],[85.7047,24.0602],[85.7116,24.0709],[85.7103,24.0729],[85.7047,24.0767],[85.6959,24.0775],[85.6974,24.0798],[85.6916,24.0865],[85.6891,24.0899],[85.688,24.0889],[85.6778,24.0966],[85.6727,24.0994],[85.6679,24.1009],[85.6658,24.1046],[85.6651,24.1099],[85.6588,24.1158],[85.6539,24.1184],[85.6532,24.1211],[85.6481,24.1277],[85.6437,24.1269],[85.6363,24.1273],[85.6346,24.1217],[85.6233,24.1229],[85.616,24.1248],[85.6049,24.1299],[85.6009,24.1295],[85.6,24.1266],[85.5978,24.1239],[85.5959,24.1245],[85.5879,24.1235],[85.5839,24.1223],[85.5814,24.124],[85.5835,24.1264],[85.5835,24.1293],[85.5814,24.133],[85.5739,24.1324],[85.5536,24.1317],[85.5452,24.124],[85.5439,24.1217],[85.5426,24.1168],[85.5467,24.1073],[85.5519,24.1046],[85.5513,24.098],[85.5538,24.0934],[85.5517,24.0871],[85.5625,24.0824],[85.5661,24.0854],[85.5716,24.087],[85.5722,24.0883],[85.5796,24.0867],[85.5803,24.0889],[85.5843,24.0919],[85.5897,24.0906],[85.5856,24.0828],[85.5851,24.0758],[85.5855,24.0713],[85.5889,24.0716],[85.5909,24.0737],[85.5962,24.0746],[85.5994,24.0732],[85.5991,24.0698],[85.6007,24.0667],[85.5966,24.0608],[85.5939,24.0607],[85.5901,24.0624],[85.5866,24.0648],[85.5862,24.0682],[85.5838,24.0712],[85.5787,24.0685],[85.5788,24.0719],[85.5761,24.0752],[85.5678,24.0778],[85.5629,24.0775],[85.5588,24.0755],[85.5589,24.0726],[85.5554,24.0712],[85.555,24.0683],[85.5567,24.0675],[85.5548,24.0644],[85.5536,24.0565],[85.55,24.0501],[85.5543,24.0479],[85.5554,24.0488],[85.5639,24.0481],[85.5677,24.0456],[85.5664,24.0367],[85.565,24.0309],[85.5672,24.0285],[85.5743,24.0233],[85.5788,24.0256],[85.5814,24.0261],[85.5829,24.0239],[85.581,24.0224],[85.582,24.0168],[85.5855,24.0185],[85.5923,24.0179],[85.5933,24.0159],[85.5919,24.0128],[85.5946,24.0043],[85.601,24.0061],[85.604,24.0055],[85.6095,23.9997],[85.6147,23.997],[85.6136,23.9953],[85.6108,23.9967],[85.6088,23.9954],[85.607,23.9896],[85.6094,23.9866],[85.6072,23.9833],[85.6078,23.9794],[85.6025,23.9794],[85.6009,23.9814],[85.597,23.981],[85.596,23.9843],[85.5929,23.983],[85.5829,23.9863],[85.5816,23.9824],[85.5794,23.9794],[85.5788,23.9766],[85.5747,23.9731],[85.5691,23.9718],[85.567,23.9636],[85.5684,23.9596],[85.5713,23.9563],[85.5768,23.9521],[85.5789,23.9478],[85.5764,23.9423],[85.58,23.9417],[85.5886,23.9413],[85.5881,23.9395],[85.5937,23.9338],[85.5949,23.9337]]]},"properties":{"id":"in:subdistrict:2648","level":"subdistrict","name":"Tati Jhariya","code":2648,"parent":"in:district:332","state":"in:state:20"}},{"type":"Feature","geometry":{"type":"Polygon","coordinates":[[[85.5764,23.9423],[85.5789,23.9478],[85.5768,23.9521],[85.5713,23.9563],[85.5684,23.9596],[85.567,23.9636],[85.5691,23.9718],[85.5747,23.9731],[85.5788,23.9766],[85.5794,23.9794],[85.5816,23.9824],[85.5829,23.9863],[85.5929,23.983],[85.596,23.9843],[85.597,23.981],[85.6009,23.9814],[85.6025,23.9794],[85.6078,23.9794],[85.6072,23.9833],[85.6094,23.9866],[85.607,23.9896],[85.6088,23.9954],[85.6108,23.9967],[85.6136,23.9953],[85.6147,23.997],[85.6095,23.9997],[85.604,24.0055],[85.601,24.0061],[85.5946,24.0043],[85.5919,24.0128],[85.5933,24.0159],[85.5923,24.0179],[85.5855,24.0185],[85.582,24.0168],[85.581,24.0224],[85.5829,24.0239],[85.5814,24.0261],[85.5788,24.0256],[85.5743,24.0233],[85.5672,24.0285],[85.565,24.0309],[85.5664,24.0367],[85.5677,24.0456],[85.5639,24.0481],[85.5554,24.0488],[85.5543,24.0479],[85.55,24.0501],[85.5536,24.0565],[85.5548,24.0644],[85.5567,24.0675],[85.555,24.0683],[85.5554,24.0712],[85.5589,24.0726],[85.5588,24.0755],[85.5629,24.0775],[85.5678,24.0778],[85.5761,24.0752],[85.5788,24.0719],[85.5787,24.0685],[85.5838,24.0712],[85.5862,24.0682],[85.5866,24.0648],[85.5901,24.0624],[85.5939,24.0607],[85.5966,24.0608],[85.6007,24.0667],[85.5991,24.0698],[85.5994,24.0732],[85.5962,24.0746],[85.5909,24.0737],[85.5889,24.0716],[85.5855,24.0713],[85.5851,24.0758],[85.5856,24.0828],[85.5897,24.0906],[85.5843,24.0919],[85.5803,24.0889],[85.5796,24.0867],[85.5722,24.0883],[85.5716,24.087],[85.5661,24.0854],[85.5625,24.0824],[85.5517,24.0871],[85.5538,24.0934],[85.5476,24.0926],[85.544,24.0934],[85.5418,24.0921],[85.5395,24.0929],[85.5358,24.0894],[85.5348,24.0853],[85.5313,24.0864],[85.5294,24.0811],[85.5274,24.0805],[85.5259,24.0771],[85.5243,24.0766],[85.5182,24.078],[85.5132,24.0738],[85.5122,24.0694],[85.5079,24.0636],[85.5013,24.0702],[85.4948,24.0701],[85.4903,24.0677],[85.4888,24.0611],[85.4851,24.0554],[85.4843,24.0504],[85.4875,24.0457],[85.4873,24.041],[85.4891,24.04],[85.4907,24.0427],[85.5064,24.0405],[85.5075,24.0387],[85.5124,24.0363],[85.5094,24.0328],[85.5058,24.0315],[85.5027,24.0284],[85.4996,24.0239],[85.4951,24.0213],[85.4896,24.0166],[85.4862,24.0147],[85.4957,24.0113],[85.4984,24.0086],[85.5021,24.0073],[85.5008,23.9987],[85.5019,23.9935],[85.5074,23.9894],[85.5101,23.9838],[85.5125,23.9772],[85.5098,23.9775],[85.5065,23.9762],[85.5123,23.9693],[85.5092,23.963],[85.5106,23.9615],[85.5094,23.9578],[85.5044,23.9555],[85.5104,23.9558],[85.514,23.9519],[85.5172,23.9518],[85.5237,23.9502],[85.5235,23.9453],[85.5208,23.9419],[85.52,23.9366],[85.5259,23.9364],[85.5285,23.9316],[85.5286,23.9288],[85.5308,23.9261],[85.5298,23.922],[85.535,23.9198],[85.5382,23.9193],[85.5428,23.921],[85.5457,23.9243],[85.5469,23.9281],[85.5504,23.9328],[85.5506,23.9365],[85.5574,23.9335],[85.5595,23.9348],[85.5606,23.9379],[85.5654,23.9373],[85.5688,23.9381],[85.5715,23.9374],[85.5764,23.9423]],[[85.5513,23.9644],[85.553,23.9644],[85.5602,23.9618],[85.5576,23.9577],[85.5588,23.9557],[85.5577,23.9493],[85.5545,23.9495],[85.5522,23.9511],[85.5513,23.9546],[85.5467,23.9598],[85.546,23.9624],[85.5466,23.9656],[85.549,23.9661],[85.5513,23.9644]]]},"properties":{"id":"in:subdistrict:2649","level":"subdistrict","name":"Daru","code":2649,"parent":"in:district:332","state":"in:state:20"}},{"type":"Feature","geometry":{"type":"Polygon","coordinates":[[[85.7117,24.1011],[85.7087,24.0988],[85.7059,24.0928],[85.7032,24.0927],[85.6944,24.094],[85.6935,24.091],[85.6891,24.0899],[85.6916,24.0865],[85.6974,24.0798],[85.6959,24.0775],[85.7047,24.0767],[85.7103,24.0729],[85.7116,24.0709],[85.7047,24.0602],[85.7026,24.0575],[85.7013,24.0524],[85.6973,24.0501],[85.6959,24.0467],[85.6918,24.04],[85.6847,24.0396],[85.6821,24.0381],[85.6803,24.0341],[85.6779,24.0311],[85.676,24.0311],[85.67,24.0288],[85.6627,24.033],[85.6618,24.0299],[85.6589,24.0278],[85.6549,24.0306],[85.6545,24.0323],[85.6483,24.0303],[85.6463,24.0139],[85.6429,24.0131],[85.6406,24.0146],[85.6386,24.0133],[85.6372,24.0079],[85.6374,24.0016],[85.6399,23.9975],[85.6391,23.9928],[85.6405,23.9909],[85.6473,23.9908],[85.651,23.9931],[85.6547,23.9943],[85.6632,23.9952],[85.6679,23.9943],[85.67,23.9909],[85.6751,23.9904],[85.6775,23.9879],[85.6776,23.9856],[85.6793,23.9838],[85.6825,23.9836],[85.6856,23.9861],[85.6889,23.9855],[85.6914,23.9831],[85.6976,23.9802],[85.6984,23.9774],[85.6964,23.9757],[85.6917,23.9761],[85.6893,23.9754],[85.6853,23.9717],[85.6841,23.9692],[85.6847,23.9648],[85.6861,23.9607],[85.6906,23.9582],[85.692,23.9565],[85.6907,23.954],[85.6928,23.9499],[85.6973,23.947],[85.7001,23.9398],[85.7049,23.936],[85.7084,23.9351],[85.7129,23.9351],[85.7123,23.9304],[85.7134,23.9281],[85.7125,23.9244],[85.7152,23.9225],[85.7185,23.9235],[85.72,23.9267],[85.7226,23.9292],[85.7244,23.935],[85.728,23.9386],[85.7336,23.9413],[85.7374,23.9412],[85.7398,23.9435],[85.7373,23.9473],[85.7385,23.9502],[85.7427,23.9498],[85.7452,23.9474],[85.748,23.943],[85.7498,23.9426],[85.7559,23.947],[85.7585,23.9469],[85.7642,23.9441],[85.7656,23.9423],[85.7659,23.939],[85.762,23.9307],[85.765,23.9254],[85.7716,23.922],[85.7757,23.9182],[85.7817,23.9187],[85.7845,23.9161],[85.7838,23.9052],[85.7851,23.9009],[85.7868,23.8996],[85.7939,23.899],[85.7998,23.897],[85.8009,23.8951],[85.7973,23.8918],[85.797,23.889],[85.7994,23.8828],[85.8027,23.8813],[85.8011,23.8762],[85.804,23.8745],[85.8049,23.8722],[85.8035,23.8685],[85.8043,23.8661],[85.8033,23.8597],[85.8064,23.8576],[85.8129,23.8551],[85.8143,23.8532],[85.8128,23.847],[85.8147,23.8446],[85.8225,23.8446],[85.8278,23.8425],[85.8338,23.8415],[85.836,23.8401],[85.8382,23.8444],[85.8386,23.8472],[85.841,23.8513],[85.845,23.8524],[85.8459,23.8544],[85.8501,23.8536],[85.8519,23.8561],[85.8553,23.857],[85.8568,23.8607],[85.8622,23.8647],[85.8611,23.8673],[85.8635,23.8713],[85.8639,23.8759],[85.8622,23.8781],[85.8691,23.8842],[85.8691,23.8865],[85.8711,23.8893],[85.8708,23.8914],[85.8747,23.8942],[85.8776,23.8974],[85.878,23.9017],[85.8815,23.9043],[85.8834,23.9073],[85.8862,23.9087],[85.8887,23.9185],[85.8845,23.9195],[85.8824,23.9259],[85.8877,23.9348],[85.8879,23.9359],[85.8855,23.9417],[85.8831,23.9442],[85.8842,23.9496],[85.8874,23.9521],[85.8876,23.956],[85.8893,23.9582],[85.8934,23.9585],[85.8968,23.9543],[85.9037,23.955],[85.9074,23.9504],[85.9075,23.9481],[85.9127,23.9477],[85.9133,23.955],[85.9174,23.9572],[85.9232,23.9578],[85.9286,23.9556],[85.9309,23.9584],[85.9315,23.9684],[85.9311,23.973],[85.9323,23.9741],[85.9312,23.9793],[85.9257,23.9821],[85.9233,23.9857],[85.9196,23.9839],[85.9176,23.9866],[85.9139,23.9867],[85.9098,23.99],[85.9059,23.991],[85.9034,23.9893],[85.8989,23.9919],[85.897,23.9964],[85.8989,23.9978],[85.8973,24.0022],[85.8983,24.0083],[85.897,24.0123],[85.8932,24.0147],[85.8858,24.0167],[85.8855,24.0138],[85.8831,24.0072],[85.8811,24.006],[85.8762,24.0062],[85.8704,24.0113],[85.865,24.013],[85.8579,24.0178],[85.8583,24.02],[85.8653,24.0278],[85.8691,24.0284],[85.8712,24.0307],[85.8762,24.0322],[85.8773,24.0361],[85.8793,24.0386],[85.8766,24.0471],[85.8749,24.048],[85.8731,24.0451],[85.8714,24.0483],[85.8733,24.0509],[85.8698,24.0516],[85.8656,24.0462],[85.8643,24.046],[85.8545,24.0517],[85.8554,24.055],[85.8533,24.0601],[85.8478,24.064],[85.8464,24.0636],[85.8451,24.0592],[85.8393,24.0605],[85.8417,24.0663],[85.8371,24.0684],[85.836,24.0718],[85.8328,24.0693],[85.8305,24.0693],[85.8296,24.0719],[85.8256,24.0729],[85.8238,24.0716],[85.8236,24.069],[85.8196,24.0669],[85.8188,24.0629],[85.8167,24.0618],[85.8022,24.0673],[85.8012,24.0712],[85.8021,24.0739],[85.8057,24.0772],[85.8057,24.0784],[85.798,24.0783],[85.79,24.085],[85.7895,24.0884],[85.7862,24.09],[85.7815,24.0897],[85.7782,24.0885],[85.7725,24.0907],[85.7707,24.0928],[85.7733,24.0955],[85.7741,24.0979],[85.7782,24.1009],[85.7707,24.1032],[85.7656,24.1007],[85.7622,24.0999],[85.7577,24.0976],[85.7539,24.0995],[85.7494,24.1032],[85.747,24.1016],[85.7433,24.1014],[85.7408,24.096],[85.7371,24.0942],[85.7339,24.094],[85.7292,24.0994],[85.7223,24.0968],[85.7167,24.0997],[85.7117,24.1011]]]},"properties":{"id":"in:subdistrict:2652","level":"subdistrict","name":"Bishungarh","code":2652,"parent":"in:district:332","state":"in:state:20"}},{"type":"Feature","geometry":{"type":"Polygon","coordinates":[[[85.8501,23.8536],[85.8545,23.8507],[85.8593,23.8486],[85.8662,23.8508],[85.8679,23.8492],[85.8659,23.8468],[85.8694,23.8428],[85.8674,23.8412],[85.8656,23.8375],[85.8679,23.8326],[85.8744,23.8311],[85.8769,23.8293],[85.8772,23.8242],[85.8765,23.8208],[85.8785,23.8181],[85.8833,23.8161],[85.8892,23.8145],[85.8923,23.8124],[85.898,23.8138],[85.903,23.8098],[85.9053,23.8097],[85.9085,23.8053],[85.9152,23.8013],[85.9171,23.8052],[85.9204,23.8056],[85.9239,23.8072],[85.9324,23.8079],[85.9375,23.807],[85.9515,23.8083],[85.9546,23.8079],[85.9601,23.8043],[85.9644,23.8024],[85.9685,23.8043],[85.9739,23.8097],[85.9775,23.8098],[85.9798,23.8137],[85.9833,23.8133],[85.985,23.8143],[85.9901,23.8096],[85.9937,23.8114],[85.9996,23.8114],[86.0024,23.8083],[86,23.8059],[86.001,23.8027],[86.0036,23.8036],[86.0069,23.7989],[86.004,23.7958],[86.005,23.7923],[86.0088,23.7885],[86.0113,23.787],[86.0138,23.7872],[86.0191,23.7859],[86.0329,23.7869],[86.0403,23.7828],[86.0419,23.7793],[86.0419,23.7755],[86.0471,23.7747],[86.049,23.777],[86.0519,23.7776],[86.0536,23.7804],[86.0595,23.7789],[86.0631,23.7796],[86.0658,23.7823],[86.0693,23.7825],[86.0733,23.7841],[86.0755,23.7835],[86.0794,23.7887],[86.0835,23.7878],[86.0854,23.7899],[86.0872,23.7952],[86.0914,23.7994],[86.0897,23.8009],[86.0871,23.8001],[86.0801,23.8009],[86.0793,23.8034],[86.0759,23.8048],[86.0731,23.8073],[86.0728,23.8096],[86.0744,23.8137],[86.079,23.8161],[86.08,23.8203],[86.0856,23.8218],[86.0922,23.8182],[86.0935,23.8166],[86.0998,23.8169],[86.1032,23.8177],[86.1035,23.8203],[86.102,23.8225],[86.1043,23.827],[86.1046,23.8345],[86.1078,23.8331],[86.1113,23.8355],[86.1155,23.834],[86.1227,23.8344],[86.1252,23.8314],[86.1292,23.8334],[86.1328,23.8332],[86.1341,23.8352],[86.1373,23.8367],[86.1393,23.8338],[86.1435,23.8334],[86.1429,23.8365],[86.1365,23.8419],[86.1385,23.8448],[86.1416,23.8449],[86.1429,23.8468],[86.1393,23.8503],[86.1377,23.8537],[86.1405,23.8575],[86.1399,23.8598],[86.1379,23.8607],[86.1309,23.8612],[86.1274,23.8635],[86.126,23.8677],[86.1238,23.8688],[86.1192,23.8682],[86.1178,23.8696],[86.1196,23.8744],[86.1192,23.8777],[86.1161,23.8811],[86.1163,23.8835],[86.1199,23.8855],[86.1183,23.8881],[86.1146,23.8866],[86.1112,23.887],[86.1064,23.8879],[86.101,23.8845],[86.0982,23.8836],[86.0919,23.8881],[86.0868,23.8971],[86.0723,23.9216],[86.0672,23.9196],[86.0626,23.9169],[86.0575,23.9177],[86.0508,23.9172],[86.0442,23.9159],[86.0396,23.9141],[86.0358,23.9142],[86.0262,23.9109],[86.0215,23.9111],[86.0153,23.9122],[86.0076,23.9114],[85.9988,23.9116],[85.9915,23.9095],[85.9902,23.9062],[85.9874,23.9056],[85.9796,23.9015],[85.9755,23.8998],[85.9733,23.8935],[85.9705,23.893],[85.9677,23.8951],[85.9678,23.8998],[85.9664,23.9019],[85.962,23.8998],[85.9613,23.9081],[85.9637,23.9129],[85.9602,23.9148],[85.9574,23.9177],[85.957,23.9206],[85.9474,23.9233],[85.9448,23.9275],[85.9449,23.9316],[85.9473,23.9368],[85.9458,23.9378],[85.9418,23.9346],[85.9396,23.9311],[85.9359,23.9292],[85.9336,23.9258],[85.9312,23.9256],[85.9298,23.9283],[85.9287,23.9385],[85.9285,23.9436],[85.9249,23.9469],[85.9225,23.9474],[85.9177,23.9448],[85.9127,23.9477],[85.9075,23.9481],[85.9074,23.9504],[85.9037,23.955],[85.8968,23.9543],[85.8934,23.9585],[85.8893,23.9582],[85.8876,23.956],[85.8874,23.9521],[85.8842,23.9496],[85.8831,23.9442],[85.8855,23.9417],[85.8879,23.9359],[85.8877,23.9348],[85.8824,23.9259],[85.8845,23.9195],[85.8887,23.9185],[85.8862,23.9087],[85.8834,23.9073],[85.8815,23.9043],[85.878,23.9017],[85.8776,23.8974],[85.8747,23.8942],[85.8708,23.8914],[85.8711,23.8893],[85.8691,23.8865],[85.8691,23.8842],[85.8622,23.8781],[85.8639,23.8759],[85.8635,23.8713],[85.8611,23.8673],[85.8622,23.8647],[85.8568,23.8607],[85.8553,23.857],[85.8519,23.8561],[85.8501,23.8536]]]},"properties":{"id":"in:subdistrict:2588","level":"subdistrict","name":"Nawadih","code":2588,"parent":"in:district:322","state":"in:state:20"}},{"type":"Feature","geometry":{"type":"Polygon","coordinates":[[[86.1435,23.8334],[86.1435,23.8306],[86.1472,23.8288],[86.1512,23.8318],[86.1533,23.8312],[86.1552,23.8285],[86.1608,23.8287],[86.1624,23.8279],[86.1657,23.8283],[86.166,23.8303],[86.1696,23.8321],[86.1705,23.8304],[86.1742,23.8326],[86.1767,23.831],[86.1783,23.8329],[86.1845,23.8295],[86.1862,23.8304],[86.1873,23.8334],[86.1901,23.8305],[86.1943,23.829],[86.1989,23.8284],[86.2041,23.8315],[86.2112,23.8324],[86.2147,23.8354],[86.2169,23.8338],[86.2206,23.8339],[86.2254,23.8321],[86.2282,23.8332],[86.234,23.8321],[86.2414,23.8317],[86.2442,23.8346],[86.2534,23.8307],[86.2621,23.8279],[86.2662,23.8283],[86.275,23.8264],[86.2773,23.8306],[86.2761,23.8338],[86.2753,23.8389],[86.2776,23.8424],[86.283,23.8353],[86.2847,23.834],[86.2889,23.8342],[86.2915,23.8375],[86.2954,23.8378],[86.2967,23.8392],[86.3002,23.8382],[86.3015,23.8412],[86.3052,23.8423],[86.3045,23.8503],[86.306,23.8517],[86.2981,23.857],[86.2986,23.8601],[86.3037,23.8631],[86.304,23.8679],[86.3028,23.87],[86.3034,23.8783],[86.2974,23.8848],[86.2992,23.8861],[86.2963,23.8882],[86.2991,23.8971],[86.3019,23.8986],[86.302,23.9019],[86.3057,23.9024],[86.3039,23.9047],[86.3041,23.9073],[86.3067,23.9084],[86.3071,23.911],[86.312,23.9125],[86.3122,23.9164],[86.305,23.9161],[86.3015,23.9143],[86.2975,23.9138],[86.2939,23.9158],[86.2882,23.9168],[86.2878,23.9198],[86.285,23.9201],[86.2837,23.9229],[86.2805,23.9237],[86.2754,23.9227],[86.2741,23.9239],[86.2687,23.9206],[86.2598,23.9211],[86.2575,23.9251],[86.2538,23.9261],[86.2508,23.931],[86.2481,23.9307],[86.2454,23.9338],[86.2414,23.9348],[86.2388,23.9365],[86.2334,23.9384],[86.2318,23.9354],[86.2284,23.9369],[86.2235,23.9404],[86.2204,23.9377],[86.2155,23.9383],[86.2121,23.9369],[86.2041,23.9411],[86.1957,23.9423],[86.1929,23.9403],[86.1854,23.9381],[86.1807,23.9386],[86.1716,23.9386],[86.1708,23.9362],[86.1671,23.9352],[86.162,23.933],[86.1579,23.9326],[86.1519,23.9296],[86.1461,23.93],[86.1424,23.9315],[86.1368,23.9328],[86.1326,23.9284],[86.131,23.9254],[86.1294,23.9191],[86.1267,23.9167],[86.1286,23.9108],[86.1263,23.908],[86.1264,23.9015],[86.1241,23.9008],[86.1223,23.8975],[86.1176,23.8938],[86.1128,23.8912],[86.1112,23.887],[86.1146,23.8866],[86.1183,23.8881],[86.1199,23.8855],[86.1163,23.8835],[86.1161,23.8811],[86.1192,23.8777],[86.1196,23.8744],[86.1178,23.8696],[86.1192,23.8682],[86.1238,23.8688],[86.126,23.8677],[86.1274,23.8635],[86.1309,23.8612],[86.1379,23.8607],[86.1399,23.8598],[86.1405,23.8575],[86.1377,23.8537],[86.1393,23.8503],[86.1429,23.8468],[86.1416,23.8449],[86.1385,23.8448],[86.1365,23.8419],[86.1429,23.8365],[86.1435,23.8334]]]},"properties":{"id":"in:subdistrict:2581","level":"subdistrict","name":"Topchanchi","code":2581,"parent":"in:district:325","state":"in:state:20"}},{"type":"Feature","geometry":{"type":"Polygon","coordinates":[[[86.2939,23.9158],[86.2942,23.9232],[86.2967,23.93],[86.3012,23.9373],[86.3032,23.9393],[86.3069,23.9514],[86.309,23.9558],[86.3138,23.964],[86.3112,23.9678],[86.3137,23.9768],[86.3173,23.9792],[86.3182,23.9831],[86.3216,23.9831],[86.3248,23.9868],[86.3254,23.9891],[86.3288,23.9928],[86.3295,23.9953],[86.3346,24.004],[86.3381,24.0042],[86.3405,24.0065],[86.3393,24.0083],[86.3407,24.0122],[86.3414,24.0172],[86.3376,24.0185],[86.3327,24.0182],[86.3265,24.0194],[86.3263,24.0223],[86.3242,24.0253],[86.3207,24.0275],[86.3182,24.0303],[86.3223,24.0329],[86.3271,24.0342],[86.329,24.036],[86.3339,24.0362],[86.3346,24.0409],[86.3323,24.0427],[86.3348,24.0453],[86.3324,24.0482],[86.3367,24.0504],[86.3388,24.0526],[86.3421,24.0523],[86.344,24.0534],[86.3413,24.0558],[86.3361,24.0587],[86.3324,24.0599],[86.3243,24.06],[86.3158,24.0621],[86.3124,24.0635],[86.3053,24.0709],[86.304,24.0717],[86.2916,24.073],[86.2845,24.0729],[86.2817,24.072],[86.2762,24.0737],[86.2735,24.0776],[86.271,24.0852],[86.2681,24.0908],[86.267,24.1019],[86.2644,24.1069],[86.2615,24.1093],[86.2559,24.1125],[86.2449,24.115],[86.2401,24.1153],[86.2375,24.1141],[86.2329,24.1105],[86.2307,24.1105],[86.222,24.1151],[86.2171,24.1168],[86.2084,24.1165],[86.2019,24.1197],[86.1979,24.1195],[86.193,24.1165],[86.1876,24.1165],[86.1825,24.122],[86.1763,24.1183],[86.1733,24.1128],[86.1735,24.111],[86.1778,24.1063],[86.1729,24.1049],[86.1705,24.0993],[86.1659,24.1001],[86.1635,24.0971],[86.1607,24.0965],[86.1538,24.0917],[86.15,24.0833],[86.1427,24.0776],[86.1352,24.0799],[86.1336,24.0813],[86.1275,24.0817],[86.1248,24.0832],[86.118,24.0902],[86.1149,24.0918],[86.1091,24.0926],[86.102,24.0988],[86.0993,24.0933],[86.1007,24.091],[86.1008,24.0789],[86.0991,24.078],[86.0937,24.078],[86.0907,24.0753],[86.09,24.071],[86.093,24.0676],[86.0929,24.0649],[86.0973,24.063],[86.1023,24.0587],[86.1088,24.062],[86.111,24.0622],[86.1134,24.0596],[86.1153,24.0593],[86.1175,24.0567],[86.1205,24.0558],[86.1231,24.0499],[86.1248,24.0499],[86.1274,24.0463],[86.1272,24.0437],[86.1231,24.0433],[86.1194,24.0359],[86.1197,24.0329],[86.1231,24.028],[86.1201,24.0253],[86.1224,24.0208],[86.1196,24.019],[86.1221,24.0152],[86.1301,24.0139],[86.1345,24.0122],[86.137,24.0096],[86.1396,24.0094],[86.1346,24.0037],[86.1392,24.0011],[86.1343,23.9983],[86.1268,23.9966],[86.1231,23.9965],[86.1217,23.9947],[86.1176,23.9958],[86.1151,23.9938],[86.1104,23.9929],[86.1065,23.9945],[86.1037,23.9929],[86.0988,23.9922],[86.096,23.989],[86.0946,23.985],[86.0969,23.9817],[86.0937,23.9747],[86.0927,23.9709],[86.0883,23.9688],[86.0876,23.9658],[86.0848,23.9603],[86.0846,23.9571],[86.0883,23.9573],[86.0924,23.9536],[86.0953,23.9491],[86.097,23.9484],[86.0998,23.9442],[86.1053,23.9409],[86.1059,23.9382],[86.108,23.9373],[86.1132,23.9321],[86.1174,23.9316],[86.1183,23.9372],[86.1227,23.9373],[86.125,23.9359],[86.1309,23.9342],[86.1326,23.9347],[86.1368,23.9328],[86.1424,23.9315],[86.1461,23.93],[86.1519,23.9296],[86.1579,23.9326],[86.162,23.933],[86.1671,23.9352],[86.1708,23.9362],[86.1716,23.9386],[86.1807,23.9386],[86.1854,23.9381],[86.1929,23.9403],[86.1957,23.9423],[86.2041,23.9411],[86.2121,23.9369],[86.2155,23.9383],[86.2204,23.9377],[86.2235,23.9404],[86.2284,23.9369],[86.2318,23.9354],[86.2334,23.9384],[86.2388,23.9365],[86.2414,23.9348],[86.2454,23.9338],[86.2481,23.9307],[86.2508,23.931],[86.2538,23.9261],[86.2575,23.9251],[86.2598,23.9211],[86.2687,23.9206],[86.2741,23.9239],[86.2754,23.9227],[86.2805,23.9237],[86.2837,23.9229],[86.285,23.9201],[86.2878,23.9198],[86.2882,23.9168],[86.2939,23.9158]]]},"properties":{"id":"in:subdistrict:2544","level":"subdistrict","name":"Pirtanr","code":2544,"parent":"in:district:329","state":"in:state:20"}},{"type":"Feature","geometry":{"type":"Polygon","coordinates":[[[86.0512,24.1656],[86.0501,24.1606],[86.0505,24.1588],[86.0493,24.1534],[86.0455,24.153],[86.0444,24.1514],[86.0433,24.1467],[86.0401,24.1458],[86.0378,24.1416],[86.0317,24.1409],[86.033,24.1329],[86.0322,24.1272],[86.0295,24.1252],[86.0251,24.1248],[86.0227,24.1256],[86.0199,24.1243],[86.0165,24.1245],[86.0147,24.123],[86.0146,24.1188],[86.0116,24.1133],[86.0145,24.1111],[86.0127,24.1076],[86.0138,24.1053],[86.0165,24.1076],[86.0198,24.108],[86.0189,24.1048],[86.0222,24.0988],[86.0179,24.0975],[86.0165,24.0902],[86.0143,24.0887],[86.0148,24.0845],[86.0156,24.0822],[86.0153,24.077],[86.0126,24.0705],[86.0132,24.0657],[86.021,24.0638],[86.0222,24.063],[86.0227,24.0589],[86.0268,24.059],[86.0261,24.0559],[86.0238,24.0536],[86.0208,24.0524],[86.0166,24.0556],[86.0173,24.0518],[86.013,24.0517],[86.009,24.0524],[86.0054,24.0511],[86.0031,24.0471],[85.9976,24.0464],[85.9918,24.039],[85.9902,24.0303],[85.9872,24.0268],[85.9828,24.0285],[85.9797,24.0285],[85.9772,24.0262],[85.9731,24.0262],[85.9732,24.0215],[85.9683,24.0138],[85.9674,24.0101],[85.9696,24.007],[85.9696,24.0052],[85.963,23.9974],[85.959,23.99],[85.9563,23.9898],[85.9545,23.9917],[85.9478,23.9911],[85.9446,23.9916],[85.9383,23.989],[85.9352,23.9907],[85.9306,23.9908],[85.9281,23.99],[85.9269,23.9871],[85.927,23.9824],[85.9257,23.9821],[85.9312,23.9793],[85.9323,23.9741],[85.9311,23.973],[85.9315,23.9684],[85.9309,23.9584],[85.9286,23.9556],[85.9232,23.9578],[85.9174,23.9572],[85.9133,23.955],[85.9127,23.9477],[85.9177,23.9448],[85.9225,23.9474],[85.9249,23.9469],[85.9285,23.9436],[85.9287,23.9385],[85.9298,23.9283],[85.9312,23.9256],[85.9336,23.9258],[85.9359,23.9292],[85.9396,23.9311],[85.9418,23.9346],[85.9458,23.9378],[85.9473,23.9368],[85.9449,23.9316],[85.9448,23.9275],[85.9474,23.9233],[85.957,23.9206],[85.9574,23.9177],[85.9602,23.9148],[85.9637,23.9129],[85.9613,23.9081],[85.962,23.8998],[85.9664,23.9019],[85.9678,23.8998],[85.9677,23.8951],[85.9705,23.893],[85.9733,23.8935],[85.9755,23.8998],[85.9796,23.9015],[85.9874,23.9056],[85.9902,23.9062],[85.9915,23.9095],[85.9988,23.9116],[86.0076,23.9114],[86.0153,23.9122],[86.0215,23.9111],[86.0262,23.9109],[86.0358,23.9142],[86.0396,23.9141],[86.0442,23.9159],[86.0508,23.9172],[86.0575,23.9177],[86.0626,23.9169],[86.0672,23.9196],[86.0723,23.9216],[86.0868,23.8971],[86.0919,23.8881],[86.0982,23.8836],[86.101,23.8845],[86.1064,23.8879],[86.1112,23.887],[86.1128,23.8912],[86.1176,23.8938],[86.1223,23.8975],[86.1241,23.9008],[86.1264,23.9015],[86.1263,23.908],[86.1286,23.9108],[86.1267,23.9167],[86.1294,23.9191],[86.131,23.9254],[86.1326,23.9284],[86.1368,23.9328],[86.1326,23.9347],[86.1309,23.9342],[86.125,23.9359],[86.1227,23.9373],[86.1183,23.9372],[86.1174,23.9316],[86.1132,23.9321],[86.108,23.9373],[86.1059,23.9382],[86.1053,23.9409],[86.0998,23.9442],[86.097,23.9484],[86.0953,23.9491],[86.0924,23.9536],[86.0883,23.9573],[86.0846,23.9571],[86.0848,23.9603],[86.0876,23.9658],[86.0883,23.9688],[86.0927,23.9709],[86.0937,23.9747],[86.0969,23.9817],[86.0946,23.985],[86.096,23.989],[86.0988,23.9922],[86.1037,23.9929],[86.1065,23.9945],[86.1104,23.9929],[86.1151,23.9938],[86.1176,23.9958],[86.1217,23.9947],[86.1231,23.9965],[86.1268,23.9966],[86.1343,23.9983],[86.1392,24.0011],[86.1346,24.0037],[86.1396,24.0094],[86.137,24.0096],[86.1345,24.0122],[86.1301,24.0139],[86.1221,24.0152],[86.1196,24.019],[86.1224,24.0208],[86.1201,24.0253],[86.1231,24.028],[86.1197,24.0329],[86.1194,24.0359],[86.1231,24.0433],[86.1272,24.0437],[86.1274,24.0463],[86.1248,24.0499],[86.1231,24.0499],[86.1205,24.0558],[86.1175,24.0567],[86.1153,24.0593],[86.1134,24.0596],[86.111,24.0622],[86.1088,24.062],[86.1023,24.0587],[86.0973,24.063],[86.0929,24.0649],[86.093,24.0676],[86.09,24.071],[86.0907,24.0753],[86.0937,24.078],[86.0991,24.078],[86.1008,24.0789],[86.1007,24.091],[86.0993,24.0933],[86.102,24.0988],[86.1091,24.0926],[86.1149,24.0918],[86.118,24.0902],[86.1248,24.0832],[86.1275,24.0817],[86.1336,24.0813],[86.1352,24.0799],[86.1427,24.0776],[86.15,24.0833],[86.1538,24.0917],[86.1607,24.0965],[86.1635,24.0971],[86.1659,24.1001],[86.1705,24.0993],[86.1729,24.1049],[86.1778,24.1063],[86.1735,24.111],[86.1733,24.1128],[86.1763,24.1183],[86.1825,24.122],[86.1802,24.134],[86.1777,24.1376],[86.1739,24.1415],[86.1696,24.1426],[86.1642,24.1413],[86.1598,24.1415],[86.1552,24.146],[86.1518,24.1511],[86.1454,24.1568],[86.1437,24.1577],[86.1403,24.1571],[86.1353,24.1573],[86.1267,24.1612],[86.1251,24.1647],[86.1239,24.1724],[86.1225,24.1743],[86.1193,24.1756],[86.1152,24.1751],[86.1079,24.1701],[86.104,24.1693],[86.1007,24.1709],[86.0961,24.176],[86.0954,24.1788],[86.0932,24.1772],[86.0882,24.184],[86.0857,24.1849],[86.0794,24.1829],[86.0725,24.1772],[86.0651,24.1717],[86.0599,24.1684],[86.0534,24.1659],[86.0512,24.1656]]]},"properties":{"id":"in:subdistrict:2543","level":"subdistrict","name":"Dumri","code":2543,"parent":"in:district:329","state":"in:state:20"}},{"type":"Feature","geometry":{"type":"Polygon","coordinates":[[[86.2608,24.2715],[86.257,24.2704],[86.2554,24.2681],[86.2513,24.2691],[86.2484,24.2667],[86.2441,24.2681],[86.2341,24.2689],[86.2299,24.2686],[86.2266,24.2709],[86.2243,24.2702],[86.2211,24.2644],[86.2224,24.2623],[86.2205,24.2595],[86.218,24.2614],[86.2108,24.2605],[86.2107,24.264],[86.2047,24.2636],[86.2029,24.2644],[86.1924,24.2657],[86.1915,24.2648],[86.179,24.2626],[86.1763,24.2648],[86.1724,24.2643],[86.1647,24.2565],[86.1593,24.2572],[86.1393,24.2663],[86.1362,24.2634],[86.1352,24.2597],[86.1359,24.255],[86.1351,24.2516],[86.1306,24.251],[86.1265,24.2497],[86.1244,24.25],[86.1203,24.2531],[86.1159,24.2527],[86.1153,24.2507],[86.1176,24.2447],[86.1182,24.2406],[86.1181,24.2316],[86.1195,24.2306],[86.1263,24.2336],[86.1292,24.232],[86.1317,24.227],[86.1339,24.2262],[86.1335,24.2193],[86.1315,24.2207],[86.1288,24.2201],[86.127,24.2158],[86.1217,24.2151],[86.1183,24.2126],[86.1139,24.2133],[86.1142,24.2105],[86.1118,24.2045],[86.1057,24.2026],[86.1061,24.1983],[86.1006,24.1935],[86.099,24.1913],[86.0972,24.1838],[86.0954,24.1788],[86.0961,24.176],[86.1007,24.1709],[86.104,24.1693],[86.1079,24.1701],[86.1152,24.1751],[86.1193,24.1756],[86.1225,24.1743],[86.1239,24.1724],[86.1251,24.1647],[86.1267,24.1612],[86.1353,24.1573],[86.1403,24.1571],[86.1437,24.1577],[86.1454,24.1568],[86.1518,24.1511],[86.1552,24.146],[86.1598,24.1415],[86.1642,24.1413],[86.1696,24.1426],[86.1739,24.1415],[86.1777,24.1376],[86.1802,24.134],[86.1825,24.122],[86.1876,24.1165],[86.193,24.1165],[86.1979,24.1195],[86.2019,24.1197],[86.2084,24.1165],[86.2171,24.1168],[86.222,24.1151],[86.2307,24.1105],[86.2329,24.1105],[86.2375,24.1141],[86.2401,24.1153],[86.2449,24.115],[86.2559,24.1125],[86.2615,24.1093],[86.2644,24.1069],[86.267,24.1019],[86.2681,24.0908],[86.271,24.0852],[86.2735,24.0776],[86.2762,24.0737],[86.2817,24.072],[86.2845,24.0729],[86.2916,24.073],[86.304,24.0717],[86.3053,24.0709],[86.3124,24.0635],[86.3158,24.0621],[86.3243,24.06],[86.3324,24.0599],[86.3361,24.0587],[86.3413,24.0558],[86.344,24.0534],[86.3499,24.0528],[86.3593,24.0491],[86.3637,24.0481],[86.3685,24.0487],[86.3706,24.0504],[86.3736,24.0568],[86.3725,24.0606],[86.371,24.062],[86.3723,24.0649],[86.3711,24.0702],[86.3688,24.0719],[86.3689,24.0745],[86.3666,24.0802],[86.3685,24.082],[86.3677,24.0853],[86.3655,24.0859],[86.3665,24.0893],[86.3695,24.0905],[86.3707,24.0934],[86.3688,24.0966],[86.371,24.0982],[86.3753,24.0976],[86.3753,24.1008],[86.3728,24.102],[86.3724,24.1062],[86.3772,24.1057],[86.3773,24.1102],[86.3753,24.1109],[86.3729,24.1145],[86.3742,24.1168],[86.3727,24.1197],[86.3693,24.1216],[86.3701,24.1246],[86.373,24.1236],[86.3771,24.1235],[86.3762,24.1273],[86.3745,24.1289],[86.3778,24.133],[86.3852,24.1391],[86.3828,24.1411],[86.3797,24.139],[86.3758,24.1388],[86.3753,24.1425],[86.3766,24.1446],[86.3756,24.1469],[86.3788,24.1488],[86.3825,24.1492],[86.3824,24.152],[86.379,24.1532],[86.377,24.1561],[86.3773,24.1616],[86.3746,24.1632],[86.3715,24.1629],[86.3695,24.1642],[86.3634,24.1634],[86.3607,24.1658],[86.3625,24.168],[86.3641,24.172],[86.3606,24.1723],[86.3547,24.1755],[86.3545,24.1718],[86.3501,24.1715],[86.3468,24.1728],[86.3441,24.1724],[86.3422,24.1747],[86.3432,24.1793],[86.3503,24.1902],[86.3517,24.1937],[86.3552,24.1979],[86.3605,24.2064],[86.3621,24.208],[86.3651,24.2073],[86.3651,24.2097],[86.3628,24.2128],[86.3592,24.2097],[86.3555,24.2101],[86.3555,24.2068],[86.3464,24.2031],[86.344,24.2081],[86.3461,24.2115],[86.3429,24.212],[86.3376,24.2102],[86.3249,24.2113],[86.3173,24.2146],[86.3148,24.2132],[86.3125,24.2136],[86.3034,24.2176],[86.3008,24.2152],[86.2972,24.2168],[86.2899,24.2164],[86.2893,24.2147],[86.2846,24.2179],[86.28,24.2234],[86.2782,24.2245],[86.2756,24.2218],[86.2742,24.2241],[86.2744,24.2266],[86.2781,24.2287],[86.2785,24.2331],[86.2762,24.234],[86.2749,24.2372],[86.2762,24.2404],[86.2748,24.2453],[86.2777,24.2482],[86.275,24.2543],[86.2803,24.2573],[86.282,24.2541],[86.2837,24.2534],[86.2941,24.2561],[86.2957,24.2606],[86.2886,24.2661],[86.2855,24.2672],[86.2835,24.27],[86.283,24.2732],[86.2798,24.2746],[86.2743,24.2736],[86.2712,24.2744],[86.2707,24.2716],[86.2685,24.2704],[86.2617,24.2745],[86.2608,24.2715]]]},"properties":{"id":"in:subdistrict:2539","level":"subdistrict","name":"Giridih","code":2539,"parent":"in:district:329","state":"in:state:20"}},{"type":"Feature","geometry":{"type":"Polygon","coordinates":[[[86.3122,23.9164],[86.313,23.9165],[86.313,23.9199],[86.3168,23.9263],[86.3196,23.9279],[86.3212,23.9309],[86.3209,23.9333],[86.3262,23.9378],[86.3295,23.9443],[86.3319,23.947],[86.3359,23.9435],[86.3452,23.942],[86.3488,23.9426],[86.3509,23.9446],[86.3555,23.9439],[86.3608,23.9457],[86.3673,23.9437],[86.3714,23.9416],[86.3755,23.9427],[86.3773,23.9466],[86.3824,23.9488],[86.3844,23.9489],[86.3899,23.9519],[86.3899,23.9491],[86.3918,23.9455],[86.4002,23.9394],[86.4017,23.9371],[86.4014,23.9344],[86.396,23.9346],[86.3884,23.9331],[86.3896,23.9289],[86.3884,23.919],[86.3907,23.9162],[86.3964,23.9174],[86.406,23.9141],[86.406,23.9119],[86.4093,23.9073],[86.4141,23.9047],[86.4147,23.9026],[86.4182,23.9009],[86.4172,23.899],[86.4213,23.8985],[86.4242,23.8971],[86.4247,23.8946],[86.4281,23.8951],[86.4289,23.8909],[86.4381,23.8865],[86.4452,23.8819],[86.4467,23.8839],[86.4502,23.8851],[86.4495,23.8937],[86.45,23.8962],[86.4491,23.9036],[86.4545,23.9059],[86.4587,23.9051],[86.4634,23.9031],[86.4686,23.9033],[86.4671,23.9067],[86.4668,23.9114],[86.472,23.912],[86.4777,23.9114],[86.4796,23.9119],[86.4841,23.91],[86.4862,23.9082],[86.4896,23.9082],[86.4933,23.9066],[86.5045,23.9003],[86.5092,23.897],[86.5148,23.8962],[86.5216,23.8936],[86.5233,23.8953],[86.5269,23.896],[86.5289,23.8993],[86.5294,23.9017],[86.5278,23.9044],[86.527,23.912],[86.5294,23.9124],[86.5343,23.9165],[86.5363,23.9197],[86.5347,23.9213],[86.5355,23.9262],[86.5348,23.9287],[86.5263,23.9337],[86.5246,23.9359],[86.519,23.9384],[86.521,23.9434],[86.5234,23.9468],[86.5252,23.9469],[86.5287,23.952],[86.5358,23.9565],[86.536,23.9607],[86.5337,23.9632],[86.5198,23.9667],[86.5184,23.9703],[86.5195,23.9738],[86.518,23.9755],[86.5209,23.977],[86.5206,23.9799],[86.5256,23.9805],[86.5266,23.9863],[86.5213,23.9877],[86.5145,23.9908],[86.5084,23.9947],[86.5003,23.9989],[86.4976,23.9996],[86.4902,24.0035],[86.487,24.006],[86.4802,24.009],[86.4717,24.0159],[86.4675,24.0187],[86.4568,24.0219],[86.4505,24.026],[86.4475,24.0286],[86.4422,24.0312],[86.4369,24.032],[86.4312,24.0317],[86.422,24.0299],[86.4151,24.0316],[86.408,24.0362],[86.4014,24.0397],[86.3949,24.0411],[86.3915,24.0444],[86.3866,24.0551],[86.3833,24.0582],[86.3809,24.0593],[86.3765,24.0593],[86.3736,24.0568],[86.3706,24.0504],[86.3685,24.0487],[86.3637,24.0481],[86.3593,24.0491],[86.3499,24.0528],[86.344,24.0534],[86.3421,24.0523],[86.3388,24.0526],[86.3367,24.0504],[86.3324,24.0482],[86.3348,24.0453],[86.3323,24.0427],[86.3346,24.0409],[86.3339,24.0362],[86.329,24.036],[86.3271,24.0342],[86.3223,24.0329],[86.3182,24.0303],[86.3207,24.0275],[86.3242,24.0253],[86.3263,24.0223],[86.3265,24.0194],[86.3327,24.0182],[86.3376,24.0185],[86.3414,24.0172],[86.3407,24.0122],[86.3393,24.0083],[86.3405,24.0065],[86.3381,24.0042],[86.3346,24.004],[86.3295,23.9953],[86.3288,23.9928],[86.3254,23.9891],[86.3248,23.9868],[86.3216,23.9831],[86.3182,23.9831],[86.3173,23.9792],[86.3137,23.9768],[86.3112,23.9678],[86.3138,23.964],[86.309,23.9558],[86.3069,23.9514],[86.3032,23.9393],[86.3012,23.9373],[86.2967,23.93],[86.2942,23.9232],[86.2939,23.9158],[86.2975,23.9138],[86.3015,23.9143],[86.305,23.9161],[86.3122,23.9164]]]},"properties":{"id":"in:subdistrict:2579","level":"subdistrict","name":"Tundi","code":2579,"parent":"in:district:325","state":"in:state:20"}},{"type":"Feature","geometry":{"type":"Polygon","coordinates":[[[86.4925,23.8137],[86.4836,23.8276],[86.4811,23.8261],[86.4757,23.8283],[86.4718,23.8338],[86.4721,23.8366],[86.4651,23.8415],[86.4598,23.8426],[86.4533,23.8416],[86.4528,23.8376],[86.4495,23.8343],[86.4525,23.832],[86.458,23.8309],[86.4589,23.8296],[86.4552,23.8267],[86.4525,23.8224],[86.446,23.818],[86.4443,23.8186],[86.4379,23.8243],[86.4366,23.8285],[86.4262,23.8329],[86.4198,23.8305],[86.4167,23.8327],[86.4147,23.8309],[86.411,23.8328],[86.4095,23.8308],[86.407,23.8303],[86.406,23.8268],[86.4029,23.8235],[86.3995,23.8236],[86.3922,23.8259],[86.3894,23.8242],[86.3881,23.8201],[86.3831,23.8175],[86.3848,23.8019],[86.3832,23.7972],[86.3807,23.7952],[86.378,23.791],[86.373,23.7897],[86.3658,23.7971],[86.3607,23.7991],[86.3577,23.7987],[86.3568,23.8015],[86.3528,23.7992],[86.3478,23.7993],[86.3476,23.7948],[86.3462,23.7939],[86.3424,23.7954],[86.3301,23.7987],[86.3242,23.7972],[86.3204,23.7927],[86.3191,23.7838],[86.3199,23.7811],[86.3166,23.7779],[86.3153,23.7719],[86.3132,23.767],[86.3159,23.7671],[86.3212,23.7638],[86.3232,23.7644],[86.3269,23.7625],[86.3262,23.7584],[86.3243,23.7567],[86.3225,23.7503],[86.3223,23.7473],[86.3242,23.7466],[86.3236,23.7421],[86.3255,23.7341],[86.3249,23.7313],[86.3265,23.7284],[86.3302,23.7247],[86.333,23.7134],[86.3306,23.7071],[86.332,23.7045],[86.3362,23.7033],[86.3405,23.7035],[86.3422,23.7046],[86.3458,23.7124],[86.3476,23.7134],[86.3578,23.7118],[86.3641,23.7119],[86.3728,23.7106],[86.3752,23.7078],[86.3801,23.7067],[86.385,23.7067],[86.3874,23.7104],[86.3825,23.7167],[86.3841,23.7185],[86.3835,23.7213],[86.3814,23.7237],[86.3826,23.7273],[86.3847,23.728],[86.3865,23.7325],[86.3845,23.7344],[86.3849,23.7373],[86.3873,23.7385],[86.3858,23.7409],[86.386,23.7456],[86.3884,23.7462],[86.3921,23.749],[86.3924,23.7515],[86.3951,23.7539],[86.395,23.7567],[86.3976,23.7593],[86.3979,23.7615],[86.4026,23.7661],[86.403,23.7688],[86.4013,23.7723],[86.4039,23.7743],[86.407,23.7748],[86.4099,23.7729],[86.4112,23.7751],[86.4158,23.776],[86.4179,23.7786],[86.4257,23.7725],[86.4272,23.7686],[86.4251,23.7647],[86.4295,23.7641],[86.4296,23.7595],[86.4277,23.7551],[86.434,23.7519],[86.4394,23.7509],[86.4405,23.7554],[86.4377,23.7581],[86.4378,23.7607],[86.4417,23.7596],[86.4471,23.7625],[86.4485,23.7651],[86.4493,23.773],[86.4512,23.7737],[86.4562,23.7671],[86.4587,23.7606],[86.4614,23.7581],[86.4679,23.7603],[86.4734,23.7602],[86.4759,23.7681],[86.4798,23.7736],[86.4757,23.7757],[86.4745,23.7789],[86.4715,23.78],[86.475,23.7853],[86.4775,23.7916],[86.4777,23.7936],[86.4827,23.7941],[86.4819,23.7977],[86.4875,23.8014],[86.4928,23.8029],[86.492,23.8057],[86.4893,23.8061],[86.4894,23.8099],[86.4925,23.8137]]]},"properties":{"id":"in:subdistrict:2584","level":"subdistrict","name":"Dhanbad-Cum-Kenduadih-Cum-Jag*","code":2584,"parent":"in:district:325","state":"in:state:20"}},{"type":"Feature","geometry":{"type":"Polygon","coordinates":[[[86.1624,23.8279],[86.163,23.8265],[86.1623,23.82],[86.164,23.8133],[86.1619,23.8095],[86.1607,23.8024],[86.161,23.798],[86.1627,23.7957],[86.1629,23.7933],[86.1679,23.785],[86.1728,23.7845],[86.1751,23.7834],[86.173,23.7781],[86.1731,23.7761],[86.1752,23.7733],[86.1816,23.7711],[86.184,23.7691],[86.1842,23.7665],[86.1828,23.7615],[86.1875,23.7576],[86.1872,23.753],[86.1925,23.749],[86.1891,23.7432],[86.19,23.7399],[86.1896,23.7328],[86.1839,23.7294],[86.1832,23.7256],[86.1876,23.7217],[86.192,23.7191],[86.1974,23.7189],[86.2098,23.7136],[86.2164,23.712],[86.2243,23.7112],[86.2292,23.7103],[86.2411,23.7122],[86.2489,23.7111],[86.253,23.7117],[86.2608,23.7101],[86.2679,23.7107],[86.2776,23.7144],[86.2829,23.7177],[86.2887,23.7198],[86.2939,23.72],[86.2976,23.7184],[86.3033,23.7187],[86.3099,23.7204],[86.3166,23.7162],[86.3209,23.7127],[86.3295,23.7072],[86.3306,23.7071],[86.333,23.7134],[86.3302,23.7247],[86.3265,23.7284],[86.3249,23.7313],[86.3255,23.7341],[86.3236,23.7421],[86.3242,23.7466],[86.3223,23.7473],[86.3225,23.7503],[86.3243,23.7567],[86.3262,23.7584],[86.3269,23.7625],[86.3232,23.7644],[86.3212,23.7638],[86.3159,23.7671],[86.3132,23.767],[86.3153,23.7719],[86.3166,23.7779],[86.3199,23.7811],[86.3191,23.7838],[86.3204,23.7927],[86.3242,23.7972],[86.3301,23.7987],[86.3424,23.7954],[86.3462,23.7939],[86.3476,23.7948],[86.3478,23.7993],[86.3528,23.7992],[86.3568,23.8015],[86.3577,23.7987],[86.3607,23.7991],[86.3658,23.7971],[86.373,23.7897],[86.378,23.791],[86.3807,23.7952],[86.3832,23.7972],[86.3848,23.8019],[86.3831,23.8175],[86.3881,23.8201],[86.3894,23.8242],[86.3922,23.8259],[86.3921,23.8286],[86.3936,23.8348],[86.3932,23.8366],[86.3893,23.8409],[86.3877,23.8444],[86.3885,23.8501],[86.3869,23.8544],[86.3867,23.8575],[86.384,23.8638],[86.3805,23.8663],[86.3753,23.8721],[86.3663,23.8766],[86.3552,23.8836],[86.3488,23.885],[86.346,23.8922],[86.3469,23.8986],[86.3455,23.9047],[86.343,23.9077],[86.337,23.9102],[86.3329,23.9132],[86.3232,23.9128],[86.3174,23.9165],[86.313,23.9165],[86.3122,23.9164],[86.312,23.9125],[86.3071,23.911],[86.3067,23.9084],[86.3041,23.9073],[86.3039,23.9047],[86.3057,23.9024],[86.302,23.9019],[86.3019,23.8986],[86.2991,23.8971],[86.2963,23.8882],[86.2992,23.8861],[86.2974,23.8848],[86.3034,23.8783],[86.3028,23.87],[86.304,23.8679],[86.3037,23.8631],[86.2986,23.8601],[86.2981,23.857],[86.306,23.8517],[86.3045,23.8503],[86.3052,23.8423],[86.3015,23.8412],[86.3002,23.8382],[86.2967,23.8392],[86.2954,23.8378],[86.2915,23.8375],[86.2889,23.8342],[86.2847,23.834],[86.283,23.8353],[86.2776,23.8424],[86.2753,23.8389],[86.2761,23.8338],[86.2773,23.8306],[86.275,23.8264],[86.2662,23.8283],[86.2621,23.8279],[86.2534,23.8307],[86.2442,23.8346],[86.2414,23.8317],[86.234,23.8321],[86.2282,23.8332],[86.2254,23.8321],[86.2206,23.8339],[86.2169,23.8338],[86.2147,23.8354],[86.2112,23.8324],[86.2041,23.8315],[86.1989,23.8284],[86.1943,23.829],[86.1901,23.8305],[86.1873,23.8334],[86.1862,23.8304],[86.1845,23.8295],[86.1783,23.8329],[86.1767,23.831],[86.1742,23.8326],[86.1705,23.8304],[86.1696,23.8321],[86.166,23.8303],[86.1657,23.8283],[86.1624,23.8279]]]},"properties":{"id":"in:subdistrict:2582","level":"subdistrict","name":"Baghmara-Cum-Katras","code":2582,"parent":"in:district:325","state":"in:state:20"}},{"type":"Feature","geometry":{"type":"Polygon","coordinates":[[[86.0419,23.7755],[86.0423,23.7718],[86.04,23.7662],[86.033,23.7594],[86.0397,23.7532],[86.0478,23.7472],[86.0601,23.7488],[86.0715,23.7493],[86.0766,23.7488],[86.0827,23.7446],[86.089,23.7388],[86.0934,23.7368],[86.0998,23.7347],[86.1108,23.732],[86.1183,23.7294],[86.1251,23.729],[86.131,23.7276],[86.1449,23.7263],[86.1577,23.7272],[86.1698,23.7254],[86.1793,23.7266],[86.1832,23.7256],[86.1839,23.7294],[86.1896,23.7328],[86.19,23.7399],[86.1891,23.7432],[86.1925,23.749],[86.1872,23.753],[86.1875,23.7576],[86.1828,23.7615],[86.1842,23.7665],[86.184,23.7691],[86.1816,23.7711],[86.1752,23.7733],[86.1731,23.7761],[86.173,23.7781],[86.1751,23.7834],[86.1728,23.7845],[86.1679,23.785],[86.1629,23.7933],[86.1627,23.7957],[86.161,23.798],[86.1607,23.8024],[86.1619,23.8095],[86.164,23.8133],[86.1623,23.82],[86.163,23.8265],[86.1624,23.8279],[86.1608,23.8287],[86.1552,23.8285],[86.1533,23.8312],[86.1512,23.8318],[86.1472,23.8288],[86.1435,23.8306],[86.1435,23.8334],[86.1393,23.8338],[86.1373,23.8367],[86.1341,23.8352],[86.1328,23.8332],[86.1292,23.8334],[86.1252,23.8314],[86.1227,23.8344],[86.1155,23.834],[86.1113,23.8355],[86.1078,23.8331],[86.1046,23.8345],[86.1043,23.827],[86.102,23.8225],[86.1035,23.8203],[86.1032,23.8177],[86.0998,23.8169],[86.0935,23.8166],[86.0922,23.8182],[86.0856,23.8218],[86.08,23.8203],[86.079,23.8161],[86.0744,23.8137],[86.0728,23.8096],[86.0731,23.8073],[86.0759,23.8048],[86.0793,23.8034],[86.0801,23.8009],[86.0871,23.8001],[86.0897,23.8009],[86.0914,23.7994],[86.0872,23.7952],[86.0854,23.7899],[86.0835,23.7878],[86.0794,23.7887],[86.0755,23.7835],[86.0733,23.7841],[86.0693,23.7825],[86.0658,23.7823],[86.0631,23.7796],[86.0595,23.7789],[86.0536,23.7804],[86.0519,23.7776],[86.049,23.777],[86.0471,23.7747],[86.0419,23.7755]]]},"properties":{"id":"in:subdistrict:2589","level":"subdistrict","name":"Chandrapura","code":2589,"parent":"in:district:322","state":"in:state:20"}},{"type":"Feature","geometry":{"type":"Polygon","coordinates":[[[86.0531,23.5852],[86.0545,23.5865],[86.0555,23.5922],[86.0577,23.5954],[86.0575,23.5994],[86.055,23.6029],[86.0523,23.6041],[86.0514,23.6088],[86.0436,23.6093],[86.0395,23.6129],[86.0415,23.6183],[86.0383,23.6175],[86.0343,23.6149],[86.0319,23.6157],[86.0291,23.6122],[86.0176,23.6121],[86.0165,23.6124],[86.0206,23.621],[86.0237,23.6208],[86.0258,23.6236],[86.0306,23.6252],[86.0368,23.6214],[86.0374,23.6251],[86.0342,23.6281],[86.0306,23.6287],[86.0272,23.6308],[86.023,23.6354],[86.026,23.6359],[86.0273,23.6376],[86.0354,23.6428],[86.0386,23.6474],[86.0384,23.6502],[86.0448,23.6544],[86.0485,23.6547],[86.0523,23.6514],[86.0543,23.6507],[86.0593,23.6629],[86.0599,23.6659],[86.0567,23.6677],[86.0526,23.6734],[86.0511,23.677],[86.0448,23.6808],[86.0484,23.6851],[86.0478,23.6866],[86.0498,23.6891],[86.0532,23.6908],[86.0553,23.6942],[86.0605,23.6981],[86.0613,23.7031],[86.0602,23.7062],[86.0578,23.7072],[86.0579,23.7142],[86.0587,23.7171],[86.0605,23.719],[86.0625,23.7235],[86.059,23.724],[86.0562,23.7275],[86.0556,23.7322],[86.0524,23.7373],[86.0516,23.7401],[86.0478,23.7469],[86.0449,23.7424],[86.0401,23.7388],[86.0385,23.7363],[86.0325,23.7341],[86.0312,23.7284],[86.0259,23.7242],[86.022,23.7176],[86.0183,23.7172],[86.0208,23.7141],[86.025,23.7129],[86.0213,23.7082],[86.0172,23.7059],[86.0159,23.7038],[86.0124,23.7047],[86.0104,23.7034],[86.0063,23.7035],[86.0049,23.7025],[86.0072,23.6996],[86.0036,23.6986],[86.0066,23.694],[86.0105,23.692],[86.0091,23.6883],[86.0088,23.6839],[86.0051,23.6832],[86.0027,23.6795],[86.0004,23.683],[85.9961,23.6816],[85.995,23.6856],[85.9927,23.6845],[85.993,23.6791],[85.9913,23.6769],[85.9872,23.6789],[85.9798,23.6788],[85.9783,23.6799],[85.978,23.6844],[85.9749,23.6843],[85.9709,23.6805],[85.9676,23.6796],[85.9649,23.6769],[85.9623,23.6801],[85.9587,23.677],[85.9546,23.6815],[85.9542,23.6848],[85.9512,23.6857],[85.9509,23.6821],[85.9486,23.6792],[85.9484,23.6761],[85.9456,23.6759],[85.9447,23.6734],[85.9424,23.6731],[85.9407,23.6698],[85.9377,23.6683],[85.9359,23.6621],[85.9363,23.6582],[85.9411,23.6549],[85.9465,23.6505],[85.9508,23.648],[85.9554,23.6438],[85.9573,23.6439],[85.9545,23.6385],[85.9524,23.6373],[85.9504,23.6338],[85.9521,23.6317],[85.9522,23.6281],[85.9536,23.6244],[85.9583,23.6215],[85.9604,23.6177],[85.9631,23.6151],[85.967,23.6139],[85.9697,23.6105],[85.9725,23.6093],[85.9679,23.6042],[85.9675,23.6022],[85.9641,23.6026],[85.9607,23.5965],[85.9546,23.5942],[85.9526,23.5903],[85.9541,23.5856],[85.9532,23.5823],[85.9508,23.5792],[85.9527,23.5755],[85.9588,23.5738],[85.9606,23.5752],[85.9629,23.5733],[85.9663,23.5764],[85.9684,23.5765],[85.9761,23.5741],[85.9808,23.5652],[85.9808,23.5627],[85.979,23.5572],[85.979,23.5474],[85.9773,23.5426],[85.9771,23.5361],[85.9742,23.5355],[85.97,23.5361],[85.9651,23.5346],[85.96,23.5344],[85.9593,23.5278],[85.9615,23.5264],[85.9597,23.5202],[85.9571,23.5164],[85.9544,23.5109],[85.9562,23.5073],[85.9525,23.5045],[85.9496,23.504],[85.9417,23.5057],[85.9381,23.5094],[85.9339,23.5102],[85.9297,23.5086],[85.9278,23.5023],[85.9293,23.5025],[85.9338,23.4998],[85.9423,23.4992],[85.9454,23.497],[85.9457,23.4952],[85.9393,23.4937],[85.939,23.4915],[85.9361,23.4907],[85.9369,23.4883],[85.9367,23.4811],[85.9353,23.4776],[85.9324,23.4736],[85.9384,23.4724],[85.9443,23.4725],[85.9481,23.4713],[85.9558,23.4715],[85.9571,23.4744],[85.9628,23.4762],[85.9744,23.4765],[85.9775,23.476],[85.9787,23.4775],[85.9827,23.4785],[85.989,23.4783],[85.9923,23.4802],[86.0034,23.4818],[86.0087,23.4843],[86.0158,23.4844],[86.0235,23.4865],[86.0277,23.4856],[86.0315,23.4836],[86.0379,23.4859],[86.0397,23.4844],[86.044,23.4843],[86.0487,23.486],[86.0538,23.4871],[86.0569,23.4947],[86.0482,23.4958],[86.0382,23.4978],[86.0393,23.5053],[86.0378,23.5104],[86.0392,23.515],[86.0358,23.5151],[86.0336,23.5178],[86.0339,23.5227],[86.0311,23.5267],[86.0289,23.5277],[86.0284,23.5326],[86.0237,23.5369],[86.0238,23.5382],[86.0279,23.5403],[86.0276,23.5421],[86.0188,23.5451],[86.0163,23.5473],[86.0177,23.5522],[86.0173,23.5574],[86.0178,23.5596],[86.0204,23.5612],[86.0247,23.562],[86.0267,23.5648],[86.0287,23.5696],[86.0308,23.572],[86.0375,23.5765],[86.0407,23.577],[86.0421,23.5869],[86.0484,23.5854],[86.0498,23.5863],[86.0531,23.5852]]]},"properties":{"id":"in:subdistrict:2594","level":"subdistrict","name":"Jaridih","code":2594,"parent":"in:district:322","state":"in:state:20"}},{"type":"Feature","geometry":{"type":"Polygon","coordinates":[[[86.1832,23.7256],[86.1793,23.7266],[86.1698,23.7254],[86.1577,23.7272],[86.1449,23.7263],[86.131,23.7276],[86.1251,23.729],[86.1183,23.7294],[86.1108,23.732],[86.0998,23.7347],[86.0934,23.7368],[86.089,23.7388],[86.0827,23.7446],[86.0766,23.7488],[86.0715,23.7493],[86.0601,23.7488],[86.0478,23.7472],[86.0478,23.7469],[86.0516,23.7401],[86.0524,23.7373],[86.0556,23.7322],[86.0562,23.7275],[86.059,23.724],[86.0625,23.7235],[86.0605,23.719],[86.0587,23.7171],[86.0579,23.7142],[86.0578,23.7072],[86.0602,23.7062],[86.0613,23.7031],[86.0605,23.6981],[86.0553,23.6942],[86.0532,23.6908],[86.0498,23.6891],[86.0478,23.6866],[86.0484,23.6851],[86.0448,23.6808],[86.0511,23.677],[86.0526,23.6734],[86.0567,23.6677],[86.0599,23.6659],[86.0593,23.6629],[86.0543,23.6507],[86.0523,23.6514],[86.0485,23.6547],[86.0448,23.6544],[86.0384,23.6502],[86.0386,23.6474],[86.0354,23.6428],[86.0273,23.6376],[86.026,23.6359],[86.023,23.6354],[86.0272,23.6308],[86.0306,23.6287],[86.0342,23.6281],[86.0374,23.6251],[86.0368,23.6214],[86.0306,23.6252],[86.0258,23.6236],[86.0237,23.6208],[86.0206,23.621],[86.0165,23.6124],[86.0176,23.6121],[86.0291,23.6122],[86.0319,23.6157],[86.0343,23.6149],[86.0383,23.6175],[86.0415,23.6183],[86.0395,23.6129],[86.0436,23.6093],[86.0514,23.6088],[86.0523,23.6041],[86.055,23.6029],[86.0575,23.5994],[86.0577,23.5954],[86.0555,23.5922],[86.0545,23.5865],[86.0531,23.5852],[86.0556,23.5829],[86.0643,23.5794],[86.0714,23.5781],[86.0774,23.5792],[86.0752,23.5763],[86.0741,23.5707],[86.0756,23.5683],[86.0809,23.5657],[86.0838,23.5668],[86.0876,23.5663],[86.0903,23.5642],[86.0946,23.5635],[86.0994,23.5664],[86.1009,23.5654],[86.1053,23.5657],[86.1089,23.5697],[86.1119,23.5687],[86.1147,23.5664],[86.1179,23.5674],[86.1196,23.5661],[86.1245,23.5695],[86.1292,23.5677],[86.1277,23.5652],[86.1303,23.5642],[86.1332,23.5599],[86.1366,23.5628],[86.1389,23.5592],[86.1433,23.564],[86.1479,23.5631],[86.1483,23.5608],[86.1583,23.5597],[86.1565,23.5563],[86.1528,23.5521],[86.1523,23.5491],[86.1535,23.5466],[86.158,23.5415],[86.1575,23.537],[86.1554,23.5296],[86.1503,23.5252],[86.1486,23.5193],[86.1541,23.5127],[86.1615,23.5095],[86.1623,23.5078],[86.1606,23.5037],[86.1574,23.5006],[86.1596,23.4946],[86.1576,23.4886],[86.1516,23.4829],[86.1534,23.4795],[86.1536,23.4754],[86.1492,23.4725],[86.1474,23.4676],[86.1488,23.4653],[86.1593,23.4686],[86.1621,23.467],[86.1714,23.4678],[86.1754,23.4698],[86.1783,23.4698],[86.1793,23.4676],[86.182,23.467],[86.1812,23.4634],[86.1817,23.4601],[86.1866,23.4581],[86.1897,23.4601],[86.1936,23.4593],[86.1988,23.4535],[86.2014,23.4541],[86.2059,23.4535],[86.2068,23.45],[86.2169,23.4477],[86.2236,23.4446],[86.2286,23.4429],[86.2307,23.4449],[86.2303,23.4513],[86.2318,23.4538],[86.2326,23.4579],[86.232,23.4601],[86.2339,23.4617],[86.2321,23.4633],[86.2272,23.4647],[86.2276,23.4682],[86.2261,23.4725],[86.2327,23.4736],[86.233,23.4799],[86.239,23.4832],[86.2436,23.4835],[86.2472,23.4891],[86.2472,23.4913],[86.2539,23.4937],[86.2591,23.4963],[86.256,23.5034],[86.2587,23.5067],[86.2661,23.5073],[86.2641,23.5131],[86.268,23.5167],[86.2671,23.5205],[86.2679,23.5233],[86.2707,23.5237],[86.2712,23.5271],[86.2698,23.5284],[86.2714,23.5318],[86.273,23.5317],[86.2758,23.5285],[86.2805,23.5316],[86.2827,23.53],[86.2865,23.5312],[86.2873,23.5344],[86.2923,23.5365],[86.2928,23.5405],[86.2889,23.5453],[86.288,23.5478],[86.2892,23.5537],[86.2889,23.5562],[86.2913,23.562],[86.2928,23.5632],[86.2927,23.5661],[86.2968,23.5706],[86.2964,23.5752],[86.2991,23.5793],[86.2985,23.5811],[86.2929,23.582],[86.2868,23.5844],[86.2827,23.587],[86.2814,23.5899],[86.2822,23.5936],[86.2806,23.5951],[86.2802,23.5982],[86.2767,23.6011],[86.2784,23.604],[86.2782,23.6065],[86.2759,23.6069],[86.2679,23.6042],[86.2611,23.6042],[86.2585,23.6049],[86.2583,23.6109],[86.2537,23.6162],[86.2557,23.618],[86.2522,23.6223],[86.2574,23.6265],[86.2618,23.6256],[86.2659,23.6264],[86.2667,23.6238],[86.2707,23.6217],[86.2739,23.6219],[86.2769,23.6208],[86.2824,23.6237],[86.2867,23.6275],[86.2869,23.6246],[86.2907,23.624],[86.2935,23.6273],[86.3,23.6295],[86.303,23.6329],[86.3011,23.6354],[86.3022,23.6392],[86.2998,23.6452],[86.2986,23.6498],[86.2995,23.6517],[86.3034,23.6545],[86.3062,23.655],[86.3103,23.6578],[86.3127,23.6535],[86.318,23.6566],[86.3179,23.6585],[86.3234,23.6635],[86.3219,23.6692],[86.3148,23.67],[86.3104,23.6714],[86.308,23.6737],[86.3037,23.6755],[86.3065,23.6817],[86.3071,23.686],[86.3084,23.6889],[86.3044,23.6905],[86.2997,23.6934],[86.2999,23.6985],[86.3057,23.7021],[86.3104,23.7039],[86.3133,23.7063],[86.3159,23.711],[86.3166,23.7162],[86.3099,23.7204],[86.3033,23.7187],[86.2976,23.7184],[86.2939,23.72],[86.2887,23.7198],[86.2829,23.7177],[86.2776,23.7144],[86.2679,23.7107],[86.2608,23.7101],[86.253,23.7117],[86.2489,23.7111],[86.2411,23.7122],[86.2292,23.7103],[86.2243,23.7112],[86.2164,23.712],[86.2098,23.7136],[86.1974,23.7189],[86.192,23.7191],[86.1876,23.7217],[86.1832,23.7256]]]},"properties":{"id":"in:subdistrict:2595","level":"subdistrict","name":"Chas","code":2595,"parent":"in:district:322","state":"in:state:20"}},{"type":"Feature","geometry":{"type":"Polygon","coordinates":[[[86.3306,23.7071],[86.3295,23.7072],[86.3209,23.7127],[86.3166,23.7162],[86.3159,23.711],[86.3133,23.7063],[86.3104,23.7039],[86.3057,23.7021],[86.2999,23.6985],[86.2997,23.6934],[86.3044,23.6905],[86.3084,23.6889],[86.3071,23.686],[86.3065,23.6817],[86.3037,23.6755],[86.308,23.6737],[86.3104,23.6714],[86.3148,23.67],[86.3219,23.6692],[86.3234,23.6635],[86.3179,23.6585],[86.318,23.6566],[86.3127,23.6535],[86.3103,23.6578],[86.3062,23.655],[86.3034,23.6545],[86.2995,23.6517],[86.2986,23.6498],[86.2998,23.6452],[86.3022,23.6392],[86.3011,23.6354],[86.303,23.6329],[86.3,23.6295],[86.2935,23.6273],[86.2907,23.624],[86.2869,23.6246],[86.2867,23.6275],[86.2824,23.6237],[86.2769,23.6208],[86.2739,23.6219],[86.2707,23.6217],[86.2667,23.6238],[86.2659,23.6264],[86.2618,23.6256],[86.2574,23.6265],[86.2522,23.6223],[86.2557,23.618],[86.2537,23.6162],[86.2583,23.6109],[86.2585,23.6049],[86.2611,23.6042],[86.2679,23.6042],[86.2759,23.6069],[86.2782,23.6065],[86.2784,23.604],[86.2767,23.6011],[86.2802,23.5982],[86.2806,23.5951],[86.2822,23.5936],[86.2814,23.5899],[86.2827,23.587],[86.2868,23.5844],[86.2929,23.582],[86.2985,23.5811],[86.2991,23.5793],[86.2964,23.5752],[86.2968,23.5706],[86.2927,23.5661],[86.2928,23.5632],[86.2913,23.562],[86.2889,23.5562],[86.2892,23.5537],[86.288,23.5478],[86.2889,23.5453],[86.2928,23.5405],[86.2923,23.5365],[86.2873,23.5344],[86.2865,23.5312],[86.2827,23.53],[86.2805,23.5316],[86.2758,23.5285],[86.273,23.5317],[86.2714,23.5318],[86.2698,23.5284],[86.2712,23.5271],[86.2707,23.5237],[86.2679,23.5233],[86.2671,23.5205],[86.268,23.5167],[86.2641,23.5131],[86.2661,23.5073],[86.2587,23.5067],[86.256,23.5034],[86.2591,23.4963],[86.2539,23.4937],[86.2472,23.4913],[86.2472,23.4891],[86.2436,23.4835],[86.239,23.4832],[86.233,23.4799],[86.2327,23.4736],[86.2261,23.4725],[86.2276,23.4682],[86.2272,23.4647],[86.2321,23.4633],[86.2339,23.4617],[86.2398,23.4598],[86.2456,23.4593],[86.2473,23.4584],[86.2465,23.4549],[86.2422,23.4511],[86.2424,23.4465],[86.2389,23.4448],[86.2365,23.4449],[86.2328,23.4393],[86.2315,23.436],[86.2324,23.4325],[86.2299,23.4308],[86.2345,23.421],[86.2425,23.4225],[86.244,23.4237],[86.2479,23.423],[86.2473,23.4188],[86.2457,23.4144],[86.2474,23.4111],[86.2515,23.4108],[86.2565,23.4131],[86.2591,23.4133],[86.26,23.418],[86.2524,23.426],[86.2559,23.4298],[86.2641,23.4308],[86.2718,23.4277],[86.2757,23.4304],[86.2816,23.4286],[86.2847,23.4292],[86.2895,23.4291],[86.291,23.4263],[86.2896,23.4247],[86.2906,23.4221],[86.2909,23.4176],[86.3001,23.4128],[86.309,23.4116],[86.3106,23.4114],[86.3133,23.4143],[86.3178,23.4164],[86.3162,23.4196],[86.3157,23.4237],[86.3176,23.4265],[86.3145,23.4267],[86.312,23.4244],[86.3093,23.4282],[86.3071,23.4285],[86.3054,23.4315],[86.3058,23.4348],[86.3116,23.4374],[86.3159,23.4402],[86.3182,23.4401],[86.3206,23.4433],[86.3331,23.4457],[86.3364,23.4428],[86.3368,23.4402],[86.3395,23.4395],[86.3433,23.4407],[86.3498,23.4415],[86.3517,23.4424],[86.3504,23.4457],[86.3497,23.4515],[86.3511,23.4521],[86.3559,23.4504],[86.359,23.4517],[86.3594,23.4571],[86.3576,23.4591],[86.3582,23.4622],[86.3632,23.4652],[86.3626,23.4674],[86.3645,23.4719],[86.3786,23.4732],[86.379,23.4783],[86.3773,23.4802],[86.3785,23.4848],[86.3733,23.483],[86.3711,23.4845],[86.3649,23.4805],[86.3622,23.4854],[86.3656,23.491],[86.3663,23.4964],[86.3652,23.497],[86.3636,23.5016],[86.3687,23.5025],[86.3696,23.5045],[86.3728,23.5061],[86.3749,23.5092],[86.375,23.512],[86.3721,23.5163],[86.3646,23.5217],[86.3664,23.5261],[86.3683,23.5281],[86.365,23.5311],[86.3651,23.5327],[86.3682,23.5343],[86.3686,23.5409],[86.3709,23.5403],[86.3715,23.5433],[86.3754,23.5474],[86.3786,23.5488],[86.3789,23.5513],[86.3844,23.5593],[86.3876,23.5595],[86.3894,23.5612],[86.3884,23.5636],[86.3907,23.5658],[86.3904,23.5681],[86.3882,23.5739],[86.394,23.5759],[86.3956,23.5776],[86.3995,23.5786],[86.4017,23.5772],[86.4067,23.5786],[86.4096,23.578],[86.4123,23.5753],[86.4166,23.5784],[86.4177,23.5831],[86.4196,23.5881],[86.4212,23.5901],[86.4282,23.5921],[86.4337,23.5955],[86.4362,23.599],[86.4471,23.5981],[86.4487,23.6025],[86.4458,23.6153],[86.4464,23.6187],[86.4498,23.6207],[86.4517,23.6192],[86.4542,23.6195],[86.4558,23.6216],[86.4567,23.6257],[86.4612,23.63],[86.4645,23.6312],[86.4697,23.6303],[86.4721,23.6312],[86.4796,23.6355],[86.4884,23.6377],[86.4855,23.639],[86.4775,23.6381],[86.4689,23.6382],[86.4621,23.6442],[86.4571,23.6469],[86.4509,23.6486],[86.4452,23.6509],[86.4302,23.6535],[86.4254,23.6557],[86.4167,23.6648],[86.4109,23.6687],[86.4055,23.6705],[86.4014,23.6702],[86.3959,23.6684],[86.3909,23.669],[86.3862,23.6718],[86.3841,23.6751],[86.3848,23.6835],[86.3846,23.6872],[86.382,23.6907],[86.3776,23.6929],[86.3741,23.6937],[86.3725,23.6955],[86.3727,23.7008],[86.3752,23.7078],[86.3728,23.7106],[86.3641,23.7119],[86.3578,23.7118],[86.3476,23.7134],[86.3458,23.7124],[86.3422,23.7046],[86.3405,23.7035],[86.3362,23.7033],[86.332,23.7045],[86.3306,23.7071]]]},"properties":{"id":"in:subdistrict:2596","level":"subdistrict","name":"Chandankiyari","code":2596,"parent":"in:district:322","state":"in:state:20"}},{"type":"Feature","geometry":{"type":"Polygon","coordinates":[[[86.3917,22.9824],[86.3876,22.9804],[86.387,22.9777],[86.3833,22.9775],[86.3818,22.974],[86.3779,22.9706],[86.3728,22.9651],[86.3668,22.9609],[86.3667,22.9587],[86.3599,22.9588],[86.3569,22.9525],[86.354,22.9502],[86.3555,22.9468],[86.3532,22.9448],[86.355,22.9402],[86.3525,22.9383],[86.3478,22.9369],[86.3463,22.9324],[86.3396,22.9262],[86.3349,22.9248],[86.3368,22.9212],[86.3361,22.9152],[86.3338,22.9112],[86.3237,22.904],[86.317,22.9056],[86.3138,22.9041],[86.3106,22.9005],[86.3083,22.9004],[86.3102,22.8967],[86.3089,22.893],[86.3058,22.8871],[86.3085,22.8849],[86.3069,22.8787],[86.3139,22.8777],[86.3197,22.8714],[86.3192,22.8695],[86.321,22.8659],[86.3211,22.8632],[86.3164,22.8588],[86.316,22.8547],[86.3171,22.8522],[86.3176,22.8407],[86.3085,22.8423],[86.3045,22.8355],[86.3015,22.8341],[86.3079,22.831],[86.3116,22.8283],[86.3167,22.8272],[86.3205,22.8253],[86.3225,22.8253],[86.3265,22.8233],[86.3343,22.8214],[86.3376,22.8199],[86.3419,22.8193],[86.3464,22.8172],[86.3505,22.8166],[86.3546,22.8132],[86.3625,22.8125],[86.3655,22.8133],[86.3713,22.8123],[86.373,22.811],[86.3811,22.8093],[86.385,22.808],[86.3891,22.8055],[86.3916,22.806],[86.3945,22.8045],[86.3962,22.8015],[86.4002,22.8006],[86.4027,22.7988],[86.4039,22.7952],[86.4144,22.7918],[86.4165,22.7899],[86.4207,22.7928],[86.4234,22.7922],[86.4226,22.7969],[86.4252,22.8],[86.4234,22.8026],[86.4253,22.8065],[86.4225,22.81],[86.4285,22.8193],[86.4361,22.8289],[86.4388,22.8311],[86.4358,22.8354],[86.4358,22.8398],[86.4334,22.8534],[86.4359,22.8591],[86.435,22.8605],[86.44,22.8642],[86.4487,22.8617],[86.4508,22.8615],[86.4523,22.8683],[86.4519,22.8719],[86.4544,22.8775],[86.4548,22.8806],[86.4533,22.8854],[86.4557,22.8856],[86.4563,22.8878],[86.4598,22.8918],[86.4646,22.8943],[86.467,22.8995],[86.4662,22.9017],[86.4574,22.9021],[86.4526,22.9042],[86.4466,22.9097],[86.4447,22.9139],[86.4415,22.9164],[86.4405,22.9195],[86.4365,22.9221],[86.4353,22.9252],[86.4412,22.9276],[86.4429,22.9304],[86.4481,22.9311],[86.4513,22.9332],[86.4542,22.932],[86.46,22.9351],[86.4615,22.9373],[86.462,22.941],[86.4653,22.9455],[86.4691,22.9445],[86.4713,22.9491],[86.4774,22.9506],[86.4777,22.9458],[86.4853,22.9428],[86.4881,22.9383],[86.4907,22.9384],[86.4925,22.9416],[86.4945,22.9433],[86.4949,22.9461],[86.5007,22.9458],[86.5029,22.949],[86.5026,22.9519],[86.5078,22.9509],[86.5127,22.9478],[86.5192,22.9482],[86.5216,22.95],[86.5258,22.9477],[86.5292,22.9501],[86.53,22.9522],[86.5316,22.9652],[86.5405,22.9668],[86.5439,22.9681],[86.5475,22.9726],[86.5479,22.9747],[86.5506,22.978],[86.5475,22.9823],[86.5474,22.9882],[86.5453,22.9902],[86.5407,22.9851],[86.5348,22.9819],[86.5281,22.9806],[86.5238,22.9771],[86.5268,22.9737],[86.5256,22.972],[86.5212,22.9707],[86.5129,22.9717],[86.5086,22.9733],[86.513,22.9777],[86.5092,22.982],[86.5042,22.9861],[86.5012,22.9935],[86.4977,22.992],[86.4919,22.9927],[86.4871,22.9924],[86.4809,22.9908],[86.4757,22.9917],[86.4722,22.9909],[86.4705,22.9889],[86.4676,22.9895],[86.4632,22.9886],[86.4615,22.9896],[86.4584,22.9891],[86.4557,22.9903],[86.4516,22.9902],[86.4509,22.9883],[86.4464,22.9882],[86.4432,22.9926],[86.4417,22.9934],[86.4346,22.9945],[86.4291,22.9966],[86.4253,22.9966],[86.4198,23.0001],[86.4173,22.9971],[86.417,22.9931],[86.4125,22.9907],[86.4101,22.9911],[86.4068,22.9896],[86.4048,22.9875],[86.4037,22.9845],[86.3996,22.98],[86.3948,22.9802],[86.3917,22.9824]]]},"properties":{"id":"in:subdistrict:2604","level":"subdistrict","name":"Patamda","code":2604,"parent":"in:district:327","state":"in:state:20"}},{"type":"Feature","geometry":{"type":"Polygon","coordinates":[[[86.2393,22.9963],[86.2384,22.9946],[86.243,22.9888],[86.2479,22.9837],[86.247,22.979],[86.2448,22.977],[86.2427,22.9731],[86.2387,22.9726],[86.2289,22.9727],[86.2211,22.9737],[86.2189,22.9731],[86.2187,22.9683],[86.2096,22.9677],[86.2047,22.9665],[86.1997,22.9676],[86.1966,22.9594],[86.1929,22.9559],[86.1914,22.9517],[86.1884,22.9475],[86.191,22.9448],[86.1947,22.9443],[86.1962,22.9412],[86.1926,22.9369],[86.1906,22.9314],[86.1897,22.924],[86.1903,22.9131],[86.1912,22.9096],[86.193,22.9079],[86.1965,22.8954],[86.1976,22.8941],[86.2078,22.8922],[86.2199,22.8892],[86.2136,22.8744],[86.2077,22.8702],[86.2082,22.8672],[86.2056,22.8605],[86.2124,22.8593],[86.2174,22.8569],[86.222,22.8539],[86.2239,22.8538],[86.2289,22.8516],[86.2331,22.849],[86.236,22.8498],[86.2366,22.8469],[86.2438,22.8464],[86.2485,22.8449],[86.2626,22.8391],[86.2669,22.8382],[86.2725,22.839],[86.2751,22.8387],[86.2786,22.8411],[86.2848,22.8406],[86.2949,22.8351],[86.3015,22.8341],[86.3045,22.8355],[86.3085,22.8423],[86.3176,22.8407],[86.3171,22.8522],[86.316,22.8547],[86.3164,22.8588],[86.3211,22.8632],[86.321,22.8659],[86.3192,22.8695],[86.3197,22.8714],[86.3139,22.8777],[86.3069,22.8787],[86.3085,22.8849],[86.3058,22.8871],[86.3089,22.893],[86.3102,22.8967],[86.3083,22.9004],[86.3106,22.9005],[86.3138,22.9041],[86.317,22.9056],[86.3237,22.904],[86.3338,22.9112],[86.3361,22.9152],[86.3368,22.9212],[86.3349,22.9248],[86.3396,22.9262],[86.3463,22.9324],[86.3478,22.9369],[86.3525,22.9383],[86.355,22.9402],[86.3532,22.9448],[86.3555,22.9468],[86.354,22.9502],[86.3569,22.9525],[86.3599,22.9588],[86.3667,22.9587],[86.3668,22.9609],[86.3728,22.9651],[86.3779,22.9706],[86.3818,22.974],[86.3833,22.9775],[86.387,22.9777],[86.3876,22.9804],[86.3917,22.9824],[86.3871,22.9861],[86.3836,22.9943],[86.3728,22.9982],[86.3718,22.9967],[86.3639,22.9996],[86.3544,22.9993],[86.3545,22.993],[86.3476,22.9966],[86.3437,22.9965],[86.3403,22.993],[86.3395,22.9898],[86.3281,22.9945],[86.3259,22.9949],[86.3216,22.9974],[86.3198,23.0006],[86.3161,23.0001],[86.3144,23.0017],[86.3087,23.0039],[86.3086,23.0073],[86.3022,23.0101],[86.2987,23.0096],[86.2954,23.0102],[86.2921,23.013],[86.2842,23.0069],[86.2782,23.0078],[86.2742,23.0048],[86.2679,23.0012],[86.2652,22.998],[86.2606,22.9986],[86.2501,22.9964],[86.2473,22.9951],[86.2454,22.9982],[86.242,22.9962],[86.2393,22.9963]]]},"properties":{"id":"in:subdistrict:2605","level":"subdistrict","name":"Boram","code":2605,"parent":"in:district:327","state":"in:state:20"}},{"type":"Feature","geometry":{"type":"Polygon","coordinates":[[[86.1338,23.0834],[86.1304,23.0842],[86.1272,23.0869],[86.1229,23.0866],[86.1207,23.0848],[86.1152,23.0857],[86.1123,23.0843],[86.1022,23.0865],[86.0996,23.0846],[86.1009,23.0829],[86.0986,23.0803],[86.096,23.0802],[86.0934,23.0738],[86.0858,23.0761],[86.0827,23.0765],[86.0766,23.0809],[86.0723,23.0814],[86.0664,23.0758],[86.0608,23.0739],[86.0574,23.0718],[86.0563,23.0681],[86.0574,23.064],[86.0544,23.0619],[86.0536,23.0596],[86.0507,23.0574],[86.0419,23.0574],[86.0363,23.0546],[86.0323,23.0485],[86.0288,23.0473],[86.0295,23.0418],[86.0253,23.0366],[86.0223,23.031],[86.0235,23.0249],[86.0223,23.023],[86.0167,23.0175],[86.0158,23.0135],[86.0222,23.0086],[86.0322,23.0036],[86.0336,22.9987],[86.0356,22.9986],[86.0408,23.003],[86.0469,23.003],[86.0506,23.0042],[86.0522,23.0025],[86.0578,23.0035],[86.0591,23.0023],[86.0556,22.9955],[86.0586,22.995],[86.0604,23.0006],[86.0625,23.0005],[86.0667,23.0027],[86.0684,23],[86.0742,22.9999],[86.0775,22.9938],[86.0807,22.9909],[86.0812,22.983],[86.0778,22.9768],[86.0776,22.9704],[86.0748,22.9554],[86.073,22.9544],[86.0698,22.9568],[86.0696,22.9624],[86.0709,22.9652],[86.0647,22.963],[86.0667,22.9567],[86.0666,22.9489],[86.0642,22.9461],[86.0596,22.9445],[86.0589,22.9414],[86.0597,22.9395],[86.0626,22.9386],[86.0715,22.939],[86.0739,22.9348],[86.0826,22.9339],[86.0885,22.9338],[86.0923,22.9345],[86.0989,22.9336],[86.1023,22.9339],[86.1072,22.9331],[86.1123,22.9312],[86.1184,22.9306],[86.1283,22.9284],[86.1368,22.9276],[86.1401,22.9264],[86.1447,22.9267],[86.1532,22.9252],[86.1603,22.9202],[86.1636,22.9141],[86.1706,22.9103],[86.1731,22.9036],[86.1734,22.9001],[86.1726,22.8967],[86.1812,22.8949],[86.186,22.8933],[86.1894,22.8932],[86.1965,22.8954],[86.193,22.9079],[86.1912,22.9096],[86.1903,22.9131],[86.1897,22.924],[86.1906,22.9314],[86.1926,22.9369],[86.1962,22.9412],[86.1947,22.9443],[86.191,22.9448],[86.1884,22.9475],[86.1914,22.9517],[86.1929,22.9559],[86.1966,22.9594],[86.1997,22.9676],[86.2047,22.9665],[86.2096,22.9677],[86.2187,22.9683],[86.2189,22.9731],[86.2211,22.9737],[86.2289,22.9727],[86.2387,22.9726],[86.2427,22.9731],[86.2448,22.977],[86.247,22.979],[86.2479,22.9837],[86.243,22.9888],[86.2384,22.9946],[86.2393,22.9963],[86.231,22.9961],[86.2288,22.9951],[86.2249,22.9969],[86.2231,22.9991],[86.2205,22.9988],[86.2157,23],[86.2062,23.0004],[86.208,23.0062],[86.2014,23.0059],[86.1981,23.0068],[86.1937,23.0051],[86.1839,23.0059],[86.1816,23.009],[86.1813,23.0147],[86.1792,23.0173],[86.1793,23.0204],[86.1743,23.0207],[86.1701,23.0224],[86.1701,23.0266],[86.1664,23.0295],[86.1631,23.0283],[86.1572,23.0299],[86.1556,23.032],[86.1567,23.0406],[86.158,23.0462],[86.1536,23.0481],[86.151,23.0515],[86.1426,23.0536],[86.1413,23.0566],[86.1418,23.0601],[86.144,23.0635],[86.1437,23.0677],[86.145,23.0691],[86.1455,23.0752],[86.1355,23.0776],[86.1358,23.0806],[86.1338,23.0834]]]},"properties":{"id":"in:subdistrict:2751","level":"subdistrict","name":"Nimdih","code":2751,"parent":"in:district:341","state":"in:state:20"}},{"type":"Feature","geometry":{"type":"Polygon","coordinates":[[[86.1965,22.8954],[86.1894,22.8932],[86.186,22.8933],[86.1812,22.8949],[86.1726,22.8967],[86.1734,22.9001],[86.1731,22.9036],[86.1706,22.9103],[86.1636,22.9141],[86.1603,22.9202],[86.1532,22.9252],[86.1447,22.9267],[86.1401,22.9264],[86.1368,22.9276],[86.1283,22.9284],[86.1184,22.9306],[86.1123,22.9312],[86.1072,22.9331],[86.1023,22.9339],[86.0989,22.9336],[86.0923,22.9345],[86.0885,22.9338],[86.0826,22.9339],[86.0739,22.9348],[86.0715,22.939],[86.0626,22.9386],[86.0597,22.9395],[86.0589,22.9414],[86.0596,22.9445],[86.0642,22.9461],[86.0666,22.9489],[86.0667,22.9567],[86.0647,22.963],[86.0709,22.9652],[86.0696,22.9624],[86.0698,22.9568],[86.073,22.9544],[86.0748,22.9554],[86.0776,22.9704],[86.0778,22.9768],[86.0812,22.983],[86.0807,22.9909],[86.0775,22.9938],[86.0742,22.9999],[86.0684,23],[86.0667,23.0027],[86.0625,23.0005],[86.0604,23.0006],[86.0586,22.995],[86.0556,22.9955],[86.0591,23.0023],[86.0578,23.0035],[86.0522,23.0025],[86.0506,23.0042],[86.0469,23.003],[86.0408,23.003],[86.0356,22.9986],[86.0336,22.9987],[86.0322,23.0036],[86.0222,23.0086],[86.0158,23.0135],[86.0133,23.0122],[86.0109,23.0141],[86.0088,23.0128],[86.0071,23.0141],[86.004,23.0124],[86.0012,23.0059],[85.9988,23.0033],[85.9976,22.9947],[85.9949,22.9945],[85.99,22.9913],[85.9879,22.992],[85.9873,22.9889],[85.9831,22.9895],[85.9834,22.9954],[85.9819,22.9965],[85.9751,22.9951],[85.971,22.9965],[85.9595,22.995],[85.9552,22.9948],[85.9538,22.9963],[85.95,22.9957],[85.9444,22.9958],[85.9357,22.993],[85.9346,22.9905],[85.9317,22.9895],[85.9251,22.9883],[85.9193,22.9884],[85.9169,22.9869],[85.9153,22.9878],[85.9098,22.9865],[85.9093,22.9836],[85.9063,22.9837],[85.9012,22.9866],[85.899,22.9839],[85.8939,22.9812],[85.8908,22.9832],[85.8883,22.9824],[85.8845,22.9856],[85.888,22.9926],[85.8854,22.995],[85.8796,22.9946],[85.8753,22.9955],[85.8711,22.9915],[85.867,22.9912],[85.8722,22.9849],[85.872,22.9821],[85.8703,22.9776],[85.877,22.9779],[85.8772,22.9756],[85.8797,22.9735],[85.8776,22.9715],[85.8758,22.9673],[85.8702,22.9614],[85.8702,22.9567],[85.8715,22.9553],[85.871,22.9462],[85.8698,22.9443],[85.8654,22.9445],[85.8662,22.9388],[85.8697,22.9392],[85.8723,22.9325],[85.8761,22.9312],[85.8768,22.9292],[85.8729,22.9246],[85.8698,22.916],[85.8715,22.9151],[85.8716,22.9108],[85.8696,22.9085],[85.8672,22.9078],[85.8615,22.9047],[85.8584,22.9007],[85.8614,22.8979],[85.8618,22.8937],[85.865,22.8846],[85.8686,22.882],[85.8709,22.8729],[85.8701,22.8698],[85.8755,22.8701],[85.8771,22.8716],[85.8821,22.8713],[85.8879,22.8725],[85.8967,22.8722],[85.9017,22.8676],[85.9133,22.8677],[85.9246,22.8673],[85.9295,22.8668],[85.9466,22.8677],[85.9543,22.8687],[85.9633,22.8705],[85.9712,22.8712],[85.9732,22.8722],[85.9873,22.8744],[86.0054,22.8802],[86.0086,22.882],[86.0117,22.882],[86.0183,22.8843],[86.0256,22.8853],[86.0296,22.8863],[86.0347,22.8888],[86.0389,22.8892],[86.0405,22.8903],[86.0555,22.8932],[86.0602,22.893],[86.0674,22.8918],[86.0669,22.8962],[86.0734,22.8971],[86.083,22.8915],[86.0892,22.8901],[86.0931,22.8904],[86.1018,22.887],[86.1083,22.8852],[86.1134,22.8829],[86.1182,22.8818],[86.1271,22.8832],[86.1296,22.8797],[86.1297,22.8766],[86.1346,22.8735],[86.1373,22.8699],[86.1388,22.8642],[86.1392,22.8596],[86.1382,22.8508],[86.1367,22.8479],[86.1332,22.8442],[86.1291,22.841],[86.1302,22.8361],[86.1336,22.8343],[86.1393,22.8331],[86.1428,22.8345],[86.1515,22.8406],[86.1559,22.8413],[86.1583,22.8397],[86.1606,22.8362],[86.1719,22.8329],[86.1759,22.8321],[86.182,22.8252],[86.1856,22.822],[86.1988,22.8173],[86.199,22.8212],[86.1964,22.8222],[86.1953,22.8257],[86.1985,22.8308],[86.2011,22.8387],[86.1989,22.8396],[86.1997,22.8441],[86.2021,22.8477],[86.2022,22.8503],[86.2002,22.854],[86.2017,22.8579],[86.2056,22.8605],[86.2082,22.8672],[86.2077,22.8702],[86.2136,22.8744],[86.2199,22.8892],[86.2078,22.8922],[86.1976,22.8941],[86.1965,22.8954]]]},"properties":{"id":"in:subdistrict:2748","level":"subdistrict","name":"Chandil","code":2748,"parent":"in:district:341","state":"in:state:20"}},{"type":"Feature","geometry":{"type":"Polygon","coordinates":[[[86.0996,23.0846],[86.0965,23.0851],[86.0945,23.0875],[86.0906,23.0894],[86.09,23.0947],[86.0835,23.095],[86.0757,23.0946],[86.0605,23.1025],[86.0559,23.1029],[86.0519,23.1054],[86.0508,23.1071],[86.0522,23.1114],[86.0541,23.1127],[86.0541,23.1171],[86.0559,23.1227],[86.0552,23.1247],[86.0453,23.1376],[86.0461,23.1417],[86.0445,23.1442],[86.0385,23.1467],[86.0346,23.1444],[86.0291,23.1461],[86.0245,23.1443],[86.0197,23.1465],[86.0183,23.1501],[86.02,23.1525],[86.0178,23.1547],[86.0162,23.1536],[86.0134,23.1479],[86.0097,23.1485],[86.0012,23.1483],[85.9924,23.1519],[85.9878,23.1532],[85.976,23.1548],[85.973,23.1566],[85.9621,23.1602],[85.957,23.1611],[85.9514,23.1517],[85.9476,23.1517],[85.9427,23.153],[85.9381,23.1517],[85.937,23.1502],[85.9366,23.1456],[85.9354,23.1425],[85.9351,23.1388],[85.9309,23.1398],[85.9244,23.1424],[85.9203,23.1489],[85.9141,23.1491],[85.911,23.1529],[85.9063,23.1546],[85.8943,23.1554],[85.8949,23.1519],[85.8979,23.144],[85.8972,23.1358],[85.899,23.1309],[85.9006,23.1302],[85.9239,23.1282],[85.9289,23.1261],[85.932,23.1196],[85.9263,23.1054],[85.9259,23.1023],[85.9278,23.0987],[85.9332,23.094],[85.9356,23.0896],[85.9382,23.0887],[85.9455,23.0876],[85.9484,23.0863],[85.9551,23.0813],[85.9574,23.0787],[85.9608,23.0693],[85.9657,23.0651],[85.9685,23.0637],[85.9739,23.0642],[85.9874,23.0685],[85.9922,23.0684],[85.9959,23.0671],[85.9996,23.067],[86.0057,23.0636],[86.0091,23.0599],[86.0114,23.0549],[86.0117,23.0412],[86.0126,23.0386],[86.0182,23.0336],[86.0223,23.031],[86.0253,23.0366],[86.0295,23.0418],[86.0288,23.0473],[86.0323,23.0485],[86.0363,23.0546],[86.0419,23.0574],[86.0507,23.0574],[86.0536,23.0596],[86.0544,23.0619],[86.0574,23.064],[86.0563,23.0681],[86.0574,23.0718],[86.0608,23.0739],[86.0664,23.0758],[86.0723,23.0814],[86.0766,23.0809],[86.0827,23.0765],[86.0858,23.0761],[86.0934,23.0738],[86.096,23.0802],[86.0986,23.0803],[86.1009,23.0829],[86.0996,23.0846]]]},"properties":{"id":"in:subdistrict:2750","level":"subdistrict","name":"Kukru","code":2750,"parent":"in:district:341","state":"in:state:20"}},{"type":"Feature","geometry":{"type":"Polygon","coordinates":[[[85.937,23.1502],[85.9289,23.1511],[85.9277,23.1486],[85.9203,23.1489],[85.9244,23.1424],[85.9309,23.1398],[85.9351,23.1388],[85.9354,23.1425],[85.9366,23.1456],[85.937,23.1502]]]},"properties":{"id":"in:subdistrict:x341-level-3","level":"subdistrict","name":"Level 3","code":0,"parent":"in:district:341","state":"in:state:20"}},{"type":"Feature","geometry":{"type":"Polygon","coordinates":[[[86.0223,23.031],[86.0182,23.0336],[86.0126,23.0386],[86.0117,23.0412],[86.0114,23.0549],[86.0091,23.0599],[86.0057,23.0636],[85.9996,23.067],[85.9959,23.0671],[85.9922,23.0684],[85.9874,23.0685],[85.9739,23.0642],[85.9685,23.0637],[85.9657,23.0651],[85.9608,23.0693],[85.9574,23.0787],[85.9551,23.0813],[85.9484,23.0863],[85.9455,23.0876],[85.9382,23.0887],[85.9356,23.0896],[85.9332,23.094],[85.9278,23.0987],[85.9259,23.1023],[85.9263,23.1054],[85.932,23.1196],[85.9289,23.1261],[85.9239,23.1282],[85.9006,23.1302],[85.899,23.1309],[85.8972,23.1358],[85.8979,23.144],[85.8949,23.1519],[85.8943,23.1554],[85.8939,23.1559],[85.8915,23.156],[85.8888,23.1581],[85.8866,23.1568],[85.8859,23.153],[85.8829,23.1536],[85.8813,23.1553],[85.8746,23.1564],[85.8719,23.156],[85.8717,23.1515],[85.8703,23.145],[85.8715,23.1405],[85.8687,23.1404],[85.8647,23.144],[85.8599,23.1458],[85.8557,23.1444],[85.8553,23.143],[85.8516,23.1398],[85.8489,23.1398],[85.8449,23.1378],[85.8424,23.133],[85.8419,23.1286],[85.8373,23.1271],[85.8367,23.121],[85.8324,23.1212],[85.8314,23.117],[85.8273,23.1163],[85.8245,23.1137],[85.8218,23.1073],[85.8173,23.0991],[85.816,23.0927],[85.8119,23.0931],[85.8054,23.0919],[85.8019,23.0882],[85.8006,23.0852],[85.801,23.0805],[85.8089,23.0781],[85.8108,23.0761],[85.8104,23.0707],[85.8124,23.0682],[85.8118,23.0637],[85.8131,23.0589],[85.8166,23.0547],[85.8192,23.0496],[85.8196,23.0436],[85.8206,23.0425],[85.8185,23.0373],[85.821,23.0321],[85.8231,23.0305],[85.8242,23.0277],[85.818,23.0215],[85.8149,23.0126],[85.8134,23.0105],[85.8164,23.0073],[85.8199,23.0079],[85.8223,23.0028],[85.822,22.9998],[85.8255,22.996],[85.8257,22.9939],[85.8288,22.9913],[85.8403,22.9867],[85.8474,22.9849],[85.85,22.98],[85.8491,22.9762],[85.85,22.971],[85.8487,22.9632],[85.8514,22.9588],[85.8527,22.9525],[85.8512,22.9494],[85.8541,22.9429],[85.8582,22.9424],[85.8654,22.9445],[85.8698,22.9443],[85.871,22.9462],[85.8715,22.9553],[85.8702,22.9567],[85.8702,22.9614],[85.8758,22.9673],[85.8776,22.9715],[85.8797,22.9735],[85.8772,22.9756],[85.877,22.9779],[85.8703,22.9776],[85.872,22.9821],[85.8722,22.9849],[85.867,22.9912],[85.8711,22.9915],[85.8753,22.9955],[85.8796,22.9946],[85.8854,22.995],[85.888,22.9926],[85.8845,22.9856],[85.8883,22.9824],[85.8908,22.9832],[85.8939,22.9812],[85.899,22.9839],[85.9012,22.9866],[85.9063,22.9837],[85.9093,22.9836],[85.9098,22.9865],[85.9153,22.9878],[85.9169,22.9869],[85.9193,22.9884],[85.9251,22.9883],[85.9317,22.9895],[85.9346,22.9905],[85.9357,22.993],[85.9444,22.9958],[85.95,22.9957],[85.9538,22.9963],[85.9552,22.9948],[85.9595,22.995],[85.971,22.9965],[85.9751,22.9951],[85.9819,22.9965],[85.9834,22.9954],[85.9831,22.9895],[85.9873,22.9889],[85.9879,22.992],[85.99,22.9913],[85.9949,22.9945],[85.9976,22.9947],[85.9988,23.0033],[86.0012,23.0059],[86.004,23.0124],[86.0071,23.0141],[86.0088,23.0128],[86.0109,23.0141],[86.0133,23.0122],[86.0158,23.0135],[86.0167,23.0175],[86.0223,23.023],[86.0235,23.0249],[86.0223,23.031]]]},"properties":{"id":"in:subdistrict:2749","level":"subdistrict","name":"Ichagarh","code":2749,"parent":"in:district:341","state":"in:state:20"}},{"type":"Feature","geometry":{"type":"Polygon","coordinates":[[[85.8654,22.9445],[85.8582,22.9424],[85.8541,22.9429],[85.8512,22.9494],[85.8527,22.9525],[85.8514,22.9588],[85.8487,22.9632],[85.85,22.971],[85.8491,22.9762],[85.85,22.98],[85.8474,22.9849],[85.8403,22.9867],[85.8288,22.9913],[85.8257,22.9939],[85.8255,22.996],[85.822,22.9998],[85.8223,23.0028],[85.8199,23.0079],[85.8164,23.0073],[85.8134,23.0105],[85.8149,23.0126],[85.818,23.0215],[85.8242,23.0277],[85.8231,23.0305],[85.821,23.0321],[85.8185,23.0373],[85.8206,23.0425],[85.8196,23.0436],[85.8192,23.0496],[85.8166,23.0547],[85.8131,23.0589],[85.8118,23.0637],[85.8124,23.0682],[85.8104,23.0707],[85.8108,23.0761],[85.8089,23.0781],[85.801,23.0805],[85.8006,23.0852],[85.7942,23.0841],[85.7896,23.0838],[85.7859,23.0853],[85.7821,23.0848],[85.783,23.0934],[85.7822,23.0946],[85.7776,23.0964],[85.771,23.0966],[85.7697,23.1022],[85.7747,23.1026],[85.7719,23.1113],[85.7732,23.1182],[85.7716,23.1185],[85.769,23.124],[85.7694,23.1295],[85.7718,23.131],[85.769,23.1334],[85.768,23.1379],[85.7656,23.1404],[85.7656,23.1459],[85.7606,23.1507],[85.7586,23.1552],[85.7581,23.1585],[85.7499,23.1619],[85.7434,23.1605],[85.7425,23.1659],[85.7358,23.177],[85.7334,23.1748],[85.7314,23.1702],[85.729,23.1669],[85.7226,23.1627],[85.719,23.1628],[85.7152,23.1644],[85.7124,23.1638],[85.7119,23.1572],[85.7073,23.1554],[85.7028,23.1566],[85.6951,23.1574],[85.6935,23.1516],[85.6871,23.1482],[85.6779,23.1452],[85.6689,23.1387],[85.6659,23.1377],[85.667,23.1353],[85.6659,23.1319],[85.6685,23.1294],[85.6724,23.1275],[85.6718,23.122],[85.6677,23.1178],[85.6655,23.1107],[85.6603,23.1054],[85.6601,23.1023],[85.6545,23.0968],[85.6513,23.0974],[85.6466,23.0966],[85.6472,23.1043],[85.646,23.1066],[85.6419,23.1092],[85.635,23.1118],[85.6306,23.1149],[85.6263,23.1159],[85.6151,23.1149],[85.6138,23.1071],[85.6187,23.1018],[85.6221,23.0937],[85.6213,23.0884],[85.6185,23.0815],[85.6151,23.0801],[85.6063,23.0803],[85.593,23.0748],[85.5877,23.0715],[85.587,23.0701],[85.5811,23.0649],[85.5838,23.0618],[85.5919,23.0644],[85.596,23.0644],[85.598,23.0624],[85.6018,23.0635],[85.6056,23.0633],[85.6126,23.0649],[85.6159,23.0691],[85.6187,23.07],[85.6256,23.0704],[85.6276,23.0696],[85.6334,23.0637],[85.633,23.0627],[85.638,23.0556],[85.6329,23.0538],[85.6299,23.0517],[85.6267,23.0526],[85.6221,23.0505],[85.6252,23.0471],[85.6262,23.0433],[85.6232,23.0433],[85.6228,23.0405],[85.6268,23.0372],[85.6265,23.0312],[85.6287,23.0302],[85.6307,23.0333],[85.6347,23.0338],[85.6343,23.0286],[85.6411,23.0233],[85.64,23.0169],[85.6439,23.0118],[85.647,23.0099],[85.6491,23.0056],[85.6558,23.0046],[85.6423,22.9949],[85.6396,22.9946],[85.6378,22.9925],[85.6299,22.9908],[85.6265,22.9935],[85.6214,22.9945],[85.6147,22.992],[85.6086,22.9937],[85.6037,22.9958],[85.6011,23.001],[85.5998,22.9993],[85.5962,22.9999],[85.5954,22.9962],[85.5984,22.994],[85.601,22.9871],[85.602,22.9732],[85.6038,22.9632],[85.6003,22.9623],[85.5923,22.9631],[85.5905,22.9604],[85.5905,22.9584],[85.5924,22.9563],[85.5917,22.9533],[85.5856,22.9517],[85.5855,22.9491],[85.5871,22.9458],[85.5826,22.9469],[85.5796,22.952],[85.5736,22.9499],[85.5682,22.9502],[85.5646,22.9514],[85.566,22.943],[85.561,22.9369],[85.5529,22.9327],[85.5493,22.9303],[85.5506,22.9236],[85.5547,22.9258],[85.5581,22.922],[85.5604,22.9223],[85.5671,22.9169],[85.5696,22.9129],[85.5775,22.9074],[85.5806,22.9071],[85.5844,22.9111],[85.5918,22.9214],[85.5942,22.9242],[85.6022,22.93],[85.6043,22.935],[85.6089,22.934],[85.6143,22.9321],[85.6159,22.9308],[85.6162,22.9272],[85.6138,22.9247],[85.6141,22.9218],[85.6165,22.9197],[85.6179,22.915],[85.62,22.9145],[85.6245,22.9168],[85.6429,22.9187],[85.6491,22.9181],[85.6519,22.9206],[85.6555,22.9222],[85.6569,22.9239],[85.6547,22.9281],[85.6534,22.936],[85.6594,22.9376],[85.6649,22.9357],[85.6707,22.9349],[85.6778,22.9353],[85.6839,22.9343],[85.689,22.9342],[85.6921,22.9349],[85.6946,22.9372],[85.6988,22.9397],[85.6996,22.9429],[85.7037,22.9431],[85.705,22.9445],[85.7087,22.9433],[85.7149,22.9428],[85.721,22.9433],[85.7242,22.9429],[85.7309,22.9436],[85.734,22.9411],[85.7373,22.9406],[85.7388,22.9387],[85.7417,22.9398],[85.7457,22.9364],[85.7491,22.9353],[85.752,22.933],[85.7563,22.9309],[85.7613,22.9329],[85.77,22.9298],[85.7691,22.9246],[85.773,22.922],[85.7748,22.9199],[85.7807,22.9215],[85.7882,22.9191],[85.7936,22.9157],[85.7986,22.9107],[85.7984,22.9087],[85.8048,22.9076],[85.8118,22.9074],[85.8213,22.9051],[85.825,22.9034],[85.8339,22.9027],[85.8373,22.9047],[85.8364,22.8931],[85.8373,22.8896],[85.8412,22.8872],[85.8466,22.885],[85.8551,22.8832],[85.8614,22.883],[85.865,22.8846],[85.8618,22.8937],[85.8614,22.8979],[85.8584,22.9007],[85.8615,22.9047],[85.8672,22.9078],[85.8696,22.9085],[85.8716,22.9108],[85.8715,22.9151],[85.8698,22.916],[85.8729,22.9246],[85.8768,22.9292],[85.8761,22.9312],[85.8723,22.9325],[85.8697,22.9392],[85.8662,22.9388],[85.8654,22.9445]]]},"properties":{"id":"in:subdistrict:2699","level":"subdistrict","name":"Tamar I","code":2699,"parent":"in:district:339","state":"in:state:20"}},{"type":"Feature","geometry":{"type":"Polygon","coordinates":[[[85.6951,23.1574],[85.691,23.1595],[85.6874,23.163],[85.6841,23.1636],[85.6779,23.1706],[85.6747,23.1712],[85.6727,23.1735],[85.6694,23.1746],[85.6652,23.1728],[85.6596,23.1756],[85.6576,23.1784],[85.6546,23.1787],[85.6536,23.1773],[85.6479,23.1777],[85.6452,23.18],[85.644,23.1844],[85.6449,23.1878],[85.6438,23.1913],[85.6455,23.1987],[85.6481,23.1962],[85.6484,23.2004],[85.65,23.2035],[85.645,23.2076],[85.6441,23.2124],[85.6425,23.2142],[85.6437,23.2173],[85.641,23.2204],[85.6379,23.2221],[85.6339,23.2189],[85.6294,23.2229],[85.6228,23.2201],[85.6202,23.2228],[85.6182,23.2263],[85.615,23.2273],[85.6077,23.2315],[85.6063,23.2337],[85.6015,23.2358],[85.5961,23.2437],[85.5901,23.2489],[85.5808,23.2496],[85.5781,23.2486],[85.5727,23.2483],[85.5711,23.2495],[85.5657,23.2502],[85.5612,23.2498],[85.5577,23.2482],[85.5532,23.2499],[85.55,23.2486],[85.5476,23.2493],[85.5407,23.2483],[85.5346,23.2468],[85.5318,23.2472],[85.5276,23.2503],[85.524,23.2541],[85.5183,23.2567],[85.5046,23.2493],[85.4987,23.245],[85.4959,23.2437],[85.4949,23.2409],[85.4975,23.2371],[85.501,23.2378],[85.5022,23.2328],[85.504,23.2307],[85.4986,23.2271],[85.4946,23.2258],[85.489,23.2188],[85.4863,23.218],[85.4801,23.2183],[85.4772,23.2177],[85.4734,23.2212],[85.4715,23.2166],[85.4676,23.2116],[85.4674,23.2091],[85.4648,23.2052],[85.4627,23.1961],[85.465,23.1943],[85.4635,23.1921],[85.4662,23.1899],[85.4697,23.1888],[85.4706,23.1861],[85.4663,23.1804],[85.467,23.1775],[85.4662,23.1751],[85.4605,23.1703],[85.4606,23.1634],[85.4659,23.1618],[85.465,23.1491],[85.4678,23.1465],[85.4673,23.1426],[85.4742,23.1388],[85.4735,23.1366],[85.4754,23.133],[85.4736,23.1288],[85.4804,23.1263],[85.4845,23.1235],[85.4877,23.123],[85.4953,23.1217],[85.4997,23.1218],[85.5073,23.1207],[85.5201,23.1216],[85.5249,23.1202],[85.5298,23.1196],[85.5341,23.1209],[85.5391,23.1197],[85.5408,23.1174],[85.5446,23.1183],[85.5528,23.1169],[85.5563,23.1173],[85.5591,23.1194],[85.5616,23.1194],[85.5656,23.115],[85.5714,23.1165],[85.5744,23.1122],[85.5787,23.1129],[85.5799,23.1197],[85.5838,23.1189],[85.5853,23.1204],[85.5915,23.1159],[85.5961,23.1158],[85.6018,23.1194],[85.6088,23.1171],[85.6131,23.1148],[85.6151,23.1149],[85.6263,23.1159],[85.6306,23.1149],[85.635,23.1118],[85.6419,23.1092],[85.646,23.1066],[85.6472,23.1043],[85.6466,23.0966],[85.6513,23.0974],[85.6545,23.0968],[85.6601,23.1023],[85.6603,23.1054],[85.6655,23.1107],[85.6677,23.1178],[85.6718,23.122],[85.6724,23.1275],[85.6685,23.1294],[85.6659,23.1319],[85.667,23.1353],[85.6659,23.1377],[85.6689,23.1387],[85.6779,23.1452],[85.6871,23.1482],[85.6935,23.1516],[85.6951,23.1574]]]},"properties":{"id":"in:subdistrict:2698","level":"subdistrict","name":"Bundu","code":2698,"parent":"in:district:339","state":"in:state:20"}},{"type":"Feature","geometry":{"type":"Polygon","coordinates":[[[85.8644,23.2221],[85.8624,23.2225],[85.8588,23.2206],[85.8513,23.2223],[85.8424,23.2213],[85.8373,23.22],[85.8365,23.2227],[85.8391,23.2275],[85.8389,23.2328],[85.8364,23.2375],[85.8382,23.2435],[85.8386,23.2468],[85.8346,23.2499],[85.8285,23.2457],[85.823,23.2462],[85.821,23.2473],[85.8176,23.2509],[85.8159,23.2542],[85.812,23.2596],[85.8049,23.2626],[85.8008,23.2663],[85.8001,23.2704],[85.7978,23.2715],[85.7961,23.27],[85.7923,23.269],[85.7917,23.2711],[85.788,23.2769],[85.7849,23.2767],[85.7831,23.2806],[85.7782,23.2809],[85.7738,23.2797],[85.7654,23.2782],[85.7635,23.2788],[85.7598,23.2704],[85.7591,23.2657],[85.76,23.261],[85.7581,23.26],[85.7532,23.2632],[85.7526,23.2602],[85.7498,23.2534],[85.7482,23.2508],[85.7456,23.2495],[85.7427,23.2507],[85.738,23.2513],[85.7374,23.2528],[85.7327,23.2541],[85.732,23.252],[85.7295,23.2522],[85.7284,23.2485],[85.7322,23.2435],[85.7279,23.2406],[85.7219,23.2355],[85.7183,23.2362],[85.7102,23.2343],[85.7027,23.2329],[85.6995,23.2333],[85.6953,23.2301],[85.6882,23.2302],[85.6859,23.2279],[85.6829,23.2301],[85.6733,23.2339],[85.6708,23.2318],[85.6648,23.2296],[85.6556,23.2297],[85.6427,23.2287],[85.6383,23.2253],[85.6311,23.2242],[85.6294,23.2229],[85.6339,23.2189],[85.6379,23.2221],[85.641,23.2204],[85.6437,23.2173],[85.6425,23.2142],[85.6441,23.2124],[85.645,23.2076],[85.65,23.2035],[85.6484,23.2004],[85.6481,23.1962],[85.6455,23.1987],[85.6438,23.1913],[85.6449,23.1878],[85.644,23.1844],[85.6452,23.18],[85.6479,23.1777],[85.6536,23.1773],[85.6546,23.1787],[85.6576,23.1784],[85.6596,23.1756],[85.6652,23.1728],[85.6694,23.1746],[85.6727,23.1735],[85.6747,23.1712],[85.6779,23.1706],[85.6841,23.1636],[85.6874,23.163],[85.691,23.1595],[85.6951,23.1574],[85.7028,23.1566],[85.7073,23.1554],[85.7119,23.1572],[85.7124,23.1638],[85.7152,23.1644],[85.719,23.1628],[85.7226,23.1627],[85.729,23.1669],[85.7314,23.1702],[85.7334,23.1748],[85.7358,23.177],[85.7425,23.1659],[85.7434,23.1605],[85.7499,23.1619],[85.7581,23.1585],[85.7586,23.1552],[85.7606,23.1507],[85.7656,23.1459],[85.7656,23.1404],[85.768,23.1379],[85.769,23.1334],[85.7718,23.131],[85.7694,23.1295],[85.769,23.124],[85.7716,23.1185],[85.7732,23.1182],[85.7719,23.1113],[85.7747,23.1026],[85.7697,23.1022],[85.771,23.0966],[85.7776,23.0964],[85.7822,23.0946],[85.783,23.0934],[85.7821,23.0848],[85.7859,23.0853],[85.7896,23.0838],[85.7942,23.0841],[85.8006,23.0852],[85.8019,23.0882],[85.8054,23.0919],[85.8119,23.0931],[85.816,23.0927],[85.8173,23.0991],[85.8218,23.1073],[85.8245,23.1137],[85.8273,23.1163],[85.8314,23.117],[85.8324,23.1212],[85.8367,23.121],[85.8373,23.1271],[85.8419,23.1286],[85.8424,23.133],[85.8449,23.1378],[85.8489,23.1398],[85.8516,23.1398],[85.8553,23.143],[85.8557,23.1444],[85.8599,23.1458],[85.8647,23.144],[85.8687,23.1404],[85.8715,23.1405],[85.8703,23.145],[85.8717,23.1515],[85.8719,23.156],[85.8746,23.1564],[85.8813,23.1553],[85.8829,23.1536],[85.8859,23.153],[85.8866,23.1568],[85.8888,23.1581],[85.8915,23.156],[85.8939,23.1559],[85.8884,23.1624],[85.8825,23.1683],[85.8816,23.1703],[85.8815,23.1761],[85.8827,23.1847],[85.8825,23.1896],[85.8834,23.1956],[85.8825,23.1987],[85.8765,23.2049],[85.8752,23.2078],[85.872,23.2115],[85.8684,23.2183],[85.8644,23.2221]]]},"properties":{"id":"in:subdistrict:2689","level":"subdistrict","name":"Sonahatu","code":2689,"parent":"in:district:339","state":"in:state:20"}},{"type":"Feature","geometry":{"type":"Polygon","coordinates":[[[85.6294,23.2229],[85.6311,23.2242],[85.6383,23.2253],[85.6427,23.2287],[85.6556,23.2297],[85.6648,23.2296],[85.6708,23.2318],[85.6733,23.2339],[85.6829,23.2301],[85.6859,23.2279],[85.6882,23.2302],[85.6953,23.2301],[85.6995,23.2333],[85.7027,23.2329],[85.7102,23.2343],[85.7183,23.2362],[85.7219,23.2355],[85.7279,23.2406],[85.7322,23.2435],[85.7284,23.2485],[85.7295,23.2522],[85.732,23.252],[85.7327,23.2541],[85.7374,23.2528],[85.738,23.2513],[85.7427,23.2507],[85.7456,23.2495],[85.7482,23.2508],[85.7498,23.2534],[85.7526,23.2602],[85.7532,23.2632],[85.7581,23.26],[85.76,23.261],[85.7591,23.2657],[85.7598,23.2704],[85.7635,23.2788],[85.7579,23.2846],[85.7479,23.2901],[85.7478,23.2917],[85.7444,23.2943],[85.7348,23.2968],[85.7279,23.3004],[85.7208,23.3032],[85.7178,23.3068],[85.7151,23.3088],[85.7125,23.3137],[85.7118,23.3181],[85.7088,23.325],[85.702,23.3248],[85.6974,23.3262],[85.6966,23.3288],[85.6931,23.3322],[85.6882,23.3343],[85.6863,23.3383],[85.6842,23.3401],[85.684,23.3427],[85.6762,23.3414],[85.674,23.3433],[85.6697,23.3436],[85.6649,23.3433],[85.6587,23.3419],[85.6541,23.3387],[85.6531,23.3329],[85.6538,23.3271],[85.656,23.3265],[85.6571,23.3242],[85.6537,23.3212],[85.6497,23.3191],[85.6514,23.3161],[85.65,23.314],[85.651,23.3088],[85.6509,23.3046],[85.6522,23.2988],[85.6503,23.2987],[85.6431,23.3028],[85.642,23.3058],[85.6393,23.3089],[85.6365,23.3097],[85.6315,23.3139],[85.6279,23.3157],[85.6221,23.3171],[85.6224,23.3187],[85.6201,23.3221],[85.6197,23.3245],[85.616,23.3251],[85.6127,23.3269],[85.6068,23.3275],[85.5993,23.3277],[85.5923,23.3242],[85.5904,23.3218],[85.5908,23.3172],[85.5961,23.3129],[85.5882,23.3124],[85.5844,23.3112],[85.5799,23.311],[85.5701,23.3135],[85.5669,23.3116],[85.5626,23.3142],[85.5624,23.3102],[85.5656,23.3058],[85.56,23.3025],[85.5547,23.2982],[85.5545,23.2912],[85.5527,23.2838],[85.5537,23.2802],[85.552,23.2779],[85.5513,23.2748],[85.5539,23.2736],[85.5467,23.2627],[85.5478,23.26],[85.5522,23.2569],[85.5539,23.251],[85.5532,23.2499],[85.5577,23.2482],[85.5612,23.2498],[85.5657,23.2502],[85.5711,23.2495],[85.5727,23.2483],[85.5781,23.2486],[85.5808,23.2496],[85.5901,23.2489],[85.5961,23.2437],[85.6015,23.2358],[85.6063,23.2337],[85.6077,23.2315],[85.615,23.2273],[85.6182,23.2263],[85.6202,23.2228],[85.6228,23.2201],[85.6294,23.2229]]]},"properties":{"id":"in:subdistrict:2687","level":"subdistrict","name":"Rahe","code":2687,"parent":"in:district:339","state":"in:state:20"}},{"type":"Feature","geometry":{"type":"Polygon","coordinates":[[[85.6697,23.3436],[85.67,23.3451],[85.6673,23.3488],[85.6685,23.3496],[85.6757,23.3503],[85.684,23.3503],[85.6853,23.3495],[85.685,23.3448],[85.6875,23.3462],[85.6904,23.3455],[85.6925,23.3468],[85.6932,23.3498],[85.6982,23.351],[85.7023,23.3501],[85.7054,23.3513],[85.7129,23.3496],[85.7155,23.3511],[85.7157,23.355],[85.7175,23.3594],[85.7195,23.361],[85.7192,23.369],[85.7207,23.372],[85.7191,23.3766],[85.7198,23.3818],[85.7236,23.3801],[85.726,23.3864],[85.727,23.3872],[85.7306,23.3952],[85.7331,23.3994],[85.7315,23.4029],[85.7315,23.4092],[85.7323,23.4119],[85.7313,23.4162],[85.7258,23.4162],[85.7264,23.4217],[85.7261,23.4383],[85.7284,23.4388],[85.7273,23.442],[85.7224,23.4404],[85.7202,23.444],[85.7149,23.4442],[85.7135,23.4461],[85.7104,23.4476],[85.7066,23.4481],[85.6997,23.4473],[85.696,23.4485],[85.6827,23.4504],[85.6753,23.451],[85.6718,23.4538],[85.6716,23.4592],[85.6697,23.4607],[85.6613,23.4626],[85.6588,23.4662],[85.6578,23.4672],[85.6536,23.4672],[85.6504,23.4659],[85.6456,23.4669],[85.6419,23.4669],[85.6323,23.4695],[85.6276,23.4731],[85.6149,23.4796],[85.6081,23.4816],[85.6046,23.4866],[85.6073,23.4894],[85.6005,23.4925],[85.5925,23.4939],[85.5916,23.4947],[85.5868,23.4937],[85.5849,23.4866],[85.5801,23.4859],[85.568,23.4885],[85.5626,23.4838],[85.5601,23.4773],[85.5579,23.4749],[85.5569,23.469],[85.558,23.4679],[85.5567,23.4614],[85.5548,23.457],[85.5505,23.4567],[85.548,23.4575],[85.5452,23.4606],[85.5413,23.4578],[85.5356,23.4561],[85.5318,23.4568],[85.5285,23.4588],[85.5211,23.4538],[85.5232,23.4501],[85.5215,23.4494],[85.5143,23.4514],[85.5111,23.4529],[85.5091,23.4516],[85.509,23.4485],[85.5101,23.4444],[85.5018,23.4428],[85.4983,23.4446],[85.4951,23.4447],[85.4892,23.4478],[85.4847,23.4514],[85.4828,23.4498],[85.4857,23.4448],[85.485,23.443],[85.4813,23.44],[85.4845,23.4357],[85.4832,23.4331],[85.477,23.4327],[85.4733,23.4343],[85.472,23.4377],[85.468,23.4399],[85.4671,23.4368],[85.4632,23.4331],[85.4574,23.4319],[85.4522,23.4335],[85.45,23.4328],[85.4474,23.4309],[85.4465,23.4285],[85.4482,23.4256],[85.4484,23.4227],[85.4459,23.4198],[85.447,23.4171],[85.4501,23.4156],[85.4509,23.4133],[85.4548,23.4112],[85.4546,23.4093],[85.452,23.4071],[85.4395,23.4079],[85.441,23.3961],[85.4396,23.3889],[85.4435,23.3886],[85.4511,23.3864],[85.4602,23.3859],[85.4698,23.3813],[85.4756,23.3791],[85.4775,23.3797],[85.4809,23.3755],[85.4837,23.374],[85.4873,23.3706],[85.493,23.3681],[85.4954,23.365],[85.5004,23.3618],[85.4995,23.3584],[85.4968,23.3566],[85.4897,23.357],[85.4897,23.353],[85.4881,23.353],[85.4822,23.357],[85.4773,23.3574],[85.4695,23.3623],[85.4658,23.3654],[85.4606,23.3713],[85.4574,23.3727],[85.4472,23.3762],[85.4447,23.375],[85.4427,23.3683],[85.443,23.3666],[85.4409,23.3626],[85.4434,23.3601],[85.4449,23.3552],[85.4461,23.349],[85.4527,23.3466],[85.457,23.3387],[85.4604,23.3345],[85.4627,23.3357],[85.4671,23.3361],[85.4706,23.3381],[85.4841,23.3368],[85.4865,23.3342],[85.4911,23.3342],[85.4951,23.3365],[85.5021,23.3356],[85.5015,23.33],[85.4972,23.3262],[85.5026,23.3239],[85.5031,23.3271],[85.5062,23.33],[85.5117,23.3297],[85.5158,23.3266],[85.5204,23.3264],[85.5223,23.325],[85.5283,23.3252],[85.5337,23.3237],[85.5362,23.3243],[85.5433,23.3207],[85.5551,23.3177],[85.5568,23.3169],[85.5585,23.313],[85.5624,23.3102],[85.5626,23.3142],[85.5669,23.3116],[85.5701,23.3135],[85.5799,23.311],[85.5844,23.3112],[85.5882,23.3124],[85.5961,23.3129],[85.5908,23.3172],[85.5904,23.3218],[85.5923,23.3242],[85.5993,23.3277],[85.6068,23.3275],[85.6127,23.3269],[85.616,23.3251],[85.6197,23.3245],[85.6201,23.3221],[85.6224,23.3187],[85.6221,23.3171],[85.6279,23.3157],[85.6315,23.3139],[85.6365,23.3097],[85.6393,23.3089],[85.642,23.3058],[85.6431,23.3028],[85.6503,23.2987],[85.6522,23.2988],[85.6509,23.3046],[85.651,23.3088],[85.65,23.314],[85.6514,23.3161],[85.6497,23.3191],[85.6537,23.3212],[85.6571,23.3242],[85.656,23.3265],[85.6538,23.3271],[85.6531,23.3329],[85.6541,23.3387],[85.6587,23.3419],[85.6649,23.3433],[85.6697,23.3436]]]},"properties":{"id":"in:subdistrict:2686","level":"subdistrict","name":"Angara","code":2686,"parent":"in:district:339","state":"in:state:20"}},{"type":"Feature","geometry":{"type":"Polygon","coordinates":[[[85.6588,23.4662],[85.6631,23.4697],[85.6625,23.4721],[85.6645,23.4774],[85.6628,23.4798],[85.6637,23.4829],[85.6599,23.4837],[85.6579,23.4893],[85.6585,23.4925],[85.6612,23.4968],[85.6657,23.5002],[85.6666,23.5057],[85.6691,23.5093],[85.6675,23.5121],[85.6713,23.5121],[85.6733,23.5141],[85.676,23.5139],[85.6781,23.5165],[85.6814,23.5158],[85.6817,23.5189],[85.6839,23.5236],[85.686,23.5248],[85.6894,23.5241],[85.6887,23.5279],[85.6898,23.5289],[85.6955,23.5296],[85.6988,23.5314],[85.6965,23.5358],[85.6995,23.5372],[85.6988,23.5437],[85.7005,23.5485],[85.6956,23.5489],[85.6949,23.5501],[85.6993,23.5543],[85.6986,23.5577],[85.6953,23.5541],[85.6916,23.555],[85.6868,23.5577],[85.6864,23.5591],[85.6822,23.5599],[85.6806,23.557],[85.6765,23.5538],[85.6731,23.5544],[85.6703,23.558],[85.6647,23.5575],[85.6626,23.5545],[85.6643,23.5511],[85.6605,23.5501],[85.658,23.5505],[85.6525,23.5498],[85.6392,23.5534],[85.64,23.5563],[85.6391,23.5587],[85.633,23.5626],[85.6317,23.5657],[85.6296,23.5672],[85.6248,23.566],[85.6229,23.5685],[85.6175,23.5704],[85.6109,23.571],[85.6101,23.5752],[85.6113,23.5793],[85.6104,23.5813],[85.6116,23.5849],[85.6061,23.5873],[85.6049,23.5894],[85.6003,23.5918],[85.5949,23.5935],[85.5893,23.5971],[85.5856,23.5963],[85.5807,23.5979],[85.5742,23.6008],[85.5737,23.6055],[85.5669,23.6065],[85.5648,23.6023],[85.5628,23.595],[85.567,23.5919],[85.5656,23.589],[85.5619,23.5857],[85.5578,23.5781],[85.5581,23.5747],[85.5603,23.5737],[85.5646,23.5758],[85.5681,23.5745],[85.5699,23.5752],[85.5754,23.5716],[85.5783,23.5645],[85.5796,23.5594],[85.5767,23.5536],[85.5747,23.5517],[85.5726,23.5552],[85.5652,23.5588],[85.5639,23.5585],[85.5566,23.5632],[85.5489,23.5503],[85.556,23.5472],[85.5565,23.5447],[85.5589,23.542],[85.5559,23.5386],[85.5532,23.5382],[85.5568,23.5352],[85.5597,23.5288],[85.5659,23.5225],[85.5663,23.5209],[85.5722,23.5145],[85.5831,23.5076],[85.5856,23.507],[85.5903,23.504],[85.5886,23.5003],[85.5916,23.4947],[85.5925,23.4939],[85.6005,23.4925],[85.6073,23.4894],[85.6046,23.4866],[85.6081,23.4816],[85.6149,23.4796],[85.6276,23.4731],[85.6323,23.4695],[85.6419,23.4669],[85.6456,23.4669],[85.6504,23.4659],[85.6536,23.4672],[85.6578,23.4672],[85.6588,23.4662]]]},"properties":{"id":"in:subdistrict:2663","level":"subdistrict","name":"Dulmi","code":2663,"parent":"in:district:607","state":"in:state:20"}},{"type":"Feature","geometry":{"type":"Polygon","coordinates":[[[85.8346,23.2499],[85.8236,23.259],[85.8224,23.2631],[85.8197,23.2689],[85.8225,23.2726],[85.8286,23.2823],[85.8336,23.2958],[85.8361,23.3002],[85.839,23.3072],[85.8475,23.3097],[85.8497,23.3152],[85.8531,23.3186],[85.8594,23.3221],[85.8624,23.3271],[85.8682,23.3298],[85.8657,23.3407],[85.8669,23.3421],[85.8726,23.3424],[85.8796,23.347],[85.8825,23.3498],[85.8823,23.3529],[85.8764,23.3574],[85.8752,23.3598],[85.876,23.3667],[85.8746,23.3758],[85.875,23.3777],[85.8781,23.3808],[85.8776,23.3829],[85.8708,23.3861],[85.8708,23.3888],[85.8734,23.391],[85.8801,23.3925],[85.8855,23.3957],[85.8907,23.3965],[85.8948,23.3944],[85.8985,23.3936],[85.9014,23.3955],[85.9028,23.3983],[85.9015,23.4023],[85.8987,23.405],[85.8941,23.4055],[85.8872,23.4042],[85.8875,23.4081],[85.8914,23.4096],[85.8896,23.414],[85.8803,23.4224],[85.8851,23.4241],[85.8865,23.427],[85.8826,23.4306],[85.8805,23.431],[85.8766,23.4297],[85.873,23.4309],[85.8646,23.4313],[85.8609,23.4305],[85.8596,23.4267],[85.8553,23.4266],[85.8506,23.4297],[85.8481,23.428],[85.8501,23.4244],[85.846,23.4223],[85.8431,23.4227],[85.8416,23.4295],[85.8376,23.4341],[85.8317,23.439],[85.8295,23.4402],[85.8288,23.4438],[85.8296,23.449],[85.8244,23.454],[85.817,23.4567],[85.8073,23.4569],[85.8041,23.4555],[85.8028,23.4515],[85.7982,23.4498],[85.796,23.4506],[85.7961,23.4547],[85.7925,23.4568],[85.7886,23.4553],[85.7834,23.4558],[85.7789,23.461],[85.7755,23.4615],[85.7727,23.4602],[85.7645,23.4623],[85.7589,23.4612],[85.754,23.4609],[85.75,23.4583],[85.7467,23.4571],[85.7421,23.4524],[85.7365,23.4497],[85.7345,23.4502],[85.7324,23.4548],[85.7306,23.4551],[85.7252,23.4509],[85.7202,23.444],[85.7224,23.4404],[85.7273,23.442],[85.7284,23.4388],[85.7261,23.4383],[85.7264,23.4217],[85.7258,23.4162],[85.7313,23.4162],[85.7323,23.4119],[85.7315,23.4092],[85.7315,23.4029],[85.7331,23.3994],[85.7306,23.3952],[85.727,23.3872],[85.726,23.3864],[85.7236,23.3801],[85.7198,23.3818],[85.7191,23.3766],[85.7207,23.372],[85.7192,23.369],[85.7195,23.361],[85.7175,23.3594],[85.7157,23.355],[85.7155,23.3511],[85.7129,23.3496],[85.7054,23.3513],[85.7023,23.3501],[85.6982,23.351],[85.6932,23.3498],[85.6925,23.3468],[85.6904,23.3455],[85.6875,23.3462],[85.685,23.3448],[85.6853,23.3495],[85.684,23.3503],[85.6757,23.3503],[85.6685,23.3496],[85.6673,23.3488],[85.67,23.3451],[85.6697,23.3436],[85.674,23.3433],[85.6762,23.3414],[85.684,23.3427],[85.6842,23.3401],[85.6863,23.3383],[85.6882,23.3343],[85.6931,23.3322],[85.6966,23.3288],[85.6974,23.3262],[85.702,23.3248],[85.7088,23.325],[85.7118,23.3181],[85.7125,23.3137],[85.7151,23.3088],[85.7178,23.3068],[85.7208,23.3032],[85.7279,23.3004],[85.7348,23.2968],[85.7444,23.2943],[85.7478,23.2917],[85.7479,23.2901],[85.7579,23.2846],[85.7635,23.2788],[85.7654,23.2782],[85.7738,23.2797],[85.7782,23.2809],[85.7831,23.2806],[85.7849,23.2767],[85.788,23.2769],[85.7917,23.2711],[85.7923,23.269],[85.7961,23.27],[85.7978,23.2715],[85.8001,23.2704],[85.8008,23.2663],[85.8049,23.2626],[85.812,23.2596],[85.8159,23.2542],[85.8176,23.2509],[85.821,23.2473],[85.823,23.2462],[85.8285,23.2457],[85.8346,23.2499]]]},"properties":{"id":"in:subdistrict:2688","level":"subdistrict","name":"Silli","code":2688,"parent":"in:district:339","state":"in:state:20"}},{"type":"Feature","geometry":{"type":"Polygon","coordinates":[[[85.9456,23.6759],[85.9424,23.6797],[85.938,23.6785],[85.9368,23.6769],[85.9335,23.6779],[85.9323,23.6797],[85.924,23.681],[85.9172,23.6797],[85.9124,23.6807],[85.9091,23.6821],[85.9071,23.6797],[85.9048,23.6815],[85.9022,23.6813],[85.8974,23.6831],[85.8961,23.6816],[85.8978,23.6794],[85.8983,23.6761],[85.8933,23.6713],[85.8927,23.6686],[85.8954,23.664],[85.8975,23.6622],[85.8977,23.6584],[85.8965,23.6559],[85.8977,23.6519],[85.8976,23.6463],[85.9006,23.6428],[85.8999,23.6397],[85.9016,23.6374],[85.8975,23.628],[85.8945,23.6269],[85.8963,23.6226],[85.8943,23.6208],[85.8866,23.6207],[85.8792,23.6166],[85.8726,23.6064],[85.8701,23.6045],[85.8681,23.6014],[85.8655,23.6021],[85.8646,23.6045],[85.8571,23.5949],[85.8564,23.5922],[85.8599,23.5906],[85.8607,23.5873],[85.8594,23.5835],[85.8591,23.5764],[85.8569,23.5656],[85.8574,23.5628],[85.8555,23.5568],[85.8517,23.5537],[85.8498,23.5532],[85.8458,23.5553],[85.8466,23.5591],[85.8441,23.5589],[85.8428,23.5621],[85.8407,23.5623],[85.8389,23.5615],[85.8369,23.5573],[85.8347,23.5562],[85.8275,23.5546],[85.8228,23.5523],[85.8213,23.5501],[85.8232,23.5466],[85.8268,23.5433],[85.8282,23.5403],[85.8364,23.5376],[85.8417,23.5348],[85.8384,23.5262],[85.8355,23.521],[85.8397,23.5152],[85.8417,23.5137],[85.8519,23.5128],[85.8594,23.5175],[85.8673,23.5114],[85.8681,23.5067],[85.8731,23.5052],[85.876,23.5002],[85.8799,23.4977],[85.8819,23.4948],[85.8851,23.4919],[85.8834,23.4902],[85.8875,23.4877],[85.8874,23.4841],[85.8885,23.4826],[85.8965,23.4837],[85.8998,23.4824],[85.9086,23.4836],[85.9113,23.4812],[85.9152,23.4819],[85.9178,23.4788],[85.9229,23.4761],[85.9324,23.4736],[85.9353,23.4776],[85.9367,23.4811],[85.9369,23.4883],[85.9361,23.4907],[85.939,23.4915],[85.9393,23.4937],[85.9457,23.4952],[85.9454,23.497],[85.9423,23.4992],[85.9338,23.4998],[85.9293,23.5025],[85.9278,23.5023],[85.9297,23.5086],[85.9339,23.5102],[85.9381,23.5094],[85.9417,23.5057],[85.9496,23.504],[85.9525,23.5045],[85.9562,23.5073],[85.9544,23.5109],[85.9571,23.5164],[85.9597,23.5202],[85.9615,23.5264],[85.9593,23.5278],[85.96,23.5344],[85.9651,23.5346],[85.97,23.5361],[85.9742,23.5355],[85.9771,23.5361],[85.9773,23.5426],[85.979,23.5474],[85.979,23.5572],[85.9808,23.5627],[85.9808,23.5652],[85.9761,23.5741],[85.9684,23.5765],[85.9663,23.5764],[85.9629,23.5733],[85.9606,23.5752],[85.9588,23.5738],[85.9527,23.5755],[85.9508,23.5792],[85.9532,23.5823],[85.9541,23.5856],[85.9526,23.5903],[85.9546,23.5942],[85.9607,23.5965],[85.9641,23.6026],[85.9675,23.6022],[85.9679,23.6042],[85.9725,23.6093],[85.9697,23.6105],[85.967,23.6139],[85.9631,23.6151],[85.9604,23.6177],[85.9583,23.6215],[85.9536,23.6244],[85.9522,23.6281],[85.9521,23.6317],[85.9504,23.6338],[85.9524,23.6373],[85.9545,23.6385],[85.9573,23.6439],[85.9554,23.6438],[85.9508,23.648],[85.9465,23.6505],[85.9411,23.6549],[85.9363,23.6582],[85.9359,23.6621],[85.9377,23.6683],[85.9407,23.6698],[85.9424,23.6731],[85.9447,23.6734],[85.9456,23.6759]]]},"properties":{"id":"in:subdistrict:2593","level":"subdistrict","name":"Kasmar","code":2593,"parent":"in:district:322","state":"in:state:20"}},{"type":"Feature","geometry":{"type":"Polygon","coordinates":[[[85.7202,23.444],[85.7252,23.4509],[85.7306,23.4551],[85.7324,23.4548],[85.7345,23.4502],[85.7365,23.4497],[85.7421,23.4524],[85.7467,23.4571],[85.75,23.4583],[85.754,23.4609],[85.7589,23.4612],[85.7645,23.4623],[85.7727,23.4602],[85.7755,23.4615],[85.7789,23.461],[85.7834,23.4558],[85.7886,23.4553],[85.7925,23.4568],[85.7961,23.4547],[85.796,23.4506],[85.7982,23.4498],[85.8028,23.4515],[85.8041,23.4555],[85.8073,23.4569],[85.817,23.4567],[85.8244,23.454],[85.8296,23.449],[85.8288,23.4438],[85.8295,23.4402],[85.8317,23.439],[85.8376,23.4341],[85.8416,23.4295],[85.8431,23.4227],[85.846,23.4223],[85.8501,23.4244],[85.8481,23.428],[85.8506,23.4297],[85.8553,23.4266],[85.8596,23.4267],[85.8609,23.4305],[85.8646,23.4313],[85.8642,23.4357],[85.8619,23.4391],[85.8624,23.4461],[85.8639,23.4531],[85.8649,23.4547],[85.8637,23.4578],[85.8653,23.46],[85.8625,23.4615],[85.8658,23.4631],[85.868,23.4655],[85.87,23.4749],[85.8736,23.4767],[85.8753,23.4797],[85.8822,23.4808],[85.8874,23.4841],[85.8875,23.4877],[85.8834,23.4902],[85.8851,23.4919],[85.8819,23.4948],[85.8799,23.4977],[85.876,23.5002],[85.8731,23.5052],[85.8681,23.5067],[85.8673,23.5114],[85.8594,23.5175],[85.8519,23.5128],[85.8417,23.5137],[85.8397,23.5152],[85.8355,23.521],[85.8384,23.5262],[85.8417,23.5348],[85.8364,23.5376],[85.8282,23.5403],[85.8268,23.5433],[85.8232,23.5466],[85.8213,23.5501],[85.8228,23.5523],[85.8275,23.5546],[85.8347,23.5562],[85.8369,23.5573],[85.8389,23.5615],[85.8407,23.5623],[85.8399,23.5649],[85.8334,23.5731],[85.8283,23.5729],[85.8243,23.5734],[85.8218,23.5762],[85.8152,23.5757],[85.813,23.5775],[85.8118,23.5869],[85.808,23.6007],[85.8059,23.6036],[85.8045,23.6078],[85.8059,23.6104],[85.8049,23.6128],[85.7989,23.6159],[85.7996,23.6206],[85.7972,23.6219],[85.7935,23.6202],[85.7933,23.625],[85.794,23.628],[85.7904,23.6275],[85.7896,23.6303],[85.7915,23.631],[85.7947,23.636],[85.7872,23.6387],[85.7844,23.6423],[85.784,23.6462],[85.7825,23.648],[85.7753,23.648],[85.7716,23.6498],[85.7691,23.6534],[85.7714,23.658],[85.7715,23.6683],[85.7707,23.674],[85.7683,23.6803],[85.7619,23.6861],[85.7589,23.684],[85.7584,23.6746],[85.7554,23.6674],[85.7554,23.6626],[85.7475,23.6598],[85.7432,23.6547],[85.7363,23.653],[85.7318,23.6544],[85.7288,23.6546],[85.7263,23.6519],[85.7217,23.6402],[85.7145,23.6332],[85.713,23.6325],[85.7151,23.6284],[85.7149,23.6266],[85.7117,23.6244],[85.7097,23.621],[85.7111,23.6135],[85.7099,23.6125],[85.7048,23.6165],[85.7035,23.6146],[85.7086,23.6085],[85.7071,23.6071],[85.7029,23.6118],[85.7021,23.6104],[85.7034,23.6072],[85.7011,23.6039],[85.7025,23.6004],[85.7043,23.5996],[85.7049,23.5969],[85.6999,23.5951],[85.7025,23.5886],[85.6988,23.5844],[85.6993,23.5778],[85.6954,23.5772],[85.6958,23.5742],[85.6976,23.5728],[85.7024,23.5727],[85.7035,23.5705],[85.7019,23.5675],[85.7018,23.5638],[85.6981,23.5608],[85.6986,23.5577],[85.6993,23.5543],[85.6949,23.5501],[85.6956,23.5489],[85.7005,23.5485],[85.6988,23.5437],[85.6995,23.5372],[85.6965,23.5358],[85.6988,23.5314],[85.6955,23.5296],[85.6898,23.5289],[85.6887,23.5279],[85.6894,23.5241],[85.686,23.5248],[85.6839,23.5236],[85.6817,23.5189],[85.6814,23.5158],[85.6781,23.5165],[85.676,23.5139],[85.6733,23.5141],[85.6713,23.5121],[85.6675,23.5121],[85.6691,23.5093],[85.6666,23.5057],[85.6657,23.5002],[85.6612,23.4968],[85.6585,23.4925],[85.6579,23.4893],[85.6599,23.4837],[85.6637,23.4829],[85.6628,23.4798],[85.6645,23.4774],[85.6625,23.4721],[85.6631,23.4697],[85.6588,23.4662],[85.6613,23.4626],[85.6697,23.4607],[85.6716,23.4592],[85.6718,23.4538],[85.6753,23.451],[85.6827,23.4504],[85.696,23.4485],[85.6997,23.4473],[85.7066,23.4481],[85.7104,23.4476],[85.7135,23.4461],[85.7149,23.4442],[85.7202,23.444]]]},"properties":{"id":"in:subdistrict:2665","level":"subdistrict","name":"Gola","code":2665,"parent":"in:district:607","state":"in:state:20"}},{"type":"Feature","geometry":{"type":"Polygon","coordinates":[[[86.033,23.7594],[86.0281,23.7629],[86.0214,23.765],[86.0177,23.7641],[86.0123,23.7588],[86.0083,23.7535],[86.0008,23.7527],[85.9971,23.7531],[85.9936,23.7516],[85.9862,23.7463],[85.9805,23.7449],[85.9761,23.7452],[85.9725,23.7467],[85.9693,23.75],[85.9688,23.7547],[85.9686,23.7673],[85.9663,23.7693],[85.9618,23.7705],[85.9496,23.7667],[85.9458,23.7644],[85.9409,23.7572],[85.9384,23.7549],[85.9346,23.7528],[85.9312,23.752],[85.9246,23.7533],[85.9196,23.7568],[85.9178,23.7604],[85.9148,23.7617],[85.9106,23.7611],[85.9079,23.7597],[85.9029,23.7538],[85.8955,23.7496],[85.8908,23.7482],[85.8722,23.7472],[85.8657,23.7466],[85.8549,23.7447],[85.85,23.7442],[85.8436,23.7346],[85.8394,23.7333],[85.8345,23.7308],[85.8237,23.7296],[85.8196,23.7302],[85.8157,23.7331],[85.8106,23.7401],[85.8093,23.7408],[85.7995,23.7385],[85.7936,23.732],[85.7879,23.7239],[85.7795,23.7182],[85.7745,23.7157],[85.771,23.7046],[85.7672,23.6959],[85.7636,23.6901],[85.7606,23.688],[85.7619,23.6861],[85.7683,23.6803],[85.7707,23.674],[85.7715,23.6683],[85.7714,23.658],[85.7691,23.6534],[85.7716,23.6498],[85.7753,23.648],[85.7825,23.648],[85.784,23.6462],[85.7844,23.6423],[85.7872,23.6387],[85.7947,23.636],[85.7915,23.631],[85.7896,23.6303],[85.7904,23.6275],[85.794,23.628],[85.7933,23.625],[85.7935,23.6202],[85.7972,23.6219],[85.7996,23.6206],[85.7989,23.6159],[85.8049,23.6128],[85.8059,23.6104],[85.8045,23.6078],[85.8059,23.6036],[85.808,23.6007],[85.8118,23.5869],[85.813,23.5775],[85.8152,23.5757],[85.8218,23.5762],[85.8243,23.5734],[85.8283,23.5729],[85.8334,23.5731],[85.8399,23.5649],[85.8407,23.5623],[85.8428,23.5621],[85.8441,23.5589],[85.8466,23.5591],[85.8458,23.5553],[85.8498,23.5532],[85.8517,23.5537],[85.8555,23.5568],[85.8574,23.5628],[85.8569,23.5656],[85.8591,23.5764],[85.8594,23.5835],[85.8607,23.5873],[85.8599,23.5906],[85.8564,23.5922],[85.8571,23.5949],[85.8646,23.6045],[85.8655,23.6021],[85.8681,23.6014],[85.8701,23.6045],[85.8726,23.6064],[85.8792,23.6166],[85.8866,23.6207],[85.8943,23.6208],[85.8963,23.6226],[85.8945,23.6269],[85.8975,23.628],[85.9016,23.6374],[85.8999,23.6397],[85.9006,23.6428],[85.8976,23.6463],[85.8977,23.6519],[85.8965,23.6559],[85.8977,23.6584],[85.8975,23.6622],[85.8954,23.664],[85.8927,23.6686],[85.8933,23.6713],[85.8983,23.6761],[85.8978,23.6794],[85.8961,23.6816],[85.8974,23.6831],[85.9022,23.6813],[85.9048,23.6815],[85.9071,23.6797],[85.9091,23.6821],[85.9124,23.6807],[85.9172,23.6797],[85.924,23.681],[85.9323,23.6797],[85.9335,23.6779],[85.9368,23.6769],[85.938,23.6785],[85.9424,23.6797],[85.9456,23.6759],[85.9484,23.6761],[85.9486,23.6792],[85.9509,23.6821],[85.9512,23.6857],[85.9542,23.6848],[85.9546,23.6815],[85.9587,23.677],[85.9623,23.6801],[85.9649,23.6769],[85.9676,23.6796],[85.9709,23.6805],[85.9749,23.6843],[85.978,23.6844],[85.9783,23.6799],[85.9798,23.6788],[85.9872,23.6789],[85.9913,23.6769],[85.993,23.6791],[85.9927,23.6845],[85.995,23.6856],[85.9961,23.6816],[86.0004,23.683],[86.0027,23.6795],[86.0051,23.6832],[86.0088,23.6839],[86.0091,23.6883],[86.0105,23.692],[86.0066,23.694],[86.0036,23.6986],[86.0072,23.6996],[86.0049,23.7025],[86.0063,23.7035],[86.0104,23.7034],[86.0124,23.7047],[86.0159,23.7038],[86.0172,23.7059],[86.0213,23.7082],[86.025,23.7129],[86.0208,23.7141],[86.0183,23.7172],[86.022,23.7176],[86.0259,23.7242],[86.0312,23.7284],[86.0325,23.7341],[86.0385,23.7363],[86.0401,23.7388],[86.0449,23.7424],[86.0478,23.7469],[86.0478,23.7472],[86.0397,23.7532],[86.033,23.7594]]]},"properties":{"id":"in:subdistrict:2592","level":"subdistrict","name":"Peterwar","code":2592,"parent":"in:district:322","state":"in:state:20"}},{"type":"Feature","geometry":{"type":"Polygon","coordinates":[[[85.836,23.8401],[85.8364,23.8374],[85.8352,23.8297],[85.8394,23.8248],[85.8443,23.8203],[85.849,23.8112],[85.8531,23.8105],[85.8588,23.8107],[85.8596,23.8085],[85.8574,23.8056],[85.8602,23.8009],[85.8656,23.7963],[85.8679,23.791],[85.8701,23.7887],[85.8756,23.7863],[85.8766,23.7838],[85.8802,23.7815],[85.8877,23.7786],[85.8873,23.7725],[85.8826,23.7666],[85.8953,23.7627],[85.9041,23.7634],[85.9079,23.7597],[85.9106,23.7611],[85.9148,23.7617],[85.9178,23.7604],[85.9196,23.7568],[85.9246,23.7533],[85.9312,23.752],[85.9346,23.7528],[85.9384,23.7549],[85.9409,23.7572],[85.9458,23.7644],[85.9496,23.7667],[85.9618,23.7705],[85.9663,23.7693],[85.9686,23.7673],[85.9688,23.7547],[85.9693,23.75],[85.9725,23.7467],[85.9761,23.7452],[85.9805,23.7449],[85.9862,23.7463],[85.9936,23.7516],[85.9971,23.7531],[86.0008,23.7527],[86.0083,23.7535],[86.0123,23.7588],[86.0177,23.7641],[86.0214,23.765],[86.0281,23.7629],[86.033,23.7594],[86.04,23.7662],[86.0423,23.7718],[86.0419,23.7755],[86.0419,23.7793],[86.0403,23.7828],[86.0329,23.7869],[86.0191,23.7859],[86.0138,23.7872],[86.0113,23.787],[86.0088,23.7885],[86.005,23.7923],[86.004,23.7958],[86.0069,23.7989],[86.0036,23.8036],[86.001,23.8027],[86,23.8059],[86.0024,23.8083],[85.9996,23.8114],[85.9937,23.8114],[85.9901,23.8096],[85.985,23.8143],[85.9833,23.8133],[85.9798,23.8137],[85.9775,23.8098],[85.9739,23.8097],[85.9685,23.8043],[85.9644,23.8024],[85.9601,23.8043],[85.9546,23.8079],[85.9515,23.8083],[85.9375,23.807],[85.9324,23.8079],[85.9239,23.8072],[85.9204,23.8056],[85.9171,23.8052],[85.9152,23.8013],[85.9085,23.8053],[85.9053,23.8097],[85.903,23.8098],[85.898,23.8138],[85.8923,23.8124],[85.8892,23.8145],[85.8833,23.8161],[85.8785,23.8181],[85.8765,23.8208],[85.8772,23.8242],[85.8769,23.8293],[85.8744,23.8311],[85.8679,23.8326],[85.8656,23.8375],[85.8674,23.8412],[85.8694,23.8428],[85.8659,23.8468],[85.8679,23.8492],[85.8662,23.8508],[85.8593,23.8486],[85.8545,23.8507],[85.8501,23.8536],[85.8459,23.8544],[85.845,23.8524],[85.841,23.8513],[85.8386,23.8472],[85.8382,23.8444],[85.836,23.8401]]]},"properties":{"id":"in:subdistrict:2590","level":"subdistrict","name":"Bermo","code":2590,"parent":"in:district:322","state":"in:state:20"}},{"type":"Feature","geometry":{"type":"Polygon","coordinates":[[[85.6458,23.9552],[85.6455,23.9544],[85.6474,23.9461],[85.6524,23.9447],[85.6534,23.9405],[85.6562,23.938],[85.6582,23.9378],[85.6598,23.9346],[85.6552,23.9332],[85.6535,23.9312],[85.6475,23.9295],[85.6463,23.9257],[85.6376,23.9231],[85.6317,23.9183],[85.6278,23.9178],[85.627,23.9151],[85.6242,23.915],[85.6243,23.9129],[85.6207,23.9102],[85.6171,23.9086],[85.6145,23.9038],[85.6123,23.9017],[85.6136,23.8983],[85.6116,23.8946],[85.6114,23.8919],[85.6125,23.8873],[85.6155,23.8855],[85.6199,23.8804],[85.6188,23.8759],[85.6161,23.8716],[85.6136,23.8694],[85.6099,23.8691],[85.6072,23.8676],[85.6044,23.8686],[85.5961,23.8666],[85.5928,23.8653],[85.5912,23.8612],[85.5848,23.8557],[85.5837,23.8533],[85.5853,23.8516],[85.5921,23.8494],[85.592,23.8452],[85.5956,23.8412],[85.598,23.835],[85.5999,23.8316],[85.6001,23.827],[85.598,23.8242],[85.5967,23.8193],[85.5972,23.8167],[85.6001,23.8107],[85.6056,23.8086],[85.6125,23.8041],[85.6121,23.7996],[85.6151,23.7972],[85.6242,23.796],[85.6283,23.802],[85.6356,23.803],[85.6379,23.8088],[85.6384,23.8124],[85.6426,23.8215],[85.6518,23.8225],[85.6552,23.8134],[85.6538,23.811],[85.6509,23.8097],[85.6499,23.8022],[85.6515,23.798],[85.6502,23.795],[85.6525,23.7921],[85.6478,23.7897],[85.6454,23.7863],[85.6414,23.7861],[85.6389,23.7813],[85.6353,23.7794],[85.6346,23.7772],[85.6319,23.7758],[85.6325,23.7736],[85.6292,23.7677],[85.626,23.7667],[85.6222,23.768],[85.6177,23.7678],[85.6156,23.7653],[85.6164,23.7577],[85.616,23.7413],[85.6218,23.7413],[85.6216,23.7261],[85.6222,23.7222],[85.6202,23.7148],[85.6166,23.7094],[85.6108,23.7072],[85.6098,23.7001],[85.6125,23.6974],[85.6168,23.6946],[85.6166,23.6863],[85.6153,23.6837],[85.615,23.6793],[85.6146,23.6619],[85.6155,23.6531],[85.6158,23.645],[85.6156,23.6356],[85.6155,23.6325],[85.6191,23.6324],[85.623,23.6306],[85.6272,23.6271],[85.6307,23.622],[85.632,23.6179],[85.638,23.6149],[85.6442,23.6125],[85.65,23.6087],[85.6532,23.6083],[85.6547,23.6095],[85.656,23.6129],[85.6628,23.6197],[85.6648,23.6224],[85.6648,23.6242],[85.6626,23.6279],[85.6652,23.6301],[85.669,23.6307],[85.6704,23.6357],[85.6722,23.6368],[85.6764,23.6357],[85.6788,23.6373],[85.6771,23.6438],[85.6787,23.6469],[85.682,23.648],[85.6849,23.6467],[85.6885,23.6424],[85.6909,23.6415],[85.6938,23.6421],[85.6978,23.6459],[85.7011,23.6454],[85.7033,23.6392],[85.7105,23.6326],[85.713,23.6325],[85.7145,23.6332],[85.7217,23.6402],[85.7263,23.6519],[85.7288,23.6546],[85.7318,23.6544],[85.7363,23.653],[85.7432,23.6547],[85.7475,23.6598],[85.7554,23.6626],[85.7554,23.6674],[85.7584,23.6746],[85.7589,23.684],[85.7619,23.6861],[85.7606,23.688],[85.7636,23.6901],[85.7672,23.6959],[85.771,23.7046],[85.7745,23.7157],[85.7795,23.7182],[85.7879,23.7239],[85.7936,23.732],[85.7995,23.7385],[85.8093,23.7408],[85.8106,23.7401],[85.8157,23.7331],[85.8196,23.7302],[85.8237,23.7296],[85.8345,23.7308],[85.8394,23.7333],[85.8436,23.7346],[85.85,23.7442],[85.8549,23.7447],[85.8657,23.7466],[85.8722,23.7472],[85.8908,23.7482],[85.8955,23.7496],[85.9029,23.7538],[85.9079,23.7597],[85.9041,23.7634],[85.8953,23.7627],[85.8826,23.7666],[85.8873,23.7725],[85.8877,23.7786],[85.8802,23.7815],[85.8766,23.7838],[85.8756,23.7863],[85.8701,23.7887],[85.8679,23.791],[85.8656,23.7963],[85.8602,23.8009],[85.8574,23.8056],[85.8596,23.8085],[85.8588,23.8107],[85.8531,23.8105],[85.849,23.8112],[85.8443,23.8203],[85.8394,23.8248],[85.8352,23.8297],[85.8364,23.8374],[85.836,23.8401],[85.8338,23.8415],[85.8278,23.8425],[85.8225,23.8446],[85.8147,23.8446],[85.8128,23.847],[85.8143,23.8532],[85.8129,23.8551],[85.8064,23.8576],[85.8033,23.8597],[85.8043,23.8661],[85.8035,23.8685],[85.8049,23.8722],[85.804,23.8745],[85.8011,23.8762],[85.8027,23.8813],[85.7994,23.8828],[85.797,23.889],[85.7973,23.8918],[85.8009,23.8951],[85.7998,23.897],[85.7939,23.899],[85.7868,23.8996],[85.7851,23.9009],[85.7838,23.9052],[85.7845,23.9161],[85.7817,23.9187],[85.7757,23.9182],[85.7716,23.922],[85.765,23.9254],[85.762,23.9307],[85.7659,23.939],[85.7656,23.9423],[85.7642,23.9441],[85.7585,23.9469],[85.7559,23.947],[85.7498,23.9426],[85.748,23.943],[85.7452,23.9474],[85.7427,23.9498],[85.7385,23.9502],[85.7373,23.9473],[85.7398,23.9435],[85.7374,23.9412],[85.7336,23.9413],[85.728,23.9386],[85.7244,23.935],[85.7226,23.9292],[85.72,23.9267],[85.7185,23.9235],[85.7152,23.9225],[85.7125,23.9244],[85.7134,23.9281],[85.7123,23.9304],[85.7129,23.9351],[85.7084,23.9351],[85.7049,23.936],[85.7001,23.9398],[85.6973,23.947],[85.6928,23.9499],[85.6907,23.954],[85.692,23.9565],[85.6906,23.9582],[85.6861,23.9607],[85.6847,23.9648],[85.6841,23.9692],[85.6853,23.9717],[85.6893,23.9754],[85.6917,23.9761],[85.6964,23.9757],[85.6984,23.9774],[85.6976,23.9802],[85.6914,23.9831],[85.6889,23.9855],[85.6856,23.9861],[85.6825,23.9836],[85.6793,23.9838],[85.6776,23.9856],[85.6759,23.9864],[85.6742,23.9748],[85.6688,23.9757],[85.6675,23.9751],[85.6679,23.9732],[85.6721,23.9684],[85.6717,23.9648],[85.6692,23.9626],[85.6696,23.9602],[85.6667,23.9569],[85.6638,23.9567],[85.6588,23.954],[85.6524,23.9561],[85.6476,23.9565],[85.6458,23.9552]]]},"properties":{"id":"in:subdistrict:2591","level":"subdistrict","name":"Gomia","code":2591,"parent":"in:district:322","state":"in:state:20"}},{"type":"Feature","geometry":{"type":"Polygon","coordinates":[[[85.6986,23.5577],[85.6981,23.5608],[85.7018,23.5638],[85.7019,23.5675],[85.7035,23.5705],[85.7024,23.5727],[85.6976,23.5728],[85.6958,23.5742],[85.6954,23.5772],[85.6993,23.5778],[85.6988,23.5844],[85.7025,23.5886],[85.6999,23.5951],[85.7049,23.5969],[85.7043,23.5996],[85.7025,23.6004],[85.7011,23.6039],[85.7034,23.6072],[85.7021,23.6104],[85.7029,23.6118],[85.7071,23.6071],[85.7086,23.6085],[85.7035,23.6146],[85.7048,23.6165],[85.7099,23.6125],[85.7111,23.6135],[85.7097,23.621],[85.7117,23.6244],[85.7149,23.6266],[85.7151,23.6284],[85.713,23.6325],[85.7105,23.6326],[85.7033,23.6392],[85.7011,23.6454],[85.6978,23.6459],[85.6938,23.6421],[85.6909,23.6415],[85.6885,23.6424],[85.6849,23.6467],[85.682,23.648],[85.6787,23.6469],[85.6771,23.6438],[85.6788,23.6373],[85.6764,23.6357],[85.6722,23.6368],[85.6704,23.6357],[85.669,23.6307],[85.6652,23.6301],[85.6626,23.6279],[85.6648,23.6242],[85.6648,23.6224],[85.6628,23.6197],[85.656,23.6129],[85.6547,23.6095],[85.6532,23.6083],[85.65,23.6087],[85.6442,23.6125],[85.638,23.6149],[85.6367,23.6118],[85.6346,23.6117],[85.6322,23.6075],[85.6291,23.604],[85.6252,23.6025],[85.6209,23.5988],[85.6197,23.5939],[85.6173,23.5908],[85.6166,23.5883],[85.6141,23.5855],[85.6116,23.5849],[85.6104,23.5813],[85.6113,23.5793],[85.6101,23.5752],[85.6109,23.571],[85.6175,23.5704],[85.6229,23.5685],[85.6248,23.566],[85.6296,23.5672],[85.6317,23.5657],[85.633,23.5626],[85.6391,23.5587],[85.64,23.5563],[85.6392,23.5534],[85.6525,23.5498],[85.658,23.5505],[85.6605,23.5501],[85.6643,23.5511],[85.6626,23.5545],[85.6647,23.5575],[85.6703,23.558],[85.6731,23.5544],[85.6765,23.5538],[85.6806,23.557],[85.6822,23.5599],[85.6864,23.5591],[85.6868,23.5577],[85.6916,23.555],[85.6953,23.5541],[85.6986,23.5577]]]},"properties":{"id":"in:subdistrict:2664","level":"subdistrict","name":"Chitarpur","code":2664,"parent":"in:district:607","state":"in:state:20"}},{"type":"Feature","geometry":{"type":"Polygon","coordinates":[[[85.4269,23.7938],[85.4277,23.7881],[85.4308,23.7868],[85.4308,23.7806],[85.4325,23.7773],[85.4358,23.7758],[85.438,23.7762],[85.4449,23.7752],[85.4528,23.7734],[85.4546,23.7736],[85.4631,23.7708],[85.4688,23.7676],[85.4704,23.7635],[85.464,23.76],[85.461,23.7574],[85.4614,23.7552],[85.4592,23.7501],[85.4604,23.7479],[85.4641,23.7444],[85.4641,23.7426],[85.461,23.7406],[85.4579,23.7415],[85.4555,23.7402],[85.4553,23.7342],[85.4564,23.7281],[85.4515,23.7244],[85.4507,23.7226],[85.4472,23.7212],[85.4425,23.7223],[85.4408,23.7208],[85.4409,23.7157],[85.4423,23.7104],[85.4405,23.7088],[85.4375,23.7082],[85.4345,23.7092],[85.4289,23.7091],[85.4278,23.7008],[85.4282,23.6959],[85.4274,23.6927],[85.4285,23.6907],[85.4273,23.6865],[85.4247,23.684],[85.4292,23.676],[85.437,23.6705],[85.4376,23.669],[85.4471,23.6628],[85.447,23.6613],[85.4555,23.6594],[85.4622,23.6586],[85.4659,23.6542],[85.4666,23.6574],[85.4695,23.6588],[85.4744,23.6547],[85.4856,23.651],[85.4905,23.6489],[85.4983,23.6473],[85.5,23.6528],[85.501,23.6537],[85.5015,23.6631],[85.4997,23.6667],[85.5013,23.6769],[85.5006,23.6814],[85.5014,23.6828],[85.5122,23.6773],[85.5162,23.6762],[85.5173,23.6675],[85.5153,23.6539],[85.5164,23.6513],[85.5172,23.6446],[85.5181,23.6416],[85.52,23.6415],[85.5274,23.643],[85.5339,23.6482],[85.5477,23.6461],[85.5511,23.6468],[85.5563,23.6509],[85.5606,23.6497],[85.5632,23.645],[85.5728,23.6415],[85.575,23.6364],[85.5766,23.6351],[85.583,23.6349],[85.5889,23.6313],[85.5983,23.6309],[85.6117,23.6337],[85.6156,23.6356],[85.6158,23.645],[85.6155,23.6531],[85.6146,23.6619],[85.615,23.6793],[85.6153,23.6837],[85.6166,23.6863],[85.6168,23.6946],[85.6125,23.6974],[85.6098,23.7001],[85.6108,23.7072],[85.6166,23.7094],[85.6202,23.7148],[85.6222,23.7222],[85.6216,23.7261],[85.6218,23.7413],[85.616,23.7413],[85.6164,23.7577],[85.6156,23.7653],[85.6177,23.7678],[85.6222,23.768],[85.626,23.7667],[85.6292,23.7677],[85.6325,23.7736],[85.6319,23.7758],[85.6346,23.7772],[85.6353,23.7794],[85.6389,23.7813],[85.6414,23.7861],[85.6454,23.7863],[85.6478,23.7897],[85.6525,23.7921],[85.6502,23.795],[85.6515,23.798],[85.6499,23.8022],[85.6509,23.8097],[85.6538,23.811],[85.6552,23.8134],[85.6518,23.8225],[85.6426,23.8215],[85.6384,23.8124],[85.6379,23.8088],[85.6356,23.803],[85.6283,23.802],[85.6242,23.796],[85.6151,23.7972],[85.6121,23.7996],[85.6125,23.8041],[85.6056,23.8086],[85.6001,23.8107],[85.5972,23.8167],[85.5967,23.8193],[85.598,23.8242],[85.6001,23.827],[85.5999,23.8316],[85.598,23.835],[85.5956,23.8412],[85.592,23.8452],[85.5921,23.8494],[85.5853,23.8516],[85.5837,23.8533],[85.5848,23.8557],[85.5912,23.8612],[85.5928,23.8653],[85.5961,23.8666],[85.6044,23.8686],[85.6072,23.8676],[85.6099,23.8691],[85.6136,23.8694],[85.6161,23.8716],[85.6188,23.8759],[85.6199,23.8804],[85.6155,23.8855],[85.6125,23.8873],[85.6114,23.8919],[85.6116,23.8946],[85.6136,23.8983],[85.6123,23.9017],[85.6145,23.9038],[85.6171,23.9086],[85.6207,23.9102],[85.6243,23.9129],[85.6242,23.915],[85.627,23.9151],[85.6278,23.9178],[85.6317,23.9183],[85.6376,23.9231],[85.6463,23.9257],[85.6475,23.9295],[85.6535,23.9312],[85.6552,23.9332],[85.6598,23.9346],[85.6582,23.9378],[85.6562,23.938],[85.6534,23.9405],[85.6524,23.9447],[85.6474,23.9461],[85.6455,23.9544],[85.6458,23.9552],[85.6401,23.9601],[85.6399,23.9618],[85.6361,23.9612],[85.6301,23.9617],[85.6273,23.9602],[85.6206,23.9622],[85.617,23.9621],[85.6136,23.9594],[85.6089,23.9578],[85.6097,23.9564],[85.608,23.9503],[85.6066,23.9479],[85.6073,23.9447],[85.6046,23.9404],[85.6074,23.9387],[85.6078,23.9367],[85.6015,23.9341],[85.5973,23.9345],[85.5949,23.9337],[85.5938,23.9302],[85.5913,23.9271],[85.5874,23.9206],[85.5845,23.9177],[85.5819,23.9186],[85.5765,23.9182],[85.5771,23.9146],[85.576,23.9127],[85.5789,23.91],[85.5747,23.9086],[85.5711,23.9013],[85.5651,23.8963],[85.5677,23.8949],[85.5725,23.894],[85.5729,23.8915],[85.5698,23.8899],[85.5672,23.8845],[85.5738,23.88],[85.5735,23.8772],[85.5692,23.8722],[85.5706,23.8681],[85.5665,23.8632],[85.5631,23.858],[85.5639,23.8525],[85.5618,23.8471],[85.5572,23.848],[85.5554,23.8453],[85.5467,23.8515],[85.5394,23.8538],[85.5365,23.8519],[85.5337,23.8517],[85.5301,23.8494],[85.5239,23.8522],[85.5177,23.8519],[85.5167,23.8503],[85.5173,23.8454],[85.5152,23.8416],[85.5092,23.8398],[85.5075,23.8382],[85.5013,23.8406],[85.4942,23.8387],[85.4892,23.8385],[85.4872,23.8343],[85.488,23.8323],[85.4859,23.8261],[85.4832,23.8286],[85.4803,23.8297],[85.478,23.8267],[85.4733,23.8251],[85.4709,23.8209],[85.4674,23.8217],[85.4649,23.8172],[85.4626,23.815],[85.4595,23.8145],[85.4568,23.811],[85.4526,23.8106],[85.4502,23.8047],[85.4473,23.8016],[85.4439,23.8014],[85.4372,23.796],[85.4338,23.7946],[85.4269,23.7938]]]},"properties":{"id":"in:subdistrict:2661","level":"subdistrict","name":"Mandu","code":2661,"parent":"in:district:607","state":"in:state:20"}},{"type":"Feature","geometry":{"type":"Polygon","coordinates":[[[85.3395,23.7023],[85.3376,23.6958],[85.3458,23.6911],[85.3493,23.686],[85.3562,23.6795],[85.3592,23.6752],[85.3636,23.6727],[85.3691,23.6739],[85.3774,23.6739],[85.382,23.6726],[85.3854,23.6708],[85.3862,23.668],[85.3845,23.665],[85.3842,23.6611],[85.3877,23.659],[85.3901,23.6588],[85.3977,23.6653],[85.3997,23.6601],[85.3991,23.656],[85.4016,23.653],[85.4061,23.6524],[85.4125,23.6534],[85.4169,23.6528],[85.4203,23.6543],[85.4283,23.654],[85.4324,23.6562],[85.4446,23.6546],[85.4448,23.657],[85.4468,23.6578],[85.447,23.6613],[85.4471,23.6628],[85.4376,23.669],[85.437,23.6705],[85.4292,23.676],[85.4247,23.684],[85.4273,23.6865],[85.4285,23.6907],[85.4274,23.6927],[85.4282,23.6959],[85.4278,23.7008],[85.4289,23.7091],[85.4345,23.7092],[85.4375,23.7082],[85.4405,23.7088],[85.4423,23.7104],[85.4409,23.7157],[85.4408,23.7208],[85.4425,23.7223],[85.4472,23.7212],[85.4507,23.7226],[85.4515,23.7244],[85.4564,23.7281],[85.4553,23.7342],[85.4555,23.7402],[85.4579,23.7415],[85.461,23.7406],[85.4641,23.7426],[85.4641,23.7444],[85.4604,23.7479],[85.4592,23.7501],[85.4614,23.7552],[85.461,23.7574],[85.464,23.76],[85.4704,23.7635],[85.4688,23.7676],[85.4631,23.7708],[85.4546,23.7736],[85.4528,23.7734],[85.4449,23.7752],[85.438,23.7762],[85.4358,23.7758],[85.4325,23.7773],[85.4308,23.7806],[85.4308,23.7868],[85.4277,23.7881],[85.4269,23.7938],[85.4239,23.7941],[85.4179,23.7962],[85.4114,23.7962],[85.4079,23.7976],[85.4055,23.7972],[85.4003,23.7987],[85.3909,23.8008],[85.3867,23.7978],[85.3813,23.7972],[85.3796,23.7919],[85.3767,23.7864],[85.3744,23.7854],[85.3715,23.7866],[85.361,23.789],[85.3548,23.7956],[85.3436,23.7982],[85.3397,23.796],[85.3434,23.7906],[85.3444,23.7854],[85.3438,23.7774],[85.3409,23.7643],[85.3419,23.7609],[85.3482,23.7553],[85.3491,23.7531],[85.3466,23.7479],[85.3472,23.7447],[85.3467,23.7389],[85.3469,23.7337],[85.349,23.73],[85.3486,23.7258],[85.3463,23.7197],[85.3441,23.7074],[85.3417,23.7056],[85.3395,23.7023]]]},"properties":{"id":"in:subdistrict:2659","level":"subdistrict","name":"Dadi","code":2659,"parent":"in:district:332","state":"in:state:20"}},{"type":"Feature","geometry":{"type":"Polygon","coordinates":[[[85.2363,23.6863],[85.2359,23.6827],[85.2303,23.6787],[85.2274,23.6779],[85.2272,23.6759],[85.2247,23.6751],[85.225,23.6723],[85.2227,23.6712],[85.2234,23.6679],[85.222,23.6653],[85.2222,23.6615],[85.2236,23.6592],[85.2214,23.6577],[85.2225,23.654],[85.2183,23.6554],[85.2144,23.6545],[85.2126,23.6509],[85.2094,23.6488],[85.2071,23.6453],[85.205,23.6379],[85.2033,23.6363],[85.2057,23.6309],[85.2055,23.6269],[85.2102,23.6208],[85.2189,23.6202],[85.2253,23.6193],[85.2272,23.6177],[85.2311,23.6168],[85.2372,23.618],[85.2397,23.6127],[85.2433,23.6079],[85.2456,23.6033],[85.2455,23.6011],[85.2431,23.5987],[85.2431,23.5938],[85.2528,23.5919],[85.2553,23.59],[85.2614,23.5898],[85.2653,23.5862],[85.2663,23.581],[85.2682,23.5781],[85.2727,23.5805],[85.2789,23.5804],[85.2782,23.5785],[85.287,23.5764],[85.2902,23.5762],[85.2957,23.5738],[85.3085,23.5731],[85.3156,23.5707],[85.3236,23.5696],[85.3265,23.5686],[85.334,23.5623],[85.338,23.5595],[85.3429,23.5608],[85.3536,23.5624],[85.357,23.5613],[85.3596,23.5623],[85.3626,23.5615],[85.3653,23.5626],[85.3681,23.5596],[85.3708,23.5597],[85.3739,23.5568],[85.3773,23.5553],[85.3821,23.5555],[85.3827,23.5524],[85.3856,23.5498],[85.3876,23.5528],[85.3882,23.5563],[85.3903,23.5604],[85.3928,23.5602],[85.3967,23.5546],[85.3995,23.5566],[85.4053,23.5557],[85.4095,23.5563],[85.4105,23.5578],[85.4167,23.5608],[85.4217,23.56],[85.4255,23.5564],[85.4257,23.5546],[85.4359,23.5535],[85.4403,23.5511],[85.4468,23.5486],[85.4521,23.5494],[85.4574,23.5518],[85.4591,23.5519],[85.4639,23.5553],[85.4668,23.5556],[85.4702,23.5572],[85.4724,23.5608],[85.4721,23.5652],[85.4709,23.5692],[85.4735,23.5716],[85.4768,23.5689],[85.4869,23.5637],[85.4871,23.5647],[85.4921,23.5678],[85.4973,23.5677],[85.4973,23.5728],[85.4987,23.5738],[85.5021,23.573],[85.5049,23.5701],[85.5085,23.5714],[85.5121,23.574],[85.5136,23.5765],[85.5102,23.585],[85.5125,23.5908],[85.5119,23.5957],[85.5096,23.5999],[85.5058,23.6021],[85.5066,23.6049],[85.5058,23.6071],[85.5021,23.6078],[85.4997,23.6062],[85.4951,23.6001],[85.4919,23.6004],[85.4888,23.5994],[85.4857,23.5959],[85.4834,23.5997],[85.4821,23.6038],[85.4803,23.6129],[85.4782,23.6158],[85.4769,23.621],[85.472,23.62],[85.4699,23.6222],[85.4667,23.6228],[85.4646,23.6302],[85.466,23.6355],[85.4654,23.6385],[85.461,23.643],[85.4567,23.643],[85.4485,23.6374],[85.4419,23.6358],[85.4333,23.6354],[85.431,23.6359],[85.4197,23.64],[85.4162,23.6433],[85.417,23.648],[85.4169,23.6528],[85.4125,23.6534],[85.4061,23.6524],[85.4016,23.653],[85.3991,23.656],[85.3997,23.6601],[85.3977,23.6653],[85.3901,23.6588],[85.3877,23.659],[85.3842,23.6611],[85.3845,23.665],[85.3862,23.668],[85.3854,23.6708],[85.382,23.6726],[85.3774,23.6739],[85.3691,23.6739],[85.3636,23.6727],[85.3592,23.6752],[85.3562,23.6795],[85.3493,23.686],[85.3458,23.6911],[85.3376,23.6958],[85.3395,23.7023],[85.3349,23.7038],[85.3256,23.6953],[85.3196,23.6913],[85.3099,23.6859],[85.3083,23.6841],[85.3057,23.6841],[85.3018,23.6892],[85.2983,23.6903],[85.2925,23.69],[85.2852,23.6866],[85.2762,23.6927],[85.2711,23.6933],[85.2623,23.6966],[85.2501,23.7097],[85.2468,23.7117],[85.2432,23.7119],[85.2404,23.709],[85.2407,23.7033],[85.2394,23.701],[85.2359,23.698],[85.2363,23.6863]]]},"properties":{"id":"in:subdistrict:2660","level":"subdistrict","name":"Patratu","code":2660,"parent":"in:district:607","state":"in:state:20"}},{"type":"Feature","geometry":{"type":"MultiPolygon","coordinates":[[[[85.4869,23.5637],[85.4897,23.5608],[85.4869,23.5586],[85.4848,23.5601],[85.4821,23.554],[85.4858,23.5521],[85.4891,23.5481],[85.4935,23.5448],[85.4985,23.5437],[85.5001,23.5447],[85.5085,23.543],[85.5137,23.5438],[85.515,23.5457],[85.5128,23.5494],[85.5139,23.5563],[85.5121,23.5629],[85.5067,23.5678],[85.5049,23.5701],[85.5021,23.573],[85.4987,23.5738],[85.4973,23.5728],[85.4973,23.5677],[85.4921,23.5678],[85.4871,23.5647],[85.4869,23.5637]]],[[[85.6116,23.5849],[85.6141,23.5855],[85.6166,23.5883],[85.6173,23.5908],[85.6197,23.5939],[85.6209,23.5988],[85.6252,23.6025],[85.6291,23.604],[85.6322,23.6075],[85.6346,23.6117],[85.6367,23.6118],[85.638,23.6149],[85.632,23.6179],[85.6307,23.622],[85.6272,23.6271],[85.623,23.6306],[85.6191,23.6324],[85.6155,23.6325],[85.6156,23.6356],[85.6117,23.6337],[85.5983,23.6309],[85.5889,23.6313],[85.583,23.6349],[85.5766,23.6351],[85.575,23.6364],[85.5728,23.6415],[85.5632,23.645],[85.5606,23.6497],[85.5563,23.6509],[85.5511,23.6468],[85.5477,23.6461],[85.5339,23.6482],[85.5274,23.643],[85.52,23.6415],[85.5181,23.6416],[85.5172,23.6446],[85.5164,23.6513],[85.5153,23.6539],[85.5173,23.6675],[85.5162,23.6762],[85.5122,23.6773],[85.5014,23.6828],[85.5006,23.6814],[85.5013,23.6769],[85.4997,23.6667],[85.5015,23.6631],[85.501,23.6537],[85.5,23.6528],[85.4983,23.6473],[85.4905,23.6489],[85.4856,23.651],[85.4744,23.6547],[85.4695,23.6588],[85.4666,23.6574],[85.4659,23.6542],[85.4622,23.6586],[85.4555,23.6594],[85.447,23.6613],[85.4468,23.6578],[85.4448,23.657],[85.4446,23.6546],[85.4324,23.6562],[85.4283,23.654],[85.4203,23.6543],[85.4169,23.6528],[85.417,23.648],[85.4162,23.6433],[85.4197,23.64],[85.431,23.6359],[85.4333,23.6354],[85.4419,23.6358],[85.4485,23.6374],[85.4567,23.643],[85.461,23.643],[85.4654,23.6385],[85.466,23.6355],[85.4646,23.6302],[85.4667,23.6228],[85.4699,23.6222],[85.472,23.62],[85.4769,23.621],[85.4782,23.6158],[85.4803,23.6129],[85.4821,23.6038],[85.4834,23.5997],[85.4857,23.5959],[85.4888,23.5994],[85.4919,23.6004],[85.4951,23.6001],[85.4997,23.6062],[85.5021,23.6078],[85.5058,23.6071],[85.5066,23.6049],[85.5058,23.6021],[85.5096,23.5999],[85.5119,23.5957],[85.5125,23.5908],[85.5102,23.585],[85.5136,23.5765],[85.5165,23.5783],[85.5213,23.5794],[85.5252,23.5755],[85.525,23.5723],[85.5295,23.564],[85.5299,23.5618],[85.526,23.5575],[85.5216,23.5503],[85.5206,23.545],[85.5193,23.5419],[85.5259,23.5373],[85.5287,23.5348],[85.5323,23.5351],[85.5344,23.541],[85.5381,23.5403],[85.5393,23.5426],[85.5421,23.5439],[85.5476,23.543],[85.5532,23.5382],[85.5559,23.5386],[85.5589,23.542],[85.5565,23.5447],[85.556,23.5472],[85.5489,23.5503],[85.5566,23.5632],[85.5639,23.5585],[85.5652,23.5588],[85.5726,23.5552],[85.5747,23.5517],[85.5767,23.5536],[85.5796,23.5594],[85.5783,23.5645],[85.5754,23.5716],[85.5699,23.5752],[85.5681,23.5745],[85.5646,23.5758],[85.5603,23.5737],[85.5581,23.5747],[85.5578,23.5781],[85.5619,23.5857],[85.5656,23.589],[85.567,23.5919],[85.5628,23.595],[85.5648,23.6023],[85.5669,23.6065],[85.5737,23.6055],[85.5742,23.6008],[85.5807,23.5979],[85.5856,23.5963],[85.5893,23.5971],[85.5949,23.5935],[85.6003,23.5918],[85.6049,23.5894],[85.6061,23.5873],[85.6116,23.5849]]]]},"properties":{"id":"in:subdistrict:2662","level":"subdistrict","name":"Ramgarh","code":2662,"parent":"in:district:607","state":"in:state:20"}},{"type":"Feature","geometry":{"type":"Polygon","coordinates":[[[85.5916,23.4947],[85.5886,23.5003],[85.5903,23.504],[85.5856,23.507],[85.5831,23.5076],[85.5722,23.5145],[85.5663,23.5209],[85.5659,23.5225],[85.5597,23.5288],[85.5568,23.5352],[85.5532,23.5382],[85.5476,23.543],[85.5421,23.5439],[85.5393,23.5426],[85.5381,23.5403],[85.5344,23.541],[85.5323,23.5351],[85.5287,23.5348],[85.5259,23.5373],[85.5193,23.5419],[85.5206,23.545],[85.5216,23.5503],[85.526,23.5575],[85.5299,23.5618],[85.5295,23.564],[85.525,23.5723],[85.5252,23.5755],[85.5213,23.5794],[85.5165,23.5783],[85.5136,23.5765],[85.5121,23.574],[85.5085,23.5714],[85.5049,23.5701],[85.5067,23.5678],[85.5121,23.5629],[85.5139,23.5563],[85.5128,23.5494],[85.515,23.5457],[85.5137,23.5438],[85.5085,23.543],[85.5001,23.5447],[85.4985,23.5437],[85.4935,23.5448],[85.4891,23.5481],[85.4858,23.5521],[85.4821,23.554],[85.4848,23.5601],[85.4869,23.5586],[85.4897,23.5608],[85.4869,23.5637],[85.4768,23.5689],[85.4735,23.5716],[85.4709,23.5692],[85.4721,23.5652],[85.4724,23.5608],[85.4702,23.5572],[85.4668,23.5556],[85.4639,23.5553],[85.4591,23.5519],[85.4574,23.5518],[85.4521,23.5494],[85.4468,23.5486],[85.4403,23.5511],[85.4359,23.5535],[85.4257,23.5546],[85.4255,23.5564],[85.4217,23.56],[85.4167,23.5608],[85.4105,23.5578],[85.4095,23.5563],[85.4053,23.5557],[85.3995,23.5566],[85.3967,23.5546],[85.3928,23.5602],[85.3903,23.5604],[85.3882,23.5563],[85.3876,23.5528],[85.3856,23.5498],[85.3827,23.5524],[85.3821,23.5555],[85.3773,23.5553],[85.3739,23.5568],[85.3708,23.5597],[85.3681,23.5596],[85.3653,23.5626],[85.3626,23.5615],[85.3596,23.5623],[85.357,23.5613],[85.3536,23.5624],[85.3429,23.5608],[85.3411,23.5553],[85.3401,23.5482],[85.3384,23.5414],[85.3382,23.5333],[85.3357,23.5351],[85.3334,23.5339],[85.3348,23.529],[85.3376,23.5222],[85.3422,23.521],[85.3448,23.5156],[85.3494,23.513],[85.351,23.5134],[85.3556,23.5116],[85.3616,23.5077],[85.3634,23.5042],[85.3624,23.5018],[85.3662,23.4996],[85.3654,23.497],[85.3685,23.4933],[85.3722,23.4923],[85.3765,23.4973],[85.3816,23.4963],[85.3844,23.4929],[85.3897,23.4898],[85.3917,23.49],[85.3999,23.4845],[85.4068,23.4859],[85.4098,23.4856],[85.4114,23.4836],[85.4174,23.4806],[85.4198,23.4807],[85.4224,23.4789],[85.4234,23.4762],[85.4261,23.4729],[85.4287,23.4737],[85.4316,23.47],[85.4307,23.4678],[85.4319,23.4652],[85.4295,23.462],[85.4249,23.4599],[85.4228,23.4577],[85.4258,23.4564],[85.4306,23.4558],[85.4296,23.4498],[85.4332,23.447],[85.4331,23.4454],[85.4429,23.441],[85.4451,23.4372],[85.4492,23.4358],[85.45,23.4328],[85.4522,23.4335],[85.4574,23.4319],[85.4632,23.4331],[85.4671,23.4368],[85.468,23.4399],[85.472,23.4377],[85.4733,23.4343],[85.477,23.4327],[85.4832,23.4331],[85.4845,23.4357],[85.4813,23.44],[85.485,23.443],[85.4857,23.4448],[85.4828,23.4498],[85.4847,23.4514],[85.4892,23.4478],[85.4951,23.4447],[85.4983,23.4446],[85.5018,23.4428],[85.5101,23.4444],[85.509,23.4485],[85.5091,23.4516],[85.5111,23.4529],[85.5143,23.4514],[85.5215,23.4494],[85.5232,23.4501],[85.5211,23.4538],[85.5285,23.4588],[85.5318,23.4568],[85.5356,23.4561],[85.5413,23.4578],[85.5452,23.4606],[85.548,23.4575],[85.5505,23.4567],[85.5548,23.457],[85.5567,23.4614],[85.558,23.4679],[85.5569,23.469],[85.5579,23.4749],[85.5601,23.4773],[85.5626,23.4838],[85.568,23.4885],[85.5801,23.4859],[85.5849,23.4866],[85.5868,23.4937],[85.5916,23.4947]]]},"properties":{"id":"in:subdistrict:2685","level":"subdistrict","name":"Ormanjhi","code":2685,"parent":"in:district:339","state":"in:state:20"}},{"type":"Feature","geometry":{"type":"Polygon","coordinates":[[[85.3978,23.3648],[85.3954,23.3704],[85.3944,23.3749],[85.3961,23.3795],[85.3972,23.3864],[85.3955,23.3934],[85.3902,23.3949],[85.3923,23.4028],[85.3938,23.4059],[85.3888,23.412],[85.3865,23.4133],[85.3903,23.4162],[85.3948,23.4176],[85.4003,23.4211],[85.3949,23.425],[85.3881,23.4257],[85.3867,23.4273],[85.3857,23.4329],[85.3818,23.4365],[85.3751,23.4345],[85.3706,23.4362],[85.3663,23.4312],[85.3591,23.4236],[85.3543,23.4202],[85.3502,23.4207],[85.3399,23.4203],[85.3337,23.4223],[85.3306,23.4253],[85.3328,23.4366],[85.3375,23.4438],[85.3324,23.4457],[85.3268,23.4463],[85.3226,23.4458],[85.316,23.4465],[85.3161,23.444],[85.3131,23.437],[85.3112,23.4342],[85.3087,23.4268],[85.3123,23.4244],[85.3168,23.4236],[85.3155,23.4199],[85.312,23.4202],[85.3078,23.4162],[85.3072,23.4132],[85.3091,23.4112],[85.3074,23.4083],[85.3087,23.4034],[85.3061,23.3993],[85.2981,23.397],[85.2942,23.3953],[85.2874,23.395],[85.2791,23.3937],[85.2736,23.3955],[85.2689,23.3953],[85.2687,23.3909],[85.2723,23.3884],[85.2751,23.3881],[85.2749,23.3845],[85.2722,23.3825],[85.2612,23.3825],[85.2577,23.3835],[85.2547,23.3829],[85.2548,23.3809],[85.2584,23.3787],[85.2577,23.3728],[85.2579,23.3684],[85.255,23.3629],[85.2619,23.3636],[85.2712,23.3611],[85.2794,23.3604],[85.2805,23.3552],[85.2856,23.3534],[85.286,23.3495],[85.2843,23.3448],[85.2896,23.341],[85.2904,23.3366],[85.293,23.3355],[85.2963,23.3322],[85.2936,23.3291],[85.2896,23.3284],[85.2842,23.3291],[85.2776,23.3322],[85.2752,23.3325],[85.2712,23.3354],[85.2675,23.336],[85.2609,23.3406],[85.2574,23.3404],[85.2558,23.343],[85.2509,23.3433],[85.2499,23.3421],[85.2547,23.3364],[85.2537,23.333],[85.2551,23.3268],[85.2584,23.3252],[85.2654,23.3198],[85.2642,23.3149],[85.2627,23.3045],[85.2649,23.3021],[85.2681,23.3011],[85.2684,23.302],[85.2785,23.2966],[85.2811,23.2967],[85.2856,23.2954],[85.3008,23.2881],[85.3018,23.295],[85.3006,23.3023],[85.3049,23.3141],[85.3055,23.3166],[85.3099,23.3146],[85.3126,23.316],[85.3157,23.3136],[85.3174,23.3159],[85.3183,23.3196],[85.3209,23.3354],[85.3275,23.3346],[85.3332,23.3311],[85.3376,23.3312],[85.3384,23.3286],[85.3428,23.3262],[85.3468,23.3261],[85.3509,23.3238],[85.3523,23.3244],[85.3575,23.3227],[85.3586,23.3245],[85.3575,23.3265],[85.358,23.3294],[85.3604,23.3319],[85.3614,23.3348],[85.3599,23.3371],[85.3608,23.3445],[85.3647,23.348],[85.3693,23.3485],[85.372,23.3546],[85.3766,23.3541],[85.3761,23.3567],[85.378,23.3578],[85.3802,23.3619],[85.3832,23.3637],[85.3869,23.3609],[85.3944,23.3612],[85.3963,23.362],[85.3978,23.3648]]]},"properties":{"id":"in:subdistrict:x339-ranchi","level":"subdistrict","name":"Ranchi","code":0,"parent":"in:district:339","state":"in:state:20"}},{"type":"Feature","geometry":{"type":"MultiPolygon","coordinates":[[[[85.2681,23.3011],[85.2663,23.2982],[85.2665,23.2958],[85.2685,23.293],[85.2696,23.2857],[85.2729,23.2852],[85.275,23.2907],[85.2785,23.2966],[85.2684,23.302],[85.2681,23.3011]]],[[[85.45,23.4328],[85.4492,23.4358],[85.4451,23.4372],[85.4429,23.441],[85.4331,23.4454],[85.4332,23.447],[85.4296,23.4498],[85.4306,23.4558],[85.4258,23.4564],[85.4228,23.4577],[85.4249,23.4599],[85.4295,23.462],[85.4319,23.4652],[85.4307,23.4678],[85.4316,23.47],[85.4287,23.4737],[85.4261,23.4729],[85.4234,23.4762],[85.4224,23.4789],[85.4198,23.4807],[85.4174,23.4806],[85.4114,23.4836],[85.4098,23.4856],[85.4068,23.4859],[85.3999,23.4845],[85.3917,23.49],[85.3897,23.4898],[85.3844,23.4929],[85.3816,23.4963],[85.3765,23.4973],[85.3722,23.4923],[85.3685,23.4933],[85.3654,23.497],[85.3662,23.4996],[85.3624,23.5018],[85.3634,23.5042],[85.3616,23.5077],[85.3556,23.5116],[85.351,23.5134],[85.3494,23.513],[85.3448,23.5156],[85.3422,23.521],[85.3376,23.5222],[85.3348,23.529],[85.3334,23.5339],[85.3357,23.5351],[85.3382,23.5333],[85.3384,23.5414],[85.3401,23.5482],[85.3411,23.5553],[85.3429,23.5608],[85.338,23.5595],[85.334,23.5623],[85.3265,23.5686],[85.3236,23.5696],[85.3156,23.5707],[85.3085,23.5731],[85.2957,23.5738],[85.2902,23.5762],[85.287,23.5764],[85.2782,23.5785],[85.2789,23.5804],[85.2727,23.5805],[85.2682,23.5781],[85.2663,23.581],[85.2653,23.5862],[85.2614,23.5898],[85.2553,23.59],[85.2528,23.5919],[85.2431,23.5938],[85.2357,23.5959],[85.2338,23.596],[85.2295,23.592],[85.2195,23.5921],[85.2159,23.5912],[85.2124,23.5891],[85.2083,23.5881],[85.2111,23.5839],[85.214,23.5837],[85.2322,23.5847],[85.2356,23.586],[85.2382,23.5855],[85.241,23.5822],[85.241,23.5801],[85.2372,23.5779],[85.233,23.5778],[85.2283,23.5758],[85.2254,23.5766],[85.2228,23.575],[85.2218,23.5701],[85.2246,23.5665],[85.2247,23.5586],[85.2269,23.5579],[85.2276,23.555],[85.2243,23.555],[85.2232,23.5523],[85.2206,23.5499],[85.2188,23.5464],[85.2176,23.5398],[85.214,23.5286],[85.2185,23.5269],[85.2183,23.5219],[85.215,23.5122],[85.2152,23.5101],[85.2198,23.5067],[85.2193,23.504],[85.2155,23.5022],[85.2159,23.5007],[85.2125,23.4975],[85.2075,23.4951],[85.2079,23.4917],[85.2046,23.4884],[85.2045,23.4844],[85.2174,23.479],[85.227,23.4766],[85.2263,23.4749],[85.2273,23.4713],[85.2256,23.467],[85.2344,23.4603],[85.2341,23.4555],[85.2323,23.4523],[85.2449,23.4523],[85.2488,23.451],[85.2488,23.447],[85.2444,23.441],[85.2409,23.4313],[85.2391,23.4274],[85.2361,23.4274],[85.2351,23.4221],[85.2378,23.416],[85.2366,23.4132],[85.241,23.4128],[85.2426,23.4111],[85.2488,23.4106],[85.2545,23.4126],[85.2631,23.4113],[85.2644,23.4151],[85.2722,23.4177],[85.2747,23.4172],[85.2772,23.4202],[85.2806,23.4193],[85.2828,23.4215],[85.2895,23.4209],[85.287,23.415],[85.2872,23.4067],[85.2912,23.4076],[85.3004,23.4064],[85.3011,23.4042],[85.2981,23.397],[85.3061,23.3993],[85.3087,23.4034],[85.3074,23.4083],[85.3091,23.4112],[85.3072,23.4132],[85.3078,23.4162],[85.312,23.4202],[85.3155,23.4199],[85.3168,23.4236],[85.3123,23.4244],[85.3087,23.4268],[85.3112,23.4342],[85.3131,23.437],[85.3161,23.444],[85.316,23.4465],[85.3226,23.4458],[85.3268,23.4463],[85.3324,23.4457],[85.3375,23.4438],[85.3328,23.4366],[85.3306,23.4253],[85.3337,23.4223],[85.3399,23.4203],[85.3502,23.4207],[85.3543,23.4202],[85.3591,23.4236],[85.3663,23.4312],[85.3706,23.4362],[85.3751,23.4345],[85.3818,23.4365],[85.3857,23.4329],[85.3867,23.4273],[85.3881,23.4257],[85.3949,23.425],[85.4003,23.4211],[85.3948,23.4176],[85.3903,23.4162],[85.3865,23.4133],[85.3888,23.412],[85.3938,23.4059],[85.3923,23.4028],[85.3902,23.3949],[85.3955,23.3934],[85.3972,23.3864],[85.3961,23.3795],[85.3944,23.3749],[85.3954,23.3704],[85.3978,23.3648],[85.4013,23.3689],[85.408,23.3677],[85.4122,23.3683],[85.4179,23.3716],[85.4228,23.3739],[85.4277,23.3811],[85.4337,23.3824],[85.4376,23.3844],[85.4396,23.3889],[85.441,23.3961],[85.4395,23.4079],[85.452,23.4071],[85.4546,23.4093],[85.4548,23.4112],[85.4509,23.4133],[85.4501,23.4156],[85.447,23.4171],[85.4459,23.4198],[85.4484,23.4227],[85.4482,23.4256],[85.4465,23.4285],[85.4474,23.4309],[85.45,23.4328]]]]},"properties":{"id":"in:subdistrict:2684","level":"subdistrict","name":"Kanke","code":2684,"parent":"in:district:339","state":"in:state:20"}},{"type":"Feature","geometry":{"type":"Polygon","coordinates":[[[85.2981,23.397],[85.3011,23.4042],[85.3004,23.4064],[85.2912,23.4076],[85.2872,23.4067],[85.287,23.415],[85.2895,23.4209],[85.2828,23.4215],[85.2806,23.4193],[85.2772,23.4202],[85.2747,23.4172],[85.2722,23.4177],[85.2644,23.4151],[85.2631,23.4113],[85.2545,23.4126],[85.2488,23.4106],[85.2426,23.4111],[85.241,23.4128],[85.2366,23.4132],[85.2378,23.416],[85.2351,23.4221],[85.2361,23.4274],[85.2391,23.4274],[85.2409,23.4313],[85.2444,23.441],[85.2488,23.447],[85.2488,23.451],[85.2449,23.4523],[85.2323,23.4523],[85.2341,23.4555],[85.2344,23.4603],[85.2256,23.467],[85.2273,23.4713],[85.2263,23.4749],[85.227,23.4766],[85.2174,23.479],[85.2045,23.4844],[85.2004,23.481],[85.1952,23.4849],[85.1926,23.4855],[85.1903,23.4906],[85.1874,23.4908],[85.1799,23.4932],[85.1754,23.4926],[85.173,23.4842],[85.173,23.481],[85.1733,23.4773],[85.1726,23.4732],[85.1727,23.4606],[85.1635,23.4521],[85.1619,23.4484],[85.1634,23.4463],[85.1677,23.4439],[85.1723,23.4428],[85.1718,23.4288],[85.1699,23.4293],[85.1674,23.4252],[85.1647,23.4262],[85.1587,23.425],[85.1584,23.423],[85.1558,23.4225],[85.1528,23.4193],[85.1463,23.4209],[85.1441,23.4167],[85.1417,23.4188],[85.1398,23.4167],[85.1424,23.4123],[85.1403,23.4056],[85.1374,23.4003],[85.1325,23.3947],[85.1329,23.3914],[85.1357,23.3881],[85.1374,23.3867],[85.1391,23.3825],[85.1431,23.3803],[85.148,23.3746],[85.1475,23.372],[85.1498,23.3684],[85.1522,23.3663],[85.1543,23.3664],[85.1565,23.364],[85.1571,23.3575],[85.1592,23.355],[85.1657,23.354],[85.1689,23.3494],[85.1707,23.3498],[85.1778,23.3613],[85.1784,23.3635],[85.1812,23.3624],[85.1914,23.3613],[85.1914,23.3603],[85.1974,23.3579],[85.2019,23.358],[85.205,23.3651],[85.2155,23.3626],[85.2163,23.3652],[85.2193,23.3685],[85.2212,23.3726],[85.2268,23.3717],[85.2398,23.3665],[85.2487,23.364],[85.255,23.3629],[85.2579,23.3684],[85.2577,23.3728],[85.2584,23.3787],[85.2548,23.3809],[85.2547,23.3829],[85.2577,23.3835],[85.2612,23.3825],[85.2722,23.3825],[85.2749,23.3845],[85.2751,23.3881],[85.2723,23.3884],[85.2687,23.3909],[85.2689,23.3953],[85.2736,23.3955],[85.2791,23.3937],[85.2874,23.395],[85.2942,23.3953],[85.2981,23.397]]]},"properties":{"id":"in:subdistrict:2691","level":"subdistrict","name":"Ratu","code":2691,"parent":"in:district:339","state":"in:state:20"}},{"type":"Feature","geometry":{"type":"Polygon","coordinates":[[[85.1022,23.6643],[85.1011,23.6633],[85.0966,23.6638],[85.0903,23.6603],[85.0875,23.6598],[85.0786,23.6564],[85.0783,23.6521],[85.0736,23.6419],[85.0708,23.6442],[85.067,23.6454],[85.0651,23.6445],[85.0604,23.6451],[85.0586,23.6483],[85.0615,23.6513],[85.0568,23.6535],[85.0552,23.6474],[85.0552,23.6429],[85.0575,23.6404],[85.0566,23.6388],[85.0514,23.6369],[85.0464,23.6374],[85.0447,23.6355],[85.0471,23.6292],[85.0434,23.6261],[85.0442,23.6207],[85.0414,23.6155],[85.0399,23.6109],[85.0374,23.6071],[85.0339,23.6033],[85.0361,23.5996],[85.0372,23.5956],[85.0396,23.5944],[85.0454,23.5947],[85.0488,23.5922],[85.0543,23.5909],[85.0538,23.5879],[85.0497,23.5866],[85.0415,23.5804],[85.0449,23.5798],[85.0444,23.5777],[85.0384,23.5774],[85.0363,23.5761],[85.0368,23.5703],[85.0394,23.5651],[85.0389,23.5612],[85.0402,23.5581],[85.0364,23.5554],[85.035,23.553],[85.0348,23.5467],[85.0321,23.5423],[85.0357,23.5399],[85.0409,23.5352],[85.0474,23.5332],[85.051,23.5348],[85.0609,23.5405],[85.0649,23.5435],[85.0746,23.5452],[85.0786,23.5436],[85.0836,23.5441],[85.0864,23.546],[85.086,23.5494],[85.0886,23.5528],[85.0909,23.5486],[85.0976,23.548],[85.0994,23.5438],[85.0939,23.5347],[85.099,23.5262],[85.1018,23.524],[85.1058,23.5224],[85.1124,23.5181],[85.1195,23.5173],[85.123,23.5175],[85.1225,23.5217],[85.1269,23.5256],[85.1275,23.5281],[85.1303,23.5296],[85.1355,23.53],[85.138,23.5311],[85.138,23.5234],[85.1373,23.5162],[85.1384,23.5145],[85.1386,23.5089],[85.1407,23.5057],[85.1403,23.5026],[85.1384,23.5014],[85.1362,23.4973],[85.1307,23.4914],[85.1303,23.4879],[85.1415,23.4829],[85.1454,23.4802],[85.149,23.4801],[85.1493,23.4843],[85.1512,23.4887],[85.1605,23.4857],[85.173,23.481],[85.173,23.4842],[85.1754,23.4926],[85.1799,23.4932],[85.1874,23.4908],[85.1903,23.4906],[85.1926,23.4855],[85.1952,23.4849],[85.2004,23.481],[85.2045,23.4844],[85.2046,23.4884],[85.2079,23.4917],[85.2075,23.4951],[85.2125,23.4975],[85.2159,23.5007],[85.2155,23.5022],[85.2193,23.504],[85.2198,23.5067],[85.2152,23.5101],[85.215,23.5122],[85.2183,23.5219],[85.2185,23.5269],[85.214,23.5286],[85.2176,23.5398],[85.2188,23.5464],[85.2206,23.5499],[85.2232,23.5523],[85.2243,23.555],[85.2276,23.555],[85.2269,23.5579],[85.2247,23.5586],[85.2246,23.5665],[85.2218,23.5701],[85.2228,23.575],[85.2254,23.5766],[85.2283,23.5758],[85.233,23.5778],[85.2372,23.5779],[85.241,23.5801],[85.241,23.5822],[85.2382,23.5855],[85.2356,23.586],[85.2322,23.5847],[85.214,23.5837],[85.2111,23.5839],[85.2083,23.5881],[85.2124,23.5891],[85.2159,23.5912],[85.2195,23.5921],[85.2295,23.592],[85.2338,23.596],[85.2357,23.5959],[85.2431,23.5938],[85.2431,23.5987],[85.2455,23.6011],[85.2456,23.6033],[85.2433,23.6079],[85.2397,23.6127],[85.2372,23.618],[85.2311,23.6168],[85.2272,23.6177],[85.2253,23.6193],[85.2189,23.6202],[85.2102,23.6208],[85.2055,23.6269],[85.2057,23.6309],[85.2033,23.6363],[85.205,23.6379],[85.2071,23.6453],[85.2094,23.6488],[85.2126,23.6509],[85.2144,23.6545],[85.2183,23.6554],[85.2225,23.654],[85.2214,23.6577],[85.2236,23.6592],[85.2222,23.6615],[85.222,23.6653],[85.2234,23.6679],[85.2227,23.6712],[85.225,23.6723],[85.2247,23.6751],[85.2272,23.6759],[85.2274,23.6779],[85.2303,23.6787],[85.2359,23.6827],[85.2363,23.6863],[85.2295,23.684],[85.226,23.6849],[85.2238,23.6896],[85.2238,23.6916],[85.2267,23.6977],[85.2248,23.7007],[85.2184,23.7011],[85.2029,23.7059],[85.1984,23.708],[85.1878,23.7092],[85.1874,23.7061],[85.1839,23.7001],[85.1808,23.6896],[85.1751,23.685],[85.1737,23.6818],[85.1734,23.6781],[85.1708,23.6752],[85.17,23.6715],[85.1668,23.6656],[85.1628,23.6671],[85.1626,23.6693],[85.1595,23.6703],[85.1583,23.673],[85.1557,23.6715],[85.1514,23.6712],[85.1464,23.6694],[85.1347,23.6685],[85.131,23.6669],[85.126,23.6664],[85.123,23.6634],[85.12,23.6622],[85.1146,23.6619],[85.1076,23.6644],[85.1067,23.664],[85.105,23.663],[85.1022,23.6643]]]},"properties":{"id":"in:subdistrict:2682","level":"subdistrict","name":"Burmu","code":2682,"parent":"in:district:339","state":"in:state:20"}},{"type":"Feature","geometry":{"type":"Polygon","coordinates":[[[84.9671,23.7152],[84.9652,23.7123],[84.9673,23.707],[84.967,23.7034],[84.9645,23.6975],[84.9609,23.6963],[84.9545,23.6981],[84.9525,23.7026],[84.9509,23.7029],[84.9462,23.6982],[84.9419,23.6928],[84.938,23.6917],[84.9363,23.6899],[84.9355,23.6855],[84.9379,23.6816],[84.9367,23.6793],[84.9336,23.6783],[84.9301,23.6759],[84.9278,23.6725],[84.9258,23.6718],[84.9236,23.6686],[84.9239,23.6658],[84.926,23.6639],[84.9255,23.6595],[84.9241,23.6568],[84.9213,23.6546],[84.9218,23.6503],[84.9209,23.6483],[84.9314,23.6429],[84.9356,23.6416],[84.944,23.6374],[84.945,23.6292],[84.9449,23.6237],[84.9434,23.6196],[84.9462,23.6187],[84.9472,23.6157],[84.9465,23.6103],[84.9485,23.6077],[84.9465,23.6033],[84.9473,23.6017],[84.9546,23.5969],[84.9583,23.5914],[84.9618,23.5875],[84.965,23.5869],[84.9666,23.5839],[84.9667,23.5805],[84.968,23.579],[84.9725,23.577],[84.9711,23.5736],[84.9714,23.5706],[84.9742,23.57],[84.9777,23.5716],[84.9804,23.5744],[84.9796,23.5772],[84.9816,23.5787],[84.9809,23.5843],[84.9814,23.5871],[84.9849,23.5896],[84.9869,23.5887],[84.9898,23.5909],[84.9899,23.5938],[84.9941,23.601],[84.9959,23.5967],[84.9973,23.5964],[85.0001,23.5998],[85.0018,23.6003],[85.0069,23.599],[85.0092,23.5994],[85.011,23.6039],[85.015,23.6058],[85.0153,23.6072],[85.0096,23.6121],[85.0081,23.6187],[85.0037,23.6212],[85.0051,23.6241],[85.0094,23.6249],[85.0094,23.6282],[85.011,23.6291],[85.0165,23.6277],[85.0186,23.6281],[85.0191,23.631],[85.0185,23.6352],[85.0222,23.6401],[85.0322,23.6383],[85.0402,23.6382],[85.0484,23.6393],[85.0552,23.6429],[85.0552,23.6474],[85.0568,23.6535],[85.0615,23.6513],[85.0586,23.6483],[85.0604,23.6451],[85.0651,23.6445],[85.067,23.6454],[85.0708,23.6442],[85.0736,23.6419],[85.0783,23.6521],[85.0786,23.6564],[85.0875,23.6598],[85.0903,23.6603],[85.0966,23.6638],[85.1011,23.6633],[85.1022,23.6643],[85.0973,23.6663],[85.0943,23.6657],[85.087,23.6691],[85.0838,23.6673],[85.0778,23.6677],[85.0791,23.6721],[85.0749,23.6759],[85.071,23.6784],[85.0685,23.681],[85.0631,23.681],[85.0587,23.6889],[85.0603,23.6944],[85.062,23.6956],[85.0677,23.694],[85.0711,23.6957],[85.0718,23.6978],[85.0698,23.7003],[85.0707,23.7064],[85.0688,23.7092],[85.0666,23.7099],[85.0577,23.7068],[85.0547,23.7083],[85.0549,23.712],[85.0539,23.7131],[85.0494,23.7105],[85.0455,23.7042],[85.0408,23.7026],[85.0404,23.698],[85.0382,23.6944],[85.0373,23.6899],[85.0315,23.6891],[85.0231,23.6903],[85.0202,23.6887],[85.0178,23.6903],[85.0164,23.693],[85.0121,23.6956],[85.0113,23.694],[85.0116,23.6898],[85.0074,23.6817],[85.0045,23.6803],[84.9989,23.6829],[84.9945,23.6892],[84.9931,23.6953],[84.9904,23.7041],[84.9883,23.705],[84.9803,23.7061],[84.9779,23.708],[84.9744,23.7152],[84.9724,23.7166],[84.9685,23.7167],[84.9671,23.7152]]]},"properties":{"id":"in:subdistrict:2683","level":"subdistrict","name":"Khelari","code":2683,"parent":"in:district:339","state":"in:state:20"}},{"type":"Feature","geometry":{"type":"Polygon","coordinates":[[[84.6429,23.7793],[84.6474,23.7729],[84.6545,23.769],[84.657,23.7686],[84.6667,23.7646],[84.6711,23.7687],[84.6751,23.7714],[84.678,23.7763],[84.6819,23.777],[84.6822,23.7797],[84.6863,23.7824],[84.69,23.7783],[84.6938,23.7769],[84.6954,23.774],[84.6955,23.7671],[84.6989,23.7657],[84.7005,23.7704],[84.7058,23.7748],[84.7082,23.7748],[84.7082,23.7782],[84.7098,23.7808],[84.7179,23.7921],[84.7226,23.792],[84.7246,23.7898],[84.7203,23.7861],[84.7196,23.7778],[84.7214,23.7763],[84.7272,23.7756],[84.7293,23.7734],[84.7324,23.7733],[84.7323,23.7706],[84.7377,23.771],[84.7389,23.7726],[84.7443,23.7752],[84.7475,23.7797],[84.7474,23.7829],[84.7506,23.7836],[84.7534,23.7803],[84.7527,23.7759],[84.755,23.7751],[84.7552,23.7721],[84.753,23.7699],[84.7565,23.767],[84.759,23.7609],[84.757,23.7592],[84.7564,23.7562],[84.7607,23.7551],[84.7647,23.7555],[84.7717,23.7532],[84.7739,23.7504],[84.7768,23.7499],[84.7825,23.7596],[84.7885,23.7623],[84.7901,23.7609],[84.798,23.7588],[84.8,23.7563],[84.8028,23.7561],[84.8078,23.7539],[84.8211,23.7497],[84.8262,23.7491],[84.8364,23.7493],[84.8392,23.75],[84.8405,23.7518],[84.845,23.7506],[84.8491,23.7405],[84.8525,23.7369],[84.855,23.7363],[84.8618,23.7387],[84.867,23.7453],[84.8751,23.7501],[84.8771,23.7498],[84.8818,23.747],[84.8845,23.7476],[84.8863,23.7508],[84.8914,23.7506],[84.8898,23.747],[84.8859,23.7438],[84.8866,23.7389],[84.8858,23.7331],[84.8872,23.7287],[84.8859,23.7267],[84.8857,23.7175],[84.8879,23.7156],[84.8952,23.7156],[84.9005,23.7147],[84.9068,23.7163],[84.9129,23.7127],[84.9137,23.7062],[84.9158,23.7047],[84.9153,23.7028],[84.9194,23.6954],[84.9262,23.6887],[84.9291,23.6878],[84.9315,23.6932],[84.9338,23.6941],[84.938,23.6917],[84.9419,23.6928],[84.9462,23.6982],[84.9509,23.7029],[84.9525,23.7026],[84.9545,23.6981],[84.9609,23.6963],[84.9645,23.6975],[84.967,23.7034],[84.9673,23.707],[84.9652,23.7123],[84.9671,23.7152],[84.9616,23.7163],[84.961,23.7185],[84.9623,23.7243],[84.9603,23.7264],[84.9568,23.7277],[84.9488,23.7294],[84.9395,23.7324],[84.9376,23.7359],[84.938,23.7426],[84.9341,23.7457],[84.9309,23.7529],[84.931,23.7558],[84.9284,23.7615],[84.9297,23.7642],[84.9287,23.7678],[84.9292,23.7705],[84.9265,23.7717],[84.9143,23.7738],[84.913,23.7732],[84.9045,23.7766],[84.9037,23.7851],[84.907,23.7867],[84.9083,23.7891],[84.9091,23.7999],[84.9083,23.8015],[84.9108,23.8036],[84.9134,23.8034],[84.9172,23.8081],[84.9246,23.8088],[84.9283,23.807],[84.9384,23.8049],[84.9415,23.8062],[84.9438,23.8052],[84.9477,23.8061],[84.9481,23.8094],[84.9466,23.8133],[84.9477,23.8141],[84.9483,23.8183],[84.9457,23.825],[84.9456,23.8279],[84.949,23.8308],[84.9496,23.8345],[84.9488,23.8461],[84.9465,23.8496],[84.9448,23.8547],[84.9407,23.8576],[84.9378,23.8571],[84.9316,23.8586],[84.9312,23.8625],[84.9234,23.861],[84.9201,23.8537],[84.9203,23.8447],[84.9195,23.8421],[84.916,23.8375],[84.9181,23.832],[84.9148,23.8257],[84.9138,23.8226],[84.9065,23.8226],[84.8983,23.8218],[84.8954,23.8241],[84.8962,23.8269],[84.8998,23.8296],[84.9018,23.8356],[84.9007,23.8386],[84.896,23.8456],[84.8944,23.8497],[84.8922,23.8493],[84.8868,23.8539],[84.8849,23.8511],[84.8809,23.8503],[84.8786,23.8522],[84.8792,23.8566],[84.8765,23.8603],[84.8732,23.8594],[84.8655,23.8607],[84.8623,23.8622],[84.8537,23.8585],[84.848,23.8587],[84.8442,23.8573],[84.8436,23.8526],[84.8417,23.8509],[84.8368,23.8495],[84.8394,23.8474],[84.8392,23.8457],[84.8327,23.8441],[84.832,23.8401],[84.8328,23.8381],[84.8308,23.8328],[84.8256,23.8351],[84.8185,23.8355],[84.8135,23.8336],[84.8045,23.8335],[84.8008,23.8343],[84.799,23.8417],[84.802,23.8445],[84.7988,23.8457],[84.7944,23.8487],[84.7924,23.8534],[84.7941,23.8571],[84.7918,23.8573],[84.7864,23.8615],[84.7843,23.8618],[84.7845,23.8656],[84.7829,23.8675],[84.7791,23.8679],[84.7777,23.8669],[84.7735,23.8677],[84.7706,23.8668],[84.7669,23.8686],[84.7638,23.8736],[84.7574,23.8736],[84.7471,23.8768],[84.7411,23.8771],[84.7391,23.8734],[84.7375,23.8686],[84.7302,23.8655],[84.725,23.8623],[84.723,23.859],[84.7182,23.8588],[84.7149,23.8534],[84.7148,23.8501],[84.7117,23.8467],[84.7086,23.8476],[84.7059,23.8456],[84.7029,23.8455],[84.7019,23.8496],[84.6985,23.853],[84.6949,23.8516],[84.6949,23.8541],[84.6917,23.8562],[84.6859,23.8573],[84.6831,23.8594],[84.6783,23.8599],[84.6766,23.8621],[84.6796,23.8655],[84.679,23.8695],[84.674,23.8746],[84.6707,23.8731],[84.6674,23.8702],[84.6639,23.8686],[84.6602,23.8653],[84.6593,23.8599],[84.6509,23.8574],[84.6542,23.8535],[84.6529,23.8498],[84.649,23.8462],[84.6485,23.8432],[84.6454,23.8407],[84.6431,23.8407],[84.6406,23.8379],[84.6411,23.8327],[84.6464,23.8298],[84.6468,23.8266],[84.6418,23.8262],[84.6377,23.8246],[84.6317,23.8256],[84.6372,23.8199],[84.6403,23.8149],[84.6386,23.8113],[84.6398,23.8097],[84.6386,23.8062],[84.6394,23.8037],[84.6386,23.7987],[84.6409,23.796],[84.6458,23.7944],[84.643,23.7878],[84.6443,23.7828],[84.6429,23.7793]]]},"properties":{"id":"in:subdistrict:2640","level":"subdistrict","name":"Balumath","code":2640,"parent":"in:district:335","state":"in:state:20"}},{"type":"Feature","geometry":{"type":"Polygon","coordinates":[[[84.6065,23.6647],[84.6075,23.6629],[84.6141,23.6584],[84.6175,23.6592],[84.6201,23.6619],[84.625,23.6606],[84.6272,23.6625],[84.6326,23.6644],[84.6414,23.6651],[84.6426,23.6685],[84.6553,23.655],[84.6588,23.6495],[84.6601,23.6461],[84.6626,23.6432],[84.6628,23.6314],[84.666,23.6258],[84.6759,23.6218],[84.6803,23.618],[84.6823,23.6178],[84.6808,23.6072],[84.6793,23.6058],[84.6864,23.6049],[84.6946,23.6098],[84.7064,23.6134],[84.7141,23.6168],[84.7201,23.6184],[84.7238,23.6201],[84.7286,23.6261],[84.7314,23.6309],[84.7315,23.64],[84.7334,23.6411],[84.7386,23.6386],[84.741,23.632],[84.7448,23.6325],[84.7445,23.6264],[84.746,23.6241],[84.7456,23.62],[84.7463,23.6164],[84.7445,23.615],[84.7452,23.6118],[84.7472,23.6082],[84.7527,23.608],[84.7602,23.6058],[84.7638,23.6019],[84.7648,23.5983],[84.7678,23.5965],[84.7687,23.5916],[84.766,23.5869],[84.7663,23.5853],[84.7724,23.5826],[84.7734,23.579],[84.7729,23.5765],[84.7762,23.574],[84.7817,23.5719],[84.7859,23.572],[84.7857,23.5645],[84.7823,23.5602],[84.7819,23.5531],[84.7834,23.5494],[84.7888,23.5455],[84.7928,23.545],[84.7939,23.5582],[84.7956,23.5607],[84.7947,23.5687],[84.7958,23.5725],[84.7941,23.5762],[84.7974,23.5793],[84.8016,23.5788],[84.8023,23.5708],[84.7991,23.5662],[84.8015,23.5638],[84.8063,23.564],[84.8111,23.5652],[84.8165,23.5699],[84.8206,23.5689],[84.822,23.567],[84.8212,23.5638],[84.8242,23.5597],[84.8223,23.5576],[84.8211,23.5507],[84.8231,23.5494],[84.8218,23.5464],[84.8309,23.5443],[84.834,23.5446],[84.8348,23.5425],[84.8382,23.5398],[84.8488,23.5353],[84.8579,23.5331],[84.8581,23.5365],[84.8602,23.5407],[84.8622,23.5428],[84.8676,23.541],[84.8695,23.5448],[84.8736,23.5438],[84.8738,23.547],[84.8762,23.5492],[84.8777,23.5595],[84.8857,23.5591],[84.8914,23.5577],[84.8962,23.5577],[84.8979,23.5595],[84.8985,23.5641],[84.9006,23.5718],[84.9029,23.5753],[84.9038,23.5786],[84.9061,23.5813],[84.9087,23.581],[84.9107,23.578],[84.9116,23.5725],[84.9102,23.572],[84.9088,23.5683],[84.9096,23.5633],[84.9089,23.5592],[84.9099,23.5562],[84.9111,23.5442],[84.9108,23.5419],[84.9179,23.5411],[84.9188,23.5443],[84.9241,23.552],[84.9253,23.5551],[84.9307,23.5518],[84.9356,23.5502],[84.9367,23.5513],[84.9357,23.5544],[84.938,23.5617],[84.9344,23.5664],[84.9362,23.5695],[84.9346,23.5727],[84.94,23.5897],[84.9453,23.5959],[84.9453,23.5987],[84.9473,23.6017],[84.9465,23.6033],[84.9485,23.6077],[84.9465,23.6103],[84.9472,23.6157],[84.9462,23.6187],[84.9434,23.6196],[84.9449,23.6237],[84.945,23.6292],[84.944,23.6374],[84.9356,23.6416],[84.9314,23.6429],[84.9209,23.6483],[84.9218,23.6503],[84.9213,23.6546],[84.9241,23.6568],[84.9255,23.6595],[84.926,23.6639],[84.9239,23.6658],[84.9236,23.6686],[84.9258,23.6718],[84.9278,23.6725],[84.9301,23.6759],[84.9336,23.6783],[84.9367,23.6793],[84.9379,23.6816],[84.9355,23.6855],[84.9363,23.6899],[84.938,23.6917],[84.9338,23.6941],[84.9315,23.6932],[84.9291,23.6878],[84.9262,23.6887],[84.9194,23.6954],[84.9153,23.7028],[84.9158,23.7047],[84.9137,23.7062],[84.9129,23.7127],[84.9068,23.7163],[84.9005,23.7147],[84.8952,23.7156],[84.8879,23.7156],[84.8857,23.7175],[84.8859,23.7267],[84.8872,23.7287],[84.8858,23.7331],[84.8866,23.7389],[84.8859,23.7438],[84.8898,23.747],[84.8914,23.7506],[84.8863,23.7508],[84.8845,23.7476],[84.8818,23.747],[84.8771,23.7498],[84.8751,23.7501],[84.867,23.7453],[84.8618,23.7387],[84.855,23.7363],[84.8525,23.7369],[84.8491,23.7405],[84.845,23.7506],[84.8405,23.7518],[84.8392,23.75],[84.8364,23.7493],[84.8262,23.7491],[84.8211,23.7497],[84.8078,23.7539],[84.8028,23.7561],[84.8,23.7563],[84.798,23.7588],[84.7901,23.7609],[84.7885,23.7623],[84.7825,23.7596],[84.7768,23.7499],[84.7739,23.7504],[84.7717,23.7532],[84.7647,23.7555],[84.7607,23.7551],[84.7564,23.7562],[84.757,23.7592],[84.759,23.7609],[84.7565,23.767],[84.753,23.7699],[84.7552,23.7721],[84.755,23.7751],[84.7527,23.7759],[84.7534,23.7803],[84.7506,23.7836],[84.7474,23.7829],[84.7475,23.7797],[84.7443,23.7752],[84.7389,23.7726],[84.7377,23.771],[84.7323,23.7706],[84.7324,23.7733],[84.7293,23.7734],[84.7272,23.7756],[84.7214,23.7763],[84.7196,23.7778],[84.7203,23.7861],[84.7246,23.7898],[84.7226,23.792],[84.7179,23.7921],[84.7098,23.7808],[84.7082,23.7782],[84.7082,23.7748],[84.7058,23.7748],[84.7005,23.7704],[84.6989,23.7657],[84.6955,23.7671],[84.6954,23.774],[84.6938,23.7769],[84.69,23.7783],[84.6863,23.7824],[84.6822,23.7797],[84.6819,23.777],[84.678,23.7763],[84.6751,23.7714],[84.6711,23.7687],[84.6667,23.7646],[84.657,23.7686],[84.6545,23.769],[84.6474,23.7729],[84.6429,23.7793],[84.63,23.7789],[84.6256,23.7793],[84.6266,23.7735],[84.6259,23.767],[84.6269,23.7636],[84.6216,23.7616],[84.6175,23.7643],[84.6111,23.7671],[84.6097,23.7631],[84.6066,23.7571],[84.6042,23.7501],[84.6068,23.7437],[84.6104,23.7412],[84.6126,23.7386],[84.6145,23.7384],[84.615,23.7356],[84.6141,23.7297],[84.612,23.7277],[84.6093,23.7274],[84.6079,23.7227],[84.6019,23.7234],[84.6005,23.7218],[84.6003,23.7141],[84.6014,23.7114],[84.5994,23.7098],[84.6007,23.7035],[84.6003,23.7008],[84.5981,23.6972],[84.6001,23.6951],[84.6001,23.6921],[84.6015,23.6881],[84.5988,23.6772],[84.6009,23.673],[84.6039,23.6713],[84.6067,23.6673],[84.6065,23.6647]]]},"properties":{"id":"in:subdistrict:2643","level":"subdistrict","name":"Chandwa","code":2643,"parent":"in:district:335","state":"in:state:20"}},{"type":"Feature","geometry":{"type":"Polygon","coordinates":[[[84.666,23.6258],[84.6662,23.6207],[84.6701,23.6147],[84.6675,23.6116],[84.667,23.6087],[84.6685,23.6042],[84.6706,23.6014],[84.671,23.5942],[84.6739,23.5881],[84.6755,23.5828],[84.6802,23.5765],[84.6868,23.5698],[84.6886,23.5642],[84.6876,23.5604],[84.6882,23.5537],[84.6897,23.547],[84.6963,23.5395],[84.6956,23.5368],[84.6963,23.5305],[84.699,23.5292],[84.7004,23.5252],[84.7013,23.5274],[84.7005,23.5305],[84.7017,23.5336],[84.7039,23.5346],[84.7045,23.5372],[84.7035,23.5397],[84.7059,23.5429],[84.704,23.5484],[84.7116,23.5548],[84.7154,23.5537],[84.7217,23.5529],[84.7223,23.5503],[84.7248,23.5488],[84.7306,23.5471],[84.7365,23.5425],[84.737,23.5375],[84.7399,23.5352],[84.7402,23.5328],[84.7391,23.529],[84.7409,23.5264],[84.7427,23.5207],[84.7469,23.516],[84.7479,23.5097],[84.7509,23.5067],[84.7513,23.5001],[84.7555,23.4965],[84.7577,23.4936],[84.7592,23.4877],[84.7591,23.483],[84.765,23.4787],[84.7695,23.478],[84.776,23.478],[84.7823,23.48],[84.7862,23.4798],[84.7933,23.4817],[84.798,23.4775],[84.7983,23.4745],[84.8017,23.467],[84.8059,23.4652],[84.8105,23.4618],[84.8138,23.4634],[84.8151,23.4621],[84.8148,23.4589],[84.8194,23.4576],[84.8223,23.4577],[84.8268,23.4546],[84.8287,23.4547],[84.8324,23.4583],[84.8365,23.4594],[84.8385,23.4646],[84.8377,23.4692],[84.8409,23.475],[84.844,23.4735],[84.8472,23.4694],[84.8518,23.4678],[84.8529,23.4689],[84.8576,23.47],[84.8606,23.4697],[84.8629,23.4672],[84.8664,23.4687],[84.8701,23.4682],[84.8727,23.473],[84.8746,23.48],[84.8759,23.4885],[84.8782,23.4902],[84.8825,23.4898],[84.8848,23.4886],[84.8912,23.49],[84.8951,23.4891],[84.9014,23.4889],[84.9048,23.4872],[84.9044,23.4913],[84.9028,23.4968],[84.9012,23.499],[84.9056,23.5001],[84.9068,23.5013],[84.9112,23.5],[84.9149,23.5037],[84.916,23.5079],[84.9245,23.5025],[84.9265,23.5046],[84.9322,23.5008],[84.9344,23.4979],[84.9387,23.494],[84.9411,23.4905],[84.9452,23.4953],[84.9467,23.5004],[84.9422,23.5082],[84.9423,23.5114],[84.9409,23.5133],[84.9429,23.5167],[84.9412,23.52],[84.9288,23.5267],[84.9259,23.5216],[84.9162,23.5227],[84.9161,23.521],[84.9117,23.5209],[84.9083,23.5233],[84.9066,23.5277],[84.9107,23.5314],[84.9104,23.5377],[84.9179,23.5411],[84.9108,23.5419],[84.9111,23.5442],[84.9099,23.5562],[84.9089,23.5592],[84.9096,23.5633],[84.9088,23.5683],[84.9102,23.572],[84.9116,23.5725],[84.9107,23.578],[84.9087,23.581],[84.9061,23.5813],[84.9038,23.5786],[84.9029,23.5753],[84.9006,23.5718],[84.8985,23.5641],[84.8979,23.5595],[84.8962,23.5577],[84.8914,23.5577],[84.8857,23.5591],[84.8777,23.5595],[84.8762,23.5492],[84.8738,23.547],[84.8736,23.5438],[84.8695,23.5448],[84.8676,23.541],[84.8622,23.5428],[84.8602,23.5407],[84.8581,23.5365],[84.8579,23.5331],[84.8488,23.5353],[84.8382,23.5398],[84.8348,23.5425],[84.834,23.5446],[84.8309,23.5443],[84.8218,23.5464],[84.8231,23.5494],[84.8211,23.5507],[84.8223,23.5576],[84.8242,23.5597],[84.8212,23.5638],[84.822,23.567],[84.8206,23.5689],[84.8165,23.5699],[84.8111,23.5652],[84.8063,23.564],[84.8015,23.5638],[84.7991,23.5662],[84.8023,23.5708],[84.8016,23.5788],[84.7974,23.5793],[84.7941,23.5762],[84.7958,23.5725],[84.7947,23.5687],[84.7956,23.5607],[84.7939,23.5582],[84.7928,23.545],[84.7888,23.5455],[84.7834,23.5494],[84.7819,23.5531],[84.7823,23.5602],[84.7857,23.5645],[84.7859,23.572],[84.7817,23.5719],[84.7762,23.574],[84.7729,23.5765],[84.7734,23.579],[84.7724,23.5826],[84.7663,23.5853],[84.766,23.5869],[84.7687,23.5916],[84.7678,23.5965],[84.7648,23.5983],[84.7638,23.6019],[84.7602,23.6058],[84.7527,23.608],[84.7472,23.6082],[84.7452,23.6118],[84.7445,23.615],[84.7463,23.6164],[84.7456,23.62],[84.746,23.6241],[84.7445,23.6264],[84.7448,23.6325],[84.741,23.632],[84.7386,23.6386],[84.7334,23.6411],[84.7315,23.64],[84.7314,23.6309],[84.7286,23.6261],[84.7238,23.6201],[84.7201,23.6184],[84.7141,23.6168],[84.7064,23.6134],[84.6946,23.6098],[84.6864,23.6049],[84.6793,23.6058],[84.6808,23.6072],[84.6823,23.6178],[84.6803,23.618],[84.6759,23.6218],[84.666,23.6258]]]},"properties":{"id":"in:subdistrict:2599","level":"subdistrict","name":"Kuru","code":2599,"parent":"in:district:336","state":"in:state:20"}},{"type":"Feature","geometry":{"type":"Polygon","coordinates":[[[84.576,23.4264],[84.5764,23.4241],[84.581,23.4226],[84.5887,23.4184],[84.5896,23.4173],[84.5865,23.4125],[84.585,23.4086],[84.5822,23.4054],[84.5813,23.4004],[84.5827,23.4004],[84.5895,23.397],[84.5938,23.399],[84.6005,23.3978],[84.6037,23.3941],[84.6067,23.3917],[84.6095,23.3931],[84.6121,23.3932],[84.6171,23.406],[84.6257,23.404],[84.6287,23.4047],[84.6333,23.4096],[84.6378,23.4164],[84.6324,23.4204],[84.6387,23.4313],[84.6405,23.4331],[84.6409,23.436],[84.6377,23.438],[84.6368,23.4404],[84.6379,23.4468],[84.6409,23.4509],[84.646,23.4515],[84.6462,23.4535],[84.6533,23.4583],[84.6563,23.461],[84.6619,23.4604],[84.6635,23.461],[84.6662,23.4673],[84.6735,23.4686],[84.6744,23.4732],[84.6695,23.4759],[84.6653,23.4793],[84.6637,23.482],[84.6598,23.4849],[84.6574,23.4897],[84.6615,23.4906],[84.6645,23.4931],[84.6685,23.4941],[84.6758,23.4938],[84.6732,23.5008],[84.6737,23.5061],[84.6795,23.5048],[84.7011,23.5007],[84.7043,23.5094],[84.7019,23.5112],[84.703,23.5152],[84.6989,23.519],[84.7009,23.5228],[84.7004,23.5252],[84.699,23.5292],[84.6963,23.5305],[84.6956,23.5368],[84.6963,23.5395],[84.6897,23.547],[84.6882,23.5537],[84.6876,23.5604],[84.6886,23.5642],[84.6868,23.5698],[84.6802,23.5765],[84.6755,23.5828],[84.6739,23.5881],[84.671,23.5942],[84.6706,23.6014],[84.6685,23.6042],[84.667,23.6087],[84.6675,23.6116],[84.6701,23.6147],[84.6662,23.6207],[84.666,23.6258],[84.6628,23.6314],[84.6626,23.6432],[84.6601,23.6461],[84.6588,23.6495],[84.6553,23.655],[84.6426,23.6685],[84.6414,23.6651],[84.6326,23.6644],[84.6272,23.6625],[84.625,23.6606],[84.6201,23.6619],[84.6175,23.6592],[84.6141,23.6584],[84.6075,23.6629],[84.6065,23.6647],[84.6017,23.6682],[84.5975,23.6657],[84.5944,23.6662],[84.5912,23.6643],[84.5939,23.6583],[84.5929,23.6525],[84.5896,23.6499],[84.588,23.6474],[84.5875,23.641],[84.5844,23.6327],[84.586,23.6266],[84.5848,23.6199],[84.5831,23.6162],[84.5818,23.6161],[84.5818,23.6116],[84.5851,23.6074],[84.5924,23.6026],[84.5986,23.5956],[84.5919,23.5879],[84.5865,23.58],[84.5855,23.5748],[84.5832,23.5677],[84.5829,23.5635],[84.5779,23.5576],[84.5843,23.5503],[84.5847,23.5481],[84.583,23.5443],[84.5779,23.5374],[84.5801,23.5331],[84.5839,23.5306],[84.584,23.5268],[84.6022,23.5211],[84.6056,23.5177],[84.6106,23.517],[84.6114,23.5144],[84.6063,23.5082],[84.6059,23.5051],[84.6035,23.4997],[84.598,23.4997],[84.5924,23.4983],[84.59,23.4935],[84.5863,23.4954],[84.5832,23.4996],[84.5823,23.5067],[84.5786,23.5044],[84.5759,23.501],[84.5712,23.5014],[84.5573,23.4967],[84.5542,23.4935],[84.551,23.4929],[84.5487,23.4936],[84.5499,23.4879],[84.5524,23.4825],[84.5561,23.4766],[84.5546,23.4735],[84.5579,23.4692],[84.558,23.4659],[84.5568,23.4636],[84.5545,23.4548],[84.5588,23.4533],[84.5644,23.4497],[84.5667,23.4459],[84.571,23.4427],[84.5786,23.4386],[84.5823,23.439],[84.5871,23.4408],[84.5918,23.4375],[84.5976,23.4316],[84.5976,23.4286],[84.5923,23.4301],[84.5794,23.4353],[84.5769,23.4351],[84.5743,23.4322],[84.5764,23.4288],[84.576,23.4264]]]},"properties":{"id":"in:subdistrict:2597","level":"subdistrict","name":"Kisko","code":2597,"parent":"in:district:336","state":"in:state:20"}},{"type":"Feature","geometry":{"type":"Polygon","coordinates":[[[84.7004,23.5252],[84.7009,23.5228],[84.6989,23.519],[84.703,23.5152],[84.7019,23.5112],[84.7043,23.5094],[84.7011,23.5007],[84.6795,23.5048],[84.6737,23.5061],[84.6732,23.5008],[84.6758,23.4938],[84.6685,23.4941],[84.6645,23.4931],[84.6615,23.4906],[84.6574,23.4897],[84.6598,23.4849],[84.6637,23.482],[84.6653,23.4793],[84.6695,23.4759],[84.6744,23.4732],[84.6735,23.4686],[84.6662,23.4673],[84.6635,23.461],[84.6619,23.4604],[84.6563,23.461],[84.6533,23.4583],[84.6462,23.4535],[84.646,23.4515],[84.6499,23.4491],[84.6559,23.447],[84.6596,23.4474],[84.6653,23.4457],[84.6634,23.434],[84.6666,23.4342],[84.6708,23.4332],[84.6734,23.4304],[84.6731,23.4266],[84.6708,23.4207],[84.6743,23.4191],[84.6735,23.4157],[84.6764,23.4143],[84.6786,23.4111],[84.6899,23.4123],[84.6937,23.4112],[84.6971,23.4113],[84.7025,23.4096],[84.7079,23.4103],[84.7157,23.4067],[84.7169,23.4051],[84.7208,23.4071],[84.7209,23.4093],[84.7292,23.4056],[84.7321,23.4061],[84.7306,23.4022],[84.7296,23.3927],[84.7285,23.3907],[84.7286,23.386],[84.7328,23.3802],[84.7362,23.3806],[84.7413,23.3801],[84.7455,23.3819],[84.7506,23.387],[84.7544,23.3852],[84.7591,23.386],[84.7623,23.388],[84.7679,23.3891],[84.7724,23.3931],[84.7792,23.3927],[84.7825,23.3943],[84.7814,23.4011],[84.7796,23.4057],[84.7806,23.4131],[84.7929,23.413],[84.7968,23.4146],[84.7939,23.4253],[84.7872,23.4328],[84.7841,23.4352],[84.7847,23.4395],[84.783,23.4442],[84.7846,23.4458],[84.7851,23.4513],[84.7821,23.4545],[84.7812,23.4601],[84.782,23.4629],[84.7936,23.4617],[84.7952,23.459],[84.7959,23.4512],[84.801,23.4512],[84.8034,23.4498],[84.8074,23.45],[84.8119,23.4494],[84.8132,23.4526],[84.8133,23.4563],[84.8148,23.4589],[84.8151,23.4621],[84.8138,23.4634],[84.8105,23.4618],[84.8059,23.4652],[84.8017,23.467],[84.7983,23.4745],[84.798,23.4775],[84.7933,23.4817],[84.7862,23.4798],[84.7823,23.48],[84.776,23.478],[84.7695,23.478],[84.765,23.4787],[84.7591,23.483],[84.7592,23.4877],[84.7577,23.4936],[84.7555,23.4965],[84.7513,23.5001],[84.7509,23.5067],[84.7479,23.5097],[84.7469,23.516],[84.7427,23.5207],[84.7409,23.5264],[84.7391,23.529],[84.7402,23.5328],[84.7399,23.5352],[84.737,23.5375],[84.7365,23.5425],[84.7306,23.5471],[84.7248,23.5488],[84.7223,23.5503],[84.7217,23.5529],[84.7154,23.5537],[84.7116,23.5548],[84.704,23.5484],[84.7059,23.5429],[84.7035,23.5397],[84.7045,23.5372],[84.7039,23.5346],[84.7017,23.5336],[84.7005,23.5305],[84.7013,23.5274],[84.7004,23.5252]]]},"properties":{"id":"in:subdistrict:2601","level":"subdistrict","name":"Lohardaga","code":2601,"parent":"in:district:336","state":"in:state:20"}},{"type":"Feature","geometry":{"type":"Polygon","coordinates":[[[84.6238,23.3106],[84.6273,23.308],[84.6354,23.3067],[84.6396,23.3075],[84.6426,23.3062],[84.6452,23.3071],[84.6485,23.3098],[84.6515,23.3111],[84.6571,23.3066],[84.6623,23.3067],[84.6642,23.3137],[84.6618,23.3159],[84.658,23.3177],[84.6567,23.3198],[84.6589,23.3222],[84.6608,23.3302],[84.6627,23.3299],[84.6657,23.3274],[84.667,23.3236],[84.6706,23.3195],[84.6743,23.3189],[84.674,23.3205],[84.6787,23.3213],[84.6798,23.3198],[84.6844,23.3178],[84.6861,23.3147],[84.688,23.3136],[84.6911,23.3081],[84.7011,23.3091],[84.7127,23.3113],[84.717,23.32],[84.7087,23.3268],[84.7083,23.3317],[84.7112,23.3385],[84.7245,23.3436],[84.7323,23.3431],[84.7336,23.3447],[84.7326,23.3481],[84.7337,23.3499],[84.7307,23.3539],[84.7324,23.3568],[84.7361,23.36],[84.7399,23.3607],[84.7418,23.3597],[84.7456,23.3604],[84.75,23.3592],[84.7544,23.3593],[84.7579,23.3625],[84.7608,23.3699],[84.7593,23.3708],[84.7577,23.3746],[84.7565,23.3833],[84.7544,23.3852],[84.7506,23.387],[84.7455,23.3819],[84.7413,23.3801],[84.7362,23.3806],[84.7328,23.3802],[84.7286,23.386],[84.7285,23.3907],[84.7296,23.3927],[84.7306,23.4022],[84.7321,23.4061],[84.7292,23.4056],[84.7209,23.4093],[84.7208,23.4071],[84.7169,23.4051],[84.7157,23.4067],[84.7079,23.4103],[84.7025,23.4096],[84.6971,23.4113],[84.6937,23.4112],[84.6899,23.4123],[84.6786,23.4111],[84.6764,23.4143],[84.6735,23.4157],[84.6743,23.4191],[84.6708,23.4207],[84.6731,23.4266],[84.6734,23.4304],[84.6708,23.4332],[84.6666,23.4342],[84.6634,23.434],[84.6653,23.4457],[84.6596,23.4474],[84.6559,23.447],[84.6499,23.4491],[84.646,23.4515],[84.6409,23.4509],[84.6379,23.4468],[84.6368,23.4404],[84.6377,23.438],[84.6409,23.436],[84.6405,23.4331],[84.6387,23.4313],[84.6324,23.4204],[84.6378,23.4164],[84.6333,23.4096],[84.6287,23.4047],[84.6257,23.404],[84.6171,23.406],[84.6121,23.3932],[84.6095,23.3931],[84.6067,23.3917],[84.6037,23.3941],[84.6005,23.3978],[84.5938,23.399],[84.5895,23.397],[84.5827,23.4004],[84.5813,23.4004],[84.5822,23.4054],[84.585,23.4086],[84.5865,23.4125],[84.5896,23.4173],[84.5887,23.4184],[84.581,23.4226],[84.5764,23.4241],[84.576,23.4264],[84.5692,23.4298],[84.5491,23.4332],[84.5524,23.4251],[84.5509,23.4193],[84.5475,23.4131],[84.5451,23.4103],[84.5447,23.4062],[84.5372,23.3974],[84.5341,23.3961],[84.5312,23.391],[84.5291,23.3833],[84.5335,23.3811],[84.5339,23.3766],[84.535,23.3751],[84.5412,23.3749],[84.5402,23.3718],[84.5401,23.366],[84.538,23.3622],[84.5344,23.3632],[84.5296,23.3617],[84.5346,23.3535],[84.5359,23.3498],[84.5399,23.3456],[84.542,23.3444],[84.5486,23.3435],[84.5572,23.3463],[84.5639,23.3459],[84.5658,23.3425],[84.5715,23.3413],[84.5724,23.3389],[84.5796,23.3288],[84.5889,23.3215],[84.592,23.3186],[84.5985,23.3159],[84.6018,23.3164],[84.6071,23.3156],[84.6103,23.3167],[84.6142,23.3224],[84.6195,23.3179],[84.6211,23.3158],[84.624,23.3145],[84.6238,23.3106]]]},"properties":{"id":"in:subdistrict:2602","level":"subdistrict","name":"Senha","code":2602,"parent":"in:district:336","state":"in:state:20"}},{"type":"Feature","geometry":{"type":"MultiPolygon","coordinates":[[[[84.6642,23.3137],[84.6661,23.3153],[84.6732,23.3163],[84.6743,23.3189],[84.6706,23.3195],[84.667,23.3236],[84.6657,23.3274],[84.6627,23.3299],[84.6608,23.3302],[84.6589,23.3222],[84.6567,23.3198],[84.658,23.3177],[84.6618,23.3159],[84.6642,23.3137]]],[[[84.8148,23.4589],[84.8133,23.4563],[84.8132,23.4526],[84.8119,23.4494],[84.8074,23.45],[84.8034,23.4498],[84.801,23.4512],[84.7959,23.4512],[84.7952,23.459],[84.7936,23.4617],[84.782,23.4629],[84.7812,23.4601],[84.7821,23.4545],[84.7851,23.4513],[84.7846,23.4458],[84.783,23.4442],[84.7847,23.4395],[84.7841,23.4352],[84.7872,23.4328],[84.7939,23.4253],[84.7968,23.4146],[84.7929,23.413],[84.793,23.4053],[84.8005,23.404],[84.8027,23.4029],[84.8084,23.402],[84.8091,23.4042],[84.8148,23.4048],[84.816,23.4078],[84.8207,23.41],[84.8243,23.4127],[84.8272,23.4133],[84.8287,23.4221],[84.8276,23.4244],[84.8235,23.4264],[84.8139,23.4273],[84.8118,23.4325],[84.8144,23.4382],[84.8197,23.4369],[84.82,23.4351],[84.8252,23.4336],[84.8312,23.4361],[84.834,23.4339],[84.8327,23.4307],[84.8356,23.4293],[84.8458,23.4287],[84.8449,23.4258],[84.8386,23.4258],[84.8372,23.4216],[84.8389,23.4191],[84.838,23.4161],[84.8433,23.4093],[84.8443,23.4056],[84.8463,23.4025],[84.845,23.3995],[84.8481,23.3926],[84.8453,23.3915],[84.8448,23.3867],[84.8481,23.3852],[84.8489,23.3829],[84.8525,23.3829],[84.8607,23.3787],[84.8661,23.3748],[84.8673,23.3726],[84.8734,23.3716],[84.8872,23.3721],[84.8862,23.3771],[84.8885,23.3802],[84.8928,23.3818],[84.8952,23.3848],[84.8942,23.3885],[84.8947,23.3912],[84.892,23.394],[84.8905,23.3996],[84.8869,23.4024],[84.8875,23.4062],[84.8902,23.4064],[84.8947,23.4088],[84.8966,23.4099],[84.8979,23.4129],[84.8982,23.4181],[84.895,23.4193],[84.8982,23.4241],[84.8952,23.4264],[84.8973,23.433],[84.9038,23.4392],[84.9071,23.443],[84.9085,23.4466],[84.9082,23.4491],[84.9108,23.4541],[84.9218,23.4594],[84.9248,23.4632],[84.9232,23.4667],[84.9239,23.4698],[84.927,23.4712],[84.9279,23.475],[84.9313,23.4754],[84.9342,23.4774],[84.9368,23.4806],[84.9384,23.4875],[84.9411,23.4905],[84.9387,23.494],[84.9344,23.4979],[84.9322,23.5008],[84.9265,23.5046],[84.9245,23.5025],[84.916,23.5079],[84.9149,23.5037],[84.9112,23.5],[84.9068,23.5013],[84.9056,23.5001],[84.9012,23.499],[84.9028,23.4968],[84.9044,23.4913],[84.9048,23.4872],[84.9014,23.4889],[84.8951,23.4891],[84.8912,23.49],[84.8848,23.4886],[84.8825,23.4898],[84.8782,23.4902],[84.8759,23.4885],[84.8746,23.48],[84.8727,23.473],[84.8701,23.4682],[84.8664,23.4687],[84.8629,23.4672],[84.8606,23.4697],[84.8576,23.47],[84.8529,23.4689],[84.8518,23.4678],[84.8472,23.4694],[84.844,23.4735],[84.8409,23.475],[84.8377,23.4692],[84.8385,23.4646],[84.8365,23.4594],[84.8324,23.4583],[84.8287,23.4547],[84.8268,23.4546],[84.8223,23.4577],[84.8194,23.4576],[84.8148,23.4589]]]]},"properties":{"id":"in:subdistrict:2600","level":"subdistrict","name":"Kairo","code":2600,"parent":"in:district:336","state":"in:state:20"}},{"type":"Feature","geometry":{"type":"Polygon","coordinates":[[[84.7544,23.3852],[84.7565,23.3833],[84.7577,23.3746],[84.7593,23.3708],[84.7608,23.3699],[84.7579,23.3625],[84.7544,23.3593],[84.75,23.3592],[84.7456,23.3604],[84.7418,23.3597],[84.7399,23.3607],[84.7361,23.36],[84.7324,23.3568],[84.7307,23.3539],[84.7337,23.3499],[84.7326,23.3481],[84.7336,23.3447],[84.7323,23.3431],[84.7245,23.3436],[84.7112,23.3385],[84.7083,23.3317],[84.7087,23.3268],[84.717,23.32],[84.7214,23.3209],[84.7211,23.3228],[84.7276,23.3252],[84.7305,23.3275],[84.7313,23.3302],[84.7368,23.3316],[84.7403,23.3308],[84.7454,23.3309],[84.7476,23.3292],[84.7495,23.3259],[84.7503,23.3216],[84.7584,23.3213],[84.7656,23.3195],[84.7735,23.3194],[84.7738,23.3209],[84.7812,23.3194],[84.7892,23.3208],[84.791,23.3157],[84.7945,23.313],[84.7919,23.3073],[84.7905,23.3004],[84.7892,23.2967],[84.7879,23.2902],[84.7869,23.2803],[84.7946,23.2791],[84.7959,23.2804],[84.7999,23.2794],[84.8087,23.2812],[84.8107,23.2828],[84.8138,23.2829],[84.8148,23.291],[84.8178,23.2951],[84.8239,23.295],[84.8297,23.2957],[84.8309,23.2983],[84.8345,23.2981],[84.843,23.2995],[84.8449,23.3022],[84.8461,23.3105],[84.8504,23.315],[84.8584,23.3167],[84.8669,23.3154],[84.8694,23.3132],[84.8754,23.3101],[84.8798,23.3129],[84.8908,23.3171],[84.8962,23.3168],[84.8999,23.3196],[84.9019,23.3228],[84.904,23.3264],[84.9043,23.3327],[84.9085,23.3469],[84.9066,23.3521],[84.9032,23.3578],[84.9045,23.3637],[84.8959,23.3647],[84.8896,23.3674],[84.8872,23.3721],[84.8734,23.3716],[84.8673,23.3726],[84.8661,23.3748],[84.8607,23.3787],[84.8525,23.3829],[84.8489,23.3829],[84.8481,23.3852],[84.8448,23.3867],[84.8453,23.3915],[84.8481,23.3926],[84.845,23.3995],[84.8463,23.4025],[84.8443,23.4056],[84.8433,23.4093],[84.838,23.4161],[84.8389,23.4191],[84.8372,23.4216],[84.8386,23.4258],[84.8449,23.4258],[84.8458,23.4287],[84.8356,23.4293],[84.8327,23.4307],[84.834,23.4339],[84.8312,23.4361],[84.8252,23.4336],[84.82,23.4351],[84.8197,23.4369],[84.8144,23.4382],[84.8118,23.4325],[84.8139,23.4273],[84.8235,23.4264],[84.8276,23.4244],[84.8287,23.4221],[84.8272,23.4133],[84.8243,23.4127],[84.8207,23.41],[84.816,23.4078],[84.8148,23.4048],[84.8091,23.4042],[84.8084,23.402],[84.8027,23.4029],[84.8005,23.404],[84.793,23.4053],[84.7929,23.413],[84.7806,23.4131],[84.7796,23.4057],[84.7814,23.4011],[84.7825,23.3943],[84.7792,23.3927],[84.7724,23.3931],[84.7679,23.3891],[84.7623,23.388],[84.7591,23.386],[84.7544,23.3852]]]},"properties":{"id":"in:subdistrict:2603","level":"subdistrict","name":"Bhandra","code":2603,"parent":"in:district:336","state":"in:state:20"}},{"type":"Feature","geometry":{"type":"Polygon","coordinates":[[[85.0552,23.6429],[85.0484,23.6393],[85.0402,23.6382],[85.0322,23.6383],[85.0222,23.6401],[85.0185,23.6352],[85.0191,23.631],[85.0186,23.6281],[85.0165,23.6277],[85.011,23.6291],[85.0094,23.6282],[85.0094,23.6249],[85.0051,23.6241],[85.0037,23.6212],[85.0081,23.6187],[85.0096,23.6121],[85.0153,23.6072],[85.015,23.6058],[85.011,23.6039],[85.0092,23.5994],[85.0069,23.599],[85.0018,23.6003],[85.0001,23.5998],[84.9973,23.5964],[84.9959,23.5967],[84.9941,23.601],[84.9899,23.5938],[84.9898,23.5909],[84.9869,23.5887],[84.9849,23.5896],[84.9814,23.5871],[84.9809,23.5843],[84.9816,23.5787],[84.9796,23.5772],[84.9804,23.5744],[84.9777,23.5716],[84.9742,23.57],[84.9714,23.5706],[84.9711,23.5736],[84.9725,23.577],[84.968,23.579],[84.9667,23.5805],[84.9666,23.5839],[84.965,23.5869],[84.9618,23.5875],[84.9583,23.5914],[84.9546,23.5969],[84.9473,23.6017],[84.9453,23.5987],[84.9453,23.5959],[84.94,23.5897],[84.9346,23.5727],[84.9362,23.5695],[84.9344,23.5664],[84.938,23.5617],[84.9357,23.5544],[84.9367,23.5513],[84.9356,23.5502],[84.9307,23.5518],[84.9253,23.5551],[84.9241,23.552],[84.9188,23.5443],[84.9179,23.5411],[84.9104,23.5377],[84.9107,23.5314],[84.9066,23.5277],[84.9083,23.5233],[84.9117,23.5209],[84.9161,23.521],[84.9162,23.5227],[84.9259,23.5216],[84.9288,23.5267],[84.9412,23.52],[84.9429,23.5167],[84.9409,23.5133],[84.9423,23.5114],[84.9422,23.5082],[84.9467,23.5004],[84.9452,23.4953],[84.9411,23.4905],[84.9384,23.4875],[84.9368,23.4806],[84.9342,23.4774],[84.9313,23.4754],[84.9279,23.475],[84.927,23.4712],[84.9239,23.4698],[84.9232,23.4667],[84.9248,23.4632],[84.9218,23.4594],[84.9108,23.4541],[84.9082,23.4491],[84.9085,23.4466],[84.9071,23.443],[84.9038,23.4392],[84.8973,23.433],[84.8952,23.4264],[84.8982,23.4241],[84.895,23.4193],[84.8982,23.4181],[84.8979,23.4129],[84.8966,23.4099],[84.8947,23.4088],[84.8979,23.4065],[84.9013,23.4013],[84.9039,23.3995],[84.9091,23.399],[84.9137,23.3964],[84.9147,23.3931],[84.9173,23.3927],[84.9202,23.3989],[84.9211,23.4025],[84.9248,23.4021],[84.9289,23.4049],[84.9372,23.4076],[84.9407,23.407],[84.9457,23.4074],[84.9469,23.4092],[84.9476,23.4149],[84.9443,23.4201],[84.9518,23.4213],[84.9586,23.4209],[84.9662,23.4198],[84.967,23.4257],[84.9672,23.4332],[84.9687,23.4409],[84.9664,23.4434],[84.9654,23.4468],[84.9675,23.4515],[84.9705,23.4533],[84.9719,23.457],[84.9764,23.4553],[84.9786,23.4513],[84.9804,23.4498],[84.9854,23.4503],[84.9885,23.4473],[84.9933,23.4466],[84.9963,23.4506],[85.0023,23.4506],[85.0048,23.4495],[85.0089,23.4519],[85.0133,23.4499],[85.0149,23.4521],[85.0171,23.452],[85.0209,23.4495],[85.0248,23.451],[85.0261,23.4532],[85.0319,23.4538],[85.0349,23.4548],[85.0359,23.4527],[85.0402,23.4539],[85.0424,23.456],[85.0477,23.456],[85.0484,23.4613],[85.0535,23.4632],[85.0575,23.4656],[85.0596,23.4691],[85.0594,23.4717],[85.0633,23.4811],[85.0686,23.483],[85.0709,23.485],[85.0772,23.4865],[85.079,23.4894],[85.0794,23.4927],[85.0821,23.4972],[85.0897,23.4973],[85.094,23.4955],[85.0965,23.4973],[85.1007,23.4987],[85.1024,23.5005],[85.1052,23.5119],[85.1099,23.511],[85.1163,23.5129],[85.1206,23.5129],[85.1233,23.5159],[85.123,23.5175],[85.1195,23.5173],[85.1124,23.5181],[85.1058,23.5224],[85.1018,23.524],[85.099,23.5262],[85.0939,23.5347],[85.0994,23.5438],[85.0976,23.548],[85.0909,23.5486],[85.0886,23.5528],[85.086,23.5494],[85.0864,23.546],[85.0836,23.5441],[85.0786,23.5436],[85.0746,23.5452],[85.0649,23.5435],[85.0609,23.5405],[85.051,23.5348],[85.0474,23.5332],[85.0409,23.5352],[85.0357,23.5399],[85.0321,23.5423],[85.0348,23.5467],[85.035,23.553],[85.0364,23.5554],[85.0402,23.5581],[85.0389,23.5612],[85.0394,23.5651],[85.0368,23.5703],[85.0363,23.5761],[85.0384,23.5774],[85.0444,23.5777],[85.0449,23.5798],[85.0415,23.5804],[85.0497,23.5866],[85.0538,23.5879],[85.0543,23.5909],[85.0488,23.5922],[85.0454,23.5947],[85.0396,23.5944],[85.0372,23.5956],[85.0361,23.5996],[85.0339,23.6033],[85.0374,23.6071],[85.0399,23.6109],[85.0414,23.6155],[85.0442,23.6207],[85.0434,23.6261],[85.0471,23.6292],[85.0447,23.6355],[85.0464,23.6374],[85.0514,23.6369],[85.0566,23.6388],[85.0575,23.6404],[85.0552,23.6429]]]},"properties":{"id":"in:subdistrict:2694","level":"subdistrict","name":"Chanho","code":2694,"parent":"in:district:339","state":"in:state:20"}},{"type":"Feature","geometry":{"type":"Polygon","coordinates":[[[85.173,23.481],[85.1605,23.4857],[85.1512,23.4887],[85.1493,23.4843],[85.149,23.4801],[85.1454,23.4802],[85.1415,23.4829],[85.1303,23.4879],[85.1307,23.4914],[85.1362,23.4973],[85.1384,23.5014],[85.1403,23.5026],[85.1407,23.5057],[85.1386,23.5089],[85.1384,23.5145],[85.1373,23.5162],[85.138,23.5234],[85.138,23.5311],[85.1355,23.53],[85.1303,23.5296],[85.1275,23.5281],[85.1269,23.5256],[85.1225,23.5217],[85.123,23.5175],[85.1233,23.5159],[85.1206,23.5129],[85.1163,23.5129],[85.1099,23.511],[85.1052,23.5119],[85.1024,23.5005],[85.1007,23.4987],[85.0965,23.4973],[85.094,23.4955],[85.0897,23.4973],[85.0821,23.4972],[85.0794,23.4927],[85.079,23.4894],[85.0772,23.4865],[85.0709,23.485],[85.0686,23.483],[85.0633,23.4811],[85.0594,23.4717],[85.0596,23.4691],[85.0575,23.4656],[85.0535,23.4632],[85.0484,23.4613],[85.0477,23.456],[85.0424,23.456],[85.0402,23.4539],[85.0359,23.4527],[85.0349,23.4548],[85.0319,23.4538],[85.0261,23.4532],[85.0248,23.451],[85.0209,23.4495],[85.0171,23.452],[85.0149,23.4521],[85.0133,23.4499],[85.0089,23.4519],[85.0048,23.4495],[85.0023,23.4506],[84.9963,23.4506],[84.9933,23.4466],[84.9885,23.4473],[84.9854,23.4503],[84.9804,23.4498],[84.9786,23.4513],[84.9764,23.4553],[84.9719,23.457],[84.9705,23.4533],[84.9675,23.4515],[84.9654,23.4468],[84.9664,23.4434],[84.9687,23.4409],[84.9672,23.4332],[84.967,23.4257],[84.9662,23.4198],[84.9586,23.4209],[84.9518,23.4213],[84.9443,23.4201],[84.9476,23.4149],[84.9469,23.4092],[84.9492,23.4089],[84.9513,23.4059],[84.9511,23.3954],[84.9518,23.3912],[84.9514,23.3861],[84.9629,23.3902],[84.9668,23.3976],[84.9687,23.3992],[84.9756,23.3988],[84.9812,23.399],[84.9853,23.3967],[84.9868,23.3943],[84.9934,23.3875],[84.9933,23.3846],[84.9952,23.3838],[84.9988,23.3852],[85.0035,23.3837],[85.003,23.3814],[85.0064,23.3792],[85.0033,23.3744],[85.0039,23.3714],[85.0062,23.3681],[85.0073,23.3622],[85.0068,23.3608],[85.0098,23.3585],[85.014,23.3539],[85.0203,23.3537],[85.0226,23.3548],[85.0243,23.3572],[85.0269,23.3642],[85.0313,23.3674],[85.0334,23.3731],[85.0344,23.374],[85.0425,23.3748],[85.0442,23.3741],[85.0408,23.3677],[85.0455,23.3639],[85.046,23.3613],[85.0481,23.3595],[85.0456,23.3528],[85.0507,23.3562],[85.0553,23.3559],[85.0599,23.3572],[85.0626,23.3545],[85.0617,23.352],[85.0681,23.3505],[85.0731,23.3499],[85.078,23.3519],[85.08,23.3529],[85.0814,23.3557],[85.0874,23.3611],[85.0964,23.36],[85.1042,23.3596],[85.1113,23.3588],[85.1152,23.3607],[85.1186,23.3601],[85.1205,23.3613],[85.1217,23.3645],[85.12,23.3679],[85.1267,23.3705],[85.128,23.3721],[85.135,23.3743],[85.1379,23.3779],[85.1361,23.3825],[85.1335,23.3853],[85.1357,23.3881],[85.1329,23.3914],[85.1325,23.3947],[85.1374,23.4003],[85.1403,23.4056],[85.1424,23.4123],[85.1398,23.4167],[85.1417,23.4188],[85.1441,23.4167],[85.1463,23.4209],[85.1528,23.4193],[85.1558,23.4225],[85.1584,23.423],[85.1587,23.425],[85.1647,23.4262],[85.1674,23.4252],[85.1699,23.4293],[85.1718,23.4288],[85.1723,23.4428],[85.1677,23.4439],[85.1634,23.4463],[85.1619,23.4484],[85.1635,23.4521],[85.1727,23.4606],[85.1726,23.4732],[85.1733,23.4773],[85.173,23.481]]]},"properties":{"id":"in:subdistrict:2693","level":"subdistrict","name":"Mandar","code":2693,"parent":"in:district:339","state":"in:state:20"}},{"type":"Feature","geometry":{"type":"Polygon","coordinates":[[[84.8872,23.3721],[84.8896,23.3674],[84.8959,23.3647],[84.9045,23.3637],[84.9032,23.3578],[84.9066,23.3521],[84.9085,23.3469],[84.9043,23.3327],[84.904,23.3264],[84.9019,23.3228],[84.906,23.3258],[84.9111,23.327],[84.9148,23.3242],[84.9173,23.3204],[84.92,23.3212],[84.9264,23.3084],[84.9122,23.2986],[84.9078,23.2936],[84.9072,23.2904],[84.9047,23.2879],[84.9014,23.2861],[84.8996,23.28],[84.9001,23.2763],[84.8988,23.2733],[84.8995,23.2635],[84.8976,23.2588],[84.9058,23.2563],[84.9116,23.2555],[84.9147,23.2532],[84.9112,23.2488],[84.9116,23.2433],[84.9232,23.2395],[84.9309,23.2373],[84.933,23.2348],[84.9365,23.233],[84.9388,23.2308],[84.9438,23.2308],[84.9464,23.2296],[84.9507,23.2311],[84.9518,23.2249],[84.9509,23.2218],[84.9477,23.2166],[84.9446,23.2093],[84.9387,23.209],[84.9368,23.204],[84.9395,23.2036],[84.9431,23.1999],[84.948,23.2016],[84.9488,23.2061],[84.9544,23.2056],[84.9567,23.2071],[84.9678,23.2008],[84.9692,23.1991],[84.9765,23.1985],[84.9784,23.1967],[84.9847,23.1957],[84.9855,23.1976],[84.9897,23.1968],[84.9905,23.1988],[84.9903,23.2053],[84.9923,23.2078],[84.9952,23.2086],[84.9964,23.2128],[84.9996,23.2198],[85.0036,23.2201],[85.0018,23.2258],[85.0023,23.2284],[85.0012,23.2308],[85.0102,23.2325],[85.017,23.233],[85.0276,23.2362],[85.0351,23.237],[85.0333,23.2414],[85.0352,23.2505],[85.0379,23.2536],[85.0382,23.2596],[85.0359,23.2641],[85.039,23.2693],[85.0407,23.2705],[85.0492,23.2686],[85.0525,23.2673],[85.0557,23.2647],[85.0559,23.2619],[85.0539,23.2526],[85.0518,23.2505],[85.0506,23.2469],[85.0509,23.2396],[85.0674,23.2423],[85.0736,23.2454],[85.0801,23.2505],[85.0803,23.252],[85.0774,23.2557],[85.0717,23.2597],[85.0726,23.2644],[85.0703,23.2668],[85.0707,23.2696],[85.0688,23.2707],[85.0685,23.2733],[85.0717,23.2785],[85.0738,23.2837],[85.074,23.2864],[85.0763,23.2886],[85.0717,23.2963],[85.072,23.2998],[85.0736,23.3039],[85.0699,23.3073],[85.067,23.3082],[85.0642,23.3105],[85.0635,23.306],[85.0608,23.3035],[85.0553,23.3044],[85.0504,23.304],[85.0505,23.3109],[85.0521,23.3136],[85.0581,23.3159],[85.0589,23.3191],[85.0616,23.3175],[85.0645,23.319],[85.0714,23.3267],[85.0757,23.3271],[85.0754,23.3315],[85.076,23.3401],[85.0776,23.3452],[85.078,23.3519],[85.0731,23.3499],[85.0681,23.3505],[85.0617,23.352],[85.0626,23.3545],[85.0599,23.3572],[85.0553,23.3559],[85.0507,23.3562],[85.0456,23.3528],[85.0481,23.3595],[85.046,23.3613],[85.0455,23.3639],[85.0408,23.3677],[85.0442,23.3741],[85.0425,23.3748],[85.0344,23.374],[85.0334,23.3731],[85.0313,23.3674],[85.0269,23.3642],[85.0243,23.3572],[85.0226,23.3548],[85.0203,23.3537],[85.014,23.3539],[85.0098,23.3585],[85.0068,23.3608],[85.0073,23.3622],[85.0062,23.3681],[85.0039,23.3714],[85.0033,23.3744],[85.0064,23.3792],[85.003,23.3814],[85.0035,23.3837],[84.9988,23.3852],[84.9952,23.3838],[84.9933,23.3846],[84.9934,23.3875],[84.9868,23.3943],[84.9853,23.3967],[84.9812,23.399],[84.9756,23.3988],[84.9687,23.3992],[84.9668,23.3976],[84.9629,23.3902],[84.9514,23.3861],[84.9518,23.3912],[84.9511,23.3954],[84.9513,23.4059],[84.9492,23.4089],[84.9469,23.4092],[84.9457,23.4074],[84.9407,23.407],[84.9372,23.4076],[84.9289,23.4049],[84.9248,23.4021],[84.9211,23.4025],[84.9202,23.3989],[84.9173,23.3927],[84.9147,23.3931],[84.9137,23.3964],[84.9091,23.399],[84.9039,23.3995],[84.9013,23.4013],[84.8979,23.4065],[84.8947,23.4088],[84.8902,23.4064],[84.8875,23.4062],[84.8869,23.4024],[84.8905,23.3996],[84.892,23.394],[84.8947,23.3912],[84.8942,23.3885],[84.8952,23.3848],[84.8928,23.3818],[84.8885,23.3802],[84.8862,23.3771],[84.8872,23.3721]]]},"properties":{"id":"in:subdistrict:2695","level":"subdistrict","name":"Bero","code":2695,"parent":"in:district:339","state":"in:state:20"}},{"type":"Feature","geometry":{"type":"Polygon","coordinates":[[[84.9368,23.204],[84.9342,23.2019],[84.9262,23.2016],[84.9255,23.1995],[84.9194,23.1957],[84.9145,23.1969],[84.9118,23.1945],[84.9129,23.1911],[84.9176,23.1887],[84.9242,23.1875],[84.9252,23.1865],[84.925,23.1805],[84.9235,23.1753],[84.9242,23.1725],[84.9228,23.1691],[84.9208,23.1677],[84.9145,23.1694],[84.912,23.1707],[84.9013,23.173],[84.8952,23.1706],[84.8917,23.1664],[84.8916,23.1616],[84.8899,23.1533],[84.8895,23.1446],[84.887,23.1424],[84.8861,23.1401],[84.888,23.1362],[84.8877,23.1322],[84.8925,23.13],[84.8899,23.1275],[84.8882,23.1187],[84.8888,23.1169],[84.8958,23.1131],[84.8959,23.1117],[84.8997,23.1097],[84.8962,23.1026],[84.8964,23.0987],[84.8818,23.0992],[84.8815,23.0981],[84.8766,23.0976],[84.8687,23.0983],[84.8693,23.0886],[84.8733,23.0863],[84.8731,23.0832],[84.8755,23.0781],[84.8759,23.0733],[84.8752,23.0687],[84.8756,23.0672],[84.8797,23.066],[84.8874,23.0619],[84.8945,23.0619],[84.8988,23.0593],[84.8996,23.0572],[84.9042,23.0566],[84.9048,23.0554],[84.9031,23.0509],[84.9034,23.0495],[84.9105,23.0434],[84.9127,23.0405],[84.9132,23.038],[84.912,23.0345],[84.9138,23.0332],[84.9138,23.0294],[84.9195,23.0261],[84.9251,23.0297],[84.9286,23.0278],[84.9302,23.0302],[84.927,23.0347],[84.9329,23.0348],[84.934,23.0318],[84.9367,23.0302],[84.9424,23.0251],[84.9434,23.0215],[84.9382,23.0169],[84.9373,23.0153],[84.9394,23.0122],[84.9474,23.0089],[84.9454,23.0074],[84.9441,23.0019],[84.9458,23.0027],[84.9467,23.0069],[84.9507,23.0107],[84.9544,23.0124],[84.9589,23.0107],[84.9641,23.0111],[84.9651,23.0128],[84.9626,23.0147],[84.9626,23.0169],[84.9659,23.0239],[84.9698,23.0232],[84.9737,23.0241],[84.9754,23.0213],[84.9797,23.0223],[84.9821,23.0274],[84.9814,23.0297],[84.9826,23.0321],[84.9827,23.0358],[84.9854,23.0371],[84.989,23.0359],[84.9904,23.0377],[84.9896,23.0415],[84.9916,23.0454],[84.9949,23.0459],[84.9965,23.0513],[84.993,23.0549],[84.9962,23.0675],[84.9965,23.0702],[84.9942,23.0754],[84.9978,23.0792],[85.0028,23.0797],[85.0055,23.0815],[85.0077,23.0859],[85.0118,23.0867],[85.0171,23.0866],[85.0205,23.0876],[85.0254,23.0848],[85.026,23.088],[85.03,23.088],[85.0346,23.0902],[85.0355,23.0932],[85.0326,23.0978],[85.0342,23.1023],[85.0301,23.1067],[85.0281,23.1117],[85.0263,23.1129],[85.031,23.1172],[85.0362,23.1178],[85.0456,23.1149],[85.0479,23.1168],[85.0504,23.1167],[85.0523,23.1187],[85.0552,23.1198],[85.0564,23.1291],[85.0531,23.132],[85.0494,23.1364],[85.0483,23.1401],[85.0494,23.1447],[85.053,23.1437],[85.0539,23.1498],[85.0591,23.1511],[85.059,23.1553],[85.0576,23.1575],[85.0586,23.1602],[85.0553,23.1654],[85.0497,23.1702],[85.0435,23.1713],[85.042,23.1748],[85.0426,23.1782],[85.0412,23.1792],[85.0428,23.1851],[85.0467,23.1859],[85.0451,23.1908],[85.048,23.1939],[85.0494,23.197],[85.0542,23.199],[85.0576,23.2034],[85.058,23.2065],[85.061,23.2092],[85.0611,23.2109],[85.0637,23.2146],[85.0658,23.2161],[85.0667,23.2204],[85.0691,23.2228],[85.0749,23.2241],[85.0789,23.2267],[85.0832,23.2311],[85.0864,23.2314],[85.0878,23.235],[85.0908,23.2376],[85.0888,23.2406],[85.0898,23.2427],[85.0888,23.2463],[85.087,23.2471],[85.0816,23.2524],[85.0803,23.252],[85.0801,23.2505],[85.0736,23.2454],[85.0674,23.2423],[85.0509,23.2396],[85.0506,23.2469],[85.0518,23.2505],[85.0539,23.2526],[85.0559,23.2619],[85.0557,23.2647],[85.0525,23.2673],[85.0492,23.2686],[85.0407,23.2705],[85.039,23.2693],[85.0359,23.2641],[85.0382,23.2596],[85.0379,23.2536],[85.0352,23.2505],[85.0333,23.2414],[85.0351,23.237],[85.0276,23.2362],[85.017,23.233],[85.0102,23.2325],[85.0012,23.2308],[85.0023,23.2284],[85.0018,23.2258],[85.0036,23.2201],[84.9996,23.2198],[84.9964,23.2128],[84.9952,23.2086],[84.9923,23.2078],[84.9903,23.2053],[84.9905,23.1988],[84.9897,23.1968],[84.9855,23.1976],[84.9847,23.1957],[84.9784,23.1967],[84.9765,23.1985],[84.9692,23.1991],[84.9678,23.2008],[84.9567,23.2071],[84.9544,23.2056],[84.9488,23.2061],[84.948,23.2016],[84.9431,23.1999],[84.9395,23.2036],[84.9368,23.204]]]},"properties":{"id":"in:subdistrict:2697","level":"subdistrict","name":"Lapung","code":2697,"parent":"in:district:339","state":"in:state:20"}},{"type":"Feature","geometry":{"type":"Polygon","coordinates":[[[84.7999,23.2794],[84.7983,23.2707],[84.799,23.2665],[84.7986,23.26],[84.8008,23.2573],[84.8005,23.2549],[84.802,23.249],[84.8036,23.2463],[84.8028,23.243],[84.7975,23.2397],[84.796,23.2366],[84.8062,23.2355],[84.8131,23.2326],[84.8148,23.2326],[84.8154,23.2281],[84.8171,23.2268],[84.8084,23.2238],[84.8078,23.2212],[84.8025,23.2191],[84.8009,23.2165],[84.7977,23.2169],[84.7953,23.2139],[84.7906,23.215],[84.7912,23.2113],[84.7909,23.2073],[84.794,23.1975],[84.7926,23.1949],[84.7963,23.195],[84.7987,23.1917],[84.8058,23.1953],[84.8064,23.1923],[84.8055,23.1815],[84.8084,23.1795],[84.8207,23.1784],[84.8221,23.172],[84.8222,23.1688],[84.8193,23.1662],[84.8184,23.1627],[84.8152,23.1627],[84.8049,23.1573],[84.8055,23.1488],[84.8051,23.1459],[84.8053,23.1382],[84.8012,23.1377],[84.7993,23.1366],[84.7959,23.1365],[84.7915,23.1257],[84.7925,23.1242],[84.804,23.1204],[84.8068,23.1186],[84.811,23.1177],[84.8067,23.1134],[84.805,23.1091],[84.8069,23.1046],[84.8145,23.0971],[84.8121,23.0932],[84.8068,23.0866],[84.802,23.0798],[84.802,23.0772],[84.8006,23.0719],[84.8032,23.0718],[84.8072,23.0695],[84.8109,23.0699],[84.8115,23.0682],[84.8096,23.0647],[84.8076,23.0637],[84.8061,23.0589],[84.8019,23.054],[84.8003,23.0497],[84.7988,23.0461],[84.8049,23.0394],[84.8091,23.0379],[84.8103,23.0342],[84.8176,23.0336],[84.82,23.0354],[84.8227,23.0356],[84.824,23.0379],[84.8272,23.0379],[84.8355,23.0402],[84.8357,23.0411],[84.8458,23.0381],[84.855,23.0341],[84.8653,23.0335],[84.8666,23.0355],[84.8693,23.046],[84.8693,23.0491],[84.8719,23.0559],[84.8715,23.0593],[84.8693,23.0614],[84.8714,23.0681],[84.8752,23.0687],[84.8759,23.0733],[84.8755,23.0781],[84.8731,23.0832],[84.8733,23.0863],[84.8693,23.0886],[84.8687,23.0983],[84.8766,23.0976],[84.8815,23.0981],[84.8818,23.0992],[84.8964,23.0987],[84.8962,23.1026],[84.8997,23.1097],[84.8959,23.1117],[84.8958,23.1131],[84.8888,23.1169],[84.8882,23.1187],[84.8899,23.1275],[84.8925,23.13],[84.8877,23.1322],[84.888,23.1362],[84.8861,23.1401],[84.887,23.1424],[84.8895,23.1446],[84.8899,23.1533],[84.8916,23.1616],[84.8917,23.1664],[84.8952,23.1706],[84.9013,23.173],[84.912,23.1707],[84.9145,23.1694],[84.9208,23.1677],[84.9228,23.1691],[84.9242,23.1725],[84.9235,23.1753],[84.925,23.1805],[84.9252,23.1865],[84.9242,23.1875],[84.9176,23.1887],[84.9129,23.1911],[84.9118,23.1945],[84.9145,23.1969],[84.9194,23.1957],[84.9255,23.1995],[84.9262,23.2016],[84.9342,23.2019],[84.9368,23.204],[84.9387,23.209],[84.9446,23.2093],[84.9477,23.2166],[84.9509,23.2218],[84.9518,23.2249],[84.9507,23.2311],[84.9464,23.2296],[84.9438,23.2308],[84.9388,23.2308],[84.9365,23.233],[84.933,23.2348],[84.9309,23.2373],[84.9232,23.2395],[84.9116,23.2433],[84.9112,23.2488],[84.9147,23.2532],[84.9116,23.2555],[84.9058,23.2563],[84.8976,23.2588],[84.8995,23.2635],[84.8988,23.2733],[84.9001,23.2763],[84.8996,23.28],[84.9014,23.2861],[84.9047,23.2879],[84.9072,23.2904],[84.9078,23.2936],[84.9122,23.2986],[84.9264,23.3084],[84.92,23.3212],[84.9173,23.3204],[84.9148,23.3242],[84.9111,23.327],[84.906,23.3258],[84.9019,23.3228],[84.8999,23.3196],[84.8962,23.3168],[84.8908,23.3171],[84.8798,23.3129],[84.8754,23.3101],[84.8694,23.3132],[84.8669,23.3154],[84.8584,23.3167],[84.8504,23.315],[84.8461,23.3105],[84.8449,23.3022],[84.843,23.2995],[84.8345,23.2981],[84.8309,23.2983],[84.8297,23.2957],[84.8239,23.295],[84.8178,23.2951],[84.8148,23.291],[84.8138,23.2829],[84.8107,23.2828],[84.8087,23.2812],[84.7999,23.2794]]]},"properties":{"id":"in:subdistrict:2709","level":"subdistrict","name":"Bharno","code":2709,"parent":"in:district:331","state":"in:state:20"}},{"type":"Feature","geometry":{"type":"Polygon","coordinates":[[[84.7502,23.0274],[84.7572,23.0269],[84.7603,23.0259],[84.7611,23.0332],[84.76,23.0351],[84.7594,23.0399],[84.7598,23.0476],[84.7571,23.0506],[84.7543,23.0526],[84.75,23.0532],[84.7471,23.0528],[84.7448,23.054],[84.7438,23.0562],[84.7454,23.0582],[84.7482,23.0646],[84.7495,23.0699],[84.7553,23.0722],[84.7584,23.0723],[84.7654,23.0691],[84.7679,23.0657],[84.771,23.0658],[84.7738,23.0621],[84.7766,23.0597],[84.7831,23.0591],[84.7891,23.0556],[84.7909,23.0513],[84.7964,23.0499],[84.8003,23.0497],[84.8019,23.054],[84.8061,23.0589],[84.8076,23.0637],[84.8096,23.0647],[84.8115,23.0682],[84.8109,23.0699],[84.8072,23.0695],[84.8032,23.0718],[84.8006,23.0719],[84.802,23.0772],[84.802,23.0798],[84.8068,23.0866],[84.8121,23.0932],[84.8145,23.0971],[84.8069,23.1046],[84.805,23.1091],[84.8067,23.1134],[84.811,23.1177],[84.8068,23.1186],[84.804,23.1204],[84.7925,23.1242],[84.7915,23.1257],[84.7959,23.1365],[84.7993,23.1366],[84.8012,23.1377],[84.8053,23.1382],[84.8051,23.1459],[84.8055,23.1488],[84.8049,23.1573],[84.8152,23.1627],[84.8184,23.1627],[84.8193,23.1662],[84.8222,23.1688],[84.8221,23.172],[84.8207,23.1784],[84.8084,23.1795],[84.8055,23.1815],[84.8064,23.1923],[84.8058,23.1953],[84.7987,23.1917],[84.7963,23.195],[84.7926,23.1949],[84.794,23.1975],[84.7909,23.2073],[84.7912,23.2113],[84.7906,23.215],[84.7953,23.2139],[84.7977,23.2169],[84.8009,23.2165],[84.8025,23.2191],[84.8078,23.2212],[84.8084,23.2238],[84.8171,23.2268],[84.8154,23.2281],[84.8148,23.2326],[84.8131,23.2326],[84.8062,23.2355],[84.796,23.2366],[84.7975,23.2397],[84.8028,23.243],[84.8036,23.2463],[84.802,23.249],[84.8005,23.2549],[84.8008,23.2573],[84.7986,23.26],[84.799,23.2665],[84.7983,23.2707],[84.7999,23.2794],[84.7959,23.2804],[84.7946,23.2791],[84.7869,23.2803],[84.7879,23.2902],[84.7892,23.2967],[84.7905,23.3004],[84.7919,23.3073],[84.7945,23.313],[84.791,23.3157],[84.7892,23.3208],[84.7812,23.3194],[84.7738,23.3209],[84.7735,23.3194],[84.7656,23.3195],[84.7584,23.3213],[84.7503,23.3216],[84.7495,23.3259],[84.7476,23.3292],[84.7454,23.3309],[84.7403,23.3308],[84.7368,23.3316],[84.7313,23.3302],[84.7305,23.3275],[84.7276,23.3252],[84.7211,23.3228],[84.7214,23.3209],[84.717,23.32],[84.7127,23.3113],[84.7011,23.3091],[84.6911,23.3081],[84.688,23.3136],[84.6861,23.3147],[84.6844,23.3178],[84.6798,23.3198],[84.6787,23.3213],[84.674,23.3205],[84.6743,23.3189],[84.6732,23.3163],[84.6661,23.3153],[84.6642,23.3137],[84.6623,23.3067],[84.6571,23.3066],[84.6515,23.3111],[84.6485,23.3098],[84.6452,23.3071],[84.6426,23.3062],[84.6396,23.3075],[84.6354,23.3067],[84.6273,23.308],[84.6238,23.3106],[84.6218,23.3093],[84.6136,23.2967],[84.6136,23.2925],[84.6153,23.2897],[84.6142,23.2854],[84.6137,23.2783],[84.6119,23.2746],[84.6077,23.2735],[84.6016,23.2702],[84.5997,23.267],[84.6007,23.264],[84.6033,23.2617],[84.6081,23.2605],[84.615,23.2598],[84.621,23.255],[84.6248,23.254],[84.6306,23.2492],[84.6343,23.2454],[84.6362,23.2451],[84.6451,23.2459],[84.6492,23.2455],[84.6512,23.2444],[84.6554,23.2385],[84.6608,23.2397],[84.6668,23.2402],[84.6692,23.2395],[84.6698,23.2355],[84.6713,23.2327],[84.6751,23.2295],[84.6772,23.2254],[84.6798,23.2227],[84.6833,23.2232],[84.6851,23.2223],[84.6871,23.2169],[84.685,23.2142],[84.6783,23.2145],[84.6745,23.2155],[84.6721,23.2128],[84.6746,23.2082],[84.6747,23.2061],[84.6711,23.204],[84.6654,23.2039],[84.6629,23.2015],[84.662,23.1944],[84.6623,23.1848],[84.6582,23.1797],[84.6593,23.1752],[84.6602,23.1682],[84.6579,23.166],[84.6547,23.1652],[84.6496,23.1594],[84.6486,23.1556],[84.6506,23.1509],[84.6531,23.1481],[84.6531,23.1427],[84.6484,23.137],[84.6484,23.1311],[84.6462,23.1299],[84.6526,23.1244],[84.659,23.1207],[84.6638,23.1158],[84.6659,23.1124],[84.6708,23.1109],[84.6778,23.1136],[84.6796,23.1137],[84.6822,23.1112],[84.6835,23.1065],[84.6826,23.1038],[84.6848,23.0988],[84.6841,23.093],[84.6844,23.0895],[84.6862,23.0874],[84.6954,23.0845],[84.7065,23.077],[84.7197,23.0712],[84.7262,23.0656],[84.727,23.0628],[84.7262,23.0544],[84.7268,23.0466],[84.7265,23.0423],[84.7293,23.0391],[84.7374,23.0328],[84.7445,23.0314],[84.7502,23.0274]]]},"properties":{"id":"in:subdistrict:2708","level":"subdistrict","name":"Sisai","code":2708,"parent":"in:district:331","state":"in:state:20"}},{"type":"Feature","geometry":{"type":"Polygon","coordinates":[[[84.7305,22.801],[84.7342,22.8019],[84.7531,22.7938],[84.7627,22.792],[84.7658,22.7928],[84.769,22.7896],[84.7718,22.7892],[84.775,22.7935],[84.7805,22.7952],[84.7798,22.7913],[84.7747,22.7824],[84.7747,22.7787],[84.7764,22.7704],[84.7754,22.765],[84.7788,22.7636],[84.7808,22.7613],[84.7843,22.7603],[84.7857,22.7647],[84.7858,22.7686],[84.7893,22.7718],[84.7925,22.7722],[84.7926,22.7647],[84.7947,22.7598],[84.7938,22.7543],[84.7917,22.7524],[84.7915,22.7473],[84.7896,22.7433],[84.7879,22.7361],[84.7882,22.7308],[84.7859,22.7266],[84.7877,22.7208],[84.7957,22.7182],[84.7965,22.7153],[84.8009,22.7116],[84.8015,22.7136],[84.806,22.7118],[84.8059,22.7105],[84.8103,22.7093],[84.8213,22.716],[84.819,22.7177],[84.8194,22.7209],[84.8179,22.7223],[84.8155,22.7272],[84.8166,22.732],[84.8145,22.7361],[84.8145,22.7434],[84.817,22.7479],[84.8212,22.7497],[84.8247,22.7464],[84.8277,22.745],[84.831,22.7418],[84.8319,22.7394],[84.8307,22.7374],[84.8322,22.7352],[84.831,22.7312],[84.8348,22.73],[84.8389,22.7268],[84.8417,22.7267],[84.8435,22.7248],[84.8474,22.7227],[84.8578,22.72],[84.8577,22.724],[84.856,22.7298],[84.851,22.7389],[84.8464,22.7457],[84.8414,22.7571],[84.8417,22.7658],[84.8411,22.768],[84.8433,22.7702],[84.8478,22.7705],[84.8481,22.7748],[84.8496,22.7814],[84.849,22.7856],[84.8512,22.7893],[84.8538,22.7876],[84.8561,22.7878],[84.8593,22.7904],[84.8593,22.7926],[84.864,22.7931],[84.8675,22.7927],[84.8728,22.7909],[84.8753,22.7879],[84.8793,22.7954],[84.8841,22.7935],[84.8891,22.7936],[84.894,22.7907],[84.8956,22.7936],[84.8935,22.7945],[84.8941,22.8004],[84.8918,22.802],[84.8905,22.8049],[84.8875,22.8079],[84.8855,22.8111],[84.8839,22.8114],[84.8866,22.8158],[84.8893,22.8152],[84.8914,22.8167],[84.8947,22.8158],[84.8972,22.8193],[84.8999,22.8279],[84.8891,22.8286],[84.8813,22.8303],[84.879,22.83],[84.8765,22.8279],[84.8725,22.826],[84.869,22.8273],[84.861,22.8351],[84.8565,22.8376],[84.8592,22.8417],[84.8589,22.8431],[84.863,22.8483],[84.8616,22.8533],[84.862,22.8635],[84.864,22.8675],[84.8639,22.8716],[84.8651,22.8758],[84.8634,22.8802],[84.857,22.8821],[84.8503,22.8825],[84.8508,22.8845],[84.8463,22.886],[84.8469,22.8904],[84.8481,22.8928],[84.8447,22.8994],[84.8404,22.9016],[84.8441,22.9055],[84.8468,22.9117],[84.8469,22.915],[84.8481,22.9178],[84.8459,22.9221],[84.8489,22.9248],[84.8507,22.9237],[84.8523,22.928],[84.8569,22.933],[84.8582,22.9356],[84.8637,22.9351],[84.8645,22.9359],[84.8658,22.9467],[84.8685,22.9546],[84.8681,22.9566],[84.8699,22.9612],[84.8735,22.9654],[84.874,22.9695],[84.8688,22.9694],[84.8661,22.9713],[84.8605,22.973],[84.858,22.9716],[84.8554,22.9725],[84.8484,22.9783],[84.8452,22.9803],[84.8432,22.9803],[84.8474,22.9887],[84.8496,22.9941],[84.8463,22.995],[84.8473,23.0007],[84.8491,23.0041],[84.8509,23.0048],[84.8583,23.0025],[84.8616,22.9997],[84.8626,22.9974],[84.8691,22.9976],[84.8729,23.0008],[84.8773,23.0017],[84.88,23.0062],[84.8797,23.0108],[84.8757,23.0139],[84.8736,23.0178],[84.8692,23.0216],[84.8663,23.0215],[84.8641,23.0197],[84.8623,23.0253],[84.8653,23.0335],[84.855,23.0341],[84.8458,23.0381],[84.8357,23.0411],[84.8355,23.0402],[84.8272,23.0379],[84.824,23.0379],[84.8227,23.0356],[84.82,23.0354],[84.8176,23.0336],[84.8103,23.0342],[84.8091,23.0379],[84.8049,23.0394],[84.7988,23.0461],[84.8003,23.0497],[84.7964,23.0499],[84.7909,23.0513],[84.7891,23.0556],[84.7831,23.0591],[84.7766,23.0597],[84.7738,23.0621],[84.771,23.0658],[84.7679,23.0657],[84.7654,23.0691],[84.7584,23.0723],[84.7553,23.0722],[84.7495,23.0699],[84.7482,23.0646],[84.7454,23.0582],[84.7438,23.0562],[84.7448,23.054],[84.7471,23.0528],[84.75,23.0532],[84.7543,23.0526],[84.7571,23.0506],[84.7598,23.0476],[84.7594,23.0399],[84.76,23.0351],[84.7611,23.0332],[84.7603,23.0259],[84.7572,23.0269],[84.7502,23.0274],[84.7507,23.0232],[84.7529,23.0211],[84.7516,23.0168],[84.7458,23.0123],[84.7422,23.0108],[84.7404,23.0088],[84.7395,23.0046],[84.7426,23.0018],[84.7446,22.9979],[84.7485,22.9951],[84.7494,22.9922],[84.7443,22.9913],[84.7417,22.9899],[84.7409,22.9872],[84.7351,22.9806],[84.7369,22.9723],[84.7408,22.9637],[84.7414,22.9584],[84.7391,22.9563],[84.7325,22.9528],[84.7329,22.9486],[84.7367,22.9443],[84.7372,22.9422],[84.7354,22.9387],[84.7364,22.9347],[84.741,22.9326],[84.7426,22.9306],[84.7424,22.928],[84.7439,22.9257],[84.7475,22.9238],[84.7518,22.9187],[84.7543,22.9116],[84.7532,22.9038],[84.7534,22.9001],[84.7547,22.8956],[84.7577,22.8931],[84.755,22.8899],[84.7518,22.892],[84.7485,22.8911],[84.7455,22.888],[84.7452,22.8856],[84.7465,22.8819],[84.7436,22.881],[84.7404,22.875],[84.7382,22.8738],[84.7385,22.8714],[84.7412,22.8711],[84.7437,22.8684],[84.7418,22.8666],[84.7409,22.8632],[84.7438,22.8623],[84.7441,22.8589],[84.742,22.8576],[84.7423,22.8534],[84.7441,22.852],[84.745,22.8483],[84.7426,22.8432],[84.7421,22.8404],[84.7392,22.835],[84.7371,22.8326],[84.7348,22.8318],[84.7304,22.8327],[84.7267,22.8304],[84.7277,22.825],[84.725,22.8167],[84.7229,22.8153],[84.7194,22.8149],[84.7212,22.8111],[84.7193,22.8069],[84.7253,22.8053],[84.7305,22.801]]]},"properties":{"id":"in:subdistrict:2711","level":"subdistrict","name":"Basia","code":2711,"parent":"in:district:331","state":"in:state:20"}},{"type":"Feature","geometry":{"type":"Polygon","coordinates":[[[84.8752,23.0687],[84.8714,23.0681],[84.8693,23.0614],[84.8715,23.0593],[84.8719,23.0559],[84.8693,23.0491],[84.8693,23.046],[84.8666,23.0355],[84.8653,23.0335],[84.8623,23.0253],[84.8641,23.0197],[84.8663,23.0215],[84.8692,23.0216],[84.8736,23.0178],[84.8757,23.0139],[84.8797,23.0108],[84.88,23.0062],[84.8773,23.0017],[84.8729,23.0008],[84.8691,22.9976],[84.8626,22.9974],[84.8616,22.9997],[84.8583,23.0025],[84.8509,23.0048],[84.8491,23.0041],[84.8473,23.0007],[84.8463,22.995],[84.8496,22.9941],[84.8474,22.9887],[84.8432,22.9803],[84.8452,22.9803],[84.8484,22.9783],[84.8554,22.9725],[84.858,22.9716],[84.8605,22.973],[84.8661,22.9713],[84.8688,22.9694],[84.874,22.9695],[84.8735,22.9654],[84.8699,22.9612],[84.8681,22.9566],[84.8685,22.9546],[84.8658,22.9467],[84.8645,22.9359],[84.8637,22.9351],[84.8582,22.9356],[84.8569,22.933],[84.8523,22.928],[84.8507,22.9237],[84.8489,22.9248],[84.8459,22.9221],[84.8481,22.9178],[84.8469,22.915],[84.8468,22.9117],[84.8441,22.9055],[84.8404,22.9016],[84.8447,22.8994],[84.8481,22.8928],[84.8469,22.8904],[84.8463,22.886],[84.8508,22.8845],[84.8503,22.8825],[84.857,22.8821],[84.8634,22.8802],[84.8651,22.8758],[84.8639,22.8716],[84.864,22.8675],[84.862,22.8635],[84.8616,22.8533],[84.863,22.8483],[84.8589,22.8431],[84.8592,22.8417],[84.8565,22.8376],[84.861,22.8351],[84.869,22.8273],[84.8725,22.826],[84.8765,22.8279],[84.879,22.83],[84.8813,22.8303],[84.8891,22.8286],[84.8999,22.8279],[84.8972,22.8193],[84.8947,22.8158],[84.8914,22.8167],[84.8893,22.8152],[84.8866,22.8158],[84.8839,22.8114],[84.8855,22.8111],[84.8875,22.8079],[84.8905,22.8049],[84.8918,22.802],[84.8941,22.8004],[84.8935,22.7945],[84.8956,22.7936],[84.894,22.7907],[84.8891,22.7936],[84.8841,22.7935],[84.8793,22.7954],[84.8753,22.7879],[84.8728,22.7909],[84.8675,22.7927],[84.864,22.7931],[84.8593,22.7926],[84.8593,22.7904],[84.8561,22.7878],[84.8538,22.7876],[84.8512,22.7893],[84.849,22.7856],[84.8496,22.7814],[84.8481,22.7748],[84.8478,22.7705],[84.8518,22.7677],[84.8588,22.7653],[84.8582,22.7614],[84.8634,22.7577],[84.8698,22.7559],[84.8711,22.7523],[84.8737,22.7499],[84.8765,22.7448],[84.8811,22.7432],[84.8812,22.7386],[84.8874,22.7454],[84.8914,22.7444],[84.8966,22.7517],[84.9002,22.7542],[84.8982,22.7577],[84.9026,22.758],[84.9058,22.7609],[84.9109,22.7632],[84.913,22.7621],[84.9142,22.7668],[84.9185,22.7682],[84.9208,22.7786],[84.9228,22.7827],[84.9273,22.7838],[84.928,22.7867],[84.9305,22.7901],[84.9338,22.7911],[84.9377,22.7875],[84.9394,22.7873],[84.9403,22.7834],[84.9453,22.778],[84.9496,22.7757],[84.9612,22.7757],[84.9621,22.778],[84.9687,22.7852],[84.974,22.785],[84.9805,22.7857],[84.9802,22.7883],[84.9813,22.7909],[84.9813,22.7955],[84.9826,22.7977],[84.983,22.8032],[84.9856,22.802],[84.9909,22.8017],[84.9948,22.8025],[85.0071,22.8022],[85.0076,22.8049],[85.0077,22.8126],[85.0031,22.8284],[85.0016,22.8294],[85.001,22.8344],[84.9994,22.8367],[84.9987,22.8378],[84.9988,22.8441],[84.9974,22.8446],[84.9947,22.8493],[84.9956,22.8525],[84.993,22.8568],[84.9877,22.8586],[84.9876,22.863],[84.9866,22.8662],[84.9869,22.8697],[84.9855,22.8744],[84.9873,22.8793],[84.9879,22.8879],[84.9905,22.8923],[84.9886,22.8978],[84.9806,22.8982],[84.9814,22.8999],[84.9815,22.9041],[84.9847,22.9102],[84.9853,22.9178],[84.989,22.9194],[84.9875,22.9219],[84.9904,22.9243],[84.9985,22.9263],[85.0038,22.9242],[85.0105,22.9239],[85.0138,22.9254],[85.0163,22.9323],[85.0152,22.9364],[85.0122,22.9424],[85.0123,22.945],[85.0093,22.9454],[85.0063,22.9472],[85.0027,22.9512],[85.0007,22.9549],[84.997,22.9569],[84.9925,22.9572],[84.9898,22.9625],[84.9851,22.9663],[84.9786,22.9678],[84.9734,22.9702],[84.9684,22.9697],[84.9642,22.971],[84.9621,22.9703],[84.9556,22.9648],[84.9499,22.9653],[84.9472,22.9665],[84.9452,22.9699],[84.9417,22.9829],[84.9419,22.9857],[84.9403,22.995],[84.9408,22.9988],[84.9441,23.0019],[84.9454,23.0074],[84.9474,23.0089],[84.9394,23.0122],[84.9373,23.0153],[84.9382,23.0169],[84.9434,23.0215],[84.9424,23.0251],[84.9367,23.0302],[84.934,23.0318],[84.9329,23.0348],[84.927,23.0347],[84.9302,23.0302],[84.9286,23.0278],[84.9251,23.0297],[84.9195,23.0261],[84.9138,23.0294],[84.9138,23.0332],[84.912,23.0345],[84.9132,23.038],[84.9127,23.0405],[84.9105,23.0434],[84.9034,23.0495],[84.9031,23.0509],[84.9048,23.0554],[84.9042,23.0566],[84.8996,23.0572],[84.8988,23.0593],[84.8945,23.0619],[84.8874,23.0619],[84.8797,23.066],[84.8756,23.0672],[84.8752,23.0687]]]},"properties":{"id":"in:subdistrict:2710","level":"subdistrict","name":"Kamdara","code":2710,"parent":"in:district:331","state":"in:state:20"}},{"type":"Feature","geometry":{"type":"Polygon","coordinates":[[[84.9994,22.8367],[85.002,22.842],[85.0073,22.8403],[85.0118,22.8432],[85.0166,22.843],[85.0189,22.8405],[85.0265,22.8379],[85.0287,22.8392],[85.0314,22.8378],[85.0344,22.8395],[85.0328,22.8451],[85.0299,22.8487],[85.0293,22.8525],[85.0315,22.8546],[85.0342,22.8542],[85.0516,22.8571],[85.0503,22.8599],[85.0528,22.8602],[85.0597,22.8591],[85.061,22.8608],[85.0587,22.8644],[85.0603,22.8659],[85.0627,22.8739],[85.0663,22.8743],[85.0655,22.8771],[85.0678,22.8806],[85.0664,22.8854],[85.0594,22.8873],[85.0583,22.8923],[85.0629,22.8946],[85.0634,22.8967],[85.0692,22.8985],[85.081,22.897],[85.0873,22.8954],[85.0923,22.8956],[85.0959,22.8946],[85.101,22.8866],[85.1025,22.8807],[85.1015,22.8769],[85.1064,22.8784],[85.1104,22.8808],[85.111,22.8749],[85.1063,22.8697],[85.1069,22.8673],[85.1011,22.8676],[85.0991,22.8654],[85.0966,22.867],[85.0932,22.8675],[85.0876,22.8708],[85.0832,22.8696],[85.0779,22.8691],[85.0763,22.8652],[85.0778,22.8627],[85.0849,22.8635],[85.086,22.8624],[85.0857,22.8577],[85.097,22.8449],[85.1027,22.8407],[85.1063,22.8406],[85.1116,22.8429],[85.1134,22.84],[85.1156,22.8387],[85.1184,22.8388],[85.1221,22.841],[85.1239,22.8435],[85.1267,22.8434],[85.1291,22.8418],[85.1296,22.8352],[85.129,22.8329],[85.1266,22.8299],[85.1234,22.8279],[85.1218,22.8244],[85.1234,22.8208],[85.1283,22.8178],[85.1314,22.8143],[85.1333,22.8144],[85.1466,22.8199],[85.1546,22.8263],[85.158,22.8278],[85.1581,22.8319],[85.1602,22.8338],[85.1687,22.8356],[85.1729,22.8346],[85.176,22.8324],[85.1797,22.8285],[85.184,22.8252],[85.1871,22.8244],[85.1928,22.8267],[85.1965,22.8239],[85.1993,22.8275],[85.2018,22.8292],[85.202,22.8354],[85.2111,22.8429],[85.2096,22.8435],[85.2074,22.8516],[85.2083,22.8544],[85.2064,22.856],[85.2034,22.8614],[85.203,22.8635],[85.2108,22.8683],[85.2132,22.8688],[85.2197,22.8725],[85.2203,22.874],[85.2175,22.8763],[85.2187,22.8784],[85.2185,22.8819],[85.2198,22.8852],[85.2172,22.8853],[85.217,22.8876],[85.2205,22.89],[85.2231,22.8902],[85.2261,22.8923],[85.2267,22.8958],[85.2332,22.8983],[85.2304,22.9016],[85.2335,22.9033],[85.234,22.9071],[85.237,22.9088],[85.2392,22.9067],[85.2419,22.9069],[85.2406,22.9098],[85.2362,22.9125],[85.238,22.9154],[85.2345,22.9184],[85.24,22.9229],[85.2446,22.9257],[85.2445,22.9296],[85.241,22.932],[85.2405,22.9354],[85.2412,22.9402],[85.2395,22.9438],[85.2262,22.9437],[85.2167,22.9469],[85.2088,22.9457],[85.2093,22.951],[85.2079,22.9541],[85.2132,22.9558],[85.2164,22.9576],[85.2154,22.9592],[85.2157,22.9625],[85.2135,22.9666],[85.2164,22.9711],[85.2177,22.9764],[85.2178,22.9814],[85.2167,22.9859],[85.2133,22.9888],[85.2098,22.9887],[85.2061,22.9904],[85.2018,22.9944],[85.1979,22.9917],[85.1957,22.9922],[85.1916,22.9908],[85.1905,22.9925],[85.1907,23.0045],[85.194,23.0072],[85.1932,23.0121],[85.1956,23.0129],[85.1996,23.0105],[85.2035,23.0142],[85.207,23.0129],[85.2111,23.0089],[85.2128,23.0087],[85.2232,23.0037],[85.2302,23.0085],[85.2325,23.0106],[85.233,23.0163],[85.2285,23.02],[85.2308,23.0236],[85.226,23.0291],[85.2212,23.0306],[85.2133,23.0303],[85.2108,23.0259],[85.2006,23.0292],[85.1985,23.0305],[85.1984,23.0347],[85.1921,23.0386],[85.1847,23.0406],[85.1844,23.0466],[85.1852,23.0485],[85.1856,23.0534],[85.1828,23.0562],[85.1803,23.057],[85.1784,23.0598],[85.1705,23.0635],[85.1634,23.0633],[85.1567,23.0594],[85.1547,23.0523],[85.1496,23.0483],[85.1424,23.0474],[85.1389,23.0428],[85.1355,23.0399],[85.136,23.0352],[85.1324,23.0323],[85.1275,23.0326],[85.1237,23.0351],[85.1212,23.0322],[85.1189,23.0257],[85.1134,23.0249],[85.103,23.0255],[85.1028,23.0235],[85.0952,23.026],[85.0868,23.0278],[85.0844,23.0255],[85.0836,23.0212],[85.0842,23.0196],[85.0846,23.0106],[85.0887,23.0089],[85.0863,23.0058],[85.0855,23.0031],[85.0688,23.0043],[85.0666,23.0006],[85.066,22.9955],[85.0614,22.9939],[85.0591,22.9946],[85.0579,22.9996],[85.0546,23.0021],[85.0521,23.0014],[85.0486,23.0021],[85.0467,22.9964],[85.0473,22.9932],[85.0429,22.9929],[85.0397,22.9936],[85.0381,22.9955],[85.0323,22.9965],[85.0226,22.999],[85.017,22.9977],[85.0116,22.995],[85.0074,22.9943],[85.0056,22.9911],[85.0057,22.9842],[85.0081,22.9814],[85.0076,22.9793],[85.0091,22.9769],[85.0066,22.9737],[85.0035,22.9735],[84.9985,22.9708],[84.9971,22.9668],[84.9965,22.9625],[84.993,22.9593],[84.9925,22.9572],[84.997,22.9569],[85.0007,22.9549],[85.0027,22.9512],[85.0063,22.9472],[85.0093,22.9454],[85.0123,22.945],[85.0122,22.9424],[85.0152,22.9364],[85.0163,22.9323],[85.0138,22.9254],[85.0105,22.9239],[85.0038,22.9242],[84.9985,22.9263],[84.9904,22.9243],[84.9875,22.9219],[84.989,22.9194],[84.9853,22.9178],[84.9847,22.9102],[84.9815,22.9041],[84.9814,22.8999],[84.9806,22.8982],[84.9886,22.8978],[84.9905,22.8923],[84.9879,22.8879],[84.9873,22.8793],[84.9855,22.8744],[84.9869,22.8697],[84.9866,22.8662],[84.9876,22.863],[84.9877,22.8586],[84.993,22.8568],[84.9956,22.8525],[84.9947,22.8493],[84.9974,22.8446],[84.9988,22.8441],[84.9987,22.8378],[84.9994,22.8367]]]},"properties":{"id":"in:subdistrict:2701","level":"subdistrict","name":"Torpa","code":2701,"parent":"in:district:606","state":"in:state:20"}},{"type":"Feature","geometry":{"type":"Polygon","coordinates":[[[84.9441,23.0019],[84.9408,22.9988],[84.9403,22.995],[84.9419,22.9857],[84.9417,22.9829],[84.9452,22.9699],[84.9472,22.9665],[84.9499,22.9653],[84.9556,22.9648],[84.9621,22.9703],[84.9642,22.971],[84.9684,22.9697],[84.9734,22.9702],[84.9786,22.9678],[84.9851,22.9663],[84.9898,22.9625],[84.9925,22.9572],[84.993,22.9593],[84.9965,22.9625],[84.9971,22.9668],[84.9985,22.9708],[85.0035,22.9735],[85.0066,22.9737],[85.0091,22.9769],[85.0076,22.9793],[85.0081,22.9814],[85.0057,22.9842],[85.0056,22.9911],[85.0074,22.9943],[85.0116,22.995],[85.017,22.9977],[85.0226,22.999],[85.0323,22.9965],[85.0381,22.9955],[85.0397,22.9936],[85.0429,22.9929],[85.0473,22.9932],[85.0467,22.9964],[85.0486,23.0021],[85.0521,23.0014],[85.0546,23.0021],[85.0579,22.9996],[85.0591,22.9946],[85.0614,22.9939],[85.066,22.9955],[85.0666,23.0006],[85.0688,23.0043],[85.0855,23.0031],[85.0863,23.0058],[85.0887,23.0089],[85.0846,23.0106],[85.0842,23.0196],[85.0836,23.0212],[85.0844,23.0255],[85.0868,23.0278],[85.0952,23.026],[85.1028,23.0235],[85.103,23.0255],[85.1134,23.0249],[85.1189,23.0257],[85.1212,23.0322],[85.1237,23.0351],[85.1275,23.0326],[85.1324,23.0323],[85.136,23.0352],[85.1355,23.0399],[85.1389,23.0428],[85.1424,23.0474],[85.1496,23.0483],[85.1547,23.0523],[85.1567,23.0594],[85.1634,23.0633],[85.1705,23.0635],[85.1784,23.0598],[85.1803,23.057],[85.1828,23.0562],[85.1856,23.0534],[85.1852,23.0485],[85.188,23.0488],[85.1894,23.0509],[85.1889,23.0537],[85.1972,23.0553],[85.203,23.0576],[85.2096,23.055],[85.2091,23.0621],[85.2076,23.065],[85.202,23.0674],[85.1974,23.067],[85.1956,23.0698],[85.1949,23.0735],[85.196,23.082],[85.2016,23.0824],[85.204,23.084],[85.2114,23.0826],[85.2164,23.0825],[85.2213,23.0812],[85.2255,23.0812],[85.2304,23.0801],[85.2298,23.0839],[85.2324,23.0873],[85.2319,23.0889],[85.228,23.0931],[85.2244,23.094],[85.2208,23.0987],[85.205,23.1002],[85.2076,23.1033],[85.2095,23.108],[85.2081,23.115],[85.208,23.12],[85.2098,23.1249],[85.2107,23.1308],[85.2125,23.1374],[85.215,23.1431],[85.2147,23.1519],[85.2177,23.1567],[85.2196,23.1567],[85.2288,23.1549],[85.2301,23.1563],[85.2372,23.1523],[85.246,23.1603],[85.2487,23.1645],[85.2502,23.1732],[85.2536,23.1815],[85.2492,23.1813],[85.2474,23.1851],[85.2474,23.1942],[85.2481,23.1971],[85.2465,23.199],[85.2443,23.1981],[85.2395,23.1988],[85.2313,23.1983],[85.2265,23.2017],[85.2254,23.2057],[85.222,23.2075],[85.2243,23.2103],[85.2331,23.2159],[85.236,23.2167],[85.2361,23.2211],[85.2384,23.2278],[85.2326,23.2282],[85.2267,23.2305],[85.2262,23.2364],[85.2289,23.24],[85.228,23.2421],[85.2312,23.2448],[85.2296,23.2504],[85.2268,23.2536],[85.2271,23.2612],[85.2282,23.2669],[85.2202,23.266],[85.2165,23.2669],[85.2102,23.2704],[85.2074,23.2708],[85.2061,23.2656],[85.2032,23.2627],[85.1905,23.265],[85.19,23.2671],[85.1872,23.2679],[85.1778,23.2681],[85.1768,23.2718],[85.1732,23.2757],[85.1709,23.2759],[85.165,23.2749],[85.1641,23.2816],[85.1587,23.2848],[85.153,23.2848],[85.1523,23.2814],[85.1549,23.278],[85.1549,23.2733],[85.1503,23.2693],[85.1435,23.2684],[85.1425,23.2668],[85.1424,23.2623],[85.1414,23.2604],[85.1425,23.2564],[85.1411,23.2545],[85.1347,23.2573],[85.1313,23.2555],[85.1274,23.255],[85.1241,23.2511],[85.1229,23.2485],[85.1187,23.2506],[85.1091,23.2506],[85.1025,23.2487],[85.0995,23.2469],[85.1001,23.2439],[85.0974,23.2418],[85.0924,23.2408],[85.0898,23.2427],[85.0888,23.2406],[85.0908,23.2376],[85.0878,23.235],[85.0864,23.2314],[85.0832,23.2311],[85.0789,23.2267],[85.0749,23.2241],[85.0691,23.2228],[85.0667,23.2204],[85.0658,23.2161],[85.0637,23.2146],[85.0611,23.2109],[85.061,23.2092],[85.058,23.2065],[85.0576,23.2034],[85.0542,23.199],[85.0494,23.197],[85.048,23.1939],[85.0451,23.1908],[85.0467,23.1859],[85.0428,23.1851],[85.0412,23.1792],[85.0426,23.1782],[85.042,23.1748],[85.0435,23.1713],[85.0497,23.1702],[85.0553,23.1654],[85.0586,23.1602],[85.0576,23.1575],[85.059,23.1553],[85.0591,23.1511],[85.0539,23.1498],[85.053,23.1437],[85.0494,23.1447],[85.0483,23.1401],[85.0494,23.1364],[85.0531,23.132],[85.0564,23.1291],[85.0552,23.1198],[85.0523,23.1187],[85.0504,23.1167],[85.0479,23.1168],[85.0456,23.1149],[85.0362,23.1178],[85.031,23.1172],[85.0263,23.1129],[85.0281,23.1117],[85.0301,23.1067],[85.0342,23.1023],[85.0326,23.0978],[85.0355,23.0932],[85.0346,23.0902],[85.03,23.088],[85.026,23.088],[85.0254,23.0848],[85.0205,23.0876],[85.0171,23.0866],[85.0118,23.0867],[85.0077,23.0859],[85.0055,23.0815],[85.0028,23.0797],[84.9978,23.0792],[84.9942,23.0754],[84.9965,23.0702],[84.9962,23.0675],[84.993,23.0549],[84.9965,23.0513],[84.9949,23.0459],[84.9916,23.0454],[84.9896,23.0415],[84.9904,23.0377],[84.989,23.0359],[84.9854,23.0371],[84.9827,23.0358],[84.9826,23.0321],[84.9814,23.0297],[84.9821,23.0274],[84.9797,23.0223],[84.9754,23.0213],[84.9737,23.0241],[84.9698,23.0232],[84.9659,23.0239],[84.9626,23.0169],[84.9626,23.0147],[84.9651,23.0128],[84.9641,23.0111],[84.9589,23.0107],[84.9544,23.0124],[84.9507,23.0107],[84.9467,23.0069],[84.9458,23.0027],[84.9441,23.0019]]]},"properties":{"id":"in:subdistrict:2700","level":"subdistrict","name":"Karra","code":2700,"parent":"in:district:606","state":"in:state:20"}},{"type":"Feature","geometry":{"type":"Polygon","coordinates":[[[85.1357,23.3881],[85.1335,23.3853],[85.1361,23.3825],[85.1379,23.3779],[85.135,23.3743],[85.128,23.3721],[85.1267,23.3705],[85.12,23.3679],[85.1217,23.3645],[85.1205,23.3613],[85.1186,23.3601],[85.1152,23.3607],[85.1113,23.3588],[85.1042,23.3596],[85.0964,23.36],[85.0874,23.3611],[85.0814,23.3557],[85.08,23.3529],[85.078,23.3519],[85.0776,23.3452],[85.076,23.3401],[85.0754,23.3315],[85.0757,23.3271],[85.0714,23.3267],[85.0645,23.319],[85.0616,23.3175],[85.0589,23.3191],[85.0581,23.3159],[85.0521,23.3136],[85.0505,23.3109],[85.0504,23.304],[85.0553,23.3044],[85.0608,23.3035],[85.0635,23.306],[85.0642,23.3105],[85.067,23.3082],[85.0699,23.3073],[85.0736,23.3039],[85.072,23.2998],[85.0717,23.2963],[85.0763,23.2886],[85.074,23.2864],[85.0738,23.2837],[85.0717,23.2785],[85.0685,23.2733],[85.0688,23.2707],[85.0707,23.2696],[85.0703,23.2668],[85.0726,23.2644],[85.0717,23.2597],[85.0774,23.2557],[85.0803,23.252],[85.0816,23.2524],[85.087,23.2471],[85.0888,23.2463],[85.0898,23.2427],[85.0924,23.2408],[85.0974,23.2418],[85.1001,23.2439],[85.0995,23.2469],[85.1025,23.2487],[85.1091,23.2506],[85.1187,23.2506],[85.1229,23.2485],[85.1241,23.2511],[85.1274,23.255],[85.1313,23.2555],[85.1347,23.2573],[85.1411,23.2545],[85.1425,23.2564],[85.1414,23.2604],[85.1424,23.2623],[85.1425,23.2668],[85.1435,23.2684],[85.1503,23.2693],[85.1549,23.2733],[85.1549,23.278],[85.1523,23.2814],[85.153,23.2848],[85.1496,23.2839],[85.1442,23.2849],[85.1408,23.2867],[85.1417,23.2895],[85.14,23.2906],[85.1312,23.2906],[85.1312,23.2948],[85.13,23.3012],[85.1327,23.31],[85.1348,23.3098],[85.1412,23.307],[85.1443,23.2965],[85.1495,23.2989],[85.154,23.2981],[85.153,23.3103],[85.1508,23.3189],[85.1489,23.3202],[85.1476,23.325],[85.1474,23.3347],[85.1504,23.339],[85.1497,23.3451],[85.148,23.3466],[85.1454,23.3549],[85.1466,23.357],[85.1466,23.3645],[85.1498,23.3684],[85.1475,23.372],[85.148,23.3746],[85.1431,23.3803],[85.1391,23.3825],[85.1374,23.3867],[85.1357,23.3881]]]},"properties":{"id":"in:subdistrict:2696","level":"subdistrict","name":"Itki","code":2696,"parent":"in:district:339","state":"in:state:20"}},{"type":"Feature","geometry":{"type":"Polygon","coordinates":[[[85.255,23.3629],[85.2487,23.364],[85.2398,23.3665],[85.2268,23.3717],[85.2212,23.3726],[85.2193,23.3685],[85.2163,23.3652],[85.2155,23.3626],[85.205,23.3651],[85.2019,23.358],[85.1974,23.3579],[85.1914,23.3603],[85.1914,23.3613],[85.1812,23.3624],[85.1784,23.3635],[85.1778,23.3613],[85.1707,23.3498],[85.1689,23.3494],[85.1657,23.354],[85.1592,23.355],[85.1571,23.3575],[85.1565,23.364],[85.1543,23.3664],[85.1522,23.3663],[85.1498,23.3684],[85.1466,23.3645],[85.1466,23.357],[85.1454,23.3549],[85.148,23.3466],[85.1497,23.3451],[85.1504,23.339],[85.1474,23.3347],[85.1476,23.325],[85.1489,23.3202],[85.1508,23.3189],[85.153,23.3103],[85.154,23.2981],[85.1495,23.2989],[85.1443,23.2965],[85.1412,23.307],[85.1348,23.3098],[85.1327,23.31],[85.13,23.3012],[85.1312,23.2948],[85.1312,23.2906],[85.14,23.2906],[85.1417,23.2895],[85.1408,23.2867],[85.1442,23.2849],[85.1496,23.2839],[85.153,23.2848],[85.1587,23.2848],[85.1641,23.2816],[85.165,23.2749],[85.1709,23.2759],[85.1732,23.2757],[85.1768,23.2718],[85.1778,23.2681],[85.1872,23.2679],[85.19,23.2671],[85.1905,23.265],[85.2032,23.2627],[85.2061,23.2656],[85.2074,23.2708],[85.2102,23.2704],[85.2165,23.2669],[85.2202,23.266],[85.2282,23.2669],[85.2271,23.2612],[85.2268,23.2536],[85.2296,23.2504],[85.2312,23.2448],[85.2338,23.2423],[85.2424,23.2454],[85.2444,23.2504],[85.245,23.2564],[85.2478,23.2617],[85.2514,23.2645],[85.2503,23.2683],[85.2476,23.2706],[85.2383,23.2716],[85.2375,23.2814],[85.2415,23.2818],[85.2487,23.2812],[85.2527,23.2838],[85.2602,23.2805],[85.2613,23.2828],[85.2655,23.2859],[85.2696,23.2857],[85.2685,23.293],[85.2665,23.2958],[85.2663,23.2982],[85.2681,23.3011],[85.2649,23.3021],[85.2627,23.3045],[85.2642,23.3149],[85.2654,23.3198],[85.2584,23.3252],[85.2551,23.3268],[85.2537,23.333],[85.2547,23.3364],[85.2499,23.3421],[85.2509,23.3433],[85.2558,23.343],[85.2574,23.3404],[85.2609,23.3406],[85.2675,23.336],[85.2712,23.3354],[85.2752,23.3325],[85.2776,23.3322],[85.2842,23.3291],[85.2896,23.3284],[85.2936,23.3291],[85.2963,23.3322],[85.293,23.3355],[85.2904,23.3366],[85.2896,23.341],[85.2843,23.3448],[85.286,23.3495],[85.2856,23.3534],[85.2805,23.3552],[85.2794,23.3604],[85.2712,23.3611],[85.2619,23.3636],[85.255,23.3629]]]},"properties":{"id":"in:subdistrict:2692","level":"subdistrict","name":"Nagri","code":2692,"parent":"in:district:339","state":"in:state:20"}},{"type":"Feature","geometry":{"type":"Polygon","coordinates":[[[85.4663,23.1804],[85.4654,23.1795],[85.4535,23.177],[85.4491,23.1783],[85.4432,23.1791],[85.4376,23.1744],[85.4336,23.1762],[85.4253,23.1742],[85.4225,23.1724],[85.4169,23.1728],[85.4136,23.1756],[85.4109,23.1767],[85.4048,23.1771],[85.4022,23.1788],[85.4034,23.1849],[85.4014,23.1902],[85.3945,23.1912],[85.393,23.1902],[85.3852,23.1934],[85.378,23.1856],[85.3759,23.1839],[85.3741,23.1857],[85.3693,23.1853],[85.3673,23.1843],[85.3651,23.1856],[85.3607,23.184],[85.3575,23.1845],[85.356,23.1864],[85.3552,23.1923],[85.3485,23.1936],[85.3478,23.1964],[85.3453,23.1991],[85.3461,23.2025],[85.3441,23.2058],[85.3383,23.2075],[85.3359,23.2068],[85.3362,23.2043],[85.3392,23.1996],[85.3376,23.1929],[85.3391,23.1888],[85.3319,23.1862],[85.3259,23.1784],[85.3217,23.1783],[85.3218,23.1823],[85.3193,23.1834],[85.3205,23.1869],[85.3146,23.1888],[85.3097,23.1897],[85.3013,23.1925],[85.2987,23.1921],[85.2965,23.195],[85.2958,23.1988],[85.2931,23.2014],[85.2875,23.2042],[85.2895,23.2097],[85.2879,23.2138],[85.2894,23.2164],[85.2828,23.2181],[85.2822,23.2232],[85.2828,23.2263],[85.2794,23.2251],[85.2747,23.2257],[85.2703,23.2225],[85.2706,23.2186],[85.2579,23.2171],[85.2539,23.2172],[85.2512,23.2156],[85.2509,23.2125],[85.2527,23.2066],[85.2523,23.2048],[85.2465,23.199],[85.2481,23.1971],[85.2474,23.1942],[85.2474,23.1851],[85.2492,23.1813],[85.2536,23.1815],[85.2502,23.1732],[85.2487,23.1645],[85.246,23.1603],[85.2372,23.1523],[85.2301,23.1563],[85.2288,23.1549],[85.2196,23.1567],[85.2177,23.1567],[85.2147,23.1519],[85.215,23.1431],[85.2125,23.1374],[85.2107,23.1308],[85.2098,23.1249],[85.208,23.12],[85.2081,23.115],[85.2095,23.108],[85.2076,23.1033],[85.205,23.1002],[85.2208,23.0987],[85.2244,23.094],[85.228,23.0931],[85.2319,23.0889],[85.2324,23.0873],[85.2298,23.0839],[85.2304,23.0801],[85.2324,23.0787],[85.2321,23.0749],[85.2344,23.0736],[85.2346,23.0696],[85.236,23.067],[85.2394,23.065],[85.2431,23.0653],[85.2456,23.0644],[85.2499,23.0608],[85.2569,23.0591],[85.2596,23.0579],[85.2594,23.0559],[85.264,23.0554],[85.2658,23.0501],[85.2696,23.0508],[85.273,23.0504],[85.28,23.0477],[85.2803,23.0415],[85.2827,23.0383],[85.289,23.0366],[85.2906,23.0341],[85.2891,23.0316],[85.29,23.0283],[85.2883,23.024],[85.2858,23.0232],[85.2855,23.021],[85.2897,23.0179],[85.2919,23.0138],[85.2933,23.0088],[85.2927,23.0044],[85.2896,23.0043],[85.2903,23.0014],[85.2926,22.9999],[85.2921,22.9956],[85.2927,22.9919],[85.3076,22.9923],[85.3178,22.9935],[85.3209,22.996],[85.3242,22.9957],[85.3247,22.9998],[85.3286,23.0035],[85.331,23.0015],[85.3385,22.9992],[85.3465,22.9999],[85.349,23.0006],[85.3507,23.0047],[85.3547,23.007],[85.3543,23.0144],[85.3573,23.0192],[85.359,23.0308],[85.3681,23.0289],[85.3683,23.0306],[85.3652,23.0348],[85.3644,23.0405],[85.3557,23.04],[85.347,23.0381],[85.347,23.0414],[85.3453,23.0432],[85.3432,23.0425],[85.3402,23.0446],[85.3417,23.0487],[85.345,23.052],[85.3448,23.0543],[85.3568,23.0547],[85.3583,23.0599],[85.3564,23.0674],[85.3604,23.0711],[85.3634,23.0705],[85.3714,23.0722],[85.3745,23.0708],[85.3742,23.069],[85.3814,23.0675],[85.3874,23.065],[85.3899,23.0728],[85.3896,23.0812],[85.3903,23.0868],[85.3927,23.0904],[85.3946,23.0909],[85.3973,23.0849],[85.3986,23.084],[85.3984,23.0786],[85.3969,23.0727],[85.3968,23.0696],[85.3988,23.0639],[85.4017,23.0634],[85.4064,23.0646],[85.4071,23.0677],[85.4113,23.0697],[85.4134,23.0719],[85.4175,23.0723],[85.4197,23.0747],[85.4216,23.0785],[85.4271,23.0782],[85.4275,23.0707],[85.4287,23.0648],[85.4283,23.0618],[85.4242,23.0588],[85.4172,23.0586],[85.4195,23.0519],[85.4176,23.0454],[85.4186,23.042],[85.417,23.0372],[85.4129,23.0296],[85.4137,23.027],[85.4176,23.0258],[85.43,23.0245],[85.4414,23.0249],[85.449,23.0245],[85.4582,23.0253],[85.4572,23.0201],[85.4643,23.0205],[85.4651,23.0224],[85.4719,23.023],[85.4771,23.0215],[85.4775,23.0171],[85.4863,23.0164],[85.494,23.0165],[85.4985,23.0187],[85.5024,23.0192],[85.5071,23.0208],[85.513,23.0254],[85.519,23.0325],[85.5244,23.0337],[85.5257,23.0373],[85.5296,23.0435],[85.5303,23.0476],[85.5416,23.0486],[85.5425,23.0565],[85.5434,23.0586],[85.5489,23.0628],[85.5515,23.0634],[85.5529,23.0708],[85.5478,23.0706],[85.5376,23.0736],[85.5352,23.0769],[85.5357,23.0797],[85.5347,23.0816],[85.5317,23.0812],[85.5285,23.0831],[85.5248,23.0823],[85.5241,23.0855],[85.5203,23.0856],[85.5119,23.0846],[85.5108,23.0804],[85.507,23.0809],[85.5056,23.0842],[85.5051,23.0879],[85.4986,23.0872],[85.4971,23.0891],[85.4911,23.0865],[85.4866,23.0864],[85.4828,23.0905],[85.4832,23.0971],[85.4824,23.1004],[85.4823,23.1079],[85.4833,23.1144],[85.4868,23.1169],[85.4858,23.1183],[85.4877,23.123],[85.4845,23.1235],[85.4804,23.1263],[85.4736,23.1288],[85.4754,23.133],[85.4735,23.1366],[85.4742,23.1388],[85.4673,23.1426],[85.4678,23.1465],[85.465,23.1491],[85.4659,23.1618],[85.4606,23.1634],[85.4605,23.1703],[85.4662,23.1751],[85.467,23.1775],[85.4663,23.1804]]]},"properties":{"id":"in:subdistrict:2704","level":"subdistrict","name":"Khunti","code":2704,"parent":"in:district:606","state":"in:state:20"}},{"type":"Feature","geometry":{"type":"Polygon","coordinates":[[[85.5532,23.2499],[85.5539,23.251],[85.5522,23.2569],[85.5478,23.26],[85.5467,23.2627],[85.5539,23.2736],[85.5513,23.2748],[85.552,23.2779],[85.5537,23.2802],[85.5527,23.2838],[85.5545,23.2912],[85.5547,23.2982],[85.56,23.3025],[85.5656,23.3058],[85.5624,23.3102],[85.5585,23.313],[85.5568,23.3169],[85.5551,23.3177],[85.5433,23.3207],[85.5362,23.3243],[85.5337,23.3237],[85.5283,23.3252],[85.5223,23.325],[85.5204,23.3264],[85.5158,23.3266],[85.5117,23.3297],[85.5062,23.33],[85.5031,23.3271],[85.5026,23.3239],[85.4972,23.3262],[85.5015,23.33],[85.5021,23.3356],[85.4951,23.3365],[85.4911,23.3342],[85.4865,23.3342],[85.4841,23.3368],[85.4706,23.3381],[85.4671,23.3361],[85.4627,23.3357],[85.4604,23.3345],[85.457,23.3387],[85.4527,23.3466],[85.4461,23.349],[85.4449,23.3552],[85.4434,23.3601],[85.4409,23.3626],[85.443,23.3666],[85.4427,23.3683],[85.4447,23.375],[85.4472,23.3762],[85.4574,23.3727],[85.4606,23.3713],[85.4658,23.3654],[85.4695,23.3623],[85.4773,23.3574],[85.4822,23.357],[85.4881,23.353],[85.4897,23.353],[85.4897,23.357],[85.4968,23.3566],[85.4995,23.3584],[85.5004,23.3618],[85.4954,23.365],[85.493,23.3681],[85.4873,23.3706],[85.4837,23.374],[85.4809,23.3755],[85.4775,23.3797],[85.4756,23.3791],[85.4698,23.3813],[85.4602,23.3859],[85.4511,23.3864],[85.4435,23.3886],[85.4396,23.3889],[85.4376,23.3844],[85.4337,23.3824],[85.4277,23.3811],[85.4228,23.3739],[85.4179,23.3716],[85.4122,23.3683],[85.408,23.3677],[85.4013,23.3689],[85.3978,23.3648],[85.3963,23.362],[85.3944,23.3612],[85.3869,23.3609],[85.3832,23.3637],[85.3802,23.3619],[85.378,23.3578],[85.3761,23.3567],[85.3766,23.3541],[85.372,23.3546],[85.3693,23.3485],[85.3647,23.348],[85.3608,23.3445],[85.3599,23.3371],[85.3614,23.3348],[85.3604,23.3319],[85.358,23.3294],[85.3575,23.3265],[85.3586,23.3245],[85.3575,23.3227],[85.3523,23.3244],[85.3509,23.3238],[85.3468,23.3261],[85.3428,23.3262],[85.3384,23.3286],[85.3376,23.3312],[85.3332,23.3311],[85.3275,23.3346],[85.3209,23.3354],[85.3183,23.3196],[85.3174,23.3159],[85.3157,23.3136],[85.3126,23.316],[85.3099,23.3146],[85.3055,23.3166],[85.3049,23.3141],[85.3006,23.3023],[85.3018,23.295],[85.3008,23.2881],[85.2856,23.2954],[85.2811,23.2967],[85.2785,23.2966],[85.275,23.2907],[85.2729,23.2852],[85.2696,23.2857],[85.2655,23.2859],[85.2613,23.2828],[85.2602,23.2805],[85.2527,23.2838],[85.2487,23.2812],[85.2415,23.2818],[85.2375,23.2814],[85.2383,23.2716],[85.2476,23.2706],[85.2503,23.2683],[85.2514,23.2645],[85.2478,23.2617],[85.245,23.2564],[85.2444,23.2504],[85.2424,23.2454],[85.2338,23.2423],[85.2312,23.2448],[85.228,23.2421],[85.2289,23.24],[85.2262,23.2364],[85.2267,23.2305],[85.2326,23.2282],[85.2384,23.2278],[85.2361,23.2211],[85.236,23.2167],[85.2331,23.2159],[85.2243,23.2103],[85.222,23.2075],[85.2254,23.2057],[85.2265,23.2017],[85.2313,23.1983],[85.2395,23.1988],[85.2443,23.1981],[85.2465,23.199],[85.2523,23.2048],[85.2527,23.2066],[85.2509,23.2125],[85.2512,23.2156],[85.2539,23.2172],[85.2579,23.2171],[85.2706,23.2186],[85.2703,23.2225],[85.2747,23.2257],[85.2794,23.2251],[85.2828,23.2263],[85.2822,23.2232],[85.2828,23.2181],[85.2894,23.2164],[85.2879,23.2138],[85.2895,23.2097],[85.2875,23.2042],[85.2931,23.2014],[85.2958,23.1988],[85.2965,23.195],[85.2987,23.1921],[85.3013,23.1925],[85.3097,23.1897],[85.3146,23.1888],[85.3205,23.1869],[85.3193,23.1834],[85.3218,23.1823],[85.3217,23.1783],[85.3259,23.1784],[85.3319,23.1862],[85.3391,23.1888],[85.3376,23.1929],[85.3392,23.1996],[85.3362,23.2043],[85.3359,23.2068],[85.3383,23.2075],[85.3441,23.2058],[85.3461,23.2025],[85.3453,23.1991],[85.3478,23.1964],[85.3485,23.1936],[85.3552,23.1923],[85.356,23.1864],[85.3575,23.1845],[85.3607,23.184],[85.3651,23.1856],[85.3673,23.1843],[85.3693,23.1853],[85.3741,23.1857],[85.3759,23.1839],[85.378,23.1856],[85.3852,23.1934],[85.393,23.1902],[85.3945,23.1912],[85.4014,23.1902],[85.4034,23.1849],[85.4022,23.1788],[85.4048,23.1771],[85.4109,23.1767],[85.4136,23.1756],[85.4169,23.1728],[85.4225,23.1724],[85.4253,23.1742],[85.4336,23.1762],[85.4376,23.1744],[85.4432,23.1791],[85.4491,23.1783],[85.4535,23.177],[85.4654,23.1795],[85.4663,23.1804],[85.4706,23.1861],[85.4697,23.1888],[85.4662,23.1899],[85.4635,23.1921],[85.465,23.1943],[85.4627,23.1961],[85.4648,23.2052],[85.4674,23.2091],[85.4676,23.2116],[85.4715,23.2166],[85.4734,23.2212],[85.4772,23.2177],[85.4801,23.2183],[85.4863,23.218],[85.489,23.2188],[85.4946,23.2258],[85.4986,23.2271],[85.504,23.2307],[85.5022,23.2328],[85.501,23.2378],[85.4975,23.2371],[85.4949,23.2409],[85.4959,23.2437],[85.4987,23.245],[85.5046,23.2493],[85.5183,23.2567],[85.524,23.2541],[85.5276,23.2503],[85.5318,23.2472],[85.5346,23.2468],[85.5407,23.2483],[85.5476,23.2493],[85.55,23.2486],[85.5532,23.2499]]]},"properties":{"id":"in:subdistrict:2690","level":"subdistrict","name":"Namkum","code":2690,"parent":"in:district:339","state":"in:state:20"}},{"type":"Feature","geometry":{"type":"Polygon","coordinates":[[[85.1965,22.8239],[85.1965,22.8218],[85.1898,22.8152],[85.1937,22.8138],[85.1968,22.8164],[85.2011,22.8148],[85.2019,22.8173],[85.2047,22.8175],[85.2078,22.8234],[85.2129,22.8233],[85.2145,22.8266],[85.2173,22.8245],[85.2209,22.8318],[85.2233,22.8331],[85.2264,22.8375],[85.2287,22.8367],[85.234,22.8381],[85.2384,22.8356],[85.2403,22.8359],[85.2425,22.8338],[85.2455,22.8346],[85.2484,22.8341],[85.2506,22.842],[85.2524,22.8446],[85.2558,22.847],[85.2589,22.8462],[85.2591,22.8438],[85.2647,22.8462],[85.2644,22.8514],[85.268,22.8562],[85.2668,22.8589],[85.2692,22.8596],[85.2711,22.862],[85.2742,22.8601],[85.2748,22.8632],[85.2794,22.8656],[85.2789,22.8669],[85.281,22.8704],[85.2839,22.8684],[85.2859,22.8708],[85.2887,22.8703],[85.2883,22.8731],[85.2915,22.8726],[85.2973,22.8757],[85.3035,22.8745],[85.3078,22.8777],[85.307,22.8806],[85.3091,22.8831],[85.313,22.8812],[85.3166,22.8822],[85.318,22.8775],[85.3225,22.8801],[85.3394,22.8864],[85.3414,22.881],[85.3495,22.8804],[85.3518,22.8813],[85.3525,22.8855],[85.3547,22.8908],[85.3541,22.8928],[85.358,22.8973],[85.369,22.8978],[85.3721,22.9009],[85.3761,22.9027],[85.3824,22.9023],[85.3835,22.9046],[85.3871,22.9079],[85.3898,22.9066],[85.3905,22.9098],[85.3923,22.9117],[85.3892,22.9186],[85.3932,22.9217],[85.3916,22.9267],[85.387,22.931],[85.3851,22.9342],[85.3798,22.9341],[85.3771,22.9317],[85.37,22.9296],[85.3654,22.9302],[85.3663,22.9327],[85.3658,22.9355],[85.3677,22.938],[85.3681,22.9425],[85.3706,22.9429],[85.374,22.9461],[85.3719,22.9508],[85.3799,22.9556],[85.38,22.9571],[85.3837,22.959],[85.3974,22.9616],[85.4033,22.9621],[85.4068,22.9592],[85.4162,22.9567],[85.4165,22.9602],[85.4155,22.9641],[85.4199,22.9647],[85.432,22.9655],[85.4378,22.9675],[85.4382,22.9715],[85.4503,22.9728],[85.453,22.9734],[85.4526,22.9764],[85.4547,22.9774],[85.4525,22.982],[85.451,22.9866],[85.4517,22.9891],[85.4603,22.989],[85.4748,22.9897],[85.4732,23.0004],[85.4714,23.0074],[85.4636,23.0087],[85.4617,23.0126],[85.4596,23.0129],[85.4572,23.0201],[85.4582,23.0253],[85.449,23.0245],[85.4414,23.0249],[85.43,23.0245],[85.4176,23.0258],[85.4137,23.027],[85.4129,23.0296],[85.417,23.0372],[85.4186,23.042],[85.4176,23.0454],[85.4195,23.0519],[85.4172,23.0586],[85.4242,23.0588],[85.4283,23.0618],[85.4287,23.0648],[85.4275,23.0707],[85.4271,23.0782],[85.4216,23.0785],[85.4197,23.0747],[85.4175,23.0723],[85.4134,23.0719],[85.4113,23.0697],[85.4071,23.0677],[85.4064,23.0646],[85.4017,23.0634],[85.3988,23.0639],[85.3968,23.0696],[85.3969,23.0727],[85.3984,23.0786],[85.3986,23.084],[85.3973,23.0849],[85.3946,23.0909],[85.3927,23.0904],[85.3903,23.0868],[85.3896,23.0812],[85.3899,23.0728],[85.3874,23.065],[85.3814,23.0675],[85.3742,23.069],[85.3745,23.0708],[85.3714,23.0722],[85.3634,23.0705],[85.3604,23.0711],[85.3564,23.0674],[85.3583,23.0599],[85.3568,23.0547],[85.3448,23.0543],[85.345,23.052],[85.3417,23.0487],[85.3402,23.0446],[85.3432,23.0425],[85.3453,23.0432],[85.347,23.0414],[85.347,23.0381],[85.3557,23.04],[85.3644,23.0405],[85.3652,23.0348],[85.3683,23.0306],[85.3681,23.0289],[85.359,23.0308],[85.3573,23.0192],[85.3543,23.0144],[85.3547,23.007],[85.3507,23.0047],[85.349,23.0006],[85.3465,22.9999],[85.3385,22.9992],[85.331,23.0015],[85.3286,23.0035],[85.3247,22.9998],[85.3242,22.9957],[85.3209,22.996],[85.3178,22.9935],[85.3076,22.9923],[85.2927,22.9919],[85.2921,22.9956],[85.2926,22.9999],[85.2903,23.0014],[85.2896,23.0043],[85.2927,23.0044],[85.2933,23.0088],[85.2919,23.0138],[85.2897,23.0179],[85.2855,23.021],[85.2858,23.0232],[85.2883,23.024],[85.29,23.0283],[85.2891,23.0316],[85.2906,23.0341],[85.289,23.0366],[85.2827,23.0383],[85.2803,23.0415],[85.28,23.0477],[85.273,23.0504],[85.2696,23.0508],[85.2658,23.0501],[85.264,23.0554],[85.2594,23.0559],[85.2596,23.0579],[85.2569,23.0591],[85.2499,23.0608],[85.2456,23.0644],[85.2431,23.0653],[85.2394,23.065],[85.236,23.067],[85.2346,23.0696],[85.2344,23.0736],[85.2321,23.0749],[85.2324,23.0787],[85.2304,23.0801],[85.2255,23.0812],[85.2213,23.0812],[85.2164,23.0825],[85.2114,23.0826],[85.204,23.084],[85.2016,23.0824],[85.196,23.082],[85.1949,23.0735],[85.1956,23.0698],[85.1974,23.067],[85.202,23.0674],[85.2076,23.065],[85.2091,23.0621],[85.2096,23.055],[85.203,23.0576],[85.1972,23.0553],[85.1889,23.0537],[85.1894,23.0509],[85.188,23.0488],[85.1852,23.0485],[85.1844,23.0466],[85.1847,23.0406],[85.1921,23.0386],[85.1984,23.0347],[85.1985,23.0305],[85.2006,23.0292],[85.2108,23.0259],[85.2133,23.0303],[85.2212,23.0306],[85.226,23.0291],[85.2308,23.0236],[85.2285,23.02],[85.233,23.0163],[85.2325,23.0106],[85.2302,23.0085],[85.2232,23.0037],[85.2128,23.0087],[85.2111,23.0089],[85.207,23.0129],[85.2035,23.0142],[85.1996,23.0105],[85.1956,23.0129],[85.1932,23.0121],[85.194,23.0072],[85.1907,23.0045],[85.1905,22.9925],[85.1916,22.9908],[85.1957,22.9922],[85.1979,22.9917],[85.2018,22.9944],[85.2061,22.9904],[85.2098,22.9887],[85.2133,22.9888],[85.2167,22.9859],[85.2178,22.9814],[85.2177,22.9764],[85.2164,22.9711],[85.2135,22.9666],[85.2157,22.9625],[85.2154,22.9592],[85.2164,22.9576],[85.2132,22.9558],[85.2079,22.9541],[85.2093,22.951],[85.2088,22.9457],[85.2167,22.9469],[85.2262,22.9437],[85.2395,22.9438],[85.2412,22.9402],[85.2405,22.9354],[85.241,22.932],[85.2445,22.9296],[85.2446,22.9257],[85.24,22.9229],[85.2345,22.9184],[85.238,22.9154],[85.2362,22.9125],[85.2406,22.9098],[85.2419,22.9069],[85.2392,22.9067],[85.237,22.9088],[85.234,22.9071],[85.2335,22.9033],[85.2304,22.9016],[85.2332,22.8983],[85.2267,22.8958],[85.2261,22.8923],[85.2231,22.8902],[85.2205,22.89],[85.217,22.8876],[85.2172,22.8853],[85.2198,22.8852],[85.2185,22.8819],[85.2187,22.8784],[85.2175,22.8763],[85.2203,22.874],[85.2197,22.8725],[85.2132,22.8688],[85.2108,22.8683],[85.203,22.8635],[85.2034,22.8614],[85.2064,22.856],[85.2083,22.8544],[85.2074,22.8516],[85.2096,22.8435],[85.2111,22.8429],[85.202,22.8354],[85.2018,22.8292],[85.1993,22.8275],[85.1965,22.8239]]]},"properties":{"id":"in:subdistrict:2703","level":"subdistrict","name":"Murhu","code":2703,"parent":"in:district:606","state":"in:state:20"}},{"type":"Feature","geometry":{"type":"Polygon","coordinates":[[[85.6151,23.1149],[85.6131,23.1148],[85.6088,23.1171],[85.6018,23.1194],[85.5961,23.1158],[85.5915,23.1159],[85.5853,23.1204],[85.5838,23.1189],[85.5799,23.1197],[85.5787,23.1129],[85.5744,23.1122],[85.5714,23.1165],[85.5656,23.115],[85.5616,23.1194],[85.5591,23.1194],[85.5563,23.1173],[85.5528,23.1169],[85.5446,23.1183],[85.5408,23.1174],[85.5391,23.1197],[85.5341,23.1209],[85.5298,23.1196],[85.5249,23.1202],[85.5201,23.1216],[85.5073,23.1207],[85.4997,23.1218],[85.4953,23.1217],[85.4877,23.123],[85.4858,23.1183],[85.4868,23.1169],[85.4833,23.1144],[85.4823,23.1079],[85.4824,23.1004],[85.4832,23.0971],[85.4828,23.0905],[85.4866,23.0864],[85.4911,23.0865],[85.4971,23.0891],[85.4986,23.0872],[85.5051,23.0879],[85.5056,23.0842],[85.507,23.0809],[85.5108,23.0804],[85.5119,23.0846],[85.5203,23.0856],[85.5241,23.0855],[85.5248,23.0823],[85.5285,23.0831],[85.5317,23.0812],[85.5347,23.0816],[85.5357,23.0797],[85.5352,23.0769],[85.5376,23.0736],[85.5478,23.0706],[85.5529,23.0708],[85.5515,23.0634],[85.5489,23.0628],[85.5434,23.0586],[85.5425,23.0565],[85.5416,23.0486],[85.5303,23.0476],[85.5296,23.0435],[85.5257,23.0373],[85.5244,23.0337],[85.519,23.0325],[85.513,23.0254],[85.5071,23.0208],[85.5024,23.0192],[85.4985,23.0187],[85.494,23.0165],[85.4863,23.0164],[85.4775,23.0171],[85.4771,23.0215],[85.4719,23.023],[85.4651,23.0224],[85.4643,23.0205],[85.4572,23.0201],[85.4596,23.0129],[85.4617,23.0126],[85.4636,23.0087],[85.4714,23.0074],[85.4732,23.0004],[85.4748,22.9897],[85.4603,22.989],[85.4517,22.9891],[85.451,22.9866],[85.4525,22.982],[85.4547,22.9774],[85.4526,22.9764],[85.453,22.9734],[85.4503,22.9728],[85.4382,22.9715],[85.4378,22.9675],[85.432,22.9655],[85.4199,22.9647],[85.4155,22.9641],[85.4165,22.9602],[85.4162,22.9567],[85.4068,22.9592],[85.4033,22.9621],[85.3974,22.9616],[85.3837,22.959],[85.38,22.9571],[85.3799,22.9556],[85.3719,22.9508],[85.374,22.9461],[85.3706,22.9429],[85.3681,22.9425],[85.3677,22.938],[85.3658,22.9355],[85.3663,22.9327],[85.3654,22.9302],[85.37,22.9296],[85.3771,22.9317],[85.3798,22.9341],[85.3851,22.9342],[85.387,22.931],[85.3916,22.9267],[85.3932,22.9217],[85.3892,22.9186],[85.3923,22.9117],[85.3905,22.9098],[85.3898,22.9066],[85.3871,22.9079],[85.3835,22.9046],[85.3824,22.9023],[85.3761,22.9027],[85.3721,22.9009],[85.369,22.8978],[85.358,22.8973],[85.3541,22.8928],[85.3547,22.8908],[85.3525,22.8855],[85.3518,22.8813],[85.355,22.8809],[85.3561,22.878],[85.358,22.8768],[85.3581,22.8721],[85.3634,22.8696],[85.372,22.8634],[85.3779,22.8625],[85.387,22.8676],[85.3917,22.8599],[85.3921,22.8574],[85.3882,22.8496],[85.3886,22.8422],[85.3898,22.8418],[85.3954,22.8456],[85.4058,22.8481],[85.4099,22.844],[85.4119,22.8403],[85.4136,22.839],[85.4179,22.8387],[85.4197,22.8402],[85.4197,22.832],[85.429,22.8359],[85.4311,22.8375],[85.4342,22.8372],[85.4371,22.8328],[85.4394,22.831],[85.4425,22.8305],[85.4402,22.824],[85.4406,22.822],[85.443,22.82],[85.4465,22.8206],[85.4507,22.8233],[85.4511,22.814],[85.4507,22.8124],[85.4531,22.8084],[85.4544,22.8016],[85.4615,22.8006],[85.4642,22.8009],[85.4717,22.7993],[85.4792,22.8056],[85.4871,22.805],[85.4912,22.8041],[85.4984,22.8001],[85.5035,22.8001],[85.5056,22.8011],[85.5103,22.8051],[85.5135,22.8072],[85.517,22.807],[85.5165,22.8111],[85.5181,22.8135],[85.5166,22.8157],[85.5163,22.8186],[85.5146,22.8194],[85.5148,22.8237],[85.5132,22.8272],[85.5155,22.8308],[85.5199,22.8288],[85.5207,22.8307],[85.5203,22.8349],[85.5216,22.839],[85.5217,22.8424],[85.5281,22.8451],[85.5294,22.8466],[85.5292,22.8495],[85.5319,22.8523],[85.5308,22.8579],[85.5295,22.8608],[85.5293,22.8639],[85.5315,22.8643],[85.5334,22.8684],[85.5358,22.8658],[85.5403,22.8649],[85.5419,22.8661],[85.5431,22.8713],[85.5461,22.872],[85.5511,22.8767],[85.558,22.8801],[85.5586,22.8742],[85.5578,22.8717],[85.5589,22.864],[85.5599,22.8617],[85.563,22.86],[85.567,22.863],[85.5719,22.8621],[85.575,22.8628],[85.5817,22.866],[85.583,22.8681],[85.5828,22.8713],[85.5861,22.8776],[85.587,22.8805],[85.5947,22.8858],[85.6,22.8909],[85.6022,22.8938],[85.5951,22.8952],[85.5903,22.897],[85.5864,22.8966],[85.5831,22.8949],[85.5824,22.8999],[85.5806,22.9071],[85.5775,22.9074],[85.5696,22.9129],[85.5671,22.9169],[85.5604,22.9223],[85.5581,22.922],[85.5547,22.9258],[85.5506,22.9236],[85.5493,22.9303],[85.5529,22.9327],[85.561,22.9369],[85.566,22.943],[85.5646,22.9514],[85.5682,22.9502],[85.5736,22.9499],[85.5796,22.952],[85.5826,22.9469],[85.5871,22.9458],[85.5855,22.9491],[85.5856,22.9517],[85.5917,22.9533],[85.5924,22.9563],[85.5905,22.9584],[85.5905,22.9604],[85.5923,22.9631],[85.6003,22.9623],[85.6038,22.9632],[85.602,22.9732],[85.601,22.9871],[85.5984,22.994],[85.5954,22.9962],[85.5962,22.9999],[85.5998,22.9993],[85.6011,23.001],[85.6037,22.9958],[85.6086,22.9937],[85.6147,22.992],[85.6214,22.9945],[85.6265,22.9935],[85.6299,22.9908],[85.6378,22.9925],[85.6396,22.9946],[85.6423,22.9949],[85.6558,23.0046],[85.6491,23.0056],[85.647,23.0099],[85.6439,23.0118],[85.64,23.0169],[85.6411,23.0233],[85.6343,23.0286],[85.6347,23.0338],[85.6307,23.0333],[85.6287,23.0302],[85.6265,23.0312],[85.6268,23.0372],[85.6228,23.0405],[85.6232,23.0433],[85.6262,23.0433],[85.6252,23.0471],[85.6221,23.0505],[85.6267,23.0526],[85.6299,23.0517],[85.6329,23.0538],[85.638,23.0556],[85.633,23.0627],[85.6334,23.0637],[85.6276,23.0696],[85.6256,23.0704],[85.6187,23.07],[85.6159,23.0691],[85.6126,23.0649],[85.6056,23.0633],[85.6018,23.0635],[85.598,23.0624],[85.596,23.0644],[85.5919,23.0644],[85.5838,23.0618],[85.5811,23.0649],[85.587,23.0701],[85.5877,23.0715],[85.593,23.0748],[85.6063,23.0803],[85.6151,23.0801],[85.6185,23.0815],[85.6213,23.0884],[85.6221,23.0937],[85.6187,23.1018],[85.6138,23.1071],[85.6151,23.1149]]]},"properties":{"id":"in:subdistrict:2705","level":"subdistrict","name":"Erki(Tamar II)","code":2705,"parent":"in:district:606","state":"in:state:20"}},{"type":"Feature","geometry":{"type":"Polygon","coordinates":[[[85.158,22.8278],[85.1602,22.8226],[85.1525,22.8124],[85.1498,22.8103],[85.1477,22.8056],[85.1462,22.7984],[85.1433,22.7925],[85.1415,22.787],[85.14,22.7779],[85.1405,22.763],[85.1371,22.754],[85.1424,22.751],[85.1478,22.747],[85.1473,22.7461],[85.1504,22.7457],[85.1531,22.7439],[85.1567,22.7456],[85.1649,22.7482],[85.1695,22.748],[85.1704,22.7499],[85.1775,22.7508],[85.1809,22.7523],[85.1839,22.7496],[85.1908,22.7572],[85.1921,22.7628],[85.2001,22.7668],[85.2009,22.7684],[85.2052,22.7688],[85.2103,22.7717],[85.2153,22.7702],[85.2191,22.7733],[85.2239,22.7753],[85.2356,22.7763],[85.2384,22.7752],[85.2423,22.7723],[85.2432,22.7703],[85.247,22.7657],[85.2514,22.7635],[85.2502,22.7613],[85.2457,22.7567],[85.2467,22.7536],[85.249,22.7504],[85.259,22.7521],[85.2641,22.7514],[85.2692,22.7499],[85.2725,22.7472],[85.2747,22.7479],[85.2813,22.7452],[85.2838,22.7433],[85.2854,22.7376],[85.2877,22.7395],[85.2896,22.739],[85.2921,22.736],[85.2958,22.7332],[85.2986,22.7327],[85.2993,22.7361],[85.2942,22.7422],[85.2926,22.7473],[85.2896,22.7465],[85.2867,22.7517],[85.2869,22.7538],[85.2838,22.7568],[85.2788,22.758],[85.2787,22.7619],[85.2844,22.7628],[85.2876,22.7643],[85.2936,22.7631],[85.295,22.7638],[85.3011,22.7633],[85.3043,22.7586],[85.3102,22.759],[85.3136,22.7577],[85.3169,22.7581],[85.3178,22.7606],[85.3162,22.7627],[85.316,22.771],[85.3196,22.77],[85.3224,22.7708],[85.3248,22.7701],[85.3274,22.7709],[85.3288,22.7695],[85.3293,22.7661],[85.3311,22.7635],[85.3309,22.7595],[85.3326,22.752],[85.3311,22.7452],[85.3306,22.7411],[85.3358,22.7397],[85.3404,22.737],[85.3419,22.7383],[85.3461,22.7378],[85.3488,22.739],[85.3518,22.7436],[85.3595,22.7477],[85.3635,22.7476],[85.3642,22.7515],[85.3708,22.7544],[85.3747,22.7545],[85.3775,22.7519],[85.3777,22.7489],[85.3756,22.745],[85.3761,22.7407],[85.3734,22.7367],[85.3678,22.7328],[85.3671,22.7299],[85.3691,22.7267],[85.3713,22.7274],[85.375,22.734],[85.3768,22.7304],[85.3816,22.7294],[85.3841,22.7271],[85.3845,22.7246],[85.3826,22.7156],[85.3847,22.714],[85.3845,22.7115],[85.3819,22.7061],[85.3822,22.7036],[85.3852,22.7027],[85.3883,22.7004],[85.3874,22.6974],[85.382,22.6974],[85.3799,22.6933],[85.3759,22.6901],[85.3761,22.6884],[85.3799,22.687],[85.3854,22.6884],[85.3875,22.6868],[85.3848,22.6823],[85.378,22.6827],[85.3743,22.6777],[85.374,22.6727],[85.3715,22.6656],[85.3694,22.6623],[85.3612,22.6587],[85.3595,22.657],[85.3583,22.6531],[85.3594,22.6499],[85.3621,22.6473],[85.3623,22.645],[85.3599,22.6426],[85.361,22.6397],[85.3685,22.6353],[85.3783,22.6385],[85.3852,22.6388],[85.389,22.6415],[85.3922,22.6475],[85.4046,22.6582],[85.4084,22.6595],[85.4183,22.6592],[85.4307,22.6646],[85.4329,22.6669],[85.4427,22.6684],[85.4512,22.6717],[85.4563,22.6703],[85.4641,22.6693],[85.4667,22.6684],[85.4725,22.6649],[85.4852,22.665],[85.4903,22.6658],[85.4944,22.6642],[85.4972,22.6618],[85.5006,22.6574],[85.5032,22.6561],[85.5109,22.647],[85.5131,22.6461],[85.5183,22.6462],[85.5248,22.6439],[85.5275,22.6439],[85.5352,22.6485],[85.5378,22.6445],[85.5416,22.6428],[85.5423,22.6389],[85.5449,22.637],[85.5524,22.6377],[85.5593,22.6378],[85.5621,22.6384],[85.5616,22.6452],[85.5625,22.6481],[85.5627,22.6529],[85.5618,22.6541],[85.5547,22.6578],[85.5562,22.6621],[85.5579,22.6638],[85.5577,22.675],[85.5607,22.6788],[85.5632,22.6833],[85.565,22.6836],[85.5693,22.6873],[85.5758,22.6913],[85.5824,22.6936],[85.5838,22.6925],[85.5864,22.6942],[85.5876,22.7002],[85.5892,22.7021],[85.5857,22.7098],[85.5834,22.7124],[85.5835,22.7146],[85.5802,22.7208],[85.5721,22.7208],[85.5724,22.7258],[85.565,22.7269],[85.5619,22.7284],[85.5596,22.7342],[85.5621,22.738],[85.5585,22.7396],[85.5567,22.7433],[85.5547,22.7452],[85.5573,22.7498],[85.5573,22.7555],[85.5566,22.7604],[85.5564,22.7675],[85.5547,22.7713],[85.5501,22.7708],[85.5483,22.7752],[85.5456,22.777],[85.5425,22.7777],[85.5399,22.7768],[85.5347,22.7771],[85.5256,22.7845],[85.5142,22.7884],[85.51,22.7903],[85.5076,22.793],[85.5035,22.8001],[85.4984,22.8001],[85.4912,22.8041],[85.4871,22.805],[85.4792,22.8056],[85.4717,22.7993],[85.4642,22.8009],[85.4615,22.8006],[85.4544,22.8016],[85.4531,22.8084],[85.4507,22.8124],[85.4511,22.814],[85.4507,22.8233],[85.4465,22.8206],[85.443,22.82],[85.4406,22.822],[85.4402,22.824],[85.4425,22.8305],[85.4394,22.831],[85.4371,22.8328],[85.4342,22.8372],[85.4311,22.8375],[85.429,22.8359],[85.4197,22.832],[85.4197,22.8402],[85.4179,22.8387],[85.4136,22.839],[85.4119,22.8403],[85.4099,22.844],[85.4058,22.8481],[85.3954,22.8456],[85.3898,22.8418],[85.3886,22.8422],[85.3882,22.8496],[85.3921,22.8574],[85.3917,22.8599],[85.387,22.8676],[85.3779,22.8625],[85.372,22.8634],[85.3634,22.8696],[85.3581,22.8721],[85.358,22.8768],[85.3561,22.878],[85.355,22.8809],[85.3518,22.8813],[85.3495,22.8804],[85.3414,22.881],[85.3394,22.8864],[85.3225,22.8801],[85.318,22.8775],[85.3166,22.8822],[85.313,22.8812],[85.3091,22.8831],[85.307,22.8806],[85.3078,22.8777],[85.3035,22.8745],[85.2973,22.8757],[85.2915,22.8726],[85.2883,22.8731],[85.2887,22.8703],[85.2859,22.8708],[85.2839,22.8684],[85.281,22.8704],[85.2789,22.8669],[85.2794,22.8656],[85.2748,22.8632],[85.2742,22.8601],[85.2711,22.862],[85.2692,22.8596],[85.2668,22.8589],[85.268,22.8562],[85.2644,22.8514],[85.2647,22.8462],[85.2591,22.8438],[85.2589,22.8462],[85.2558,22.847],[85.2524,22.8446],[85.2506,22.842],[85.2484,22.8341],[85.2455,22.8346],[85.2425,22.8338],[85.2403,22.8359],[85.2384,22.8356],[85.234,22.8381],[85.2287,22.8367],[85.2264,22.8375],[85.2233,22.8331],[85.2209,22.8318],[85.2173,22.8245],[85.2145,22.8266],[85.2129,22.8233],[85.2078,22.8234],[85.2047,22.8175],[85.2019,22.8173],[85.2011,22.8148],[85.1968,22.8164],[85.1937,22.8138],[85.1898,22.8152],[85.1965,22.8218],[85.1965,22.8239],[85.1928,22.8267],[85.1871,22.8244],[85.184,22.8252],[85.1797,22.8285],[85.176,22.8324],[85.1729,22.8346],[85.1687,22.8356],[85.1602,22.8338],[85.1581,22.8319],[85.158,22.8278]]]},"properties":{"id":"in:subdistrict:2730","level":"subdistrict","name":"Bandgaon","code":2730,"parent":"in:district:343","state":"in:state:20"}},{"type":"Feature","geometry":{"type":"Polygon","coordinates":[[[85.361,22.6397],[85.3574,22.6369],[85.3581,22.6346],[85.3565,22.6306],[85.3617,22.6274],[85.3673,22.6251],[85.3711,22.6274],[85.3728,22.6274],[85.3749,22.6236],[85.3773,22.6216],[85.384,22.6176],[85.3837,22.6127],[85.3824,22.6084],[85.3828,22.6042],[85.3853,22.602],[85.388,22.6012],[85.3886,22.5923],[85.3872,22.5888],[85.388,22.587],[85.3923,22.5845],[85.3948,22.5792],[85.3943,22.5775],[85.3984,22.575],[85.4053,22.5737],[85.4075,22.5758],[85.4105,22.5764],[85.4122,22.5703],[85.4085,22.5681],[85.4029,22.5588],[85.4023,22.5478],[85.3968,22.5482],[85.395,22.5456],[85.3916,22.5434],[85.3907,22.5416],[85.3911,22.5375],[85.3939,22.5346],[85.3934,22.5275],[85.3965,22.5282],[85.3993,22.5249],[85.4004,22.5222],[85.4062,22.5204],[85.4151,22.5221],[85.4205,22.5215],[85.4226,22.5173],[85.4258,22.5171],[85.4278,22.5149],[85.4343,22.514],[85.4363,22.5159],[85.4411,22.5159],[85.444,22.5183],[85.4497,22.518],[85.4529,22.5198],[85.4533,22.5239],[85.4613,22.5279],[85.4622,22.5333],[85.4634,22.535],[85.4616,22.5418],[85.4617,22.5453],[85.464,22.5482],[85.4652,22.5543],[85.4699,22.5571],[85.4778,22.5581],[85.4795,22.5593],[85.483,22.559],[85.4891,22.5604],[85.495,22.5635],[85.4963,22.5672],[85.5,22.5687],[85.5056,22.5694],[85.5087,22.5737],[85.5147,22.5758],[85.5139,22.5799],[85.52,22.5837],[85.5217,22.5829],[85.5221,22.5784],[85.5267,22.5773],[85.5283,22.5738],[85.5286,22.5683],[85.5295,22.5659],[85.5386,22.5644],[85.5403,22.5652],[85.5386,22.5708],[85.5443,22.5706],[85.5478,22.5713],[85.5461,22.5753],[85.5456,22.5827],[85.5477,22.5854],[85.5605,22.5806],[85.562,22.5798],[85.5622,22.5839],[85.564,22.5899],[85.5641,22.6018],[85.5651,22.6037],[85.5747,22.6047],[85.5771,22.6094],[85.5775,22.6131],[85.5794,22.618],[85.574,22.6196],[85.5691,22.6197],[85.5651,22.6189],[85.5608,22.6194],[85.5567,22.6217],[85.5547,22.6296],[85.5537,22.6308],[85.5524,22.6377],[85.5449,22.637],[85.5423,22.6389],[85.5416,22.6428],[85.5378,22.6445],[85.5352,22.6485],[85.5275,22.6439],[85.5248,22.6439],[85.5183,22.6462],[85.5131,22.6461],[85.5109,22.647],[85.5032,22.6561],[85.5006,22.6574],[85.4972,22.6618],[85.4944,22.6642],[85.4903,22.6658],[85.4852,22.665],[85.4725,22.6649],[85.4667,22.6684],[85.4641,22.6693],[85.4563,22.6703],[85.4512,22.6717],[85.4427,22.6684],[85.4329,22.6669],[85.4307,22.6646],[85.4183,22.6592],[85.4084,22.6595],[85.4046,22.6582],[85.3922,22.6475],[85.389,22.6415],[85.3852,22.6388],[85.3783,22.6385],[85.3685,22.6353],[85.361,22.6397]]]},"properties":{"id":"in:subdistrict:2728","level":"subdistrict","name":"Sonua","code":2728,"parent":"in:district:343","state":"in:state:20"}},{"type":"Feature","geometry":{"type":"Polygon","coordinates":[[[85.3934,22.5275],[85.3918,22.5286],[85.3919,22.5327],[85.3884,22.536],[85.3869,22.5393],[85.3851,22.5404],[85.3864,22.5431],[85.3909,22.5478],[85.391,22.5509],[85.3893,22.5527],[85.3823,22.553],[85.3802,22.5504],[85.3828,22.5495],[85.3821,22.5465],[85.3797,22.5454],[85.3764,22.5457],[85.3719,22.5419],[85.3703,22.5426],[85.3688,22.5483],[85.369,22.553],[85.3717,22.5543],[85.3737,22.5606],[85.3778,22.5632],[85.3783,22.5712],[85.3745,22.5721],[85.3697,22.5712],[85.3616,22.5725],[85.362,22.5819],[85.3599,22.5847],[85.3556,22.587],[85.3497,22.5886],[85.3467,22.592],[85.3439,22.599],[85.3391,22.6042],[85.3395,22.612],[85.3392,22.6154],[85.3416,22.6227],[85.3394,22.6297],[85.3394,22.638],[85.3349,22.6405],[85.3301,22.6416],[85.328,22.6408],[85.3285,22.636],[85.3266,22.6305],[85.324,22.6282],[85.3167,22.6303],[85.3128,22.6307],[85.3091,22.6322],[85.2889,22.6258],[85.2852,22.6245],[85.2845,22.6182],[85.2823,22.615],[85.2829,22.6113],[85.2816,22.6096],[85.2844,22.6065],[85.2852,22.6025],[85.2824,22.6024],[85.2801,22.5993],[85.2806,22.5972],[85.283,22.5954],[85.2805,22.5919],[85.2804,22.589],[85.2719,22.5906],[85.2701,22.5863],[85.2735,22.5816],[85.272,22.5787],[85.2697,22.5769],[85.2626,22.5754],[85.2541,22.576],[85.2452,22.5795],[85.2391,22.5843],[85.2271,22.5913],[85.2254,22.5873],[85.2244,22.5827],[85.2227,22.5789],[85.2196,22.5754],[85.2189,22.5697],[85.2237,22.5652],[85.2276,22.5625],[85.2334,22.5561],[85.2351,22.5533],[85.2387,22.5498],[85.2427,22.5472],[85.2444,22.5433],[85.2432,22.5405],[85.2355,22.5383],[85.227,22.5343],[85.2247,22.5326],[85.2215,22.5268],[85.2209,22.5197],[85.2232,22.515],[85.2229,22.5107],[85.2185,22.5077],[85.2178,22.5007],[85.2188,22.4953],[85.2248,22.491],[85.2249,22.4897],[85.2392,22.4804],[85.2449,22.477],[85.2452,22.4737],[85.2475,22.4702],[85.247,22.4669],[85.2501,22.4661],[85.2525,22.4639],[85.2553,22.4581],[85.2557,22.4557],[85.2656,22.4553],[85.271,22.4561],[85.2743,22.4535],[85.2743,22.4517],[85.2701,22.4452],[85.2688,22.437],[85.2624,22.4286],[85.2616,22.4265],[85.2652,22.4243],[85.2673,22.4218],[85.2815,22.4157],[85.287,22.4165],[85.2909,22.4155],[85.2961,22.4155],[85.2982,22.4123],[85.2934,22.4091],[85.2869,22.4058],[85.2844,22.403],[85.2868,22.4003],[85.2828,22.3984],[85.2784,22.3944],[85.2721,22.3913],[85.2643,22.3852],[85.2625,22.3843],[85.2599,22.38],[85.2583,22.3715],[85.2568,22.3671],[85.254,22.3644],[85.2507,22.3578],[85.254,22.3545],[85.2561,22.3548],[85.2613,22.354],[85.2634,22.3575],[85.2653,22.3579],[85.268,22.354],[85.271,22.3535],[85.2726,22.3546],[85.2737,22.3615],[85.2768,22.3625],[85.2798,22.3652],[85.2847,22.3674],[85.2867,22.3703],[85.2932,22.3745],[85.3003,22.3716],[85.3064,22.3712],[85.3104,22.3737],[85.3123,22.3704],[85.31,22.3657],[85.3154,22.3655],[85.317,22.3676],[85.3192,22.3656],[85.3167,22.3618],[85.3123,22.3596],[85.3078,22.3589],[85.3059,22.3494],[85.3035,22.3446],[85.3001,22.341],[85.3026,22.3369],[85.3042,22.3294],[85.3114,22.3276],[85.3116,22.3262],[85.316,22.3214],[85.3222,22.3228],[85.3225,22.3268],[85.3265,22.3296],[85.3271,22.3313],[85.3308,22.3349],[85.3323,22.3383],[85.336,22.3428],[85.3422,22.3473],[85.3468,22.3486],[85.3505,22.3533],[85.3562,22.3513],[85.3598,22.3535],[85.3594,22.3582],[85.3615,22.3622],[85.3723,22.367],[85.3742,22.3688],[85.3785,22.3672],[85.3822,22.3686],[85.3828,22.3717],[85.3851,22.3729],[85.3897,22.3734],[85.3984,22.3726],[85.3979,22.3693],[85.4026,22.3709],[85.4049,22.3758],[85.4032,22.3796],[85.4111,22.3779],[85.4139,22.3768],[85.4177,22.3771],[85.4198,22.376],[85.4209,22.3726],[85.4229,22.3717],[85.4244,22.3756],[85.4287,22.3813],[85.436,22.3899],[85.4402,22.3959],[85.4426,22.4018],[85.4446,22.4008],[85.4459,22.3975],[85.449,22.394],[85.4525,22.3958],[85.4568,22.4002],[85.4589,22.4008],[85.4624,22.4054],[85.4698,22.4026],[85.4732,22.4049],[85.4812,22.4118],[85.4755,22.4195],[85.4719,22.4196],[85.4686,22.4244],[85.4699,22.4333],[85.4671,22.4371],[85.4683,22.4404],[85.4595,22.4553],[85.4562,22.4597],[85.4587,22.4626],[85.4575,22.4693],[85.4558,22.4718],[85.4527,22.4731],[85.4505,22.4761],[85.4542,22.4802],[85.4534,22.4836],[85.4585,22.4892],[85.4609,22.4964],[85.4628,22.4989],[85.4654,22.4991],[85.4702,22.4927],[85.475,22.4966],[85.4728,22.4996],[85.4758,22.5019],[85.4785,22.5013],[85.4796,22.4975],[85.4845,22.4971],[85.4865,22.4977],[85.4882,22.5014],[85.4915,22.5021],[85.4957,22.5073],[85.4948,22.5104],[85.4891,22.511],[85.4874,22.5134],[85.4883,22.5186],[85.4907,22.5236],[85.4884,22.5261],[85.4834,22.5259],[85.4827,22.5274],[85.4878,22.5285],[85.4945,22.5276],[85.4957,22.5239],[85.4978,22.5212],[85.5029,22.5195],[85.5137,22.519],[85.5201,22.5197],[85.5361,22.5224],[85.5454,22.5247],[85.5509,22.5251],[85.5508,22.5338],[85.5516,22.5363],[85.5576,22.5363],[85.566,22.5349],[85.5701,22.5351],[85.5753,22.5373],[85.5784,22.537],[85.5867,22.5394],[85.5908,22.5414],[85.5941,22.5451],[85.5965,22.5446],[85.5954,22.5419],[85.5987,22.5418],[85.6001,22.5392],[85.6047,22.5425],[85.6099,22.5405],[85.6163,22.5449],[85.6172,22.5465],[85.614,22.5488],[85.6097,22.5505],[85.6022,22.5484],[85.5983,22.5486],[85.5974,22.5518],[85.601,22.5539],[85.5999,22.5564],[85.5944,22.5563],[85.5909,22.5575],[85.5894,22.5545],[85.5897,22.5515],[85.5793,22.5506],[85.5741,22.5495],[85.5703,22.5507],[85.5673,22.5562],[85.568,22.5602],[85.5676,22.5632],[85.5649,22.5683],[85.5638,22.574],[85.562,22.5798],[85.5605,22.5806],[85.5477,22.5854],[85.5456,22.5827],[85.5461,22.5753],[85.5478,22.5713],[85.5443,22.5706],[85.5386,22.5708],[85.5403,22.5652],[85.5386,22.5644],[85.5295,22.5659],[85.5286,22.5683],[85.5283,22.5738],[85.5267,22.5773],[85.5221,22.5784],[85.5217,22.5829],[85.52,22.5837],[85.5139,22.5799],[85.5147,22.5758],[85.5087,22.5737],[85.5056,22.5694],[85.5,22.5687],[85.4963,22.5672],[85.495,22.5635],[85.4891,22.5604],[85.483,22.559],[85.4795,22.5593],[85.4778,22.5581],[85.4699,22.5571],[85.4652,22.5543],[85.464,22.5482],[85.4617,22.5453],[85.4616,22.5418],[85.4634,22.535],[85.4622,22.5333],[85.4613,22.5279],[85.4533,22.5239],[85.4529,22.5198],[85.4497,22.518],[85.444,22.5183],[85.4411,22.5159],[85.4363,22.5159],[85.4343,22.514],[85.4278,22.5149],[85.4258,22.5171],[85.4226,22.5173],[85.4205,22.5215],[85.4151,22.5221],[85.4062,22.5204],[85.4004,22.5222],[85.3993,22.5249],[85.3965,22.5282],[85.3934,22.5275]]]},"properties":{"id":"in:subdistrict:2733","level":"subdistrict","name":"Goilkera","code":2733,"parent":"in:district:343","state":"in:state:20"}},{"type":"Feature","geometry":{"type":"Polygon","coordinates":[[[85.2271,22.5913],[85.2286,22.5973],[85.2284,22.6004],[85.2264,22.6057],[85.2236,22.6085],[85.2196,22.6108],[85.2129,22.612],[85.206,22.6115],[85.2021,22.6131],[85.1973,22.6128],[85.1918,22.6091],[85.1882,22.6056],[85.1841,22.6032],[85.1802,22.602],[85.1719,22.6029],[85.1681,22.6006],[85.164,22.5965],[85.1515,22.5964],[85.1477,22.5981],[85.1431,22.6012],[85.1383,22.6026],[85.1341,22.6026],[85.1286,22.601],[85.1208,22.5961],[85.1143,22.5911],[85.106,22.587],[85.103,22.5849],[85.1009,22.5813],[85.0955,22.579],[85.0891,22.5771],[85.0886,22.5753],[85.0859,22.5742],[85.0776,22.5734],[85.0758,22.5741],[85.0739,22.5701],[85.071,22.5668],[85.0688,22.566],[85.0686,22.5622],[85.0723,22.5539],[85.0709,22.5499],[85.0723,22.548],[85.0695,22.5463],[85.0646,22.5394],[85.0677,22.5334],[85.0729,22.5303],[85.0777,22.525],[85.0791,22.5218],[85.0799,22.5172],[85.0796,22.5125],[85.0778,22.5036],[85.0746,22.4966],[85.0738,22.4926],[85.0673,22.4842],[85.0699,22.4802],[85.0718,22.4792],[85.076,22.4803],[85.078,22.4775],[85.074,22.4655],[85.0771,22.4638],[85.0729,22.4598],[85.069,22.458],[85.0642,22.4542],[85.0603,22.4496],[85.0611,22.4451],[85.0654,22.4423],[85.0672,22.4398],[85.0674,22.4351],[85.0664,22.4343],[85.0678,22.4284],[85.0754,22.4206],[85.0821,22.4165],[85.0799,22.4123],[85.0802,22.41],[85.0829,22.4071],[85.0865,22.3994],[85.0859,22.3985],[85.086,22.3917],[85.0965,22.39],[85.1016,22.3832],[85.1045,22.383],[85.1061,22.3813],[85.1106,22.3804],[85.114,22.3809],[85.1196,22.3834],[85.1201,22.3895],[85.1237,22.3887],[85.1259,22.3895],[85.1297,22.3892],[85.1395,22.3902],[85.1435,22.3923],[85.1487,22.3913],[85.1514,22.3891],[85.1628,22.4024],[85.164,22.4082],[85.167,22.4164],[85.1666,22.4183],[85.1619,22.4217],[85.1576,22.4258],[85.1605,22.4266],[85.164,22.4261],[85.1667,22.4233],[85.1717,22.4216],[85.1755,22.4224],[85.1776,22.4218],[85.1794,22.4263],[85.1852,22.4251],[85.1849,22.4348],[85.1838,22.4421],[85.1785,22.4464],[85.1773,22.4481],[85.1782,22.4511],[85.1827,22.4574],[85.1854,22.4596],[85.1921,22.4695],[85.1976,22.4717],[85.2035,22.4722],[85.2083,22.4734],[85.214,22.4805],[85.2188,22.4953],[85.2178,22.5007],[85.2185,22.5077],[85.2229,22.5107],[85.2232,22.515],[85.2209,22.5197],[85.2215,22.5268],[85.2247,22.5326],[85.227,22.5343],[85.2355,22.5383],[85.2432,22.5405],[85.2444,22.5433],[85.2427,22.5472],[85.2387,22.5498],[85.2351,22.5533],[85.2334,22.5561],[85.2276,22.5625],[85.2237,22.5652],[85.2189,22.5697],[85.2196,22.5754],[85.2227,22.5789],[85.2244,22.5827],[85.2254,22.5873],[85.2271,22.5913]]]},"properties":{"id":"in:subdistrict:2734","level":"subdistrict","name":"Anandpur","code":2734,"parent":"in:district:343","state":"in:state:20"}},{"type":"Feature","geometry":{"type":"Polygon","coordinates":[[[85.1473,22.7461],[85.1435,22.7399],[85.1383,22.74],[85.1305,22.7391],[85.1289,22.738],[85.131,22.7291],[85.1285,22.7247],[85.1333,22.721],[85.1213,22.7113],[85.1199,22.7099],[85.121,22.7064],[85.1223,22.6989],[85.1225,22.6886],[85.1193,22.6836],[85.1198,22.6752],[85.1158,22.668],[85.115,22.6637],[85.1124,22.6593],[85.1052,22.6567],[85.1017,22.654],[85.1003,22.655],[85.0969,22.6516],[85.0953,22.6452],[85.0933,22.6421],[85.0913,22.6339],[85.0871,22.6298],[85.0838,22.6287],[85.0756,22.6185],[85.0757,22.616],[85.0834,22.6135],[85.0901,22.6083],[85.0942,22.6021],[85.095,22.597],[85.0934,22.5922],[85.0899,22.5861],[85.0888,22.583],[85.0891,22.5771],[85.0955,22.579],[85.1009,22.5813],[85.103,22.5849],[85.106,22.587],[85.1143,22.5911],[85.1208,22.5961],[85.1286,22.601],[85.1341,22.6026],[85.1383,22.6026],[85.1431,22.6012],[85.1477,22.5981],[85.1515,22.5964],[85.164,22.5965],[85.1681,22.6006],[85.1719,22.6029],[85.1802,22.602],[85.1841,22.6032],[85.1882,22.6056],[85.1918,22.6091],[85.1973,22.6128],[85.2021,22.6131],[85.206,22.6115],[85.2129,22.612],[85.2196,22.6108],[85.2236,22.6085],[85.2264,22.6057],[85.2284,22.6004],[85.2286,22.5973],[85.2271,22.5913],[85.2391,22.5843],[85.2452,22.5795],[85.2541,22.576],[85.2626,22.5754],[85.2697,22.5769],[85.272,22.5787],[85.2735,22.5816],[85.2701,22.5863],[85.2719,22.5906],[85.2804,22.589],[85.2805,22.5919],[85.283,22.5954],[85.2806,22.5972],[85.2801,22.5993],[85.2824,22.6024],[85.2852,22.6025],[85.2844,22.6065],[85.2816,22.6096],[85.2829,22.6113],[85.2823,22.615],[85.2845,22.6182],[85.2852,22.6245],[85.2889,22.6258],[85.3091,22.6322],[85.3128,22.6307],[85.3167,22.6303],[85.324,22.6282],[85.3266,22.6305],[85.3285,22.636],[85.328,22.6408],[85.3301,22.6416],[85.3349,22.6405],[85.3394,22.638],[85.3394,22.6297],[85.3416,22.6227],[85.3392,22.6154],[85.3395,22.612],[85.3391,22.6042],[85.3439,22.599],[85.3467,22.592],[85.3497,22.5886],[85.3556,22.587],[85.3599,22.5847],[85.362,22.5819],[85.3616,22.5725],[85.3697,22.5712],[85.3745,22.5721],[85.3783,22.5712],[85.3778,22.5632],[85.3737,22.5606],[85.3717,22.5543],[85.369,22.553],[85.3688,22.5483],[85.3703,22.5426],[85.3719,22.5419],[85.3764,22.5457],[85.3797,22.5454],[85.3821,22.5465],[85.3828,22.5495],[85.3802,22.5504],[85.3823,22.553],[85.3893,22.5527],[85.391,22.5509],[85.3909,22.5478],[85.3864,22.5431],[85.3851,22.5404],[85.3869,22.5393],[85.3884,22.536],[85.3919,22.5327],[85.3918,22.5286],[85.3934,22.5275],[85.3939,22.5346],[85.3911,22.5375],[85.3907,22.5416],[85.3916,22.5434],[85.395,22.5456],[85.3968,22.5482],[85.4023,22.5478],[85.4029,22.5588],[85.4085,22.5681],[85.4122,22.5703],[85.4105,22.5764],[85.4075,22.5758],[85.4053,22.5737],[85.3984,22.575],[85.3943,22.5775],[85.3948,22.5792],[85.3923,22.5845],[85.388,22.587],[85.3872,22.5888],[85.3886,22.5923],[85.388,22.6012],[85.3853,22.602],[85.3828,22.6042],[85.3824,22.6084],[85.3837,22.6127],[85.384,22.6176],[85.3773,22.6216],[85.3749,22.6236],[85.3728,22.6274],[85.3711,22.6274],[85.3673,22.6251],[85.3617,22.6274],[85.3565,22.6306],[85.3581,22.6346],[85.3574,22.6369],[85.361,22.6397],[85.3599,22.6426],[85.3623,22.645],[85.3621,22.6473],[85.3594,22.6499],[85.3583,22.6531],[85.3595,22.657],[85.3612,22.6587],[85.3694,22.6623],[85.3715,22.6656],[85.374,22.6727],[85.3743,22.6777],[85.378,22.6827],[85.3848,22.6823],[85.3875,22.6868],[85.3854,22.6884],[85.3799,22.687],[85.3761,22.6884],[85.3759,22.6901],[85.3799,22.6933],[85.382,22.6974],[85.3874,22.6974],[85.3883,22.7004],[85.3852,22.7027],[85.3822,22.7036],[85.3819,22.7061],[85.3845,22.7115],[85.3847,22.714],[85.3826,22.7156],[85.3845,22.7246],[85.3841,22.7271],[85.3816,22.7294],[85.3768,22.7304],[85.375,22.734],[85.3713,22.7274],[85.3691,22.7267],[85.3671,22.7299],[85.3678,22.7328],[85.3734,22.7367],[85.3761,22.7407],[85.3756,22.745],[85.3777,22.7489],[85.3775,22.7519],[85.3747,22.7545],[85.3708,22.7544],[85.3642,22.7515],[85.3635,22.7476],[85.3595,22.7477],[85.3518,22.7436],[85.3488,22.739],[85.3461,22.7378],[85.3419,22.7383],[85.3404,22.737],[85.3358,22.7397],[85.3306,22.7411],[85.3311,22.7452],[85.3326,22.752],[85.3309,22.7595],[85.3311,22.7635],[85.3293,22.7661],[85.3288,22.7695],[85.3274,22.7709],[85.3248,22.7701],[85.3224,22.7708],[85.3196,22.77],[85.316,22.771],[85.3162,22.7627],[85.3178,22.7606],[85.3169,22.7581],[85.3136,22.7577],[85.3102,22.759],[85.3043,22.7586],[85.3011,22.7633],[85.295,22.7638],[85.2936,22.7631],[85.2876,22.7643],[85.2844,22.7628],[85.2787,22.7619],[85.2788,22.758],[85.2838,22.7568],[85.2869,22.7538],[85.2867,22.7517],[85.2896,22.7465],[85.2926,22.7473],[85.2942,22.7422],[85.2993,22.7361],[85.2986,22.7327],[85.2958,22.7332],[85.2921,22.736],[85.2896,22.739],[85.2877,22.7395],[85.2854,22.7376],[85.2838,22.7433],[85.2813,22.7452],[85.2747,22.7479],[85.2725,22.7472],[85.2692,22.7499],[85.2641,22.7514],[85.259,22.7521],[85.249,22.7504],[85.2467,22.7536],[85.2457,22.7567],[85.2502,22.7613],[85.2514,22.7635],[85.247,22.7657],[85.2432,22.7703],[85.2423,22.7723],[85.2384,22.7752],[85.2356,22.7763],[85.2239,22.7753],[85.2191,22.7733],[85.2153,22.7702],[85.2103,22.7717],[85.2052,22.7688],[85.2009,22.7684],[85.2001,22.7668],[85.1921,22.7628],[85.1908,22.7572],[85.1839,22.7496],[85.1809,22.7523],[85.1775,22.7508],[85.1704,22.7499],[85.1695,22.748],[85.1649,22.7482],[85.1567,22.7456],[85.1531,22.7439],[85.1504,22.7457],[85.1473,22.7461]]]},"properties":{"id":"in:subdistrict:2729","level":"subdistrict","name":"Gudri","code":2729,"parent":"in:district:343","state":"in:state:20"}},{"type":"Feature","geometry":{"type":"Polygon","coordinates":[[[84.9805,22.7857],[84.9826,22.7845],[84.9886,22.7851],[84.9935,22.7864],[84.9968,22.7847],[85.0001,22.787],[85.0043,22.7878],[85.0058,22.7867],[85.0059,22.7809],[85.0099,22.7703],[85.0121,22.7684],[85.0162,22.7677],[85.021,22.7658],[85.0224,22.7644],[85.0228,22.7605],[85.0268,22.7563],[85.0302,22.7553],[85.0383,22.7541],[85.0466,22.7545],[85.0498,22.7529],[85.0524,22.7459],[85.0566,22.7416],[85.0589,22.7375],[85.0588,22.7345],[85.0562,22.7267],[85.0537,22.7236],[85.053,22.7212],[85.0531,22.7156],[85.0543,22.7108],[85.051,22.7006],[85.0455,22.6918],[85.0414,22.6821],[85.0419,22.6794],[85.0464,22.6742],[85.0514,22.6721],[85.0578,22.6705],[85.0605,22.669],[85.0608,22.6646],[85.0595,22.6576],[85.0544,22.6522],[85.0551,22.6489],[85.0544,22.6459],[85.0508,22.6414],[85.0495,22.6383],[85.05,22.6348],[85.0558,22.6262],[85.0569,22.6229],[85.0538,22.6134],[85.0539,22.6115],[85.0569,22.6095],[85.0636,22.6073],[85.0674,22.6071],[85.0701,22.6053],[85.0708,22.5998],[85.0685,22.5952],[85.0688,22.5894],[85.0716,22.5797],[85.074,22.5756],[85.0758,22.5741],[85.0776,22.5734],[85.0859,22.5742],[85.0886,22.5753],[85.0891,22.5771],[85.0888,22.583],[85.0899,22.5861],[85.0934,22.5922],[85.095,22.597],[85.0942,22.6021],[85.0901,22.6083],[85.0834,22.6135],[85.0757,22.616],[85.0756,22.6185],[85.0838,22.6287],[85.0871,22.6298],[85.0913,22.6339],[85.0933,22.6421],[85.0953,22.6452],[85.0969,22.6516],[85.1003,22.655],[85.1017,22.654],[85.1052,22.6567],[85.1124,22.6593],[85.115,22.6637],[85.1158,22.668],[85.1198,22.6752],[85.1193,22.6836],[85.1225,22.6886],[85.1223,22.6989],[85.121,22.7064],[85.1199,22.7099],[85.1213,22.7113],[85.1333,22.721],[85.1285,22.7247],[85.131,22.7291],[85.1289,22.738],[85.1305,22.7391],[85.1383,22.74],[85.1435,22.7399],[85.1473,22.7461],[85.1478,22.747],[85.1424,22.751],[85.1371,22.754],[85.1405,22.763],[85.14,22.7779],[85.1415,22.787],[85.1433,22.7925],[85.1462,22.7984],[85.1477,22.8056],[85.1498,22.8103],[85.1525,22.8124],[85.1602,22.8226],[85.158,22.8278],[85.1546,22.8263],[85.1466,22.8199],[85.1333,22.8144],[85.1314,22.8143],[85.1283,22.8178],[85.1234,22.8208],[85.1218,22.8244],[85.1234,22.8279],[85.1266,22.8299],[85.129,22.8329],[85.1296,22.8352],[85.1291,22.8418],[85.1267,22.8434],[85.1239,22.8435],[85.1221,22.841],[85.1184,22.8388],[85.1156,22.8387],[85.1134,22.84],[85.1116,22.8429],[85.1063,22.8406],[85.1027,22.8407],[85.097,22.8449],[85.0857,22.8577],[85.086,22.8624],[85.0849,22.8635],[85.0778,22.8627],[85.0763,22.8652],[85.0779,22.8691],[85.0832,22.8696],[85.0876,22.8708],[85.0932,22.8675],[85.0966,22.867],[85.0991,22.8654],[85.1011,22.8676],[85.1069,22.8673],[85.1063,22.8697],[85.111,22.8749],[85.1104,22.8808],[85.1064,22.8784],[85.1015,22.8769],[85.1025,22.8807],[85.101,22.8866],[85.0959,22.8946],[85.0923,22.8956],[85.0873,22.8954],[85.081,22.897],[85.0692,22.8985],[85.0634,22.8967],[85.0629,22.8946],[85.0583,22.8923],[85.0594,22.8873],[85.0664,22.8854],[85.0678,22.8806],[85.0655,22.8771],[85.0663,22.8743],[85.0627,22.8739],[85.0603,22.8659],[85.0587,22.8644],[85.061,22.8608],[85.0597,22.8591],[85.0528,22.8602],[85.0503,22.8599],[85.0516,22.8571],[85.0342,22.8542],[85.0315,22.8546],[85.0293,22.8525],[85.0299,22.8487],[85.0328,22.8451],[85.0344,22.8395],[85.0314,22.8378],[85.0287,22.8392],[85.0265,22.8379],[85.0189,22.8405],[85.0166,22.843],[85.0118,22.8432],[85.0073,22.8403],[85.002,22.842],[84.9994,22.8367],[85.001,22.8344],[85.0016,22.8294],[85.0031,22.8284],[85.0077,22.8126],[85.0076,22.8049],[85.0071,22.8022],[84.9948,22.8025],[84.9909,22.8017],[84.9856,22.802],[84.983,22.8032],[84.9826,22.7977],[84.9813,22.7955],[84.9813,22.7909],[84.9802,22.7883],[84.9805,22.7857]]]},"properties":{"id":"in:subdistrict:2702","level":"subdistrict","name":"Rania","code":2702,"parent":"in:district:606","state":"in:state:20"}},{"type":"Feature","geometry":{"type":"Polygon","coordinates":[[[84.6769,22.5875],[84.6807,22.5885],[84.6969,22.5889],[84.6989,22.5882],[84.7061,22.5891],[84.7101,22.5904],[84.7132,22.589],[84.7193,22.591],[84.723,22.5873],[84.7291,22.5882],[84.734,22.5925],[84.7352,22.5946],[84.7471,22.5924],[84.7464,22.586],[84.7506,22.5817],[84.754,22.5841],[84.7574,22.5837],[84.7606,22.5855],[84.7615,22.588],[84.7656,22.592],[84.7682,22.596],[84.7701,22.5974],[84.7742,22.5967],[84.7758,22.5981],[84.7762,22.6028],[84.7754,22.6042],[84.7806,22.6052],[84.7816,22.6083],[84.7906,22.6079],[84.7941,22.6059],[84.7969,22.6089],[84.8057,22.606],[84.8112,22.6037],[84.8165,22.6033],[84.8242,22.5998],[84.8291,22.6021],[84.8336,22.6079],[84.8369,22.6155],[84.8412,22.6229],[84.8543,22.6218],[84.8658,22.6225],[84.8697,22.621],[84.8732,22.6195],[84.877,22.6208],[84.8775,22.6225],[84.8757,22.6256],[84.8781,22.6288],[84.8759,22.6346],[84.8775,22.6436],[84.882,22.6471],[84.8822,22.6493],[84.8806,22.6553],[84.8818,22.6614],[84.8837,22.6627],[84.8857,22.6671],[84.8864,22.6709],[84.8801,22.6761],[84.8767,22.6781],[84.877,22.6854],[84.8756,22.6878],[84.8728,22.6873],[84.8712,22.6904],[84.867,22.693],[84.8687,22.7032],[84.8682,22.7056],[84.8641,22.7075],[84.8645,22.7137],[84.8616,22.7184],[84.8578,22.72],[84.8474,22.7227],[84.8435,22.7248],[84.8417,22.7267],[84.8389,22.7268],[84.8348,22.73],[84.831,22.7312],[84.8322,22.7352],[84.8307,22.7374],[84.8319,22.7394],[84.831,22.7418],[84.8277,22.745],[84.8247,22.7464],[84.8212,22.7497],[84.817,22.7479],[84.8145,22.7434],[84.8145,22.7361],[84.8166,22.732],[84.8155,22.7272],[84.8179,22.7223],[84.8194,22.7209],[84.819,22.7177],[84.8213,22.716],[84.8103,22.7093],[84.8059,22.7105],[84.806,22.7118],[84.8015,22.7136],[84.8009,22.7116],[84.7965,22.7153],[84.7957,22.7182],[84.7877,22.7208],[84.7859,22.7266],[84.7882,22.7308],[84.7879,22.7361],[84.7896,22.7433],[84.7915,22.7473],[84.7917,22.7524],[84.7938,22.7543],[84.7947,22.7598],[84.7926,22.7647],[84.7925,22.7722],[84.7893,22.7718],[84.7858,22.7686],[84.7857,22.7647],[84.7843,22.7603],[84.7808,22.7613],[84.7788,22.7636],[84.7754,22.765],[84.7764,22.7704],[84.7747,22.7787],[84.7747,22.7824],[84.7798,22.7913],[84.7805,22.7952],[84.775,22.7935],[84.7718,22.7892],[84.769,22.7896],[84.7658,22.7928],[84.7627,22.792],[84.7531,22.7938],[84.7342,22.8019],[84.7305,22.801],[84.7283,22.7978],[84.7262,22.7968],[84.7259,22.7929],[84.7233,22.7896],[84.7183,22.7876],[84.7176,22.7836],[84.7214,22.7835],[84.7222,22.7789],[84.728,22.7777],[84.7294,22.7751],[84.7288,22.7724],[84.7256,22.7713],[84.7244,22.7692],[84.7247,22.7655],[84.7219,22.765],[84.7099,22.7653],[84.7043,22.7648],[84.7032,22.7625],[84.701,22.762],[84.6972,22.757],[84.6993,22.748],[84.6956,22.7461],[84.6954,22.7416],[84.6899,22.7412],[84.6871,22.7372],[84.6697,22.7394],[84.6684,22.7382],[84.6679,22.7329],[84.6661,22.731],[84.6584,22.7311],[84.6531,22.7349],[84.6491,22.7396],[84.6472,22.7343],[84.6453,22.7316],[84.6382,22.7317],[84.6347,22.733],[84.6311,22.7322],[84.6243,22.733],[84.6181,22.7328],[84.6141,22.734],[84.6087,22.7319],[84.6044,22.7309],[84.6051,22.723],[84.6001,22.7224],[84.5977,22.7212],[84.5934,22.7139],[84.5954,22.713],[84.6062,22.6865],[84.6105,22.6827],[84.6099,22.6799],[84.6115,22.676],[84.6192,22.6693],[84.6204,22.6641],[84.6195,22.6517],[84.6161,22.6404],[84.619,22.6387],[84.6208,22.6324],[84.6199,22.6304],[84.6233,22.627],[84.6321,22.6234],[84.6342,22.622],[84.6428,22.6186],[84.6428,22.6168],[84.6468,22.6149],[84.6537,22.6127],[84.6533,22.6064],[84.6564,22.6022],[84.6611,22.6002],[84.666,22.5999],[84.669,22.5967],[84.6729,22.5904],[84.6769,22.5875]]]},"properties":{"id":"in:subdistrict:2724","level":"subdistrict","name":"Kolebira","code":2724,"parent":"in:district:342","state":"in:state:20"}},{"type":"Feature","geometry":{"type":"Polygon","coordinates":[[[84.6272,22.5058],[84.6301,22.5052],[84.6317,22.5034],[84.6332,22.499],[84.6397,22.49],[84.6428,22.4883],[84.6497,22.4855],[84.6571,22.4846],[84.6596,22.4869],[84.6615,22.4907],[84.6649,22.4927],[84.6712,22.4942],[84.6748,22.4973],[84.6787,22.4981],[84.6814,22.5021],[84.6815,22.5043],[84.6836,22.5057],[84.6895,22.5013],[84.6984,22.4987],[84.6978,22.4935],[84.7007,22.4921],[84.7024,22.487],[84.7119,22.4843],[84.7181,22.4857],[84.72,22.4849],[84.7262,22.4861],[84.7311,22.4876],[84.732,22.4901],[84.7394,22.4934],[84.748,22.4954],[84.7495,22.4948],[84.7576,22.4967],[84.7593,22.4965],[84.7631,22.4938],[84.7677,22.4947],[84.773,22.4974],[84.779,22.4972],[84.7811,22.4978],[84.7851,22.4969],[84.7891,22.4944],[84.793,22.4947],[84.7935,22.4981],[84.7905,22.5011],[84.7897,22.5036],[84.7927,22.5061],[84.7968,22.5062],[84.8026,22.5083],[84.8073,22.5115],[84.8186,22.51],[84.823,22.5122],[84.8284,22.5172],[84.8365,22.508],[84.8322,22.5042],[84.831,22.5009],[84.8361,22.4989],[84.8363,22.4942],[84.8374,22.4923],[84.8363,22.4894],[84.8367,22.482],[84.8357,22.4772],[84.8281,22.4731],[84.8302,22.4671],[84.8327,22.463],[84.8316,22.4593],[84.8265,22.4588],[84.8259,22.4603],[84.8177,22.4618],[84.814,22.4612],[84.8129,22.464],[84.8081,22.4613],[84.8032,22.4606],[84.8004,22.4578],[84.7974,22.4562],[84.7998,22.4478],[84.8057,22.4477],[84.8125,22.4529],[84.8178,22.4446],[84.8176,22.4376],[84.8217,22.4368],[84.8246,22.435],[84.8337,22.4328],[84.8379,22.4322],[84.8386,22.4309],[84.8422,22.4317],[84.8422,22.4342],[84.8456,22.4363],[84.8503,22.4356],[84.8607,22.437],[84.8679,22.4393],[84.8731,22.4395],[84.8729,22.4423],[84.8752,22.4431],[84.8775,22.4459],[84.8796,22.4462],[84.8824,22.4485],[84.8851,22.4428],[84.8852,22.437],[84.8866,22.4354],[84.8887,22.4292],[84.886,22.427],[84.886,22.4221],[84.8962,22.4223],[84.9027,22.4236],[84.9102,22.4233],[84.9159,22.4261],[84.9188,22.4295],[84.9238,22.4324],[84.9262,22.4349],[84.9262,22.4404],[84.9239,22.4409],[84.9239,22.4436],[84.9319,22.4462],[84.9402,22.4452],[84.9433,22.4484],[84.9449,22.4525],[84.9467,22.4538],[84.9526,22.4555],[84.9567,22.4582],[84.9576,22.4563],[84.9594,22.4468],[84.9605,22.4437],[84.9649,22.4493],[84.973,22.4511],[84.9766,22.4529],[84.9748,22.461],[84.9742,22.4659],[84.9752,22.468],[84.9728,22.4744],[84.9718,22.4808],[84.9738,22.4859],[84.9769,22.4872],[84.9805,22.4864],[84.9813,22.4894],[84.9807,22.4924],[84.9783,22.4954],[84.9745,22.4966],[84.9718,22.495],[84.9697,22.4986],[84.9707,22.5007],[84.9751,22.5048],[84.9759,22.5081],[84.9744,22.5102],[84.9681,22.5122],[84.9659,22.515],[84.965,22.5225],[84.9641,22.5239],[84.9594,22.5252],[84.9578,22.5299],[84.9551,22.5298],[84.9529,22.5275],[84.9492,22.5263],[84.9455,22.5275],[84.9423,22.5304],[84.943,22.5368],[84.9447,22.5389],[84.9436,22.5461],[84.9449,22.5475],[84.9434,22.5498],[84.9388,22.5503],[84.9385,22.557],[84.9359,22.5639],[84.9373,22.5667],[84.9406,22.5694],[84.9361,22.5755],[84.9316,22.5769],[84.9266,22.5748],[84.9166,22.567],[84.9097,22.5657],[84.9051,22.5662],[84.9023,22.5641],[84.8935,22.5629],[84.8904,22.5675],[84.8848,22.5684],[84.8823,22.5726],[84.8824,22.5765],[84.8796,22.5785],[84.8748,22.5863],[84.8768,22.5891],[84.8755,22.5941],[84.8732,22.597],[84.8743,22.6027],[84.8731,22.6132],[84.8721,22.617],[84.8697,22.621],[84.8658,22.6225],[84.8543,22.6218],[84.8412,22.6229],[84.8369,22.6155],[84.8336,22.6079],[84.8291,22.6021],[84.8242,22.5998],[84.8165,22.6033],[84.8112,22.6037],[84.8057,22.606],[84.7969,22.6089],[84.7941,22.6059],[84.7906,22.6079],[84.7816,22.6083],[84.7806,22.6052],[84.7754,22.6042],[84.7762,22.6028],[84.7758,22.5981],[84.7742,22.5967],[84.7701,22.5974],[84.7682,22.596],[84.7656,22.592],[84.7615,22.588],[84.7606,22.5855],[84.7574,22.5837],[84.754,22.5841],[84.7506,22.5817],[84.7464,22.586],[84.7471,22.5924],[84.7352,22.5946],[84.734,22.5925],[84.7291,22.5882],[84.723,22.5873],[84.7193,22.591],[84.7132,22.589],[84.7101,22.5904],[84.7061,22.5891],[84.6989,22.5882],[84.6969,22.5889],[84.6807,22.5885],[84.6769,22.5875],[84.6747,22.587],[84.671,22.5844],[84.6666,22.5785],[84.6621,22.576],[84.6553,22.5677],[84.651,22.5636],[84.6477,22.563],[84.6391,22.5599],[84.6363,22.5529],[84.6311,22.5381],[84.6256,22.5266],[84.6226,22.523],[84.6209,22.5177],[84.6214,22.5128],[84.6235,22.5112],[84.6272,22.5058]]]},"properties":{"id":"in:subdistrict:2725","level":"subdistrict","name":"Jaldega","code":2725,"parent":"in:district:342","state":"in:state:20"}},{"type":"Feature","geometry":{"type":"Polygon","coordinates":[[[84.7492,22.419],[84.75,22.4207],[84.7531,22.4338],[84.7561,22.4394],[84.7564,22.4413],[84.7593,22.4475],[84.7649,22.4486],[84.7763,22.4481],[84.7887,22.4482],[84.7962,22.4466],[84.7964,22.4485],[84.7998,22.4478],[84.7974,22.4562],[84.8004,22.4578],[84.8032,22.4606],[84.8081,22.4613],[84.8129,22.464],[84.814,22.4612],[84.8177,22.4618],[84.8259,22.4603],[84.8265,22.4588],[84.8316,22.4593],[84.8327,22.463],[84.8302,22.4671],[84.8281,22.4731],[84.8357,22.4772],[84.8367,22.482],[84.8363,22.4894],[84.8374,22.4923],[84.8363,22.4942],[84.8361,22.4989],[84.831,22.5009],[84.8322,22.5042],[84.8365,22.508],[84.8284,22.5172],[84.823,22.5122],[84.8186,22.51],[84.8073,22.5115],[84.8026,22.5083],[84.7968,22.5062],[84.7927,22.5061],[84.7897,22.5036],[84.7905,22.5011],[84.7935,22.4981],[84.793,22.4947],[84.7891,22.4944],[84.7851,22.4969],[84.7811,22.4978],[84.779,22.4972],[84.773,22.4974],[84.7677,22.4947],[84.7631,22.4938],[84.7593,22.4965],[84.7576,22.4967],[84.7495,22.4948],[84.748,22.4954],[84.7394,22.4934],[84.732,22.4901],[84.7311,22.4876],[84.7262,22.4861],[84.72,22.4849],[84.7181,22.4857],[84.7119,22.4843],[84.7024,22.487],[84.7007,22.4921],[84.6978,22.4935],[84.6984,22.4987],[84.6895,22.5013],[84.6836,22.5057],[84.6815,22.5043],[84.6814,22.5021],[84.6787,22.4981],[84.6748,22.4973],[84.6712,22.4942],[84.6649,22.4927],[84.6615,22.4907],[84.6596,22.4869],[84.6571,22.4846],[84.6497,22.4855],[84.6428,22.4883],[84.6397,22.49],[84.6332,22.499],[84.6317,22.5034],[84.6301,22.5052],[84.6272,22.5058],[84.6225,22.5037],[84.6173,22.5022],[84.6111,22.5016],[84.6064,22.4999],[84.6012,22.4916],[84.6078,22.4876],[84.6137,22.4878],[84.6146,22.4868],[84.613,22.4816],[84.6144,22.4797],[84.6144,22.4769],[84.6184,22.4762],[84.6241,22.473],[84.628,22.4701],[84.623,22.4662],[84.6179,22.4611],[84.6158,22.457],[84.6146,22.4519],[84.6131,22.4502],[84.6135,22.4457],[84.6159,22.4434],[84.62,22.4413],[84.6291,22.4387],[84.6272,22.4374],[84.628,22.4343],[84.6311,22.4328],[84.6373,22.4318],[84.6522,22.4262],[84.6574,22.4238],[84.6681,22.4181],[84.6741,22.4219],[84.676,22.4194],[84.6838,22.4199],[84.686,22.4185],[84.6986,22.4164],[84.7162,22.4175],[84.7176,22.4196],[84.7354,22.4202],[84.7492,22.419]]]},"properties":{"id":"in:subdistrict:2726","level":"subdistrict","name":"Bansjor","code":2726,"parent":"in:district:342","state":"in:state:20"}},{"type":"Feature","geometry":{"type":"Polygon","coordinates":[[[84.8578,22.72],[84.8616,22.7184],[84.8645,22.7137],[84.8641,22.7075],[84.8682,22.7056],[84.8687,22.7032],[84.867,22.693],[84.8712,22.6904],[84.8728,22.6873],[84.8756,22.6878],[84.877,22.6854],[84.8767,22.6781],[84.8801,22.6761],[84.8864,22.6709],[84.8857,22.6671],[84.8837,22.6627],[84.8818,22.6614],[84.8806,22.6553],[84.8822,22.6493],[84.882,22.6471],[84.8775,22.6436],[84.8759,22.6346],[84.8781,22.6288],[84.8757,22.6256],[84.8775,22.6225],[84.877,22.6208],[84.8732,22.6195],[84.8697,22.621],[84.8721,22.617],[84.8731,22.6132],[84.8743,22.6027],[84.8732,22.597],[84.8755,22.5941],[84.8768,22.5891],[84.8748,22.5863],[84.8796,22.5785],[84.8824,22.5765],[84.8823,22.5726],[84.8848,22.5684],[84.8904,22.5675],[84.8935,22.5629],[84.9023,22.5641],[84.9051,22.5662],[84.9097,22.5657],[84.9166,22.567],[84.9266,22.5748],[84.9316,22.5769],[84.9361,22.5755],[84.9406,22.5694],[84.9373,22.5667],[84.9359,22.5639],[84.9385,22.557],[84.9388,22.5503],[84.9434,22.5498],[84.9449,22.5475],[84.9436,22.5461],[84.9447,22.5389],[84.943,22.5368],[84.9423,22.5304],[84.9455,22.5275],[84.9492,22.5263],[84.9529,22.5275],[84.9551,22.5298],[84.9578,22.5299],[84.9594,22.5252],[84.9641,22.5239],[84.965,22.5225],[84.9659,22.515],[84.9681,22.5122],[84.9744,22.5102],[84.9759,22.5081],[84.9751,22.5048],[84.9707,22.5007],[84.9697,22.4986],[84.9718,22.495],[84.9745,22.4966],[84.9783,22.4954],[84.9807,22.4924],[84.9813,22.4894],[84.9805,22.4864],[84.9769,22.4872],[84.9738,22.4859],[84.9718,22.4808],[84.9728,22.4744],[84.9752,22.468],[84.9742,22.4659],[84.9748,22.461],[84.9766,22.4529],[84.9808,22.455],[84.9896,22.4582],[84.9981,22.4621],[85.0054,22.4638],[85.0115,22.4664],[85.0194,22.4706],[85.0223,22.4717],[85.033,22.4729],[85.0355,22.4738],[85.0381,22.4804],[85.044,22.481],[85.0443,22.4823],[85.0522,22.4825],[85.0548,22.4845],[85.0597,22.4864],[85.0673,22.4842],[85.0738,22.4926],[85.0746,22.4966],[85.0778,22.5036],[85.0796,22.5125],[85.0799,22.5172],[85.0791,22.5218],[85.0777,22.525],[85.0729,22.5303],[85.0677,22.5334],[85.0646,22.5394],[85.0695,22.5463],[85.0723,22.548],[85.0709,22.5499],[85.0723,22.5539],[85.0686,22.5622],[85.0688,22.566],[85.071,22.5668],[85.0739,22.5701],[85.0758,22.5741],[85.074,22.5756],[85.0716,22.5797],[85.0688,22.5894],[85.0685,22.5952],[85.0708,22.5998],[85.0701,22.6053],[85.0674,22.6071],[85.0636,22.6073],[85.0569,22.6095],[85.0539,22.6115],[85.0538,22.6134],[85.0569,22.6229],[85.0558,22.6262],[85.05,22.6348],[85.0495,22.6383],[85.0508,22.6414],[85.0544,22.6459],[85.0551,22.6489],[85.0544,22.6522],[85.0595,22.6576],[85.0608,22.6646],[85.0605,22.669],[85.0578,22.6705],[85.0514,22.6721],[85.0464,22.6742],[85.0419,22.6794],[85.0414,22.6821],[85.0455,22.6918],[85.051,22.7006],[85.0543,22.7108],[85.0531,22.7156],[85.053,22.7212],[85.0537,22.7236],[85.0562,22.7267],[85.0588,22.7345],[85.0589,22.7375],[85.0566,22.7416],[85.0524,22.7459],[85.0498,22.7529],[85.0466,22.7545],[85.0383,22.7541],[85.0302,22.7553],[85.0268,22.7563],[85.0228,22.7605],[85.0224,22.7644],[85.021,22.7658],[85.0162,22.7677],[85.0121,22.7684],[85.0099,22.7703],[85.0059,22.7809],[85.0058,22.7867],[85.0043,22.7878],[85.0001,22.787],[84.9968,22.7847],[84.9935,22.7864],[84.9886,22.7851],[84.9826,22.7845],[84.9805,22.7857],[84.974,22.785],[84.9687,22.7852],[84.9621,22.778],[84.9612,22.7757],[84.9496,22.7757],[84.9453,22.778],[84.9403,22.7834],[84.9394,22.7873],[84.9377,22.7875],[84.9338,22.7911],[84.9305,22.7901],[84.928,22.7867],[84.9273,22.7838],[84.9228,22.7827],[84.9208,22.7786],[84.9185,22.7682],[84.9142,22.7668],[84.913,22.7621],[84.9109,22.7632],[84.9058,22.7609],[84.9026,22.758],[84.8982,22.7577],[84.9002,22.7542],[84.8966,22.7517],[84.8914,22.7444],[84.8874,22.7454],[84.8812,22.7386],[84.8811,22.7432],[84.8765,22.7448],[84.8737,22.7499],[84.8711,22.7523],[84.8698,22.7559],[84.8634,22.7577],[84.8582,22.7614],[84.8588,22.7653],[84.8518,22.7677],[84.8478,22.7705],[84.8433,22.7702],[84.8411,22.768],[84.8417,22.7658],[84.8414,22.7571],[84.8464,22.7457],[84.851,22.7389],[84.856,22.7298],[84.8577,22.724],[84.8578,22.72]]]},"properties":{"id":"in:subdistrict:2727","level":"subdistrict","name":"Bano","code":2727,"parent":"in:district:342","state":"in:state:20"}},{"type":"Feature","geometry":{"type":"Polygon","coordinates":[[[85.2188,22.4953],[85.214,22.4805],[85.2083,22.4734],[85.2035,22.4722],[85.1976,22.4717],[85.1921,22.4695],[85.1854,22.4596],[85.1827,22.4574],[85.1782,22.4511],[85.1773,22.4481],[85.1785,22.4464],[85.1838,22.4421],[85.1849,22.4348],[85.1852,22.4251],[85.1794,22.4263],[85.1776,22.4218],[85.1755,22.4224],[85.1717,22.4216],[85.1667,22.4233],[85.164,22.4261],[85.1605,22.4266],[85.1576,22.4258],[85.1619,22.4217],[85.1666,22.4183],[85.167,22.4164],[85.164,22.4082],[85.1628,22.4024],[85.1514,22.3891],[85.1487,22.3913],[85.1435,22.3923],[85.1395,22.3902],[85.1297,22.3892],[85.1259,22.3895],[85.1237,22.3887],[85.1201,22.3895],[85.1196,22.3834],[85.114,22.3809],[85.1106,22.3804],[85.1061,22.3813],[85.1045,22.383],[85.1016,22.3832],[85.0965,22.39],[85.086,22.3917],[85.0879,22.3885],[85.087,22.3825],[85.0815,22.3737],[85.0774,22.3655],[85.0792,22.3605],[85.0768,22.3572],[85.0789,22.3524],[85.0838,22.3491],[85.0833,22.3453],[85.0946,22.3467],[85.0957,22.3447],[85.0939,22.3333],[85.0894,22.3204],[85.0947,22.3157],[85.0973,22.3166],[85.1007,22.3199],[85.1064,22.3215],[85.1123,22.3196],[85.1154,22.3198],[85.1181,22.3176],[85.1154,22.3153],[85.1142,22.3104],[85.116,22.3081],[85.1141,22.3054],[85.1156,22.3026],[85.116,22.2941],[85.115,22.2936],[85.1064,22.2959],[85.0996,22.2936],[85.096,22.2906],[85.0872,22.2853],[85.0835,22.2821],[85.0761,22.2775],[85.074,22.2768],[85.0706,22.2737],[85.0711,22.2709],[85.0737,22.269],[85.0722,22.2671],[85.0746,22.2641],[85.0781,22.2579],[85.0756,22.2508],[85.0702,22.2481],[85.0694,22.2436],[85.0721,22.2385],[85.0711,22.2343],[85.0681,22.2293],[85.0655,22.2224],[85.0629,22.2189],[85.0584,22.2087],[85.0588,22.2052],[85.0565,22.2036],[85.0543,22.1982],[85.0494,22.1946],[85.0537,22.1854],[85.0527,22.1825],[85.0503,22.1792],[85.0479,22.179],[85.0422,22.1768],[85.0425,22.1746],[85.0372,22.1687],[85.0306,22.1651],[85.0291,22.1635],[85.0283,22.1574],[85.0311,22.1509],[85.0342,22.147],[85.0332,22.1378],[85.0302,22.1303],[85.0275,22.1268],[85.0271,22.1232],[85.0231,22.1183],[85.0191,22.1158],[85.0107,22.1133],[85.0056,22.1102],[84.9995,22.1077],[84.9923,22.1003],[84.9835,22.0953],[84.9844,22.0875],[84.9869,22.0828],[84.9937,22.0814],[84.9976,22.0842],[85.0087,22.0889],[85.0125,22.0942],[85.013,22.0977],[85.0147,22.1014],[85.0175,22.1033],[85.0213,22.1084],[85.0236,22.1093],[85.0289,22.1093],[85.0344,22.1119],[85.0375,22.1148],[85.0417,22.1161],[85.0553,22.1157],[85.0602,22.114],[85.0657,22.1129],[85.0705,22.1129],[85.0739,22.111],[85.0844,22.1069],[85.089,22.1057],[85.0917,22.106],[85.0942,22.1084],[85.0957,22.1062],[85.0988,22.1054],[85.1001,22.1036],[85.1,22.1004],[85.1017,22.0981],[85.0999,22.0951],[85.1041,22.0899],[85.106,22.09],[85.1088,22.0876],[85.1124,22.087],[85.1138,22.0835],[85.1125,22.0798],[85.1196,22.0729],[85.1211,22.0698],[85.1261,22.0746],[85.1318,22.0768],[85.1403,22.0776],[85.1436,22.0796],[85.1483,22.079],[85.1521,22.0794],[85.1559,22.0783],[85.1605,22.0747],[85.1604,22.0697],[85.1651,22.0638],[85.1669,22.0537],[85.1706,22.0514],[85.1739,22.0514],[85.1727,22.0552],[85.1708,22.0566],[85.1712,22.0634],[85.17,22.0668],[85.1674,22.0688],[85.1685,22.0704],[85.1718,22.0714],[85.1746,22.0746],[85.1813,22.0725],[85.1826,22.0662],[85.1857,22.0592],[85.1877,22.0581],[85.1942,22.0574],[85.1982,22.0559],[85.2034,22.0523],[85.2104,22.0494],[85.2134,22.0497],[85.2151,22.0477],[85.2148,22.0433],[85.2186,22.0409],[85.2187,22.038],[85.2169,22.0336],[85.218,22.0294],[85.2199,22.0247],[85.2237,22.027],[85.2234,22.0313],[85.2221,22.0327],[85.2242,22.0452],[85.2258,22.0477],[85.2265,22.0544],[85.2291,22.0606],[85.2315,22.0617],[85.2309,22.0643],[85.2285,22.0636],[85.221,22.0563],[85.2182,22.0583],[85.2187,22.0606],[85.2254,22.0699],[85.2297,22.0713],[85.2272,22.0789],[85.2312,22.0809],[85.2292,22.0859],[85.233,22.0893],[85.2327,22.0926],[85.2287,22.0989],[85.2275,22.1037],[85.2254,22.1041],[85.2238,22.1069],[85.2216,22.1063],[85.2206,22.1113],[85.2217,22.1134],[85.2212,22.1186],[85.2232,22.1226],[85.223,22.1277],[85.2205,22.1298],[85.2187,22.1288],[85.2142,22.1291],[85.2149,22.1322],[85.212,22.1325],[85.211,22.1415],[85.214,22.1404],[85.2189,22.1406],[85.2231,22.1429],[85.2275,22.142],[85.2279,22.1445],[85.2311,22.1434],[85.2362,22.1471],[85.2344,22.1496],[85.2387,22.1497],[85.2405,22.1535],[85.2419,22.1546],[85.2448,22.1535],[85.2474,22.1591],[85.2511,22.16],[85.2547,22.1596],[85.2608,22.1545],[85.2635,22.156],[85.2645,22.1505],[85.2669,22.1498],[85.2689,22.1551],[85.2737,22.1592],[85.2776,22.1602],[85.2788,22.1647],[85.282,22.1652],[85.2801,22.1684],[85.2814,22.1708],[85.2836,22.1697],[85.2846,22.1727],[85.287,22.1738],[85.2865,22.1758],[85.2884,22.1776],[85.2868,22.1799],[85.2906,22.1819],[85.2933,22.186],[85.2993,22.1917],[85.3011,22.1974],[85.3057,22.2013],[85.3099,22.2034],[85.3117,22.2058],[85.3194,22.2125],[85.3207,22.2166],[85.3254,22.2234],[85.33,22.2259],[85.3325,22.2286],[85.3348,22.2285],[85.3361,22.2338],[85.3391,22.2396],[85.3466,22.2407],[85.3528,22.2434],[85.3548,22.2452],[85.358,22.2516],[85.3622,22.2542],[85.3626,22.258],[85.3642,22.2616],[85.3709,22.2591],[85.3748,22.2569],[85.3794,22.26],[85.38,22.2632],[85.3833,22.2659],[85.3851,22.269],[85.3888,22.2716],[85.3897,22.2738],[85.3964,22.2791],[85.4,22.2846],[85.4033,22.2887],[85.408,22.2905],[85.4087,22.2966],[85.4107,22.2996],[85.4073,22.3042],[85.4073,22.3082],[85.4037,22.3115],[85.3997,22.3182],[85.3953,22.3177],[85.3947,22.3198],[85.396,22.3221],[85.3956,22.3288],[85.3986,22.3324],[85.3986,22.334],[85.3961,22.3386],[85.3927,22.3398],[85.3865,22.3396],[85.3841,22.3411],[85.3796,22.3466],[85.3839,22.3504],[85.3911,22.3532],[85.3892,22.3594],[85.3894,22.3611],[85.3949,22.3643],[85.3958,22.3678],[85.3979,22.3693],[85.3984,22.3726],[85.3897,22.3734],[85.3851,22.3729],[85.3828,22.3717],[85.3822,22.3686],[85.3785,22.3672],[85.3742,22.3688],[85.3723,22.367],[85.3615,22.3622],[85.3594,22.3582],[85.3598,22.3535],[85.3562,22.3513],[85.3505,22.3533],[85.3468,22.3486],[85.3422,22.3473],[85.336,22.3428],[85.3323,22.3383],[85.3308,22.3349],[85.3271,22.3313],[85.3265,22.3296],[85.3225,22.3268],[85.3222,22.3228],[85.316,22.3214],[85.3116,22.3262],[85.3114,22.3276],[85.3042,22.3294],[85.3026,22.3369],[85.3001,22.341],[85.3035,22.3446],[85.3059,22.3494],[85.3078,22.3589],[85.3123,22.3596],[85.3167,22.3618],[85.3192,22.3656],[85.317,22.3676],[85.3154,22.3655],[85.31,22.3657],[85.3123,22.3704],[85.3104,22.3737],[85.3064,22.3712],[85.3003,22.3716],[85.2932,22.3745],[85.2867,22.3703],[85.2847,22.3674],[85.2798,22.3652],[85.2768,22.3625],[85.2737,22.3615],[85.2726,22.3546],[85.271,22.3535],[85.268,22.354],[85.2653,22.3579],[85.2634,22.3575],[85.2613,22.354],[85.2561,22.3548],[85.254,22.3545],[85.2507,22.3578],[85.254,22.3644],[85.2568,22.3671],[85.2583,22.3715],[85.2599,22.38],[85.2625,22.3843],[85.2643,22.3852],[85.2721,22.3913],[85.2784,22.3944],[85.2828,22.3984],[85.2868,22.4003],[85.2844,22.403],[85.2869,22.4058],[85.2934,22.4091],[85.2982,22.4123],[85.2961,22.4155],[85.2909,22.4155],[85.287,22.4165],[85.2815,22.4157],[85.2673,22.4218],[85.2652,22.4243],[85.2616,22.4265],[85.2624,22.4286],[85.2688,22.437],[85.2701,22.4452],[85.2743,22.4517],[85.2743,22.4535],[85.271,22.4561],[85.2656,22.4553],[85.2557,22.4557],[85.2553,22.4581],[85.2525,22.4639],[85.2501,22.4661],[85.247,22.4669],[85.2475,22.4702],[85.2452,22.4737],[85.2449,22.477],[85.2392,22.4804],[85.2249,22.4897],[85.2248,22.491],[85.2188,22.4953]]]},"properties":{"id":"in:subdistrict:2735","level":"subdistrict","name":"Manoharpur","code":2735,"parent":"in:district:343","state":"in:state:20"}},{"type":"Feature","geometry":{"type":"Polygon","coordinates":[[[85.3653,22.1279],[85.3621,22.1298],[85.3607,22.1322],[85.3619,22.1411],[85.3604,22.144],[85.3636,22.1483],[85.364,22.1521],[85.3665,22.1536],[85.3654,22.1572],[85.3665,22.1592],[85.3711,22.161],[85.3747,22.1576],[85.3826,22.1564],[85.3858,22.1568],[85.3921,22.159],[85.3951,22.1621],[85.3984,22.1631],[85.4019,22.1622],[85.4092,22.1622],[85.4124,22.1616],[85.4186,22.1588],[85.4205,22.1589],[85.4239,22.1566],[85.4315,22.1532],[85.4338,22.1512],[85.438,22.1505],[85.4434,22.1465],[85.447,22.1464],[85.4541,22.1425],[85.4619,22.1399],[85.4707,22.1341],[85.4734,22.1301],[85.4757,22.1285],[85.4807,22.128],[85.4838,22.1271],[85.4882,22.1221],[85.4924,22.1202],[85.4962,22.1196],[85.4999,22.1201],[85.5098,22.1177],[85.5158,22.1151],[85.5182,22.1131],[85.5249,22.11],[85.5311,22.1055],[85.5338,22.1028],[85.5398,22.1018],[85.5388,22.0986],[85.5423,22.0926],[85.5448,22.0908],[85.5535,22.0944],[85.5604,22.0961],[85.561,22.0918],[85.5662,22.0889],[85.5716,22.0912],[85.5773,22.0884],[85.5803,22.0922],[85.5793,22.0956],[85.5764,22.0966],[85.5751,22.0987],[85.5765,22.1005],[85.5718,22.1041],[85.57,22.11],[85.5684,22.1133],[85.5677,22.1171],[85.5689,22.1194],[85.5717,22.1219],[85.5773,22.1246],[85.5776,22.1296],[85.5764,22.1353],[85.5766,22.1421],[85.576,22.1454],[85.5723,22.147],[85.5664,22.1513],[85.5579,22.1593],[85.556,22.164],[85.5568,22.1702],[85.5598,22.179],[85.562,22.182],[85.5656,22.1827],[85.5649,22.1867],[85.5623,22.1895],[85.5613,22.1927],[85.5608,22.1986],[85.5636,22.2008],[85.5676,22.199],[85.5697,22.1969],[85.573,22.1961],[85.576,22.1936],[85.5846,22.1926],[85.5867,22.1907],[85.5898,22.1937],[85.5904,22.1955],[85.5888,22.202],[85.5884,22.2063],[85.5895,22.2089],[85.5934,22.214],[85.5934,22.2218],[85.5951,22.2243],[85.5994,22.227],[85.6096,22.2418],[85.6137,22.2496],[85.6138,22.2574],[85.6151,22.2602],[85.6157,22.2652],[85.6134,22.2709],[85.613,22.276],[85.6137,22.2813],[85.6209,22.2814],[85.635,22.2846],[85.6403,22.2843],[85.6415,22.2877],[85.6386,22.2956],[85.6354,22.2957],[85.6349,22.3003],[85.6337,22.3041],[85.6308,22.3054],[85.6282,22.3103],[85.6295,22.3116],[85.628,22.3156],[85.6299,22.3187],[85.6272,22.3211],[85.6255,22.3264],[85.6295,22.33],[85.6299,22.3327],[85.6275,22.335],[85.6222,22.3395],[85.6206,22.3418],[85.6222,22.3431],[85.6183,22.3486],[85.615,22.349],[85.613,22.3469],[85.6073,22.3442],[85.601,22.3399],[85.5898,22.3438],[85.5849,22.3451],[85.5826,22.3449],[85.5736,22.3507],[85.5711,22.3534],[85.5649,22.3524],[85.5586,22.3566],[85.5567,22.355],[85.5572,22.3506],[85.5563,22.3477],[85.5576,22.3454],[85.5588,22.3394],[85.5622,22.3388],[85.5636,22.3374],[85.5638,22.3343],[85.5707,22.3277],[85.5746,22.3265],[85.5785,22.3205],[85.561,22.3175],[85.5591,22.3147],[85.5546,22.3133],[85.5534,22.3113],[85.5432,22.3038],[85.5344,22.296],[85.533,22.2943],[85.5261,22.2902],[85.5224,22.2902],[85.5171,22.292],[85.512,22.2922],[85.5105,22.294],[85.5095,22.3029],[85.5079,22.3114],[85.5048,22.31],[85.5023,22.3122],[85.5041,22.3158],[85.509,22.3191],[85.5123,22.3251],[85.5122,22.3275],[85.5102,22.3313],[85.5082,22.3315],[85.504,22.3295],[85.5003,22.3289],[85.4958,22.3258],[85.4941,22.3237],[85.4925,22.3194],[85.4903,22.3173],[85.4903,22.3143],[85.4947,22.305],[85.4955,22.298],[85.4941,22.2924],[85.4835,22.2914],[85.4793,22.2904],[85.4679,22.2888],[85.4617,22.2893],[85.4586,22.2882],[85.4544,22.284],[85.4518,22.2824],[85.4427,22.2807],[85.4363,22.2779],[85.427,22.2785],[85.4236,22.2774],[85.4185,22.279],[85.4169,22.2783],[85.4133,22.2744],[85.4108,22.2728],[85.4086,22.2744],[85.4088,22.2801],[85.4059,22.2827],[85.4056,22.2847],[85.409,22.2885],[85.408,22.2905],[85.4033,22.2887],[85.4,22.2846],[85.3964,22.2791],[85.3897,22.2738],[85.3888,22.2716],[85.3851,22.269],[85.3833,22.2659],[85.38,22.2632],[85.3794,22.26],[85.3748,22.2569],[85.3709,22.2591],[85.3642,22.2616],[85.3626,22.258],[85.3622,22.2542],[85.358,22.2516],[85.3548,22.2452],[85.3528,22.2434],[85.3466,22.2407],[85.3391,22.2396],[85.3361,22.2338],[85.3348,22.2285],[85.3325,22.2286],[85.33,22.2259],[85.3254,22.2234],[85.3207,22.2166],[85.3194,22.2125],[85.3117,22.2058],[85.3099,22.2034],[85.3057,22.2013],[85.3011,22.1974],[85.2993,22.1917],[85.2933,22.186],[85.2906,22.1819],[85.2868,22.1799],[85.2884,22.1776],[85.2865,22.1758],[85.287,22.1738],[85.2846,22.1727],[85.2836,22.1697],[85.2814,22.1708],[85.2801,22.1684],[85.282,22.1652],[85.2788,22.1647],[85.2776,22.1602],[85.2737,22.1592],[85.2689,22.1551],[85.2669,22.1498],[85.2645,22.1505],[85.2635,22.156],[85.2608,22.1545],[85.2547,22.1596],[85.2511,22.16],[85.2474,22.1591],[85.2448,22.1535],[85.2419,22.1546],[85.2405,22.1535],[85.2387,22.1497],[85.2344,22.1496],[85.2362,22.1471],[85.2311,22.1434],[85.2279,22.1445],[85.2275,22.142],[85.2231,22.1429],[85.2189,22.1406],[85.214,22.1404],[85.211,22.1415],[85.212,22.1325],[85.2149,22.1322],[85.2142,22.1291],[85.2187,22.1288],[85.2205,22.1298],[85.223,22.1277],[85.2232,22.1226],[85.2212,22.1186],[85.2217,22.1134],[85.2206,22.1113],[85.2216,22.1063],[85.2238,22.1069],[85.2254,22.1041],[85.2275,22.1037],[85.2287,22.0989],[85.2327,22.0926],[85.233,22.0893],[85.2292,22.0859],[85.2312,22.0809],[85.2272,22.0789],[85.2297,22.0713],[85.2254,22.0699],[85.2187,22.0606],[85.2182,22.0583],[85.221,22.0563],[85.2285,22.0636],[85.2309,22.0643],[85.2315,22.0617],[85.2291,22.0606],[85.2265,22.0544],[85.2258,22.0477],[85.2242,22.0452],[85.2221,22.0327],[85.2234,22.0313],[85.2237,22.027],[85.2199,22.0247],[85.2214,22.018],[85.2259,22.0161],[85.2292,22.0124],[85.2363,22.0098],[85.2392,22.0102],[85.2406,22.0136],[85.2442,22.0158],[85.2495,22.0247],[85.2514,22.0265],[85.2563,22.0379],[85.2569,22.0405],[85.2599,22.0471],[85.2616,22.055],[85.2631,22.0587],[85.2661,22.0619],[85.2691,22.0671],[85.2705,22.0717],[85.2729,22.0736],[85.2751,22.0823],[85.2813,22.0904],[85.2947,22.1014],[85.2993,22.1054],[85.3042,22.1125],[85.3111,22.1192],[85.3142,22.1204],[85.3188,22.1208],[85.3231,22.1275],[85.3279,22.1283],[85.3349,22.127],[85.3407,22.1278],[85.3435,22.1274],[85.346,22.1302],[85.3506,22.1295],[85.3567,22.125],[85.3625,22.1233],[85.3644,22.1237],[85.3653,22.1279]]]},"properties":{"id":"in:subdistrict:2736","level":"subdistrict","name":"Noamundi","code":2736,"parent":"in:district:343","state":"in:state:20"}},{"type":"Feature","geometry":{"type":"Polygon","coordinates":[[[85.9656,22.0534],[85.9688,22.0608],[85.9764,22.0709],[85.9804,22.0752],[85.985,22.0863],[85.9864,22.089],[85.9925,22.0947],[85.9967,22.1024],[86.0038,22.1139],[86.0076,22.1176],[86.0035,22.1185],[86.0007,22.1205],[85.9977,22.12],[85.9938,22.1207],[85.9933,22.1194],[85.9893,22.1178],[85.9852,22.1179],[85.981,22.1169],[85.9704,22.1058],[85.9665,22.106],[85.9626,22.1017],[85.9598,22.1014],[85.9577,22.1037],[85.9528,22.0995],[85.9491,22.0999],[85.9441,22.0941],[85.9413,22.0934],[85.9392,22.0953],[85.9275,22.0851],[85.9236,22.085],[85.9178,22.0863],[85.9127,22.0844],[85.9082,22.0852],[85.9044,22.0874],[85.9029,22.0908],[85.9029,22.0945],[85.8993,22.0997],[85.8984,22.1027],[85.8937,22.1028],[85.8869,22.1043],[85.887,22.1078],[85.8883,22.1113],[85.8866,22.1125],[85.8858,22.1213],[85.8861,22.1236],[85.8815,22.1259],[85.8781,22.1246],[85.8755,22.1267],[85.8758,22.1287],[85.8733,22.1306],[85.8743,22.1322],[85.8719,22.1345],[85.868,22.136],[85.8604,22.1352],[85.8566,22.1354],[85.8542,22.1341],[85.8525,22.1354],[85.8492,22.1357],[85.8413,22.1306],[85.839,22.1299],[85.8301,22.1308],[85.8241,22.1274],[85.8235,22.1301],[85.8204,22.1292],[85.8187,22.1302],[85.813,22.1283],[85.8115,22.1289],[85.8091,22.1259],[85.7981,22.1319],[85.7968,22.1308],[85.7909,22.135],[85.7913,22.1366],[85.787,22.14],[85.7782,22.1414],[85.7733,22.1426],[85.7729,22.1368],[85.7707,22.1319],[85.7644,22.131],[85.7541,22.1343],[85.7514,22.1362],[85.7462,22.1358],[85.7402,22.1364],[85.7392,22.133],[85.7392,22.1258],[85.7403,22.122],[85.7402,22.1204],[85.7428,22.1177],[85.7455,22.1187],[85.7498,22.1132],[85.7472,22.108],[85.7476,22.1061],[85.7434,22.103],[85.7442,22.1011],[85.7482,22.0979],[85.7485,22.0927],[85.7476,22.0884],[85.7467,22.079],[85.7443,22.0764],[85.7469,22.0729],[85.7494,22.0736],[85.7575,22.0789],[85.7571,22.084],[85.7634,22.0884],[85.7681,22.0933],[85.7738,22.095],[85.7788,22.0955],[85.784,22.0983],[85.7879,22.1035],[85.7902,22.1048],[85.7973,22.1048],[85.7975,22.1084],[85.8007,22.1096],[85.8074,22.1161],[85.8101,22.1138],[85.8133,22.1129],[85.8155,22.1103],[85.821,22.1065],[85.8194,22.103],[85.8161,22.1013],[85.8131,22.0965],[85.8154,22.0942],[85.8198,22.0964],[85.8218,22.0947],[85.8249,22.0946],[85.8288,22.0928],[85.8332,22.0926],[85.8341,22.0906],[85.8342,22.0849],[85.8359,22.0802],[85.831,22.079],[85.8227,22.0744],[85.8175,22.0746],[85.8161,22.0736],[85.8126,22.0751],[85.7934,22.0818],[85.7908,22.0774],[85.7749,22.0563],[85.7793,22.0447],[85.7838,22.0402],[85.7812,22.0356],[85.7813,22.0334],[85.7796,22.0297],[85.7757,22.029],[85.7672,22.0235],[85.7648,22.0209],[85.7608,22.0145],[85.7586,22.0095],[85.7625,22.0013],[85.763,21.9961],[85.7703,21.9923],[85.7749,21.9905],[85.7828,21.9849],[85.7858,21.987],[85.7904,21.9858],[85.803,21.9893],[85.8054,21.9894],[85.8105,21.9863],[85.817,21.9858],[85.8187,21.9841],[85.8209,21.9775],[85.8244,21.9754],[85.8326,21.9773],[85.8361,21.9809],[85.842,21.9815],[85.8532,21.9838],[85.8643,21.9815],[85.8821,21.9801],[85.8916,21.9812],[85.898,21.9837],[85.9035,21.9731],[85.9059,21.9704],[85.9082,21.9707],[85.9112,21.9733],[85.908,21.9753],[85.908,21.9773],[85.9119,21.9802],[85.9113,21.9842],[85.9095,21.9878],[85.9105,21.9924],[85.9136,21.9985],[85.9158,22.0041],[85.9162,22.0088],[85.923,22.0112],[85.9309,22.0233],[85.9363,22.0229],[85.9436,22.0204],[85.9482,22.0275],[85.9523,22.0321],[85.9542,22.0372],[85.9582,22.0434],[85.9656,22.0534]]]},"properties":{"id":"in:subdistrict:2745","level":"subdistrict","name":"Majhgaon","code":2745,"parent":"in:district:343","state":"in:state:20"}},{"type":"Feature","geometry":{"type":"Polygon","coordinates":[[[86.0076,22.1176],[86.0044,22.1204],[85.9991,22.1269],[85.9972,22.128],[85.9968,22.1324],[85.9988,22.133],[85.9995,22.1357],[86.0035,22.1396],[86.0034,22.1418],[86.005,22.1501],[86.0093,22.1558],[86.014,22.16],[86.0156,22.1626],[86.0172,22.1716],[86.0223,22.1788],[86.0298,22.188],[86.0314,22.1909],[86.0314,22.1925],[86.0263,22.1972],[86.0246,22.1997],[86.0163,22.2068],[86.0029,22.2138],[86.0021,22.2156],[85.9971,22.2212],[85.9921,22.2257],[85.9857,22.2371],[85.9824,22.238],[85.9787,22.2411],[85.9743,22.2466],[85.9707,22.248],[85.9664,22.2538],[85.9596,22.26],[85.9556,22.2551],[85.9509,22.2524],[85.947,22.2525],[85.9465,22.2568],[85.9448,22.2575],[85.9254,22.2552],[85.9174,22.2541],[85.9077,22.2551],[85.9025,22.2562],[85.8995,22.2537],[85.8973,22.2485],[85.8869,22.2473],[85.8813,22.2481],[85.8769,22.2506],[85.8774,22.2541],[85.8751,22.2566],[85.8737,22.2528],[85.8724,22.2521],[85.8661,22.2528],[85.8553,22.2508],[85.8506,22.251],[85.8451,22.2534],[85.8451,22.2587],[85.8331,22.2563],[85.8273,22.2532],[85.8208,22.2533],[85.8231,22.2485],[85.8252,22.2469],[85.8248,22.2443],[85.8297,22.242],[85.831,22.2395],[85.831,22.2364],[85.8331,22.2342],[85.839,22.2332],[85.8483,22.2289],[85.8529,22.2252],[85.8569,22.2141],[85.8578,22.2064],[85.8545,22.2071],[85.8497,22.2053],[85.8334,22.2057],[85.8299,22.2062],[85.8311,22.2016],[85.8313,22.1872],[85.8323,22.1841],[85.8287,22.1825],[85.825,22.1765],[85.8231,22.1745],[85.8188,22.1739],[85.8135,22.1705],[85.8161,22.1658],[85.8147,22.1634],[85.8136,22.1584],[85.8141,22.1436],[85.8149,22.1425],[85.8137,22.137],[85.8141,22.1318],[85.813,22.1283],[85.8187,22.1302],[85.8204,22.1292],[85.8235,22.1301],[85.8241,22.1274],[85.8301,22.1308],[85.839,22.1299],[85.8413,22.1306],[85.8492,22.1357],[85.8525,22.1354],[85.8542,22.1341],[85.8566,22.1354],[85.8604,22.1352],[85.868,22.136],[85.8719,22.1345],[85.8743,22.1322],[85.8733,22.1306],[85.8758,22.1287],[85.8755,22.1267],[85.8781,22.1246],[85.8815,22.1259],[85.8861,22.1236],[85.8858,22.1213],[85.8866,22.1125],[85.8883,22.1113],[85.887,22.1078],[85.8869,22.1043],[85.8937,22.1028],[85.8984,22.1027],[85.8993,22.0997],[85.9029,22.0945],[85.9029,22.0908],[85.9044,22.0874],[85.9082,22.0852],[85.9127,22.0844],[85.9178,22.0863],[85.9236,22.085],[85.9275,22.0851],[85.9392,22.0953],[85.9413,22.0934],[85.9441,22.0941],[85.9491,22.0999],[85.9528,22.0995],[85.9577,22.1037],[85.9598,22.1014],[85.9626,22.1017],[85.9665,22.106],[85.9704,22.1058],[85.981,22.1169],[85.9852,22.1179],[85.9893,22.1178],[85.9933,22.1194],[85.9938,22.1207],[85.9977,22.12],[86.0007,22.1205],[86.0035,22.1185],[86.0076,22.1176]]]},"properties":{"id":"in:subdistrict:2744","level":"subdistrict","name":"Kumardungi","code":2744,"parent":"in:district:343","state":"in:state:20"}},{"type":"Feature","geometry":{"type":"Polygon","coordinates":[[[85.9743,22.2466],[85.9814,22.2507],[85.9895,22.2542],[85.9906,22.2569],[85.9878,22.263],[85.9885,22.2673],[85.9906,22.2698],[85.994,22.2712],[85.9989,22.2774],[86.003,22.279],[86.0065,22.2834],[86.0063,22.2877],[86.0082,22.2891],[86.01,22.2932],[86.012,22.2942],[86.0149,22.2978],[86.019,22.3004],[86.0222,22.3],[86.0257,22.3025],[86.0333,22.3037],[86.0341,22.3062],[86.0406,22.3063],[86.0472,22.309],[86.0473,22.3112],[86.0441,22.311],[86.0407,22.3125],[86.0381,22.3104],[86.0349,22.3115],[86.0324,22.3112],[86.0297,22.3077],[86.0266,22.3094],[86.0226,22.309],[86.016,22.3144],[86.013,22.3138],[86.0131,22.3179],[86.0105,22.3179],[86.0119,22.3223],[86.0209,22.3306],[86.0267,22.3349],[86.0196,22.339],[86.0108,22.3412],[86.0061,22.3365],[86.0028,22.3359],[86,22.3383],[85.998,22.3416],[85.998,22.3438],[85.9945,22.346],[85.9873,22.3492],[85.9878,22.3525],[85.9876,22.3583],[85.9812,22.3581],[85.9743,22.3573],[85.9711,22.3632],[85.9676,22.3662],[85.9651,22.3671],[85.9539,22.3681],[85.9487,22.3695],[85.948,22.3771],[85.9496,22.3807],[85.9454,22.3889],[85.9442,22.3932],[85.9465,22.3964],[85.9435,22.3988],[85.939,22.3975],[85.9378,22.3936],[85.9354,22.391],[85.9298,22.3898],[85.9283,22.3872],[85.9217,22.3888],[85.9191,22.3904],[85.9169,22.3982],[85.9128,22.4014],[85.9083,22.406],[85.9062,22.4048],[85.9083,22.3976],[85.9046,22.3946],[85.9033,22.3857],[85.902,22.3841],[85.896,22.3826],[85.8947,22.3804],[85.8899,22.3761],[85.8824,22.384],[85.8806,22.3825],[85.8735,22.3717],[85.8726,22.3693],[85.8681,22.3661],[85.8632,22.3694],[85.864,22.3715],[85.8638,22.3759],[85.8649,22.3791],[85.8591,22.3802],[85.8573,22.379],[85.8557,22.3755],[85.8552,22.3714],[85.8531,22.3696],[85.8496,22.3713],[85.8477,22.3741],[85.8454,22.3727],[85.8455,22.3695],[85.8426,22.3706],[85.8405,22.3733],[85.8399,22.3784],[85.8378,22.3838],[85.8378,22.3868],[85.8339,22.3937],[85.8306,22.3967],[85.8285,22.3969],[85.8279,22.3939],[85.8233,22.3963],[85.8215,22.3961],[85.817,22.3929],[85.8141,22.3897],[85.8077,22.3899],[85.8033,22.3883],[85.8007,22.3887],[85.795,22.391],[85.7851,22.3876],[85.779,22.3829],[85.775,22.3809],[85.7774,22.3777],[85.7735,22.3752],[85.7747,22.37],[85.7707,22.3676],[85.7696,22.3627],[85.7654,22.3533],[85.7655,22.3505],[85.7645,22.3473],[85.7611,22.3461],[85.7602,22.3437],[85.7576,22.3414],[85.757,22.3365],[85.76,22.3349],[85.7598,22.3323],[85.7634,22.3316],[85.7691,22.3331],[85.7717,22.3321],[85.7736,22.3277],[85.7734,22.3252],[85.77,22.3252],[85.7677,22.3215],[85.7666,22.3152],[85.7674,22.3121],[85.7728,22.3134],[85.7747,22.3129],[85.7765,22.3077],[85.7792,22.3064],[85.7827,22.3075],[85.7876,22.3056],[85.7942,22.2999],[85.7963,22.2995],[85.8006,22.2957],[85.8036,22.2975],[85.808,22.2976],[85.8111,22.2943],[85.8112,22.2837],[85.8092,22.2724],[85.8096,22.2707],[85.8164,22.2645],[85.8181,22.2613],[85.8191,22.2566],[85.8208,22.2533],[85.8273,22.2532],[85.8331,22.2563],[85.8451,22.2587],[85.8451,22.2534],[85.8506,22.251],[85.8553,22.2508],[85.8661,22.2528],[85.8724,22.2521],[85.8737,22.2528],[85.8751,22.2566],[85.8774,22.2541],[85.8769,22.2506],[85.8813,22.2481],[85.8869,22.2473],[85.8973,22.2485],[85.8995,22.2537],[85.9025,22.2562],[85.9077,22.2551],[85.9174,22.2541],[85.9254,22.2552],[85.9448,22.2575],[85.9465,22.2568],[85.947,22.2525],[85.9509,22.2524],[85.9556,22.2551],[85.9596,22.26],[85.9664,22.2538],[85.9707,22.248],[85.9743,22.2466]]]},"properties":{"id":"in:subdistrict:2741","level":"subdistrict","name":"Manjhari","code":2741,"parent":"in:district:343","state":"in:state:20"}},{"type":"Feature","geometry":{"type":"Polygon","coordinates":[[[85.6403,22.2843],[85.6423,22.2812],[85.6395,22.2783],[85.6408,22.2738],[85.6444,22.2718],[85.6444,22.2675],[85.6476,22.2633],[85.6483,22.2573],[85.6529,22.2522],[85.6538,22.2482],[85.6579,22.2449],[85.6586,22.2417],[85.6605,22.2402],[85.6732,22.2375],[85.6788,22.2334],[85.6841,22.2376],[85.6861,22.2426],[85.6882,22.2446],[85.6966,22.2416],[85.7027,22.2412],[85.7028,22.2381],[85.7047,22.2302],[85.7069,22.2257],[85.7135,22.2236],[85.7158,22.2178],[85.7173,22.2164],[85.7245,22.2142],[85.7324,22.22],[85.7361,22.2237],[85.7426,22.2246],[85.7491,22.2228],[85.7483,22.2174],[85.7438,22.2105],[85.7419,22.2065],[85.7434,22.2059],[85.7444,22.202],[85.7442,22.1949],[85.7394,22.1897],[85.7383,22.1828],[85.733,22.1757],[85.7323,22.1697],[85.7332,22.1577],[85.7284,22.1557],[85.7223,22.156],[85.722,22.1536],[85.7199,22.1498],[85.7225,22.1447],[85.7227,22.141],[85.7184,22.139],[85.7183,22.1377],[85.7092,22.1339],[85.708,22.1307],[85.7084,22.1272],[85.711,22.1256],[85.7142,22.1271],[85.7201,22.1261],[85.7218,22.1282],[85.7273,22.1239],[85.7322,22.1222],[85.7403,22.122],[85.7392,22.1258],[85.7392,22.133],[85.7402,22.1364],[85.7462,22.1358],[85.7514,22.1362],[85.7541,22.1343],[85.7644,22.131],[85.7707,22.1319],[85.7729,22.1368],[85.7733,22.1426],[85.7782,22.1414],[85.787,22.14],[85.7913,22.1366],[85.7909,22.135],[85.7968,22.1308],[85.7981,22.1319],[85.8091,22.1259],[85.8115,22.1289],[85.813,22.1283],[85.8141,22.1318],[85.8137,22.137],[85.8149,22.1425],[85.8141,22.1436],[85.8136,22.1584],[85.8147,22.1634],[85.8161,22.1658],[85.8135,22.1705],[85.8188,22.1739],[85.8231,22.1745],[85.825,22.1765],[85.8287,22.1825],[85.8323,22.1841],[85.8313,22.1872],[85.8311,22.2016],[85.8299,22.2062],[85.8334,22.2057],[85.8497,22.2053],[85.8545,22.2071],[85.8578,22.2064],[85.8569,22.2141],[85.8529,22.2252],[85.8483,22.2289],[85.839,22.2332],[85.8331,22.2342],[85.831,22.2364],[85.831,22.2395],[85.8297,22.242],[85.8248,22.2443],[85.8252,22.2469],[85.8231,22.2485],[85.8208,22.2533],[85.8191,22.2566],[85.8181,22.2613],[85.8164,22.2645],[85.8096,22.2707],[85.8092,22.2724],[85.8112,22.2837],[85.8111,22.2943],[85.808,22.2976],[85.8036,22.2975],[85.8006,22.2957],[85.7963,22.2995],[85.7942,22.2999],[85.7876,22.3056],[85.7827,22.3075],[85.7792,22.3064],[85.7765,22.3077],[85.7747,22.3129],[85.7728,22.3134],[85.7674,22.3121],[85.7666,22.3152],[85.7677,22.3215],[85.77,22.3252],[85.7734,22.3252],[85.7736,22.3277],[85.7717,22.3321],[85.7691,22.3331],[85.7634,22.3316],[85.7598,22.3323],[85.76,22.3349],[85.757,22.3365],[85.7576,22.3414],[85.7602,22.3437],[85.7611,22.3461],[85.7645,22.3473],[85.7655,22.3505],[85.76,22.352],[85.7568,22.351],[85.7526,22.3529],[85.7502,22.3528],[85.7438,22.3546],[85.7412,22.3585],[85.7382,22.3609],[85.7338,22.3625],[85.7335,22.3607],[85.728,22.3573],[85.727,22.3541],[85.728,22.3515],[85.7237,22.3501],[85.7211,22.3467],[85.7228,22.342],[85.7211,22.3388],[85.717,22.3363],[85.7164,22.3331],[85.7141,22.329],[85.7057,22.3312],[85.7033,22.3303],[85.6975,22.3239],[85.697,22.3187],[85.6917,22.3155],[85.6851,22.3105],[85.6838,22.3057],[85.6806,22.3042],[85.674,22.3064],[85.666,22.3056],[85.6621,22.311],[85.6617,22.3155],[85.6596,22.3194],[85.6573,22.3213],[85.6526,22.329],[85.6513,22.3326],[85.6538,22.3367],[85.645,22.3419],[85.6428,22.3415],[85.6397,22.339],[85.6372,22.3407],[85.6339,22.3408],[85.6294,22.3375],[85.6275,22.335],[85.6299,22.3327],[85.6295,22.33],[85.6255,22.3264],[85.6272,22.3211],[85.6299,22.3187],[85.628,22.3156],[85.6295,22.3116],[85.6282,22.3103],[85.6308,22.3054],[85.6337,22.3041],[85.6349,22.3003],[85.6354,22.2957],[85.6386,22.2956],[85.6415,22.2877],[85.6403,22.2843]]]},"properties":{"id":"in:subdistrict:2738","level":"subdistrict","name":"Hat Gamharia","code":2738,"parent":"in:district:343","state":"in:state:20"}},{"type":"Feature","geometry":{"type":"Polygon","coordinates":[[[85.5773,22.0884],[85.5863,22.0861],[85.5902,22.084],[85.5917,22.0809],[85.5965,22.0793],[85.6032,22.0803],[85.6068,22.0798],[85.6106,22.0867],[85.614,22.0852],[85.6138,22.0815],[85.6249,22.0821],[85.6284,22.0859],[85.6311,22.0842],[85.6403,22.0887],[85.6429,22.0912],[85.6449,22.0947],[85.65,22.0956],[85.6539,22.0942],[85.6557,22.0909],[85.6563,22.0861],[85.6581,22.0834],[85.6611,22.0835],[85.6641,22.0768],[85.6672,22.0742],[85.6698,22.0739],[85.6717,22.0675],[85.6739,22.0653],[85.6778,22.0636],[85.6786,22.0604],[85.6773,22.057],[85.683,22.0547],[85.6863,22.0541],[85.6894,22.0561],[85.6903,22.0609],[85.6931,22.0625],[85.699,22.0621],[85.7037,22.0607],[85.7082,22.0582],[85.7114,22.0597],[85.7134,22.0625],[85.718,22.0617],[85.7205,22.0639],[85.7302,22.0653],[85.7354,22.0677],[85.7384,22.07],[85.7469,22.0729],[85.7443,22.0764],[85.7467,22.079],[85.7476,22.0884],[85.7485,22.0927],[85.7482,22.0979],[85.7442,22.1011],[85.7434,22.103],[85.7476,22.1061],[85.7472,22.108],[85.7498,22.1132],[85.7455,22.1187],[85.7428,22.1177],[85.7402,22.1204],[85.7403,22.122],[85.7322,22.1222],[85.7273,22.1239],[85.7218,22.1282],[85.7201,22.1261],[85.7142,22.1271],[85.711,22.1256],[85.7084,22.1272],[85.708,22.1307],[85.7092,22.1339],[85.7183,22.1377],[85.7184,22.139],[85.7227,22.141],[85.7225,22.1447],[85.7199,22.1498],[85.722,22.1536],[85.7223,22.156],[85.7284,22.1557],[85.7332,22.1577],[85.7323,22.1697],[85.733,22.1757],[85.7383,22.1828],[85.7394,22.1897],[85.7442,22.1949],[85.7444,22.202],[85.7434,22.2059],[85.7419,22.2065],[85.7438,22.2105],[85.7483,22.2174],[85.7491,22.2228],[85.7426,22.2246],[85.7361,22.2237],[85.7324,22.22],[85.7245,22.2142],[85.7173,22.2164],[85.7158,22.2178],[85.7135,22.2236],[85.7069,22.2257],[85.7047,22.2302],[85.7028,22.2381],[85.7027,22.2412],[85.6966,22.2416],[85.6882,22.2446],[85.6861,22.2426],[85.6841,22.2376],[85.6788,22.2334],[85.6732,22.2375],[85.6605,22.2402],[85.6586,22.2417],[85.6579,22.2449],[85.6538,22.2482],[85.6529,22.2522],[85.6483,22.2573],[85.6476,22.2633],[85.6444,22.2675],[85.6444,22.2718],[85.6408,22.2738],[85.6395,22.2783],[85.6423,22.2812],[85.6403,22.2843],[85.635,22.2846],[85.6209,22.2814],[85.6137,22.2813],[85.613,22.276],[85.6134,22.2709],[85.6157,22.2652],[85.6151,22.2602],[85.6138,22.2574],[85.6137,22.2496],[85.6096,22.2418],[85.5994,22.227],[85.5951,22.2243],[85.5934,22.2218],[85.5934,22.214],[85.5895,22.2089],[85.5884,22.2063],[85.5888,22.202],[85.5904,22.1955],[85.5898,22.1937],[85.5867,22.1907],[85.5846,22.1926],[85.576,22.1936],[85.573,22.1961],[85.5697,22.1969],[85.5676,22.199],[85.5636,22.2008],[85.5608,22.1986],[85.5613,22.1927],[85.5623,22.1895],[85.5649,22.1867],[85.5656,22.1827],[85.562,22.182],[85.5598,22.179],[85.5568,22.1702],[85.556,22.164],[85.5579,22.1593],[85.5664,22.1513],[85.5723,22.147],[85.576,22.1454],[85.5766,22.1421],[85.5764,22.1353],[85.5776,22.1296],[85.5773,22.1246],[85.5717,22.1219],[85.5689,22.1194],[85.5677,22.1171],[85.5684,22.1133],[85.57,22.11],[85.5718,22.1041],[85.5765,22.1005],[85.5751,22.0987],[85.5764,22.0966],[85.5793,22.0956],[85.5803,22.0922],[85.5773,22.0884]]]},"properties":{"id":"in:subdistrict:2743","level":"subdistrict","name":"Jagannathpur","code":2743,"parent":"in:district:343","state":"in:state:20"}},{"type":"Feature","geometry":{"type":"Polygon","coordinates":[[[85.3979,22.3693],[85.3958,22.3678],[85.3949,22.3643],[85.3894,22.3611],[85.3892,22.3594],[85.3911,22.3532],[85.3839,22.3504],[85.3796,22.3466],[85.3841,22.3411],[85.3865,22.3396],[85.3927,22.3398],[85.3961,22.3386],[85.3986,22.334],[85.3986,22.3324],[85.3956,22.3288],[85.396,22.3221],[85.3947,22.3198],[85.3953,22.3177],[85.3997,22.3182],[85.4037,22.3115],[85.4073,22.3082],[85.4073,22.3042],[85.4107,22.2996],[85.4087,22.2966],[85.408,22.2905],[85.409,22.2885],[85.4056,22.2847],[85.4059,22.2827],[85.4088,22.2801],[85.4086,22.2744],[85.4108,22.2728],[85.4133,22.2744],[85.4169,22.2783],[85.4185,22.279],[85.4236,22.2774],[85.427,22.2785],[85.4363,22.2779],[85.4427,22.2807],[85.4518,22.2824],[85.4544,22.284],[85.4586,22.2882],[85.4617,22.2893],[85.4679,22.2888],[85.4793,22.2904],[85.4835,22.2914],[85.4941,22.2924],[85.4955,22.298],[85.4947,22.305],[85.4903,22.3143],[85.4903,22.3173],[85.4925,22.3194],[85.4941,22.3237],[85.4958,22.3258],[85.5003,22.3289],[85.504,22.3295],[85.5082,22.3315],[85.5102,22.3313],[85.5122,22.3275],[85.5123,22.3251],[85.509,22.3191],[85.5041,22.3158],[85.5023,22.3122],[85.5048,22.31],[85.5079,22.3114],[85.5095,22.3029],[85.5105,22.294],[85.512,22.2922],[85.5171,22.292],[85.5224,22.2902],[85.5261,22.2902],[85.533,22.2943],[85.5344,22.296],[85.5432,22.3038],[85.5534,22.3113],[85.5546,22.3133],[85.5591,22.3147],[85.561,22.3175],[85.5785,22.3205],[85.5746,22.3265],[85.5707,22.3277],[85.5638,22.3343],[85.5636,22.3374],[85.5622,22.3388],[85.5588,22.3394],[85.5576,22.3454],[85.5563,22.3477],[85.5572,22.3506],[85.5567,22.355],[85.5586,22.3566],[85.5649,22.3524],[85.5711,22.3534],[85.5736,22.3507],[85.5826,22.3449],[85.5849,22.3451],[85.5898,22.3438],[85.601,22.3399],[85.6073,22.3442],[85.613,22.3469],[85.615,22.349],[85.6183,22.3486],[85.6222,22.3431],[85.6206,22.3418],[85.6222,22.3395],[85.6275,22.335],[85.6294,22.3375],[85.6339,22.3408],[85.6372,22.3407],[85.6397,22.339],[85.6428,22.3415],[85.645,22.3419],[85.6538,22.3367],[85.6513,22.3326],[85.6526,22.329],[85.6573,22.3213],[85.6596,22.3194],[85.6617,22.3155],[85.6621,22.311],[85.666,22.3056],[85.674,22.3064],[85.6806,22.3042],[85.6838,22.3057],[85.6851,22.3105],[85.6917,22.3155],[85.697,22.3187],[85.6975,22.3239],[85.7033,22.3303],[85.7057,22.3312],[85.7141,22.329],[85.7164,22.3331],[85.717,22.3363],[85.7211,22.3388],[85.7228,22.342],[85.7211,22.3467],[85.7237,22.3501],[85.728,22.3515],[85.727,22.3541],[85.728,22.3573],[85.7335,22.3607],[85.7338,22.3625],[85.7382,22.3609],[85.7412,22.3585],[85.7438,22.3546],[85.7502,22.3528],[85.7526,22.3529],[85.7568,22.351],[85.76,22.352],[85.7655,22.3505],[85.7612,22.3531],[85.7548,22.3605],[85.7524,22.3672],[85.7502,22.3695],[85.748,22.3752],[85.7443,22.38],[85.7546,22.3933],[85.7582,22.4005],[85.7615,22.3985],[85.768,22.4023],[85.7753,22.4048],[85.7785,22.4088],[85.7757,22.4127],[85.7729,22.4136],[85.7683,22.419],[85.7636,22.4224],[85.7582,22.425],[85.7539,22.4235],[85.7467,22.4238],[85.7466,22.4287],[85.7458,22.4306],[85.7465,22.436],[85.7467,22.4462],[85.7498,22.4508],[85.7525,22.4499],[85.7533,22.4522],[85.7466,22.4526],[85.7425,22.4492],[85.7397,22.4483],[85.7302,22.4483],[85.7262,22.4488],[85.7234,22.4533],[85.7302,22.4599],[85.7323,22.4624],[85.7321,22.467],[85.7394,22.4764],[85.7417,22.4753],[85.7484,22.4756],[85.753,22.4749],[85.7539,22.4765],[85.7599,22.4752],[85.7665,22.4765],[85.7656,22.482],[85.7677,22.4838],[85.7682,22.4898],[85.7705,22.4918],[85.7742,22.4928],[85.7718,22.4965],[85.7714,22.5023],[85.7672,22.5032],[85.7664,22.5013],[85.7633,22.5012],[85.7566,22.5062],[85.7502,22.5067],[85.7473,22.5044],[85.7464,22.5023],[85.7436,22.5032],[85.7394,22.5021],[85.7349,22.5001],[85.7321,22.501],[85.7262,22.4999],[85.7218,22.5001],[85.7226,22.5025],[85.7216,22.5056],[85.7164,22.5062],[85.7098,22.5058],[85.7087,22.5078],[85.7044,22.5106],[85.6981,22.5097],[85.6945,22.5055],[85.6915,22.5003],[85.6869,22.4986],[85.6845,22.4964],[85.6795,22.4943],[85.676,22.4939],[85.6716,22.4874],[85.6637,22.4857],[85.6612,22.4815],[85.6594,22.4802],[85.6597,22.4771],[85.6585,22.4756],[85.6547,22.4776],[85.6512,22.4771],[85.6453,22.4785],[85.6427,22.4774],[85.64,22.4781],[85.6384,22.4745],[85.6362,22.4728],[85.6355,22.4693],[85.632,22.4656],[85.6287,22.4652],[85.625,22.4659],[85.6198,22.4686],[85.616,22.4712],[85.6126,22.4723],[85.5975,22.4728],[85.5947,22.4734],[85.5914,22.4767],[85.594,22.48],[85.5935,22.4845],[85.5902,22.4832],[85.5828,22.482],[85.5776,22.4831],[85.5689,22.4793],[85.5642,22.4779],[85.5597,22.4779],[85.552,22.4769],[85.5504,22.4733],[85.5441,22.4744],[85.543,22.4811],[85.5472,22.4823],[85.5519,22.4822],[85.5515,22.4887],[85.5523,22.5102],[85.552,22.5186],[85.5509,22.5251],[85.5454,22.5247],[85.5361,22.5224],[85.5201,22.5197],[85.5137,22.519],[85.5029,22.5195],[85.4978,22.5212],[85.4957,22.5239],[85.4945,22.5276],[85.4878,22.5285],[85.4827,22.5274],[85.4834,22.5259],[85.4884,22.5261],[85.4907,22.5236],[85.4883,22.5186],[85.4874,22.5134],[85.4891,22.511],[85.4948,22.5104],[85.4957,22.5073],[85.4915,22.5021],[85.4882,22.5014],[85.4865,22.4977],[85.4845,22.4971],[85.4796,22.4975],[85.4785,22.5013],[85.4758,22.5019],[85.4728,22.4996],[85.475,22.4966],[85.4702,22.4927],[85.4654,22.4991],[85.4628,22.4989],[85.4609,22.4964],[85.4585,22.4892],[85.4534,22.4836],[85.4542,22.4802],[85.4505,22.4761],[85.4527,22.4731],[85.4558,22.4718],[85.4575,22.4693],[85.4587,22.4626],[85.4562,22.4597],[85.4595,22.4553],[85.4683,22.4404],[85.4671,22.4371],[85.4699,22.4333],[85.4686,22.4244],[85.4719,22.4196],[85.4755,22.4195],[85.4812,22.4118],[85.4732,22.4049],[85.4698,22.4026],[85.4624,22.4054],[85.4589,22.4008],[85.4568,22.4002],[85.4525,22.3958],[85.449,22.394],[85.4459,22.3975],[85.4446,22.4008],[85.4426,22.4018],[85.4402,22.3959],[85.436,22.3899],[85.4287,22.3813],[85.4244,22.3756],[85.4229,22.3717],[85.4209,22.3726],[85.4198,22.376],[85.4177,22.3771],[85.4139,22.3768],[85.4111,22.3779],[85.4032,22.3796],[85.4049,22.3758],[85.4026,22.3709],[85.3979,22.3693]]]},"properties":{"id":"in:subdistrict:2737","level":"subdistrict","name":"Tonto","code":2737,"parent":"in:district:343","state":"in:state:20"}},{"type":"Feature","geometry":{"type":"Polygon","coordinates":[[[85.552,22.4769],[85.5507,22.4785],[85.5519,22.4822],[85.5472,22.4823],[85.543,22.4811],[85.5441,22.4744],[85.5504,22.4733],[85.552,22.4769]]]},"properties":{"id":"in:subdistrict:x343-level-1","level":"subdistrict","name":"Level 1","code":0,"parent":"in:district:343","state":"in:state:20"}},{"type":"Feature","geometry":{"type":"Polygon","coordinates":[[[85.5509,22.5251],[85.552,22.5186],[85.5523,22.5102],[85.5515,22.4887],[85.5519,22.4822],[85.5507,22.4785],[85.552,22.4769],[85.5597,22.4779],[85.5642,22.4779],[85.5689,22.4793],[85.5776,22.4831],[85.5828,22.482],[85.5902,22.4832],[85.5935,22.4845],[85.594,22.48],[85.5914,22.4767],[85.5947,22.4734],[85.5975,22.4728],[85.6126,22.4723],[85.616,22.4712],[85.6198,22.4686],[85.625,22.4659],[85.6287,22.4652],[85.632,22.4656],[85.6355,22.4693],[85.6362,22.4728],[85.6384,22.4745],[85.64,22.4781],[85.6427,22.4774],[85.6453,22.4785],[85.6512,22.4771],[85.6547,22.4776],[85.6585,22.4756],[85.6597,22.4771],[85.6594,22.4802],[85.6612,22.4815],[85.6637,22.4857],[85.6716,22.4874],[85.676,22.4939],[85.6795,22.4943],[85.6845,22.4964],[85.6869,22.4986],[85.6915,22.5003],[85.6945,22.5055],[85.6981,22.5097],[85.7044,22.5106],[85.7087,22.5078],[85.7098,22.5058],[85.7164,22.5062],[85.7216,22.5056],[85.7226,22.5025],[85.7218,22.5001],[85.7262,22.4999],[85.7321,22.501],[85.7349,22.5001],[85.7394,22.5021],[85.7373,22.5069],[85.7342,22.509],[85.7274,22.5105],[85.7258,22.5095],[85.7223,22.5136],[85.719,22.5116],[85.7166,22.5139],[85.7126,22.514],[85.7113,22.5172],[85.709,22.5198],[85.7085,22.5233],[85.7048,22.5237],[85.7041,22.5278],[85.7062,22.5281],[85.7122,22.5324],[85.7035,22.5414],[85.7024,22.5441],[85.7115,22.5436],[85.7251,22.5462],[85.7294,22.5442],[85.7338,22.5454],[85.7335,22.547],[85.7384,22.5521],[85.7448,22.5566],[85.741,22.5591],[85.7378,22.5587],[85.7307,22.5609],[85.7291,22.562],[85.7245,22.5679],[85.7283,22.5731],[85.7312,22.5728],[85.7308,22.5754],[85.7334,22.5786],[85.7389,22.5783],[85.7482,22.5814],[85.7509,22.5814],[85.758,22.5876],[85.7667,22.5865],[85.7727,22.5878],[85.7777,22.5923],[85.7821,22.5971],[85.7851,22.6015],[85.7928,22.601],[85.7937,22.6052],[85.7966,22.6082],[85.8018,22.6096],[85.8012,22.6132],[85.8061,22.6136],[85.8087,22.6077],[85.8142,22.6053],[85.8199,22.6017],[85.823,22.6037],[85.8249,22.6019],[85.83,22.6037],[85.8347,22.6067],[85.8416,22.6099],[85.844,22.606],[85.8515,22.6094],[85.8567,22.6077],[85.8596,22.6054],[85.859,22.6005],[85.8601,22.5982],[85.864,22.5986],[85.8651,22.6013],[85.8696,22.6059],[85.8724,22.6054],[85.8782,22.6026],[85.8796,22.6044],[85.8828,22.6031],[85.8868,22.6088],[85.8924,22.6072],[85.8962,22.6091],[85.8971,22.6116],[85.8943,22.6132],[85.8864,22.6195],[85.8846,22.6241],[85.8827,22.6212],[85.8818,22.616],[85.8701,22.6161],[85.8684,22.6254],[85.8703,22.6304],[85.8747,22.6321],[85.8775,22.632],[85.8783,22.6368],[85.8703,22.6426],[85.8673,22.6431],[85.8666,22.6466],[85.8673,22.6535],[85.8663,22.6571],[85.8635,22.6603],[85.8643,22.667],[85.8675,22.6794],[85.8705,22.6834],[85.869,22.6902],[85.8607,22.7],[85.865,22.705],[85.8662,22.7093],[85.8649,22.7135],[85.8608,22.7162],[85.8571,22.72],[85.8533,22.7222],[85.8491,22.718],[85.8477,22.7138],[85.8454,22.7101],[85.8411,22.7083],[85.8342,22.713],[85.8291,22.7212],[85.8171,22.7143],[85.8132,22.7131],[85.8076,22.7124],[85.8013,22.7151],[85.8007,22.7181],[85.7929,22.7151],[85.7944,22.7109],[85.796,22.7096],[85.7898,22.7066],[85.7862,22.7061],[85.7827,22.7084],[85.7765,22.7078],[85.7764,22.6997],[85.7749,22.7002],[85.766,22.6997],[85.7573,22.7021],[85.7517,22.7013],[85.7491,22.7023],[85.7457,22.699],[85.746,22.6918],[85.7436,22.6912],[85.7343,22.6907],[85.7342,22.6873],[85.7322,22.6841],[85.7253,22.6838],[85.7212,22.6857],[85.7184,22.6906],[85.7165,22.6908],[85.7131,22.6852],[85.7076,22.6823],[85.7043,22.6772],[85.7021,22.6752],[85.7003,22.6706],[85.6891,22.6646],[85.6823,22.667],[85.6802,22.6637],[85.6757,22.6621],[85.6679,22.663],[85.6629,22.6667],[85.6605,22.6656],[85.6616,22.6626],[85.6594,22.6619],[85.6528,22.6623],[85.6519,22.6596],[85.6537,22.6571],[85.6614,22.6518],[85.6656,22.6512],[85.6714,22.6488],[85.6778,22.6479],[85.6891,22.6477],[85.6945,22.6465],[85.7011,22.6476],[85.7031,22.6489],[85.7104,22.6467],[85.713,22.637],[85.7136,22.6333],[85.7067,22.6303],[85.7026,22.6326],[85.6926,22.6347],[85.6908,22.6318],[85.6859,22.6328],[85.6843,22.6289],[85.6808,22.6257],[85.6803,22.6215],[85.6776,22.619],[85.6704,22.6151],[85.6692,22.619],[85.6698,22.6293],[85.6692,22.6313],[85.6609,22.6328],[85.6552,22.6348],[85.6498,22.6351],[85.646,22.6378],[85.6381,22.638],[85.6417,22.6335],[85.6448,22.6276],[85.6478,22.624],[85.6476,22.6208],[85.6486,22.6151],[85.656,22.6144],[85.6604,22.6135],[85.6598,22.6026],[85.6602,22.5977],[85.6591,22.596],[85.6496,22.5954],[85.6457,22.5948],[85.6411,22.5909],[85.6318,22.5887],[85.6275,22.5849],[85.621,22.5819],[85.615,22.5813],[85.6126,22.5794],[85.6094,22.5744],[85.6016,22.5666],[85.5962,22.564],[85.5909,22.5575],[85.5944,22.5563],[85.5999,22.5564],[85.601,22.5539],[85.5974,22.5518],[85.5983,22.5486],[85.6022,22.5484],[85.6097,22.5505],[85.614,22.5488],[85.6172,22.5465],[85.6163,22.5449],[85.6099,22.5405],[85.6047,22.5425],[85.6001,22.5392],[85.5987,22.5418],[85.5954,22.5419],[85.5965,22.5446],[85.5941,22.5451],[85.5908,22.5414],[85.5867,22.5394],[85.5784,22.537],[85.5753,22.5373],[85.5701,22.5351],[85.566,22.5349],[85.5576,22.5363],[85.5516,22.5363],[85.5508,22.5338],[85.5509,22.5251]]]},"properties":{"id":"in:subdistrict:2732","level":"subdistrict","name":"Khuntpani","code":2732,"parent":"in:district:343","state":"in:state:20"}},{"type":"Feature","geometry":{"type":"Polygon","coordinates":[[[85.5035,22.8001],[85.5076,22.793],[85.51,22.7903],[85.5142,22.7884],[85.5256,22.7845],[85.5347,22.7771],[85.5399,22.7768],[85.5425,22.7777],[85.5456,22.777],[85.5483,22.7752],[85.5501,22.7708],[85.5547,22.7713],[85.5564,22.7675],[85.5566,22.7604],[85.5573,22.7555],[85.5573,22.7498],[85.5547,22.7452],[85.5567,22.7433],[85.5585,22.7396],[85.5621,22.738],[85.5596,22.7342],[85.5619,22.7284],[85.565,22.7269],[85.5724,22.7258],[85.5721,22.7208],[85.5802,22.7208],[85.5835,22.7146],[85.5834,22.7124],[85.5857,22.7098],[85.5892,22.7021],[85.5876,22.7002],[85.5864,22.6942],[85.5838,22.6925],[85.5824,22.6936],[85.5758,22.6913],[85.5693,22.6873],[85.565,22.6836],[85.5632,22.6833],[85.5607,22.6788],[85.5577,22.675],[85.5579,22.6638],[85.5562,22.6621],[85.5547,22.6578],[85.5618,22.6541],[85.5627,22.6529],[85.5625,22.6481],[85.5616,22.6452],[85.5621,22.6384],[85.5593,22.6378],[85.5524,22.6377],[85.5537,22.6308],[85.5547,22.6296],[85.5567,22.6217],[85.5608,22.6194],[85.5651,22.6189],[85.5691,22.6197],[85.574,22.6196],[85.5794,22.618],[85.5775,22.6131],[85.5771,22.6094],[85.5747,22.6047],[85.5651,22.6037],[85.5641,22.6018],[85.564,22.5899],[85.5622,22.5839],[85.562,22.5798],[85.5638,22.574],[85.5649,22.5683],[85.5676,22.5632],[85.568,22.5602],[85.5673,22.5562],[85.5703,22.5507],[85.5741,22.5495],[85.5793,22.5506],[85.5897,22.5515],[85.5894,22.5545],[85.5909,22.5575],[85.5962,22.564],[85.6016,22.5666],[85.6094,22.5744],[85.6126,22.5794],[85.615,22.5813],[85.621,22.5819],[85.6275,22.5849],[85.6318,22.5887],[85.6411,22.5909],[85.6457,22.5948],[85.6496,22.5954],[85.6591,22.596],[85.6602,22.5977],[85.6598,22.6026],[85.6604,22.6135],[85.656,22.6144],[85.6486,22.6151],[85.6476,22.6208],[85.6478,22.624],[85.6448,22.6276],[85.6417,22.6335],[85.6381,22.638],[85.646,22.6378],[85.6498,22.6351],[85.6552,22.6348],[85.6609,22.6328],[85.6692,22.6313],[85.6698,22.6293],[85.6692,22.619],[85.6704,22.6151],[85.6776,22.619],[85.6803,22.6215],[85.6808,22.6257],[85.6843,22.6289],[85.6859,22.6328],[85.6908,22.6318],[85.6926,22.6347],[85.7026,22.6326],[85.7067,22.6303],[85.7136,22.6333],[85.713,22.637],[85.7104,22.6467],[85.7031,22.6489],[85.7011,22.6476],[85.6945,22.6465],[85.6891,22.6477],[85.6778,22.6479],[85.6714,22.6488],[85.6656,22.6512],[85.6614,22.6518],[85.6537,22.6571],[85.6519,22.6596],[85.6528,22.6623],[85.6594,22.6619],[85.6616,22.6626],[85.6605,22.6656],[85.6629,22.6667],[85.6679,22.663],[85.6757,22.6621],[85.6802,22.6637],[85.6823,22.667],[85.6891,22.6646],[85.7003,22.6706],[85.7021,22.6752],[85.7043,22.6772],[85.7076,22.6823],[85.7131,22.6852],[85.7165,22.6908],[85.7115,22.6916],[85.7049,22.6944],[85.7033,22.6968],[85.7005,22.6985],[85.699,22.7006],[85.6985,22.7041],[85.6988,22.7093],[85.6947,22.7121],[85.693,22.7155],[85.6911,22.7158],[85.6901,22.7193],[85.6859,22.7236],[85.6848,22.7264],[85.6837,22.7342],[85.6855,22.7375],[85.6897,22.743],[85.6923,22.7445],[85.7016,22.7437],[85.7065,22.7417],[85.7132,22.7424],[85.7162,22.7438],[85.7169,22.7503],[85.7181,22.7535],[85.7148,22.7566],[85.7092,22.7589],[85.7047,22.7599],[85.705,22.7657],[85.702,22.771],[85.699,22.7732],[85.6981,22.7771],[85.6954,22.7787],[85.6951,22.7828],[85.6974,22.7888],[85.6964,22.7921],[85.6981,22.7979],[85.7024,22.8065],[85.6956,22.8155],[85.6844,22.8176],[85.6787,22.8245],[85.6736,22.8273],[85.6715,22.8271],[85.6658,22.8291],[85.6633,22.8346],[85.6595,22.8402],[85.6529,22.8397],[85.651,22.8415],[85.6469,22.8507],[85.6388,22.847],[85.6214,22.8477],[85.6196,22.8461],[85.6172,22.8402],[85.6134,22.8377],[85.6111,22.8276],[85.6094,22.8262],[85.5933,22.8273],[85.5824,22.8291],[85.5734,22.8318],[85.5668,22.8327],[85.5632,22.8273],[85.5587,22.8219],[85.5485,22.8227],[85.543,22.8203],[85.5395,22.8202],[85.5364,22.8072],[85.5303,22.8081],[85.5239,22.8079],[85.517,22.807],[85.5135,22.8072],[85.5103,22.8051],[85.5056,22.8011],[85.5035,22.8001]]]},"properties":{"id":"in:subdistrict:2731","level":"subdistrict","name":"Chakradharpur","code":2731,"parent":"in:district:343","state":"in:state:20"}},{"type":"Feature","geometry":{"type":"Polygon","coordinates":[[[85.5806,22.9071],[85.5824,22.8999],[85.5831,22.8949],[85.5864,22.8966],[85.5903,22.897],[85.5951,22.8952],[85.6022,22.8938],[85.6,22.8909],[85.5947,22.8858],[85.587,22.8805],[85.5861,22.8776],[85.5828,22.8713],[85.583,22.8681],[85.5817,22.866],[85.575,22.8628],[85.5719,22.8621],[85.567,22.863],[85.563,22.86],[85.5599,22.8617],[85.5589,22.864],[85.5578,22.8717],[85.5586,22.8742],[85.558,22.8801],[85.5511,22.8767],[85.5461,22.872],[85.5431,22.8713],[85.5419,22.8661],[85.5403,22.8649],[85.5358,22.8658],[85.5334,22.8684],[85.5315,22.8643],[85.5293,22.8639],[85.5295,22.8608],[85.5308,22.8579],[85.5319,22.8523],[85.5292,22.8495],[85.5294,22.8466],[85.5281,22.8451],[85.5217,22.8424],[85.5216,22.839],[85.5203,22.8349],[85.5207,22.8307],[85.5199,22.8288],[85.5155,22.8308],[85.5132,22.8272],[85.5148,22.8237],[85.5146,22.8194],[85.5163,22.8186],[85.5166,22.8157],[85.5181,22.8135],[85.5165,22.8111],[85.517,22.807],[85.5239,22.8079],[85.5303,22.8081],[85.5364,22.8072],[85.5395,22.8202],[85.543,22.8203],[85.5485,22.8227],[85.5587,22.8219],[85.5632,22.8273],[85.5668,22.8327],[85.5734,22.8318],[85.5824,22.8291],[85.5933,22.8273],[85.6094,22.8262],[85.6111,22.8276],[85.6134,22.8377],[85.6172,22.8402],[85.6196,22.8461],[85.6214,22.8477],[85.6388,22.847],[85.6469,22.8507],[85.651,22.8415],[85.6529,22.8397],[85.6595,22.8402],[85.6633,22.8346],[85.6658,22.8291],[85.6715,22.8271],[85.6736,22.8273],[85.6787,22.8245],[85.6844,22.8176],[85.6956,22.8155],[85.7024,22.8065],[85.6981,22.7979],[85.6964,22.7921],[85.6974,22.7888],[85.6951,22.7828],[85.6954,22.7787],[85.6981,22.7771],[85.699,22.7732],[85.702,22.771],[85.705,22.7657],[85.7047,22.7599],[85.7092,22.7589],[85.7148,22.7566],[85.7181,22.7535],[85.7169,22.7503],[85.7162,22.7438],[85.7132,22.7424],[85.7157,22.7391],[85.7209,22.7341],[85.7268,22.7317],[85.7306,22.7322],[85.7359,22.732],[85.7417,22.7296],[85.7463,22.725],[85.752,22.7233],[85.7632,22.7297],[85.7614,22.732],[85.7618,22.7343],[85.7647,22.7397],[85.7677,22.7393],[85.7722,22.7454],[85.7762,22.7463],[85.7732,22.7486],[85.7713,22.7519],[85.7723,22.7562],[85.7741,22.7598],[85.7768,22.7612],[85.7758,22.7686],[85.7736,22.7746],[85.7746,22.777],[85.7729,22.7826],[85.7724,22.7884],[85.774,22.7893],[85.778,22.7879],[85.7814,22.7782],[85.7829,22.7753],[85.786,22.775],[85.787,22.777],[85.787,22.7808],[85.7831,22.7835],[85.7829,22.7894],[85.7875,22.7907],[85.7953,22.7811],[85.7999,22.7808],[85.8001,22.7859],[85.802,22.7892],[85.8018,22.799],[85.8059,22.7974],[85.8127,22.7994],[85.8083,22.8059],[85.8063,22.8066],[85.8036,22.8101],[85.8046,22.8126],[85.8113,22.8116],[85.8147,22.8101],[85.8151,22.814],[85.814,22.8166],[85.8165,22.8199],[85.8181,22.8239],[85.8165,22.8256],[85.8146,22.8305],[85.8102,22.8341],[85.8056,22.8349],[85.8039,22.8337],[85.7996,22.8342],[85.7988,22.8425],[85.7949,22.8465],[85.7899,22.8504],[85.7931,22.852],[85.8009,22.8536],[85.8017,22.8549],[85.8061,22.855],[85.8152,22.857],[85.8165,22.8561],[85.8222,22.8555],[85.8262,22.8579],[85.8323,22.8576],[85.8336,22.8646],[85.8314,22.8656],[85.8275,22.8655],[85.821,22.8663],[85.8213,22.8701],[85.8262,22.8746],[85.8274,22.8853],[85.8364,22.8931],[85.8373,22.9047],[85.8339,22.9027],[85.825,22.9034],[85.8213,22.9051],[85.8118,22.9074],[85.8048,22.9076],[85.7984,22.9087],[85.7986,22.9107],[85.7936,22.9157],[85.7882,22.9191],[85.7807,22.9215],[85.7748,22.9199],[85.773,22.922],[85.7691,22.9246],[85.77,22.9298],[85.7613,22.9329],[85.7563,22.9309],[85.752,22.933],[85.7491,22.9353],[85.7457,22.9364],[85.7417,22.9398],[85.7388,22.9387],[85.7373,22.9406],[85.734,22.9411],[85.7309,22.9436],[85.7242,22.9429],[85.721,22.9433],[85.7149,22.9428],[85.7087,22.9433],[85.705,22.9445],[85.7037,22.9431],[85.6996,22.9429],[85.6988,22.9397],[85.6946,22.9372],[85.6921,22.9349],[85.689,22.9342],[85.6839,22.9343],[85.6778,22.9353],[85.6707,22.9349],[85.6649,22.9357],[85.6594,22.9376],[85.6534,22.936],[85.6547,22.9281],[85.6569,22.9239],[85.6555,22.9222],[85.6519,22.9206],[85.6491,22.9181],[85.6429,22.9187],[85.6245,22.9168],[85.62,22.9145],[85.6179,22.915],[85.6165,22.9197],[85.6141,22.9218],[85.6138,22.9247],[85.6162,22.9272],[85.6159,22.9308],[85.6143,22.9321],[85.6089,22.934],[85.6043,22.935],[85.6022,22.93],[85.5942,22.9242],[85.5918,22.9214],[85.5844,22.9111],[85.5806,22.9071]]]},"properties":{"id":"in:subdistrict:2746","level":"subdistrict","name":"Kuchai","code":2746,"parent":"in:district:341","state":"in:state:20"}},{"type":"Feature","geometry":{"type":"Polygon","coordinates":[[[85.865,22.8846],[85.8614,22.883],[85.8551,22.8832],[85.8466,22.885],[85.8412,22.8872],[85.8373,22.8896],[85.8364,22.8931],[85.8274,22.8853],[85.8262,22.8746],[85.8213,22.8701],[85.821,22.8663],[85.8275,22.8655],[85.8314,22.8656],[85.8336,22.8646],[85.8323,22.8576],[85.8262,22.8579],[85.8222,22.8555],[85.8165,22.8561],[85.8152,22.857],[85.8061,22.855],[85.8017,22.8549],[85.8009,22.8536],[85.7931,22.852],[85.7899,22.8504],[85.7949,22.8465],[85.7988,22.8425],[85.7996,22.8342],[85.8039,22.8337],[85.8056,22.8349],[85.8102,22.8341],[85.8146,22.8305],[85.8165,22.8256],[85.8181,22.8239],[85.8165,22.8199],[85.814,22.8166],[85.8151,22.814],[85.8147,22.8101],[85.8113,22.8116],[85.8046,22.8126],[85.8036,22.8101],[85.8063,22.8066],[85.8083,22.8059],[85.8127,22.7994],[85.8059,22.7974],[85.8018,22.799],[85.802,22.7892],[85.8001,22.7859],[85.7999,22.7808],[85.7953,22.7811],[85.7875,22.7907],[85.7829,22.7894],[85.7831,22.7835],[85.787,22.7808],[85.787,22.777],[85.786,22.775],[85.7829,22.7753],[85.7814,22.7782],[85.778,22.7879],[85.774,22.7893],[85.7724,22.7884],[85.7729,22.7826],[85.7746,22.777],[85.7736,22.7746],[85.7758,22.7686],[85.7768,22.7612],[85.7741,22.7598],[85.7723,22.7562],[85.7713,22.7519],[85.7732,22.7486],[85.7762,22.7463],[85.7722,22.7454],[85.7677,22.7393],[85.7647,22.7397],[85.7618,22.7343],[85.7614,22.732],[85.7632,22.7297],[85.752,22.7233],[85.7463,22.725],[85.7417,22.7296],[85.7359,22.732],[85.7306,22.7322],[85.7268,22.7317],[85.7209,22.7341],[85.7157,22.7391],[85.7132,22.7424],[85.7065,22.7417],[85.7016,22.7437],[85.6923,22.7445],[85.6897,22.743],[85.6855,22.7375],[85.6837,22.7342],[85.6848,22.7264],[85.6859,22.7236],[85.6901,22.7193],[85.6911,22.7158],[85.693,22.7155],[85.6947,22.7121],[85.6988,22.7093],[85.6985,22.7041],[85.699,22.7006],[85.7005,22.6985],[85.7033,22.6968],[85.7049,22.6944],[85.7115,22.6916],[85.7165,22.6908],[85.7184,22.6906],[85.7212,22.6857],[85.7253,22.6838],[85.7322,22.6841],[85.7342,22.6873],[85.7343,22.6907],[85.7436,22.6912],[85.746,22.6918],[85.7457,22.699],[85.7491,22.7023],[85.7517,22.7013],[85.7573,22.7021],[85.766,22.6997],[85.7749,22.7002],[85.7764,22.6997],[85.7765,22.7078],[85.7827,22.7084],[85.7862,22.7061],[85.7898,22.7066],[85.796,22.7096],[85.7944,22.7109],[85.7929,22.7151],[85.8007,22.7181],[85.8013,22.7151],[85.8076,22.7124],[85.8132,22.7131],[85.8171,22.7143],[85.8291,22.7212],[85.8319,22.725],[85.8338,22.7263],[85.8391,22.7271],[85.8469,22.7251],[85.85,22.7261],[85.8528,22.7287],[85.854,22.7342],[85.8573,22.7349],[85.858,22.731],[85.8611,22.7311],[85.8652,22.7351],[85.8685,22.7362],[85.872,22.7357],[85.8737,22.7376],[85.8773,22.7387],[85.8796,22.7423],[85.8839,22.7459],[85.8871,22.7447],[85.8895,22.746],[85.8896,22.7516],[85.8824,22.7532],[85.8772,22.7527],[85.8735,22.7554],[85.874,22.7617],[85.8726,22.7666],[85.877,22.7707],[85.879,22.7702],[85.8833,22.771],[85.8865,22.7703],[85.888,22.7732],[85.8913,22.7738],[85.9011,22.7781],[85.9035,22.7816],[85.9072,22.7828],[85.9117,22.7933],[85.9139,22.8037],[85.9166,22.8111],[85.918,22.8176],[85.9195,22.8197],[85.9221,22.8288],[85.9213,22.8305],[85.9176,22.8286],[85.9153,22.8256],[85.9137,22.8284],[85.9126,22.834],[85.9126,22.8435],[85.9132,22.8489],[85.913,22.8566],[85.9097,22.8573],[85.8864,22.8577],[85.885,22.8594],[85.8871,22.8632],[85.8879,22.8725],[85.8821,22.8713],[85.8771,22.8716],[85.8755,22.8701],[85.8701,22.8698],[85.8709,22.8729],[85.8686,22.882],[85.865,22.8846]]]},"properties":{"id":"in:subdistrict:2747","level":"subdistrict","name":"Kharsawan","code":2747,"parent":"in:district:341","state":"in:state:20"}},{"type":"Feature","geometry":{"type":"Polygon","coordinates":[[[85.8879,22.8725],[85.8871,22.8632],[85.885,22.8594],[85.8864,22.8577],[85.9097,22.8573],[85.913,22.8566],[85.9132,22.8489],[85.9126,22.8435],[85.9126,22.834],[85.9137,22.8284],[85.9153,22.8256],[85.9176,22.8286],[85.9213,22.8305],[85.9221,22.8288],[85.9195,22.8197],[85.918,22.8176],[85.9166,22.8111],[85.9139,22.8037],[85.9117,22.7933],[85.9072,22.7828],[85.9035,22.7816],[85.9011,22.7781],[85.8913,22.7738],[85.888,22.7732],[85.8865,22.7703],[85.8833,22.771],[85.879,22.7702],[85.877,22.7707],[85.8726,22.7666],[85.874,22.7617],[85.8735,22.7554],[85.8772,22.7527],[85.8824,22.7532],[85.8896,22.7516],[85.8895,22.746],[85.8871,22.7447],[85.8839,22.7459],[85.8796,22.7423],[85.8773,22.7387],[85.8737,22.7376],[85.872,22.7357],[85.8685,22.7362],[85.8652,22.7351],[85.8611,22.7311],[85.858,22.731],[85.8573,22.7349],[85.854,22.7342],[85.8528,22.7287],[85.85,22.7261],[85.8469,22.7251],[85.8391,22.7271],[85.8338,22.7263],[85.8319,22.725],[85.8291,22.7212],[85.8342,22.713],[85.8411,22.7083],[85.8454,22.7101],[85.8477,22.7138],[85.8491,22.718],[85.8533,22.7222],[85.8571,22.72],[85.8608,22.7162],[85.8649,22.7135],[85.8662,22.7093],[85.865,22.705],[85.8607,22.7],[85.869,22.6902],[85.8705,22.6834],[85.8675,22.6794],[85.8643,22.667],[85.8635,22.6603],[85.8663,22.6571],[85.8673,22.6535],[85.8666,22.6466],[85.8673,22.6431],[85.8703,22.6426],[85.8783,22.6368],[85.8775,22.632],[85.8747,22.6321],[85.8703,22.6304],[85.8684,22.6254],[85.8701,22.6161],[85.8818,22.616],[85.8827,22.6212],[85.8846,22.6241],[85.8823,22.627],[85.882,22.6309],[85.8885,22.6297],[85.8952,22.6271],[85.8994,22.6267],[85.9026,22.6274],[85.9075,22.6243],[85.9077,22.6313],[85.9129,22.6379],[85.9157,22.6336],[85.921,22.6311],[85.9244,22.6323],[85.9243,22.6347],[85.9271,22.6393],[85.924,22.6446],[85.9237,22.647],[85.929,22.6462],[85.9308,22.6433],[85.9343,22.6401],[85.9367,22.6394],[85.9407,22.6413],[85.9443,22.6409],[85.945,22.6375],[85.9468,22.6349],[85.9454,22.6324],[85.9465,22.6306],[85.9495,22.6314],[85.95,22.6336],[85.9565,22.636],[85.9586,22.6356],[85.9607,22.6388],[85.9673,22.6345],[85.9684,22.6368],[85.9714,22.6392],[85.9769,22.6408],[85.9815,22.6436],[85.9842,22.6496],[85.9861,22.6516],[85.9847,22.6559],[85.9814,22.6602],[85.9803,22.6638],[85.9771,22.6644],[85.9773,22.6682],[85.9753,22.673],[85.9744,22.6775],[85.9774,22.6797],[85.9655,22.6832],[85.9633,22.6849],[85.962,22.6884],[85.9556,22.686],[85.9506,22.6855],[85.9423,22.6872],[85.9389,22.6892],[85.9397,22.6925],[85.9365,22.6969],[85.938,22.6978],[85.9451,22.6992],[85.9466,22.7059],[85.9392,22.7073],[85.9375,22.7094],[85.9411,22.714],[85.9416,22.7157],[85.9473,22.7137],[85.9503,22.7197],[85.9487,22.721],[85.9493,22.7255],[85.9513,22.7268],[85.9459,22.7286],[85.9454,22.7324],[85.9485,22.7395],[85.9533,22.74],[85.9538,22.7461],[85.9556,22.7552],[85.9565,22.7568],[85.9533,22.7592],[85.953,22.7643],[85.9573,22.7646],[85.9643,22.7619],[85.9661,22.7638],[85.9646,22.7668],[85.9647,22.7701],[85.9671,22.7696],[85.9698,22.7715],[85.9719,22.7709],[85.9743,22.7751],[85.9797,22.7758],[85.9822,22.7781],[85.9839,22.7827],[85.9938,22.7752],[85.9964,22.7775],[86.003,22.7769],[86.0071,22.7796],[86.0069,22.783],[86.003,22.7851],[86.0004,22.7852],[86.0008,22.7915],[85.9994,22.7932],[85.9995,22.7983],[86.0037,22.7976],[86.009,22.7978],[86.0068,22.8049],[86.0057,22.8061],[86.0078,22.8096],[86.0103,22.8187],[86.0118,22.8212],[86.0088,22.822],[86.0031,22.822],[86.0021,22.8239],[86.0046,22.83],[86.0012,22.8378],[86.0008,22.8418],[86.0026,22.8488],[86.005,22.8519],[86.0041,22.8548],[85.9986,22.856],[85.9983,22.8589],[85.9992,22.8617],[85.9989,22.8685],[85.9926,22.8677],[85.9845,22.865],[85.9837,22.8699],[85.9802,22.87],[85.9781,22.8689],[85.9733,22.8702],[85.9732,22.8722],[85.9712,22.8712],[85.9633,22.8705],[85.9543,22.8687],[85.9466,22.8677],[85.9295,22.8668],[85.9246,22.8673],[85.9133,22.8677],[85.9017,22.8676],[85.8967,22.8722],[85.8879,22.8725]]]},"properties":{"id":"in:subdistrict:2753","level":"subdistrict","name":"Saraikela","code":2753,"parent":"in:district:341","state":"in:state:20"}},{"type":"Feature","geometry":{"type":"Polygon","coordinates":[[[85.7742,22.4928],[85.7815,22.4926],[85.7855,22.4938],[85.7878,22.4936],[85.7943,22.4948],[85.7953,22.4926],[85.7989,22.4929],[85.7995,22.4945],[85.8135,22.499],[85.8181,22.5021],[85.8197,22.4969],[85.8183,22.4925],[85.8242,22.4911],[85.8269,22.4796],[85.8303,22.4791],[85.833,22.4799],[85.8378,22.479],[85.8394,22.4825],[85.8416,22.4842],[85.8458,22.483],[85.8533,22.4857],[85.853,22.4818],[85.8596,22.4831],[85.8618,22.4818],[85.8691,22.4822],[85.8748,22.4814],[85.8766,22.4805],[85.8841,22.4804],[85.8862,22.4827],[85.8843,22.485],[85.8836,22.4906],[85.8856,22.4957],[85.8893,22.4984],[85.8935,22.5029],[85.8905,22.5052],[85.8946,22.5092],[85.8995,22.5105],[85.9,22.5169],[85.9053,22.5177],[85.9097,22.5203],[85.9069,22.5224],[85.9035,22.5234],[85.901,22.5261],[85.9018,22.5297],[85.9082,22.5403],[85.9072,22.5454],[85.899,22.5512],[85.8933,22.5563],[85.8883,22.5573],[85.8847,22.5553],[85.8808,22.5551],[85.8736,22.563],[85.8738,22.5662],[85.8787,22.5699],[85.8848,22.5719],[85.8894,22.576],[85.8984,22.5774],[85.9011,22.5789],[85.903,22.582],[85.9035,22.5879],[85.9031,22.5912],[85.9049,22.5956],[85.911,22.5992],[85.9136,22.6024],[85.913,22.6059],[85.91,22.607],[85.9055,22.6075],[85.8971,22.6116],[85.8962,22.6091],[85.8924,22.6072],[85.8868,22.6088],[85.8828,22.6031],[85.8796,22.6044],[85.8782,22.6026],[85.8724,22.6054],[85.8696,22.6059],[85.8651,22.6013],[85.864,22.5986],[85.8601,22.5982],[85.859,22.6005],[85.8596,22.6054],[85.8567,22.6077],[85.8515,22.6094],[85.844,22.606],[85.8416,22.6099],[85.8347,22.6067],[85.83,22.6037],[85.8249,22.6019],[85.823,22.6037],[85.8199,22.6017],[85.8142,22.6053],[85.8087,22.6077],[85.8061,22.6136],[85.8012,22.6132],[85.8018,22.6096],[85.7966,22.6082],[85.7937,22.6052],[85.7928,22.601],[85.7851,22.6015],[85.7821,22.5971],[85.7777,22.5923],[85.7727,22.5878],[85.7667,22.5865],[85.758,22.5876],[85.7509,22.5814],[85.7482,22.5814],[85.7389,22.5783],[85.7334,22.5786],[85.7308,22.5754],[85.7312,22.5728],[85.7283,22.5731],[85.7245,22.5679],[85.7291,22.562],[85.7307,22.5609],[85.7378,22.5587],[85.741,22.5591],[85.7448,22.5566],[85.7384,22.5521],[85.7335,22.547],[85.7338,22.5454],[85.7294,22.5442],[85.7251,22.5462],[85.7115,22.5436],[85.7024,22.5441],[85.7035,22.5414],[85.7122,22.5324],[85.7062,22.5281],[85.7041,22.5278],[85.7048,22.5237],[85.7085,22.5233],[85.709,22.5198],[85.7113,22.5172],[85.7126,22.514],[85.7166,22.5139],[85.719,22.5116],[85.7223,22.5136],[85.7258,22.5095],[85.7274,22.5105],[85.7342,22.509],[85.7373,22.5069],[85.7394,22.5021],[85.7436,22.5032],[85.7464,22.5023],[85.7473,22.5044],[85.7502,22.5067],[85.7566,22.5062],[85.7633,22.5012],[85.7664,22.5013],[85.7672,22.5032],[85.7714,22.5023],[85.7718,22.4965],[85.7742,22.4928]]]},"properties":{"id":"in:subdistrict:2739","level":"subdistrict","name":"Chaibasa","code":2739,"parent":"in:district:343","state":"in:state:20"}},{"type":"Feature","geometry":{"type":"Polygon","coordinates":[[[85.8285,22.3969],[85.8266,22.3995],[85.8302,22.4082],[85.8379,22.4178],[85.8416,22.4206],[85.8443,22.4294],[85.8439,22.4326],[85.8501,22.4358],[85.852,22.4384],[85.8558,22.4415],[85.8593,22.4412],[85.859,22.4444],[85.8602,22.4496],[85.8567,22.4535],[85.8606,22.4561],[85.8654,22.456],[85.8664,22.4578],[85.8698,22.4594],[85.8713,22.4636],[85.8693,22.4683],[85.8726,22.4692],[85.874,22.4708],[85.8739,22.4798],[85.8748,22.4814],[85.8691,22.4822],[85.8618,22.4818],[85.8596,22.4831],[85.853,22.4818],[85.8533,22.4857],[85.8458,22.483],[85.8416,22.4842],[85.8394,22.4825],[85.8378,22.479],[85.833,22.4799],[85.8303,22.4791],[85.8269,22.4796],[85.8242,22.4911],[85.8183,22.4925],[85.8197,22.4969],[85.8181,22.5021],[85.8135,22.499],[85.7995,22.4945],[85.7989,22.4929],[85.7953,22.4926],[85.7943,22.4948],[85.7878,22.4936],[85.7855,22.4938],[85.7815,22.4926],[85.7742,22.4928],[85.7705,22.4918],[85.7682,22.4898],[85.7677,22.4838],[85.7656,22.482],[85.7665,22.4765],[85.7599,22.4752],[85.7539,22.4765],[85.753,22.4749],[85.7484,22.4756],[85.7417,22.4753],[85.7394,22.4764],[85.7321,22.467],[85.7323,22.4624],[85.7302,22.4599],[85.7234,22.4533],[85.7262,22.4488],[85.7302,22.4483],[85.7397,22.4483],[85.7425,22.4492],[85.7466,22.4526],[85.7533,22.4522],[85.7525,22.4499],[85.7498,22.4508],[85.7467,22.4462],[85.7465,22.436],[85.7458,22.4306],[85.7466,22.4287],[85.7467,22.4238],[85.7539,22.4235],[85.7582,22.425],[85.7636,22.4224],[85.7683,22.419],[85.7729,22.4136],[85.7757,22.4127],[85.7785,22.4088],[85.7753,22.4048],[85.768,22.4023],[85.7615,22.3985],[85.7582,22.4005],[85.7546,22.3933],[85.7443,22.38],[85.748,22.3752],[85.7502,22.3695],[85.7524,22.3672],[85.7548,22.3605],[85.7612,22.3531],[85.7655,22.3505],[85.7654,22.3533],[85.7696,22.3627],[85.7707,22.3676],[85.7747,22.37],[85.7735,22.3752],[85.7774,22.3777],[85.775,22.3809],[85.779,22.3829],[85.7851,22.3876],[85.795,22.391],[85.8007,22.3887],[85.8033,22.3883],[85.8077,22.3899],[85.8141,22.3897],[85.817,22.3929],[85.8215,22.3961],[85.8233,22.3963],[85.8279,22.3939],[85.8285,22.3969]]]},"properties":{"id":"in:subdistrict:2742","level":"subdistrict","name":"Jhinkpani","code":2742,"parent":"in:district:343","state":"in:state:20"}},{"type":"Feature","geometry":{"type":"Polygon","coordinates":[[[85.998,22.3438],[85.998,22.3448],[86.0037,22.3467],[86.0075,22.3515],[86.0108,22.3523],[86.0141,22.3573],[86.0147,22.3597],[86.019,22.3608],[86.0195,22.3631],[86.0219,22.366],[86.0215,22.3695],[86.0202,22.3713],[86.0211,22.3762],[86.0248,22.3754],[86.0249,22.3792],[86.0269,22.3811],[86.0253,22.384],[86.0272,22.386],[86.0238,22.3896],[86.0243,22.3955],[86.0214,22.3969],[86.0204,22.4006],[86.0183,22.4029],[86.0192,22.4078],[86.0178,22.4106],[86.0176,22.4144],[86.0178,22.417],[86.0164,22.4208],[86.015,22.4287],[86.0107,22.4302],[86.0032,22.4263],[85.9978,22.4281],[85.9934,22.4304],[85.9826,22.4372],[85.9795,22.4415],[85.9749,22.4448],[85.9729,22.4472],[85.9656,22.4512],[85.9654,22.4528],[85.9684,22.4598],[85.967,22.4616],[85.9643,22.4606],[85.9603,22.4614],[85.9571,22.4643],[85.9575,22.4665],[85.9618,22.4703],[85.9629,22.4746],[85.9635,22.482],[85.9628,22.4851],[85.96,22.4878],[85.9551,22.4888],[85.9508,22.4888],[85.9427,22.4954],[85.9375,22.4934],[85.9337,22.4942],[85.9287,22.4982],[85.9268,22.504],[85.9198,22.5097],[85.9162,22.5102],[85.9134,22.5117],[85.9097,22.5203],[85.9053,22.5177],[85.9,22.5169],[85.8995,22.5105],[85.8946,22.5092],[85.8905,22.5052],[85.8935,22.5029],[85.8893,22.4984],[85.8856,22.4957],[85.8836,22.4906],[85.8843,22.485],[85.8862,22.4827],[85.8841,22.4804],[85.8766,22.4805],[85.8748,22.4814],[85.8739,22.4798],[85.874,22.4708],[85.8726,22.4692],[85.8693,22.4683],[85.8713,22.4636],[85.8698,22.4594],[85.8664,22.4578],[85.8654,22.456],[85.8606,22.4561],[85.8567,22.4535],[85.8602,22.4496],[85.859,22.4444],[85.8593,22.4412],[85.8558,22.4415],[85.852,22.4384],[85.8501,22.4358],[85.8439,22.4326],[85.8443,22.4294],[85.8416,22.4206],[85.8379,22.4178],[85.8302,22.4082],[85.8266,22.3995],[85.8285,22.3969],[85.8306,22.3967],[85.8339,22.3937],[85.8378,22.3868],[85.8378,22.3838],[85.8399,22.3784],[85.8405,22.3733],[85.8426,22.3706],[85.8455,22.3695],[85.8454,22.3727],[85.8477,22.3741],[85.8496,22.3713],[85.8531,22.3696],[85.8552,22.3714],[85.8557,22.3755],[85.8573,22.379],[85.8591,22.3802],[85.8649,22.3791],[85.8638,22.3759],[85.864,22.3715],[85.8632,22.3694],[85.8681,22.3661],[85.8726,22.3693],[85.8735,22.3717],[85.8806,22.3825],[85.8824,22.384],[85.8899,22.3761],[85.8947,22.3804],[85.896,22.3826],[85.902,22.3841],[85.9033,22.3857],[85.9046,22.3946],[85.9083,22.3976],[85.9062,22.4048],[85.9083,22.406],[85.9128,22.4014],[85.9169,22.3982],[85.9191,22.3904],[85.9217,22.3888],[85.9283,22.3872],[85.9298,22.3898],[85.9354,22.391],[85.9378,22.3936],[85.939,22.3975],[85.9435,22.3988],[85.9465,22.3964],[85.9442,22.3932],[85.9454,22.3889],[85.9496,22.3807],[85.948,22.3771],[85.9487,22.3695],[85.9539,22.3681],[85.9651,22.3671],[85.9676,22.3662],[85.9711,22.3632],[85.9743,22.3573],[85.9812,22.3581],[85.9876,22.3583],[85.9878,22.3525],[85.9873,22.3492],[85.9945,22.346],[85.998,22.3438]]]},"properties":{"id":"in:subdistrict:2740","level":"subdistrict","name":"Tantnagar","code":2740,"parent":"in:district:343","state":"in:state:20"}},{"type":"Feature","geometry":{"type":"Polygon","coordinates":[[[85.8971,22.6116],[85.9055,22.6075],[85.91,22.607],[85.913,22.6059],[85.9136,22.6024],[85.911,22.5992],[85.9049,22.5956],[85.9031,22.5912],[85.9035,22.5879],[85.903,22.582],[85.9011,22.5789],[85.8984,22.5774],[85.8894,22.576],[85.8848,22.5719],[85.8787,22.5699],[85.8738,22.5662],[85.8736,22.563],[85.8808,22.5551],[85.8847,22.5553],[85.8883,22.5573],[85.8933,22.5563],[85.899,22.5512],[85.9072,22.5454],[85.9082,22.5403],[85.9018,22.5297],[85.901,22.5261],[85.9035,22.5234],[85.9069,22.5224],[85.9097,22.5203],[85.9134,22.5117],[85.9162,22.5102],[85.9198,22.5097],[85.9268,22.504],[85.9287,22.4982],[85.9337,22.4942],[85.9375,22.4934],[85.9427,22.4954],[85.9508,22.4888],[85.9551,22.4888],[85.96,22.4878],[85.9628,22.4851],[85.9684,22.4863],[85.9712,22.4889],[85.9724,22.492],[85.9711,22.4976],[85.9734,22.4993],[85.9732,22.5053],[85.9762,22.5081],[85.9781,22.5084],[85.98,22.5114],[85.9818,22.5109],[85.9851,22.5155],[85.9885,22.5153],[85.9897,22.5167],[85.9935,22.5144],[86.001,22.5146],[86.0041,22.5178],[86.0088,22.5202],[86.0132,22.5233],[86.0209,22.5273],[86.0265,22.524],[86.0324,22.5309],[86.0339,22.5337],[86.0328,22.5366],[86.024,22.5446],[86.0322,22.555],[86.0405,22.5634],[86.0454,22.5675],[86.0499,22.5634],[86.0637,22.5563],[86.0655,22.555],[86.0677,22.5564],[86.0781,22.5674],[86.0823,22.5707],[86.0925,22.5751],[86.104,22.5828],[86.1055,22.5867],[86.112,22.5944],[86.1141,22.596],[86.1164,22.6006],[86.1167,22.6039],[86.1223,22.6065],[86.1281,22.6117],[86.1315,22.613],[86.1352,22.6165],[86.1399,22.6195],[86.147,22.6253],[86.1489,22.6287],[86.1492,22.6317],[86.1539,22.6349],[86.1575,22.6449],[86.1568,22.6469],[86.1608,22.6533],[86.1632,22.6587],[86.1636,22.6621],[86.1669,22.6701],[86.1656,22.674],[86.1643,22.6777],[86.1635,22.6916],[86.1645,22.705],[86.16,22.7071],[86.1523,22.7076],[86.1479,22.7064],[86.1436,22.7087],[86.1384,22.7123],[86.1318,22.7116],[86.1269,22.7117],[86.1166,22.7146],[86.115,22.7133],[86.1102,22.7135],[86.1079,22.7103],[86.1058,22.7117],[86.1006,22.7118],[86.0953,22.7141],[86.0944,22.7183],[86.0912,22.7199],[86.0873,22.7258],[86.0835,22.7263],[86.0806,22.7286],[86.0726,22.7293],[86.0684,22.7304],[86.0652,22.7324],[86.0611,22.7288],[86.0576,22.7276],[86.0535,22.7247],[86.0522,22.7228],[86.0515,22.7152],[86.047,22.7072],[86.0444,22.705],[86.0372,22.7035],[86.0292,22.7007],[86.0216,22.7001],[86.016,22.7011],[86.0116,22.7034],[86.0075,22.7067],[86.0033,22.7089],[86.0011,22.7083],[85.996,22.7039],[85.9921,22.6984],[85.9931,22.69],[85.9915,22.6878],[85.987,22.6884],[85.9856,22.6856],[85.9814,22.6832],[85.9777,22.6857],[85.9745,22.6851],[85.9729,22.6876],[85.9737,22.6913],[85.9708,22.6944],[85.962,22.6884],[85.9633,22.6849],[85.9655,22.6832],[85.9774,22.6797],[85.9744,22.6775],[85.9753,22.673],[85.9773,22.6682],[85.9771,22.6644],[85.9803,22.6638],[85.9814,22.6602],[85.9847,22.6559],[85.9861,22.6516],[85.9842,22.6496],[85.9815,22.6436],[85.9769,22.6408],[85.9714,22.6392],[85.9684,22.6368],[85.9673,22.6345],[85.9607,22.6388],[85.9586,22.6356],[85.9565,22.636],[85.95,22.6336],[85.9495,22.6314],[85.9465,22.6306],[85.9454,22.6324],[85.9468,22.6349],[85.945,22.6375],[85.9443,22.6409],[85.9407,22.6413],[85.9367,22.6394],[85.9343,22.6401],[85.9308,22.6433],[85.929,22.6462],[85.9237,22.647],[85.924,22.6446],[85.9271,22.6393],[85.9243,22.6347],[85.9244,22.6323],[85.921,22.6311],[85.9157,22.6336],[85.9129,22.6379],[85.9077,22.6313],[85.9075,22.6243],[85.9026,22.6274],[85.8994,22.6267],[85.8952,22.6271],[85.8885,22.6297],[85.882,22.6309],[85.8823,22.627],[85.8846,22.6241],[85.8864,22.6195],[85.8943,22.6132],[85.8971,22.6116]]]},"properties":{"id":"in:subdistrict:2754","level":"subdistrict","name":"Gobindpur(Rajnagar)","code":2754,"parent":"in:district:341","state":"in:state:20"}},{"type":"Feature","geometry":{"type":"Polygon","coordinates":[[[85.9732,22.8722],[85.9733,22.8702],[85.9781,22.8689],[85.9802,22.87],[85.9837,22.8699],[85.9845,22.865],[85.9926,22.8677],[85.9989,22.8685],[85.9992,22.8617],[85.9983,22.8589],[85.9986,22.856],[86.0041,22.8548],[86.005,22.8519],[86.0026,22.8488],[86.0008,22.8418],[86.0012,22.8378],[86.0046,22.83],[86.0021,22.8239],[86.0031,22.822],[86.0088,22.822],[86.0118,22.8212],[86.0103,22.8187],[86.0078,22.8096],[86.0057,22.8061],[86.0068,22.8049],[86.009,22.7978],[86.0037,22.7976],[85.9995,22.7983],[85.9994,22.7932],[86.0008,22.7915],[86.0004,22.7852],[86.003,22.7851],[86.0069,22.783],[86.0071,22.7796],[86.003,22.7769],[85.9964,22.7775],[85.9938,22.7752],[85.9839,22.7827],[85.9822,22.7781],[85.9797,22.7758],[85.9743,22.7751],[85.9719,22.7709],[85.9698,22.7715],[85.9671,22.7696],[85.9647,22.7701],[85.9646,22.7668],[85.9661,22.7638],[85.9643,22.7619],[85.9573,22.7646],[85.953,22.7643],[85.9533,22.7592],[85.9565,22.7568],[85.9556,22.7552],[85.9538,22.7461],[85.9533,22.74],[85.9485,22.7395],[85.9454,22.7324],[85.9459,22.7286],[85.9513,22.7268],[85.9493,22.7255],[85.9487,22.721],[85.9503,22.7197],[85.9473,22.7137],[85.9416,22.7157],[85.9411,22.714],[85.9375,22.7094],[85.9392,22.7073],[85.9466,22.7059],[85.9451,22.6992],[85.938,22.6978],[85.9365,22.6969],[85.9397,22.6925],[85.9389,22.6892],[85.9423,22.6872],[85.9506,22.6855],[85.9556,22.686],[85.962,22.6884],[85.9708,22.6944],[85.9737,22.6913],[85.9729,22.6876],[85.9745,22.6851],[85.9777,22.6857],[85.9814,22.6832],[85.9856,22.6856],[85.987,22.6884],[85.9915,22.6878],[85.9931,22.69],[85.9921,22.6984],[85.996,22.7039],[86.0011,22.7083],[86.0033,22.7089],[86.0075,22.7067],[86.0116,22.7034],[86.016,22.7011],[86.0216,22.7001],[86.0292,22.7007],[86.0372,22.7035],[86.0444,22.705],[86.047,22.7072],[86.0515,22.7152],[86.0522,22.7228],[86.0535,22.7247],[86.0576,22.7276],[86.0611,22.7288],[86.0652,22.7324],[86.0684,22.7304],[86.0726,22.7293],[86.0806,22.7286],[86.0835,22.7263],[86.0873,22.7258],[86.0912,22.7199],[86.0944,22.7183],[86.0953,22.7141],[86.1006,22.7118],[86.1058,22.7117],[86.1079,22.7103],[86.1102,22.7135],[86.115,22.7133],[86.1166,22.7146],[86.1269,22.7117],[86.1318,22.7116],[86.1384,22.7123],[86.1436,22.7087],[86.1479,22.7064],[86.1523,22.7076],[86.16,22.7071],[86.1645,22.705],[86.1626,22.7103],[86.1634,22.7184],[86.1647,22.7212],[86.1658,22.7294],[86.1643,22.733],[86.1619,22.7352],[86.1603,22.7412],[86.162,22.7448],[86.1599,22.7487],[86.1598,22.7523],[86.1633,22.7546],[86.163,22.7599],[86.1658,22.7597],[86.1689,22.7609],[86.172,22.7634],[86.1728,22.7664],[86.1726,22.7697],[86.1739,22.7789],[86.1754,22.7852],[86.1754,22.7881],[86.1731,22.7921],[86.1649,22.7958],[86.1592,22.8014],[86.1571,22.8015],[86.1523,22.7988],[86.1493,22.7983],[86.1462,22.8016],[86.1459,22.8053],[86.1475,22.8111],[86.1523,22.8163],[86.1582,22.8201],[86.1599,22.8247],[86.1589,22.8332],[86.1606,22.8362],[86.1583,22.8397],[86.1559,22.8413],[86.1515,22.8406],[86.1428,22.8345],[86.1393,22.8331],[86.1336,22.8343],[86.1302,22.8361],[86.1291,22.841],[86.1332,22.8442],[86.1367,22.8479],[86.1382,22.8508],[86.1392,22.8596],[86.1388,22.8642],[86.1373,22.8699],[86.1346,22.8735],[86.1297,22.8766],[86.1296,22.8797],[86.1271,22.8832],[86.1182,22.8818],[86.1134,22.8829],[86.1083,22.8852],[86.1018,22.887],[86.0931,22.8904],[86.0892,22.8901],[86.083,22.8915],[86.0734,22.8971],[86.0669,22.8962],[86.0674,22.8918],[86.0602,22.893],[86.0555,22.8932],[86.0405,22.8903],[86.0389,22.8892],[86.0347,22.8888],[86.0296,22.8863],[86.0256,22.8853],[86.0183,22.8843],[86.0117,22.882],[86.0086,22.882],[86.0054,22.8802],[85.9873,22.8744],[85.9732,22.8722]]]},"properties":{"id":"in:subdistrict:2752","level":"subdistrict","name":"Adityapur(Gamharia)","code":2752,"parent":"in:district:341","state":"in:state:20"}},{"type":"Feature","geometry":{"type":"Polygon","coordinates":[[[86.3015,22.8341],[86.2949,22.8351],[86.2848,22.8406],[86.2786,22.8411],[86.2751,22.8387],[86.2725,22.839],[86.2669,22.8382],[86.2626,22.8391],[86.2485,22.8449],[86.2438,22.8464],[86.2366,22.8469],[86.236,22.8498],[86.2331,22.849],[86.2289,22.8516],[86.2239,22.8538],[86.222,22.8539],[86.2174,22.8569],[86.2124,22.8593],[86.2056,22.8605],[86.2017,22.8579],[86.2002,22.854],[86.2022,22.8503],[86.2021,22.8477],[86.1997,22.8441],[86.1989,22.8396],[86.2011,22.8387],[86.1985,22.8308],[86.1953,22.8257],[86.1964,22.8222],[86.199,22.8212],[86.1988,22.8173],[86.1856,22.822],[86.182,22.8252],[86.1759,22.8321],[86.1719,22.8329],[86.1606,22.8362],[86.1589,22.8332],[86.1599,22.8247],[86.1582,22.8201],[86.1523,22.8163],[86.1475,22.8111],[86.1459,22.8053],[86.1462,22.8016],[86.1493,22.7983],[86.1523,22.7988],[86.1571,22.8015],[86.1592,22.8014],[86.1649,22.7958],[86.1731,22.7921],[86.1754,22.7881],[86.1754,22.7852],[86.1739,22.7789],[86.1726,22.7697],[86.1728,22.7664],[86.172,22.7634],[86.1689,22.7609],[86.1658,22.7597],[86.163,22.7599],[86.1633,22.7546],[86.1598,22.7523],[86.1599,22.7487],[86.162,22.7448],[86.1603,22.7412],[86.1619,22.7352],[86.1643,22.733],[86.1658,22.7294],[86.1647,22.7212],[86.1634,22.7184],[86.1626,22.7103],[86.1645,22.705],[86.1635,22.6916],[86.1643,22.6777],[86.1656,22.674],[86.172,22.6725],[86.175,22.674],[86.1756,22.6779],[86.1805,22.6805],[86.1835,22.6791],[86.1908,22.6728],[86.1927,22.6805],[86.1945,22.6826],[86.1985,22.6832],[86.2032,22.6848],[86.2071,22.6849],[86.2144,22.6821],[86.2161,22.6853],[86.2166,22.6932],[86.2175,22.6978],[86.2227,22.7],[86.23,22.6995],[86.2362,22.6945],[86.2396,22.6968],[86.2472,22.6989],[86.2498,22.7003],[86.2552,22.7003],[86.2575,22.7026],[86.2638,22.7072],[86.2687,22.7127],[86.2672,22.717],[86.2637,22.7195],[86.262,22.722],[86.2651,22.7272],[86.2701,22.7317],[86.2715,22.7282],[86.2773,22.7236],[86.2798,22.7233],[86.2818,22.7209],[86.284,22.7203],[86.2866,22.7217],[86.2893,22.7276],[86.2947,22.73],[86.2986,22.7329],[86.3035,22.7349],[86.3099,22.7361],[86.3142,22.7323],[86.3201,22.7299],[86.3233,22.7294],[86.3374,22.7299],[86.3455,22.7348],[86.3505,22.737],[86.3554,22.7355],[86.3565,22.7335],[86.3571,22.7262],[86.3596,22.7236],[86.3661,22.7191],[86.3715,22.7163],[86.3746,22.7165],[86.3764,22.7213],[86.3816,22.7231],[86.3839,22.7287],[86.3843,22.7367],[86.3907,22.7371],[86.3926,22.7346],[86.3976,22.7336],[86.4024,22.7293],[86.4057,22.7306],[86.4077,22.7302],[86.4093,22.727],[86.4114,22.7269],[86.414,22.7287],[86.4168,22.7292],[86.4213,22.7273],[86.4217,22.7306],[86.4266,22.7341],[86.4354,22.7394],[86.4342,22.7452],[86.4373,22.7496],[86.4416,22.7511],[86.4482,22.7522],[86.4491,22.7543],[86.4535,22.7559],[86.4538,22.7631],[86.4487,22.7618],[86.4459,22.7649],[86.4363,22.7719],[86.4324,22.7729],[86.4281,22.7766],[86.4275,22.7783],[86.4239,22.7803],[86.4215,22.7801],[86.4176,22.7837],[86.4165,22.7899],[86.4144,22.7918],[86.4039,22.7952],[86.4027,22.7988],[86.4002,22.8006],[86.3962,22.8015],[86.3945,22.8045],[86.3916,22.806],[86.3891,22.8055],[86.385,22.808],[86.3811,22.8093],[86.373,22.811],[86.3713,22.8123],[86.3655,22.8133],[86.3625,22.8125],[86.3546,22.8132],[86.3505,22.8166],[86.3464,22.8172],[86.3419,22.8193],[86.3376,22.8199],[86.3343,22.8214],[86.3265,22.8233],[86.3225,22.8253],[86.3205,22.8253],[86.3167,22.8272],[86.3116,22.8283],[86.3079,22.831],[86.3015,22.8341]]]},"properties":{"id":"in:subdistrict:2606","level":"subdistrict","name":"Golmuri-Cum-Jugsalai","code":2606,"parent":"in:district:327","state":"in:state:20"}},{"type":"Feature","geometry":{"type":"Polygon","coordinates":[[[86.3767,22.6593],[86.3743,22.6591],[86.3696,22.6613],[86.3616,22.6608],[86.357,22.6636],[86.3526,22.6648],[86.3515,22.6639],[86.3493,22.6588],[86.3449,22.65],[86.3447,22.6471],[86.3422,22.6477],[86.3409,22.6421],[86.339,22.6415],[86.3341,22.6463],[86.3322,22.6441],[86.3324,22.6415],[86.3273,22.6383],[86.3265,22.6299],[86.3271,22.6242],[86.331,22.6232],[86.3339,22.617],[86.3337,22.6146],[86.3402,22.6074],[86.3424,22.6064],[86.3415,22.6041],[86.3435,22.5997],[86.3508,22.5951],[86.3548,22.5931],[86.3563,22.5895],[86.3548,22.5842],[86.3507,22.5786],[86.3528,22.5753],[86.3533,22.5661],[86.3547,22.564],[86.354,22.5575],[86.3574,22.547],[86.3552,22.5437],[86.351,22.5409],[86.3484,22.5373],[86.3474,22.5333],[86.3448,22.5276],[86.3528,22.526],[86.3531,22.5225],[86.3525,22.5119],[86.3557,22.5066],[86.3627,22.4967],[86.3618,22.4928],[86.3653,22.4878],[86.3659,22.4841],[86.386,22.4915],[86.3879,22.4907],[86.3882,22.4857],[86.3921,22.4828],[86.4005,22.4805],[86.4075,22.4732],[86.4103,22.471],[86.4154,22.469],[86.4154,22.4661],[86.418,22.4643],[86.4179,22.462],[86.4241,22.4611],[86.4278,22.4622],[86.4322,22.4606],[86.4352,22.4571],[86.441,22.4565],[86.4413,22.4542],[86.4441,22.4537],[86.4462,22.4554],[86.448,22.4596],[86.4567,22.459],[86.4657,22.4695],[86.4674,22.4695],[86.4768,22.4598],[86.4766,22.4566],[86.478,22.454],[86.48,22.4456],[86.4817,22.4435],[86.4862,22.4421],[86.4926,22.4432],[86.4952,22.4427],[86.498,22.4406],[86.504,22.4437],[86.5056,22.449],[86.5058,22.454],[86.5021,22.4563],[86.4967,22.4567],[86.4945,22.4581],[86.4935,22.463],[86.4937,22.4657],[86.4909,22.4682],[86.4927,22.4752],[86.498,22.4747],[86.5012,22.4733],[86.5033,22.4675],[86.5053,22.4723],[86.5065,22.4791],[86.508,22.4815],[86.508,22.484],[86.5094,22.4886],[86.511,22.4899],[86.5111,22.4967],[86.5132,22.498],[86.5118,22.5003],[86.5051,22.5028],[86.5002,22.5033],[86.4897,22.5055],[86.4875,22.5078],[86.4891,22.5118],[86.4912,22.5137],[86.4952,22.515],[86.4983,22.5174],[86.5017,22.5214],[86.5026,22.5241],[86.5017,22.5269],[86.4997,22.5294],[86.4956,22.5322],[86.4914,22.5361],[86.4865,22.539],[86.4782,22.5427],[86.4721,22.5465],[86.4711,22.5498],[86.4754,22.5582],[86.4791,22.5608],[86.4816,22.5637],[86.4825,22.5663],[86.4836,22.5687],[86.4811,22.5727],[86.4774,22.5764],[86.472,22.5785],[86.4631,22.5847],[86.456,22.5883],[86.4468,22.5939],[86.4407,22.5995],[86.4368,22.6038],[86.4334,22.6136],[86.4311,22.617],[86.4243,22.6213],[86.4174,22.6304],[86.4132,22.6353],[86.4105,22.6375],[86.407,22.6307],[86.4056,22.6299],[86.3975,22.633],[86.3947,22.6337],[86.3919,22.6369],[86.3905,22.6399],[86.3884,22.6394],[86.3812,22.6409],[86.3779,22.6438],[86.3784,22.6485],[86.3763,22.653],[86.3767,22.6593]]]},"properties":{"id":"in:subdistrict:2609","level":"subdistrict","name":"Musabani","code":2609,"parent":"in:district:327","state":"in:state:20"}},{"type":"Feature","geometry":{"type":"Polygon","coordinates":[[[86.1176,22.4867],[86.1237,22.4886],[86.1323,22.4874],[86.1503,22.4834],[86.1503,22.4802],[86.1571,22.4806],[86.1605,22.4825],[86.1698,22.4815],[86.1796,22.479],[86.1973,22.4723],[86.2015,22.4718],[86.2079,22.4735],[86.214,22.4664],[86.2209,22.4678],[86.2225,22.467],[86.2174,22.4626],[86.2247,22.4525],[86.2291,22.4532],[86.2378,22.4524],[86.2477,22.4479],[86.252,22.4479],[86.2552,22.4459],[86.2581,22.4452],[86.2639,22.4453],[86.2694,22.4423],[86.2765,22.4473],[86.282,22.4481],[86.2869,22.4499],[86.2893,22.4537],[86.2905,22.4588],[86.286,22.462],[86.2889,22.467],[86.2908,22.4731],[86.2907,22.4791],[86.2839,22.4877],[86.2819,22.4943],[86.2798,22.4972],[86.2841,22.5009],[86.2842,22.5048],[86.294,22.5085],[86.2985,22.5092],[86.3014,22.5079],[86.308,22.5088],[86.3095,22.5134],[86.3127,22.5177],[86.3126,22.5195],[86.3187,22.5279],[86.3221,22.5265],[86.3246,22.5267],[86.331,22.5223],[86.339,22.5199],[86.3413,22.5202],[86.3434,22.5225],[86.3448,22.5276],[86.3474,22.5333],[86.3484,22.5373],[86.351,22.5409],[86.3552,22.5437],[86.3574,22.547],[86.354,22.5575],[86.3547,22.564],[86.3533,22.5661],[86.3528,22.5753],[86.3507,22.5786],[86.3548,22.5842],[86.3563,22.5895],[86.3548,22.5931],[86.3508,22.5951],[86.3435,22.5997],[86.3415,22.6041],[86.3424,22.6064],[86.3402,22.6074],[86.3337,22.6146],[86.3339,22.617],[86.331,22.6232],[86.3271,22.6242],[86.3265,22.6299],[86.3273,22.6383],[86.3324,22.6415],[86.3322,22.6441],[86.3341,22.6463],[86.339,22.6415],[86.3409,22.6421],[86.3422,22.6477],[86.3447,22.6471],[86.3449,22.65],[86.3493,22.6588],[86.3515,22.6639],[86.3526,22.6648],[86.357,22.6636],[86.3616,22.6608],[86.3696,22.6613],[86.3743,22.6591],[86.3767,22.6593],[86.38,22.6586],[86.3764,22.6714],[86.3742,22.6748],[86.3717,22.681],[86.3716,22.6849],[86.3798,22.6984],[86.3806,22.7058],[86.3796,22.7089],[86.3715,22.7163],[86.3661,22.7191],[86.3596,22.7236],[86.3571,22.7262],[86.3565,22.7335],[86.3554,22.7355],[86.3505,22.737],[86.3455,22.7348],[86.3374,22.7299],[86.3233,22.7294],[86.3201,22.7299],[86.3142,22.7323],[86.3099,22.7361],[86.3035,22.7349],[86.2986,22.7329],[86.2947,22.73],[86.2893,22.7276],[86.2866,22.7217],[86.284,22.7203],[86.2818,22.7209],[86.2798,22.7233],[86.2773,22.7236],[86.2715,22.7282],[86.2701,22.7317],[86.2651,22.7272],[86.262,22.722],[86.2637,22.7195],[86.2672,22.717],[86.2687,22.7127],[86.2638,22.7072],[86.2575,22.7026],[86.2552,22.7003],[86.2498,22.7003],[86.2472,22.6989],[86.2396,22.6968],[86.2362,22.6945],[86.23,22.6995],[86.2227,22.7],[86.2175,22.6978],[86.2166,22.6932],[86.2161,22.6853],[86.2144,22.6821],[86.2071,22.6849],[86.2032,22.6848],[86.1985,22.6832],[86.1945,22.6826],[86.1927,22.6805],[86.1908,22.6728],[86.1835,22.6791],[86.1805,22.6805],[86.1756,22.6779],[86.175,22.674],[86.172,22.6725],[86.1656,22.674],[86.1669,22.6701],[86.1636,22.6621],[86.1632,22.6587],[86.1608,22.6533],[86.1568,22.6469],[86.1575,22.6449],[86.1539,22.6349],[86.1492,22.6317],[86.1489,22.6287],[86.147,22.6253],[86.1399,22.6195],[86.1352,22.6165],[86.1315,22.613],[86.1281,22.6117],[86.1223,22.6065],[86.1167,22.6039],[86.1164,22.6006],[86.1141,22.596],[86.112,22.5944],[86.1055,22.5867],[86.104,22.5828],[86.0925,22.5751],[86.0823,22.5707],[86.0781,22.5674],[86.0677,22.5564],[86.0655,22.555],[86.0673,22.551],[86.0729,22.5465],[86.0769,22.5423],[86.0783,22.5389],[86.0865,22.5301],[86.0882,22.5267],[86.0949,22.5195],[86.0972,22.5103],[86.1002,22.5081],[86.1023,22.5038],[86.1027,22.5002],[86.1126,22.4897],[86.1176,22.4867]]]},"properties":{"id":"in:subdistrict:2608","level":"subdistrict","name":"Potka","code":2608,"parent":"in:district:327","state":"in:state:20"}},{"type":"Feature","geometry":{"type":"Polygon","coordinates":[[[86.3448,22.5276],[86.3434,22.5225],[86.3413,22.5202],[86.339,22.5199],[86.331,22.5223],[86.3246,22.5267],[86.3221,22.5265],[86.3187,22.5279],[86.3126,22.5195],[86.3127,22.5177],[86.3095,22.5134],[86.308,22.5088],[86.3014,22.5079],[86.2985,22.5092],[86.294,22.5085],[86.2842,22.5048],[86.2841,22.5009],[86.2798,22.4972],[86.2819,22.4943],[86.2839,22.4877],[86.2907,22.4791],[86.2908,22.4731],[86.2889,22.467],[86.286,22.462],[86.2905,22.4588],[86.2893,22.4537],[86.2869,22.4499],[86.282,22.4481],[86.2838,22.4434],[86.2884,22.4342],[86.293,22.4267],[86.296,22.4242],[86.3004,22.4235],[86.3029,22.4219],[86.3056,22.4186],[86.3074,22.4149],[86.306,22.4122],[86.3064,22.4096],[86.3155,22.4012],[86.3208,22.3974],[86.3227,22.3926],[86.3206,22.389],[86.3212,22.3854],[86.3276,22.3785],[86.3347,22.3743],[86.3403,22.3729],[86.3506,22.3638],[86.3531,22.3588],[86.3576,22.3542],[86.3581,22.3492],[86.3664,22.3443],[86.3741,22.342],[86.3771,22.3416],[86.3829,22.3373],[86.3966,22.3287],[86.4031,22.324],[86.4088,22.3208],[86.4216,22.3179],[86.4268,22.3176],[86.4279,22.3121],[86.4296,22.3083],[86.435,22.3065],[86.4392,22.3036],[86.4434,22.3086],[86.4446,22.3123],[86.443,22.3179],[86.4432,22.3265],[86.4463,22.3292],[86.4517,22.3256],[86.4616,22.326],[86.4636,22.3288],[86.4684,22.3306],[86.4715,22.3358],[86.4742,22.3368],[86.478,22.3366],[86.4833,22.338],[86.4845,22.3431],[86.4875,22.3478],[86.4956,22.3462],[86.4936,22.352],[86.4943,22.3559],[86.4934,22.3631],[86.498,22.3804],[86.4915,22.3808],[86.4922,22.3869],[86.4939,22.391],[86.5044,22.3937],[86.5068,22.3964],[86.5058,22.4003],[86.5027,22.4039],[86.5028,22.4055],[86.5063,22.4078],[86.5095,22.4156],[86.506,22.4188],[86.5019,22.4235],[86.4988,22.4202],[86.496,22.423],[86.4941,22.4209],[86.4925,22.4238],[86.4894,22.4267],[86.4897,22.4285],[86.488,22.4332],[86.4881,22.436],[86.4923,22.4358],[86.4966,22.4368],[86.4994,22.4392],[86.498,22.4406],[86.4952,22.4427],[86.4926,22.4432],[86.4862,22.4421],[86.4817,22.4435],[86.48,22.4456],[86.478,22.454],[86.4766,22.4566],[86.4768,22.4598],[86.4674,22.4695],[86.4657,22.4695],[86.4567,22.459],[86.448,22.4596],[86.4462,22.4554],[86.4441,22.4537],[86.4413,22.4542],[86.441,22.4565],[86.4352,22.4571],[86.4322,22.4606],[86.4278,22.4622],[86.4241,22.4611],[86.4179,22.462],[86.418,22.4643],[86.4154,22.4661],[86.4154,22.469],[86.4103,22.471],[86.4075,22.4732],[86.4005,22.4805],[86.3921,22.4828],[86.3882,22.4857],[86.3879,22.4907],[86.386,22.4915],[86.3659,22.4841],[86.3653,22.4878],[86.3618,22.4928],[86.3627,22.4967],[86.3557,22.5066],[86.3525,22.5119],[86.3531,22.5225],[86.3528,22.526],[86.3448,22.5276]]]},"properties":{"id":"in:subdistrict:2610","level":"subdistrict","name":"Dumaria","code":2610,"parent":"in:district:327","state":"in:state:20"}},{"type":"Feature","geometry":{"type":"Polygon","coordinates":[[[86.498,22.4406],[86.4994,22.4392],[86.4966,22.4368],[86.4923,22.4358],[86.4881,22.436],[86.488,22.4332],[86.4897,22.4285],[86.4894,22.4267],[86.4925,22.4238],[86.4941,22.4209],[86.496,22.423],[86.4988,22.4202],[86.5019,22.4235],[86.506,22.4188],[86.5095,22.4156],[86.5063,22.4078],[86.5028,22.4055],[86.5027,22.4039],[86.5058,22.4003],[86.5068,22.3964],[86.5044,22.3937],[86.4939,22.391],[86.4922,22.3869],[86.4915,22.3808],[86.498,22.3804],[86.4934,22.3631],[86.4943,22.3559],[86.4936,22.352],[86.4956,22.3462],[86.5023,22.3432],[86.5042,22.3361],[86.507,22.3352],[86.5072,22.3296],[86.5089,22.3275],[86.5115,22.3271],[86.5159,22.3248],[86.5221,22.3234],[86.5267,22.3238],[86.5282,22.3196],[86.5278,22.3155],[86.5232,22.3147],[86.5258,22.3107],[86.5255,22.3076],[86.5315,22.3032],[86.5337,22.3008],[86.5397,22.3051],[86.54,22.308],[86.5439,22.3072],[86.5475,22.3038],[86.5485,22.3014],[86.5538,22.2985],[86.5574,22.2983],[86.56,22.301],[86.563,22.3018],[86.5682,22.3015],[86.5705,22.3006],[86.5723,22.296],[86.5763,22.2956],[86.5773,22.3014],[86.5823,22.3016],[86.5851,22.2954],[86.5874,22.2944],[86.5878,22.2904],[86.5923,22.2861],[86.5939,22.2819],[86.5925,22.2802],[86.5939,22.2784],[86.6009,22.2793],[86.6031,22.2818],[86.6101,22.2833],[86.6129,22.281],[86.6162,22.2811],[86.6186,22.2786],[86.6218,22.277],[86.6257,22.2736],[86.6268,22.2701],[86.6284,22.2699],[86.6313,22.2731],[86.6362,22.2726],[86.6381,22.2709],[86.6406,22.2658],[86.6432,22.2688],[86.6495,22.2635],[86.6528,22.254],[86.6559,22.2579],[86.6566,22.2622],[86.6526,22.263],[86.6519,22.2676],[86.6523,22.2774],[86.6519,22.2813],[86.6535,22.2896],[86.6566,22.3004],[86.6562,22.307],[86.6568,22.3114],[86.6548,22.3173],[86.6506,22.3212],[86.6506,22.3253],[86.6444,22.3362],[86.6426,22.341],[86.6383,22.3447],[86.627,22.3527],[86.6252,22.3529],[86.6153,22.3566],[86.6066,22.3628],[86.603,22.3676],[86.6007,22.374],[86.6003,22.3828],[86.5987,22.3877],[86.5938,22.3913],[86.5866,22.3938],[86.583,22.396],[86.5821,22.4008],[86.5866,22.4055],[86.5948,22.4115],[86.5979,22.4178],[86.596,22.424],[86.5922,22.4278],[86.5852,22.4313],[86.5784,22.436],[86.5689,22.44],[86.5641,22.4428],[86.5595,22.4472],[86.5501,22.4612],[86.5431,22.4679],[86.5353,22.4765],[86.5329,22.4801],[86.5303,22.4822],[86.5267,22.4874],[86.5222,22.492],[86.5179,22.4956],[86.5132,22.498],[86.5111,22.4967],[86.511,22.4899],[86.5094,22.4886],[86.508,22.484],[86.508,22.4815],[86.5065,22.4791],[86.5053,22.4723],[86.5033,22.4675],[86.5012,22.4733],[86.498,22.4747],[86.4927,22.4752],[86.4909,22.4682],[86.4937,22.4657],[86.4935,22.463],[86.4945,22.4581],[86.4967,22.4567],[86.5021,22.4563],[86.5058,22.454],[86.5056,22.449],[86.504,22.4437],[86.498,22.4406]]]},"properties":{"id":"in:subdistrict:2612","level":"subdistrict","name":"Gurbandha","code":2612,"parent":"in:district:327","state":"in:state:20"}},{"type":"Feature","geometry":{"type":"Polygon","coordinates":[[[86.6528,22.254],[86.6547,22.2507],[86.6516,22.2462],[86.6513,22.2444],[86.6524,22.2384],[86.6558,22.2358],[86.6608,22.2367],[86.6662,22.2416],[86.6709,22.2419],[86.6726,22.2397],[86.6737,22.2333],[86.6753,22.2293],[86.6815,22.2238],[86.6875,22.2217],[86.6984,22.2221],[86.7035,22.2212],[86.7079,22.2233],[86.7143,22.22],[86.7209,22.2204],[86.725,22.218],[86.7277,22.2161],[86.7308,22.2154],[86.7403,22.2155],[86.744,22.216],[86.7498,22.2117],[86.7542,22.2114],[86.7596,22.2121],[86.7653,22.2153],[86.7711,22.2204],[86.7724,22.2188],[86.7764,22.2179],[86.7758,22.2207],[86.7774,22.2223],[86.7774,22.2255],[86.7743,22.2311],[86.7751,22.234],[86.7777,22.2366],[86.7827,22.2357],[86.7881,22.2361],[86.79,22.2346],[86.7886,22.2317],[86.7949,22.2278],[86.7932,22.2242],[86.7845,22.2306],[86.7799,22.2227],[86.7791,22.2169],[86.7847,22.2151],[86.7919,22.2218],[86.8024,22.2175],[86.8023,22.2198],[86.8057,22.2262],[86.8091,22.236],[86.8115,22.2408],[86.8082,22.243],[86.8035,22.2432],[86.7992,22.2379],[86.7978,22.2406],[86.7949,22.2432],[86.7957,22.2487],[86.7941,22.2522],[86.7937,22.2594],[86.7923,22.2663],[86.8011,22.2652],[86.7998,22.2524],[86.798,22.247],[86.8,22.2446],[86.804,22.2436],[86.8072,22.2472],[86.8091,22.2466],[86.8107,22.2501],[86.8104,22.2524],[86.8136,22.2674],[86.8149,22.2671],[86.8149,22.2623],[86.8167,22.2545],[86.8187,22.2537],[86.8217,22.2613],[86.8233,22.2667],[86.8274,22.2655],[86.8309,22.2632],[86.8349,22.2649],[86.839,22.2652],[86.8402,22.2626],[86.8424,22.2617],[86.8466,22.264],[86.8494,22.2633],[86.8508,22.2653],[86.8562,22.2597],[86.8598,22.2583],[86.8719,22.2601],[86.873,22.2591],[86.8797,22.2593],[86.882,22.2574],[86.887,22.2582],[86.8884,22.2614],[86.8873,22.2645],[86.8875,22.2739],[86.8893,22.2738],[86.8888,22.2792],[86.8893,22.2827],[86.8873,22.292],[86.8878,22.2973],[86.8822,22.3],[86.8758,22.3015],[86.8722,22.3071],[86.8683,22.3071],[86.8654,22.3081],[86.8501,22.3156],[86.841,22.3183],[86.8377,22.3201],[86.8333,22.3249],[86.8312,22.3308],[86.8313,22.3365],[86.8324,22.3385],[86.8319,22.3461],[86.8333,22.3511],[86.8297,22.3514],[86.8267,22.3541],[86.8229,22.3545],[86.8173,22.3562],[86.8117,22.3613],[86.8111,22.3641],[86.8082,22.3652],[86.8054,22.3646],[86.8033,22.3692],[86.7987,22.37],[86.7958,22.3719],[86.7935,22.3758],[86.7905,22.3764],[86.7854,22.376],[86.7835,22.3772],[86.7803,22.377],[86.7783,22.3787],[86.7756,22.385],[86.7709,22.386],[86.7611,22.3896],[86.7542,22.3912],[86.7532,22.3907],[86.7486,22.3927],[86.7416,22.3948],[86.7364,22.3983],[86.7262,22.3985],[86.7254,22.4017],[86.7261,22.4057],[86.7251,22.4066],[86.7255,22.4105],[86.7267,22.4124],[86.7225,22.415],[86.7205,22.4131],[86.7175,22.4138],[86.7136,22.4106],[86.7079,22.4089],[86.7066,22.4077],[86.7013,22.4081],[86.6975,22.4062],[86.6949,22.4062],[86.69,22.4011],[86.6904,22.3978],[86.6887,22.3951],[86.6845,22.3919],[86.6771,22.3896],[86.6748,22.3876],[86.6703,22.3859],[86.6702,22.3835],[86.667,22.3833],[86.6637,22.3793],[86.6609,22.3776],[86.66,22.3752],[86.6614,22.3715],[86.6601,22.3676],[86.6575,22.3644],[86.6546,22.3637],[86.6513,22.366],[86.6495,22.3634],[86.6468,22.3628],[86.6423,22.3636],[86.64,22.3658],[86.638,22.3621],[86.6328,22.3604],[86.6291,22.3606],[86.6263,22.3588],[86.6277,22.3556],[86.627,22.3527],[86.6383,22.3447],[86.6426,22.341],[86.6444,22.3362],[86.6506,22.3253],[86.6506,22.3212],[86.6548,22.3173],[86.6568,22.3114],[86.6562,22.307],[86.6566,22.3004],[86.6535,22.2896],[86.6519,22.2813],[86.6523,22.2774],[86.6519,22.2676],[86.6526,22.263],[86.6566,22.2622],[86.6559,22.2579],[86.6528,22.254]]]},"properties":{"id":"in:subdistrict:2614","level":"subdistrict","name":"Baharagora","code":2614,"parent":"in:district:327","state":"in:state:20"}},{"type":"Feature","geometry":{"type":"Polygon","coordinates":[[[86.627,22.3527],[86.6277,22.3556],[86.6263,22.3588],[86.6291,22.3606],[86.6328,22.3604],[86.638,22.3621],[86.64,22.3658],[86.6423,22.3636],[86.6468,22.3628],[86.6495,22.3634],[86.6513,22.366],[86.6546,22.3637],[86.6575,22.3644],[86.6601,22.3676],[86.6614,22.3715],[86.66,22.3752],[86.6609,22.3776],[86.6637,22.3793],[86.667,22.3833],[86.6702,22.3835],[86.6703,22.3859],[86.6748,22.3876],[86.6771,22.3896],[86.6845,22.3919],[86.6887,22.3951],[86.6904,22.3978],[86.69,22.4011],[86.6949,22.4062],[86.6975,22.4062],[86.7013,22.4081],[86.7066,22.4077],[86.7079,22.4089],[86.7136,22.4106],[86.7175,22.4138],[86.7205,22.4131],[86.7225,22.415],[86.7267,22.4124],[86.7255,22.4105],[86.7251,22.4066],[86.7261,22.4057],[86.7254,22.4017],[86.7262,22.3985],[86.7364,22.3983],[86.7416,22.3948],[86.7486,22.3927],[86.7532,22.3907],[86.7542,22.3912],[86.7611,22.3896],[86.7709,22.386],[86.7756,22.385],[86.7783,22.3787],[86.7803,22.377],[86.7835,22.3772],[86.7854,22.376],[86.7905,22.3764],[86.7935,22.3758],[86.7958,22.3719],[86.7987,22.37],[86.8033,22.3692],[86.8054,22.3646],[86.8082,22.3652],[86.8111,22.3641],[86.8117,22.3613],[86.8173,22.3562],[86.8229,22.3545],[86.8267,22.3541],[86.8297,22.3514],[86.8333,22.3511],[86.8358,22.3565],[86.8364,22.3601],[86.8382,22.3628],[86.8402,22.3688],[86.843,22.3739],[86.8425,22.3789],[86.8408,22.382],[86.8416,22.3846],[86.8448,22.3896],[86.846,22.393],[86.8464,22.3991],[86.8436,22.4016],[86.8386,22.4048],[86.8368,22.407],[86.83,22.4117],[86.8264,22.4124],[86.812,22.4192],[86.8094,22.4192],[86.8071,22.4213],[86.7939,22.4217],[86.7858,22.4244],[86.7763,22.4252],[86.7645,22.4273],[86.7619,22.4317],[86.7616,22.4358],[86.759,22.4458],[86.7627,22.4475],[86.7623,22.4496],[86.7539,22.4542],[86.751,22.4567],[86.7511,22.4654],[86.7483,22.4709],[86.7473,22.4744],[86.7474,22.478],[86.7499,22.4829],[86.7571,22.4829],[86.7595,22.4817],[86.7661,22.4819],[86.769,22.4801],[86.7741,22.4807],[86.7784,22.4804],[86.7843,22.4812],[86.7901,22.4778],[86.7926,22.4778],[86.7976,22.4831],[86.8016,22.4888],[86.8003,22.4915],[86.7944,22.4948],[86.7939,22.4972],[86.7956,22.4995],[86.8008,22.5007],[86.8023,22.5025],[86.8008,22.5055],[86.7974,22.5068],[86.7965,22.5096],[86.7925,22.5121],[86.7949,22.514],[86.7929,22.525],[86.7869,22.5269],[86.789,22.5341],[86.7874,22.5382],[86.7903,22.5412],[86.7893,22.549],[86.7842,22.5503],[86.7815,22.549],[86.7788,22.5497],[86.7748,22.5491],[86.7725,22.5526],[86.7691,22.5546],[86.7664,22.5577],[86.7698,22.5609],[86.7716,22.5611],[86.7719,22.5646],[86.7688,22.566],[86.7674,22.5678],[86.7669,22.575],[86.7585,22.5779],[86.7521,22.5785],[86.7479,22.5773],[86.7315,22.5769],[86.7214,22.5793],[86.7111,22.5824],[86.7056,22.582],[86.6914,22.579],[86.6847,22.5783],[86.6798,22.5746],[86.6757,22.5742],[86.6719,22.5749],[86.6595,22.575],[86.6536,22.5818],[86.6457,22.5856],[86.6414,22.5829],[86.6347,22.5814],[86.6298,22.5766],[86.6329,22.5744],[86.6331,22.5726],[86.6312,22.5697],[86.6217,22.5692],[86.6176,22.5695],[86.6124,22.5621],[86.611,22.5593],[86.6125,22.5574],[86.6096,22.5544],[86.6088,22.5498],[86.6114,22.5478],[86.6132,22.545],[86.6108,22.5441],[86.6079,22.5409],[86.603,22.5386],[86.6002,22.533],[86.6023,22.5297],[86.601,22.5242],[86.5988,22.5233],[86.5935,22.5185],[86.5936,22.5108],[86.5949,22.5098],[86.5883,22.5008],[86.5881,22.4969],[86.5891,22.4891],[86.5947,22.4772],[86.6045,22.4747],[86.606,22.4682],[86.6037,22.4591],[86.6031,22.4539],[86.6041,22.4514],[86.6077,22.4501],[86.608,22.4459],[86.6071,22.4435],[86.6083,22.4383],[86.6051,22.4366],[86.6063,22.4346],[86.6059,22.4313],[86.6071,22.4275],[86.6048,22.4224],[86.6002,22.4212],[86.5979,22.4178],[86.5948,22.4115],[86.5866,22.4055],[86.5821,22.4008],[86.583,22.396],[86.5866,22.3938],[86.5938,22.3913],[86.5987,22.3877],[86.6003,22.3828],[86.6007,22.374],[86.603,22.3676],[86.6066,22.3628],[86.6153,22.3566],[86.6252,22.3529],[86.627,22.3527]]]},"properties":{"id":"in:subdistrict:2613","level":"subdistrict","name":"Chakulia","code":2613,"parent":"in:district:327","state":"in:state:20"}},{"type":"Feature","geometry":{"type":"Polygon","coordinates":[[[86.5132,22.498],[86.5179,22.4956],[86.5222,22.492],[86.5267,22.4874],[86.5303,22.4822],[86.5329,22.4801],[86.5353,22.4765],[86.5431,22.4679],[86.5501,22.4612],[86.5595,22.4472],[86.5641,22.4428],[86.5689,22.44],[86.5784,22.436],[86.5852,22.4313],[86.5922,22.4278],[86.596,22.424],[86.5979,22.4178],[86.6002,22.4212],[86.6048,22.4224],[86.6071,22.4275],[86.6059,22.4313],[86.6063,22.4346],[86.6051,22.4366],[86.6083,22.4383],[86.6071,22.4435],[86.608,22.4459],[86.6077,22.4501],[86.6041,22.4514],[86.6031,22.4539],[86.6037,22.4591],[86.606,22.4682],[86.6045,22.4747],[86.5947,22.4772],[86.5891,22.4891],[86.5881,22.4969],[86.5883,22.5008],[86.5949,22.5098],[86.5936,22.5108],[86.5935,22.5185],[86.5988,22.5233],[86.601,22.5242],[86.6023,22.5297],[86.6002,22.533],[86.603,22.5386],[86.6079,22.5409],[86.6108,22.5441],[86.6132,22.545],[86.6114,22.5478],[86.6088,22.5498],[86.6096,22.5544],[86.6125,22.5574],[86.611,22.5593],[86.6124,22.5621],[86.6176,22.5695],[86.6217,22.5692],[86.6312,22.5697],[86.6331,22.5726],[86.6329,22.5744],[86.6298,22.5766],[86.6347,22.5814],[86.6414,22.5829],[86.6457,22.5856],[86.6536,22.5818],[86.657,22.5908],[86.6511,22.593],[86.6445,22.5945],[86.6394,22.5978],[86.6381,22.6012],[86.6384,22.6095],[86.6341,22.6104],[86.6261,22.6094],[86.6184,22.6077],[86.6122,22.6128],[86.6065,22.6103],[86.598,22.6102],[86.5898,22.6067],[86.5876,22.6026],[86.5855,22.6022],[86.5801,22.5983],[86.576,22.598],[86.5723,22.5941],[86.5668,22.593],[86.564,22.5942],[86.5607,22.5921],[86.5584,22.5941],[86.5624,22.597],[86.5604,22.6017],[86.5575,22.6022],[86.5532,22.6015],[86.5514,22.5993],[86.5478,22.6016],[86.5419,22.5973],[86.5377,22.5912],[86.5358,22.5868],[86.5309,22.5809],[86.5282,22.5806],[86.527,22.5779],[86.524,22.5769],[86.5237,22.5741],[86.5154,22.5744],[86.5113,22.5734],[86.5077,22.5735],[86.5058,22.5715],[86.5039,22.5719],[86.5016,22.5701],[86.495,22.571],[86.4922,22.5735],[86.4905,22.5731],[86.4861,22.5671],[86.4825,22.5663],[86.4816,22.5637],[86.4791,22.5608],[86.4754,22.5582],[86.4711,22.5498],[86.4721,22.5465],[86.4782,22.5427],[86.4865,22.539],[86.4914,22.5361],[86.4956,22.5322],[86.4997,22.5294],[86.5017,22.5269],[86.5026,22.5241],[86.5017,22.5214],[86.4983,22.5174],[86.4952,22.515],[86.4912,22.5137],[86.4891,22.5118],[86.4875,22.5078],[86.4897,22.5055],[86.5002,22.5033],[86.5051,22.5028],[86.5118,22.5003],[86.5132,22.498]]]},"properties":{"id":"in:subdistrict:2611","level":"subdistrict","name":"Dhalbhumgarh","code":2611,"parent":"in:district:327","state":"in:state:20"}},{"type":"Feature","geometry":{"type":"Polygon","coordinates":[[[86.3715,22.7163],[86.3796,22.7089],[86.3806,22.7058],[86.3798,22.6984],[86.3716,22.6849],[86.3717,22.681],[86.3742,22.6748],[86.3764,22.6714],[86.38,22.6586],[86.3767,22.6593],[86.3763,22.653],[86.3784,22.6485],[86.3779,22.6438],[86.3812,22.6409],[86.3884,22.6394],[86.3905,22.6399],[86.3919,22.6369],[86.3947,22.6337],[86.3975,22.633],[86.4056,22.6299],[86.407,22.6307],[86.4105,22.6375],[86.4132,22.6353],[86.4174,22.6304],[86.4243,22.6213],[86.4311,22.617],[86.4334,22.6136],[86.4368,22.6038],[86.4407,22.5995],[86.4468,22.5939],[86.456,22.5883],[86.4631,22.5847],[86.472,22.5785],[86.4774,22.5764],[86.4811,22.5727],[86.4836,22.5687],[86.4825,22.5663],[86.4861,22.5671],[86.4905,22.5731],[86.4922,22.5735],[86.495,22.571],[86.5016,22.5701],[86.5039,22.5719],[86.5058,22.5715],[86.5077,22.5735],[86.5113,22.5734],[86.5154,22.5744],[86.5237,22.5741],[86.524,22.5769],[86.527,22.5779],[86.5282,22.5806],[86.5309,22.5809],[86.5358,22.5868],[86.5377,22.5912],[86.5419,22.5973],[86.5478,22.6016],[86.5514,22.5993],[86.5532,22.6015],[86.5575,22.6022],[86.5604,22.6017],[86.5624,22.597],[86.5584,22.5941],[86.5607,22.5921],[86.564,22.5942],[86.5668,22.593],[86.5723,22.5941],[86.576,22.598],[86.5801,22.5983],[86.5855,22.6022],[86.5876,22.6026],[86.5898,22.6067],[86.598,22.6102],[86.6065,22.6103],[86.6122,22.6128],[86.6184,22.6077],[86.6261,22.6094],[86.6341,22.6104],[86.6354,22.6183],[86.6368,22.6221],[86.6389,22.625],[86.6398,22.6334],[86.6397,22.6414],[86.6388,22.6512],[86.6421,22.6556],[86.6423,22.658],[86.636,22.665],[86.6312,22.6656],[86.6282,22.6678],[86.6264,22.6722],[86.624,22.6752],[86.6203,22.6779],[86.6113,22.6802],[86.6085,22.684],[86.6025,22.6873],[86.5962,22.6894],[86.5899,22.6898],[86.5853,22.6911],[86.578,22.6966],[86.5718,22.6997],[86.5698,22.7022],[86.563,22.7062],[86.5608,22.7098],[86.558,22.7111],[86.5479,22.7193],[86.5437,22.7216],[86.5403,22.7193],[86.5356,22.7173],[86.5302,22.719],[86.5235,22.7193],[86.52,22.7151],[86.5129,22.7166],[86.5116,22.7135],[86.5116,22.7108],[86.5135,22.7072],[86.5113,22.705],[86.5069,22.7096],[86.504,22.7152],[86.5007,22.7184],[86.4977,22.7229],[86.4947,22.7233],[86.4929,22.7266],[86.4854,22.7282],[86.4844,22.7266],[86.4815,22.7279],[86.4817,22.7302],[86.4788,22.7339],[86.4765,22.735],[86.475,22.7391],[86.4736,22.7397],[86.4699,22.7487],[86.4701,22.7514],[86.4579,22.7634],[86.4538,22.7631],[86.4535,22.7559],[86.4491,22.7543],[86.4482,22.7522],[86.4416,22.7511],[86.4373,22.7496],[86.4342,22.7452],[86.4354,22.7394],[86.4266,22.7341],[86.4217,22.7306],[86.4213,22.7273],[86.4168,22.7292],[86.414,22.7287],[86.4114,22.7269],[86.4093,22.727],[86.4077,22.7302],[86.4057,22.7306],[86.4024,22.7293],[86.3976,22.7336],[86.3926,22.7346],[86.3907,22.7371],[86.3843,22.7367],[86.3839,22.7287],[86.3816,22.7231],[86.3764,22.7213],[86.3746,22.7165],[86.3715,22.7163]]]},"properties":{"id":"in:subdistrict:2607","level":"subdistrict","name":"Ghatshila","code":2607,"parent":"in:district:327","state":"in:state:20"}},{"type":"Feature","geometry":{"type":"Polygon","coordinates":[[[86.3752,23.7078],[86.3727,23.7008],[86.3725,23.6955],[86.3741,23.6937],[86.3776,23.6929],[86.382,23.6907],[86.3846,23.6872],[86.3848,23.6835],[86.3841,23.6751],[86.3862,23.6718],[86.3909,23.669],[86.3959,23.6684],[86.4014,23.6702],[86.4055,23.6705],[86.4109,23.6687],[86.4167,23.6648],[86.4254,23.6557],[86.4302,23.6535],[86.4452,23.6509],[86.4509,23.6486],[86.4571,23.6469],[86.4621,23.6442],[86.4689,23.6382],[86.4775,23.6381],[86.4855,23.639],[86.4884,23.6377],[86.4927,23.6382],[86.4976,23.6369],[86.5027,23.6347],[86.5119,23.6317],[86.5242,23.6302],[86.5282,23.6302],[86.5342,23.6311],[86.5327,23.6356],[86.5322,23.6401],[86.5247,23.6479],[86.521,23.6489],[86.5201,23.6504],[86.515,23.652],[86.5105,23.6554],[86.5086,23.6545],[86.5059,23.6571],[86.503,23.6568],[86.5002,23.6597],[86.5012,23.6627],[86.4989,23.6684],[86.5028,23.6683],[86.5052,23.6729],[86.5035,23.6775],[86.5006,23.6802],[86.5031,23.685],[86.5013,23.6907],[86.4922,23.697],[86.4922,23.6982],[86.4875,23.7024],[86.4821,23.7022],[86.4804,23.7036],[86.4768,23.7024],[86.4772,23.694],[86.4728,23.6934],[86.4703,23.692],[86.4707,23.6886],[86.4734,23.6813],[86.4682,23.676],[86.4671,23.6742],[86.4679,23.6673],[86.4646,23.6621],[86.4625,23.6621],[86.4591,23.6652],[86.4521,23.6671],[86.4475,23.6705],[86.4441,23.6816],[86.4449,23.6861],[86.4383,23.6882],[86.4396,23.6913],[86.4459,23.6958],[86.4494,23.6989],[86.4479,23.7017],[86.4502,23.7062],[86.448,23.7112],[86.45,23.7148],[86.4508,23.7197],[86.4531,23.7287],[86.4492,23.7313],[86.4455,23.7426],[86.4436,23.7423],[86.4422,23.7482],[86.4394,23.7509],[86.434,23.7519],[86.4277,23.7551],[86.4296,23.7595],[86.4295,23.7641],[86.4251,23.7647],[86.4272,23.7686],[86.4257,23.7725],[86.4179,23.7786],[86.4158,23.776],[86.4112,23.7751],[86.4099,23.7729],[86.407,23.7748],[86.4039,23.7743],[86.4013,23.7723],[86.403,23.7688],[86.4026,23.7661],[86.3979,23.7615],[86.3976,23.7593],[86.395,23.7567],[86.3951,23.7539],[86.3924,23.7515],[86.3921,23.749],[86.3884,23.7462],[86.386,23.7456],[86.3858,23.7409],[86.3873,23.7385],[86.3849,23.7373],[86.3845,23.7344],[86.3865,23.7325],[86.3847,23.728],[86.3826,23.7273],[86.3814,23.7237],[86.3835,23.7213],[86.3841,23.7185],[86.3825,23.7167],[86.3874,23.7104],[86.385,23.7067],[86.3801,23.7067],[86.3752,23.7078]]]},"properties":{"id":"in:subdistrict:2585","level":"subdistrict","name":"Jharia-Cum-Jorapokhar-Cum-Sin*","code":2585,"parent":"in:district:325","state":"in:state:20"}},{"type":"Feature","geometry":{"type":"Polygon","coordinates":[[[86.4394,23.7509],[86.4422,23.7482],[86.4436,23.7423],[86.4455,23.7426],[86.4492,23.7313],[86.4531,23.7287],[86.4508,23.7197],[86.45,23.7148],[86.448,23.7112],[86.4502,23.7062],[86.4479,23.7017],[86.4494,23.6989],[86.4459,23.6958],[86.4396,23.6913],[86.4383,23.6882],[86.4449,23.6861],[86.4441,23.6816],[86.4475,23.6705],[86.4521,23.6671],[86.4591,23.6652],[86.4625,23.6621],[86.4646,23.6621],[86.4679,23.6673],[86.4671,23.6742],[86.4682,23.676],[86.4734,23.6813],[86.4707,23.6886],[86.4703,23.692],[86.4728,23.6934],[86.4772,23.694],[86.4768,23.7024],[86.4804,23.7036],[86.4821,23.7022],[86.4875,23.7024],[86.4922,23.6982],[86.4922,23.697],[86.5013,23.6907],[86.5031,23.685],[86.5006,23.6802],[86.5035,23.6775],[86.5052,23.6729],[86.5028,23.6683],[86.4989,23.6684],[86.5012,23.6627],[86.5002,23.6597],[86.503,23.6568],[86.5059,23.6571],[86.5086,23.6545],[86.5105,23.6554],[86.515,23.652],[86.5201,23.6504],[86.521,23.6489],[86.5247,23.6479],[86.5322,23.6401],[86.5327,23.6356],[86.5342,23.6311],[86.538,23.6322],[86.5458,23.6373],[86.5515,23.6392],[86.556,23.6398],[86.561,23.6418],[86.5708,23.6469],[86.5738,23.6477],[86.578,23.6528],[86.5816,23.656],[86.5911,23.6616],[86.599,23.6655],[86.5961,23.6701],[86.5967,23.6733],[86.5973,23.6767],[86.5989,23.6785],[86.5941,23.6803],[86.591,23.6798],[86.5867,23.6824],[86.5877,23.6884],[86.591,23.6932],[86.592,23.6986],[86.5897,23.7078],[86.5849,23.7075],[86.5815,23.7085],[86.5786,23.7072],[86.5762,23.7093],[86.5739,23.7159],[86.5754,23.7355],[86.5651,23.7377],[86.5525,23.7437],[86.5509,23.749],[86.5483,23.754],[86.5503,23.7562],[86.5516,23.7626],[86.5517,23.768],[86.5493,23.7726],[86.5466,23.7752],[86.5467,23.7777],[86.5443,23.7816],[86.5433,23.7854],[86.5392,23.7858],[86.5372,23.7845],[86.5327,23.7879],[86.53,23.7866],[86.5255,23.7878],[86.5221,23.7897],[86.5177,23.7872],[86.514,23.7864],[86.5083,23.7926],[86.5034,23.8013],[86.4925,23.8137],[86.4894,23.8099],[86.4893,23.8061],[86.492,23.8057],[86.4928,23.8029],[86.4875,23.8014],[86.4819,23.7977],[86.4827,23.7941],[86.4777,23.7936],[86.4775,23.7916],[86.475,23.7853],[86.4715,23.78],[86.4745,23.7789],[86.4757,23.7757],[86.4798,23.7736],[86.4759,23.7681],[86.4734,23.7602],[86.4679,23.7603],[86.4614,23.7581],[86.4587,23.7606],[86.4562,23.7671],[86.4512,23.7737],[86.4493,23.773],[86.4485,23.7651],[86.4471,23.7625],[86.4417,23.7596],[86.4378,23.7607],[86.4377,23.7581],[86.4405,23.7554],[86.4394,23.7509]]]},"properties":{"id":"in:subdistrict:2586","level":"subdistrict","name":"Baliapur","code":2586,"parent":"in:district:325","state":"in:state:20"}},{"type":"Feature","geometry":{"type":"Polygon","coordinates":[[[86.5967,23.6733],[86.6007,23.6746],[86.6116,23.6756],[86.6193,23.6746],[86.6306,23.6749],[86.6367,23.6761],[86.6463,23.6798],[86.6564,23.6843],[86.6686,23.6867],[86.6756,23.6871],[86.6844,23.6894],[86.6996,23.6942],[86.7053,23.6971],[86.7097,23.6975],[86.7149,23.6989],[86.7193,23.6992],[86.7256,23.6984],[86.7391,23.6942],[86.7419,23.6903],[86.7428,23.6854],[86.7449,23.6808],[86.7469,23.6789],[86.762,23.6811],[86.7708,23.6814],[86.7759,23.6829],[86.785,23.6866],[86.791,23.6884],[86.7987,23.6888],[86.8058,23.6959],[86.8026,23.6978],[86.7991,23.7012],[86.7993,23.7037],[86.8084,23.7233],[86.808,23.7295],[86.8122,23.743],[86.8055,23.7449],[86.7984,23.7451],[86.7923,23.7475],[86.7903,23.7467],[86.7895,23.743],[86.7806,23.7436],[86.7781,23.7432],[86.778,23.739],[86.7794,23.7339],[86.7845,23.7347],[86.7826,23.7275],[86.7779,23.7244],[86.778,23.7199],[86.782,23.7169],[86.7779,23.7104],[86.7745,23.7116],[86.7673,23.7154],[86.7672,23.7206],[86.7663,23.7214],[86.7705,23.7354],[86.7658,23.7364],[86.764,23.7351],[86.7612,23.7352],[86.7534,23.7373],[86.7507,23.7391],[86.7544,23.7463],[86.7585,23.7482],[86.7534,23.7538],[86.7517,23.7524],[86.7435,23.7552],[86.7469,23.7635],[86.7459,23.7671],[86.7472,23.7717],[86.748,23.779],[86.7519,23.7851],[86.7544,23.7834],[86.7646,23.7842],[86.7669,23.779],[86.7691,23.7799],[86.768,23.7823],[86.7682,23.7872],[86.7704,23.7911],[86.7744,23.7919],[86.7813,23.7907],[86.7893,23.7995],[86.7926,23.7987],[86.7983,23.7993],[86.8037,23.8006],[86.804,23.8034],[86.806,23.8067],[86.8088,23.8185],[86.8101,23.8214],[86.8076,23.8227],[86.8039,23.8297],[86.8009,23.8298],[86.7993,23.8318],[86.8005,23.834],[86.793,23.8416],[86.7878,23.8451],[86.7816,23.8539],[86.7764,23.8583],[86.7722,23.8607],[86.7623,23.8645],[86.7552,23.8657],[86.7523,23.8633],[86.7486,23.8623],[86.743,23.8577],[86.7404,23.8579],[86.7368,23.8595],[86.7319,23.8641],[86.7297,23.8672],[86.7275,23.8762],[86.7259,23.8907],[86.7199,23.8993],[86.7153,23.9027],[86.7103,23.9045],[86.6976,23.9072],[86.6909,23.9103],[86.6846,23.9155],[86.6803,23.9179],[86.6756,23.9197],[86.6672,23.9213],[86.6618,23.923],[86.6545,23.9267],[86.6502,23.9162],[86.6485,23.91],[86.6414,23.9091],[86.638,23.9053],[86.6355,23.9044],[86.6351,23.8977],[86.6324,23.892],[86.6335,23.8893],[86.6411,23.8871],[86.6444,23.8871],[86.6478,23.8897],[86.6536,23.8897],[86.658,23.8906],[86.6577,23.8863],[86.6546,23.8801],[86.65,23.8761],[86.6489,23.8743],[86.6442,23.8717],[86.6409,23.8686],[86.6367,23.8664],[86.6394,23.864],[86.6438,23.8635],[86.6513,23.8574],[86.6497,23.8526],[86.6527,23.8484],[86.6509,23.8465],[86.6512,23.8429],[86.6499,23.8414],[86.6513,23.8336],[86.6544,23.8319],[86.6536,23.8271],[86.6561,23.8183],[86.649,23.8147],[86.6477,23.8109],[86.6472,23.8059],[86.6484,23.804],[86.647,23.8017],[86.6423,23.7985],[86.6402,23.7934],[86.6433,23.7876],[86.6437,23.7831],[86.6403,23.7826],[86.636,23.7806],[86.6315,23.78],[86.6285,23.7726],[86.6286,23.7705],[86.6226,23.769],[86.6135,23.7696],[86.6137,23.7671],[86.6104,23.7656],[86.6081,23.7633],[86.6002,23.7702],[86.5977,23.7707],[86.5954,23.7732],[86.5953,23.7752],[86.5898,23.7761],[86.5869,23.7788],[86.5817,23.777],[86.578,23.7727],[86.5775,23.7693],[86.574,23.7637],[86.5692,23.7629],[86.5668,23.7662],[86.5641,23.7658],[86.5611,23.7674],[86.5558,23.7668],[86.5517,23.768],[86.5516,23.7626],[86.5503,23.7562],[86.5483,23.754],[86.5509,23.749],[86.5525,23.7437],[86.5651,23.7377],[86.5754,23.7355],[86.5739,23.7159],[86.5762,23.7093],[86.5786,23.7072],[86.5815,23.7085],[86.5849,23.7075],[86.5897,23.7078],[86.592,23.6986],[86.591,23.6932],[86.5877,23.6884],[86.5867,23.6824],[86.591,23.6798],[86.5941,23.6803],[86.5989,23.6785],[86.5973,23.6767],[86.5967,23.6733]]]},"properties":{"id":"in:subdistrict:2587","level":"subdistrict","name":"Nirsa-Cum-Chirkunda","code":2587,"parent":"in:district:325","state":"in:state:20"}},{"type":"Feature","geometry":{"type":"Polygon","coordinates":[[[86.8122,23.743],[86.8135,23.7461],[86.8243,23.748],[86.8261,23.7492],[86.8279,23.7527],[86.8282,23.7644],[86.8254,23.7748],[86.8259,23.7767],[86.8217,23.783],[86.8108,23.7954],[86.8091,23.798],[86.8037,23.8006],[86.7983,23.7993],[86.7926,23.7987],[86.7893,23.7995],[86.7813,23.7907],[86.7744,23.7919],[86.7704,23.7911],[86.7682,23.7872],[86.768,23.7823],[86.7691,23.7799],[86.7669,23.779],[86.7646,23.7842],[86.7544,23.7834],[86.7519,23.7851],[86.748,23.779],[86.7472,23.7717],[86.7459,23.7671],[86.7469,23.7635],[86.7435,23.7552],[86.7517,23.7524],[86.7534,23.7538],[86.7585,23.7482],[86.7544,23.7463],[86.7507,23.7391],[86.7534,23.7373],[86.7612,23.7352],[86.764,23.7351],[86.7658,23.7364],[86.7705,23.7354],[86.7663,23.7214],[86.7672,23.7206],[86.7673,23.7154],[86.7745,23.7116],[86.7779,23.7104],[86.782,23.7169],[86.778,23.7199],[86.7779,23.7244],[86.7826,23.7275],[86.7845,23.7347],[86.7794,23.7339],[86.778,23.739],[86.7781,23.7432],[86.7806,23.7436],[86.7895,23.743],[86.7903,23.7467],[86.7923,23.7475],[86.7984,23.7451],[86.8055,23.7449],[86.8122,23.743]]]},"properties":{"id":"in:subdistrict:6201","level":"subdistrict","name":"Egarkund","code":6201,"parent":"in:district:325","state":"in:state:20"}},{"type":"Feature","geometry":{"type":"Polygon","coordinates":[[[87.4995,25.2593],[87.5072,25.2588],[87.5162,25.2567],[87.5229,25.2561],[87.5277,25.2563],[87.5319,25.2583],[87.5369,25.262],[87.5421,25.2637],[87.5463,25.2635],[87.5504,25.2616],[87.5551,25.2578],[87.5676,25.2505],[87.5739,25.2485],[87.5731,25.24],[87.5741,25.2389],[87.5797,25.2374],[87.5817,25.2391],[87.5824,25.2429],[87.5858,25.2503],[87.5888,25.2511],[87.5993,25.2508],[87.603,25.2493],[87.6103,25.2476],[87.6183,25.2452],[87.6169,25.2387],[87.6255,25.2381],[87.6332,25.2396],[87.6299,25.2339],[87.6301,25.2314],[87.6313,25.2314],[87.6345,25.2369],[87.6367,25.2342],[87.6414,25.2267],[87.6444,25.2266],[87.6488,25.2323],[87.6509,25.2375],[87.6561,25.2394],[87.6606,25.2431],[87.6723,25.2402],[87.6836,25.242],[87.6919,25.2444],[87.6967,25.2444],[87.7085,25.2453],[87.7183,25.2456],[87.7258,25.2465],[87.7297,25.2423],[87.7357,25.2371],[87.7379,25.2329],[87.7391,25.2275],[87.7406,25.2252],[87.7427,25.2195],[87.7452,25.216],[87.7514,25.2117],[87.7516,25.2137],[87.7489,25.2159],[87.746,25.2198],[87.7448,25.2239],[87.7424,25.2289],[87.7399,25.2375],[87.734,25.2475],[87.7371,25.2511],[87.736,25.2532],[87.7316,25.2554],[87.7192,25.2567],[87.7174,25.2562],[87.7131,25.258],[87.711,25.2601],[87.7115,25.2662],[87.7115,25.2746],[87.6958,25.2833],[87.6931,25.2851],[87.6965,25.2941],[87.6997,25.2974],[87.6963,25.2986],[87.6954,25.3002],[87.6986,25.304],[87.6954,25.3067],[87.6853,25.3062],[87.6868,25.3092],[87.6921,25.3115],[87.6732,25.3129],[87.6756,25.3102],[87.6736,25.308],[87.6687,25.3084],[87.6651,25.3111],[87.6637,25.3081],[87.6562,25.3087],[87.655,25.3076],[87.6473,25.3105],[87.6447,25.3122],[87.6359,25.3158],[87.6304,25.3197],[87.6289,25.3155],[87.625,25.3131],[87.6204,25.3152],[87.6174,25.3181],[87.6133,25.3155],[87.612,25.3127],[87.6045,25.3155],[87.5995,25.3198],[87.5975,25.3196],[87.5923,25.3224],[87.5935,25.3251],[87.5877,25.3285],[87.5841,25.3314],[87.5845,25.3335],[87.5884,25.3374],[87.5919,25.3419],[87.5884,25.3463],[87.5837,25.349],[87.5822,25.3429],[87.5745,25.3407],[87.571,25.3333],[87.5612,25.3339],[87.5517,25.3325],[87.5502,25.3296],[87.5503,25.3242],[87.5477,25.3237],[87.5485,25.3212],[87.5467,25.3157],[87.5463,25.3063],[87.5438,25.2993],[87.5428,25.2936],[87.5434,25.2826],[87.5418,25.2807],[87.5324,25.2803],[87.5259,25.2843],[87.5196,25.2918],[87.5168,25.2933],[87.5151,25.2926],[87.5045,25.2933],[87.5016,25.2923],[87.5,25.297],[87.4969,25.3016],[87.494,25.3071],[87.493,25.3065],[87.49,25.2973],[87.4861,25.2973],[87.4877,25.286],[87.4909,25.2796],[87.4936,25.2779],[87.4986,25.2767],[87.4954,25.2715],[87.5008,25.2668],[87.4988,25.2626],[87.4995,25.2593]]]},"properties":{"id":"in:subdistrict:2564","level":"subdistrict","name":"Sahibganj","code":2564,"parent":"in:district:340","state":"in:state:20"}},{"type":"Feature","geometry":{"type":"Polygon","coordinates":[[[87.6967,25.2444],[87.6941,25.2364],[87.6922,25.229],[87.6926,25.2272],[87.6965,25.223],[87.7014,25.2218],[87.7057,25.2218],[87.71,25.2205],[87.702,25.2088],[87.7007,25.2031],[87.7064,25.1993],[87.7075,25.1979],[87.707,25.1942],[87.7078,25.1914],[87.7078,25.1847],[87.7096,25.1828],[87.7088,25.1796],[87.7112,25.1781],[87.7129,25.1746],[87.7097,25.1727],[87.7102,25.1685],[87.706,25.1672],[87.7027,25.1619],[87.6975,25.1602],[87.6937,25.1577],[87.6861,25.1581],[87.6851,25.1525],[87.6869,25.1484],[87.6937,25.1442],[87.7007,25.143],[87.7007,25.1385],[87.7053,25.1374],[87.7033,25.1326],[87.7,25.1292],[87.7051,25.1269],[87.7135,25.1254],[87.7165,25.1224],[87.7164,25.12],[87.7142,25.1168],[87.7046,25.1181],[87.7044,25.1128],[87.6972,25.1145],[87.6934,25.1159],[87.6904,25.1117],[87.6847,25.1089],[87.6889,25.1045],[87.6896,25.1007],[87.6916,25.098],[87.6884,25.0949],[87.6872,25.0897],[87.6821,25.093],[87.6788,25.0923],[87.6764,25.0885],[87.6662,25.0845],[87.6585,25.0851],[87.6533,25.0834],[87.6544,25.0801],[87.6583,25.0787],[87.6638,25.0751],[87.6673,25.0744],[87.6681,25.0696],[87.6672,25.0683],[87.666,25.0621],[87.6639,25.0594],[87.6674,25.0585],[87.672,25.0593],[87.678,25.0568],[87.6791,25.0553],[87.6777,25.0521],[87.682,25.0534],[87.684,25.0514],[87.6834,25.0487],[87.6799,25.0455],[87.6836,25.0449],[87.6844,25.0406],[87.6866,25.0339],[87.6818,25.035],[87.6812,25.033],[87.6832,25.0264],[87.6788,25.0234],[87.676,25.0254],[87.6765,25.0311],[87.6757,25.0359],[87.6729,25.0394],[87.6696,25.0386],[87.6723,25.0346],[87.6719,25.032],[87.6671,25.0284],[87.6614,25.0229],[87.6582,25.0183],[87.6587,25.015],[87.6618,25.0122],[87.6717,25.0068],[87.677,25.0056],[87.6752,25.0029],[87.677,25.0004],[87.6769,24.9974],[87.6675,24.9995],[87.6686,24.9944],[87.6757,24.9871],[87.6755,24.9849],[87.671,24.9849],[87.6676,24.984],[87.6666,24.9802],[87.6621,24.9783],[87.6622,24.9753],[87.6646,24.9718],[87.6662,24.9677],[87.6635,24.9619],[87.6586,24.965],[87.6557,24.9631],[87.6592,24.9592],[87.6572,24.9563],[87.6515,24.9571],[87.6439,24.9554],[87.637,24.9542],[87.6317,24.9555],[87.6286,24.9549],[87.6241,24.9526],[87.6238,24.9515],[87.6264,24.9471],[87.6314,24.9444],[87.6337,24.9411],[87.6372,24.9389],[87.6385,24.9367],[87.6354,24.9359],[87.6316,24.9385],[87.6223,24.938],[87.6198,24.9335],[87.6191,24.9287],[87.6233,24.9266],[87.6284,24.9266],[87.6316,24.9248],[87.6285,24.923],[87.6283,24.9196],[87.6268,24.9165],[87.6271,24.914],[87.6246,24.9119],[87.6253,24.9084],[87.6268,24.9075],[87.6309,24.9091],[87.6364,24.9129],[87.6443,24.9208],[87.6485,24.924],[87.6482,24.9196],[87.6521,24.9166],[87.6499,24.9137],[87.6519,24.9085],[87.6542,24.9074],[87.6537,24.9043],[87.6548,24.9012],[87.658,24.8991],[87.6613,24.9002],[87.6611,24.9054],[87.6652,24.9085],[87.6663,24.9121],[87.6698,24.9134],[87.6664,24.9158],[87.6672,24.9195],[87.6689,24.9217],[87.6674,24.9245],[87.665,24.925],[87.661,24.9281],[87.6627,24.931],[87.6662,24.9323],[87.6682,24.9346],[87.6661,24.9418],[87.6706,24.9399],[87.6755,24.9357],[87.6764,24.93],[87.6791,24.9324],[87.6809,24.9363],[87.6784,24.9404],[87.6735,24.943],[87.6744,24.9459],[87.6798,24.9469],[87.6822,24.952],[87.6815,24.9544],[87.6834,24.957],[87.6872,24.9547],[87.6861,24.9511],[87.687,24.9467],[87.6909,24.94],[87.6963,24.9397],[87.6958,24.9363],[87.7028,24.9344],[87.7035,24.931],[87.7085,24.9301],[87.7134,24.9318],[87.7187,24.9307],[87.7191,24.9287],[87.7176,24.9259],[87.7227,24.925],[87.723,24.9214],[87.7305,24.9172],[87.7329,24.9165],[87.7383,24.9164],[87.7443,24.9135],[87.7443,24.9095],[87.7405,24.9104],[87.7392,24.9081],[87.7368,24.9071],[87.7301,24.9072],[87.7296,24.9086],[87.7256,24.9104],[87.7231,24.9126],[87.7183,24.91],[87.7195,24.9082],[87.7246,24.9048],[87.7291,24.9063],[87.7306,24.9053],[87.736,24.9054],[87.7367,24.9026],[87.7392,24.904],[87.7433,24.9031],[87.7482,24.9034],[87.7464,24.907],[87.7503,24.9101],[87.7545,24.9114],[87.7575,24.915],[87.7595,24.9162],[87.7634,24.9149],[87.7645,24.9128],[87.7624,24.9111],[87.7684,24.9067],[87.7746,24.9063],[87.7754,24.9087],[87.778,24.9074],[87.779,24.9117],[87.7807,24.9138],[87.7781,24.918],[87.7797,24.9245],[87.7826,24.9248],[87.7841,24.9231],[87.7865,24.9178],[87.7894,24.9143],[87.7932,24.9164],[87.7932,24.9203],[87.7971,24.9215],[87.802,24.9258],[87.8025,24.9294],[87.8076,24.9314],[87.8114,24.9363],[87.8114,24.9392],[87.8141,24.944],[87.8139,24.9492],[87.8145,24.9513],[87.8031,24.9569],[87.7997,24.9603],[87.796,24.962],[87.7919,24.9624],[87.7862,24.961],[87.7783,24.9579],[87.7718,24.9588],[87.7707,24.966],[87.7667,24.9671],[87.7645,24.9634],[87.7553,24.9688],[87.7526,24.9699],[87.7493,24.9698],[87.7433,24.9726],[87.7414,24.9746],[87.7404,24.9789],[87.7453,24.9847],[87.728,24.9929],[87.722,24.9961],[87.7219,24.9978],[87.7236,25.0055],[87.7285,25.0244],[87.7313,25.0325],[87.7409,25.052],[87.743,25.0595],[87.7422,25.0654],[87.7354,25.0661],[87.7327,25.0673],[87.7402,25.0713],[87.7422,25.0741],[87.7426,25.0792],[87.7418,25.0832],[87.7437,25.091],[87.7478,25.0907],[87.7508,25.1019],[87.7512,25.1114],[87.7555,25.1118],[87.7566,25.1186],[87.7603,25.1272],[87.7523,25.1268],[87.7516,25.1304],[87.7547,25.1336],[87.7581,25.1357],[87.7656,25.1426],[87.7702,25.1459],[87.7724,25.1494],[87.7723,25.1565],[87.7666,25.1619],[87.7655,25.1679],[87.7641,25.1722],[87.761,25.1772],[87.7598,25.1813],[87.7552,25.1913],[87.7541,25.1975],[87.7515,25.2033],[87.7514,25.2117],[87.7452,25.216],[87.7427,25.2195],[87.7406,25.2252],[87.7391,25.2275],[87.7379,25.2329],[87.7357,25.2371],[87.7297,25.2423],[87.7258,25.2465],[87.7183,25.2456],[87.7085,25.2453],[87.6967,25.2444]]]},"properties":{"id":"in:subdistrict:2568","level":"subdistrict","name":"Taljhari","code":2568,"parent":"in:district:340","state":"in:state:20"}},{"type":"Feature","geometry":{"type":"MultiPolygon","coordinates":[[[[87.5309,25.0684],[87.528,25.0601],[87.5331,25.0596],[87.5361,25.0664],[87.5309,25.0684]]],[[[87.4778,25.1943],[87.4799,25.1939],[87.4835,25.1835],[87.4922,25.1626],[87.4948,25.1553],[87.5011,25.1395],[87.4913,25.1275],[87.4741,25.1045],[87.4769,25.1033],[87.4819,25.0997],[87.4886,25.0965],[87.4939,25.0921],[87.4948,25.0851],[87.4995,25.0824],[87.5014,25.08],[87.5047,25.0787],[87.5083,25.0786],[87.5098,25.077],[87.5088,25.0706],[87.5118,25.066],[87.5145,25.0708],[87.5161,25.0713],[87.5193,25.0685],[87.5224,25.0725],[87.5239,25.0761],[87.528,25.0728],[87.5292,25.0695],[87.5309,25.0684],[87.5319,25.0706],[87.5387,25.0755],[87.5454,25.0809],[87.5468,25.0844],[87.5465,25.0883],[87.5416,25.0893],[87.5447,25.0952],[87.5483,25.0994],[87.5492,25.1035],[87.5508,25.1047],[87.5549,25.1043],[87.557,25.1025],[87.5587,25.1044],[87.5631,25.1116],[87.5624,25.1139],[87.5656,25.1159],[87.5721,25.1146],[87.5791,25.1152],[87.5823,25.1181],[87.5859,25.1173],[87.5894,25.118],[87.5898,25.123],[87.5917,25.1252],[87.59,25.1274],[87.5913,25.1318],[87.5825,25.1383],[87.5848,25.139],[87.5841,25.1419],[87.5864,25.1438],[87.5916,25.142],[87.5964,25.1442],[87.5987,25.1465],[87.6013,25.1469],[87.6006,25.1525],[87.5976,25.1554],[87.5936,25.1575],[87.5918,25.1634],[87.5936,25.169],[87.5906,25.1739],[87.5884,25.1752],[87.5855,25.1747],[87.5821,25.1768],[87.5815,25.1808],[87.5868,25.1872],[87.59,25.1882],[87.5924,25.1911],[87.5936,25.1944],[87.5972,25.1927],[87.5995,25.1939],[87.6031,25.1981],[87.6071,25.1985],[87.6077,25.1951],[87.6125,25.1926],[87.6142,25.1926],[87.6202,25.1954],[87.6203,25.1972],[87.6168,25.1994],[87.6177,25.2034],[87.62,25.2038],[87.6236,25.2063],[87.6237,25.2127],[87.6218,25.2139],[87.621,25.2172],[87.6187,25.2219],[87.6207,25.226],[87.6271,25.2288],[87.6301,25.2314],[87.6299,25.2339],[87.6332,25.2396],[87.6255,25.2381],[87.6169,25.2387],[87.6183,25.2452],[87.6103,25.2476],[87.603,25.2493],[87.5993,25.2508],[87.5888,25.2511],[87.5858,25.2503],[87.5824,25.2429],[87.5817,25.2391],[87.5797,25.2374],[87.5741,25.2389],[87.5731,25.24],[87.5739,25.2485],[87.5676,25.2505],[87.5551,25.2578],[87.5504,25.2616],[87.5463,25.2635],[87.5421,25.2637],[87.5369,25.262],[87.5319,25.2583],[87.5277,25.2563],[87.5229,25.2561],[87.5162,25.2567],[87.5072,25.2588],[87.4995,25.2593],[87.4906,25.2613],[87.484,25.2523],[87.4761,25.2369],[87.4769,25.2216],[87.4769,25.2128],[87.4778,25.1943]]]]},"properties":{"id":"in:subdistrict:2565","level":"subdistrict","name":"Mandro","code":2565,"parent":"in:district:340","state":"in:state:20"}},{"type":"Feature","geometry":{"type":"Polygon","coordinates":[[[87.4318,25.2088],[87.4249,25.2063],[87.4242,25.197],[87.4308,25.193],[87.4287,25.1878],[87.4255,25.185],[87.4243,25.1814],[87.4201,25.1838],[87.4178,25.1823],[87.416,25.1786],[87.4158,25.1757],[87.4182,25.1722],[87.417,25.1695],[87.4069,25.1689],[87.4046,25.1672],[87.4051,25.1631],[87.4007,25.1556],[87.3981,25.1589],[87.3948,25.1593],[87.3913,25.1534],[87.3909,25.1479],[87.4045,25.1451],[87.4075,25.1435],[87.4129,25.1391],[87.4161,25.1353],[87.4219,25.1322],[87.422,25.1292],[87.4249,25.1272],[87.4284,25.1225],[87.4277,25.1156],[87.4246,25.1106],[87.4261,25.1083],[87.4318,25.1027],[87.4359,25.098],[87.4412,25.0942],[87.4439,25.0878],[87.4472,25.0829],[87.4491,25.0782],[87.4512,25.0757],[87.4533,25.0755],[87.4614,25.0861],[87.4653,25.0928],[87.4713,25.0984],[87.4741,25.1045],[87.4913,25.1275],[87.5011,25.1395],[87.4948,25.1553],[87.4922,25.1626],[87.4835,25.1835],[87.4799,25.1939],[87.4778,25.1943],[87.4717,25.1941],[87.47,25.1954],[87.4626,25.1949],[87.4619,25.1974],[87.4593,25.1967],[87.4499,25.2013],[87.4447,25.2046],[87.4409,25.2047],[87.438,25.2066],[87.4318,25.2088]]]},"properties":{"id":"in:subdistrict:2556","level":"subdistrict","name":"Thakurgangti","code":2556,"parent":"in:district:330","state":"in:state:20"}},{"type":"Feature","geometry":{"type":"MultiPolygon","coordinates":[[[[87.556,24.9632],[87.5544,24.9638],[87.5513,24.9621],[87.5495,24.9596],[87.5488,24.9567],[87.5461,24.9535],[87.5479,24.9514],[87.5511,24.9506],[87.5553,24.9478],[87.5596,24.9477],[87.5621,24.9498],[87.5638,24.9563],[87.5631,24.9593],[87.5586,24.9639],[87.556,24.9632]]],[[[87.6301,25.2314],[87.6271,25.2288],[87.6207,25.226],[87.6187,25.2219],[87.621,25.2172],[87.6218,25.2139],[87.6237,25.2127],[87.6236,25.2063],[87.62,25.2038],[87.6177,25.2034],[87.6168,25.1994],[87.6203,25.1972],[87.6202,25.1954],[87.6142,25.1926],[87.6125,25.1926],[87.6077,25.1951],[87.6071,25.1985],[87.6031,25.1981],[87.5995,25.1939],[87.5972,25.1927],[87.5936,25.1944],[87.5924,25.1911],[87.59,25.1882],[87.5868,25.1872],[87.5815,25.1808],[87.5821,25.1768],[87.5855,25.1747],[87.5884,25.1752],[87.5906,25.1739],[87.5936,25.169],[87.5918,25.1634],[87.5936,25.1575],[87.5976,25.1554],[87.6006,25.1525],[87.6013,25.1469],[87.5987,25.1465],[87.5964,25.1442],[87.5916,25.142],[87.5864,25.1438],[87.5841,25.1419],[87.5848,25.139],[87.5825,25.1383],[87.5913,25.1318],[87.59,25.1274],[87.5917,25.1252],[87.5898,25.123],[87.5894,25.118],[87.5859,25.1173],[87.5823,25.1181],[87.5791,25.1152],[87.5721,25.1146],[87.5656,25.1159],[87.5624,25.1139],[87.5631,25.1116],[87.5587,25.1044],[87.557,25.1025],[87.5549,25.1043],[87.5508,25.1047],[87.5492,25.1035],[87.5483,25.0994],[87.5447,25.0952],[87.5416,25.0893],[87.5465,25.0883],[87.5468,25.0844],[87.5454,25.0809],[87.5387,25.0755],[87.5429,25.0736],[87.5449,25.0699],[87.5428,25.0681],[87.5371,25.0701],[87.5361,25.0664],[87.5331,25.0596],[87.528,25.0601],[87.5309,25.0684],[87.5292,25.0695],[87.528,25.0728],[87.5239,25.0761],[87.5224,25.0725],[87.5193,25.0685],[87.5161,25.0713],[87.5145,25.0708],[87.5118,25.066],[87.5163,25.0632],[87.5195,25.0622],[87.5228,25.0593],[87.5217,25.0577],[87.5167,25.0561],[87.5148,25.0538],[87.5091,25.0546],[87.5064,25.0533],[87.5059,25.0515],[87.5084,25.0492],[87.5089,25.0419],[87.5116,25.0404],[87.5114,25.0378],[87.5065,25.0351],[87.5077,25.0301],[87.5025,25.0269],[87.5013,25.0196],[87.4982,25.0183],[87.4927,25.0141],[87.4886,25.014],[87.4823,25.0116],[87.4773,25.0057],[87.4669,25.0015],[87.4653,24.998],[87.4594,24.9916],[87.4599,24.9871],[87.4594,24.9839],[87.4628,24.9843],[87.4659,24.9828],[87.4729,24.977],[87.4791,24.9766],[87.48,24.9773],[87.4897,24.9766],[87.4882,24.9739],[87.4893,24.9726],[87.5018,24.9711],[87.5004,24.9665],[87.4993,24.9598],[87.5,24.9582],[87.5067,24.9576],[87.5103,24.9599],[87.5136,24.96],[87.5209,24.9628],[87.5244,24.9623],[87.5294,24.96],[87.5398,24.9587],[87.5449,24.96],[87.547,24.9665],[87.5506,24.9736],[87.5551,24.9801],[87.5558,24.9714],[87.5619,24.9677],[87.5663,24.9674],[87.5692,24.968],[87.5731,24.9726],[87.5788,24.9726],[87.582,24.9712],[87.5894,24.9697],[87.5928,24.9705],[87.5944,24.9727],[87.596,24.9784],[87.5997,24.9814],[87.5987,24.9899],[87.6014,24.992],[87.6023,24.9942],[87.6063,24.994],[87.6072,24.9919],[87.6121,24.9896],[87.6147,24.9912],[87.6205,24.9899],[87.6225,24.991],[87.6263,24.9875],[87.6289,24.9865],[87.6287,24.9845],[87.6325,24.9828],[87.6329,24.9746],[87.6273,24.9761],[87.6247,24.9723],[87.628,24.9675],[87.6289,24.9629],[87.6308,24.9602],[87.6327,24.9604],[87.6359,24.9581],[87.6394,24.958],[87.6439,24.9554],[87.6515,24.9571],[87.6572,24.9563],[87.6592,24.9592],[87.6557,24.9631],[87.6586,24.965],[87.6635,24.9619],[87.6662,24.9677],[87.6646,24.9718],[87.6622,24.9753],[87.6621,24.9783],[87.6666,24.9802],[87.6676,24.984],[87.671,24.9849],[87.6755,24.9849],[87.6757,24.9871],[87.6686,24.9944],[87.6675,24.9995],[87.6769,24.9974],[87.677,25.0004],[87.6752,25.0029],[87.677,25.0056],[87.6717,25.0068],[87.6618,25.0122],[87.6587,25.015],[87.6582,25.0183],[87.6614,25.0229],[87.6671,25.0284],[87.6719,25.032],[87.6723,25.0346],[87.6696,25.0386],[87.6729,25.0394],[87.6757,25.0359],[87.6765,25.0311],[87.676,25.0254],[87.6788,25.0234],[87.6832,25.0264],[87.6812,25.033],[87.6818,25.035],[87.6866,25.0339],[87.6844,25.0406],[87.6836,25.0449],[87.6799,25.0455],[87.6834,25.0487],[87.684,25.0514],[87.682,25.0534],[87.6777,25.0521],[87.6791,25.0553],[87.678,25.0568],[87.672,25.0593],[87.6674,25.0585],[87.6639,25.0594],[87.666,25.0621],[87.6672,25.0683],[87.6681,25.0696],[87.6673,25.0744],[87.6638,25.0751],[87.6583,25.0787],[87.6544,25.0801],[87.6533,25.0834],[87.6585,25.0851],[87.6662,25.0845],[87.6764,25.0885],[87.6788,25.0923],[87.6821,25.093],[87.6872,25.0897],[87.6884,25.0949],[87.6916,25.098],[87.6896,25.1007],[87.6889,25.1045],[87.6847,25.1089],[87.6904,25.1117],[87.6934,25.1159],[87.6972,25.1145],[87.7044,25.1128],[87.7046,25.1181],[87.7142,25.1168],[87.7164,25.12],[87.7165,25.1224],[87.7135,25.1254],[87.7051,25.1269],[87.7,25.1292],[87.7033,25.1326],[87.7053,25.1374],[87.7007,25.1385],[87.7007,25.143],[87.6937,25.1442],[87.6869,25.1484],[87.6851,25.1525],[87.6861,25.1581],[87.6937,25.1577],[87.6975,25.1602],[87.7027,25.1619],[87.706,25.1672],[87.7102,25.1685],[87.7097,25.1727],[87.7129,25.1746],[87.7112,25.1781],[87.7088,25.1796],[87.7096,25.1828],[87.7078,25.1847],[87.7078,25.1914],[87.707,25.1942],[87.7075,25.1979],[87.7064,25.1993],[87.7007,25.2031],[87.702,25.2088],[87.71,25.2205],[87.7057,25.2218],[87.7014,25.2218],[87.6965,25.223],[87.6926,25.2272],[87.6922,25.229],[87.6941,25.2364],[87.6967,25.2444],[87.6919,25.2444],[87.6836,25.242],[87.6723,25.2402],[87.6606,25.2431],[87.6561,25.2394],[87.6509,25.2375],[87.6488,25.2323],[87.6444,25.2266],[87.6414,25.2267],[87.6367,25.2342],[87.6345,25.2369],[87.6313,25.2314],[87.6301,25.2314]],[[87.4998,25.0061],[87.4972,25.0099],[87.498,25.0123],[87.5007,25.014],[87.5026,25.012],[87.5038,25.0084],[87.4998,25.0061]]]]},"properties":{"id":"in:subdistrict:2566","level":"subdistrict","name":"Borio","code":2566,"parent":"in:district:340","state":"in:state:20"}},{"type":"Feature","geometry":{"type":"Polygon","coordinates":[[[87.6439,24.9554],[87.6394,24.958],[87.6359,24.9581],[87.6327,24.9604],[87.6308,24.9602],[87.6289,24.9629],[87.628,24.9675],[87.6247,24.9723],[87.6273,24.9761],[87.6329,24.9746],[87.6325,24.9828],[87.6287,24.9845],[87.6289,24.9865],[87.6263,24.9875],[87.6225,24.991],[87.6205,24.9899],[87.6147,24.9912],[87.6121,24.9896],[87.6072,24.9919],[87.6063,24.994],[87.6023,24.9942],[87.6014,24.992],[87.5987,24.9899],[87.5997,24.9814],[87.596,24.9784],[87.5944,24.9727],[87.5928,24.9705],[87.5894,24.9697],[87.582,24.9712],[87.5788,24.9726],[87.5731,24.9726],[87.5692,24.968],[87.5663,24.9674],[87.5619,24.9677],[87.5558,24.9714],[87.5551,24.9801],[87.5506,24.9736],[87.547,24.9665],[87.5449,24.96],[87.5398,24.9587],[87.5294,24.96],[87.5244,24.9623],[87.5209,24.9628],[87.5136,24.96],[87.5103,24.9599],[87.5067,24.9576],[87.5,24.9582],[87.4993,24.9598],[87.5004,24.9665],[87.4957,24.9653],[87.4906,24.9657],[87.4869,24.9697],[87.4882,24.9739],[87.4897,24.9766],[87.48,24.9773],[87.4791,24.9766],[87.4779,24.9744],[87.4754,24.975],[87.4739,24.9686],[87.4706,24.9687],[87.4699,24.9618],[87.4723,24.9549],[87.4686,24.9537],[87.4631,24.9542],[87.4628,24.9509],[87.4656,24.9489],[87.4612,24.9436],[87.4604,24.9402],[87.4558,24.9388],[87.4591,24.9343],[87.4594,24.9269],[87.4607,24.9235],[87.4595,24.9208],[87.4617,24.9171],[87.468,24.919],[87.4689,24.9153],[87.4681,24.9097],[87.4692,24.9032],[87.4688,24.9018],[87.4639,24.8951],[87.456,24.8948],[87.4545,24.891],[87.4572,24.8871],[87.4609,24.8838],[87.4644,24.8834],[87.4687,24.8807],[87.4687,24.8769],[87.4697,24.873],[87.4671,24.8735],[87.463,24.8727],[87.4573,24.8695],[87.4575,24.864],[87.4583,24.8626],[87.4618,24.8654],[87.4705,24.8579],[87.476,24.8548],[87.4751,24.8515],[87.4744,24.8492],[87.4791,24.8488],[87.476,24.8429],[87.4798,24.8418],[87.4786,24.8359],[87.4788,24.8308],[87.4813,24.8302],[87.4846,24.8278],[87.4833,24.8248],[87.4838,24.8211],[87.4863,24.82],[87.4881,24.8169],[87.4941,24.8136],[87.4941,24.8072],[87.496,24.8076],[87.4974,24.8038],[87.5006,24.8014],[87.5026,24.8014],[87.5068,24.7993],[87.507,24.7975],[87.5111,24.798],[87.5133,24.7992],[87.5174,24.7971],[87.5184,24.8],[87.5248,24.8009],[87.53,24.7991],[87.5353,24.7997],[87.5405,24.8013],[87.5415,24.8036],[87.5382,24.8091],[87.5372,24.8144],[87.5382,24.8196],[87.5369,24.8227],[87.5411,24.8227],[87.5485,24.8262],[87.5503,24.8294],[87.5525,24.8292],[87.557,24.8255],[87.5567,24.8226],[87.559,24.8216],[87.5628,24.8164],[87.5655,24.8162],[87.5701,24.8127],[87.5708,24.8089],[87.5759,24.8076],[87.5819,24.8101],[87.5863,24.8084],[87.5891,24.8098],[87.5948,24.8109],[87.6012,24.8071],[87.6058,24.8083],[87.6081,24.808],[87.6161,24.7997],[87.6174,24.7978],[87.6227,24.796],[87.6233,24.7935],[87.6167,24.7952],[87.6147,24.7976],[87.6097,24.7984],[87.609,24.8001],[87.6038,24.8023],[87.6025,24.8046],[87.5994,24.805],[87.5921,24.8028],[87.5928,24.7989],[87.5958,24.7962],[87.5953,24.7943],[87.5866,24.7925],[87.586,24.7907],[87.5927,24.7898],[87.5983,24.7925],[87.5999,24.787],[87.6034,24.7889],[87.6081,24.7877],[87.611,24.7831],[87.6099,24.7807],[87.6127,24.7778],[87.6175,24.7802],[87.6198,24.7828],[87.6247,24.7846],[87.6256,24.7839],[87.6265,24.7778],[87.6257,24.775],[87.6308,24.7766],[87.6336,24.7772],[87.6369,24.7797],[87.6368,24.7841],[87.6396,24.7842],[87.6438,24.7822],[87.6453,24.7856],[87.6588,24.7894],[87.6599,24.7913],[87.6572,24.7959],[87.6514,24.7932],[87.6473,24.7928],[87.6413,24.7934],[87.6407,24.797],[87.6357,24.7992],[87.6329,24.806],[87.6289,24.8045],[87.6251,24.8111],[87.6261,24.8135],[87.6323,24.8179],[87.6396,24.8175],[87.6447,24.8185],[87.647,24.8206],[87.6473,24.8254],[87.6483,24.8264],[87.6476,24.83],[87.6499,24.8362],[87.6533,24.8361],[87.6598,24.8416],[87.6644,24.8381],[87.6681,24.8375],[87.6716,24.8416],[87.6726,24.8442],[87.6715,24.846],[87.6733,24.8504],[87.6758,24.8518],[87.679,24.8517],[87.682,24.85],[87.6853,24.8521],[87.6887,24.853],[87.6911,24.8551],[87.6902,24.8567],[87.6983,24.8656],[87.6999,24.8704],[87.7,24.8771],[87.6973,24.8797],[87.6986,24.8837],[87.7023,24.8897],[87.7059,24.8894],[87.7102,24.8874],[87.7166,24.8931],[87.7203,24.8984],[87.7242,24.9015],[87.7218,24.9023],[87.7178,24.9013],[87.7132,24.9033],[87.7068,24.9006],[87.7043,24.9005],[87.7031,24.9037],[87.7066,24.9051],[87.7036,24.9069],[87.7046,24.9111],[87.6994,24.9142],[87.6981,24.9158],[87.6996,24.922],[87.6984,24.9247],[87.698,24.9288],[87.7013,24.931],[87.7035,24.931],[87.7028,24.9344],[87.6958,24.9363],[87.6963,24.9397],[87.6909,24.94],[87.687,24.9467],[87.6861,24.9511],[87.6872,24.9547],[87.6834,24.957],[87.6815,24.9544],[87.6822,24.952],[87.6798,24.9469],[87.6744,24.9459],[87.6735,24.943],[87.6784,24.9404],[87.6809,24.9363],[87.6791,24.9324],[87.6764,24.93],[87.6755,24.9357],[87.6706,24.9399],[87.6661,24.9418],[87.6682,24.9346],[87.6662,24.9323],[87.6627,24.931],[87.661,24.9281],[87.665,24.925],[87.6674,24.9245],[87.6689,24.9217],[87.6672,24.9195],[87.6664,24.9158],[87.6698,24.9134],[87.6663,24.9121],[87.6652,24.9085],[87.6611,24.9054],[87.6613,24.9002],[87.658,24.8991],[87.6548,24.9012],[87.6537,24.9043],[87.6542,24.9074],[87.6519,24.9085],[87.6499,24.9137],[87.6521,24.9166],[87.6482,24.9196],[87.6485,24.924],[87.6443,24.9208],[87.6364,24.9129],[87.6309,24.9091],[87.6268,24.9075],[87.6253,24.9084],[87.6246,24.9119],[87.6271,24.914],[87.6268,24.9165],[87.6283,24.9196],[87.6285,24.923],[87.6316,24.9248],[87.6284,24.9266],[87.6233,24.9266],[87.6191,24.9287],[87.6198,24.9335],[87.6223,24.938],[87.6316,24.9385],[87.6354,24.9359],[87.6385,24.9367],[87.6372,24.9389],[87.6337,24.9411],[87.6314,24.9444],[87.6264,24.9471],[87.6238,24.9515],[87.6241,24.9526],[87.6286,24.9549],[87.6317,24.9555],[87.637,24.9542],[87.6439,24.9554]],[[87.556,24.9632],[87.5586,24.9639],[87.5631,24.9593],[87.5638,24.9563],[87.5621,24.9498],[87.5596,24.9477],[87.5553,24.9478],[87.5511,24.9506],[87.5479,24.9514],[87.5461,24.9535],[87.5488,24.9567],[87.5495,24.9596],[87.5513,24.9621],[87.5544,24.9638],[87.556,24.9632]],[[87.4715,24.8959],[87.4708,24.8999],[87.4742,24.8998],[87.4746,24.8947],[87.4715,24.8959]]]},"properties":{"id":"in:subdistrict:2567","level":"subdistrict","name":"Barhait","code":2567,"parent":"in:district:340","state":"in:state:20"}},{"type":"Feature","geometry":{"type":"MultiPolygon","coordinates":[[[[87.4594,24.8101],[87.46,24.8125],[87.4577,24.8158],[87.4564,24.815],[87.4581,24.8106],[87.4594,24.8101]]],[[[87.47,24.8117],[87.4673,24.8162],[87.4647,24.8186],[87.4644,24.8224],[87.4607,24.8257],[87.4579,24.8209],[87.4561,24.8197],[87.4587,24.8168],[87.462,24.8111],[87.4678,24.811],[87.47,24.8117]]],[[[87.4882,24.9739],[87.4869,24.9697],[87.4906,24.9657],[87.4957,24.9653],[87.5004,24.9665],[87.5018,24.9711],[87.4893,24.9726],[87.4882,24.9739]]],[[[87.4998,25.0061],[87.5038,25.0084],[87.5026,25.012],[87.5007,25.014],[87.498,25.0123],[87.4972,25.0099],[87.4998,25.0061]]],[[[87.5361,25.0664],[87.5371,25.0701],[87.5428,25.0681],[87.5449,25.0699],[87.5429,25.0736],[87.5387,25.0755],[87.5319,25.0706],[87.5309,25.0684],[87.5361,25.0664]]],[[[87.4741,25.1045],[87.4713,25.0984],[87.4653,25.0928],[87.4614,25.0861],[87.4533,25.0755],[87.4512,25.0757],[87.4491,25.0782],[87.4472,25.0829],[87.4439,25.0878],[87.4412,25.0942],[87.4359,25.098],[87.4318,25.1027],[87.4261,25.1083],[87.4246,25.1106],[87.4198,25.113],[87.4181,25.1149],[87.4151,25.1213],[87.4083,25.1223],[87.4062,25.1219],[87.4029,25.1232],[87.4006,25.1223],[87.3949,25.1239],[87.3902,25.1217],[87.3864,25.1227],[87.3854,25.1246],[87.386,25.1283],[87.3829,25.1307],[87.3752,25.1322],[87.3731,25.1319],[87.3622,25.1171],[87.3581,25.1106],[87.3502,25.0996],[87.3473,25.0949],[87.3393,25.0844],[87.3326,25.0748],[87.3315,25.0714],[87.3321,25.0668],[87.3339,25.0584],[87.3353,25.0544],[87.337,25.0456],[87.3399,25.0441],[87.3415,25.0364],[87.3412,25.0334],[87.3448,25.0278],[87.3438,25.0242],[87.342,25.0229],[87.3398,25.0061],[87.3385,24.9928],[87.3381,24.9846],[87.3369,24.9779],[87.333,24.9531],[87.3321,24.9458],[87.3323,24.9422],[87.3303,24.9114],[87.3314,24.9102],[87.3313,24.8939],[87.3365,24.8963],[87.343,24.8952],[87.3485,24.8958],[87.3529,24.8928],[87.356,24.8896],[87.3599,24.8893],[87.3675,24.8842],[87.3711,24.8825],[87.3817,24.8745],[87.3868,24.8685],[87.3956,24.8662],[87.397,24.865],[87.4008,24.8662],[87.406,24.8659],[87.411,24.8631],[87.4162,24.8616],[87.4186,24.8601],[87.4228,24.8609],[87.4303,24.8575],[87.435,24.8603],[87.4357,24.8639],[87.4352,24.8671],[87.4372,24.8676],[87.4404,24.8641],[87.4446,24.8621],[87.4468,24.8597],[87.4499,24.8594],[87.4539,24.8572],[87.4582,24.8568],[87.4573,24.8595],[87.4606,24.8595],[87.4601,24.8559],[87.4639,24.8552],[87.4681,24.8505],[87.4675,24.8472],[87.4705,24.8461],[87.4718,24.8437],[87.4711,24.8418],[87.4649,24.8386],[87.4612,24.8381],[87.4618,24.8364],[87.4654,24.8357],[87.4714,24.8359],[87.4718,24.8337],[87.4771,24.8337],[87.4778,24.8385],[87.4759,24.8394],[87.476,24.8429],[87.4791,24.8488],[87.4744,24.8492],[87.4751,24.8515],[87.4731,24.85],[87.4701,24.8499],[87.4691,24.8517],[87.4705,24.8579],[87.4618,24.8654],[87.4583,24.8626],[87.4575,24.864],[87.4573,24.8695],[87.463,24.8727],[87.4671,24.8735],[87.4697,24.873],[87.4687,24.8769],[87.4687,24.8807],[87.4644,24.8834],[87.4609,24.8838],[87.4572,24.8871],[87.4545,24.891],[87.456,24.8948],[87.4639,24.8951],[87.4688,24.9018],[87.4692,24.9032],[87.4681,24.9097],[87.4689,24.9153],[87.468,24.919],[87.4617,24.9171],[87.4595,24.9208],[87.4607,24.9235],[87.4594,24.9269],[87.4591,24.9343],[87.4558,24.9388],[87.4604,24.9402],[87.4612,24.9436],[87.4656,24.9489],[87.4628,24.9509],[87.4631,24.9542],[87.4686,24.9537],[87.4723,24.9549],[87.4699,24.9618],[87.4706,24.9687],[87.4739,24.9686],[87.4754,24.975],[87.4779,24.9744],[87.4791,24.9766],[87.4729,24.977],[87.4659,24.9828],[87.4628,24.9843],[87.4594,24.9839],[87.4599,24.9871],[87.4594,24.9916],[87.4653,24.998],[87.4669,25.0015],[87.4773,25.0057],[87.4823,25.0116],[87.4886,25.014],[87.4927,25.0141],[87.4982,25.0183],[87.5013,25.0196],[87.5025,25.0269],[87.5077,25.0301],[87.5065,25.0351],[87.5114,25.0378],[87.5116,25.0404],[87.5089,25.0419],[87.5084,25.0492],[87.5059,25.0515],[87.5064,25.0533],[87.5091,25.0546],[87.5148,25.0538],[87.5167,25.0561],[87.5217,25.0577],[87.5228,25.0593],[87.5195,25.0622],[87.5163,25.0632],[87.5118,25.066],[87.5088,25.0706],[87.5098,25.077],[87.5083,25.0786],[87.5047,25.0787],[87.5014,25.08],[87.4995,25.0824],[87.4948,25.0851],[87.4939,25.0921],[87.4886,25.0965],[87.4819,25.0997],[87.4769,25.1033],[87.4741,25.1045]]]]},"properties":{"id":"in:subdistrict:2557","level":"subdistrict","name":"Boarijor","code":2557,"parent":"in:district:330","state":"in:state:20"}},{"type":"Feature","geometry":{"type":"Polygon","coordinates":[[[87.4715,24.8959],[87.4746,24.8947],[87.4742,24.8998],[87.4708,24.8999],[87.4715,24.8959]]]},"properties":{"id":"in:subdistrict:x340-level-3","level":"subdistrict","name":"Level 3","code":0,"parent":"in:district:340","state":"in:state:20"}},{"type":"Feature","geometry":{"type":"MultiPolygon","coordinates":[[[[87.7526,24.9699],[87.7515,24.9767],[87.7443,24.9761],[87.7404,24.9789],[87.7414,24.9746],[87.7433,24.9726],[87.7493,24.9698],[87.7526,24.9699]]],[[[87.8145,24.9513],[87.8165,24.9511],[87.8255,24.9469],[87.8299,24.9439],[87.8283,24.9413],[87.8236,24.9414],[87.8208,24.9397],[87.813,24.9305],[87.8033,24.9169],[87.7986,24.9088],[87.7881,24.8934],[87.7919,24.8912],[87.7911,24.8872],[87.7967,24.8841],[87.8022,24.8857],[87.8065,24.8846],[87.8076,24.8826],[87.8116,24.8816],[87.8181,24.8815],[87.8212,24.879],[87.8244,24.8802],[87.8303,24.8756],[87.8328,24.8786],[87.841,24.8757],[87.8528,24.8772],[87.8568,24.8752],[87.8611,24.8745],[87.8623,24.8702],[87.8647,24.8687],[87.8736,24.8674],[87.884,24.8669],[87.8858,24.8634],[87.884,24.8603],[87.8873,24.8592],[87.8924,24.8592],[87.8947,24.8571],[87.8958,24.8573],[87.8911,24.8703],[87.8886,24.8741],[87.8852,24.8822],[87.8828,24.8858],[87.8812,24.8929],[87.879,24.9074],[87.8783,24.9145],[87.8796,24.9176],[87.8773,24.9286],[87.8746,24.9367],[87.8744,24.9392],[87.8724,24.9462],[87.8696,24.9536],[87.8647,24.9628],[87.8584,24.971],[87.8454,24.9806],[87.8416,24.9872],[87.8407,24.9874],[87.8303,24.9821],[87.8266,24.9842],[87.8264,24.9873],[87.8206,24.9907],[87.8164,24.9913],[87.8145,24.99],[87.8164,24.9874],[87.8125,24.9852],[87.8116,24.9869],[87.8083,24.9879],[87.8049,24.9856],[87.8003,24.9852],[87.7962,24.9905],[87.7911,24.9933],[87.7877,24.9938],[87.7842,24.9958],[87.7806,24.9961],[87.7768,24.9941],[87.7737,24.9795],[87.7727,24.9716],[87.7708,24.9685],[87.7667,24.9671],[87.7707,24.966],[87.7718,24.9588],[87.7783,24.9579],[87.7862,24.961],[87.7919,24.9624],[87.796,24.962],[87.7997,24.9603],[87.8031,24.9569],[87.8145,24.9513]],[[87.8175,24.986],[87.8218,24.9855],[87.8245,24.9831],[87.8256,24.9805],[87.8212,24.9794],[87.819,24.9815],[87.815,24.9819],[87.8143,24.9847],[87.8175,24.986]]]]},"properties":{"id":"in:subdistrict:2570","level":"subdistrict","name":"Udhwa","code":2570,"parent":"in:district:340","state":"in:state:20"}},{"type":"Feature","geometry":{"type":"Polygon","coordinates":[[[87.7035,24.931],[87.7013,24.931],[87.698,24.9288],[87.6984,24.9247],[87.6996,24.922],[87.6981,24.9158],[87.6994,24.9142],[87.7046,24.9111],[87.7036,24.9069],[87.7066,24.9051],[87.7031,24.9037],[87.7043,24.9005],[87.7068,24.9006],[87.7132,24.9033],[87.7178,24.9013],[87.7218,24.9023],[87.7242,24.9015],[87.7203,24.8984],[87.7166,24.8931],[87.7102,24.8874],[87.7059,24.8894],[87.7023,24.8897],[87.6986,24.8837],[87.6973,24.8797],[87.7,24.8771],[87.6999,24.8704],[87.6983,24.8656],[87.6902,24.8567],[87.6911,24.8551],[87.6887,24.853],[87.6853,24.8521],[87.682,24.85],[87.679,24.8517],[87.6758,24.8518],[87.6733,24.8504],[87.6715,24.846],[87.6726,24.8442],[87.6716,24.8416],[87.6681,24.8375],[87.6644,24.8381],[87.6598,24.8416],[87.6533,24.8361],[87.6499,24.8362],[87.6476,24.83],[87.6483,24.8264],[87.6473,24.8254],[87.647,24.8206],[87.6447,24.8185],[87.6396,24.8175],[87.6323,24.8179],[87.6261,24.8135],[87.6251,24.8111],[87.6289,24.8045],[87.6329,24.806],[87.6357,24.7992],[87.6407,24.797],[87.6413,24.7934],[87.6473,24.7928],[87.6514,24.7932],[87.6572,24.7959],[87.6599,24.7913],[87.6588,24.7894],[87.6453,24.7856],[87.6438,24.7822],[87.6396,24.7842],[87.6368,24.7841],[87.6369,24.7797],[87.6336,24.7772],[87.6308,24.7766],[87.6321,24.7723],[87.6405,24.7689],[87.6441,24.7697],[87.6506,24.7672],[87.6532,24.7687],[87.6566,24.7674],[87.6587,24.7648],[87.6613,24.7644],[87.6649,24.7604],[87.6696,24.7624],[87.6726,24.7649],[87.6771,24.7618],[87.6805,24.761],[87.6792,24.7565],[87.6853,24.753],[87.684,24.7482],[87.6886,24.7424],[87.6936,24.7464],[87.7006,24.7461],[87.7031,24.7416],[87.7061,24.7417],[87.7122,24.7379],[87.7137,24.7328],[87.7128,24.7313],[87.7162,24.7295],[87.7181,24.7307],[87.7366,24.7647],[87.7391,24.7683],[87.7414,24.776],[87.7448,24.7837],[87.746,24.7892],[87.7516,24.8111],[87.7564,24.8263],[87.7595,24.8331],[87.7608,24.8378],[87.7658,24.85],[87.7673,24.8551],[87.7727,24.8683],[87.7757,24.8768],[87.7817,24.883],[87.7828,24.8864],[87.7881,24.8934],[87.7986,24.9088],[87.8033,24.9169],[87.813,24.9305],[87.8208,24.9397],[87.8236,24.9414],[87.8283,24.9413],[87.8299,24.9439],[87.8255,24.9469],[87.8165,24.9511],[87.8145,24.9513],[87.8139,24.9492],[87.8141,24.944],[87.8114,24.9392],[87.8114,24.9363],[87.8076,24.9314],[87.8025,24.9294],[87.802,24.9258],[87.7971,24.9215],[87.7932,24.9203],[87.7932,24.9164],[87.7894,24.9143],[87.7865,24.9178],[87.7841,24.9231],[87.7826,24.9248],[87.7797,24.9245],[87.7781,24.918],[87.7807,24.9138],[87.779,24.9117],[87.778,24.9074],[87.7754,24.9087],[87.7746,24.9063],[87.7684,24.9067],[87.7624,24.9111],[87.7645,24.9128],[87.7634,24.9149],[87.7595,24.9162],[87.7575,24.915],[87.7545,24.9114],[87.7503,24.9101],[87.7464,24.907],[87.7482,24.9034],[87.7433,24.9031],[87.7392,24.904],[87.7367,24.9026],[87.736,24.9054],[87.7306,24.9053],[87.7291,24.9063],[87.7246,24.9048],[87.7195,24.9082],[87.7183,24.91],[87.7231,24.9126],[87.7256,24.9104],[87.7296,24.9086],[87.7301,24.9072],[87.7368,24.9071],[87.7392,24.9081],[87.7405,24.9104],[87.7443,24.9095],[87.7443,24.9135],[87.7383,24.9164],[87.7329,24.9165],[87.7305,24.9172],[87.723,24.9214],[87.7227,24.925],[87.7176,24.9259],[87.7191,24.9287],[87.7187,24.9307],[87.7134,24.9318],[87.7085,24.9301],[87.7035,24.931]]]},"properties":{"id":"in:subdistrict:2571","level":"subdistrict","name":"Pathna","code":2571,"parent":"in:district:340","state":"in:state:20"}},{"type":"Feature","geometry":{"type":"Polygon","coordinates":[[[87.7881,24.8934],[87.7828,24.8864],[87.7817,24.883],[87.7757,24.8768],[87.7727,24.8683],[87.7673,24.8551],[87.7658,24.85],[87.7608,24.8378],[87.7595,24.8331],[87.7564,24.8263],[87.7516,24.8111],[87.746,24.7892],[87.7448,24.7837],[87.7414,24.776],[87.7391,24.7683],[87.7366,24.7647],[87.7416,24.7642],[87.7441,24.765],[87.7447,24.7675],[87.7492,24.7678],[87.7546,24.7661],[87.7551,24.7642],[87.7533,24.762],[87.7481,24.7608],[87.7444,24.7573],[87.7447,24.7555],[87.7483,24.7539],[87.754,24.7496],[87.7588,24.747],[87.7644,24.7456],[87.7697,24.7459],[87.7744,24.7468],[87.7751,24.75],[87.7774,24.7528],[87.7843,24.7534],[87.7893,24.7501],[87.7917,24.7452],[87.7937,24.7392],[87.7963,24.7332],[87.8004,24.7285],[87.7997,24.7263],[87.7951,24.7256],[87.7948,24.7232],[87.7973,24.719],[87.7985,24.7147],[87.802,24.7165],[87.8072,24.7182],[87.8079,24.7235],[87.8072,24.7258],[87.8113,24.7268],[87.8148,24.7255],[87.8165,24.7263],[87.8228,24.7238],[87.827,24.7243],[87.8275,24.7263],[87.8337,24.7282],[87.8387,24.7264],[87.8409,24.7237],[87.8438,24.722],[87.845,24.7197],[87.8484,24.7198],[87.8509,24.722],[87.851,24.7258],[87.85,24.7282],[87.8432,24.7363],[87.8445,24.7404],[87.843,24.74],[87.8411,24.7436],[87.8367,24.7462],[87.8346,24.7489],[87.8322,24.7488],[87.8313,24.7528],[87.8284,24.7551],[87.8229,24.7548],[87.8166,24.7581],[87.8172,24.7616],[87.8203,24.7653],[87.8227,24.7696],[87.8245,24.7705],[87.8298,24.7695],[87.8313,24.7747],[87.8316,24.7825],[87.8332,24.7887],[87.8357,24.79],[87.8407,24.7894],[87.8421,24.7857],[87.8402,24.7778],[87.836,24.7783],[87.8361,24.7682],[87.8378,24.7678],[87.8433,24.7686],[87.8479,24.7635],[87.8504,24.762],[87.8542,24.7627],[87.8575,24.7656],[87.8594,24.7661],[87.8612,24.7694],[87.8654,24.7717],[87.8659,24.7735],[87.8692,24.775],[87.8701,24.7787],[87.8668,24.779],[87.8687,24.7841],[87.8686,24.7886],[87.8708,24.7906],[87.8696,24.7931],[87.8726,24.7956],[87.8752,24.7948],[87.8744,24.7908],[87.8778,24.7894],[87.8792,24.7917],[87.8784,24.796],[87.8807,24.7983],[87.8816,24.8054],[87.8809,24.8076],[87.8746,24.8084],[87.8755,24.8131],[87.8744,24.8137],[87.8744,24.818],[87.8702,24.8203],[87.8691,24.8246],[87.8751,24.8258],[87.8749,24.823],[87.8765,24.8219],[87.8812,24.8238],[87.8828,24.8295],[87.8844,24.8284],[87.8826,24.8233],[87.8844,24.8232],[87.8855,24.8281],[87.8881,24.8236],[87.8904,24.8269],[87.8962,24.8229],[87.9003,24.8241],[87.9009,24.8278],[87.8978,24.8277],[87.896,24.8307],[87.8983,24.8385],[87.899,24.8426],[87.8981,24.8465],[87.8959,24.8499],[87.8939,24.8497],[87.8913,24.856],[87.8947,24.8571],[87.8924,24.8592],[87.8873,24.8592],[87.884,24.8603],[87.8858,24.8634],[87.884,24.8669],[87.8736,24.8674],[87.8647,24.8687],[87.8623,24.8702],[87.8611,24.8745],[87.8568,24.8752],[87.8528,24.8772],[87.841,24.8757],[87.8328,24.8786],[87.8303,24.8756],[87.8244,24.8802],[87.8212,24.879],[87.8181,24.8815],[87.8116,24.8816],[87.8076,24.8826],[87.8065,24.8846],[87.8022,24.8857],[87.7967,24.8841],[87.7911,24.8872],[87.7919,24.8912],[87.7881,24.8934]]]},"properties":{"id":"in:subdistrict:2572","level":"subdistrict","name":"Barharwa","code":2572,"parent":"in:district:340","state":"in:state:20"}},{"type":"Feature","geometry":{"type":"MultiPolygon","coordinates":[[[[87.8175,24.986],[87.8143,24.9847],[87.815,24.9819],[87.819,24.9815],[87.8212,24.9794],[87.8256,24.9805],[87.8245,24.9831],[87.8218,24.9855],[87.8175,24.986]]],[[[87.7514,25.2117],[87.7515,25.2033],[87.7541,25.1975],[87.7552,25.1913],[87.7598,25.1813],[87.761,25.1772],[87.7641,25.1722],[87.7655,25.1679],[87.7666,25.1619],[87.7723,25.1565],[87.7724,25.1494],[87.7702,25.1459],[87.7656,25.1426],[87.7581,25.1357],[87.7547,25.1336],[87.7516,25.1304],[87.7523,25.1268],[87.7603,25.1272],[87.7566,25.1186],[87.7555,25.1118],[87.7512,25.1114],[87.7508,25.1019],[87.7478,25.0907],[87.7437,25.091],[87.7418,25.0832],[87.7426,25.0792],[87.7422,25.0741],[87.7402,25.0713],[87.7327,25.0673],[87.7354,25.0661],[87.7422,25.0654],[87.743,25.0595],[87.7409,25.052],[87.7313,25.0325],[87.7285,25.0244],[87.7236,25.0055],[87.7219,24.9978],[87.722,24.9961],[87.728,24.9929],[87.7453,24.9847],[87.7404,24.9789],[87.7443,24.9761],[87.7515,24.9767],[87.7526,24.9699],[87.7553,24.9688],[87.7645,24.9634],[87.7667,24.9671],[87.7708,24.9685],[87.7727,24.9716],[87.7737,24.9795],[87.7768,24.9941],[87.7806,24.9961],[87.7842,24.9958],[87.7877,24.9938],[87.7911,24.9933],[87.7962,24.9905],[87.8003,24.9852],[87.8049,24.9856],[87.8083,24.9879],[87.8116,24.9869],[87.8125,24.9852],[87.8164,24.9874],[87.8145,24.99],[87.8164,24.9913],[87.8206,24.9907],[87.8264,24.9873],[87.8266,24.9842],[87.8303,24.9821],[87.8407,24.9874],[87.8416,24.9872],[87.8454,24.9806],[87.8584,24.971],[87.8647,24.9628],[87.8696,24.9536],[87.8724,24.9462],[87.8744,24.9392],[87.8746,24.9367],[87.8773,24.9286],[87.8796,24.9176],[87.8783,24.9145],[87.879,24.9074],[87.8812,24.8929],[87.8828,24.8858],[87.8852,24.8822],[87.8886,24.8741],[87.8911,24.8703],[87.8958,24.8573],[87.8967,24.8578],[87.8968,24.8609],[87.9033,24.8676],[87.9101,24.8747],[87.9154,24.8832],[87.9233,24.8896],[87.9332,24.8956],[87.9397,24.8981],[87.9498,24.9049],[87.9537,24.909],[87.955,24.9133],[87.9608,24.9221],[87.9595,24.9278],[87.9628,24.9345],[87.9616,24.9429],[87.959,24.9508],[87.959,24.9578],[87.9583,24.9607],[87.9584,24.9669],[87.9578,24.9709],[87.9533,24.9771],[87.9494,24.9809],[87.9448,24.9841],[87.9415,24.9898],[87.9395,24.9914],[87.9363,24.9928],[87.9319,24.996],[87.9227,25.0006],[87.9146,25.0018],[87.9059,25.0039],[87.8994,25.0068],[87.8886,25.0177],[87.873,25.0378],[87.8652,25.0459],[87.8573,25.0546],[87.8487,25.0594],[87.8291,25.0668],[87.8136,25.0707],[87.808,25.0716],[87.8045,25.0745],[87.8024,25.0829],[87.7929,25.0953],[87.7897,25.1044],[87.7837,25.1115],[87.779,25.1177],[87.7744,25.1214],[87.7735,25.1255],[87.7738,25.1361],[87.7744,25.1441],[87.7761,25.1498],[87.7809,25.1685],[87.7826,25.1764],[87.7878,25.1913],[87.7891,25.2001],[87.7906,25.218],[87.7908,25.2344],[87.79,25.2398],[87.7866,25.2474],[87.7799,25.247],[87.7732,25.2471],[87.7646,25.2515],[87.7521,25.2522],[87.7484,25.2536],[87.7316,25.2554],[87.736,25.2532],[87.7371,25.2511],[87.734,25.2475],[87.7399,25.2375],[87.7424,25.2289],[87.7448,25.2239],[87.746,25.2198],[87.7489,25.2159],[87.7516,25.2137],[87.7514,25.2117]]]]},"properties":{"id":"in:subdistrict:2569","level":"subdistrict","name":"Rajmahal","code":2569,"parent":"in:district:340","state":"in:state:20"}},{"type":"Feature","geometry":{"type":"Polygon","coordinates":[[[87.7985,24.7147],[87.8002,24.7134],[87.7984,24.708],[87.7929,24.7049],[87.7902,24.7013],[87.7904,24.6971],[87.7925,24.6912],[87.7897,24.6873],[87.7881,24.6872],[87.7875,24.6816],[87.785,24.6799],[87.7885,24.6734],[87.7885,24.6711],[87.7832,24.6641],[87.774,24.6584],[87.7726,24.6561],[87.775,24.6539],[87.7757,24.6493],[87.7736,24.6426],[87.775,24.6395],[87.7746,24.6353],[87.773,24.6312],[87.775,24.6283],[87.7751,24.6252],[87.7722,24.6195],[87.7725,24.6163],[87.7762,24.6122],[87.7763,24.6097],[87.7721,24.6023],[87.769,24.599],[87.7652,24.597],[87.7652,24.5925],[87.7637,24.5899],[87.7608,24.5882],[87.7583,24.5884],[87.7583,24.5847],[87.7617,24.5826],[87.7708,24.5836],[87.7732,24.5831],[87.7921,24.5832],[87.7944,24.5814],[87.7982,24.5803],[87.8061,24.5797],[87.8122,24.5786],[87.8181,24.5726],[87.8249,24.5695],[87.8254,24.5676],[87.8239,24.5647],[87.8243,24.5615],[87.8275,24.558],[87.8328,24.5581],[87.8408,24.5598],[87.8441,24.5574],[87.8479,24.5573],[87.848,24.5551],[87.8511,24.5546],[87.8539,24.5594],[87.8609,24.5569],[87.8694,24.556],[87.8699,24.5581],[87.869,24.5642],[87.8786,24.5643],[87.8818,24.5653],[87.8887,24.5649],[87.8898,24.5656],[87.8917,24.5687],[87.8917,24.5835],[87.8977,24.5849],[87.9011,24.5894],[87.9064,24.5887],[87.9133,24.5935],[87.914,24.5966],[87.9129,24.6008],[87.9113,24.601],[87.9109,24.6079],[87.9108,24.6104],[87.8925,24.6097],[87.8923,24.6063],[87.8873,24.6078],[87.885,24.6113],[87.8829,24.6122],[87.8784,24.6121],[87.876,24.6146],[87.8788,24.6181],[87.8817,24.6169],[87.8868,24.617],[87.89,24.6145],[87.8927,24.6135],[87.8962,24.6143],[87.9027,24.6143],[87.906,24.615],[87.906,24.6196],[87.9026,24.6192],[87.9,24.6202],[87.9006,24.6265],[87.8922,24.6259],[87.8886,24.6263],[87.8879,24.6303],[87.8918,24.6341],[87.8954,24.633],[87.9004,24.6337],[87.9037,24.6316],[87.9061,24.6312],[87.9099,24.6314],[87.9113,24.638],[87.9141,24.6377],[87.9126,24.6418],[87.9109,24.6534],[87.9163,24.6583],[87.9173,24.6625],[87.9166,24.6658],[87.9084,24.6672],[87.909,24.67],[87.9048,24.6724],[87.8971,24.6725],[87.8907,24.6752],[87.8877,24.68],[87.8901,24.6835],[87.8931,24.6847],[87.8941,24.687],[87.8981,24.6883],[87.9011,24.6941],[87.9026,24.7027],[87.9029,24.7051],[87.8999,24.7052],[87.9003,24.7101],[87.9033,24.7146],[87.9072,24.715],[87.9073,24.7221],[87.9044,24.7224],[87.9049,24.725],[87.8986,24.7237],[87.8923,24.7255],[87.8885,24.7284],[87.8889,24.7337],[87.8855,24.7391],[87.883,24.7413],[87.8794,24.7404],[87.8741,24.7321],[87.8675,24.7329],[87.8656,24.732],[87.863,24.7345],[87.8606,24.7338],[87.8572,24.7363],[87.8484,24.7403],[87.8445,24.7404],[87.8432,24.7363],[87.85,24.7282],[87.851,24.7258],[87.8509,24.722],[87.8484,24.7198],[87.845,24.7197],[87.8438,24.722],[87.8409,24.7237],[87.8387,24.7264],[87.8337,24.7282],[87.8275,24.7263],[87.827,24.7243],[87.8228,24.7238],[87.8165,24.7263],[87.8148,24.7255],[87.8113,24.7268],[87.8072,24.7258],[87.8079,24.7235],[87.8072,24.7182],[87.802,24.7165],[87.7985,24.7147]]]},"properties":{"id":"in:subdistrict:2576","level":"subdistrict","name":"Pakaur","code":2576,"parent":"in:district:337","state":"in:state:20"}},{"type":"Feature","geometry":{"type":"Polygon","coordinates":[[[87.6403,24.2538],[87.635,24.2555],[87.6319,24.2553],[87.6271,24.2577],[87.6143,24.2573],[87.6087,24.255],[87.602,24.2573],[87.5942,24.2577],[87.5909,24.2564],[87.5879,24.2528],[87.5865,24.256],[87.5835,24.2567],[87.58,24.2577],[87.5769,24.254],[87.5717,24.2539],[87.5665,24.2527],[87.5643,24.2515],[87.5593,24.2516],[87.5543,24.2493],[87.5513,24.2526],[87.5523,24.2574],[87.5468,24.2583],[87.5448,24.2594],[87.5383,24.2665],[87.5358,24.2668],[87.5337,24.2688],[87.5337,24.2732],[87.5355,24.2765],[87.5391,24.2789],[87.5458,24.2806],[87.5459,24.2831],[87.543,24.2834],[87.5405,24.282],[87.5359,24.282],[87.5331,24.2834],[87.53,24.2874],[87.5317,24.2945],[87.5267,24.2939],[87.5224,24.2915],[87.5178,24.2916],[87.5129,24.2929],[87.5105,24.2951],[87.5081,24.2991],[87.5028,24.2966],[87.4991,24.2941],[87.4966,24.2906],[87.4905,24.2861],[87.4825,24.2902],[87.4794,24.2899],[87.4762,24.2878],[87.4732,24.2877],[87.4697,24.2834],[87.466,24.2806],[87.4644,24.2814],[87.4623,24.285],[87.4581,24.2856],[87.4503,24.284],[87.4404,24.2862],[87.4369,24.2875],[87.4338,24.2871],[87.4269,24.2826],[87.4221,24.2801],[87.4187,24.2801],[87.4107,24.2816],[87.408,24.2782],[87.4008,24.2744],[87.3956,24.2724],[87.3956,24.2691],[87.3912,24.2676],[87.3892,24.2624],[87.3844,24.2566],[87.3814,24.2508],[87.3793,24.2501],[87.3754,24.2455],[87.3721,24.2426],[87.3706,24.2399],[87.365,24.2392],[87.3625,24.24],[87.36,24.2423],[87.3535,24.2386],[87.3446,24.2405],[87.3406,24.2386],[87.3404,24.2345],[87.3387,24.2306],[87.3386,24.2282],[87.3365,24.2268],[87.329,24.2282],[87.3256,24.2282],[87.3236,24.2248],[87.3197,24.2262],[87.3175,24.2248],[87.3146,24.2255],[87.3064,24.2249],[87.3032,24.2226],[87.3025,24.2202],[87.3002,24.2175],[87.3002,24.2131],[87.299,24.2124],[87.2961,24.2041],[87.2992,24.202],[87.2959,24.1941],[87.2966,24.1916],[87.3032,24.1872],[87.307,24.1857],[87.3113,24.1822],[87.3153,24.1769],[87.3217,24.1783],[87.3241,24.1806],[87.3262,24.184],[87.3309,24.1843],[87.3384,24.1871],[87.3506,24.1831],[87.3495,24.1777],[87.3507,24.1732],[87.3606,24.1725],[87.3608,24.1768],[87.3664,24.1762],[87.3716,24.1747],[87.3744,24.1786],[87.3765,24.1783],[87.38,24.1819],[87.3818,24.1851],[87.3854,24.1849],[87.3901,24.1866],[87.3937,24.1887],[87.3956,24.1865],[87.4001,24.1851],[87.4059,24.186],[87.407,24.1901],[87.4102,24.1953],[87.4137,24.1974],[87.4147,24.1993],[87.4233,24.201],[87.4266,24.1993],[87.4302,24.1997],[87.4324,24.202],[87.4372,24.2018],[87.4392,24.2069],[87.4415,24.2083],[87.4421,24.2116],[87.4471,24.2133],[87.4521,24.2131],[87.4567,24.2095],[87.4551,24.2066],[87.4542,24.2015],[87.4553,24.1944],[87.4548,24.1868],[87.4562,24.1832],[87.4586,24.1825],[87.4622,24.1784],[87.467,24.1793],[87.4682,24.1773],[87.4677,24.1727],[87.4655,24.1687],[87.4664,24.1667],[87.4641,24.1633],[87.4639,24.1575],[87.4665,24.1528],[87.469,24.1505],[87.472,24.1494],[87.4714,24.1468],[87.4743,24.1443],[87.4751,24.1392],[87.4765,24.1361],[87.4732,24.1334],[87.474,24.129],[87.4781,24.122],[87.4817,24.121],[87.4854,24.1182],[87.49,24.1185],[87.4964,24.1139],[87.4976,24.119],[87.5042,24.1144],[87.5082,24.1137],[87.5106,24.1122],[87.5138,24.1123],[87.5166,24.1143],[87.5228,24.1131],[87.5248,24.1088],[87.5273,24.1066],[87.5322,24.1084],[87.5333,24.1069],[87.5326,24.104],[87.5331,24.0998],[87.536,24.0953],[87.5396,24.0938],[87.5424,24.0912],[87.5431,24.0861],[87.545,24.0852],[87.5482,24.086],[87.5535,24.0889],[87.5564,24.0871],[87.5572,24.084],[87.5602,24.0821],[87.5709,24.0884],[87.5768,24.087],[87.5803,24.0869],[87.5757,24.0985],[87.5743,24.1002],[87.5751,24.1034],[87.5746,24.1089],[87.5771,24.1124],[87.5826,24.1131],[87.5842,24.1155],[87.5849,24.1196],[87.5871,24.1239],[87.591,24.127],[87.5956,24.1262],[87.5971,24.128],[87.6011,24.1273],[87.6078,24.1309],[87.605,24.1329],[87.5978,24.1397],[87.5945,24.1423],[87.5939,24.1453],[87.5896,24.1477],[87.5857,24.1517],[87.583,24.1523],[87.5771,24.1565],[87.5743,24.1602],[87.5771,24.1615],[87.5804,24.1594],[87.5814,24.1625],[87.5838,24.1643],[87.5858,24.1641],[87.5872,24.1617],[87.5927,24.1603],[87.5957,24.1613],[87.5974,24.1604],[87.601,24.1612],[87.6025,24.1603],[87.6068,24.1609],[87.6066,24.164],[87.6085,24.1658],[87.6131,24.1645],[87.6157,24.1661],[87.622,24.1634],[87.6255,24.165],[87.6283,24.1639],[87.6312,24.1644],[87.6322,24.1605],[87.6401,24.1572],[87.642,24.1531],[87.6492,24.1542],[87.653,24.156],[87.6571,24.1565],[87.6595,24.1577],[87.6643,24.1576],[87.6664,24.1538],[87.6684,24.1546],[87.6734,24.1515],[87.6756,24.1519],[87.6795,24.1482],[87.6822,24.151],[87.6856,24.15],[87.6888,24.1517],[87.6944,24.1502],[87.6945,24.1529],[87.697,24.1597],[87.6957,24.1618],[87.6977,24.1689],[87.7016,24.1758],[87.7026,24.1806],[87.699,24.1806],[87.699,24.1841],[87.697,24.1883],[87.6857,24.1896],[87.6841,24.1914],[87.6799,24.1933],[87.6763,24.1937],[87.6773,24.1986],[87.6759,24.1998],[87.676,24.208],[87.6712,24.2089],[87.6693,24.2101],[87.6673,24.2068],[87.6612,24.2094],[87.6578,24.2097],[87.6543,24.2077],[87.6472,24.2112],[87.6386,24.214],[87.6378,24.2172],[87.6458,24.2247],[87.6465,24.2259],[87.6448,24.2297],[87.6466,24.2315],[87.6456,24.2344],[87.6422,24.2361],[87.6352,24.2361],[87.6333,24.237],[87.6349,24.2428],[87.6371,24.2442],[87.6407,24.2488],[87.6403,24.2538]]]},"properties":{"id":"in:subdistrict:2671","level":"subdistrict","name":"Shikaripara","code":2671,"parent":"in:district:326","state":"in:state:20"}},{"type":"Feature","geometry":{"type":"Polygon","coordinates":[[[87.5835,24.2567],[87.5866,24.2695],[87.5877,24.2918],[87.5897,24.3226],[87.5871,24.3327],[87.5828,24.3321],[87.5825,24.3283],[87.5796,24.3287],[87.5765,24.3277],[87.5709,24.328],[87.5666,24.329],[87.558,24.3242],[87.5552,24.3251],[87.5541,24.3235],[87.5494,24.323],[87.5404,24.3257],[87.534,24.327],[87.5292,24.3295],[87.5283,24.3319],[87.534,24.3387],[87.5329,24.3424],[87.5322,24.3489],[87.531,24.3524],[87.5273,24.3522],[87.5267,24.3553],[87.5245,24.3567],[87.5263,24.3604],[87.5235,24.3627],[87.5195,24.3634],[87.5175,24.3612],[87.5142,24.361],[87.5094,24.3625],[87.5109,24.3642],[87.5105,24.3683],[87.5052,24.3679],[87.5061,24.3703],[87.5048,24.3758],[87.5116,24.377],[87.5133,24.3795],[87.5119,24.3826],[87.5059,24.3846],[87.5012,24.381],[87.4998,24.3829],[87.496,24.3821],[87.4937,24.3877],[87.4941,24.3943],[87.4929,24.3995],[87.4897,24.4005],[87.4849,24.3985],[87.4836,24.3938],[87.4805,24.3967],[87.4772,24.3976],[87.4775,24.4045],[87.4753,24.4066],[87.4718,24.4077],[87.4705,24.4108],[87.465,24.4153],[87.4652,24.4202],[87.4671,24.4221],[87.465,24.4238],[87.461,24.4226],[87.4576,24.4291],[87.4554,24.4291],[87.454,24.4336],[87.4522,24.4365],[87.4492,24.439],[87.4493,24.4407],[87.4531,24.446],[87.4568,24.4458],[87.4595,24.4529],[87.4567,24.455],[87.4575,24.4578],[87.457,24.4618],[87.4592,24.4659],[87.4628,24.4686],[87.4628,24.4628],[87.4647,24.46],[87.4695,24.4599],[87.4701,24.4647],[87.4689,24.4669],[87.4734,24.4708],[87.4735,24.4718],[87.4687,24.4785],[87.4691,24.4809],[87.4647,24.4952],[87.4624,24.499],[87.4587,24.5025],[87.4543,24.509],[87.4505,24.5039],[87.4474,24.4965],[87.4477,24.4929],[87.4431,24.4892],[87.4423,24.4853],[87.4402,24.484],[87.4363,24.4856],[87.4341,24.4881],[87.4287,24.4912],[87.426,24.4914],[87.4245,24.4875],[87.4253,24.4857],[87.4238,24.4815],[87.4206,24.4827],[87.4129,24.4827],[87.4079,24.4822],[87.4035,24.4832],[87.4034,24.4864],[87.4016,24.4928],[87.3894,24.4923],[87.3845,24.493],[87.3794,24.4896],[87.3786,24.4857],[87.3802,24.4816],[87.3792,24.4794],[87.3799,24.4762],[87.3838,24.4742],[87.3828,24.4703],[87.3795,24.4632],[87.3771,24.4608],[87.375,24.4615],[87.3733,24.4642],[87.3682,24.4681],[87.3658,24.4664],[87.3672,24.4602],[87.3668,24.453],[87.3672,24.4498],[87.365,24.4484],[87.3634,24.4456],[87.364,24.4397],[87.3628,24.4345],[87.3646,24.4324],[87.3692,24.4314],[87.3681,24.4404],[87.3743,24.4391],[87.3786,24.4395],[87.3783,24.4364],[87.3797,24.4329],[87.3814,24.4317],[87.382,24.426],[87.3833,24.4237],[87.3789,24.4236],[87.3778,24.4256],[87.3731,24.4274],[87.3757,24.4241],[87.3749,24.4194],[87.3787,24.4144],[87.3781,24.4117],[87.38,24.4074],[87.3764,24.4078],[87.3724,24.4043],[87.3693,24.4047],[87.3699,24.3988],[87.3682,24.3945],[87.3627,24.3867],[87.3556,24.388],[87.3516,24.3833],[87.3489,24.3821],[87.3474,24.3795],[87.349,24.3765],[87.3492,24.3725],[87.3474,24.3642],[87.3453,24.3591],[87.3427,24.355],[87.342,24.3507],[87.3445,24.3448],[87.3428,24.3427],[87.3443,24.3354],[87.3433,24.3321],[87.3457,24.3242],[87.3472,24.3221],[87.3514,24.3211],[87.3522,24.3184],[87.3562,24.3168],[87.3613,24.318],[87.3632,24.3158],[87.3683,24.3182],[87.3713,24.317],[87.3734,24.3144],[87.3756,24.3086],[87.3754,24.3058],[87.372,24.3034],[87.3732,24.2992],[87.3753,24.2964],[87.3766,24.2915],[87.3835,24.2864],[87.3862,24.2868],[87.3878,24.2854],[87.3925,24.2848],[87.396,24.2835],[87.4001,24.2834],[87.4031,24.2846],[87.4107,24.2816],[87.4187,24.2801],[87.4221,24.2801],[87.4269,24.2826],[87.4338,24.2871],[87.4369,24.2875],[87.4404,24.2862],[87.4503,24.284],[87.4581,24.2856],[87.4623,24.285],[87.4644,24.2814],[87.466,24.2806],[87.4697,24.2834],[87.4732,24.2877],[87.4762,24.2878],[87.4794,24.2899],[87.4825,24.2902],[87.4905,24.2861],[87.4966,24.2906],[87.4991,24.2941],[87.5028,24.2966],[87.5081,24.2991],[87.5105,24.2951],[87.5129,24.2929],[87.5178,24.2916],[87.5224,24.2915],[87.5267,24.2939],[87.5317,24.2945],[87.53,24.2874],[87.5331,24.2834],[87.5359,24.282],[87.5405,24.282],[87.543,24.2834],[87.5459,24.2831],[87.5458,24.2806],[87.5391,24.2789],[87.5355,24.2765],[87.5337,24.2732],[87.5337,24.2688],[87.5358,24.2668],[87.5383,24.2665],[87.5448,24.2594],[87.5468,24.2583],[87.5523,24.2574],[87.5513,24.2526],[87.5543,24.2493],[87.5593,24.2516],[87.5643,24.2515],[87.5665,24.2527],[87.5717,24.2539],[87.5769,24.254],[87.58,24.2577],[87.5835,24.2567]]]},"properties":{"id":"in:subdistrict:2670","level":"subdistrict","name":"Kathikund","code":2670,"parent":"in:district:326","state":"in:state:20"}},{"type":"Feature","geometry":{"type":"Polygon","coordinates":[[[87.5871,24.3327],[87.5795,24.3593],[87.5712,24.3861],[87.57,24.4404],[87.5694,24.4573],[87.5688,24.4727],[87.5683,24.4973],[87.5693,24.5007],[87.5766,24.5067],[87.5731,24.5073],[87.5711,24.5092],[87.571,24.514],[87.5679,24.5202],[87.5651,24.5231],[87.5625,24.5234],[87.5551,24.5195],[87.551,24.5206],[87.5483,24.5192],[87.5442,24.5145],[87.5423,24.5091],[87.5403,24.5075],[87.5367,24.5075],[87.5334,24.5094],[87.5337,24.5128],[87.5279,24.514],[87.5243,24.5133],[87.5149,24.5175],[87.5121,24.5203],[87.5021,24.5244],[87.4991,24.5285],[87.4969,24.529],[87.4941,24.5276],[87.4909,24.5288],[87.4809,24.5288],[87.4787,24.5233],[87.4761,24.5226],[87.4726,24.5238],[87.4628,24.5231],[87.4587,24.5187],[87.4569,24.518],[87.4543,24.5203],[87.451,24.5197],[87.4462,24.5162],[87.4429,24.5165],[87.439,24.5182],[87.4364,24.5177],[87.4318,24.5129],[87.4289,24.5156],[87.4253,24.515],[87.4231,24.5131],[87.4206,24.5087],[87.4115,24.5054],[87.4067,24.5066],[87.3979,24.5006],[87.3935,24.5028],[87.387,24.5014],[87.3827,24.5028],[87.3808,24.502],[87.3733,24.5045],[87.3702,24.4995],[87.367,24.4972],[87.3667,24.4778],[87.3658,24.4664],[87.3682,24.4681],[87.3733,24.4642],[87.375,24.4615],[87.3771,24.4608],[87.3795,24.4632],[87.3828,24.4703],[87.3838,24.4742],[87.3799,24.4762],[87.3792,24.4794],[87.3802,24.4816],[87.3786,24.4857],[87.3794,24.4896],[87.3845,24.493],[87.3894,24.4923],[87.4016,24.4928],[87.4034,24.4864],[87.4035,24.4832],[87.4079,24.4822],[87.4129,24.4827],[87.4206,24.4827],[87.4238,24.4815],[87.4253,24.4857],[87.4245,24.4875],[87.426,24.4914],[87.4287,24.4912],[87.4341,24.4881],[87.4363,24.4856],[87.4402,24.484],[87.4423,24.4853],[87.4431,24.4892],[87.4477,24.4929],[87.4474,24.4965],[87.4505,24.5039],[87.4543,24.509],[87.4587,24.5025],[87.4624,24.499],[87.4647,24.4952],[87.4691,24.4809],[87.4687,24.4785],[87.4735,24.4718],[87.4734,24.4708],[87.4689,24.4669],[87.4701,24.4647],[87.4695,24.4599],[87.4647,24.46],[87.4628,24.4628],[87.4628,24.4686],[87.4592,24.4659],[87.457,24.4618],[87.4575,24.4578],[87.4567,24.455],[87.4595,24.4529],[87.4568,24.4458],[87.4531,24.446],[87.4493,24.4407],[87.4492,24.439],[87.4522,24.4365],[87.454,24.4336],[87.4554,24.4291],[87.4576,24.4291],[87.461,24.4226],[87.465,24.4238],[87.4671,24.4221],[87.4652,24.4202],[87.465,24.4153],[87.4705,24.4108],[87.4718,24.4077],[87.4753,24.4066],[87.4775,24.4045],[87.4772,24.3976],[87.4805,24.3967],[87.4836,24.3938],[87.4849,24.3985],[87.4897,24.4005],[87.4929,24.3995],[87.4941,24.3943],[87.4937,24.3877],[87.496,24.3821],[87.4998,24.3829],[87.5012,24.381],[87.5059,24.3846],[87.5119,24.3826],[87.5133,24.3795],[87.5116,24.377],[87.5048,24.3758],[87.5061,24.3703],[87.5052,24.3679],[87.5105,24.3683],[87.5109,24.3642],[87.5094,24.3625],[87.5142,24.361],[87.5175,24.3612],[87.5195,24.3634],[87.5235,24.3627],[87.5263,24.3604],[87.5245,24.3567],[87.5267,24.3553],[87.5273,24.3522],[87.531,24.3524],[87.5322,24.3489],[87.5329,24.3424],[87.534,24.3387],[87.5283,24.3319],[87.5292,24.3295],[87.534,24.327],[87.5404,24.3257],[87.5494,24.323],[87.5541,24.3235],[87.5552,24.3251],[87.558,24.3242],[87.5666,24.329],[87.5709,24.328],[87.5765,24.3277],[87.5796,24.3287],[87.5825,24.3283],[87.5828,24.3321],[87.5871,24.3327]]]},"properties":{"id":"in:subdistrict:2669","level":"subdistrict","name":"Gopikandar","code":2669,"parent":"in:district:326","state":"in:state:20"}},{"type":"Feature","geometry":{"type":"Polygon","coordinates":[[[87.6875,24.2467],[87.6867,24.2509],[87.6892,24.2533],[87.6904,24.2579],[87.6926,24.2578],[87.6978,24.2603],[87.6999,24.2627],[87.704,24.261],[87.7066,24.2622],[87.7088,24.2673],[87.7094,24.2716],[87.707,24.2758],[87.7097,24.2809],[87.7133,24.284],[87.7127,24.2911],[87.714,24.2944],[87.7246,24.2909],[87.7287,24.2884],[87.7323,24.2917],[87.7376,24.2937],[87.7375,24.2958],[87.7406,24.2972],[87.7431,24.2968],[87.7474,24.2992],[87.7466,24.3019],[87.7491,24.3054],[87.7518,24.3064],[87.7549,24.3103],[87.7616,24.3085],[87.763,24.313],[87.7628,24.3208],[87.7642,24.3223],[87.7628,24.3258],[87.7583,24.3287],[87.7525,24.3298],[87.7497,24.3318],[87.746,24.3327],[87.7442,24.3348],[87.7479,24.337],[87.7479,24.3399],[87.7523,24.345],[87.7514,24.3475],[87.745,24.3535],[87.7431,24.3545],[87.7382,24.3544],[87.7358,24.3555],[87.7319,24.3586],[87.7312,24.3628],[87.7342,24.3713],[87.7359,24.381],[87.7322,24.382],[87.7252,24.3803],[87.7251,24.3834],[87.7224,24.3848],[87.7199,24.3842],[87.7161,24.3857],[87.7097,24.3868],[87.7037,24.3893],[87.6999,24.3938],[87.6956,24.3912],[87.6934,24.3908],[87.6885,24.3929],[87.6843,24.3963],[87.679,24.3958],[87.6738,24.3928],[87.6723,24.391],[87.6668,24.3897],[87.6618,24.3894],[87.6609,24.3905],[87.6624,24.3984],[87.6649,24.4013],[87.665,24.4048],[87.6592,24.4086],[87.6585,24.4102],[87.6611,24.4133],[87.6647,24.4148],[87.6602,24.4174],[87.6611,24.4206],[87.6563,24.4212],[87.6535,24.4208],[87.6508,24.4188],[87.646,24.4215],[87.6395,24.4176],[87.6353,24.416],[87.632,24.4158],[87.6272,24.4218],[87.6222,24.4219],[87.6186,24.4237],[87.6174,24.4254],[87.6128,24.4281],[87.6111,24.4301],[87.6069,24.4314],[87.6035,24.4339],[87.6053,24.4363],[87.6067,24.4476],[87.6057,24.4499],[87.6023,24.4511],[87.5983,24.4547],[87.5906,24.4542],[87.5884,24.4552],[87.5864,24.4586],[87.5865,24.4628],[87.5823,24.4632],[87.5789,24.4655],[87.5749,24.4603],[87.5711,24.4574],[87.5694,24.4573],[87.57,24.4404],[87.5712,24.3861],[87.5795,24.3593],[87.5871,24.3327],[87.5897,24.3226],[87.5877,24.2918],[87.5866,24.2695],[87.5835,24.2567],[87.5865,24.256],[87.5879,24.2528],[87.5909,24.2564],[87.5942,24.2577],[87.602,24.2573],[87.6087,24.255],[87.6143,24.2573],[87.6271,24.2577],[87.6319,24.2553],[87.635,24.2555],[87.6403,24.2538],[87.6466,24.2519],[87.6494,24.2494],[87.6515,24.246],[87.653,24.2409],[87.6565,24.2367],[87.6592,24.2361],[87.6628,24.2384],[87.6622,24.2449],[87.6639,24.2457],[87.6723,24.2436],[87.6747,24.2487],[87.6783,24.249],[87.6868,24.2464],[87.6875,24.2467]]]},"properties":{"id":"in:subdistrict:2578","level":"subdistrict","name":"Pakuria","code":2578,"parent":"in:district:337","state":"in:state:20"}},{"type":"Feature","geometry":{"type":"Polygon","coordinates":[[[87.7617,24.5826],[87.7536,24.5814],[87.7427,24.5808],[87.7348,24.5837],[87.7308,24.5827],[87.7256,24.5856],[87.7209,24.5871],[87.7148,24.5843],[87.7076,24.586],[87.7005,24.5892],[87.6981,24.5914],[87.695,24.5901],[87.69,24.5903],[87.6857,24.5919],[87.6768,24.5916],[87.6716,24.5931],[87.6692,24.584],[87.6678,24.5821],[87.6613,24.5775],[87.6525,24.5698],[87.644,24.5633],[87.6379,24.5575],[87.6312,24.5532],[87.6268,24.548],[87.6221,24.5441],[87.6163,24.5404],[87.6072,24.5329],[87.6027,24.5287],[87.5948,24.5229],[87.5859,24.5137],[87.5831,24.5103],[87.5766,24.5067],[87.5693,24.5007],[87.5683,24.4973],[87.5688,24.4727],[87.5694,24.4573],[87.5711,24.4574],[87.5749,24.4603],[87.5789,24.4655],[87.5823,24.4632],[87.5865,24.4628],[87.5864,24.4586],[87.5884,24.4552],[87.5906,24.4542],[87.5983,24.4547],[87.6023,24.4511],[87.6057,24.4499],[87.6067,24.4476],[87.6053,24.4363],[87.6035,24.4339],[87.6069,24.4314],[87.6111,24.4301],[87.6128,24.4281],[87.6174,24.4254],[87.6186,24.4237],[87.6222,24.4219],[87.6272,24.4218],[87.632,24.4158],[87.6353,24.416],[87.6395,24.4176],[87.646,24.4215],[87.6508,24.4188],[87.6535,24.4208],[87.6563,24.4212],[87.6611,24.4206],[87.6602,24.4174],[87.6647,24.4148],[87.6611,24.4133],[87.6585,24.4102],[87.6592,24.4086],[87.665,24.4048],[87.6649,24.4013],[87.6624,24.3984],[87.6609,24.3905],[87.6618,24.3894],[87.6668,24.3897],[87.6723,24.391],[87.6738,24.3928],[87.679,24.3958],[87.6843,24.3963],[87.6885,24.3929],[87.6934,24.3908],[87.6956,24.3912],[87.6999,24.3938],[87.7037,24.3893],[87.7097,24.3868],[87.7161,24.3857],[87.7199,24.3842],[87.7224,24.3848],[87.7251,24.3834],[87.7252,24.3803],[87.7322,24.382],[87.7359,24.381],[87.7342,24.3713],[87.7312,24.3628],[87.7319,24.3586],[87.7358,24.3555],[87.7382,24.3544],[87.7431,24.3545],[87.745,24.3535],[87.7514,24.3475],[87.7523,24.345],[87.7479,24.3399],[87.7479,24.337],[87.7442,24.3348],[87.746,24.3327],[87.7497,24.3318],[87.7525,24.3298],[87.7583,24.3287],[87.7628,24.3258],[87.7642,24.3223],[87.768,24.3217],[87.7697,24.3237],[87.7695,24.3271],[87.7672,24.3296],[87.7631,24.3297],[87.7625,24.3331],[87.7644,24.3393],[87.7678,24.3444],[87.7709,24.3442],[87.7732,24.3504],[87.7773,24.3547],[87.7798,24.3584],[87.7842,24.3627],[87.786,24.3625],[87.7881,24.3689],[87.7913,24.3753],[87.7911,24.3775],[87.7938,24.3831],[87.7992,24.382],[87.8011,24.3823],[87.7995,24.3864],[87.7994,24.3942],[87.7941,24.3968],[87.7951,24.4015],[87.7984,24.4022],[87.8022,24.4],[87.8054,24.4033],[87.8076,24.4071],[87.8105,24.4066],[87.8126,24.4119],[87.8109,24.4151],[87.8113,24.4178],[87.8063,24.4201],[87.8044,24.4127],[87.8029,24.4107],[87.7999,24.4092],[87.7991,24.4123],[87.7972,24.4121],[87.7935,24.4146],[87.7885,24.4145],[87.7898,24.4207],[87.795,24.4209],[87.7956,24.4225],[87.7923,24.4279],[87.7941,24.43],[87.7961,24.4355],[87.7957,24.4371],[87.8008,24.4373],[87.8007,24.4405],[87.8036,24.4413],[87.8028,24.4439],[87.8,24.4459],[87.8031,24.454],[87.8058,24.4552],[87.8103,24.4551],[87.8132,24.4567],[87.819,24.4546],[87.8189,24.458],[87.8236,24.4581],[87.8246,24.4615],[87.8229,24.4628],[87.824,24.4652],[87.8213,24.4662],[87.8223,24.4712],[87.8187,24.4723],[87.8171,24.4752],[87.8144,24.4747],[87.8108,24.4757],[87.8112,24.4785],[87.8137,24.4844],[87.8146,24.4886],[87.8166,24.4901],[87.8227,24.4884],[87.8261,24.4884],[87.8266,24.4952],[87.8282,24.4986],[87.8245,24.5003],[87.8216,24.4978],[87.82,24.4931],[87.8162,24.4909],[87.8124,24.4916],[87.8133,24.4968],[87.8131,24.5001],[87.8172,24.5006],[87.8135,24.5053],[87.8143,24.5088],[87.8114,24.5091],[87.8119,24.5121],[87.8093,24.5145],[87.8044,24.5108],[87.8039,24.5043],[87.8053,24.5006],[87.803,24.4957],[87.8013,24.4937],[87.799,24.494],[87.7985,24.4971],[87.7951,24.501],[87.7956,24.5042],[87.801,24.504],[87.8022,24.5075],[87.7983,24.5085],[87.7985,24.5115],[87.8019,24.5122],[87.8042,24.5192],[87.8022,24.5238],[87.7992,24.5247],[87.8004,24.5334],[87.7979,24.5366],[87.7976,24.5388],[87.7996,24.5434],[87.8047,24.5419],[87.805,24.5434],[87.8084,24.5453],[87.808,24.5483],[87.8061,24.5524],[87.8034,24.5564],[87.8025,24.5617],[87.7997,24.5619],[87.7999,24.5645],[87.796,24.5659],[87.7951,24.5693],[87.791,24.5724],[87.7865,24.5715],[87.7807,24.5733],[87.7772,24.5733],[87.7756,24.5712],[87.7702,24.5705],[87.7714,24.5757],[87.7714,24.5832],[87.7732,24.5831],[87.7708,24.5836],[87.7617,24.5826]]]},"properties":{"id":"in:subdistrict:2577","level":"subdistrict","name":"Maheshpur","code":2577,"parent":"in:district:337","state":"in:state:20"}},{"type":"Feature","geometry":{"type":"Polygon","coordinates":[[[87.7162,24.7295],[87.7116,24.7228],[87.7078,24.7154],[87.7048,24.7074],[87.7083,24.7058],[87.7124,24.7013],[87.7168,24.7007],[87.7148,24.6976],[87.7125,24.6961],[87.7039,24.6976],[87.6995,24.6998],[87.6944,24.6982],[87.6909,24.7004],[87.6895,24.6964],[87.6848,24.6924],[87.6876,24.6929],[87.6886,24.6912],[87.6875,24.6889],[87.6886,24.6874],[87.6942,24.6842],[87.697,24.6836],[87.695,24.6788],[87.694,24.6745],[87.6894,24.6592],[87.6861,24.6495],[87.6834,24.6402],[87.6811,24.6346],[87.6772,24.6194],[87.6761,24.6175],[87.6741,24.6087],[87.6727,24.6001],[87.6716,24.5967],[87.6716,24.5931],[87.6768,24.5916],[87.6857,24.5919],[87.69,24.5903],[87.695,24.5901],[87.6981,24.5914],[87.7005,24.5892],[87.7076,24.586],[87.7148,24.5843],[87.7209,24.5871],[87.7256,24.5856],[87.7308,24.5827],[87.7348,24.5837],[87.7427,24.5808],[87.7536,24.5814],[87.7617,24.5826],[87.7583,24.5847],[87.7583,24.5884],[87.7608,24.5882],[87.7637,24.5899],[87.7652,24.5925],[87.7652,24.597],[87.769,24.599],[87.7721,24.6023],[87.7763,24.6097],[87.7762,24.6122],[87.7725,24.6163],[87.7722,24.6195],[87.7751,24.6252],[87.775,24.6283],[87.773,24.6312],[87.7746,24.6353],[87.775,24.6395],[87.7736,24.6426],[87.7757,24.6493],[87.775,24.6539],[87.7726,24.6561],[87.774,24.6584],[87.7832,24.6641],[87.7885,24.6711],[87.7885,24.6734],[87.785,24.6799],[87.7875,24.6816],[87.7881,24.6872],[87.7897,24.6873],[87.7925,24.6912],[87.7904,24.6971],[87.7902,24.7013],[87.7929,24.7049],[87.7984,24.708],[87.8002,24.7134],[87.7985,24.7147],[87.7973,24.719],[87.7948,24.7232],[87.7951,24.7256],[87.7997,24.7263],[87.8004,24.7285],[87.7963,24.7332],[87.7937,24.7392],[87.7917,24.7452],[87.7893,24.7501],[87.7843,24.7534],[87.7774,24.7528],[87.7751,24.75],[87.7744,24.7468],[87.7697,24.7459],[87.7644,24.7456],[87.7588,24.747],[87.754,24.7496],[87.7483,24.7539],[87.7447,24.7555],[87.7444,24.7573],[87.7481,24.7608],[87.7533,24.762],[87.7551,24.7642],[87.7546,24.7661],[87.7492,24.7678],[87.7447,24.7675],[87.7441,24.765],[87.7416,24.7642],[87.7366,24.7647],[87.7181,24.7307],[87.7162,24.7295]]]},"properties":{"id":"in:subdistrict:2575","level":"subdistrict","name":"Hiranpur","code":2575,"parent":"in:district:337","state":"in:state:20"}},{"type":"Feature","geometry":{"type":"MultiPolygon","coordinates":[[[[87.9006,24.6265],[87.9,24.6202],[87.9026,24.6192],[87.906,24.6196],[87.9058,24.6293],[87.9006,24.6265]]],[[[87.4966,24.6457],[87.4955,24.6512],[87.4961,24.655],[87.492,24.6541],[87.49,24.6575],[87.4862,24.6592],[87.4842,24.6569],[87.4868,24.6536],[87.4905,24.6526],[87.4932,24.6476],[87.4966,24.6457]]],[[[87.6848,24.6924],[87.6875,24.6889],[87.6886,24.6912],[87.6876,24.6929],[87.6848,24.6924]]]]},"properties":{"id":"in:subdistrict:x337-level-3","level":"subdistrict","name":"Level 3","code":0,"parent":"in:district:337","state":"in:state:20"}},{"type":"Feature","geometry":{"type":"Polygon","coordinates":[[[87.5111,24.798],[87.5061,24.7935],[87.5013,24.7927],[87.4971,24.7894],[87.497,24.7865],[87.5,24.783],[87.4968,24.783],[87.4949,24.7842],[87.489,24.7854],[87.4889,24.789],[87.4869,24.7893],[87.4818,24.7868],[87.4738,24.7892],[87.467,24.794],[87.4621,24.7931],[87.4594,24.7914],[87.4607,24.788],[87.4596,24.7856],[87.4548,24.7863],[87.4544,24.7847],[87.4572,24.7818],[87.4555,24.7782],[87.4523,24.7777],[87.4505,24.7746],[87.4495,24.7699],[87.4448,24.7694],[87.443,24.7655],[87.4399,24.7636],[87.4367,24.7582],[87.4365,24.7564],[87.4403,24.7509],[87.4442,24.7508],[87.4489,24.7456],[87.4493,24.7435],[87.4533,24.7402],[87.4552,24.7355],[87.4586,24.7348],[87.4607,24.7316],[87.4581,24.7296],[87.4583,24.7257],[87.4619,24.7253],[87.4656,24.7185],[87.4646,24.7163],[87.4656,24.7139],[87.4641,24.7085],[87.4657,24.7022],[87.4706,24.6999],[87.4715,24.6927],[87.4741,24.6888],[87.4709,24.6853],[87.4712,24.6833],[87.4687,24.682],[87.4695,24.6741],[87.4725,24.6683],[87.4706,24.6673],[87.4735,24.6571],[87.4735,24.6552],[87.4804,24.655],[87.4842,24.6569],[87.4862,24.6592],[87.49,24.6575],[87.492,24.6541],[87.4961,24.655],[87.4955,24.6512],[87.4966,24.6457],[87.4995,24.6444],[87.5081,24.637],[87.5174,24.632],[87.5265,24.6327],[87.5285,24.6286],[87.526,24.6276],[87.5204,24.6278],[87.5256,24.6241],[87.5274,24.621],[87.5276,24.618],[87.5296,24.6171],[87.532,24.6141],[87.5346,24.6181],[87.5378,24.6202],[87.5379,24.6255],[87.5364,24.627],[87.5323,24.6262],[87.5308,24.627],[87.5293,24.6311],[87.5299,24.6329],[87.5325,24.6349],[87.5357,24.6351],[87.5415,24.6384],[87.542,24.6341],[87.5444,24.6307],[87.5477,24.6286],[87.5504,24.6291],[87.5527,24.628],[87.5544,24.6322],[87.5561,24.6332],[87.5617,24.6299],[87.5675,24.6288],[87.5722,24.633],[87.5747,24.6341],[87.5771,24.6388],[87.5759,24.6424],[87.576,24.6462],[87.5827,24.6475],[87.5831,24.6458],[87.5801,24.6361],[87.5789,24.6341],[87.5764,24.634],[87.5726,24.631],[87.573,24.6286],[87.5762,24.628],[87.5773,24.6245],[87.5796,24.624],[87.5815,24.6211],[87.5874,24.6237],[87.5954,24.6232],[87.593,24.6307],[87.5933,24.6341],[87.5918,24.6373],[87.592,24.6402],[87.596,24.6397],[87.6026,24.6418],[87.6042,24.6444],[87.6082,24.6459],[87.6135,24.6453],[87.616,24.6422],[87.6226,24.6447],[87.6277,24.6436],[87.6299,24.6386],[87.629,24.6365],[87.6306,24.6344],[87.6339,24.635],[87.6424,24.6345],[87.6454,24.6321],[87.651,24.6332],[87.6569,24.631],[87.6568,24.6287],[87.654,24.6269],[87.6529,24.6207],[87.6585,24.6178],[87.6593,24.6164],[87.6568,24.6116],[87.6543,24.6111],[87.6546,24.6051],[87.6512,24.6036],[87.6468,24.6049],[87.6446,24.6026],[87.645,24.6007],[87.6498,24.5983],[87.6484,24.5932],[87.652,24.5896],[87.6561,24.588],[87.657,24.5931],[87.6609,24.5962],[87.6623,24.5995],[87.6654,24.5989],[87.6662,24.5965],[87.6692,24.5939],[87.6716,24.5931],[87.6716,24.5967],[87.6727,24.6001],[87.6741,24.6087],[87.6761,24.6175],[87.6772,24.6194],[87.6811,24.6346],[87.6834,24.6402],[87.6861,24.6495],[87.6894,24.6592],[87.694,24.6745],[87.695,24.6788],[87.697,24.6836],[87.6942,24.6842],[87.6886,24.6874],[87.6875,24.6889],[87.6848,24.6924],[87.6895,24.6964],[87.6909,24.7004],[87.6944,24.6982],[87.6995,24.6998],[87.7039,24.6976],[87.7125,24.6961],[87.7148,24.6976],[87.7168,24.7007],[87.7124,24.7013],[87.7083,24.7058],[87.7048,24.7074],[87.7078,24.7154],[87.7116,24.7228],[87.7162,24.7295],[87.7128,24.7313],[87.7137,24.7328],[87.7122,24.7379],[87.7061,24.7417],[87.7031,24.7416],[87.7006,24.7461],[87.6936,24.7464],[87.6886,24.7424],[87.684,24.7482],[87.6853,24.753],[87.6792,24.7565],[87.6805,24.761],[87.6771,24.7618],[87.6726,24.7649],[87.6696,24.7624],[87.6649,24.7604],[87.6613,24.7644],[87.6587,24.7648],[87.6566,24.7674],[87.6532,24.7687],[87.6506,24.7672],[87.6441,24.7697],[87.6405,24.7689],[87.6321,24.7723],[87.6308,24.7766],[87.6257,24.775],[87.6265,24.7778],[87.6256,24.7839],[87.6247,24.7846],[87.6198,24.7828],[87.6175,24.7802],[87.6127,24.7778],[87.6099,24.7807],[87.611,24.7831],[87.6081,24.7877],[87.6034,24.7889],[87.5999,24.787],[87.5983,24.7925],[87.5927,24.7898],[87.586,24.7907],[87.5866,24.7925],[87.5953,24.7943],[87.5958,24.7962],[87.5928,24.7989],[87.5921,24.8028],[87.5994,24.805],[87.6025,24.8046],[87.6038,24.8023],[87.609,24.8001],[87.6097,24.7984],[87.6147,24.7976],[87.6167,24.7952],[87.6233,24.7935],[87.6227,24.796],[87.6174,24.7978],[87.6161,24.7997],[87.6081,24.808],[87.6058,24.8083],[87.6012,24.8071],[87.5948,24.8109],[87.5891,24.8098],[87.5863,24.8084],[87.5819,24.8101],[87.5759,24.8076],[87.5708,24.8089],[87.5701,24.8127],[87.5655,24.8162],[87.5628,24.8164],[87.559,24.8216],[87.5567,24.8226],[87.557,24.8255],[87.5525,24.8292],[87.5503,24.8294],[87.5485,24.8262],[87.5411,24.8227],[87.5369,24.8227],[87.5382,24.8196],[87.5372,24.8144],[87.5382,24.8091],[87.5415,24.8036],[87.5405,24.8013],[87.5353,24.7997],[87.53,24.7991],[87.5248,24.8009],[87.5184,24.8],[87.5174,24.7971],[87.5133,24.7992],[87.5111,24.798]]]},"properties":{"id":"in:subdistrict:2573","level":"subdistrict","name":"Litipara","code":2573,"parent":"in:district:337","state":"in:state:20"}},{"type":"Feature","geometry":{"type":"Polygon","coordinates":[[[87.5766,24.5067],[87.5831,24.5103],[87.5859,24.5137],[87.5948,24.5229],[87.6027,24.5287],[87.6072,24.5329],[87.6163,24.5404],[87.6221,24.5441],[87.6268,24.548],[87.6312,24.5532],[87.6379,24.5575],[87.644,24.5633],[87.6525,24.5698],[87.6613,24.5775],[87.6678,24.5821],[87.6692,24.584],[87.6716,24.5931],[87.6692,24.5939],[87.6662,24.5965],[87.6654,24.5989],[87.6623,24.5995],[87.6609,24.5962],[87.657,24.5931],[87.6561,24.588],[87.652,24.5896],[87.6484,24.5932],[87.6498,24.5983],[87.645,24.6007],[87.6446,24.6026],[87.6468,24.6049],[87.6512,24.6036],[87.6546,24.6051],[87.6543,24.6111],[87.6568,24.6116],[87.6593,24.6164],[87.6585,24.6178],[87.6529,24.6207],[87.654,24.6269],[87.6568,24.6287],[87.6569,24.631],[87.651,24.6332],[87.6454,24.6321],[87.6424,24.6345],[87.6339,24.635],[87.6306,24.6344],[87.629,24.6365],[87.6299,24.6386],[87.6277,24.6436],[87.6226,24.6447],[87.616,24.6422],[87.6135,24.6453],[87.6082,24.6459],[87.6042,24.6444],[87.6026,24.6418],[87.596,24.6397],[87.592,24.6402],[87.5918,24.6373],[87.5933,24.6341],[87.593,24.6307],[87.5954,24.6232],[87.5874,24.6237],[87.5815,24.6211],[87.5796,24.624],[87.5773,24.6245],[87.5762,24.628],[87.573,24.6286],[87.5726,24.631],[87.5764,24.634],[87.5789,24.6341],[87.5801,24.6361],[87.5831,24.6458],[87.5827,24.6475],[87.576,24.6462],[87.5759,24.6424],[87.5771,24.6388],[87.5747,24.6341],[87.5722,24.633],[87.5675,24.6288],[87.5617,24.6299],[87.5561,24.6332],[87.5544,24.6322],[87.5527,24.628],[87.5504,24.6291],[87.5477,24.6286],[87.5444,24.6307],[87.542,24.6341],[87.5415,24.6384],[87.5357,24.6351],[87.5325,24.6349],[87.5299,24.6329],[87.5293,24.6311],[87.5308,24.627],[87.5323,24.6262],[87.5364,24.627],[87.5379,24.6255],[87.5378,24.6202],[87.5346,24.6181],[87.532,24.6141],[87.5296,24.6171],[87.5276,24.618],[87.5274,24.621],[87.5256,24.6241],[87.5204,24.6278],[87.526,24.6276],[87.5285,24.6286],[87.5265,24.6327],[87.5174,24.632],[87.5081,24.637],[87.4995,24.6444],[87.4966,24.6457],[87.4932,24.6476],[87.4905,24.6526],[87.4868,24.6536],[87.4842,24.6569],[87.4804,24.655],[87.4735,24.6552],[87.4728,24.6515],[87.4751,24.6475],[87.473,24.6449],[87.4701,24.6433],[87.4672,24.6446],[87.4632,24.6395],[87.458,24.6388],[87.4558,24.6357],[87.4481,24.631],[87.4472,24.6274],[87.4478,24.6229],[87.4458,24.6183],[87.4502,24.6165],[87.4529,24.6171],[87.4555,24.6161],[87.4621,24.6167],[87.4644,24.6101],[87.4637,24.6086],[87.4648,24.6037],[87.4568,24.5991],[87.457,24.5925],[87.4562,24.5895],[87.4569,24.5863],[87.4612,24.5848],[87.465,24.581],[87.4671,24.5809],[87.4681,24.5748],[87.4683,24.5698],[87.4641,24.5665],[87.4584,24.5688],[87.4518,24.5624],[87.4493,24.5621],[87.4456,24.5641],[87.4447,24.5659],[87.4406,24.5685],[87.4385,24.5636],[87.4381,24.5574],[87.4321,24.5585],[87.4291,24.5548],[87.4243,24.555],[87.4209,24.554],[87.4208,24.5518],[87.4186,24.5497],[87.4172,24.5462],[87.4134,24.5428],[87.4128,24.5396],[87.4076,24.5409],[87.4062,24.5356],[87.4008,24.5445],[87.3985,24.5469],[87.3924,24.5476],[87.3903,24.5412],[87.3916,24.5374],[87.3874,24.5244],[87.3902,24.5217],[87.3906,24.5169],[87.3922,24.5155],[87.3942,24.5103],[87.3976,24.5105],[87.3998,24.5085],[87.4067,24.5082],[87.4114,24.5106],[87.4169,24.5103],[87.4197,24.512],[87.4226,24.5169],[87.4253,24.515],[87.4289,24.5156],[87.4318,24.5129],[87.4364,24.5177],[87.439,24.5182],[87.4429,24.5165],[87.4462,24.5162],[87.451,24.5197],[87.4543,24.5203],[87.4569,24.518],[87.4587,24.5187],[87.4628,24.5231],[87.4726,24.5238],[87.4761,24.5226],[87.4787,24.5233],[87.4809,24.5288],[87.4909,24.5288],[87.4941,24.5276],[87.4969,24.529],[87.4991,24.5285],[87.5021,24.5244],[87.5121,24.5203],[87.5149,24.5175],[87.5243,24.5133],[87.5279,24.514],[87.5337,24.5128],[87.5334,24.5094],[87.5367,24.5075],[87.5403,24.5075],[87.5423,24.5091],[87.5442,24.5145],[87.5483,24.5192],[87.551,24.5206],[87.5551,24.5195],[87.5625,24.5234],[87.5651,24.5231],[87.5679,24.5202],[87.571,24.514],[87.5711,24.5092],[87.5731,24.5073],[87.5766,24.5067]]]},"properties":{"id":"in:subdistrict:2574","level":"subdistrict","name":"Amrapara","code":2574,"parent":"in:district:337","state":"in:state:20"}},{"type":"Feature","geometry":{"type":"MultiPolygon","coordinates":[[[[87.4705,24.8579],[87.4691,24.8517],[87.4701,24.8499],[87.4731,24.85],[87.4751,24.8515],[87.476,24.8548],[87.4705,24.8579]]],[[[87.476,24.8429],[87.4759,24.8394],[87.4778,24.8385],[87.4771,24.8337],[87.4718,24.8337],[87.4714,24.8359],[87.4654,24.8357],[87.4618,24.8364],[87.4612,24.8381],[87.4649,24.8386],[87.4711,24.8418],[87.4718,24.8437],[87.4705,24.8461],[87.4675,24.8472],[87.4681,24.8505],[87.4639,24.8552],[87.4601,24.8559],[87.4606,24.8595],[87.4573,24.8595],[87.4582,24.8568],[87.4539,24.8572],[87.4499,24.8594],[87.4468,24.8597],[87.4446,24.8621],[87.4404,24.8641],[87.4372,24.8676],[87.4352,24.8671],[87.4357,24.8639],[87.435,24.8603],[87.4303,24.8575],[87.4228,24.8609],[87.4186,24.8601],[87.4162,24.8616],[87.411,24.8631],[87.406,24.8659],[87.4008,24.8662],[87.397,24.865],[87.3956,24.8662],[87.3868,24.8685],[87.3817,24.8745],[87.3711,24.8825],[87.3675,24.8842],[87.3599,24.8893],[87.356,24.8896],[87.3529,24.8928],[87.3485,24.8958],[87.343,24.8952],[87.3365,24.8963],[87.3313,24.8939],[87.3311,24.8783],[87.3298,24.8781],[87.3301,24.873],[87.3292,24.8499],[87.3295,24.8472],[87.3284,24.8293],[87.3295,24.8188],[87.3306,24.8117],[87.3323,24.8054],[87.3332,24.7965],[87.3382,24.7733],[87.3393,24.764],[87.3438,24.7413],[87.3463,24.7303],[87.3473,24.7223],[87.3538,24.6885],[87.355,24.6814],[87.3583,24.6672],[87.3618,24.6472],[87.3619,24.6436],[87.3651,24.6261],[87.3657,24.6197],[87.368,24.6043],[87.3704,24.5915],[87.3726,24.5719],[87.3713,24.5579],[87.3707,24.547],[87.3717,24.5452],[87.3704,24.539],[87.3691,24.5215],[87.3712,24.5193],[87.3709,24.5139],[87.3717,24.5066],[87.3733,24.5045],[87.3808,24.502],[87.3827,24.5028],[87.387,24.5014],[87.3935,24.5028],[87.3979,24.5006],[87.4067,24.5066],[87.4115,24.5054],[87.4206,24.5087],[87.4231,24.5131],[87.4253,24.515],[87.4226,24.5169],[87.4197,24.512],[87.4169,24.5103],[87.4114,24.5106],[87.4067,24.5082],[87.3998,24.5085],[87.3976,24.5105],[87.3942,24.5103],[87.3922,24.5155],[87.3906,24.5169],[87.3902,24.5217],[87.3874,24.5244],[87.3916,24.5374],[87.3903,24.5412],[87.3924,24.5476],[87.3985,24.5469],[87.4008,24.5445],[87.4062,24.5356],[87.4076,24.5409],[87.4128,24.5396],[87.4134,24.5428],[87.4172,24.5462],[87.4186,24.5497],[87.4208,24.5518],[87.4209,24.554],[87.4243,24.555],[87.4291,24.5548],[87.4321,24.5585],[87.4381,24.5574],[87.4385,24.5636],[87.4406,24.5685],[87.4447,24.5659],[87.4456,24.5641],[87.4493,24.5621],[87.4518,24.5624],[87.4584,24.5688],[87.4641,24.5665],[87.4683,24.5698],[87.4681,24.5748],[87.4671,24.5809],[87.465,24.581],[87.4612,24.5848],[87.4569,24.5863],[87.4562,24.5895],[87.457,24.5925],[87.4568,24.5991],[87.4648,24.6037],[87.4637,24.6086],[87.4644,24.6101],[87.4621,24.6167],[87.4555,24.6161],[87.4529,24.6171],[87.4502,24.6165],[87.4458,24.6183],[87.4478,24.6229],[87.4472,24.6274],[87.4481,24.631],[87.4558,24.6357],[87.458,24.6388],[87.4632,24.6395],[87.4672,24.6446],[87.4701,24.6433],[87.473,24.6449],[87.4751,24.6475],[87.4728,24.6515],[87.4735,24.6552],[87.4735,24.6571],[87.4706,24.6673],[87.4725,24.6683],[87.4695,24.6741],[87.4687,24.682],[87.4712,24.6833],[87.4709,24.6853],[87.4741,24.6888],[87.4715,24.6927],[87.4706,24.6999],[87.4657,24.7022],[87.4641,24.7085],[87.4656,24.7139],[87.4646,24.7163],[87.4656,24.7185],[87.4619,24.7253],[87.4583,24.7257],[87.4581,24.7296],[87.4607,24.7316],[87.4586,24.7348],[87.4552,24.7355],[87.4533,24.7402],[87.4493,24.7435],[87.4489,24.7456],[87.4442,24.7508],[87.4403,24.7509],[87.4365,24.7564],[87.4367,24.7582],[87.4399,24.7636],[87.443,24.7655],[87.4448,24.7694],[87.4495,24.7699],[87.4505,24.7746],[87.4523,24.7777],[87.4555,24.7782],[87.4572,24.7818],[87.4544,24.7847],[87.4548,24.7863],[87.4596,24.7856],[87.4607,24.788],[87.4594,24.7914],[87.4621,24.7931],[87.467,24.794],[87.4738,24.7892],[87.4818,24.7868],[87.4869,24.7893],[87.4889,24.789],[87.489,24.7854],[87.4949,24.7842],[87.4968,24.783],[87.5,24.783],[87.497,24.7865],[87.4971,24.7894],[87.5013,24.7927],[87.5061,24.7935],[87.5111,24.798],[87.507,24.7975],[87.5068,24.7993],[87.5026,24.8014],[87.5006,24.8014],[87.4974,24.8038],[87.496,24.8076],[87.4941,24.8072],[87.4941,24.8136],[87.4881,24.8169],[87.4863,24.82],[87.4838,24.8211],[87.4833,24.8248],[87.4846,24.8278],[87.4813,24.8302],[87.4788,24.8308],[87.4786,24.8359],[87.4798,24.8418],[87.476,24.8429]],[[87.4594,24.8101],[87.4581,24.8106],[87.4564,24.815],[87.4577,24.8158],[87.46,24.8125],[87.4594,24.8101]],[[87.47,24.8117],[87.4678,24.811],[87.462,24.8111],[87.4587,24.8168],[87.4561,24.8197],[87.4579,24.8209],[87.4607,24.8257],[87.4644,24.8224],[87.4647,24.8186],[87.4673,24.8162],[87.47,24.8117]]]]},"properties":{"id":"in:subdistrict:2563","level":"subdistrict","name":"Sundarpahari","code":2563,"parent":"in:district:330","state":"in:state:20"}},{"type":"Feature","geometry":{"type":"Polygon","coordinates":[[[87.3704,24.5915],[87.365,24.5928],[87.3608,24.5961],[87.359,24.5966],[87.3528,24.6016],[87.3503,24.6083],[87.3424,24.612],[87.3338,24.6183],[87.3301,24.6227],[87.332,24.6303],[87.3264,24.6337],[87.3256,24.6373],[87.3209,24.642],[87.3192,24.6457],[87.3153,24.6475],[87.3103,24.6471],[87.3076,24.6518],[87.3059,24.6575],[87.3019,24.657],[87.3004,24.6617],[87.2978,24.6654],[87.2993,24.6689],[87.2967,24.675],[87.293,24.6872],[87.2922,24.6922],[87.2912,24.6942],[87.284,24.7031],[87.2801,24.7097],[87.2742,24.7123],[87.2693,24.7173],[87.2681,24.7215],[87.2655,24.7243],[87.2633,24.7281],[87.2597,24.7319],[87.2559,24.7306],[87.2514,24.7345],[87.2484,24.7344],[87.2451,24.7369],[87.2472,24.7454],[87.2411,24.7477],[87.2405,24.7505],[87.2369,24.7529],[87.2305,24.7525],[87.2303,24.7545],[87.2277,24.7592],[87.2274,24.7627],[87.2232,24.7681],[87.2181,24.7718],[87.2133,24.7725],[87.2109,24.7753],[87.2056,24.7778],[87.2005,24.7786],[87.1973,24.7771],[87.1925,24.7871],[87.19,24.7896],[87.1892,24.7959],[87.1803,24.8015],[87.1771,24.8048],[87.1746,24.8099],[87.1754,24.8179],[87.1725,24.8226],[87.1725,24.8248],[87.1686,24.8281],[87.1645,24.8257],[87.1599,24.8198],[87.1599,24.8075],[87.1588,24.8018],[87.1563,24.8029],[87.1512,24.8025],[87.1488,24.8038],[87.1445,24.8026],[87.1419,24.8084],[87.1378,24.8086],[87.1354,24.8125],[87.1314,24.8161],[87.1255,24.8266],[87.1222,24.8294],[87.1181,24.8307],[87.1168,24.8327],[87.1137,24.8321],[87.1125,24.8284],[87.1095,24.824],[87.1089,24.8184],[87.1072,24.8168],[87.1067,24.814],[87.1084,24.8122],[87.1064,24.8061],[87.1036,24.8059],[87.099,24.8021],[87.0956,24.8025],[87.0947,24.8012],[87.0935,24.7928],[87.0899,24.7895],[87.0882,24.7865],[87.0855,24.7864],[87.0836,24.7819],[87.0787,24.7775],[87.08,24.7754],[87.0799,24.771],[87.0786,24.7683],[87.0828,24.7605],[87.0843,24.7561],[87.0783,24.7527],[87.0794,24.7489],[87.0761,24.7489],[87.0727,24.747],[87.0702,24.7476],[87.0696,24.7443],[87.0739,24.7414],[87.0729,24.737],[87.0749,24.7359],[87.0787,24.7362],[87.0766,24.7302],[87.0793,24.7289],[87.0803,24.7262],[87.0771,24.7213],[87.0784,24.7197],[87.0726,24.7147],[87.0724,24.7124],[87.068,24.7034],[87.0703,24.6971],[87.0694,24.6943],[87.0655,24.689],[87.0619,24.6888],[87.0596,24.6813],[87.0597,24.6763],[87.0573,24.6724],[87.0543,24.6697],[87.0548,24.6665],[87.0534,24.6574],[87.0518,24.6553],[87.0507,24.651],[87.0513,24.6475],[87.0508,24.6442],[87.0524,24.6413],[87.0504,24.6385],[87.0494,24.6343],[87.0462,24.6299],[87.049,24.624],[87.0489,24.6214],[87.0541,24.6248],[87.0569,24.6344],[87.0563,24.6389],[87.0657,24.6426],[87.0688,24.6404],[87.0773,24.6366],[87.0837,24.6356],[87.0885,24.6388],[87.093,24.6362],[87.0997,24.6309],[87.103,24.6316],[87.1061,24.6298],[87.1088,24.6275],[87.1139,24.6301],[87.1175,24.6345],[87.1253,24.6324],[87.1279,24.6293],[87.1288,24.6263],[87.132,24.6241],[87.1332,24.621],[87.1363,24.6205],[87.138,24.6189],[87.1456,24.6169],[87.1488,24.6135],[87.1526,24.6125],[87.1582,24.6143],[87.1611,24.6144],[87.1627,24.6164],[87.1686,24.6157],[87.1716,24.6134],[87.1744,24.6082],[87.1771,24.6056],[87.1791,24.6078],[87.1843,24.6077],[87.1875,24.6067],[87.1914,24.6034],[87.1908,24.5992],[87.1941,24.5964],[87.1975,24.5969],[87.2003,24.5932],[87.2097,24.5934],[87.2113,24.5904],[87.2149,24.5906],[87.2184,24.5919],[87.2201,24.5983],[87.2244,24.5969],[87.2278,24.5936],[87.233,24.5926],[87.2404,24.5881],[87.2454,24.5857],[87.2488,24.5886],[87.2563,24.5913],[87.2601,24.5906],[87.2652,24.5936],[87.2683,24.5979],[87.269,24.601],[87.2735,24.6042],[87.2775,24.6048],[87.2795,24.6038],[87.2811,24.6006],[87.287,24.5975],[87.291,24.5961],[87.2935,24.5974],[87.2956,24.5964],[87.2978,24.5977],[87.3006,24.5962],[87.3032,24.5962],[87.3082,24.5981],[87.3099,24.5964],[87.3101,24.5914],[87.3141,24.5882],[87.3178,24.5832],[87.3207,24.582],[87.3242,24.5785],[87.3267,24.5784],[87.3273,24.5734],[87.3244,24.5698],[87.3301,24.5644],[87.3343,24.5633],[87.3388,24.5591],[87.341,24.5556],[87.3413,24.5506],[87.3431,24.5486],[87.3471,24.5461],[87.3535,24.5435],[87.3545,24.5424],[87.3566,24.5361],[87.3592,24.532],[87.3597,24.529],[87.3669,24.5227],[87.3691,24.5215],[87.3704,24.539],[87.3717,24.5452],[87.3707,24.547],[87.3713,24.5579],[87.3726,24.5719],[87.3704,24.5915]]]},"properties":{"id":"in:subdistrict:2562","level":"subdistrict","name":"Poreyahat","code":2562,"parent":"in:district:330","state":"in:state:20"}},{"type":"Feature","geometry":{"type":"Polygon","coordinates":[[[87.3298,24.8781],[87.3215,24.8771],[87.3185,24.8804],[87.31,24.8829],[87.3054,24.8794],[87.3031,24.88],[87.2998,24.8771],[87.3002,24.8723],[87.2982,24.8673],[87.2957,24.8652],[87.2897,24.8677],[87.2853,24.8724],[87.2819,24.8716],[87.2782,24.8721],[87.2754,24.8703],[87.2717,24.8721],[87.2687,24.8764],[87.269,24.88],[87.264,24.8799],[87.2562,24.8745],[87.2557,24.8695],[87.2523,24.8733],[87.2532,24.8768],[87.2571,24.8807],[87.2577,24.8856],[87.2541,24.8865],[87.2533,24.8882],[87.2561,24.8904],[87.2561,24.892],[87.2508,24.8936],[87.2469,24.8895],[87.2459,24.8864],[87.2421,24.8898],[87.2399,24.8892],[87.2398,24.8858],[87.2371,24.8833],[87.2335,24.8838],[87.23,24.8821],[87.2297,24.8789],[87.2279,24.8788],[87.2263,24.8823],[87.2212,24.8825],[87.2164,24.8853],[87.2144,24.8823],[87.2152,24.8787],[87.2121,24.8767],[87.2068,24.8787],[87.2039,24.8765],[87.2002,24.8771],[87.1985,24.8823],[87.1949,24.8839],[87.1919,24.8821],[87.1909,24.8803],[87.1916,24.8752],[87.1848,24.8755],[87.1855,24.8716],[87.1828,24.8711],[87.1816,24.8745],[87.1809,24.8797],[87.1755,24.8852],[87.1715,24.8857],[87.171,24.8884],[87.1714,24.8934],[87.1737,24.8961],[87.168,24.8972],[87.1663,24.896],[87.1625,24.8965],[87.1555,24.8904],[87.1555,24.885],[87.1516,24.8791],[87.1469,24.8706],[87.1408,24.8657],[87.1407,24.8641],[87.1445,24.8633],[87.1426,24.8606],[87.1388,24.8598],[87.1341,24.8598],[87.1328,24.8625],[87.1288,24.8615],[87.1273,24.8596],[87.1206,24.8552],[87.1101,24.857],[87.1066,24.8552],[87.103,24.8512],[87.1007,24.8499],[87.1004,24.8477],[87.1018,24.8437],[87.1002,24.8388],[87.0957,24.8335],[87.0944,24.8302],[87.0912,24.8255],[87.0871,24.8237],[87.0847,24.8236],[87.0774,24.8253],[87.0743,24.8199],[87.0742,24.8158],[87.0744,24.8116],[87.0733,24.8086],[87.0792,24.8078],[87.0836,24.8061],[87.0858,24.8036],[87.0898,24.8029],[87.0915,24.8041],[87.0956,24.8025],[87.099,24.8021],[87.1036,24.8059],[87.1064,24.8061],[87.1084,24.8122],[87.1067,24.814],[87.1072,24.8168],[87.1089,24.8184],[87.1095,24.824],[87.1125,24.8284],[87.1137,24.8321],[87.1168,24.8327],[87.1181,24.8307],[87.1222,24.8294],[87.1255,24.8266],[87.1314,24.8161],[87.1354,24.8125],[87.1378,24.8086],[87.1419,24.8084],[87.1445,24.8026],[87.1488,24.8038],[87.1512,24.8025],[87.1563,24.8029],[87.1588,24.8018],[87.1599,24.8075],[87.1599,24.8198],[87.1645,24.8257],[87.1686,24.8281],[87.1725,24.8248],[87.1725,24.8226],[87.1754,24.8179],[87.1746,24.8099],[87.1771,24.8048],[87.1803,24.8015],[87.1892,24.7959],[87.19,24.7896],[87.1925,24.7871],[87.1973,24.7771],[87.2005,24.7786],[87.2056,24.7778],[87.2109,24.7753],[87.2133,24.7725],[87.2181,24.7718],[87.2232,24.7681],[87.2274,24.7627],[87.2277,24.7592],[87.2303,24.7545],[87.2305,24.7525],[87.2369,24.7529],[87.2405,24.7505],[87.2411,24.7477],[87.2472,24.7454],[87.2451,24.7369],[87.2484,24.7344],[87.2514,24.7345],[87.2559,24.7306],[87.2597,24.7319],[87.2633,24.7281],[87.2655,24.7243],[87.2681,24.7215],[87.2693,24.7173],[87.2742,24.7123],[87.2801,24.7097],[87.284,24.7031],[87.2912,24.6942],[87.2922,24.6922],[87.293,24.6872],[87.2967,24.675],[87.2993,24.6689],[87.2978,24.6654],[87.3004,24.6617],[87.3019,24.657],[87.3059,24.6575],[87.3076,24.6518],[87.3103,24.6471],[87.3153,24.6475],[87.3192,24.6457],[87.3209,24.642],[87.3256,24.6373],[87.3264,24.6337],[87.332,24.6303],[87.3301,24.6227],[87.3338,24.6183],[87.3424,24.612],[87.3503,24.6083],[87.3528,24.6016],[87.359,24.5966],[87.3608,24.5961],[87.365,24.5928],[87.3704,24.5915],[87.368,24.6043],[87.3657,24.6197],[87.3651,24.6261],[87.3619,24.6436],[87.3618,24.6472],[87.3583,24.6672],[87.355,24.6814],[87.3538,24.6885],[87.3473,24.7223],[87.3463,24.7303],[87.3438,24.7413],[87.3393,24.764],[87.3382,24.7733],[87.3332,24.7965],[87.3323,24.8054],[87.3306,24.8117],[87.3295,24.8188],[87.3284,24.8293],[87.3295,24.8472],[87.3292,24.8499],[87.3301,24.873],[87.3298,24.8781]]]},"properties":{"id":"in:subdistrict:2561","level":"subdistrict","name":"Godda","code":2561,"parent":"in:district:330","state":"in:state:20"}},{"type":"Feature","geometry":{"type":"Polygon","coordinates":[[[87.0489,24.6214],[87.049,24.6181],[87.0508,24.609],[87.0466,24.6095],[87.0448,24.613],[87.041,24.6146],[87.0381,24.6172],[87.0362,24.6139],[87.023,24.6157],[87.0232,24.6193],[87.0245,24.621],[87.0239,24.6254],[87.0219,24.6292],[87.0136,24.6302],[87.0108,24.6312],[87.0076,24.6289],[87.0063,24.623],[87,24.6203],[86.9961,24.6201],[86.9927,24.6258],[86.9881,24.6273],[86.9852,24.6328],[86.9799,24.6355],[86.9776,24.6396],[86.9734,24.6369],[86.9693,24.6354],[86.9615,24.6346],[86.9577,24.6318],[86.9538,24.6319],[86.9534,24.6397],[86.9565,24.6411],[86.9582,24.6476],[86.9506,24.6489],[86.9441,24.6489],[86.9388,24.6503],[86.939,24.6434],[86.9421,24.6413],[86.9421,24.6387],[86.9447,24.6353],[86.9428,24.6336],[86.9367,24.6303],[86.9325,24.6295],[86.9276,24.6245],[86.9289,24.6212],[86.9276,24.6155],[86.9257,24.6119],[86.9227,24.6107],[86.9191,24.6049],[86.9195,24.6021],[86.9164,24.6014],[86.9133,24.5995],[86.9113,24.5962],[86.9093,24.5952],[86.9073,24.5882],[86.909,24.5825],[86.913,24.577],[86.9094,24.5725],[86.9119,24.5696],[86.9143,24.5688],[86.916,24.5656],[86.9154,24.5624],[86.9173,24.5612],[86.916,24.5545],[86.9176,24.5491],[86.9171,24.5454],[86.9147,24.543],[86.9161,24.5416],[86.9171,24.5379],[86.9192,24.5361],[86.9153,24.5207],[86.9175,24.5186],[86.9191,24.5127],[86.9193,24.5071],[86.9173,24.5],[86.9192,24.4977],[86.9172,24.4914],[86.9172,24.4894],[86.923,24.487],[86.9276,24.4836],[86.9296,24.4837],[86.9306,24.487],[86.9285,24.4902],[86.9339,24.4964],[86.9338,24.4988],[86.9408,24.4956],[86.9428,24.4963],[86.9447,24.4995],[86.9472,24.5001],[86.9498,24.4988],[86.958,24.4974],[86.9657,24.4974],[86.9698,24.501],[86.977,24.5013],[86.9791,24.5024],[86.9821,24.5019],[86.9845,24.504],[86.9861,24.5032],[86.9891,24.4988],[86.9914,24.4972],[86.9909,24.4952],[86.9931,24.4912],[86.995,24.4897],[87.0001,24.4901],[87.0042,24.4896],[87.0097,24.4871],[87.0117,24.4851],[87.0163,24.4843],[87.0188,24.4822],[87.0311,24.4791],[87.0377,24.4762],[87.0408,24.4731],[87.0453,24.47],[87.048,24.4697],[87.0521,24.4718],[87.0526,24.4745],[87.0546,24.4768],[87.058,24.4773],[87.0618,24.4841],[87.0611,24.4869],[87.0633,24.4911],[87.0668,24.4906],[87.0685,24.4932],[87.0648,24.4949],[87.0638,24.5011],[87.0626,24.5041],[87.0659,24.5093],[87.0684,24.5086],[87.0743,24.5053],[87.0773,24.5057],[87.0806,24.504],[87.0823,24.5007],[87.0859,24.4992],[87.0942,24.4971],[87.0986,24.4928],[87.1023,24.4965],[87.1012,24.5006],[87.1042,24.5042],[87.1082,24.5053],[87.1118,24.5097],[87.1166,24.5112],[87.12,24.5098],[87.1255,24.5104],[87.1294,24.5102],[87.1326,24.5148],[87.134,24.5215],[87.1355,24.5223],[87.1437,24.5217],[87.1481,24.5203],[87.1528,24.516],[87.1565,24.5164],[87.1589,24.5187],[87.1602,24.5234],[87.16,24.5274],[87.1578,24.5291],[87.1549,24.5293],[87.1525,24.5338],[87.152,24.5367],[87.1478,24.5385],[87.1451,24.538],[87.1415,24.5351],[87.1366,24.5356],[87.1309,24.5425],[87.1265,24.5451],[87.1222,24.5501],[87.1149,24.554],[87.1134,24.5558],[87.1135,24.5605],[87.1067,24.5634],[87.0999,24.5656],[87.096,24.565],[87.0887,24.5678],[87.0896,24.576],[87.0892,24.5784],[87.0871,24.5814],[87.0888,24.5867],[87.0881,24.5905],[87.0887,24.5941],[87.0924,24.5962],[87.0968,24.601],[87.1002,24.6038],[87.1033,24.6051],[87.1099,24.6031],[87.112,24.605],[87.1147,24.6151],[87.1122,24.6182],[87.1101,24.6246],[87.1076,24.6254],[87.106,24.6274],[87.1061,24.6298],[87.103,24.6316],[87.0997,24.6309],[87.093,24.6362],[87.0885,24.6388],[87.0837,24.6356],[87.0773,24.6366],[87.0688,24.6404],[87.0657,24.6426],[87.0563,24.6389],[87.0569,24.6344],[87.0541,24.6248],[87.0489,24.6214]]]},"properties":{"id":"in:subdistrict:2666","level":"subdistrict","name":"Saraiyahat","code":2666,"parent":"in:district:326","state":"in:state:20"}},{"type":"Feature","geometry":{"type":"Polygon","coordinates":[[[86.9172,24.4894],[86.9161,24.487],[86.911,24.4861],[86.9104,24.4807],[86.9061,24.4762],[86.9047,24.4719],[86.9085,24.4705],[86.9115,24.4649],[86.9116,24.4633],[86.9059,24.4593],[86.9033,24.4556],[86.9037,24.4504],[86.9004,24.448],[86.8937,24.448],[86.8902,24.4463],[86.889,24.4408],[86.8897,24.4348],[86.8906,24.4325],[86.8947,24.4316],[86.8982,24.4344],[86.9019,24.4331],[86.9033,24.4314],[86.9032,24.4273],[86.8996,24.4267],[86.8987,24.424],[86.9033,24.4216],[86.9012,24.4159],[86.9049,24.4113],[86.9091,24.4133],[86.9148,24.4131],[86.9163,24.4095],[86.9186,24.4105],[86.9218,24.4103],[86.9284,24.4187],[86.9363,24.4167],[86.9382,24.4191],[86.9416,24.421],[86.9474,24.4195],[86.9453,24.4133],[86.942,24.4106],[86.943,24.4095],[86.9369,24.3978],[86.931,24.3926],[86.9277,24.3915],[86.9278,24.3874],[86.9328,24.3809],[86.9359,24.3814],[86.9358,24.3783],[86.9331,24.3724],[86.9344,24.3682],[86.937,24.3674],[86.9391,24.3593],[86.9453,24.356],[86.949,24.3588],[86.9542,24.3564],[86.9592,24.3567],[86.9621,24.3546],[86.9665,24.3532],[86.9682,24.3512],[86.9679,24.3412],[86.967,24.3383],[86.966,24.3307],[86.9662,24.3258],[86.9678,24.3225],[86.9647,24.3186],[86.9629,24.3128],[86.9669,24.3129],[86.9704,24.3103],[86.9771,24.3091],[86.9828,24.3095],[86.9877,24.3064],[86.9913,24.3045],[86.999,24.3093],[87.0022,24.3083],[87.0058,24.3085],[87.0057,24.3139],[87.0075,24.3149],[87.0106,24.3214],[87.0147,24.322],[87.0177,24.3263],[87.017,24.3278],[87.0193,24.3326],[87.0222,24.3363],[87.0272,24.3396],[87.0318,24.3299],[87.0358,24.3254],[87.0385,24.3235],[87.04,24.3199],[87.0444,24.3181],[87.0503,24.3104],[87.0556,24.2991],[87.0594,24.2986],[87.0632,24.3004],[87.0682,24.2958],[87.0707,24.2972],[87.0714,24.3003],[87.0698,24.3038],[87.0713,24.308],[87.0759,24.3123],[87.0793,24.314],[87.0834,24.3149],[87.085,24.3172],[87.0842,24.3272],[87.0832,24.3301],[87.0854,24.3384],[87.0883,24.3399],[87.0907,24.3429],[87.0914,24.3464],[87.0907,24.3495],[87.0873,24.3543],[87.0834,24.3575],[87.0829,24.3598],[87.0793,24.365],[87.0793,24.3693],[87.0817,24.3734],[87.0842,24.3715],[87.089,24.3702],[87.101,24.3698],[87.1048,24.368],[87.1099,24.3735],[87.1171,24.3721],[87.123,24.3722],[87.1255,24.3734],[87.1316,24.3707],[87.1365,24.3702],[87.1477,24.3712],[87.1493,24.3775],[87.148,24.3832],[87.1451,24.3874],[87.1416,24.3963],[87.1418,24.4024],[87.1436,24.4057],[87.144,24.411],[87.1425,24.412],[87.1412,24.4163],[87.1396,24.4186],[87.1398,24.4214],[87.1415,24.4249],[87.1403,24.4267],[87.132,24.4346],[87.131,24.445],[87.1318,24.4482],[87.1308,24.457],[87.1275,24.4679],[87.1304,24.4711],[87.1352,24.4725],[87.138,24.4685],[87.1404,24.4682],[87.1448,24.4705],[87.1448,24.4729],[87.1471,24.4744],[87.1481,24.4777],[87.1442,24.4788],[87.1422,24.477],[87.139,24.4805],[87.1359,24.4777],[87.1333,24.4781],[87.1308,24.4805],[87.129,24.4916],[87.1294,24.4951],[87.1276,24.4983],[87.1225,24.5026],[87.12,24.5098],[87.1166,24.5112],[87.1118,24.5097],[87.1082,24.5053],[87.1042,24.5042],[87.1012,24.5006],[87.1023,24.4965],[87.0986,24.4928],[87.0942,24.4971],[87.0859,24.4992],[87.0823,24.5007],[87.0806,24.504],[87.0773,24.5057],[87.0743,24.5053],[87.0684,24.5086],[87.0659,24.5093],[87.0626,24.5041],[87.0638,24.5011],[87.0648,24.4949],[87.0685,24.4932],[87.0668,24.4906],[87.0633,24.4911],[87.0611,24.4869],[87.0618,24.4841],[87.058,24.4773],[87.0546,24.4768],[87.0526,24.4745],[87.0521,24.4718],[87.048,24.4697],[87.0453,24.47],[87.0408,24.4731],[87.0377,24.4762],[87.0311,24.4791],[87.0188,24.4822],[87.0163,24.4843],[87.0117,24.4851],[87.0097,24.4871],[87.0042,24.4896],[87.0001,24.4901],[86.995,24.4897],[86.9931,24.4912],[86.9909,24.4952],[86.9914,24.4972],[86.9891,24.4988],[86.9861,24.5032],[86.9845,24.504],[86.9821,24.5019],[86.9791,24.5024],[86.977,24.5013],[86.9698,24.501],[86.9657,24.4974],[86.958,24.4974],[86.9498,24.4988],[86.9472,24.5001],[86.9447,24.4995],[86.9428,24.4963],[86.9408,24.4956],[86.9338,24.4988],[86.9339,24.4964],[86.9285,24.4902],[86.9306,24.487],[86.9296,24.4837],[86.9276,24.4836],[86.923,24.487],[86.9172,24.4894]]]},"properties":{"id":"in:subdistrict:2667","level":"subdistrict","name":"Jarmundi","code":2667,"parent":"in:district:326","state":"in:state:20"}},{"type":"Feature","geometry":{"type":"Polygon","coordinates":[[[87.0058,24.3085],[87.0079,24.3086],[87.0169,24.3061],[87.021,24.3064],[87.0242,24.3038],[87.0273,24.2988],[87.0276,24.296],[87.0265,24.2918],[87.0237,24.2905],[87.0248,24.2868],[87.0249,24.2797],[87.026,24.2747],[87.0257,24.2721],[87.028,24.2709],[87.031,24.2668],[87.0315,24.2638],[87.0362,24.2608],[87.0416,24.2604],[87.0462,24.2588],[87.0525,24.2551],[87.0593,24.2536],[87.0667,24.2532],[87.0676,24.2516],[87.0705,24.2524],[87.0727,24.2493],[87.0711,24.2438],[87.0745,24.242],[87.0771,24.2432],[87.079,24.2401],[87.0837,24.2398],[87.0884,24.2371],[87.0922,24.2326],[87.0959,24.2302],[87.1018,24.2285],[87.1043,24.2284],[87.1145,24.231],[87.1194,24.23],[87.1259,24.2241],[87.1284,24.2235],[87.1311,24.2205],[87.1365,24.2193],[87.1376,24.2175],[87.1426,24.2164],[87.1474,24.2173],[87.1518,24.2209],[87.1533,24.2184],[87.1545,24.2108],[87.1643,24.213],[87.1676,24.2087],[87.1684,24.2063],[87.1609,24.2059],[87.1607,24.2042],[87.1578,24.2006],[87.156,24.1966],[87.157,24.1918],[87.161,24.19],[87.1658,24.1899],[87.1702,24.1891],[87.175,24.1897],[87.1748,24.1859],[87.1784,24.1837],[87.1826,24.1822],[87.1864,24.1781],[87.1932,24.1776],[87.1953,24.1806],[87.1951,24.1829],[87.2041,24.1843],[87.2139,24.1816],[87.2196,24.182],[87.2261,24.1856],[87.2292,24.184],[87.2322,24.1847],[87.2385,24.1846],[87.2439,24.1885],[87.2435,24.1958],[87.242,24.1994],[87.2449,24.2058],[87.2454,24.2091],[87.2495,24.2167],[87.2496,24.2193],[87.2475,24.2229],[87.2418,24.2261],[87.2393,24.2282],[87.2333,24.2353],[87.2307,24.2395],[87.2258,24.2434],[87.223,24.2473],[87.2208,24.2521],[87.2182,24.2555],[87.2171,24.2588],[87.2178,24.2666],[87.215,24.2716],[87.2067,24.2777],[87.2077,24.2811],[87.2117,24.2841],[87.2206,24.2872],[87.222,24.2883],[87.2216,24.2918],[87.2173,24.2953],[87.2158,24.2978],[87.2154,24.3037],[87.2146,24.3086],[87.2162,24.3114],[87.221,24.3156],[87.2218,24.3204],[87.2243,24.3231],[87.2276,24.3237],[87.2279,24.3268],[87.227,24.332],[87.2281,24.3366],[87.2336,24.3387],[87.2357,24.3388],[87.2407,24.3353],[87.2418,24.3308],[87.2466,24.3293],[87.2482,24.3251],[87.2508,24.3243],[87.2546,24.3198],[87.257,24.3191],[87.2635,24.3281],[87.2678,24.3238],[87.2686,24.3201],[87.272,24.3198],[87.2746,24.324],[87.2783,24.3248],[87.2791,24.322],[87.2871,24.3232],[87.2928,24.3182],[87.2986,24.3197],[87.3019,24.3224],[87.3053,24.3297],[87.3033,24.3308],[87.3019,24.3364],[87.2956,24.3404],[87.2918,24.3397],[87.2899,24.3366],[87.2896,24.3336],[87.2806,24.3346],[87.2814,24.3391],[87.2786,24.3427],[87.2805,24.3454],[87.2791,24.3472],[87.2711,24.3481],[87.2676,24.3514],[87.2661,24.3545],[87.2692,24.3556],[87.2756,24.3557],[87.2818,24.3551],[87.2849,24.3607],[87.2774,24.3636],[87.2725,24.3664],[87.263,24.3706],[87.2613,24.3723],[87.2638,24.3786],[87.2673,24.384],[87.2682,24.3879],[87.2681,24.3917],[87.2697,24.395],[87.2667,24.398],[87.2605,24.3993],[87.2583,24.4014],[87.2586,24.4035],[87.2587,24.4097],[87.2575,24.4102],[87.2511,24.4095],[87.2487,24.4101],[87.2426,24.4165],[87.2413,24.4192],[87.2422,24.4252],[87.241,24.4269],[87.236,24.4295],[87.2313,24.4331],[87.2286,24.4314],[87.2278,24.4279],[87.2229,24.4264],[87.2218,24.418],[87.2161,24.4143],[87.2133,24.4144],[87.203,24.4196],[87.2047,24.4148],[87.2035,24.4099],[87.197,24.4107],[87.1895,24.4051],[87.1847,24.4037],[87.1783,24.4035],[87.1779,24.4064],[87.1761,24.4089],[87.1785,24.4124],[87.1747,24.4175],[87.1728,24.4148],[87.1695,24.4163],[87.1655,24.4169],[87.1627,24.4119],[87.1621,24.4075],[87.1518,24.4069],[87.1484,24.4059],[87.1436,24.4057],[87.1418,24.4024],[87.1416,24.3963],[87.1451,24.3874],[87.148,24.3832],[87.1493,24.3775],[87.1477,24.3712],[87.1365,24.3702],[87.1316,24.3707],[87.1255,24.3734],[87.123,24.3722],[87.1171,24.3721],[87.1099,24.3735],[87.1048,24.368],[87.101,24.3698],[87.089,24.3702],[87.0842,24.3715],[87.0817,24.3734],[87.0793,24.3693],[87.0793,24.365],[87.0829,24.3598],[87.0834,24.3575],[87.0873,24.3543],[87.0907,24.3495],[87.0914,24.3464],[87.0907,24.3429],[87.0883,24.3399],[87.0854,24.3384],[87.0832,24.3301],[87.0842,24.3272],[87.085,24.3172],[87.0834,24.3149],[87.0793,24.314],[87.0759,24.3123],[87.0713,24.308],[87.0698,24.3038],[87.0714,24.3003],[87.0707,24.2972],[87.0682,24.2958],[87.0632,24.3004],[87.0594,24.2986],[87.0556,24.2991],[87.0503,24.3104],[87.0444,24.3181],[87.04,24.3199],[87.0385,24.3235],[87.0358,24.3254],[87.0318,24.3299],[87.0272,24.3396],[87.0222,24.3363],[87.0193,24.3326],[87.017,24.3278],[87.0177,24.3263],[87.0147,24.322],[87.0106,24.3214],[87.0075,24.3149],[87.0057,24.3139],[87.0058,24.3085]]]},"properties":{"id":"in:subdistrict:2674","level":"subdistrict","name":"Jama","code":2674,"parent":"in:district:326","state":"in:state:20"}},{"type":"Feature","geometry":{"type":"Polygon","coordinates":[[[87.3658,24.4664],[87.3667,24.4778],[87.367,24.4972],[87.3702,24.4995],[87.3733,24.5045],[87.3717,24.5066],[87.3709,24.5139],[87.3712,24.5193],[87.3691,24.5215],[87.3669,24.5227],[87.3597,24.529],[87.3592,24.532],[87.3566,24.5361],[87.3545,24.5424],[87.3535,24.5435],[87.3471,24.5461],[87.3431,24.5486],[87.3413,24.5506],[87.341,24.5556],[87.3388,24.5591],[87.3343,24.5633],[87.3301,24.5644],[87.3244,24.5698],[87.3273,24.5734],[87.3267,24.5784],[87.3242,24.5785],[87.3207,24.582],[87.3178,24.5832],[87.3141,24.5882],[87.3101,24.5914],[87.3099,24.5964],[87.3082,24.5981],[87.3032,24.5962],[87.3006,24.5962],[87.2978,24.5977],[87.2956,24.5964],[87.2935,24.5974],[87.291,24.5961],[87.287,24.5975],[87.2811,24.6006],[87.2795,24.6038],[87.2775,24.6048],[87.2735,24.6042],[87.269,24.601],[87.2683,24.5979],[87.2652,24.5936],[87.2601,24.5906],[87.2563,24.5913],[87.2488,24.5886],[87.2454,24.5857],[87.2404,24.5881],[87.233,24.5926],[87.2278,24.5936],[87.2244,24.5969],[87.2201,24.5983],[87.2184,24.5919],[87.2149,24.5906],[87.2113,24.5904],[87.2097,24.5934],[87.2003,24.5932],[87.1975,24.5969],[87.1941,24.5964],[87.1908,24.5992],[87.1914,24.6034],[87.1875,24.6067],[87.1843,24.6077],[87.1791,24.6078],[87.1771,24.6056],[87.1744,24.6082],[87.1716,24.6134],[87.1686,24.6157],[87.1627,24.6164],[87.1611,24.6144],[87.1582,24.6143],[87.1526,24.6125],[87.1488,24.6135],[87.1456,24.6169],[87.138,24.6189],[87.1363,24.6205],[87.1332,24.621],[87.132,24.6241],[87.1288,24.6263],[87.1279,24.6293],[87.1253,24.6324],[87.1175,24.6345],[87.1139,24.6301],[87.1088,24.6275],[87.1061,24.6298],[87.106,24.6274],[87.1076,24.6254],[87.1101,24.6246],[87.1122,24.6182],[87.1147,24.6151],[87.112,24.605],[87.1099,24.6031],[87.1033,24.6051],[87.1002,24.6038],[87.0968,24.601],[87.0924,24.5962],[87.0887,24.5941],[87.0881,24.5905],[87.0888,24.5867],[87.0871,24.5814],[87.0892,24.5784],[87.0896,24.576],[87.0887,24.5678],[87.096,24.565],[87.0999,24.5656],[87.1067,24.5634],[87.1135,24.5605],[87.1134,24.5558],[87.1149,24.554],[87.1222,24.5501],[87.1265,24.5451],[87.1309,24.5425],[87.1366,24.5356],[87.1415,24.5351],[87.1451,24.538],[87.1478,24.5385],[87.152,24.5367],[87.1525,24.5338],[87.1549,24.5293],[87.1578,24.5291],[87.16,24.5274],[87.1602,24.5234],[87.1589,24.5187],[87.1565,24.5164],[87.1528,24.516],[87.1481,24.5203],[87.1437,24.5217],[87.1355,24.5223],[87.134,24.5215],[87.1326,24.5148],[87.1294,24.5102],[87.1255,24.5104],[87.12,24.5098],[87.1225,24.5026],[87.1276,24.4983],[87.1294,24.4951],[87.129,24.4916],[87.1308,24.4805],[87.1333,24.4781],[87.1359,24.4777],[87.139,24.4805],[87.1422,24.477],[87.1442,24.4788],[87.1481,24.4777],[87.1471,24.4744],[87.1448,24.4729],[87.1448,24.4705],[87.1404,24.4682],[87.138,24.4685],[87.1352,24.4725],[87.1304,24.4711],[87.1275,24.4679],[87.1308,24.457],[87.1318,24.4482],[87.131,24.445],[87.132,24.4346],[87.1403,24.4267],[87.1415,24.4249],[87.1398,24.4214],[87.1396,24.4186],[87.1412,24.4163],[87.1425,24.412],[87.144,24.411],[87.1436,24.4057],[87.1484,24.4059],[87.1518,24.4069],[87.1621,24.4075],[87.1627,24.4119],[87.1655,24.4169],[87.1695,24.4163],[87.1728,24.4148],[87.1747,24.4175],[87.1785,24.4124],[87.1761,24.4089],[87.1779,24.4064],[87.1783,24.4035],[87.1847,24.4037],[87.1895,24.4051],[87.197,24.4107],[87.2035,24.4099],[87.2047,24.4148],[87.203,24.4196],[87.2133,24.4144],[87.2161,24.4143],[87.2218,24.418],[87.2229,24.4264],[87.2278,24.4279],[87.2286,24.4314],[87.2313,24.4331],[87.236,24.4295],[87.241,24.4269],[87.2422,24.4252],[87.2413,24.4192],[87.2426,24.4165],[87.2487,24.4101],[87.2511,24.4095],[87.2575,24.4102],[87.2587,24.4097],[87.2586,24.4035],[87.2619,24.4037],[87.268,24.4059],[87.2703,24.4041],[87.275,24.4038],[87.2802,24.4053],[87.2834,24.4043],[87.2876,24.4058],[87.29,24.4098],[87.2905,24.4127],[87.2946,24.4159],[87.3048,24.4107],[87.3115,24.4089],[87.3139,24.4062],[87.3183,24.3991],[87.3216,24.4046],[87.323,24.4084],[87.3264,24.412],[87.3259,24.4156],[87.3246,24.4171],[87.3253,24.4208],[87.3298,24.4243],[87.3343,24.4255],[87.3401,24.4247],[87.3485,24.4257],[87.3539,24.4255],[87.3579,24.4245],[87.3632,24.4248],[87.3648,24.4278],[87.3699,24.427],[87.3731,24.4274],[87.3778,24.4256],[87.3789,24.4236],[87.3833,24.4237],[87.382,24.426],[87.3814,24.4317],[87.3797,24.4329],[87.3783,24.4364],[87.3786,24.4395],[87.3743,24.4391],[87.3681,24.4404],[87.3692,24.4314],[87.3646,24.4324],[87.3628,24.4345],[87.364,24.4397],[87.3634,24.4456],[87.365,24.4484],[87.3672,24.4498],[87.3668,24.453],[87.3672,24.4602],[87.3658,24.4664]]]},"properties":{"id":"in:subdistrict:2668","level":"subdistrict","name":"Ramgarh","code":2668,"parent":"in:district:326","state":"in:state:20"}},{"type":"Feature","geometry":{"type":"Polygon","coordinates":[[[87.3458,24.3799],[87.3408,24.3854],[87.3376,24.3878],[87.3362,24.3857],[87.3368,24.3768],[87.3411,24.3749],[87.3433,24.3764],[87.3458,24.3799]]]},"properties":{"id":"in:subdistrict:x326-level-3","level":"subdistrict","name":"Level 3","code":0,"parent":"in:district:326","state":"in:state:20"}},{"type":"Feature","geometry":{"type":"Polygon","coordinates":[[[87.4107,24.2816],[87.4031,24.2846],[87.4001,24.2834],[87.396,24.2835],[87.3925,24.2848],[87.3878,24.2854],[87.3862,24.2868],[87.3835,24.2864],[87.3766,24.2915],[87.3753,24.2964],[87.3732,24.2992],[87.372,24.3034],[87.3754,24.3058],[87.3756,24.3086],[87.3734,24.3144],[87.3713,24.317],[87.3683,24.3182],[87.3632,24.3158],[87.3613,24.318],[87.3562,24.3168],[87.3522,24.3184],[87.3514,24.3211],[87.3472,24.3221],[87.3457,24.3242],[87.3433,24.3321],[87.3443,24.3354],[87.3428,24.3427],[87.3445,24.3448],[87.342,24.3507],[87.3427,24.355],[87.3453,24.3591],[87.3474,24.3642],[87.3492,24.3725],[87.349,24.3765],[87.3474,24.3795],[87.3489,24.3821],[87.3516,24.3833],[87.3556,24.388],[87.3627,24.3867],[87.3682,24.3945],[87.3699,24.3988],[87.3693,24.4047],[87.3724,24.4043],[87.3764,24.4078],[87.38,24.4074],[87.3781,24.4117],[87.3787,24.4144],[87.3749,24.4194],[87.3757,24.4241],[87.3731,24.4274],[87.3699,24.427],[87.3648,24.4278],[87.3632,24.4248],[87.3579,24.4245],[87.3539,24.4255],[87.3485,24.4257],[87.3401,24.4247],[87.3343,24.4255],[87.3298,24.4243],[87.3253,24.4208],[87.3246,24.4171],[87.3259,24.4156],[87.3264,24.412],[87.323,24.4084],[87.3216,24.4046],[87.3183,24.3991],[87.3139,24.4062],[87.3115,24.4089],[87.3048,24.4107],[87.2946,24.4159],[87.2905,24.4127],[87.29,24.4098],[87.2876,24.4058],[87.2834,24.4043],[87.2802,24.4053],[87.275,24.4038],[87.2703,24.4041],[87.268,24.4059],[87.2619,24.4037],[87.2586,24.4035],[87.2583,24.4014],[87.2605,24.3993],[87.2667,24.398],[87.2697,24.395],[87.2681,24.3917],[87.2682,24.3879],[87.2673,24.384],[87.2638,24.3786],[87.2613,24.3723],[87.263,24.3706],[87.2725,24.3664],[87.2774,24.3636],[87.2849,24.3607],[87.2818,24.3551],[87.2756,24.3557],[87.2692,24.3556],[87.2661,24.3545],[87.2676,24.3514],[87.2711,24.3481],[87.2791,24.3472],[87.2805,24.3454],[87.2786,24.3427],[87.2814,24.3391],[87.2806,24.3346],[87.2896,24.3336],[87.2899,24.3366],[87.2918,24.3397],[87.2956,24.3404],[87.3019,24.3364],[87.3033,24.3308],[87.3053,24.3297],[87.3019,24.3224],[87.2986,24.3197],[87.2928,24.3182],[87.2871,24.3232],[87.2791,24.322],[87.2783,24.3248],[87.2746,24.324],[87.272,24.3198],[87.2686,24.3201],[87.2678,24.3238],[87.2635,24.3281],[87.257,24.3191],[87.2546,24.3198],[87.2508,24.3243],[87.2482,24.3251],[87.2466,24.3293],[87.2418,24.3308],[87.2407,24.3353],[87.2357,24.3388],[87.2336,24.3387],[87.2281,24.3366],[87.227,24.332],[87.2279,24.3268],[87.2276,24.3237],[87.2243,24.3231],[87.2218,24.3204],[87.221,24.3156],[87.2162,24.3114],[87.2146,24.3086],[87.2154,24.3037],[87.2158,24.2978],[87.2173,24.2953],[87.2216,24.2918],[87.222,24.2883],[87.2206,24.2872],[87.2117,24.2841],[87.2077,24.2811],[87.2067,24.2777],[87.215,24.2716],[87.2178,24.2666],[87.2171,24.2588],[87.2182,24.2555],[87.2208,24.2521],[87.223,24.2473],[87.2258,24.2434],[87.2307,24.2395],[87.2333,24.2353],[87.2393,24.2282],[87.2418,24.2261],[87.2475,24.2229],[87.2496,24.2193],[87.2495,24.2167],[87.2454,24.2091],[87.2449,24.2058],[87.242,24.1994],[87.2435,24.1958],[87.2439,24.1885],[87.2437,24.1845],[87.2447,24.1812],[87.2466,24.1818],[87.255,24.1799],[87.2605,24.1693],[87.2644,24.1657],[87.2673,24.1641],[87.2722,24.163],[87.2755,24.1604],[87.2815,24.1573],[87.2832,24.1555],[87.2855,24.1485],[87.2885,24.1462],[87.2936,24.1441],[87.2943,24.1408],[87.2929,24.1393],[87.2869,24.1375],[87.2839,24.1335],[87.2827,24.1277],[87.2844,24.1253],[87.2973,24.1196],[87.3004,24.114],[87.3049,24.1105],[87.3073,24.1075],[87.3108,24.105],[87.318,24.0986],[87.3213,24.0965],[87.3258,24.0953],[87.3278,24.0933],[87.3272,24.0904],[87.3312,24.0837],[87.3373,24.0794],[87.3371,24.0752],[87.3446,24.0725],[87.3496,24.0692],[87.3532,24.0645],[87.3565,24.065],[87.3644,24.0681],[87.3768,24.0704],[87.3778,24.0733],[87.3745,24.0785],[87.3742,24.0815],[87.371,24.0848],[87.374,24.0878],[87.3796,24.0893],[87.382,24.0928],[87.3848,24.093],[87.3898,24.0969],[87.3922,24.0978],[87.3934,24.1011],[87.397,24.1063],[87.3958,24.1092],[87.3993,24.1101],[87.3989,24.1126],[87.3908,24.1192],[87.3874,24.12],[87.3795,24.1262],[87.3753,24.1264],[87.3677,24.136],[87.3636,24.1387],[87.3634,24.145],[87.3667,24.1478],[87.3682,24.1509],[87.3676,24.1552],[87.3653,24.1631],[87.3634,24.166],[87.3633,24.1682],[87.3606,24.1725],[87.3507,24.1732],[87.3495,24.1777],[87.3506,24.1831],[87.3384,24.1871],[87.3309,24.1843],[87.3262,24.184],[87.3241,24.1806],[87.3217,24.1783],[87.3153,24.1769],[87.3113,24.1822],[87.307,24.1857],[87.3032,24.1872],[87.2966,24.1916],[87.2959,24.1941],[87.2992,24.202],[87.2961,24.2041],[87.299,24.2124],[87.3002,24.2131],[87.3002,24.2175],[87.3025,24.2202],[87.3032,24.2226],[87.3064,24.2249],[87.3146,24.2255],[87.3175,24.2248],[87.3197,24.2262],[87.3236,24.2248],[87.3256,24.2282],[87.329,24.2282],[87.3365,24.2268],[87.3386,24.2282],[87.3387,24.2306],[87.3404,24.2345],[87.3406,24.2386],[87.3446,24.2405],[87.3535,24.2386],[87.36,24.2423],[87.3625,24.24],[87.365,24.2392],[87.3706,24.2399],[87.3721,24.2426],[87.3754,24.2455],[87.3793,24.2501],[87.3814,24.2508],[87.3844,24.2566],[87.3892,24.2624],[87.3912,24.2676],[87.3956,24.2691],[87.3956,24.2724],[87.4008,24.2744],[87.408,24.2782],[87.4107,24.2816]],[[87.3458,24.3799],[87.3433,24.3764],[87.3411,24.3749],[87.3368,24.3768],[87.3362,24.3857],[87.3376,24.3878],[87.3408,24.3854],[87.3458,24.3799]]]},"properties":{"id":"in:subdistrict:2673","level":"subdistrict","name":"Dumka","code":2673,"parent":"in:district:326","state":"in:state:20"}},{"type":"Feature","geometry":{"type":"Polygon","coordinates":[[[87.0676,24.2516],[87.0666,24.2478],[87.0608,24.2452],[87.0577,24.2416],[87.0549,24.237],[87.0545,24.234],[87.0554,24.2304],[87.0532,24.2291],[87.0466,24.2228],[87.046,24.2184],[87.0501,24.2146],[87.0487,24.2105],[87.052,24.2064],[87.0505,24.2034],[87.0452,24.2001],[87.0422,24.1958],[87.0358,24.2009],[87.0297,24.2041],[87.0269,24.2067],[87.0247,24.2057],[87.0169,24.2074],[87.0135,24.2124],[87.0082,24.2129],[87.0047,24.2141],[87.0011,24.2139],[86.9969,24.2112],[86.994,24.2114],[86.9899,24.214],[86.9892,24.2128],[86.9831,24.2147],[86.9782,24.2119],[86.9749,24.2129],[86.9757,24.2078],[86.9779,24.2015],[86.9761,24.2],[86.9764,24.1966],[86.9798,24.1939],[86.9802,24.1854],[86.9784,24.1841],[86.9801,24.1795],[86.9735,24.1797],[86.9654,24.1777],[86.963,24.1744],[86.964,24.1721],[86.9602,24.1715],[86.959,24.1684],[86.9568,24.1665],[86.9594,24.1638],[86.9506,24.1634],[86.946,24.1649],[86.9448,24.1612],[86.9391,24.1507],[86.9397,24.1474],[86.9357,24.136],[86.9381,24.1339],[86.9463,24.1344],[86.95,24.1336],[86.9566,24.1286],[86.9654,24.1264],[86.9674,24.1265],[86.9637,24.1144],[86.9718,24.1111],[86.9775,24.107],[86.9803,24.1155],[86.9814,24.1238],[86.9871,24.1261],[86.9919,24.1251],[86.9994,24.1263],[87.0035,24.1323],[87.0059,24.1318],[87.0067,24.1341],[87.011,24.1399],[87.0105,24.1432],[87.0082,24.145],[87.0117,24.1465],[87.0169,24.1439],[87.025,24.1422],[87.0284,24.1404],[87.0333,24.1398],[87.0342,24.1379],[87.0385,24.1369],[87.0463,24.1368],[87.05,24.1348],[87.0523,24.1306],[87.0564,24.1266],[87.0567,24.1234],[87.0601,24.1179],[87.0638,24.1153],[87.0703,24.1131],[87.0734,24.1114],[87.0807,24.1043],[87.0839,24.1029],[87.0845,24.105],[87.0886,24.1064],[87.0935,24.1049],[87.0952,24.1033],[87.0965,24.0977],[87.0984,24.0959],[87.0989,24.0918],[87.1017,24.0877],[87.103,24.0845],[87.1085,24.078],[87.1111,24.0702],[87.1125,24.0631],[87.1148,24.0603],[87.1178,24.0594],[87.1205,24.0551],[87.122,24.0494],[87.1262,24.047],[87.1288,24.0458],[87.1307,24.043],[87.1343,24.0405],[87.1378,24.0363],[87.1406,24.0377],[87.1448,24.0381],[87.1496,24.0397],[87.154,24.0384],[87.1628,24.0323],[87.17,24.0301],[87.1784,24.0298],[87.1872,24.0282],[87.2004,24.0251],[87.207,24.027],[87.2165,24.023],[87.2227,24.0245],[87.2289,24.0246],[87.2333,24.0241],[87.2353,24.0269],[87.2344,24.0325],[87.2395,24.038],[87.2409,24.0413],[87.2472,24.0453],[87.2478,24.0492],[87.2455,24.0519],[87.2478,24.0555],[87.25,24.0635],[87.2502,24.0661],[87.2452,24.0689],[87.2405,24.074],[87.2396,24.0776],[87.238,24.08],[87.229,24.0855],[87.2217,24.0941],[87.2182,24.0975],[87.2147,24.0986],[87.2062,24.1026],[87.2079,24.1073],[87.2055,24.1079],[87.2096,24.1154],[87.2173,24.1143],[87.2184,24.1133],[87.2231,24.1121],[87.2265,24.1126],[87.2314,24.1108],[87.2417,24.1113],[87.251,24.111],[87.2512,24.1082],[87.2567,24.1039],[87.2613,24.0998],[87.2635,24.0986],[87.27,24.1006],[87.2729,24.0995],[87.2819,24.0935],[87.284,24.0926],[87.2879,24.0933],[87.2923,24.0887],[87.2957,24.0879],[87.3043,24.0806],[87.3068,24.0773],[87.3112,24.0778],[87.3172,24.0773],[87.321,24.0778],[87.3304,24.0771],[87.3346,24.0778],[87.3373,24.0794],[87.3312,24.0837],[87.3272,24.0904],[87.3278,24.0933],[87.3258,24.0953],[87.3213,24.0965],[87.318,24.0986],[87.3108,24.105],[87.3073,24.1075],[87.3049,24.1105],[87.3004,24.114],[87.2973,24.1196],[87.2844,24.1253],[87.2827,24.1277],[87.2839,24.1335],[87.2869,24.1375],[87.2929,24.1393],[87.2943,24.1408],[87.2936,24.1441],[87.2885,24.1462],[87.2855,24.1485],[87.2832,24.1555],[87.2815,24.1573],[87.2755,24.1604],[87.2722,24.163],[87.2673,24.1641],[87.2644,24.1657],[87.2605,24.1693],[87.255,24.1799],[87.2466,24.1818],[87.2447,24.1812],[87.2437,24.1845],[87.2439,24.1885],[87.2385,24.1846],[87.2322,24.1847],[87.2292,24.184],[87.2261,24.1856],[87.2196,24.182],[87.2139,24.1816],[87.2041,24.1843],[87.1951,24.1829],[87.1953,24.1806],[87.1932,24.1776],[87.1864,24.1781],[87.1826,24.1822],[87.1784,24.1837],[87.1748,24.1859],[87.175,24.1897],[87.1702,24.1891],[87.1658,24.1899],[87.161,24.19],[87.157,24.1918],[87.156,24.1966],[87.1578,24.2006],[87.1607,24.2042],[87.1609,24.2059],[87.1684,24.2063],[87.1676,24.2087],[87.1643,24.213],[87.1545,24.2108],[87.1533,24.2184],[87.1518,24.2209],[87.1474,24.2173],[87.1426,24.2164],[87.1376,24.2175],[87.1365,24.2193],[87.1311,24.2205],[87.1284,24.2235],[87.1259,24.2241],[87.1194,24.23],[87.1145,24.231],[87.1043,24.2284],[87.1018,24.2285],[87.0959,24.2302],[87.0922,24.2326],[87.0884,24.2371],[87.0837,24.2398],[87.079,24.2401],[87.0771,24.2432],[87.0745,24.242],[87.0711,24.2438],[87.0727,24.2493],[87.0705,24.2524],[87.0676,24.2516]]]},"properties":{"id":"in:subdistrict:2675","level":"subdistrict","name":"Masalia","code":2675,"parent":"in:district:326","state":"in:state:20"}},{"type":"Feature","geometry":{"type":"Polygon","coordinates":[[[87.4964,24.1139],[87.49,24.1185],[87.4854,24.1182],[87.4817,24.121],[87.4781,24.122],[87.474,24.129],[87.4732,24.1334],[87.4765,24.1361],[87.4751,24.1392],[87.4743,24.1443],[87.4714,24.1468],[87.472,24.1494],[87.469,24.1505],[87.4665,24.1528],[87.4639,24.1575],[87.4641,24.1633],[87.4664,24.1667],[87.4655,24.1687],[87.4677,24.1727],[87.4682,24.1773],[87.467,24.1793],[87.4622,24.1784],[87.4586,24.1825],[87.4562,24.1832],[87.4548,24.1868],[87.4553,24.1944],[87.4542,24.2015],[87.4551,24.2066],[87.4567,24.2095],[87.4521,24.2131],[87.4471,24.2133],[87.4421,24.2116],[87.4415,24.2083],[87.4392,24.2069],[87.4372,24.2018],[87.4324,24.202],[87.4302,24.1997],[87.4266,24.1993],[87.4233,24.201],[87.4147,24.1993],[87.4137,24.1974],[87.4102,24.1953],[87.407,24.1901],[87.4059,24.186],[87.4001,24.1851],[87.3956,24.1865],[87.3937,24.1887],[87.3901,24.1866],[87.3854,24.1849],[87.3818,24.1851],[87.38,24.1819],[87.3765,24.1783],[87.3744,24.1786],[87.3716,24.1747],[87.3664,24.1762],[87.3608,24.1768],[87.3606,24.1725],[87.3633,24.1682],[87.3634,24.166],[87.3653,24.1631],[87.3676,24.1552],[87.3682,24.1509],[87.3667,24.1478],[87.3634,24.145],[87.3636,24.1387],[87.3677,24.136],[87.3753,24.1264],[87.3795,24.1262],[87.3874,24.12],[87.3908,24.1192],[87.3989,24.1126],[87.3993,24.1101],[87.3958,24.1092],[87.397,24.1063],[87.3934,24.1011],[87.3922,24.0978],[87.3898,24.0969],[87.3848,24.093],[87.382,24.0928],[87.3796,24.0893],[87.374,24.0878],[87.371,24.0848],[87.3742,24.0815],[87.3745,24.0785],[87.3778,24.0733],[87.3768,24.0704],[87.3644,24.0681],[87.3565,24.065],[87.3532,24.0645],[87.3496,24.0692],[87.3446,24.0725],[87.3371,24.0752],[87.3373,24.0794],[87.3346,24.0778],[87.3304,24.0771],[87.321,24.0778],[87.3172,24.0773],[87.3112,24.0778],[87.3068,24.0773],[87.3043,24.0806],[87.2957,24.0879],[87.2923,24.0887],[87.2879,24.0933],[87.284,24.0926],[87.2819,24.0935],[87.2729,24.0995],[87.27,24.1006],[87.2635,24.0986],[87.2613,24.0998],[87.2567,24.1039],[87.2512,24.1082],[87.251,24.111],[87.2417,24.1113],[87.2314,24.1108],[87.2265,24.1126],[87.2231,24.1121],[87.2184,24.1133],[87.2173,24.1143],[87.2096,24.1154],[87.2055,24.1079],[87.2079,24.1073],[87.2062,24.1026],[87.2147,24.0986],[87.2182,24.0975],[87.2217,24.0941],[87.229,24.0855],[87.238,24.08],[87.2396,24.0776],[87.2405,24.074],[87.2452,24.0689],[87.2502,24.0661],[87.25,24.0635],[87.2478,24.0555],[87.2455,24.0519],[87.2478,24.0492],[87.2472,24.0453],[87.2535,24.043],[87.2607,24.0374],[87.2631,24.0369],[87.2676,24.0378],[87.2734,24.0352],[87.2755,24.033],[87.2875,24.0289],[87.29,24.0298],[87.2902,24.0323],[87.2926,24.0334],[87.2986,24.0335],[87.3051,24.032],[87.3089,24.0321],[87.3133,24.035],[87.3172,24.0357],[87.327,24.0329],[87.3323,24.0329],[87.3371,24.0343],[87.3391,24.0299],[87.3396,24.0265],[87.3363,24.026],[87.3364,24.0221],[87.3341,24.0199],[87.3299,24.0196],[87.3266,24.0176],[87.3232,24.0126],[87.3236,24.0099],[87.3203,24.0094],[87.3191,24.0078],[87.322,24.0031],[87.3282,23.9987],[87.3377,24],[87.341,23.999],[87.352,23.9992],[87.355,24.0044],[87.357,24.0061],[87.3573,24.0099],[87.3604,24.0131],[87.3711,24.0094],[87.3751,24.009],[87.3791,24.0065],[87.3802,24.0041],[87.3831,24.0045],[87.3946,24.0027],[87.3988,24.0007],[87.403,23.9975],[87.4056,23.9972],[87.4111,23.9949],[87.4182,23.9926],[87.4226,23.9935],[87.4277,23.9923],[87.4292,23.9865],[87.4359,23.9835],[87.4368,23.9821],[87.4404,23.9813],[87.4428,23.9824],[87.4459,23.9823],[87.4489,23.9856],[87.4521,23.9867],[87.4606,23.984],[87.4619,23.987],[87.4617,23.9949],[87.4559,23.9999],[87.4555,24.0019],[87.4486,24.003],[87.4453,24.002],[87.4452,24.0054],[87.4497,24.0098],[87.4488,24.0114],[87.4414,24.0114],[87.4402,24.0091],[87.438,24.0095],[87.4383,24.0136],[87.4445,24.0151],[87.4462,24.0138],[87.4523,24.0165],[87.4583,24.0167],[87.4603,24.0184],[87.4617,24.0132],[87.4689,24.014],[87.4723,24.0163],[87.4761,24.0123],[87.4822,24.0162],[87.4898,24.0177],[87.4915,24.0186],[87.4969,24.0254],[87.5004,24.0265],[87.5029,24.0261],[87.5036,24.0318],[87.512,24.0358],[87.5101,24.0454],[87.5086,24.0476],[87.5045,24.0485],[87.5015,24.0508],[87.4976,24.0514],[87.4934,24.0544],[87.4955,24.0575],[87.4961,24.0611],[87.4987,24.0615],[87.4999,24.0652],[87.4948,24.0668],[87.4906,24.0706],[87.4927,24.0769],[87.4995,24.0761],[87.5021,24.0737],[87.5061,24.0756],[87.5061,24.0785],[87.5075,24.0805],[87.5107,24.0821],[87.5083,24.0854],[87.5017,24.0863],[87.4976,24.0858],[87.493,24.0874],[87.4899,24.0906],[87.4922,24.0938],[87.4954,24.093],[87.4971,24.0945],[87.4976,24.0979],[87.5004,24.1018],[87.4977,24.1064],[87.4958,24.1128],[87.4964,24.1139]]]},"properties":{"id":"in:subdistrict:2672","level":"subdistrict","name":"Ranishwar","code":2672,"parent":"in:district:326","state":"in:state:20"}},{"type":"Feature","geometry":{"type":"Polygon","coordinates":[[[87.2906,23.8928],[87.2912,23.8938],[87.2882,23.8972],[87.2896,23.8999],[87.2949,23.902],[87.2919,23.9042],[87.2906,23.9122],[87.2907,23.9159],[87.288,23.919],[87.2835,23.9209],[87.2882,23.9269],[87.2847,23.9285],[87.2839,23.9319],[87.2842,23.9383],[87.287,23.9403],[87.2908,23.9417],[87.2912,23.9442],[87.2898,23.9495],[87.291,23.9532],[87.2936,23.9573],[87.2904,23.9592],[87.2885,23.9585],[87.2833,23.9595],[87.2765,23.9633],[87.2759,23.9654],[87.2709,23.9675],[87.2659,23.9657],[87.2615,23.9676],[87.2604,23.9722],[87.2632,23.9823],[87.2669,23.9822],[87.2683,23.9891],[87.2652,23.9939],[87.2655,23.9962],[87.2642,24.0006],[87.262,24.0032],[87.2583,24.0006],[87.2531,23.9989],[87.2505,23.997],[87.2475,24.0007],[87.2409,24.0119],[87.2446,24.0166],[87.235,24.0202],[87.2333,24.0241],[87.2289,24.0246],[87.2227,24.0245],[87.2165,24.023],[87.207,24.027],[87.2004,24.0251],[87.1872,24.0282],[87.1784,24.0298],[87.17,24.0301],[87.1628,24.0323],[87.154,24.0384],[87.1496,24.0397],[87.1448,24.0381],[87.1406,24.0377],[87.1378,24.0363],[87.1343,24.0405],[87.1307,24.043],[87.1288,24.0458],[87.1262,24.047],[87.1222,24.0419],[87.1191,24.041],[87.1142,24.0366],[87.1107,24.0351],[87.1145,24.031],[87.1142,24.0235],[87.1171,24.0199],[87.1196,24.02],[87.1261,24.0146],[87.1243,24.0101],[87.1209,24.0092],[87.1117,24.011],[87.1082,24.0122],[87.1017,24.0113],[87.1017,24.0072],[87.1048,24.0034],[87.1063,23.9971],[87.1035,23.9966],[87.1021,23.99],[87.1087,23.9884],[87.1144,23.9877],[87.1179,23.9884],[87.1206,23.982],[87.1179,23.9747],[87.1113,23.9677],[87.1075,23.9707],[87.1012,23.9704],[87.0993,23.9675],[87.0969,23.968],[87.0971,23.9644],[87.0986,23.9597],[87.103,23.9573],[87.1065,23.9533],[87.1095,23.9515],[87.1145,23.9517],[87.1179,23.953],[87.1269,23.9493],[87.1275,23.947],[87.1313,23.9445],[87.135,23.9435],[87.1343,23.9398],[87.132,23.9357],[87.1319,23.9339],[87.1274,23.9288],[87.1273,23.9257],[87.1244,23.9224],[87.1203,23.9194],[87.1184,23.9162],[87.118,23.9119],[87.1218,23.9082],[87.1222,23.9052],[87.124,23.9035],[87.1254,23.9001],[87.123,23.897],[87.1279,23.8929],[87.1321,23.8938],[87.1341,23.8913],[87.1408,23.8871],[87.1468,23.8848],[87.1492,23.8832],[87.1447,23.8756],[87.1449,23.8714],[87.1432,23.8691],[87.1443,23.8676],[87.1491,23.8662],[87.1507,23.8672],[87.1553,23.8652],[87.1645,23.8652],[87.1664,23.8644],[87.17,23.8599],[87.1727,23.8583],[87.1739,23.8547],[87.1799,23.852],[87.1873,23.8596],[87.1904,23.8574],[87.1959,23.8578],[87.1932,23.8524],[87.1892,23.8504],[87.1886,23.8432],[87.1924,23.8436],[87.1942,23.8452],[87.1963,23.8496],[87.199,23.8502],[87.2035,23.8499],[87.2052,23.8554],[87.2115,23.8539],[87.2139,23.8506],[87.2232,23.8582],[87.2337,23.8571],[87.2369,23.8541],[87.2348,23.8521],[87.2305,23.8459],[87.2232,23.8456],[87.2221,23.8371],[87.2165,23.832],[87.2176,23.8292],[87.2241,23.8279],[87.2263,23.8256],[87.2305,23.8259],[87.233,23.8276],[87.2384,23.8264],[87.2412,23.8276],[87.2444,23.8322],[87.2485,23.8346],[87.2475,23.8377],[87.2482,23.8394],[87.2513,23.8405],[87.2517,23.8428],[87.2545,23.8456],[87.2542,23.8482],[87.2506,23.8493],[87.2482,23.8544],[87.2453,23.8556],[87.2443,23.8602],[87.2465,23.8628],[87.2451,23.8649],[87.2487,23.8687],[87.2415,23.8697],[87.2421,23.8743],[87.2415,23.8764],[87.2445,23.8819],[87.2427,23.8841],[87.2431,23.8934],[87.2453,23.895],[87.2444,23.9031],[87.2466,23.9056],[87.2451,23.9082],[87.2497,23.9103],[87.2525,23.9128],[87.2583,23.9063],[87.259,23.9041],[87.2574,23.9018],[87.2589,23.8995],[87.2584,23.8941],[87.2604,23.8901],[87.2623,23.8885],[87.2626,23.8808],[87.2684,23.8764],[87.2691,23.8746],[87.2749,23.8818],[87.2754,23.8848],[87.2796,23.8865],[87.2807,23.888],[87.2888,23.8914],[87.2906,23.8928]]]},"properties":{"id":"in:subdistrict:2681","level":"subdistrict","name":"Kundhit","code":2681,"parent":"in:district:333","state":"in:state:20"}},{"type":"Feature","geometry":{"type":"MultiPolygon","coordinates":[[[[86.9506,23.8461],[86.9596,23.8478],[86.9624,23.8501],[86.9637,23.8536],[86.964,23.8593],[86.9657,23.8648],[86.9683,23.8675],[86.9714,23.8688],[86.9758,23.8676],[86.9815,23.8626],[86.986,23.8596],[87.0041,23.8548],[87.011,23.8526],[87.0173,23.8491],[87.0224,23.8455],[87.0271,23.8431],[87.037,23.8397],[87.0399,23.8377],[87.0439,23.8331],[87.0516,23.8254],[87.0597,23.8197],[87.0642,23.8172],[87.0746,23.8144],[87.0814,23.8101],[87.0867,23.809],[87.089,23.8138],[87.0918,23.8154],[87.097,23.8129],[87.102,23.8074],[87.103,23.8048],[87.1068,23.8044],[87.108,23.808],[87.1142,23.8087],[87.1189,23.8052],[87.1182,23.8024],[87.1128,23.8053],[87.1105,23.8032],[87.1109,23.8003],[87.115,23.7994],[87.1183,23.7975],[87.1269,23.7987],[87.1311,23.7979],[87.1368,23.8027],[87.1407,23.804],[87.1442,23.799],[87.1484,23.7973],[87.1516,23.7988],[87.1531,23.8031],[87.1578,23.8093],[87.159,23.8149],[87.1638,23.8176],[87.1659,23.8207],[87.1671,23.8251],[87.1633,23.8266],[87.1603,23.8311],[87.1567,23.8315],[87.1537,23.8295],[87.1415,23.8454],[87.1396,23.8484],[87.13,23.8539],[87.1308,23.8565],[87.1294,23.8608],[87.1293,23.8686],[87.1339,23.8702],[87.1407,23.8691],[87.1443,23.8676],[87.1432,23.8691],[87.1449,23.8714],[87.1447,23.8756],[87.1492,23.8832],[87.1468,23.8848],[87.1408,23.8871],[87.1341,23.8913],[87.1321,23.8938],[87.1279,23.8929],[87.123,23.897],[87.1254,23.9001],[87.124,23.9035],[87.1222,23.9052],[87.1218,23.9082],[87.118,23.9119],[87.1184,23.9162],[87.1203,23.9194],[87.1244,23.9224],[87.1273,23.9257],[87.1274,23.9288],[87.1319,23.9339],[87.132,23.9357],[87.1343,23.9398],[87.135,23.9435],[87.1313,23.9445],[87.1275,23.947],[87.1269,23.9493],[87.1179,23.953],[87.1145,23.9517],[87.1095,23.9515],[87.1065,23.9533],[87.103,23.9573],[87.0986,23.9597],[87.0971,23.9644],[87.0969,23.968],[87.0993,23.9675],[87.1012,23.9704],[87.1075,23.9707],[87.1113,23.9677],[87.1179,23.9747],[87.1206,23.982],[87.1179,23.9884],[87.1144,23.9877],[87.1087,23.9884],[87.1021,23.99],[87.1035,23.9966],[87.1063,23.9971],[87.1048,24.0034],[87.1035,24.0011],[87.1004,23.9992],[87.095,23.9991],[87.0913,23.9977],[87.0887,23.9999],[87.0839,24.0007],[87.0788,23.9981],[87.0768,23.9981],[87.0736,23.9955],[87.0711,23.996],[87.0697,23.9982],[87.0658,23.9995],[87.0628,23.998],[87.0598,23.9988],[87.0555,23.9965],[87.0538,23.998],[87.0508,24.0029],[87.0506,24.0056],[87.0486,24.0072],[87.0468,24.013],[87.0387,24.0173],[87.0434,24.021],[87.0432,24.0238],[87.0391,24.0276],[87.0371,24.0253],[87.0337,24.0276],[87.032,24.0299],[87.0333,24.0345],[87.0301,24.0359],[87.0264,24.0323],[87.0178,24.033],[87.0134,24.029],[87.0137,24.0267],[87.0162,24.0253],[87.0127,24.0199],[87.0121,24.0165],[87.0088,24.0161],[87.0066,24.0135],[87.0049,24.0096],[87.0128,24.0091],[87.0141,24.0039],[87.0137,23.9979],[87.0116,23.9964],[87.0045,23.9938],[87.0052,23.9899],[86.9975,23.9907],[86.9941,23.9903],[86.9918,23.9954],[86.9892,23.9992],[86.9865,23.998],[86.9843,23.9923],[86.9828,23.9859],[86.9768,23.9827],[86.9719,23.9789],[86.9677,23.9748],[86.964,23.9726],[86.961,23.9721],[86.9571,23.9694],[86.945,23.9709],[86.9422,23.9706],[86.9377,23.9731],[86.9346,23.9734],[86.9283,23.9771],[86.9251,23.9764],[86.9199,23.9812],[86.9222,23.9859],[86.9223,23.9897],[86.9246,23.9972],[86.9169,24.0014],[86.9142,24.001],[86.9098,24.0023],[86.9141,24.0086],[86.9169,24.0114],[86.9161,24.0129],[86.9121,24.0121],[86.909,24.0125],[86.9047,24.0178],[86.9027,24.019],[86.8966,24.0186],[86.8974,24.0138],[86.8948,24.0105],[86.8947,24.0062],[86.8922,24.0023],[86.8951,23.9943],[86.8928,23.9902],[86.8922,23.9873],[86.8964,23.9857],[86.8983,23.986],[86.9001,23.9774],[86.8997,23.9759],[86.893,23.9747],[86.8911,23.9705],[86.8849,23.9718],[86.8778,23.9754],[86.876,23.9723],[86.871,23.9687],[86.8704,23.9646],[86.8734,23.9568],[86.8791,23.9505],[86.8802,23.9471],[86.8812,23.939],[86.8872,23.9274],[86.8885,23.9223],[86.8889,23.9157],[86.891,23.912],[86.9011,23.91],[86.9034,23.9076],[86.9048,23.9041],[86.9059,23.8989],[86.9074,23.8955],[86.9104,23.8907],[86.917,23.8827],[86.9162,23.8819],[86.9209,23.878],[86.9289,23.8728],[86.9325,23.8687],[86.9335,23.8645],[86.933,23.8572],[86.9337,23.8543],[86.9376,23.8504],[86.9426,23.8486],[86.946,23.8466],[86.9506,23.8461]]],[[[86.9884,24.0507],[86.9874,24.0547],[86.9859,24.0546],[86.9807,24.0499],[86.9825,24.0473],[86.9815,24.0449],[86.981,24.0363],[86.983,24.0344],[86.9856,24.0342],[86.984,24.0382],[86.9852,24.0421],[86.9887,24.0447],[86.9884,24.0507]]]]},"properties":{"id":"in:subdistrict:2679","level":"subdistrict","name":"Nala","code":2679,"parent":"in:district:333","state":"in:state:20"}},{"type":"Feature","geometry":{"type":"Polygon","coordinates":[[[86.9775,24.107],[86.9741,24.1028],[86.9748,24.1008],[86.9715,24.0979],[86.9725,24.0936],[86.9749,24.0921],[86.9791,24.0815],[86.9798,24.0776],[86.9758,24.0708],[86.9753,24.066],[86.9775,24.0652],[86.9768,24.0623],[86.9718,24.0618],[86.9668,24.0572],[86.9641,24.0571],[86.9577,24.0531],[86.9567,24.05],[86.9583,24.0492],[86.9606,24.0456],[86.9568,24.0434],[86.9549,24.0411],[86.9511,24.0409],[86.942,24.043],[86.9311,24.0443],[86.9256,24.0474],[86.9203,24.0491],[86.9159,24.0536],[86.9195,24.06],[86.9179,24.0621],[86.9143,24.0602],[86.9088,24.0584],[86.9031,24.0579],[86.8975,24.0646],[86.8965,24.0671],[86.888,24.069],[86.8842,24.0687],[86.8843,24.0651],[86.8808,24.0609],[86.8713,24.0643],[86.8682,24.063],[86.8663,24.0608],[86.8634,24.0602],[86.8613,24.0583],[86.8558,24.0584],[86.8521,24.057],[86.8505,24.0525],[86.8484,24.0515],[86.8399,24.0499],[86.845,24.0438],[86.8522,24.0383],[86.8542,24.0348],[86.853,24.0327],[86.8477,24.0288],[86.8465,24.0265],[86.847,24.0233],[86.8499,24.02],[86.8534,24.0143],[86.855,24.0105],[86.8597,24.0056],[86.8634,23.9998],[86.8685,23.9965],[86.8696,23.9918],[86.8689,23.99],[86.8704,23.9844],[86.8754,23.9812],[86.8774,23.9786],[86.8778,23.9754],[86.8849,23.9718],[86.8911,23.9705],[86.893,23.9747],[86.8997,23.9759],[86.9001,23.9774],[86.8983,23.986],[86.8964,23.9857],[86.8922,23.9873],[86.8928,23.9902],[86.8951,23.9943],[86.8922,24.0023],[86.8947,24.0062],[86.8948,24.0105],[86.8974,24.0138],[86.8966,24.0186],[86.9027,24.019],[86.9047,24.0178],[86.909,24.0125],[86.9121,24.0121],[86.9161,24.0129],[86.9169,24.0114],[86.9141,24.0086],[86.9098,24.0023],[86.9142,24.001],[86.9169,24.0014],[86.9246,23.9972],[86.9223,23.9897],[86.9222,23.9859],[86.9199,23.9812],[86.9251,23.9764],[86.9283,23.9771],[86.9346,23.9734],[86.9377,23.9731],[86.9422,23.9706],[86.945,23.9709],[86.9571,23.9694],[86.961,23.9721],[86.964,23.9726],[86.9677,23.9748],[86.9719,23.9789],[86.9768,23.9827],[86.9828,23.9859],[86.9843,23.9923],[86.9865,23.998],[86.9892,23.9992],[86.9918,23.9954],[86.9941,23.9903],[86.9975,23.9907],[87.0052,23.9899],[87.0045,23.9938],[87.0116,23.9964],[87.0137,23.9979],[87.0141,24.0039],[87.0128,24.0091],[87.0049,24.0096],[87.0066,24.0135],[87.0088,24.0161],[87.0121,24.0165],[87.0127,24.0199],[87.0162,24.0253],[87.0137,24.0267],[87.0134,24.029],[87.0178,24.033],[87.0264,24.0323],[87.0301,24.0359],[87.0333,24.0345],[87.032,24.0299],[87.0337,24.0276],[87.0371,24.0253],[87.0391,24.0276],[87.0432,24.0238],[87.0434,24.021],[87.0387,24.0173],[87.0468,24.013],[87.0486,24.0072],[87.0506,24.0056],[87.0508,24.0029],[87.0538,23.998],[87.0555,23.9965],[87.0598,23.9988],[87.0628,23.998],[87.0658,23.9995],[87.0697,23.9982],[87.0711,23.996],[87.0736,23.9955],[87.0768,23.9981],[87.0788,23.9981],[87.0839,24.0007],[87.0887,23.9999],[87.0913,23.9977],[87.095,23.9991],[87.1004,23.9992],[87.1035,24.0011],[87.1048,24.0034],[87.1017,24.0072],[87.1017,24.0113],[87.1082,24.0122],[87.1117,24.011],[87.1209,24.0092],[87.1243,24.0101],[87.1261,24.0146],[87.1196,24.02],[87.1171,24.0199],[87.1142,24.0235],[87.1145,24.031],[87.1107,24.0351],[87.1142,24.0366],[87.1191,24.041],[87.1222,24.0419],[87.1262,24.047],[87.122,24.0494],[87.1205,24.0551],[87.1178,24.0594],[87.1148,24.0603],[87.1125,24.0631],[87.1111,24.0702],[87.1085,24.078],[87.103,24.0845],[87.1017,24.0877],[87.0989,24.0918],[87.0984,24.0959],[87.0965,24.0977],[87.0952,24.1033],[87.0935,24.1049],[87.0886,24.1064],[87.0845,24.105],[87.0839,24.1029],[87.0807,24.1043],[87.0734,24.1114],[87.0703,24.1131],[87.0638,24.1153],[87.0601,24.1179],[87.0567,24.1234],[87.0564,24.1266],[87.0523,24.1306],[87.05,24.1348],[87.0463,24.1368],[87.0385,24.1369],[87.0342,24.1379],[87.0333,24.1398],[87.0284,24.1404],[87.025,24.1422],[87.0169,24.1439],[87.0117,24.1465],[87.0082,24.145],[87.0105,24.1432],[87.011,24.1399],[87.0067,24.1341],[87.0059,24.1318],[87.0035,24.1323],[86.9994,24.1263],[86.9919,24.1251],[86.9871,24.1261],[86.9814,24.1238],[86.9803,24.1155],[86.9775,24.107]],[[86.9884,24.0507],[86.9887,24.0447],[86.9852,24.0421],[86.984,24.0382],[86.9856,24.0342],[86.983,24.0344],[86.981,24.0363],[86.9815,24.0449],[86.9825,24.0473],[86.9807,24.0499],[86.9859,24.0546],[86.9874,24.0547],[86.9884,24.0507]]]},"properties":{"id":"in:subdistrict:2680","level":"subdistrict","name":"Fatehpur","code":2680,"parent":"in:district:333","state":"in:state:20"}},{"type":"Feature","geometry":{"type":"Polygon","coordinates":[[[86.9877,24.3064],[86.9857,24.3021],[86.9809,24.2984],[86.9783,24.2946],[86.9779,24.2897],[86.9742,24.2886],[86.9703,24.2903],[86.969,24.2929],[86.9628,24.2918],[86.9595,24.2927],[86.9514,24.2964],[86.9509,24.3002],[86.9488,24.3014],[86.9408,24.3007],[86.9374,24.297],[86.9348,24.2955],[86.9311,24.295],[86.9216,24.2949],[86.9155,24.2954],[86.9145,24.2993],[86.9068,24.3029],[86.905,24.3026],[86.9044,24.299],[86.9004,24.2952],[86.897,24.2946],[86.8919,24.2907],[86.893,24.2855],[86.891,24.2823],[86.8876,24.2749],[86.8854,24.2727],[86.8948,24.2704],[86.8962,24.2676],[86.9025,24.2643],[86.9034,24.2618],[86.8998,24.2592],[86.9027,24.2561],[86.9061,24.2561],[86.9087,24.2519],[86.9051,24.2459],[86.9052,24.244],[86.9108,24.2434],[86.9157,24.2408],[86.9155,24.2389],[86.9128,24.2376],[86.905,24.2398],[86.9024,24.2352],[86.9025,24.2281],[86.9045,24.2246],[86.9054,24.2197],[86.9032,24.2163],[86.8966,24.2135],[86.8932,24.2139],[86.8912,24.2105],[86.8866,24.2101],[86.8859,24.2089],[86.8793,24.2071],[86.8828,24.2027],[86.8801,24.1995],[86.8826,24.1948],[86.8825,24.1891],[86.8809,24.1847],[86.8866,24.1763],[86.8917,24.173],[86.8912,24.1683],[86.8879,24.1671],[86.8857,24.1617],[86.8822,24.1592],[86.8806,24.1532],[86.8811,24.1475],[86.884,24.1428],[86.8871,24.1407],[86.8849,24.132],[86.8808,24.1299],[86.8794,24.126],[86.8674,24.1171],[86.8652,24.1147],[86.8683,24.113],[86.8653,24.1079],[86.8613,24.1064],[86.8595,24.1038],[86.8604,24.1016],[86.8643,24.0991],[86.8653,24.0948],[86.8606,24.0876],[86.8608,24.0831],[86.8641,24.0791],[86.863,24.076],[86.8648,24.0722],[86.8644,24.0652],[86.8682,24.063],[86.8713,24.0643],[86.8808,24.0609],[86.8843,24.0651],[86.8842,24.0687],[86.888,24.069],[86.8965,24.0671],[86.8975,24.0646],[86.9031,24.0579],[86.9088,24.0584],[86.9143,24.0602],[86.9179,24.0621],[86.9195,24.06],[86.9159,24.0536],[86.9203,24.0491],[86.9256,24.0474],[86.9311,24.0443],[86.942,24.043],[86.9511,24.0409],[86.9549,24.0411],[86.9568,24.0434],[86.9606,24.0456],[86.9583,24.0492],[86.9567,24.05],[86.9577,24.0531],[86.9641,24.0571],[86.9668,24.0572],[86.9718,24.0618],[86.9768,24.0623],[86.9775,24.0652],[86.9753,24.066],[86.9758,24.0708],[86.9798,24.0776],[86.9791,24.0815],[86.9749,24.0921],[86.9725,24.0936],[86.9715,24.0979],[86.9748,24.1008],[86.9741,24.1028],[86.9775,24.107],[86.9718,24.1111],[86.9637,24.1144],[86.9674,24.1265],[86.9654,24.1264],[86.9566,24.1286],[86.95,24.1336],[86.9463,24.1344],[86.9381,24.1339],[86.9357,24.136],[86.9397,24.1474],[86.9391,24.1507],[86.9448,24.1612],[86.946,24.1649],[86.9506,24.1634],[86.9594,24.1638],[86.9568,24.1665],[86.959,24.1684],[86.9602,24.1715],[86.964,24.1721],[86.963,24.1744],[86.9654,24.1777],[86.9735,24.1797],[86.9801,24.1795],[86.9784,24.1841],[86.9802,24.1854],[86.9798,24.1939],[86.9764,24.1966],[86.9761,24.2],[86.9779,24.2015],[86.9757,24.2078],[86.9749,24.2129],[86.9782,24.2119],[86.9831,24.2147],[86.9892,24.2128],[86.9899,24.214],[86.994,24.2114],[86.9969,24.2112],[87.0011,24.2139],[87.0047,24.2141],[87.0082,24.2129],[87.0135,24.2124],[87.0169,24.2074],[87.0247,24.2057],[87.0269,24.2067],[87.0297,24.2041],[87.0358,24.2009],[87.0422,24.1958],[87.0452,24.2001],[87.0505,24.2034],[87.052,24.2064],[87.0487,24.2105],[87.0501,24.2146],[87.046,24.2184],[87.0466,24.2228],[87.0532,24.2291],[87.0554,24.2304],[87.0545,24.234],[87.0549,24.237],[87.0577,24.2416],[87.0608,24.2452],[87.0666,24.2478],[87.0676,24.2516],[87.0667,24.2532],[87.0593,24.2536],[87.0525,24.2551],[87.0462,24.2588],[87.0416,24.2604],[87.0362,24.2608],[87.0315,24.2638],[87.031,24.2668],[87.028,24.2709],[87.0257,24.2721],[87.026,24.2747],[87.0249,24.2797],[87.0248,24.2868],[87.0237,24.2905],[87.0265,24.2918],[87.0276,24.296],[87.0273,24.2988],[87.0242,24.3038],[87.021,24.3064],[87.0169,24.3061],[87.0079,24.3086],[87.0058,24.3085],[87.0022,24.3083],[86.999,24.3093],[86.9913,24.3045],[86.9877,24.3064]]]},"properties":{"id":"in:subdistrict:2554","level":"subdistrict","name":"Palojori","code":2554,"parent":"in:district:324","state":"in:state:20"}},{"type":"Feature","geometry":{"type":"Polygon","coordinates":[[[86.8682,24.063],[86.8644,24.0652],[86.8648,24.0722],[86.863,24.076],[86.8641,24.0791],[86.8608,24.0831],[86.8606,24.0876],[86.8653,24.0948],[86.8643,24.0991],[86.8604,24.1016],[86.8595,24.1038],[86.8613,24.1064],[86.8653,24.1079],[86.8683,24.113],[86.8652,24.1147],[86.8674,24.1171],[86.8794,24.126],[86.8808,24.1299],[86.8849,24.132],[86.8871,24.1407],[86.884,24.1428],[86.8811,24.1475],[86.8806,24.1532],[86.8822,24.1592],[86.8857,24.1617],[86.8879,24.1671],[86.8912,24.1683],[86.8917,24.173],[86.8866,24.1763],[86.8809,24.1847],[86.8825,24.1891],[86.8826,24.1948],[86.8801,24.1995],[86.8828,24.2027],[86.8793,24.2071],[86.8859,24.2089],[86.8866,24.2101],[86.8912,24.2105],[86.8932,24.2139],[86.8966,24.2135],[86.9032,24.2163],[86.9054,24.2197],[86.9045,24.2246],[86.9025,24.2281],[86.9024,24.2352],[86.905,24.2398],[86.9128,24.2376],[86.9155,24.2389],[86.9157,24.2408],[86.9108,24.2434],[86.9052,24.244],[86.9051,24.2459],[86.9087,24.2519],[86.9061,24.2561],[86.9027,24.2561],[86.8998,24.2592],[86.9034,24.2618],[86.9025,24.2643],[86.8962,24.2676],[86.8948,24.2704],[86.8854,24.2727],[86.8876,24.2749],[86.891,24.2823],[86.893,24.2855],[86.8919,24.2907],[86.8849,24.2924],[86.8841,24.2945],[86.879,24.2954],[86.8798,24.3034],[86.8839,24.3038],[86.8844,24.31],[86.8778,24.315],[86.8721,24.3184],[86.8697,24.3182],[86.8649,24.3148],[86.8627,24.3121],[86.8579,24.3062],[86.8543,24.3036],[86.8505,24.2993],[86.8459,24.2968],[86.8421,24.2886],[86.8402,24.2878],[86.8377,24.2824],[86.8408,24.2789],[86.8416,24.2748],[86.8415,24.2678],[86.8425,24.2658],[86.8417,24.2615],[86.834,24.2624],[86.8328,24.2555],[86.8286,24.2569],[86.8236,24.26],[86.8202,24.2637],[86.8263,24.2669],[86.8277,24.2685],[86.8296,24.274],[86.8259,24.2731],[86.8245,24.275],[86.8204,24.2755],[86.813,24.2737],[86.8118,24.2749],[86.8122,24.2797],[86.8119,24.2858],[86.8143,24.2912],[86.8112,24.2967],[86.8036,24.3024],[86.799,24.2999],[86.7948,24.2994],[86.7898,24.3009],[86.7855,24.2967],[86.7764,24.2981],[86.7745,24.2954],[86.7727,24.2953],[86.7691,24.2989],[86.7678,24.3038],[86.7652,24.3053],[86.7655,24.3077],[86.764,24.3055],[86.7643,24.299],[86.7575,24.2923],[86.7538,24.2925],[86.7505,24.2908],[86.7477,24.2861],[86.7375,24.2872],[86.7384,24.2827],[86.7378,24.2805],[86.7386,24.2792],[86.7395,24.2729],[86.7381,24.2677],[86.7348,24.2645],[86.7327,24.265],[86.7304,24.2629],[86.7318,24.2536],[86.7337,24.2504],[86.7467,24.2508],[86.749,24.2477],[86.7529,24.2459],[86.7578,24.2448],[86.7629,24.2407],[86.7616,24.2342],[86.7577,24.2326],[86.7524,24.2298],[86.7485,24.2253],[86.7473,24.2201],[86.7498,24.2176],[86.7494,24.2129],[86.752,24.2092],[86.7513,24.206],[86.7552,24.2042],[86.7573,24.1992],[86.756,24.1954],[86.7463,24.1992],[86.7408,24.1948],[86.7406,24.1913],[86.7388,24.1883],[86.7423,24.1841],[86.7384,24.1816],[86.7381,24.1789],[86.7404,24.1781],[86.7423,24.1742],[86.7481,24.1711],[86.7489,24.1678],[86.7518,24.1656],[86.7595,24.1706],[86.7601,24.1719],[86.759,24.1775],[86.7663,24.1774],[86.7687,24.1721],[86.7739,24.1702],[86.7762,24.1721],[86.7797,24.1786],[86.7814,24.1751],[86.7883,24.1685],[86.7935,24.1662],[86.7957,24.163],[86.7924,24.1593],[86.7949,24.1567],[86.7915,24.1553],[86.7839,24.1532],[86.7734,24.1487],[86.768,24.1455],[86.7649,24.1427],[86.7632,24.1382],[86.7668,24.1366],[86.772,24.133],[86.7787,24.1337],[86.7858,24.1338],[86.7888,24.1316],[86.7836,24.1289],[86.7885,24.1257],[86.7862,24.1227],[86.7891,24.1166],[86.7934,24.1124],[86.7943,24.1089],[86.7974,24.1057],[86.7929,24.1053],[86.7892,24.1061],[86.7818,24.1065],[86.7815,24.102],[86.7648,24.1017],[86.7622,24.0995],[86.7623,24.0951],[86.7607,24.0944],[86.7595,24.0983],[86.7596,24.1019],[86.7558,24.1018],[86.7537,24.0989],[86.7561,24.0961],[86.7575,24.0918],[86.7626,24.0922],[86.7658,24.0897],[86.7688,24.0849],[86.7645,24.0821],[86.7599,24.0825],[86.7588,24.0798],[86.7632,24.0767],[86.7652,24.0763],[86.7685,24.0732],[86.7692,24.071],[86.7722,24.069],[86.774,24.0658],[86.7801,24.0671],[86.7855,24.0645],[86.7887,24.0642],[86.7913,24.0626],[86.7948,24.0666],[86.7937,24.0697],[86.7944,24.072],[86.7941,24.0778],[86.8005,24.077],[86.8031,24.0795],[86.8041,24.0825],[86.8068,24.0822],[86.8078,24.079],[86.8131,24.08],[86.8156,24.0795],[86.8161,24.0758],[86.8181,24.0728],[86.8206,24.0714],[86.8196,24.0667],[86.824,24.0611],[86.8271,24.0624],[86.8313,24.0623],[86.8343,24.059],[86.8372,24.0524],[86.8399,24.0499],[86.8484,24.0515],[86.8505,24.0525],[86.8521,24.057],[86.8558,24.0584],[86.8613,24.0583],[86.8634,24.0602],[86.8663,24.0608],[86.8682,24.063]],[[86.766,24.1848],[86.7693,24.1901],[86.7739,24.1897],[86.7735,24.1882],[86.7699,24.1829],[86.766,24.1848]]]},"properties":{"id":"in:subdistrict:2553","level":"subdistrict","name":"Sarath","code":2553,"parent":"in:district:324","state":"in:state:20"}},{"type":"Feature","geometry":{"type":"MultiPolygon","coordinates":[[[[86.766,24.1848],[86.7699,24.1829],[86.7735,24.1882],[86.7739,24.1897],[86.7693,24.1901],[86.766,24.1848]]],[[[86.7577,24.2326],[86.7539,24.2365],[86.7493,24.2356],[86.7449,24.2357],[86.742,24.2349],[86.7391,24.2376],[86.736,24.2363],[86.7338,24.2376],[86.7304,24.2355],[86.7291,24.2389],[86.7264,24.2387],[86.7177,24.2432],[86.7205,24.2452],[86.7195,24.2472],[86.7154,24.25],[86.7102,24.2476],[86.7094,24.2524],[86.7068,24.2542],[86.7057,24.2516],[86.7026,24.25],[86.7028,24.2481],[86.6989,24.2478],[86.6881,24.2536],[86.6844,24.2541],[86.6786,24.2569],[86.6754,24.2611],[86.6714,24.2605],[86.6671,24.2623],[86.6597,24.2618],[86.6559,24.2596],[86.6546,24.2532],[86.6528,24.2483],[86.6523,24.2441],[86.6543,24.234],[86.6596,24.2349],[86.6648,24.2369],[86.6662,24.2296],[86.6693,24.226],[86.6654,24.215],[86.6651,24.2107],[86.6708,24.2089],[86.6735,24.2041],[86.6757,24.202],[86.6705,24.1993],[86.6654,24.1982],[86.6655,24.1951],[86.6635,24.1918],[86.6657,24.1904],[86.6641,24.1859],[86.6637,24.1824],[86.6588,24.1827],[86.6577,24.1794],[86.6534,24.1805],[86.6516,24.1798],[86.6529,24.1729],[86.6547,24.1675],[86.653,24.1661],[86.6539,24.161],[86.6528,24.1582],[86.6558,24.1558],[86.6571,24.1569],[86.6604,24.1564],[86.6633,24.1542],[86.6603,24.1521],[86.6574,24.1458],[86.657,24.1413],[86.6546,24.1345],[86.6549,24.1296],[86.6576,24.1287],[86.661,24.1291],[86.6641,24.1282],[86.673,24.1298],[86.6794,24.1296],[86.6821,24.1287],[86.6846,24.1306],[86.6865,24.1343],[86.6888,24.1348],[86.6881,24.1376],[86.6895,24.1412],[86.6925,24.142],[86.693,24.1439],[86.6916,24.1465],[86.6931,24.1499],[86.6935,24.1533],[86.6974,24.157],[86.6986,24.1611],[86.6974,24.1654],[86.7012,24.1636],[86.7049,24.1629],[86.7058,24.1597],[86.7164,24.1555],[86.7174,24.1486],[86.7149,24.1455],[86.717,24.1433],[86.7163,24.1414],[86.7133,24.1394],[86.7102,24.1385],[86.7059,24.1388],[86.7006,24.134],[86.6988,24.1298],[86.6985,24.1262],[86.6993,24.1241],[86.6986,24.1189],[86.699,24.1122],[86.7086,24.1069],[86.7108,24.1052],[86.714,24.1064],[86.7198,24.1063],[86.7239,24.1045],[86.7263,24.1022],[86.732,24.1002],[86.7355,24.0982],[86.7392,24.0981],[86.741,24.0957],[86.7429,24.0967],[86.7451,24.0949],[86.7575,24.0918],[86.7561,24.0961],[86.7537,24.0989],[86.7558,24.1018],[86.7596,24.1019],[86.7595,24.0983],[86.7607,24.0944],[86.7623,24.0951],[86.7622,24.0995],[86.7648,24.1017],[86.7815,24.102],[86.7818,24.1065],[86.7892,24.1061],[86.7929,24.1053],[86.7974,24.1057],[86.7943,24.1089],[86.7934,24.1124],[86.7891,24.1166],[86.7862,24.1227],[86.7885,24.1257],[86.7836,24.1289],[86.7888,24.1316],[86.7858,24.1338],[86.7787,24.1337],[86.772,24.133],[86.7668,24.1366],[86.7632,24.1382],[86.7649,24.1427],[86.768,24.1455],[86.7734,24.1487],[86.7839,24.1532],[86.7915,24.1553],[86.7949,24.1567],[86.7924,24.1593],[86.7957,24.163],[86.7935,24.1662],[86.7883,24.1685],[86.7814,24.1751],[86.7797,24.1786],[86.7762,24.1721],[86.7739,24.1702],[86.7687,24.1721],[86.7663,24.1774],[86.759,24.1775],[86.7601,24.1719],[86.7595,24.1706],[86.7518,24.1656],[86.7489,24.1678],[86.7481,24.1711],[86.7423,24.1742],[86.7404,24.1781],[86.7381,24.1789],[86.7384,24.1816],[86.7423,24.1841],[86.7388,24.1883],[86.7406,24.1913],[86.7408,24.1948],[86.7463,24.1992],[86.756,24.1954],[86.7573,24.1992],[86.7552,24.2042],[86.7513,24.206],[86.752,24.2092],[86.7494,24.2129],[86.7498,24.2176],[86.7473,24.2201],[86.7485,24.2253],[86.7524,24.2298],[86.7577,24.2326]]]]},"properties":{"id":"in:subdistrict:2552","level":"subdistrict","name":"Karon","code":2552,"parent":"in:district:324","state":"in:state:20"}},{"type":"Feature","geometry":{"type":"Polygon","coordinates":[[[86.8399,24.0499],[86.8372,24.0524],[86.8343,24.059],[86.8313,24.0623],[86.8271,24.0624],[86.824,24.0611],[86.8196,24.0667],[86.8206,24.0714],[86.8181,24.0728],[86.8161,24.0758],[86.8156,24.0795],[86.8131,24.08],[86.8078,24.079],[86.8068,24.0822],[86.8041,24.0825],[86.8031,24.0795],[86.8005,24.077],[86.7941,24.0778],[86.7944,24.072],[86.7937,24.0697],[86.7948,24.0666],[86.7913,24.0626],[86.7887,24.0642],[86.7855,24.0645],[86.7801,24.0671],[86.774,24.0658],[86.7722,24.069],[86.7692,24.071],[86.7685,24.0732],[86.7652,24.0763],[86.7632,24.0767],[86.7588,24.0798],[86.7599,24.0825],[86.7645,24.0821],[86.7688,24.0849],[86.7658,24.0897],[86.7626,24.0922],[86.7575,24.0918],[86.7451,24.0949],[86.7429,24.0967],[86.741,24.0957],[86.7392,24.0981],[86.7355,24.0982],[86.732,24.1002],[86.7263,24.1022],[86.7239,24.1045],[86.7198,24.1063],[86.714,24.1064],[86.7108,24.1052],[86.7086,24.1069],[86.699,24.1122],[86.6986,24.1189],[86.6993,24.1241],[86.6985,24.1262],[86.6988,24.1298],[86.7006,24.134],[86.7059,24.1388],[86.7102,24.1385],[86.7133,24.1394],[86.7163,24.1414],[86.717,24.1433],[86.7149,24.1455],[86.7174,24.1486],[86.7164,24.1555],[86.7058,24.1597],[86.7049,24.1629],[86.7012,24.1636],[86.6974,24.1654],[86.6986,24.1611],[86.6974,24.157],[86.6935,24.1533],[86.6931,24.1499],[86.6916,24.1465],[86.693,24.1439],[86.6925,24.142],[86.6895,24.1412],[86.6881,24.1376],[86.6888,24.1348],[86.6865,24.1343],[86.6846,24.1306],[86.6821,24.1287],[86.6794,24.1296],[86.673,24.1298],[86.6641,24.1282],[86.661,24.1291],[86.6576,24.1287],[86.6549,24.1296],[86.6514,24.1306],[86.6449,24.1339],[86.6369,24.1318],[86.6289,24.1316],[86.6277,24.1328],[86.6275,24.1313],[86.63,24.1275],[86.6256,24.1233],[86.629,24.1213],[86.6226,24.117],[86.6227,24.1155],[86.6192,24.1124],[86.6193,24.1082],[86.6242,24.1034],[86.6307,24.0994],[86.6316,24.097],[86.6405,24.094],[86.649,24.0886],[86.6461,24.0856],[86.6456,24.0813],[86.6469,24.0758],[86.6536,24.0771],[86.658,24.0771],[86.661,24.0754],[86.6605,24.0715],[86.6627,24.0674],[86.6667,24.0675],[86.669,24.0655],[86.6708,24.0607],[86.6738,24.0544],[86.6767,24.0507],[86.6777,24.0467],[86.6766,24.0445],[86.6718,24.0437],[86.6663,24.0445],[86.6637,24.0408],[86.6565,24.0386],[86.6537,24.0354],[86.6574,24.0316],[86.6566,24.0289],[86.6632,24.0268],[86.666,24.0268],[86.6709,24.0289],[86.6769,24.0269],[86.674,24.0236],[86.6726,24.0198],[86.6749,24.0179],[86.6756,24.0136],[86.6809,24.0113],[86.6867,24.0117],[86.6916,24.017],[86.6914,24.0202],[86.6956,24.0253],[86.694,24.0323],[86.6982,24.038],[86.7046,24.0362],[86.7093,24.0339],[86.7114,24.0303],[86.7164,24.0295],[86.7216,24.0318],[86.7248,24.0295],[86.7252,24.0271],[86.7217,24.023],[86.7222,24.0193],[86.7266,24.0181],[86.7353,24.015],[86.7404,24.0191],[86.7447,24.0183],[86.7468,24.0198],[86.7531,24.0208],[86.7572,24.018],[86.7651,24.015],[86.7767,24.0117],[86.7797,24.0148],[86.779,24.0172],[86.7789,24.0246],[86.7802,24.0267],[86.7852,24.0249],[86.7879,24.0261],[86.7913,24.032],[86.7988,24.029],[86.7986,24.0244],[86.8052,24.0192],[86.8081,24.0183],[86.8125,24.0189],[86.8134,24.0236],[86.821,24.0232],[86.8223,24.0275],[86.8304,24.0264],[86.8332,24.0309],[86.8477,24.0288],[86.853,24.0327],[86.8542,24.0348],[86.8522,24.0383],[86.845,24.0438],[86.8399,24.0499]]]},"properties":{"id":"in:subdistrict:2677","level":"subdistrict","name":"Karma Tanr Vidyasagar*","code":2677,"parent":"in:district:333","state":"in:state:20"}},{"type":"Feature","geometry":{"type":"Polygon","coordinates":[[[86.8005,23.834],[86.8061,23.8374],[86.8103,23.8353],[86.813,23.8311],[86.8149,23.8296],[86.8153,23.8262],[86.8138,23.8247],[86.813,23.8205],[86.8155,23.8174],[86.8187,23.8178],[86.8207,23.8154],[86.8265,23.8139],[86.8332,23.8182],[86.8369,23.8195],[86.8385,23.8218],[86.8435,23.8243],[86.8483,23.8237],[86.8529,23.825],[86.8547,23.8298],[86.8613,23.835],[86.8627,23.8425],[86.8652,23.8455],[86.8742,23.8473],[86.88,23.8453],[86.8795,23.8353],[86.8806,23.8337],[86.8809,23.829],[86.8865,23.8256],[86.886,23.8212],[86.8903,23.8205],[86.8938,23.8242],[86.8947,23.8275],[86.8928,23.8373],[86.889,23.84],[86.8863,23.8457],[86.887,23.8564],[86.8809,23.8604],[86.8802,23.8623],[86.8832,23.8657],[86.8866,23.8676],[86.8929,23.8745],[86.8959,23.8783],[86.9018,23.8798],[86.9028,23.8812],[86.9076,23.8808],[86.9101,23.8815],[86.9133,23.8808],[86.9162,23.8819],[86.917,23.8827],[86.9104,23.8907],[86.9074,23.8955],[86.9059,23.8989],[86.9048,23.9041],[86.9034,23.9076],[86.9011,23.91],[86.891,23.912],[86.8889,23.9157],[86.8885,23.9223],[86.8872,23.9274],[86.8812,23.939],[86.8802,23.9471],[86.8791,23.9505],[86.8734,23.9568],[86.8704,23.9646],[86.871,23.9687],[86.876,23.9723],[86.8778,23.9754],[86.8774,23.9786],[86.8754,23.9812],[86.8704,23.9844],[86.8689,23.99],[86.8696,23.9918],[86.8685,23.9965],[86.8634,23.9998],[86.8597,24.0056],[86.855,24.0105],[86.8534,24.0143],[86.8499,24.02],[86.847,24.0233],[86.8465,24.0265],[86.8477,24.0288],[86.8332,24.0309],[86.8304,24.0264],[86.8223,24.0275],[86.821,24.0232],[86.8134,24.0236],[86.8125,24.0189],[86.8081,24.0183],[86.8052,24.0192],[86.7986,24.0244],[86.7988,24.029],[86.7913,24.032],[86.7879,24.0261],[86.7852,24.0249],[86.7802,24.0267],[86.7789,24.0246],[86.779,24.0172],[86.7797,24.0148],[86.7767,24.0117],[86.7736,24.0085],[86.7691,24.0079],[86.7621,24.0111],[86.7578,24.0115],[86.7563,24.0105],[86.7535,24.0118],[86.7491,24.0105],[86.7476,24.0074],[86.7449,24.0049],[86.7451,23.9993],[86.7442,23.9972],[86.751,23.9954],[86.7524,23.9938],[86.7485,23.9905],[86.748,23.9882],[86.7444,23.9838],[86.7444,23.9804],[86.7489,23.9739],[86.7485,23.9717],[86.7425,23.9662],[86.7451,23.9583],[86.7386,23.958],[86.7304,23.9611],[86.7287,23.9593],[86.7268,23.9511],[86.7225,23.9547],[86.7173,23.9546],[86.7114,23.9524],[86.704,23.953],[86.6963,23.9556],[86.6891,23.9551],[86.6888,23.9569],[86.6936,23.9574],[86.6936,23.9594],[86.6891,23.9605],[86.688,23.9639],[86.6837,23.9688],[86.6809,23.9731],[86.6771,23.9734],[86.6764,23.9779],[86.6723,23.977],[86.6703,23.9782],[86.6696,23.981],[86.6709,23.9831],[86.6699,23.9877],[86.6658,23.9909],[86.6655,23.9929],[86.6604,23.999],[86.6602,24.0018],[86.6578,24.0037],[86.6555,24.0098],[86.6515,24.0122],[86.6474,24.003],[86.6425,23.9974],[86.6402,23.9918],[86.6394,23.9851],[86.6395,23.9765],[86.6416,23.9705],[86.6447,23.9644],[86.6438,23.9591],[86.6457,23.9532],[86.6461,23.9497],[86.6484,23.9457],[86.648,23.9419],[86.6495,23.9342],[86.6527,23.9287],[86.6545,23.9267],[86.6618,23.923],[86.6672,23.9213],[86.6756,23.9197],[86.6803,23.9179],[86.6846,23.9155],[86.6909,23.9103],[86.6976,23.9072],[86.7103,23.9045],[86.7153,23.9027],[86.7199,23.8993],[86.7259,23.8907],[86.7275,23.8762],[86.7297,23.8672],[86.7319,23.8641],[86.7368,23.8595],[86.7404,23.8579],[86.743,23.8577],[86.7486,23.8623],[86.7523,23.8633],[86.7552,23.8657],[86.7623,23.8645],[86.7722,23.8607],[86.7764,23.8583],[86.7816,23.8539],[86.7878,23.8451],[86.793,23.8416],[86.8005,23.834]]]},"properties":{"id":"in:subdistrict:2678","level":"subdistrict","name":"Jamtara","code":2678,"parent":"in:district:333","state":"in:state:20"}},{"type":"Feature","geometry":{"type":"Polygon","coordinates":[[[86.5266,23.9863],[86.5364,23.9887],[86.5428,23.9893],[86.5519,23.9888],[86.557,23.9874],[86.5746,23.9843],[86.5793,23.984],[86.5832,23.983],[86.5874,23.98],[86.5927,23.9727],[86.5969,23.9699],[86.6017,23.9655],[86.6046,23.9593],[86.6077,23.9565],[86.6143,23.9539],[86.6179,23.952],[86.6235,23.9477],[86.6294,23.9446],[86.638,23.9378],[86.6449,23.9349],[86.649,23.9324],[86.6527,23.9287],[86.6495,23.9342],[86.648,23.9419],[86.6484,23.9457],[86.6461,23.9497],[86.6457,23.9532],[86.6438,23.9591],[86.6447,23.9644],[86.6416,23.9705],[86.6395,23.9765],[86.6394,23.9851],[86.6402,23.9918],[86.6425,23.9974],[86.6474,24.003],[86.6515,24.0122],[86.6555,24.0098],[86.6578,24.0037],[86.6602,24.0018],[86.6604,23.999],[86.6655,23.9929],[86.6658,23.9909],[86.6699,23.9877],[86.6709,23.9831],[86.6696,23.981],[86.6703,23.9782],[86.6723,23.977],[86.6764,23.9779],[86.6771,23.9734],[86.6809,23.9731],[86.6837,23.9688],[86.688,23.9639],[86.6891,23.9605],[86.6936,23.9594],[86.6936,23.9574],[86.6888,23.9569],[86.6891,23.9551],[86.6963,23.9556],[86.704,23.953],[86.7114,23.9524],[86.7173,23.9546],[86.7225,23.9547],[86.7268,23.9511],[86.7287,23.9593],[86.7304,23.9611],[86.7386,23.958],[86.7451,23.9583],[86.7425,23.9662],[86.7485,23.9717],[86.7489,23.9739],[86.7444,23.9804],[86.7444,23.9838],[86.748,23.9882],[86.7485,23.9905],[86.7524,23.9938],[86.751,23.9954],[86.7442,23.9972],[86.7451,23.9993],[86.7449,24.0049],[86.7476,24.0074],[86.7491,24.0105],[86.7535,24.0118],[86.7563,24.0105],[86.7578,24.0115],[86.7621,24.0111],[86.7691,24.0079],[86.7736,24.0085],[86.7767,24.0117],[86.7651,24.015],[86.7572,24.018],[86.7531,24.0208],[86.7468,24.0198],[86.7447,24.0183],[86.7404,24.0191],[86.7353,24.015],[86.7266,24.0181],[86.7222,24.0193],[86.7217,24.023],[86.7252,24.0271],[86.7248,24.0295],[86.7216,24.0318],[86.7164,24.0295],[86.7114,24.0303],[86.7093,24.0339],[86.7046,24.0362],[86.6982,24.038],[86.694,24.0323],[86.6956,24.0253],[86.6914,24.0202],[86.6916,24.017],[86.6867,24.0117],[86.6809,24.0113],[86.6756,24.0136],[86.6749,24.0179],[86.6726,24.0198],[86.674,24.0236],[86.6769,24.0269],[86.6709,24.0289],[86.666,24.0268],[86.6632,24.0268],[86.6566,24.0289],[86.6574,24.0316],[86.6537,24.0354],[86.6565,24.0386],[86.6637,24.0408],[86.6663,24.0445],[86.6718,24.0437],[86.6766,24.0445],[86.6777,24.0467],[86.6767,24.0507],[86.6738,24.0544],[86.6708,24.0607],[86.669,24.0655],[86.6667,24.0675],[86.6627,24.0674],[86.6605,24.0715],[86.661,24.0754],[86.658,24.0771],[86.6536,24.0771],[86.6469,24.0758],[86.6456,24.0813],[86.6461,24.0856],[86.649,24.0886],[86.6405,24.094],[86.6316,24.097],[86.6307,24.0994],[86.6242,24.1034],[86.6193,24.1082],[86.6192,24.1124],[86.6227,24.1155],[86.6226,24.117],[86.629,24.1213],[86.6256,24.1233],[86.63,24.1275],[86.6275,24.1313],[86.6277,24.1328],[86.6267,24.1357],[86.6202,24.1376],[86.6186,24.1392],[86.6159,24.1392],[86.6136,24.137],[86.6108,24.1371],[86.606,24.1411],[86.6015,24.1412],[86.5969,24.1382],[86.5964,24.1363],[86.5928,24.1368],[86.5903,24.1387],[86.5865,24.1397],[86.584,24.1389],[86.5799,24.1393],[86.5751,24.1387],[86.572,24.1426],[86.5673,24.1377],[86.565,24.1364],[86.566,24.1311],[86.5659,24.126],[86.565,24.1234],[86.5618,24.1217],[86.5607,24.1198],[86.5598,24.1095],[86.5566,24.1066],[86.5539,24.1028],[86.5542,24.0997],[86.553,24.0962],[86.5508,24.0944],[86.5498,24.0918],[86.5473,24.0914],[86.5455,24.0874],[86.546,24.0851],[86.5434,24.0815],[86.5451,24.0803],[86.5449,24.0764],[86.5457,24.0743],[86.5437,24.0711],[86.5371,24.0678],[86.5362,24.0651],[86.5337,24.0631],[86.5308,24.0574],[86.5303,24.0539],[86.5251,24.0539],[86.5244,24.0518],[86.5215,24.0521],[86.5186,24.0497],[86.5145,24.0482],[86.5058,24.0482],[86.5019,24.0458],[86.4974,24.0416],[86.4944,24.041],[86.4917,24.0447],[86.4878,24.0436],[86.4832,24.0451],[86.4776,24.0398],[86.4764,24.0276],[86.4794,24.027],[86.4823,24.0302],[86.4844,24.0298],[86.4847,24.0226],[86.4832,24.0218],[86.4721,24.0225],[86.4697,24.0218],[86.4675,24.0187],[86.4717,24.0159],[86.4802,24.009],[86.487,24.006],[86.4902,24.0035],[86.4976,23.9996],[86.5003,23.9989],[86.5084,23.9947],[86.5145,23.9908],[86.5213,23.9877],[86.5266,23.9863]]]},"properties":{"id":"in:subdistrict:2676","level":"subdistrict","name":"Narayanpur","code":2676,"parent":"in:district:333","state":"in:state:20"}},{"type":"Feature","geometry":{"type":"Polygon","coordinates":[[[86.5216,23.8936],[86.5239,23.8926],[86.5278,23.8888],[86.5324,23.8867],[86.5394,23.887],[86.5486,23.8805],[86.5514,23.8803],[86.5531,23.8774],[86.5557,23.8755],[86.5581,23.8752],[86.561,23.8766],[86.5656,23.8667],[86.5684,23.8639],[86.5709,23.8689],[86.5761,23.8715],[86.5772,23.8737],[86.5795,23.8739],[86.5833,23.8703],[86.5785,23.8624],[86.5777,23.8579],[86.5794,23.8503],[86.5812,23.8492],[86.5841,23.8526],[86.5891,23.8505],[86.5892,23.8546],[86.5914,23.8564],[86.5963,23.8571],[86.6013,23.8618],[86.6036,23.8621],[86.6104,23.8692],[86.6165,23.8703],[86.6214,23.8732],[86.6262,23.8812],[86.6281,23.8873],[86.631,23.8906],[86.6335,23.8893],[86.6324,23.892],[86.6351,23.8977],[86.6355,23.9044],[86.638,23.9053],[86.6414,23.9091],[86.6485,23.91],[86.6502,23.9162],[86.6545,23.9267],[86.6527,23.9287],[86.649,23.9324],[86.6449,23.9349],[86.638,23.9378],[86.6294,23.9446],[86.6235,23.9477],[86.6179,23.952],[86.6143,23.9539],[86.6077,23.9565],[86.6046,23.9593],[86.6017,23.9655],[86.5969,23.9699],[86.5927,23.9727],[86.5874,23.98],[86.5832,23.983],[86.5793,23.984],[86.5746,23.9843],[86.557,23.9874],[86.5519,23.9888],[86.5428,23.9893],[86.5364,23.9887],[86.5266,23.9863],[86.5256,23.9805],[86.5206,23.9799],[86.5209,23.977],[86.518,23.9755],[86.5195,23.9738],[86.5184,23.9703],[86.5198,23.9667],[86.5337,23.9632],[86.536,23.9607],[86.5358,23.9565],[86.5287,23.952],[86.5252,23.9469],[86.5234,23.9468],[86.521,23.9434],[86.519,23.9384],[86.5246,23.9359],[86.5263,23.9337],[86.5348,23.9287],[86.5355,23.9262],[86.5347,23.9213],[86.5363,23.9197],[86.5343,23.9165],[86.5294,23.9124],[86.527,23.912],[86.5278,23.9044],[86.5294,23.9017],[86.5289,23.8993],[86.5269,23.896],[86.5233,23.8953],[86.5216,23.8936]]]},"properties":{"id":"in:subdistrict:2580","level":"subdistrict","name":"Purbi Tundi*","code":2580,"parent":"in:district:325","state":"in:state:20"}},{"type":"Feature","geometry":{"type":"Polygon","coordinates":[[[86.313,23.9165],[86.3174,23.9165],[86.3232,23.9128],[86.3329,23.9132],[86.337,23.9102],[86.343,23.9077],[86.3455,23.9047],[86.3469,23.8986],[86.346,23.8922],[86.3488,23.885],[86.3552,23.8836],[86.3663,23.8766],[86.3753,23.8721],[86.3805,23.8663],[86.384,23.8638],[86.3867,23.8575],[86.3869,23.8544],[86.3885,23.8501],[86.3877,23.8444],[86.3893,23.8409],[86.3932,23.8366],[86.3936,23.8348],[86.3921,23.8286],[86.3922,23.8259],[86.3995,23.8236],[86.4029,23.8235],[86.406,23.8268],[86.407,23.8303],[86.4095,23.8308],[86.411,23.8328],[86.4147,23.8309],[86.4167,23.8327],[86.4198,23.8305],[86.4262,23.8329],[86.4366,23.8285],[86.4379,23.8243],[86.4443,23.8186],[86.446,23.818],[86.4525,23.8224],[86.4552,23.8267],[86.4589,23.8296],[86.458,23.8309],[86.4525,23.832],[86.4495,23.8343],[86.4528,23.8376],[86.4533,23.8416],[86.4598,23.8426],[86.4651,23.8415],[86.4721,23.8366],[86.4718,23.8338],[86.4757,23.8283],[86.4811,23.8261],[86.4836,23.8276],[86.4925,23.8137],[86.5034,23.8013],[86.5083,23.7926],[86.514,23.7864],[86.5177,23.7872],[86.5221,23.7897],[86.5255,23.7878],[86.53,23.7866],[86.5327,23.7879],[86.5372,23.7845],[86.5392,23.7858],[86.5433,23.7854],[86.5443,23.7816],[86.5467,23.7777],[86.5466,23.7752],[86.5493,23.7726],[86.5517,23.768],[86.5558,23.7668],[86.5611,23.7674],[86.5641,23.7658],[86.5668,23.7662],[86.5692,23.7629],[86.574,23.7637],[86.5775,23.7693],[86.578,23.7727],[86.5817,23.777],[86.5869,23.7788],[86.5898,23.7761],[86.5953,23.7752],[86.5954,23.7732],[86.5977,23.7707],[86.6002,23.7702],[86.6081,23.7633],[86.6104,23.7656],[86.6137,23.7671],[86.6135,23.7696],[86.6226,23.769],[86.6286,23.7705],[86.6285,23.7726],[86.6315,23.78],[86.636,23.7806],[86.6403,23.7826],[86.6437,23.7831],[86.6433,23.7876],[86.6402,23.7934],[86.6423,23.7985],[86.647,23.8017],[86.6484,23.804],[86.6472,23.8059],[86.6477,23.8109],[86.649,23.8147],[86.6561,23.8183],[86.6536,23.8271],[86.6544,23.8319],[86.6513,23.8336],[86.6499,23.8414],[86.6512,23.8429],[86.6509,23.8465],[86.6527,23.8484],[86.6497,23.8526],[86.6513,23.8574],[86.6438,23.8635],[86.6394,23.864],[86.6367,23.8664],[86.6409,23.8686],[86.6442,23.8717],[86.6489,23.8743],[86.65,23.8761],[86.6546,23.8801],[86.6577,23.8863],[86.658,23.8906],[86.6536,23.8897],[86.6478,23.8897],[86.6444,23.8871],[86.6411,23.8871],[86.6335,23.8893],[86.631,23.8906],[86.6281,23.8873],[86.6262,23.8812],[86.6214,23.8732],[86.6165,23.8703],[86.6104,23.8692],[86.6036,23.8621],[86.6013,23.8618],[86.5963,23.8571],[86.5914,23.8564],[86.5892,23.8546],[86.5891,23.8505],[86.5841,23.8526],[86.5812,23.8492],[86.5794,23.8503],[86.5777,23.8579],[86.5785,23.8624],[86.5833,23.8703],[86.5795,23.8739],[86.5772,23.8737],[86.5761,23.8715],[86.5709,23.8689],[86.5684,23.8639],[86.5656,23.8667],[86.561,23.8766],[86.5581,23.8752],[86.5557,23.8755],[86.5531,23.8774],[86.5514,23.8803],[86.5486,23.8805],[86.5394,23.887],[86.5324,23.8867],[86.5278,23.8888],[86.5239,23.8926],[86.5216,23.8936],[86.5148,23.8962],[86.5092,23.897],[86.5045,23.9003],[86.4933,23.9066],[86.4896,23.9082],[86.4862,23.9082],[86.4841,23.91],[86.4796,23.9119],[86.4777,23.9114],[86.472,23.912],[86.4668,23.9114],[86.4671,23.9067],[86.4686,23.9033],[86.4634,23.9031],[86.4587,23.9051],[86.4545,23.9059],[86.4491,23.9036],[86.45,23.8962],[86.4495,23.8937],[86.4502,23.8851],[86.4467,23.8839],[86.4452,23.8819],[86.4381,23.8865],[86.4289,23.8909],[86.4281,23.8951],[86.4247,23.8946],[86.4242,23.8971],[86.4213,23.8985],[86.4172,23.899],[86.4182,23.9009],[86.4147,23.9026],[86.4141,23.9047],[86.4093,23.9073],[86.406,23.9119],[86.406,23.9141],[86.3964,23.9174],[86.3907,23.9162],[86.3884,23.919],[86.3896,23.9289],[86.3884,23.9331],[86.396,23.9346],[86.4014,23.9344],[86.4017,23.9371],[86.4002,23.9394],[86.3918,23.9455],[86.3899,23.9491],[86.3899,23.9519],[86.3844,23.9489],[86.3824,23.9488],[86.3773,23.9466],[86.3755,23.9427],[86.3714,23.9416],[86.3673,23.9437],[86.3608,23.9457],[86.3555,23.9439],[86.3509,23.9446],[86.3488,23.9426],[86.3452,23.942],[86.3359,23.9435],[86.3319,23.947],[86.3295,23.9443],[86.3262,23.9378],[86.3209,23.9333],[86.3212,23.9309],[86.3196,23.9279],[86.3168,23.9263],[86.313,23.9199],[86.313,23.9165]]]},"properties":{"id":"in:subdistrict:2583","level":"subdistrict","name":"Gobindpur","code":2583,"parent":"in:district:325","state":"in:state:20"}},{"type":"Feature","geometry":{"type":"Polygon","coordinates":[[[86.3651,24.2073],[86.3621,24.208],[86.3605,24.2064],[86.3552,24.1979],[86.3517,24.1937],[86.3503,24.1902],[86.3432,24.1793],[86.3422,24.1747],[86.3441,24.1724],[86.3468,24.1728],[86.3501,24.1715],[86.3545,24.1718],[86.3547,24.1755],[86.3606,24.1723],[86.3641,24.172],[86.3625,24.168],[86.3607,24.1658],[86.3634,24.1634],[86.3695,24.1642],[86.3715,24.1629],[86.3746,24.1632],[86.3773,24.1616],[86.377,24.1561],[86.379,24.1532],[86.3824,24.152],[86.3825,24.1492],[86.3788,24.1488],[86.3756,24.1469],[86.3766,24.1446],[86.3753,24.1425],[86.3758,24.1388],[86.3797,24.139],[86.3828,24.1411],[86.3852,24.1391],[86.3778,24.133],[86.3745,24.1289],[86.3762,24.1273],[86.3771,24.1235],[86.373,24.1236],[86.3701,24.1246],[86.3693,24.1216],[86.3727,24.1197],[86.3742,24.1168],[86.3729,24.1145],[86.3753,24.1109],[86.3773,24.1102],[86.3772,24.1057],[86.3724,24.1062],[86.3728,24.102],[86.3753,24.1008],[86.3753,24.0976],[86.371,24.0982],[86.3688,24.0966],[86.3707,24.0934],[86.3695,24.0905],[86.3665,24.0893],[86.3655,24.0859],[86.3677,24.0853],[86.3685,24.082],[86.3666,24.0802],[86.3689,24.0745],[86.3688,24.0719],[86.3711,24.0702],[86.3723,24.0649],[86.371,24.062],[86.3725,24.0606],[86.3736,24.0568],[86.3765,24.0593],[86.3809,24.0593],[86.3833,24.0582],[86.3866,24.0551],[86.3915,24.0444],[86.3949,24.0411],[86.4014,24.0397],[86.408,24.0362],[86.4151,24.0316],[86.422,24.0299],[86.4312,24.0317],[86.4369,24.032],[86.4422,24.0312],[86.4475,24.0286],[86.4505,24.026],[86.4568,24.0219],[86.4675,24.0187],[86.4697,24.0218],[86.4721,24.0225],[86.4832,24.0218],[86.4847,24.0226],[86.4844,24.0298],[86.4823,24.0302],[86.4794,24.027],[86.4764,24.0276],[86.4776,24.0398],[86.4832,24.0451],[86.4878,24.0436],[86.4917,24.0447],[86.4944,24.041],[86.4974,24.0416],[86.5019,24.0458],[86.5058,24.0482],[86.5145,24.0482],[86.5186,24.0497],[86.5215,24.0521],[86.5244,24.0518],[86.5251,24.0539],[86.5303,24.0539],[86.5308,24.0574],[86.5337,24.0631],[86.5362,24.0651],[86.5371,24.0678],[86.5437,24.0711],[86.5457,24.0743],[86.5449,24.0764],[86.5451,24.0803],[86.5434,24.0815],[86.546,24.0851],[86.5455,24.0874],[86.5473,24.0914],[86.5498,24.0918],[86.5508,24.0944],[86.553,24.0962],[86.5542,24.0997],[86.5539,24.1028],[86.5566,24.1066],[86.5598,24.1095],[86.5607,24.1198],[86.5618,24.1217],[86.565,24.1234],[86.5659,24.126],[86.566,24.1311],[86.565,24.1364],[86.5673,24.1377],[86.572,24.1426],[86.5692,24.1459],[86.5631,24.1498],[86.5586,24.1516],[86.5512,24.1552],[86.548,24.1533],[86.544,24.1533],[86.5289,24.1547],[86.5243,24.1582],[86.5182,24.1519],[86.5147,24.1494],[86.5104,24.1495],[86.5058,24.1482],[86.502,24.1514],[86.4989,24.1523],[86.4931,24.1522],[86.4858,24.1512],[86.4852,24.154],[86.4903,24.1602],[86.4951,24.1686],[86.4969,24.1755],[86.5019,24.181],[86.5014,24.1864],[86.5039,24.1934],[86.5004,24.1992],[86.503,24.2023],[86.5049,24.2026],[86.5115,24.2077],[86.507,24.2093],[86.5109,24.217],[86.5166,24.2239],[86.5131,24.2252],[86.5128,24.2282],[86.5087,24.2308],[86.5101,24.2327],[86.51,24.2356],[86.5161,24.2398],[86.5137,24.2427],[86.5131,24.2452],[86.51,24.2478],[86.5088,24.2522],[86.5106,24.2537],[86.5084,24.2558],[86.5092,24.2574],[86.5007,24.2571],[86.4995,24.2606],[86.4967,24.2616],[86.4926,24.259],[86.4894,24.2592],[86.4843,24.262],[86.4803,24.2601],[86.4702,24.2534],[86.461,24.253],[86.4599,24.255],[86.4511,24.2558],[86.4496,24.2543],[86.4517,24.2504],[86.4489,24.2478],[86.4447,24.2482],[86.442,24.2473],[86.438,24.2446],[86.4374,24.2465],[86.4334,24.2472],[86.4321,24.2461],[86.43,24.2408],[86.4301,24.2391],[86.4264,24.234],[86.4252,24.2296],[86.4219,24.2316],[86.4189,24.2303],[86.414,24.232],[86.4092,24.2328],[86.4075,24.2345],[86.3965,24.2327],[86.3936,24.231],[86.3912,24.2282],[86.383,24.2295],[86.3805,24.2267],[86.3791,24.222],[86.3796,24.2168],[86.3783,24.2147],[86.3795,24.2119],[86.3788,24.2096],[86.376,24.2059],[86.3725,24.2089],[86.3707,24.2066],[86.3662,24.2054],[86.3651,24.2073]]]},"properties":{"id":"in:subdistrict:2538","level":"subdistrict","name":"Gande","code":2538,"parent":"in:district:329","state":"in:state:20"}},{"type":"Feature","geometry":{"type":"Polygon","coordinates":[[[86.6546,24.2532],[86.6468,24.2534],[86.6432,24.2494],[86.6356,24.251],[86.6294,24.2483],[86.6274,24.2524],[86.624,24.2522],[86.62,24.2494],[86.6179,24.2432],[86.6216,24.24],[86.6186,24.2347],[86.6154,24.2371],[86.6102,24.2368],[86.6079,24.2388],[86.6004,24.2409],[86.5966,24.2385],[86.5943,24.233],[86.5942,24.2244],[86.5903,24.2212],[86.5894,24.2169],[86.5848,24.2182],[86.5777,24.2177],[86.5763,24.2184],[86.5725,24.2131],[86.5706,24.2129],[86.5702,24.2189],[86.5678,24.222],[86.5635,24.2232],[86.5605,24.2284],[86.5555,24.2258],[86.5475,24.227],[86.5463,24.2234],[86.5385,24.2221],[86.5353,24.2233],[86.5295,24.222],[86.5277,24.2196],[86.5227,24.2206],[86.5222,24.2186],[86.5192,24.2142],[86.517,24.2059],[86.5124,24.2059],[86.5115,24.2077],[86.5049,24.2026],[86.503,24.2023],[86.5004,24.1992],[86.5039,24.1934],[86.5014,24.1864],[86.5019,24.181],[86.4969,24.1755],[86.4951,24.1686],[86.4903,24.1602],[86.4852,24.154],[86.4858,24.1512],[86.4931,24.1522],[86.4989,24.1523],[86.502,24.1514],[86.5058,24.1482],[86.5104,24.1495],[86.5147,24.1494],[86.5182,24.1519],[86.5243,24.1582],[86.5289,24.1547],[86.544,24.1533],[86.548,24.1533],[86.5512,24.1552],[86.5586,24.1516],[86.5631,24.1498],[86.5692,24.1459],[86.572,24.1426],[86.5751,24.1387],[86.5799,24.1393],[86.584,24.1389],[86.5865,24.1397],[86.5903,24.1387],[86.5928,24.1368],[86.5964,24.1363],[86.5969,24.1382],[86.6015,24.1412],[86.606,24.1411],[86.6108,24.1371],[86.6136,24.137],[86.6159,24.1392],[86.6186,24.1392],[86.6202,24.1376],[86.6267,24.1357],[86.6277,24.1328],[86.6289,24.1316],[86.6369,24.1318],[86.6449,24.1339],[86.6514,24.1306],[86.6549,24.1296],[86.6546,24.1345],[86.657,24.1413],[86.6574,24.1458],[86.6603,24.1521],[86.6633,24.1542],[86.6604,24.1564],[86.6571,24.1569],[86.6558,24.1558],[86.6528,24.1582],[86.6539,24.161],[86.653,24.1661],[86.6547,24.1675],[86.6529,24.1729],[86.6516,24.1798],[86.6534,24.1805],[86.6577,24.1794],[86.6588,24.1827],[86.6637,24.1824],[86.6641,24.1859],[86.6657,24.1904],[86.6635,24.1918],[86.6655,24.1951],[86.6654,24.1982],[86.6705,24.1993],[86.6757,24.202],[86.6735,24.2041],[86.6708,24.2089],[86.6651,24.2107],[86.6654,24.215],[86.6693,24.226],[86.6662,24.2296],[86.6648,24.2369],[86.6596,24.2349],[86.6543,24.234],[86.6523,24.2441],[86.6528,24.2483],[86.6546,24.2532]]]},"properties":{"id":"in:subdistrict:2551","level":"subdistrict","name":"Margo Munda","code":2551,"parent":"in:district:324","state":"in:state:20"}},{"type":"Feature","geometry":{"type":"Polygon","coordinates":[[[86.5092,24.2574],[86.5084,24.2558],[86.5106,24.2537],[86.5088,24.2522],[86.51,24.2478],[86.5131,24.2452],[86.5137,24.2427],[86.5161,24.2398],[86.51,24.2356],[86.5101,24.2327],[86.5087,24.2308],[86.5128,24.2282],[86.5131,24.2252],[86.5166,24.2239],[86.5109,24.217],[86.507,24.2093],[86.5115,24.2077],[86.5124,24.2059],[86.517,24.2059],[86.5192,24.2142],[86.5222,24.2186],[86.5227,24.2206],[86.5277,24.2196],[86.5295,24.222],[86.5353,24.2233],[86.5385,24.2221],[86.5463,24.2234],[86.5475,24.227],[86.5555,24.2258],[86.5605,24.2284],[86.5635,24.2232],[86.5678,24.222],[86.5702,24.2189],[86.5706,24.2129],[86.5725,24.2131],[86.5763,24.2184],[86.5777,24.2177],[86.5848,24.2182],[86.5894,24.2169],[86.5903,24.2212],[86.5942,24.2244],[86.5943,24.233],[86.5966,24.2385],[86.6004,24.2409],[86.6079,24.2388],[86.6102,24.2368],[86.6154,24.2371],[86.6186,24.2347],[86.6216,24.24],[86.6179,24.2432],[86.62,24.2494],[86.624,24.2522],[86.6274,24.2524],[86.6294,24.2483],[86.6356,24.251],[86.6432,24.2494],[86.6468,24.2534],[86.6546,24.2532],[86.6559,24.2596],[86.6597,24.2618],[86.6671,24.2623],[86.6714,24.2605],[86.6754,24.2611],[86.6786,24.2569],[86.6844,24.2541],[86.6881,24.2536],[86.6989,24.2478],[86.7028,24.2481],[86.7026,24.25],[86.7057,24.2516],[86.7068,24.2542],[86.7094,24.2524],[86.7102,24.2476],[86.7154,24.25],[86.7195,24.2472],[86.7205,24.2452],[86.7177,24.2432],[86.7264,24.2387],[86.7291,24.2389],[86.7304,24.2355],[86.7338,24.2376],[86.736,24.2363],[86.7391,24.2376],[86.742,24.2349],[86.7449,24.2357],[86.7493,24.2356],[86.7539,24.2365],[86.7577,24.2326],[86.7616,24.2342],[86.7629,24.2407],[86.7578,24.2448],[86.7529,24.2459],[86.749,24.2477],[86.7467,24.2508],[86.7337,24.2504],[86.7318,24.2536],[86.7304,24.2629],[86.7327,24.265],[86.7348,24.2645],[86.7381,24.2677],[86.7395,24.2729],[86.7386,24.2792],[86.7378,24.2805],[86.735,24.282],[86.7337,24.2843],[86.735,24.2866],[86.7323,24.2884],[86.7306,24.2964],[86.7269,24.2986],[86.7202,24.3013],[86.7148,24.3019],[86.7126,24.3054],[86.7082,24.3062],[86.7097,24.3106],[86.7062,24.3141],[86.7021,24.3155],[86.6971,24.311],[86.6936,24.3117],[86.6923,24.3145],[86.6923,24.3181],[86.6901,24.3186],[86.6855,24.3173],[86.6876,24.3227],[86.6877,24.3261],[86.6826,24.3246],[86.6768,24.3216],[86.675,24.325],[86.6729,24.3264],[86.6674,24.3276],[86.6645,24.3301],[86.6611,24.3319],[86.6552,24.3327],[86.6548,24.3294],[86.6532,24.3271],[86.6529,24.3209],[86.6488,24.322],[86.6471,24.3214],[86.6472,24.3147],[86.6496,24.311],[86.6476,24.3066],[86.6478,24.3041],[86.6415,24.3046],[86.6396,24.3036],[86.6365,24.306],[86.6344,24.3063],[86.6329,24.3115],[86.6302,24.3114],[86.6291,24.3139],[86.6333,24.3152],[86.6339,24.3187],[86.6266,24.318],[86.6227,24.3189],[86.6161,24.3239],[86.6123,24.3253],[86.6086,24.325],[86.6037,24.3263],[86.5922,24.3343],[86.5898,24.3349],[86.5816,24.3391],[86.5787,24.3427],[86.5776,24.3477],[86.5754,24.3529],[86.5725,24.3563],[86.572,24.3601],[86.568,24.3601],[86.5597,24.3582],[86.5519,24.3597],[86.5427,24.3591],[86.5359,24.3693],[86.5338,24.3675],[86.5282,24.3667],[86.528,24.3633],[86.5264,24.3629],[86.5214,24.3648],[86.5153,24.3628],[86.5129,24.3614],[86.507,24.3606],[86.5009,24.3575],[86.5006,24.3533],[86.4993,24.3499],[86.5045,24.3407],[86.4988,24.3431],[86.4885,24.3465],[86.4859,24.3481],[86.4805,24.3488],[86.4758,24.3535],[86.4713,24.3553],[86.4703,24.3536],[86.4697,24.3486],[86.4669,24.3457],[86.4627,24.3389],[86.4602,24.3385],[86.4579,24.3345],[86.4616,24.3336],[86.4629,24.3318],[86.469,24.3318],[86.4756,24.3301],[86.4753,24.3265],[86.4734,24.3239],[86.474,24.3211],[86.4722,24.3137],[86.4749,24.3111],[86.4763,24.3082],[86.478,24.3006],[86.4819,24.298],[86.4844,24.2982],[86.4864,24.2963],[86.4861,24.2911],[86.4884,24.2869],[86.4922,24.2851],[86.4959,24.2846],[86.5018,24.2847],[86.5049,24.2815],[86.5048,24.2769],[86.5063,24.2752],[86.5075,24.2705],[86.5112,24.2626],[86.5092,24.2574]]]},"properties":{"id":"in:subdistrict:2550","level":"subdistrict","name":"Madhupur","code":2550,"parent":"in:district:324","state":"in:state:20"}},{"type":"Feature","geometry":{"type":"Polygon","coordinates":[[[86.4954,24.4555],[86.4995,24.4578],[86.5016,24.4601],[86.5052,24.4618],[86.5072,24.4608],[86.5135,24.4602],[86.5198,24.4601],[86.5209,24.4539],[86.5278,24.4485],[86.5286,24.4506],[86.5318,24.4513],[86.5358,24.4536],[86.5375,24.4563],[86.5373,24.4582],[86.5434,24.4577],[86.5454,24.4587],[86.5483,24.4641],[86.5514,24.4668],[86.5563,24.4644],[86.5606,24.4637],[86.5635,24.4617],[86.5737,24.4589],[86.5828,24.4606],[86.5844,24.4623],[86.5877,24.4615],[86.5906,24.4591],[86.5932,24.4617],[86.6006,24.46],[86.6046,24.4625],[86.6079,24.469],[86.6123,24.4703],[86.6182,24.467],[86.6212,24.4637],[86.6253,24.4618],[86.6382,24.4588],[86.6432,24.4487],[86.648,24.4441],[86.654,24.4424],[86.6588,24.4378],[86.6601,24.4352],[86.6618,24.4246],[86.6655,24.4159],[86.6649,24.4138],[86.659,24.4123],[86.6544,24.4035],[86.651,24.4065],[86.6469,24.4041],[86.6423,24.404],[86.6367,24.4019],[86.6319,24.4044],[86.6296,24.4024],[86.6284,24.3982],[86.6208,24.3942],[86.6186,24.3945],[86.6155,24.3917],[86.6159,24.389],[86.6134,24.3859],[86.614,24.3826],[86.6113,24.3791],[86.6129,24.3762],[86.611,24.3734],[86.6139,24.371],[86.6226,24.3696],[86.626,24.3698],[86.6284,24.3674],[86.6276,24.3635],[86.6286,24.358],[86.627,24.3563],[86.6239,24.3562],[86.6199,24.3539],[86.6212,24.3524],[86.6244,24.3526],[86.6301,24.3473],[86.6388,24.3453],[86.6441,24.3434],[86.6489,24.3436],[86.6505,24.3428],[86.6545,24.347],[86.6613,24.3498],[86.6641,24.3527],[86.6694,24.3551],[86.6722,24.3548],[86.6734,24.3521],[86.6754,24.3521],[86.6816,24.3538],[86.6841,24.3534],[86.6864,24.3554],[86.6871,24.3579],[86.6925,24.357],[86.6986,24.3579],[86.7055,24.3627],[86.7103,24.3651],[86.716,24.369],[86.7207,24.3729],[86.7226,24.3771],[86.7233,24.382],[86.7253,24.3841],[86.7209,24.3932],[86.7228,24.3971],[86.7307,24.396],[86.7316,24.3993],[86.7306,24.4025],[86.7348,24.4032],[86.7377,24.4057],[86.7389,24.4153],[86.7408,24.4186],[86.7368,24.4206],[86.7393,24.4231],[86.7391,24.4247],[86.7356,24.4277],[86.7347,24.4306],[86.7302,24.4323],[86.7251,24.4324],[86.7214,24.4424],[86.7146,24.4446],[86.7121,24.4514],[86.7092,24.4536],[86.7086,24.4555],[86.7131,24.458],[86.7186,24.466],[86.7177,24.4717],[86.7203,24.4754],[86.7248,24.4772],[86.7249,24.4798],[86.7204,24.4814],[86.7193,24.4831],[86.721,24.4873],[86.7288,24.4892],[86.7274,24.491],[86.7234,24.4912],[86.7204,24.4927],[86.7162,24.498],[86.7134,24.5026],[86.7084,24.5082],[86.7049,24.5092],[86.7025,24.5133],[86.6996,24.5164],[86.6971,24.5226],[86.6955,24.5249],[86.6947,24.5291],[86.6983,24.538],[86.7,24.5446],[86.6999,24.5495],[86.6989,24.5517],[86.6966,24.5518],[86.6985,24.5558],[86.698,24.5608],[86.6966,24.5628],[86.6951,24.5679],[86.6934,24.5701],[86.6879,24.5724],[86.686,24.5699],[86.6808,24.571],[86.6702,24.5649],[86.6572,24.5692],[86.6531,24.5698],[86.6496,24.5722],[86.6475,24.5791],[86.6458,24.5806],[86.6389,24.5822],[86.6294,24.5861],[86.6268,24.5886],[86.6233,24.5897],[86.6228,24.5963],[86.6244,24.5994],[86.621,24.6001],[86.6133,24.598],[86.6102,24.5993],[86.6109,24.604],[86.6146,24.6083],[86.6082,24.6081],[86.6033,24.6084],[86.6041,24.6056],[86.6031,24.6019],[86.5982,24.5999],[86.5972,24.5966],[86.5932,24.5934],[86.5889,24.5885],[86.5884,24.5844],[86.5892,24.5793],[86.5863,24.5756],[86.5803,24.5665],[86.5768,24.5654],[86.5705,24.5655],[86.5664,24.5662],[86.5616,24.5622],[86.5592,24.5623],[86.5583,24.5582],[86.5613,24.5561],[86.5638,24.5525],[86.5573,24.548],[86.5553,24.544],[86.5534,24.5435],[86.5521,24.5386],[86.5497,24.538],[86.5433,24.5402],[86.5394,24.5392],[86.5365,24.536],[86.5298,24.5403],[86.5247,24.5361],[86.5231,24.5338],[86.5205,24.5332],[86.5175,24.5303],[86.5154,24.5254],[86.5112,24.5237],[86.5038,24.5111],[86.5008,24.5036],[86.5016,24.5015],[86.5027,24.4932],[86.5004,24.4894],[86.4971,24.4902],[86.4943,24.4862],[86.4954,24.4831],[86.4918,24.4759],[86.4942,24.473],[86.4905,24.4715],[86.4913,24.4691],[86.4891,24.4652],[86.4867,24.4641],[86.4882,24.4616],[86.4932,24.4585],[86.4954,24.4555]]]},"properties":{"id":"in:subdistrict:2545","level":"subdistrict","name":"Deoghar","code":2545,"parent":"in:district:324","state":"in:state:20"}},{"type":"Feature","geometry":{"type":"Polygon","coordinates":[[[86.4554,24.3719],[86.4578,24.3713],[86.4576,24.3687],[86.4591,24.3646],[86.4566,24.3578],[86.4592,24.3549],[86.4659,24.3536],[86.4703,24.3536],[86.4713,24.3553],[86.4758,24.3535],[86.4805,24.3488],[86.4859,24.3481],[86.4885,24.3465],[86.4988,24.3431],[86.5045,24.3407],[86.4993,24.3499],[86.5006,24.3533],[86.5009,24.3575],[86.507,24.3606],[86.5129,24.3614],[86.5153,24.3628],[86.5214,24.3648],[86.5264,24.3629],[86.528,24.3633],[86.5282,24.3667],[86.5338,24.3675],[86.5359,24.3693],[86.5427,24.3591],[86.5519,24.3597],[86.5597,24.3582],[86.568,24.3601],[86.572,24.3601],[86.5725,24.3563],[86.5754,24.3529],[86.5776,24.3477],[86.5787,24.3427],[86.5816,24.3391],[86.5898,24.3349],[86.5922,24.3343],[86.6037,24.3263],[86.6086,24.325],[86.6123,24.3253],[86.6161,24.3239],[86.6227,24.3189],[86.6266,24.318],[86.6339,24.3187],[86.6333,24.3152],[86.6291,24.3139],[86.6302,24.3114],[86.6329,24.3115],[86.6344,24.3063],[86.6365,24.306],[86.6396,24.3036],[86.6415,24.3046],[86.6478,24.3041],[86.6476,24.3066],[86.6496,24.311],[86.6472,24.3147],[86.6471,24.3214],[86.6488,24.322],[86.6529,24.3209],[86.6532,24.3271],[86.6548,24.3294],[86.6552,24.3327],[86.6611,24.3319],[86.6645,24.3301],[86.6674,24.3276],[86.6729,24.3264],[86.675,24.325],[86.6768,24.3216],[86.6826,24.3246],[86.6877,24.3261],[86.6876,24.3227],[86.6855,24.3173],[86.6901,24.3186],[86.6923,24.3181],[86.6923,24.3145],[86.6936,24.3117],[86.6971,24.311],[86.7021,24.3155],[86.7062,24.3141],[86.7097,24.3106],[86.7082,24.3062],[86.7126,24.3054],[86.7148,24.3019],[86.7202,24.3013],[86.7269,24.2986],[86.7306,24.2964],[86.7323,24.2884],[86.735,24.2866],[86.7337,24.2843],[86.735,24.282],[86.7378,24.2805],[86.7384,24.2827],[86.7375,24.2872],[86.7477,24.2861],[86.7505,24.2908],[86.7538,24.2925],[86.7575,24.2923],[86.7643,24.299],[86.764,24.3055],[86.7655,24.3077],[86.7648,24.3109],[86.7612,24.3154],[86.754,24.3267],[86.7463,24.3274],[86.7459,24.3319],[86.7443,24.3373],[86.7391,24.3362],[86.7313,24.3398],[86.7287,24.3456],[86.7234,24.3458],[86.72,24.3494],[86.7165,24.3474],[86.7119,24.3467],[86.7082,24.3469],[86.6987,24.3501],[86.6956,24.3496],[86.6868,24.3497],[86.6841,24.3534],[86.6816,24.3538],[86.6754,24.3521],[86.6734,24.3521],[86.6722,24.3548],[86.6694,24.3551],[86.6641,24.3527],[86.6613,24.3498],[86.6545,24.347],[86.6505,24.3428],[86.6489,24.3436],[86.6441,24.3434],[86.6388,24.3453],[86.6301,24.3473],[86.6244,24.3526],[86.6212,24.3524],[86.6199,24.3539],[86.6239,24.3562],[86.627,24.3563],[86.6286,24.358],[86.6276,24.3635],[86.6284,24.3674],[86.626,24.3698],[86.6226,24.3696],[86.6139,24.371],[86.611,24.3734],[86.6129,24.3762],[86.6113,24.3791],[86.614,24.3826],[86.6134,24.3859],[86.6159,24.389],[86.6155,24.3917],[86.6186,24.3945],[86.6208,24.3942],[86.6284,24.3982],[86.6296,24.4024],[86.6319,24.4044],[86.6367,24.4019],[86.6423,24.404],[86.6469,24.4041],[86.651,24.4065],[86.6544,24.4035],[86.659,24.4123],[86.6649,24.4138],[86.6655,24.4159],[86.6618,24.4246],[86.6601,24.4352],[86.6588,24.4378],[86.654,24.4424],[86.648,24.4441],[86.6432,24.4487],[86.6382,24.4588],[86.6253,24.4618],[86.6212,24.4637],[86.6182,24.467],[86.6123,24.4703],[86.6079,24.469],[86.6046,24.4625],[86.6006,24.46],[86.5932,24.4617],[86.5906,24.4591],[86.5877,24.4615],[86.5844,24.4623],[86.5828,24.4606],[86.5737,24.4589],[86.5635,24.4617],[86.5606,24.4637],[86.5563,24.4644],[86.5514,24.4668],[86.5483,24.4641],[86.5454,24.4587],[86.5434,24.4577],[86.5373,24.4582],[86.5375,24.4563],[86.5358,24.4536],[86.5318,24.4513],[86.5286,24.4506],[86.5278,24.4485],[86.5209,24.4539],[86.5198,24.4601],[86.5135,24.4602],[86.5072,24.4608],[86.5052,24.4618],[86.5016,24.4601],[86.4995,24.4578],[86.4954,24.4555],[86.4958,24.4468],[86.4968,24.4443],[86.4942,24.4408],[86.4933,24.4352],[86.4919,24.4321],[86.4913,24.4281],[86.4838,24.4287],[86.4794,24.4279],[86.477,24.4245],[86.4725,24.4247],[86.4687,24.4263],[86.4664,24.4237],[86.4665,24.4213],[86.4692,24.4199],[86.4692,24.4159],[86.4669,24.4101],[86.4677,24.4064],[86.4707,24.4057],[86.4715,24.4021],[86.4701,24.3974],[86.4719,24.3933],[86.4696,24.3881],[86.4667,24.3844],[86.4671,24.3811],[86.4632,24.3789],[86.4579,24.3782],[86.4554,24.3719]]]},"properties":{"id":"in:subdistrict:2549","level":"subdistrict","name":"Devipur","code":2549,"parent":"in:district:324","state":"in:state:20"}},{"type":"Feature","geometry":{"type":"Polygon","coordinates":[[[86.8627,24.3121],[86.8583,24.3156],[86.8535,24.3203],[86.8538,24.3237],[86.8633,24.3272],[86.861,24.3293],[86.8679,24.3343],[86.8701,24.3391],[86.867,24.3429],[86.8644,24.3448],[86.8658,24.3504],[86.8582,24.3536],[86.8556,24.3535],[86.8501,24.3588],[86.8449,24.3609],[86.8377,24.3615],[86.841,24.3652],[86.8356,24.3665],[86.8302,24.3659],[86.8231,24.366],[86.8196,24.3677],[86.8257,24.3709],[86.8274,24.3749],[86.827,24.3787],[86.8245,24.3814],[86.8283,24.3835],[86.8312,24.3864],[86.8301,24.3917],[86.8286,24.3941],[86.8301,24.3958],[86.8253,24.4001],[86.8235,24.4058],[86.8193,24.4111],[86.8099,24.4195],[86.8072,24.4207],[86.8093,24.4246],[86.8145,24.4289],[86.8196,24.4353],[86.8105,24.4387],[86.7976,24.4444],[86.7948,24.446],[86.789,24.4458],[86.7831,24.4472],[86.7799,24.4413],[86.7784,24.4363],[86.7752,24.4302],[86.7763,24.424],[86.7747,24.4211],[86.7733,24.415],[86.7715,24.4127],[86.7676,24.4126],[86.7659,24.4138],[86.7628,24.4137],[86.749,24.4177],[86.7462,24.4195],[86.7408,24.4186],[86.7389,24.4153],[86.7377,24.4057],[86.7348,24.4032],[86.7306,24.4025],[86.7316,24.3993],[86.7307,24.396],[86.7228,24.3971],[86.7209,24.3932],[86.7253,24.3841],[86.7233,24.382],[86.7226,24.3771],[86.7207,24.3729],[86.716,24.369],[86.7103,24.3651],[86.7055,24.3627],[86.6986,24.3579],[86.6925,24.357],[86.6871,24.3579],[86.6864,24.3554],[86.6841,24.3534],[86.6868,24.3497],[86.6956,24.3496],[86.6987,24.3501],[86.7082,24.3469],[86.7119,24.3467],[86.7165,24.3474],[86.72,24.3494],[86.7234,24.3458],[86.7287,24.3456],[86.7313,24.3398],[86.7391,24.3362],[86.7443,24.3373],[86.7459,24.3319],[86.7463,24.3274],[86.754,24.3267],[86.7612,24.3154],[86.7648,24.3109],[86.7655,24.3077],[86.7652,24.3053],[86.7678,24.3038],[86.7691,24.2989],[86.7727,24.2953],[86.7745,24.2954],[86.7764,24.2981],[86.7855,24.2967],[86.7898,24.3009],[86.7948,24.2994],[86.799,24.2999],[86.8036,24.3024],[86.8112,24.2967],[86.8143,24.2912],[86.8119,24.2858],[86.8122,24.2797],[86.8118,24.2749],[86.813,24.2737],[86.8204,24.2755],[86.8245,24.275],[86.8259,24.2731],[86.8296,24.274],[86.8277,24.2685],[86.8263,24.2669],[86.8202,24.2637],[86.8236,24.26],[86.8286,24.2569],[86.8328,24.2555],[86.834,24.2624],[86.8417,24.2615],[86.8425,24.2658],[86.8415,24.2678],[86.8416,24.2748],[86.8408,24.2789],[86.8377,24.2824],[86.8402,24.2878],[86.8421,24.2886],[86.8459,24.2968],[86.8505,24.2993],[86.8543,24.3036],[86.8579,24.3062],[86.8627,24.3121]]]},"properties":{"id":"in:subdistrict:2547","level":"subdistrict","name":"Sarwan","code":2547,"parent":"in:district:324","state":"in:state:20"}},{"type":"Feature","geometry":{"type":"Polygon","coordinates":[[[86.8906,24.4325],[86.8876,24.4322],[86.8845,24.4304],[86.884,24.428],[86.8855,24.4255],[86.885,24.418],[86.8831,24.4159],[86.8803,24.4151],[86.8791,24.4125],[86.8738,24.4135],[86.8697,24.4157],[86.8629,24.4164],[86.8539,24.4096],[86.8506,24.4065],[86.8498,24.4028],[86.8484,24.4008],[86.8426,24.3951],[86.839,24.3925],[86.8345,24.3939],[86.8301,24.3917],[86.8312,24.3864],[86.8283,24.3835],[86.8245,24.3814],[86.827,24.3787],[86.8274,24.3749],[86.8257,24.3709],[86.8196,24.3677],[86.8231,24.366],[86.8302,24.3659],[86.8356,24.3665],[86.841,24.3652],[86.8377,24.3615],[86.8449,24.3609],[86.8501,24.3588],[86.8556,24.3535],[86.8582,24.3536],[86.8658,24.3504],[86.8644,24.3448],[86.867,24.3429],[86.8701,24.3391],[86.8679,24.3343],[86.861,24.3293],[86.8633,24.3272],[86.8538,24.3237],[86.8535,24.3203],[86.8583,24.3156],[86.8627,24.3121],[86.8649,24.3148],[86.8697,24.3182],[86.8721,24.3184],[86.8778,24.315],[86.8844,24.31],[86.8839,24.3038],[86.8798,24.3034],[86.879,24.2954],[86.8841,24.2945],[86.8849,24.2924],[86.8919,24.2907],[86.897,24.2946],[86.9004,24.2952],[86.9044,24.299],[86.905,24.3026],[86.9068,24.3029],[86.9145,24.2993],[86.9155,24.2954],[86.9216,24.2949],[86.9311,24.295],[86.9348,24.2955],[86.9374,24.297],[86.9408,24.3007],[86.9488,24.3014],[86.9509,24.3002],[86.9514,24.2964],[86.9595,24.2927],[86.9628,24.2918],[86.969,24.2929],[86.9703,24.2903],[86.9742,24.2886],[86.9779,24.2897],[86.9783,24.2946],[86.9809,24.2984],[86.9857,24.3021],[86.9877,24.3064],[86.9828,24.3095],[86.9771,24.3091],[86.9704,24.3103],[86.9669,24.3129],[86.9629,24.3128],[86.9647,24.3186],[86.9678,24.3225],[86.9662,24.3258],[86.966,24.3307],[86.967,24.3383],[86.9679,24.3412],[86.9682,24.3512],[86.9665,24.3532],[86.9621,24.3546],[86.9592,24.3567],[86.9542,24.3564],[86.949,24.3588],[86.9453,24.356],[86.9391,24.3593],[86.937,24.3674],[86.9344,24.3682],[86.9331,24.3724],[86.9358,24.3783],[86.9359,24.3814],[86.9328,24.3809],[86.9278,24.3874],[86.9277,24.3915],[86.931,24.3926],[86.9369,24.3978],[86.943,24.4095],[86.942,24.4106],[86.9453,24.4133],[86.9474,24.4195],[86.9416,24.421],[86.9382,24.4191],[86.9363,24.4167],[86.9284,24.4187],[86.9218,24.4103],[86.9186,24.4105],[86.9163,24.4095],[86.9148,24.4131],[86.9091,24.4133],[86.9049,24.4113],[86.9012,24.4159],[86.9033,24.4216],[86.8987,24.424],[86.8996,24.4267],[86.9032,24.4273],[86.9033,24.4314],[86.9019,24.4331],[86.8982,24.4344],[86.8947,24.4316],[86.8906,24.4325]]]},"properties":{"id":"in:subdistrict:2548","level":"subdistrict","name":"Sona Rai Tharhi","code":2548,"parent":"in:district:324","state":"in:state:20"}},{"type":"Feature","geometry":{"type":"Polygon","coordinates":[[[86.9147,24.543],[86.9093,24.544],[86.9074,24.5458],[86.9036,24.5475],[86.9034,24.5513],[86.8989,24.5569],[86.8963,24.5581],[86.8913,24.5574],[86.8879,24.5581],[86.8864,24.5611],[86.8881,24.5642],[86.883,24.5673],[86.8821,24.5713],[86.8788,24.5713],[86.8767,24.568],[86.8698,24.5659],[86.8636,24.5666],[86.8604,24.5632],[86.862,24.5608],[86.8601,24.5564],[86.8568,24.5549],[86.8516,24.5581],[86.8479,24.5587],[86.843,24.5581],[86.8415,24.5623],[86.8417,24.5654],[86.8438,24.5703],[86.8426,24.5742],[86.8346,24.5751],[86.8337,24.5724],[86.8318,24.5716],[86.8236,24.5724],[86.8216,24.5745],[86.8183,24.5732],[86.816,24.5702],[86.8119,24.5691],[86.8108,24.5699],[86.8056,24.5694],[86.8031,24.5703],[86.8026,24.5736],[86.8054,24.5783],[86.8099,24.5803],[86.8117,24.5825],[86.8076,24.5909],[86.8074,24.5944],[86.8099,24.5983],[86.8077,24.599],[86.8036,24.6019],[86.8025,24.604],[86.7984,24.6075],[86.7969,24.611],[86.792,24.6151],[86.789,24.6187],[86.7854,24.617],[86.7824,24.619],[86.7732,24.6218],[86.7686,24.6197],[86.7587,24.6194],[86.754,24.6213],[86.7533,24.618],[86.7511,24.6114],[86.7486,24.6077],[86.7482,24.604],[86.7502,24.5979],[86.7498,24.5951],[86.747,24.5945],[86.7406,24.5866],[86.7353,24.5846],[86.7355,24.5811],[86.7336,24.5795],[86.73,24.5815],[86.7261,24.5823],[86.7231,24.584],[86.7154,24.5806],[86.7095,24.5771],[86.7016,24.5733],[86.6999,24.5731],[86.6929,24.5758],[86.6903,24.5755],[86.6879,24.5724],[86.6934,24.5701],[86.6951,24.5679],[86.6966,24.5628],[86.698,24.5608],[86.6985,24.5558],[86.6966,24.5518],[86.6989,24.5517],[86.6999,24.5495],[86.7,24.5446],[86.6983,24.538],[86.6947,24.5291],[86.6955,24.5249],[86.6971,24.5226],[86.6996,24.5164],[86.7025,24.5133],[86.7049,24.5092],[86.7084,24.5082],[86.7134,24.5026],[86.7162,24.498],[86.7204,24.4927],[86.7234,24.4912],[86.7274,24.491],[86.7288,24.4892],[86.721,24.4873],[86.7193,24.4831],[86.7204,24.4814],[86.7249,24.4798],[86.7248,24.4772],[86.7203,24.4754],[86.7177,24.4717],[86.7186,24.466],[86.7131,24.458],[86.7086,24.4555],[86.7092,24.4536],[86.7121,24.4514],[86.7146,24.4446],[86.7214,24.4424],[86.7251,24.4324],[86.7302,24.4323],[86.7347,24.4306],[86.7356,24.4277],[86.7391,24.4247],[86.7393,24.4231],[86.7368,24.4206],[86.7408,24.4186],[86.7462,24.4195],[86.749,24.4177],[86.7628,24.4137],[86.7659,24.4138],[86.7676,24.4126],[86.7715,24.4127],[86.7733,24.415],[86.7747,24.4211],[86.7763,24.424],[86.7752,24.4302],[86.7784,24.4363],[86.7799,24.4413],[86.7831,24.4472],[86.789,24.4458],[86.7948,24.446],[86.7976,24.4444],[86.8105,24.4387],[86.8196,24.4353],[86.8145,24.4289],[86.8093,24.4246],[86.8072,24.4207],[86.8099,24.4195],[86.8193,24.4111],[86.8235,24.4058],[86.8253,24.4001],[86.8301,24.3958],[86.8286,24.3941],[86.8301,24.3917],[86.8345,24.3939],[86.839,24.3925],[86.8426,24.3951],[86.8484,24.4008],[86.8498,24.4028],[86.8506,24.4065],[86.8539,24.4096],[86.8629,24.4164],[86.8697,24.4157],[86.8738,24.4135],[86.8791,24.4125],[86.8803,24.4151],[86.8831,24.4159],[86.885,24.418],[86.8855,24.4255],[86.884,24.428],[86.8845,24.4304],[86.8876,24.4322],[86.8906,24.4325],[86.8897,24.4348],[86.889,24.4408],[86.8902,24.4463],[86.8937,24.448],[86.9004,24.448],[86.9037,24.4504],[86.9033,24.4556],[86.9059,24.4593],[86.9116,24.4633],[86.9115,24.4649],[86.9085,24.4705],[86.9047,24.4719],[86.9061,24.4762],[86.9104,24.4807],[86.911,24.4861],[86.9161,24.487],[86.9172,24.4894],[86.9172,24.4914],[86.9192,24.4977],[86.9173,24.5],[86.9193,24.5071],[86.9191,24.5127],[86.9175,24.5186],[86.9153,24.5207],[86.9192,24.5361],[86.9171,24.5379],[86.9161,24.5416],[86.9147,24.543]]]},"properties":{"id":"in:subdistrict:2546","level":"subdistrict","name":"Mohanpur","code":2546,"parent":"in:district:324","state":"in:state:20"}},{"type":"Feature","geometry":{"type":"Polygon","coordinates":[[[87.1509,24.9348],[87.1541,24.9346],[87.1558,24.9319],[87.1591,24.9317],[87.1613,24.93],[87.1623,24.9274],[87.1664,24.9227],[87.1703,24.9275],[87.1725,24.9264],[87.1751,24.922],[87.1795,24.9226],[87.1805,24.9272],[87.1787,24.9298],[87.1745,24.9326],[87.1759,24.936],[87.1733,24.938],[87.175,24.941],[87.1776,24.9421],[87.1829,24.9384],[87.1849,24.9336],[87.1892,24.9287],[87.1911,24.9305],[87.1942,24.9273],[87.1992,24.9262],[87.2035,24.9314],[87.2121,24.928],[87.2143,24.928],[87.2139,24.9324],[87.2113,24.9333],[87.2077,24.9364],[87.2072,24.9402],[87.2031,24.9417],[87.203,24.9442],[87.1998,24.9446],[87.1963,24.9469],[87.1985,24.9496],[87.1979,24.9536],[87.1966,24.9556],[87.1985,24.9599],[87.199,24.9674],[87.203,24.9682],[87.2054,24.9648],[87.2109,24.9632],[87.2131,24.9615],[87.2165,24.963],[87.2187,24.9672],[87.2214,24.9635],[87.224,24.9619],[87.2311,24.9593],[87.2329,24.9627],[87.2314,24.965],[87.2348,24.9677],[87.2318,24.9703],[87.2332,24.9763],[87.2381,24.9791],[87.2409,24.9795],[87.2492,24.9791],[87.2529,24.98],[87.2564,24.9792],[87.2611,24.9793],[87.2603,24.985],[87.2571,24.9896],[87.2544,24.9907],[87.251,24.9937],[87.2496,24.9925],[87.2453,24.9954],[87.2399,24.9975],[87.2325,25.0016],[87.2224,25.0059],[87.2239,25.0118],[87.2228,25.014],[87.2241,25.019],[87.226,25.0194],[87.2295,25.017],[87.2325,25.0175],[87.236,25.0163],[87.2377,25.019],[87.2373,25.0241],[87.2347,25.0248],[87.2273,25.029],[87.2281,25.0315],[87.2133,25.0419],[87.2075,25.0453],[87.2045,25.042],[87.1987,25.0428],[87.1938,25.0455],[87.1929,25.042],[87.1892,25.0411],[87.1878,25.0375],[87.185,25.0354],[87.179,25.0368],[87.1733,25.0372],[87.1715,25.0365],[87.1664,25.0366],[87.1641,25.0384],[87.1627,25.0348],[87.1586,25.0286],[87.1567,25.0271],[87.1504,25.0256],[87.1489,25.0243],[87.1459,25.0189],[87.147,25.0133],[87.1456,25.0101],[87.1494,25.0045],[87.1503,25.0013],[87.1492,25],[87.1511,24.9915],[87.1513,24.9873],[87.15,24.9846],[87.1492,24.9785],[87.1461,24.9728],[87.1491,24.9686],[87.1474,24.9653],[87.1488,24.9603],[87.1476,24.9553],[87.1439,24.9465],[87.1437,24.9434],[87.145,24.9411],[87.1509,24.9348]]]},"properties":{"id":"in:subdistrict:2560","level":"subdistrict","name":"Bashant Rai*","code":2560,"parent":"in:district:330","state":"in:state:20"}},{"type":"Feature","geometry":{"type":"Polygon","coordinates":[[[87.3369,24.9779],[87.3343,24.9762],[87.3313,24.9728],[87.3302,24.967],[87.3274,24.9675],[87.3215,24.97],[87.3178,24.9673],[87.3137,24.9685],[87.3115,24.9665],[87.3078,24.9666],[87.2968,24.9682],[87.2934,24.968],[87.2881,24.9701],[87.2812,24.9699],[87.2721,24.9736],[87.2653,24.9737],[87.2611,24.9793],[87.2564,24.9792],[87.2529,24.98],[87.2492,24.9791],[87.2409,24.9795],[87.2381,24.9791],[87.2332,24.9763],[87.2318,24.9703],[87.2348,24.9677],[87.2314,24.965],[87.2329,24.9627],[87.2311,24.9593],[87.224,24.9619],[87.2214,24.9635],[87.2187,24.9672],[87.2165,24.963],[87.2131,24.9615],[87.2109,24.9632],[87.2054,24.9648],[87.203,24.9682],[87.199,24.9674],[87.1985,24.9599],[87.1966,24.9556],[87.1979,24.9536],[87.1985,24.9496],[87.1963,24.9469],[87.1998,24.9446],[87.203,24.9442],[87.2031,24.9417],[87.2072,24.9402],[87.2077,24.9364],[87.2113,24.9333],[87.2139,24.9324],[87.2143,24.928],[87.2121,24.928],[87.2035,24.9314],[87.1992,24.9262],[87.1942,24.9273],[87.1911,24.9305],[87.1892,24.9287],[87.1849,24.9336],[87.1829,24.9384],[87.1776,24.9421],[87.175,24.941],[87.1733,24.938],[87.1759,24.936],[87.1745,24.9326],[87.1787,24.9298],[87.1805,24.9272],[87.1795,24.9226],[87.1751,24.922],[87.1725,24.9264],[87.1703,24.9275],[87.1664,24.9227],[87.1623,24.9274],[87.1613,24.93],[87.1591,24.9317],[87.1558,24.9319],[87.1541,24.9346],[87.1509,24.9348],[87.1517,24.9316],[87.1502,24.9274],[87.1437,24.9229],[87.1425,24.9213],[87.1424,24.9137],[87.1446,24.9105],[87.1467,24.9106],[87.1479,24.9081],[87.1481,24.9036],[87.1519,24.9037],[87.1537,24.8998],[87.1531,24.8973],[87.1551,24.8937],[87.1555,24.8904],[87.1625,24.8965],[87.1663,24.896],[87.168,24.8972],[87.1737,24.8961],[87.1714,24.8934],[87.171,24.8884],[87.1715,24.8857],[87.1755,24.8852],[87.1809,24.8797],[87.1816,24.8745],[87.1828,24.8711],[87.1855,24.8716],[87.1848,24.8755],[87.1916,24.8752],[87.1909,24.8803],[87.1919,24.8821],[87.1949,24.8839],[87.1985,24.8823],[87.2002,24.8771],[87.2039,24.8765],[87.2068,24.8787],[87.2121,24.8767],[87.2152,24.8787],[87.2144,24.8823],[87.2164,24.8853],[87.2212,24.8825],[87.2263,24.8823],[87.2279,24.8788],[87.2297,24.8789],[87.23,24.8821],[87.2335,24.8838],[87.2371,24.8833],[87.2398,24.8858],[87.2399,24.8892],[87.2421,24.8898],[87.2459,24.8864],[87.2469,24.8895],[87.2508,24.8936],[87.2561,24.892],[87.2561,24.8904],[87.2533,24.8882],[87.2541,24.8865],[87.2577,24.8856],[87.2571,24.8807],[87.2532,24.8768],[87.2523,24.8733],[87.2557,24.8695],[87.2562,24.8745],[87.264,24.8799],[87.269,24.88],[87.2687,24.8764],[87.2717,24.8721],[87.2754,24.8703],[87.2782,24.8721],[87.2819,24.8716],[87.2853,24.8724],[87.2897,24.8677],[87.2957,24.8652],[87.2982,24.8673],[87.3002,24.8723],[87.2998,24.8771],[87.3031,24.88],[87.3054,24.8794],[87.31,24.8829],[87.3185,24.8804],[87.3215,24.8771],[87.3298,24.8781],[87.3311,24.8783],[87.3313,24.8939],[87.3314,24.9102],[87.3303,24.9114],[87.3323,24.9422],[87.3321,24.9458],[87.333,24.9531],[87.3369,24.9779]]]},"properties":{"id":"in:subdistrict:2559","level":"subdistrict","name":"Pathargama","code":2559,"parent":"in:district:330","state":"in:state:20"}},{"type":"Feature","geometry":{"type":"Polygon","coordinates":[[[87.3326,25.0748],[87.3286,25.0742],[87.3227,25.0763],[87.3151,25.0781],[87.3145,25.0824],[87.3105,25.0865],[87.302,25.0894],[87.2963,25.0909],[87.2954,25.0885],[87.2906,25.0895],[87.2857,25.0913],[87.2842,25.0906],[87.2698,25.094],[87.2641,25.0991],[87.2642,25.1021],[87.2608,25.1045],[87.2503,25.1057],[87.251,25.102],[87.2469,25.0997],[87.2436,25.101],[87.24,25.0968],[87.2398,25.0921],[87.2377,25.0923],[87.2374,25.0858],[87.2331,25.0864],[87.2297,25.0883],[87.2252,25.0886],[87.2144,25.0912],[87.2127,25.087],[87.2132,25.0826],[87.2091,25.0825],[87.2021,25.0795],[87.2004,25.0779],[87.1992,25.0729],[87.1956,25.0708],[87.1923,25.0668],[87.1884,25.0679],[87.1843,25.0667],[87.182,25.067],[87.1775,25.0627],[87.1773,25.0594],[87.1755,25.057],[87.1725,25.0513],[87.1718,25.0483],[87.1695,25.0467],[87.1664,25.0467],[87.167,25.04],[87.1641,25.0384],[87.1664,25.0366],[87.1715,25.0365],[87.1733,25.0372],[87.179,25.0368],[87.185,25.0354],[87.1878,25.0375],[87.1892,25.0411],[87.1929,25.042],[87.1938,25.0455],[87.1987,25.0428],[87.2045,25.042],[87.2075,25.0453],[87.2133,25.0419],[87.2281,25.0315],[87.2273,25.029],[87.2347,25.0248],[87.2373,25.0241],[87.2377,25.019],[87.236,25.0163],[87.2325,25.0175],[87.2295,25.017],[87.226,25.0194],[87.2241,25.019],[87.2228,25.014],[87.2239,25.0118],[87.2224,25.0059],[87.2325,25.0016],[87.2399,24.9975],[87.2453,24.9954],[87.2496,24.9925],[87.251,24.9937],[87.2544,24.9907],[87.2571,24.9896],[87.2603,24.985],[87.2611,24.9793],[87.2653,24.9737],[87.2721,24.9736],[87.2812,24.9699],[87.2881,24.9701],[87.2934,24.968],[87.2968,24.9682],[87.3078,24.9666],[87.3115,24.9665],[87.3137,24.9685],[87.3178,24.9673],[87.3215,24.97],[87.3274,24.9675],[87.3302,24.967],[87.3313,24.9728],[87.3343,24.9762],[87.3369,24.9779],[87.3381,24.9846],[87.3385,24.9928],[87.3398,25.0061],[87.342,25.0229],[87.3438,25.0242],[87.3448,25.0278],[87.3412,25.0334],[87.3415,25.0364],[87.3399,25.0441],[87.337,25.0456],[87.3353,25.0544],[87.3339,25.0584],[87.3321,25.0668],[87.3315,25.0714],[87.3326,25.0748]]]},"properties":{"id":"in:subdistrict:2558","level":"subdistrict","name":"Mahagama","code":2558,"parent":"in:district:330","state":"in:state:20"}},{"type":"Feature","geometry":{"type":"Polygon","coordinates":[[[87.3334,25.2201],[87.3332,25.2227],[87.3273,25.2236],[87.3252,25.2151],[87.3231,25.2112],[87.3231,25.2073],[87.3182,25.1948],[87.3209,25.1907],[87.3154,25.1801],[87.3163,25.1791],[87.3142,25.1688],[87.319,25.1648],[87.3168,25.1607],[87.3143,25.1594],[87.312,25.1488],[87.308,25.1474],[87.3049,25.1429],[87.3066,25.1408],[87.305,25.1359],[87.303,25.1342],[87.2998,25.1244],[87.2977,25.1162],[87.2962,25.1134],[87.2979,25.1121],[87.2952,25.1024],[87.2981,25.0998],[87.2963,25.0909],[87.302,25.0894],[87.3105,25.0865],[87.3145,25.0824],[87.3151,25.0781],[87.3227,25.0763],[87.3286,25.0742],[87.3326,25.0748],[87.3393,25.0844],[87.3473,25.0949],[87.3502,25.0996],[87.3581,25.1106],[87.3622,25.1171],[87.3731,25.1319],[87.3752,25.1322],[87.3829,25.1307],[87.386,25.1283],[87.3854,25.1246],[87.3864,25.1227],[87.3902,25.1217],[87.3949,25.1239],[87.4006,25.1223],[87.4029,25.1232],[87.4062,25.1219],[87.4083,25.1223],[87.4151,25.1213],[87.4181,25.1149],[87.4198,25.113],[87.4246,25.1106],[87.4277,25.1156],[87.4284,25.1225],[87.4249,25.1272],[87.422,25.1292],[87.4219,25.1322],[87.4161,25.1353],[87.4129,25.1391],[87.4075,25.1435],[87.4045,25.1451],[87.3909,25.1479],[87.3913,25.1534],[87.3948,25.1593],[87.3981,25.1589],[87.4007,25.1556],[87.4051,25.1631],[87.4046,25.1672],[87.4069,25.1689],[87.417,25.1695],[87.4182,25.1722],[87.4158,25.1757],[87.416,25.1786],[87.4178,25.1823],[87.4201,25.1838],[87.4243,25.1814],[87.4255,25.185],[87.4287,25.1878],[87.4308,25.193],[87.4242,25.197],[87.4249,25.2063],[87.4318,25.2088],[87.4267,25.2108],[87.4225,25.2139],[87.4191,25.2151],[87.4162,25.2147],[87.4115,25.2153],[87.4119,25.2189],[87.4035,25.2224],[87.4032,25.2253],[87.401,25.2269],[87.3974,25.2266],[87.3914,25.2279],[87.3875,25.2229],[87.3841,25.2244],[87.3816,25.2232],[87.379,25.218],[87.3751,25.2151],[87.3734,25.2091],[87.3705,25.2072],[87.3654,25.2089],[87.3599,25.2119],[87.3522,25.2134],[87.3487,25.2146],[87.3414,25.2153],[87.3404,25.2147],[87.3343,25.2161],[87.3334,25.2201]]]},"properties":{"id":"in:subdistrict:2555","level":"subdistrict","name":"Meherma","code":2555,"parent":"in:district:330","state":"in:state:20"}}]}