{"type":"FeatureCollection","features":[{"type":"Feature","geometry":{"type":"Polygon","coordinates":[[[80.6709,19.7022],[80.675,19.7047],[80.6817,19.7062],[80.6839,19.7059],[80.6907,19.7028],[80.6929,19.7041],[80.698,19.7101],[80.7026,19.7103],[80.7086,19.7068],[80.7119,19.7079],[80.7126,19.7113],[80.7161,19.7113],[80.7161,19.7178],[80.7153,19.7186],[80.7151,19.7235],[80.7124,19.7373],[80.7068,19.7516],[80.7067,19.7583],[80.7038,19.7603],[80.7043,19.7647],[80.7039,19.7684],[80.7056,19.7718],[80.7048,19.7758],[80.7109,19.7799],[80.7141,19.7863],[80.7185,19.7893],[80.721,19.7895],[80.7227,19.7912],[80.7261,19.7906],[80.7312,19.7927],[80.7333,19.7951],[80.7363,19.7965],[80.7404,19.8006],[80.742,19.8045],[80.7446,19.8077],[80.7484,19.8052],[80.7548,19.8078],[80.7576,19.8103],[80.7629,19.8104],[80.7659,19.8113],[80.7668,19.8094],[80.7619,19.8005],[80.7578,19.7955],[80.7593,19.7921],[80.765,19.7923],[80.7711,19.7916],[80.7749,19.7899],[80.7799,19.79],[80.7832,19.7916],[80.7857,19.7955],[80.7866,19.8002],[80.7967,19.8068],[80.7977,19.8094],[80.8007,19.8104],[80.8046,19.8098],[80.8116,19.8115],[80.8118,19.813],[80.81,19.8173],[80.8119,19.8201],[80.8093,19.8266],[80.8028,19.83],[80.7921,19.829],[80.7892,19.8293],[80.7841,19.8332],[80.7813,19.8341],[80.7793,19.84],[80.777,19.8437],[80.7753,19.8446],[80.7715,19.8431],[80.7699,19.8402],[80.7664,19.8366],[80.7616,19.8331],[80.7611,19.8299],[80.7594,19.8267],[80.7618,19.8251],[80.7598,19.8234],[80.7546,19.8219],[80.7505,19.8194],[80.7475,19.8162],[80.7407,19.8172],[80.7388,19.8185],[80.7336,19.8188],[80.7271,19.8204],[80.7263,19.8241],[80.7233,19.8282],[80.719,19.8305],[80.719,19.8319],[80.7231,19.8341],[80.7246,19.8368],[80.7234,19.8421],[80.7214,19.8461],[80.7227,19.8483],[80.7297,19.8521],[80.7336,19.8554],[80.7363,19.8564],[80.7383,19.855],[80.7474,19.8526],[80.7506,19.8552],[80.7509,19.8595],[80.7519,19.8611],[80.7516,19.8687],[80.7543,19.8725],[80.7592,19.8756],[80.7613,19.8798],[80.7623,19.8843],[80.7655,19.8909],[80.7675,19.8913],[80.7799,19.8923],[80.7916,19.8951],[80.8092,19.9073],[80.8173,19.9109],[80.8243,19.9166],[80.829,19.923],[80.8323,19.9289],[80.8365,19.9349],[80.8429,19.9473],[80.8647,19.941],[80.8758,19.9392],[80.8884,19.9385],[80.8968,19.9295],[80.9004,19.9262],[80.9065,19.9222],[80.9103,19.9181],[80.9134,19.9133],[80.9184,19.9036],[80.9192,19.8943],[80.9208,19.8907],[80.9232,19.8874],[80.9305,19.8803],[80.9332,19.8787],[80.9376,19.8739],[80.939,19.8685],[80.9416,19.8646],[80.9437,19.8583],[80.9453,19.8384],[80.9463,19.8348],[80.9521,19.8278],[80.9567,19.8272],[80.9591,19.825],[80.9603,19.8204],[80.9667,19.8146],[80.9699,19.8145],[80.9724,19.8128],[80.9765,19.8153],[80.9817,19.8148],[80.9901,19.817],[81.0025,19.8157],[81.0064,19.8149],[81.0062,19.8188],[81.0094,19.8395],[81.0155,19.8821],[81.0171,19.8958],[81.0175,19.9062],[81.019,19.9178],[81.0232,19.9209],[81.0377,19.9296],[81.0463,19.9342],[81.0566,19.9339],[81.0572,19.9369],[81.0596,19.9395],[81.0567,19.9436],[81.053,19.943],[81.0472,19.9389],[81.0433,19.9398],[81.0446,19.9441],[81.0422,19.9464],[81.04,19.9502],[81.038,19.9515],[81.0317,19.9527],[81.0343,19.9558],[81.0342,19.9572],[81.0379,19.9601],[81.0412,19.9615],[81.042,19.963],[81.0456,19.9631],[81.0466,19.9663],[81.0487,19.967],[81.0561,19.9649],[81.0609,19.9649],[81.0698,19.9661],[81.0674,19.9737],[81.0767,19.9813],[81.0823,19.9817],[81.0822,19.9833],[81.0777,20.0016],[81.0805,20.0018],[81.0821,20.0032],[81.0835,20.0091],[81.087,20.0181],[81.0875,20.0213],[81.0826,20.03],[81.0806,20.04],[81.078,20.0395],[81.0754,20.048],[81.0762,20.0511],[81.0733,20.0534],[81.073,20.0617],[81.0696,20.0578],[81.0646,20.0604],[81.0621,20.065],[81.0631,20.0669],[81.0601,20.0686],[81.056,20.0685],[81.0539,20.0667],[81.0515,20.068],[81.0509,20.0608],[81.0517,20.058],[81.0496,20.0559],[81.0455,20.0583],[81.0395,20.0605],[81.0377,20.0574],[81.0382,20.053],[81.0283,20.0624],[81.0244,20.061],[81.0191,20.0605],[81.0139,20.0616],[81.01,20.0616],[81.0059,20.0594],[80.9984,20.0607],[81.0005,20.0662],[80.9992,20.0686],[80.9943,20.0701],[80.9943,20.0729],[80.9918,20.0749],[80.9965,20.0806],[80.996,20.0875],[80.9983,20.0956],[80.9966,20.0971],[80.9922,20.0987],[80.9846,20.098],[80.9775,20.1012],[80.9739,20.1017],[80.9715,20.1032],[80.9657,20.1033],[80.9652,20.1021],[80.9561,20.101],[80.9541,20.1012],[80.9484,20.1039],[80.9334,20.0976],[80.9287,20.0947],[80.9181,20.0946],[80.9084,20.0966],[80.9018,20.0992],[80.8958,20.1025],[80.893,20.1051],[80.89,20.1021],[80.8864,20.1036],[80.8832,20.1067],[80.8789,20.1032],[80.8755,20.1021],[80.8657,20.101],[80.8605,20.1018],[80.8549,20.1076],[80.8542,20.1098],[80.8554,20.1125],[80.8535,20.1144],[80.8545,20.1188],[80.8534,20.1233],[80.8503,20.1259],[80.8431,20.1293],[80.8357,20.1301],[80.8301,20.1333],[80.8273,20.1363],[80.8241,20.1376],[80.8212,20.1401],[80.8199,20.1508],[80.8152,20.1521],[80.8131,20.1546],[80.8089,20.1555],[80.8081,20.1592],[80.8052,20.1583],[80.8011,20.1591],[80.7963,20.1612],[80.7929,20.1635],[80.7842,20.1648],[80.7791,20.1616],[80.7755,20.1563],[80.7742,20.1522],[80.7715,20.1494],[80.7661,20.1467],[80.7645,20.1389],[80.7665,20.1292],[80.7675,20.1198],[80.7673,20.1153],[80.7655,20.1094],[80.7632,20.1063],[80.7547,20.1087],[80.747,20.1102],[80.7348,20.1106],[80.7283,20.1121],[80.7205,20.1125],[80.7144,20.1109],[80.7068,20.1107],[80.704,20.1113],[80.698,20.1139],[80.6973,20.1212],[80.6942,20.1248],[80.6907,20.1316],[80.6876,20.1391],[80.6883,20.1446],[80.6877,20.1512],[80.6869,20.1537],[80.6845,20.1565],[80.6852,20.1607],[80.6832,20.1666],[80.6839,20.172],[80.6859,20.1776],[80.6846,20.1826],[80.6869,20.1862],[80.6881,20.1912],[80.6869,20.1954],[80.6833,20.1976],[80.6782,20.2037],[80.6774,20.2076],[80.6719,20.2139],[80.6662,20.2224],[80.6541,20.2264],[80.6516,20.2228],[80.6487,20.2205],[80.6443,20.2191],[80.6457,20.2113],[80.6424,20.2053],[80.6372,20.2007],[80.6285,20.1958],[80.6266,20.1938],[80.6261,20.191],[80.6222,20.1887],[80.62,20.1894],[80.6157,20.1882],[80.6152,20.1854],[80.6113,20.1839],[80.609,20.1871],[80.6026,20.1855],[80.5959,20.182],[80.5908,20.1812],[80.5885,20.1793],[80.5843,20.1775],[80.5798,20.1798],[80.5766,20.1805],[80.5738,20.1857],[80.5673,20.1891],[80.5654,20.1827],[80.566,20.1785],[80.5684,20.1749],[80.5672,20.1692],[80.5672,20.1646],[80.5689,20.1609],[80.5688,20.1545],[80.5654,20.149],[80.5665,20.1451],[80.5641,20.1351],[80.5605,20.1297],[80.559,20.1248],[80.5552,20.1194],[80.5521,20.118],[80.5523,20.1112],[80.5501,20.107],[80.5477,20.1054],[80.5446,20.0993],[80.544,20.0956],[80.5467,20.0907],[80.5521,20.0822],[80.5549,20.0797],[80.5568,20.0728],[80.5566,20.07],[80.5539,20.0648],[80.5509,20.061],[80.5493,20.0552],[80.5501,20.0509],[80.5499,20.0466],[80.5509,20.0413],[80.5478,20.0336],[80.5464,20.0264],[80.5462,20.0197],[80.547,20.0179],[80.5426,20.0108],[80.5456,20.0055],[80.5499,20.0008],[80.5501,19.9888],[80.5488,19.9838],[80.5469,19.9822],[80.5431,19.9769],[80.5382,19.975],[80.5378,19.9696],[80.5358,19.9655],[80.5393,19.9628],[80.5374,19.9597],[80.5389,19.9519],[80.5346,19.9509],[80.5311,19.9472],[80.5299,19.9395],[80.5254,19.937],[80.5236,19.9338],[80.5152,19.9324],[80.5064,19.9301],[80.5047,19.9285],[80.5,19.9286],[80.4959,19.9311],[80.4891,19.9305],[80.4807,19.9344],[80.4784,19.9384],[80.48,19.9409],[80.4791,19.944],[80.4732,19.9509],[80.4658,19.9483],[80.464,19.9505],[80.4619,19.9501],[80.4588,19.9537],[80.4529,19.9573],[80.4517,19.9573],[80.4449,19.9519],[80.4436,19.9501],[80.4403,19.9487],[80.4386,19.9463],[80.4301,19.9406],[80.4242,19.9394],[80.4195,19.9403],[80.4113,19.9385],[80.4127,19.9307],[80.4125,19.9237],[80.408,19.9127],[80.4116,19.9102],[80.4139,19.9075],[80.4189,19.9044],[80.4237,19.9026],[80.429,19.9034],[80.4333,19.9028],[80.4359,19.9011],[80.4504,19.8963],[80.4572,19.899],[80.4604,19.9011],[80.462,19.9044],[80.4686,19.9076],[80.4741,19.9038],[80.4902,19.9023],[80.4937,19.9001],[80.4995,19.8911],[80.5008,19.8877],[80.5024,19.8784],[80.5058,19.8706],[80.4995,19.8697],[80.4863,19.8636],[80.4825,19.8588],[80.4842,19.8542],[80.4834,19.8514],[80.481,19.8493],[80.481,19.8455],[80.4787,19.8393],[80.4736,19.8374],[80.4705,19.8323],[80.4695,19.8275],[80.4648,19.8243],[80.4601,19.823],[80.4462,19.8143],[80.4407,19.8103],[80.4348,19.8089],[80.4317,19.8073],[80.4282,19.808],[80.4225,19.8129],[80.4131,19.8164],[80.4061,19.8159],[80.4016,19.817],[80.4057,19.8111],[80.4076,19.8048],[80.404,19.7986],[80.4017,19.7962],[80.4049,19.7937],[80.4148,19.7958],[80.4242,19.7992],[80.4327,19.7968],[80.4367,19.7968],[80.4405,19.7956],[80.4436,19.7928],[80.4493,19.7898],[80.4598,19.7934],[80.4628,19.7957],[80.4663,19.7935],[80.468,19.7888],[80.4742,19.7862],[80.4794,19.7827],[80.4822,19.7784],[80.4827,19.7727],[80.488,19.7703],[80.4903,19.7714],[80.4915,19.7785],[80.49,19.7901],[80.486,19.7965],[80.485,19.8025],[80.4805,19.8021],[80.4757,19.8036],[80.4689,19.8104],[80.4716,19.8138],[80.4806,19.8275],[80.4879,19.8278],[80.5001,19.8277],[80.504,19.8309],[80.5078,19.8314],[80.5123,19.8304],[80.5198,19.8317],[80.5327,19.8252],[80.5449,19.8187],[80.5465,19.8174],[80.5466,19.811],[80.5452,19.8064],[80.5476,19.7973],[80.5468,19.7916],[80.5444,19.788],[80.5424,19.7834],[80.5437,19.7758],[80.5486,19.7698],[80.5526,19.7656],[80.5578,19.7625],[80.5622,19.761],[80.5678,19.7606],[80.5715,19.7592],[80.5738,19.7548],[80.5764,19.7542],[80.5785,19.7519],[80.5821,19.7508],[80.5842,19.7475],[80.5817,19.7456],[80.5851,19.7438],[80.5872,19.741],[80.5898,19.7422],[80.5924,19.7415],[80.5937,19.7395],[80.5992,19.7402],[80.6057,19.7367],[80.6085,19.7383],[80.6111,19.7382],[80.614,19.735],[80.6181,19.7333],[80.6211,19.733],[80.6235,19.7293],[80.6268,19.7258],[80.6301,19.725],[80.6368,19.7262],[80.6401,19.7253],[80.6442,19.7205],[80.647,19.7149],[80.6491,19.7124],[80.6553,19.7077],[80.6578,19.7065],[80.6634,19.7059],[80.6709,19.7022]]]},"properties":{"id":"in:subdistrict:3354","level":"subdistrict","name":"Pakhanjur","code":3354,"parent":"in:district:381","state":"in:state:22"}},{"type":"Feature","geometry":{"type":"Polygon","coordinates":[[[81.1982,18.7572],[81.1884,18.7621],[81.1837,18.7654],[81.1761,18.7718],[81.1707,18.7693],[81.1668,18.772],[81.1593,18.7761],[81.1487,18.7747],[81.1418,18.7744],[81.1092,18.7765],[81.1068,18.7922],[81.105,18.7947],[81.1002,18.7964],[81.0963,18.7965],[81.0909,18.7943],[81.0879,18.7941],[81.085,18.8065],[81.0866,18.8076],[81.0954,18.8101],[81.0901,18.8177],[81.0851,18.8213],[81.082,18.822],[81.0774,18.8215],[81.0733,18.8237],[81.0758,18.8294],[81.0752,18.8327],[81.0712,18.8412],[81.0657,18.8393],[81.0574,18.837],[81.0527,18.8333],[81.049,18.8317],[81.0411,18.8346],[81.0355,18.8346],[81.0325,18.8355],[81.0279,18.8407],[81.0263,18.8454],[81.017,18.8513],[81.0156,18.8565],[81.0119,18.8587],[81.0111,18.8624],[81.0072,18.8651],[81.0048,18.8698],[81.0027,18.8718],[81.001,18.8761],[80.9984,18.8803],[80.9947,18.8831],[80.994,18.8867],[80.9916,18.8895],[80.9894,18.8906],[80.9852,18.891],[80.9793,18.8999],[80.9789,18.9049],[80.9715,18.9065],[80.9644,18.9067],[80.9613,18.9038],[80.957,18.8976],[80.9532,18.8947],[80.9482,18.8936],[80.9433,18.8955],[80.94,18.8992],[80.9348,18.9038],[80.9331,18.9067],[80.9243,18.9158],[80.9213,18.9204],[80.9213,18.925],[80.9148,18.9283],[80.9104,18.9281],[80.908,18.9263],[80.904,18.9253],[80.9006,18.9212],[80.8981,18.9167],[80.8911,18.9096],[80.8913,18.9087],[80.881,18.9082],[80.8756,18.9106],[80.8702,18.9196],[80.8685,18.9192],[80.8635,18.9203],[80.8548,18.9206],[80.8483,18.9164],[80.8453,18.9122],[80.8383,18.9041],[80.8358,18.9072],[80.836,18.9148],[80.8354,18.9212],[80.838,18.9232],[80.8407,18.9225],[80.8425,18.9255],[80.8446,18.9345],[80.8424,18.9395],[80.8438,18.942],[80.8425,18.9461],[80.8449,18.9483],[80.8609,18.9493],[80.8627,18.954],[80.8593,18.9621],[80.8561,18.9684],[80.8525,18.9647],[80.8459,18.9567],[80.837,18.949],[80.8327,18.9469],[80.8276,18.9485],[80.8223,18.9491],[80.8187,18.9487],[80.8141,18.9471],[80.8116,18.9482],[80.8077,18.9479],[80.7944,18.9478],[80.7842,18.9535],[80.7746,18.9607],[80.7799,18.9677],[80.7894,18.9795],[80.7781,18.9881],[80.7805,18.9919],[80.7891,18.9987],[80.7902,19.0009],[80.7882,19.0057],[80.7778,19.0099],[80.7724,19.0114],[80.7687,19.0132],[80.7626,19.014],[80.7562,19.0122],[80.7524,19.0133],[80.7442,19.0145],[80.741,19.0135],[80.7379,19.0136],[80.7329,19.0087],[80.7325,19.0048],[80.7241,19.0009],[80.7223,18.9982],[80.7171,19.0021],[80.7007,19.0117],[80.699,19.0132],[80.7075,19.0236],[80.7064,19.0281],[80.7021,19.0347],[80.6988,19.0371],[80.6921,19.0388],[80.6874,19.0379],[80.6851,19.0383],[80.6837,19.0365],[80.6797,19.0346],[80.6772,19.0238],[80.6664,19.0203],[80.6624,19.016],[80.6582,19.0046],[80.6581,19.0029],[80.6677,18.9948],[80.6709,18.9933],[80.6628,18.9892],[80.6528,18.9835],[80.6496,18.9837],[80.6426,18.9871],[80.6383,18.9873],[80.6326,18.983],[80.6276,18.9814],[80.6204,18.9901],[80.6194,18.9969],[80.6162,19.0052],[80.6132,19.0092],[80.6108,19.0179],[80.6084,19.0217],[80.6062,19.0266],[80.6031,19.0308],[80.6018,19.036],[80.5959,19.0363],[80.5918,19.0356],[80.5877,19.0327],[80.5804,19.0298],[80.5778,19.0268],[80.575,19.0253],[80.5697,19.0245],[80.5623,19.026],[80.553,19.0262],[80.5468,19.0271],[80.5439,19.026],[80.5393,19.0209],[80.5395,19.0148],[80.5362,19.0091],[80.5321,19.0035],[80.5313,19.0009],[80.5339,18.9873],[80.5363,18.9793],[80.54,18.9741],[80.5511,18.9638],[80.5672,18.9492],[80.5799,18.9358],[80.5854,18.9294],[80.5983,18.918],[80.5994,18.9157],[80.5997,18.9104],[80.6001,18.8892],[80.5996,18.8761],[80.5986,18.8619],[80.6002,18.8582],[80.6026,18.8552],[80.6147,18.8358],[80.6175,18.8311],[80.6236,18.8105],[80.6341,18.7835],[80.6397,18.7706],[80.6436,18.7601],[80.6465,18.7597],[80.6619,18.76],[80.6717,18.761],[80.6901,18.7636],[80.707,18.7651],[80.709,18.7635],[80.7124,18.7653],[80.7143,18.7684],[80.7196,18.7701],[80.7214,18.7731],[80.7238,18.7746],[80.7253,18.7778],[80.7323,18.7832],[80.7346,18.7822],[80.7353,18.78],[80.7389,18.7794],[80.742,18.7772],[80.7484,18.7753],[80.7507,18.7739],[80.7553,18.7791],[80.7559,18.7815],[80.7702,18.7825],[80.7741,18.7823],[80.7784,18.7799],[80.7839,18.7788],[80.7866,18.7792],[80.7967,18.7785],[80.8004,18.7773],[80.8079,18.7792],[80.8102,18.7782],[80.8136,18.7787],[80.8161,18.7816],[80.8218,18.7785],[80.8298,18.7747],[80.8315,18.7727],[80.8442,18.7619],[80.853,18.7556],[80.8572,18.7516],[80.8897,18.7027],[80.914,18.7032],[80.936,18.7032],[80.9382,18.6998],[80.942,18.7004],[80.9449,18.7029],[80.9511,18.7061],[80.9544,18.7061],[80.9572,18.7037],[80.9642,18.7026],[80.9757,18.6945],[80.9757,18.6895],[80.9789,18.682],[80.9837,18.6778],[80.9839,18.6753],[80.9887,18.6701],[80.9944,18.6714],[81.0008,18.6705],[81.0008,18.6904],[81.0162,18.7],[81.0532,18.6447],[81.0607,18.6231],[81.0613,18.619],[81.0637,18.6111],[81.067,18.6061],[81.0656,18.6018],[81.0664,18.5953],[81.0777,18.5821],[81.0893,18.5487],[81.0996,18.5457],[81.1131,18.5422],[81.1185,18.542],[81.1244,18.5395],[81.129,18.5386],[81.144,18.534],[81.1542,18.5324],[81.1574,18.5314],[81.1708,18.5421],[81.1693,18.5476],[81.1672,18.5499],[81.1679,18.5515],[81.1789,18.5444],[81.1828,18.5411],[81.191,18.5461],[81.1954,18.5497],[81.1956,18.5526],[81.1928,18.5551],[81.1949,18.5574],[81.1947,18.5613],[81.1978,18.5774],[81.1994,18.5879],[81.1991,18.5909],[81.1963,18.5944],[81.1928,18.5962],[81.1839,18.5956],[81.1789,18.5941],[81.1763,18.5941],[81.1747,18.5917],[81.1715,18.592],[81.1669,18.5891],[81.1637,18.5857],[81.1606,18.581],[81.1572,18.5775],[81.1464,18.5686],[81.1468,18.5729],[81.1506,18.5833],[81.1523,18.5893],[81.1504,18.5927],[81.151,18.5971],[81.1493,18.5985],[81.1534,18.603],[81.1576,18.6054],[81.1599,18.6088],[81.1621,18.61],[81.1631,18.6142],[81.1609,18.6163],[81.1639,18.6187],[81.1637,18.625],[81.1618,18.6268],[81.162,18.6303],[81.1641,18.6349],[81.1682,18.6346],[81.1719,18.6395],[81.1737,18.6439],[81.1788,18.6521],[81.1722,18.6571],[81.1696,18.6623],[81.1636,18.6655],[81.163,18.6717],[81.1606,18.6801],[81.1616,18.682],[81.1604,18.6881],[81.1616,18.6936],[81.1659,18.6986],[81.1747,18.7069],[81.1825,18.7191],[81.1849,18.725],[81.1885,18.7297],[81.1914,18.7368],[81.1959,18.7396],[81.198,18.7481],[81.1982,18.7572]]]},"properties":{"id":"in:subdistrict:3378","level":"subdistrict","name":"Bijapur","code":3378,"parent":"in:district:636","state":"in:state:22"}},{"type":"Feature","geometry":{"type":"Polygon","coordinates":[[[80.2732,18.9624],[80.2723,18.9578],[80.2694,18.9502],[80.2692,18.9443],[80.2703,18.9399],[80.2741,18.9321],[80.2762,18.9298],[80.2856,18.9219],[80.2918,18.9182],[80.3001,18.9108],[80.3023,18.9061],[80.3102,18.897],[80.3146,18.8907],[80.3179,18.8869],[80.3225,18.8843],[80.3272,18.8797],[80.3286,18.877],[80.3352,18.8686],[80.3394,18.8622],[80.3432,18.8551],[80.3493,18.8478],[80.3522,18.8399],[80.3535,18.8341],[80.3543,18.8265],[80.3527,18.819],[80.3504,18.8148],[80.3431,18.8131],[80.3391,18.8106],[80.3337,18.806],[80.323,18.799],[80.3145,18.8],[80.307,18.7982],[80.2999,18.7944],[80.2965,18.7912],[80.2915,18.7835],[80.2909,18.7808],[80.2883,18.7769],[80.2886,18.7743],[80.2857,18.7729],[80.2814,18.7695],[80.2747,18.7656],[80.2701,18.7667],[80.2614,18.7702],[80.2567,18.77],[80.2477,18.7642],[80.2451,18.7609],[80.2444,18.7579],[80.2463,18.7547],[80.2548,18.7478],[80.2597,18.7423],[80.2635,18.7353],[80.27,18.7256],[80.2724,18.7235],[80.2762,18.7212],[80.2808,18.7203],[80.2842,18.7168],[80.2865,18.7114],[80.2926,18.7035],[80.3007,18.6921],[80.306,18.6825],[80.3078,18.6745],[80.3108,18.6659],[80.3142,18.6585],[80.314,18.6544],[80.3189,18.6418],[80.3238,18.6372],[80.3272,18.6357],[80.331,18.6282],[80.3311,18.6245],[80.3342,18.6134],[80.3379,18.6083],[80.344,18.5983],[80.3481,18.5941],[80.3521,18.5939],[80.3556,18.5946],[80.3621,18.5991],[80.3635,18.6041],[80.3676,18.6082],[80.3752,18.6107],[80.3783,18.6089],[80.3804,18.606],[80.3875,18.5978],[80.3904,18.5975],[80.3939,18.6004],[80.3959,18.6049],[80.4091,18.6098],[80.42,18.6104],[80.4208,18.6135],[80.423,18.6151],[80.4279,18.613],[80.4299,18.616],[80.4316,18.6167],[80.4421,18.6232],[80.4494,18.6259],[80.4526,18.6282],[80.4561,18.6294],[80.4582,18.6289],[80.4649,18.624],[80.4685,18.6243],[80.4714,18.6257],[80.4778,18.6261],[80.4798,18.629],[80.4838,18.6294],[80.4874,18.6311],[80.4908,18.6299],[80.4998,18.6235],[80.5297,18.6583],[80.5464,18.6741],[80.549,18.6754],[80.553,18.6821],[80.5548,18.6833],[80.5595,18.6841],[80.5684,18.6865],[80.5704,18.6833],[80.5755,18.6801],[80.5827,18.6827],[80.5877,18.6813],[80.593,18.6896],[80.5959,18.6928],[80.6039,18.6952],[80.6105,18.7031],[80.611,18.7045],[80.6234,18.7042],[80.6324,18.7044],[80.6374,18.7051],[80.6397,18.7062],[80.6393,18.7132],[80.6318,18.7191],[80.6245,18.7233],[80.6293,18.7352],[80.6334,18.7443],[80.6376,18.7471],[80.6436,18.7601],[80.6397,18.7706],[80.6341,18.7835],[80.6236,18.8105],[80.6175,18.8311],[80.6147,18.8358],[80.6026,18.8552],[80.6002,18.8582],[80.5986,18.8619],[80.5996,18.8761],[80.6001,18.8892],[80.5997,18.9104],[80.5994,18.9157],[80.5983,18.918],[80.5854,18.9294],[80.5799,18.9358],[80.5672,18.9492],[80.5511,18.9638],[80.54,18.9741],[80.5363,18.9793],[80.5339,18.9873],[80.5313,19.0009],[80.5321,19.0035],[80.5362,19.0091],[80.5395,19.0148],[80.5393,19.0209],[80.5361,19.0209],[80.5294,19.0221],[80.5279,19.0201],[80.5245,19.0185],[80.5215,19.0186],[80.5171,19.016],[80.5149,19.0157],[80.5104,19.0171],[80.5109,19.0259],[80.5088,19.0303],[80.5078,19.0352],[80.5059,19.037],[80.5082,19.0447],[80.5142,19.05],[80.5157,19.0533],[80.5187,19.0545],[80.5189,19.0676],[80.5146,19.0705],[80.5145,19.0753],[80.5158,19.0814],[80.5203,19.0926],[80.524,19.0938],[80.5286,19.094],[80.5307,19.0955],[80.5311,19.0992],[80.5236,19.1035],[80.5225,19.1067],[80.5194,19.1192],[80.5196,19.1222],[80.5269,19.1254],[80.5312,19.1252],[80.5324,19.1307],[80.534,19.1418],[80.5365,19.1549],[80.5365,19.1585],[80.542,19.1586],[80.5421,19.1574],[80.5474,19.1534],[80.5534,19.1499],[80.5558,19.1506],[80.565,19.1495],[80.5703,19.1551],[80.5768,19.1595],[80.5878,19.1724],[80.5823,19.1826],[80.5823,19.1867],[80.5851,19.1907],[80.5875,19.1928],[80.5903,19.1937],[80.594,19.1999],[80.5987,19.2057],[80.6015,19.2164],[80.6065,19.2212],[80.6083,19.2271],[80.6194,19.2246],[80.6252,19.2229],[80.6336,19.2184],[80.6354,19.2168],[80.6393,19.2112],[80.6435,19.2035],[80.6581,19.2106],[80.6608,19.2132],[80.6613,19.2177],[80.6645,19.2191],[80.6632,19.2266],[80.6629,19.2344],[80.6639,19.2386],[80.6631,19.2416],[80.6651,19.247],[80.6599,19.246],[80.6565,19.2464],[80.6536,19.2451],[80.6499,19.2449],[80.6478,19.2509],[80.6451,19.2522],[80.6431,19.2573],[80.6368,19.262],[80.6321,19.2639],[80.6262,19.2645],[80.6233,19.272],[80.6234,19.2847],[80.6199,19.2884],[80.614,19.2911],[80.6181,19.2987],[80.6189,19.3073],[80.615,19.3098],[80.6125,19.3095],[80.6101,19.3151],[80.6079,19.3182],[80.6068,19.322],[80.6077,19.3261],[80.6054,19.3278],[80.6032,19.3321],[80.598,19.3391],[80.5953,19.3439],[80.59,19.3518],[80.5907,19.3587],[80.5895,19.3621],[80.5884,19.3708],[80.5913,19.3738],[80.5918,19.3759],[80.5886,19.3809],[80.5842,19.3918],[80.581,19.3979],[80.5784,19.401],[80.5731,19.4025],[80.5675,19.401],[80.5625,19.3991],[80.5592,19.3966],[80.5545,19.3906],[80.5493,19.3863],[80.5442,19.3839],[80.5432,19.3816],[80.5384,19.3778],[80.5306,19.3647],[80.5289,19.3631],[80.5248,19.3561],[80.5232,19.3521],[80.5203,19.3478],[80.5144,19.3447],[80.5068,19.3424],[80.4957,19.3432],[80.4856,19.3408],[80.4801,19.3352],[80.477,19.3299],[80.4727,19.3166],[80.4703,19.3118],[80.463,19.3009],[80.4574,19.2883],[80.4561,19.2827],[80.4557,19.2778],[80.4537,19.2731],[80.4512,19.2697],[80.446,19.2642],[80.4377,19.2579],[80.4299,19.2541],[80.4192,19.251],[80.4046,19.2488],[80.3955,19.2465],[80.3936,19.245],[80.3865,19.2334],[80.3862,19.2265],[80.3842,19.2201],[80.3839,19.215],[80.3869,19.2087],[80.3918,19.2026],[80.3946,19.1954],[80.3943,19.189],[80.3892,19.1816],[80.3831,19.1779],[80.3687,19.1713],[80.3586,19.165],[80.3512,19.162],[80.3479,19.1601],[80.3473,19.1583],[80.3486,19.1553],[80.3478,19.1524],[80.3424,19.1486],[80.3399,19.1458],[80.3336,19.1461],[80.3312,19.1408],[80.3274,19.1355],[80.33,19.1327],[80.3312,19.1279],[80.3307,19.1205],[80.3359,19.1125],[80.3368,19.109],[80.339,19.1044],[80.3396,19.1001],[80.3322,19.0971],[80.3301,19.0951],[80.3281,19.0953],[80.3283,19.0911],[80.3311,19.0813],[80.3289,19.0759],[80.3295,19.0699],[80.3243,19.0672],[80.32,19.0659],[80.3166,19.0629],[80.3046,19.0541],[80.3003,19.0524],[80.2965,19.0477],[80.2967,19.0456],[80.3003,19.0373],[80.303,19.0347],[80.3052,19.0273],[80.3031,19.0222],[80.2992,19.0187],[80.2964,19.0146],[80.2909,19.0087],[80.287,19.0068],[80.2847,19.0034],[80.2782,18.9975],[80.2738,18.9944],[80.273,18.9914],[80.2729,18.9824],[80.2743,18.9712],[80.2732,18.9624]]]},"properties":{"id":"in:subdistrict:3376","level":"subdistrict","name":"Bhopalpattnam","code":3376,"parent":"in:district:636","state":"in:state:22"}},{"type":"Feature","geometry":{"type":"Polygon","coordinates":[[[80.9788,18.1651],[81.0051,18.1698],[81.009,18.1696],[81.0094,18.1677],[81.0075,18.1628],[81.0105,18.1606],[81.0148,18.1618],[81.0184,18.1615],[81.0244,18.1573],[81.0275,18.1563],[81.0337,18.1563],[81.0348,18.1619],[81.0402,18.1648],[81.0428,18.1654],[81.0465,18.1683],[81.0517,18.1702],[81.0579,18.1702],[81.0604,18.1716],[81.0608,18.174],[81.0644,18.1776],[81.0656,18.1819],[81.0739,18.1881],[81.0762,18.1923],[81.0732,18.1938],[81.0686,18.198],[81.0677,18.2133],[81.0682,18.2169],[81.071,18.2204],[81.0739,18.2218],[81.0733,18.2273],[81.0737,18.2311],[81.066,18.2351],[81.0643,18.2377],[81.0661,18.2394],[81.0658,18.2415],[81.0635,18.2434],[81.0607,18.2496],[81.0541,18.2527],[81.0492,18.2528],[81.0445,18.2552],[81.0481,18.2602],[81.0521,18.2671],[81.0531,18.2739],[81.0561,18.2778],[81.0574,18.2809],[81.0577,18.2879],[81.0569,18.2922],[81.0581,18.2935],[81.0647,18.2954],[81.0651,18.2977],[81.0624,18.3037],[81.058,18.3055],[81.0571,18.309],[81.0597,18.3116],[81.0594,18.3135],[81.054,18.3192],[81.0504,18.3204],[81.048,18.3225],[81.0477,18.3297],[81.0452,18.3301],[81.0426,18.3366],[81.043,18.3385],[81.0404,18.3417],[81.0351,18.3423],[81.0292,18.3414],[81.0257,18.3379],[81.0222,18.3389],[81.0156,18.3388],[81.0143,18.3403],[81.0076,18.343],[81.0036,18.3454],[80.9984,18.3458],[80.9937,18.3483],[80.9905,18.3468],[80.9855,18.3468],[80.9805,18.3477],[80.9728,18.3536],[80.9676,18.3585],[80.9662,18.3616],[80.9597,18.3681],[80.9578,18.369],[80.9514,18.3664],[80.9451,18.3617],[80.9382,18.3621],[80.936,18.3615],[80.9332,18.3629],[80.9322,18.3658],[80.9318,18.3715],[80.9302,18.3736],[80.927,18.3736],[80.9228,18.379],[80.9194,18.3789],[80.9176,18.3775],[80.9115,18.3781],[80.9173,18.3862],[80.921,18.3895],[80.9238,18.3932],[80.9307,18.3924],[80.9354,18.3966],[80.9373,18.4016],[80.9437,18.399],[80.9467,18.4001],[80.9485,18.4029],[80.9506,18.4015],[80.9545,18.4039],[80.9571,18.4096],[80.9599,18.4095],[80.9611,18.4155],[80.9643,18.4171],[80.9666,18.416],[80.9712,18.4189],[80.977,18.4191],[80.9822,18.4248],[80.9934,18.4352],[80.997,18.4392],[80.9999,18.4411],[81.0025,18.4451],[81.0049,18.4505],[81.0089,18.4534],[81.0146,18.4599],[81.0193,18.466],[81.0221,18.4659],[81.0208,18.4722],[81.0209,18.4819],[81.0228,18.4883],[81.0332,18.4968],[81.0301,18.5053],[81.0269,18.5166],[81.0253,18.5205],[81.0269,18.5231],[81.0302,18.5312],[81.0337,18.5342],[81.0358,18.5347],[81.0412,18.5341],[81.0491,18.5325],[81.0546,18.5345],[81.0592,18.5387],[81.0668,18.5414],[81.0728,18.5467],[81.0761,18.5486],[81.0893,18.5487],[81.0777,18.5821],[81.0664,18.5953],[81.0656,18.6018],[81.067,18.6061],[81.0637,18.6111],[81.0613,18.619],[81.0607,18.6231],[81.0532,18.6447],[81.0162,18.7],[81.0008,18.6904],[81.0008,18.6705],[80.9944,18.6714],[80.9887,18.6701],[80.9839,18.6753],[80.9837,18.6778],[80.9789,18.682],[80.9757,18.6895],[80.9757,18.6945],[80.9642,18.7026],[80.9572,18.7037],[80.9544,18.7061],[80.9511,18.7061],[80.9449,18.7029],[80.942,18.7004],[80.9382,18.6998],[80.936,18.7032],[80.914,18.7032],[80.8897,18.7027],[80.8572,18.7516],[80.853,18.7556],[80.8442,18.7619],[80.8315,18.7727],[80.8298,18.7747],[80.8218,18.7785],[80.8161,18.7816],[80.8136,18.7787],[80.8102,18.7782],[80.8079,18.7792],[80.8004,18.7773],[80.7967,18.7785],[80.7866,18.7792],[80.7839,18.7788],[80.7784,18.7799],[80.7741,18.7823],[80.7702,18.7825],[80.7559,18.7815],[80.7553,18.7791],[80.7507,18.7739],[80.7484,18.7753],[80.742,18.7772],[80.7389,18.7794],[80.7353,18.78],[80.7346,18.7822],[80.7323,18.7832],[80.7253,18.7778],[80.7238,18.7746],[80.7214,18.7731],[80.7196,18.7701],[80.7143,18.7684],[80.7124,18.7653],[80.709,18.7635],[80.707,18.7651],[80.6901,18.7636],[80.6717,18.761],[80.6619,18.76],[80.6465,18.7597],[80.6436,18.7601],[80.6376,18.7471],[80.6334,18.7443],[80.6293,18.7352],[80.6245,18.7233],[80.6318,18.7191],[80.6393,18.7132],[80.6397,18.7062],[80.6374,18.7051],[80.6324,18.7044],[80.6234,18.7042],[80.611,18.7045],[80.6105,18.7031],[80.6039,18.6952],[80.5959,18.6928],[80.593,18.6896],[80.5877,18.6813],[80.5827,18.6827],[80.5755,18.6801],[80.5704,18.6833],[80.5684,18.6865],[80.5595,18.6841],[80.5548,18.6833],[80.553,18.6821],[80.549,18.6754],[80.5464,18.6741],[80.5297,18.6583],[80.4998,18.6235],[80.5016,18.6216],[80.5147,18.6193],[80.5188,18.6143],[80.5185,18.6113],[80.5198,18.608],[80.5281,18.6027],[80.5331,18.5949],[80.5353,18.5905],[80.5345,18.5884],[80.5386,18.5881],[80.5482,18.5842],[80.5556,18.5803],[80.5627,18.5742],[80.567,18.5716],[80.5698,18.5684],[80.5714,18.5647],[80.591,18.5579],[80.5983,18.5532],[80.5999,18.553],[80.6078,18.5462],[80.6127,18.5395],[80.6146,18.535],[80.6185,18.5277],[80.6228,18.5286],[80.6292,18.5228],[80.6337,18.5214],[80.6376,18.5225],[80.6395,18.5172],[80.6399,18.513],[80.6409,18.5113],[80.6368,18.507],[80.6386,18.502],[80.6424,18.4978],[80.6458,18.4915],[80.6513,18.4859],[80.6544,18.4774],[80.6565,18.4748],[80.6623,18.472],[80.6691,18.4678],[80.674,18.4661],[80.6793,18.4605],[80.6862,18.4581],[80.6881,18.4474],[80.6931,18.4452],[80.6969,18.4445],[80.7017,18.4446],[80.705,18.4395],[80.6982,18.4376],[80.6966,18.4291],[80.6964,18.4239],[80.699,18.4214],[80.7183,18.4097],[80.7208,18.411],[80.7229,18.4152],[80.7304,18.4146],[80.7349,18.4128],[80.7326,18.4019],[80.7295,18.3983],[80.7207,18.3923],[80.7197,18.3911],[80.7228,18.3846],[80.7281,18.3806],[80.7294,18.3788],[80.73,18.3752],[80.7278,18.3727],[80.7269,18.3691],[80.7282,18.3646],[80.7322,18.3535],[80.737,18.3465],[80.7414,18.3421],[80.744,18.338],[80.746,18.3314],[80.7477,18.33],[80.7478,18.3165],[80.7491,18.3145],[80.7487,18.3089],[80.7494,18.3077],[80.7554,18.304],[80.7577,18.3019],[80.7586,18.2987],[80.7568,18.2951],[80.7595,18.2899],[80.7619,18.2882],[80.7655,18.2888],[80.7691,18.2876],[80.7729,18.2813],[80.7755,18.2782],[80.7771,18.2724],[80.781,18.2657],[80.7842,18.2647],[80.7882,18.2646],[80.7919,18.2627],[80.7942,18.2596],[80.794,18.2517],[80.7927,18.2495],[80.7846,18.2452],[80.7768,18.2428],[80.7657,18.2364],[80.7474,18.227],[80.7372,18.2221],[80.7372,18.2055],[80.7375,18.2023],[80.7375,18.1825],[80.7369,18.1772],[80.745,18.1703],[80.7542,18.1687],[80.76,18.1676],[80.7754,18.1667],[80.7815,18.1678],[80.7906,18.1684],[80.7991,18.1682],[80.8051,18.1742],[80.8133,18.1802],[80.815,18.1822],[80.8156,18.187],[80.8175,18.1891],[80.8241,18.191],[80.8241,18.2039],[80.8238,18.2121],[80.8227,18.2257],[80.8236,18.2309],[80.8236,18.2361],[80.832,18.2387],[80.8371,18.2388],[80.8434,18.2324],[80.8548,18.2325],[80.8605,18.232],[80.8659,18.2301],[80.8695,18.2177],[80.8726,18.2106],[80.8714,18.2071],[80.8719,18.2053],[80.8639,18.2027],[80.8572,18.2043],[80.8536,18.2036],[80.853,18.1993],[80.8547,18.1943],[80.8576,18.1897],[80.8585,18.1865],[80.8575,18.1802],[80.8573,18.171],[80.8604,18.1614],[80.8599,18.1514],[80.8602,18.1479],[80.8619,18.1447],[80.8649,18.1422],[80.8667,18.1369],[80.8735,18.136],[80.8818,18.1356],[80.8884,18.1358],[80.9001,18.1371],[80.9142,18.1412],[80.921,18.1443],[80.9281,18.1489],[80.9355,18.1528],[80.9416,18.1566],[80.9424,18.1604],[80.9516,18.1637],[80.9541,18.1692],[80.9577,18.1735],[80.961,18.1736],[80.974,18.1751],[80.979,18.1754],[80.9788,18.1651]]]},"properties":{"id":"in:subdistrict:3377","level":"subdistrict","name":"Usur","code":3377,"parent":"in:district:636","state":"in:state:22"}},{"type":"Feature","geometry":{"type":"Polygon","coordinates":[[[81.4703,17.9591],[81.474,17.9632],[81.4761,17.9693],[81.4824,17.9755],[81.4828,17.978],[81.4812,17.9796],[81.478,17.9858],[81.4777,17.9902],[81.4797,17.9955],[81.4804,17.9991],[81.4799,18.0044],[81.4825,18.0173],[81.4831,18.027],[81.4803,18.0326],[81.4799,18.0413],[81.4805,18.045],[81.4804,18.0507],[81.4817,18.0544],[81.4859,18.0594],[81.4896,18.0617],[81.4966,18.071],[81.4976,18.0763],[81.4996,18.0799],[81.5057,18.089],[81.5103,18.094],[81.5133,18.1],[81.5141,18.1041],[81.5133,18.1095],[81.5146,18.115],[81.5142,18.118],[81.5149,18.1249],[81.5129,18.1358],[81.5138,18.1405],[81.5187,18.1486],[81.5234,18.1504],[81.5256,18.1526],[81.5254,18.1575],[81.526,18.1604],[81.5237,18.1659],[81.5213,18.1685],[81.519,18.1739],[81.5166,18.1762],[81.512,18.178],[81.5099,18.1795],[81.5072,18.1855],[81.5074,18.1891],[81.5094,18.1946],[81.5119,18.1976],[81.5136,18.2017],[81.5161,18.2144],[81.5196,18.2174],[81.5201,18.2224],[81.5243,18.2275],[81.5263,18.2342],[81.5304,18.2403],[81.5301,18.2436],[81.5277,18.2509],[81.5246,18.2559],[81.5252,18.2577],[81.5296,18.2619],[81.5211,18.2694],[81.516,18.2761],[81.5137,18.2811],[81.5102,18.2839],[81.51,18.2856],[81.5117,18.2898],[81.5099,18.2921],[81.5092,18.2963],[81.507,18.3009],[81.5059,18.305],[81.5037,18.3074],[81.5006,18.309],[81.5019,18.3178],[81.5008,18.3201],[81.4971,18.322],[81.4906,18.321],[81.4736,18.3143],[81.4723,18.3126],[81.4619,18.3095],[81.4556,18.3162],[81.4504,18.3225],[81.4472,18.3199],[81.4424,18.3218],[81.436,18.3303],[81.4344,18.3314],[81.4308,18.3312],[81.4246,18.333],[81.4219,18.3325],[81.418,18.334],[81.4094,18.335],[81.4048,18.3373],[81.4024,18.3378],[81.3925,18.3417],[81.3913,18.3437],[81.394,18.3496],[81.3999,18.3557],[81.4028,18.3578],[81.4052,18.3612],[81.4059,18.364],[81.409,18.3701],[81.4134,18.376],[81.4163,18.3782],[81.4194,18.384],[81.4142,18.386],[81.413,18.3894],[81.4104,18.3903],[81.4098,18.3926],[81.4066,18.3978],[81.4024,18.4008],[81.3846,18.4093],[81.3824,18.4113],[81.3703,18.4172],[81.3651,18.4184],[81.359,18.4183],[81.3572,18.415],[81.3552,18.4138],[81.3495,18.4153],[81.3335,18.4178],[81.3287,18.426],[81.3284,18.429],[81.3297,18.4324],[81.3277,18.4362],[81.3276,18.439],[81.3198,18.4369],[81.3149,18.4382],[81.3085,18.4389],[81.3066,18.4374],[81.3012,18.4457],[81.3004,18.4503],[81.3016,18.4539],[81.3007,18.4556],[81.2911,18.4626],[81.2895,18.4583],[81.2873,18.4588],[81.2812,18.4672],[81.2688,18.469],[81.2748,18.473],[81.2753,18.4752],[81.2686,18.4782],[81.2645,18.4786],[81.2593,18.4782],[81.2585,18.4791],[81.2587,18.4975],[81.2574,18.5],[81.2575,18.5056],[81.2532,18.5098],[81.2511,18.5137],[81.2516,18.5179],[81.2555,18.5238],[81.2525,18.5247],[81.2497,18.5231],[81.2464,18.523],[81.2416,18.5246],[81.2319,18.5249],[81.2225,18.5278],[81.2199,18.5151],[81.2185,18.5149],[81.2149,18.5188],[81.2097,18.5213],[81.1899,18.5362],[81.1828,18.5411],[81.1789,18.5444],[81.1679,18.5515],[81.1672,18.5499],[81.1693,18.5476],[81.1708,18.5421],[81.1574,18.5314],[81.1542,18.5324],[81.144,18.534],[81.129,18.5386],[81.1244,18.5395],[81.1185,18.542],[81.1131,18.5422],[81.0996,18.5457],[81.0893,18.5487],[81.0761,18.5486],[81.0728,18.5467],[81.0668,18.5414],[81.0592,18.5387],[81.0546,18.5345],[81.0491,18.5325],[81.0412,18.5341],[81.0358,18.5347],[81.0337,18.5342],[81.0302,18.5312],[81.0269,18.5231],[81.0253,18.5205],[81.0269,18.5166],[81.0301,18.5053],[81.0332,18.4968],[81.0228,18.4883],[81.0209,18.4819],[81.0208,18.4722],[81.0221,18.4659],[81.0193,18.466],[81.0146,18.4599],[81.0089,18.4534],[81.0049,18.4505],[81.0025,18.4451],[80.9999,18.4411],[80.997,18.4392],[80.9934,18.4352],[80.9822,18.4248],[80.977,18.4191],[80.9712,18.4189],[80.9666,18.416],[80.9643,18.4171],[80.9611,18.4155],[80.9599,18.4095],[80.9571,18.4096],[80.9545,18.4039],[80.9506,18.4015],[80.9485,18.4029],[80.9467,18.4001],[80.9437,18.399],[80.9373,18.4016],[80.9354,18.3966],[80.9307,18.3924],[80.9238,18.3932],[80.921,18.3895],[80.9173,18.3862],[80.9115,18.3781],[80.9176,18.3775],[80.9194,18.3789],[80.9228,18.379],[80.927,18.3736],[80.9302,18.3736],[80.9318,18.3715],[80.9322,18.3658],[80.9332,18.3629],[80.936,18.3615],[80.9382,18.3621],[80.9451,18.3617],[80.9514,18.3664],[80.9578,18.369],[80.9597,18.3681],[80.9662,18.3616],[80.9676,18.3585],[80.9728,18.3536],[80.9805,18.3477],[80.9855,18.3468],[80.9905,18.3468],[80.9937,18.3483],[80.9984,18.3458],[81.0036,18.3454],[81.0076,18.343],[81.0143,18.3403],[81.0156,18.3388],[81.0222,18.3389],[81.0257,18.3379],[81.0292,18.3414],[81.0351,18.3423],[81.0404,18.3417],[81.043,18.3385],[81.0426,18.3366],[81.0452,18.3301],[81.0477,18.3297],[81.048,18.3225],[81.0504,18.3204],[81.054,18.3192],[81.0594,18.3135],[81.0597,18.3116],[81.0571,18.309],[81.058,18.3055],[81.0624,18.3037],[81.0651,18.2977],[81.0647,18.2954],[81.0581,18.2935],[81.0569,18.2922],[81.0577,18.2879],[81.0574,18.2809],[81.0561,18.2778],[81.0531,18.2739],[81.0521,18.2671],[81.0481,18.2602],[81.0445,18.2552],[81.0492,18.2528],[81.0541,18.2527],[81.0607,18.2496],[81.0635,18.2434],[81.0658,18.2415],[81.0661,18.2394],[81.0643,18.2377],[81.066,18.2351],[81.0737,18.2311],[81.0733,18.2273],[81.0739,18.2218],[81.071,18.2204],[81.0682,18.2169],[81.0677,18.2133],[81.0686,18.198],[81.0732,18.1938],[81.0762,18.1923],[81.0739,18.1881],[81.0656,18.1819],[81.0644,18.1776],[81.0608,18.174],[81.0604,18.1716],[81.0579,18.1702],[81.0517,18.1702],[81.0465,18.1683],[81.0428,18.1654],[81.0402,18.1648],[81.0348,18.1619],[81.0337,18.1563],[81.0275,18.1563],[81.0244,18.1573],[81.0184,18.1615],[81.0148,18.1618],[81.0105,18.1606],[81.0075,18.1628],[81.0094,18.1677],[81.009,18.1696],[81.0051,18.1698],[80.9788,18.1651],[80.9785,18.1533],[80.9787,18.1508],[80.9735,18.1465],[80.9706,18.1432],[80.9664,18.1396],[80.9638,18.1364],[80.9562,18.1302],[80.9552,18.1279],[80.954,18.1203],[80.954,18.1151],[80.9518,18.0901],[80.95,18.0879],[80.9495,18.082],[80.9534,18.0786],[80.9549,18.0753],[80.9637,18.0606],[80.9678,18.0504],[80.9698,18.0438],[80.9665,18.0414],[80.9643,18.0381],[80.9666,18.0345],[80.9695,18.0317],[80.9733,18.0236],[80.9803,18],[80.9817,17.9889],[80.9837,17.9704],[80.9865,17.9512],[80.9886,17.9412],[80.9913,17.9334],[80.9938,17.9288],[80.9947,17.9249],[80.9983,17.9168],[80.9985,17.9105],[80.9994,17.904],[80.9976,17.8978],[80.9971,17.8906],[80.996,17.8851],[80.9942,17.8806],[80.9966,17.8718],[80.9957,17.8686],[80.996,17.8544],[80.9965,17.8491],[80.9984,17.8426],[81.0001,17.8397],[81.0032,17.8306],[81.0029,17.8251],[81.0035,17.8195],[81.006,17.8071],[81.0094,17.7973],[81.0177,17.7914],[81.0248,17.7892],[81.0318,17.7885],[81.039,17.7842],[81.0466,17.7823],[81.0669,17.7849],[81.0733,17.7865],[81.0774,17.7899],[81.0791,17.7925],[81.0856,17.798],[81.0905,17.8024],[81.094,17.8093],[81.1024,17.816],[81.1073,17.8181],[81.1134,17.8216],[81.1227,17.824],[81.1279,17.827],[81.132,17.8303],[81.1386,17.8382],[81.1456,17.844],[81.1588,17.8514],[81.1637,17.8561],[81.1662,17.8575],[81.1747,17.8538],[81.1812,17.852],[81.1849,17.8504],[81.1946,17.8486],[81.2003,17.8463],[81.2047,17.8422],[81.2156,17.8345],[81.23,17.8301],[81.2355,17.8267],[81.2396,17.8258],[81.2409,17.8232],[81.2452,17.8207],[81.2484,17.8167],[81.2528,17.8144],[81.2572,17.8133],[81.2638,17.8103],[81.2674,17.8093],[81.2787,17.8092],[81.2811,17.8087],[81.2888,17.8094],[81.2961,17.8093],[81.305,17.8087],[81.3083,17.8093],[81.3137,17.8118],[81.3214,17.8134],[81.3261,17.814],[81.3405,17.811],[81.3456,17.8103],[81.3484,17.8123],[81.3511,17.8117],[81.3543,17.8122],[81.3568,17.8104],[81.3609,17.8089],[81.3692,17.8077],[81.3773,17.8045],[81.3801,17.8029],[81.3834,17.7989],[81.3854,17.7984],[81.3866,17.7949],[81.3926,17.7942],[81.3931,17.8077],[81.3918,17.8154],[81.3894,17.8203],[81.3884,17.8244],[81.3891,17.8299],[81.3917,17.8336],[81.3959,17.8373],[81.4033,17.8497],[81.4038,17.853],[81.4021,17.857],[81.3986,17.8614],[81.3945,17.868],[81.3942,17.8709],[81.3955,17.8732],[81.3951,17.8802],[81.3955,17.8832],[81.3987,17.8907],[81.4007,17.8943],[81.4037,17.8959],[81.4065,17.8963],[81.4126,17.8946],[81.4188,17.8914],[81.4215,17.8884],[81.4339,17.8813],[81.437,17.8809],[81.4417,17.8832],[81.4478,17.8891],[81.4484,17.8933],[81.4475,17.8985],[81.4488,17.9013],[81.4518,17.9043],[81.4528,17.9076],[81.4534,17.914],[81.4499,17.924],[81.4491,17.9319],[81.4531,17.9368],[81.455,17.943],[81.4576,17.9476],[81.4594,17.9523],[81.4609,17.9537],[81.4703,17.9591]]]},"properties":{"id":"in:subdistrict:3373","level":"subdistrict","name":"Konta","code":3373,"parent":"in:district:642","state":"in:state:22"}},{"type":"Feature","geometry":{"type":"Polygon","coordinates":[[[81.1828,18.5411],[81.1899,18.5362],[81.2097,18.5213],[81.2149,18.5188],[81.2185,18.5149],[81.2199,18.5151],[81.2225,18.5278],[81.2319,18.5249],[81.2416,18.5246],[81.2464,18.523],[81.2497,18.5231],[81.2525,18.5247],[81.2555,18.5238],[81.2516,18.5179],[81.2511,18.5137],[81.2532,18.5098],[81.2575,18.5056],[81.2574,18.5],[81.2587,18.4975],[81.2585,18.4791],[81.2593,18.4782],[81.2645,18.4786],[81.2686,18.4782],[81.2753,18.4752],[81.2748,18.473],[81.2688,18.469],[81.2812,18.4672],[81.2873,18.4588],[81.2895,18.4583],[81.2911,18.4626],[81.3007,18.4556],[81.3016,18.4539],[81.3004,18.4503],[81.3012,18.4457],[81.3066,18.4374],[81.3085,18.4389],[81.3149,18.4382],[81.3198,18.4369],[81.3276,18.439],[81.3277,18.4362],[81.3297,18.4324],[81.3284,18.429],[81.3287,18.426],[81.3335,18.4178],[81.3495,18.4153],[81.3552,18.4138],[81.3572,18.415],[81.359,18.4183],[81.3651,18.4184],[81.3703,18.4172],[81.3824,18.4113],[81.3846,18.4093],[81.4024,18.4008],[81.4066,18.3978],[81.4098,18.3926],[81.4131,18.3964],[81.4189,18.3995],[81.4281,18.402],[81.4338,18.4125],[81.4339,18.4141],[81.4294,18.4211],[81.4265,18.4234],[81.4222,18.4254],[81.4182,18.426],[81.4153,18.4244],[81.4014,18.4223],[81.3983,18.4212],[81.3935,18.4208],[81.3858,18.4225],[81.3801,18.4267],[81.3735,18.4279],[81.3702,18.4298],[81.3698,18.4327],[81.3734,18.4389],[81.374,18.4418],[81.3767,18.4487],[81.379,18.4532],[81.38,18.4607],[81.3831,18.4663],[81.3827,18.4728],[81.3842,18.477],[81.3836,18.4794],[81.3807,18.4796],[81.3757,18.4831],[81.3776,18.486],[81.3772,18.4886],[81.3835,18.4904],[81.3863,18.4935],[81.3905,18.4931],[81.3942,18.4936],[81.3997,18.4887],[81.4007,18.4851],[81.4098,18.4843],[81.4138,18.481],[81.4176,18.4797],[81.4234,18.4798],[81.4298,18.4847],[81.4322,18.4885],[81.4322,18.4921],[81.4351,18.4949],[81.4381,18.4966],[81.4426,18.4975],[81.443,18.5005],[81.4409,18.5058],[81.4366,18.5032],[81.4309,18.5061],[81.428,18.509],[81.4261,18.5142],[81.4228,18.514],[81.4184,18.5127],[81.414,18.5147],[81.4216,18.5233],[81.426,18.5289],[81.4278,18.5297],[81.4317,18.5353],[81.4353,18.5365],[81.4366,18.5381],[81.4415,18.5405],[81.4404,18.5478],[81.4377,18.5537],[81.4238,18.5553],[81.4206,18.5622],[81.4192,18.5703],[81.4161,18.5729],[81.4183,18.5774],[81.4267,18.5879],[81.4281,18.5879],[81.4343,18.5927],[81.441,18.5885],[81.44,18.5842],[81.4422,18.5817],[81.4459,18.5808],[81.447,18.5862],[81.4467,18.591],[81.4433,18.598],[81.4453,18.6048],[81.4406,18.6056],[81.4279,18.6096],[81.4194,18.6175],[81.4133,18.6246],[81.4129,18.6266],[81.414,18.63],[81.4142,18.6368],[81.4114,18.6386],[81.4082,18.6378],[81.4062,18.6353],[81.402,18.6339],[81.397,18.6347],[81.3948,18.6338],[81.3927,18.6352],[81.3916,18.6381],[81.3898,18.6389],[81.3876,18.6467],[81.3862,18.6488],[81.3792,18.6514],[81.3814,18.6542],[81.3869,18.6562],[81.389,18.6562],[81.3915,18.6543],[81.3948,18.6504],[81.3968,18.6491],[81.3971,18.6465],[81.3996,18.6465],[81.4012,18.6498],[81.3984,18.6531],[81.399,18.6554],[81.402,18.6598],[81.4036,18.6656],[81.3994,18.6695],[81.4021,18.6712],[81.4043,18.6746],[81.4076,18.6721],[81.4115,18.6704],[81.4157,18.6676],[81.4226,18.6648],[81.4308,18.6629],[81.4369,18.6639],[81.4411,18.6665],[81.445,18.6707],[81.4534,18.6774],[81.4578,18.68],[81.456,18.6901],[81.4577,18.6943],[81.4615,18.696],[81.4594,18.7008],[81.4595,18.7037],[81.4567,18.704],[81.4553,18.7067],[81.4573,18.7087],[81.4616,18.7091],[81.4604,18.7116],[81.4583,18.7127],[81.4539,18.7122],[81.4539,18.7161],[81.4561,18.7203],[81.4584,18.7264],[81.4574,18.7308],[81.4568,18.7399],[81.4504,18.7421],[81.4489,18.7449],[81.4441,18.7494],[81.4386,18.7504],[81.434,18.7527],[81.4336,18.7561],[81.431,18.756],[81.4378,18.7629],[81.4435,18.7643],[81.4445,18.7675],[81.4541,18.768],[81.4582,18.7819],[81.4529,18.7855],[81.4475,18.7904],[81.4474,18.7926],[81.4446,18.7947],[81.4432,18.8037],[81.4393,18.8032],[81.4385,18.801],[81.4323,18.7975],[81.4286,18.7975],[81.4227,18.8011],[81.4195,18.7968],[81.4164,18.7971],[81.4145,18.7949],[81.4102,18.7928],[81.4074,18.7891],[81.403,18.7901],[81.4034,18.7921],[81.3957,18.7941],[81.3919,18.7916],[81.3915,18.789],[81.3846,18.7907],[81.3818,18.7895],[81.3798,18.7863],[81.3809,18.7847],[81.3808,18.7803],[81.3818,18.7767],[81.3864,18.7763],[81.3888,18.7744],[81.3989,18.7749],[81.3995,18.7674],[81.3992,18.7593],[81.3976,18.7509],[81.3948,18.7463],[81.3916,18.744],[81.3884,18.7435],[81.3843,18.7334],[81.3825,18.7308],[81.3792,18.7306],[81.3798,18.7241],[81.3788,18.7214],[81.3749,18.7213],[81.3697,18.7157],[81.361,18.7153],[81.3566,18.7122],[81.3552,18.7093],[81.3518,18.7069],[81.3509,18.701],[81.3476,18.6964],[81.3465,18.6929],[81.3458,18.6818],[81.337,18.6806],[81.3257,18.6771],[81.32,18.6743],[81.322,18.6622],[81.3218,18.6545],[81.3147,18.6546],[81.3123,18.666],[81.3107,18.6646],[81.3028,18.6646],[81.2992,18.6672],[81.2928,18.6681],[81.295,18.6719],[81.3029,18.679],[81.3027,18.6845],[81.2994,18.684],[81.2919,18.6817],[81.2877,18.6818],[81.2802,18.6789],[81.275,18.6787],[81.2753,18.6738],[81.2744,18.6632],[81.2569,18.6612],[81.2548,18.6594],[81.2508,18.659],[81.2507,18.6542],[81.2517,18.6507],[81.2555,18.6465],[81.2548,18.6396],[81.2525,18.6322],[81.2526,18.6288],[81.2566,18.6197],[81.1788,18.6521],[81.1737,18.6439],[81.1719,18.6395],[81.1682,18.6346],[81.1641,18.6349],[81.162,18.6303],[81.1618,18.6268],[81.1637,18.625],[81.1639,18.6187],[81.1609,18.6163],[81.1631,18.6142],[81.1621,18.61],[81.1599,18.6088],[81.1576,18.6054],[81.1534,18.603],[81.1493,18.5985],[81.151,18.5971],[81.1504,18.5927],[81.1523,18.5893],[81.1506,18.5833],[81.1468,18.5729],[81.1464,18.5686],[81.1572,18.5775],[81.1606,18.581],[81.1637,18.5857],[81.1669,18.5891],[81.1715,18.592],[81.1747,18.5917],[81.1763,18.5941],[81.1789,18.5941],[81.1839,18.5956],[81.1928,18.5962],[81.1963,18.5944],[81.1991,18.5909],[81.1994,18.5879],[81.1978,18.5774],[81.1947,18.5613],[81.1949,18.5574],[81.1928,18.5551],[81.1956,18.5526],[81.1954,18.5497],[81.191,18.5461],[81.1828,18.5411]],[[81.374,18.525],[81.3774,18.5261],[81.3802,18.5234],[81.3811,18.5167],[81.3834,18.5156],[81.3885,18.5118],[81.3824,18.5078],[81.3775,18.5057],[81.3706,18.5061],[81.3656,18.5139],[81.3659,18.5162],[81.3687,18.5172],[81.374,18.525]]]},"properties":{"id":"in:subdistrict:3372","level":"subdistrict","name":"Kuakonda","code":3372,"parent":"in:district:376","state":"in:state:22"}},{"type":"Feature","geometry":{"type":"Polygon","coordinates":[[[80.6189,19.3073],[80.6181,19.2987],[80.614,19.2911],[80.6199,19.2884],[80.6234,19.2847],[80.6233,19.272],[80.6262,19.2645],[80.6321,19.2639],[80.6368,19.262],[80.6431,19.2573],[80.6451,19.2522],[80.6478,19.2509],[80.6499,19.2449],[80.6536,19.2451],[80.6565,19.2464],[80.6599,19.246],[80.6651,19.247],[80.6631,19.2416],[80.6639,19.2386],[80.6629,19.2344],[80.6632,19.2266],[80.6645,19.2191],[80.6613,19.2177],[80.6608,19.2132],[80.6581,19.2106],[80.6435,19.2035],[80.6393,19.2112],[80.6354,19.2168],[80.6336,19.2184],[80.6252,19.2229],[80.6194,19.2246],[80.6083,19.2271],[80.6065,19.2212],[80.6015,19.2164],[80.5987,19.2057],[80.594,19.1999],[80.5903,19.1937],[80.5875,19.1928],[80.5851,19.1907],[80.5823,19.1867],[80.5823,19.1826],[80.5878,19.1724],[80.5768,19.1595],[80.5703,19.1551],[80.565,19.1495],[80.5558,19.1506],[80.5534,19.1499],[80.5474,19.1534],[80.5421,19.1574],[80.542,19.1586],[80.5365,19.1585],[80.5365,19.1549],[80.534,19.1418],[80.5324,19.1307],[80.5312,19.1252],[80.5269,19.1254],[80.5196,19.1222],[80.5194,19.1192],[80.5225,19.1067],[80.5236,19.1035],[80.5311,19.0992],[80.5307,19.0955],[80.5286,19.094],[80.524,19.0938],[80.5203,19.0926],[80.5158,19.0814],[80.5145,19.0753],[80.5146,19.0705],[80.5189,19.0676],[80.5187,19.0545],[80.5157,19.0533],[80.5142,19.05],[80.5082,19.0447],[80.5059,19.037],[80.5078,19.0352],[80.5088,19.0303],[80.5109,19.0259],[80.5104,19.0171],[80.5149,19.0157],[80.5171,19.016],[80.5215,19.0186],[80.5245,19.0185],[80.5279,19.0201],[80.5294,19.0221],[80.5361,19.0209],[80.5393,19.0209],[80.5439,19.026],[80.5468,19.0271],[80.553,19.0262],[80.5623,19.026],[80.5697,19.0245],[80.575,19.0253],[80.5778,19.0268],[80.5804,19.0298],[80.5877,19.0327],[80.5918,19.0356],[80.5959,19.0363],[80.6018,19.036],[80.6031,19.0308],[80.6062,19.0266],[80.6084,19.0217],[80.6108,19.0179],[80.6132,19.0092],[80.6162,19.0052],[80.6194,18.9969],[80.6204,18.9901],[80.6276,18.9814],[80.6326,18.983],[80.6383,18.9873],[80.6426,18.9871],[80.6496,18.9837],[80.6528,18.9835],[80.6628,18.9892],[80.6709,18.9933],[80.6677,18.9948],[80.6581,19.0029],[80.6582,19.0046],[80.6624,19.016],[80.6664,19.0203],[80.6772,19.0238],[80.6797,19.0346],[80.6837,19.0365],[80.6851,19.0383],[80.6874,19.0379],[80.6921,19.0388],[80.6988,19.0371],[80.7021,19.0347],[80.7064,19.0281],[80.7075,19.0236],[80.699,19.0132],[80.7007,19.0117],[80.7171,19.0021],[80.7223,18.9982],[80.7241,19.0009],[80.7325,19.0048],[80.7329,19.0087],[80.7379,19.0136],[80.741,19.0135],[80.7442,19.0145],[80.7524,19.0133],[80.7562,19.0122],[80.7626,19.014],[80.7687,19.0132],[80.7724,19.0114],[80.7778,19.0099],[80.7882,19.0057],[80.7902,19.0009],[80.7891,18.9987],[80.7805,18.9919],[80.7781,18.9881],[80.7894,18.9795],[80.7799,18.9677],[80.7746,18.9607],[80.7842,18.9535],[80.7944,18.9478],[80.8077,18.9479],[80.8116,18.9482],[80.8141,18.9471],[80.8187,18.9487],[80.8223,18.9491],[80.8276,18.9485],[80.8327,18.9469],[80.837,18.949],[80.8459,18.9567],[80.8525,18.9647],[80.8561,18.9684],[80.8593,18.9621],[80.8627,18.954],[80.8609,18.9493],[80.8449,18.9483],[80.8425,18.9461],[80.8438,18.942],[80.8424,18.9395],[80.8446,18.9345],[80.8425,18.9255],[80.8407,18.9225],[80.838,18.9232],[80.8354,18.9212],[80.836,18.9148],[80.8358,18.9072],[80.8383,18.9041],[80.8453,18.9122],[80.8483,18.9164],[80.8548,18.9206],[80.8635,18.9203],[80.8685,18.9192],[80.8702,18.9196],[80.8756,18.9106],[80.881,18.9082],[80.8913,18.9087],[80.8911,18.9096],[80.8981,18.9167],[80.9006,18.9212],[80.904,18.9253],[80.908,18.9263],[80.9104,18.9281],[80.9148,18.9283],[80.9213,18.925],[80.9213,18.9204],[80.9243,18.9158],[80.9331,18.9067],[80.9348,18.9038],[80.94,18.8992],[80.9433,18.8955],[80.9482,18.8936],[80.9532,18.8947],[80.957,18.8976],[80.9613,18.9038],[80.9644,18.9067],[80.9715,18.9065],[80.9789,18.9049],[80.9793,18.8999],[80.9852,18.891],[80.9894,18.8906],[80.9916,18.8895],[80.994,18.8867],[80.9947,18.8831],[80.9984,18.8803],[81.001,18.8761],[81.0027,18.8718],[81.0048,18.8698],[81.0072,18.8651],[81.0111,18.8624],[81.0119,18.8587],[81.0156,18.8565],[81.017,18.8513],[81.0263,18.8454],[81.0279,18.8407],[81.0325,18.8355],[81.0355,18.8346],[81.0411,18.8346],[81.049,18.8317],[81.0527,18.8333],[81.0574,18.837],[81.0657,18.8393],[81.0712,18.8412],[81.0752,18.8327],[81.0758,18.8294],[81.0733,18.8237],[81.0774,18.8215],[81.082,18.822],[81.0851,18.8213],[81.0901,18.8177],[81.0954,18.8101],[81.0866,18.8076],[81.085,18.8065],[81.0879,18.7941],[81.0909,18.7943],[81.0963,18.7965],[81.1002,18.7964],[81.105,18.7947],[81.1068,18.7922],[81.1092,18.7765],[81.1418,18.7744],[81.1487,18.7747],[81.1593,18.7761],[81.1668,18.772],[81.1707,18.7693],[81.1761,18.7718],[81.1837,18.7654],[81.1884,18.7621],[81.1982,18.7572],[81.1984,18.7718],[81.1958,18.78],[81.1949,18.7917],[81.1936,18.7931],[81.1923,18.7976],[81.1896,18.8001],[81.1896,18.8068],[81.1881,18.8131],[81.188,18.8165],[81.1915,18.8214],[81.1939,18.8223],[81.1971,18.8255],[81.202,18.8321],[81.2039,18.8363],[81.2055,18.8416],[81.2055,18.8457],[81.2044,18.8505],[81.2059,18.8543],[81.2105,18.8604],[81.2135,18.8666],[81.2139,18.8689],[81.2137,18.8759],[81.2147,18.8803],[81.2148,18.8854],[81.214,18.8919],[81.2145,18.8984],[81.2177,18.9033],[81.2211,18.9043],[81.2251,18.9102],[81.2238,18.9177],[81.221,18.9219],[81.2152,18.9188],[81.2123,18.918],[81.2087,18.9188],[81.2032,18.9211],[81.1955,18.9166],[81.1872,18.9141],[81.1835,18.9148],[81.1786,18.9177],[81.1743,18.9179],[81.1698,18.9207],[81.1697,18.9245],[81.1705,18.929],[81.1729,18.9329],[81.1793,18.9337],[81.187,18.9365],[81.1903,18.9355],[81.2006,18.9384],[81.2027,18.937],[81.2063,18.9369],[81.2115,18.9352],[81.219,18.9317],[81.219,18.9338],[81.2162,18.9433],[81.2174,18.9486],[81.2169,18.9523],[81.2198,18.9541],[81.2243,18.9599],[81.2329,18.9642],[81.2365,18.9679],[81.2302,18.9706],[81.2301,18.9725],[81.2215,18.9791],[81.217,18.9815],[81.2145,18.9806],[81.2098,18.9834],[81.2048,18.9855],[81.2051,18.9888],[81.2033,18.9946],[81.2043,18.9991],[81.2079,19.0054],[81.2114,19.0095],[81.2148,19.0118],[81.22,19.0129],[81.2227,19.0157],[81.2207,19.0196],[81.2124,19.0182],[81.2115,19.0194],[81.2119,19.0247],[81.2144,19.0276],[81.2113,19.0311],[81.2144,19.0334],[81.2207,19.043],[81.2257,19.0489],[81.2258,19.0525],[81.2229,19.0561],[81.2195,19.0616],[81.218,19.0661],[81.2186,19.0694],[81.2177,19.0742],[81.2149,19.076],[81.2118,19.0815],[81.2113,19.0852],[81.2089,19.0917],[81.2118,19.0961],[81.2121,19.1023],[81.2114,19.1046],[81.2114,19.1147],[81.2103,19.1161],[81.2091,19.1244],[81.2756,19.1341],[81.2952,19.1726],[81.2835,19.1847],[81.2872,19.2166],[81.292,19.2175],[81.3001,19.2088],[81.3122,19.195],[81.3106,19.1927],[81.3112,19.1877],[81.3083,19.1873],[81.3051,19.1886],[81.2997,19.1927],[81.2966,19.1858],[81.297,19.1827],[81.3021,19.1678],[81.3077,19.1645],[81.3146,19.1616],[81.3156,19.1548],[81.3181,19.1513],[81.321,19.1501],[81.3281,19.1493],[81.3303,19.148],[81.3368,19.146],[81.3389,19.1438],[81.3416,19.1434],[81.3488,19.1533],[81.3583,19.1605],[81.363,19.1692],[81.368,19.1756],[81.3708,19.1783],[81.3779,19.1728],[81.3846,19.169],[81.3885,19.1721],[81.3923,19.1724],[81.4025,19.1754],[81.4056,19.1757],[81.4097,19.1739],[81.4174,19.1738],[81.421,19.1693],[81.4276,19.1631],[81.43,19.1619],[81.4347,19.1576],[81.4403,19.1542],[81.4453,19.1494],[81.4482,19.1481],[81.4565,19.1426],[81.4631,19.1368],[81.4636,19.1392],[81.4662,19.1407],[81.4692,19.1443],[81.4734,19.1437],[81.4787,19.1406],[81.4907,19.1381],[81.4972,19.1385],[81.5006,19.1402],[81.4983,19.143],[81.4952,19.1451],[81.4932,19.1512],[81.4907,19.1561],[81.4939,19.1617],[81.4965,19.1621],[81.4976,19.1645],[81.4974,19.175],[81.4976,19.18],[81.5004,19.1841],[81.4992,19.1868],[81.4989,19.1905],[81.5001,19.1942],[81.4999,19.1973],[81.5021,19.2039],[81.4947,19.2062],[81.4862,19.2096],[81.4777,19.2135],[81.4744,19.2132],[81.4687,19.2112],[81.4634,19.2069],[81.46,19.2022],[81.4572,19.1969],[81.454,19.192],[81.4505,19.189],[81.4414,19.1877],[81.4291,19.191],[81.419,19.1945],[81.407,19.1927],[81.4019,19.1912],[81.3986,19.1955],[81.4003,19.1993],[81.3981,19.2014],[81.3951,19.2021],[81.3931,19.2077],[81.3864,19.2099],[81.3838,19.2089],[81.3775,19.2131],[81.3717,19.216],[81.3694,19.2162],[81.3671,19.2198],[81.3631,19.2202],[81.3563,19.2253],[81.3512,19.2271],[81.3505,19.2294],[81.3545,19.2342],[81.354,19.2391],[81.3539,19.2471],[81.3574,19.2489],[81.3632,19.2501],[81.366,19.2534],[81.3667,19.2564],[81.3627,19.2609],[81.3602,19.2626],[81.3591,19.2655],[81.3609,19.271],[81.3598,19.275],[81.3574,19.278],[81.3563,19.283],[81.3571,19.2883],[81.3568,19.2928],[81.3585,19.2951],[81.362,19.2955],[81.369,19.2996],[81.3721,19.2985],[81.3747,19.299],[81.378,19.3021],[81.3776,19.3058],[81.3745,19.3086],[81.3725,19.3125],[81.3647,19.3154],[81.363,19.317],[81.3617,19.3215],[81.3581,19.3233],[81.3539,19.3209],[81.3485,19.3213],[81.3435,19.319],[81.3368,19.3261],[81.3305,19.3257],[81.3271,19.3285],[81.3215,19.3302],[81.3191,19.333],[81.3171,19.3307],[81.3152,19.3313],[81.3095,19.3349],[81.3059,19.3353],[81.3032,19.3342],[81.2978,19.3363],[81.2928,19.3361],[81.2912,19.3351],[81.2857,19.335],[81.282,19.3316],[81.2797,19.3319],[81.2768,19.3297],[81.2741,19.3293],[81.2714,19.3235],[81.2691,19.3247],[81.264,19.3253],[81.2626,19.3235],[81.2596,19.3232],[81.2562,19.3267],[81.2489,19.3242],[81.248,19.3221],[81.2451,19.3227],[81.2425,19.3219],[81.2412,19.3239],[81.2374,19.3226],[81.237,19.3207],[81.2338,19.3199],[81.2313,19.3207],[81.2315,19.3141],[81.2293,19.3081],[81.229,19.3056],[81.2234,19.2888],[81.2088,19.2884],[81.1945,19.2884],[81.1904,19.2771],[81.1851,19.2741],[81.1754,19.2726],[81.1711,19.2712],[81.1677,19.2713],[81.1652,19.2733],[81.1635,19.2785],[81.1612,19.2825],[81.1611,19.2953],[81.1539,19.2988],[81.1523,19.297],[81.1474,19.2988],[81.1441,19.2982],[81.1412,19.2989],[81.1408,19.29],[81.1415,19.2778],[81.1433,19.2707],[81.1456,19.2597],[81.1426,19.2602],[81.1416,19.2575],[81.1381,19.2562],[81.1319,19.2571],[81.1293,19.2566],[81.128,19.2591],[81.1249,19.2596],[81.1229,19.2611],[81.1191,19.2617],[81.1158,19.2643],[81.1128,19.2728],[81.1095,19.2753],[81.1047,19.2748],[81.1007,19.2769],[81.0971,19.2773],[81.0896,19.2752],[81.086,19.2702],[81.0832,19.2694],[81.0806,19.2704],[81.0796,19.2739],[81.0773,19.2752],[81.0738,19.2741],[81.0704,19.2701],[81.0703,19.2675],[81.0717,19.2594],[81.0706,19.2574],[81.0721,19.254],[81.0719,19.2499],[81.0736,19.2473],[81.0737,19.2426],[81.0755,19.2377],[81.078,19.2369],[81.0764,19.2331],[81.0719,19.2314],[81.0662,19.2317],[81.0643,19.229],[81.057,19.2281],[81.0557,19.2287],[81.0503,19.2278],[81.0431,19.2296],[81.0387,19.2283],[81.0355,19.2286],[81.0351,19.2314],[81.0331,19.2316],[81.0327,19.2351],[81.0301,19.2355],[81.0286,19.2373],[81.0234,19.2392],[81.0212,19.2359],[81.0172,19.2327],[81.0126,19.2349],[81.0105,19.2341],[81.0057,19.2354],[81.0027,19.2354],[80.9997,19.2325],[80.9985,19.2335],[80.993,19.2338],[80.9644,19.234],[80.9552,19.2363],[80.9507,19.2516],[80.9531,19.2668],[80.9568,19.2918],[80.9523,19.3104],[80.9409,19.3214],[80.9272,19.3313],[80.9066,19.3412],[80.8757,19.3534],[80.8532,19.3642],[80.8529,19.3639],[80.8511,19.3624],[80.847,19.356],[80.837,19.3506],[80.8304,19.3482],[80.8246,19.3443],[80.8202,19.3424],[80.8154,19.3386],[80.8119,19.3375],[80.8094,19.3353],[80.8068,19.3286],[80.805,19.3269],[80.7988,19.3266],[80.7957,19.3234],[80.791,19.3237],[80.7816,19.3183],[80.7742,19.3136],[80.773,19.3099],[80.7686,19.3036],[80.7661,19.3018],[80.763,19.2972],[80.7602,19.2963],[80.7595,19.2912],[80.7553,19.2891],[80.751,19.2878],[80.7452,19.2884],[80.7383,19.2855],[80.7349,19.2865],[80.7266,19.2872],[80.721,19.2845],[80.7172,19.2849],[80.7137,19.2823],[80.7094,19.2818],[80.7044,19.2831],[80.7015,19.2822],[80.6993,19.2847],[80.6957,19.2843],[80.6897,19.287],[80.6886,19.2952],[80.6896,19.3025],[80.6933,19.3144],[80.692,19.3187],[80.6883,19.3223],[80.6869,19.3258],[80.6827,19.3293],[80.6779,19.3305],[80.6731,19.33],[80.6639,19.3255],[80.6558,19.3235],[80.6531,19.3221],[80.6512,19.3186],[80.6488,19.3167],[80.6408,19.3148],[80.6365,19.3133],[80.6354,19.3107],[80.6324,19.3077],[80.6233,19.3057],[80.6189,19.3073]]]},"properties":{"id":"in:subdistrict:3379","level":"subdistrict","name":"Bhairamgarh","code":3379,"parent":"in:district:636","state":"in:state:22"}},{"type":"Feature","geometry":{"type":"Polygon","coordinates":[[[81.221,18.9219],[81.2257,18.9265],[81.229,18.9274],[81.2324,18.9254],[81.2455,18.9213],[81.2514,18.9232],[81.2542,18.9225],[81.257,18.9232],[81.2604,18.9254],[81.2711,18.9256],[81.2766,18.9313],[81.2792,18.9323],[81.2815,18.9361],[81.2829,18.9412],[81.2858,18.9408],[81.2889,18.9393],[81.2921,18.935],[81.294,18.9337],[81.2989,18.9324],[81.3084,18.9257],[81.3114,18.9314],[81.3174,18.9283],[81.3215,18.9273],[81.3272,18.927],[81.3282,18.9283],[81.3318,18.9291],[81.3371,18.9277],[81.3393,18.9262],[81.3435,18.9254],[81.3473,18.9276],[81.3508,18.927],[81.3561,18.9276],[81.3605,18.9299],[81.3673,18.935],[81.3717,18.9408],[81.3719,18.9428],[81.3749,18.9451],[81.384,18.9498],[81.386,18.9514],[81.3886,18.9458],[81.3923,18.9405],[81.3934,18.9376],[81.3925,18.9326],[81.3951,18.9216],[81.3969,18.9168],[81.3965,18.9146],[81.4005,18.9111],[81.4063,18.9095],[81.418,18.9055],[81.4194,18.9046],[81.4218,18.9065],[81.4254,18.9071],[81.4304,18.91],[81.4361,18.9104],[81.4449,18.9122],[81.4502,18.9143],[81.4501,18.9204],[81.4543,18.9284],[81.4546,18.9308],[81.4677,18.9369],[81.4657,18.9456],[81.4632,18.9496],[81.4639,18.9536],[81.4633,18.9565],[81.4647,18.9591],[81.4629,18.9603],[81.4578,18.9659],[81.4626,18.9685],[81.4671,18.9683],[81.4734,18.9695],[81.4801,18.9713],[81.484,18.9734],[81.4763,18.9782],[81.4695,18.9915],[81.4704,18.9941],[81.4681,18.9965],[81.4682,19.0009],[81.4706,19.0021],[81.4741,19.0064],[81.48,19.004],[81.4822,19.0052],[81.485,19.0102],[81.4892,19.0083],[81.4931,19.0118],[81.4959,19.0125],[81.5032,19.0123],[81.5088,19.0096],[81.5178,19.0142],[81.5188,19.0165],[81.5231,19.0179],[81.5237,19.0191],[81.5213,19.023],[81.523,19.0306],[81.5249,19.032],[81.5293,19.0373],[81.5254,19.039],[81.5126,19.0431],[81.5027,19.0446],[81.4983,19.0507],[81.497,19.0538],[81.5016,19.0616],[81.506,19.0632],[81.5162,19.0655],[81.5166,19.0668],[81.5112,19.0691],[81.5105,19.0706],[81.5061,19.0697],[81.5035,19.0709],[81.4999,19.0743],[81.4973,19.0783],[81.4931,19.0813],[81.4933,19.0828],[81.4904,19.0853],[81.4908,19.0872],[81.4937,19.0904],[81.4919,19.0941],[81.4936,19.0996],[81.4937,19.1026],[81.491,19.1038],[81.4905,19.106],[81.4882,19.1086],[81.4888,19.1112],[81.4875,19.1142],[81.484,19.1175],[81.48,19.1165],[81.4781,19.1176],[81.4762,19.1209],[81.4753,19.1259],[81.473,19.1289],[81.4693,19.131],[81.4688,19.1326],[81.4652,19.1342],[81.4631,19.1368],[81.4565,19.1426],[81.4482,19.1481],[81.4453,19.1494],[81.4403,19.1542],[81.4347,19.1576],[81.43,19.1619],[81.4276,19.1631],[81.421,19.1693],[81.4174,19.1738],[81.4097,19.1739],[81.4056,19.1757],[81.4025,19.1754],[81.3923,19.1724],[81.3885,19.1721],[81.3846,19.169],[81.3779,19.1728],[81.3708,19.1783],[81.368,19.1756],[81.363,19.1692],[81.3583,19.1605],[81.3488,19.1533],[81.3416,19.1434],[81.3389,19.1438],[81.3368,19.146],[81.3303,19.148],[81.3281,19.1493],[81.321,19.1501],[81.3181,19.1513],[81.3156,19.1548],[81.3146,19.1616],[81.3077,19.1645],[81.3021,19.1678],[81.297,19.1827],[81.2966,19.1858],[81.2997,19.1927],[81.3051,19.1886],[81.3083,19.1873],[81.3112,19.1877],[81.3106,19.1927],[81.3122,19.195],[81.3001,19.2088],[81.292,19.2175],[81.2872,19.2166],[81.2835,19.1847],[81.2952,19.1726],[81.2756,19.1341],[81.2091,19.1244],[81.2103,19.1161],[81.2114,19.1147],[81.2114,19.1046],[81.2121,19.1023],[81.2118,19.0961],[81.2089,19.0917],[81.2113,19.0852],[81.2118,19.0815],[81.2149,19.076],[81.2177,19.0742],[81.2186,19.0694],[81.218,19.0661],[81.2195,19.0616],[81.2229,19.0561],[81.2258,19.0525],[81.2257,19.0489],[81.2207,19.043],[81.2144,19.0334],[81.2113,19.0311],[81.2144,19.0276],[81.2119,19.0247],[81.2115,19.0194],[81.2124,19.0182],[81.2207,19.0196],[81.2227,19.0157],[81.22,19.0129],[81.2148,19.0118],[81.2114,19.0095],[81.2079,19.0054],[81.2043,18.9991],[81.2033,18.9946],[81.2051,18.9888],[81.2048,18.9855],[81.2098,18.9834],[81.2145,18.9806],[81.217,18.9815],[81.2215,18.9791],[81.2301,18.9725],[81.2302,18.9706],[81.2365,18.9679],[81.2329,18.9642],[81.2243,18.9599],[81.2198,18.9541],[81.2169,18.9523],[81.2174,18.9486],[81.2162,18.9433],[81.219,18.9338],[81.219,18.9317],[81.2115,18.9352],[81.2063,18.9369],[81.2027,18.937],[81.2006,18.9384],[81.1903,18.9355],[81.187,18.9365],[81.1793,18.9337],[81.1729,18.9329],[81.1705,18.929],[81.1697,18.9245],[81.1698,18.9207],[81.1743,18.9179],[81.1786,18.9177],[81.1835,18.9148],[81.1872,18.9141],[81.1955,18.9166],[81.2032,18.9211],[81.2087,18.9188],[81.2123,18.918],[81.2152,18.9188],[81.221,18.9219]]]},"properties":{"id":"in:subdistrict:3370","level":"subdistrict","name":"Gidam","code":3370,"parent":"in:district:376","state":"in:state:22"}},{"type":"Feature","geometry":{"type":"Polygon","coordinates":[[[81.1788,18.6521],[81.2566,18.6197],[81.2526,18.6288],[81.2525,18.6322],[81.2548,18.6396],[81.2555,18.6465],[81.2517,18.6507],[81.2507,18.6542],[81.2508,18.659],[81.2548,18.6594],[81.2569,18.6612],[81.2744,18.6632],[81.2753,18.6738],[81.275,18.6787],[81.2802,18.6789],[81.2877,18.6818],[81.2919,18.6817],[81.2994,18.684],[81.3027,18.6845],[81.3029,18.679],[81.295,18.6719],[81.2928,18.6681],[81.2992,18.6672],[81.3028,18.6646],[81.3107,18.6646],[81.3123,18.666],[81.3147,18.6546],[81.3218,18.6545],[81.322,18.6622],[81.32,18.6743],[81.3257,18.6771],[81.337,18.6806],[81.3458,18.6818],[81.3465,18.6929],[81.3476,18.6964],[81.3509,18.701],[81.3518,18.7069],[81.3552,18.7093],[81.3566,18.7122],[81.361,18.7153],[81.3697,18.7157],[81.3749,18.7213],[81.3788,18.7214],[81.3798,18.7241],[81.3792,18.7306],[81.3825,18.7308],[81.3843,18.7334],[81.3884,18.7435],[81.3916,18.744],[81.3948,18.7463],[81.3976,18.7509],[81.3992,18.7593],[81.3995,18.7674],[81.3989,18.7749],[81.3888,18.7744],[81.3864,18.7763],[81.3818,18.7767],[81.3808,18.7803],[81.3809,18.7847],[81.3798,18.7863],[81.3818,18.7895],[81.3846,18.7907],[81.3915,18.789],[81.3919,18.7916],[81.3957,18.7941],[81.4034,18.7921],[81.403,18.7901],[81.4074,18.7891],[81.4102,18.7928],[81.4145,18.7949],[81.4164,18.7971],[81.4195,18.7968],[81.4227,18.8011],[81.4286,18.7975],[81.4323,18.7975],[81.4385,18.801],[81.4393,18.8032],[81.4432,18.8037],[81.4446,18.7947],[81.4474,18.7926],[81.4475,18.7904],[81.4529,18.7855],[81.4582,18.7819],[81.4709,18.7823],[81.4768,18.7836],[81.4817,18.7837],[81.4843,18.7862],[81.4841,18.7939],[81.4879,18.7909],[81.4947,18.7903],[81.4961,18.7874],[81.4984,18.7861],[81.5033,18.7852],[81.507,18.7835],[81.5077,18.7851],[81.5112,18.7872],[81.5182,18.7945],[81.5203,18.7975],[81.526,18.8101],[81.5265,18.8182],[81.5375,18.8117],[81.5424,18.813],[81.5486,18.8179],[81.5512,18.8188],[81.5538,18.8213],[81.5562,18.8218],[81.5571,18.8263],[81.5588,18.8289],[81.5667,18.834],[81.5753,18.8373],[81.5818,18.8401],[81.5907,18.8432],[81.5856,18.8446],[81.5822,18.8448],[81.5814,18.8488],[81.5794,18.8513],[81.5797,18.8532],[81.5746,18.8617],[81.5733,18.8678],[81.5649,18.868],[81.5642,18.8719],[81.5629,18.8746],[81.5609,18.8755],[81.5569,18.8751],[81.5557,18.8767],[81.5562,18.8799],[81.5499,18.8818],[81.5473,18.8855],[81.545,18.8906],[81.5479,18.8949],[81.5517,18.9062],[81.5559,18.9119],[81.5444,18.9153],[81.5383,18.9174],[81.5258,18.9231],[81.5226,18.9213],[81.5154,18.916],[81.5115,18.9166],[81.5109,18.92],[81.5089,18.9198],[81.5086,18.9255],[81.5071,18.9297],[81.5007,18.9327],[81.4983,18.9329],[81.4975,18.9359],[81.4922,18.939],[81.4883,18.9396],[81.4831,18.9423],[81.4775,18.9432],[81.4737,18.9447],[81.4657,18.9456],[81.4677,18.9369],[81.4546,18.9308],[81.4543,18.9284],[81.4501,18.9204],[81.4502,18.9143],[81.4449,18.9122],[81.4361,18.9104],[81.4304,18.91],[81.4254,18.9071],[81.4218,18.9065],[81.4194,18.9046],[81.418,18.9055],[81.4063,18.9095],[81.4005,18.9111],[81.3965,18.9146],[81.3969,18.9168],[81.3951,18.9216],[81.3925,18.9326],[81.3934,18.9376],[81.3923,18.9405],[81.3886,18.9458],[81.386,18.9514],[81.384,18.9498],[81.3749,18.9451],[81.3719,18.9428],[81.3717,18.9408],[81.3673,18.935],[81.3605,18.9299],[81.3561,18.9276],[81.3508,18.927],[81.3473,18.9276],[81.3435,18.9254],[81.3393,18.9262],[81.3371,18.9277],[81.3318,18.9291],[81.3282,18.9283],[81.3272,18.927],[81.3215,18.9273],[81.3174,18.9283],[81.3114,18.9314],[81.3084,18.9257],[81.2989,18.9324],[81.294,18.9337],[81.2921,18.935],[81.2889,18.9393],[81.2858,18.9408],[81.2829,18.9412],[81.2815,18.9361],[81.2792,18.9323],[81.2766,18.9313],[81.2711,18.9256],[81.2604,18.9254],[81.257,18.9232],[81.2542,18.9225],[81.2514,18.9232],[81.2455,18.9213],[81.2324,18.9254],[81.229,18.9274],[81.2257,18.9265],[81.221,18.9219],[81.2238,18.9177],[81.2251,18.9102],[81.2211,18.9043],[81.2177,18.9033],[81.2145,18.8984],[81.214,18.8919],[81.2148,18.8854],[81.2147,18.8803],[81.2137,18.8759],[81.2139,18.8689],[81.2135,18.8666],[81.2105,18.8604],[81.2059,18.8543],[81.2044,18.8505],[81.2055,18.8457],[81.2055,18.8416],[81.2039,18.8363],[81.202,18.8321],[81.1971,18.8255],[81.1939,18.8223],[81.1915,18.8214],[81.188,18.8165],[81.1881,18.8131],[81.1896,18.8068],[81.1896,18.8001],[81.1923,18.7976],[81.1936,18.7931],[81.1949,18.7917],[81.1958,18.78],[81.1984,18.7718],[81.1982,18.7572],[81.198,18.7481],[81.1959,18.7396],[81.1914,18.7368],[81.1885,18.7297],[81.1849,18.725],[81.1825,18.7191],[81.1747,18.7069],[81.1659,18.6986],[81.1616,18.6936],[81.1604,18.6881],[81.1616,18.682],[81.1606,18.6801],[81.163,18.6717],[81.1636,18.6655],[81.1696,18.6623],[81.1722,18.6571],[81.1788,18.6521]]]},"properties":{"id":"in:subdistrict:3369","level":"subdistrict","name":"Dantewada","code":3369,"parent":"in:district:376","state":"in:state:22"}},{"type":"Feature","geometry":{"type":"Polygon","coordinates":[[[81.4453,18.6048],[81.4467,18.6066],[81.4528,18.6101],[81.4586,18.6151],[81.4654,18.6171],[81.4695,18.619],[81.4807,18.6227],[81.487,18.624],[81.4977,18.622],[81.4979,18.618],[81.4995,18.6142],[81.5051,18.6115],[81.5118,18.609],[81.5217,18.6044],[81.5277,18.6035],[81.5344,18.6043],[81.5435,18.6065],[81.5435,18.6036],[81.5487,18.5952],[81.5496,18.5904],[81.5525,18.5834],[81.5466,18.5768],[81.5412,18.5695],[81.5484,18.5695],[81.5516,18.5663],[81.5521,18.563],[81.5537,18.5603],[81.5566,18.5597],[81.5624,18.5662],[81.5656,18.5706],[81.5709,18.5759],[81.5722,18.5789],[81.5764,18.5857],[81.5781,18.5897],[81.5799,18.5994],[81.5769,18.6038],[81.567,18.6048],[81.5582,18.609],[81.5483,18.6125],[81.5461,18.6161],[81.5451,18.621],[81.5454,18.6309],[81.5422,18.6323],[81.5449,18.642],[81.5487,18.6442],[81.553,18.6449],[81.5538,18.6461],[81.5536,18.6542],[81.5563,18.6577],[81.555,18.6602],[81.5526,18.6617],[81.5454,18.6694],[81.5427,18.6733],[81.5423,18.6769],[81.5435,18.6804],[81.5464,18.6961],[81.5496,18.6963],[81.5541,18.6937],[81.557,18.6981],[81.5586,18.7044],[81.5613,18.7086],[81.5693,18.7123],[81.5722,18.7247],[81.5704,18.734],[81.5686,18.7388],[81.5707,18.7395],[81.5825,18.7394],[81.5914,18.7354],[81.5978,18.7342],[81.6014,18.736],[81.6108,18.7487],[81.614,18.7507],[81.6166,18.7498],[81.6207,18.7456],[81.6294,18.7336],[81.6294,18.7261],[81.6278,18.7196],[81.6255,18.7143],[81.6251,18.7108],[81.6237,18.7091],[81.6447,18.7029],[81.6573,18.6996],[81.6638,18.6968],[81.6609,18.6854],[81.66,18.678],[81.6602,18.6759],[81.6587,18.6724],[81.657,18.6597],[81.6659,18.6595],[81.6706,18.6599],[81.6727,18.6591],[81.6811,18.6658],[81.6889,18.6704],[81.6935,18.6717],[81.697,18.6748],[81.7036,18.6764],[81.7109,18.6813],[81.7185,18.6873],[81.728,18.6764],[81.7322,18.6732],[81.7393,18.6691],[81.7446,18.6666],[81.7544,18.6627],[81.7602,18.6608],[81.7628,18.6621],[81.7723,18.6692],[81.7729,18.6707],[81.7681,18.6811],[81.7627,18.685],[81.7582,18.6888],[81.7483,18.6943],[81.7362,18.6959],[81.7295,18.699],[81.7437,18.7095],[81.7483,18.7127],[81.7522,18.7195],[81.7563,18.7302],[81.7569,18.7385],[81.7635,18.7392],[81.7689,18.7415],[81.7728,18.746],[81.7725,18.7563],[81.7767,18.764],[81.7773,18.773],[81.772,18.7696],[81.7683,18.7698],[81.76,18.7727],[81.7652,18.7804],[81.7667,18.7845],[81.7654,18.7886],[81.7625,18.7914],[81.7613,18.795],[81.7556,18.7972],[81.7548,18.7982],[81.7577,18.8083],[81.7538,18.8123],[81.7483,18.8147],[81.746,18.8166],[81.7397,18.8185],[81.7387,18.8213],[81.7349,18.8222],[81.7273,18.827],[81.7236,18.8267],[81.7204,18.8285],[81.7211,18.8302],[81.72,18.8331],[81.7169,18.8356],[81.7123,18.838],[81.7092,18.831],[81.7037,18.8245],[81.6977,18.8221],[81.6919,18.8212],[81.6873,18.8235],[81.6857,18.8209],[81.6808,18.8165],[81.6802,18.8122],[81.679,18.8096],[81.6716,18.8063],[81.6693,18.8041],[81.6655,18.8032],[81.6592,18.8072],[81.6556,18.8085],[81.6545,18.8119],[81.6478,18.8197],[81.6425,18.8221],[81.6418,18.8183],[81.6388,18.8171],[81.6369,18.8148],[81.632,18.8125],[81.6271,18.8136],[81.6232,18.8235],[81.6191,18.8268],[81.6113,18.8312],[81.6137,18.8335],[81.6191,18.8335],[81.62,18.8353],[81.6199,18.8399],[81.619,18.8415],[81.6159,18.8421],[81.6108,18.8449],[81.6074,18.8489],[81.6058,18.8524],[81.6021,18.8545],[81.5979,18.8508],[81.5907,18.8432],[81.5818,18.8401],[81.5753,18.8373],[81.5667,18.834],[81.5588,18.8289],[81.5571,18.8263],[81.5562,18.8218],[81.5538,18.8213],[81.5512,18.8188],[81.5486,18.8179],[81.5424,18.813],[81.5375,18.8117],[81.5265,18.8182],[81.526,18.8101],[81.5203,18.7975],[81.5182,18.7945],[81.5112,18.7872],[81.5077,18.7851],[81.507,18.7835],[81.5033,18.7852],[81.4984,18.7861],[81.4961,18.7874],[81.4947,18.7903],[81.4879,18.7909],[81.4841,18.7939],[81.4843,18.7862],[81.4817,18.7837],[81.4768,18.7836],[81.4709,18.7823],[81.4582,18.7819],[81.4541,18.768],[81.4445,18.7675],[81.4435,18.7643],[81.4378,18.7629],[81.431,18.756],[81.4336,18.7561],[81.434,18.7527],[81.4386,18.7504],[81.4441,18.7494],[81.4489,18.7449],[81.4504,18.7421],[81.4568,18.7399],[81.4574,18.7308],[81.4584,18.7264],[81.4561,18.7203],[81.4539,18.7161],[81.4539,18.7122],[81.4583,18.7127],[81.4604,18.7116],[81.4616,18.7091],[81.4573,18.7087],[81.4553,18.7067],[81.4567,18.704],[81.4595,18.7037],[81.4594,18.7008],[81.4615,18.696],[81.4577,18.6943],[81.456,18.6901],[81.4578,18.68],[81.4534,18.6774],[81.445,18.6707],[81.4411,18.6665],[81.4369,18.6639],[81.4308,18.6629],[81.4226,18.6648],[81.4157,18.6676],[81.4115,18.6704],[81.4076,18.6721],[81.4043,18.6746],[81.4021,18.6712],[81.3994,18.6695],[81.4036,18.6656],[81.402,18.6598],[81.399,18.6554],[81.3984,18.6531],[81.4012,18.6498],[81.3996,18.6465],[81.3971,18.6465],[81.3968,18.6491],[81.3948,18.6504],[81.3915,18.6543],[81.389,18.6562],[81.3869,18.6562],[81.3814,18.6542],[81.3792,18.6514],[81.3862,18.6488],[81.3876,18.6467],[81.3898,18.6389],[81.3916,18.6381],[81.3927,18.6352],[81.3948,18.6338],[81.397,18.6347],[81.402,18.6339],[81.4062,18.6353],[81.4082,18.6378],[81.4114,18.6386],[81.4142,18.6368],[81.414,18.63],[81.4129,18.6266],[81.4133,18.6246],[81.4194,18.6175],[81.4279,18.6096],[81.4406,18.6056],[81.4453,18.6048]]]},"properties":{"id":"in:subdistrict:3371","level":"subdistrict","name":"Katekalyan","code":3371,"parent":"in:district:376","state":"in:state:22"}},{"type":"Feature","geometry":{"type":"Polygon","coordinates":[[[81.4657,18.9456],[81.4737,18.9447],[81.4775,18.9432],[81.4831,18.9423],[81.4883,18.9396],[81.4922,18.939],[81.4975,18.9359],[81.4983,18.9329],[81.5007,18.9327],[81.5071,18.9297],[81.5086,18.9255],[81.5089,18.9198],[81.5109,18.92],[81.5115,18.9166],[81.5154,18.916],[81.5226,18.9213],[81.5258,18.9231],[81.5383,18.9174],[81.5444,18.9153],[81.5559,18.9119],[81.5517,18.9062],[81.5479,18.8949],[81.545,18.8906],[81.5473,18.8855],[81.5499,18.8818],[81.5562,18.8799],[81.5557,18.8767],[81.5569,18.8751],[81.5609,18.8755],[81.5629,18.8746],[81.5642,18.8719],[81.5649,18.868],[81.5733,18.8678],[81.5746,18.8617],[81.5797,18.8532],[81.5794,18.8513],[81.5814,18.8488],[81.5822,18.8448],[81.5856,18.8446],[81.5907,18.8432],[81.5979,18.8508],[81.6021,18.8545],[81.6058,18.8524],[81.6074,18.8489],[81.6108,18.8449],[81.6159,18.8421],[81.619,18.8415],[81.6199,18.8399],[81.62,18.8353],[81.6191,18.8335],[81.6137,18.8335],[81.6113,18.8312],[81.6191,18.8268],[81.6232,18.8235],[81.6271,18.8136],[81.632,18.8125],[81.6369,18.8148],[81.6388,18.8171],[81.6418,18.8183],[81.6425,18.8221],[81.6478,18.8197],[81.6545,18.8119],[81.6556,18.8085],[81.6592,18.8072],[81.6655,18.8032],[81.6693,18.8041],[81.6716,18.8063],[81.679,18.8096],[81.6802,18.8122],[81.6808,18.8165],[81.6833,18.8195],[81.6786,18.8241],[81.6713,18.8238],[81.6618,18.8262],[81.6601,18.8284],[81.664,18.8344],[81.6731,18.8368],[81.677,18.8399],[81.6741,18.8418],[81.6728,18.8444],[81.6735,18.8468],[81.6799,18.8558],[81.6749,18.8597],[81.6662,18.8648],[81.6648,18.869],[81.6654,18.8704],[81.6646,18.8747],[81.6747,18.8818],[81.6778,18.8873],[81.6823,18.8929],[81.6829,18.8971],[81.6841,18.8987],[81.6891,18.9012],[81.6949,18.9033],[81.6959,18.9064],[81.702,18.9142],[81.7021,18.9199],[81.7062,18.9283],[81.7091,18.9325],[81.7147,18.9341],[81.7165,18.9355],[81.7175,18.9391],[81.723,18.9415],[81.7257,18.9437],[81.7286,18.9489],[81.729,18.9554],[81.726,18.9622],[81.7257,18.9666],[81.7278,18.9713],[81.7292,18.9776],[81.7293,18.9863],[81.7238,18.9905],[81.7158,18.994],[81.7114,18.9972],[81.7123,19.0009],[81.7129,19.0053],[81.7126,19.0122],[81.7112,19.0224],[81.7122,19.0261],[81.7146,19.0295],[81.7091,19.0321],[81.7064,19.029],[81.7041,19.0311],[81.7002,19.0317],[81.6968,19.0333],[81.6957,19.0297],[81.6939,19.0274],[81.6882,19.0245],[81.6858,19.024],[81.6782,19.0242],[81.6747,19.0227],[81.6693,19.023],[81.6627,19.0279],[81.6599,19.0307],[81.6575,19.0374],[81.6555,19.0402],[81.6527,19.0395],[81.6452,19.0388],[81.6383,19.0406],[81.6361,19.0392],[81.6336,19.0341],[81.6365,19.0301],[81.6422,19.026],[81.6412,19.0225],[81.6415,19.019],[81.6391,19.0142],[81.6391,19.0086],[81.6364,19.0072],[81.6339,19.0041],[81.6335,19.0012],[81.6318,18.9977],[81.6226,19.002],[81.6172,19.0033],[81.613,19.006],[81.6053,19.0079],[81.5996,19.0119],[81.5987,19.0144],[81.6007,19.0201],[81.5979,19.0267],[81.5961,19.0287],[81.5999,19.0325],[81.6013,19.0373],[81.6056,19.0388],[81.6096,19.042],[81.603,19.0487],[81.5962,19.0491],[81.5931,19.0485],[81.5891,19.0439],[81.5902,19.0409],[81.5883,19.0402],[81.584,19.0407],[81.5822,19.0452],[81.5834,19.05],[81.5886,19.0562],[81.587,19.0614],[81.5944,19.062],[81.5988,19.0609],[81.6001,19.0568],[81.6035,19.0544],[81.6145,19.055],[81.6185,19.0577],[81.6184,19.0594],[81.6137,19.0624],[81.6107,19.0629],[81.604,19.0662],[81.5982,19.0706],[81.5944,19.0747],[81.594,19.077],[81.5897,19.0793],[81.5867,19.0819],[81.5832,19.0867],[81.5857,19.0883],[81.5859,19.0934],[81.5873,19.0992],[81.589,19.1031],[81.5866,19.1052],[81.5742,19.106],[81.571,19.1053],[81.5685,19.1061],[81.5667,19.1037],[81.5569,19.1043],[81.5536,19.1039],[81.5504,19.1052],[81.5469,19.1084],[81.5394,19.1166],[81.5384,19.1143],[81.5388,19.1106],[81.538,19.1077],[81.5349,19.1041],[81.5289,19.1022],[81.5219,19.1056],[81.5232,19.1081],[81.52,19.1096],[81.5171,19.1124],[81.5117,19.1144],[81.5132,19.1108],[81.5125,19.1066],[81.5134,19.1034],[81.5228,19.0915],[81.5223,19.0889],[81.5198,19.0872],[81.517,19.0869],[81.5159,19.0888],[81.509,19.0888],[81.5064,19.0897],[81.5038,19.0924],[81.5003,19.0927],[81.4937,19.0904],[81.4908,19.0872],[81.4904,19.0853],[81.4933,19.0828],[81.4931,19.0813],[81.4973,19.0783],[81.4999,19.0743],[81.5035,19.0709],[81.5061,19.0697],[81.5105,19.0706],[81.5112,19.0691],[81.5166,19.0668],[81.5162,19.0655],[81.506,19.0632],[81.5016,19.0616],[81.497,19.0538],[81.4983,19.0507],[81.5027,19.0446],[81.5126,19.0431],[81.5254,19.039],[81.5293,19.0373],[81.5249,19.032],[81.523,19.0306],[81.5213,19.023],[81.5237,19.0191],[81.5231,19.0179],[81.5188,19.0165],[81.5178,19.0142],[81.5088,19.0096],[81.5032,19.0123],[81.4959,19.0125],[81.4931,19.0118],[81.4892,19.0083],[81.485,19.0102],[81.4822,19.0052],[81.48,19.004],[81.4741,19.0064],[81.4706,19.0021],[81.4682,19.0009],[81.4681,18.9965],[81.4704,18.9941],[81.4695,18.9915],[81.4763,18.9782],[81.484,18.9734],[81.4801,18.9713],[81.4734,18.9695],[81.4671,18.9683],[81.4626,18.9685],[81.4578,18.9659],[81.4629,18.9603],[81.4647,18.9591],[81.4633,18.9565],[81.4639,18.9536],[81.4632,18.9496],[81.4657,18.9456]]]},"properties":{"id":"in:subdistrict:3362","level":"subdistrict","name":"Bastanar","code":3362,"parent":"in:district:374","state":"in:state:22"}},{"type":"Feature","geometry":{"type":"Polygon","coordinates":[[[81.5764,18.5857],[81.5791,18.5859],[81.5827,18.5844],[81.5883,18.584],[81.5915,18.5806],[81.5918,18.5785],[81.5893,18.5748],[81.5872,18.5678],[81.5821,18.5661],[81.5801,18.5637],[81.5762,18.5632],[81.5762,18.5602],[81.58,18.5548],[81.5809,18.5526],[81.5852,18.5509],[81.59,18.5498],[81.5969,18.5493],[81.6,18.5513],[81.607,18.5506],[81.6118,18.5488],[81.6151,18.5392],[81.617,18.529],[81.6119,18.527],[81.6047,18.518],[81.6018,18.5178],[81.5963,18.516],[81.5939,18.513],[81.5946,18.5106],[81.5985,18.5024],[81.6025,18.4994],[81.6033,18.4964],[81.5983,18.4955],[81.596,18.4942],[81.5954,18.49],[81.596,18.4851],[81.5911,18.4853],[81.5889,18.4803],[81.5892,18.4751],[81.5949,18.4723],[81.6002,18.472],[81.6016,18.4769],[81.6032,18.4783],[81.6073,18.4762],[81.609,18.4763],[81.6123,18.4799],[81.6166,18.4784],[81.6151,18.4756],[81.6155,18.4728],[81.6131,18.4718],[81.6128,18.4679],[81.6098,18.467],[81.6066,18.4633],[81.6067,18.4596],[81.6097,18.4581],[81.6091,18.4562],[81.6132,18.4553],[81.6116,18.4588],[81.6158,18.4593],[81.6164,18.4659],[81.6224,18.471],[81.6243,18.4715],[81.6267,18.4761],[81.6252,18.4776],[81.6248,18.4855],[81.6258,18.4886],[81.6252,18.4935],[81.6285,18.4938],[81.6315,18.4961],[81.6327,18.4985],[81.6363,18.4898],[81.6427,18.4911],[81.6449,18.4979],[81.6461,18.4978],[81.6495,18.4891],[81.6499,18.4793],[81.6538,18.4787],[81.6561,18.4757],[81.6618,18.4751],[81.6647,18.4707],[81.6655,18.4647],[81.6681,18.4631],[81.6689,18.4678],[81.6731,18.4688],[81.6811,18.4646],[81.6819,18.4602],[81.6868,18.4571],[81.6929,18.4678],[81.6921,18.4712],[81.6948,18.475],[81.6939,18.4796],[81.6913,18.4832],[81.6931,18.4874],[81.6928,18.4892],[81.6876,18.494],[81.6946,18.4937],[81.707,18.5002],[81.7115,18.503],[81.7124,18.5069],[81.7143,18.5109],[81.7163,18.5121],[81.7238,18.5111],[81.7242,18.5136],[81.7303,18.5147],[81.7345,18.5178],[81.7376,18.5164],[81.7402,18.5182],[81.7465,18.5147],[81.751,18.5115],[81.7573,18.5121],[81.7604,18.5139],[81.7629,18.5137],[81.7648,18.5151],[81.7783,18.5174],[81.783,18.5156],[81.7849,18.5129],[81.7881,18.5122],[81.7899,18.5152],[81.791,18.5196],[81.8007,18.5177],[81.8002,18.5162],[81.8046,18.5153],[81.8139,18.5154],[81.8178,18.5151],[81.8189,18.514],[81.8186,18.5104],[81.8159,18.5071],[81.8196,18.5003],[81.8275,18.4995],[81.8286,18.4961],[81.8314,18.4952],[81.8325,18.4911],[81.8359,18.489],[81.8381,18.4896],[81.8395,18.4861],[81.8383,18.4778],[81.8396,18.4774],[81.8562,18.4914],[81.8578,18.4948],[81.8573,18.4988],[81.8561,18.5009],[81.857,18.5074],[81.8682,18.5249],[81.8719,18.5258],[81.8797,18.5252],[81.8814,18.5271],[81.8876,18.5364],[81.8893,18.5382],[81.8929,18.5373],[81.897,18.5352],[81.9032,18.5355],[81.9088,18.538],[81.9089,18.54],[81.9059,18.5452],[81.9014,18.5486],[81.9086,18.553],[81.9075,18.555],[81.9057,18.5612],[81.9059,18.5645],[81.9104,18.5658],[81.9107,18.5706],[81.9156,18.5728],[81.9178,18.5708],[81.9208,18.5727],[81.9242,18.5707],[81.9264,18.5671],[81.9297,18.5661],[81.9381,18.5666],[81.9401,18.5681],[81.9451,18.5701],[81.9502,18.57],[81.9511,18.5716],[81.9504,18.5745],[81.9533,18.5767],[81.9527,18.5824],[81.9559,18.5839],[81.9602,18.5897],[81.9634,18.59],[81.963,18.5948],[81.9601,18.5969],[81.9584,18.5968],[81.951,18.6009],[81.9452,18.6005],[81.9422,18.6017],[81.9351,18.6074],[81.9352,18.6122],[81.9307,18.6181],[81.9206,18.6234],[81.9137,18.6259],[81.9085,18.6286],[81.9023,18.6294],[81.8956,18.6293],[81.8952,18.6328],[81.8988,18.6356],[81.8976,18.6381],[81.8946,18.6409],[81.8941,18.6427],[81.898,18.6511],[81.8982,18.6542],[81.8936,18.6555],[81.8943,18.6578],[81.8983,18.6585],[81.9005,18.6607],[81.8943,18.6603],[81.8868,18.6589],[81.874,18.6574],[81.8695,18.6553],[81.8677,18.6527],[81.8701,18.6485],[81.8687,18.6461],[81.8638,18.6439],[81.8594,18.6396],[81.8548,18.6378],[81.8505,18.6342],[81.8471,18.6334],[81.8413,18.6282],[81.8386,18.6265],[81.8314,18.6261],[81.8192,18.6206],[81.8082,18.6146],[81.795,18.6104],[81.7902,18.608],[81.7833,18.6034],[81.7721,18.5945],[81.7671,18.5935],[81.7576,18.593],[81.7461,18.5944],[81.7411,18.5966],[81.7285,18.603],[81.7229,18.6056],[81.7069,18.6138],[81.6909,18.6115],[81.6843,18.611],[81.6643,18.6085],[81.6601,18.6075],[81.6527,18.612],[81.652,18.6132],[81.6521,18.6189],[81.653,18.6245],[81.6539,18.6347],[81.6541,18.6413],[81.6554,18.6545],[81.6581,18.654],[81.6719,18.6492],[81.673,18.6509],[81.6727,18.6591],[81.6706,18.6599],[81.6659,18.6595],[81.657,18.6597],[81.6587,18.6724],[81.6602,18.6759],[81.66,18.678],[81.6609,18.6854],[81.6638,18.6968],[81.6573,18.6996],[81.6447,18.7029],[81.6237,18.7091],[81.6251,18.7108],[81.6255,18.7143],[81.6278,18.7196],[81.6294,18.7261],[81.6294,18.7336],[81.6207,18.7456],[81.6166,18.7498],[81.614,18.7507],[81.6108,18.7487],[81.6014,18.736],[81.5978,18.7342],[81.5914,18.7354],[81.5825,18.7394],[81.5707,18.7395],[81.5686,18.7388],[81.5704,18.734],[81.5722,18.7247],[81.5693,18.7123],[81.5613,18.7086],[81.5586,18.7044],[81.557,18.6981],[81.5541,18.6937],[81.5496,18.6963],[81.5464,18.6961],[81.5435,18.6804],[81.5423,18.6769],[81.5427,18.6733],[81.5454,18.6694],[81.5526,18.6617],[81.555,18.6602],[81.5563,18.6577],[81.5536,18.6542],[81.5538,18.6461],[81.553,18.6449],[81.5487,18.6442],[81.5449,18.642],[81.5422,18.6323],[81.5454,18.6309],[81.5451,18.621],[81.5461,18.6161],[81.5483,18.6125],[81.5582,18.609],[81.567,18.6048],[81.5769,18.6038],[81.5799,18.5994],[81.5781,18.5897],[81.5764,18.5857]]]},"properties":{"id":"in:subdistrict:3374","level":"subdistrict","name":"Chhindgarh","code":3374,"parent":"in:district:642","state":"in:state:22"}},{"type":"Feature","geometry":{"type":"Polygon","coordinates":[[[81.6727,18.6591],[81.673,18.6509],[81.6719,18.6492],[81.6581,18.654],[81.6554,18.6545],[81.6541,18.6413],[81.6539,18.6347],[81.653,18.6245],[81.6521,18.6189],[81.652,18.6132],[81.6527,18.612],[81.6601,18.6075],[81.6643,18.6085],[81.6843,18.611],[81.6909,18.6115],[81.7069,18.6138],[81.7229,18.6056],[81.7285,18.603],[81.7411,18.5966],[81.7461,18.5944],[81.7576,18.593],[81.7671,18.5935],[81.7721,18.5945],[81.7833,18.6034],[81.7902,18.608],[81.795,18.6104],[81.8082,18.6146],[81.8192,18.6206],[81.8314,18.6261],[81.8386,18.6265],[81.8413,18.6282],[81.8471,18.6334],[81.8505,18.6342],[81.8548,18.6378],[81.8594,18.6396],[81.8638,18.6439],[81.8687,18.6461],[81.8701,18.6485],[81.8677,18.6527],[81.8695,18.6553],[81.874,18.6574],[81.8868,18.6589],[81.8943,18.6603],[81.9005,18.6607],[81.9016,18.6606],[81.9101,18.6544],[81.9135,18.6528],[81.9202,18.6463],[81.9217,18.6429],[81.9318,18.6439],[81.9366,18.6448],[81.9424,18.6432],[81.9489,18.6437],[81.9505,18.6496],[81.9532,18.654],[81.9528,18.6592],[81.954,18.6625],[81.9572,18.6671],[81.9621,18.6705],[81.9652,18.6708],[81.9691,18.6734],[81.9648,18.6796],[81.962,18.6871],[81.9655,18.6934],[81.968,18.6964],[81.9641,18.7002],[81.9602,18.708],[81.9587,18.7095],[81.9527,18.7126],[81.9448,18.7175],[81.9427,18.7202],[81.9443,18.7248],[81.944,18.7269],[81.9414,18.7302],[81.942,18.7339],[81.9479,18.7409],[81.9565,18.753],[81.9567,18.7542],[81.9548,18.7618],[81.9527,18.7626],[81.9493,18.7661],[81.9488,18.7692],[81.945,18.7715],[81.9393,18.773],[81.9323,18.774],[81.9268,18.774],[81.9205,18.7746],[81.9187,18.7713],[81.9105,18.7596],[81.9061,18.7598],[81.8976,18.7579],[81.8925,18.754],[81.8873,18.755],[81.8787,18.7581],[81.8725,18.7638],[81.87,18.7597],[81.8686,18.7509],[81.8667,18.7464],[81.857,18.747],[81.8541,18.7509],[81.8492,18.7551],[81.849,18.7564],[81.8528,18.7581],[81.8525,18.7612],[81.8459,18.7606],[81.8399,18.7645],[81.8373,18.765],[81.8292,18.7623],[81.8239,18.7509],[81.8244,18.7488],[81.8274,18.7453],[81.8308,18.7442],[81.8363,18.741],[81.8349,18.7396],[81.8321,18.7414],[81.8262,18.7422],[81.8215,18.7445],[81.8176,18.7424],[81.8099,18.7397],[81.81,18.7418],[81.816,18.7496],[81.8146,18.7532],[81.8149,18.7609],[81.8203,18.7718],[81.8177,18.7731],[81.8124,18.7652],[81.8101,18.7715],[81.8081,18.7735],[81.8055,18.7741],[81.8026,18.7725],[81.8025,18.7773],[81.7916,18.7698],[81.7901,18.7623],[81.7849,18.7625],[81.7845,18.7539],[81.7772,18.756],[81.7725,18.7563],[81.7728,18.746],[81.7689,18.7415],[81.7635,18.7392],[81.7569,18.7385],[81.7563,18.7302],[81.7522,18.7195],[81.7483,18.7127],[81.7437,18.7095],[81.7295,18.699],[81.7362,18.6959],[81.7483,18.6943],[81.7582,18.6888],[81.7627,18.685],[81.7681,18.6811],[81.7729,18.6707],[81.7723,18.6692],[81.7628,18.6621],[81.7602,18.6608],[81.7544,18.6627],[81.7446,18.6666],[81.7393,18.6691],[81.7322,18.6732],[81.728,18.6764],[81.7185,18.6873],[81.7109,18.6813],[81.7036,18.6764],[81.697,18.6748],[81.6935,18.6717],[81.6889,18.6704],[81.6811,18.6658],[81.6727,18.6591]]]},"properties":{"id":"in:subdistrict:7317","level":"subdistrict","name":"Tongpal","code":7317,"parent":"in:district:642","state":"in:state:22"}},{"type":"Feature","geometry":{"type":"MultiPolygon","coordinates":[[[[81.374,18.525],[81.3687,18.5172],[81.3659,18.5162],[81.3656,18.5139],[81.3706,18.5061],[81.3775,18.5057],[81.3824,18.5078],[81.3885,18.5118],[81.3834,18.5156],[81.3811,18.5167],[81.3802,18.5234],[81.3774,18.5261],[81.374,18.525]]],[[[81.4351,18.4949],[81.4393,18.493],[81.4435,18.4936],[81.4529,18.4822],[81.4573,18.4795],[81.4597,18.4789],[81.4727,18.4718],[81.4766,18.4692],[81.4765,18.4629],[81.4783,18.4623],[81.4784,18.4597],[81.4811,18.4572],[81.486,18.4556],[81.4887,18.4539],[81.4905,18.4513],[81.4928,18.4507],[81.4983,18.4452],[81.5023,18.4455],[81.5071,18.4426],[81.5133,18.4409],[81.5107,18.4378],[81.513,18.435],[81.5124,18.4299],[81.511,18.4279],[81.5123,18.4262],[81.5104,18.4224],[81.5133,18.4215],[81.5129,18.4141],[81.516,18.4116],[81.5167,18.4088],[81.5203,18.4081],[81.5217,18.4064],[81.5213,18.4033],[81.5197,18.4022],[81.5154,18.4023],[81.5154,18.3958],[81.5111,18.3993],[81.51,18.3967],[81.5099,18.3919],[81.5133,18.391],[81.5163,18.3873],[81.5151,18.3833],[81.5172,18.3794],[81.5152,18.3752],[81.5115,18.3737],[81.5107,18.3712],[81.5133,18.3644],[81.5167,18.3619],[81.5204,18.3563],[81.5281,18.3587],[81.5286,18.36],[81.5324,18.3615],[81.5352,18.3637],[81.537,18.3702],[81.536,18.3712],[81.5366,18.3759],[81.5393,18.3767],[81.5392,18.3801],[81.5358,18.3824],[81.5344,18.3879],[81.5379,18.3937],[81.5396,18.3979],[81.5388,18.3987],[81.5405,18.4034],[81.5429,18.4029],[81.5444,18.407],[81.5465,18.4099],[81.5497,18.4124],[81.548,18.4146],[81.5511,18.4166],[81.5526,18.4137],[81.5605,18.4203],[81.5615,18.4227],[81.5607,18.433],[81.5624,18.4371],[81.564,18.4384],[81.5673,18.4376],[81.5678,18.44],[81.5651,18.4415],[81.567,18.4508],[81.5684,18.4516],[81.5724,18.4487],[81.5738,18.4463],[81.5794,18.4433],[81.5814,18.4403],[81.5822,18.4455],[81.588,18.4503],[81.5982,18.4514],[81.603,18.4508],[81.6091,18.4562],[81.6097,18.4581],[81.6067,18.4596],[81.6066,18.4633],[81.6098,18.467],[81.6128,18.4679],[81.6131,18.4718],[81.6155,18.4728],[81.6151,18.4756],[81.6166,18.4784],[81.6123,18.4799],[81.609,18.4763],[81.6073,18.4762],[81.6032,18.4783],[81.6016,18.4769],[81.6002,18.472],[81.5949,18.4723],[81.5892,18.4751],[81.5889,18.4803],[81.5911,18.4853],[81.596,18.4851],[81.5954,18.49],[81.596,18.4942],[81.5983,18.4955],[81.6033,18.4964],[81.6025,18.4994],[81.5985,18.5024],[81.5946,18.5106],[81.5939,18.513],[81.5963,18.516],[81.6018,18.5178],[81.6047,18.518],[81.6119,18.527],[81.617,18.529],[81.6151,18.5392],[81.6118,18.5488],[81.607,18.5506],[81.6,18.5513],[81.5969,18.5493],[81.59,18.5498],[81.5852,18.5509],[81.5809,18.5526],[81.58,18.5548],[81.5762,18.5602],[81.5762,18.5632],[81.5801,18.5637],[81.5821,18.5661],[81.5872,18.5678],[81.5893,18.5748],[81.5918,18.5785],[81.5915,18.5806],[81.5883,18.584],[81.5827,18.5844],[81.5791,18.5859],[81.5764,18.5857],[81.5722,18.5789],[81.5709,18.5759],[81.5656,18.5706],[81.5624,18.5662],[81.5566,18.5597],[81.5537,18.5603],[81.5521,18.563],[81.5516,18.5663],[81.5484,18.5695],[81.5412,18.5695],[81.5466,18.5768],[81.5525,18.5834],[81.5496,18.5904],[81.5487,18.5952],[81.5435,18.6036],[81.5435,18.6065],[81.5344,18.6043],[81.5277,18.6035],[81.5217,18.6044],[81.5118,18.609],[81.5051,18.6115],[81.4995,18.6142],[81.4979,18.618],[81.4977,18.622],[81.487,18.624],[81.4807,18.6227],[81.4695,18.619],[81.4654,18.6171],[81.4586,18.6151],[81.4528,18.6101],[81.4467,18.6066],[81.4453,18.6048],[81.4433,18.598],[81.4467,18.591],[81.447,18.5862],[81.4459,18.5808],[81.4422,18.5817],[81.44,18.5842],[81.441,18.5885],[81.4343,18.5927],[81.4281,18.5879],[81.4267,18.5879],[81.4183,18.5774],[81.4161,18.5729],[81.4192,18.5703],[81.4206,18.5622],[81.4238,18.5553],[81.4377,18.5537],[81.4404,18.5478],[81.4415,18.5405],[81.4366,18.5381],[81.4353,18.5365],[81.4317,18.5353],[81.4278,18.5297],[81.426,18.5289],[81.4216,18.5233],[81.414,18.5147],[81.4184,18.5127],[81.4228,18.514],[81.4261,18.5142],[81.428,18.509],[81.4309,18.5061],[81.4366,18.5032],[81.4409,18.5058],[81.443,18.5005],[81.4426,18.4975],[81.4381,18.4966],[81.4351,18.4949]]]]},"properties":{"id":"in:subdistrict:7273","level":"subdistrict","name":"Gadiras","code":7273,"parent":"in:district:642","state":"in:state:22"}},{"type":"Feature","geometry":{"type":"Polygon","coordinates":[[[81.5296,18.2619],[81.5317,18.2656],[81.5353,18.2684],[81.5429,18.2701],[81.5508,18.2693],[81.562,18.2738],[81.5643,18.2752],[81.5702,18.2805],[81.5735,18.2826],[81.5761,18.2866],[81.5795,18.2891],[81.5855,18.2964],[81.5942,18.3024],[81.5964,18.3079],[81.6005,18.3097],[81.6071,18.3088],[81.613,18.3071],[81.6165,18.3073],[81.6215,18.3092],[81.6243,18.3119],[81.6281,18.3138],[81.6327,18.3147],[81.6371,18.3171],[81.6409,18.3182],[81.6445,18.3182],[81.6492,18.3208],[81.6545,18.3222],[81.6574,18.3217],[81.6627,18.3222],[81.6622,18.325],[81.6552,18.3309],[81.6519,18.3325],[81.6498,18.3355],[81.6502,18.3398],[81.6538,18.3421],[81.6591,18.3466],[81.6837,18.3479],[81.6889,18.3485],[81.711,18.35],[81.7251,18.3508],[81.7299,18.3514],[81.7501,18.3528],[81.757,18.3769],[81.7642,18.4027],[81.7689,18.4171],[81.795,18.4407],[81.8319,18.4706],[81.8396,18.4774],[81.8383,18.4778],[81.8395,18.4861],[81.8381,18.4896],[81.8359,18.489],[81.8325,18.4911],[81.8314,18.4952],[81.8286,18.4961],[81.8275,18.4995],[81.8196,18.5003],[81.8159,18.5071],[81.8186,18.5104],[81.8189,18.514],[81.8178,18.5151],[81.8139,18.5154],[81.8046,18.5153],[81.8002,18.5162],[81.8007,18.5177],[81.791,18.5196],[81.7899,18.5152],[81.7881,18.5122],[81.7849,18.5129],[81.783,18.5156],[81.7783,18.5174],[81.7648,18.5151],[81.7629,18.5137],[81.7604,18.5139],[81.7573,18.5121],[81.751,18.5115],[81.7465,18.5147],[81.7402,18.5182],[81.7376,18.5164],[81.7345,18.5178],[81.7303,18.5147],[81.7242,18.5136],[81.7238,18.5111],[81.7163,18.5121],[81.7143,18.5109],[81.7124,18.5069],[81.7115,18.503],[81.707,18.5002],[81.6946,18.4937],[81.6876,18.494],[81.6928,18.4892],[81.6931,18.4874],[81.6913,18.4832],[81.6939,18.4796],[81.6948,18.475],[81.6921,18.4712],[81.6929,18.4678],[81.6868,18.4571],[81.6819,18.4602],[81.6811,18.4646],[81.6731,18.4688],[81.6689,18.4678],[81.6681,18.4631],[81.6655,18.4647],[81.6647,18.4707],[81.6618,18.4751],[81.6561,18.4757],[81.6538,18.4787],[81.6499,18.4793],[81.6495,18.4891],[81.6461,18.4978],[81.6449,18.4979],[81.6427,18.4911],[81.6363,18.4898],[81.6327,18.4985],[81.6315,18.4961],[81.6285,18.4938],[81.6252,18.4935],[81.6258,18.4886],[81.6248,18.4855],[81.6252,18.4776],[81.6267,18.4761],[81.6243,18.4715],[81.6224,18.471],[81.6164,18.4659],[81.6158,18.4593],[81.6116,18.4588],[81.6132,18.4553],[81.6091,18.4562],[81.603,18.4508],[81.5982,18.4514],[81.588,18.4503],[81.5822,18.4455],[81.5814,18.4403],[81.5794,18.4433],[81.5738,18.4463],[81.5724,18.4487],[81.5684,18.4516],[81.567,18.4508],[81.5651,18.4415],[81.5678,18.44],[81.5673,18.4376],[81.564,18.4384],[81.5624,18.4371],[81.5607,18.433],[81.5615,18.4227],[81.5605,18.4203],[81.5526,18.4137],[81.5511,18.4166],[81.548,18.4146],[81.5497,18.4124],[81.5465,18.4099],[81.5444,18.407],[81.5429,18.4029],[81.5405,18.4034],[81.5388,18.3987],[81.5396,18.3979],[81.5379,18.3937],[81.5344,18.3879],[81.5358,18.3824],[81.5392,18.3801],[81.5393,18.3767],[81.5366,18.3759],[81.536,18.3712],[81.537,18.3702],[81.5352,18.3637],[81.5324,18.3615],[81.5286,18.36],[81.5281,18.3587],[81.5204,18.3563],[81.5167,18.3619],[81.5133,18.3644],[81.5107,18.3712],[81.5115,18.3737],[81.5152,18.3752],[81.5172,18.3794],[81.5151,18.3833],[81.5163,18.3873],[81.5133,18.391],[81.5099,18.3919],[81.51,18.3967],[81.5111,18.3993],[81.5154,18.3958],[81.5154,18.4023],[81.5197,18.4022],[81.5213,18.4033],[81.5217,18.4064],[81.5203,18.4081],[81.5167,18.4088],[81.516,18.4116],[81.5129,18.4141],[81.5133,18.4215],[81.5104,18.4224],[81.5123,18.4262],[81.511,18.4279],[81.5124,18.4299],[81.513,18.435],[81.5107,18.4378],[81.5133,18.4409],[81.5071,18.4426],[81.5023,18.4455],[81.4983,18.4452],[81.4928,18.4507],[81.4905,18.4513],[81.4887,18.4539],[81.486,18.4556],[81.4811,18.4572],[81.4784,18.4597],[81.4783,18.4623],[81.4765,18.4629],[81.4766,18.4692],[81.4727,18.4718],[81.4597,18.4789],[81.4573,18.4795],[81.4529,18.4822],[81.4435,18.4936],[81.4393,18.493],[81.4351,18.4949],[81.4322,18.4921],[81.4322,18.4885],[81.4298,18.4847],[81.4234,18.4798],[81.4176,18.4797],[81.4138,18.481],[81.4098,18.4843],[81.4007,18.4851],[81.3997,18.4887],[81.3942,18.4936],[81.3905,18.4931],[81.3863,18.4935],[81.3835,18.4904],[81.3772,18.4886],[81.3776,18.486],[81.3757,18.4831],[81.3807,18.4796],[81.3836,18.4794],[81.3842,18.477],[81.3827,18.4728],[81.3831,18.4663],[81.38,18.4607],[81.379,18.4532],[81.3767,18.4487],[81.374,18.4418],[81.3734,18.4389],[81.3698,18.4327],[81.3702,18.4298],[81.3735,18.4279],[81.3801,18.4267],[81.3858,18.4225],[81.3935,18.4208],[81.3983,18.4212],[81.4014,18.4223],[81.4153,18.4244],[81.4182,18.426],[81.4222,18.4254],[81.4265,18.4234],[81.4294,18.4211],[81.4339,18.4141],[81.4338,18.4125],[81.4281,18.402],[81.4189,18.3995],[81.4131,18.3964],[81.4098,18.3926],[81.4104,18.3903],[81.413,18.3894],[81.4142,18.386],[81.4194,18.384],[81.4163,18.3782],[81.4134,18.376],[81.409,18.3701],[81.4059,18.364],[81.4052,18.3612],[81.4028,18.3578],[81.3999,18.3557],[81.394,18.3496],[81.3913,18.3437],[81.3925,18.3417],[81.4024,18.3378],[81.4048,18.3373],[81.4094,18.335],[81.418,18.334],[81.4219,18.3325],[81.4246,18.333],[81.4308,18.3312],[81.4344,18.3314],[81.436,18.3303],[81.4424,18.3218],[81.4472,18.3199],[81.4504,18.3225],[81.4556,18.3162],[81.4619,18.3095],[81.4723,18.3126],[81.4736,18.3143],[81.4906,18.321],[81.4971,18.322],[81.5008,18.3201],[81.5019,18.3178],[81.5006,18.309],[81.5037,18.3074],[81.5059,18.305],[81.507,18.3009],[81.5092,18.2963],[81.5099,18.2921],[81.5117,18.2898],[81.51,18.2856],[81.5102,18.2839],[81.5137,18.2811],[81.516,18.2761],[81.5211,18.2694],[81.5296,18.2619]]]},"properties":{"id":"in:subdistrict:3375","level":"subdistrict","name":"Sukma","code":3375,"parent":"in:district:642","state":"in:state:22"}},{"type":"Feature","geometry":{"type":"Polygon","coordinates":[[[81.7725,18.7563],[81.7772,18.756],[81.7845,18.7539],[81.7849,18.7625],[81.7901,18.7623],[81.7916,18.7698],[81.8025,18.7773],[81.8026,18.7725],[81.8055,18.7741],[81.8081,18.7735],[81.8101,18.7715],[81.8124,18.7652],[81.8177,18.7731],[81.8203,18.7718],[81.8149,18.7609],[81.8146,18.7532],[81.816,18.7496],[81.81,18.7418],[81.8099,18.7397],[81.8176,18.7424],[81.8215,18.7445],[81.8262,18.7422],[81.8321,18.7414],[81.8349,18.7396],[81.8363,18.741],[81.8308,18.7442],[81.8274,18.7453],[81.8244,18.7488],[81.8239,18.7509],[81.8292,18.7623],[81.8373,18.765],[81.8399,18.7645],[81.8459,18.7606],[81.8525,18.7612],[81.8528,18.7581],[81.849,18.7564],[81.8492,18.7551],[81.8541,18.7509],[81.857,18.747],[81.8667,18.7464],[81.8686,18.7509],[81.87,18.7597],[81.8725,18.7638],[81.8787,18.7581],[81.8873,18.755],[81.8925,18.754],[81.8976,18.7579],[81.9061,18.7598],[81.9105,18.7596],[81.9187,18.7713],[81.9205,18.7746],[81.9268,18.774],[81.9323,18.774],[81.9393,18.773],[81.945,18.7715],[81.9488,18.7692],[81.9493,18.7661],[81.9527,18.7626],[81.9548,18.7618],[81.9567,18.7542],[81.9565,18.753],[81.9479,18.7409],[81.942,18.7339],[81.9414,18.7302],[81.944,18.7269],[81.9443,18.7248],[81.9427,18.7202],[81.9448,18.7175],[81.9527,18.7126],[81.9587,18.7095],[81.9602,18.708],[81.9641,18.7002],[81.968,18.6964],[81.971,18.6986],[81.9741,18.6989],[81.9815,18.7024],[81.9889,18.7053],[81.9947,18.7047],[81.9983,18.7069],[81.9984,18.7094],[82.0011,18.7119],[82.0058,18.7146],[82.0076,18.7126],[82.0112,18.7136],[82.0167,18.7195],[82.0186,18.7202],[82.0286,18.7214],[82.0304,18.7236],[82.0343,18.723],[82.0402,18.7239],[82.0475,18.7215],[82.0513,18.7223],[82.0527,18.7237],[82.0561,18.7229],[82.0582,18.7197],[82.0639,18.7191],[82.065,18.7201],[82.0672,18.7264],[82.0746,18.7246],[82.0762,18.7223],[82.085,18.7186],[82.0865,18.7203],[82.0871,18.7236],[82.0861,18.7279],[82.0913,18.7385],[82.0935,18.7468],[82.0926,18.7527],[82.09,18.7558],[82.0887,18.7602],[82.0916,18.7657],[82.0978,18.7638],[82.1012,18.7647],[82.1044,18.7668],[82.1074,18.7671],[82.111,18.7659],[82.112,18.7677],[82.1165,18.7694],[82.1208,18.7698],[82.1296,18.7671],[82.1334,18.7654],[82.1332,18.7687],[82.1313,18.7701],[82.1346,18.7812],[82.1312,18.7829],[82.1292,18.7889],[82.1294,18.8039],[82.1275,18.8127],[82.1234,18.8147],[82.1159,18.8137],[82.111,18.8082],[82.1077,18.8023],[82.1022,18.8018],[82.0919,18.7981],[82.0857,18.7966],[82.0692,18.8076],[82.0644,18.8215],[82.0661,18.8359],[82.0613,18.8411],[82.0614,18.8461],[82.0597,18.8471],[82.0579,18.8522],[82.0607,18.8558],[82.056,18.856],[82.0578,18.8584],[82.057,18.8612],[82.0574,18.8667],[82.0537,18.8694],[82.051,18.8687],[82.0397,18.863],[82.0344,18.8618],[82.0295,18.8591],[82.0252,18.8541],[82.0229,18.8503],[82.02,18.8485],[82.0147,18.8428],[82.0007,18.8372],[81.9915,18.8344],[81.9828,18.8406],[81.9811,18.8511],[81.9781,18.8615],[81.9771,18.8725],[81.9788,18.8749],[81.9787,18.8806],[81.9847,18.8802],[81.9878,18.8783],[81.9895,18.8756],[81.9895,18.872],[81.9882,18.867],[81.9859,18.864],[81.9856,18.8577],[81.9875,18.8581],[81.9985,18.8582],[82.0042,18.8664],[82.0124,18.8664],[82.0182,18.8678],[82.0182,18.8726],[82.0143,18.8747],[82.0086,18.8788],[82.009,18.8815],[82.0071,18.8847],[82.0067,18.8933],[82.0102,18.8978],[82.0171,18.8986],[82.0215,18.8968],[82.0251,18.8935],[82.0288,18.893],[82.0362,18.8949],[82.0383,18.898],[82.039,18.9021],[82.0383,18.9079],[82.035,18.9113],[82.0317,18.912],[82.0272,18.9102],[82.0227,18.9106],[82.0204,18.9133],[82.0185,18.9123],[82.0111,18.9188],[82.0065,18.9235],[82.0036,18.9256],[82.0015,18.9229],[81.986,18.9228],[81.9836,18.9215],[81.9821,18.9173],[81.977,18.9161],[81.9685,18.9273],[81.9698,18.9324],[81.9667,18.9359],[81.9527,18.9238],[81.9505,18.9257],[81.9468,18.9369],[81.9471,18.9389],[81.9453,18.9411],[81.9466,18.9448],[81.9565,18.9528],[81.9587,18.9572],[81.9563,18.9606],[81.9571,18.9657],[81.9602,18.9745],[81.9636,18.982],[81.9658,18.9836],[81.9709,18.9844],[81.9719,18.9906],[81.9777,18.9997],[81.9781,19.0042],[81.974,19.0045],[81.9648,19.0069],[81.9587,19.007],[81.9476,19.0087],[81.9334,19.0105],[81.9318,19.0129],[81.934,19.018],[81.9341,19.0218],[81.93,19.0214],[81.9244,19.0222],[81.9232,19.0246],[81.9196,19.025],[81.9144,19.0229],[81.9105,19.0233],[81.9087,19.0205],[81.9088,19.0162],[81.906,19.0127],[81.9058,19.0111],[81.9111,19.0091],[81.9126,19.0069],[81.9092,18.9994],[81.9096,18.9951],[81.9092,18.9883],[81.9063,18.9803],[81.9006,18.9721],[81.8957,18.9684],[81.8907,18.968],[81.8822,18.9654],[81.8789,18.9658],[81.8757,18.9683],[81.8698,18.9773],[81.8631,18.9808],[81.8618,18.9807],[81.8591,18.9849],[81.8551,18.9859],[81.8412,18.9881],[81.8391,18.9887],[81.8413,18.9944],[81.8445,18.9974],[81.848,19.0039],[81.8493,19.0097],[81.849,19.0116],[81.8447,19.01],[81.8425,19.0109],[81.8421,19.0132],[81.8449,19.0145],[81.8434,19.0177],[81.8339,19.0217],[81.8307,19.0236],[81.8271,19.0242],[81.8205,19.0277],[81.8162,19.0257],[81.8149,19.0215],[81.809,19.0144],[81.8074,19.0114],[81.8109,19.0084],[81.8138,19.0011],[81.8138,18.9962],[81.8105,18.9963],[81.8073,18.9982],[81.8011,19.0006],[81.7917,18.9987],[81.788,18.9952],[81.7843,18.9933],[81.773,18.9891],[81.7711,18.9915],[81.7655,18.9944],[81.7611,18.9983],[81.7528,18.9984],[81.7528,18.9969],[81.7482,18.9977],[81.7455,18.9992],[81.7287,19.0045],[81.7228,19.0019],[81.7183,19.0019],[81.7123,19.0009],[81.7114,18.9972],[81.7158,18.994],[81.7238,18.9905],[81.7293,18.9863],[81.7292,18.9776],[81.7278,18.9713],[81.7257,18.9666],[81.726,18.9622],[81.729,18.9554],[81.7286,18.9489],[81.7257,18.9437],[81.723,18.9415],[81.7175,18.9391],[81.7165,18.9355],[81.7147,18.9341],[81.7091,18.9325],[81.7062,18.9283],[81.7021,18.9199],[81.702,18.9142],[81.6959,18.9064],[81.6949,18.9033],[81.6891,18.9012],[81.6841,18.8987],[81.6829,18.8971],[81.6823,18.8929],[81.6778,18.8873],[81.6747,18.8818],[81.6646,18.8747],[81.6654,18.8704],[81.6648,18.869],[81.6662,18.8648],[81.6749,18.8597],[81.6799,18.8558],[81.6735,18.8468],[81.6728,18.8444],[81.6741,18.8418],[81.677,18.8399],[81.6731,18.8368],[81.664,18.8344],[81.6601,18.8284],[81.6618,18.8262],[81.6713,18.8238],[81.6786,18.8241],[81.6833,18.8195],[81.6808,18.8165],[81.6857,18.8209],[81.6873,18.8235],[81.6919,18.8212],[81.6977,18.8221],[81.7037,18.8245],[81.7092,18.831],[81.7123,18.838],[81.7169,18.8356],[81.72,18.8331],[81.7211,18.8302],[81.7204,18.8285],[81.7236,18.8267],[81.7273,18.827],[81.7349,18.8222],[81.7387,18.8213],[81.7397,18.8185],[81.746,18.8166],[81.7483,18.8147],[81.7538,18.8123],[81.7577,18.8083],[81.7548,18.7982],[81.7556,18.7972],[81.7613,18.795],[81.7625,18.7914],[81.7654,18.7886],[81.7667,18.7845],[81.7652,18.7804],[81.76,18.7727],[81.7683,18.7698],[81.772,18.7696],[81.7773,18.773],[81.7767,18.764],[81.7725,18.7563]]]},"properties":{"id":"in:subdistrict:3366","level":"subdistrict","name":"Darbha","code":3366,"parent":"in:district:374","state":"in:state:22"}},{"type":"Feature","geometry":{"type":"Polygon","coordinates":[[[82.2401,18.9556],[82.2393,18.9607],[82.2354,18.994],[82.2339,19.0021],[82.2328,19.0179],[82.2309,19.0224],[82.2299,19.0274],[82.2144,19.0487],[82.206,19.0598],[82.2023,19.0666],[82.2047,19.0756],[82.2121,19.0819],[82.2154,19.0868],[82.2191,19.0954],[82.2175,19.0981],[82.2141,19.0999],[82.2116,19.0981],[82.2097,19.0997],[82.2049,19.0971],[82.205,19.1011],[82.2073,19.1023],[82.2052,19.107],[82.203,19.1081],[82.2046,19.1126],[82.2063,19.1151],[82.2058,19.1169],[82.209,19.1205],[82.2058,19.1241],[82.1985,19.1215],[82.1954,19.1228],[82.1906,19.1289],[82.186,19.1298],[82.1825,19.1317],[82.1816,19.1278],[82.1781,19.1233],[82.1763,19.1182],[82.1736,19.1184],[82.1703,19.1204],[82.1692,19.128],[82.1661,19.1328],[82.1607,19.1346],[82.1572,19.1321],[82.1541,19.1261],[82.1514,19.125],[82.15,19.1262],[82.1486,19.1311],[82.139,19.1304],[82.1399,19.1353],[82.1379,19.1377],[82.1356,19.1379],[82.1343,19.1353],[82.1321,19.1353],[82.1322,19.1382],[82.129,19.1407],[82.1255,19.1407],[82.1271,19.1435],[82.1199,19.1437],[82.1181,19.1413],[82.1144,19.142],[82.116,19.1337],[82.1152,19.1285],[82.1183,19.1313],[82.1219,19.13],[82.121,19.1271],[82.1214,19.122],[82.1187,19.1235],[82.1144,19.1229],[82.1138,19.1182],[82.1108,19.1148],[82.1053,19.1134],[82.1024,19.1138],[82.0983,19.1186],[82.0945,19.1205],[82.0893,19.1206],[82.0861,19.1232],[82.084,19.1262],[82.0815,19.1282],[82.0787,19.1281],[82.0754,19.1266],[82.0725,19.1264],[82.0679,19.1275],[82.0638,19.1262],[82.0562,19.1159],[82.0522,19.1055],[82.0514,19.1013],[82.0425,19.0994],[82.0399,19.1075],[82.0409,19.1115],[82.0357,19.1132],[82.036,19.1161],[82.0346,19.1177],[82.0345,19.1207],[82.0301,19.1201],[82.0267,19.1182],[82.0256,19.1211],[82.0285,19.1258],[82.031,19.127],[82.0279,19.1292],[82.0235,19.1262],[82.0249,19.1236],[82.023,19.1221],[82.0204,19.1259],[82.019,19.1297],[82.021,19.1311],[82.0203,19.1331],[82.0223,19.1366],[82.017,19.137],[82.0166,19.1402],[82.0087,19.1371],[82.0041,19.1351],[81.9974,19.1363],[81.9937,19.1403],[81.9913,19.1411],[81.9823,19.14],[81.9771,19.1364],[81.974,19.135],[81.9695,19.1295],[81.9673,19.1236],[81.966,19.1159],[81.9646,19.1129],[81.9595,19.1072],[81.9564,19.1044],[81.9551,19.1007],[81.9556,19.0987],[81.9547,19.0929],[81.9564,19.0882],[81.9581,19.088],[81.9592,19.0814],[81.9588,19.0783],[81.9472,19.0804],[81.9449,19.0699],[81.9454,19.0611],[81.9517,19.0623],[81.9522,19.0567],[81.9483,19.0456],[81.9464,19.045],[81.9459,19.0425],[81.9465,19.0368],[81.9525,19.0366],[81.9578,19.0352],[81.9675,19.031],[81.9704,19.0286],[81.9817,19.0226],[81.9859,19.0211],[81.9819,19.0134],[81.9797,19.0071],[81.9781,19.0042],[81.9777,18.9997],[81.9719,18.9906],[81.9709,18.9844],[81.9658,18.9836],[81.9636,18.982],[81.9602,18.9745],[81.9571,18.9657],[81.9563,18.9606],[81.9587,18.9572],[81.9565,18.9528],[81.9466,18.9448],[81.9453,18.9411],[81.9471,18.9389],[81.9468,18.9369],[81.9505,18.9257],[81.9527,18.9238],[81.9667,18.9359],[81.9698,18.9324],[81.9685,18.9273],[81.977,18.9161],[81.9821,18.9173],[81.9836,18.9215],[81.986,18.9228],[82.0015,18.9229],[82.0036,18.9256],[82.0065,18.9235],[82.0111,18.9188],[82.0185,18.9123],[82.0204,18.9133],[82.0227,18.9106],[82.0272,18.9102],[82.0317,18.912],[82.035,18.9113],[82.0383,18.9079],[82.039,18.9021],[82.0383,18.898],[82.0362,18.8949],[82.0288,18.893],[82.0251,18.8935],[82.0215,18.8968],[82.0171,18.8986],[82.0102,18.8978],[82.0067,18.8933],[82.0071,18.8847],[82.009,18.8815],[82.0086,18.8788],[82.0143,18.8747],[82.0182,18.8726],[82.0182,18.8678],[82.0124,18.8664],[82.0042,18.8664],[81.9985,18.8582],[81.9875,18.8581],[81.9856,18.8577],[81.9859,18.864],[81.9882,18.867],[81.9895,18.872],[81.9895,18.8756],[81.9878,18.8783],[81.9847,18.8802],[81.9787,18.8806],[81.9788,18.8749],[81.9771,18.8725],[81.9781,18.8615],[81.9811,18.8511],[81.9828,18.8406],[81.9915,18.8344],[82.0007,18.8372],[82.0147,18.8428],[82.02,18.8485],[82.0229,18.8503],[82.0252,18.8541],[82.0295,18.8591],[82.0344,18.8618],[82.0397,18.863],[82.051,18.8687],[82.0537,18.8694],[82.0574,18.8667],[82.057,18.8612],[82.0578,18.8584],[82.056,18.856],[82.0607,18.8558],[82.0579,18.8522],[82.0597,18.8471],[82.0614,18.8461],[82.0613,18.8411],[82.0661,18.8359],[82.0644,18.8215],[82.0692,18.8076],[82.0857,18.7966],[82.0919,18.7981],[82.1022,18.8018],[82.1077,18.8023],[82.111,18.8082],[82.1159,18.8137],[82.1234,18.8147],[82.1275,18.8127],[82.1294,18.8039],[82.1292,18.7889],[82.1312,18.7829],[82.1346,18.7812],[82.1375,18.7791],[82.1406,18.7785],[82.1485,18.7817],[82.1516,18.7849],[82.1563,18.7851],[82.1596,18.7875],[82.1608,18.7902],[82.1598,18.7942],[82.1609,18.796],[82.1654,18.7986],[82.1645,18.8019],[82.1571,18.8035],[82.1569,18.8058],[82.1602,18.8081],[82.1606,18.8112],[82.1621,18.8128],[82.1646,18.8129],[82.166,18.8147],[82.1603,18.8196],[82.1628,18.8228],[82.1631,18.8255],[82.1666,18.8327],[82.169,18.836],[82.1683,18.84],[82.1657,18.8439],[82.1669,18.8473],[82.1675,18.8524],[82.1624,18.8552],[82.1621,18.8589],[82.1602,18.8614],[82.1612,18.8632],[82.1655,18.8656],[82.1674,18.8716],[82.167,18.8744],[82.1617,18.8766],[82.1604,18.8789],[82.1616,18.881],[82.1651,18.8832],[82.1693,18.8819],[82.1757,18.886],[82.1768,18.8882],[82.1752,18.8916],[82.1754,18.9013],[82.1799,18.9049],[82.1811,18.9069],[82.1925,18.9075],[82.1992,18.9118],[82.2008,18.9136],[82.2091,18.9177],[82.2125,18.9186],[82.2175,18.9222],[82.2278,18.919],[82.2315,18.9194],[82.2336,18.916],[82.237,18.9142],[82.2398,18.9147],[82.2461,18.9191],[82.2439,18.9333],[82.2422,18.941],[82.2401,18.9556]]]},"properties":{"id":"in:subdistrict:3360","level":"subdistrict","name":"Jagdalpur","code":3360,"parent":"in:district:374","state":"in:state:22"}},{"type":"Feature","geometry":{"type":"Polygon","coordinates":[[[82.1661,19.1328],[82.1665,19.1358],[82.1756,19.1391],[82.1727,19.1435],[82.1698,19.1457],[82.1715,19.1502],[82.1781,19.1494],[82.1774,19.1555],[82.171,19.1569],[82.1702,19.1612],[82.1749,19.1629],[82.1787,19.1598],[82.1784,19.1561],[82.1828,19.1601],[82.1861,19.1663],[82.184,19.1685],[82.1789,19.1689],[82.1763,19.1713],[82.1767,19.1735],[82.182,19.1742],[82.1818,19.1771],[82.1796,19.1799],[82.1761,19.1805],[82.1751,19.1824],[82.1779,19.1854],[82.1806,19.1904],[82.1805,19.1917],[82.1676,19.1953],[82.1644,19.1979],[82.1617,19.2022],[82.1658,19.2114],[82.1688,19.2129],[82.1594,19.223],[82.1578,19.2275],[82.1576,19.25],[82.1584,19.2652],[82.159,19.2685],[82.1621,19.2787],[82.1659,19.2877],[82.1734,19.2934],[82.1767,19.2995],[82.1792,19.319],[82.1812,19.3234],[82.1941,19.3259],[82.1901,19.3268],[82.1876,19.3296],[82.1879,19.3348],[82.186,19.3374],[82.1786,19.3395],[82.1787,19.3425],[82.1752,19.3445],[82.1682,19.3464],[82.1642,19.3492],[82.1541,19.3498],[82.1524,19.3527],[82.1488,19.353],[82.1481,19.3596],[82.1484,19.3649],[82.1478,19.3672],[82.1496,19.3734],[82.1514,19.3733],[82.1533,19.377],[82.16,19.3771],[82.1622,19.3744],[82.1666,19.3728],[82.1719,19.3726],[82.1736,19.3757],[82.1792,19.3804],[82.179,19.3832],[82.1817,19.3839],[82.181,19.3862],[82.1822,19.3886],[82.1807,19.3924],[82.1821,19.3946],[82.1843,19.4008],[82.1821,19.4057],[82.1832,19.4116],[82.1852,19.4137],[82.1893,19.4154],[82.19,19.4197],[82.1888,19.4212],[82.1899,19.4257],[82.1862,19.4267],[82.1838,19.43],[82.1811,19.4319],[82.1782,19.4366],[82.1715,19.4372],[82.1682,19.4367],[82.1607,19.4363],[82.144,19.433],[82.1352,19.4318],[82.1352,19.4304],[82.1273,19.4305],[82.1225,19.4342],[82.1147,19.446],[82.1135,19.4483],[82.1134,19.4604],[82.1028,19.4661],[82.1066,19.4723],[82.1081,19.4803],[82.1077,19.4915],[82.108,19.4943],[82.098,19.4989],[82.0978,19.5008],[82.0988,19.51],[82.1003,19.5166],[82.0917,19.5181],[82.0854,19.5205],[82.076,19.5236],[82.0688,19.5155],[82.0661,19.5108],[82.0555,19.5096],[82.0513,19.5082],[82.0454,19.509],[82.0385,19.5091],[82.0291,19.5076],[82.0251,19.5034],[82.0225,19.4987],[82.0174,19.4971],[82.0144,19.4931],[82.0099,19.4946],[81.9996,19.4903],[81.9936,19.4925],[81.9961,19.4964],[81.9973,19.5022],[81.9962,19.5052],[81.998,19.5107],[82.0002,19.5152],[81.9995,19.5178],[81.9987,19.5295],[81.998,19.5308],[81.989,19.5351],[81.9778,19.539],[81.9712,19.5402],[81.9531,19.5413],[81.9475,19.5404],[81.9438,19.5373],[81.933,19.5306],[81.9269,19.5284],[81.9192,19.5276],[81.907,19.5281],[81.9008,19.5299],[81.9001,19.535],[81.8997,19.5439],[81.8983,19.5499],[81.8638,19.552],[81.859,19.5524],[81.8468,19.5424],[81.8455,19.5382],[81.8455,19.5319],[81.8461,19.5228],[81.8486,19.517],[81.8525,19.5145],[81.8574,19.5127],[81.8626,19.5076],[81.8646,19.5032],[81.8698,19.5011],[81.8699,19.4967],[81.8725,19.4913],[81.8717,19.4879],[81.8762,19.4793],[81.8773,19.4759],[81.8747,19.4728],[81.8825,19.4689],[81.8947,19.4741],[81.8902,19.4811],[81.8924,19.4849],[81.8976,19.4837],[81.9018,19.485],[81.9197,19.4844],[81.9205,19.4828],[81.9216,19.4752],[81.9233,19.4698],[81.923,19.4668],[81.9248,19.4615],[81.9282,19.4558],[81.9359,19.4418],[81.9362,19.4365],[81.9337,19.4235],[81.9338,19.4187],[81.9354,19.4098],[81.9357,19.3979],[81.9352,19.3916],[81.9437,19.3901],[81.9449,19.3891],[81.9476,19.3815],[81.9521,19.3835],[81.9522,19.3852],[81.9574,19.3882],[81.9589,19.3864],[81.9595,19.3822],[81.9591,19.3776],[81.972,19.38],[81.9759,19.3879],[81.9807,19.3894],[81.982,19.3915],[81.9989,19.3919],[81.9988,19.3801],[82.0069,19.3764],[82.0057,19.3709],[82.0036,19.365],[81.9993,19.3568],[82.0004,19.3535],[81.9998,19.3488],[81.9949,19.347],[81.997,19.3428],[82.0019,19.3422],[82.002,19.3383],[82.0031,19.3358],[82.0019,19.3315],[82.0016,19.3272],[82.0037,19.324],[82.0029,19.3221],[82.0024,19.3162],[82.0005,19.3065],[81.9983,19.302],[81.9924,19.2954],[81.9903,19.2917],[81.9918,19.2884],[81.9968,19.2809],[81.9979,19.2724],[81.9994,19.2687],[81.9988,19.2643],[82.0008,19.2624],[82.0064,19.259],[82.0117,19.2583],[82.014,19.2548],[82.0125,19.2491],[82.0114,19.2385],[82.0111,19.2322],[82.0058,19.2292],[82,19.2284],[81.9994,19.2206],[81.9983,19.2192],[81.9902,19.2227],[81.9879,19.2264],[81.9843,19.2274],[81.9838,19.2256],[81.9798,19.2266],[81.9748,19.219],[81.9724,19.2133],[81.9722,19.205],[81.973,19.1909],[81.9775,19.187],[81.9862,19.1828],[81.9907,19.179],[81.989,19.1757],[81.9735,19.1767],[81.9695,19.1755],[81.9672,19.1738],[81.9684,19.1681],[81.9697,19.1673],[81.9738,19.1675],[81.9772,19.1631],[81.9825,19.1605],[81.9856,19.1606],[81.9912,19.162],[81.9969,19.1624],[82.0024,19.1619],[82.0052,19.163],[82.0097,19.1634],[82.0144,19.1498],[82.0117,19.1485],[82.0106,19.1434],[82.0091,19.1412],[82.0087,19.1371],[82.0166,19.1402],[82.017,19.137],[82.0223,19.1366],[82.0203,19.1331],[82.021,19.1311],[82.019,19.1297],[82.0204,19.1259],[82.023,19.1221],[82.0249,19.1236],[82.0235,19.1262],[82.0279,19.1292],[82.031,19.127],[82.0285,19.1258],[82.0256,19.1211],[82.0267,19.1182],[82.0301,19.1201],[82.0345,19.1207],[82.0346,19.1177],[82.036,19.1161],[82.0357,19.1132],[82.0409,19.1115],[82.0399,19.1075],[82.0425,19.0994],[82.0514,19.1013],[82.0522,19.1055],[82.0562,19.1159],[82.0638,19.1262],[82.0679,19.1275],[82.0725,19.1264],[82.0754,19.1266],[82.0787,19.1281],[82.0815,19.1282],[82.084,19.1262],[82.0861,19.1232],[82.0893,19.1206],[82.0945,19.1205],[82.0983,19.1186],[82.1024,19.1138],[82.1053,19.1134],[82.1108,19.1148],[82.1138,19.1182],[82.1144,19.1229],[82.1187,19.1235],[82.1214,19.122],[82.121,19.1271],[82.1219,19.13],[82.1183,19.1313],[82.1152,19.1285],[82.116,19.1337],[82.1144,19.142],[82.1181,19.1413],[82.1199,19.1437],[82.1271,19.1435],[82.1255,19.1407],[82.129,19.1407],[82.1322,19.1382],[82.1321,19.1353],[82.1343,19.1353],[82.1356,19.1379],[82.1379,19.1377],[82.1399,19.1353],[82.139,19.1304],[82.1486,19.1311],[82.15,19.1262],[82.1514,19.125],[82.1541,19.1261],[82.1572,19.1321],[82.1607,19.1346],[82.1661,19.1328]]]},"properties":{"id":"in:subdistrict:3364","level":"subdistrict","name":"Bakavand","code":3364,"parent":"in:district:374","state":"in:state:22"}},{"type":"Feature","geometry":{"type":"Polygon","coordinates":[[[82.5949,19.7753],[82.5953,19.7785],[82.6022,19.7811],[82.6038,19.7881],[82.6112,19.7907],[82.6238,19.7921],[82.6271,19.7937],[82.632,19.7996],[82.6338,19.8047],[82.6336,19.8065],[82.6366,19.8129],[82.6418,19.8145],[82.6472,19.819],[82.6495,19.8242],[82.6522,19.8322],[82.661,19.832],[82.6642,19.8305],[82.6685,19.8305],[82.6724,19.8318],[82.678,19.8321],[82.6932,19.8304],[82.7039,19.832],[82.7079,19.8358],[82.709,19.8385],[82.7114,19.84],[82.711,19.8418],[82.7129,19.8448],[82.7113,19.85],[82.7138,19.8526],[82.7182,19.8536],[82.7198,19.8568],[82.7192,19.8607],[82.72,19.8683],[82.7217,19.8729],[82.7246,19.8755],[82.7141,19.8778],[82.7135,19.8834],[82.7097,19.8926],[82.7088,19.8983],[82.7074,19.902],[82.7091,19.9056],[82.7074,19.911],[82.7079,19.914],[82.7114,19.9164],[82.7128,19.9185],[82.7127,19.9214],[82.7112,19.9255],[82.7125,19.9306],[82.7131,19.9385],[82.7184,19.9462],[82.7205,19.9483],[82.7155,19.9536],[82.7146,19.9588],[82.7159,19.9602],[82.7175,19.9656],[82.7177,19.9836],[82.7181,19.9891],[82.7158,19.9923],[82.7154,19.9959],[82.709,19.9986],[82.7036,19.999],[82.6996,19.9976],[82.6927,20],[82.6798,20.0008],[82.6745,20.0018],[82.6718,20.0011],[82.6682,20.0015],[82.6649,20.003],[82.652,20.0059],[82.6471,20.0039],[82.6427,20.0037],[82.6415,20.0067],[82.6368,20.005],[82.6333,20.0049],[82.63,20.0024],[82.6295,20.0007],[82.6262,19.9979],[82.6234,19.9941],[82.625,19.9884],[82.6257,19.983],[82.6268,19.9809],[82.6308,19.9778],[82.6327,19.973],[82.6354,19.9683],[82.6357,19.9627],[82.6354,19.9547],[82.631,19.9536],[82.6284,19.9498],[82.6242,19.948],[82.6209,19.9476],[82.6168,19.9499],[82.6127,19.9493],[82.6111,19.9479],[82.6069,19.9488],[82.6046,19.9503],[82.6046,19.9526],[82.5971,19.9563],[82.5959,19.96],[82.5937,19.9605],[82.5885,19.9599],[82.5835,19.96],[82.5751,19.962],[82.5735,19.965],[82.5703,19.9652],[82.5691,19.963],[82.5626,19.9632],[82.5603,19.9645],[82.5519,19.9641],[82.5516,19.9653],[82.5444,19.9635],[82.5357,19.9643],[82.5326,19.9679],[82.5294,19.9691],[82.5238,19.9686],[82.5165,19.9644],[82.5172,19.9628],[82.5159,19.9502],[82.5204,19.9459],[82.5203,19.9432],[82.518,19.9406],[82.5197,19.9334],[82.5173,19.9315],[82.5225,19.926],[82.5238,19.9219],[82.5234,19.9175],[82.5268,19.9179],[82.5308,19.9166],[82.536,19.9166],[82.5394,19.9157],[82.5415,19.9134],[82.5424,19.9092],[82.5404,19.9079],[82.5395,19.9034],[82.5346,19.8999],[82.5365,19.8968],[82.5415,19.8967],[82.5427,19.8896],[82.5416,19.8838],[82.5451,19.8804],[82.5484,19.8757],[82.5512,19.8764],[82.5543,19.8806],[82.5566,19.8805],[82.5589,19.8785],[82.5617,19.8743],[82.5669,19.8756],[82.5714,19.8778],[82.574,19.8771],[82.5792,19.8718],[82.5829,19.8694],[82.5874,19.87],[82.5962,19.873],[82.5971,19.8727],[82.6038,19.8663],[82.6026,19.863],[82.6002,19.8602],[82.5963,19.8588],[82.5971,19.8555],[82.5929,19.8525],[82.59,19.8519],[82.5906,19.8489],[82.5877,19.8487],[82.5889,19.8451],[82.5881,19.8431],[82.5846,19.8439],[82.5797,19.8401],[82.5758,19.8334],[82.5759,19.8293],[82.5794,19.8303],[82.5778,19.825],[82.5791,19.8233],[82.5785,19.818],[82.5763,19.8156],[82.5786,19.8114],[82.5764,19.8091],[82.5764,19.8072],[82.58,19.8065],[82.5847,19.8019],[82.5831,19.7969],[82.5828,19.7936],[82.5845,19.7883],[82.5817,19.7839],[82.5836,19.7816],[82.5832,19.7792],[82.5949,19.7753]]]},"properties":{"id":"in:subdistrict:3338","level":"subdistrict","name":"Deobhog","code":3338,"parent":"in:district:645","state":"in:state:22"}},{"type":"Feature","geometry":{"type":"Polygon","coordinates":[[[81.876,20.052],[81.8692,20.0551],[81.8714,20.0599],[81.8704,20.0668],[81.8703,20.0734],[81.8679,20.0827],[81.8682,20.0879],[81.8666,20.0906],[81.8577,20.096],[81.8544,20.1025],[81.8468,20.1119],[81.8454,20.1128],[81.8463,20.1167],[81.8468,20.1258],[81.8459,20.1285],[81.847,20.1343],[81.8463,20.147],[81.8454,20.1598],[81.8462,20.1643],[81.8406,20.1663],[81.8336,20.1664],[81.8296,20.1673],[81.8257,20.1694],[81.8209,20.1693],[81.8142,20.1673],[81.8067,20.1623],[81.8002,20.1592],[81.794,20.1586],[81.7917,20.1589],[81.7797,20.1576],[81.7754,20.1568],[81.7714,20.1576],[81.7671,20.1568],[81.7587,20.1626],[81.747,20.1636],[81.7431,20.1608],[81.7358,20.1582],[81.7314,20.1583],[81.7292,20.1571],[81.7274,20.1527],[81.7244,20.1503],[81.7251,20.1474],[81.7231,20.1419],[81.7174,20.1391],[81.7089,20.1383],[81.6995,20.1334],[81.6951,20.1331],[81.6899,20.1317],[81.6796,20.1298],[81.6767,20.108],[81.6787,20.0741],[81.6782,20.0704],[81.6752,20.0626],[81.6745,20.0587],[81.6764,20.0524],[81.6811,20.0502],[81.6817,20.0455],[81.6836,20.0406],[81.6828,20.0361],[81.6868,20.0274],[81.6877,20.0199],[81.6912,20.0195],[81.6906,20.016],[81.6823,20.0015],[81.6867,20.0016],[81.684,19.9959],[81.6844,19.9834],[81.6826,19.9789],[81.6843,19.9745],[81.6836,19.9707],[81.6797,19.9638],[81.6802,19.9623],[81.678,19.955],[81.6759,19.9434],[81.6755,19.9392],[81.6712,19.9333],[81.6677,19.9312],[81.6626,19.9294],[81.6584,19.9228],[81.6614,19.9164],[81.6656,19.9142],[81.6653,19.8994],[81.6748,19.8971],[81.6869,19.8931],[81.6901,19.8902],[81.6911,19.8874],[81.6934,19.8849],[81.6987,19.8833],[81.7031,19.8882],[81.7065,19.8892],[81.7137,19.8901],[81.7154,19.8883],[81.7147,19.885],[81.7131,19.8826],[81.7218,19.8822],[81.7292,19.8848],[81.7343,19.886],[81.7447,19.8866],[81.7483,19.8852],[81.7587,19.8783],[81.76,19.8788],[81.7657,19.8782],[81.7696,19.8763],[81.7718,19.8734],[81.7908,19.872],[81.7977,19.8713],[81.8056,19.8735],[81.8111,19.871],[81.8149,19.8705],[81.819,19.871],[81.8214,19.8704],[81.823,19.8747],[81.8253,19.8772],[81.8267,19.8807],[81.8292,19.881],[81.8381,19.8797],[81.8402,19.8799],[81.8514,19.8791],[81.8624,19.8798],[81.8702,19.8812],[81.8769,19.8919],[81.8844,19.8952],[81.8733,19.9014],[81.8697,19.9025],[81.8532,19.9185],[81.8518,19.9231],[81.854,19.9305],[81.8568,19.9475],[81.845,19.9518],[81.8453,19.9595],[81.8554,19.9723],[81.8563,19.9829],[81.8582,19.9931],[81.8606,20.0035],[81.8622,20.0064],[81.865,20.0085],[81.8668,20.0123],[81.865,20.0267],[81.8688,20.0319],[81.8689,20.0397],[81.872,20.046],[81.876,20.052]]]},"properties":{"id":"in:subdistrict:3356","level":"subdistrict","name":"Bade Rajpur","code":3356,"parent":"in:district:643","state":"in:state:22"}},{"type":"Feature","geometry":{"type":"Polygon","coordinates":[[[81.6653,19.8994],[81.6634,19.8997],[81.6553,19.9048],[81.6468,19.9076],[81.631,19.9122],[81.6253,19.9149],[81.6104,19.918],[81.6051,19.9187],[81.6043,19.9128],[81.6027,19.9079],[81.6015,19.9002],[81.5981,19.8949],[81.5952,19.892],[81.5925,19.885],[81.5862,19.8838],[81.5702,19.8872],[81.5705,19.8921],[81.5683,19.8974],[81.5657,19.9001],[81.5608,19.9022],[81.5582,19.9044],[81.5495,19.9024],[81.5411,19.906],[81.5408,19.9078],[81.5432,19.9091],[81.5411,19.9242],[81.5387,19.9273],[81.5419,19.9326],[81.5408,19.9411],[81.5335,19.9474],[81.5339,19.9499],[81.5302,19.9563],[81.5191,19.9558],[81.5113,19.9566],[81.5044,19.955],[81.4983,19.9555],[81.4906,19.9572],[81.472,19.9568],[81.4676,19.957],[81.4659,19.9562],[81.4662,19.9534],[81.4637,19.9495],[81.4641,19.9468],[81.4595,19.9448],[81.4482,19.9552],[81.4469,19.9574],[81.4474,19.96],[81.4455,19.9637],[81.4434,19.9658],[81.433,19.9705],[81.4279,19.972],[81.4271,19.9775],[81.4202,19.9828],[81.4155,19.9853],[81.4087,19.9816],[81.3999,19.9809],[81.399,19.9755],[81.3982,19.9656],[81.3966,19.9548],[81.3955,19.9531],[81.3906,19.9541],[81.3884,19.9532],[81.3857,19.9543],[81.3846,19.9528],[81.3786,19.9549],[81.3778,19.952],[81.3783,19.9363],[81.3793,19.9312],[81.3749,19.9301],[81.372,19.9252],[81.3704,19.9242],[81.3708,19.9151],[81.3692,19.9106],[81.3763,19.9071],[81.3805,19.9011],[81.3851,19.8964],[81.3907,19.8938],[81.3943,19.8931],[81.3997,19.8888],[81.4013,19.8852],[81.4058,19.8807],[81.4042,19.8768],[81.4043,19.8721],[81.4024,19.8677],[81.3972,19.8677],[81.3882,19.8649],[81.3848,19.8622],[81.38,19.8597],[81.3803,19.8564],[81.3773,19.8536],[81.3791,19.8485],[81.3846,19.8439],[81.3957,19.8365],[81.3938,19.8322],[81.3886,19.8252],[81.3788,19.8151],[81.3758,19.8095],[81.3753,19.8063],[81.3715,19.8009],[81.3705,19.7958],[81.376,19.7879],[81.378,19.7857],[81.3752,19.7829],[81.3733,19.7791],[81.3734,19.7767],[81.379,19.7716],[81.377,19.7675],[81.3801,19.7627],[81.3821,19.7541],[81.378,19.7508],[81.3721,19.7447],[81.3708,19.7427],[81.3727,19.7351],[81.3733,19.7306],[81.3745,19.729],[81.383,19.7243],[81.3857,19.7241],[81.3988,19.728],[81.4069,19.7245],[81.4167,19.722],[81.4193,19.7226],[81.4302,19.7188],[81.4366,19.7144],[81.4375,19.71],[81.446,19.7054],[81.4514,19.703],[81.4493,19.6986],[81.4492,19.6936],[81.4469,19.6873],[81.4461,19.6804],[81.4474,19.6784],[81.4515,19.6762],[81.4595,19.6758],[81.4661,19.6716],[81.4684,19.6729],[81.4762,19.6717],[81.4747,19.6696],[81.4746,19.667],[81.4769,19.6642],[81.4811,19.6641],[81.4886,19.6621],[81.4983,19.6605],[81.5046,19.661],[81.5078,19.6621],[81.5167,19.6631],[81.5229,19.6637],[81.524,19.6762],[81.5564,19.6748],[81.5542,19.6781],[81.5539,19.6828],[81.5594,19.6854],[81.5635,19.6891],[81.5738,19.689],[81.5759,19.6862],[81.5802,19.6861],[81.5852,19.6887],[81.5877,19.6933],[81.5915,19.694],[81.5935,19.6898],[81.5965,19.6913],[81.598,19.6879],[81.5997,19.6802],[81.5994,19.6697],[81.6144,19.6705],[81.6312,19.6652],[81.6407,19.6663],[81.6437,19.6689],[81.6472,19.67],[81.6526,19.6747],[81.6547,19.6754],[81.6582,19.6724],[81.6633,19.6729],[81.6668,19.672],[81.6705,19.6696],[81.6756,19.6693],[81.6887,19.6728],[81.6902,19.6771],[81.6906,19.6823],[81.6902,19.6865],[81.6812,19.6883],[81.6776,19.6897],[81.6737,19.6934],[81.6727,19.7006],[81.6766,19.7051],[81.6802,19.712],[81.6812,19.7126],[81.6811,19.7177],[81.6827,19.7226],[81.6835,19.7318],[81.685,19.7379],[81.6862,19.7401],[81.6868,19.7554],[81.6885,19.758],[81.689,19.7651],[81.6917,19.7652],[81.6975,19.7685],[81.7112,19.7661],[81.713,19.7719],[81.7141,19.7829],[81.7141,19.787],[81.7156,19.7927],[81.7147,19.7968],[81.7062,19.8013],[81.705,19.8033],[81.7,19.8046],[81.6986,19.8067],[81.694,19.809],[81.6881,19.8096],[81.6762,19.8132],[81.6802,19.8142],[81.6813,19.8178],[81.677,19.819],[81.6792,19.8243],[81.681,19.8256],[81.6804,19.8291],[81.6764,19.8318],[81.6731,19.8354],[81.6723,19.8398],[81.6777,19.8399],[81.6797,19.8414],[81.6792,19.8447],[81.6748,19.8474],[81.6769,19.8495],[81.6777,19.8533],[81.6823,19.8566],[81.6854,19.8581],[81.688,19.8619],[81.6901,19.8625],[81.6912,19.8663],[81.691,19.8726],[81.693,19.8767],[81.6987,19.8833],[81.6934,19.8849],[81.6911,19.8874],[81.6901,19.8902],[81.6869,19.8931],[81.6748,19.8971],[81.6653,19.8994]],[[81.4768,19.728],[81.4795,19.7271],[81.4789,19.7191],[81.48,19.7139],[81.4828,19.7098],[81.4831,19.7074],[81.4869,19.7035],[81.4879,19.698],[81.485,19.6941],[81.4856,19.6895],[81.4826,19.6891],[81.4776,19.6902],[81.4725,19.6935],[81.4673,19.696],[81.4638,19.697],[81.4548,19.7011],[81.4583,19.7042],[81.46,19.7113],[81.4605,19.7156],[81.4646,19.7242],[81.4685,19.7241],[81.4714,19.7251],[81.4721,19.7273],[81.4768,19.728]]]},"properties":{"id":"in:subdistrict:3359","level":"subdistrict","name":"Farasgaon","code":3359,"parent":"in:district:643","state":"in:state:22"}},{"type":"Feature","geometry":{"type":"Polygon","coordinates":[[[82.0291,19.5076],[82.0316,19.511],[82.0318,19.5145],[82.0337,19.5144],[82.0345,19.5176],[82.0366,19.5203],[82.0372,19.528],[82.0399,19.5302],[82.0431,19.5298],[82.0465,19.534],[82.0475,19.5398],[82.05,19.5442],[82.0507,19.5488],[82.0477,19.5562],[82.046,19.5573],[82.0456,19.5609],[82.0467,19.5643],[82.0492,19.568],[82.0483,19.572],[82.0497,19.5742],[82.0488,19.5783],[82.046,19.5797],[82.0418,19.5899],[82.0399,19.5979],[82.0441,19.605],[82.0463,19.6073],[82.0505,19.6079],[82.0503,19.612],[82.0513,19.6141],[82.0505,19.6165],[82.0522,19.6195],[82.0559,19.6234],[82.0561,19.626],[82.059,19.6282],[82.0565,19.6331],[82.0576,19.6354],[82.057,19.6393],[82.0547,19.6405],[82.0548,19.6426],[82.0519,19.6474],[82.0539,19.6503],[82.0536,19.6531],[82.0555,19.6545],[82.0542,19.658],[82.0519,19.6607],[82.0536,19.6654],[82.0553,19.6657],[82.0519,19.6805],[82.0491,19.6849],[82.0458,19.6981],[82.0446,19.7005],[82.0448,19.7089],[82.0506,19.7171],[82.0508,19.7207],[82.0493,19.7274],[82.0509,19.737],[82.0497,19.7421],[82.0504,19.7458],[82.052,19.7482],[82.0556,19.75],[82.056,19.753],[82.0632,19.7578],[82.0638,19.7611],[82.0605,19.7666],[82.062,19.7691],[82.0654,19.7813],[82.0662,19.7832],[82.0663,19.7878],[82.0655,19.7907],[82.0624,19.7925],[82.0602,19.7964],[82.0567,19.795],[82.0564,19.793],[82.0539,19.7922],[82.0509,19.7933],[82.0487,19.797],[82.0387,19.7966],[82.0311,19.7978],[82.0224,19.8001],[82.009,19.8042],[82.0037,19.8026],[81.9983,19.7984],[81.9954,19.7968],[81.9919,19.7996],[81.9859,19.8011],[81.9866,19.8043],[81.9826,19.8088],[81.9801,19.8132],[81.9739,19.8228],[81.9654,19.8369],[81.9662,19.8451],[81.9681,19.8599],[81.9576,19.8639],[81.9577,19.865],[81.9453,19.8708],[81.9411,19.8729],[81.9305,19.8765],[81.9063,19.8843],[81.9017,19.8862],[81.8844,19.8952],[81.8769,19.8919],[81.8702,19.8812],[81.8624,19.8798],[81.8514,19.8791],[81.8402,19.8799],[81.8381,19.8797],[81.8292,19.881],[81.8267,19.8807],[81.8253,19.8772],[81.823,19.8747],[81.8214,19.8704],[81.819,19.871],[81.8149,19.8705],[81.8111,19.871],[81.8056,19.8735],[81.7977,19.8713],[81.7908,19.872],[81.7718,19.8734],[81.7696,19.8763],[81.7657,19.8782],[81.76,19.8788],[81.7587,19.8783],[81.7483,19.8852],[81.7447,19.8866],[81.7343,19.886],[81.7292,19.8848],[81.7218,19.8822],[81.7131,19.8826],[81.7147,19.885],[81.7154,19.8883],[81.7137,19.8901],[81.7065,19.8892],[81.7031,19.8882],[81.6987,19.8833],[81.693,19.8767],[81.691,19.8726],[81.6912,19.8663],[81.6901,19.8625],[81.688,19.8619],[81.6854,19.8581],[81.6823,19.8566],[81.6777,19.8533],[81.6769,19.8495],[81.6748,19.8474],[81.6792,19.8447],[81.6797,19.8414],[81.6777,19.8399],[81.6723,19.8398],[81.6731,19.8354],[81.6764,19.8318],[81.6804,19.8291],[81.681,19.8256],[81.6792,19.8243],[81.677,19.819],[81.6813,19.8178],[81.6802,19.8142],[81.6762,19.8132],[81.6881,19.8096],[81.694,19.809],[81.6986,19.8067],[81.7,19.8046],[81.705,19.8033],[81.7062,19.8013],[81.7147,19.7968],[81.7156,19.7927],[81.7141,19.787],[81.7141,19.7829],[81.713,19.7719],[81.7112,19.7661],[81.6975,19.7685],[81.6917,19.7652],[81.689,19.7651],[81.6885,19.758],[81.6868,19.7554],[81.6862,19.7401],[81.685,19.7379],[81.6835,19.7318],[81.6827,19.7226],[81.6811,19.7177],[81.6812,19.7126],[81.6802,19.712],[81.6766,19.7051],[81.6727,19.7006],[81.6737,19.6934],[81.6776,19.6897],[81.6812,19.6883],[81.6902,19.6865],[81.6964,19.6931],[81.7026,19.6937],[81.7165,19.6896],[81.7198,19.6922],[81.7198,19.6951],[81.7248,19.7012],[81.7254,19.7075],[81.7267,19.7107],[81.7294,19.7124],[81.7302,19.716],[81.7317,19.7176],[81.7367,19.7161],[81.7429,19.7169],[81.7443,19.715],[81.7472,19.7138],[81.7487,19.7113],[81.7517,19.7101],[81.7535,19.7074],[81.7569,19.7057],[81.7571,19.7044],[81.7619,19.7003],[81.7667,19.697],[81.7729,19.6951],[81.7788,19.7032],[81.7833,19.7064],[81.7838,19.7091],[81.7857,19.7103],[81.7923,19.7359],[81.7963,19.7359],[81.7981,19.7317],[81.802,19.7247],[81.8092,19.7171],[81.8085,19.7118],[81.8269,19.7107],[81.835,19.7112],[81.8382,19.712],[81.8406,19.706],[81.845,19.706],[81.8929,19.707],[81.8996,19.6865],[81.9363,19.6415],[81.9186,19.6392],[81.9121,19.6306],[81.9071,19.6261],[81.9049,19.6251],[81.897,19.6192],[81.8925,19.614],[81.8899,19.6139],[81.8843,19.6097],[81.8677,19.5827],[81.836,19.5325],[81.8427,19.5217],[81.8445,19.5194],[81.8486,19.517],[81.8461,19.5228],[81.8455,19.5319],[81.8455,19.5382],[81.8468,19.5424],[81.859,19.5524],[81.8638,19.552],[81.8983,19.5499],[81.8997,19.5439],[81.9001,19.535],[81.9008,19.5299],[81.907,19.5281],[81.9192,19.5276],[81.9269,19.5284],[81.933,19.5306],[81.9438,19.5373],[81.9475,19.5404],[81.9531,19.5413],[81.9712,19.5402],[81.9778,19.539],[81.989,19.5351],[81.998,19.5308],[81.9987,19.5295],[81.9995,19.5178],[82.0002,19.5152],[81.998,19.5107],[81.9962,19.5052],[81.9973,19.5022],[81.9961,19.4964],[81.9936,19.4925],[81.9996,19.4903],[82.0099,19.4946],[82.0144,19.4931],[82.0174,19.4971],[82.0225,19.4987],[82.0251,19.5034],[82.0291,19.5076]]]},"properties":{"id":"in:subdistrict:3358","level":"subdistrict","name":"Makdi","code":3358,"parent":"in:district:643","state":"in:state:22"}},{"type":"Feature","geometry":{"type":"Polygon","coordinates":[[[82.0087,19.1371],[82.0091,19.1412],[82.0106,19.1434],[82.0117,19.1485],[82.0144,19.1498],[82.0097,19.1634],[82.0052,19.163],[82.0024,19.1619],[81.9969,19.1624],[81.9912,19.162],[81.9856,19.1606],[81.9825,19.1605],[81.9772,19.1631],[81.9738,19.1675],[81.9697,19.1673],[81.9684,19.1681],[81.9672,19.1738],[81.9695,19.1755],[81.9735,19.1767],[81.989,19.1757],[81.9907,19.179],[81.9862,19.1828],[81.9775,19.187],[81.973,19.1909],[81.9722,19.205],[81.9724,19.2133],[81.9748,19.219],[81.9798,19.2266],[81.9838,19.2256],[81.9843,19.2274],[81.9879,19.2264],[81.9902,19.2227],[81.9983,19.2192],[81.9994,19.2206],[82,19.2284],[82.0058,19.2292],[82.0111,19.2322],[82.0114,19.2385],[82.0125,19.2491],[82.014,19.2548],[82.0117,19.2583],[82.0064,19.259],[82.0008,19.2624],[81.9988,19.2643],[81.9994,19.2687],[81.9979,19.2724],[81.9968,19.2809],[81.9918,19.2884],[81.9903,19.2917],[81.9924,19.2954],[81.9983,19.302],[82.0005,19.3065],[82.0024,19.3162],[82.0029,19.3221],[82.0037,19.324],[82.0016,19.3272],[82.0019,19.3315],[82.0031,19.3358],[82.002,19.3383],[82.0019,19.3422],[81.997,19.3428],[81.9949,19.347],[81.9998,19.3488],[82.0004,19.3535],[81.9993,19.3568],[82.0036,19.365],[82.0057,19.3709],[82.0069,19.3764],[81.9988,19.3801],[81.9989,19.3919],[81.982,19.3915],[81.9807,19.3894],[81.9759,19.3879],[81.972,19.38],[81.9591,19.3776],[81.9595,19.3822],[81.9589,19.3864],[81.9574,19.3882],[81.9522,19.3852],[81.9521,19.3835],[81.9476,19.3815],[81.9449,19.3891],[81.9437,19.3901],[81.9352,19.3916],[81.9357,19.3979],[81.9354,19.4098],[81.9338,19.4187],[81.9337,19.4235],[81.9362,19.4365],[81.9359,19.4418],[81.9282,19.4558],[81.9248,19.4615],[81.923,19.4668],[81.9233,19.4698],[81.9216,19.4752],[81.9205,19.4828],[81.9197,19.4844],[81.9018,19.485],[81.8976,19.4837],[81.8924,19.4849],[81.8902,19.4811],[81.8947,19.4741],[81.8825,19.4689],[81.8747,19.4728],[81.8773,19.4759],[81.8762,19.4793],[81.8717,19.4879],[81.8725,19.4913],[81.8699,19.4967],[81.8698,19.5011],[81.8646,19.5032],[81.8626,19.5076],[81.8574,19.5127],[81.8561,19.5056],[81.8569,19.5011],[81.8573,19.4942],[81.8552,19.4872],[81.8563,19.4815],[81.8564,19.4764],[81.8572,19.4737],[81.8504,19.4734],[81.8501,19.4807],[81.8475,19.4858],[81.8356,19.5008],[81.8296,19.5056],[81.8243,19.5106],[81.821,19.5049],[81.8169,19.5008],[81.814,19.4953],[81.8115,19.4881],[81.8109,19.4768],[81.8081,19.469],[81.7997,19.4618],[81.7968,19.46],[81.7944,19.456],[81.7915,19.4533],[81.7926,19.4464],[81.7916,19.4361],[81.7918,19.4309],[81.7938,19.4231],[81.7976,19.412],[81.8013,19.4086],[81.8069,19.4084],[81.8101,19.4065],[81.8064,19.4021],[81.803,19.3998],[81.8003,19.3952],[81.8015,19.3921],[81.8016,19.3868],[81.8027,19.3755],[81.7983,19.3667],[81.7957,19.3598],[81.7946,19.3537],[81.7904,19.3552],[81.7773,19.3569],[81.7638,19.3531],[81.758,19.3547],[81.7505,19.3579],[81.7447,19.3651],[81.7416,19.3703],[81.7373,19.3721],[81.7316,19.3764],[81.7244,19.3769],[81.7205,19.3753],[81.7107,19.3691],[81.7033,19.3583],[81.6947,19.3633],[81.689,19.3656],[81.6808,19.3656],[81.6771,19.3649],[81.6667,19.3658],[81.6637,19.353],[81.6543,19.3485],[81.6425,19.351],[81.6338,19.3429],[81.6355,19.3306],[81.633,19.3253],[81.6295,19.3196],[81.6311,19.3133],[81.6296,19.3033],[81.6292,19.2986],[81.628,19.2936],[81.628,19.2891],[81.6403,19.2801],[81.6478,19.2689],[81.6515,19.2664],[81.6568,19.265],[81.6637,19.2662],[81.6757,19.2649],[81.6739,19.2561],[81.6741,19.2496],[81.6708,19.2487],[81.6602,19.2489],[81.6571,19.2484],[81.6508,19.245],[81.6402,19.2414],[81.6386,19.2381],[81.6325,19.2334],[81.6263,19.2301],[81.6202,19.2279],[81.6201,19.2262],[81.6231,19.2239],[81.6245,19.2216],[81.6277,19.2133],[81.6293,19.2116],[81.6262,19.2094],[81.6243,19.2055],[81.6246,19.2029],[81.6179,19.1981],[81.6231,19.193],[81.6322,19.188],[81.6374,19.1857],[81.632,19.1786],[81.6313,19.1707],[81.6351,19.1675],[81.6367,19.1671],[81.6382,19.1615],[81.6406,19.1603],[81.6442,19.1624],[81.6445,19.1648],[81.648,19.1675],[81.6487,19.1696],[81.6488,19.1751],[81.6499,19.1755],[81.6553,19.1735],[81.6576,19.171],[81.661,19.1688],[81.6633,19.1653],[81.665,19.1675],[81.6642,19.173],[81.6677,19.1749],[81.6663,19.1789],[81.6676,19.182],[81.6787,19.1911],[81.683,19.1938],[81.6864,19.1942],[81.6934,19.1897],[81.6981,19.1914],[81.7014,19.1909],[81.702,19.1933],[81.7065,19.1933],[81.7053,19.1986],[81.6946,19.1997],[81.6918,19.199],[81.6879,19.1996],[81.6873,19.2014],[81.6919,19.205],[81.7046,19.209],[81.7094,19.2091],[81.7144,19.208],[81.7213,19.2045],[81.7272,19.2025],[81.7356,19.1931],[81.7376,19.1898],[81.7388,19.1834],[81.7419,19.1801],[81.7469,19.179],[81.7571,19.1842],[81.771,19.1919],[81.7777,19.1943],[81.7864,19.1956],[81.7928,19.195],[81.7989,19.1918],[81.8056,19.1896],[81.8104,19.1858],[81.8134,19.1825],[81.8174,19.1793],[81.818,19.177],[81.8161,19.1668],[81.8166,19.1627],[81.8195,19.1536],[81.8243,19.1507],[81.8285,19.1494],[81.837,19.1478],[81.844,19.1466],[81.8476,19.148],[81.8512,19.1511],[81.8529,19.1539],[81.856,19.1558],[81.8591,19.1612],[81.8597,19.1644],[81.8572,19.1754],[81.8553,19.1816],[81.8549,19.188],[81.8556,19.1937],[81.8589,19.2014],[81.8627,19.2041],[81.8715,19.2056],[81.8794,19.2053],[81.8854,19.2029],[81.8931,19.1993],[81.8959,19.197],[81.8986,19.1911],[81.8951,19.1702],[81.8925,19.1656],[81.8908,19.1587],[81.888,19.1527],[81.8877,19.1469],[81.8884,19.1387],[81.892,19.1315],[81.8937,19.1298],[81.8994,19.1273],[81.9108,19.128],[81.9188,19.1265],[81.9252,19.1237],[81.9274,19.117],[81.931,19.1092],[81.934,19.1063],[81.9425,19.1046],[81.9494,19.1049],[81.9564,19.1044],[81.9595,19.1072],[81.9646,19.1129],[81.966,19.1159],[81.9673,19.1236],[81.9695,19.1295],[81.974,19.135],[81.9771,19.1364],[81.9823,19.14],[81.9913,19.1411],[81.9937,19.1403],[81.9974,19.1363],[82.0041,19.1351],[82.0087,19.1371]]]},"properties":{"id":"in:subdistrict:3363","level":"subdistrict","name":"Bastar","code":3363,"parent":"in:district:374","state":"in:state:22"}},{"type":"Feature","geometry":{"type":"Polygon","coordinates":[[[81.7123,19.0009],[81.7183,19.0019],[81.7228,19.0019],[81.7287,19.0045],[81.7455,18.9992],[81.7482,18.9977],[81.7528,18.9969],[81.7528,18.9984],[81.7611,18.9983],[81.7655,18.9944],[81.7711,18.9915],[81.773,18.9891],[81.7843,18.9933],[81.788,18.9952],[81.7917,18.9987],[81.8011,19.0006],[81.8073,18.9982],[81.8105,18.9963],[81.8138,18.9962],[81.8138,19.0011],[81.8109,19.0084],[81.8074,19.0114],[81.809,19.0144],[81.8149,19.0215],[81.8162,19.0257],[81.8205,19.0277],[81.8271,19.0242],[81.8307,19.0236],[81.8339,19.0217],[81.8434,19.0177],[81.8449,19.0145],[81.8421,19.0132],[81.8425,19.0109],[81.8447,19.01],[81.849,19.0116],[81.8493,19.0097],[81.848,19.0039],[81.8445,18.9974],[81.8413,18.9944],[81.8391,18.9887],[81.8412,18.9881],[81.8551,18.9859],[81.8591,18.9849],[81.8618,18.9807],[81.8631,18.9808],[81.8698,18.9773],[81.8757,18.9683],[81.8789,18.9658],[81.8822,18.9654],[81.8907,18.968],[81.8957,18.9684],[81.9006,18.9721],[81.9063,18.9803],[81.9092,18.9883],[81.9096,18.9951],[81.9092,18.9994],[81.9126,19.0069],[81.9111,19.0091],[81.9058,19.0111],[81.906,19.0127],[81.9088,19.0162],[81.9087,19.0205],[81.9105,19.0233],[81.9144,19.0229],[81.9196,19.025],[81.9232,19.0246],[81.9244,19.0222],[81.93,19.0214],[81.9341,19.0218],[81.934,19.018],[81.9318,19.0129],[81.9334,19.0105],[81.9476,19.0087],[81.9587,19.007],[81.9648,19.0069],[81.974,19.0045],[81.9781,19.0042],[81.9797,19.0071],[81.9819,19.0134],[81.9859,19.0211],[81.9817,19.0226],[81.9704,19.0286],[81.9675,19.031],[81.9578,19.0352],[81.9525,19.0366],[81.9465,19.0368],[81.9459,19.0425],[81.9464,19.045],[81.9483,19.0456],[81.9522,19.0567],[81.9517,19.0623],[81.9454,19.0611],[81.9449,19.0699],[81.9472,19.0804],[81.9588,19.0783],[81.9592,19.0814],[81.9581,19.088],[81.9564,19.0882],[81.9547,19.0929],[81.9556,19.0987],[81.9551,19.1007],[81.9564,19.1044],[81.9494,19.1049],[81.9425,19.1046],[81.934,19.1063],[81.931,19.1092],[81.9274,19.117],[81.9252,19.1237],[81.9188,19.1265],[81.9108,19.128],[81.8994,19.1273],[81.8937,19.1298],[81.892,19.1315],[81.8884,19.1387],[81.8877,19.1469],[81.888,19.1527],[81.8908,19.1587],[81.8925,19.1656],[81.8951,19.1702],[81.8986,19.1911],[81.8959,19.197],[81.8931,19.1993],[81.8854,19.2029],[81.8794,19.2053],[81.8715,19.2056],[81.8627,19.2041],[81.8589,19.2014],[81.8556,19.1937],[81.8549,19.188],[81.8553,19.1816],[81.8572,19.1754],[81.8597,19.1644],[81.8591,19.1612],[81.856,19.1558],[81.8529,19.1539],[81.8512,19.1511],[81.8476,19.148],[81.844,19.1466],[81.837,19.1478],[81.836,19.1422],[81.8321,19.1246],[81.8265,19.1219],[81.8173,19.1219],[81.8097,19.1246],[81.8072,19.125],[81.7959,19.125],[81.7872,19.1253],[81.7864,19.1235],[81.782,19.122],[81.7817,19.117],[81.7823,19.1127],[81.7865,19.0947],[81.7851,19.0892],[81.7761,19.0889],[81.7695,19.0868],[81.7659,19.0862],[81.7497,19.0813],[81.7476,19.0815],[81.7444,19.0838],[81.744,19.0799],[81.7421,19.0772],[81.7435,19.0745],[81.7408,19.0685],[81.7436,19.0642],[81.7463,19.0614],[81.747,19.0562],[81.7461,19.0506],[81.7463,19.0463],[81.7435,19.0452],[81.7399,19.0412],[81.7382,19.033],[81.7355,19.0277],[81.7316,19.0243],[81.7275,19.0238],[81.7207,19.0284],[81.7146,19.0295],[81.7122,19.0261],[81.7112,19.0224],[81.7126,19.0122],[81.7129,19.0053],[81.7123,19.0009]]]},"properties":{"id":"in:subdistrict:3365","level":"subdistrict","name":"Tokapal","code":3365,"parent":"in:district:374","state":"in:state:22"}},{"type":"Feature","geometry":{"type":"Polygon","coordinates":[[[81.4631,19.1368],[81.4652,19.1342],[81.4688,19.1326],[81.4693,19.131],[81.473,19.1289],[81.4753,19.1259],[81.4762,19.1209],[81.4781,19.1176],[81.48,19.1165],[81.484,19.1175],[81.4875,19.1142],[81.4888,19.1112],[81.4882,19.1086],[81.4905,19.106],[81.491,19.1038],[81.4937,19.1026],[81.4936,19.0996],[81.4919,19.0941],[81.4937,19.0904],[81.5003,19.0927],[81.5038,19.0924],[81.5064,19.0897],[81.509,19.0888],[81.5159,19.0888],[81.517,19.0869],[81.5198,19.0872],[81.5223,19.0889],[81.5228,19.0915],[81.5134,19.1034],[81.5125,19.1066],[81.5132,19.1108],[81.5117,19.1144],[81.5171,19.1124],[81.52,19.1096],[81.5232,19.1081],[81.5219,19.1056],[81.5289,19.1022],[81.5349,19.1041],[81.538,19.1077],[81.5388,19.1106],[81.5384,19.1143],[81.5394,19.1166],[81.5469,19.1084],[81.5504,19.1052],[81.5536,19.1039],[81.5569,19.1043],[81.5667,19.1037],[81.5685,19.1061],[81.571,19.1053],[81.5742,19.106],[81.5866,19.1052],[81.589,19.1031],[81.5873,19.0992],[81.5859,19.0934],[81.5857,19.0883],[81.5832,19.0867],[81.5867,19.0819],[81.5897,19.0793],[81.594,19.077],[81.5944,19.0747],[81.5982,19.0706],[81.604,19.0662],[81.6107,19.0629],[81.6137,19.0624],[81.6184,19.0594],[81.6185,19.0577],[81.6145,19.055],[81.6035,19.0544],[81.6001,19.0568],[81.5988,19.0609],[81.5944,19.062],[81.587,19.0614],[81.5886,19.0562],[81.5834,19.05],[81.5822,19.0452],[81.584,19.0407],[81.5883,19.0402],[81.5902,19.0409],[81.5891,19.0439],[81.5931,19.0485],[81.5962,19.0491],[81.603,19.0487],[81.6096,19.042],[81.6056,19.0388],[81.6013,19.0373],[81.5999,19.0325],[81.5961,19.0287],[81.5979,19.0267],[81.6007,19.0201],[81.5987,19.0144],[81.5996,19.0119],[81.6053,19.0079],[81.613,19.006],[81.6172,19.0033],[81.6226,19.002],[81.6318,18.9977],[81.6335,19.0012],[81.6339,19.0041],[81.6364,19.0072],[81.6391,19.0086],[81.6391,19.0142],[81.6415,19.019],[81.6412,19.0225],[81.6422,19.026],[81.6365,19.0301],[81.6336,19.0341],[81.6361,19.0392],[81.6383,19.0406],[81.6452,19.0388],[81.6527,19.0395],[81.6555,19.0402],[81.6575,19.0374],[81.6599,19.0307],[81.6627,19.0279],[81.6693,19.023],[81.6747,19.0227],[81.6782,19.0242],[81.6858,19.024],[81.6882,19.0245],[81.6939,19.0274],[81.6957,19.0297],[81.6968,19.0333],[81.7002,19.0317],[81.7041,19.0311],[81.7064,19.029],[81.7091,19.0321],[81.7146,19.0295],[81.7207,19.0284],[81.7275,19.0238],[81.7316,19.0243],[81.7355,19.0277],[81.7382,19.033],[81.7399,19.0412],[81.7435,19.0452],[81.7463,19.0463],[81.7461,19.0506],[81.747,19.0562],[81.7463,19.0614],[81.7436,19.0642],[81.7408,19.0685],[81.7435,19.0745],[81.7421,19.0772],[81.744,19.0799],[81.7444,19.0838],[81.7476,19.0815],[81.7497,19.0813],[81.7659,19.0862],[81.7695,19.0868],[81.7761,19.0889],[81.7851,19.0892],[81.7865,19.0947],[81.7823,19.1127],[81.7817,19.117],[81.782,19.122],[81.7864,19.1235],[81.7872,19.1253],[81.7959,19.125],[81.8072,19.125],[81.8097,19.1246],[81.8173,19.1219],[81.8265,19.1219],[81.8321,19.1246],[81.836,19.1422],[81.837,19.1478],[81.8285,19.1494],[81.8243,19.1507],[81.8195,19.1536],[81.8166,19.1627],[81.8161,19.1668],[81.818,19.177],[81.8174,19.1793],[81.8134,19.1825],[81.8104,19.1858],[81.8056,19.1896],[81.7989,19.1918],[81.7928,19.195],[81.7864,19.1956],[81.7777,19.1943],[81.771,19.1919],[81.7571,19.1842],[81.7469,19.179],[81.7419,19.1801],[81.7388,19.1834],[81.7376,19.1898],[81.7356,19.1931],[81.7272,19.2025],[81.7213,19.2045],[81.7144,19.208],[81.7094,19.2091],[81.7046,19.209],[81.6919,19.205],[81.6873,19.2014],[81.6879,19.1996],[81.6918,19.199],[81.6946,19.1997],[81.7053,19.1986],[81.7065,19.1933],[81.702,19.1933],[81.7014,19.1909],[81.6981,19.1914],[81.6934,19.1897],[81.6864,19.1942],[81.683,19.1938],[81.6787,19.1911],[81.6676,19.182],[81.6663,19.1789],[81.6677,19.1749],[81.6642,19.173],[81.665,19.1675],[81.6633,19.1653],[81.661,19.1688],[81.6576,19.171],[81.6553,19.1735],[81.6499,19.1755],[81.6488,19.1751],[81.6487,19.1696],[81.648,19.1675],[81.6445,19.1648],[81.6442,19.1624],[81.6406,19.1603],[81.6382,19.1615],[81.6367,19.1671],[81.6351,19.1675],[81.6313,19.1707],[81.632,19.1786],[81.6374,19.1857],[81.6322,19.188],[81.6231,19.193],[81.6179,19.1981],[81.6246,19.2029],[81.6243,19.2055],[81.6262,19.2094],[81.6293,19.2116],[81.6277,19.2133],[81.6245,19.2216],[81.6231,19.2239],[81.6201,19.2262],[81.6202,19.2279],[81.6144,19.2354],[81.6117,19.245],[81.6151,19.2497],[81.6143,19.2531],[81.6092,19.2607],[81.6083,19.2731],[81.5927,19.2758],[81.586,19.2782],[81.5831,19.2818],[81.5758,19.2829],[81.5689,19.2831],[81.5665,19.2777],[81.5614,19.2703],[81.5547,19.2667],[81.5455,19.2607],[81.5422,19.2577],[81.5422,19.246],[81.5401,19.2381],[81.5383,19.235],[81.5371,19.2288],[81.5372,19.2242],[81.535,19.2234],[81.5276,19.2252],[81.5214,19.226],[81.5118,19.2257],[81.5066,19.2271],[81.5038,19.2323],[81.4999,19.2354],[81.495,19.2346],[81.4907,19.2357],[81.4889,19.2352],[81.4862,19.2376],[81.4856,19.241],[81.4816,19.2435],[81.4778,19.244],[81.475,19.2468],[81.479,19.2533],[81.4768,19.2548],[81.4752,19.2579],[81.4714,19.2614],[81.4633,19.267],[81.4594,19.2678],[81.4523,19.2721],[81.4488,19.2764],[81.446,19.2814],[81.438,19.2843],[81.4324,19.2849],[81.4296,19.295],[81.4282,19.2967],[81.4206,19.3],[81.4139,19.3016],[81.4098,19.3033],[81.4048,19.3075],[81.3931,19.3115],[81.3902,19.3151],[81.3835,19.3205],[81.3766,19.3191],[81.3749,19.3149],[81.3725,19.3125],[81.3745,19.3086],[81.3776,19.3058],[81.378,19.3021],[81.3747,19.299],[81.3721,19.2985],[81.369,19.2996],[81.362,19.2955],[81.3585,19.2951],[81.3568,19.2928],[81.3571,19.2883],[81.3563,19.283],[81.3574,19.278],[81.3598,19.275],[81.3609,19.271],[81.3591,19.2655],[81.3602,19.2626],[81.3627,19.2609],[81.3667,19.2564],[81.366,19.2534],[81.3632,19.2501],[81.3574,19.2489],[81.3539,19.2471],[81.354,19.2391],[81.3545,19.2342],[81.3505,19.2294],[81.3512,19.2271],[81.3563,19.2253],[81.3631,19.2202],[81.3671,19.2198],[81.3694,19.2162],[81.3717,19.216],[81.3775,19.2131],[81.3838,19.2089],[81.3864,19.2099],[81.3931,19.2077],[81.3951,19.2021],[81.3981,19.2014],[81.4003,19.1993],[81.3986,19.1955],[81.4019,19.1912],[81.407,19.1927],[81.419,19.1945],[81.4291,19.191],[81.4414,19.1877],[81.4505,19.189],[81.454,19.192],[81.4572,19.1969],[81.46,19.2022],[81.4634,19.2069],[81.4687,19.2112],[81.4744,19.2132],[81.4777,19.2135],[81.4862,19.2096],[81.4947,19.2062],[81.5021,19.2039],[81.4999,19.1973],[81.5001,19.1942],[81.4989,19.1905],[81.4992,19.1868],[81.5004,19.1841],[81.4976,19.18],[81.4974,19.175],[81.4976,19.1645],[81.4965,19.1621],[81.4939,19.1617],[81.4907,19.1561],[81.4932,19.1512],[81.4952,19.1451],[81.4983,19.143],[81.5006,19.1402],[81.4972,19.1385],[81.4907,19.1381],[81.4787,19.1406],[81.4734,19.1437],[81.4692,19.1443],[81.4662,19.1407],[81.4636,19.1392],[81.4631,19.1368]]]},"properties":{"id":"in:subdistrict:3361","level":"subdistrict","name":"Lohandiguda","code":3361,"parent":"in:district:374","state":"in:state:22"}},{"type":"Feature","geometry":{"type":"Polygon","coordinates":[[[81.3725,19.3125],[81.3749,19.3149],[81.3766,19.3191],[81.3835,19.3205],[81.3902,19.3151],[81.3931,19.3115],[81.4048,19.3075],[81.4098,19.3033],[81.4139,19.3016],[81.4206,19.3],[81.4282,19.2967],[81.4296,19.295],[81.4324,19.2849],[81.438,19.2843],[81.446,19.2814],[81.4488,19.2764],[81.4523,19.2721],[81.4594,19.2678],[81.4633,19.267],[81.4714,19.2614],[81.4752,19.2579],[81.4768,19.2548],[81.479,19.2533],[81.475,19.2468],[81.4778,19.244],[81.4816,19.2435],[81.4856,19.241],[81.4862,19.2376],[81.4889,19.2352],[81.4907,19.2357],[81.495,19.2346],[81.4999,19.2354],[81.5038,19.2323],[81.5066,19.2271],[81.5118,19.2257],[81.5214,19.226],[81.5276,19.2252],[81.535,19.2234],[81.5372,19.2242],[81.5371,19.2288],[81.5383,19.235],[81.5401,19.2381],[81.5422,19.246],[81.5422,19.2577],[81.5455,19.2607],[81.5547,19.2667],[81.5614,19.2703],[81.5665,19.2777],[81.5689,19.2831],[81.5758,19.2829],[81.5831,19.2818],[81.586,19.2782],[81.5927,19.2758],[81.6083,19.2731],[81.6092,19.2607],[81.6143,19.2531],[81.6151,19.2497],[81.6117,19.245],[81.6144,19.2354],[81.6202,19.2279],[81.6263,19.2301],[81.6325,19.2334],[81.6386,19.2381],[81.6402,19.2414],[81.6508,19.245],[81.6571,19.2484],[81.6602,19.2489],[81.6708,19.2487],[81.6741,19.2496],[81.6739,19.2561],[81.6757,19.2649],[81.6637,19.2662],[81.6568,19.265],[81.6515,19.2664],[81.6478,19.2689],[81.6403,19.2801],[81.628,19.2891],[81.628,19.2936],[81.6292,19.2986],[81.6296,19.3033],[81.6311,19.3133],[81.6295,19.3196],[81.633,19.3253],[81.6355,19.3306],[81.6338,19.3429],[81.6425,19.351],[81.6543,19.3485],[81.6637,19.353],[81.6667,19.3658],[81.6771,19.3649],[81.6808,19.3656],[81.689,19.3656],[81.6947,19.3633],[81.7033,19.3583],[81.7107,19.3691],[81.7205,19.3753],[81.7244,19.3769],[81.7316,19.3764],[81.7373,19.3721],[81.7416,19.3703],[81.7447,19.3651],[81.7505,19.3579],[81.758,19.3547],[81.7638,19.3531],[81.7773,19.3569],[81.7904,19.3552],[81.7946,19.3537],[81.7957,19.3598],[81.7983,19.3667],[81.8027,19.3755],[81.8016,19.3868],[81.8015,19.3921],[81.8003,19.3952],[81.803,19.3998],[81.8064,19.4021],[81.8101,19.4065],[81.8069,19.4084],[81.8013,19.4086],[81.7976,19.412],[81.7938,19.4231],[81.7918,19.4309],[81.7916,19.4361],[81.7926,19.4464],[81.7915,19.4533],[81.7944,19.456],[81.7968,19.46],[81.7997,19.4618],[81.8081,19.469],[81.8109,19.4768],[81.8115,19.4881],[81.814,19.4953],[81.8169,19.5008],[81.821,19.5049],[81.8243,19.5106],[81.8296,19.5056],[81.8356,19.5008],[81.8475,19.4858],[81.8501,19.4807],[81.8504,19.4734],[81.8572,19.4737],[81.8564,19.4764],[81.8563,19.4815],[81.8552,19.4872],[81.8573,19.4942],[81.8569,19.5011],[81.8561,19.5056],[81.8574,19.5127],[81.8525,19.5145],[81.8486,19.517],[81.8445,19.5194],[81.8427,19.5217],[81.836,19.5325],[81.8677,19.5827],[81.8843,19.6097],[81.8899,19.6139],[81.8925,19.614],[81.897,19.6192],[81.9049,19.6251],[81.9071,19.6261],[81.9121,19.6306],[81.9186,19.6392],[81.9363,19.6415],[81.8996,19.6865],[81.8929,19.707],[81.845,19.706],[81.8406,19.706],[81.8382,19.712],[81.835,19.7112],[81.8269,19.7107],[81.8085,19.7118],[81.8092,19.7171],[81.802,19.7247],[81.7981,19.7317],[81.7963,19.7359],[81.7923,19.7359],[81.7857,19.7103],[81.7838,19.7091],[81.7833,19.7064],[81.7788,19.7032],[81.7729,19.6951],[81.7667,19.697],[81.7619,19.7003],[81.7571,19.7044],[81.7569,19.7057],[81.7535,19.7074],[81.7517,19.7101],[81.7487,19.7113],[81.7472,19.7138],[81.7443,19.715],[81.7429,19.7169],[81.7367,19.7161],[81.7317,19.7176],[81.7302,19.716],[81.7294,19.7124],[81.7267,19.7107],[81.7254,19.7075],[81.7248,19.7012],[81.7198,19.6951],[81.7198,19.6922],[81.7165,19.6896],[81.7026,19.6937],[81.6964,19.6931],[81.6902,19.6865],[81.6906,19.6823],[81.6902,19.6771],[81.6887,19.6728],[81.6756,19.6693],[81.6705,19.6696],[81.6668,19.672],[81.6633,19.6729],[81.6582,19.6724],[81.6547,19.6754],[81.6526,19.6747],[81.6472,19.67],[81.6437,19.6689],[81.6407,19.6663],[81.6312,19.6652],[81.6144,19.6705],[81.5994,19.6697],[81.5997,19.6802],[81.598,19.6879],[81.5965,19.6913],[81.5935,19.6898],[81.5915,19.694],[81.5877,19.6933],[81.5852,19.6887],[81.5802,19.6861],[81.5759,19.6862],[81.5738,19.689],[81.5635,19.6891],[81.5594,19.6854],[81.5539,19.6828],[81.5542,19.6781],[81.5564,19.6748],[81.524,19.6762],[81.5229,19.6637],[81.5167,19.6631],[81.5091,19.6515],[81.4983,19.6492],[81.4906,19.6484],[81.4916,19.6472],[81.489,19.6442],[81.4817,19.6459],[81.4736,19.6465],[81.4649,19.6404],[81.4636,19.639],[81.4549,19.637],[81.4551,19.6276],[81.4606,19.625],[81.4641,19.619],[81.4642,19.616],[81.4586,19.6054],[81.4625,19.5987],[81.4625,19.5939],[81.4566,19.5816],[81.4611,19.569],[81.4581,19.5672],[81.4552,19.5637],[81.4484,19.5588],[81.4469,19.5548],[81.4439,19.5523],[81.4415,19.544],[81.4397,19.5357],[81.4429,19.528],[81.449,19.5287],[81.4496,19.525],[81.4486,19.5195],[81.4492,19.5164],[81.4476,19.5122],[81.4334,19.5036],[81.4265,19.5008],[81.4215,19.4937],[81.4244,19.4825],[81.4255,19.4809],[81.4304,19.4795],[81.4388,19.4759],[81.4431,19.4745],[81.456,19.4738],[81.476,19.4722],[81.4679,19.4514],[81.4661,19.4442],[81.4648,19.436],[81.4654,19.4335],[81.4677,19.4305],[81.4651,19.4233],[81.4675,19.4089],[81.4707,19.4017],[81.4672,19.3944],[81.4715,19.3902],[81.4719,19.3869],[81.4709,19.3809],[81.4716,19.3772],[81.4692,19.3745],[81.4668,19.3754],[81.4635,19.3718],[81.4613,19.3731],[81.461,19.376],[81.4548,19.3767],[81.4485,19.3765],[81.4449,19.3743],[81.4385,19.3748],[81.433,19.3735],[81.4281,19.366],[81.4189,19.3656],[81.4163,19.3637],[81.4052,19.3668],[81.4007,19.3747],[81.3962,19.3758],[81.3893,19.3811],[81.3882,19.3831],[81.3875,19.3907],[81.3879,19.3932],[81.3898,19.3965],[81.3891,19.4008],[81.3905,19.4061],[81.392,19.4089],[81.3892,19.4139],[81.3867,19.415],[81.381,19.4147],[81.3782,19.4133],[81.3759,19.4103],[81.3725,19.4095],[81.373,19.4057],[81.3766,19.4029],[81.3756,19.3962],[81.3776,19.391],[81.3776,19.3872],[81.37,19.3826],[81.3683,19.3773],[81.3654,19.3745],[81.3673,19.3719],[81.3715,19.3702],[81.3744,19.3677],[81.3764,19.3644],[81.3784,19.363],[81.3822,19.3623],[81.3902,19.3642],[81.3907,19.3607],[81.3934,19.352],[81.3934,19.3489],[81.3964,19.3431],[81.399,19.3356],[81.3881,19.3365],[81.3841,19.3347],[81.3833,19.3295],[81.3794,19.331],[81.3752,19.3294],[81.3728,19.3309],[81.3699,19.3305],[81.3691,19.3331],[81.3635,19.3324],[81.3622,19.3307],[81.359,19.3309],[81.3561,19.3258],[81.3581,19.3233],[81.3617,19.3215],[81.363,19.317],[81.3647,19.3154],[81.3725,19.3125]]]},"properties":{"id":"in:subdistrict:3357","level":"subdistrict","name":"Kondagaon","code":3357,"parent":"in:district:643","state":"in:state:22"}},{"type":"Feature","geometry":{"type":"Polygon","coordinates":[[[80.6644,19.6183],[80.6653,19.6119],[80.6703,19.6093],[80.6801,19.612],[80.6838,19.6119],[80.6879,19.6131],[80.6973,19.6133],[80.7063,19.6141],[80.7096,19.6157],[80.7146,19.6167],[80.7194,19.6154],[80.7241,19.6131],[80.7268,19.6109],[80.7303,19.6102],[80.7331,19.6063],[80.7408,19.6062],[80.7459,19.6015],[80.7511,19.5999],[80.7571,19.5969],[80.7604,19.5914],[80.766,19.59],[80.7694,19.5867],[80.7683,19.5791],[80.767,19.5762],[80.7688,19.5733],[80.7699,19.569],[80.7733,19.566],[80.7751,19.5625],[80.7797,19.5637],[80.7826,19.5632],[80.7877,19.5604],[80.793,19.5612],[80.797,19.5625],[80.8029,19.5656],[80.8063,19.569],[80.8088,19.5686],[80.8162,19.5712],[80.824,19.5667],[80.8298,19.5666],[80.8313,19.5674],[80.8362,19.5659],[80.8369,19.5633],[80.8395,19.5594],[80.8404,19.5529],[80.8394,19.5492],[80.8417,19.5457],[80.8422,19.5418],[80.8441,19.5377],[80.8497,19.5345],[80.8499,19.5289],[80.8534,19.5268],[80.8566,19.5227],[80.86,19.522],[80.8637,19.5201],[80.8685,19.5218],[80.8726,19.5187],[80.8753,19.5195],[80.8789,19.5234],[80.8837,19.5262],[80.8893,19.5229],[80.8912,19.5205],[80.8951,19.5193],[80.8947,19.5096],[80.8932,19.5073],[80.8965,19.4937],[80.8977,19.4804],[80.8953,19.4741],[80.8949,19.4696],[80.893,19.466],[80.8896,19.4629],[80.8888,19.4605],[80.8861,19.4584],[80.8831,19.4538],[80.8754,19.446],[80.8734,19.4449],[80.8699,19.4453],[80.8646,19.4445],[80.8567,19.446],[80.853,19.4449],[80.8505,19.4467],[80.848,19.4454],[80.8454,19.4469],[80.8424,19.4469],[80.8395,19.4452],[80.8297,19.4428],[80.8274,19.4399],[80.8231,19.4398],[80.8216,19.438],[80.8125,19.4328],[80.8053,19.4334],[80.8006,19.4321],[80.7958,19.4323],[80.7957,19.4299],[80.7979,19.4269],[80.7993,19.4227],[80.8028,19.4216],[80.8043,19.4195],[80.8045,19.412],[80.8122,19.4064],[80.8148,19.3998],[80.8166,19.3972],[80.8165,19.392],[80.8175,19.3884],[80.8173,19.3839],[80.8207,19.3812],[80.8256,19.3809],[80.8316,19.3785],[80.8371,19.3756],[80.8419,19.3719],[80.8491,19.3697],[80.8503,19.3689],[80.8529,19.3639],[80.8532,19.3642],[80.8757,19.3534],[80.9066,19.3412],[80.9272,19.3313],[80.9409,19.3214],[80.9523,19.3104],[80.9568,19.2918],[80.9531,19.2668],[80.9507,19.2516],[80.9552,19.2363],[80.9644,19.234],[80.993,19.2338],[80.9985,19.2335],[80.9997,19.2325],[81.0027,19.2354],[81.0057,19.2354],[81.0105,19.2341],[81.0126,19.2349],[81.0172,19.2327],[81.0212,19.2359],[81.0234,19.2392],[81.0286,19.2373],[81.0301,19.2355],[81.0327,19.2351],[81.0331,19.2316],[81.0351,19.2314],[81.0355,19.2286],[81.0387,19.2283],[81.0431,19.2296],[81.0503,19.2278],[81.0557,19.2287],[81.057,19.2281],[81.0643,19.229],[81.0662,19.2317],[81.0719,19.2314],[81.0764,19.2331],[81.078,19.2369],[81.0755,19.2377],[81.0737,19.2426],[81.0736,19.2473],[81.0719,19.2499],[81.0721,19.254],[81.0706,19.2574],[81.0717,19.2594],[81.0703,19.2675],[81.0704,19.2701],[81.0738,19.2741],[81.0773,19.2752],[81.0796,19.2739],[81.0806,19.2704],[81.0832,19.2694],[81.086,19.2702],[81.0896,19.2752],[81.0971,19.2773],[81.1007,19.2769],[81.1047,19.2748],[81.1095,19.2753],[81.1128,19.2728],[81.1158,19.2643],[81.1191,19.2617],[81.1229,19.2611],[81.1249,19.2596],[81.128,19.2591],[81.1293,19.2566],[81.1319,19.2571],[81.1381,19.2562],[81.1416,19.2575],[81.1426,19.2602],[81.1456,19.2597],[81.1433,19.2707],[81.1415,19.2778],[81.1408,19.29],[81.1412,19.2989],[81.1441,19.2982],[81.1474,19.2988],[81.1523,19.297],[81.1539,19.2988],[81.1611,19.2953],[81.1612,19.2825],[81.1635,19.2785],[81.1652,19.2733],[81.1677,19.2713],[81.1711,19.2712],[81.1754,19.2726],[81.1851,19.2741],[81.1904,19.2771],[81.1945,19.2884],[81.2088,19.2884],[81.2234,19.2888],[81.229,19.3056],[81.2293,19.3081],[81.2315,19.3141],[81.2313,19.3207],[81.2338,19.3199],[81.237,19.3207],[81.2374,19.3226],[81.2412,19.3239],[81.2425,19.3219],[81.2451,19.3227],[81.248,19.3221],[81.2489,19.3242],[81.2562,19.3267],[81.2596,19.3232],[81.2626,19.3235],[81.264,19.3253],[81.2691,19.3247],[81.2714,19.3235],[81.2741,19.3293],[81.2768,19.3297],[81.2797,19.3319],[81.282,19.3316],[81.2857,19.335],[81.2912,19.3351],[81.2928,19.3361],[81.2822,19.3507],[81.2708,19.358],[81.2517,19.3623],[81.2369,19.3644],[81.228,19.365],[81.1976,19.3816],[81.188,19.3909],[81.1754,19.4105],[81.1729,19.4178],[81.1775,19.425],[81.1828,19.4371],[81.1936,19.4482],[81.1947,19.4531],[81.2059,19.4564],[81.2151,19.4505],[81.2125,19.4447],[81.2124,19.4335],[81.2251,19.431],[81.2289,19.4461],[81.2305,19.4586],[81.2324,19.4935],[81.2343,19.5091],[81.256,19.5117],[81.2648,19.5125],[81.2703,19.5139],[81.272,19.5395],[81.2694,19.5541],[81.2619,19.5747],[81.263,19.581],[81.2595,19.5967],[81.2355,19.613],[81.2254,19.6311],[81.2208,19.6381],[81.2144,19.6515],[81.2097,19.6561],[81.208,19.6584],[81.2078,19.6665],[81.2089,19.6678],[81.2055,19.6721],[81.1972,19.675],[81.1957,19.6805],[81.1366,19.6862],[81.0344,19.6926],[81.021,19.6908],[81.018,19.692],[81.0108,19.6986],[81.0029,19.6963],[80.9994,19.6994],[81.0014,19.7094],[81.0041,19.7127],[81.0169,19.7058],[81.0305,19.7038],[81.0853,19.7063],[81.0589,19.7468],[81.0586,19.7508],[81.0515,19.7557],[81.046,19.7573],[81.0414,19.7616],[81.0383,19.7624],[81.0318,19.7617],[81.0282,19.7626],[81.0252,19.7646],[81.0227,19.7694],[81.0181,19.7764],[81.0187,19.7795],[81.018,19.7838],[81.0167,19.7863],[81.0172,19.7903],[81.0153,19.797],[81.0141,19.8068],[81.01,19.8118],[81.0064,19.8149],[81.0025,19.8157],[80.9901,19.817],[80.9817,19.8148],[80.9765,19.8153],[80.9724,19.8128],[80.9699,19.8145],[80.9667,19.8146],[80.9603,19.8204],[80.9591,19.825],[80.9567,19.8272],[80.9521,19.8278],[80.9463,19.8348],[80.9453,19.8384],[80.9437,19.8583],[80.9416,19.8646],[80.939,19.8685],[80.9376,19.8739],[80.9332,19.8787],[80.9305,19.8803],[80.9232,19.8874],[80.9208,19.8907],[80.9192,19.8943],[80.9184,19.9036],[80.9134,19.9133],[80.9103,19.9181],[80.9065,19.9222],[80.9004,19.9262],[80.8968,19.9295],[80.8884,19.9385],[80.8758,19.9392],[80.8647,19.941],[80.8429,19.9473],[80.8365,19.9349],[80.8323,19.9289],[80.829,19.923],[80.8243,19.9166],[80.8173,19.9109],[80.8092,19.9073],[80.7916,19.8951],[80.7799,19.8923],[80.7675,19.8913],[80.7655,19.8909],[80.7623,19.8843],[80.7613,19.8798],[80.7592,19.8756],[80.7543,19.8725],[80.7516,19.8687],[80.7519,19.8611],[80.7509,19.8595],[80.7506,19.8552],[80.7474,19.8526],[80.7383,19.855],[80.7363,19.8564],[80.7336,19.8554],[80.7297,19.8521],[80.7227,19.8483],[80.7214,19.8461],[80.7234,19.8421],[80.7246,19.8368],[80.7231,19.8341],[80.719,19.8319],[80.719,19.8305],[80.7233,19.8282],[80.7263,19.8241],[80.7271,19.8204],[80.7336,19.8188],[80.7388,19.8185],[80.7407,19.8172],[80.7475,19.8162],[80.7505,19.8194],[80.7546,19.8219],[80.7598,19.8234],[80.7618,19.8251],[80.7594,19.8267],[80.7611,19.8299],[80.7616,19.8331],[80.7664,19.8366],[80.7699,19.8402],[80.7715,19.8431],[80.7753,19.8446],[80.777,19.8437],[80.7793,19.84],[80.7813,19.8341],[80.7841,19.8332],[80.7892,19.8293],[80.7921,19.829],[80.8028,19.83],[80.8093,19.8266],[80.8119,19.8201],[80.81,19.8173],[80.8118,19.813],[80.8116,19.8115],[80.8046,19.8098],[80.8007,19.8104],[80.7977,19.8094],[80.7967,19.8068],[80.7866,19.8002],[80.7857,19.7955],[80.7832,19.7916],[80.7799,19.79],[80.7749,19.7899],[80.7711,19.7916],[80.765,19.7923],[80.7593,19.7921],[80.7578,19.7955],[80.7619,19.8005],[80.7668,19.8094],[80.7659,19.8113],[80.7629,19.8104],[80.7576,19.8103],[80.7548,19.8078],[80.7484,19.8052],[80.7446,19.8077],[80.742,19.8045],[80.7404,19.8006],[80.7363,19.7965],[80.7333,19.7951],[80.7312,19.7927],[80.7261,19.7906],[80.7227,19.7912],[80.721,19.7895],[80.7185,19.7893],[80.7141,19.7863],[80.7109,19.7799],[80.7048,19.7758],[80.7056,19.7718],[80.7039,19.7684],[80.7043,19.7647],[80.7038,19.7603],[80.7067,19.7583],[80.7068,19.7516],[80.7124,19.7373],[80.7151,19.7235],[80.7153,19.7186],[80.7161,19.7178],[80.7161,19.7113],[80.7126,19.7113],[80.7119,19.7079],[80.7086,19.7068],[80.7026,19.7103],[80.698,19.7101],[80.6929,19.7041],[80.6907,19.7028],[80.6839,19.7059],[80.6817,19.7062],[80.675,19.7047],[80.6709,19.7022],[80.6729,19.699],[80.6743,19.6844],[80.673,19.6794],[80.6717,19.6776],[80.6704,19.6724],[80.6695,19.6647],[80.6673,19.6577],[80.6679,19.6496],[80.6661,19.6443],[80.6664,19.638],[80.6652,19.6313],[80.6626,19.6225],[80.6644,19.6183]]]},"properties":{"id":"in:subdistrict:3368","level":"subdistrict","name":"Orchha","code":3368,"parent":"in:district:637","state":"in:state:22"}},{"type":"Feature","geometry":{"type":"MultiPolygon","coordinates":[[[[81.4768,19.728],[81.4721,19.7273],[81.4714,19.7251],[81.4685,19.7241],[81.4646,19.7242],[81.4605,19.7156],[81.46,19.7113],[81.4583,19.7042],[81.4548,19.7011],[81.4638,19.697],[81.4673,19.696],[81.4725,19.6935],[81.4776,19.6902],[81.4826,19.6891],[81.4856,19.6895],[81.485,19.6941],[81.4879,19.698],[81.4869,19.7035],[81.4831,19.7074],[81.4828,19.7098],[81.48,19.7139],[81.4789,19.7191],[81.4795,19.7271],[81.4768,19.728]]],[[[81.3581,19.3233],[81.3561,19.3258],[81.359,19.3309],[81.3622,19.3307],[81.3635,19.3324],[81.3691,19.3331],[81.3699,19.3305],[81.3728,19.3309],[81.3752,19.3294],[81.3794,19.331],[81.3833,19.3295],[81.3841,19.3347],[81.3881,19.3365],[81.399,19.3356],[81.3964,19.3431],[81.3934,19.3489],[81.3934,19.352],[81.3907,19.3607],[81.3902,19.3642],[81.3822,19.3623],[81.3784,19.363],[81.3764,19.3644],[81.3744,19.3677],[81.3715,19.3702],[81.3673,19.3719],[81.3654,19.3745],[81.3683,19.3773],[81.37,19.3826],[81.3776,19.3872],[81.3776,19.391],[81.3756,19.3962],[81.3766,19.4029],[81.373,19.4057],[81.3725,19.4095],[81.3759,19.4103],[81.3782,19.4133],[81.381,19.4147],[81.3867,19.415],[81.3892,19.4139],[81.392,19.4089],[81.3905,19.4061],[81.3891,19.4008],[81.3898,19.3965],[81.3879,19.3932],[81.3875,19.3907],[81.3882,19.3831],[81.3893,19.3811],[81.3962,19.3758],[81.4007,19.3747],[81.4052,19.3668],[81.4163,19.3637],[81.4189,19.3656],[81.4281,19.366],[81.433,19.3735],[81.4385,19.3748],[81.4449,19.3743],[81.4485,19.3765],[81.4548,19.3767],[81.461,19.376],[81.4613,19.3731],[81.4635,19.3718],[81.4668,19.3754],[81.4692,19.3745],[81.4716,19.3772],[81.4709,19.3809],[81.4719,19.3869],[81.4715,19.3902],[81.4672,19.3944],[81.4707,19.4017],[81.4675,19.4089],[81.4651,19.4233],[81.4677,19.4305],[81.4654,19.4335],[81.4648,19.436],[81.4661,19.4442],[81.4679,19.4514],[81.476,19.4722],[81.456,19.4738],[81.4431,19.4745],[81.4388,19.4759],[81.4304,19.4795],[81.4255,19.4809],[81.4244,19.4825],[81.4215,19.4937],[81.4265,19.5008],[81.4334,19.5036],[81.4476,19.5122],[81.4492,19.5164],[81.4486,19.5195],[81.4496,19.525],[81.449,19.5287],[81.4429,19.528],[81.4397,19.5357],[81.4415,19.544],[81.4439,19.5523],[81.4469,19.5548],[81.4484,19.5588],[81.4552,19.5637],[81.4581,19.5672],[81.4611,19.569],[81.4566,19.5816],[81.4625,19.5939],[81.4625,19.5987],[81.4586,19.6054],[81.4642,19.616],[81.4641,19.619],[81.4606,19.625],[81.4551,19.6276],[81.4549,19.637],[81.4636,19.639],[81.4649,19.6404],[81.4736,19.6465],[81.4817,19.6459],[81.489,19.6442],[81.4916,19.6472],[81.4906,19.6484],[81.4983,19.6492],[81.5091,19.6515],[81.5167,19.6631],[81.5078,19.6621],[81.5046,19.661],[81.4983,19.6605],[81.4886,19.6621],[81.4811,19.6641],[81.4769,19.6642],[81.4746,19.667],[81.4747,19.6696],[81.4762,19.6717],[81.4684,19.6729],[81.4661,19.6716],[81.4595,19.6758],[81.4515,19.6762],[81.4474,19.6784],[81.4461,19.6804],[81.4469,19.6873],[81.4492,19.6936],[81.4493,19.6986],[81.4514,19.703],[81.446,19.7054],[81.4375,19.71],[81.4366,19.7144],[81.4302,19.7188],[81.4193,19.7226],[81.4167,19.722],[81.4069,19.7245],[81.3988,19.728],[81.3857,19.7241],[81.383,19.7243],[81.3745,19.729],[81.3733,19.7306],[81.3727,19.7351],[81.3708,19.7427],[81.3721,19.7447],[81.378,19.7508],[81.3821,19.7541],[81.3801,19.7627],[81.377,19.7675],[81.379,19.7716],[81.3734,19.7767],[81.3733,19.7791],[81.3676,19.7795],[81.3599,19.7782],[81.3584,19.7747],[81.3533,19.7745],[81.3213,19.7774],[81.3103,19.7785],[81.2939,19.7853],[81.2929,19.7873],[81.2884,19.7883],[81.2707,19.7672],[81.255,19.766],[81.2497,19.7666],[81.2484,19.7687],[81.2286,19.7844],[81.2257,19.787],[81.2234,19.7912],[81.2167,19.798],[81.2099,19.8009],[81.2038,19.8025],[81.1946,19.8074],[81.1863,19.8101],[81.1804,19.8107],[81.178,19.809],[81.1736,19.7979],[81.1707,19.7815],[81.1687,19.7818],[81.165,19.7747],[81.1589,19.7645],[81.1574,19.7583],[81.1583,19.7531],[81.1597,19.7496],[81.1814,19.7276],[81.1918,19.7295],[81.2051,19.7168],[81.1866,19.7034],[81.0853,19.7063],[81.0305,19.7038],[81.0169,19.7058],[81.0041,19.7127],[81.0014,19.7094],[80.9994,19.6994],[81.0029,19.6963],[81.0108,19.6986],[81.018,19.692],[81.021,19.6908],[81.0344,19.6926],[81.1366,19.6862],[81.1957,19.6805],[81.1972,19.675],[81.2055,19.6721],[81.2089,19.6678],[81.2078,19.6665],[81.208,19.6584],[81.2097,19.6561],[81.2144,19.6515],[81.2208,19.6381],[81.2254,19.6311],[81.2355,19.613],[81.2595,19.5967],[81.263,19.581],[81.2619,19.5747],[81.2694,19.5541],[81.272,19.5395],[81.2703,19.5139],[81.2648,19.5125],[81.256,19.5117],[81.2343,19.5091],[81.2324,19.4935],[81.2305,19.4586],[81.2289,19.4461],[81.2251,19.431],[81.2124,19.4335],[81.2125,19.4447],[81.2151,19.4505],[81.2059,19.4564],[81.1947,19.4531],[81.1936,19.4482],[81.1828,19.4371],[81.1775,19.425],[81.1729,19.4178],[81.1754,19.4105],[81.188,19.3909],[81.1976,19.3816],[81.228,19.365],[81.2369,19.3644],[81.2517,19.3623],[81.2708,19.358],[81.2822,19.3507],[81.2928,19.3361],[81.2978,19.3363],[81.3032,19.3342],[81.3059,19.3353],[81.3095,19.3349],[81.3152,19.3313],[81.3171,19.3307],[81.3191,19.333],[81.3215,19.3302],[81.3271,19.3285],[81.3305,19.3257],[81.3368,19.3261],[81.3435,19.319],[81.3485,19.3213],[81.3539,19.3209],[81.3581,19.3233]]]]},"properties":{"id":"in:subdistrict:3367","level":"subdistrict","name":"Narayanpur","code":3367,"parent":"in:district:637","state":"in:state:22"}},{"type":"Feature","geometry":{"type":"Polygon","coordinates":[[[81.0064,19.8149],[81.01,19.8118],[81.0141,19.8068],[81.0153,19.797],[81.0172,19.7903],[81.0167,19.7863],[81.018,19.7838],[81.0187,19.7795],[81.0181,19.7764],[81.0227,19.7694],[81.0252,19.7646],[81.0282,19.7626],[81.0318,19.7617],[81.0383,19.7624],[81.0414,19.7616],[81.046,19.7573],[81.0515,19.7557],[81.0586,19.7508],[81.0589,19.7468],[81.0853,19.7063],[81.1866,19.7034],[81.2051,19.7168],[81.1918,19.7295],[81.1814,19.7276],[81.1597,19.7496],[81.1583,19.7531],[81.1574,19.7583],[81.1589,19.7645],[81.165,19.7747],[81.1687,19.7818],[81.1707,19.7815],[81.1736,19.7979],[81.178,19.809],[81.1804,19.8107],[81.1863,19.8101],[81.1946,19.8074],[81.2038,19.8025],[81.2099,19.8009],[81.2167,19.798],[81.2234,19.7912],[81.2257,19.787],[81.2286,19.7844],[81.2484,19.7687],[81.2497,19.7666],[81.255,19.766],[81.2707,19.7672],[81.2884,19.7883],[81.2929,19.7873],[81.2939,19.7853],[81.3103,19.7785],[81.3213,19.7774],[81.3533,19.7745],[81.3584,19.7747],[81.3599,19.7782],[81.3676,19.7795],[81.3733,19.7791],[81.3752,19.7829],[81.378,19.7857],[81.376,19.7879],[81.3705,19.7958],[81.3715,19.8009],[81.3753,19.8063],[81.3758,19.8095],[81.3788,19.8151],[81.3886,19.8252],[81.3938,19.8322],[81.3957,19.8365],[81.3846,19.8439],[81.3791,19.8485],[81.3773,19.8536],[81.3803,19.8564],[81.38,19.8597],[81.3848,19.8622],[81.3882,19.8649],[81.3972,19.8677],[81.4024,19.8677],[81.4043,19.8721],[81.4042,19.8768],[81.4058,19.8807],[81.4013,19.8852],[81.3997,19.8888],[81.3943,19.8931],[81.3907,19.8938],[81.3851,19.8964],[81.3805,19.9011],[81.3763,19.9071],[81.3692,19.9106],[81.363,19.9135],[81.3489,19.9131],[81.3491,19.9219],[81.344,19.931],[81.3309,19.9362],[81.3265,19.9389],[81.331,19.9471],[81.3316,19.949],[81.3297,19.9563],[81.3295,19.9593],[81.3306,19.9649],[81.3202,19.9696],[81.3122,19.972],[81.3091,19.9751],[81.3019,19.976],[81.3031,19.9782],[81.3021,19.9804],[81.3022,19.9859],[81.3011,19.9885],[81.3021,19.9923],[81.302,20.0008],[81.2919,20.0101],[81.2945,20.0123],[81.2917,20.0214],[81.2967,20.0212],[81.3109,20.0221],[81.3116,20.0253],[81.3194,20.0292],[81.3224,20.0301],[81.3332,20.0368],[81.3421,20.0387],[81.348,20.0388],[81.3529,20.0374],[81.3557,20.0357],[81.3575,20.0404],[81.3591,20.0477],[81.3679,20.0467],[81.3747,20.0483],[81.3883,20.0485],[81.3875,20.0548],[81.3904,20.0596],[81.3925,20.0648],[81.3954,20.0699],[81.3977,20.0721],[81.4011,20.0725],[81.4037,20.0771],[81.4056,20.0836],[81.4042,20.0942],[81.402,20.0966],[81.4005,20.1013],[81.4031,20.1065],[81.4013,20.1167],[81.4041,20.1222],[81.4083,20.1282],[81.4119,20.1397],[81.419,20.149],[81.4194,20.1571],[81.4124,20.1592],[81.4038,20.1646],[81.391,20.1711],[81.3841,20.1734],[81.3809,20.1738],[81.3768,20.1733],[81.3685,20.1742],[81.364,20.1752],[81.3528,20.1754],[81.348,20.1765],[81.34,20.1771],[81.3273,20.1718],[81.3228,20.1661],[81.3228,20.163],[81.3212,20.1576],[81.3162,20.1564],[81.3021,20.1501],[81.2973,20.1506],[81.2962,20.1516],[81.294,20.1572],[81.2916,20.1593],[81.2895,20.1595],[81.2872,20.1568],[81.2874,20.1551],[81.2894,20.1523],[81.2883,20.1503],[81.2896,20.1482],[81.2848,20.1433],[81.283,20.1392],[81.2845,20.1339],[81.2823,20.13],[81.2793,20.1284],[81.268,20.1272],[81.253,20.1304],[81.2484,20.1323],[81.2398,20.1345],[81.2344,20.1317],[81.2313,20.1277],[81.2252,20.1274],[81.2168,20.1315],[81.2129,20.1326],[81.2012,20.141],[81.1996,20.1426],[81.1948,20.1507],[81.1933,20.1521],[81.1843,20.1573],[81.1716,20.1607],[81.1645,20.1663],[81.1569,20.1685],[81.1374,20.1624],[81.1233,20.1633],[81.1174,20.1625],[81.1063,20.1666],[81.0951,20.1728],[81.093,20.1713],[81.091,20.1681],[81.0873,20.164],[81.0847,20.157],[81.0766,20.1545],[81.0739,20.1514],[81.071,20.1504],[81.0657,20.1528],[81.0628,20.1558],[81.0569,20.1584],[81.0537,20.1617],[81.0535,20.166],[81.0552,20.1739],[81.0606,20.1769],[81.0597,20.1802],[81.0558,20.1844],[81.0512,20.1935],[81.0507,20.1982],[81.0436,20.2005],[81.0315,20.202],[81.012,20.1988],[81.0053,20.1939],[81.0043,20.1909],[81.0039,20.1871],[81.0013,20.1781],[81.0012,20.1701],[80.9945,20.1658],[80.9939,20.1635],[80.9866,20.1626],[80.9891,20.145],[80.991,20.1427],[80.9876,20.1394],[80.9852,20.1388],[80.9792,20.1331],[80.9792,20.1299],[80.9803,20.1251],[80.9778,20.1226],[80.9794,20.1181],[80.9782,20.1154],[80.9718,20.1115],[80.9692,20.1091],[80.9715,20.1032],[80.9739,20.1017],[80.9775,20.1012],[80.9846,20.098],[80.9922,20.0987],[80.9966,20.0971],[80.9983,20.0956],[80.996,20.0875],[80.9965,20.0806],[80.9918,20.0749],[80.9943,20.0729],[80.9943,20.0701],[80.9992,20.0686],[81.0005,20.0662],[80.9984,20.0607],[81.0059,20.0594],[81.01,20.0616],[81.0139,20.0616],[81.0191,20.0605],[81.0244,20.061],[81.0283,20.0624],[81.0382,20.053],[81.0377,20.0574],[81.0395,20.0605],[81.0455,20.0583],[81.0496,20.0559],[81.0517,20.058],[81.0509,20.0608],[81.0515,20.068],[81.0539,20.0667],[81.056,20.0685],[81.0601,20.0686],[81.0631,20.0669],[81.0621,20.065],[81.0646,20.0604],[81.0696,20.0578],[81.073,20.0617],[81.0733,20.0534],[81.0762,20.0511],[81.0754,20.048],[81.078,20.0395],[81.0806,20.04],[81.0826,20.03],[81.0875,20.0213],[81.087,20.0181],[81.0835,20.0091],[81.0821,20.0032],[81.0805,20.0018],[81.0777,20.0016],[81.0822,19.9833],[81.0823,19.9817],[81.0767,19.9813],[81.0674,19.9737],[81.0698,19.9661],[81.0609,19.9649],[81.0561,19.9649],[81.0487,19.967],[81.0466,19.9663],[81.0456,19.9631],[81.042,19.963],[81.0412,19.9615],[81.0379,19.9601],[81.0342,19.9572],[81.0343,19.9558],[81.0317,19.9527],[81.038,19.9515],[81.04,19.9502],[81.0422,19.9464],[81.0446,19.9441],[81.0433,19.9398],[81.0472,19.9389],[81.053,19.943],[81.0567,19.9436],[81.0596,19.9395],[81.0572,19.9369],[81.0566,19.9339],[81.0463,19.9342],[81.0377,19.9296],[81.0232,19.9209],[81.019,19.9178],[81.0175,19.9062],[81.0171,19.8958],[81.0155,19.8821],[81.0094,19.8395],[81.0062,19.8188],[81.0064,19.8149]]]},"properties":{"id":"in:subdistrict:3353","level":"subdistrict","name":"Antagarh","code":3353,"parent":"in:district:381","state":"in:state:22"}},{"type":"Feature","geometry":{"type":"Polygon","coordinates":[[[81.4104,20.5544],[81.4092,20.5536],[81.3944,20.5464],[81.393,20.5451],[81.3913,20.5404],[81.3866,20.5334],[81.3757,20.5371],[81.3668,20.5429],[81.365,20.5481],[81.359,20.5541],[81.3568,20.5554],[81.3531,20.555],[81.3495,20.5563],[81.3391,20.5537],[81.3358,20.5585],[81.3309,20.5609],[81.3245,20.5628],[81.3194,20.5585],[81.3107,20.5492],[81.3068,20.5426],[81.3051,20.5303],[81.3028,20.5294],[81.2947,20.5212],[81.2911,20.5164],[81.2878,20.5172],[81.2796,20.5165],[81.2747,20.5148],[81.2636,20.5084],[81.2593,20.5051],[81.2578,20.5027],[81.2532,20.499],[81.2577,20.497],[81.2582,20.4938],[81.2606,20.4889],[81.2589,20.486],[81.2607,20.4837],[81.2636,20.4834],[81.2635,20.4772],[81.2597,20.4733],[81.2595,20.4702],[81.2575,20.4662],[81.2507,20.4597],[81.2491,20.456],[81.252,20.4539],[81.2544,20.4476],[81.2438,20.4402],[81.2369,20.4451],[81.2347,20.4434],[81.2359,20.4382],[81.2358,20.4346],[81.2337,20.4303],[81.2271,20.4314],[81.2266,20.4247],[81.2224,20.419],[81.2199,20.4181],[81.2253,20.4054],[81.2307,20.4041],[81.2386,20.4066],[81.2417,20.4081],[81.2459,20.4079],[81.2491,20.4039],[81.2491,20.3979],[81.2446,20.392],[81.2477,20.3919],[81.2572,20.3928],[81.2632,20.3942],[81.2722,20.3889],[81.2745,20.3801],[81.2771,20.3761],[81.2775,20.3722],[81.2728,20.3698],[81.2695,20.3669],[81.2684,20.3646],[81.2723,20.3564],[81.2728,20.349],[81.2754,20.3482],[81.2788,20.3457],[81.2782,20.3446],[81.281,20.3448],[81.2824,20.3481],[81.2878,20.3493],[81.2884,20.354],[81.2895,20.3548],[81.2965,20.3562],[81.3009,20.3555],[81.3049,20.3535],[81.3081,20.3546],[81.3106,20.3528],[81.3126,20.3536],[81.3179,20.3533],[81.32,20.3519],[81.3225,20.3527],[81.322,20.3559],[81.3234,20.3576],[81.3264,20.3583],[81.3283,20.3609],[81.3325,20.361],[81.3351,20.3597],[81.338,20.3598],[81.3413,20.3623],[81.3435,20.3627],[81.3494,20.3605],[81.355,20.3527],[81.3604,20.3509],[81.3628,20.3522],[81.3665,20.3492],[81.3792,20.3478],[81.3844,20.3503],[81.3885,20.3508],[81.3934,20.3504],[81.3926,20.3408],[81.3944,20.332],[81.3945,20.3291],[81.3986,20.3276],[81.3997,20.3251],[81.4116,20.3369],[81.4117,20.3419],[81.4128,20.3528],[81.4152,20.3502],[81.417,20.3512],[81.4191,20.3547],[81.4213,20.3557],[81.4282,20.3558],[81.435,20.3587],[81.4406,20.3592],[81.4426,20.3637],[81.4469,20.3661],[81.4514,20.365],[81.454,20.3658],[81.4578,20.3654],[81.4643,20.368],[81.4704,20.3681],[81.4729,20.3723],[81.4742,20.3778],[81.4795,20.3804],[81.4828,20.3808],[81.4983,20.3815],[81.5008,20.3831],[81.521,20.3857],[81.5185,20.4002],[81.5182,20.4063],[81.5125,20.4042],[81.5143,20.4211],[81.502,20.4197],[81.4893,20.4197],[81.4896,20.4227],[81.4919,20.4369],[81.4983,20.4366],[81.5034,20.4374],[81.509,20.4375],[81.518,20.436],[81.5178,20.4425],[81.5108,20.4561],[81.5155,20.4617],[81.5184,20.4675],[81.5246,20.4675],[81.5361,20.46],[81.5372,20.4671],[81.5423,20.4772],[81.5465,20.477],[81.5477,20.4785],[81.5448,20.4824],[81.5468,20.4861],[81.5454,20.4948],[81.5588,20.4959],[81.5593,20.5004],[81.5558,20.5015],[81.554,20.4996],[81.5483,20.499],[81.5388,20.4996],[81.5372,20.5003],[81.5247,20.4927],[81.5166,20.4931],[81.5099,20.4963],[81.5049,20.5024],[81.5055,20.5041],[81.5045,20.5102],[81.5027,20.5118],[81.503,20.5146],[81.5015,20.5166],[81.5028,20.5199],[81.4955,20.5204],[81.4927,20.5161],[81.4881,20.512],[81.4864,20.513],[81.4807,20.5137],[81.4732,20.5131],[81.4699,20.5136],[81.4597,20.5134],[81.4547,20.5139],[81.4494,20.5159],[81.4469,20.5159],[81.4375,20.5183],[81.4243,20.5157],[81.4216,20.5181],[81.4156,20.5252],[81.4108,20.5258],[81.411,20.5358],[81.4121,20.5402],[81.4101,20.5443],[81.4104,20.5544]]]},"properties":{"id":"in:subdistrict:3348","level":"subdistrict","name":"Charama","code":3348,"parent":"in:district:381","state":"in:state:22"}},{"type":"Feature","geometry":{"type":"Polygon","coordinates":[[[81.2874,20.1551],[81.2826,20.1552],[81.2773,20.1563],[81.2705,20.1568],[81.2701,20.1648],[81.2725,20.171],[81.2745,20.1796],[81.2745,20.1847],[81.2774,20.1896],[81.2775,20.194],[81.2743,20.1942],[81.2683,20.197],[81.2671,20.2014],[81.2686,20.2083],[81.27,20.217],[81.2692,20.2206],[81.2612,20.2256],[81.2598,20.2303],[81.2645,20.2347],[81.2669,20.2398],[81.2716,20.247],[81.2764,20.2469],[81.2791,20.2525],[81.2819,20.2558],[81.2813,20.2636],[81.2831,20.2684],[81.2758,20.2705],[81.279,20.2849],[81.281,20.2912],[81.2878,20.2895],[81.2902,20.2897],[81.2923,20.2972],[81.2938,20.3101],[81.2936,20.3219],[81.2883,20.3222],[81.2834,20.3194],[81.2814,20.3201],[81.279,20.3189],[81.2753,20.3214],[81.2679,20.3228],[81.2676,20.3255],[81.2698,20.3316],[81.2749,20.3389],[81.2782,20.3446],[81.2788,20.3457],[81.2754,20.3482],[81.2728,20.349],[81.2723,20.3564],[81.2684,20.3646],[81.2695,20.3669],[81.2728,20.3698],[81.2775,20.3722],[81.2771,20.3761],[81.2745,20.3801],[81.2722,20.3889],[81.2632,20.3942],[81.2572,20.3928],[81.2477,20.3919],[81.2446,20.392],[81.2491,20.3979],[81.2491,20.4039],[81.2459,20.4079],[81.2417,20.4081],[81.2386,20.4066],[81.2307,20.4041],[81.2253,20.4054],[81.2199,20.4181],[81.2175,20.4172],[81.2095,20.4163],[81.2025,20.416],[81.1975,20.4119],[81.1946,20.4111],[81.1886,20.4116],[81.185,20.4105],[81.1766,20.4062],[81.1731,20.4061],[81.1691,20.3962],[81.1609,20.3889],[81.158,20.3843],[81.154,20.3825],[81.1492,20.377],[81.1356,20.3859],[81.1309,20.3899],[81.1267,20.3908],[81.1263,20.3924],[81.1175,20.3963],[81.1131,20.3988],[81.1086,20.3989],[81.1056,20.4018],[81.1045,20.4043],[81.0956,20.407],[81.0901,20.4128],[81.084,20.4149],[81.0771,20.4186],[81.0709,20.4197],[81.064,20.4193],[81.0618,20.4199],[81.0599,20.4113],[81.0596,20.408],[81.0648,20.404],[81.0632,20.3989],[81.0602,20.3939],[81.0544,20.3944],[81.0493,20.3965],[81.0483,20.3932],[81.0531,20.3878],[81.0503,20.3854],[81.0505,20.384],[81.0479,20.3778],[81.0436,20.3737],[81.0371,20.3595],[81.0347,20.3598],[81.03,20.3566],[81.0224,20.3586],[81.0171,20.359],[81.0127,20.3576],[81.0069,20.3594],[81.0034,20.3598],[80.999,20.3568],[80.9971,20.354],[80.9956,20.3486],[80.9893,20.3489],[80.9876,20.3479],[80.9863,20.3448],[80.9857,20.3405],[80.9866,20.3359],[80.9945,20.3332],[80.9984,20.328],[80.9903,20.317],[80.9963,20.3131],[80.9984,20.3095],[81.0052,20.3116],[81.0053,20.3054],[81.006,20.3028],[81.0071,20.2912],[81.0041,20.2895],[81.0005,20.2895],[80.9993,20.2858],[80.9902,20.2807],[80.9846,20.2765],[80.9853,20.2744],[80.9899,20.2732],[80.9895,20.2712],[80.9946,20.2692],[80.9964,20.267],[80.996,20.2634],[80.9964,20.2588],[80.9983,20.2519],[80.9978,20.2391],[80.9971,20.2366],[80.9991,20.2329],[80.9964,20.2307],[81.0003,20.2279],[80.9987,20.2145],[80.9994,20.2088],[80.9989,20.2075],[80.9996,20.2016],[81.0011,20.1945],[80.9988,20.192],[81.0043,20.1909],[81.0053,20.1939],[81.012,20.1988],[81.0315,20.202],[81.0436,20.2005],[81.0507,20.1982],[81.0512,20.1935],[81.0558,20.1844],[81.0597,20.1802],[81.0606,20.1769],[81.0552,20.1739],[81.0535,20.166],[81.0537,20.1617],[81.0569,20.1584],[81.0628,20.1558],[81.0657,20.1528],[81.071,20.1504],[81.0739,20.1514],[81.0766,20.1545],[81.0847,20.157],[81.0873,20.164],[81.091,20.1681],[81.093,20.1713],[81.0951,20.1728],[81.1063,20.1666],[81.1174,20.1625],[81.1233,20.1633],[81.1374,20.1624],[81.1569,20.1685],[81.1645,20.1663],[81.1716,20.1607],[81.1843,20.1573],[81.1933,20.1521],[81.1948,20.1507],[81.1996,20.1426],[81.2012,20.141],[81.2129,20.1326],[81.2168,20.1315],[81.2252,20.1274],[81.2313,20.1277],[81.2344,20.1317],[81.2398,20.1345],[81.2484,20.1323],[81.253,20.1304],[81.268,20.1272],[81.2793,20.1284],[81.2823,20.13],[81.2845,20.1339],[81.283,20.1392],[81.2848,20.1433],[81.2896,20.1482],[81.2883,20.1503],[81.2894,20.1523],[81.2874,20.1551]]]},"properties":{"id":"in:subdistrict:3349","level":"subdistrict","name":"Bhanupratappur","code":3349,"parent":"in:district:381","state":"in:state:22"}},{"type":"Feature","geometry":{"type":"Polygon","coordinates":[[[81.3107,20.5492],[81.2987,20.5515],[81.3023,20.5556],[81.3035,20.5599],[81.307,20.5685],[81.3057,20.5796],[81.3008,20.5813],[81.2997,20.5827],[81.3016,20.5896],[81.3007,20.5924],[81.2966,20.5947],[81.2899,20.5953],[81.2859,20.5951],[81.2736,20.5955],[81.2674,20.596],[81.2694,20.6044],[81.2624,20.6106],[81.2638,20.6117],[81.2612,20.6159],[81.2571,20.6182],[81.2545,20.6164],[81.2523,20.6179],[81.2518,20.6217],[81.2497,20.6242],[81.2539,20.6272],[81.2616,20.6307],[81.2639,20.6332],[81.2647,20.6354],[81.2637,20.639],[81.2596,20.639],[81.2597,20.6472],[81.2617,20.6473],[81.2618,20.6513],[81.2644,20.6516],[81.2672,20.6501],[81.2709,20.651],[81.2715,20.6533],[81.2669,20.6552],[81.2673,20.6653],[81.2646,20.6651],[81.2634,20.6623],[81.2598,20.6617],[81.2567,20.6663],[81.2541,20.6714],[81.2534,20.6755],[81.251,20.6738],[81.2478,20.6757],[81.2414,20.6759],[81.2406,20.6849],[81.2413,20.687],[81.2397,20.6893],[81.2406,20.6936],[81.2428,20.6945],[81.2429,20.7033],[81.2346,20.7053],[81.2323,20.698],[81.2294,20.6971],[81.2251,20.7018],[81.2085,20.7031],[81.2088,20.7094],[81.2107,20.716],[81.2056,20.7162],[81.2026,20.7148],[81.2002,20.7117],[81.1871,20.7101],[81.1838,20.7106],[81.1868,20.7176],[81.1893,20.721],[81.1916,20.7225],[81.1835,20.7247],[81.18,20.7253],[81.1764,20.7201],[81.1757,20.7238],[81.17,20.7236],[81.1669,20.7254],[81.171,20.7309],[81.169,20.732],[81.161,20.7307],[81.161,20.7334],[81.1578,20.7341],[81.1486,20.7402],[81.1412,20.7429],[81.1337,20.7392],[81.1285,20.7331],[81.1216,20.7316],[81.1164,20.7297],[81.118,20.7252],[81.1167,20.7221],[81.1173,20.7164],[81.1185,20.7133],[81.109,20.7126],[81.1073,20.7045],[81.1055,20.7028],[81.1089,20.6997],[81.1105,20.6954],[81.1086,20.6944],[81.1049,20.6955],[81.1001,20.6953],[81.0974,20.6972],[81.0951,20.7023],[81.0893,20.7016],[81.0851,20.6995],[81.0827,20.6971],[81.0828,20.6913],[81.0797,20.6895],[81.0765,20.6915],[81.0731,20.6893],[81.0742,20.6875],[81.074,20.6833],[81.0728,20.6774],[81.0668,20.6779],[81.0625,20.677],[81.0579,20.6737],[81.0526,20.6782],[81.049,20.6801],[81.0472,20.674],[81.046,20.6738],[81.0447,20.6694],[81.0428,20.6702],[81.0398,20.667],[81.0327,20.6673],[81.0311,20.6659],[81.0269,20.6664],[81.0248,20.6587],[81.0209,20.6554],[81.017,20.6538],[81.0149,20.6505],[81.0129,20.6374],[81.01,20.6274],[81.0084,20.6205],[81.0072,20.6097],[81.0058,20.6051],[81.0082,20.6038],[81.009,20.6003],[81.0066,20.5983],[81.0039,20.5919],[81.0036,20.5845],[81.0047,20.5805],[81.0066,20.5773],[81.0065,20.5738],[80.9984,20.568],[80.9945,20.5641],[80.9895,20.567],[80.9882,20.5617],[80.9852,20.5585],[80.9847,20.5515],[80.9897,20.5439],[80.9849,20.5437],[80.9734,20.5414],[80.9684,20.5424],[80.9658,20.5406],[80.9542,20.5408],[80.9547,20.5363],[80.9555,20.5281],[80.9578,20.5256],[80.9594,20.5176],[80.9608,20.5072],[80.9676,20.5105],[80.9694,20.5096],[80.9793,20.5074],[80.9798,20.5018],[80.9833,20.5007],[80.9839,20.4985],[80.9837,20.4916],[80.9846,20.4869],[80.9813,20.4825],[80.9831,20.4758],[80.9847,20.472],[80.989,20.4671],[80.9919,20.4593],[80.9998,20.4512],[81.0037,20.4506],[81.0137,20.4471],[81.0194,20.4436],[81.0235,20.4419],[81.03,20.4341],[81.0318,20.43],[81.0337,20.4274],[81.0414,20.4239],[81.0527,20.4204],[81.0618,20.4199],[81.064,20.4193],[81.0709,20.4197],[81.0771,20.4186],[81.084,20.4149],[81.0901,20.4128],[81.0956,20.407],[81.1045,20.4043],[81.1056,20.4018],[81.1086,20.3989],[81.1131,20.3988],[81.1175,20.3963],[81.1263,20.3924],[81.1267,20.3908],[81.1309,20.3899],[81.1356,20.3859],[81.1492,20.377],[81.154,20.3825],[81.158,20.3843],[81.1609,20.3889],[81.1691,20.3962],[81.1731,20.4061],[81.1766,20.4062],[81.185,20.4105],[81.1886,20.4116],[81.1946,20.4111],[81.1975,20.4119],[81.2025,20.416],[81.2095,20.4163],[81.2175,20.4172],[81.2199,20.4181],[81.2224,20.419],[81.2266,20.4247],[81.2271,20.4314],[81.2337,20.4303],[81.2358,20.4346],[81.2359,20.4382],[81.2347,20.4434],[81.2369,20.4451],[81.2438,20.4402],[81.2544,20.4476],[81.252,20.4539],[81.2491,20.456],[81.2507,20.4597],[81.2575,20.4662],[81.2595,20.4702],[81.2597,20.4733],[81.2635,20.4772],[81.2636,20.4834],[81.2607,20.4837],[81.2589,20.486],[81.2606,20.4889],[81.2582,20.4938],[81.2577,20.497],[81.2532,20.499],[81.2578,20.5027],[81.2593,20.5051],[81.2636,20.5084],[81.2747,20.5148],[81.2796,20.5165],[81.2878,20.5172],[81.2911,20.5164],[81.2947,20.5212],[81.3028,20.5294],[81.3051,20.5303],[81.3068,20.5426],[81.3107,20.5492]]]},"properties":{"id":"in:subdistrict:3322","level":"subdistrict","name":"Dondi","code":3322,"parent":"in:district:646","state":"in:state:22"}},{"type":"Feature","geometry":{"type":"Polygon","coordinates":[[[81.1412,20.7429],[81.1413,20.7508],[81.1465,20.7523],[81.152,20.7591],[81.1554,20.7597],[81.1576,20.763],[81.1619,20.7626],[81.1648,20.7633],[81.1692,20.7625],[81.1696,20.7723],[81.1676,20.7728],[81.1628,20.7758],[81.161,20.7834],[81.1638,20.7849],[81.1612,20.7872],[81.1549,20.788],[81.1542,20.7907],[81.1484,20.791],[81.1484,20.7967],[81.1525,20.7966],[81.1556,20.8022],[81.1582,20.8039],[81.158,20.8065],[81.1593,20.8096],[81.1584,20.812],[81.1646,20.8174],[81.1672,20.8181],[81.166,20.8246],[81.1669,20.8292],[81.1653,20.8317],[81.1702,20.8329],[81.1762,20.8315],[81.1812,20.829],[81.1856,20.8317],[81.1882,20.8342],[81.1874,20.8376],[81.1824,20.8416],[81.1827,20.8491],[81.1897,20.8491],[81.189,20.8528],[81.1861,20.8574],[81.1891,20.8638],[81.1883,20.8692],[81.1857,20.8729],[81.1856,20.8757],[81.181,20.8775],[81.181,20.8811],[81.1832,20.883],[81.1883,20.8848],[81.1948,20.8858],[81.2071,20.8863],[81.2088,20.8847],[81.2098,20.8899],[81.2054,20.8931],[81.2046,20.8992],[81.2026,20.9018],[81.1929,20.9032],[81.1902,20.9042],[81.1864,20.9099],[81.1885,20.9125],[81.1887,20.9146],[81.1914,20.9166],[81.1906,20.9189],[81.1873,20.9199],[81.1827,20.9264],[81.1846,20.9332],[81.1879,20.9407],[81.1855,20.9418],[81.1854,20.9447],[81.1824,20.946],[81.181,20.9496],[81.1816,20.9511],[81.1755,20.9523],[81.1738,20.9539],[81.1706,20.9647],[81.172,20.969],[81.1707,20.9737],[81.1666,20.9744],[81.158,20.9814],[81.1515,20.9799],[81.1435,20.9798],[81.1418,20.9681],[81.1373,20.9683],[81.1304,20.9698],[81.1234,20.9659],[81.1225,20.964],[81.1179,20.9646],[81.1151,20.9606],[81.1115,20.961],[81.1078,20.9582],[81.1084,20.9565],[81.1069,20.9514],[81.1054,20.9494],[81.1022,20.9514],[81.1001,20.9608],[81.099,20.9611],[81.0997,20.966],[81.0971,20.9676],[81.096,20.971],[81.0964,20.9743],[81.0918,20.9782],[81.0876,20.98],[81.0884,20.9824],[81.093,20.9848],[81.0951,20.9886],[81.097,20.9896],[81.099,20.9926],[81.1027,20.9934],[81.1038,20.9971],[81.1082,20.9986],[81.1074,21.003],[81.102,21.0051],[81.098,21.0045],[81.094,21.0017],[81.0901,20.9962],[81.0817,20.9985],[81.0749,20.9993],[81.073,20.9982],[81.0715,20.9946],[81.0684,20.9938],[81.0582,20.9942],[81.0545,20.995],[81.048,20.9945],[81.0412,20.9951],[81.0411,20.996],[81.033,20.9958],[81.0245,20.9927],[81.0203,20.9937],[81.0191,20.9968],[81.0135,20.9983],[81.0127,21],[81.0038,20.9999],[80.9984,21.0036],[80.9904,21.0029],[80.9877,21.0056],[80.9815,21.0069],[80.9723,21.0074],[80.9732,21.0039],[80.9658,21.0033],[80.9591,21.0039],[80.9535,21.0032],[80.9526,20.9982],[80.9538,20.9964],[80.9553,20.9898],[80.9566,20.9872],[80.9559,20.9831],[80.9481,20.9818],[80.9455,20.9797],[80.9406,20.9775],[80.9414,20.9748],[80.9453,20.9719],[80.9513,20.9705],[80.9493,20.9685],[80.9492,20.9659],[80.9466,20.964],[80.9447,20.9579],[80.9442,20.9527],[80.9421,20.9525],[80.9414,20.9487],[80.9426,20.9451],[80.944,20.945],[80.9484,20.9474],[80.95,20.947],[80.9535,20.9488],[80.9561,20.9513],[80.9598,20.9513],[80.963,20.9497],[80.9611,20.9453],[80.9606,20.9401],[80.963,20.9364],[80.9625,20.9313],[80.9629,20.9269],[80.9673,20.924],[80.9662,20.9206],[80.9647,20.9205],[80.9648,20.9123],[80.9656,20.9078],[80.9677,20.9065],[80.9705,20.9004],[80.9774,20.8999],[80.9816,20.8989],[80.982,20.8901],[80.9845,20.8878],[80.9867,20.888],[80.995,20.8841],[80.9947,20.8789],[80.9907,20.8776],[80.9881,20.8721],[80.9849,20.8667],[80.9823,20.8643],[80.9782,20.8617],[80.9691,20.8573],[80.9644,20.858],[80.9592,20.8557],[80.9563,20.8556],[80.954,20.8495],[80.9505,20.8458],[80.9529,20.8385],[80.9576,20.8371],[80.9619,20.8395],[80.9652,20.8363],[80.9657,20.8297],[80.9692,20.8246],[80.9734,20.8283],[80.9752,20.8289],[80.9804,20.8186],[80.9785,20.811],[80.974,20.8121],[80.9711,20.8105],[80.9691,20.8117],[80.9676,20.818],[80.9609,20.8242],[80.9567,20.8234],[80.9562,20.8196],[80.9602,20.8196],[80.9576,20.8152],[80.9494,20.813],[80.9471,20.8098],[80.9464,20.807],[80.9479,20.804],[80.9401,20.7986],[80.9392,20.7944],[80.9369,20.7886],[80.9365,20.7823],[80.9357,20.7799],[80.9313,20.7808],[80.9322,20.7769],[80.9262,20.7767],[80.9249,20.7796],[80.9216,20.7825],[80.9118,20.7831],[80.9094,20.7787],[80.9042,20.7852],[80.9006,20.7862],[80.9002,20.7923],[80.907,20.7923],[80.9053,20.802],[80.9005,20.8021],[80.9003,20.8081],[80.8981,20.808],[80.8951,20.8059],[80.8903,20.7993],[80.886,20.7985],[80.8861,20.8007],[80.8835,20.8037],[80.8721,20.7961],[80.8707,20.7874],[80.8691,20.7856],[80.8657,20.7847],[80.8619,20.7817],[80.8613,20.7801],[80.8468,20.7725],[80.84,20.7687],[80.8261,20.7651],[80.8233,20.7646],[80.8242,20.7618],[80.8221,20.7602],[80.8192,20.7612],[80.8178,20.7602],[80.8171,20.756],[80.8209,20.7508],[80.8193,20.7447],[80.8145,20.7386],[80.8149,20.7359],[80.8103,20.7337],[80.8112,20.7305],[80.8099,20.7276],[80.8032,20.7222],[80.8032,20.718],[80.8059,20.7146],[80.8101,20.7132],[80.8073,20.7101],[80.808,20.708],[80.8117,20.7083],[80.8132,20.7047],[80.8135,20.6978],[80.8149,20.6948],[80.8146,20.6909],[80.8166,20.6887],[80.8232,20.6853],[80.8271,20.6842],[80.8313,20.6843],[80.8346,20.6862],[80.847,20.6873],[80.8518,20.689],[80.8604,20.6884],[80.8578,20.6829],[80.8549,20.6792],[80.8539,20.6765],[80.8541,20.6731],[80.8568,20.6699],[80.8622,20.6655],[80.8644,20.6653],[80.8724,20.6671],[80.875,20.6656],[80.88,20.6592],[80.8813,20.6562],[80.8834,20.6554],[80.8894,20.6553],[80.8925,20.6576],[80.8954,20.663],[80.897,20.6597],[80.9042,20.6613],[80.9049,20.6627],[80.9096,20.6657],[80.911,20.6605],[80.9119,20.6531],[80.9118,20.6484],[80.9186,20.6483],[80.9195,20.6488],[80.9255,20.66],[80.9275,20.6675],[80.9301,20.6663],[80.9394,20.6642],[80.9445,20.6659],[80.9492,20.6686],[80.9532,20.6654],[80.9591,20.6652],[80.9618,20.6641],[80.9611,20.661],[80.957,20.6552],[80.9569,20.6503],[80.9555,20.6461],[80.9531,20.6436],[80.9532,20.6398],[80.9581,20.6344],[80.9588,20.6298],[80.968,20.6301],[80.9682,20.6273],[80.9711,20.623],[80.976,20.6218],[80.9757,20.619],[80.9775,20.6175],[80.9788,20.6131],[80.9839,20.6107],[80.9903,20.6114],[80.9907,20.6083],[80.9937,20.6052],[80.9992,20.6025],[81.0014,20.5993],[81.0066,20.5983],[81.009,20.6003],[81.0082,20.6038],[81.0058,20.6051],[81.0072,20.6097],[81.0084,20.6205],[81.01,20.6274],[81.0129,20.6374],[81.0149,20.6505],[81.017,20.6538],[81.0209,20.6554],[81.0248,20.6587],[81.0269,20.6664],[81.0311,20.6659],[81.0327,20.6673],[81.0398,20.667],[81.0428,20.6702],[81.0447,20.6694],[81.046,20.6738],[81.0472,20.674],[81.049,20.6801],[81.0526,20.6782],[81.0579,20.6737],[81.0625,20.677],[81.0668,20.6779],[81.0728,20.6774],[81.074,20.6833],[81.0742,20.6875],[81.0731,20.6893],[81.0765,20.6915],[81.0797,20.6895],[81.0828,20.6913],[81.0827,20.6971],[81.0851,20.6995],[81.0893,20.7016],[81.0951,20.7023],[81.0974,20.6972],[81.1001,20.6953],[81.1049,20.6955],[81.1086,20.6944],[81.1105,20.6954],[81.1089,20.6997],[81.1055,20.7028],[81.1073,20.7045],[81.109,20.7126],[81.1185,20.7133],[81.1173,20.7164],[81.1167,20.7221],[81.118,20.7252],[81.1164,20.7297],[81.1216,20.7316],[81.1285,20.7331],[81.1337,20.7392],[81.1412,20.7429]]]},"properties":{"id":"in:subdistrict:3320","level":"subdistrict","name":"Dondi Luhara","code":3320,"parent":"in:district:646","state":"in:state:22"}},{"type":"Feature","geometry":{"type":"Polygon","coordinates":[[[81.1856,20.8317],[81.1877,20.8189],[81.1916,20.8179],[81.1955,20.818],[81.2003,20.8191],[81.209,20.819],[81.2119,20.8175],[81.2174,20.8127],[81.2201,20.8063],[81.2251,20.8057],[81.2291,20.8061],[81.2319,20.8045],[81.2344,20.8065],[81.237,20.8107],[81.2375,20.8135],[81.2374,20.8197],[81.2404,20.8201],[81.2419,20.8188],[81.2499,20.8167],[81.2505,20.8177],[81.2583,20.8183],[81.2607,20.8157],[81.2607,20.8137],[81.2699,20.8144],[81.275,20.8144],[81.2783,20.8131],[81.2828,20.814],[81.2858,20.8162],[81.2892,20.8151],[81.2898,20.8123],[81.2945,20.8075],[81.2954,20.8052],[81.2996,20.804],[81.3006,20.7991],[81.3019,20.7969],[81.3008,20.7941],[81.3037,20.7929],[81.3077,20.7929],[81.3133,20.7919],[81.3141,20.7906],[81.3125,20.7876],[81.3121,20.7818],[81.3128,20.7773],[81.3207,20.7767],[81.3249,20.7751],[81.3287,20.7762],[81.3292,20.7777],[81.3336,20.7781],[81.3345,20.7849],[81.3386,20.7834],[81.3448,20.7837],[81.3488,20.7829],[81.3598,20.78],[81.3631,20.7829],[81.3681,20.7834],[81.3739,20.7827],[81.3769,20.781],[81.3827,20.7806],[81.3883,20.7789],[81.3905,20.7791],[81.3947,20.7886],[81.3922,20.7905],[81.3941,20.7959],[81.3935,20.799],[81.3977,20.8003],[81.4004,20.8027],[81.4008,20.8077],[81.4036,20.8108],[81.4042,20.8142],[81.4058,20.8171],[81.4049,20.8195],[81.4009,20.8199],[81.3942,20.8226],[81.3825,20.823],[81.3833,20.8285],[81.3859,20.8283],[81.3883,20.8307],[81.3951,20.8346],[81.3976,20.8391],[81.3985,20.8432],[81.3968,20.8438],[81.3954,20.8477],[81.3931,20.8493],[81.3896,20.8537],[81.3952,20.8548],[81.3954,20.8569],[81.3977,20.8587],[81.3905,20.8665],[81.388,20.8686],[81.3912,20.877],[81.3934,20.8794],[81.3959,20.8802],[81.3999,20.8855],[81.4038,20.8854],[81.4085,20.8881],[81.4115,20.8884],[81.413,20.89],[81.4132,20.8945],[81.4142,20.899],[81.4091,20.8996],[81.4084,20.9027],[81.4086,20.9086],[81.4081,20.9132],[81.4068,20.9132],[81.4066,20.9177],[81.4053,20.9189],[81.4051,20.9233],[81.4063,20.9268],[81.4052,20.9314],[81.4099,20.9341],[81.4099,20.9361],[81.4061,20.9356],[81.4048,20.9401],[81.4171,20.9487],[81.417,20.9504],[81.4216,20.9504],[81.4265,20.9612],[81.4255,20.9668],[81.4219,20.967],[81.4208,20.9693],[81.4179,20.9703],[81.4128,20.9708],[81.4102,20.9723],[81.4087,20.9772],[81.4071,20.9777],[81.4038,20.9824],[81.4077,20.9839],[81.4135,20.985],[81.4208,20.9875],[81.4217,20.9894],[81.4216,20.9934],[81.4202,21.0007],[81.4201,21.0064],[81.4121,21.0056],[81.4075,21.0088],[81.4033,21.0091],[81.4028,21.0115],[81.4002,21.0157],[81.3954,21.0153],[81.3942,21.0212],[81.3925,21.0212],[81.3923,21.025],[81.3892,21.0278],[81.3895,21.033],[81.3915,21.0387],[81.3892,21.0432],[81.3897,21.0473],[81.3889,21.0486],[81.3902,21.056],[81.3883,21.0571],[81.3741,21.0556],[81.3717,21.0544],[81.3704,21.05],[81.3697,21.0438],[81.3713,21.0422],[81.3687,21.0392],[81.3656,21.038],[81.3611,21.0393],[81.357,21.0365],[81.3529,21.0373],[81.3515,21.0402],[81.3482,21.0415],[81.3429,21.0384],[81.3399,21.0375],[81.329,21.0366],[81.3202,21.0377],[81.3139,21.04],[81.3078,21.0411],[81.3044,21.0405],[81.302,21.0443],[81.3019,21.0544],[81.3012,21.0622],[81.297,21.0601],[81.2939,21.057],[81.2902,21.0559],[81.2887,21.0532],[81.2856,21.052],[81.2838,21.0489],[81.2735,21.0497],[81.272,21.0489],[81.2734,21.0459],[81.2727,21.0395],[81.2699,21.0374],[81.2661,21.0411],[81.2599,21.0423],[81.2484,21.0414],[81.2455,21.0428],[81.2404,21.0421],[81.2395,21.0454],[81.2343,21.047],[81.2243,21.0469],[81.2238,21.0434],[81.2194,21.0285],[81.2174,21.0287],[81.2087,21.0282],[81.2067,21.0367],[81.2004,21.0369],[81.1934,21.0385],[81.1923,21.0405],[81.1929,21.0444],[81.1952,21.0507],[81.1963,21.0576],[81.1925,21.0588],[81.1923,21.0694],[81.1914,21.0716],[81.1796,21.0711],[81.1786,21.0695],[81.1655,21.0692],[81.158,21.0701],[81.1592,21.077],[81.1548,21.0766],[81.1532,21.0755],[81.1504,21.0777],[81.1472,21.0735],[81.1442,21.0709],[81.1442,21.0682],[81.1479,21.0634],[81.1481,21.0608],[81.1513,21.0587],[81.1512,21.0569],[81.1476,21.0539],[81.146,21.0504],[81.1418,21.0492],[81.1395,21.047],[81.141,21.0415],[81.1399,21.039],[81.1369,21.0365],[81.1337,21.0317],[81.1368,21.0312],[81.1378,21.0293],[81.1351,21.026],[81.1324,21.0199],[81.1278,21.016],[81.1257,21.0132],[81.1238,21.0124],[81.1207,21.0046],[81.1188,21.0069],[81.1154,21.0037],[81.1134,21.0063],[81.1111,21.0033],[81.1074,21.003],[81.1082,20.9986],[81.1038,20.9971],[81.1027,20.9934],[81.099,20.9926],[81.097,20.9896],[81.0951,20.9886],[81.093,20.9848],[81.0884,20.9824],[81.0876,20.98],[81.0918,20.9782],[81.0964,20.9743],[81.096,20.971],[81.0971,20.9676],[81.0997,20.966],[81.099,20.9611],[81.1001,20.9608],[81.1022,20.9514],[81.1054,20.9494],[81.1069,20.9514],[81.1084,20.9565],[81.1078,20.9582],[81.1115,20.961],[81.1151,20.9606],[81.1179,20.9646],[81.1225,20.964],[81.1234,20.9659],[81.1304,20.9698],[81.1373,20.9683],[81.1418,20.9681],[81.1435,20.9798],[81.1515,20.9799],[81.158,20.9814],[81.1666,20.9744],[81.1707,20.9737],[81.172,20.969],[81.1706,20.9647],[81.1738,20.9539],[81.1755,20.9523],[81.1816,20.9511],[81.181,20.9496],[81.1824,20.946],[81.1854,20.9447],[81.1855,20.9418],[81.1879,20.9407],[81.1846,20.9332],[81.1827,20.9264],[81.1873,20.9199],[81.1906,20.9189],[81.1914,20.9166],[81.1887,20.9146],[81.1885,20.9125],[81.1864,20.9099],[81.1902,20.9042],[81.1929,20.9032],[81.2026,20.9018],[81.2046,20.8992],[81.2054,20.8931],[81.2098,20.8899],[81.2088,20.8847],[81.2071,20.8863],[81.1948,20.8858],[81.1883,20.8848],[81.1832,20.883],[81.181,20.8811],[81.181,20.8775],[81.1856,20.8757],[81.1857,20.8729],[81.1883,20.8692],[81.1891,20.8638],[81.1861,20.8574],[81.189,20.8528],[81.1897,20.8491],[81.1827,20.8491],[81.1824,20.8416],[81.1874,20.8376],[81.1882,20.8342],[81.1856,20.8317]]]},"properties":{"id":"in:subdistrict:3319","level":"subdistrict","name":"Gunderdehi","code":3319,"parent":"in:district:646","state":"in:state:22"}},{"type":"Feature","geometry":{"type":"Polygon","coordinates":[[[81.4104,20.5544],[81.4171,20.5542],[81.4237,20.5526],[81.426,20.5599],[81.4282,20.5624],[81.4316,20.5636],[81.4454,20.5675],[81.4486,20.568],[81.4551,20.5669],[81.4549,20.571],[81.453,20.5756],[81.4473,20.5853],[81.4519,20.5873],[81.4569,20.5881],[81.4643,20.5845],[81.4705,20.5883],[81.4694,20.5907],[81.475,20.591],[81.4808,20.5889],[81.4819,20.587],[81.4847,20.586],[81.4888,20.5822],[81.4935,20.5869],[81.4992,20.5888],[81.5063,20.588],[81.5113,20.5894],[81.5157,20.5894],[81.5119,20.596],[81.5104,20.5927],[81.5084,20.5922],[81.4983,20.5935],[81.4928,20.5971],[81.4922,20.5915],[81.4905,20.5913],[81.4813,20.5935],[81.4746,20.5938],[81.4714,20.595],[81.473,20.5994],[81.4864,20.6028],[81.4937,20.6026],[81.4958,20.6045],[81.4981,20.6047],[81.5019,20.608],[81.5079,20.6101],[81.5129,20.6135],[81.5138,20.6234],[81.5108,20.6237],[81.5091,20.6206],[81.5,20.6178],[81.4996,20.6122],[81.4973,20.6107],[81.4914,20.6171],[81.4919,20.6187],[81.4894,20.6223],[81.4916,20.6246],[81.4886,20.627],[81.4891,20.6299],[81.4911,20.6332],[81.4933,20.6333],[81.5005,20.6365],[81.501,20.6439],[81.4996,20.6457],[81.4969,20.6519],[81.4924,20.6549],[81.4945,20.6621],[81.5028,20.6624],[81.5056,20.6639],[81.5104,20.6632],[81.5112,20.6727],[81.5132,20.6742],[81.5127,20.6807],[81.5112,20.6857],[81.5082,20.6886],[81.509,20.6931],[81.5122,20.6958],[81.512,20.699],[81.5145,20.7006],[81.5142,20.7054],[81.5161,20.7136],[81.5076,20.717],[81.5033,20.7177],[81.5021,20.7189],[81.4992,20.7183],[81.4973,20.7152],[81.4947,20.7136],[81.4892,20.7153],[81.4869,20.721],[81.4846,20.7212],[81.484,20.7256],[81.4793,20.7261],[81.4794,20.7286],[81.4826,20.7375],[81.4829,20.7397],[81.4877,20.7455],[81.4845,20.7492],[81.486,20.7518],[81.4847,20.7531],[81.4879,20.7587],[81.4855,20.7633],[81.4835,20.7644],[81.4816,20.7681],[81.4795,20.7681],[81.4795,20.7723],[81.4786,20.7761],[81.4808,20.7776],[81.4891,20.7797],[81.4909,20.7818],[81.4942,20.7821],[81.4942,20.7892],[81.4972,20.7914],[81.5005,20.7917],[81.5046,20.7973],[81.5108,20.7981],[81.5148,20.8116],[81.5141,20.8148],[81.5161,20.8201],[81.517,20.8278],[81.5154,20.8295],[81.509,20.8303],[81.4994,20.8302],[81.4973,20.8332],[81.4933,20.8334],[81.493,20.8387],[81.4948,20.8422],[81.4978,20.8419],[81.4983,20.847],[81.4951,20.8492],[81.4917,20.8494],[81.4891,20.852],[81.4853,20.8517],[81.4801,20.8541],[81.4783,20.8561],[81.4753,20.8563],[81.4737,20.8602],[81.474,20.8683],[81.4721,20.8707],[81.467,20.8696],[81.4607,20.8693],[81.4596,20.8681],[81.4612,20.8647],[81.4649,20.8633],[81.4641,20.8584],[81.4664,20.8547],[81.4641,20.8536],[81.4578,20.8549],[81.454,20.8502],[81.4514,20.8491],[81.4469,20.8536],[81.4421,20.8516],[81.4351,20.8513],[81.4302,20.854],[81.4291,20.8558],[81.4252,20.8518],[81.4233,20.8527],[81.4205,20.8499],[81.4156,20.8498],[81.4159,20.8525],[81.407,20.8546],[81.4066,20.8575],[81.4042,20.8591],[81.3977,20.8587],[81.3954,20.8569],[81.3952,20.8548],[81.3896,20.8537],[81.3931,20.8493],[81.3954,20.8477],[81.3968,20.8438],[81.3985,20.8432],[81.3976,20.8391],[81.3951,20.8346],[81.3883,20.8307],[81.3859,20.8283],[81.3833,20.8285],[81.3825,20.823],[81.3942,20.8226],[81.4009,20.8199],[81.4049,20.8195],[81.4058,20.8171],[81.4042,20.8142],[81.4036,20.8108],[81.4008,20.8077],[81.4004,20.8027],[81.3977,20.8003],[81.3935,20.799],[81.3941,20.7959],[81.3922,20.7905],[81.3947,20.7886],[81.3905,20.7791],[81.3885,20.7765],[81.3877,20.7738],[81.3842,20.7731],[81.3783,20.7703],[81.3777,20.768],[81.3729,20.769],[81.3685,20.7674],[81.3676,20.7645],[81.363,20.7652],[81.359,20.7652],[81.3592,20.7631],[81.3549,20.7593],[81.353,20.7596],[81.351,20.7574],[81.3467,20.7559],[81.3465,20.752],[81.3449,20.7478],[81.341,20.7464],[81.3385,20.7438],[81.3345,20.7376],[81.3342,20.7351],[81.3284,20.7293],[81.3226,20.7283],[81.3216,20.7252],[81.3226,20.719],[81.3225,20.7095],[81.3213,20.7044],[81.3215,20.7003],[81.3267,20.701],[81.329,20.6972],[81.3335,20.6974],[81.3363,20.695],[81.3401,20.6866],[81.338,20.6835],[81.3341,20.6754],[81.3207,20.6758],[81.3201,20.6821],[81.3166,20.6812],[81.3172,20.6751],[81.3192,20.6714],[81.3262,20.6667],[81.3338,20.6668],[81.3366,20.6663],[81.3319,20.661],[81.3286,20.6595],[81.3275,20.6536],[81.3207,20.6469],[81.3184,20.6439],[81.3127,20.6391],[81.3073,20.6392],[81.3061,20.6321],[81.3009,20.6315],[81.2959,20.6373],[81.2939,20.638],[81.2841,20.6386],[81.2785,20.6432],[81.2761,20.6398],[81.2731,20.6377],[81.2706,20.6319],[81.2668,20.6339],[81.2639,20.6332],[81.2616,20.6307],[81.2539,20.6272],[81.2497,20.6242],[81.2518,20.6217],[81.2523,20.6179],[81.2545,20.6164],[81.2571,20.6182],[81.2612,20.6159],[81.2638,20.6117],[81.2624,20.6106],[81.2694,20.6044],[81.2674,20.596],[81.2736,20.5955],[81.2859,20.5951],[81.2899,20.5953],[81.2966,20.5947],[81.3007,20.5924],[81.3016,20.5896],[81.2997,20.5827],[81.3008,20.5813],[81.3057,20.5796],[81.307,20.5685],[81.3035,20.5599],[81.3023,20.5556],[81.2987,20.5515],[81.3107,20.5492],[81.3194,20.5585],[81.3245,20.5628],[81.3309,20.5609],[81.3358,20.5585],[81.3391,20.5537],[81.3495,20.5563],[81.3531,20.555],[81.3568,20.5554],[81.359,20.5541],[81.365,20.5481],[81.3668,20.5429],[81.3757,20.5371],[81.3866,20.5334],[81.3913,20.5404],[81.393,20.5451],[81.3944,20.5464],[81.4092,20.5536],[81.4104,20.5544]],[[81.4533,20.6193],[81.457,20.6241],[81.4591,20.6257],[81.4625,20.6208],[81.4621,20.6162],[81.4601,20.6121],[81.456,20.6103],[81.4556,20.6085],[81.4511,20.6073],[81.4493,20.6043],[81.4485,20.5947],[81.4492,20.5896],[81.4462,20.5891],[81.4456,20.5915],[81.443,20.5948],[81.4439,20.602],[81.4465,20.6039],[81.4479,20.6121],[81.4513,20.6114],[81.4524,20.6138],[81.4498,20.6154],[81.4544,20.6176],[81.4533,20.6193]]]},"properties":{"id":"in:subdistrict:3323","level":"subdistrict","name":"Gurur","code":3323,"parent":"in:district:646","state":"in:state:22"}},{"type":"Feature","geometry":{"type":"Polygon","coordinates":[[[81.2639,20.6332],[81.2668,20.6339],[81.2706,20.6319],[81.2731,20.6377],[81.2761,20.6398],[81.2785,20.6432],[81.2841,20.6386],[81.2939,20.638],[81.2959,20.6373],[81.3009,20.6315],[81.3061,20.6321],[81.3073,20.6392],[81.3127,20.6391],[81.3184,20.6439],[81.3207,20.6469],[81.3275,20.6536],[81.3286,20.6595],[81.3319,20.661],[81.3366,20.6663],[81.3338,20.6668],[81.3262,20.6667],[81.3192,20.6714],[81.3172,20.6751],[81.3166,20.6812],[81.3201,20.6821],[81.3207,20.6758],[81.3341,20.6754],[81.338,20.6835],[81.3401,20.6866],[81.3363,20.695],[81.3335,20.6974],[81.329,20.6972],[81.3267,20.701],[81.3215,20.7003],[81.3213,20.7044],[81.3225,20.7095],[81.3226,20.719],[81.3216,20.7252],[81.3226,20.7283],[81.3284,20.7293],[81.3342,20.7351],[81.3345,20.7376],[81.3385,20.7438],[81.341,20.7464],[81.3449,20.7478],[81.3465,20.752],[81.3467,20.7559],[81.351,20.7574],[81.353,20.7596],[81.3549,20.7593],[81.3592,20.7631],[81.359,20.7652],[81.363,20.7652],[81.3676,20.7645],[81.3685,20.7674],[81.3729,20.769],[81.3777,20.768],[81.3783,20.7703],[81.3842,20.7731],[81.3877,20.7738],[81.3885,20.7765],[81.3905,20.7791],[81.3883,20.7789],[81.3827,20.7806],[81.3769,20.781],[81.3739,20.7827],[81.3681,20.7834],[81.3631,20.7829],[81.3598,20.78],[81.3488,20.7829],[81.3448,20.7837],[81.3386,20.7834],[81.3345,20.7849],[81.3336,20.7781],[81.3292,20.7777],[81.3287,20.7762],[81.3249,20.7751],[81.3207,20.7767],[81.3128,20.7773],[81.3121,20.7818],[81.3125,20.7876],[81.3141,20.7906],[81.3133,20.7919],[81.3077,20.7929],[81.3037,20.7929],[81.3008,20.7941],[81.3019,20.7969],[81.3006,20.7991],[81.2996,20.804],[81.2954,20.8052],[81.2945,20.8075],[81.2898,20.8123],[81.2892,20.8151],[81.2858,20.8162],[81.2828,20.814],[81.2783,20.8131],[81.275,20.8144],[81.2699,20.8144],[81.2607,20.8137],[81.2607,20.8157],[81.2583,20.8183],[81.2505,20.8177],[81.2499,20.8167],[81.2419,20.8188],[81.2404,20.8201],[81.2374,20.8197],[81.2375,20.8135],[81.237,20.8107],[81.2344,20.8065],[81.2319,20.8045],[81.2291,20.8061],[81.2251,20.8057],[81.2201,20.8063],[81.2174,20.8127],[81.2119,20.8175],[81.209,20.819],[81.2003,20.8191],[81.1955,20.818],[81.1916,20.8179],[81.1877,20.8189],[81.1856,20.8317],[81.1812,20.829],[81.1762,20.8315],[81.1702,20.8329],[81.1653,20.8317],[81.1669,20.8292],[81.166,20.8246],[81.1672,20.8181],[81.1646,20.8174],[81.1584,20.812],[81.1593,20.8096],[81.158,20.8065],[81.1582,20.8039],[81.1556,20.8022],[81.1525,20.7966],[81.1484,20.7967],[81.1484,20.791],[81.1542,20.7907],[81.1549,20.788],[81.1612,20.7872],[81.1638,20.7849],[81.161,20.7834],[81.1628,20.7758],[81.1676,20.7728],[81.1696,20.7723],[81.1692,20.7625],[81.1648,20.7633],[81.1619,20.7626],[81.1576,20.763],[81.1554,20.7597],[81.152,20.7591],[81.1465,20.7523],[81.1413,20.7508],[81.1412,20.7429],[81.1486,20.7402],[81.1578,20.7341],[81.161,20.7334],[81.161,20.7307],[81.169,20.732],[81.171,20.7309],[81.1669,20.7254],[81.17,20.7236],[81.1757,20.7238],[81.1764,20.7201],[81.18,20.7253],[81.1835,20.7247],[81.1916,20.7225],[81.1893,20.721],[81.1868,20.7176],[81.1838,20.7106],[81.1871,20.7101],[81.2002,20.7117],[81.2026,20.7148],[81.2056,20.7162],[81.2107,20.716],[81.2088,20.7094],[81.2085,20.7031],[81.2251,20.7018],[81.2294,20.6971],[81.2323,20.698],[81.2346,20.7053],[81.2429,20.7033],[81.2428,20.6945],[81.2406,20.6936],[81.2397,20.6893],[81.2413,20.687],[81.2406,20.6849],[81.2414,20.6759],[81.2478,20.6757],[81.251,20.6738],[81.2534,20.6755],[81.2541,20.6714],[81.2567,20.6663],[81.2598,20.6617],[81.2634,20.6623],[81.2646,20.6651],[81.2673,20.6653],[81.2669,20.6552],[81.2715,20.6533],[81.2709,20.651],[81.2672,20.6501],[81.2644,20.6516],[81.2618,20.6513],[81.2617,20.6473],[81.2597,20.6472],[81.2596,20.639],[81.2637,20.639],[81.2647,20.6354],[81.2639,20.6332]]]},"properties":{"id":"in:subdistrict:3321","level":"subdistrict","name":"Balod","code":3321,"parent":"in:district:646","state":"in:state:22"}},{"type":"Feature","geometry":{"type":"MultiPolygon","coordinates":[[[[81.4533,20.6193],[81.4544,20.6176],[81.4498,20.6154],[81.4524,20.6138],[81.4513,20.6114],[81.4479,20.6121],[81.4465,20.6039],[81.4439,20.602],[81.443,20.5948],[81.4456,20.5915],[81.4462,20.5891],[81.4492,20.5896],[81.4485,20.5947],[81.4493,20.6043],[81.4511,20.6073],[81.4556,20.6085],[81.456,20.6103],[81.4601,20.6121],[81.4621,20.6162],[81.4625,20.6208],[81.4591,20.6257],[81.457,20.6241],[81.4533,20.6193]]],[[[81.5372,20.5003],[81.5384,20.5007],[81.5381,20.508],[81.5399,20.5099],[81.5411,20.5152],[81.549,20.5151],[81.5542,20.5141],[81.5585,20.5141],[81.5604,20.5171],[81.572,20.5189],[81.5791,20.5172],[81.5864,20.519],[81.5942,20.5169],[81.5978,20.5187],[81.6005,20.5183],[81.6029,20.5149],[81.6074,20.5123],[81.6123,20.5144],[81.6165,20.5171],[81.6192,20.5142],[81.6348,20.5088],[81.6411,20.504],[81.6416,20.5123],[81.6414,20.5167],[81.6428,20.5233],[81.6418,20.5331],[81.6485,20.5461],[81.6458,20.5499],[81.6396,20.5529],[81.6311,20.555],[81.6277,20.5569],[81.6242,20.5619],[81.6225,20.5688],[81.6205,20.5722],[81.6148,20.5779],[81.6112,20.5834],[81.6057,20.589],[81.6013,20.5903],[81.6152,20.6024],[81.6158,20.6072],[81.6176,20.6091],[81.6172,20.6137],[81.6136,20.6102],[81.6097,20.6141],[81.6058,20.6189],[81.6018,20.6223],[81.5978,20.6267],[81.5963,20.6295],[81.5955,20.6342],[81.5969,20.637],[81.6011,20.6393],[81.6097,20.6403],[81.609,20.6421],[81.614,20.6449],[81.6188,20.6464],[81.6239,20.6569],[81.6262,20.6569],[81.6304,20.6606],[81.6327,20.6613],[81.6365,20.6582],[81.6417,20.657],[81.6486,20.6604],[81.6505,20.6587],[81.6539,20.6527],[81.6588,20.6541],[81.6645,20.6572],[81.6748,20.6574],[81.6772,20.6555],[81.6832,20.659],[81.6821,20.6643],[81.6752,20.6649],[81.6722,20.6668],[81.6715,20.6719],[81.6683,20.6717],[81.6671,20.6761],[81.6683,20.6799],[81.6725,20.6797],[81.6756,20.6825],[81.677,20.6959],[81.6793,20.7013],[81.6781,20.7047],[81.6754,20.7088],[81.6811,20.7102],[81.6884,20.7097],[81.7029,20.7103],[81.7087,20.7125],[81.7109,20.7145],[81.7154,20.7203],[81.7184,20.7273],[81.7245,20.7341],[81.7268,20.7349],[81.7431,20.7352],[81.7504,20.7369],[81.7583,20.7409],[81.7561,20.7454],[81.7527,20.7472],[81.7497,20.7521],[81.7458,20.7539],[81.7449,20.7573],[81.7456,20.762],[81.7334,20.7618],[81.7272,20.7628],[81.7278,20.7711],[81.7273,20.7744],[81.7248,20.7747],[81.7237,20.7722],[81.7154,20.7723],[81.7128,20.7681],[81.7123,20.7652],[81.708,20.7668],[81.7079,20.7702],[81.7034,20.7747],[81.6996,20.7759],[81.699,20.7742],[81.6958,20.7737],[81.6956,20.77],[81.6921,20.7701],[81.6894,20.7716],[81.6891,20.7771],[81.6857,20.7839],[81.6821,20.7863],[81.6812,20.7902],[81.6776,20.7928],[81.678,20.7994],[81.6735,20.7998],[81.6698,20.8049],[81.6687,20.8075],[81.6689,20.8137],[81.6674,20.8154],[81.6637,20.8301],[81.6581,20.8313],[81.6477,20.8318],[81.6416,20.8301],[81.6397,20.8357],[81.638,20.8376],[81.6343,20.8334],[81.6313,20.834],[81.6301,20.8315],[81.6251,20.8252],[81.6213,20.8249],[81.6211,20.8276],[81.6154,20.8273],[81.6158,20.8319],[81.6144,20.832],[81.6151,20.837],[81.6134,20.8385],[81.6107,20.8372],[81.6012,20.8366],[81.602,20.8434],[81.5995,20.8458],[81.5945,20.8466],[81.5877,20.8493],[81.5879,20.8504],[81.5814,20.8499],[81.5812,20.8458],[81.5787,20.8392],[81.5753,20.8345],[81.5754,20.8311],[81.5648,20.8325],[81.5586,20.8313],[81.5546,20.8294],[81.5545,20.8317],[81.5511,20.8313],[81.5467,20.8322],[81.5453,20.8344],[81.5476,20.8393],[81.5461,20.8435],[81.545,20.8489],[81.538,20.849],[81.5278,20.8483],[81.5239,20.8474],[81.5237,20.854],[81.5205,20.8553],[81.5211,20.8573],[81.5162,20.8582],[81.5145,20.8547],[81.51,20.8558],[81.507,20.8518],[81.5059,20.848],[81.5015,20.8489],[81.5009,20.847],[81.4983,20.847],[81.4978,20.8419],[81.4948,20.8422],[81.493,20.8387],[81.4933,20.8334],[81.4973,20.8332],[81.4994,20.8302],[81.509,20.8303],[81.5154,20.8295],[81.517,20.8278],[81.5161,20.8201],[81.5141,20.8148],[81.5148,20.8116],[81.5108,20.7981],[81.5046,20.7973],[81.5005,20.7917],[81.4972,20.7914],[81.4942,20.7892],[81.4942,20.7821],[81.4909,20.7818],[81.4891,20.7797],[81.4808,20.7776],[81.4786,20.7761],[81.4795,20.7723],[81.4795,20.7681],[81.4816,20.7681],[81.4835,20.7644],[81.4855,20.7633],[81.4879,20.7587],[81.4847,20.7531],[81.486,20.7518],[81.4845,20.7492],[81.4877,20.7455],[81.4829,20.7397],[81.4826,20.7375],[81.4794,20.7286],[81.4793,20.7261],[81.484,20.7256],[81.4846,20.7212],[81.4869,20.721],[81.4892,20.7153],[81.4947,20.7136],[81.4973,20.7152],[81.4992,20.7183],[81.5021,20.7189],[81.5033,20.7177],[81.5076,20.717],[81.5161,20.7136],[81.5142,20.7054],[81.5145,20.7006],[81.512,20.699],[81.5122,20.6958],[81.509,20.6931],[81.5082,20.6886],[81.5112,20.6857],[81.5127,20.6807],[81.5132,20.6742],[81.5112,20.6727],[81.5104,20.6632],[81.5056,20.6639],[81.5028,20.6624],[81.4945,20.6621],[81.4924,20.6549],[81.4969,20.6519],[81.4996,20.6457],[81.501,20.6439],[81.5005,20.6365],[81.4933,20.6333],[81.4911,20.6332],[81.4891,20.6299],[81.4886,20.627],[81.4916,20.6246],[81.4894,20.6223],[81.4919,20.6187],[81.4914,20.6171],[81.4973,20.6107],[81.4996,20.6122],[81.5,20.6178],[81.5091,20.6206],[81.5108,20.6237],[81.5138,20.6234],[81.5129,20.6135],[81.5079,20.6101],[81.5019,20.608],[81.4981,20.6047],[81.4958,20.6045],[81.4937,20.6026],[81.4864,20.6028],[81.473,20.5994],[81.4714,20.595],[81.4746,20.5938],[81.4813,20.5935],[81.4905,20.5913],[81.4922,20.5915],[81.4928,20.5971],[81.4983,20.5935],[81.5084,20.5922],[81.5104,20.5927],[81.5119,20.596],[81.5157,20.5894],[81.5113,20.5894],[81.5063,20.588],[81.4992,20.5888],[81.4935,20.5869],[81.4888,20.5822],[81.4847,20.586],[81.4819,20.587],[81.4808,20.5889],[81.475,20.591],[81.4694,20.5907],[81.4705,20.5883],[81.4643,20.5845],[81.4569,20.5881],[81.4519,20.5873],[81.4473,20.5853],[81.453,20.5756],[81.4549,20.571],[81.4551,20.5669],[81.4486,20.568],[81.4454,20.5675],[81.4316,20.5636],[81.4282,20.5624],[81.426,20.5599],[81.4237,20.5526],[81.4171,20.5542],[81.4104,20.5544],[81.4101,20.5443],[81.4121,20.5402],[81.411,20.5358],[81.4108,20.5258],[81.4156,20.5252],[81.4216,20.5181],[81.4243,20.5157],[81.4375,20.5183],[81.4469,20.5159],[81.4494,20.5159],[81.4547,20.5139],[81.4597,20.5134],[81.4699,20.5136],[81.4732,20.5131],[81.4807,20.5137],[81.4864,20.513],[81.4881,20.512],[81.4927,20.5161],[81.4955,20.5204],[81.5028,20.5199],[81.5015,20.5166],[81.503,20.5146],[81.5027,20.5118],[81.5045,20.5102],[81.5055,20.5041],[81.5049,20.5024],[81.5099,20.4963],[81.5166,20.4931],[81.5247,20.4927],[81.5372,20.5003]]]]},"properties":{"id":"in:subdistrict:3346","level":"subdistrict","name":"Dhamtari","code":3346,"parent":"in:district:377","state":"in:state:22"}},{"type":"Feature","geometry":{"type":"Polygon","coordinates":[[[81.4983,20.847],[81.5009,20.847],[81.5015,20.8489],[81.5059,20.848],[81.507,20.8518],[81.51,20.8558],[81.5145,20.8547],[81.5162,20.8582],[81.5211,20.8573],[81.5205,20.8553],[81.5237,20.854],[81.5239,20.8474],[81.5278,20.8483],[81.538,20.849],[81.545,20.8489],[81.5461,20.8435],[81.5476,20.8393],[81.5453,20.8344],[81.5467,20.8322],[81.5511,20.8313],[81.5545,20.8317],[81.5546,20.8294],[81.5586,20.8313],[81.5648,20.8325],[81.5754,20.8311],[81.5753,20.8345],[81.5787,20.8392],[81.5812,20.8458],[81.5814,20.8499],[81.5879,20.8504],[81.5877,20.8493],[81.5945,20.8466],[81.5995,20.8458],[81.602,20.8434],[81.6012,20.8366],[81.6107,20.8372],[81.6134,20.8385],[81.6151,20.837],[81.6144,20.832],[81.6158,20.8319],[81.6154,20.8273],[81.6211,20.8276],[81.6213,20.8249],[81.6251,20.8252],[81.6301,20.8315],[81.6313,20.834],[81.6343,20.8334],[81.638,20.8376],[81.6397,20.8357],[81.6416,20.8301],[81.6477,20.8318],[81.6581,20.8313],[81.6637,20.8301],[81.6674,20.8154],[81.6689,20.8137],[81.6687,20.8075],[81.6698,20.8049],[81.6735,20.7998],[81.678,20.7994],[81.6776,20.7928],[81.6812,20.7902],[81.6821,20.7863],[81.6857,20.7839],[81.6891,20.7771],[81.6894,20.7716],[81.6921,20.7701],[81.6956,20.77],[81.6958,20.7737],[81.699,20.7742],[81.6996,20.7759],[81.7034,20.7747],[81.7079,20.7702],[81.708,20.7668],[81.7123,20.7652],[81.7128,20.7681],[81.7154,20.7723],[81.7237,20.7722],[81.7248,20.7747],[81.7273,20.7744],[81.7278,20.7711],[81.7272,20.7628],[81.7334,20.7618],[81.7456,20.762],[81.7449,20.7573],[81.7458,20.7539],[81.7497,20.7521],[81.7527,20.7472],[81.7561,20.7454],[81.7583,20.7409],[81.7662,20.7486],[81.7701,20.7614],[81.775,20.772],[81.779,20.7761],[81.7869,20.7809],[81.789,20.7835],[81.7907,20.7879],[81.7909,20.7959],[81.7881,20.805],[81.7856,20.8093],[81.7843,20.8141],[81.7845,20.8167],[81.7888,20.8279],[81.7915,20.8381],[81.7983,20.8485],[81.801,20.8532],[81.8093,20.8624],[81.8138,20.8678],[81.8177,20.8741],[81.8218,20.8832],[81.8211,20.89],[81.816,20.9019],[81.8154,20.9075],[81.8163,20.9108],[81.8267,20.9294],[81.8331,20.9379],[81.8355,20.9403],[81.8346,20.9424],[81.8314,20.9436],[81.829,20.9429],[81.8265,20.9447],[81.8234,20.9488],[81.8177,20.9484],[81.8151,20.9461],[81.8135,20.9504],[81.8119,20.9517],[81.8143,20.9542],[81.8149,20.9582],[81.8132,20.9594],[81.811,20.9631],[81.8079,20.9631],[81.8055,20.9661],[81.8026,20.9668],[81.8005,20.9647],[81.7937,20.9665],[81.7928,20.9645],[81.7877,20.9649],[81.7851,20.9674],[81.7794,20.9694],[81.7782,20.9755],[81.7758,20.9766],[81.7756,20.9796],[81.7717,20.9823],[81.7687,20.982],[81.7621,20.9859],[81.7609,20.9887],[81.7625,20.9919],[81.7602,20.9924],[81.7577,20.9948],[81.758,20.9971],[81.7565,21.0012],[81.7517,21.0017],[81.751,21.0046],[81.7514,21.0091],[81.7483,21.0115],[81.7424,21.0117],[81.7335,21.0135],[81.7317,21.0125],[81.7258,21.0123],[81.7244,21.0112],[81.7167,21.0109],[81.7174,21.0135],[81.7136,21.0185],[81.7076,21.018],[81.7043,21.0152],[81.7008,21.0073],[81.7007,21.0052],[81.6985,21.0038],[81.6907,21.0038],[81.6854,21.0006],[81.6827,20.9959],[81.6782,20.998],[81.6745,21.001],[81.6706,21.0007],[81.6659,20.9991],[81.6601,21.0016],[81.6569,20.9995],[81.656,21.0025],[81.6527,21.0066],[81.6486,21.0074],[81.6476,21.0097],[81.643,21.0099],[81.64,21.0087],[81.6349,21.0114],[81.6322,21.0154],[81.6288,21.0161],[81.6267,21.0189],[81.6244,21.0159],[81.6218,21.0209],[81.6164,21.0218],[81.6131,21.0263],[81.6108,21.0269],[81.611,21.0248],[81.6072,21.0194],[81.6073,21.0175],[81.6125,21.0123],[81.6142,21.0079],[81.6201,20.9964],[81.6214,20.9932],[81.6215,20.99],[81.6188,20.9854],[81.6116,20.984],[81.609,20.9788],[81.6098,20.9752],[81.6128,20.9687],[81.6124,20.9643],[81.605,20.9559],[81.5969,20.9555],[81.5904,20.9516],[81.59,20.9503],[81.5908,20.9437],[81.5882,20.9404],[81.5822,20.9389],[81.577,20.9395],[81.5687,20.9381],[81.5668,20.9337],[81.5652,20.9326],[81.5488,20.9336],[81.5416,20.9306],[81.5361,20.9262],[81.5337,20.9223],[81.5298,20.9191],[81.5284,20.9142],[81.5287,20.9077],[81.5262,20.9036],[81.5243,20.8974],[81.5214,20.8958],[81.5191,20.8931],[81.5163,20.8929],[81.511,20.894],[81.4983,20.8941],[81.4955,20.8894],[81.4943,20.8831],[81.4911,20.8791],[81.4873,20.8756],[81.4861,20.8715],[81.4844,20.8703],[81.4811,20.8729],[81.4771,20.8725],[81.4721,20.8707],[81.474,20.8683],[81.4737,20.8602],[81.4753,20.8563],[81.4783,20.8561],[81.4801,20.8541],[81.4853,20.8517],[81.4891,20.852],[81.4917,20.8494],[81.4951,20.8492],[81.4983,20.847]]]},"properties":{"id":"in:subdistrict:3344","level":"subdistrict","name":"Kurud","code":3344,"parent":"in:district:377","state":"in:state:22"}},{"type":"Feature","geometry":{"type":"Polygon","coordinates":[[[81.7029,20.7103],[81.7032,20.708],[81.7019,20.6994],[81.7022,20.6958],[81.7039,20.6944],[81.7099,20.6938],[81.7114,20.6923],[81.7126,20.6852],[81.7156,20.6836],[81.7168,20.6802],[81.721,20.6758],[81.7207,20.6683],[81.7212,20.6611],[81.7196,20.6544],[81.7228,20.6495],[81.728,20.6501],[81.7294,20.6555],[81.7366,20.6568],[81.7371,20.6612],[81.7435,20.6667],[81.7405,20.669],[81.7452,20.6701],[81.7469,20.6855],[81.7497,20.685],[81.7531,20.6802],[81.756,20.6773],[81.7588,20.6696],[81.7615,20.6637],[81.768,20.6653],[81.7791,20.6693],[81.7845,20.6697],[81.7871,20.6688],[81.7875,20.6719],[81.7892,20.6731],[81.7919,20.672],[81.7956,20.6729],[81.8006,20.673],[81.8097,20.6659],[81.8146,20.66],[81.8165,20.6527],[81.8186,20.6467],[81.8273,20.6401],[81.8294,20.6399],[81.8377,20.6356],[81.8303,20.6324],[81.8266,20.6314],[81.823,20.6316],[81.819,20.6305],[81.8168,20.6261],[81.8173,20.6233],[81.8124,20.6227],[81.8034,20.6187],[81.8031,20.6179],[81.7919,20.6075],[81.7866,20.6031],[81.7843,20.5993],[81.784,20.5967],[81.7788,20.5946],[81.7792,20.59],[81.7815,20.587],[81.7782,20.5854],[81.7787,20.5831],[81.7764,20.5804],[81.7772,20.5783],[81.7761,20.5726],[81.7743,20.5701],[81.7728,20.5622],[81.7712,20.5608],[81.7616,20.5373],[81.7552,20.5318],[81.7505,20.5271],[81.7476,20.5249],[81.7466,20.5211],[81.7469,20.5159],[81.7569,20.5104],[81.7622,20.5117],[81.7658,20.5119],[81.7651,20.5082],[81.7664,20.5062],[81.7711,20.5061],[81.7758,20.5082],[81.7886,20.4985],[81.7899,20.4979],[81.7976,20.4974],[81.801,20.4985],[81.8049,20.501],[81.8094,20.5056],[81.813,20.5082],[81.8163,20.5117],[81.8253,20.5223],[81.8291,20.5285],[81.8311,20.5332],[81.8291,20.5411],[81.8344,20.5427],[81.8458,20.5413],[81.8581,20.5474],[81.8647,20.5452],[81.8669,20.5498],[81.8706,20.5639],[81.8696,20.5711],[81.8782,20.5728],[81.8885,20.5732],[81.8901,20.5823],[81.8893,20.5884],[81.9042,20.6071],[81.9236,20.6065],[81.9614,20.5791],[81.9908,20.5584],[81.9983,20.5542],[82.0057,20.5526],[82.0117,20.553],[82.0134,20.551],[82.0203,20.5501],[82.0185,20.555],[82.0174,20.5645],[82.0179,20.576],[82.0151,20.5818],[82.0086,20.5935],[82.0081,20.5968],[82.006,20.6018],[82.0044,20.6088],[81.9993,20.6233],[81.9974,20.6261],[81.9946,20.6352],[81.9956,20.6406],[81.9977,20.6451],[81.9981,20.6483],[82.0016,20.6517],[82.0034,20.6588],[82.0064,20.6644],[82.0121,20.6695],[82.0127,20.6711],[82.0115,20.6749],[82.0093,20.6769],[82.0035,20.679],[81.9983,20.6839],[81.9932,20.6925],[81.9881,20.6967],[81.983,20.7018],[81.9816,20.7052],[81.9819,20.7098],[81.9845,20.7174],[81.9838,20.7215],[81.9815,20.7239],[81.9749,20.7281],[81.9708,20.7296],[81.9641,20.7316],[81.9558,20.735],[81.9504,20.7361],[81.9412,20.7372],[81.9346,20.7401],[81.9259,20.7471],[81.9228,20.7514],[81.9242,20.7594],[81.9242,20.7634],[81.9216,20.7713],[81.9196,20.7746],[81.9096,20.7853],[81.9098,20.791],[81.9111,20.7945],[81.9207,20.8038],[81.9236,20.8074],[81.9246,20.8116],[81.9232,20.8156],[81.9199,20.8194],[81.9142,20.8227],[81.9084,20.8284],[81.9041,20.8349],[81.9024,20.8396],[81.9004,20.852],[81.8968,20.86],[81.8912,20.8674],[81.8889,20.8745],[81.888,20.8815],[81.8909,20.8891],[81.8923,20.8947],[81.8924,20.8983],[81.8897,20.9042],[81.8816,20.9096],[81.8778,20.9156],[81.8765,20.9199],[81.8764,20.9317],[81.8736,20.9385],[81.8732,20.9429],[81.8735,20.9609],[81.8732,20.9646],[81.8712,20.9627],[81.8608,20.9604],[81.8591,20.9595],[81.8569,20.9562],[81.8573,20.9487],[81.8547,20.9434],[81.848,20.9408],[81.8355,20.9403],[81.8331,20.9379],[81.8267,20.9294],[81.8163,20.9108],[81.8154,20.9075],[81.816,20.9019],[81.8211,20.89],[81.8218,20.8832],[81.8177,20.8741],[81.8138,20.8678],[81.8093,20.8624],[81.801,20.8532],[81.7983,20.8485],[81.7915,20.8381],[81.7888,20.8279],[81.7845,20.8167],[81.7843,20.8141],[81.7856,20.8093],[81.7881,20.805],[81.7909,20.7959],[81.7907,20.7879],[81.789,20.7835],[81.7869,20.7809],[81.779,20.7761],[81.775,20.772],[81.7701,20.7614],[81.7662,20.7486],[81.7583,20.7409],[81.7504,20.7369],[81.7431,20.7352],[81.7268,20.7349],[81.7245,20.7341],[81.7184,20.7273],[81.7154,20.7203],[81.7109,20.7145],[81.7087,20.7125],[81.7029,20.7103]]]},"properties":{"id":"in:subdistrict:3345","level":"subdistrict","name":"Magarlod","code":3345,"parent":"in:district:377","state":"in:state:22"}},{"type":"Feature","geometry":{"type":"Polygon","coordinates":[[[81.4194,20.1571],[81.428,20.1553],[81.433,20.1536],[81.4476,20.1465],[81.4509,20.1467],[81.4553,20.1486],[81.4602,20.1546],[81.4655,20.1569],[81.474,20.1598],[81.4863,20.1636],[81.4902,20.1633],[81.4945,20.1641],[81.4971,20.1619],[81.4988,20.1641],[81.502,20.1651],[81.511,20.1655],[81.5171,20.1675],[81.5231,20.1701],[81.5278,20.1744],[81.5322,20.1772],[81.5364,20.1786],[81.5456,20.1833],[81.5488,20.1861],[81.5504,20.1898],[81.5578,20.1925],[81.5728,20.1948],[81.5848,20.1955],[81.5847,20.1987],[81.5864,20.2025],[81.5849,20.2087],[81.5892,20.2208],[81.5906,20.2239],[81.5905,20.2296],[81.5948,20.2359],[81.5951,20.2394],[81.5978,20.2468],[81.5972,20.2511],[81.5942,20.2543],[81.5926,20.2585],[81.594,20.2599],[81.6043,20.261],[81.601,20.2656],[81.6014,20.2667],[81.6078,20.2688],[81.6027,20.2726],[81.5945,20.273],[81.5946,20.2756],[81.5916,20.2813],[81.5823,20.2804],[81.5817,20.283],[81.5789,20.287],[81.5769,20.2978],[81.5712,20.3018],[81.5664,20.3025],[81.5616,20.3005],[81.5536,20.2997],[81.5508,20.3008],[81.5404,20.3026],[81.5377,20.3044],[81.5338,20.3096],[81.5333,20.312],[81.5297,20.3163],[81.5263,20.3217],[81.5241,20.3266],[81.5222,20.3334],[81.5191,20.3388],[81.5164,20.3408],[81.5108,20.3429],[81.5068,20.3471],[81.5052,20.3518],[81.5029,20.3561],[81.4993,20.359],[81.4964,20.3602],[81.4912,20.3657],[81.4863,20.372],[81.4837,20.3761],[81.4795,20.3804],[81.4742,20.3778],[81.4729,20.3723],[81.4704,20.3681],[81.4643,20.368],[81.4578,20.3654],[81.454,20.3658],[81.4514,20.365],[81.4469,20.3661],[81.4426,20.3637],[81.4406,20.3592],[81.435,20.3587],[81.4282,20.3558],[81.4213,20.3557],[81.4191,20.3547],[81.417,20.3512],[81.4152,20.3502],[81.4128,20.3528],[81.4117,20.3419],[81.4116,20.3369],[81.3997,20.3251],[81.3986,20.3276],[81.3945,20.3291],[81.3944,20.332],[81.3926,20.3408],[81.3934,20.3504],[81.3885,20.3508],[81.3844,20.3503],[81.3792,20.3478],[81.3665,20.3492],[81.3628,20.3522],[81.3604,20.3509],[81.355,20.3527],[81.3494,20.3605],[81.3435,20.3627],[81.3413,20.3623],[81.338,20.3598],[81.3351,20.3597],[81.3325,20.361],[81.3283,20.3609],[81.3264,20.3583],[81.3234,20.3576],[81.322,20.3559],[81.3225,20.3527],[81.32,20.3519],[81.3179,20.3533],[81.3126,20.3536],[81.3106,20.3528],[81.3081,20.3546],[81.3049,20.3535],[81.3009,20.3555],[81.2965,20.3562],[81.2895,20.3548],[81.2884,20.354],[81.2878,20.3493],[81.2824,20.3481],[81.281,20.3448],[81.2782,20.3446],[81.2749,20.3389],[81.2698,20.3316],[81.2676,20.3255],[81.2679,20.3228],[81.2753,20.3214],[81.279,20.3189],[81.2814,20.3201],[81.2834,20.3194],[81.2883,20.3222],[81.2936,20.3219],[81.2938,20.3101],[81.2923,20.2972],[81.2902,20.2897],[81.2878,20.2895],[81.281,20.2912],[81.279,20.2849],[81.2758,20.2705],[81.2831,20.2684],[81.2813,20.2636],[81.2819,20.2558],[81.2791,20.2525],[81.2764,20.2469],[81.2716,20.247],[81.2669,20.2398],[81.2645,20.2347],[81.2598,20.2303],[81.2612,20.2256],[81.2692,20.2206],[81.27,20.217],[81.2686,20.2083],[81.2671,20.2014],[81.2683,20.197],[81.2743,20.1942],[81.2775,20.194],[81.2774,20.1896],[81.2745,20.1847],[81.2745,20.1796],[81.2725,20.171],[81.2701,20.1648],[81.2705,20.1568],[81.2773,20.1563],[81.2826,20.1552],[81.2874,20.1551],[81.2872,20.1568],[81.2895,20.1595],[81.2916,20.1593],[81.294,20.1572],[81.2962,20.1516],[81.2973,20.1506],[81.3021,20.1501],[81.3162,20.1564],[81.3212,20.1576],[81.3228,20.163],[81.3228,20.1661],[81.3273,20.1718],[81.34,20.1771],[81.348,20.1765],[81.3528,20.1754],[81.364,20.1752],[81.3685,20.1742],[81.3768,20.1733],[81.3809,20.1738],[81.3841,20.1734],[81.391,20.1711],[81.4038,20.1646],[81.4124,20.1592],[81.4194,20.1571]]]},"properties":{"id":"in:subdistrict:3351","level":"subdistrict","name":"Kanker","code":3351,"parent":"in:district:381","state":"in:state:22"}},{"type":"Feature","geometry":{"type":"Polygon","coordinates":[[[81.8142,20.1673],[81.8126,20.1725],[81.8105,20.1746],[81.8088,20.1785],[81.8102,20.1858],[81.8117,20.1886],[81.8108,20.1912],[81.8054,20.199],[81.8022,20.2069],[81.8011,20.2142],[81.7854,20.2093],[81.7835,20.214],[81.7816,20.2276],[81.7767,20.2298],[81.775,20.232],[81.7791,20.2423],[81.7799,20.2474],[81.7829,20.2495],[81.7856,20.2564],[81.7844,20.2611],[81.7919,20.2575],[81.7976,20.2559],[81.7992,20.2592],[81.8001,20.2649],[81.7973,20.2672],[81.7916,20.2763],[81.7908,20.2822],[81.7886,20.288],[81.7801,20.282],[81.7776,20.2782],[81.7731,20.2785],[81.7702,20.2805],[81.7606,20.283],[81.7618,20.2858],[81.7612,20.2892],[81.7586,20.2931],[81.7591,20.2973],[81.7611,20.3062],[81.7662,20.3096],[81.7742,20.309],[81.7751,20.316],[81.7749,20.3196],[81.7792,20.3188],[81.7889,20.3195],[81.7943,20.3212],[81.795,20.3263],[81.7928,20.3306],[81.7843,20.3412],[81.784,20.3443],[81.782,20.3461],[81.7831,20.3477],[81.7824,20.3541],[81.7797,20.3546],[81.7748,20.3529],[81.7633,20.3544],[81.7623,20.3575],[81.7639,20.3632],[81.7645,20.3676],[81.7669,20.373],[81.7651,20.3749],[81.7651,20.3788],[81.769,20.3816],[81.7674,20.3856],[81.7631,20.3889],[81.762,20.3908],[81.7585,20.3901],[81.7532,20.3937],[81.7516,20.3971],[81.7518,20.3994],[81.7483,20.4005],[81.7477,20.4032],[81.7433,20.4044],[81.7446,20.4069],[81.7409,20.4114],[81.7408,20.4145],[81.7367,20.4184],[81.734,20.4253],[81.7332,20.4301],[81.7334,20.4366],[81.7346,20.4417],[81.7368,20.444],[81.7361,20.4478],[81.7373,20.452],[81.7375,20.4573],[81.7405,20.4629],[81.74,20.4682],[81.7365,20.4705],[81.7331,20.4705],[81.7315,20.4748],[81.7346,20.4782],[81.7351,20.4819],[81.719,20.4816],[81.6923,20.4813],[81.6743,20.4896],[81.6593,20.4978],[81.6413,20.495],[81.6411,20.504],[81.6348,20.5088],[81.6192,20.5142],[81.6165,20.5171],[81.6123,20.5144],[81.6074,20.5123],[81.6029,20.5149],[81.6005,20.5183],[81.5978,20.5187],[81.5942,20.5169],[81.5864,20.519],[81.5791,20.5172],[81.572,20.5189],[81.5604,20.5171],[81.5585,20.5141],[81.5542,20.5141],[81.549,20.5151],[81.5411,20.5152],[81.5399,20.5099],[81.5381,20.508],[81.5384,20.5007],[81.5372,20.5003],[81.5388,20.4996],[81.5483,20.499],[81.554,20.4996],[81.5558,20.5015],[81.5593,20.5004],[81.5588,20.4959],[81.5454,20.4948],[81.5468,20.4861],[81.5448,20.4824],[81.5477,20.4785],[81.5465,20.477],[81.5423,20.4772],[81.5372,20.4671],[81.5361,20.46],[81.5246,20.4675],[81.5184,20.4675],[81.5155,20.4617],[81.5108,20.4561],[81.5178,20.4425],[81.518,20.436],[81.509,20.4375],[81.5034,20.4374],[81.4983,20.4366],[81.4919,20.4369],[81.4896,20.4227],[81.4893,20.4197],[81.502,20.4197],[81.5143,20.4211],[81.5125,20.4042],[81.5182,20.4063],[81.5185,20.4002],[81.521,20.3857],[81.5008,20.3831],[81.4983,20.3815],[81.4828,20.3808],[81.4795,20.3804],[81.4837,20.3761],[81.4863,20.372],[81.4912,20.3657],[81.4964,20.3602],[81.4993,20.359],[81.5029,20.3561],[81.5052,20.3518],[81.5068,20.3471],[81.5108,20.3429],[81.5164,20.3408],[81.5191,20.3388],[81.5222,20.3334],[81.5241,20.3266],[81.5263,20.3217],[81.5297,20.3163],[81.5333,20.312],[81.5338,20.3096],[81.5377,20.3044],[81.5404,20.3026],[81.5508,20.3008],[81.5536,20.2997],[81.5616,20.3005],[81.5664,20.3025],[81.5712,20.3018],[81.5769,20.2978],[81.5789,20.287],[81.5817,20.283],[81.5823,20.2804],[81.5916,20.2813],[81.5946,20.2756],[81.5945,20.273],[81.6027,20.2726],[81.6078,20.2688],[81.6014,20.2667],[81.601,20.2656],[81.6043,20.261],[81.594,20.2599],[81.5926,20.2585],[81.5942,20.2543],[81.5972,20.2511],[81.5978,20.2468],[81.5951,20.2394],[81.5948,20.2359],[81.5905,20.2296],[81.5906,20.2239],[81.5892,20.2208],[81.5849,20.2087],[81.5864,20.2025],[81.5847,20.1987],[81.5848,20.1955],[81.5893,20.188],[81.5938,20.1842],[81.595,20.1798],[81.6026,20.1727],[81.61,20.168],[81.6118,20.1627],[81.6114,20.1598],[81.6128,20.1579],[81.619,20.1564],[81.6217,20.1548],[81.6238,20.152],[81.6336,20.1465],[81.6386,20.1445],[81.6415,20.1425],[81.6498,20.14],[81.6621,20.1354],[81.6732,20.1324],[81.6796,20.1298],[81.6899,20.1317],[81.6951,20.1331],[81.6995,20.1334],[81.7089,20.1383],[81.7174,20.1391],[81.7231,20.1419],[81.7251,20.1474],[81.7244,20.1503],[81.7274,20.1527],[81.7292,20.1571],[81.7314,20.1583],[81.7358,20.1582],[81.7431,20.1608],[81.747,20.1636],[81.7587,20.1626],[81.7671,20.1568],[81.7714,20.1576],[81.7754,20.1568],[81.7797,20.1576],[81.7917,20.1589],[81.794,20.1586],[81.8002,20.1592],[81.8067,20.1623],[81.8142,20.1673]]]},"properties":{"id":"in:subdistrict:3352","level":"subdistrict","name":"Narharpur","code":3352,"parent":"in:district:381","state":"in:state:22"}},{"type":"Feature","geometry":{"type":"Polygon","coordinates":[[[81.6796,20.1298],[81.6732,20.1324],[81.6621,20.1354],[81.6498,20.14],[81.6415,20.1425],[81.6386,20.1445],[81.6336,20.1465],[81.6238,20.152],[81.6217,20.1548],[81.619,20.1564],[81.6128,20.1579],[81.6114,20.1598],[81.6118,20.1627],[81.61,20.168],[81.6026,20.1727],[81.595,20.1798],[81.5938,20.1842],[81.5893,20.188],[81.5848,20.1955],[81.5728,20.1948],[81.5578,20.1925],[81.5504,20.1898],[81.5488,20.1861],[81.5456,20.1833],[81.5364,20.1786],[81.5322,20.1772],[81.5278,20.1744],[81.5231,20.1701],[81.5171,20.1675],[81.511,20.1655],[81.502,20.1651],[81.4988,20.1641],[81.4971,20.1619],[81.4945,20.1641],[81.4902,20.1633],[81.4863,20.1636],[81.474,20.1598],[81.4655,20.1569],[81.4602,20.1546],[81.4553,20.1486],[81.4509,20.1467],[81.4476,20.1465],[81.433,20.1536],[81.428,20.1553],[81.4194,20.1571],[81.419,20.149],[81.4119,20.1397],[81.4083,20.1282],[81.4041,20.1222],[81.4013,20.1167],[81.4031,20.1065],[81.4005,20.1013],[81.402,20.0966],[81.4042,20.0942],[81.4056,20.0836],[81.4037,20.0771],[81.4011,20.0725],[81.3977,20.0721],[81.3954,20.0699],[81.3925,20.0648],[81.3904,20.0596],[81.3875,20.0548],[81.3883,20.0485],[81.3747,20.0483],[81.3679,20.0467],[81.3591,20.0477],[81.3575,20.0404],[81.3557,20.0357],[81.3529,20.0374],[81.348,20.0388],[81.3421,20.0387],[81.3332,20.0368],[81.3224,20.0301],[81.3194,20.0292],[81.3116,20.0253],[81.3109,20.0221],[81.2967,20.0212],[81.2917,20.0214],[81.2945,20.0123],[81.2919,20.0101],[81.302,20.0008],[81.3021,19.9923],[81.3011,19.9885],[81.3022,19.9859],[81.3021,19.9804],[81.3031,19.9782],[81.3019,19.976],[81.3091,19.9751],[81.3122,19.972],[81.3202,19.9696],[81.3306,19.9649],[81.3295,19.9593],[81.3297,19.9563],[81.3316,19.949],[81.331,19.9471],[81.3265,19.9389],[81.3309,19.9362],[81.344,19.931],[81.3491,19.9219],[81.3489,19.9131],[81.363,19.9135],[81.3692,19.9106],[81.3708,19.9151],[81.3704,19.9242],[81.372,19.9252],[81.3749,19.9301],[81.3793,19.9312],[81.3783,19.9363],[81.3778,19.952],[81.3786,19.9549],[81.3846,19.9528],[81.3857,19.9543],[81.3884,19.9532],[81.3906,19.9541],[81.3955,19.9531],[81.3966,19.9548],[81.3982,19.9656],[81.399,19.9755],[81.3999,19.9809],[81.4087,19.9816],[81.4155,19.9853],[81.4202,19.9828],[81.4271,19.9775],[81.4279,19.972],[81.433,19.9705],[81.4434,19.9658],[81.4455,19.9637],[81.4474,19.96],[81.4469,19.9574],[81.4482,19.9552],[81.4595,19.9448],[81.4641,19.9468],[81.4637,19.9495],[81.4662,19.9534],[81.4659,19.9562],[81.4676,19.957],[81.472,19.9568],[81.4906,19.9572],[81.4983,19.9555],[81.5044,19.955],[81.5113,19.9566],[81.5191,19.9558],[81.5302,19.9563],[81.5339,19.9499],[81.5335,19.9474],[81.5408,19.9411],[81.5419,19.9326],[81.5387,19.9273],[81.5411,19.9242],[81.5432,19.9091],[81.5408,19.9078],[81.5411,19.906],[81.5495,19.9024],[81.5582,19.9044],[81.5608,19.9022],[81.5657,19.9001],[81.5683,19.8974],[81.5705,19.8921],[81.5702,19.8872],[81.5862,19.8838],[81.5925,19.885],[81.5952,19.892],[81.5981,19.8949],[81.6015,19.9002],[81.6027,19.9079],[81.6043,19.9128],[81.6051,19.9187],[81.6104,19.918],[81.6253,19.9149],[81.631,19.9122],[81.6468,19.9076],[81.6553,19.9048],[81.6634,19.8997],[81.6653,19.8994],[81.6656,19.9142],[81.6614,19.9164],[81.6584,19.9228],[81.6626,19.9294],[81.6677,19.9312],[81.6712,19.9333],[81.6755,19.9392],[81.6759,19.9434],[81.678,19.955],[81.6802,19.9623],[81.6797,19.9638],[81.6836,19.9707],[81.6843,19.9745],[81.6826,19.9789],[81.6844,19.9834],[81.684,19.9959],[81.6867,20.0016],[81.6823,20.0015],[81.6906,20.016],[81.6912,20.0195],[81.6877,20.0199],[81.6868,20.0274],[81.6828,20.0361],[81.6836,20.0406],[81.6817,20.0455],[81.6811,20.0502],[81.6764,20.0524],[81.6745,20.0587],[81.6752,20.0626],[81.6782,20.0704],[81.6787,20.0741],[81.6767,20.108],[81.6796,20.1298]]]},"properties":{"id":"in:subdistrict:3355","level":"subdistrict","name":"Keskal","code":3355,"parent":"in:district:643","state":"in:state:22"}},{"type":"Feature","geometry":{"type":"Polygon","coordinates":[[[82.0177,20.049],[82.0197,20.0502],[82.0216,20.0539],[82.0225,20.0621],[82.0251,20.0659],[82.0278,20.0724],[82.0313,20.076],[82.0315,20.0791],[82.0334,20.0829],[82.0363,20.096],[82.0388,20.0975],[82.0448,20.0963],[82.0533,20.0997],[82.0636,20.1052],[82.0699,20.1061],[82.0718,20.1048],[82.0779,20.1027],[82.0841,20.1025],[82.0875,20.1012],[82.0926,20.1007],[82.0958,20.1023],[82.1006,20.1033],[82.1055,20.1055],[82.1074,20.1087],[82.1115,20.1127],[82.1139,20.1162],[82.1144,20.1224],[82.1145,20.1348],[82.1233,20.139],[82.1292,20.1415],[82.1374,20.1489],[82.1353,20.1541],[82.1319,20.1577],[82.134,20.1629],[82.1324,20.1669],[82.134,20.1729],[82.1354,20.1751],[82.1335,20.1786],[82.1334,20.1829],[82.1342,20.1861],[82.139,20.1972],[82.1452,20.2073],[82.1478,20.218],[82.1503,20.2229],[82.1549,20.2235],[82.1576,20.227],[82.1618,20.23],[82.1645,20.2305],[82.1645,20.2328],[82.1622,20.2358],[82.1637,20.2391],[82.1747,20.2524],[82.1769,20.2534],[82.1802,20.257],[82.1751,20.26],[82.1718,20.2609],[82.1665,20.2604],[82.1604,20.2652],[82.1556,20.2696],[82.1558,20.2744],[82.157,20.2766],[82.1526,20.282],[82.1451,20.2872],[82.1317,20.2887],[82.1267,20.288],[82.1159,20.2875],[82.1086,20.2907],[82.1054,20.3034],[82.1033,20.3057],[82.099,20.3161],[82.0942,20.3244],[82.0912,20.3259],[82.0855,20.3299],[82.0853,20.3319],[82.0877,20.3349],[82.0886,20.3455],[82.0855,20.357],[82.0809,20.3653],[82.0808,20.3687],[82.0833,20.3723],[82.0854,20.378],[82.0852,20.3824],[82.0819,20.3856],[82.0804,20.3913],[82.0814,20.3954],[82.0846,20.3977],[82.0841,20.4046],[82.0853,20.4104],[82.0826,20.4149],[82.0758,20.4213],[82.0745,20.4292],[82.0716,20.432],[82.0644,20.434],[82.0615,20.4373],[82.0635,20.4445],[82.0623,20.4473],[82.0569,20.4516],[82.0519,20.4631],[82.056,20.4737],[82.0555,20.4782],[82.0515,20.4824],[82.0479,20.4918],[82.0488,20.4981],[82.0473,20.5012],[82.0409,20.5031],[82.0402,20.5073],[82.0376,20.5112],[82.036,20.5175],[82.0323,20.5209],[82.0242,20.5238],[82.0216,20.5262],[82.0201,20.5316],[82.0208,20.5409],[82.0214,20.5438],[82.0203,20.5501],[82.0134,20.551],[82.0117,20.553],[82.0057,20.5526],[81.9983,20.5542],[81.9908,20.5584],[81.9614,20.5791],[81.9236,20.6065],[81.9042,20.6071],[81.8893,20.5884],[81.8901,20.5823],[81.8885,20.5732],[81.8782,20.5728],[81.8696,20.5711],[81.8706,20.5639],[81.8669,20.5498],[81.8647,20.5452],[81.8581,20.5474],[81.8458,20.5413],[81.8344,20.5427],[81.8291,20.5411],[81.8311,20.5332],[81.8291,20.5285],[81.8253,20.5223],[81.8163,20.5117],[81.813,20.5082],[81.8094,20.5056],[81.8049,20.501],[81.801,20.4985],[81.7976,20.4974],[81.7899,20.4979],[81.7886,20.4985],[81.7758,20.5082],[81.7711,20.5061],[81.7664,20.5062],[81.7651,20.5082],[81.7658,20.5119],[81.7622,20.5117],[81.7569,20.5104],[81.7469,20.5159],[81.7466,20.5211],[81.7476,20.5249],[81.7505,20.5271],[81.7552,20.5318],[81.7616,20.5373],[81.7712,20.5608],[81.7728,20.5622],[81.7743,20.5701],[81.7761,20.5726],[81.7772,20.5783],[81.7764,20.5804],[81.7787,20.5831],[81.7782,20.5854],[81.7815,20.587],[81.7792,20.59],[81.7788,20.5946],[81.784,20.5967],[81.7843,20.5993],[81.7866,20.6031],[81.7919,20.6075],[81.8031,20.6179],[81.8034,20.6187],[81.8124,20.6227],[81.8173,20.6233],[81.8168,20.6261],[81.819,20.6305],[81.823,20.6316],[81.8266,20.6314],[81.8303,20.6324],[81.8377,20.6356],[81.8294,20.6399],[81.8273,20.6401],[81.8186,20.6467],[81.8165,20.6527],[81.8146,20.66],[81.8097,20.6659],[81.8006,20.673],[81.7956,20.6729],[81.7919,20.672],[81.7892,20.6731],[81.7875,20.6719],[81.7871,20.6688],[81.7845,20.6697],[81.7791,20.6693],[81.768,20.6653],[81.7615,20.6637],[81.7588,20.6696],[81.756,20.6773],[81.7531,20.6802],[81.7497,20.685],[81.7469,20.6855],[81.7452,20.6701],[81.7405,20.669],[81.7435,20.6667],[81.7371,20.6612],[81.7366,20.6568],[81.7294,20.6555],[81.728,20.6501],[81.7228,20.6495],[81.7196,20.6544],[81.7212,20.6611],[81.7207,20.6683],[81.721,20.6758],[81.7168,20.6802],[81.7156,20.6836],[81.7126,20.6852],[81.7114,20.6923],[81.7099,20.6938],[81.7039,20.6944],[81.7022,20.6958],[81.7019,20.6994],[81.7032,20.708],[81.7029,20.7103],[81.6884,20.7097],[81.6811,20.7102],[81.6754,20.7088],[81.6781,20.7047],[81.6793,20.7013],[81.677,20.6959],[81.6756,20.6825],[81.6725,20.6797],[81.6683,20.6799],[81.6671,20.6761],[81.6683,20.6717],[81.6715,20.6719],[81.6722,20.6668],[81.6752,20.6649],[81.6821,20.6643],[81.6832,20.659],[81.6772,20.6555],[81.6748,20.6574],[81.6645,20.6572],[81.6588,20.6541],[81.6539,20.6527],[81.6505,20.6587],[81.6486,20.6604],[81.6417,20.657],[81.6365,20.6582],[81.6327,20.6613],[81.6304,20.6606],[81.6262,20.6569],[81.6239,20.6569],[81.6188,20.6464],[81.614,20.6449],[81.609,20.6421],[81.6097,20.6403],[81.6011,20.6393],[81.5969,20.637],[81.5955,20.6342],[81.5963,20.6295],[81.5978,20.6267],[81.6018,20.6223],[81.6058,20.6189],[81.6097,20.6141],[81.6136,20.6102],[81.6172,20.6137],[81.6176,20.6091],[81.6158,20.6072],[81.6152,20.6024],[81.6013,20.5903],[81.6057,20.589],[81.6112,20.5834],[81.6148,20.5779],[81.6205,20.5722],[81.6225,20.5688],[81.6242,20.5619],[81.6277,20.5569],[81.6311,20.555],[81.6396,20.5529],[81.6458,20.5499],[81.6485,20.5461],[81.6418,20.5331],[81.6428,20.5233],[81.6414,20.5167],[81.6416,20.5123],[81.6411,20.504],[81.6413,20.495],[81.6593,20.4978],[81.6743,20.4896],[81.6923,20.4813],[81.719,20.4816],[81.7351,20.4819],[81.7346,20.4782],[81.7315,20.4748],[81.7331,20.4705],[81.7365,20.4705],[81.74,20.4682],[81.7405,20.4629],[81.7375,20.4573],[81.7373,20.452],[81.7361,20.4478],[81.7368,20.444],[81.7346,20.4417],[81.7334,20.4366],[81.7332,20.4301],[81.734,20.4253],[81.7367,20.4184],[81.7408,20.4145],[81.7409,20.4114],[81.7446,20.4069],[81.7433,20.4044],[81.7477,20.4032],[81.7483,20.4005],[81.7518,20.3994],[81.7516,20.3971],[81.7532,20.3937],[81.7585,20.3901],[81.762,20.3908],[81.7631,20.3889],[81.7674,20.3856],[81.769,20.3816],[81.7651,20.3788],[81.7651,20.3749],[81.7669,20.373],[81.7645,20.3676],[81.7639,20.3632],[81.7623,20.3575],[81.7633,20.3544],[81.7748,20.3529],[81.7797,20.3546],[81.7824,20.3541],[81.7831,20.3477],[81.782,20.3461],[81.784,20.3443],[81.7843,20.3412],[81.7928,20.3306],[81.795,20.3263],[81.7943,20.3212],[81.7889,20.3195],[81.7792,20.3188],[81.7749,20.3196],[81.7751,20.316],[81.7742,20.309],[81.7662,20.3096],[81.7611,20.3062],[81.7591,20.2973],[81.7586,20.2931],[81.7612,20.2892],[81.7618,20.2858],[81.7606,20.283],[81.7702,20.2805],[81.7731,20.2785],[81.7776,20.2782],[81.7801,20.282],[81.7886,20.288],[81.7908,20.2822],[81.7916,20.2763],[81.7973,20.2672],[81.8001,20.2649],[81.7992,20.2592],[81.7976,20.2559],[81.7919,20.2575],[81.7844,20.2611],[81.7856,20.2564],[81.7829,20.2495],[81.7799,20.2474],[81.7791,20.2423],[81.775,20.232],[81.7767,20.2298],[81.7816,20.2276],[81.7835,20.214],[81.7854,20.2093],[81.8011,20.2142],[81.8022,20.2069],[81.8054,20.199],[81.8108,20.1912],[81.8117,20.1886],[81.8102,20.1858],[81.8088,20.1785],[81.8105,20.1746],[81.8126,20.1725],[81.8142,20.1673],[81.8209,20.1693],[81.8257,20.1694],[81.8296,20.1673],[81.8336,20.1664],[81.8406,20.1663],[81.8462,20.1643],[81.8454,20.1598],[81.8463,20.147],[81.847,20.1343],[81.8459,20.1285],[81.8468,20.1258],[81.8463,20.1167],[81.8454,20.1128],[81.8468,20.1119],[81.8544,20.1025],[81.8577,20.096],[81.8666,20.0906],[81.8682,20.0879],[81.8679,20.0827],[81.8703,20.0734],[81.8704,20.0668],[81.8714,20.0599],[81.8692,20.0551],[81.876,20.052],[81.8791,20.0491],[81.8819,20.0443],[81.8863,20.0438],[81.8891,20.0448],[81.8968,20.0496],[81.9014,20.0579],[81.9081,20.0646],[81.9118,20.0671],[81.9161,20.072],[81.9214,20.08],[81.9226,20.0834],[81.9228,20.0872],[81.9259,20.0916],[81.929,20.0941],[81.9339,20.0965],[81.9338,20.0982],[81.9373,20.1025],[81.9396,20.1026],[81.9456,20.1052],[81.9528,20.1018],[81.9565,20.0983],[81.9582,20.0979],[81.9614,20.0939],[81.9633,20.0904],[81.973,20.0844],[81.9776,20.0789],[81.9839,20.0732],[81.9841,20.0685],[81.986,20.0655],[81.9866,20.0627],[81.9892,20.0593],[81.9953,20.0536],[82.0034,20.0533],[82.0057,20.0556],[82.0123,20.0539],[82.0177,20.049]]]},"properties":{"id":"in:subdistrict:3347","level":"subdistrict","name":"Nagri","code":3347,"parent":"in:district:377","state":"in:state:22"}},{"type":"Feature","geometry":{"type":"Polygon","coordinates":[[[82.3784,19.8646],[82.3841,19.8714],[82.383,19.8739],[82.3876,19.8784],[82.3922,19.8817],[82.3942,19.8871],[82.3965,19.8887],[82.4018,19.8899],[82.4052,19.8943],[82.4101,19.8964],[82.4116,19.8983],[82.4176,19.8994],[82.418,19.9041],[82.424,19.9052],[82.4279,19.9053],[82.4301,19.904],[82.4334,19.9056],[82.4362,19.9048],[82.4383,19.9056],[82.443,19.9092],[82.447,19.9102],[82.4507,19.9094],[82.4543,19.9074],[82.4567,19.9051],[82.4618,19.9028],[82.4642,19.9008],[82.4672,19.9018],[82.4718,19.9013],[82.4732,19.9071],[82.4786,19.9065],[82.4848,19.9077],[82.4893,19.9045],[82.493,19.9034],[82.4962,19.9042],[82.5018,19.9023],[82.5052,19.8984],[82.5029,19.8945],[82.5046,19.8906],[82.5071,19.8888],[82.5118,19.8881],[82.5177,19.8913],[82.5213,19.8889],[82.5233,19.8831],[82.5269,19.8803],[82.5314,19.8782],[82.5349,19.8869],[82.5416,19.8838],[82.5427,19.8896],[82.5415,19.8967],[82.5365,19.8968],[82.5346,19.8999],[82.5395,19.9034],[82.5404,19.9079],[82.5424,19.9092],[82.5415,19.9134],[82.5394,19.9157],[82.536,19.9166],[82.5308,19.9166],[82.5268,19.9179],[82.5234,19.9175],[82.5238,19.9219],[82.5225,19.926],[82.5173,19.9315],[82.5197,19.9334],[82.518,19.9406],[82.5203,19.9432],[82.5204,19.9459],[82.5159,19.9502],[82.5172,19.9628],[82.5165,19.9644],[82.5238,19.9686],[82.5294,19.9691],[82.5326,19.9679],[82.5357,19.9643],[82.5444,19.9635],[82.5516,19.9653],[82.5519,19.9641],[82.5603,19.9645],[82.5626,19.9632],[82.5691,19.963],[82.5703,19.9652],[82.5735,19.965],[82.5751,19.962],[82.5835,19.96],[82.5885,19.9599],[82.5937,19.9605],[82.5959,19.96],[82.5971,19.9563],[82.6046,19.9526],[82.6046,19.9503],[82.6069,19.9488],[82.6111,19.9479],[82.6127,19.9493],[82.6168,19.9499],[82.6209,19.9476],[82.6242,19.948],[82.6284,19.9498],[82.631,19.9536],[82.6354,19.9547],[82.6357,19.9627],[82.6354,19.9683],[82.6327,19.973],[82.6308,19.9778],[82.6268,19.9809],[82.6257,19.983],[82.625,19.9884],[82.6234,19.9941],[82.6211,19.9923],[82.6166,19.9921],[82.6084,19.9904],[82.6038,19.9902],[82.6003,19.9914],[82.5957,19.9916],[82.5903,19.9937],[82.5833,20.0032],[82.5773,20.0067],[82.57,20.0102],[82.5601,20.0137],[82.5536,20.0154],[82.5501,20.0178],[82.5461,20.0169],[82.5428,20.0178],[82.5345,20.0178],[82.5332,20.0153],[82.5234,20.0168],[82.5134,20.0175],[82.5091,20.0182],[82.5,20.0221],[82.4937,20.0244],[82.487,20.0302],[82.4786,20.0382],[82.47,20.0359],[82.4663,20.0394],[82.4607,20.0419],[82.4575,20.04],[82.4496,20.0403],[82.4405,20.0432],[82.4352,20.0461],[82.431,20.0492],[82.4272,20.0502],[82.4196,20.051],[82.4168,20.0522],[82.4095,20.0518],[82.4,20.0561],[82.3983,20.0582],[82.3984,20.0627],[82.3958,20.069],[82.4015,20.081],[82.3998,20.0898],[82.401,20.0974],[82.3982,20.1017],[82.3987,20.1131],[82.3977,20.1238],[82.3942,20.1299],[82.3932,20.1376],[82.3907,20.1394],[82.3901,20.1414],[82.386,20.1455],[82.3872,20.1491],[82.3899,20.1495],[82.394,20.1523],[82.3938,20.1567],[82.3918,20.1587],[82.3914,20.1619],[82.39,20.1637],[82.3943,20.1683],[82.3949,20.1701],[82.3978,20.1722],[82.4047,20.176],[82.4075,20.1812],[82.4113,20.1813],[82.413,20.185],[82.4141,20.1899],[82.4146,20.2009],[82.4203,20.2045],[82.4208,20.2058],[82.4205,20.2131],[82.4224,20.2209],[82.4178,20.224],[82.4151,20.2268],[82.4134,20.236],[82.4107,20.2402],[82.4112,20.2454],[82.4213,20.2467],[82.4223,20.248],[82.4182,20.2518],[82.4163,20.2569],[82.4114,20.2601],[82.4112,20.2631],[82.4123,20.267],[82.416,20.272],[82.4215,20.2747],[82.425,20.2752],[82.431,20.28],[82.4353,20.2848],[82.4358,20.2879],[82.4376,20.2919],[82.4366,20.2961],[82.432,20.2986],[82.4299,20.3029],[82.4315,20.3128],[82.4273,20.3166],[82.4221,20.3234],[82.4177,20.3242],[82.413,20.328],[82.4102,20.3273],[82.4084,20.3292],[82.409,20.3328],[82.4037,20.3356],[82.4004,20.3394],[82.4013,20.3439],[82.4049,20.3491],[82.4063,20.353],[82.405,20.358],[82.4069,20.3615],[82.4091,20.3629],[82.409,20.3657],[82.4112,20.3713],[82.4151,20.377],[82.3821,20.369],[82.3571,20.3664],[82.3228,20.3633],[82.2834,20.3646],[82.2815,20.3682],[82.2728,20.368],[82.2732,20.3768],[82.2694,20.3843],[82.2588,20.3801],[82.2523,20.3752],[82.2504,20.3702],[82.2504,20.367],[82.2483,20.3603],[82.2454,20.3562],[82.2473,20.3524],[82.2434,20.3519],[82.2393,20.3526],[82.2138,20.3582],[82.1965,20.3689],[82.1708,20.3808],[82.1558,20.3884],[82.133,20.399],[82.132,20.3974],[82.1178,20.3844],[82.1173,20.3798],[82.1201,20.3757],[82.1145,20.375],[82.0978,20.3756],[82.0857,20.3726],[82.0833,20.3723],[82.0808,20.3687],[82.0809,20.3653],[82.0855,20.357],[82.0886,20.3455],[82.0877,20.3349],[82.0853,20.3319],[82.0855,20.3299],[82.0912,20.3259],[82.0942,20.3244],[82.099,20.3161],[82.1033,20.3057],[82.1054,20.3034],[82.1086,20.2907],[82.1159,20.2875],[82.1267,20.288],[82.1317,20.2887],[82.1451,20.2872],[82.1526,20.282],[82.157,20.2766],[82.1558,20.2744],[82.1556,20.2696],[82.1604,20.2652],[82.1665,20.2604],[82.1718,20.2609],[82.1751,20.26],[82.1802,20.257],[82.1769,20.2534],[82.1747,20.2524],[82.1637,20.2391],[82.1622,20.2358],[82.1645,20.2328],[82.1645,20.2305],[82.1618,20.23],[82.1576,20.227],[82.1549,20.2235],[82.1503,20.2229],[82.1478,20.218],[82.1452,20.2073],[82.139,20.1972],[82.1342,20.1861],[82.1334,20.1829],[82.1335,20.1786],[82.1354,20.1751],[82.134,20.1729],[82.1324,20.1669],[82.134,20.1629],[82.1319,20.1577],[82.1353,20.1541],[82.1374,20.1489],[82.1292,20.1415],[82.1233,20.139],[82.1145,20.1348],[82.1144,20.1224],[82.1139,20.1162],[82.1115,20.1127],[82.1074,20.1087],[82.1055,20.1055],[82.1006,20.1033],[82.0958,20.1023],[82.0926,20.1007],[82.0875,20.1012],[82.0841,20.1025],[82.0779,20.1027],[82.0718,20.1048],[82.0699,20.1061],[82.0636,20.1052],[82.0533,20.0997],[82.0448,20.0963],[82.0388,20.0975],[82.0363,20.096],[82.0334,20.0829],[82.0315,20.0791],[82.0313,20.076],[82.0278,20.0724],[82.0251,20.0659],[82.0225,20.0621],[82.0216,20.0539],[82.0197,20.0502],[82.0177,20.049],[82.0227,20.0321],[82.0215,20.0237],[82.0325,20.0157],[82.0364,20.0206],[82.0399,20.0239],[82.0373,20.0279],[82.038,20.0301],[82.0405,20.0306],[82.0426,20.0347],[82.0482,20.0348],[82.0476,20.0364],[82.0545,20.0412],[82.0564,20.0417],[82.0591,20.045],[82.0598,20.0486],[82.0622,20.0495],[82.0635,20.0545],[82.0705,20.0569],[82.0739,20.056],[82.0854,20.0507],[82.0846,20.046],[82.0866,20.0449],[82.087,20.0421],[82.0889,20.0394],[82.0945,20.0393],[82.0995,20.0408],[82.1015,20.0396],[82.1021,20.0364],[82.1038,20.0357],[82.1032,20.0311],[82.1055,20.0306],[82.1069,20.0273],[82.1102,20.0275],[82.1137,20.0234],[82.1177,20.0204],[82.1285,20.0142],[82.1305,20.016],[82.1363,20.0189],[82.1398,20.0187],[82.1478,20.0131],[82.1535,20.0076],[82.1562,20.0074],[82.1606,20.0091],[82.1649,20.0069],[82.1681,20.007],[82.1716,20.0052],[82.1704,20.0024],[82.1772,19.997],[82.1781,19.994],[82.1803,19.9911],[82.1829,19.99],[82.1852,19.9873],[82.1882,19.9862],[82.1953,19.9872],[82.2045,19.9858],[82.2101,19.9863],[82.2167,19.9971],[82.222,19.9992],[82.2293,19.9998],[82.2371,20.0033],[82.2409,19.9988],[82.2468,19.9945],[82.25,19.9891],[82.2562,19.9834],[82.2646,19.9777],[82.2692,19.9753],[82.2701,19.972],[82.2749,19.963],[82.2751,19.9547],[82.2758,19.9486],[82.2896,19.9243],[82.2949,19.9144],[82.2999,19.9063],[82.3016,19.9027],[82.3035,19.8934],[82.3035,19.8888],[82.3142,19.8772],[82.3263,19.8616],[82.3267,19.8588],[82.3296,19.8511],[82.3307,19.8449],[82.3434,19.8355],[82.3483,19.8361],[82.3537,19.8403],[82.3573,19.8454],[82.36,19.8473],[82.362,19.8511],[82.3646,19.8514],[82.3646,19.8547],[82.3604,19.8573],[82.3614,19.8588],[82.3607,19.8625],[82.3723,19.8608],[82.3752,19.8596],[82.3784,19.8646]]]},"properties":{"id":"in:subdistrict:3337","level":"subdistrict","name":"Mainpur","code":3337,"parent":"in:district:645","state":"in:state:22"}},{"type":"Feature","geometry":{"type":"Polygon","coordinates":[[[81.9708,20.7296],[81.9746,20.7336],[81.9764,20.738],[81.9772,20.7421],[81.9804,20.7396],[81.9895,20.7309],[81.993,20.7317],[81.9976,20.7309],[81.9956,20.7352],[81.9994,20.7372],[82.0011,20.7392],[81.9968,20.7455],[81.996,20.7484],[81.9914,20.7497],[81.9885,20.7522],[81.9917,20.7538],[81.9931,20.7576],[81.9968,20.7596],[81.9961,20.7625],[81.9935,20.7666],[81.996,20.7682],[82.0012,20.7669],[82.0042,20.7684],[82.0082,20.7689],[82.009,20.7609],[82.018,20.7604],[82.0182,20.756],[82.0134,20.7543],[82.0126,20.7507],[82.0214,20.7466],[82.0396,20.7409],[82.0516,20.7361],[82.0622,20.7314],[82.0694,20.7276],[82.0738,20.7284],[82.0777,20.7265],[82.0788,20.7275],[82.0827,20.726],[82.0878,20.7258],[82.0939,20.7192],[82.0966,20.7188],[82.1016,20.7155],[82.1153,20.7161],[82.1201,20.7154],[82.1247,20.7138],[82.1285,20.7142],[82.1307,20.713],[82.1332,20.7136],[82.1389,20.7132],[82.1435,20.7074],[82.1497,20.7049],[82.1499,20.7076],[82.1519,20.7101],[82.1529,20.7147],[82.1456,20.7184],[82.1476,20.7225],[82.149,20.7232],[82.1523,20.728],[82.1579,20.7245],[82.1604,20.7217],[82.16,20.7165],[82.1664,20.7179],[82.1698,20.7163],[82.169,20.7115],[82.1673,20.7069],[82.1681,20.7052],[82.1669,20.7027],[82.1682,20.7014],[82.1697,20.6949],[82.1685,20.6894],[82.1803,20.6899],[82.1839,20.6883],[82.1901,20.691],[82.1963,20.6912],[82.1946,20.6861],[82.1954,20.6783],[82.2003,20.6778],[82.2052,20.6793],[82.2068,20.6815],[82.2115,20.6831],[82.2139,20.6853],[82.2189,20.6862],[82.2222,20.686],[82.2282,20.6885],[82.2302,20.691],[82.2347,20.6934],[82.2375,20.696],[82.2399,20.684],[82.2411,20.6818],[82.2431,20.6743],[82.2454,20.6673],[82.2536,20.6683],[82.2592,20.6733],[82.2695,20.6714],[82.2742,20.669],[82.2731,20.6658],[82.272,20.6535],[82.2709,20.6453],[82.2711,20.642],[82.2818,20.6342],[82.2819,20.6286],[82.2866,20.6328],[82.2931,20.6314],[82.2998,20.6318],[82.3021,20.6325],[82.3026,20.6369],[82.3063,20.6452],[82.3083,20.6476],[82.3157,20.6485],[82.3222,20.6465],[82.3254,20.6466],[82.333,20.6434],[82.3339,20.6465],[82.3392,20.6512],[82.3392,20.653],[82.344,20.6578],[82.3463,20.6576],[82.3481,20.6596],[82.3532,20.6615],[82.3569,20.6606],[82.3607,20.6576],[82.3678,20.6554],[82.3648,20.66],[82.3664,20.6644],[82.3658,20.6657],[82.3695,20.6714],[82.3705,20.674],[82.367,20.6802],[82.3614,20.682],[82.3588,20.6864],[82.3575,20.6901],[82.355,20.6932],[82.3524,20.7036],[82.3504,20.7063],[82.3508,20.7173],[82.354,20.7197],[82.3456,20.7316],[82.3504,20.7333],[82.3536,20.7359],[82.3511,20.7412],[82.3473,20.7524],[82.3417,20.7681],[82.3436,20.771],[82.3434,20.7763],[82.344,20.7799],[82.3435,20.7832],[82.3439,20.7922],[82.3459,20.7968],[82.3458,20.7986],[82.3423,20.8037],[82.3432,20.8089],[82.3407,20.8147],[82.341,20.8208],[82.3393,20.8258],[82.3414,20.8296],[82.3415,20.8379],[82.3395,20.8468],[82.3445,20.8564],[82.346,20.8729],[82.3362,20.8704],[82.3374,20.8757],[82.3367,20.8777],[82.3317,20.878],[82.3258,20.8799],[82.3182,20.8787],[82.3121,20.881],[82.3102,20.884],[82.308,20.8855],[82.302,20.8938],[82.2978,20.9011],[82.2966,20.9019],[82.2884,20.9029],[82.2811,20.9057],[82.2749,20.9102],[82.2737,20.9121],[82.2729,20.9166],[82.271,20.9195],[82.2702,20.9254],[82.2721,20.9335],[82.27,20.9391],[82.2674,20.9419],[82.2656,20.9453],[82.2617,20.9432],[82.259,20.9406],[82.2538,20.941],[82.2509,20.9396],[82.2464,20.941],[82.2428,20.9473],[82.2366,20.9472],[82.2288,20.9509],[82.2282,20.9521],[82.2238,20.952],[82.2207,20.9502],[82.2244,20.9455],[82.2262,20.9388],[82.2197,20.9347],[82.2176,20.9369],[82.2092,20.9395],[82.2069,20.9425],[82.2024,20.9418],[82.1985,20.9392],[82.1948,20.9449],[82.1917,20.9468],[82.1888,20.954],[82.1881,20.96],[82.1864,20.9669],[82.1823,20.9665],[82.1767,20.9684],[82.1741,20.9707],[82.1718,20.9746],[82.1721,20.9798],[82.1739,20.9844],[82.171,20.9947],[82.1714,20.9977],[82.1684,21.0005],[82.1663,21.0061],[82.1671,21.0074],[82.1651,21.0106],[82.1636,21.0084],[82.1601,21.0064],[82.1568,21.0033],[82.1472,20.9902],[82.145,20.9894],[82.1366,20.9825],[82.1333,20.9753],[82.1318,20.9702],[82.1257,20.9715],[82.1161,20.9754],[82.1112,20.9726],[82.1081,20.9758],[82.1047,20.978],[82.1073,20.9829],[82.106,20.9865],[82.0988,20.9907],[82.0931,20.9893],[82.0853,20.9839],[82.0841,20.9802],[82.0833,20.9739],[82.0864,20.9689],[82.0889,20.968],[82.0916,20.9688],[82.0979,20.9729],[82.1008,20.97],[82.1065,20.9671],[82.1087,20.9598],[82.1037,20.962],[82.1012,20.9582],[82.0984,20.9506],[82.0934,20.9529],[82.0911,20.9502],[82.0913,20.9447],[82.0852,20.9404],[82.0869,20.938],[82.0853,20.9323],[82.0792,20.9161],[82.0854,20.9117],[82.0912,20.9054],[82.0934,20.8966],[82.0941,20.8906],[82.0939,20.8816],[82.0933,20.8753],[82.0914,20.8662],[82.0892,20.8575],[82.0879,20.8538],[82.0853,20.8527],[82.0805,20.8576],[82.0744,20.8559],[82.0719,20.8517],[82.0681,20.8523],[82.0588,20.8577],[82.0604,20.8505],[82.0551,20.8522],[82.0455,20.851],[82.0388,20.8505],[82.0385,20.8447],[82.0343,20.8409],[82.0254,20.838],[82.018,20.8372],[82.0126,20.8382],[82.0106,20.8396],[82.0093,20.8445],[82.0071,20.8458],[82.0055,20.8444],[82.0012,20.846],[82,20.8502],[81.9957,20.8507],[81.9878,20.8504],[81.987,20.843],[81.9918,20.8346],[81.994,20.8252],[81.9907,20.8204],[81.9858,20.8203],[81.9813,20.8243],[81.9764,20.8244],[81.9744,20.8268],[81.9722,20.8276],[81.9668,20.8273],[81.9669,20.8248],[81.9635,20.8226],[81.9568,20.8249],[81.9551,20.8265],[81.9461,20.8233],[81.9417,20.8201],[81.9405,20.8164],[81.9316,20.8164],[81.9277,20.8121],[81.9246,20.8116],[81.9236,20.8074],[81.9207,20.8038],[81.9111,20.7945],[81.9098,20.791],[81.9096,20.7853],[81.9196,20.7746],[81.9216,20.7713],[81.9242,20.7634],[81.9242,20.7594],[81.9228,20.7514],[81.9259,20.7471],[81.9346,20.7401],[81.9412,20.7372],[81.9504,20.7361],[81.9558,20.735],[81.9641,20.7316],[81.9708,20.7296]],[[82.1092,20.729],[82.1137,20.7304],[82.1201,20.7339],[82.1219,20.7373],[82.1294,20.7407],[82.1396,20.7385],[82.1402,20.7313],[82.1359,20.7242],[82.1333,20.7189],[82.1264,20.7189],[82.1244,20.7221],[82.1177,20.7233],[82.1063,20.7237],[82.1092,20.729]]]},"properties":{"id":"in:subdistrict:3336","level":"subdistrict","name":"Chhura","code":3336,"parent":"in:district:645","state":"in:state:22"}},{"type":"Feature","geometry":{"type":"MultiPolygon","coordinates":[[[[82.1092,20.729],[82.1063,20.7237],[82.1177,20.7233],[82.1244,20.7221],[82.1264,20.7189],[82.1333,20.7189],[82.1359,20.7242],[82.1402,20.7313],[82.1396,20.7385],[82.1294,20.7407],[82.1219,20.7373],[82.1201,20.7339],[82.1137,20.7304],[82.1092,20.729]]],[[[82.0203,20.5501],[82.0214,20.5438],[82.0208,20.5409],[82.0201,20.5316],[82.0216,20.5262],[82.0242,20.5238],[82.0323,20.5209],[82.036,20.5175],[82.0376,20.5112],[82.0402,20.5073],[82.0409,20.5031],[82.0473,20.5012],[82.0488,20.4981],[82.0479,20.4918],[82.0515,20.4824],[82.0555,20.4782],[82.056,20.4737],[82.0519,20.4631],[82.0569,20.4516],[82.0623,20.4473],[82.0635,20.4445],[82.0615,20.4373],[82.0644,20.434],[82.0716,20.432],[82.0745,20.4292],[82.0758,20.4213],[82.0826,20.4149],[82.0853,20.4104],[82.0841,20.4046],[82.0846,20.3977],[82.0814,20.3954],[82.0804,20.3913],[82.0819,20.3856],[82.0852,20.3824],[82.0854,20.378],[82.0833,20.3723],[82.0857,20.3726],[82.0978,20.3756],[82.1145,20.375],[82.1201,20.3757],[82.1173,20.3798],[82.1178,20.3844],[82.132,20.3974],[82.133,20.399],[82.1558,20.3884],[82.1708,20.3808],[82.1965,20.3689],[82.2138,20.3582],[82.2393,20.3526],[82.2434,20.3519],[82.2473,20.3524],[82.2454,20.3562],[82.2483,20.3603],[82.2504,20.367],[82.2504,20.3702],[82.2523,20.3752],[82.2588,20.3801],[82.2694,20.3843],[82.2732,20.3768],[82.2728,20.368],[82.2815,20.3682],[82.2834,20.3646],[82.3228,20.3633],[82.3571,20.3664],[82.3821,20.369],[82.4151,20.377],[82.4181,20.3821],[82.4173,20.3863],[82.4186,20.3895],[82.4212,20.3928],[82.4182,20.4042],[82.4166,20.4077],[82.432,20.4166],[82.4316,20.4189],[82.4297,20.4279],[82.4379,20.4341],[82.434,20.4457],[82.4257,20.4453],[82.4265,20.4588],[82.4265,20.4658],[82.4271,20.4691],[82.4248,20.4718],[82.4236,20.4751],[82.4176,20.4817],[82.4147,20.4776],[82.4146,20.4756],[82.411,20.4708],[82.4101,20.468],[82.4079,20.4671],[82.409,20.4648],[82.4039,20.46],[82.4024,20.4617],[82.3998,20.4611],[82.3949,20.4626],[82.3975,20.4645],[82.3978,20.4729],[82.3958,20.4778],[82.392,20.4787],[82.3937,20.4825],[82.3928,20.4866],[82.3906,20.4862],[82.3912,20.4908],[82.3883,20.4954],[82.3895,20.498],[82.3885,20.502],[82.388,20.5107],[82.3897,20.5176],[82.3885,20.5184],[82.3782,20.522],[82.3732,20.5233],[82.371,20.5229],[82.3665,20.5255],[82.3627,20.5269],[82.3571,20.5298],[82.3542,20.5344],[82.3534,20.5373],[82.3486,20.5467],[82.345,20.5479],[82.3418,20.5521],[82.3356,20.5553],[82.3327,20.5605],[82.3329,20.564],[82.3343,20.569],[82.3391,20.5694],[82.3433,20.5715],[82.3452,20.5741],[82.3485,20.5767],[82.3483,20.5786],[82.3506,20.5813],[82.3471,20.5901],[82.3442,20.5927],[82.3437,20.5958],[82.3449,20.5985],[82.348,20.603],[82.3523,20.6028],[82.3548,20.6057],[82.3553,20.6088],[82.3587,20.6085],[82.3623,20.6099],[82.3628,20.6138],[82.3651,20.615],[82.364,20.6194],[82.3648,20.6224],[82.3709,20.626],[82.3765,20.6324],[82.3747,20.6353],[82.3749,20.6386],[82.3722,20.6425],[82.3685,20.6492],[82.3684,20.6519],[82.37,20.6556],[82.3688,20.6596],[82.3738,20.6674],[82.3705,20.674],[82.3695,20.6714],[82.3658,20.6657],[82.3664,20.6644],[82.3648,20.66],[82.3678,20.6554],[82.3607,20.6576],[82.3569,20.6606],[82.3532,20.6615],[82.3481,20.6596],[82.3463,20.6576],[82.344,20.6578],[82.3392,20.653],[82.3392,20.6512],[82.3339,20.6465],[82.333,20.6434],[82.3254,20.6466],[82.3222,20.6465],[82.3157,20.6485],[82.3083,20.6476],[82.3063,20.6452],[82.3026,20.6369],[82.3021,20.6325],[82.2998,20.6318],[82.2931,20.6314],[82.2866,20.6328],[82.2819,20.6286],[82.2818,20.6342],[82.2711,20.642],[82.2709,20.6453],[82.272,20.6535],[82.2731,20.6658],[82.2742,20.669],[82.2695,20.6714],[82.2592,20.6733],[82.2536,20.6683],[82.2454,20.6673],[82.2431,20.6743],[82.2411,20.6818],[82.2399,20.684],[82.2375,20.696],[82.2347,20.6934],[82.2302,20.691],[82.2282,20.6885],[82.2222,20.686],[82.2189,20.6862],[82.2139,20.6853],[82.2115,20.6831],[82.2068,20.6815],[82.2052,20.6793],[82.2003,20.6778],[82.1954,20.6783],[82.1946,20.6861],[82.1963,20.6912],[82.1901,20.691],[82.1839,20.6883],[82.1803,20.6899],[82.1685,20.6894],[82.1697,20.6949],[82.1682,20.7014],[82.1669,20.7027],[82.1681,20.7052],[82.1673,20.7069],[82.169,20.7115],[82.1698,20.7163],[82.1664,20.7179],[82.16,20.7165],[82.1604,20.7217],[82.1579,20.7245],[82.1523,20.728],[82.149,20.7232],[82.1476,20.7225],[82.1456,20.7184],[82.1529,20.7147],[82.1519,20.7101],[82.1499,20.7076],[82.1497,20.7049],[82.1435,20.7074],[82.1389,20.7132],[82.1332,20.7136],[82.1307,20.713],[82.1285,20.7142],[82.1247,20.7138],[82.1201,20.7154],[82.1153,20.7161],[82.1016,20.7155],[82.0966,20.7188],[82.0939,20.7192],[82.0878,20.7258],[82.0827,20.726],[82.0788,20.7275],[82.0777,20.7265],[82.0738,20.7284],[82.0694,20.7276],[82.0622,20.7314],[82.0516,20.7361],[82.0396,20.7409],[82.0214,20.7466],[82.0126,20.7507],[82.0134,20.7543],[82.0182,20.756],[82.018,20.7604],[82.009,20.7609],[82.0082,20.7689],[82.0042,20.7684],[82.0012,20.7669],[81.996,20.7682],[81.9935,20.7666],[81.9961,20.7625],[81.9968,20.7596],[81.9931,20.7576],[81.9917,20.7538],[81.9885,20.7522],[81.9914,20.7497],[81.996,20.7484],[81.9968,20.7455],[82.0011,20.7392],[81.9994,20.7372],[81.9956,20.7352],[81.9976,20.7309],[81.993,20.7317],[81.9895,20.7309],[81.9804,20.7396],[81.9772,20.7421],[81.9764,20.738],[81.9746,20.7336],[81.9708,20.7296],[81.9749,20.7281],[81.9815,20.7239],[81.9838,20.7215],[81.9845,20.7174],[81.9819,20.7098],[81.9816,20.7052],[81.983,20.7018],[81.9881,20.6967],[81.9932,20.6925],[81.9983,20.6839],[82.0035,20.679],[82.0093,20.6769],[82.0115,20.6749],[82.0127,20.6711],[82.0121,20.6695],[82.0064,20.6644],[82.0034,20.6588],[82.0016,20.6517],[81.9981,20.6483],[81.9977,20.6451],[81.9956,20.6406],[81.9946,20.6352],[81.9974,20.6261],[81.9993,20.6233],[82.0044,20.6088],[82.006,20.6018],[82.0081,20.5968],[82.0086,20.5935],[82.0151,20.5818],[82.0179,20.576],[82.0174,20.5645],[82.0185,20.555],[82.0203,20.5501]]]]},"properties":{"id":"in:subdistrict:3335","level":"subdistrict","name":"Bindranavagarh(Gariyaband)","code":3335,"parent":"in:district:645","state":"in:state:22"}},{"type":"Feature","geometry":{"type":"Polygon","coordinates":[[[81.9246,20.8116],[81.9277,20.8121],[81.9316,20.8164],[81.9405,20.8164],[81.9417,20.8201],[81.9461,20.8233],[81.9551,20.8265],[81.9568,20.8249],[81.9635,20.8226],[81.9669,20.8248],[81.9668,20.8273],[81.9722,20.8276],[81.9744,20.8268],[81.9764,20.8244],[81.9813,20.8243],[81.9858,20.8203],[81.9907,20.8204],[81.994,20.8252],[81.9918,20.8346],[81.987,20.843],[81.9878,20.8504],[81.9957,20.8507],[82,20.8502],[82.0012,20.846],[82.0055,20.8444],[82.0071,20.8458],[82.0093,20.8445],[82.0106,20.8396],[82.0126,20.8382],[82.018,20.8372],[82.0254,20.838],[82.0343,20.8409],[82.0385,20.8447],[82.0388,20.8505],[82.0455,20.851],[82.0551,20.8522],[82.0604,20.8505],[82.0588,20.8577],[82.0681,20.8523],[82.0719,20.8517],[82.0744,20.8559],[82.0805,20.8576],[82.0853,20.8527],[82.0879,20.8538],[82.0892,20.8575],[82.0914,20.8662],[82.0933,20.8753],[82.0939,20.8816],[82.0941,20.8906],[82.0934,20.8966],[82.0912,20.9054],[82.0854,20.9117],[82.0792,20.9161],[82.0853,20.9323],[82.0869,20.938],[82.0852,20.9404],[82.0913,20.9447],[82.0911,20.9502],[82.0934,20.9529],[82.0984,20.9506],[82.1012,20.9582],[82.1037,20.962],[82.1087,20.9598],[82.1065,20.9671],[82.1008,20.97],[82.0979,20.9729],[82.0916,20.9688],[82.0889,20.968],[82.0864,20.9689],[82.0833,20.9739],[82.0841,20.9802],[82.0853,20.9839],[82.0931,20.9893],[82.0988,20.9907],[82.106,20.9865],[82.1073,20.9829],[82.1047,20.978],[82.1081,20.9758],[82.1112,20.9726],[82.1161,20.9754],[82.1257,20.9715],[82.1318,20.9702],[82.1333,20.9753],[82.1366,20.9825],[82.145,20.9894],[82.1472,20.9902],[82.1568,21.0033],[82.1601,21.0064],[82.1636,21.0084],[82.1651,21.0106],[82.1632,21.0151],[82.1589,21.0166],[82.1476,21.0164],[82.1397,21.0188],[82.1341,21.0177],[82.1305,21.0161],[82.1255,21.0164],[82.1191,21.0214],[82.1151,21.0226],[82.1082,21.026],[82.1057,21.0265],[82.099,21.0263],[82.095,21.0252],[82.0929,21.0257],[82.085,21.0302],[82.0806,21.0338],[82.0788,21.0385],[82.0765,21.0401],[82.0713,21.042],[82.0663,21.0462],[82.0652,21.0531],[82.0625,21.06],[82.058,21.0625],[82.0529,21.0601],[82.0434,21.0594],[82.0377,21.0584],[82.0321,21.056],[82.0252,21.0568],[82.0182,21.0605],[82.0124,21.066],[82.0098,21.0718],[82.0072,21.0743],[82.0028,21.0762],[81.9953,21.0766],[81.9882,21.0833],[81.9801,21.0745],[81.9775,21.0701],[81.9766,21.068],[81.9706,21.0589],[81.9653,21.0522],[81.9557,21.0389],[81.9535,21.0364],[81.9454,21.0307],[81.9413,21.0291],[81.9355,21.0249],[81.9233,21.0176],[81.922,21.0164],[81.9152,21.0073],[81.9023,20.9971],[81.8989,20.9953],[81.8945,20.9915],[81.8897,20.9887],[81.886,20.9836],[81.8779,20.9767],[81.8762,20.9741],[81.8742,20.9662],[81.8732,20.9646],[81.8735,20.9609],[81.8732,20.9429],[81.8736,20.9385],[81.8764,20.9317],[81.8765,20.9199],[81.8778,20.9156],[81.8816,20.9096],[81.8897,20.9042],[81.8924,20.8983],[81.8923,20.8947],[81.8909,20.8891],[81.888,20.8815],[81.8889,20.8745],[81.8912,20.8674],[81.8968,20.86],[81.9004,20.852],[81.9024,20.8396],[81.9041,20.8349],[81.9084,20.8284],[81.9142,20.8227],[81.9199,20.8194],[81.9232,20.8156],[81.9246,20.8116]]]},"properties":{"id":"in:subdistrict:3333","level":"subdistrict","name":"Rajim","code":3333,"parent":"in:district:645","state":"in:state:22"}},{"type":"Feature","geometry":{"type":"Polygon","coordinates":[[[81.9882,21.0833],[81.9887,21.085],[81.9899,21.0976],[81.992,21.1083],[81.9922,21.1131],[81.9961,21.1258],[81.9975,21.1339],[81.9973,21.1363],[81.999,21.1409],[82.0012,21.1442],[82.0068,21.1501],[82.0125,21.1547],[82.015,21.1644],[82.0157,21.1697],[82.0171,21.1741],[82.0163,21.1844],[82.0174,21.1933],[82.0162,21.2006],[82.017,21.2099],[82.0197,21.2166],[82.0219,21.2194],[82.0284,21.2322],[82.0369,21.2434],[82.0455,21.2501],[82.0507,21.2565],[82.0555,21.26],[82.0591,21.2635],[82.0635,21.2664],[82.0753,21.2729],[82.0815,21.2769],[82.0908,21.2816],[82.0988,21.2841],[82.1123,21.2863],[82.1177,21.2878],[82.1217,21.2902],[82.1301,21.2999],[82.1343,21.3018],[82.1394,21.3055],[82.1443,21.3104],[82.1459,21.3112],[82.151,21.318],[82.1565,21.3233],[82.1587,21.3264],[82.1656,21.3337],[82.1691,21.3393],[82.1708,21.3433],[82.1749,21.3494],[82.1773,21.3514],[82.1811,21.3581],[82.1825,21.3615],[82.1855,21.366],[82.1895,21.374],[82.1935,21.3792],[82.1901,21.3819],[82.1883,21.382],[82.1832,21.3787],[82.18,21.379],[82.1727,21.3819],[82.1693,21.3814],[82.1648,21.3764],[82.161,21.3761],[82.1583,21.3734],[82.1562,21.3697],[82.1535,21.3682],[82.1457,21.3613],[82.1459,21.3588],[82.1418,21.3603],[82.1372,21.3662],[82.1285,21.3657],[82.1254,21.3674],[82.1246,21.3806],[82.1174,21.3825],[82.1159,21.3864],[82.1175,21.4005],[82.121,21.406],[82.118,21.4125],[82.1128,21.4117],[82.1111,21.4128],[82.1079,21.4116],[82.106,21.4147],[82.0999,21.4182],[82.0967,21.4183],[82.0954,21.4217],[82.0934,21.4226],[82.0914,21.4263],[82.0884,21.4296],[82.0844,21.4307],[82.0828,21.433],[82.0775,21.4354],[82.0694,21.4337],[82.0591,21.4351],[82.0543,21.4365],[82.0521,21.4394],[82.0444,21.4436],[82.0413,21.4446],[82.0378,21.4475],[82.0353,21.4512],[82.0363,21.4537],[82.0339,21.4556],[82.0299,21.455],[82.0268,21.4561],[82.0229,21.453],[82.0235,21.4507],[82.0209,21.4484],[82.0185,21.4499],[82.0183,21.4485],[82.0132,21.4467],[82.0111,21.4445],[82.0126,21.4393],[82.0107,21.4376],[82.0069,21.4369],[82.006,21.4349],[82.0094,21.429],[82.0146,21.4289],[82.0207,21.4304],[82.0225,21.4269],[82.0222,21.4204],[82.0207,21.4155],[82.0186,21.4121],[82.0159,21.4109],[82.0086,21.4098],[82.0088,21.4042],[82.0112,21.4032],[82.0135,21.4002],[82.0152,21.3933],[82.0133,21.3902],[82.0099,21.391],[82.0062,21.3937],[82.0031,21.3938],[81.9983,21.3915],[81.9991,21.3892],[81.9969,21.3855],[81.9938,21.3853],[81.9908,21.3773],[81.9889,21.37],[81.9914,21.3677],[81.9879,21.3601],[81.9808,21.354],[81.9763,21.3558],[81.9762,21.353],[81.9747,21.3494],[81.9755,21.3475],[81.9798,21.3466],[81.9826,21.3416],[81.9848,21.34],[81.9882,21.3341],[81.9847,21.3277],[81.983,21.3256],[81.9722,21.3256],[81.9669,21.3244],[81.9646,21.3223],[81.9492,21.3108],[81.9471,21.312],[81.9401,21.3181],[81.9338,21.3184],[81.9227,21.3203],[81.922,21.3233],[81.9233,21.3312],[81.9146,21.3315],[81.907,21.3338],[81.9054,21.3354],[81.9,21.3361],[81.9009,21.3319],[81.8943,21.3307],[81.8944,21.3248],[81.8926,21.3235],[81.8892,21.3247],[81.8827,21.3249],[81.8835,21.3297],[81.8804,21.3342],[81.8771,21.3345],[81.873,21.332],[81.8656,21.3312],[81.862,21.3283],[81.8577,21.3267],[81.8586,21.3448],[81.8558,21.3432],[81.8485,21.3411],[81.8455,21.3362],[81.8397,21.3301],[81.834,21.3301],[81.8318,21.3287],[81.827,21.3286],[81.8228,21.3305],[81.8191,21.3335],[81.8202,21.3379],[81.8168,21.3387],[81.8118,21.3363],[81.807,21.3444],[81.806,21.3474],[81.8023,21.3491],[81.795,21.3512],[81.7907,21.3501],[81.7894,21.3451],[81.7848,21.3428],[81.7811,21.3361],[81.779,21.3344],[81.7798,21.3299],[81.7778,21.3279],[81.7717,21.3187],[81.7655,21.316],[81.7642,21.3165],[81.7589,21.3134],[81.7545,21.3134],[81.7534,21.3122],[81.7462,21.3105],[81.7411,21.3127],[81.7439,21.3178],[81.7353,21.3169],[81.7249,21.318],[81.7218,21.3167],[81.7192,21.3126],[81.7179,21.308],[81.7191,21.304],[81.7301,21.2993],[81.7326,21.2917],[81.7304,21.2882],[81.7378,21.2885],[81.7443,21.288],[81.7483,21.2891],[81.7506,21.286],[81.7486,21.2828],[81.7495,21.2767],[81.7526,21.2716],[81.7563,21.2727],[81.7665,21.2719],[81.7689,21.2672],[81.7675,21.263],[81.7681,21.2601],[81.765,21.2574],[81.7637,21.2507],[81.7644,21.2491],[81.7602,21.2436],[81.7593,21.2394],[81.7543,21.2382],[81.7532,21.2292],[81.7507,21.2268],[81.7487,21.2235],[81.7486,21.2088],[81.7501,21.2052],[81.7484,21.2014],[81.7466,21.2003],[81.7383,21.2008],[81.7331,21.1998],[81.7324,21.1936],[81.7306,21.1889],[81.7355,21.1857],[81.7343,21.1833],[81.7377,21.1829],[81.7492,21.1801],[81.7493,21.1718],[81.7658,21.1691],[81.7687,21.1692],[81.7714,21.162],[81.7699,21.152],[81.7707,21.1471],[81.7673,21.1444],[81.7646,21.1439],[81.7622,21.1396],[81.7617,21.1357],[81.7641,21.1342],[81.7671,21.1287],[81.7722,21.1279],[81.7749,21.1285],[81.7731,21.1203],[81.7762,21.1155],[81.7832,21.1149],[81.7859,21.1135],[81.7907,21.1185],[81.7924,21.124],[81.7966,21.1288],[81.7988,21.133],[81.7976,21.1365],[81.7982,21.1385],[81.8076,21.1409],[81.812,21.1411],[81.8154,21.1421],[81.8176,21.1415],[81.8218,21.1422],[81.8263,21.1413],[81.8302,21.1428],[81.8359,21.1473],[81.8384,21.1449],[81.8383,21.1398],[81.8483,21.1351],[81.8548,21.1313],[81.8582,21.131],[81.8592,21.1268],[81.8591,21.1209],[81.8627,21.1189],[81.8679,21.1183],[81.8768,21.118],[81.8806,21.1202],[81.8845,21.1213],[81.8868,21.1203],[81.8905,21.1207],[81.893,21.1252],[81.8948,21.1267],[81.9032,21.1273],[81.9155,21.1239],[81.9169,21.123],[81.9234,21.1221],[81.9231,21.1203],[81.9269,21.1138],[81.9305,21.113],[81.9295,21.1039],[81.9284,21.1021],[81.9312,21.0981],[81.9353,21.0963],[81.9291,21.09],[81.9334,21.0808],[81.9415,21.0803],[81.9518,21.0791],[81.9525,21.0818],[81.9547,21.082],[81.9582,21.0799],[81.9631,21.078],[81.971,21.0733],[81.9775,21.0701],[81.9801,21.0745],[81.9882,21.0833]]]},"properties":{"id":"in:subdistrict:3330","level":"subdistrict","name":"Arang","code":3330,"parent":"in:district:387","state":"in:state:22"}},{"type":"Feature","geometry":{"type":"Polygon","coordinates":[[[82.1589,21.0166],[82.1619,21.0173],[82.1703,21.016],[82.1747,21.0092],[82.1761,21.0082],[82.1818,21.007],[82.1823,21.0096],[82.1884,21.01],[82.19,21.0127],[82.1943,21.0126],[82.192,21.0189],[82.1956,21.0194],[82.2006,21.0182],[82.2027,21.0199],[82.206,21.0271],[82.2096,21.0291],[82.2063,21.0313],[82.2013,21.0323],[82.2011,21.0355],[82.2038,21.0366],[82.2021,21.0386],[82.1963,21.0431],[82.1948,21.0497],[82.195,21.0528],[82.1925,21.0576],[82.1885,21.059],[82.1839,21.0638],[82.1845,21.0708],[82.1827,21.0793],[82.1833,21.0868],[82.1861,21.0883],[82.1894,21.0882],[82.2037,21.0901],[82.2056,21.0914],[82.2049,21.0936],[82.2017,21.0967],[82.1987,21.0973],[82.1946,21.0953],[82.1896,21.0993],[82.1882,21.0994],[82.1842,21.0966],[82.1747,21.0977],[82.1754,21.1033],[82.1708,21.1097],[82.1744,21.1108],[82.1758,21.1094],[82.1837,21.1118],[82.1872,21.1118],[82.1922,21.1171],[82.1963,21.116],[82.1944,21.1211],[82.2021,21.139],[82.2035,21.1357],[82.2064,21.134],[82.2059,21.1273],[82.2075,21.1267],[82.2105,21.1282],[82.2089,21.1306],[82.2108,21.1336],[82.2129,21.1335],[82.2132,21.13],[82.2177,21.1278],[82.2209,21.1226],[82.2294,21.1199],[82.2359,21.1259],[82.2405,21.1281],[82.2443,21.1259],[82.2471,21.1254],[82.2489,21.1288],[82.2516,21.1292],[82.2537,21.1333],[82.2506,21.1361],[82.2507,21.1383],[82.2543,21.139],[82.2555,21.138],[82.2574,21.1307],[82.2599,21.1297],[82.2605,21.1277],[82.2645,21.1253],[82.2675,21.1305],[82.2716,21.1319],[82.2777,21.1281],[82.2789,21.1261],[82.2787,21.1214],[82.2807,21.1189],[82.2815,21.1159],[82.2834,21.1159],[82.2881,21.1202],[82.2895,21.1282],[82.2937,21.1325],[82.2968,21.1308],[82.2982,21.127],[82.3037,21.1208],[82.3046,21.128],[82.3008,21.1343],[82.3062,21.1349],[82.3117,21.1341],[82.3104,21.1409],[82.3189,21.1444],[82.3224,21.1419],[82.3239,21.1489],[82.3284,21.1531],[82.3297,21.1556],[82.3338,21.155],[82.3339,21.1568],[82.3374,21.1586],[82.34,21.1585],[82.3409,21.1563],[82.3442,21.1561],[82.3459,21.1539],[82.3486,21.1483],[82.3522,21.1455],[82.3556,21.1401],[82.3615,21.1421],[82.3632,21.1457],[82.3711,21.1464],[82.3723,21.1442],[82.3776,21.1448],[82.3854,21.1451],[82.3936,21.1439],[82.4002,21.1421],[82.4083,21.1326],[82.4147,21.1317],[82.4193,21.1446],[82.4236,21.1545],[82.4278,21.1705],[82.4267,21.1729],[82.4179,21.1727],[82.4188,21.186],[82.4203,21.1939],[82.419,21.1966],[82.4167,21.1971],[82.4144,21.2008],[82.414,21.2043],[82.4147,21.2087],[82.4142,21.2166],[82.4206,21.2263],[82.4214,21.2295],[82.4287,21.2314],[82.4326,21.2281],[82.4428,21.2285],[82.4464,21.2244],[82.446,21.2219],[82.4516,21.2207],[82.456,21.2231],[82.4613,21.221],[82.4641,21.2206],[82.4691,21.2221],[82.4686,21.2292],[82.4679,21.2322],[82.4667,21.2485],[82.4671,21.2507],[82.466,21.2543],[82.4569,21.2611],[82.4505,21.262],[82.447,21.2636],[82.4391,21.2644],[82.4355,21.2675],[82.4348,21.2712],[82.4372,21.2763],[82.4424,21.2819],[82.4402,21.2825],[82.4364,21.2893],[82.4384,21.2922],[82.4413,21.2927],[82.4439,21.2951],[82.4458,21.2983],[82.4468,21.3019],[82.445,21.3041],[82.4378,21.3086],[82.4287,21.3103],[82.4238,21.3088],[82.4176,21.3103],[82.4104,21.3049],[82.4072,21.3042],[82.4009,21.2985],[82.3957,21.2959],[82.3955,21.2908],[82.3922,21.2836],[82.3926,21.2792],[82.3918,21.2745],[82.3924,21.2721],[82.3915,21.2669],[82.3899,21.2624],[82.3788,21.2651],[82.3771,21.2701],[82.3775,21.2732],[82.3749,21.2731],[82.3648,21.2765],[82.3608,21.2766],[82.3586,21.2665],[82.3527,21.2667],[82.345,21.2637],[82.3455,21.2667],[82.3433,21.27],[82.3442,21.2728],[82.3519,21.2748],[82.3514,21.2781],[82.3472,21.2849],[82.3433,21.286],[82.3386,21.2815],[82.3373,21.2828],[82.3338,21.2831],[82.329,21.2863],[82.3252,21.2926],[82.3224,21.2913],[82.3144,21.2925],[82.3111,21.2878],[82.3102,21.2811],[82.299,21.2812],[82.2975,21.269],[82.2914,21.2698],[82.2853,21.2717],[82.2769,21.2725],[82.2781,21.2774],[82.2762,21.2813],[82.2758,21.2864],[82.2769,21.2925],[82.2773,21.3011],[82.2676,21.3009],[82.2643,21.3017],[82.2618,21.3088],[82.2542,21.3112],[82.2481,21.3141],[82.2439,21.3147],[82.2464,21.3173],[82.2521,21.3177],[82.2531,21.3228],[82.2547,21.3258],[82.2554,21.3292],[82.255,21.3405],[82.2522,21.345],[82.2549,21.3481],[82.2562,21.3534],[82.2502,21.3589],[82.2446,21.3607],[82.2433,21.3648],[82.2473,21.3683],[82.2506,21.3725],[82.2566,21.383],[82.2684,21.3842],[82.2722,21.3856],[82.2751,21.3855],[82.2767,21.3924],[82.2756,21.3947],[82.2749,21.4012],[82.2723,21.4054],[82.2689,21.4071],[82.2641,21.4074],[82.2618,21.4127],[82.2593,21.4137],[82.2554,21.4134],[82.2545,21.4159],[82.2454,21.4193],[82.2466,21.4275],[82.2493,21.4289],[82.2524,21.4323],[82.2449,21.4346],[82.2413,21.434],[82.2331,21.434],[82.2301,21.4251],[82.224,21.4177],[82.2215,21.4133],[82.2182,21.409],[82.2139,21.4051],[82.2109,21.4],[82.1978,21.3836],[82.1935,21.3792],[82.1895,21.374],[82.1855,21.366],[82.1825,21.3615],[82.1811,21.3581],[82.1773,21.3514],[82.1749,21.3494],[82.1708,21.3433],[82.1691,21.3393],[82.1656,21.3337],[82.1587,21.3264],[82.1565,21.3233],[82.151,21.318],[82.1459,21.3112],[82.1443,21.3104],[82.1394,21.3055],[82.1343,21.3018],[82.1301,21.2999],[82.1217,21.2902],[82.1177,21.2878],[82.1123,21.2863],[82.0988,21.2841],[82.0908,21.2816],[82.0815,21.2769],[82.0753,21.2729],[82.0635,21.2664],[82.0591,21.2635],[82.0555,21.26],[82.0507,21.2565],[82.0455,21.2501],[82.0369,21.2434],[82.0284,21.2322],[82.0219,21.2194],[82.0197,21.2166],[82.017,21.2099],[82.0162,21.2006],[82.0174,21.1933],[82.0163,21.1844],[82.0171,21.1741],[82.0157,21.1697],[82.015,21.1644],[82.0125,21.1547],[82.0068,21.1501],[82.0012,21.1442],[81.999,21.1409],[81.9973,21.1363],[81.9975,21.1339],[81.9961,21.1258],[81.9922,21.1131],[81.992,21.1083],[81.9899,21.0976],[81.9887,21.085],[81.9882,21.0833],[81.9953,21.0766],[82.0028,21.0762],[82.0072,21.0743],[82.0098,21.0718],[82.0124,21.066],[82.0182,21.0605],[82.0252,21.0568],[82.0321,21.056],[82.0377,21.0584],[82.0434,21.0594],[82.0529,21.0601],[82.058,21.0625],[82.0625,21.06],[82.0652,21.0531],[82.0663,21.0462],[82.0713,21.042],[82.0765,21.0401],[82.0788,21.0385],[82.0806,21.0338],[82.085,21.0302],[82.0929,21.0257],[82.095,21.0252],[82.099,21.0263],[82.1057,21.0265],[82.1082,21.026],[82.1151,21.0226],[82.1191,21.0214],[82.1255,21.0164],[82.1305,21.0161],[82.1341,21.0177],[82.1397,21.0188],[82.1476,21.0164],[82.1589,21.0166]]]},"properties":{"id":"in:subdistrict:3341","level":"subdistrict","name":"Mahasamund","code":3341,"parent":"in:district:385","state":"in:state:22"}},{"type":"Feature","geometry":{"type":"Polygon","coordinates":[[[82.6138,21.0653],[82.6095,21.0656],[82.6066,21.0649],[82.6055,21.0613],[82.6023,21.0574],[82.6022,21.0557],[82.5983,21.0519],[82.5981,21.0491],[82.5951,21.0466],[82.5913,21.0413],[82.5847,21.0399],[82.5807,21.0336],[82.5562,21.0403],[82.5479,21.043],[82.5443,21.0437],[82.5394,21.0473],[82.5365,21.0531],[82.5343,21.0623],[82.5324,21.0659],[82.5292,21.0746],[82.5316,21.0764],[82.537,21.0711],[82.539,21.071],[82.5517,21.0761],[82.5519,21.0817],[82.5539,21.0845],[82.5466,21.0844],[82.5381,21.0852],[82.5341,21.085],[82.532,21.0889],[82.5266,21.0861],[82.5256,21.0847],[82.5109,21.0849],[82.5055,21.0863],[82.507,21.0982],[82.5054,21.1075],[82.5096,21.1065],[82.5115,21.107],[82.513,21.1113],[82.5107,21.1119],[82.5078,21.1164],[82.5054,21.1171],[82.5015,21.1214],[82.501,21.1251],[82.4982,21.1251],[82.4928,21.1269],[82.4922,21.1231],[82.4887,21.1176],[82.4849,21.1177],[82.4806,21.1192],[82.4742,21.1238],[82.4709,21.1288],[82.4692,21.1303],[82.4616,21.1289],[82.4598,21.1292],[82.4547,21.1279],[82.4509,21.1236],[82.4483,21.1177],[82.4415,21.1271],[82.4386,21.1294],[82.4347,21.1351],[82.4293,21.1401],[82.4256,21.1422],[82.4193,21.1446],[82.4147,21.1317],[82.4083,21.1326],[82.4002,21.1421],[82.3936,21.1439],[82.3854,21.1451],[82.3776,21.1448],[82.3723,21.1442],[82.3711,21.1464],[82.3632,21.1457],[82.3615,21.1421],[82.3556,21.1401],[82.3522,21.1455],[82.3486,21.1483],[82.3459,21.1539],[82.3442,21.1561],[82.3409,21.1563],[82.34,21.1585],[82.3374,21.1586],[82.3339,21.1568],[82.3338,21.155],[82.3297,21.1556],[82.3284,21.1531],[82.3239,21.1489],[82.3224,21.1419],[82.3189,21.1444],[82.3104,21.1409],[82.3117,21.1341],[82.3062,21.1349],[82.3008,21.1343],[82.3046,21.128],[82.3037,21.1208],[82.2982,21.127],[82.2968,21.1308],[82.2937,21.1325],[82.2895,21.1282],[82.2881,21.1202],[82.2834,21.1159],[82.2815,21.1159],[82.2807,21.1189],[82.2787,21.1214],[82.2789,21.1261],[82.2777,21.1281],[82.2716,21.1319],[82.2675,21.1305],[82.2645,21.1253],[82.2605,21.1277],[82.2599,21.1297],[82.2574,21.1307],[82.2555,21.138],[82.2543,21.139],[82.2507,21.1383],[82.2506,21.1361],[82.2537,21.1333],[82.2516,21.1292],[82.2489,21.1288],[82.2471,21.1254],[82.2443,21.1259],[82.2405,21.1281],[82.2359,21.1259],[82.2294,21.1199],[82.2209,21.1226],[82.2177,21.1278],[82.2132,21.13],[82.2129,21.1335],[82.2108,21.1336],[82.2089,21.1306],[82.2105,21.1282],[82.2075,21.1267],[82.2059,21.1273],[82.2064,21.134],[82.2035,21.1357],[82.2021,21.139],[82.1944,21.1211],[82.1963,21.116],[82.1922,21.1171],[82.1872,21.1118],[82.1837,21.1118],[82.1758,21.1094],[82.1744,21.1108],[82.1708,21.1097],[82.1754,21.1033],[82.1747,21.0977],[82.1842,21.0966],[82.1882,21.0994],[82.1896,21.0993],[82.1946,21.0953],[82.1987,21.0973],[82.2017,21.0967],[82.2049,21.0936],[82.2056,21.0914],[82.2037,21.0901],[82.1894,21.0882],[82.1861,21.0883],[82.1833,21.0868],[82.1827,21.0793],[82.1845,21.0708],[82.1839,21.0638],[82.1885,21.059],[82.1925,21.0576],[82.195,21.0528],[82.1948,21.0497],[82.1963,21.0431],[82.2021,21.0386],[82.2038,21.0366],[82.2011,21.0355],[82.2013,21.0323],[82.2063,21.0313],[82.2096,21.0291],[82.206,21.0271],[82.2027,21.0199],[82.2006,21.0182],[82.1956,21.0194],[82.192,21.0189],[82.1943,21.0126],[82.19,21.0127],[82.1884,21.01],[82.1823,21.0096],[82.1818,21.007],[82.1761,21.0082],[82.1747,21.0092],[82.1703,21.016],[82.1619,21.0173],[82.1589,21.0166],[82.1632,21.0151],[82.1651,21.0106],[82.1671,21.0074],[82.1663,21.0061],[82.1684,21.0005],[82.1714,20.9977],[82.171,20.9947],[82.1739,20.9844],[82.1721,20.9798],[82.1718,20.9746],[82.1741,20.9707],[82.1767,20.9684],[82.1823,20.9665],[82.1864,20.9669],[82.1881,20.96],[82.1888,20.954],[82.1917,20.9468],[82.1948,20.9449],[82.1985,20.9392],[82.2024,20.9418],[82.2069,20.9425],[82.2092,20.9395],[82.2176,20.9369],[82.2197,20.9347],[82.2262,20.9388],[82.2244,20.9455],[82.2207,20.9502],[82.2238,20.952],[82.2282,20.9521],[82.2288,20.9509],[82.2366,20.9472],[82.2428,20.9473],[82.2464,20.941],[82.2509,20.9396],[82.2538,20.941],[82.259,20.9406],[82.2617,20.9432],[82.2656,20.9453],[82.2674,20.9419],[82.27,20.9391],[82.2721,20.9335],[82.2702,20.9254],[82.271,20.9195],[82.2729,20.9166],[82.2737,20.9121],[82.2749,20.9102],[82.2811,20.9057],[82.2884,20.9029],[82.2966,20.9019],[82.2978,20.9011],[82.302,20.8938],[82.308,20.8855],[82.3102,20.884],[82.3121,20.881],[82.3182,20.8787],[82.3258,20.8799],[82.3317,20.878],[82.3367,20.8777],[82.3374,20.8757],[82.3362,20.8704],[82.346,20.8729],[82.3473,20.8794],[82.3492,20.8818],[82.3512,20.8897],[82.3638,20.8885],[82.3604,20.8795],[82.3595,20.8738],[82.3646,20.8707],[82.3759,20.868],[82.3785,20.8686],[82.3851,20.8741],[82.3887,20.8745],[82.3956,20.87],[82.4054,20.8702],[82.4075,20.8658],[82.4069,20.8593],[82.4101,20.8564],[82.4129,20.8507],[82.41,20.8456],[82.4105,20.8433],[82.4133,20.8395],[82.4167,20.8387],[82.4186,20.8366],[82.419,20.8331],[82.4203,20.8315],[82.427,20.8315],[82.4336,20.8342],[82.4362,20.8338],[82.4393,20.8356],[82.443,20.8347],[82.4436,20.8311],[82.4473,20.83],[82.449,20.831],[82.454,20.8279],[82.4588,20.8276],[82.4645,20.829],[82.4688,20.8352],[82.4654,20.8408],[82.4654,20.843],[82.4704,20.8481],[82.474,20.8495],[82.4803,20.8508],[82.4828,20.8533],[82.4842,20.8588],[82.4863,20.8607],[82.4868,20.8635],[82.4857,20.8676],[82.486,20.8703],[82.4901,20.8768],[82.4911,20.8806],[82.4901,20.8847],[82.4891,20.898],[82.4872,20.9044],[82.4877,20.908],[82.4898,20.9103],[82.4967,20.9141],[82.5009,20.9176],[82.5066,20.9204],[82.5159,20.9218],[82.5188,20.9239],[82.523,20.9307],[82.5257,20.9332],[82.53,20.9348],[82.5372,20.9347],[82.543,20.9366],[82.5521,20.942],[82.5591,20.9479],[82.5656,20.959],[82.5671,20.9647],[82.5701,20.9704],[82.5732,20.9744],[82.5801,20.9792],[82.5841,20.9852],[82.586,20.9895],[82.591,20.9956],[82.595,20.9979],[82.6048,21.0075],[82.6114,21.013],[82.613,21.0162],[82.6128,21.0218],[82.6201,21.0287],[82.622,21.032],[82.6288,21.038],[82.6298,21.0409],[82.6261,21.0485],[82.6247,21.0505],[82.6179,21.0547],[82.6172,21.0599],[82.6138,21.0653]]]},"properties":{"id":"in:subdistrict:3343","level":"subdistrict","name":"Bagbahra","code":3343,"parent":"in:district:385","state":"in:state:22"}},{"type":"Feature","geometry":{"type":"Polygon","coordinates":[[[82.6356,21.0906],[82.6402,21.0961],[82.6458,21.1],[82.6485,21.1033],[82.6499,21.1065],[82.6478,21.11],[82.6431,21.1104],[82.64,21.1142],[82.6411,21.1193],[82.6442,21.1219],[82.6498,21.1252],[82.6528,21.1287],[82.652,21.1333],[82.6488,21.1346],[82.6444,21.1347],[82.6428,21.1358],[82.6405,21.1411],[82.6373,21.1447],[82.6372,21.1507],[82.6406,21.1549],[82.6434,21.1549],[82.6555,21.1571],[82.6626,21.1548],[82.6702,21.1574],[82.6733,21.1576],[82.6841,21.1611],[82.6855,21.165],[82.6897,21.1645],[82.693,21.1657],[82.6971,21.1641],[82.6958,21.1604],[82.6996,21.1578],[82.7053,21.1581],[82.7091,21.1607],[82.7157,21.1603],[82.7212,21.1577],[82.722,21.1655],[82.7268,21.1661],[82.7319,21.1657],[82.7345,21.1647],[82.7368,21.1653],[82.7406,21.1635],[82.7448,21.1647],[82.7476,21.1644],[82.7432,21.1752],[82.7431,21.1788],[82.7397,21.1786],[82.7338,21.1855],[82.7302,21.1882],[82.7302,21.1964],[82.7335,21.2016],[82.7354,21.2034],[82.736,21.2064],[82.7408,21.2074],[82.7409,21.2116],[82.7398,21.2174],[82.7388,21.2268],[82.7435,21.2266],[82.7482,21.229],[82.7517,21.23],[82.7556,21.2352],[82.7578,21.2353],[82.764,21.233],[82.767,21.2367],[82.7671,21.2444],[82.7691,21.2468],[82.7734,21.2458],[82.7782,21.2459],[82.7857,21.2481],[82.7863,21.2527],[82.785,21.2641],[82.7888,21.2641],[82.7899,21.267],[82.7872,21.2684],[82.7861,21.2727],[82.7829,21.2752],[82.7838,21.2781],[82.7873,21.2834],[82.7878,21.2857],[82.7854,21.2891],[82.7868,21.2941],[82.7837,21.2965],[82.783,21.2989],[82.78,21.3034],[82.7773,21.3045],[82.7755,21.3085],[82.776,21.3108],[82.7758,21.3172],[82.7771,21.3201],[82.7806,21.3214],[82.7851,21.3178],[82.7852,21.3155],[82.7876,21.314],[82.7953,21.3172],[82.8011,21.3242],[82.8048,21.3239],[82.8113,21.325],[82.8138,21.3276],[82.8054,21.3311],[82.8044,21.3328],[82.8051,21.3385],[82.8025,21.3392],[82.8014,21.3436],[82.7946,21.3464],[82.8004,21.353],[82.7973,21.3548],[82.794,21.358],[82.7953,21.363],[82.794,21.3665],[82.7965,21.3693],[82.8,21.368],[82.805,21.3631],[82.8061,21.3594],[82.8097,21.3577],[82.8116,21.3627],[82.8083,21.3682],[82.8104,21.3744],[82.813,21.375],[82.8168,21.3796],[82.8177,21.3865],[82.8197,21.3903],[82.8214,21.4059],[82.8273,21.4064],[82.8261,21.4113],[82.8229,21.4104],[82.8213,21.4143],[82.8224,21.4169],[82.8169,21.4192],[82.8144,21.4237],[82.8107,21.4236],[82.8057,21.4248],[82.8081,21.4272],[82.812,21.4284],[82.8115,21.4362],[82.8102,21.4388],[82.81,21.4464],[82.8117,21.4525],[82.803,21.4547],[82.8018,21.4524],[82.7982,21.4495],[82.7955,21.4496],[82.7905,21.4477],[82.788,21.4614],[82.7844,21.4705],[82.7796,21.4707],[82.78,21.4751],[82.7785,21.477],[82.7796,21.4815],[82.7794,21.4874],[82.7774,21.4907],[82.7744,21.4901],[82.7726,21.4866],[82.769,21.4855],[82.767,21.4833],[82.7665,21.4788],[82.7624,21.4793],[82.764,21.4824],[82.7652,21.4875],[82.7677,21.4885],[82.7689,21.4931],[82.7672,21.497],[82.7682,21.4997],[82.7717,21.5007],[82.7889,21.5032],[82.7962,21.5047],[82.8015,21.5074],[82.8051,21.5106],[82.802,21.511],[82.7944,21.5087],[82.7875,21.5112],[82.7839,21.5131],[82.78,21.5167],[82.7735,21.5213],[82.7721,21.5241],[82.7703,21.5238],[82.768,21.5228],[82.7611,21.5175],[82.7589,21.5138],[82.7548,21.5116],[82.7521,21.5117],[82.7479,21.5064],[82.7422,21.5008],[82.7389,21.496],[82.735,21.4939],[82.7256,21.4913],[82.7115,21.4901],[82.7081,21.488],[82.7017,21.4858],[82.6982,21.4859],[82.6908,21.485],[82.6909,21.4765],[82.6917,21.4724],[82.6927,21.4629],[82.6969,21.4498],[82.6982,21.4474],[82.6976,21.4416],[82.6988,21.4371],[82.6984,21.4236],[82.6977,21.4202],[82.6982,21.4159],[82.6998,21.4114],[82.6991,21.4097],[82.7001,21.3975],[82.6976,21.3901],[82.6977,21.3873],[82.7014,21.3806],[82.7028,21.3734],[82.7029,21.3705],[82.7002,21.3631],[82.6993,21.356],[82.7005,21.3513],[82.6994,21.3466],[82.6993,21.3404],[82.6964,21.3304],[82.689,21.3307],[82.6834,21.3304],[82.669,21.3285],[82.6522,21.3307],[82.6552,21.3358],[82.6554,21.3392],[82.6524,21.3443],[82.6463,21.3442],[82.6445,21.3421],[82.6411,21.3428],[82.638,21.3415],[82.6329,21.3417],[82.6322,21.337],[82.6281,21.3354],[82.6215,21.3407],[82.6176,21.3423],[82.6159,21.3417],[82.6136,21.3386],[82.6103,21.3393],[82.6073,21.3372],[82.6009,21.3374],[82.5979,21.3396],[82.5931,21.3382],[82.5898,21.3354],[82.5863,21.3302],[82.5812,21.3313],[82.5782,21.3258],[82.5746,21.3245],[82.5699,21.3213],[82.5669,21.3174],[82.5632,21.3161],[82.5583,21.3207],[82.5554,21.321],[82.5535,21.3195],[82.5505,21.3193],[82.5474,21.3209],[82.5448,21.319],[82.5419,21.3191],[82.5407,21.3234],[82.5313,21.3302],[82.5292,21.3302],[82.5274,21.3248],[82.5205,21.3225],[82.5171,21.3181],[82.5131,21.3165],[82.5068,21.3169],[82.4953,21.3155],[82.4907,21.3165],[82.4813,21.3216],[82.4795,21.3262],[82.4741,21.3256],[82.4709,21.3274],[82.4698,21.3233],[82.4658,21.324],[82.4644,21.3213],[82.4646,21.3123],[82.4609,21.3133],[82.4608,21.3082],[82.4649,21.3082],[82.4655,21.3053],[82.4726,21.2999],[82.4756,21.2983],[82.4752,21.2966],[82.4632,21.2959],[82.4555,21.2942],[82.4554,21.2875],[82.4562,21.2849],[82.4563,21.2789],[82.4521,21.2777],[82.4494,21.2759],[82.4454,21.2776],[82.4443,21.2807],[82.4424,21.2819],[82.4372,21.2763],[82.4348,21.2712],[82.4355,21.2675],[82.4391,21.2644],[82.447,21.2636],[82.4505,21.262],[82.4569,21.2611],[82.466,21.2543],[82.4671,21.2507],[82.4667,21.2485],[82.4679,21.2322],[82.4686,21.2292],[82.4691,21.2221],[82.4641,21.2206],[82.4613,21.221],[82.456,21.2231],[82.4516,21.2207],[82.446,21.2219],[82.4464,21.2244],[82.4428,21.2285],[82.4326,21.2281],[82.4287,21.2314],[82.4214,21.2295],[82.4206,21.2263],[82.4142,21.2166],[82.4147,21.2087],[82.414,21.2043],[82.4144,21.2008],[82.4167,21.1971],[82.419,21.1966],[82.4203,21.1939],[82.4188,21.186],[82.4179,21.1727],[82.4267,21.1729],[82.4278,21.1705],[82.4236,21.1545],[82.4193,21.1446],[82.4256,21.1422],[82.4293,21.1401],[82.4347,21.1351],[82.4386,21.1294],[82.4415,21.1271],[82.4483,21.1177],[82.4509,21.1236],[82.4547,21.1279],[82.4598,21.1292],[82.4616,21.1289],[82.4692,21.1303],[82.4709,21.1288],[82.4742,21.1238],[82.4806,21.1192],[82.4849,21.1177],[82.4887,21.1176],[82.4922,21.1231],[82.4928,21.1269],[82.4982,21.1251],[82.501,21.1251],[82.5015,21.1214],[82.5054,21.1171],[82.5078,21.1164],[82.5107,21.1119],[82.513,21.1113],[82.5115,21.107],[82.5096,21.1065],[82.5054,21.1075],[82.507,21.0982],[82.5055,21.0863],[82.5109,21.0849],[82.5256,21.0847],[82.5266,21.0861],[82.532,21.0889],[82.5341,21.085],[82.5381,21.0852],[82.5466,21.0844],[82.5539,21.0845],[82.5519,21.0817],[82.5517,21.0761],[82.539,21.071],[82.537,21.0711],[82.5316,21.0764],[82.5292,21.0746],[82.5324,21.0659],[82.5343,21.0623],[82.5365,21.0531],[82.5394,21.0473],[82.5443,21.0437],[82.5479,21.043],[82.5562,21.0403],[82.5807,21.0336],[82.5847,21.0399],[82.5913,21.0413],[82.5951,21.0466],[82.5981,21.0491],[82.5983,21.0519],[82.6022,21.0557],[82.6023,21.0574],[82.6055,21.0613],[82.6066,21.0649],[82.6095,21.0656],[82.6138,21.0653],[82.6119,21.0692],[82.612,21.0747],[82.6145,21.078],[82.6197,21.0796],[82.6282,21.0781],[82.6305,21.0797],[82.6331,21.0832],[82.6335,21.0866],[82.6356,21.0906]]]},"properties":{"id":"in:subdistrict:3342","level":"subdistrict","name":"Pithora","code":3342,"parent":"in:district:385","state":"in:state:22"}},{"type":"Feature","geometry":{"type":"Polygon","coordinates":[[[82.4424,21.2819],[82.4443,21.2807],[82.4454,21.2776],[82.4494,21.2759],[82.4521,21.2777],[82.4563,21.2789],[82.4562,21.2849],[82.4554,21.2875],[82.4555,21.2942],[82.4632,21.2959],[82.4752,21.2966],[82.4756,21.2983],[82.4726,21.2999],[82.4655,21.3053],[82.4649,21.3082],[82.4608,21.3082],[82.4609,21.3133],[82.4646,21.3123],[82.4644,21.3213],[82.4658,21.324],[82.4698,21.3233],[82.4709,21.3274],[82.4741,21.3256],[82.4795,21.3262],[82.4813,21.3216],[82.4907,21.3165],[82.4953,21.3155],[82.5068,21.3169],[82.5131,21.3165],[82.5171,21.3181],[82.5205,21.3225],[82.5274,21.3248],[82.5292,21.3302],[82.5313,21.3302],[82.5407,21.3234],[82.5419,21.3191],[82.5448,21.319],[82.5474,21.3209],[82.5505,21.3193],[82.5535,21.3195],[82.5554,21.321],[82.5583,21.3207],[82.5632,21.3161],[82.5669,21.3174],[82.5699,21.3213],[82.5746,21.3245],[82.5782,21.3258],[82.5812,21.3313],[82.5863,21.3302],[82.5898,21.3354],[82.5931,21.3382],[82.5979,21.3396],[82.6009,21.3374],[82.6073,21.3372],[82.6103,21.3393],[82.6136,21.3386],[82.6159,21.3417],[82.6176,21.3423],[82.6215,21.3407],[82.6281,21.3354],[82.6322,21.337],[82.6329,21.3417],[82.638,21.3415],[82.6411,21.3428],[82.6445,21.3421],[82.6463,21.3442],[82.6524,21.3443],[82.6554,21.3392],[82.6552,21.3358],[82.6522,21.3307],[82.669,21.3285],[82.6834,21.3304],[82.689,21.3307],[82.6964,21.3304],[82.6993,21.3404],[82.6994,21.3466],[82.7005,21.3513],[82.6993,21.356],[82.7002,21.3631],[82.7029,21.3705],[82.7028,21.3734],[82.7014,21.3806],[82.6977,21.3873],[82.6976,21.3901],[82.7001,21.3975],[82.6991,21.4097],[82.6998,21.4114],[82.6982,21.4159],[82.6977,21.4202],[82.6984,21.4236],[82.6988,21.4371],[82.6976,21.4416],[82.6982,21.4474],[82.6969,21.4498],[82.6927,21.4629],[82.6917,21.4724],[82.6909,21.4765],[82.6908,21.485],[82.684,21.4915],[82.6786,21.4956],[82.6765,21.4955],[82.6758,21.4987],[82.676,21.5044],[82.6775,21.5076],[82.6756,21.5173],[82.6727,21.5248],[82.6733,21.5262],[82.6711,21.5327],[82.6662,21.5377],[82.664,21.5391],[82.66,21.5467],[82.6607,21.549],[82.6587,21.5595],[82.6593,21.5607],[82.6635,21.5615],[82.667,21.5643],[82.6681,21.5694],[82.6692,21.5713],[82.6645,21.5712],[82.6628,21.5749],[82.6642,21.5788],[82.6674,21.5796],[82.6675,21.5824],[82.6708,21.5851],[82.6758,21.5862],[82.6699,21.5898],[82.6615,21.5914],[82.6641,21.5979],[82.6639,21.6031],[82.6583,21.6018],[82.652,21.5995],[82.6468,21.604],[82.6416,21.6055],[82.6388,21.6071],[82.6267,21.6099],[82.6211,21.6132],[82.6158,21.614],[82.6184,21.6187],[82.6179,21.6216],[82.6147,21.6277],[82.6141,21.6351],[82.6112,21.641],[82.6127,21.6454],[82.6315,21.6447],[82.6306,21.658],[82.6295,21.6702],[82.632,21.6715],[82.6352,21.6708],[82.6376,21.6762],[82.6421,21.6776],[82.6431,21.6838],[82.6449,21.6871],[82.649,21.6879],[82.6479,21.6908],[82.65,21.6921],[82.6539,21.6996],[82.6585,21.7],[82.662,21.7022],[82.6606,21.7096],[82.6546,21.7113],[82.6417,21.7212],[82.6344,21.7273],[82.6268,21.7291],[82.6212,21.7285],[82.6189,21.7276],[82.6102,21.7219],[82.6073,21.7194],[82.5994,21.7141],[82.594,21.7135],[82.582,21.7155],[82.5775,21.7182],[82.5702,21.7213],[82.5627,21.7285],[82.5558,21.7334],[82.5478,21.736],[82.5404,21.7372],[82.5338,21.7372],[82.5276,21.7365],[82.5105,21.7351],[82.4996,21.7337],[82.494,21.7308],[82.4866,21.7282],[82.4807,21.7284],[82.4712,21.7271],[82.4699,21.7228],[82.466,21.7141],[82.4635,21.7102],[82.4446,21.6901],[82.4321,21.6792],[82.4247,21.6732],[82.4088,21.658],[82.4058,21.6544],[82.4022,21.647],[82.3975,21.6404],[82.3899,21.6288],[82.3829,21.6201],[82.3796,21.6151],[82.3778,21.6108],[82.3772,21.6062],[82.3775,21.5985],[82.3761,21.5914],[82.3713,21.5825],[82.3655,21.5752],[82.3622,21.572],[82.3594,21.5683],[82.3525,21.5618],[82.344,21.5555],[82.3341,21.5463],[82.3278,21.5381],[82.3263,21.5355],[82.3197,21.528],[82.3153,21.525],[82.2974,21.5198],[82.2915,21.5165],[82.281,21.5093],[82.2763,21.5065],[82.2724,21.503],[82.2705,21.4986],[82.2671,21.4944],[82.2586,21.4865],[82.2534,21.4805],[82.2516,21.4769],[82.2482,21.4728],[82.2449,21.4676],[82.2397,21.4525],[82.2383,21.445],[82.2361,21.4387],[82.2331,21.434],[82.2413,21.434],[82.2449,21.4346],[82.2524,21.4323],[82.2493,21.4289],[82.2466,21.4275],[82.2454,21.4193],[82.2545,21.4159],[82.2554,21.4134],[82.2593,21.4137],[82.2618,21.4127],[82.2641,21.4074],[82.2689,21.4071],[82.2723,21.4054],[82.2749,21.4012],[82.2756,21.3947],[82.2767,21.3924],[82.2751,21.3855],[82.2722,21.3856],[82.2684,21.3842],[82.2566,21.383],[82.2506,21.3725],[82.2473,21.3683],[82.2433,21.3648],[82.2446,21.3607],[82.2502,21.3589],[82.2562,21.3534],[82.2549,21.3481],[82.2522,21.345],[82.255,21.3405],[82.2554,21.3292],[82.2547,21.3258],[82.2531,21.3228],[82.2521,21.3177],[82.2464,21.3173],[82.2439,21.3147],[82.2481,21.3141],[82.2542,21.3112],[82.2618,21.3088],[82.2643,21.3017],[82.2676,21.3009],[82.2773,21.3011],[82.2769,21.2925],[82.2758,21.2864],[82.2762,21.2813],[82.2781,21.2774],[82.2769,21.2725],[82.2853,21.2717],[82.2914,21.2698],[82.2975,21.269],[82.299,21.2812],[82.3102,21.2811],[82.3111,21.2878],[82.3144,21.2925],[82.3224,21.2913],[82.3252,21.2926],[82.329,21.2863],[82.3338,21.2831],[82.3373,21.2828],[82.3386,21.2815],[82.3433,21.286],[82.3472,21.2849],[82.3514,21.2781],[82.3519,21.2748],[82.3442,21.2728],[82.3433,21.27],[82.3455,21.2667],[82.345,21.2637],[82.3527,21.2667],[82.3586,21.2665],[82.3608,21.2766],[82.3648,21.2765],[82.3749,21.2731],[82.3775,21.2732],[82.3771,21.2701],[82.3788,21.2651],[82.3899,21.2624],[82.3915,21.2669],[82.3924,21.2721],[82.3918,21.2745],[82.3926,21.2792],[82.3922,21.2836],[82.3955,21.2908],[82.3957,21.2959],[82.4009,21.2985],[82.4072,21.3042],[82.4104,21.3049],[82.4176,21.3103],[82.4238,21.3088],[82.4287,21.3103],[82.4378,21.3086],[82.445,21.3041],[82.4468,21.3019],[82.4458,21.2983],[82.4439,21.2951],[82.4413,21.2927],[82.4384,21.2922],[82.4364,21.2893],[82.4402,21.2825],[82.4424,21.2819]]]},"properties":{"id":"in:subdistrict:3328","level":"subdistrict","name":"Kasdol","code":3328,"parent":"in:district:644","state":"in:state:22"}},{"type":"Feature","geometry":{"type":"Polygon","coordinates":[[[82.768,21.5228],[82.7636,21.5305],[82.7612,21.528],[82.7602,21.5347],[82.7569,21.5351],[82.7501,21.5429],[82.7551,21.5516],[82.7556,21.5594],[82.7458,21.5593],[82.7454,21.5637],[82.7468,21.5676],[82.7455,21.5703],[82.7461,21.5722],[82.7473,21.587],[82.7569,21.5899],[82.7561,21.5979],[82.7569,21.6015],[82.7552,21.6042],[82.7534,21.6045],[82.7523,21.6076],[82.7459,21.6071],[82.7447,21.6096],[82.7463,21.6123],[82.7473,21.6168],[82.7447,21.6189],[82.7472,21.6218],[82.7463,21.6243],[82.7486,21.6254],[82.7482,21.6286],[82.7405,21.6271],[82.737,21.6357],[82.743,21.6395],[82.743,21.6437],[82.7394,21.6466],[82.7399,21.6482],[82.7369,21.65],[82.7365,21.6519],[82.7401,21.6564],[82.7385,21.66],[82.7422,21.6633],[82.7427,21.667],[82.7453,21.6709],[82.7452,21.6742],[82.7436,21.6763],[82.7446,21.6814],[82.7465,21.6834],[82.7494,21.6825],[82.7521,21.6852],[82.7515,21.688],[82.7522,21.6908],[82.7553,21.6925],[82.7572,21.6962],[82.7597,21.6969],[82.7606,21.6998],[82.7624,21.7004],[82.7663,21.6985],[82.7686,21.7002],[82.7688,21.7028],[82.7705,21.7041],[82.7716,21.7105],[82.7752,21.7135],[82.7759,21.7165],[82.775,21.7227],[82.7642,21.7219],[82.7558,21.722],[82.743,21.7236],[82.739,21.7244],[82.7182,21.7255],[82.7001,21.7274],[82.6912,21.727],[82.6855,21.7252],[82.6833,21.7239],[82.6751,21.7166],[82.666,21.7109],[82.6606,21.7096],[82.662,21.7022],[82.6585,21.7],[82.6539,21.6996],[82.65,21.6921],[82.6479,21.6908],[82.649,21.6879],[82.6449,21.6871],[82.6431,21.6838],[82.6421,21.6776],[82.6376,21.6762],[82.6352,21.6708],[82.632,21.6715],[82.6295,21.6702],[82.6306,21.658],[82.6315,21.6447],[82.6127,21.6454],[82.6112,21.641],[82.6141,21.6351],[82.6147,21.6277],[82.6179,21.6216],[82.6184,21.6187],[82.6158,21.614],[82.6211,21.6132],[82.6267,21.6099],[82.6388,21.6071],[82.6416,21.6055],[82.6468,21.604],[82.652,21.5995],[82.6583,21.6018],[82.6639,21.6031],[82.6641,21.5979],[82.6615,21.5914],[82.6699,21.5898],[82.6758,21.5862],[82.6708,21.5851],[82.6675,21.5824],[82.6674,21.5796],[82.6642,21.5788],[82.6628,21.5749],[82.6645,21.5712],[82.6692,21.5713],[82.6681,21.5694],[82.667,21.5643],[82.6635,21.5615],[82.6593,21.5607],[82.6587,21.5595],[82.6607,21.549],[82.66,21.5467],[82.664,21.5391],[82.6662,21.5377],[82.6711,21.5327],[82.6733,21.5262],[82.6727,21.5248],[82.6756,21.5173],[82.6775,21.5076],[82.676,21.5044],[82.6758,21.4987],[82.6765,21.4955],[82.6786,21.4956],[82.684,21.4915],[82.6908,21.485],[82.6982,21.4859],[82.7017,21.4858],[82.7081,21.488],[82.7115,21.4901],[82.7256,21.4913],[82.735,21.4939],[82.7389,21.496],[82.7422,21.5008],[82.7479,21.5064],[82.7521,21.5117],[82.7548,21.5116],[82.7589,21.5138],[82.7611,21.5175],[82.768,21.5228]]]},"properties":{"id":"in:subdistrict:3329","level":"subdistrict","name":"Bilaigarh","code":3329,"parent":"in:district:763","state":"in:state:22"}},{"type":"Feature","geometry":{"type":"Polygon","coordinates":[[[82.775,21.7227],[82.7864,21.7241],[82.7919,21.7237],[82.7924,21.731],[82.7934,21.7332],[82.7934,21.739],[82.7942,21.7418],[82.7975,21.7417],[82.7987,21.7438],[82.7971,21.7473],[82.7965,21.7639],[82.8027,21.7644],[82.8081,21.7675],[82.8095,21.7696],[82.8035,21.7736],[82.8038,21.7752],[82.8074,21.7765],[82.8084,21.7782],[82.8078,21.7816],[82.8046,21.7834],[82.799,21.784],[82.7968,21.7849],[82.7914,21.7906],[82.7868,21.7909],[82.779,21.794],[82.7793,21.7985],[82.7823,21.8014],[82.7832,21.8057],[82.7802,21.8088],[82.7775,21.8161],[82.7785,21.8188],[82.7865,21.8256],[82.7843,21.8283],[82.7814,21.8294],[82.7804,21.8337],[82.7818,21.8411],[82.7795,21.8397],[82.7769,21.8407],[82.776,21.8435],[82.7725,21.8472],[82.7681,21.8479],[82.7657,21.8506],[82.7651,21.8543],[82.7655,21.8589],[82.7739,21.8629],[82.7737,21.8695],[82.7796,21.8758],[82.78,21.8796],[82.778,21.8815],[82.7822,21.884],[82.7853,21.8884],[82.7835,21.8913],[82.784,21.8942],[82.7814,21.8985],[82.782,21.9003],[82.7856,21.901],[82.7886,21.9046],[82.7847,21.9068],[82.7845,21.9096],[82.7882,21.9122],[82.7873,21.9156],[82.7918,21.9193],[82.7937,21.9273],[82.7911,21.9283],[82.7918,21.9323],[82.7975,21.9365],[82.804,21.9393],[82.8048,21.9413],[82.8017,21.9434],[82.8041,21.9475],[82.8116,21.9509],[82.8156,21.9547],[82.8159,21.958],[82.8139,21.9634],[82.8079,21.9639],[82.7978,21.9672],[82.7948,21.9643],[82.7884,21.9611],[82.79,21.9675],[82.7882,21.9688],[82.7857,21.9668],[82.7819,21.9691],[82.7822,21.9735],[82.7814,21.9778],[82.7855,21.9808],[82.7852,21.987],[82.7909,21.9891],[82.7942,21.9967],[82.7934,21.9989],[82.7881,22.0026],[82.7891,22.0086],[82.7835,22.011],[82.7812,22.0112],[82.7821,22.0181],[82.7771,22.0204],[82.7788,22.0274],[82.7753,22.0304],[82.7739,22.033],[82.7735,22.0372],[82.7782,22.0399],[82.7812,22.04],[82.7831,22.042],[82.7863,22.0422],[82.7901,22.0444],[82.7907,22.0468],[82.7963,22.0495],[82.7995,22.0499],[82.8021,22.0481],[82.8043,22.0488],[82.8148,22.0456],[82.817,22.0453],[82.8214,22.0531],[82.8244,22.0562],[82.8273,22.0556],[82.8298,22.0538],[82.8329,22.0534],[82.8377,22.0542],[82.8395,22.0555],[82.8387,22.0585],[82.8414,22.0613],[82.8424,22.0685],[82.8419,22.0704],[82.8344,22.0715],[82.8332,22.0709],[82.8258,22.0721],[82.8217,22.0767],[82.8223,22.0782],[82.8198,22.0846],[82.8133,22.0846],[82.7985,22.0863],[82.7959,22.0833],[82.7931,22.0825],[82.7927,22.0807],[82.7877,22.0795],[82.7848,22.076],[82.7814,22.0736],[82.7764,22.0717],[82.7736,22.0737],[82.7712,22.0709],[82.7728,22.0679],[82.767,22.0666],[82.7653,22.0624],[82.7592,22.0608],[82.7579,22.0663],[82.7555,22.0724],[82.7516,22.0778],[82.7496,22.0851],[82.7454,22.0881],[82.7445,22.097],[82.7408,22.0965],[82.7387,22.0918],[82.7379,22.0875],[82.7326,22.0869],[82.7312,22.0847],[82.7324,22.0757],[82.7338,22.0744],[82.7343,22.0672],[82.7358,22.0656],[82.7345,22.0614],[82.7384,22.0535],[82.7398,22.0523],[82.741,22.042],[82.7406,22.0398],[82.7342,22.0394],[82.7222,22.0394],[82.7173,22.0424],[82.7148,22.0509],[82.7088,22.056],[82.7085,22.0598],[82.7061,22.0635],[82.7016,22.0852],[82.6987,22.0891],[82.6837,22.0894],[82.6815,22.084],[82.6793,22.0804],[82.67,22.0812],[82.6679,22.0861],[82.6611,22.0956],[82.6495,22.0986],[82.6479,22.0955],[82.6423,22.0923],[82.635,22.0922],[82.6318,22.0897],[82.629,22.083],[82.6283,22.0796],[82.629,22.071],[82.6328,22.0643],[82.6382,22.0416],[82.6378,22.0334],[82.6383,22.032],[82.6526,22.0116],[82.6612,22.0007],[82.6631,21.9968],[82.6687,21.9873],[82.6728,21.9791],[82.6795,21.963],[82.6833,21.9514],[82.6865,21.9464],[82.6898,21.9424],[82.6995,21.933],[82.7039,21.9273],[82.7064,21.921],[82.7095,21.9104],[82.713,21.8972],[82.7154,21.8818],[82.7202,21.8712],[82.7213,21.8666],[82.7212,21.8635],[82.7198,21.8593],[82.7169,21.8442],[82.7175,21.8406],[82.7232,21.8238],[82.7288,21.8093],[82.7311,21.8016],[82.732,21.7969],[82.7299,21.7914],[82.7286,21.7829],[82.7271,21.7789],[82.7263,21.7739],[82.7286,21.764],[82.7293,21.759],[82.7322,21.7512],[82.7327,21.7403],[82.7335,21.7326],[82.7376,21.728],[82.743,21.7236],[82.7558,21.722],[82.7642,21.7219],[82.775,21.7227]]]},"properties":{"id":"in:subdistrict:3281","level":"subdistrict","name":"Champa","code":3281,"parent":"in:district:379","state":"in:state:22"}},{"type":"Feature","geometry":{"type":"Polygon","coordinates":[[[82.6606,21.7096],[82.666,21.7109],[82.6751,21.7166],[82.6833,21.7239],[82.6855,21.7252],[82.6912,21.727],[82.7001,21.7274],[82.7182,21.7255],[82.739,21.7244],[82.743,21.7236],[82.7376,21.728],[82.7335,21.7326],[82.7327,21.7403],[82.7322,21.7512],[82.7293,21.759],[82.7286,21.764],[82.7263,21.7739],[82.7271,21.7789],[82.7286,21.7829],[82.7299,21.7914],[82.732,21.7969],[82.7311,21.8016],[82.7288,21.8093],[82.7232,21.8238],[82.7175,21.8406],[82.7169,21.8442],[82.7198,21.8593],[82.7212,21.8635],[82.7213,21.8666],[82.7202,21.8712],[82.7154,21.8818],[82.713,21.8972],[82.7095,21.9104],[82.7031,21.9101],[82.6932,21.906],[82.6886,21.9068],[82.6838,21.9091],[82.6802,21.9128],[82.6724,21.9145],[82.6672,21.9168],[82.6557,21.9137],[82.6522,21.9136],[82.6423,21.9158],[82.6372,21.9224],[82.629,21.9245],[82.6245,21.9246],[82.622,21.9235],[82.6165,21.9236],[82.6102,21.923],[82.6063,21.9247],[82.5968,21.9247],[82.5878,21.924],[82.5826,21.9231],[82.572,21.92],[82.5672,21.9175],[82.5522,21.9174],[82.5501,21.9138],[82.5512,21.912],[82.5512,21.9079],[82.5395,21.9068],[82.5335,21.9104],[82.5302,21.9143],[82.5225,21.9138],[82.5204,21.9171],[82.5142,21.917],[82.5156,21.914],[82.515,21.9116],[82.5171,21.9089],[82.5201,21.9084],[82.5221,21.904],[82.52,21.9021],[82.5218,21.8974],[82.5248,21.8958],[82.5267,21.892],[82.5307,21.8905],[82.5322,21.8878],[82.5428,21.8884],[82.5472,21.8882],[82.5538,21.8862],[82.5548,21.8815],[82.5521,21.8792],[82.5518,21.8768],[82.5533,21.8736],[82.5534,21.8711],[82.5509,21.8672],[82.5487,21.8669],[82.5474,21.8619],[82.5477,21.8569],[82.5467,21.8546],[82.5448,21.8453],[82.5461,21.842],[82.5445,21.8361],[82.5461,21.8325],[82.5468,21.8282],[82.5406,21.8289],[82.5405,21.8272],[82.5427,21.8238],[82.5429,21.819],[82.5491,21.8162],[82.5513,21.814],[82.5561,21.8148],[82.5556,21.8119],[82.5567,21.8093],[82.557,21.8042],[82.5537,21.8016],[82.5472,21.8034],[82.5405,21.803],[82.5362,21.7944],[82.536,21.7922],[82.549,21.7872],[82.5539,21.7868],[82.5604,21.7841],[82.5612,21.7738],[82.5646,21.7721],[82.5681,21.7692],[82.5736,21.767],[82.5775,21.7662],[82.5823,21.7666],[82.5904,21.7633],[82.5933,21.761],[82.597,21.753],[82.598,21.74],[82.5955,21.7352],[82.5892,21.7317],[82.5803,21.7309],[82.5644,21.7322],[82.5627,21.7285],[82.5702,21.7213],[82.5775,21.7182],[82.582,21.7155],[82.594,21.7135],[82.5994,21.7141],[82.6073,21.7194],[82.6102,21.7219],[82.6189,21.7276],[82.6212,21.7285],[82.6268,21.7291],[82.6344,21.7273],[82.6417,21.7212],[82.6546,21.7113],[82.6606,21.7096]]]},"properties":{"id":"in:subdistrict:3280","level":"subdistrict","name":"Nawagarh","code":3280,"parent":"in:district:379","state":"in:state:22"}},{"type":"Feature","geometry":{"type":"Polygon","coordinates":[[[82.5627,21.7285],[82.5644,21.7322],[82.5803,21.7309],[82.5892,21.7317],[82.5955,21.7352],[82.598,21.74],[82.597,21.753],[82.5933,21.761],[82.5904,21.7633],[82.5823,21.7666],[82.5775,21.7662],[82.5736,21.767],[82.5681,21.7692],[82.5646,21.7721],[82.5612,21.7738],[82.5604,21.7841],[82.5539,21.7868],[82.549,21.7872],[82.536,21.7922],[82.5362,21.7944],[82.5405,21.803],[82.5472,21.8034],[82.5537,21.8016],[82.557,21.8042],[82.5567,21.8093],[82.5556,21.8119],[82.5561,21.8148],[82.5513,21.814],[82.5491,21.8162],[82.5429,21.819],[82.5427,21.8238],[82.5405,21.8272],[82.5406,21.8289],[82.5468,21.8282],[82.5461,21.8325],[82.5445,21.8361],[82.5461,21.842],[82.5448,21.8453],[82.5467,21.8546],[82.5477,21.8569],[82.5474,21.8619],[82.5487,21.8669],[82.5509,21.8672],[82.5534,21.8711],[82.5533,21.8736],[82.5518,21.8768],[82.5521,21.8792],[82.5548,21.8815],[82.5538,21.8862],[82.5472,21.8882],[82.5428,21.8884],[82.5322,21.8878],[82.5307,21.8905],[82.5267,21.892],[82.5248,21.8958],[82.5218,21.8974],[82.52,21.9021],[82.5221,21.904],[82.5201,21.9084],[82.5171,21.9089],[82.515,21.9116],[82.5156,21.914],[82.5142,21.917],[82.5149,21.9184],[82.5124,21.9226],[82.5081,21.9242],[82.5055,21.9281],[82.4975,21.931],[82.4958,21.9302],[82.4927,21.9316],[82.492,21.9336],[82.4884,21.9348],[82.487,21.9367],[82.48,21.9383],[82.4764,21.9421],[82.4779,21.9443],[82.4782,21.9491],[82.4817,21.959],[82.4829,21.9664],[82.4815,21.9666],[82.4809,21.9718],[82.475,21.976],[82.4713,21.9752],[82.4634,21.9688],[82.4601,21.9588],[82.4563,21.9523],[82.454,21.9467],[82.455,21.9358],[82.4557,21.9325],[82.4562,21.9257],[82.4575,21.9153],[82.4564,21.9115],[82.4537,21.9093],[82.4487,21.9081],[82.443,21.9076],[82.4343,21.9104],[82.4288,21.9097],[82.4259,21.9084],[82.4216,21.9083],[82.4203,21.9119],[82.4204,21.9158],[82.4138,21.9152],[82.407,21.9172],[82.4034,21.9175],[82.4005,21.9166],[82.3946,21.9241],[82.3878,21.9275],[82.3661,21.9359],[82.3601,21.936],[82.3506,21.9376],[82.347,21.9391],[82.3384,21.941],[82.3347,21.9432],[82.3327,21.9428],[82.3222,21.9463],[82.3206,21.9452],[82.3195,21.9415],[82.3165,21.9402],[82.3118,21.9315],[82.3088,21.927],[82.3082,21.9248],[82.3093,21.9219],[82.3067,21.9183],[82.3094,21.914],[82.3089,21.9127],[82.3041,21.9088],[82.3049,21.9059],[82.308,21.9048],[82.3109,21.9065],[82.3149,21.9043],[82.3133,21.9015],[82.3088,21.8997],[82.3086,21.8967],[82.3117,21.89],[82.3139,21.8874],[82.3131,21.8822],[82.315,21.8758],[82.3153,21.8724],[82.3197,21.8724],[82.3224,21.8714],[82.3248,21.8652],[82.3283,21.8628],[82.3338,21.8607],[82.3388,21.8614],[82.3418,21.8582],[82.3473,21.8545],[82.3513,21.8529],[82.3517,21.8489],[82.3496,21.8456],[82.3502,21.8438],[82.3559,21.8391],[82.3575,21.8365],[82.357,21.8329],[82.3579,21.8271],[82.3615,21.8203],[82.3632,21.814],[82.3674,21.8054],[82.369,21.8033],[82.3718,21.7963],[82.3717,21.7902],[82.3746,21.7809],[82.3786,21.7793],[82.3795,21.7765],[82.3791,21.7721],[82.3811,21.7641],[82.3842,21.7598],[82.3866,21.761],[82.3849,21.7648],[82.3889,21.7678],[82.3906,21.7675],[82.3937,21.7643],[82.3995,21.7615],[82.4014,21.7614],[82.4087,21.7639],[82.4113,21.7641],[82.4132,21.7623],[82.4198,21.7497],[82.4218,21.7478],[82.4253,21.7464],[82.4329,21.7455],[82.4377,21.7396],[82.4397,21.7421],[82.4445,21.7451],[82.4486,21.7451],[82.4521,21.7441],[82.4584,21.7398],[82.4639,21.7345],[82.4691,21.7302],[82.4712,21.7271],[82.4807,21.7284],[82.4866,21.7282],[82.494,21.7308],[82.4996,21.7337],[82.5105,21.7351],[82.5276,21.7365],[82.5338,21.7372],[82.5404,21.7372],[82.5478,21.736],[82.5558,21.7334],[82.5627,21.7285]]]},"properties":{"id":"in:subdistrict:3283","level":"subdistrict","name":"Pamgarh","code":3283,"parent":"in:district:379","state":"in:state:22"}},{"type":"Feature","geometry":{"type":"Polygon","coordinates":[[[82.4712,21.7271],[82.4691,21.7302],[82.4639,21.7345],[82.4584,21.7398],[82.4521,21.7441],[82.4486,21.7451],[82.4445,21.7451],[82.4397,21.7421],[82.4377,21.7396],[82.4368,21.738],[82.4281,21.7284],[82.4114,21.7182],[82.4017,21.715],[82.3921,21.7124],[82.3791,21.7115],[82.3743,21.7116],[82.3684,21.7127],[82.3454,21.7141],[82.3332,21.7139],[82.3218,21.7149],[82.313,21.7168],[82.3082,21.7198],[82.3028,21.7245],[82.2973,21.732],[82.296,21.7364],[82.2943,21.7454],[82.2918,21.7506],[82.2901,21.7522],[82.2855,21.7534],[82.2482,21.7538],[82.2243,21.7566],[82.2115,21.759],[82.2052,21.7598],[82.2006,21.7612],[82.1976,21.763],[82.1948,21.761],[82.1908,21.7605],[82.1868,21.7589],[82.1844,21.7614],[82.1805,21.7616],[82.1774,21.7599],[82.1704,21.7603],[82.1663,21.7591],[82.1649,21.7597],[82.1586,21.766],[82.1518,21.7652],[82.1497,21.7621],[82.1452,21.7616],[82.1427,21.7595],[82.1433,21.7577],[82.1418,21.755],[82.1389,21.7563],[82.1363,21.7562],[82.1305,21.7542],[82.1272,21.7512],[82.1199,21.7516],[82.1173,21.7538],[82.1136,21.7531],[82.1108,21.7539],[82.1076,21.7534],[82.106,21.7507],[82.1091,21.7481],[82.1069,21.7454],[82.1001,21.7455],[82.0941,21.7441],[82.0878,21.7444],[82.0857,21.7432],[82.082,21.7437],[82.0811,21.7412],[82.0831,21.735],[82.0846,21.7236],[82.0845,21.7128],[82.0832,21.7091],[82.0793,21.7059],[82.0729,21.703],[82.0687,21.7022],[82.0656,21.7041],[82.0604,21.7085],[82.0571,21.7105],[82.0516,21.7109],[82.0468,21.7096],[82.0454,21.7056],[82.0492,21.7013],[82.0509,21.6971],[82.0511,21.6869],[82.0525,21.6823],[82.055,21.6779],[82.0577,21.6745],[82.0626,21.672],[82.0692,21.6678],[82.0664,21.6615],[82.0612,21.6553],[82.0562,21.6485],[82.0511,21.6433],[82.0481,21.6411],[82.0395,21.6366],[82.0422,21.6312],[82.0466,21.627],[82.0494,21.6233],[82.0525,21.6226],[82.0524,21.6208],[82.0551,21.6196],[82.0559,21.6138],[82.0526,21.6074],[82.051,21.6013],[82.0553,21.6007],[82.0566,21.6016],[82.0604,21.5998],[82.0606,21.5972],[82.0652,21.5944],[82.0662,21.5912],[82.0705,21.5887],[82.0723,21.5891],[82.0754,21.5851],[82.0825,21.5849],[82.0881,21.5853],[82.0933,21.5846],[82.0949,21.5832],[82.1013,21.5817],[82.1083,21.5759],[82.1116,21.578],[82.1146,21.5775],[82.1171,21.5798],[82.1169,21.5852],[82.1188,21.5887],[82.1182,21.5919],[82.1205,21.5966],[82.1205,21.599],[82.1236,21.6016],[82.1289,21.601],[82.1346,21.6025],[82.1382,21.6024],[82.1455,21.6042],[82.1508,21.6037],[82.1576,21.6086],[82.1604,21.6112],[82.166,21.6094],[82.1689,21.609],[82.179,21.6111],[82.1811,21.6059],[82.1825,21.6],[82.1838,21.598],[82.1879,21.5951],[82.1908,21.5949],[82.2041,21.5959],[82.2167,21.5931],[82.2203,21.5961],[82.2218,21.6001],[82.221,21.6024],[82.223,21.6068],[82.223,21.609],[82.23,21.612],[82.2309,21.6154],[82.234,21.6157],[82.2341,21.6189],[82.2359,21.6227],[82.2378,21.6243],[82.2476,21.6169],[82.251,21.6202],[82.2633,21.6182],[82.2683,21.6129],[82.2707,21.6114],[82.2866,21.6085],[82.2861,21.5988],[82.2847,21.5934],[82.2889,21.5927],[82.2962,21.5896],[82.2956,21.5851],[82.2924,21.5772],[82.2904,21.5702],[82.2978,21.5671],[82.3002,21.5654],[82.305,21.5644],[82.3089,21.5615],[82.3116,21.5577],[82.3151,21.5591],[82.3198,21.5563],[82.3266,21.5605],[82.328,21.5583],[82.3309,21.5596],[82.334,21.5595],[82.3377,21.5606],[82.3408,21.559],[82.344,21.5555],[82.3525,21.5618],[82.3594,21.5683],[82.3622,21.572],[82.3655,21.5752],[82.3713,21.5825],[82.3761,21.5914],[82.3775,21.5985],[82.3772,21.6062],[82.3778,21.6108],[82.3796,21.6151],[82.3829,21.6201],[82.3899,21.6288],[82.3975,21.6404],[82.4022,21.647],[82.4058,21.6544],[82.4088,21.658],[82.4247,21.6732],[82.4321,21.6792],[82.4446,21.6901],[82.4635,21.7102],[82.466,21.7141],[82.4699,21.7228],[82.4712,21.7271]]]},"properties":{"id":"in:subdistrict:3326","level":"subdistrict","name":"Baloda Bazar","code":3326,"parent":"in:district:644","state":"in:state:22"}},{"type":"Feature","geometry":{"type":"Polygon","coordinates":[[[82.1935,21.3792],[82.1978,21.3836],[82.2109,21.4],[82.2139,21.4051],[82.2182,21.409],[82.2215,21.4133],[82.224,21.4177],[82.2301,21.4251],[82.2331,21.434],[82.2361,21.4387],[82.2383,21.445],[82.2397,21.4525],[82.2449,21.4676],[82.2482,21.4728],[82.2516,21.4769],[82.2534,21.4805],[82.2586,21.4865],[82.2671,21.4944],[82.2705,21.4986],[82.2724,21.503],[82.2763,21.5065],[82.281,21.5093],[82.2915,21.5165],[82.2974,21.5198],[82.3153,21.525],[82.3197,21.528],[82.3263,21.5355],[82.3278,21.5381],[82.3341,21.5463],[82.344,21.5555],[82.3408,21.559],[82.3377,21.5606],[82.334,21.5595],[82.3309,21.5596],[82.328,21.5583],[82.3266,21.5605],[82.3198,21.5563],[82.3151,21.5591],[82.3116,21.5577],[82.3089,21.5615],[82.305,21.5644],[82.3002,21.5654],[82.2978,21.5671],[82.2904,21.5702],[82.2924,21.5772],[82.2956,21.5851],[82.2962,21.5896],[82.2889,21.5927],[82.2847,21.5934],[82.2861,21.5988],[82.2866,21.6085],[82.2707,21.6114],[82.2683,21.6129],[82.2633,21.6182],[82.251,21.6202],[82.2476,21.6169],[82.2378,21.6243],[82.2359,21.6227],[82.2341,21.6189],[82.234,21.6157],[82.2309,21.6154],[82.23,21.612],[82.223,21.609],[82.223,21.6068],[82.221,21.6024],[82.2218,21.6001],[82.2203,21.5961],[82.2167,21.5931],[82.2041,21.5959],[82.1908,21.5949],[82.1879,21.5951],[82.1838,21.598],[82.1825,21.6],[82.1811,21.6059],[82.179,21.6111],[82.1689,21.609],[82.166,21.6094],[82.1604,21.6112],[82.1576,21.6086],[82.1508,21.6037],[82.1455,21.6042],[82.1382,21.6024],[82.1346,21.6025],[82.1289,21.601],[82.1236,21.6016],[82.1205,21.599],[82.1205,21.5966],[82.1182,21.5919],[82.1188,21.5887],[82.1169,21.5852],[82.1171,21.5798],[82.1146,21.5775],[82.1116,21.578],[82.1083,21.5759],[82.1013,21.5817],[82.0949,21.5832],[82.0933,21.5846],[82.0881,21.5853],[82.0825,21.5849],[82.0754,21.5851],[82.0723,21.5891],[82.0705,21.5887],[82.0662,21.5912],[82.0652,21.5944],[82.0606,21.5972],[82.0604,21.5998],[82.0566,21.6016],[82.0553,21.6007],[82.051,21.6013],[82.0438,21.5962],[82.0381,21.5911],[82.0294,21.586],[82.0257,21.5812],[82.0181,21.5644],[82.0185,21.5633],[82.0258,21.5547],[82.0271,21.546],[82.0267,21.5373],[82.0259,21.5347],[82.0227,21.5294],[82.0232,21.518],[82.0225,21.5106],[82.0168,21.5048],[82.0124,21.511],[82.0031,21.5223],[81.9983,21.5336],[81.9822,21.5367],[81.9806,21.5361],[81.9791,21.5282],[81.9792,21.5251],[81.9835,21.522],[81.9821,21.5199],[81.9821,21.5169],[81.979,21.5173],[81.9765,21.5116],[81.9688,21.5105],[81.9671,21.5067],[81.9679,21.5007],[81.9699,21.4989],[81.9691,21.4968],[81.9653,21.4943],[81.9602,21.4883],[81.9633,21.4859],[81.9758,21.4845],[81.9836,21.4846],[81.984,21.4754],[81.9878,21.4734],[81.9902,21.4739],[81.9945,21.4703],[81.9953,21.4672],[81.9934,21.4627],[81.9943,21.46],[82.0006,21.4595],[82.0087,21.4575],[82.0126,21.4548],[82.0185,21.4499],[82.0209,21.4484],[82.0235,21.4507],[82.0229,21.453],[82.0268,21.4561],[82.0299,21.455],[82.0339,21.4556],[82.0363,21.4537],[82.0353,21.4512],[82.0378,21.4475],[82.0413,21.4446],[82.0444,21.4436],[82.0521,21.4394],[82.0543,21.4365],[82.0591,21.4351],[82.0694,21.4337],[82.0775,21.4354],[82.0828,21.433],[82.0844,21.4307],[82.0884,21.4296],[82.0914,21.4263],[82.0934,21.4226],[82.0954,21.4217],[82.0967,21.4183],[82.0999,21.4182],[82.106,21.4147],[82.1079,21.4116],[82.1111,21.4128],[82.1128,21.4117],[82.118,21.4125],[82.121,21.406],[82.1175,21.4005],[82.1159,21.3864],[82.1174,21.3825],[82.1246,21.3806],[82.1254,21.3674],[82.1285,21.3657],[82.1372,21.3662],[82.1418,21.3603],[82.1459,21.3588],[82.1457,21.3613],[82.1535,21.3682],[82.1562,21.3697],[82.1583,21.3734],[82.161,21.3761],[82.1648,21.3764],[82.1693,21.3814],[82.1727,21.3819],[82.18,21.379],[82.1832,21.3787],[82.1883,21.382],[82.1901,21.3819],[82.1935,21.3792]]]},"properties":{"id":"in:subdistrict:3327","level":"subdistrict","name":"Palari","code":3327,"parent":"in:district:644","state":"in:state:22"}},{"type":"Feature","geometry":{"type":"Polygon","coordinates":[[[82.1976,21.763],[82.1946,21.7653],[82.1906,21.7708],[82.1881,21.7802],[82.1824,21.7944],[82.1816,21.8029],[82.1847,21.8101],[82.1856,21.8143],[82.1869,21.8252],[82.1855,21.8337],[82.1815,21.8416],[82.1775,21.8443],[82.1723,21.8439],[82.1673,21.8445],[82.1594,21.8473],[82.1559,21.846],[82.1511,21.8421],[82.1454,21.8409],[82.1358,21.8358],[82.1314,21.833],[82.1265,21.8316],[82.1229,21.8318],[82.119,21.8344],[82.1151,21.8398],[82.1096,21.8445],[82.1061,21.8493],[82.1008,21.8545],[82.0974,21.8565],[82.0867,21.8602],[82.0791,21.8637],[82.0771,21.8654],[82.0702,21.8695],[82.0652,21.8706],[82.0568,21.8779],[82.0515,21.8818],[82.0454,21.8838],[82.037,21.8833],[82.0332,21.8815],[82.0305,21.878],[82.0285,21.8732],[82.0284,21.8642],[82.0255,21.8605],[82.0218,21.8579],[82.0149,21.857],[82.0056,21.8543],[81.9977,21.8539],[81.9927,21.8541],[81.975,21.8524],[81.9614,21.8484],[81.9522,21.8437],[81.951,21.8397],[81.9522,21.8355],[81.949,21.825],[81.9459,21.8206],[81.9423,21.8174],[81.9371,21.8139],[81.9268,21.807],[81.9173,21.7987],[81.9115,21.7952],[81.909,21.793],[81.9044,21.7874],[81.8979,21.7808],[81.8945,21.7787],[81.8886,21.7772],[81.8889,21.7744],[81.8874,21.7733],[81.8878,21.7689],[81.8838,21.7635],[81.8762,21.7625],[81.8747,21.7613],[81.8744,21.7572],[81.8724,21.7545],[81.8745,21.7477],[81.8778,21.746],[81.8802,21.7436],[81.8857,21.7474],[81.8887,21.7448],[81.8906,21.7447],[81.8971,21.7424],[81.9029,21.7381],[81.8925,21.7235],[81.8943,21.7235],[81.8972,21.7208],[81.8953,21.7143],[81.8956,21.7093],[81.9047,21.7059],[81.9064,21.7042],[81.908,21.6961],[81.9075,21.6907],[81.9023,21.6903],[81.8973,21.6879],[81.8913,21.686],[81.8894,21.6837],[81.8957,21.6818],[81.8994,21.6774],[81.9031,21.6743],[81.9039,21.6672],[81.9084,21.6673],[81.9158,21.6663],[81.9178,21.6726],[81.9198,21.6823],[81.9301,21.6821],[81.9308,21.6855],[81.934,21.6945],[81.9426,21.6955],[81.9448,21.6963],[81.9485,21.6944],[81.9515,21.6944],[81.9553,21.6917],[81.9596,21.6938],[81.9627,21.6921],[81.9668,21.6911],[81.9699,21.6918],[81.9726,21.6888],[81.9778,21.6892],[81.9794,21.691],[81.9822,21.6888],[81.9838,21.6904],[81.9881,21.6877],[81.993,21.6859],[81.9983,21.6856],[82.0048,21.6835],[82.0031,21.6762],[82.0092,21.6708],[82.018,21.6707],[82.0135,21.6615],[82.0158,21.6584],[82.0107,21.651],[82.0132,21.6478],[82.02,21.6443],[82.0233,21.6418],[82.0219,21.6376],[82.0194,21.6358],[82.0187,21.6321],[82.0211,21.6306],[82.0263,21.6324],[82.0321,21.6325],[82.0395,21.6366],[82.0481,21.6411],[82.0511,21.6433],[82.0562,21.6485],[82.0612,21.6553],[82.0664,21.6615],[82.0692,21.6678],[82.0626,21.672],[82.0577,21.6745],[82.055,21.6779],[82.0525,21.6823],[82.0511,21.6869],[82.0509,21.6971],[82.0492,21.7013],[82.0454,21.7056],[82.0468,21.7096],[82.0516,21.7109],[82.0571,21.7105],[82.0604,21.7085],[82.0656,21.7041],[82.0687,21.7022],[82.0729,21.703],[82.0793,21.7059],[82.0832,21.7091],[82.0845,21.7128],[82.0846,21.7236],[82.0831,21.735],[82.0811,21.7412],[82.082,21.7437],[82.0857,21.7432],[82.0878,21.7444],[82.0941,21.7441],[82.1001,21.7455],[82.1069,21.7454],[82.1091,21.7481],[82.106,21.7507],[82.1076,21.7534],[82.1108,21.7539],[82.1136,21.7531],[82.1173,21.7538],[82.1199,21.7516],[82.1272,21.7512],[82.1305,21.7542],[82.1363,21.7562],[82.1389,21.7563],[82.1418,21.755],[82.1433,21.7577],[82.1427,21.7595],[82.1452,21.7616],[82.1497,21.7621],[82.1518,21.7652],[82.1586,21.766],[82.1649,21.7597],[82.1663,21.7591],[82.1704,21.7603],[82.1774,21.7599],[82.1805,21.7616],[82.1844,21.7614],[82.1868,21.7589],[82.1908,21.7605],[82.1948,21.761],[82.1976,21.763]]]},"properties":{"id":"in:subdistrict:3325","level":"subdistrict","name":"Bhatapara","code":3325,"parent":"in:district:644","state":"in:state:22"}},{"type":"Feature","geometry":{"type":"Polygon","coordinates":[[[81.9371,21.8139],[81.9292,21.8207],[81.9232,21.8243],[81.9211,21.8305],[81.9215,21.8333],[81.9029,21.8372],[81.8943,21.8402],[81.8992,21.8511],[81.9003,21.8573],[81.9007,21.8679],[81.8986,21.8689],[81.8962,21.8677],[81.8948,21.8699],[81.896,21.8752],[81.8989,21.882],[81.9007,21.8834],[81.8964,21.8864],[81.8886,21.8892],[81.886,21.8928],[81.8823,21.8928],[81.8755,21.8914],[81.8751,21.8861],[81.8696,21.8821],[81.862,21.8836],[81.8607,21.8882],[81.8577,21.8889],[81.8587,21.8974],[81.853,21.8974],[81.8424,21.895],[81.8379,21.8927],[81.8421,21.8863],[81.8417,21.8807],[81.836,21.8783],[81.8335,21.8799],[81.8318,21.8788],[81.8208,21.8801],[81.8206,21.882],[81.8164,21.8838],[81.8163,21.8886],[81.8182,21.8912],[81.8178,21.8933],[81.8187,21.8977],[81.8229,21.8999],[81.8247,21.9125],[81.8223,21.9176],[81.8201,21.9189],[81.815,21.9201],[81.8115,21.9219],[81.806,21.922],[81.8034,21.923],[81.8035,21.9249],[81.7981,21.9274],[81.7959,21.9291],[81.7962,21.9365],[81.7978,21.9429],[81.8002,21.947],[81.7968,21.9481],[81.7931,21.9469],[81.7867,21.9472],[81.7868,21.9501],[81.773,21.954],[81.7725,21.951],[81.7683,21.9479],[81.7631,21.9474],[81.7587,21.9524],[81.7559,21.9539],[81.755,21.9577],[81.7527,21.9599],[81.7512,21.9564],[81.7479,21.954],[81.7451,21.9508],[81.7394,21.9465],[81.7297,21.9469],[81.7292,21.9437],[81.7216,21.9465],[81.7211,21.9507],[81.7157,21.952],[81.715,21.9536],[81.7097,21.9536],[81.7058,21.9525],[81.7067,21.9589],[81.7055,21.9597],[81.7001,21.96],[81.689,21.9615],[81.6832,21.9588],[81.6748,21.9606],[81.6658,21.9637],[81.663,21.9662],[81.6582,21.968],[81.6581,21.9732],[81.6588,21.9779],[81.6632,21.9813],[81.6633,21.9846],[81.6611,21.9848],[81.6576,21.988],[81.6509,21.9901],[81.6445,21.991],[81.6402,21.989],[81.6352,21.9898],[81.6283,21.9862],[81.6259,21.9859],[81.6237,21.9877],[81.6157,21.9884],[81.6165,22.0009],[81.611,22.0042],[81.6117,22.0083],[81.6092,22.0096],[81.6111,22.0135],[81.606,22.0151],[81.6037,22.0174],[81.5961,22.0169],[81.59,22.0193],[81.5887,22.0177],[81.5849,22.0182],[81.5848,22.0233],[81.5806,22.0245],[81.5773,22.0242],[81.5734,22.0204],[81.5735,22.0166],[81.5833,22.0146],[81.5864,22.0159],[81.5913,22.0108],[81.5913,22.0067],[81.589,22.0065],[81.5898,22.0029],[81.5893,21.9986],[81.5916,21.9934],[81.5898,21.9879],[81.5842,21.9882],[81.5799,21.982],[81.5772,21.9833],[81.5765,21.9883],[81.5734,21.9897],[81.5738,21.9943],[81.5714,21.9968],[81.5675,21.9945],[81.5601,21.995],[81.5577,21.9961],[81.5592,21.9981],[81.5569,22.0009],[81.5531,22.002],[81.5495,21.9997],[81.5491,21.9964],[81.552,21.994],[81.5521,21.9886],[81.5554,21.9892],[81.5538,21.9845],[81.5504,21.9847],[81.5478,21.9812],[81.5447,21.9815],[81.5436,21.9788],[81.54,21.9771],[81.5381,21.9747],[81.5352,21.9749],[81.5333,21.9723],[81.5335,21.9603],[81.5385,21.9566],[81.5385,21.9525],[81.5492,21.9498],[81.5504,21.9483],[81.5496,21.9443],[81.5441,21.9444],[81.5431,21.9421],[81.5404,21.9402],[81.5378,21.9421],[81.5314,21.9383],[81.5289,21.9401],[81.5287,21.9431],[81.5257,21.943],[81.5253,21.9452],[81.5212,21.9441],[81.5214,21.9401],[81.5193,21.9405],[81.5144,21.9396],[81.5142,21.9379],[81.5082,21.9371],[81.5039,21.9269],[81.505,21.923],[81.5085,21.9197],[81.5108,21.9247],[81.5181,21.9227],[81.5218,21.926],[81.5251,21.9245],[81.5284,21.9214],[81.529,21.9179],[81.5284,21.9149],[81.5305,21.9104],[81.5331,21.9089],[81.5357,21.9043],[81.5356,21.898],[81.5378,21.8975],[81.5401,21.8948],[81.5479,21.8962],[81.5521,21.8962],[81.5538,21.8933],[81.5492,21.8917],[81.5486,21.8881],[81.5524,21.8869],[81.5554,21.8845],[81.5574,21.8849],[81.5552,21.8776],[81.5532,21.8752],[81.5574,21.8738],[81.561,21.8767],[81.5638,21.8755],[81.5615,21.8723],[81.563,21.8676],[81.5686,21.8607],[81.5809,21.8529],[81.5816,21.851],[81.5787,21.846],[81.5844,21.8413],[81.5893,21.836],[81.5916,21.8343],[81.5974,21.8348],[81.6002,21.8342],[81.6033,21.8322],[81.6086,21.8306],[81.6152,21.8303],[81.6214,21.8328],[81.6277,21.8315],[81.6318,21.8278],[81.6348,21.8232],[81.6401,21.822],[81.6494,21.8166],[81.6542,21.8155],[81.6671,21.8177],[81.6697,21.817],[81.6739,21.814],[81.676,21.8139],[81.6785,21.8161],[81.6843,21.8151],[81.6891,21.815],[81.6916,21.814],[81.6949,21.8101],[81.6982,21.8101],[81.7019,21.8128],[81.7042,21.8154],[81.7072,21.8154],[81.7095,21.8139],[81.7148,21.8138],[81.7169,21.8119],[81.7175,21.8081],[81.7237,21.8049],[81.7283,21.8014],[81.7317,21.8015],[81.734,21.7984],[81.7386,21.7949],[81.7426,21.7932],[81.7442,21.7935],[81.7469,21.7968],[81.7457,21.8024],[81.7489,21.8032],[81.7492,21.8003],[81.7547,21.7958],[81.7554,21.7875],[81.7556,21.7794],[81.7591,21.7764],[81.7647,21.7741],[81.7663,21.7721],[81.7664,21.7689],[81.7683,21.7674],[81.7729,21.7694],[81.7811,21.7633],[81.784,21.7628],[81.7874,21.7656],[81.7957,21.77],[81.8004,21.7717],[81.8047,21.7724],[81.8076,21.7701],[81.8088,21.7665],[81.8134,21.7614],[81.8198,21.7594],[81.8231,21.7593],[81.829,21.7607],[81.8364,21.7587],[81.8434,21.7579],[81.8482,21.7591],[81.8524,21.7618],[81.857,21.7675],[81.8601,21.769],[81.8704,21.7701],[81.8788,21.7743],[81.8886,21.7772],[81.8945,21.7787],[81.8979,21.7808],[81.9044,21.7874],[81.909,21.793],[81.9115,21.7952],[81.9173,21.7987],[81.9268,21.807],[81.9371,21.8139]]]},"properties":{"id":"in:subdistrict:3311","level":"subdistrict","name":"Nawagarh","code":3311,"parent":"in:district:379","state":"in:state:22"}},{"type":"Feature","geometry":{"type":"Polygon","coordinates":[[[81.5531,22.002],[81.5496,22.0029],[81.5476,22.0051],[81.5434,22.0056],[81.5396,22.007],[81.5333,22.0061],[81.5319,22.0041],[81.5278,22.0052],[81.5248,22.0044],[81.5205,22.0068],[81.5182,22.0057],[81.5117,21.9986],[81.5073,22.0019],[81.5035,22.0023],[81.5013,22.0049],[81.5012,22.0072],[81.5032,22.0101],[81.5028,22.013],[81.4998,22.0137],[81.4983,22.0119],[81.4887,22.0166],[81.4852,22.0189],[81.4809,22.018],[81.478,22.0152],[81.4724,22.015],[81.4698,22.0122],[81.4708,22.009],[81.4738,22.008],[81.4743,22.0055],[81.4766,22.0038],[81.4765,22.0006],[81.4797,21.9997],[81.4778,21.9966],[81.4787,21.9955],[81.4828,21.9977],[81.4858,21.997],[81.4836,21.9942],[81.4795,21.9937],[81.4768,21.9908],[81.4722,21.9837],[81.4676,21.9788],[81.4718,21.9751],[81.4733,21.9721],[81.4769,21.9718],[81.479,21.9699],[81.4776,21.9641],[81.474,21.964],[81.4713,21.9607],[81.4665,21.961],[81.4652,21.9579],[81.4593,21.9573],[81.4581,21.9547],[81.4555,21.9541],[81.4511,21.9504],[81.4541,21.9468],[81.4541,21.9439],[81.4513,21.9427],[81.4502,21.9373],[81.453,21.9369],[81.4568,21.933],[81.4598,21.9311],[81.4546,21.93],[81.452,21.9267],[81.4517,21.9212],[81.4549,21.9139],[81.4496,21.9116],[81.4453,21.9124],[81.4452,21.9099],[81.441,21.9094],[81.4388,21.9071],[81.4458,21.9039],[81.4494,21.9036],[81.4446,21.9002],[81.4397,21.9007],[81.4374,21.8983],[81.4302,21.9007],[81.4286,21.8984],[81.4236,21.901],[81.4227,21.9057],[81.4199,21.9064],[81.4216,21.9101],[81.4201,21.9139],[81.4159,21.9155],[81.4125,21.9129],[81.4105,21.9047],[81.4093,21.9034],[81.4093,21.899],[81.4081,21.895],[81.4096,21.8922],[81.4075,21.888],[81.4054,21.8857],[81.4059,21.8822],[81.4113,21.8783],[81.4181,21.8746],[81.4213,21.8739],[81.426,21.8718],[81.4269,21.869],[81.4291,21.8663],[81.4245,21.8652],[81.4223,21.8605],[81.4237,21.8589],[81.4223,21.8552],[81.4246,21.853],[81.4301,21.8499],[81.4269,21.8423],[81.4335,21.8421],[81.4368,21.8414],[81.4432,21.8422],[81.4427,21.84],[81.4478,21.8386],[81.4542,21.8383],[81.4598,21.8338],[81.467,21.8323],[81.4671,21.834],[81.4696,21.838],[81.471,21.8467],[81.4717,21.8488],[81.4756,21.8495],[81.4792,21.8491],[81.479,21.8456],[81.4815,21.8434],[81.4827,21.8381],[81.483,21.8306],[81.481,21.8271],[81.4807,21.8244],[81.478,21.8237],[81.4739,21.825],[81.4728,21.8218],[81.4741,21.8192],[81.4742,21.8139],[81.4759,21.8114],[81.4759,21.809],[81.4737,21.8067],[81.4798,21.8068],[81.4813,21.8043],[81.4862,21.8021],[81.4878,21.796],[81.4943,21.7927],[81.4983,21.7924],[81.5029,21.7909],[81.5021,21.7845],[81.4984,21.7822],[81.4999,21.778],[81.4983,21.7755],[81.4941,21.775],[81.4826,21.771],[81.4759,21.7694],[81.4762,21.7671],[81.4739,21.7639],[81.4721,21.7633],[81.4714,21.7588],[81.4739,21.7557],[81.4754,21.7468],[81.4745,21.7403],[81.4695,21.7318],[81.4672,21.7311],[81.4685,21.7246],[81.4688,21.7205],[81.4645,21.7141],[81.4652,21.7118],[81.4683,21.7117],[81.4689,21.7052],[81.4702,21.7029],[81.4749,21.7048],[81.4804,21.7048],[81.4825,21.7093],[81.4845,21.7085],[81.4854,21.705],[81.4844,21.7019],[81.4814,21.7017],[81.4807,21.6996],[81.4781,21.6991],[81.4763,21.6924],[81.474,21.6894],[81.4625,21.6931],[81.4552,21.696],[81.4539,21.6891],[81.452,21.6826],[81.45,21.6829],[81.4483,21.6788],[81.4521,21.6772],[81.4493,21.6698],[81.4444,21.6662],[81.4457,21.6638],[81.4527,21.661],[81.4556,21.6632],[81.4581,21.6619],[81.4582,21.659],[81.4623,21.66],[81.4635,21.6569],[81.4603,21.6559],[81.4631,21.6506],[81.4656,21.6485],[81.4711,21.6464],[81.472,21.6499],[81.4768,21.6517],[81.483,21.6521],[81.4902,21.6514],[81.4941,21.6517],[81.5017,21.6483],[81.5034,21.6462],[81.5072,21.6468],[81.5114,21.6464],[81.5176,21.6469],[81.5223,21.6438],[81.525,21.6397],[81.5238,21.6374],[81.5238,21.6336],[81.5253,21.6307],[81.5278,21.6317],[81.5317,21.6273],[81.5335,21.6209],[81.5334,21.619],[81.5357,21.6172],[81.539,21.6182],[81.5432,21.6212],[81.551,21.6217],[81.5547,21.6238],[81.5629,21.6251],[81.5733,21.6291],[81.5795,21.6324],[81.5897,21.6322],[81.5935,21.631],[81.6002,21.6276],[81.6051,21.6241],[81.6077,21.6201],[81.6093,21.6152],[81.6178,21.6253],[81.6217,21.6316],[81.6295,21.6318],[81.6428,21.6332],[81.6428,21.6359],[81.6488,21.6362],[81.6537,21.635],[81.6571,21.6358],[81.6607,21.6387],[81.6597,21.6417],[81.6632,21.646],[81.6607,21.6487],[81.6577,21.6545],[81.6573,21.6571],[81.6588,21.6609],[81.6621,21.663],[81.6689,21.6614],[81.6709,21.6619],[81.673,21.6651],[81.6731,21.6689],[81.6772,21.6722],[81.6847,21.6757],[81.6944,21.6773],[81.7016,21.6776],[81.7095,21.6788],[81.7217,21.6856],[81.7232,21.6891],[81.7223,21.6954],[81.7236,21.7004],[81.7263,21.7069],[81.7253,21.7101],[81.7201,21.7151],[81.718,21.7187],[81.7154,21.727],[81.7134,21.7313],[81.7097,21.7359],[81.703,21.742],[81.6977,21.7483],[81.6972,21.7554],[81.6979,21.7582],[81.7006,21.7613],[81.7043,21.7625],[81.7095,21.7626],[81.717,21.7608],[81.7231,21.7616],[81.7303,21.7648],[81.7356,21.7649],[81.7382,21.7622],[81.7394,21.758],[81.7396,21.7517],[81.7404,21.7496],[81.7442,21.7488],[81.7555,21.7535],[81.7624,21.7583],[81.7648,21.7613],[81.7683,21.7674],[81.7664,21.7689],[81.7663,21.7721],[81.7647,21.7741],[81.7591,21.7764],[81.7556,21.7794],[81.7554,21.7875],[81.7547,21.7958],[81.7492,21.8003],[81.7489,21.8032],[81.7457,21.8024],[81.7469,21.7968],[81.7442,21.7935],[81.7426,21.7932],[81.7386,21.7949],[81.734,21.7984],[81.7317,21.8015],[81.7283,21.8014],[81.7237,21.8049],[81.7175,21.8081],[81.7169,21.8119],[81.7148,21.8138],[81.7095,21.8139],[81.7072,21.8154],[81.7042,21.8154],[81.7019,21.8128],[81.6982,21.8101],[81.6949,21.8101],[81.6916,21.814],[81.6891,21.815],[81.6843,21.8151],[81.6785,21.8161],[81.676,21.8139],[81.6739,21.814],[81.6697,21.817],[81.6671,21.8177],[81.6542,21.8155],[81.6494,21.8166],[81.6401,21.822],[81.6348,21.8232],[81.6318,21.8278],[81.6277,21.8315],[81.6214,21.8328],[81.6152,21.8303],[81.6086,21.8306],[81.6033,21.8322],[81.6002,21.8342],[81.5974,21.8348],[81.5916,21.8343],[81.5893,21.836],[81.5844,21.8413],[81.5787,21.846],[81.5816,21.851],[81.5809,21.8529],[81.5686,21.8607],[81.563,21.8676],[81.5615,21.8723],[81.5638,21.8755],[81.561,21.8767],[81.5574,21.8738],[81.5532,21.8752],[81.5552,21.8776],[81.5574,21.8849],[81.5554,21.8845],[81.5524,21.8869],[81.5486,21.8881],[81.5492,21.8917],[81.5538,21.8933],[81.5521,21.8962],[81.5479,21.8962],[81.5401,21.8948],[81.5378,21.8975],[81.5356,21.898],[81.5357,21.9043],[81.5331,21.9089],[81.5305,21.9104],[81.5284,21.9149],[81.529,21.9179],[81.5284,21.9214],[81.5251,21.9245],[81.5218,21.926],[81.5181,21.9227],[81.5108,21.9247],[81.5085,21.9197],[81.505,21.923],[81.5039,21.9269],[81.5082,21.9371],[81.5142,21.9379],[81.5144,21.9396],[81.5193,21.9405],[81.5214,21.9401],[81.5212,21.9441],[81.5253,21.9452],[81.5257,21.943],[81.5287,21.9431],[81.5289,21.9401],[81.5314,21.9383],[81.5378,21.9421],[81.5404,21.9402],[81.5431,21.9421],[81.5441,21.9444],[81.5496,21.9443],[81.5504,21.9483],[81.5492,21.9498],[81.5385,21.9525],[81.5385,21.9566],[81.5335,21.9603],[81.5333,21.9723],[81.5352,21.9749],[81.5381,21.9747],[81.54,21.9771],[81.5436,21.9788],[81.5447,21.9815],[81.5478,21.9812],[81.5504,21.9847],[81.5538,21.9845],[81.5554,21.9892],[81.5521,21.9886],[81.552,21.994],[81.5491,21.9964],[81.5495,21.9997],[81.5531,22.002]]]},"properties":{"id":"in:subdistrict:3312","level":"subdistrict","name":"Bemetara","code":3312,"parent":"in:district:650","state":"in:state:22"}},{"type":"Feature","geometry":{"type":"Polygon","coordinates":[[[81.4444,21.6662],[81.4447,21.6681],[81.4424,21.6716],[81.4426,21.6751],[81.4367,21.673],[81.4328,21.6742],[81.432,21.6765],[81.4273,21.6809],[81.4332,21.6826],[81.43,21.6841],[81.4278,21.6863],[81.4231,21.685],[81.4222,21.6864],[81.4235,21.6892],[81.4191,21.6885],[81.4176,21.6908],[81.4119,21.689],[81.4126,21.6874],[81.4084,21.6854],[81.4053,21.6861],[81.4052,21.6822],[81.4021,21.6824],[81.3983,21.6792],[81.4031,21.6771],[81.4038,21.6724],[81.4028,21.6663],[81.3994,21.6659],[81.3962,21.6641],[81.3915,21.6502],[81.3827,21.6517],[81.3772,21.6531],[81.3728,21.6529],[81.3668,21.6552],[81.3524,21.6583],[81.3505,21.6565],[81.3498,21.653],[81.3506,21.6497],[81.3529,21.6474],[81.3535,21.6412],[81.3559,21.6407],[81.3565,21.6374],[81.3617,21.6371],[81.3626,21.6352],[81.3601,21.6327],[81.3603,21.6289],[81.3591,21.627],[81.3556,21.6276],[81.3552,21.6242],[81.351,21.6255],[81.3487,21.6211],[81.3493,21.6184],[81.3471,21.6131],[81.3418,21.6063],[81.3397,21.6002],[81.3402,21.5977],[81.343,21.5976],[81.3469,21.5959],[81.3535,21.5947],[81.3562,21.6021],[81.3603,21.61],[81.3636,21.6142],[81.3671,21.6114],[81.3671,21.6099],[81.3722,21.6049],[81.3689,21.6021],[81.3681,21.5996],[81.363,21.5952],[81.358,21.5932],[81.3564,21.5915],[81.3561,21.5857],[81.3577,21.5854],[81.3565,21.5766],[81.3599,21.5755],[81.3586,21.5721],[81.3486,21.5722],[81.3451,21.5681],[81.3351,21.5685],[81.3315,21.5681],[81.3307,21.5601],[81.3284,21.5565],[81.3286,21.5542],[81.3264,21.5514],[81.3291,21.55],[81.3302,21.5536],[81.336,21.5518],[81.3377,21.5505],[81.3401,21.5528],[81.3422,21.5468],[81.3451,21.5478],[81.3476,21.5467],[81.35,21.5411],[81.3499,21.5386],[81.3538,21.5385],[81.354,21.5421],[81.3553,21.5445],[81.3606,21.544],[81.3611,21.5415],[81.3598,21.5391],[81.3603,21.5353],[81.3666,21.5308],[81.3751,21.5288],[81.376,21.5158],[81.3804,21.5187],[81.3841,21.5234],[81.3908,21.5234],[81.3949,21.5214],[81.4001,21.5214],[81.4072,21.5192],[81.4083,21.5204],[81.4143,21.5199],[81.4229,21.518],[81.4265,21.5177],[81.433,21.5183],[81.4365,21.5173],[81.4375,21.5183],[81.4426,21.5179],[81.4446,21.5162],[81.4484,21.5177],[81.4559,21.5151],[81.458,21.5128],[81.464,21.5112],[81.4679,21.5081],[81.47,21.5075],[81.4693,21.5039],[81.4672,21.4992],[81.4645,21.4954],[81.4552,21.4983],[81.452,21.4973],[81.4468,21.4989],[81.4452,21.4951],[81.4454,21.4922],[81.444,21.4891],[81.4419,21.4872],[81.4432,21.4841],[81.4463,21.4837],[81.4509,21.4818],[81.4569,21.4781],[81.4669,21.473],[81.4695,21.4708],[81.4685,21.4692],[81.4579,21.4577],[81.4498,21.4515],[81.452,21.4439],[81.4508,21.4365],[81.4508,21.431],[81.452,21.4275],[81.4492,21.427],[81.4484,21.4238],[81.4464,21.4208],[81.441,21.4193],[81.4385,21.4079],[81.4494,21.4057],[81.4556,21.4082],[81.456,21.4091],[81.4645,21.4093],[81.4687,21.4087],[81.469,21.4132],[81.4707,21.4154],[81.4687,21.4176],[81.4686,21.4213],[81.4789,21.4223],[81.4818,21.4204],[81.4884,21.4192],[81.4903,21.4197],[81.4937,21.4168],[81.4967,21.4158],[81.4966,21.4139],[81.5019,21.4112],[81.5025,21.4097],[81.5018,21.4048],[81.4963,21.4003],[81.4949,21.3972],[81.4916,21.3994],[81.4871,21.399],[81.4833,21.3978],[81.482,21.3894],[81.4795,21.3872],[81.4787,21.3841],[81.4899,21.3837],[81.4916,21.3752],[81.4937,21.3738],[81.4972,21.3745],[81.5002,21.3698],[81.4985,21.3586],[81.4968,21.3566],[81.4983,21.3539],[81.5095,21.35],[81.5195,21.3497],[81.524,21.349],[81.5243,21.3471],[81.5305,21.3474],[81.5327,21.3483],[81.5361,21.3467],[81.5373,21.3427],[81.5394,21.3402],[81.5414,21.3402],[81.546,21.3365],[81.5486,21.3327],[81.551,21.3321],[81.554,21.3333],[81.5564,21.3355],[81.5589,21.3357],[81.5649,21.3346],[81.5733,21.3344],[81.5807,21.3319],[81.5829,21.3329],[81.5866,21.3369],[81.5916,21.341],[81.5969,21.3436],[81.5968,21.3465],[81.5954,21.3497],[81.5929,21.3526],[81.5921,21.3569],[81.5949,21.3588],[81.6044,21.3614],[81.6087,21.363],[81.611,21.3654],[81.6124,21.3691],[81.612,21.374],[81.6085,21.3783],[81.6078,21.3822],[81.6101,21.3873],[81.612,21.389],[81.6167,21.3892],[81.6211,21.3867],[81.6254,21.3882],[81.6295,21.3959],[81.6352,21.3998],[81.6382,21.4027],[81.6393,21.4057],[81.6383,21.409],[81.6324,21.4125],[81.6307,21.4175],[81.6324,21.4243],[81.632,21.4294],[81.6285,21.4341],[81.6286,21.4376],[81.6313,21.4418],[81.6321,21.4457],[81.6312,21.4478],[81.6274,21.4507],[81.6237,21.459],[81.6226,21.4657],[81.6252,21.4706],[81.6292,21.4722],[81.6309,21.4745],[81.6282,21.481],[81.6275,21.4849],[81.6287,21.4893],[81.6302,21.4923],[81.6307,21.4963],[81.63,21.5007],[81.6278,21.5058],[81.6289,21.5099],[81.6337,21.5147],[81.6411,21.5184],[81.6444,21.5212],[81.6448,21.5244],[81.643,21.5391],[81.6434,21.5461],[81.6459,21.5477],[81.6558,21.5478],[81.6648,21.5467],[81.6673,21.548],[81.669,21.551],[81.6685,21.5565],[81.6666,21.5636],[81.6669,21.5686],[81.6768,21.5715],[81.6807,21.5744],[81.6824,21.5767],[81.6843,21.582],[81.6886,21.5917],[81.6948,21.6015],[81.6978,21.6084],[81.6978,21.6148],[81.6935,21.6245],[81.69,21.6281],[81.6797,21.6342],[81.6712,21.6409],[81.6654,21.6441],[81.6632,21.646],[81.6597,21.6417],[81.6607,21.6387],[81.6571,21.6358],[81.6537,21.635],[81.6488,21.6362],[81.6428,21.6359],[81.6428,21.6332],[81.6295,21.6318],[81.6217,21.6316],[81.6178,21.6253],[81.6093,21.6152],[81.6077,21.6201],[81.6051,21.6241],[81.6002,21.6276],[81.5935,21.631],[81.5897,21.6322],[81.5795,21.6324],[81.5733,21.6291],[81.5629,21.6251],[81.5547,21.6238],[81.551,21.6217],[81.5432,21.6212],[81.539,21.6182],[81.5357,21.6172],[81.5334,21.619],[81.5335,21.6209],[81.5317,21.6273],[81.5278,21.6317],[81.5253,21.6307],[81.5238,21.6336],[81.5238,21.6374],[81.525,21.6397],[81.5223,21.6438],[81.5176,21.6469],[81.5114,21.6464],[81.5072,21.6468],[81.5034,21.6462],[81.5017,21.6483],[81.4941,21.6517],[81.4902,21.6514],[81.483,21.6521],[81.4768,21.6517],[81.472,21.6499],[81.4711,21.6464],[81.4656,21.6485],[81.4631,21.6506],[81.4603,21.6559],[81.4635,21.6569],[81.4623,21.66],[81.4582,21.659],[81.4581,21.6619],[81.4556,21.6632],[81.4527,21.661],[81.4457,21.6638],[81.4444,21.6662]]]},"properties":{"id":"in:subdistrict:3315","level":"subdistrict","name":"Berla","code":3315,"parent":"in:district:650","state":"in:state:22"}},{"type":"Feature","geometry":{"type":"Polygon","coordinates":[[[82.0395,21.6366],[82.0321,21.6325],[82.0263,21.6324],[82.0211,21.6306],[82.0187,21.6321],[82.0194,21.6358],[82.0219,21.6376],[82.0233,21.6418],[82.02,21.6443],[82.0132,21.6478],[82.0107,21.651],[82.0158,21.6584],[82.0135,21.6615],[82.018,21.6707],[82.0092,21.6708],[82.0031,21.6762],[82.0048,21.6835],[81.9983,21.6856],[81.993,21.6859],[81.9881,21.6877],[81.9838,21.6904],[81.9822,21.6888],[81.9794,21.691],[81.9778,21.6892],[81.9726,21.6888],[81.9699,21.6918],[81.9668,21.6911],[81.9627,21.6921],[81.9596,21.6938],[81.9553,21.6917],[81.9515,21.6944],[81.9485,21.6944],[81.9448,21.6963],[81.9426,21.6955],[81.934,21.6945],[81.9308,21.6855],[81.9301,21.6821],[81.9198,21.6823],[81.9178,21.6726],[81.9158,21.6663],[81.9084,21.6673],[81.9039,21.6672],[81.9031,21.6743],[81.8994,21.6774],[81.8957,21.6818],[81.8894,21.6837],[81.8913,21.686],[81.8973,21.6879],[81.9023,21.6903],[81.9075,21.6907],[81.908,21.6961],[81.9064,21.7042],[81.9047,21.7059],[81.8956,21.7093],[81.8953,21.7143],[81.8972,21.7208],[81.8943,21.7235],[81.8925,21.7235],[81.9029,21.7381],[81.8971,21.7424],[81.8906,21.7447],[81.8887,21.7448],[81.8857,21.7474],[81.8802,21.7436],[81.8778,21.746],[81.8745,21.7477],[81.8724,21.7545],[81.8744,21.7572],[81.8747,21.7613],[81.8762,21.7625],[81.8838,21.7635],[81.8878,21.7689],[81.8874,21.7733],[81.8889,21.7744],[81.8886,21.7772],[81.8788,21.7743],[81.8704,21.7701],[81.8601,21.769],[81.857,21.7675],[81.8524,21.7618],[81.8482,21.7591],[81.8434,21.7579],[81.8364,21.7587],[81.829,21.7607],[81.8231,21.7593],[81.8198,21.7594],[81.8134,21.7614],[81.8088,21.7665],[81.8076,21.7701],[81.8047,21.7724],[81.8004,21.7717],[81.7957,21.77],[81.7874,21.7656],[81.784,21.7628],[81.7811,21.7633],[81.7729,21.7694],[81.7683,21.7674],[81.7648,21.7613],[81.7624,21.7583],[81.7555,21.7535],[81.7442,21.7488],[81.7404,21.7496],[81.7396,21.7517],[81.7394,21.758],[81.7382,21.7622],[81.7356,21.7649],[81.7303,21.7648],[81.7231,21.7616],[81.717,21.7608],[81.7095,21.7626],[81.7043,21.7625],[81.7006,21.7613],[81.6979,21.7582],[81.6972,21.7554],[81.6977,21.7483],[81.703,21.742],[81.7097,21.7359],[81.7134,21.7313],[81.7154,21.727],[81.718,21.7187],[81.7201,21.7151],[81.7253,21.7101],[81.7263,21.7069],[81.7236,21.7004],[81.7223,21.6954],[81.7232,21.6891],[81.7217,21.6856],[81.7095,21.6788],[81.7016,21.6776],[81.6944,21.6773],[81.6847,21.6757],[81.6772,21.6722],[81.6731,21.6689],[81.673,21.6651],[81.6709,21.6619],[81.6689,21.6614],[81.6621,21.663],[81.6588,21.6609],[81.6573,21.6571],[81.6577,21.6545],[81.6607,21.6487],[81.6632,21.646],[81.6654,21.6441],[81.6712,21.6409],[81.6797,21.6342],[81.69,21.6281],[81.6935,21.6245],[81.6978,21.6148],[81.6978,21.6084],[81.6948,21.6015],[81.6953,21.5991],[81.6948,21.5923],[81.6982,21.5923],[81.7011,21.5912],[81.7023,21.5892],[81.7107,21.5909],[81.7141,21.5906],[81.7188,21.5891],[81.7211,21.5893],[81.723,21.5873],[81.7274,21.5857],[81.7331,21.5848],[81.7369,21.5821],[81.7401,21.5834],[81.7482,21.5837],[81.7515,21.583],[81.7536,21.5879],[81.7481,21.5882],[81.7479,21.592],[81.7438,21.5949],[81.7424,21.5974],[81.7421,21.603],[81.7431,21.6056],[81.7469,21.6052],[81.7482,21.6073],[81.7479,21.613],[81.7492,21.6136],[81.756,21.6134],[81.7593,21.6116],[81.7658,21.6092],[81.7701,21.6086],[81.7773,21.6186],[81.7784,21.6218],[81.7815,21.6226],[81.7854,21.6261],[81.7874,21.6247],[81.7882,21.6211],[81.7864,21.6152],[81.7863,21.6111],[81.7844,21.6093],[81.7863,21.6054],[81.7877,21.6008],[81.7904,21.5979],[81.7937,21.5965],[81.8023,21.5979],[81.8089,21.5999],[81.8164,21.5985],[81.8312,21.599],[81.8367,21.5971],[81.8437,21.5955],[81.8431,21.5982],[81.845,21.6013],[81.8505,21.6039],[81.8511,21.6075],[81.8557,21.6079],[81.8582,21.6092],[81.8615,21.6069],[81.8638,21.6068],[81.864,21.6021],[81.8618,21.5969],[81.8618,21.5941],[81.8645,21.5934],[81.8736,21.5876],[81.8805,21.5841],[81.8809,21.5801],[81.8866,21.5756],[81.8907,21.5753],[81.8947,21.5776],[81.8954,21.5838],[81.9007,21.5998],[81.9105,21.5961],[81.9197,21.5951],[81.9223,21.5925],[81.9225,21.5842],[81.9275,21.5878],[81.93,21.5838],[81.9318,21.5764],[81.9351,21.5739],[81.9362,21.5713],[81.9311,21.566],[81.9303,21.564],[81.9275,21.5631],[81.9278,21.5596],[81.9249,21.5575],[81.9241,21.5509],[81.9278,21.545],[81.9279,21.539],[81.9292,21.5363],[81.9324,21.5351],[81.933,21.5326],[81.9316,21.5306],[81.935,21.5252],[81.9349,21.5222],[81.932,21.5181],[81.9319,21.5147],[81.9297,21.5136],[81.9279,21.5067],[81.9263,21.5044],[81.9278,21.5017],[81.9301,21.4946],[81.9302,21.4923],[81.9324,21.4918],[81.9343,21.4884],[81.9393,21.4884],[81.9423,21.4865],[81.9522,21.4871],[81.9528,21.4819],[81.9524,21.4769],[81.9537,21.473],[81.9601,21.474],[81.964,21.4725],[81.9694,21.4717],[81.9736,21.4722],[81.9781,21.4758],[81.984,21.4754],[81.9836,21.4846],[81.9758,21.4845],[81.9633,21.4859],[81.9602,21.4883],[81.9653,21.4943],[81.9691,21.4968],[81.9699,21.4989],[81.9679,21.5007],[81.9671,21.5067],[81.9688,21.5105],[81.9765,21.5116],[81.979,21.5173],[81.9821,21.5169],[81.9821,21.5199],[81.9835,21.522],[81.9792,21.5251],[81.9791,21.5282],[81.9806,21.5361],[81.9822,21.5367],[81.9983,21.5336],[82.0031,21.5223],[82.0124,21.511],[82.0168,21.5048],[82.0225,21.5106],[82.0232,21.518],[82.0227,21.5294],[82.0259,21.5347],[82.0267,21.5373],[82.0271,21.546],[82.0258,21.5547],[82.0185,21.5633],[82.0181,21.5644],[82.0257,21.5812],[82.0294,21.586],[82.0381,21.5911],[82.0438,21.5962],[82.051,21.6013],[82.0526,21.6074],[82.0559,21.6138],[82.0551,21.6196],[82.0524,21.6208],[82.0525,21.6226],[82.0494,21.6233],[82.0466,21.627],[82.0422,21.6312],[82.0395,21.6366]]]},"properties":{"id":"in:subdistrict:3324","level":"subdistrict","name":"Simga","code":3324,"parent":"in:district:644","state":"in:state:22"}},{"type":"Feature","geometry":{"type":"Polygon","coordinates":[[[82.0185,21.4499],[82.0126,21.4548],[82.0087,21.4575],[82.0006,21.4595],[81.9943,21.46],[81.9934,21.4627],[81.9953,21.4672],[81.9945,21.4703],[81.9902,21.4739],[81.9878,21.4734],[81.984,21.4754],[81.9781,21.4758],[81.9736,21.4722],[81.9694,21.4717],[81.964,21.4725],[81.9601,21.474],[81.9537,21.473],[81.9524,21.4769],[81.9528,21.4819],[81.9522,21.4871],[81.9423,21.4865],[81.9393,21.4884],[81.9343,21.4884],[81.9324,21.4918],[81.9302,21.4923],[81.9301,21.4946],[81.9278,21.5017],[81.9263,21.5044],[81.9279,21.5067],[81.9297,21.5136],[81.9319,21.5147],[81.932,21.5181],[81.9349,21.5222],[81.935,21.5252],[81.9316,21.5306],[81.933,21.5326],[81.9324,21.5351],[81.9292,21.5363],[81.9279,21.539],[81.9278,21.545],[81.9241,21.5509],[81.9249,21.5575],[81.9278,21.5596],[81.9275,21.5631],[81.9303,21.564],[81.9311,21.566],[81.9362,21.5713],[81.9351,21.5739],[81.9318,21.5764],[81.93,21.5838],[81.9275,21.5878],[81.9225,21.5842],[81.9223,21.5925],[81.9197,21.5951],[81.9105,21.5961],[81.9007,21.5998],[81.8954,21.5838],[81.8947,21.5776],[81.8907,21.5753],[81.8866,21.5756],[81.8809,21.5801],[81.8805,21.5841],[81.8736,21.5876],[81.8645,21.5934],[81.8618,21.5941],[81.8618,21.5969],[81.864,21.6021],[81.8638,21.6068],[81.8615,21.6069],[81.8582,21.6092],[81.8557,21.6079],[81.8511,21.6075],[81.8505,21.6039],[81.845,21.6013],[81.8431,21.5982],[81.8437,21.5955],[81.8367,21.5971],[81.8312,21.599],[81.8164,21.5985],[81.8089,21.5999],[81.8023,21.5979],[81.7937,21.5965],[81.7904,21.5979],[81.7877,21.6008],[81.7863,21.6054],[81.7844,21.6093],[81.7863,21.6111],[81.7864,21.6152],[81.7882,21.6211],[81.7874,21.6247],[81.7854,21.6261],[81.7815,21.6226],[81.7784,21.6218],[81.7773,21.6186],[81.7701,21.6086],[81.7658,21.6092],[81.7593,21.6116],[81.756,21.6134],[81.7492,21.6136],[81.7479,21.613],[81.7482,21.6073],[81.7469,21.6052],[81.7431,21.6056],[81.7421,21.603],[81.7424,21.5974],[81.7438,21.5949],[81.7479,21.592],[81.7481,21.5882],[81.7536,21.5879],[81.7515,21.583],[81.7482,21.5837],[81.7401,21.5834],[81.7369,21.5821],[81.7331,21.5848],[81.7274,21.5857],[81.723,21.5873],[81.7211,21.5893],[81.7188,21.5891],[81.7141,21.5906],[81.7107,21.5909],[81.7023,21.5892],[81.7011,21.5912],[81.6982,21.5923],[81.6948,21.5923],[81.6953,21.5991],[81.6948,21.6015],[81.6886,21.5917],[81.6843,21.582],[81.6824,21.5767],[81.6807,21.5744],[81.6768,21.5715],[81.6669,21.5686],[81.6666,21.5636],[81.6685,21.5565],[81.669,21.551],[81.6673,21.548],[81.6648,21.5467],[81.6558,21.5478],[81.6459,21.5477],[81.6434,21.5461],[81.643,21.5391],[81.6448,21.5244],[81.6444,21.5212],[81.6411,21.5184],[81.6337,21.5147],[81.6289,21.5099],[81.6278,21.5058],[81.63,21.5007],[81.6307,21.4963],[81.6302,21.4923],[81.6287,21.4893],[81.6389,21.4843],[81.6424,21.4834],[81.6456,21.4839],[81.6455,21.4797],[81.647,21.4775],[81.6603,21.4779],[81.6601,21.4805],[81.6641,21.4832],[81.6645,21.4889],[81.6719,21.4887],[81.6748,21.4864],[81.6826,21.4825],[81.6855,21.4821],[81.6856,21.4797],[81.6939,21.4792],[81.7032,21.4764],[81.7098,21.4789],[81.717,21.4797],[81.7272,21.4733],[81.7303,21.472],[81.7367,21.4741],[81.7383,21.4701],[81.7429,21.4671],[81.7467,21.4654],[81.7551,21.464],[81.7662,21.4614],[81.7784,21.4573],[81.7799,21.4553],[81.7706,21.449],[81.7653,21.4445],[81.7615,21.4424],[81.7604,21.4368],[81.7584,21.4334],[81.7608,21.4246],[81.7618,21.4191],[81.767,21.4185],[81.7682,21.4143],[81.7735,21.4128],[81.7799,21.4089],[81.7857,21.4088],[81.7825,21.4023],[81.7866,21.4005],[81.7897,21.3966],[81.7912,21.3894],[81.7943,21.3915],[81.8012,21.3893],[81.8042,21.3903],[81.8071,21.3893],[81.8094,21.391],[81.8136,21.3917],[81.814,21.3933],[81.8248,21.3904],[81.8304,21.3872],[81.8236,21.382],[81.8167,21.3791],[81.8175,21.3735],[81.8155,21.3697],[81.8164,21.364],[81.8186,21.3604],[81.8151,21.358],[81.8112,21.3529],[81.8086,21.3547],[81.8023,21.3491],[81.806,21.3474],[81.807,21.3444],[81.8118,21.3363],[81.8168,21.3387],[81.8202,21.3379],[81.8191,21.3335],[81.8228,21.3305],[81.827,21.3286],[81.8318,21.3287],[81.834,21.3301],[81.8397,21.3301],[81.8455,21.3362],[81.8485,21.3411],[81.8558,21.3432],[81.8586,21.3448],[81.8577,21.3267],[81.862,21.3283],[81.8656,21.3312],[81.873,21.332],[81.8771,21.3345],[81.8804,21.3342],[81.8835,21.3297],[81.8827,21.3249],[81.8892,21.3247],[81.8926,21.3235],[81.8944,21.3248],[81.8943,21.3307],[81.9009,21.3319],[81.9,21.3361],[81.9054,21.3354],[81.907,21.3338],[81.9146,21.3315],[81.9233,21.3312],[81.922,21.3233],[81.9227,21.3203],[81.9338,21.3184],[81.9401,21.3181],[81.9471,21.312],[81.9492,21.3108],[81.9646,21.3223],[81.9669,21.3244],[81.9722,21.3256],[81.983,21.3256],[81.9847,21.3277],[81.9882,21.3341],[81.9848,21.34],[81.9826,21.3416],[81.9798,21.3466],[81.9755,21.3475],[81.9747,21.3494],[81.9762,21.353],[81.9763,21.3558],[81.9808,21.354],[81.9879,21.3601],[81.9914,21.3677],[81.9889,21.37],[81.9908,21.3773],[81.9938,21.3853],[81.9969,21.3855],[81.9991,21.3892],[81.9983,21.3915],[82.0031,21.3938],[82.0062,21.3937],[82.0099,21.391],[82.0133,21.3902],[82.0152,21.3933],[82.0135,21.4002],[82.0112,21.4032],[82.0088,21.4042],[82.0086,21.4098],[82.0159,21.4109],[82.0186,21.4121],[82.0207,21.4155],[82.0222,21.4204],[82.0225,21.4269],[82.0207,21.4304],[82.0146,21.4289],[82.0094,21.429],[82.006,21.4349],[82.0069,21.4369],[82.0107,21.4376],[82.0126,21.4393],[82.0111,21.4445],[82.0132,21.4467],[82.0183,21.4485],[82.0185,21.4499]]]},"properties":{"id":"in:subdistrict:3334","level":"subdistrict","name":"Tilda","code":3334,"parent":"in:district:387","state":"in:state:22"}},{"type":"Feature","geometry":{"type":"Polygon","coordinates":[[[81.8023,21.3491],[81.8086,21.3547],[81.8112,21.3529],[81.8151,21.358],[81.8186,21.3604],[81.8164,21.364],[81.8155,21.3697],[81.8175,21.3735],[81.8167,21.3791],[81.8236,21.382],[81.8304,21.3872],[81.8248,21.3904],[81.814,21.3933],[81.8136,21.3917],[81.8094,21.391],[81.8071,21.3893],[81.8042,21.3903],[81.8012,21.3893],[81.7943,21.3915],[81.7912,21.3894],[81.7897,21.3966],[81.7866,21.4005],[81.7825,21.4023],[81.7857,21.4088],[81.7799,21.4089],[81.7735,21.4128],[81.7682,21.4143],[81.767,21.4185],[81.7618,21.4191],[81.7608,21.4246],[81.7584,21.4334],[81.7604,21.4368],[81.7615,21.4424],[81.7653,21.4445],[81.7706,21.449],[81.7799,21.4553],[81.7784,21.4573],[81.7662,21.4614],[81.7551,21.464],[81.7467,21.4654],[81.7429,21.4671],[81.7383,21.4701],[81.7367,21.4741],[81.7303,21.472],[81.7272,21.4733],[81.717,21.4797],[81.7098,21.4789],[81.7032,21.4764],[81.6939,21.4792],[81.6856,21.4797],[81.6855,21.4821],[81.6826,21.4825],[81.6748,21.4864],[81.6719,21.4887],[81.6645,21.4889],[81.6641,21.4832],[81.6601,21.4805],[81.6603,21.4779],[81.647,21.4775],[81.6455,21.4797],[81.6456,21.4839],[81.6424,21.4834],[81.6389,21.4843],[81.6287,21.4893],[81.6275,21.4849],[81.6282,21.481],[81.6309,21.4745],[81.6292,21.4722],[81.6252,21.4706],[81.6226,21.4657],[81.6237,21.459],[81.6274,21.4507],[81.6312,21.4478],[81.6321,21.4457],[81.6313,21.4418],[81.6286,21.4376],[81.6285,21.4341],[81.632,21.4294],[81.6324,21.4243],[81.6307,21.4175],[81.6324,21.4125],[81.6383,21.409],[81.6393,21.4057],[81.6382,21.4027],[81.6352,21.3998],[81.6295,21.3959],[81.6254,21.3882],[81.6211,21.3867],[81.6167,21.3892],[81.612,21.389],[81.6101,21.3873],[81.6078,21.3822],[81.6085,21.3783],[81.612,21.374],[81.6124,21.3691],[81.611,21.3654],[81.6087,21.363],[81.6044,21.3614],[81.5949,21.3588],[81.5921,21.3569],[81.5929,21.3526],[81.5954,21.3497],[81.5968,21.3465],[81.5969,21.3436],[81.5916,21.341],[81.5866,21.3369],[81.5829,21.3329],[81.5807,21.3319],[81.5733,21.3344],[81.5649,21.3346],[81.5589,21.3357],[81.5564,21.3355],[81.554,21.3333],[81.5523,21.3268],[81.5518,21.3185],[81.55,21.3115],[81.55,21.305],[81.5489,21.3037],[81.5407,21.3008],[81.5381,21.3005],[81.5366,21.3021],[81.5341,21.2996],[81.5344,21.296],[81.5376,21.2877],[81.5432,21.2779],[81.5462,21.2697],[81.5435,21.2601],[81.5414,21.2498],[81.5429,21.2469],[81.5465,21.2428],[81.5515,21.2397],[81.554,21.2397],[81.5591,21.2415],[81.5617,21.2415],[81.5654,21.2379],[81.5669,21.2345],[81.57,21.2313],[81.5743,21.2231],[81.5772,21.2209],[81.5878,21.2166],[81.595,21.2097],[81.601,21.2077],[81.6027,21.206],[81.6054,21.1992],[81.6052,21.1936],[81.6105,21.1845],[81.6153,21.174],[81.6182,21.1687],[81.6215,21.1648],[81.6254,21.1613],[81.6229,21.1589],[81.6242,21.153],[81.6221,21.1518],[81.6217,21.1489],[81.6198,21.146],[81.6207,21.144],[81.6243,21.1442],[81.6248,21.141],[81.6273,21.1382],[81.6359,21.136],[81.6377,21.1339],[81.642,21.1331],[81.6422,21.1305],[81.6479,21.1264],[81.6502,21.127],[81.6501,21.1333],[81.6514,21.1329],[81.6524,21.1397],[81.6586,21.1375],[81.6629,21.1345],[81.67,21.1311],[81.6724,21.1309],[81.6774,21.1418],[81.6728,21.1421],[81.6729,21.1456],[81.6712,21.1469],[81.6696,21.151],[81.6675,21.1542],[81.6681,21.156],[81.6715,21.1576],[81.6759,21.156],[81.6795,21.1605],[81.6834,21.1602],[81.6856,21.1582],[81.6895,21.1572],[81.6912,21.1538],[81.6955,21.1532],[81.6963,21.1518],[81.703,21.147],[81.7054,21.1491],[81.7075,21.1484],[81.7129,21.1544],[81.7186,21.1529],[81.7204,21.1537],[81.7253,21.153],[81.7351,21.1529],[81.7368,21.1519],[81.7452,21.1519],[81.7466,21.158],[81.7483,21.1602],[81.7484,21.1715],[81.7493,21.1718],[81.7492,21.1801],[81.7377,21.1829],[81.7343,21.1833],[81.7355,21.1857],[81.7306,21.1889],[81.7324,21.1936],[81.7331,21.1998],[81.7383,21.2008],[81.7466,21.2003],[81.7484,21.2014],[81.7501,21.2052],[81.7486,21.2088],[81.7487,21.2235],[81.7507,21.2268],[81.7532,21.2292],[81.7543,21.2382],[81.7593,21.2394],[81.7602,21.2436],[81.7644,21.2491],[81.7637,21.2507],[81.765,21.2574],[81.7681,21.2601],[81.7675,21.263],[81.7689,21.2672],[81.7665,21.2719],[81.7563,21.2727],[81.7526,21.2716],[81.7495,21.2767],[81.7486,21.2828],[81.7506,21.286],[81.7483,21.2891],[81.7443,21.288],[81.7378,21.2885],[81.7304,21.2882],[81.7326,21.2917],[81.7301,21.2993],[81.7191,21.304],[81.7179,21.308],[81.7192,21.3126],[81.7218,21.3167],[81.7249,21.318],[81.7353,21.3169],[81.7439,21.3178],[81.7411,21.3127],[81.7462,21.3105],[81.7534,21.3122],[81.7545,21.3134],[81.7589,21.3134],[81.7642,21.3165],[81.7655,21.316],[81.7717,21.3187],[81.7778,21.3279],[81.7798,21.3299],[81.779,21.3344],[81.7811,21.3361],[81.7848,21.3428],[81.7894,21.3451],[81.7907,21.3501],[81.795,21.3512],[81.8023,21.3491]]]},"properties":{"id":"in:subdistrict:3332","level":"subdistrict","name":"Raipur","code":3332,"parent":"in:district:387","state":"in:state:22"}},{"type":"Feature","geometry":{"type":"Polygon","coordinates":[[[81.8355,20.9403],[81.848,20.9408],[81.8547,20.9434],[81.8573,20.9487],[81.8569,20.9562],[81.8591,20.9595],[81.8608,20.9604],[81.8712,20.9627],[81.8732,20.9646],[81.8742,20.9662],[81.8762,20.9741],[81.8779,20.9767],[81.886,20.9836],[81.8897,20.9887],[81.8945,20.9915],[81.8989,20.9953],[81.9023,20.9971],[81.9152,21.0073],[81.922,21.0164],[81.9233,21.0176],[81.9355,21.0249],[81.9413,21.0291],[81.9454,21.0307],[81.9535,21.0364],[81.9557,21.0389],[81.9653,21.0522],[81.9706,21.0589],[81.9766,21.068],[81.9775,21.0701],[81.971,21.0733],[81.9631,21.078],[81.9582,21.0799],[81.9547,21.082],[81.9525,21.0818],[81.9518,21.0791],[81.9415,21.0803],[81.9334,21.0808],[81.9291,21.09],[81.9353,21.0963],[81.9312,21.0981],[81.9284,21.1021],[81.9295,21.1039],[81.9305,21.113],[81.9269,21.1138],[81.9231,21.1203],[81.9234,21.1221],[81.9169,21.123],[81.9155,21.1239],[81.9032,21.1273],[81.8948,21.1267],[81.893,21.1252],[81.8905,21.1207],[81.8868,21.1203],[81.8845,21.1213],[81.8806,21.1202],[81.8768,21.118],[81.8679,21.1183],[81.8627,21.1189],[81.8591,21.1209],[81.8592,21.1268],[81.8582,21.131],[81.8548,21.1313],[81.8483,21.1351],[81.8383,21.1398],[81.8384,21.1449],[81.8359,21.1473],[81.8302,21.1428],[81.8263,21.1413],[81.8218,21.1422],[81.8176,21.1415],[81.8154,21.1421],[81.812,21.1411],[81.8076,21.1409],[81.7982,21.1385],[81.7976,21.1365],[81.7988,21.133],[81.7966,21.1288],[81.7924,21.124],[81.7907,21.1185],[81.7859,21.1135],[81.7832,21.1149],[81.7762,21.1155],[81.7731,21.1203],[81.7749,21.1285],[81.7722,21.1279],[81.7671,21.1287],[81.7641,21.1342],[81.7617,21.1357],[81.7622,21.1396],[81.7646,21.1439],[81.7673,21.1444],[81.7707,21.1471],[81.7699,21.152],[81.7714,21.162],[81.7687,21.1692],[81.7658,21.1691],[81.7493,21.1718],[81.7484,21.1715],[81.7483,21.1602],[81.7466,21.158],[81.7452,21.1519],[81.7368,21.1519],[81.7351,21.1529],[81.7253,21.153],[81.7204,21.1537],[81.7186,21.1529],[81.7129,21.1544],[81.7075,21.1484],[81.7054,21.1491],[81.703,21.147],[81.6963,21.1518],[81.6955,21.1532],[81.6912,21.1538],[81.6895,21.1572],[81.6856,21.1582],[81.6834,21.1602],[81.6795,21.1605],[81.6759,21.156],[81.6715,21.1576],[81.6681,21.156],[81.6675,21.1542],[81.6696,21.151],[81.6712,21.1469],[81.6729,21.1456],[81.6728,21.1421],[81.6774,21.1418],[81.6724,21.1309],[81.67,21.1311],[81.6629,21.1345],[81.6586,21.1375],[81.6524,21.1397],[81.6514,21.1329],[81.6501,21.1333],[81.6502,21.127],[81.6479,21.1264],[81.6422,21.1305],[81.642,21.1331],[81.6377,21.1339],[81.6359,21.136],[81.6273,21.1382],[81.6248,21.141],[81.6243,21.1442],[81.6207,21.144],[81.6198,21.146],[81.6217,21.1489],[81.6221,21.1518],[81.6242,21.153],[81.6229,21.1589],[81.6184,21.1591],[81.6117,21.1586],[81.6076,21.1598],[81.6036,21.1594],[81.603,21.1563],[81.6054,21.1528],[81.6058,21.15],[81.6038,21.1465],[81.602,21.1453],[81.5954,21.1436],[81.5878,21.1339],[81.5812,21.1228],[81.5807,21.1193],[81.5817,21.1147],[81.5814,21.1104],[81.5789,21.0982],[81.575,21.0894],[81.578,21.0858],[81.5781,21.0802],[81.5772,21.0745],[81.5808,21.0716],[81.5864,21.0703],[81.5917,21.067],[81.5948,21.0667],[81.6008,21.0681],[81.6044,21.0673],[81.6061,21.065],[81.6081,21.0588],[81.607,21.0557],[81.5989,21.0506],[81.5957,21.0498],[81.5899,21.0502],[81.5869,21.0492],[81.5857,21.0463],[81.5876,21.0437],[81.5913,21.0426],[81.6037,21.0357],[81.6061,21.0298],[81.6098,21.0284],[81.6108,21.0269],[81.6131,21.0263],[81.6164,21.0218],[81.6218,21.0209],[81.6244,21.0159],[81.6267,21.0189],[81.6288,21.0161],[81.6322,21.0154],[81.6349,21.0114],[81.64,21.0087],[81.643,21.0099],[81.6476,21.0097],[81.6486,21.0074],[81.6527,21.0066],[81.656,21.0025],[81.6569,20.9995],[81.6601,21.0016],[81.6659,20.9991],[81.6706,21.0007],[81.6745,21.001],[81.6782,20.998],[81.6827,20.9959],[81.6854,21.0006],[81.6907,21.0038],[81.6985,21.0038],[81.7007,21.0052],[81.7008,21.0073],[81.7043,21.0152],[81.7076,21.018],[81.7136,21.0185],[81.7174,21.0135],[81.7167,21.0109],[81.7244,21.0112],[81.7258,21.0123],[81.7317,21.0125],[81.7335,21.0135],[81.7424,21.0117],[81.7483,21.0115],[81.7514,21.0091],[81.751,21.0046],[81.7517,21.0017],[81.7565,21.0012],[81.758,20.9971],[81.7577,20.9948],[81.7602,20.9924],[81.7625,20.9919],[81.7609,20.9887],[81.7621,20.9859],[81.7687,20.982],[81.7717,20.9823],[81.7756,20.9796],[81.7758,20.9766],[81.7782,20.9755],[81.7794,20.9694],[81.7851,20.9674],[81.7877,20.9649],[81.7928,20.9645],[81.7937,20.9665],[81.8005,20.9647],[81.8026,20.9668],[81.8055,20.9661],[81.8079,20.9631],[81.811,20.9631],[81.8132,20.9594],[81.8149,20.9582],[81.8143,20.9542],[81.8119,20.9517],[81.8135,20.9504],[81.8151,20.9461],[81.8177,20.9484],[81.8234,20.9488],[81.8265,20.9447],[81.829,20.9429],[81.8314,20.9436],[81.8346,20.9424],[81.8355,20.9403]]]},"properties":{"id":"in:subdistrict:3331","level":"subdistrict","name":"Abhanpur","code":3331,"parent":"in:district:387","state":"in:state:22"}},{"type":"Feature","geometry":{"type":"Polygon","coordinates":[[[81.3977,20.8587],[81.4042,20.8591],[81.4066,20.8575],[81.407,20.8546],[81.4159,20.8525],[81.4156,20.8498],[81.4205,20.8499],[81.4233,20.8527],[81.4252,20.8518],[81.4291,20.8558],[81.4302,20.854],[81.4351,20.8513],[81.4421,20.8516],[81.4469,20.8536],[81.4514,20.8491],[81.454,20.8502],[81.4578,20.8549],[81.4641,20.8536],[81.4664,20.8547],[81.4641,20.8584],[81.4649,20.8633],[81.4612,20.8647],[81.4596,20.8681],[81.4607,20.8693],[81.467,20.8696],[81.4721,20.8707],[81.4771,20.8725],[81.4811,20.8729],[81.4844,20.8703],[81.4861,20.8715],[81.4873,20.8756],[81.4911,20.8791],[81.4943,20.8831],[81.4955,20.8894],[81.4983,20.8941],[81.511,20.894],[81.5163,20.8929],[81.5191,20.8931],[81.5214,20.8958],[81.5243,20.8974],[81.5262,20.9036],[81.5287,20.9077],[81.5284,20.9142],[81.5298,20.9191],[81.5337,20.9223],[81.5361,20.9262],[81.5416,20.9306],[81.5488,20.9336],[81.5652,20.9326],[81.5668,20.9337],[81.5687,20.9381],[81.577,20.9395],[81.5822,20.9389],[81.5882,20.9404],[81.5908,20.9437],[81.59,20.9503],[81.5904,20.9516],[81.5969,20.9555],[81.605,20.9559],[81.6124,20.9643],[81.6128,20.9687],[81.6098,20.9752],[81.609,20.9788],[81.6116,20.984],[81.6188,20.9854],[81.6215,20.99],[81.6214,20.9932],[81.6201,20.9964],[81.6142,21.0079],[81.6125,21.0123],[81.6073,21.0175],[81.6072,21.0194],[81.611,21.0248],[81.6108,21.0269],[81.6098,21.0284],[81.6061,21.0298],[81.6037,21.0357],[81.5913,21.0426],[81.5876,21.0437],[81.5857,21.0463],[81.5869,21.0492],[81.5899,21.0502],[81.5957,21.0498],[81.5989,21.0506],[81.607,21.0557],[81.6081,21.0588],[81.6061,21.065],[81.6044,21.0673],[81.6008,21.0681],[81.5948,21.0667],[81.5917,21.067],[81.5864,21.0703],[81.5808,21.0716],[81.5772,21.0745],[81.5781,21.0802],[81.578,21.0858],[81.575,21.0894],[81.5789,21.0982],[81.5814,21.1104],[81.5817,21.1147],[81.5807,21.1193],[81.5812,21.1228],[81.5878,21.1339],[81.5954,21.1436],[81.602,21.1453],[81.6038,21.1465],[81.6058,21.15],[81.6054,21.1528],[81.603,21.1563],[81.6036,21.1594],[81.6076,21.1598],[81.6117,21.1586],[81.6184,21.1591],[81.6229,21.1589],[81.6254,21.1613],[81.6215,21.1648],[81.6182,21.1687],[81.6153,21.174],[81.6105,21.1845],[81.6052,21.1936],[81.6054,21.1992],[81.6027,21.206],[81.601,21.2077],[81.595,21.2097],[81.5878,21.2166],[81.5772,21.2209],[81.5743,21.2231],[81.57,21.2313],[81.5669,21.2345],[81.5654,21.2379],[81.5617,21.2415],[81.5591,21.2415],[81.554,21.2397],[81.5515,21.2397],[81.5465,21.2428],[81.5452,21.2389],[81.5414,21.2402],[81.5386,21.2388],[81.5365,21.2394],[81.5249,21.2401],[81.519,21.241],[81.5171,21.2438],[81.5107,21.2456],[81.5098,21.2472],[81.4982,21.2474],[81.4947,21.2414],[81.4932,21.2367],[81.484,21.2357],[81.4806,21.2306],[81.4769,21.2278],[81.4734,21.2268],[81.4701,21.2271],[81.4661,21.2308],[81.4554,21.2387],[81.4503,21.2396],[81.4472,21.2331],[81.4372,21.236],[81.4299,21.239],[81.4249,21.2389],[81.4268,21.2351],[81.4219,21.2324],[81.4216,21.2258],[81.4077,21.2161],[81.4064,21.2145],[81.4062,21.2007],[81.4124,21.1996],[81.4074,21.1906],[81.4081,21.1872],[81.4099,21.1845],[81.4053,21.181],[81.4043,21.1728],[81.4049,21.1676],[81.4041,21.1643],[81.4019,21.161],[81.4046,21.1547],[81.4075,21.1438],[81.4068,21.1416],[81.4032,21.1368],[81.4062,21.1325],[81.4086,21.1316],[81.4078,21.1256],[81.4091,21.1209],[81.408,21.1181],[81.405,21.1154],[81.3912,21.1121],[81.3935,21.109],[81.3934,21.0987],[81.3943,21.0964],[81.3998,21.0935],[81.4017,21.0911],[81.3922,21.084],[81.3879,21.0761],[81.3882,21.0682],[81.3912,21.0661],[81.3886,21.0621],[81.3883,21.0571],[81.3902,21.056],[81.3889,21.0486],[81.3897,21.0473],[81.3892,21.0432],[81.3915,21.0387],[81.3895,21.033],[81.3892,21.0278],[81.3923,21.025],[81.3925,21.0212],[81.3942,21.0212],[81.3954,21.0153],[81.4002,21.0157],[81.4028,21.0115],[81.4033,21.0091],[81.4075,21.0088],[81.4121,21.0056],[81.4201,21.0064],[81.4202,21.0007],[81.4216,20.9934],[81.4217,20.9894],[81.4208,20.9875],[81.4135,20.985],[81.4077,20.9839],[81.4038,20.9824],[81.4071,20.9777],[81.4087,20.9772],[81.4102,20.9723],[81.4128,20.9708],[81.4179,20.9703],[81.4208,20.9693],[81.4219,20.967],[81.4255,20.9668],[81.4265,20.9612],[81.4216,20.9504],[81.417,20.9504],[81.4171,20.9487],[81.4048,20.9401],[81.4061,20.9356],[81.4099,20.9361],[81.4099,20.9341],[81.4052,20.9314],[81.4063,20.9268],[81.4051,20.9233],[81.4053,20.9189],[81.4066,20.9177],[81.4068,20.9132],[81.4081,20.9132],[81.4086,20.9086],[81.4084,20.9027],[81.4091,20.8996],[81.4142,20.899],[81.4132,20.8945],[81.413,20.89],[81.4115,20.8884],[81.4085,20.8881],[81.4038,20.8854],[81.3999,20.8855],[81.3959,20.8802],[81.3934,20.8794],[81.3912,20.877],[81.388,20.8686],[81.3905,20.8665],[81.3977,20.8587]]]},"properties":{"id":"in:subdistrict:3318","level":"subdistrict","name":"Patan","code":3318,"parent":"in:district:378","state":"in:state:22"}},{"type":"Feature","geometry":{"type":"Polygon","coordinates":[[[81.3499,21.5386],[81.3487,21.5398],[81.3406,21.5373],[81.338,21.5397],[81.3308,21.5411],[81.3284,21.5328],[81.317,21.5353],[81.3145,21.5369],[81.312,21.5335],[81.3097,21.5285],[81.3072,21.5208],[81.3071,21.514],[81.3013,21.5127],[81.2987,21.5133],[81.2801,21.5144],[81.2792,21.5133],[81.2744,21.5136],[81.2748,21.5182],[81.274,21.5207],[81.2752,21.5245],[81.2725,21.5264],[81.273,21.5311],[81.2714,21.534],[81.2551,21.5359],[81.2508,21.5374],[81.2497,21.5342],[81.2476,21.5346],[81.2448,21.5284],[81.2418,21.5306],[81.2313,21.5308],[81.2277,21.5331],[81.2195,21.5334],[81.2203,21.5292],[81.2199,21.5219],[81.2223,21.518],[81.2232,21.5098],[81.2217,21.506],[81.2099,21.507],[81.2065,21.5116],[81.2045,21.5162],[81.2038,21.5202],[81.2016,21.5204],[81.2008,21.5175],[81.1954,21.5182],[81.193,21.5081],[81.189,21.5007],[81.1878,21.4963],[81.1787,21.4965],[81.1744,21.4987],[81.1684,21.5007],[81.1575,21.5021],[81.1585,21.4954],[81.1601,21.491],[81.1588,21.4885],[81.1594,21.4862],[81.1638,21.4835],[81.1683,21.4849],[81.171,21.4848],[81.1753,21.4834],[81.1817,21.4824],[81.1802,21.471],[81.1774,21.4685],[81.1766,21.4604],[81.1783,21.4597],[81.1798,21.4568],[81.1791,21.4481],[81.1766,21.4439],[81.1744,21.4425],[81.1718,21.4376],[81.1711,21.434],[81.1733,21.4298],[81.1733,21.4274],[81.1771,21.424],[81.1765,21.4192],[81.177,21.4134],[81.1794,21.4109],[81.1817,21.4107],[81.1845,21.4085],[81.184,21.4033],[81.1807,21.4014],[81.1769,21.4027],[81.1777,21.3971],[81.18,21.3958],[81.1876,21.3962],[81.1907,21.3927],[81.1931,21.3846],[81.1946,21.37],[81.1927,21.3638],[81.188,21.3605],[81.1891,21.3568],[81.1884,21.3548],[81.1882,21.3432],[81.1916,21.3424],[81.1936,21.3392],[81.196,21.3387],[81.1965,21.3357],[81.1937,21.335],[81.1917,21.3325],[81.1864,21.334],[81.1864,21.3304],[81.1852,21.3271],[81.1859,21.3215],[81.1848,21.3194],[81.1776,21.3186],[81.1769,21.3126],[81.1766,21.3036],[81.1754,21.2979],[81.1722,21.2944],[81.1681,21.2955],[81.1624,21.294],[81.1612,21.2887],[81.1606,21.2835],[81.1628,21.2798],[81.1648,21.2712],[81.1656,21.2658],[81.171,21.2691],[81.181,21.2671],[81.1855,21.2684],[81.192,21.2613],[81.204,21.2608],[81.2109,21.2594],[81.2162,21.262],[81.2174,21.2614],[81.2215,21.2631],[81.2227,21.2663],[81.2291,21.2714],[81.2279,21.2841],[81.2307,21.2861],[81.237,21.2891],[81.2405,21.2901],[81.2418,21.289],[81.2468,21.29],[81.2497,21.2915],[81.2511,21.2954],[81.2517,21.3008],[81.2617,21.2994],[81.2656,21.2984],[81.2654,21.2967],[81.2697,21.2968],[81.2753,21.298],[81.2779,21.294],[81.2808,21.2951],[81.2803,21.298],[81.284,21.2985],[81.2843,21.3004],[81.2874,21.3011],[81.2871,21.3033],[81.2839,21.304],[81.2843,21.3082],[81.2887,21.3091],[81.3031,21.308],[81.3066,21.308],[81.313,21.3134],[81.3164,21.3194],[81.3177,21.3258],[81.3161,21.3295],[81.3108,21.3378],[81.3086,21.3431],[81.3039,21.3506],[81.3052,21.3534],[81.3135,21.3602],[81.3159,21.3612],[81.3215,21.3661],[81.3227,21.361],[81.3216,21.3575],[81.3222,21.354],[81.3239,21.3527],[81.3281,21.3552],[81.3312,21.3549],[81.3328,21.353],[81.3355,21.3523],[81.3378,21.3484],[81.3375,21.3464],[81.3392,21.3436],[81.3417,21.3437],[81.3429,21.3412],[81.3471,21.3414],[81.359,21.3392],[81.3632,21.3347],[81.3671,21.3319],[81.3673,21.328],[81.3662,21.3263],[81.3615,21.3256],[81.36,21.3234],[81.3588,21.3182],[81.3551,21.3142],[81.3503,21.3126],[81.3534,21.3108],[81.3574,21.3099],[81.3605,21.3072],[81.3605,21.3024],[81.3641,21.2969],[81.3658,21.2924],[81.368,21.2895],[81.3737,21.2843],[81.376,21.2873],[81.383,21.2878],[81.387,21.2892],[81.3882,21.2931],[81.393,21.2933],[81.3914,21.2877],[81.3928,21.2841],[81.3972,21.2815],[81.3978,21.2782],[81.3917,21.2748],[81.3887,21.2688],[81.39,21.2628],[81.3925,21.2644],[81.3949,21.2678],[81.3975,21.2652],[81.3981,21.2587],[81.4006,21.256],[81.4085,21.2522],[81.409,21.2507],[81.4064,21.2484],[81.4058,21.2441],[81.4113,21.2418],[81.4155,21.243],[81.416,21.2492],[81.4209,21.2495],[81.4226,21.245],[81.4224,21.2432],[81.4249,21.2389],[81.4299,21.239],[81.4372,21.236],[81.4472,21.2331],[81.4503,21.2396],[81.4554,21.2387],[81.4661,21.2308],[81.4701,21.2271],[81.4734,21.2268],[81.4769,21.2278],[81.4806,21.2306],[81.484,21.2357],[81.4932,21.2367],[81.4947,21.2414],[81.4982,21.2474],[81.5098,21.2472],[81.5107,21.2456],[81.5171,21.2438],[81.519,21.241],[81.5249,21.2401],[81.5365,21.2394],[81.5386,21.2388],[81.5414,21.2402],[81.5452,21.2389],[81.5465,21.2428],[81.5429,21.2469],[81.5414,21.2498],[81.5435,21.2601],[81.5462,21.2697],[81.5432,21.2779],[81.5376,21.2877],[81.5344,21.296],[81.5341,21.2996],[81.5366,21.3021],[81.5381,21.3005],[81.5407,21.3008],[81.5489,21.3037],[81.55,21.305],[81.55,21.3115],[81.5518,21.3185],[81.5523,21.3268],[81.554,21.3333],[81.551,21.3321],[81.5486,21.3327],[81.546,21.3365],[81.5414,21.3402],[81.5394,21.3402],[81.5373,21.3427],[81.5361,21.3467],[81.5327,21.3483],[81.5305,21.3474],[81.5243,21.3471],[81.524,21.349],[81.5195,21.3497],[81.5095,21.35],[81.4983,21.3539],[81.4968,21.3566],[81.4985,21.3586],[81.5002,21.3698],[81.4972,21.3745],[81.4937,21.3738],[81.4916,21.3752],[81.4899,21.3837],[81.4787,21.3841],[81.4795,21.3872],[81.482,21.3894],[81.4833,21.3978],[81.4871,21.399],[81.4916,21.3994],[81.4949,21.3972],[81.4963,21.4003],[81.5018,21.4048],[81.5025,21.4097],[81.5019,21.4112],[81.4966,21.4139],[81.4967,21.4158],[81.4937,21.4168],[81.4903,21.4197],[81.4884,21.4192],[81.4818,21.4204],[81.4789,21.4223],[81.4686,21.4213],[81.4687,21.4176],[81.4707,21.4154],[81.469,21.4132],[81.4687,21.4087],[81.4645,21.4093],[81.456,21.4091],[81.4556,21.4082],[81.4494,21.4057],[81.4385,21.4079],[81.441,21.4193],[81.4464,21.4208],[81.4484,21.4238],[81.4492,21.427],[81.452,21.4275],[81.4508,21.431],[81.4508,21.4365],[81.452,21.4439],[81.4498,21.4515],[81.4579,21.4577],[81.4685,21.4692],[81.4695,21.4708],[81.4669,21.473],[81.4569,21.4781],[81.4509,21.4818],[81.4463,21.4837],[81.4432,21.4841],[81.4419,21.4872],[81.444,21.4891],[81.4454,21.4922],[81.4452,21.4951],[81.4468,21.4989],[81.452,21.4973],[81.4552,21.4983],[81.4645,21.4954],[81.4672,21.4992],[81.4693,21.5039],[81.47,21.5075],[81.4679,21.5081],[81.464,21.5112],[81.458,21.5128],[81.4559,21.5151],[81.4484,21.5177],[81.4446,21.5162],[81.4426,21.5179],[81.4375,21.5183],[81.4365,21.5173],[81.433,21.5183],[81.4265,21.5177],[81.4229,21.518],[81.4143,21.5199],[81.4083,21.5204],[81.4072,21.5192],[81.4001,21.5214],[81.3949,21.5214],[81.3908,21.5234],[81.3841,21.5234],[81.3804,21.5187],[81.376,21.5158],[81.3751,21.5288],[81.3666,21.5308],[81.3603,21.5353],[81.3598,21.5391],[81.3611,21.5415],[81.3606,21.544],[81.3553,21.5445],[81.354,21.5421],[81.3538,21.5385],[81.3499,21.5386]]]},"properties":{"id":"in:subdistrict:3316","level":"subdistrict","name":"Dhamdha","code":3316,"parent":"in:district:378","state":"in:state:22"}},{"type":"Feature","geometry":{"type":"Polygon","coordinates":[[[81.3883,21.0571],[81.3886,21.0621],[81.3912,21.0661],[81.3882,21.0682],[81.3879,21.0761],[81.3922,21.084],[81.4017,21.0911],[81.3998,21.0935],[81.3943,21.0964],[81.3934,21.0987],[81.3935,21.109],[81.3912,21.1121],[81.405,21.1154],[81.408,21.1181],[81.4091,21.1209],[81.4078,21.1256],[81.4086,21.1316],[81.4062,21.1325],[81.4032,21.1368],[81.4068,21.1416],[81.4075,21.1438],[81.4046,21.1547],[81.4019,21.161],[81.4041,21.1643],[81.4049,21.1676],[81.4043,21.1728],[81.4053,21.181],[81.4099,21.1845],[81.4081,21.1872],[81.4074,21.1906],[81.4124,21.1996],[81.4062,21.2007],[81.4064,21.2145],[81.4077,21.2161],[81.4216,21.2258],[81.4219,21.2324],[81.4268,21.2351],[81.4249,21.2389],[81.4224,21.2432],[81.4226,21.245],[81.4209,21.2495],[81.416,21.2492],[81.4155,21.243],[81.4113,21.2418],[81.4058,21.2441],[81.4064,21.2484],[81.409,21.2507],[81.4085,21.2522],[81.4006,21.256],[81.3981,21.2587],[81.3975,21.2652],[81.3949,21.2678],[81.3925,21.2644],[81.39,21.2628],[81.3887,21.2688],[81.3917,21.2748],[81.3978,21.2782],[81.3972,21.2815],[81.3928,21.2841],[81.3914,21.2877],[81.393,21.2933],[81.3882,21.2931],[81.387,21.2892],[81.383,21.2878],[81.376,21.2873],[81.3737,21.2843],[81.368,21.2895],[81.3658,21.2924],[81.3641,21.2969],[81.3605,21.3024],[81.3605,21.3072],[81.3574,21.3099],[81.3534,21.3108],[81.3503,21.3126],[81.3551,21.3142],[81.3588,21.3182],[81.36,21.3234],[81.3615,21.3256],[81.3662,21.3263],[81.3673,21.328],[81.3671,21.3319],[81.3632,21.3347],[81.359,21.3392],[81.3471,21.3414],[81.3429,21.3412],[81.3417,21.3437],[81.3392,21.3436],[81.3375,21.3464],[81.3378,21.3484],[81.3355,21.3523],[81.3328,21.353],[81.3312,21.3549],[81.3281,21.3552],[81.3239,21.3527],[81.3222,21.354],[81.3216,21.3575],[81.3227,21.361],[81.3215,21.3661],[81.3159,21.3612],[81.3135,21.3602],[81.3052,21.3534],[81.3039,21.3506],[81.3086,21.3431],[81.3108,21.3378],[81.3161,21.3295],[81.3177,21.3258],[81.3164,21.3194],[81.313,21.3134],[81.3066,21.308],[81.3031,21.308],[81.2887,21.3091],[81.2843,21.3082],[81.2839,21.304],[81.2871,21.3033],[81.2874,21.3011],[81.2843,21.3004],[81.284,21.2985],[81.2803,21.298],[81.2808,21.2951],[81.2779,21.294],[81.2753,21.298],[81.2697,21.2968],[81.2654,21.2967],[81.2656,21.2984],[81.2617,21.2994],[81.2517,21.3008],[81.2511,21.2954],[81.2497,21.2915],[81.2468,21.29],[81.2418,21.289],[81.2405,21.2901],[81.237,21.2891],[81.2307,21.2861],[81.2279,21.2841],[81.2291,21.2714],[81.2227,21.2663],[81.2215,21.2631],[81.2174,21.2614],[81.2162,21.262],[81.2109,21.2594],[81.204,21.2608],[81.192,21.2613],[81.1855,21.2684],[81.181,21.2671],[81.171,21.2691],[81.1656,21.2658],[81.1631,21.2505],[81.155,21.2506],[81.1521,21.2495],[81.1489,21.2448],[81.1484,21.2388],[81.1549,21.2371],[81.1592,21.2391],[81.1635,21.2358],[81.1616,21.2305],[81.1555,21.2276],[81.1543,21.2283],[81.1502,21.2269],[81.1502,21.22],[81.1494,21.2182],[81.1498,21.2132],[81.1484,21.2121],[81.1549,21.2102],[81.1561,21.2119],[81.156,21.2156],[81.1648,21.2164],[81.1686,21.2187],[81.174,21.2172],[81.1756,21.2181],[81.1784,21.2168],[81.1865,21.2174],[81.1889,21.2203],[81.1936,21.2207],[81.1987,21.222],[81.1992,21.2191],[81.1989,21.2078],[81.1979,21.2069],[81.1962,21.1965],[81.2036,21.193],[81.2073,21.1904],[81.2086,21.1872],[81.2071,21.1737],[81.2085,21.1729],[81.2135,21.1731],[81.2156,21.1715],[81.2166,21.1683],[81.2149,21.1581],[81.2148,21.1483],[81.2102,21.1482],[81.2098,21.1435],[81.208,21.1429],[81.2079,21.1392],[81.2096,21.134],[81.2081,21.131],[81.2089,21.1271],[81.2062,21.1252],[81.1994,21.1253],[81.1967,21.1241],[81.1974,21.1208],[81.196,21.1156],[81.2012,21.1123],[81.2065,21.1106],[81.2075,21.105],[81.2055,21.0992],[81.2021,21.0977],[81.1946,21.0923],[81.1898,21.0919],[81.1879,21.0929],[81.1829,21.0985],[81.1785,21.1011],[81.1714,21.1031],[81.1662,21.1031],[81.1629,21.1008],[81.1611,21.0972],[81.1583,21.0939],[81.154,21.0924],[81.1518,21.0906],[81.1533,21.0888],[81.155,21.0825],[81.1548,21.0766],[81.1592,21.077],[81.158,21.0701],[81.1655,21.0692],[81.1786,21.0695],[81.1796,21.0711],[81.1914,21.0716],[81.1923,21.0694],[81.1925,21.0588],[81.1963,21.0576],[81.1952,21.0507],[81.1929,21.0444],[81.1923,21.0405],[81.1934,21.0385],[81.2004,21.0369],[81.2067,21.0367],[81.2087,21.0282],[81.2174,21.0287],[81.2194,21.0285],[81.2238,21.0434],[81.2243,21.0469],[81.2343,21.047],[81.2395,21.0454],[81.2404,21.0421],[81.2455,21.0428],[81.2484,21.0414],[81.2599,21.0423],[81.2661,21.0411],[81.2699,21.0374],[81.2727,21.0395],[81.2734,21.0459],[81.272,21.0489],[81.2735,21.0497],[81.2838,21.0489],[81.2856,21.052],[81.2887,21.0532],[81.2902,21.0559],[81.2939,21.057],[81.297,21.0601],[81.3012,21.0622],[81.3019,21.0544],[81.302,21.0443],[81.3044,21.0405],[81.3078,21.0411],[81.3139,21.04],[81.3202,21.0377],[81.329,21.0366],[81.3399,21.0375],[81.3429,21.0384],[81.3482,21.0415],[81.3515,21.0402],[81.3529,21.0373],[81.357,21.0365],[81.3611,21.0393],[81.3656,21.038],[81.3687,21.0392],[81.3713,21.0422],[81.3697,21.0438],[81.3704,21.05],[81.3717,21.0544],[81.3741,21.0556],[81.3883,21.0571]]]},"properties":{"id":"in:subdistrict:3317","level":"subdistrict","name":"Durg","code":3317,"parent":"in:district:378","state":"in:state:22"}},{"type":"Feature","geometry":{"type":"Polygon","coordinates":[[[81.1074,21.003],[81.1111,21.0033],[81.1134,21.0063],[81.1154,21.0037],[81.1188,21.0069],[81.1207,21.0046],[81.1238,21.0124],[81.1257,21.0132],[81.1278,21.016],[81.1324,21.0199],[81.1351,21.026],[81.1378,21.0293],[81.1368,21.0312],[81.1337,21.0317],[81.1369,21.0365],[81.1399,21.039],[81.141,21.0415],[81.1395,21.047],[81.1418,21.0492],[81.146,21.0504],[81.1476,21.0539],[81.1512,21.0569],[81.1513,21.0587],[81.1481,21.0608],[81.1479,21.0634],[81.1442,21.0682],[81.1442,21.0709],[81.1472,21.0735],[81.1504,21.0777],[81.1532,21.0755],[81.1548,21.0766],[81.155,21.0825],[81.1533,21.0888],[81.1518,21.0906],[81.154,21.0924],[81.1583,21.0939],[81.1611,21.0972],[81.1629,21.1008],[81.1662,21.1031],[81.1714,21.1031],[81.1785,21.1011],[81.1829,21.0985],[81.1879,21.0929],[81.1898,21.0919],[81.1946,21.0923],[81.2021,21.0977],[81.2055,21.0992],[81.2075,21.105],[81.2065,21.1106],[81.2012,21.1123],[81.196,21.1156],[81.1974,21.1208],[81.1967,21.1241],[81.1994,21.1253],[81.2062,21.1252],[81.2089,21.1271],[81.2081,21.131],[81.2096,21.134],[81.2079,21.1392],[81.208,21.1429],[81.2098,21.1435],[81.2102,21.1482],[81.2148,21.1483],[81.2149,21.1581],[81.2166,21.1683],[81.2156,21.1715],[81.2135,21.1731],[81.2085,21.1729],[81.2071,21.1737],[81.2086,21.1872],[81.2073,21.1904],[81.2036,21.193],[81.1962,21.1965],[81.1979,21.2069],[81.1989,21.2078],[81.1992,21.2191],[81.1987,21.222],[81.1936,21.2207],[81.1889,21.2203],[81.1865,21.2174],[81.1784,21.2168],[81.1756,21.2181],[81.174,21.2172],[81.1686,21.2187],[81.1648,21.2164],[81.156,21.2156],[81.1561,21.2119],[81.1549,21.2102],[81.1484,21.2121],[81.1498,21.2132],[81.1494,21.2182],[81.1502,21.22],[81.1502,21.2269],[81.1543,21.2283],[81.1555,21.2276],[81.1616,21.2305],[81.1635,21.2358],[81.1592,21.2391],[81.1549,21.2371],[81.1484,21.2388],[81.1489,21.2448],[81.1521,21.2495],[81.155,21.2506],[81.1631,21.2505],[81.1656,21.2658],[81.1648,21.2712],[81.1628,21.2798],[81.1606,21.2835],[81.1612,21.2887],[81.1624,21.294],[81.1681,21.2955],[81.1722,21.2944],[81.1754,21.2979],[81.1766,21.3036],[81.1769,21.3126],[81.1776,21.3186],[81.1848,21.3194],[81.1859,21.3215],[81.1852,21.3271],[81.1864,21.3304],[81.1864,21.334],[81.1917,21.3325],[81.1937,21.335],[81.1965,21.3357],[81.196,21.3387],[81.1936,21.3392],[81.1916,21.3424],[81.1882,21.3432],[81.1884,21.3548],[81.1891,21.3568],[81.188,21.3605],[81.1804,21.3625],[81.1721,21.3637],[81.1675,21.3637],[81.1665,21.3608],[81.1607,21.361],[81.1529,21.3605],[81.151,21.3565],[81.1467,21.3546],[81.1409,21.3556],[81.1404,21.3534],[81.1352,21.3546],[81.1234,21.3555],[81.1226,21.3505],[81.1198,21.3504],[81.1135,21.3486],[81.1045,21.3524],[81.1043,21.3569],[81.1033,21.3597],[81.1027,21.3667],[81.1002,21.3662],[81.0973,21.364],[81.0945,21.3603],[81.0901,21.3577],[81.0841,21.3574],[81.08,21.3533],[81.0729,21.3532],[81.0717,21.3515],[81.0636,21.3573],[81.0538,21.3594],[81.0513,21.3607],[81.0485,21.3606],[81.0423,21.362],[81.0373,21.364],[81.0381,21.3697],[81.0258,21.3696],[81.0208,21.3716],[81.0184,21.3717],[81.0172,21.363],[81.0156,21.3625],[81.0162,21.355],[81.0189,21.3547],[81.0187,21.3517],[81.0155,21.3447],[81.0152,21.3419],[81.0195,21.3354],[81.0193,21.333],[81.0159,21.332],[81.0112,21.3318],[81.0063,21.3328],[81.0048,21.3311],[80.9984,21.328],[80.9966,21.3278],[80.9921,21.3231],[80.9809,21.3242],[80.981,21.32],[80.9794,21.314],[80.9748,21.303],[80.9759,21.297],[80.9757,21.2933],[80.9786,21.2864],[80.9851,21.2846],[80.9866,21.2823],[80.9924,21.2799],[80.994,21.2815],[80.9976,21.2823],[81.0009,21.2808],[81.0068,21.2835],[81.0097,21.2859],[81.0133,21.2855],[81.0168,21.2868],[81.0192,21.2863],[81.0216,21.2835],[81.0234,21.2792],[81.0323,21.2797],[81.0406,21.2816],[81.047,21.2776],[81.0526,21.2768],[81.052,21.2716],[81.0524,21.2664],[81.0561,21.2662],[81.0584,21.2642],[81.0657,21.2638],[81.0715,21.2626],[81.0706,21.2567],[81.0681,21.2553],[81.0664,21.2496],[81.0602,21.2493],[81.0575,21.2464],[81.0572,21.2442],[81.0543,21.2391],[81.0523,21.2372],[81.0464,21.2296],[81.0442,21.2279],[81.0375,21.2334],[81.0361,21.2359],[81.0311,21.2401],[81.0284,21.2411],[81.024,21.2446],[81.0204,21.2434],[81.0154,21.2378],[81.0131,21.2333],[81.0129,21.2306],[81.0101,21.2253],[81.0026,21.2233],[81.0011,21.2211],[81.001,21.2162],[80.9986,21.2134],[80.9987,21.2097],[80.9971,21.2074],[80.998,21.2028],[81.0023,21.1996],[80.9996,21.1988],[80.9923,21.1986],[80.992,21.1936],[80.9854,21.1914],[80.9829,21.1862],[80.9832,21.1831],[80.9811,21.1805],[80.98,21.1757],[80.9777,21.1758],[80.9754,21.1736],[80.9733,21.1773],[80.9695,21.173],[80.9679,21.1625],[80.9618,21.1614],[80.959,21.1598],[80.9555,21.1598],[80.9503,21.1609],[80.9466,21.1604],[80.9434,21.1544],[80.941,21.1554],[80.9395,21.1534],[80.9387,21.143],[80.9431,21.1416],[80.9449,21.139],[80.9454,21.1361],[80.945,21.1286],[80.9463,21.1238],[80.9462,21.1202],[80.9396,21.1102],[80.9377,21.1088],[80.9348,21.1041],[80.9303,21.098],[80.9267,21.0977],[80.9243,21.0909],[80.9238,21.088],[80.9214,21.0838],[80.9235,21.0799],[80.9262,21.08],[80.931,21.0822],[80.9397,21.0824],[80.9437,21.0819],[80.9432,21.0779],[80.9439,21.0753],[80.9472,21.0739],[80.9487,21.0752],[80.9522,21.0752],[80.9563,21.0738],[80.9583,21.0789],[80.9585,21.0881],[80.96,21.0893],[80.96,21.0937],[80.9611,21.0958],[80.9674,21.096],[80.9683,21.0951],[80.973,21.0951],[80.9756,21.0895],[80.9719,21.0874],[80.9723,21.0831],[80.9748,21.0825],[80.9753,21.0804],[80.9795,21.077],[80.9816,21.0762],[80.984,21.0725],[80.9847,21.0693],[80.9878,21.0676],[80.9882,21.063],[80.9908,21.0594],[80.9947,21.0607],[80.9997,21.0606],[81.0049,21.0593],[81.0088,21.0614],[81.0076,21.0571],[81.0049,21.0542],[81.0069,21.0531],[81.006,21.0483],[81.0075,21.0456],[81.0112,21.0413],[81.0256,21.04],[81.0289,21.0402],[81.0278,21.0172],[81.0413,21.0131],[81.0393,21.0089],[81.0393,21.0042],[81.0412,20.9995],[81.0411,20.996],[81.0412,20.9951],[81.048,20.9945],[81.0545,20.995],[81.0582,20.9942],[81.0684,20.9938],[81.0715,20.9946],[81.073,20.9982],[81.0749,20.9993],[81.0817,20.9985],[81.0901,20.9962],[81.094,21.0017],[81.098,21.0045],[81.102,21.0051],[81.1074,21.003]]]},"properties":{"id":"in:subdistrict:3305","level":"subdistrict","name":"Rajnandgaon","code":3305,"parent":"in:district:388","state":"in:state:22"}},{"type":"Feature","geometry":{"type":"Polygon","coordinates":[[[80.976,21.746],[80.9729,21.7441],[80.9702,21.7479],[80.9662,21.7483],[80.9634,21.7502],[80.962,21.7458],[80.9609,21.7451],[80.9594,21.7383],[80.9578,21.7362],[80.955,21.7369],[80.954,21.7417],[80.9505,21.7419],[80.946,21.7407],[80.9456,21.7368],[80.9429,21.7261],[80.9434,21.7233],[80.9461,21.7239],[80.9446,21.7198],[80.944,21.7152],[80.9458,21.7095],[80.9474,21.7085],[80.9513,21.7091],[80.9536,21.7062],[80.96,21.7012],[80.9569,21.6991],[80.9524,21.699],[80.9496,21.7017],[80.9405,21.7018],[80.9395,21.698],[80.9386,21.686],[80.9401,21.6845],[80.9444,21.6808],[80.9462,21.6779],[80.9524,21.6797],[80.9512,21.6735],[80.9569,21.6757],[80.9629,21.6712],[80.969,21.6704],[80.9702,21.671],[80.9743,21.6689],[80.9751,21.6674],[80.9785,21.6678],[80.9808,21.6649],[80.9832,21.6638],[80.9832,21.6603],[80.9865,21.6573],[80.9876,21.6542],[80.9865,21.6482],[80.9887,21.6453],[80.9947,21.6423],[81.0017,21.6404],[81.0081,21.6367],[81.0096,21.6344],[81.011,21.6277],[81.0137,21.6259],[81.0161,21.6283],[81.0217,21.6245],[81.027,21.6223],[81.0284,21.6235],[81.0342,21.6243],[81.0396,21.6224],[81.0415,21.619],[81.0469,21.6179],[81.049,21.6185],[81.0528,21.6212],[81.0559,21.6211],[81.057,21.6176],[81.0639,21.6159],[81.0656,21.6137],[81.0694,21.6128],[81.0707,21.6105],[81.0702,21.6061],[81.0734,21.6053],[81.0783,21.6077],[81.0841,21.6058],[81.0872,21.6105],[81.0896,21.6113],[81.0993,21.6109],[81.1036,21.6111],[81.1035,21.6084],[81.106,21.6056],[81.106,21.6021],[81.1149,21.6011],[81.1199,21.6013],[81.1235,21.6038],[81.1266,21.6027],[81.1288,21.6033],[81.1321,21.6024],[81.1317,21.5979],[81.1284,21.5968],[81.1284,21.5853],[81.132,21.5837],[81.1388,21.5831],[81.1432,21.5796],[81.1468,21.5803],[81.151,21.5802],[81.1558,21.5863],[81.1577,21.5901],[81.1634,21.5915],[81.1656,21.5913],[81.1672,21.5939],[81.1741,21.5974],[81.1769,21.5972],[81.1778,21.6004],[81.1763,21.6014],[81.1777,21.6072],[81.1805,21.615],[81.1786,21.6152],[81.1763,21.6186],[81.1755,21.6225],[81.1804,21.6246],[81.1811,21.6288],[81.1859,21.6288],[81.1874,21.6301],[81.1905,21.6294],[81.1922,21.6305],[81.192,21.6336],[81.1878,21.636],[81.1866,21.6391],[81.1849,21.6397],[81.1789,21.644],[81.1778,21.6459],[81.1792,21.652],[81.1811,21.6536],[81.1819,21.662],[81.1809,21.6632],[81.1826,21.6673],[81.1796,21.6678],[81.1806,21.6713],[81.1766,21.6718],[81.1755,21.6751],[81.1766,21.6781],[81.1727,21.6829],[81.1764,21.6848],[81.1745,21.689],[81.1764,21.6923],[81.1723,21.6952],[81.1732,21.6975],[81.1735,21.7023],[81.1718,21.705],[81.1713,21.7074],[81.1688,21.7091],[81.1626,21.7112],[81.1592,21.7148],[81.1579,21.7141],[81.1542,21.7152],[81.1519,21.7113],[81.1323,21.7159],[81.1299,21.7143],[81.1309,21.7123],[81.1292,21.71],[81.1299,21.7063],[81.1262,21.7044],[81.1244,21.7068],[81.1241,21.7096],[81.1172,21.7186],[81.109,21.724],[81.1051,21.7325],[81.1025,21.7345],[81.0997,21.7332],[81.0965,21.7301],[81.089,21.7329],[81.0829,21.7327],[81.0787,21.7332],[81.0785,21.7286],[81.0726,21.7313],[81.0682,21.7322],[81.0634,21.7254],[81.0599,21.7238],[81.0505,21.7269],[81.0433,21.7269],[81.0407,21.7294],[81.0447,21.737],[81.0418,21.7384],[81.0341,21.7388],[81.0275,21.7415],[81.0164,21.7378],[81.0138,21.7374],[81.0096,21.7353],[81.007,21.733],[81.0024,21.7274],[80.9984,21.7282],[80.9945,21.7305],[80.989,21.7358],[80.9859,21.7371],[80.9809,21.7428],[80.9762,21.7457],[80.976,21.746]]]},"properties":{"id":"in:subdistrict:7264","level":"subdistrict","name":"Gandai","code":7264,"parent":"in:district:759","state":"in:state:22"}},{"type":"Feature","geometry":{"type":"Polygon","coordinates":[[[81.1954,21.5182],[81.1868,21.5201],[81.1779,21.5237],[81.1718,21.5239],[81.1659,21.5262],[81.1635,21.5264],[81.1594,21.53],[81.1596,21.5324],[81.1561,21.5342],[81.1546,21.5389],[81.1561,21.5414],[81.1575,21.5462],[81.1556,21.5483],[81.1469,21.5506],[81.144,21.5482],[81.1404,21.5494],[81.1388,21.5542],[81.1399,21.5586],[81.1422,21.5577],[81.1453,21.566],[81.1472,21.5728],[81.1504,21.5749],[81.151,21.5802],[81.1468,21.5803],[81.1432,21.5796],[81.1388,21.5831],[81.132,21.5837],[81.1284,21.5853],[81.1284,21.5968],[81.1317,21.5979],[81.1321,21.6024],[81.1288,21.6033],[81.1266,21.6027],[81.1235,21.6038],[81.1199,21.6013],[81.1149,21.6011],[81.106,21.6021],[81.106,21.6056],[81.1035,21.6084],[81.1036,21.6111],[81.0993,21.6109],[81.0896,21.6113],[81.0872,21.6105],[81.0841,21.6058],[81.0783,21.6077],[81.0734,21.6053],[81.0702,21.6061],[81.0707,21.6105],[81.0694,21.6128],[81.0656,21.6137],[81.0639,21.6159],[81.057,21.6176],[81.0559,21.6211],[81.0528,21.6212],[81.049,21.6185],[81.0469,21.6179],[81.0415,21.619],[81.0396,21.6224],[81.0342,21.6243],[81.0284,21.6235],[81.027,21.6223],[81.0217,21.6245],[81.0161,21.6283],[81.0137,21.6259],[81.011,21.6277],[81.0096,21.6344],[81.0081,21.6367],[81.0017,21.6404],[80.9947,21.6423],[80.9887,21.6453],[80.9865,21.6482],[80.9876,21.6542],[80.9865,21.6573],[80.9832,21.6603],[80.9832,21.6638],[80.9808,21.6649],[80.9785,21.6678],[80.9751,21.6674],[80.9743,21.6689],[80.9702,21.671],[80.969,21.6704],[80.9629,21.6712],[80.9569,21.6757],[80.9512,21.6735],[80.9524,21.6797],[80.9462,21.6779],[80.9444,21.6808],[80.9401,21.6845],[80.939,21.681],[80.9307,21.6799],[80.9242,21.6827],[80.9244,21.6807],[80.9228,21.6751],[80.9191,21.67],[80.9187,21.6624],[80.9173,21.6612],[80.9194,21.6577],[80.9192,21.6538],[80.9154,21.6525],[80.9182,21.6473],[80.915,21.6446],[80.9134,21.6401],[80.91,21.6379],[80.9079,21.6336],[80.9053,21.6302],[80.9056,21.6263],[80.9072,21.6184],[80.9019,21.6153],[80.9041,21.6124],[80.9041,21.6096],[80.9002,21.6101],[80.8975,21.6091],[80.8971,21.6058],[80.8945,21.5987],[80.8931,21.593],[80.8901,21.5889],[80.8861,21.5779],[80.8911,21.5791],[80.8936,21.5788],[80.8944,21.5749],[80.8922,21.5726],[80.8905,21.5687],[80.8873,21.5666],[80.8874,21.565],[80.892,21.5648],[80.8926,21.5627],[80.8998,21.5601],[80.9062,21.5506],[80.9111,21.5456],[80.9107,21.5406],[80.9069,21.5369],[80.9064,21.5324],[80.9025,21.5299],[80.8974,21.5277],[80.8967,21.5234],[80.8935,21.5253],[80.8882,21.5257],[80.887,21.524],[80.8906,21.522],[80.891,21.5165],[80.8866,21.5151],[80.8859,21.5128],[80.8833,21.5102],[80.8825,21.5076],[80.8798,21.5077],[80.8771,21.5151],[80.8711,21.5164],[80.8729,21.5129],[80.8718,21.5112],[80.8685,21.5099],[80.867,21.5106],[80.8637,21.5095],[80.8647,21.5053],[80.8734,21.5051],[80.8763,21.5016],[80.879,21.5018],[80.8817,21.4979],[80.8769,21.4984],[80.8759,21.4926],[80.8731,21.4905],[80.8703,21.4901],[80.8674,21.487],[80.8692,21.4858],[80.8733,21.4862],[80.8784,21.492],[80.8797,21.4902],[80.8854,21.4908],[80.8857,21.4929],[80.8951,21.4909],[80.9037,21.4947],[80.909,21.5007],[80.9113,21.5021],[80.9144,21.5022],[80.9188,21.5067],[80.9202,21.5071],[80.9282,21.5045],[80.9303,21.4992],[80.9397,21.4993],[80.9416,21.5046],[80.9396,21.5062],[80.94,21.5099],[80.9424,21.5115],[80.9491,21.5106],[80.9536,21.5115],[80.9542,21.5135],[80.9573,21.5134],[80.9595,21.5169],[80.9605,21.5206],[80.963,21.5201],[80.9653,21.5213],[80.9684,21.5209],[80.9708,21.5225],[80.9735,21.5193],[80.9777,21.5164],[80.9777,21.5145],[80.9873,21.5111],[80.9966,21.5071],[81.0009,21.5031],[81.003,21.4988],[81.0089,21.4983],[81.0124,21.4999],[81.0154,21.5033],[81.0183,21.5012],[81.0238,21.5007],[81.0273,21.5017],[81.0312,21.5011],[81.0333,21.5041],[81.0389,21.5026],[81.0448,21.5026],[81.0481,21.5011],[81.0467,21.4986],[81.0487,21.4974],[81.0471,21.4927],[81.0423,21.4866],[81.0427,21.4853],[81.048,21.4851],[81.0503,21.491],[81.0552,21.4911],[81.067,21.4892],[81.0698,21.4984],[81.0781,21.4975],[81.079,21.496],[81.0834,21.4949],[81.0837,21.4931],[81.09,21.4932],[81.0903,21.4941],[81.0977,21.4948],[81.0979,21.5007],[81.0964,21.5048],[81.1005,21.5076],[81.1008,21.5117],[81.1041,21.5121],[81.1074,21.5078],[81.1103,21.5073],[81.11,21.5102],[81.1115,21.5119],[81.1193,21.5149],[81.1215,21.5164],[81.131,21.5089],[81.1318,21.5061],[81.1311,21.5026],[81.1351,21.4987],[81.1346,21.4959],[81.1384,21.4941],[81.137,21.4911],[81.1397,21.4902],[81.1415,21.4948],[81.1454,21.4971],[81.1514,21.4964],[81.1542,21.4953],[81.1585,21.4954],[81.1575,21.5021],[81.1684,21.5007],[81.1744,21.4987],[81.1787,21.4965],[81.1878,21.4963],[81.189,21.5007],[81.193,21.5081],[81.1954,21.5182]]]},"properties":{"id":"in:subdistrict:3302","level":"subdistrict","name":"Chhuikhadan","code":3302,"parent":"in:district:759","state":"in:state:22"}},{"type":"Feature","geometry":{"type":"Polygon","coordinates":[[[81.4176,21.6908],[81.4163,21.7011],[81.4103,21.7009],[81.4094,21.7031],[81.4059,21.7032],[81.4025,21.7069],[81.3988,21.7066],[81.3937,21.7078],[81.3906,21.711],[81.3888,21.7155],[81.3831,21.716],[81.3708,21.7187],[81.3686,21.713],[81.3667,21.715],[81.3637,21.7129],[81.3609,21.7136],[81.3605,21.7089],[81.3629,21.7015],[81.3529,21.703],[81.3526,21.7003],[81.3434,21.7014],[81.3431,21.705],[81.3412,21.7054],[81.3424,21.7104],[81.3382,21.7117],[81.3376,21.7155],[81.3301,21.7156],[81.3279,21.7171],[81.3223,21.7178],[81.3195,21.7168],[81.3194,21.7142],[81.3177,21.7115],[81.3148,21.7113],[81.3133,21.7137],[81.3133,21.7169],[81.3106,21.719],[81.302,21.7197],[81.2994,21.7169],[81.2962,21.7166],[81.293,21.7193],[81.2897,21.718],[81.2829,21.7197],[81.279,21.7189],[81.2737,21.7196],[81.2664,21.7226],[81.2661,21.7327],[81.2696,21.7329],[81.2673,21.7386],[81.2701,21.75],[81.2681,21.75],[81.2683,21.7558],[81.263,21.7562],[81.2619,21.7506],[81.2597,21.749],[81.257,21.7491],[81.2547,21.7464],[81.2531,21.7477],[81.2462,21.7482],[81.2442,21.7515],[81.234,21.753],[81.2261,21.7569],[81.2234,21.7554],[81.2233,21.7508],[81.2243,21.7493],[81.224,21.7451],[81.2254,21.7433],[81.2251,21.7385],[81.2234,21.7355],[81.2245,21.7321],[81.2235,21.7278],[81.225,21.7256],[81.2255,21.7218],[81.2293,21.7223],[81.233,21.7208],[81.233,21.7174],[81.2315,21.7149],[81.2322,21.7126],[81.2313,21.71],[81.2288,21.7097],[81.2267,21.7079],[81.222,21.7072],[81.2179,21.7047],[81.215,21.7053],[81.2122,21.7102],[81.207,21.7122],[81.202,21.7111],[81.1968,21.7082],[81.1967,21.7043],[81.1925,21.705],[81.1918,21.7086],[81.1878,21.71],[81.185,21.7083],[81.1837,21.7055],[81.173,21.7062],[81.1718,21.705],[81.1735,21.7023],[81.1732,21.6975],[81.1723,21.6952],[81.1764,21.6923],[81.1745,21.689],[81.1764,21.6848],[81.1727,21.6829],[81.1766,21.6781],[81.1755,21.6751],[81.1766,21.6718],[81.1806,21.6713],[81.1796,21.6678],[81.1826,21.6673],[81.1809,21.6632],[81.1819,21.662],[81.1811,21.6536],[81.1792,21.652],[81.1778,21.6459],[81.1789,21.644],[81.1849,21.6397],[81.1866,21.6391],[81.1878,21.636],[81.192,21.6336],[81.1922,21.6305],[81.1905,21.6294],[81.1874,21.6301],[81.1859,21.6288],[81.1811,21.6288],[81.1804,21.6246],[81.1755,21.6225],[81.1763,21.6186],[81.1786,21.6152],[81.1805,21.615],[81.1777,21.6072],[81.1763,21.6014],[81.1778,21.6004],[81.1769,21.5972],[81.1741,21.5974],[81.1672,21.5939],[81.1656,21.5913],[81.1634,21.5915],[81.1577,21.5901],[81.1558,21.5863],[81.151,21.5802],[81.1504,21.5749],[81.1472,21.5728],[81.1453,21.566],[81.1422,21.5577],[81.1399,21.5586],[81.1388,21.5542],[81.1404,21.5494],[81.144,21.5482],[81.1469,21.5506],[81.1556,21.5483],[81.1575,21.5462],[81.1561,21.5414],[81.1546,21.5389],[81.1561,21.5342],[81.1596,21.5324],[81.1594,21.53],[81.1635,21.5264],[81.1659,21.5262],[81.1718,21.5239],[81.1779,21.5237],[81.1868,21.5201],[81.1954,21.5182],[81.2008,21.5175],[81.2016,21.5204],[81.2038,21.5202],[81.2045,21.5162],[81.2065,21.5116],[81.2099,21.507],[81.2217,21.506],[81.2232,21.5098],[81.2223,21.518],[81.2199,21.5219],[81.2203,21.5292],[81.2195,21.5334],[81.2277,21.5331],[81.2313,21.5308],[81.2418,21.5306],[81.2448,21.5284],[81.2476,21.5346],[81.2497,21.5342],[81.2508,21.5374],[81.2551,21.5359],[81.2714,21.534],[81.273,21.5311],[81.2725,21.5264],[81.2752,21.5245],[81.274,21.5207],[81.2748,21.5182],[81.2744,21.5136],[81.2792,21.5133],[81.2801,21.5144],[81.2987,21.5133],[81.3013,21.5127],[81.3071,21.514],[81.3072,21.5208],[81.3097,21.5285],[81.312,21.5335],[81.3145,21.5369],[81.317,21.5353],[81.3284,21.5328],[81.3308,21.5411],[81.338,21.5397],[81.3406,21.5373],[81.3487,21.5398],[81.3499,21.5386],[81.35,21.5411],[81.3476,21.5467],[81.3451,21.5478],[81.3422,21.5468],[81.3401,21.5528],[81.3377,21.5505],[81.336,21.5518],[81.3302,21.5536],[81.3291,21.55],[81.3264,21.5514],[81.3286,21.5542],[81.3284,21.5565],[81.3307,21.5601],[81.3315,21.5681],[81.3351,21.5685],[81.3451,21.5681],[81.3486,21.5722],[81.3586,21.5721],[81.3599,21.5755],[81.3565,21.5766],[81.3577,21.5854],[81.3561,21.5857],[81.3564,21.5915],[81.358,21.5932],[81.363,21.5952],[81.3681,21.5996],[81.3689,21.6021],[81.3722,21.6049],[81.3671,21.6099],[81.3671,21.6114],[81.3636,21.6142],[81.3603,21.61],[81.3562,21.6021],[81.3535,21.5947],[81.3469,21.5959],[81.343,21.5976],[81.3402,21.5977],[81.3397,21.6002],[81.3418,21.6063],[81.3471,21.6131],[81.3493,21.6184],[81.3487,21.6211],[81.351,21.6255],[81.3552,21.6242],[81.3556,21.6276],[81.3591,21.627],[81.3603,21.6289],[81.3601,21.6327],[81.3626,21.6352],[81.3617,21.6371],[81.3565,21.6374],[81.3559,21.6407],[81.3535,21.6412],[81.3529,21.6474],[81.3506,21.6497],[81.3498,21.653],[81.3505,21.6565],[81.3524,21.6583],[81.3668,21.6552],[81.3728,21.6529],[81.3772,21.6531],[81.3827,21.6517],[81.3915,21.6502],[81.3962,21.6641],[81.3994,21.6659],[81.4028,21.6663],[81.4038,21.6724],[81.4031,21.6771],[81.3983,21.6792],[81.4021,21.6824],[81.4052,21.6822],[81.4053,21.6861],[81.4084,21.6854],[81.4126,21.6874],[81.4119,21.689],[81.4176,21.6908]]]},"properties":{"id":"in:subdistrict:3313","level":"subdistrict","name":"Saja","code":3313,"parent":"in:district:650","state":"in:state:22"}},{"type":"Feature","geometry":{"type":"Polygon","coordinates":[[[81.4075,21.888],[81.4011,21.8897],[81.3981,21.8849],[81.3933,21.8843],[81.3912,21.8812],[81.39,21.8759],[81.3908,21.8711],[81.3942,21.8658],[81.3946,21.8603],[81.3941,21.857],[81.3968,21.8554],[81.3979,21.852],[81.4003,21.8518],[81.4014,21.8465],[81.3984,21.8438],[81.401,21.8407],[81.4012,21.8345],[81.3992,21.8306],[81.3955,21.8299],[81.3937,21.8309],[81.3878,21.8315],[81.382,21.8347],[81.3746,21.8349],[81.3737,21.8319],[81.3637,21.8317],[81.3615,21.8329],[81.3611,21.8357],[81.3549,21.8359],[81.3535,21.8381],[81.3505,21.8384],[81.3427,21.841],[81.3433,21.8429],[81.3359,21.8451],[81.334,21.8485],[81.3322,21.849],[81.327,21.8384],[81.32,21.8314],[81.3219,21.8277],[81.3226,21.8232],[81.3209,21.8203],[81.3228,21.8168],[81.3263,21.8161],[81.3294,21.8121],[81.3315,21.8046],[81.3294,21.802],[81.3266,21.8006],[81.3299,21.7988],[81.3294,21.7951],[81.3313,21.7934],[81.3295,21.7903],[81.3294,21.7872],[81.3346,21.7864],[81.336,21.7762],[81.3374,21.7735],[81.3439,21.7733],[81.3433,21.7684],[81.3371,21.7691],[81.3354,21.7666],[81.3311,21.7675],[81.3262,21.7668],[81.3239,21.7652],[81.321,21.7611],[81.3179,21.7605],[81.3099,21.7627],[81.3105,21.7591],[81.3087,21.7589],[81.3058,21.7635],[81.3021,21.7647],[81.3012,21.7663],[81.2972,21.7687],[81.2931,21.7687],[81.2883,21.7636],[81.2874,21.7611],[81.2799,21.7632],[81.2777,21.7624],[81.2761,21.7588],[81.2738,21.7592],[81.2698,21.7577],[81.2683,21.7558],[81.2681,21.75],[81.2701,21.75],[81.2673,21.7386],[81.2696,21.7329],[81.2661,21.7327],[81.2664,21.7226],[81.2737,21.7196],[81.279,21.7189],[81.2829,21.7197],[81.2897,21.718],[81.293,21.7193],[81.2962,21.7166],[81.2994,21.7169],[81.302,21.7197],[81.3106,21.719],[81.3133,21.7169],[81.3133,21.7137],[81.3148,21.7113],[81.3177,21.7115],[81.3194,21.7142],[81.3195,21.7168],[81.3223,21.7178],[81.3279,21.7171],[81.3301,21.7156],[81.3376,21.7155],[81.3382,21.7117],[81.3424,21.7104],[81.3412,21.7054],[81.3431,21.705],[81.3434,21.7014],[81.3526,21.7003],[81.3529,21.703],[81.3629,21.7015],[81.3605,21.7089],[81.3609,21.7136],[81.3637,21.7129],[81.3667,21.715],[81.3686,21.713],[81.3708,21.7187],[81.3831,21.716],[81.3888,21.7155],[81.3906,21.711],[81.3937,21.7078],[81.3988,21.7066],[81.4025,21.7069],[81.4059,21.7032],[81.4094,21.7031],[81.4103,21.7009],[81.4163,21.7011],[81.4176,21.6908],[81.4191,21.6885],[81.4235,21.6892],[81.4222,21.6864],[81.4231,21.685],[81.4278,21.6863],[81.43,21.6841],[81.4332,21.6826],[81.4273,21.6809],[81.432,21.6765],[81.4328,21.6742],[81.4367,21.673],[81.4426,21.6751],[81.4424,21.6716],[81.4447,21.6681],[81.4444,21.6662],[81.4493,21.6698],[81.4521,21.6772],[81.4483,21.6788],[81.45,21.6829],[81.452,21.6826],[81.4539,21.6891],[81.4552,21.696],[81.4625,21.6931],[81.474,21.6894],[81.4763,21.6924],[81.4781,21.6991],[81.4807,21.6996],[81.4814,21.7017],[81.4844,21.7019],[81.4854,21.705],[81.4845,21.7085],[81.4825,21.7093],[81.4804,21.7048],[81.4749,21.7048],[81.4702,21.7029],[81.4689,21.7052],[81.4683,21.7117],[81.4652,21.7118],[81.4645,21.7141],[81.4688,21.7205],[81.4685,21.7246],[81.4672,21.7311],[81.4695,21.7318],[81.4745,21.7403],[81.4754,21.7468],[81.4739,21.7557],[81.4714,21.7588],[81.4721,21.7633],[81.4739,21.7639],[81.4762,21.7671],[81.4759,21.7694],[81.4826,21.771],[81.4941,21.775],[81.4983,21.7755],[81.4999,21.778],[81.4984,21.7822],[81.5021,21.7845],[81.5029,21.7909],[81.4983,21.7924],[81.4943,21.7927],[81.4878,21.796],[81.4862,21.8021],[81.4813,21.8043],[81.4798,21.8068],[81.4737,21.8067],[81.4759,21.809],[81.4759,21.8114],[81.4742,21.8139],[81.4741,21.8192],[81.4728,21.8218],[81.4739,21.825],[81.478,21.8237],[81.4807,21.8244],[81.481,21.8271],[81.483,21.8306],[81.4827,21.8381],[81.4815,21.8434],[81.479,21.8456],[81.4792,21.8491],[81.4756,21.8495],[81.4717,21.8488],[81.471,21.8467],[81.4696,21.838],[81.4671,21.834],[81.467,21.8323],[81.4598,21.8338],[81.4542,21.8383],[81.4478,21.8386],[81.4427,21.84],[81.4432,21.8422],[81.4368,21.8414],[81.4335,21.8421],[81.4269,21.8423],[81.4301,21.8499],[81.4246,21.853],[81.4223,21.8552],[81.4237,21.8589],[81.4223,21.8605],[81.4245,21.8652],[81.4291,21.8663],[81.4269,21.869],[81.426,21.8718],[81.4213,21.8739],[81.4181,21.8746],[81.4113,21.8783],[81.4059,21.8822],[81.4054,21.8857],[81.4075,21.888]]]},"properties":{"id":"in:subdistrict:3314","level":"subdistrict","name":"Thanakhamria","code":3314,"parent":"in:district:650","state":"in:state:22"}},{"type":"Feature","geometry":{"type":"Polygon","coordinates":[[[81.1718,21.705],[81.173,21.7062],[81.1837,21.7055],[81.185,21.7083],[81.1878,21.71],[81.1918,21.7086],[81.1925,21.705],[81.1967,21.7043],[81.1968,21.7082],[81.202,21.7111],[81.207,21.7122],[81.2122,21.7102],[81.215,21.7053],[81.2179,21.7047],[81.222,21.7072],[81.2267,21.7079],[81.2288,21.7097],[81.2313,21.71],[81.2322,21.7126],[81.2315,21.7149],[81.233,21.7174],[81.233,21.7208],[81.2293,21.7223],[81.2255,21.7218],[81.225,21.7256],[81.2235,21.7278],[81.2245,21.7321],[81.2234,21.7355],[81.2251,21.7385],[81.2254,21.7433],[81.224,21.7451],[81.2243,21.7493],[81.2233,21.7508],[81.2234,21.7554],[81.2261,21.7569],[81.234,21.753],[81.2442,21.7515],[81.2462,21.7482],[81.2531,21.7477],[81.2547,21.7464],[81.257,21.7491],[81.2597,21.749],[81.2619,21.7506],[81.263,21.7562],[81.2683,21.7558],[81.2698,21.7577],[81.2738,21.7592],[81.2761,21.7588],[81.2777,21.7624],[81.2799,21.7632],[81.2874,21.7611],[81.2883,21.7636],[81.2931,21.7687],[81.2972,21.7687],[81.3012,21.7663],[81.3021,21.7647],[81.3058,21.7635],[81.3087,21.7589],[81.3105,21.7591],[81.3099,21.7627],[81.3179,21.7605],[81.321,21.7611],[81.3239,21.7652],[81.3262,21.7668],[81.3311,21.7675],[81.3354,21.7666],[81.3371,21.7691],[81.3433,21.7684],[81.3439,21.7733],[81.3374,21.7735],[81.336,21.7762],[81.3346,21.7864],[81.3294,21.7872],[81.3295,21.7903],[81.3313,21.7934],[81.3294,21.7951],[81.3299,21.7988],[81.3266,21.8006],[81.3294,21.802],[81.3315,21.8046],[81.3294,21.8121],[81.3263,21.8161],[81.3228,21.8168],[81.3209,21.8203],[81.3226,21.8232],[81.3219,21.8277],[81.32,21.8314],[81.327,21.8384],[81.3322,21.849],[81.334,21.8485],[81.3359,21.8451],[81.3433,21.8429],[81.3427,21.841],[81.3505,21.8384],[81.3535,21.8381],[81.3549,21.8359],[81.3611,21.8357],[81.3615,21.8329],[81.3637,21.8317],[81.3737,21.8319],[81.3746,21.8349],[81.382,21.8347],[81.3878,21.8315],[81.3937,21.8309],[81.3955,21.8299],[81.3992,21.8306],[81.4012,21.8345],[81.401,21.8407],[81.3984,21.8438],[81.4014,21.8465],[81.4003,21.8518],[81.3979,21.852],[81.3968,21.8554],[81.3941,21.857],[81.391,21.8541],[81.3851,21.8526],[81.3812,21.8553],[81.3746,21.856],[81.3723,21.8537],[81.3697,21.8534],[81.3662,21.8568],[81.3635,21.8567],[81.3559,21.855],[81.3545,21.8558],[81.3532,21.8611],[81.3502,21.8609],[81.3458,21.863],[81.3458,21.8713],[81.3529,21.8753],[81.3525,21.8775],[81.348,21.8795],[81.3445,21.879],[81.34,21.8819],[81.3373,21.8821],[81.3387,21.8859],[81.3344,21.8885],[81.335,21.8906],[81.3334,21.8933],[81.3304,21.895],[81.3261,21.8936],[81.3222,21.8891],[81.3193,21.8909],[81.3144,21.898],[81.3115,21.8986],[81.308,21.9035],[81.3046,21.9034],[81.3001,21.9065],[81.2975,21.9098],[81.2936,21.9085],[81.2867,21.9132],[81.2836,21.9123],[81.2824,21.9171],[81.2772,21.9183],[81.2729,21.917],[81.2668,21.9199],[81.2636,21.9202],[81.2619,21.9185],[81.2572,21.9113],[81.2567,21.9079],[81.2579,21.9068],[81.2637,21.9047],[81.2651,21.9027],[81.2622,21.8993],[81.2636,21.8963],[81.2617,21.8948],[81.2589,21.8971],[81.2547,21.899],[81.2483,21.8991],[81.2388,21.9023],[81.2317,21.9065],[81.2294,21.9096],[81.2302,21.912],[81.2237,21.9122],[81.2207,21.9086],[81.2165,21.9067],[81.2164,21.9036],[81.2115,21.9057],[81.2069,21.9044],[81.2014,21.9061],[81.2007,21.91],[81.1987,21.9153],[81.1984,21.9186],[81.2007,21.922],[81.1981,21.9243],[81.1956,21.9297],[81.1903,21.9316],[81.1891,21.9253],[81.1837,21.9223],[81.1817,21.9242],[81.1753,21.9284],[81.1739,21.9284],[81.1718,21.932],[81.1684,21.9335],[81.1665,21.9371],[81.1675,21.9409],[81.1669,21.9427],[81.1601,21.9449],[81.1593,21.9464],[81.1558,21.9479],[81.1542,21.9498],[81.1449,21.9526],[81.1344,21.9539],[81.13,21.9411],[81.1297,21.935],[81.1282,21.9351],[81.1274,21.9308],[81.1226,21.9179],[81.1295,21.9139],[81.1318,21.9135],[81.136,21.9058],[81.1336,21.9038],[81.1319,21.9044],[81.1312,21.9077],[81.127,21.9109],[81.1242,21.9116],[81.1242,21.914],[81.1203,21.9185],[81.1204,21.923],[81.1188,21.9231],[81.1168,21.9197],[81.1193,21.9179],[81.1189,21.9141],[81.1218,21.9122],[81.1191,21.9071],[81.117,21.9084],[81.1172,21.9139],[81.1151,21.9137],[81.1113,21.9073],[81.1107,21.904],[81.1123,21.9033],[81.1179,21.9057],[81.1197,21.902],[81.1134,21.8877],[81.1119,21.8858],[81.105,21.8837],[81.1024,21.885],[81.1009,21.8816],[81.1006,21.8774],[81.1044,21.8754],[81.1057,21.8711],[81.1059,21.8664],[81.1047,21.8633],[81.1052,21.8611],[81.0987,21.8546],[81.0969,21.8545],[81.0961,21.8581],[81.0901,21.8601],[81.088,21.8629],[81.0858,21.8642],[81.0823,21.8618],[81.08,21.857],[81.0769,21.8577],[81.073,21.8525],[81.0708,21.8469],[81.0683,21.8435],[81.0687,21.8414],[81.0669,21.8379],[81.0637,21.8362],[81.066,21.83],[81.0614,21.827],[81.0618,21.8235],[81.0605,21.8209],[81.0522,21.818],[81.0455,21.8196],[81.0452,21.8209],[81.0398,21.8178],[81.034,21.8171],[81.0288,21.8188],[81.0257,21.8227],[81.0212,21.8188],[81.0186,21.8218],[81.016,21.8218],[81.013,21.8112],[81.0111,21.8103],[81.0117,21.8036],[81.0083,21.8011],[81.0039,21.7994],[80.9973,21.801],[80.9872,21.8052],[80.9851,21.8017],[80.9923,21.7983],[80.9945,21.7954],[80.9944,21.7924],[80.9928,21.7906],[80.9881,21.7886],[80.9837,21.7927],[80.9818,21.7903],[80.9784,21.7926],[80.9726,21.7902],[80.9707,21.7871],[80.9714,21.7838],[80.9756,21.783],[80.9763,21.7817],[80.9727,21.7797],[80.9735,21.7766],[80.9766,21.7776],[80.98,21.7769],[80.9783,21.7726],[80.9817,21.7709],[80.9872,21.7712],[80.9851,21.768],[80.9883,21.7653],[80.9861,21.7609],[80.9842,21.7612],[80.9815,21.7592],[80.9822,21.7563],[80.9805,21.7546],[80.9786,21.7493],[80.9762,21.7457],[80.9809,21.7428],[80.9859,21.7371],[80.989,21.7358],[80.9945,21.7305],[80.9984,21.7282],[81.0024,21.7274],[81.007,21.733],[81.0096,21.7353],[81.0138,21.7374],[81.0164,21.7378],[81.0275,21.7415],[81.0341,21.7388],[81.0418,21.7384],[81.0447,21.737],[81.0407,21.7294],[81.0433,21.7269],[81.0505,21.7269],[81.0599,21.7238],[81.0634,21.7254],[81.0682,21.7322],[81.0726,21.7313],[81.0785,21.7286],[81.0787,21.7332],[81.0829,21.7327],[81.089,21.7329],[81.0965,21.7301],[81.0997,21.7332],[81.1025,21.7345],[81.1051,21.7325],[81.109,21.724],[81.1172,21.7186],[81.1241,21.7096],[81.1244,21.7068],[81.1262,21.7044],[81.1299,21.7063],[81.1292,21.71],[81.1309,21.7123],[81.1299,21.7143],[81.1323,21.7159],[81.1519,21.7113],[81.1542,21.7152],[81.1579,21.7141],[81.1592,21.7148],[81.1626,21.7112],[81.1688,21.7091],[81.1713,21.7074],[81.1718,21.705]]]},"properties":{"id":"in:subdistrict:3300","level":"subdistrict","name":"Sahaspur Lohara","code":3300,"parent":"in:district:382","state":"in:state:22"}},{"type":"Feature","geometry":{"type":"Polygon","coordinates":[[[80.976,21.746],[80.974,21.7554],[80.9728,21.7592],[80.9712,21.7606],[80.9638,21.7643],[80.953,21.7675],[80.9545,21.7771],[80.9549,21.7829],[80.9542,21.7866],[80.9515,21.7896],[80.948,21.796],[80.9463,21.8002],[80.9458,21.8047],[80.9425,21.8081],[80.9384,21.8081],[80.9333,21.8117],[80.932,21.8133],[80.9317,21.8217],[80.9302,21.8244],[80.9247,21.8258],[80.9232,21.8273],[80.9162,21.8274],[80.9148,21.8254],[80.9099,21.825],[80.9068,21.8235],[80.9057,21.8252],[80.8954,21.8285],[80.885,21.8276],[80.8819,21.8246],[80.878,21.824],[80.8761,21.8264],[80.8737,21.8254],[80.8706,21.828],[80.8646,21.8312],[80.8609,21.8308],[80.8572,21.8319],[80.8559,21.834],[80.8537,21.8336],[80.8496,21.835],[80.8471,21.8349],[80.8447,21.8317],[80.8452,21.8288],[80.8427,21.8244],[80.8429,21.8216],[80.8404,21.8181],[80.8411,21.8151],[80.8387,21.8099],[80.8395,21.807],[80.8386,21.8024],[80.8393,21.8005],[80.8321,21.7942],[80.8303,21.7893],[80.8302,21.7868],[80.8262,21.783],[80.828,21.7808],[80.8281,21.7761],[80.8259,21.7757],[80.8227,21.7732],[80.8241,21.7711],[80.8222,21.7663],[80.8194,21.766],[80.8175,21.763],[80.8156,21.7557],[80.8202,21.753],[80.8197,21.748],[80.8093,21.7484],[80.8045,21.7466],[80.8033,21.7445],[80.791,21.741],[80.7854,21.7403],[80.7845,21.7429],[80.7859,21.7484],[80.7806,21.7501],[80.7763,21.7536],[80.7779,21.7548],[80.772,21.7585],[80.7686,21.7585],[80.7665,21.7596],[80.7644,21.7582],[80.7594,21.7592],[80.756,21.7621],[80.7475,21.7555],[80.7403,21.7441],[80.7386,21.7403],[80.738,21.7344],[80.7399,21.732],[80.7338,21.7286],[80.734,21.7205],[80.7321,21.7137],[80.7267,21.7142],[80.7257,21.7121],[80.7302,21.706],[80.7333,21.7062],[80.7351,21.7039],[80.7323,21.6982],[80.7341,21.6945],[80.733,21.6927],[80.7304,21.6928],[80.7289,21.6888],[80.7257,21.6836],[80.7253,21.6813],[80.7229,21.68],[80.7215,21.677],[80.7157,21.674],[80.7189,21.6701],[80.719,21.6672],[80.7173,21.6657],[80.7146,21.6613],[80.7168,21.6605],[80.7168,21.6564],[80.7182,21.655],[80.7189,21.646],[80.7211,21.6445],[80.725,21.6446],[80.7283,21.64],[80.7276,21.6367],[80.7295,21.6348],[80.7297,21.629],[80.729,21.6269],[80.7316,21.6261],[80.7297,21.6229],[80.729,21.6188],[80.7308,21.6169],[80.7246,21.6148],[80.7204,21.6062],[80.7171,21.6025],[80.7166,21.5993],[80.7181,21.5951],[80.7171,21.591],[80.7185,21.5869],[80.7154,21.5845],[80.72,21.5835],[80.7255,21.5801],[80.7261,21.5772],[80.7288,21.5733],[80.7287,21.5699],[80.7262,21.5697],[80.7261,21.5669],[80.7241,21.5633],[80.7211,21.5607],[80.7223,21.5594],[80.7199,21.5565],[80.7225,21.5529],[80.7239,21.553],[80.7276,21.5487],[80.7337,21.546],[80.7408,21.5392],[80.7367,21.5303],[80.7314,21.5198],[80.7307,21.5149],[80.7337,21.5124],[80.7315,21.5082],[80.7315,21.5056],[80.7332,21.5007],[80.7293,21.499],[80.7276,21.4962],[80.7329,21.4843],[80.7372,21.481],[80.7377,21.4731],[80.7418,21.4738],[80.7439,21.4756],[80.7484,21.4759],[80.7532,21.4784],[80.7582,21.4799],[80.762,21.4829],[80.7657,21.4838],[80.7698,21.4822],[80.7739,21.4791],[80.7755,21.4858],[80.777,21.4886],[80.7767,21.4942],[80.7773,21.5016],[80.7796,21.5048],[80.7833,21.5074],[80.7865,21.5072],[80.7887,21.5018],[80.7942,21.4936],[80.7985,21.4924],[80.7989,21.4884],[80.8083,21.4857],[80.8201,21.4843],[80.8256,21.4802],[80.8306,21.4816],[80.8339,21.4841],[80.8368,21.4849],[80.8464,21.4858],[80.8552,21.4851],[80.858,21.4899],[80.8648,21.488],[80.8662,21.4876],[80.8674,21.487],[80.8703,21.4901],[80.8731,21.4905],[80.8759,21.4926],[80.8769,21.4984],[80.8817,21.4979],[80.879,21.5018],[80.8763,21.5016],[80.8734,21.5051],[80.8647,21.5053],[80.8637,21.5095],[80.867,21.5106],[80.8685,21.5099],[80.8718,21.5112],[80.8729,21.5129],[80.8711,21.5164],[80.8771,21.5151],[80.8798,21.5077],[80.8825,21.5076],[80.8833,21.5102],[80.8859,21.5128],[80.8866,21.5151],[80.891,21.5165],[80.8906,21.522],[80.887,21.524],[80.8882,21.5257],[80.8935,21.5253],[80.8967,21.5234],[80.8974,21.5277],[80.9025,21.5299],[80.9064,21.5324],[80.9069,21.5369],[80.9107,21.5406],[80.9111,21.5456],[80.9062,21.5506],[80.8998,21.5601],[80.8926,21.5627],[80.892,21.5648],[80.8874,21.565],[80.8873,21.5666],[80.8905,21.5687],[80.8922,21.5726],[80.8944,21.5749],[80.8936,21.5788],[80.8911,21.5791],[80.8861,21.5779],[80.8901,21.5889],[80.8931,21.593],[80.8945,21.5987],[80.8971,21.6058],[80.8975,21.6091],[80.9002,21.6101],[80.9041,21.6096],[80.9041,21.6124],[80.9019,21.6153],[80.9072,21.6184],[80.9056,21.6263],[80.9053,21.6302],[80.9079,21.6336],[80.91,21.6379],[80.9134,21.6401],[80.915,21.6446],[80.9182,21.6473],[80.9154,21.6525],[80.9192,21.6538],[80.9194,21.6577],[80.9173,21.6612],[80.9187,21.6624],[80.9191,21.67],[80.9228,21.6751],[80.9244,21.6807],[80.9242,21.6827],[80.9307,21.6799],[80.939,21.681],[80.9401,21.6845],[80.9386,21.686],[80.9395,21.698],[80.9405,21.7018],[80.9496,21.7017],[80.9524,21.699],[80.9569,21.6991],[80.96,21.7012],[80.9536,21.7062],[80.9513,21.7091],[80.9474,21.7085],[80.9458,21.7095],[80.944,21.7152],[80.9446,21.7198],[80.9461,21.7239],[80.9434,21.7233],[80.9429,21.7261],[80.9456,21.7368],[80.946,21.7407],[80.9505,21.7419],[80.954,21.7417],[80.955,21.7369],[80.9578,21.7362],[80.9594,21.7383],[80.9609,21.7451],[80.962,21.7458],[80.9634,21.7502],[80.9662,21.7483],[80.9702,21.7479],[80.9729,21.7441],[80.976,21.746]]]},"properties":{"id":"in:subdistrict:7294","level":"subdistrict","name":"Salhewara","code":7294,"parent":"in:district:759","state":"in:state:22"}},{"type":"Feature","geometry":{"type":"Polygon","coordinates":[[[81.0026,21.2233],[80.9895,21.223],[80.9868,21.2289],[80.9838,21.2327],[80.9832,21.2371],[80.9804,21.2354],[80.9758,21.238],[80.9732,21.2344],[80.9701,21.2373],[80.9646,21.2375],[80.9549,21.2387],[80.9501,21.2365],[80.9441,21.2362],[80.94,21.2352],[80.938,21.2374],[80.9379,21.24],[80.941,21.2465],[80.9341,21.2445],[80.9297,21.245],[80.9218,21.2468],[80.9206,21.2507],[80.9207,21.2535],[80.9171,21.2563],[80.9137,21.2569],[80.9097,21.2559],[80.906,21.2563],[80.9021,21.2585],[80.8948,21.2604],[80.8845,21.2636],[80.8828,21.2632],[80.8783,21.26],[80.8727,21.2581],[80.8685,21.2578],[80.8659,21.259],[80.8647,21.2658],[80.8584,21.2729],[80.858,21.2765],[80.8554,21.2805],[80.8523,21.2828],[80.8511,21.2878],[80.8546,21.2899],[80.8535,21.2951],[80.8511,21.2953],[80.85,21.3001],[80.85,21.3033],[80.8537,21.306],[80.8516,21.3115],[80.8532,21.3148],[80.8503,21.3201],[80.852,21.3297],[80.8519,21.3331],[80.8497,21.3383],[80.8414,21.3478],[80.8386,21.3575],[80.8356,21.3613],[80.8277,21.3659],[80.8252,21.3685],[80.8235,21.3672],[80.8217,21.3629],[80.8208,21.3586],[80.8146,21.3598],[80.8125,21.3616],[80.8078,21.3598],[80.7952,21.359],[80.7908,21.3595],[80.7831,21.3564],[80.779,21.3557],[80.7773,21.3524],[80.7719,21.3512],[80.7713,21.3489],[80.76,21.3438],[80.757,21.3394],[80.7542,21.3326],[80.7487,21.3311],[80.7448,21.3342],[80.7412,21.3343],[80.7392,21.3354],[80.7332,21.3354],[80.734,21.3398],[80.7307,21.3406],[80.7229,21.3386],[80.7181,21.3425],[80.712,21.3424],[80.7075,21.341],[80.6997,21.3407],[80.6969,21.3392],[80.6918,21.3391],[80.6874,21.3361],[80.6856,21.3373],[80.6813,21.3377],[80.6782,21.3393],[80.675,21.3395],[80.6712,21.3383],[80.6685,21.3372],[80.6648,21.3375],[80.6616,21.3361],[80.66,21.3341],[80.6631,21.3344],[80.6649,21.3319],[80.6658,21.328],[80.6712,21.3256],[80.6755,21.3204],[80.6753,21.318],[80.6778,21.3153],[80.6816,21.3136],[80.6815,21.3096],[80.679,21.304],[80.6796,21.2988],[80.6759,21.2948],[80.67,21.2912],[80.6631,21.2917],[80.6612,21.2911],[80.6588,21.286],[80.6582,21.2812],[80.6553,21.281],[80.6508,21.2776],[80.6492,21.2735],[80.6488,21.2622],[80.647,21.2598],[80.6453,21.2542],[80.6425,21.2498],[80.6385,21.2472],[80.6345,21.2466],[80.6271,21.2432],[80.6207,21.2375],[80.6179,21.2328],[80.6173,21.2298],[80.6127,21.226],[80.6059,21.2242],[80.5992,21.2256],[80.5921,21.2238],[80.5855,21.2206],[80.5786,21.2179],[80.5755,21.2149],[80.5707,21.2067],[80.5684,21.205],[80.5595,21.2021],[80.5529,21.2008],[80.5414,21.2011],[80.5366,21.2025],[80.5296,21.2053],[80.5268,21.2017],[80.5254,21.2015],[80.5178,21.1928],[80.5166,21.186],[80.515,21.183],[80.5126,21.1835],[80.5095,21.186],[80.5079,21.1847],[80.5026,21.1853],[80.5013,21.1833],[80.4956,21.1801],[80.4938,21.1798],[80.4922,21.1771],[80.4867,21.1768],[80.4808,21.1716],[80.477,21.1706],[80.4734,21.1737],[80.4689,21.1735],[80.4668,21.175],[80.4642,21.175],[80.4608,21.1648],[80.461,21.1573],[80.4576,21.1469],[80.4531,21.1366],[80.4491,21.129],[80.4471,21.1269],[80.4452,21.1207],[80.4546,21.1183],[80.4578,21.1155],[80.4582,21.1139],[80.4545,21.1126],[80.4478,21.1124],[80.4465,21.1048],[80.442,21.1009],[80.4391,21.0966],[80.4416,21.0936],[80.4409,21.0898],[80.4463,21.0841],[80.4472,21.079],[80.4465,21.0748],[80.4546,21.0702],[80.4585,21.0712],[80.464,21.075],[80.4708,21.0827],[80.474,21.0837],[80.4874,21.0804],[80.4968,21.0821],[80.5023,21.0805],[80.5033,21.0794],[80.5152,21.0814],[80.5173,21.0834],[80.5273,21.0894],[80.5372,21.0899],[80.5431,21.0897],[80.5489,21.0907],[80.5563,21.09],[80.5609,21.089],[80.5695,21.089],[80.5835,21.0881],[80.588,21.0869],[80.5955,21.0863],[80.6108,21.0805],[80.616,21.08],[80.6214,21.078],[80.6239,21.0792],[80.6318,21.0798],[80.637,21.0791],[80.6466,21.0751],[80.6492,21.0729],[80.6552,21.0696],[80.6642,21.0671],[80.6716,21.0672],[80.6752,21.0697],[80.6802,21.0753],[80.6848,21.0765],[80.6881,21.0781],[80.6937,21.082],[80.697,21.0857],[80.6997,21.0876],[80.7046,21.088],[80.7127,21.0873],[80.7175,21.0862],[80.7353,21.0807],[80.7401,21.0767],[80.7447,21.0744],[80.7484,21.0715],[80.763,21.0654],[80.7754,21.0639],[80.7845,21.0621],[80.7883,21.0632],[80.7999,21.0677],[80.8074,21.068],[80.8178,21.0776],[80.8297,21.0786],[80.8337,21.0784],[80.8363,21.0834],[80.8388,21.0907],[80.8448,21.101],[80.8462,21.1096],[80.852,21.11],[80.856,21.1094],[80.8594,21.1052],[80.86,21.1004],[80.8639,21.0974],[80.8635,21.0943],[80.864,21.0894],[80.8714,21.0916],[80.8705,21.0973],[80.8705,21.1046],[80.8724,21.1079],[80.8761,21.1069],[80.8779,21.1075],[80.8809,21.1131],[80.8829,21.1135],[80.8848,21.1189],[80.8849,21.1242],[80.8829,21.1264],[80.8859,21.1274],[80.8899,21.1273],[80.8958,21.1299],[80.8961,21.1333],[80.8978,21.1358],[80.9024,21.1376],[80.9005,21.1409],[80.9002,21.1439],[80.9037,21.1492],[80.9071,21.1494],[80.9093,21.1532],[80.9116,21.1617],[80.913,21.1638],[80.9118,21.1718],[80.9148,21.1789],[80.9177,21.1773],[80.9286,21.176],[80.9316,21.1749],[80.9271,21.1708],[80.924,21.1634],[80.9236,21.1582],[80.9254,21.1575],[80.926,21.1542],[80.9313,21.153],[80.933,21.1539],[80.9395,21.1534],[80.941,21.1554],[80.9434,21.1544],[80.9466,21.1604],[80.9503,21.1609],[80.9555,21.1598],[80.959,21.1598],[80.9618,21.1614],[80.9679,21.1625],[80.9695,21.173],[80.9733,21.1773],[80.9754,21.1736],[80.9777,21.1758],[80.98,21.1757],[80.9811,21.1805],[80.9832,21.1831],[80.9829,21.1862],[80.9854,21.1914],[80.992,21.1936],[80.9923,21.1986],[80.9996,21.1988],[81.0023,21.1996],[80.998,21.2028],[80.9971,21.2074],[80.9987,21.2097],[80.9986,21.2134],[81.001,21.2162],[81.0011,21.2211],[81.0026,21.2233]]]},"properties":{"id":"in:subdistrict:3304","level":"subdistrict","name":"Dongargarh","code":3304,"parent":"in:district:388","state":"in:state:22"}},{"type":"Feature","geometry":{"type":"Polygon","coordinates":[[[81.1585,21.4954],[81.1542,21.4953],[81.1514,21.4964],[81.1454,21.4971],[81.1415,21.4948],[81.1397,21.4902],[81.137,21.4911],[81.1384,21.4941],[81.1346,21.4959],[81.1351,21.4987],[81.1311,21.5026],[81.1318,21.5061],[81.131,21.5089],[81.1215,21.5164],[81.1193,21.5149],[81.1115,21.5119],[81.11,21.5102],[81.1103,21.5073],[81.1074,21.5078],[81.1041,21.5121],[81.1008,21.5117],[81.1005,21.5076],[81.0964,21.5048],[81.0979,21.5007],[81.0977,21.4948],[81.0903,21.4941],[81.09,21.4932],[81.0837,21.4931],[81.0834,21.4949],[81.079,21.496],[81.0781,21.4975],[81.0698,21.4984],[81.067,21.4892],[81.0552,21.4911],[81.0503,21.491],[81.048,21.4851],[81.0427,21.4853],[81.0423,21.4866],[81.0471,21.4927],[81.0487,21.4974],[81.0467,21.4986],[81.0481,21.5011],[81.0448,21.5026],[81.0389,21.5026],[81.0333,21.5041],[81.0312,21.5011],[81.0273,21.5017],[81.0238,21.5007],[81.0183,21.5012],[81.0154,21.5033],[81.0124,21.4999],[81.0089,21.4983],[81.003,21.4988],[81.0009,21.5031],[80.9966,21.5071],[80.9873,21.5111],[80.9777,21.5145],[80.9777,21.5164],[80.9735,21.5193],[80.9708,21.5225],[80.9684,21.5209],[80.9653,21.5213],[80.963,21.5201],[80.9605,21.5206],[80.9595,21.5169],[80.9573,21.5134],[80.9542,21.5135],[80.9536,21.5115],[80.9491,21.5106],[80.9424,21.5115],[80.94,21.5099],[80.9396,21.5062],[80.9416,21.5046],[80.9397,21.4993],[80.9303,21.4992],[80.9282,21.5045],[80.9202,21.5071],[80.9188,21.5067],[80.9144,21.5022],[80.9113,21.5021],[80.909,21.5007],[80.9037,21.4947],[80.8951,21.4909],[80.8857,21.4929],[80.8854,21.4908],[80.8797,21.4902],[80.8784,21.492],[80.8733,21.4862],[80.8692,21.4858],[80.8674,21.487],[80.8662,21.4876],[80.8648,21.488],[80.858,21.4899],[80.8552,21.4851],[80.8464,21.4858],[80.8368,21.4849],[80.8339,21.4841],[80.8306,21.4816],[80.8256,21.4802],[80.8201,21.4843],[80.8083,21.4857],[80.7989,21.4884],[80.7985,21.4924],[80.7942,21.4936],[80.7887,21.5018],[80.7865,21.5072],[80.7833,21.5074],[80.7796,21.5048],[80.7773,21.5016],[80.7767,21.4942],[80.777,21.4886],[80.7755,21.4858],[80.7739,21.4791],[80.7698,21.4822],[80.7657,21.4838],[80.762,21.4829],[80.7582,21.4799],[80.7532,21.4784],[80.7484,21.4759],[80.7439,21.4756],[80.7418,21.4738],[80.7377,21.4731],[80.7353,21.4609],[80.73,21.4526],[80.726,21.4486],[80.7244,21.4452],[80.7177,21.4398],[80.7143,21.4362],[80.7068,21.4331],[80.7057,21.4309],[80.7072,21.4255],[80.7072,21.4156],[80.7059,21.4103],[80.7002,21.4046],[80.7011,21.4006],[80.7005,21.3966],[80.698,21.395],[80.6991,21.3909],[80.6962,21.3864],[80.695,21.381],[80.6903,21.3721],[80.6874,21.37],[80.6854,21.3703],[80.6825,21.368],[80.6802,21.3649],[80.6818,21.3597],[80.6791,21.3563],[80.6795,21.3545],[80.6765,21.351],[80.6778,21.3493],[80.6724,21.3465],[80.6713,21.3436],[80.6724,21.341],[80.6712,21.3383],[80.675,21.3395],[80.6782,21.3393],[80.6813,21.3377],[80.6856,21.3373],[80.6874,21.3361],[80.6918,21.3391],[80.6969,21.3392],[80.6997,21.3407],[80.7075,21.341],[80.712,21.3424],[80.7181,21.3425],[80.7229,21.3386],[80.7307,21.3406],[80.734,21.3398],[80.7332,21.3354],[80.7392,21.3354],[80.7412,21.3343],[80.7448,21.3342],[80.7487,21.3311],[80.7542,21.3326],[80.757,21.3394],[80.76,21.3438],[80.7713,21.3489],[80.7719,21.3512],[80.7773,21.3524],[80.779,21.3557],[80.7831,21.3564],[80.7908,21.3595],[80.7952,21.359],[80.8078,21.3598],[80.8125,21.3616],[80.8146,21.3598],[80.8208,21.3586],[80.8217,21.3629],[80.8235,21.3672],[80.8252,21.3685],[80.8277,21.3659],[80.8356,21.3613],[80.8386,21.3575],[80.8414,21.3478],[80.8497,21.3383],[80.8519,21.3331],[80.852,21.3297],[80.8503,21.3201],[80.8532,21.3148],[80.8516,21.3115],[80.8537,21.306],[80.85,21.3033],[80.85,21.3001],[80.8511,21.2953],[80.8535,21.2951],[80.8546,21.2899],[80.8511,21.2878],[80.8523,21.2828],[80.8554,21.2805],[80.858,21.2765],[80.8584,21.2729],[80.8647,21.2658],[80.8659,21.259],[80.8685,21.2578],[80.8727,21.2581],[80.8783,21.26],[80.8828,21.2632],[80.8845,21.2636],[80.8948,21.2604],[80.9021,21.2585],[80.906,21.2563],[80.9097,21.2559],[80.9137,21.2569],[80.9171,21.2563],[80.9207,21.2535],[80.9206,21.2507],[80.9218,21.2468],[80.9297,21.245],[80.9341,21.2445],[80.941,21.2465],[80.9379,21.24],[80.938,21.2374],[80.94,21.2352],[80.9441,21.2362],[80.9501,21.2365],[80.9549,21.2387],[80.9646,21.2375],[80.9701,21.2373],[80.9732,21.2344],[80.9758,21.238],[80.9804,21.2354],[80.9832,21.2371],[80.9838,21.2327],[80.9868,21.2289],[80.9895,21.223],[81.0026,21.2233],[81.0101,21.2253],[81.0129,21.2306],[81.0131,21.2333],[81.0154,21.2378],[81.0204,21.2434],[81.024,21.2446],[81.0284,21.2411],[81.0311,21.2401],[81.0361,21.2359],[81.0375,21.2334],[81.0442,21.2279],[81.0464,21.2296],[81.0523,21.2372],[81.0543,21.2391],[81.0572,21.2442],[81.0575,21.2464],[81.0602,21.2493],[81.0664,21.2496],[81.0681,21.2553],[81.0706,21.2567],[81.0715,21.2626],[81.0657,21.2638],[81.0584,21.2642],[81.0561,21.2662],[81.0524,21.2664],[81.052,21.2716],[81.0526,21.2768],[81.047,21.2776],[81.0406,21.2816],[81.0323,21.2797],[81.0234,21.2792],[81.0216,21.2835],[81.0192,21.2863],[81.0168,21.2868],[81.0133,21.2855],[81.0097,21.2859],[81.0068,21.2835],[81.0009,21.2808],[80.9976,21.2823],[80.994,21.2815],[80.9924,21.2799],[80.9866,21.2823],[80.9851,21.2846],[80.9786,21.2864],[80.9757,21.2933],[80.9759,21.297],[80.9748,21.303],[80.9794,21.314],[80.981,21.32],[80.9809,21.3242],[80.9921,21.3231],[80.9966,21.3278],[80.9984,21.328],[81.0048,21.3311],[81.0063,21.3328],[81.0112,21.3318],[81.0159,21.332],[81.0193,21.333],[81.0195,21.3354],[81.0152,21.3419],[81.0155,21.3447],[81.0187,21.3517],[81.0189,21.3547],[81.0162,21.355],[81.0156,21.3625],[81.0172,21.363],[81.0184,21.3717],[81.0208,21.3716],[81.0258,21.3696],[81.0381,21.3697],[81.0373,21.364],[81.0423,21.362],[81.0485,21.3606],[81.0513,21.3607],[81.0538,21.3594],[81.0636,21.3573],[81.0717,21.3515],[81.0729,21.3532],[81.08,21.3533],[81.0841,21.3574],[81.0901,21.3577],[81.0945,21.3603],[81.0973,21.364],[81.1002,21.3662],[81.1027,21.3667],[81.1033,21.3597],[81.1043,21.3569],[81.1045,21.3524],[81.1135,21.3486],[81.1198,21.3504],[81.1226,21.3505],[81.1234,21.3555],[81.1352,21.3546],[81.1404,21.3534],[81.1409,21.3556],[81.1467,21.3546],[81.151,21.3565],[81.1529,21.3605],[81.1607,21.361],[81.1665,21.3608],[81.1675,21.3637],[81.1721,21.3637],[81.1804,21.3625],[81.188,21.3605],[81.1927,21.3638],[81.1946,21.37],[81.1931,21.3846],[81.1907,21.3927],[81.1876,21.3962],[81.18,21.3958],[81.1777,21.3971],[81.1769,21.4027],[81.1807,21.4014],[81.184,21.4033],[81.1845,21.4085],[81.1817,21.4107],[81.1794,21.4109],[81.177,21.4134],[81.1765,21.4192],[81.1771,21.424],[81.1733,21.4274],[81.1733,21.4298],[81.1711,21.434],[81.1718,21.4376],[81.1744,21.4425],[81.1766,21.4439],[81.1791,21.4481],[81.1798,21.4568],[81.1783,21.4597],[81.1766,21.4604],[81.1774,21.4685],[81.1802,21.471],[81.1817,21.4824],[81.1753,21.4834],[81.171,21.4848],[81.1683,21.4849],[81.1638,21.4835],[81.1594,21.4862],[81.1588,21.4885],[81.1601,21.491],[81.1585,21.4954]]]},"properties":{"id":"in:subdistrict:3303","level":"subdistrict","name":"Khairagarh","code":3303,"parent":"in:district:759","state":"in:state:22"}},{"type":"Feature","geometry":{"type":"Polygon","coordinates":[[[81.0411,20.996],[81.0412,20.9995],[81.0393,21.0042],[81.0393,21.0089],[81.0413,21.0131],[81.0278,21.0172],[81.0289,21.0402],[81.0256,21.04],[81.0112,21.0413],[81.0075,21.0456],[81.006,21.0483],[81.0069,21.0531],[81.0049,21.0542],[81.0076,21.0571],[81.0088,21.0614],[81.0049,21.0593],[80.9997,21.0606],[80.9947,21.0607],[80.9908,21.0594],[80.9882,21.063],[80.9878,21.0676],[80.9847,21.0693],[80.984,21.0725],[80.9816,21.0762],[80.9795,21.077],[80.9753,21.0804],[80.9748,21.0825],[80.9723,21.0831],[80.9719,21.0874],[80.9756,21.0895],[80.973,21.0951],[80.9683,21.0951],[80.9674,21.096],[80.9611,21.0958],[80.96,21.0937],[80.96,21.0893],[80.9585,21.0881],[80.9583,21.0789],[80.9563,21.0738],[80.9522,21.0752],[80.9487,21.0752],[80.9472,21.0739],[80.9439,21.0753],[80.9432,21.0779],[80.9437,21.0819],[80.9397,21.0824],[80.931,21.0822],[80.9262,21.08],[80.9235,21.0799],[80.9214,21.0838],[80.9238,21.088],[80.9243,21.0909],[80.9267,21.0977],[80.9303,21.098],[80.9348,21.1041],[80.9377,21.1088],[80.9396,21.1102],[80.9462,21.1202],[80.9463,21.1238],[80.945,21.1286],[80.9454,21.1361],[80.9449,21.139],[80.9431,21.1416],[80.9387,21.143],[80.9395,21.1534],[80.933,21.1539],[80.9313,21.153],[80.926,21.1542],[80.9254,21.1575],[80.9236,21.1582],[80.924,21.1634],[80.9271,21.1708],[80.9316,21.1749],[80.9286,21.176],[80.9177,21.1773],[80.9148,21.1789],[80.9118,21.1718],[80.913,21.1638],[80.9116,21.1617],[80.9093,21.1532],[80.9071,21.1494],[80.9037,21.1492],[80.9002,21.1439],[80.9005,21.1409],[80.9024,21.1376],[80.8978,21.1358],[80.8961,21.1333],[80.8958,21.1299],[80.8899,21.1273],[80.8859,21.1274],[80.8829,21.1264],[80.8849,21.1242],[80.8848,21.1189],[80.8829,21.1135],[80.8809,21.1131],[80.8779,21.1075],[80.8761,21.1069],[80.8724,21.1079],[80.8705,21.1046],[80.8705,21.0973],[80.8714,21.0916],[80.864,21.0894],[80.8635,21.0943],[80.8639,21.0974],[80.86,21.1004],[80.8594,21.1052],[80.856,21.1094],[80.852,21.11],[80.8462,21.1096],[80.8448,21.101],[80.8388,21.0907],[80.8363,21.0834],[80.8337,21.0784],[80.8297,21.0786],[80.8178,21.0776],[80.8074,21.068],[80.7999,21.0677],[80.7883,21.0632],[80.7845,21.0621],[80.7754,21.0639],[80.763,21.0654],[80.7484,21.0715],[80.7447,21.0744],[80.7401,21.0767],[80.7364,21.0748],[80.7342,21.0714],[80.7348,21.0641],[80.733,21.0595],[80.7344,21.0584],[80.7321,21.0549],[80.7331,21.0496],[80.7331,21.0457],[80.735,21.0419],[80.7336,21.039],[80.7343,21.0345],[80.7316,21.0333],[80.7324,21.0282],[80.732,21.0236],[80.7297,21.0232],[80.7275,21.0208],[80.722,21.0195],[80.7206,21.0167],[80.718,21.0149],[80.7151,21.0109],[80.7145,21.0083],[80.7167,21.0046],[80.7136,21.0028],[80.7125,20.9966],[80.7129,20.9912],[80.7144,20.9852],[80.7267,20.985],[80.7324,20.9782],[80.7356,20.9753],[80.7431,20.9781],[80.7492,20.9789],[80.7526,20.9775],[80.7569,20.9745],[80.7656,20.9822],[80.7758,20.9777],[80.7838,20.9769],[80.7859,20.9834],[80.7892,20.98],[80.792,20.9856],[80.7966,20.9883],[80.8029,20.987],[80.8055,20.9851],[80.8062,20.981],[80.7969,20.9769],[80.8007,20.9685],[80.8041,20.9657],[80.8073,20.9643],[80.8074,20.959],[80.8059,20.9567],[80.8006,20.9516],[80.8092,20.9491],[80.8168,20.9453],[80.827,20.9428],[80.8311,20.9431],[80.8355,20.9414],[80.844,20.9392],[80.8454,20.9365],[80.8484,20.9352],[80.8539,20.935],[80.8591,20.9323],[80.8608,20.9298],[80.8646,20.9276],[80.8769,20.9281],[80.887,20.9304],[80.8911,20.933],[80.8939,20.9356],[80.9014,20.9447],[80.9061,20.9422],[80.9071,20.9396],[80.9101,20.9368],[80.909,20.9338],[80.911,20.9301],[80.9129,20.9245],[80.9127,20.9219],[80.9189,20.9216],[80.927,20.9249],[80.927,20.9276],[80.9285,20.9291],[80.9306,20.9354],[80.9384,20.9391],[80.9399,20.9406],[80.9396,20.9436],[80.944,20.945],[80.9426,20.9451],[80.9414,20.9487],[80.9421,20.9525],[80.9442,20.9527],[80.9447,20.9579],[80.9466,20.964],[80.9492,20.9659],[80.9493,20.9685],[80.9513,20.9705],[80.9453,20.9719],[80.9414,20.9748],[80.9406,20.9775],[80.9455,20.9797],[80.9481,20.9818],[80.9559,20.9831],[80.9566,20.9872],[80.9553,20.9898],[80.9538,20.9964],[80.9526,20.9982],[80.9535,21.0032],[80.9591,21.0039],[80.9658,21.0033],[80.9732,21.0039],[80.9723,21.0074],[80.9815,21.0069],[80.9877,21.0056],[80.9904,21.0029],[80.9984,21.0036],[81.0038,20.9999],[81.0127,21],[81.0135,20.9983],[81.0191,20.9968],[81.0203,20.9937],[81.0245,20.9927],[81.033,20.9958],[81.0411,20.996]]]},"properties":{"id":"in:subdistrict:3307","level":"subdistrict","name":"Dongargaon","code":3307,"parent":"in:district:388","state":"in:state:22"}},{"type":"Feature","geometry":{"type":"Polygon","coordinates":[[[80.944,20.945],[80.9396,20.9436],[80.9399,20.9406],[80.9384,20.9391],[80.9306,20.9354],[80.9285,20.9291],[80.927,20.9276],[80.927,20.9249],[80.9189,20.9216],[80.9127,20.9219],[80.9129,20.9245],[80.911,20.9301],[80.909,20.9338],[80.9101,20.9368],[80.9071,20.9396],[80.9061,20.9422],[80.9014,20.9447],[80.8939,20.9356],[80.8911,20.933],[80.887,20.9304],[80.8769,20.9281],[80.8646,20.9276],[80.8608,20.9298],[80.8591,20.9323],[80.8539,20.935],[80.8484,20.9352],[80.8454,20.9365],[80.844,20.9392],[80.8355,20.9414],[80.8311,20.9431],[80.827,20.9428],[80.8168,20.9453],[80.8092,20.9491],[80.8006,20.9516],[80.8059,20.9567],[80.8074,20.959],[80.8073,20.9643],[80.8041,20.9657],[80.8007,20.9685],[80.7969,20.9769],[80.8062,20.981],[80.8055,20.9851],[80.8029,20.987],[80.7966,20.9883],[80.792,20.9856],[80.7892,20.98],[80.7859,20.9834],[80.7838,20.9769],[80.7758,20.9777],[80.7656,20.9822],[80.7569,20.9745],[80.7526,20.9775],[80.7492,20.9789],[80.7431,20.9781],[80.7356,20.9753],[80.7324,20.9782],[80.7267,20.985],[80.7144,20.9852],[80.7129,20.9912],[80.7125,20.9966],[80.7136,21.0028],[80.7167,21.0046],[80.7145,21.0083],[80.7151,21.0109],[80.718,21.0149],[80.7206,21.0167],[80.722,21.0195],[80.7275,21.0208],[80.7297,21.0232],[80.732,21.0236],[80.7324,21.0282],[80.7316,21.0333],[80.7343,21.0345],[80.7336,21.039],[80.735,21.0419],[80.7331,21.0457],[80.7331,21.0496],[80.7321,21.0549],[80.7344,21.0584],[80.733,21.0595],[80.7348,21.0641],[80.7342,21.0714],[80.7364,21.0748],[80.7401,21.0767],[80.7353,21.0807],[80.7175,21.0862],[80.7127,21.0873],[80.7046,21.088],[80.6997,21.0876],[80.697,21.0857],[80.6937,21.082],[80.6881,21.0781],[80.6848,21.0765],[80.6802,21.0753],[80.6752,21.0697],[80.6716,21.0672],[80.6642,21.0671],[80.6552,21.0696],[80.6492,21.0729],[80.6466,21.0751],[80.637,21.0791],[80.6318,21.0798],[80.6239,21.0792],[80.6214,21.078],[80.616,21.08],[80.6108,21.0805],[80.5955,21.0863],[80.588,21.0869],[80.5835,21.0881],[80.5695,21.089],[80.5609,21.089],[80.5563,21.09],[80.5489,21.0907],[80.5431,21.0897],[80.5372,21.0899],[80.5273,21.0894],[80.5173,21.0834],[80.5152,21.0814],[80.5033,21.0794],[80.5023,21.0805],[80.4968,21.0821],[80.4874,21.0804],[80.474,21.0837],[80.4708,21.0827],[80.464,21.075],[80.4585,21.0712],[80.4546,21.0702],[80.4465,21.0748],[80.4488,21.0711],[80.4492,21.0678],[80.447,21.064],[80.4496,21.0598],[80.4495,21.0573],[80.4534,21.0546],[80.4541,21.0517],[80.4524,21.0485],[80.4512,21.0431],[80.4526,21.0394],[80.4508,21.0372],[80.4497,21.0306],[80.4442,21.0279],[80.4408,21.0283],[80.4393,21.027],[80.4389,21.0216],[80.4358,21.0202],[80.433,21.0157],[80.4289,21.0117],[80.4258,21.0119],[80.4242,21.0093],[80.4258,21.006],[80.4352,21.0015],[80.4427,20.9955],[80.4438,20.9933],[80.4435,20.9873],[80.4455,20.9795],[80.4438,20.9772],[80.4454,20.9706],[80.4475,20.9656],[80.449,20.9648],[80.4523,20.9554],[80.4547,20.9524],[80.4539,20.9505],[80.4551,20.9459],[80.4588,20.9416],[80.462,20.9391],[80.4618,20.9333],[80.4637,20.9292],[80.4722,20.9292],[80.4765,20.9285],[80.4845,20.929],[80.4867,20.9297],[80.4929,20.9293],[80.5033,20.9313],[80.5116,20.93],[80.5191,20.9298],[80.5248,20.931],[80.5278,20.9325],[80.5345,20.9346],[80.5364,20.9329],[80.539,20.9326],[80.5434,20.9336],[80.5464,20.9322],[80.5422,20.9304],[80.5427,20.9251],[80.5418,20.9236],[80.5481,20.9118],[80.5526,20.8968],[80.5557,20.8904],[80.5559,20.8855],[80.5548,20.8813],[80.5558,20.8789],[80.5542,20.873],[80.554,20.8701],[80.5565,20.8609],[80.5566,20.8539],[80.555,20.8466],[80.5559,20.8395],[80.5579,20.8353],[80.5612,20.8306],[80.5665,20.8371],[80.5697,20.8373],[80.575,20.8409],[80.5867,20.846],[80.5946,20.8469],[80.6059,20.8486],[80.6175,20.853],[80.6296,20.8592],[80.6378,20.861],[80.6458,20.8654],[80.659,20.8709],[80.6655,20.868],[80.6848,20.8633],[80.6917,20.8613],[80.6988,20.8604],[80.705,20.8615],[80.7181,20.8653],[80.7289,20.8662],[80.7362,20.8622],[80.7409,20.8611],[80.7457,20.8612],[80.7623,20.8554],[80.7678,20.852],[80.7731,20.8479],[80.7775,20.8433],[80.7833,20.8363],[80.7891,20.8326],[80.797,20.8335],[80.7989,20.8349],[80.8,20.8381],[80.799,20.8409],[80.8005,20.8433],[80.8061,20.8459],[80.809,20.8439],[80.8109,20.8475],[80.8105,20.853],[80.8116,20.858],[80.8111,20.8621],[80.8126,20.8633],[80.8163,20.8636],[80.8205,20.8667],[80.8247,20.8634],[80.8241,20.8588],[80.8255,20.8566],[80.8281,20.8573],[80.8269,20.8529],[80.8271,20.8495],[80.8293,20.8482],[80.8289,20.8405],[80.8259,20.8359],[80.8244,20.8294],[80.8255,20.8277],[80.8226,20.8263],[80.8219,20.8238],[80.8233,20.8209],[80.8189,20.8208],[80.8199,20.8178],[80.8184,20.8147],[80.8204,20.81],[80.8176,20.8071],[80.8176,20.8049],[80.8215,20.8026],[80.8266,20.7973],[80.828,20.794],[80.8273,20.789],[80.8228,20.7866],[80.822,20.7824],[80.8239,20.7823],[80.8269,20.779],[80.8243,20.7772],[80.8216,20.7769],[80.8215,20.7723],[80.8226,20.7719],[80.8233,20.7646],[80.8261,20.7651],[80.84,20.7687],[80.8468,20.7725],[80.8613,20.7801],[80.8619,20.7817],[80.8657,20.7847],[80.8691,20.7856],[80.8707,20.7874],[80.8721,20.7961],[80.8835,20.8037],[80.8861,20.8007],[80.886,20.7985],[80.8903,20.7993],[80.8951,20.8059],[80.8981,20.808],[80.9003,20.8081],[80.9005,20.8021],[80.9053,20.802],[80.907,20.7923],[80.9002,20.7923],[80.9006,20.7862],[80.9042,20.7852],[80.9094,20.7787],[80.9118,20.7831],[80.9216,20.7825],[80.9249,20.7796],[80.9262,20.7767],[80.9322,20.7769],[80.9313,20.7808],[80.9357,20.7799],[80.9365,20.7823],[80.9369,20.7886],[80.9392,20.7944],[80.9401,20.7986],[80.9479,20.804],[80.9464,20.807],[80.9471,20.8098],[80.9494,20.813],[80.9576,20.8152],[80.9602,20.8196],[80.9562,20.8196],[80.9567,20.8234],[80.9609,20.8242],[80.9676,20.818],[80.9691,20.8117],[80.9711,20.8105],[80.974,20.8121],[80.9785,20.811],[80.9804,20.8186],[80.9752,20.8289],[80.9734,20.8283],[80.9692,20.8246],[80.9657,20.8297],[80.9652,20.8363],[80.9619,20.8395],[80.9576,20.8371],[80.9529,20.8385],[80.9505,20.8458],[80.954,20.8495],[80.9563,20.8556],[80.9592,20.8557],[80.9644,20.858],[80.9691,20.8573],[80.9782,20.8617],[80.9823,20.8643],[80.9849,20.8667],[80.9881,20.8721],[80.9907,20.8776],[80.9947,20.8789],[80.995,20.8841],[80.9867,20.888],[80.9845,20.8878],[80.982,20.8901],[80.9816,20.8989],[80.9774,20.8999],[80.9705,20.9004],[80.9677,20.9065],[80.9656,20.9078],[80.9648,20.9123],[80.9647,20.9205],[80.9662,20.9206],[80.9673,20.924],[80.9629,20.9269],[80.9625,20.9313],[80.963,20.9364],[80.9606,20.9401],[80.9611,20.9453],[80.963,20.9497],[80.9598,20.9513],[80.9561,20.9513],[80.9535,20.9488],[80.95,20.947],[80.9484,20.9474],[80.944,20.945]]]},"properties":{"id":"in:subdistrict:3306","level":"subdistrict","name":"Chhuriya","code":3306,"parent":"in:district:388","state":"in:state:22"}},{"type":"Feature","geometry":{"type":"Polygon","coordinates":[[[80.8233,20.7646],[80.8226,20.7719],[80.8215,20.7723],[80.8216,20.7769],[80.8243,20.7772],[80.8269,20.779],[80.8239,20.7823],[80.822,20.7824],[80.8228,20.7866],[80.8273,20.789],[80.828,20.794],[80.8266,20.7973],[80.8215,20.8026],[80.8176,20.8049],[80.8176,20.8071],[80.8204,20.81],[80.8184,20.8147],[80.8199,20.8178],[80.8189,20.8208],[80.8233,20.8209],[80.8219,20.8238],[80.8226,20.8263],[80.8255,20.8277],[80.8244,20.8294],[80.8259,20.8359],[80.8289,20.8405],[80.8293,20.8482],[80.8271,20.8495],[80.8269,20.8529],[80.8281,20.8573],[80.8255,20.8566],[80.8241,20.8588],[80.8247,20.8634],[80.8205,20.8667],[80.8163,20.8636],[80.8126,20.8633],[80.8111,20.8621],[80.8116,20.858],[80.8105,20.853],[80.8109,20.8475],[80.809,20.8439],[80.8061,20.8459],[80.8005,20.8433],[80.799,20.8409],[80.8,20.8381],[80.7989,20.8349],[80.797,20.8335],[80.7891,20.8326],[80.7833,20.8363],[80.7775,20.8433],[80.7731,20.8479],[80.7678,20.852],[80.7623,20.8554],[80.7457,20.8612],[80.7409,20.8611],[80.7362,20.8622],[80.7289,20.8662],[80.7181,20.8653],[80.705,20.8615],[80.6988,20.8604],[80.6917,20.8613],[80.6848,20.8633],[80.6655,20.868],[80.659,20.8709],[80.6458,20.8654],[80.6378,20.861],[80.6296,20.8592],[80.6175,20.853],[80.6059,20.8486],[80.5946,20.8469],[80.5867,20.846],[80.575,20.8409],[80.5697,20.8373],[80.5665,20.8371],[80.5612,20.8306],[80.5617,20.8235],[80.559,20.8163],[80.5586,20.8116],[80.5556,20.8077],[80.5539,20.8036],[80.5514,20.8012],[80.5492,20.7953],[80.5513,20.7837],[80.5521,20.7814],[80.5511,20.7748],[80.5524,20.7686],[80.5517,20.7644],[80.5536,20.7591],[80.5584,20.7519],[80.5628,20.7473],[80.5629,20.7341],[80.56,20.7284],[80.5604,20.7243],[80.5634,20.7188],[80.5652,20.7106],[80.5673,20.7074],[80.5708,20.7061],[80.5757,20.7035],[80.5818,20.6974],[80.5867,20.6885],[80.5875,20.686],[80.5872,20.6824],[80.5934,20.6819],[80.594,20.6784],[80.5925,20.6773],[80.5927,20.6739],[80.5948,20.6733],[80.5976,20.6696],[80.6028,20.6699],[80.6058,20.6687],[80.6168,20.675],[80.6214,20.6739],[80.6245,20.6747],[80.6288,20.672],[80.6288,20.6706],[80.6319,20.6688],[80.6349,20.6617],[80.6382,20.6605],[80.6406,20.6566],[80.6431,20.6568],[80.6448,20.6585],[80.6513,20.6569],[80.6561,20.6591],[80.6568,20.6568],[80.6601,20.6543],[80.6645,20.6528],[80.6694,20.6531],[80.677,20.6559],[80.6887,20.6631],[80.6891,20.6618],[80.6937,20.6624],[80.6967,20.6638],[80.7049,20.6629],[80.718,20.6638],[80.7219,20.6632],[80.7276,20.6643],[80.7324,20.6668],[80.7357,20.6595],[80.7357,20.6569],[80.7377,20.6535],[80.7415,20.6527],[80.7446,20.6532],[80.7484,20.6551],[80.753,20.6588],[80.7579,20.6593],[80.7624,20.6649],[80.765,20.6705],[80.7669,20.6718],[80.7686,20.6698],[80.7738,20.6695],[80.7765,20.6708],[80.7784,20.6702],[80.7842,20.6735],[80.7894,20.6795],[80.794,20.6817],[80.7996,20.6808],[80.7999,20.6898],[80.7986,20.6924],[80.7992,20.6948],[80.8016,20.6972],[80.8014,20.7038],[80.8062,20.7097],[80.8073,20.7101],[80.8101,20.7132],[80.8059,20.7146],[80.8032,20.718],[80.8032,20.7222],[80.8099,20.7276],[80.8112,20.7305],[80.8103,20.7337],[80.8149,20.7359],[80.8145,20.7386],[80.8193,20.7447],[80.8209,20.7508],[80.8171,20.756],[80.8178,20.7602],[80.8192,20.7612],[80.8221,20.7602],[80.8242,20.7618],[80.8233,20.7646]]]},"properties":{"id":"in:subdistrict:3310","level":"subdistrict","name":"Ambagarh","code":3310,"parent":"in:district:761","state":"in:state:22"}},{"type":"Feature","geometry":{"type":"Polygon","coordinates":[[[81.0066,20.5983],[81.0014,20.5993],[80.9992,20.6025],[80.9937,20.6052],[80.9907,20.6083],[80.9903,20.6114],[80.9839,20.6107],[80.9788,20.6131],[80.9775,20.6175],[80.9757,20.619],[80.976,20.6218],[80.9711,20.623],[80.9682,20.6273],[80.968,20.6301],[80.9588,20.6298],[80.9581,20.6344],[80.9532,20.6398],[80.9531,20.6436],[80.9555,20.6461],[80.9569,20.6503],[80.957,20.6552],[80.9611,20.661],[80.9618,20.6641],[80.9591,20.6652],[80.9532,20.6654],[80.9492,20.6686],[80.9445,20.6659],[80.9394,20.6642],[80.9301,20.6663],[80.9275,20.6675],[80.9255,20.66],[80.9195,20.6488],[80.9186,20.6483],[80.9118,20.6484],[80.9119,20.6531],[80.911,20.6605],[80.9096,20.6657],[80.9049,20.6627],[80.9042,20.6613],[80.897,20.6597],[80.8954,20.663],[80.8925,20.6576],[80.8894,20.6553],[80.8834,20.6554],[80.8813,20.6562],[80.88,20.6592],[80.875,20.6656],[80.8724,20.6671],[80.8644,20.6653],[80.8622,20.6655],[80.8568,20.6699],[80.8541,20.6731],[80.8539,20.6765],[80.8549,20.6792],[80.8578,20.6829],[80.8604,20.6884],[80.8518,20.689],[80.847,20.6873],[80.8346,20.6862],[80.8313,20.6843],[80.8271,20.6842],[80.8232,20.6853],[80.8166,20.6887],[80.8146,20.6909],[80.8149,20.6948],[80.8135,20.6978],[80.8132,20.7047],[80.8117,20.7083],[80.808,20.708],[80.8073,20.7101],[80.8062,20.7097],[80.8014,20.7038],[80.8016,20.6972],[80.7992,20.6948],[80.7986,20.6924],[80.7999,20.6898],[80.7996,20.6808],[80.794,20.6817],[80.7894,20.6795],[80.7842,20.6735],[80.7784,20.6702],[80.7765,20.6708],[80.7738,20.6695],[80.7686,20.6698],[80.7669,20.6718],[80.765,20.6705],[80.7624,20.6649],[80.7579,20.6593],[80.753,20.6588],[80.7484,20.6551],[80.7446,20.6532],[80.7415,20.6527],[80.7377,20.6535],[80.7357,20.6569],[80.7357,20.6595],[80.7324,20.6668],[80.7276,20.6643],[80.7219,20.6632],[80.718,20.6638],[80.7049,20.6629],[80.6967,20.6638],[80.6937,20.6624],[80.6891,20.6618],[80.6887,20.6631],[80.677,20.6559],[80.6694,20.6531],[80.6645,20.6528],[80.6601,20.6543],[80.6568,20.6568],[80.6561,20.6591],[80.6513,20.6569],[80.6448,20.6585],[80.6431,20.6568],[80.6406,20.6566],[80.6382,20.6605],[80.6349,20.6617],[80.6319,20.6688],[80.6288,20.6706],[80.6288,20.672],[80.6245,20.6747],[80.6214,20.6739],[80.6168,20.675],[80.6058,20.6687],[80.6028,20.6699],[80.5976,20.6696],[80.5948,20.6733],[80.5927,20.6739],[80.5925,20.6773],[80.594,20.6784],[80.5934,20.6819],[80.5872,20.6824],[80.5837,20.6766],[80.5804,20.6731],[80.5764,20.6724],[80.5719,20.6726],[80.5595,20.6709],[80.5525,20.6681],[80.5487,20.663],[80.5462,20.6609],[80.5409,20.6597],[80.536,20.6603],[80.5308,20.6601],[80.5252,20.658],[80.5213,20.6573],[80.5166,20.654],[80.5108,20.6488],[80.5076,20.647],[80.4957,20.6368],[80.4942,20.6267],[80.4941,20.6125],[80.4967,20.6024],[80.4985,20.5989],[80.5022,20.5953],[80.5031,20.5925],[80.5044,20.5834],[80.509,20.5834],[80.517,20.582],[80.5215,20.5804],[80.5255,20.5807],[80.5334,20.5839],[80.5392,20.5852],[80.545,20.5902],[80.5549,20.5928],[80.5578,20.5943],[80.5646,20.6037],[80.5718,20.6062],[80.5808,20.6084],[80.5875,20.6076],[80.5932,20.6088],[80.6014,20.6088],[80.605,20.6074],[80.6123,20.6005],[80.6177,20.6006],[80.6224,20.5995],[80.6286,20.6],[80.6317,20.5985],[80.6288,20.5968],[80.6242,20.5922],[80.6228,20.589],[80.6193,20.5878],[80.6173,20.5858],[80.6186,20.5835],[80.6217,20.5825],[80.6255,20.5783],[80.6248,20.5764],[80.621,20.5742],[80.6211,20.5698],[80.6238,20.5697],[80.6263,20.5674],[80.6266,20.5638],[80.6243,20.5597],[80.6234,20.5553],[80.6201,20.5557],[80.6179,20.5545],[80.6174,20.5518],[80.6152,20.5496],[80.6181,20.546],[80.6179,20.5429],[80.62,20.5376],[80.6213,20.5326],[80.6199,20.5305],[80.6203,20.5224],[80.6173,20.5152],[80.6188,20.5142],[80.6175,20.5091],[80.6191,20.5067],[80.6168,20.5008],[80.6148,20.4912],[80.6163,20.4884],[80.6154,20.4843],[80.6146,20.4758],[80.6126,20.4673],[80.6128,20.4632],[80.6117,20.4605],[80.6096,20.459],[80.613,20.4552],[80.6182,20.4526],[80.6315,20.447],[80.6386,20.4444],[80.6483,20.4431],[80.6526,20.4421],[80.6613,20.4431],[80.665,20.4422],[80.6691,20.4423],[80.6737,20.4415],[80.6754,20.444],[80.6807,20.4446],[80.6832,20.4497],[80.6832,20.4534],[80.6877,20.4568],[80.6882,20.4599],[80.6933,20.4623],[80.6997,20.4668],[80.7044,20.4711],[80.7065,20.4755],[80.711,20.4741],[80.7161,20.4735],[80.7196,20.4716],[80.7202,20.4677],[80.7194,20.4656],[80.7248,20.464],[80.7275,20.4664],[80.7265,20.4699],[80.7291,20.4731],[80.7371,20.4724],[80.7435,20.4699],[80.7497,20.4695],[80.752,20.4717],[80.7566,20.4812],[80.7585,20.488],[80.7604,20.4907],[80.7642,20.4938],[80.7651,20.5007],[80.7692,20.5127],[80.7745,20.5166],[80.7734,20.5298],[80.7728,20.5322],[80.7934,20.5309],[80.7929,20.5232],[80.7922,20.52],[80.7953,20.5106],[80.8006,20.5109],[80.8046,20.5122],[80.8094,20.5117],[80.8117,20.5125],[80.8174,20.5163],[80.8228,20.5152],[80.8247,20.5122],[80.8273,20.5114],[80.8279,20.5138],[80.8305,20.5156],[80.8315,20.5206],[80.8297,20.5212],[80.829,20.5239],[80.8327,20.527],[80.8349,20.5279],[80.8392,20.5255],[80.8431,20.5243],[80.8469,20.5247],[80.8472,20.5273],[80.8543,20.5308],[80.8557,20.5301],[80.8576,20.5339],[80.8569,20.5355],[80.8614,20.5366],[80.863,20.5395],[80.8678,20.5405],[80.8685,20.542],[80.8724,20.5452],[80.8763,20.5466],[80.8781,20.5506],[80.8826,20.5504],[80.8843,20.5487],[80.8845,20.5435],[80.8865,20.5328],[80.8894,20.5308],[80.8992,20.5281],[80.9142,20.5273],[80.9222,20.5286],[80.9254,20.53],[80.9299,20.5298],[80.9349,20.5308],[80.9407,20.5328],[80.944,20.5327],[80.9495,20.5354],[80.9547,20.5363],[80.9542,20.5408],[80.9658,20.5406],[80.9684,20.5424],[80.9734,20.5414],[80.9849,20.5437],[80.9897,20.5439],[80.9847,20.5515],[80.9852,20.5585],[80.9882,20.5617],[80.9895,20.567],[80.9945,20.5641],[80.9984,20.568],[81.0065,20.5738],[81.0066,20.5773],[81.0047,20.5805],[81.0036,20.5845],[81.0039,20.5919],[81.0066,20.5983]]]},"properties":{"id":"in:subdistrict:3308","level":"subdistrict","name":"Mohla","code":3308,"parent":"in:district:761","state":"in:state:22"}},{"type":"Feature","geometry":{"type":"Polygon","coordinates":[[[80.9547,20.5363],[80.9495,20.5354],[80.944,20.5327],[80.9407,20.5328],[80.9349,20.5308],[80.9299,20.5298],[80.9254,20.53],[80.9222,20.5286],[80.9142,20.5273],[80.8992,20.5281],[80.8894,20.5308],[80.8865,20.5328],[80.8845,20.5435],[80.8843,20.5487],[80.8826,20.5504],[80.8781,20.5506],[80.8763,20.5466],[80.8724,20.5452],[80.8685,20.542],[80.8678,20.5405],[80.863,20.5395],[80.8614,20.5366],[80.8569,20.5355],[80.8576,20.5339],[80.8557,20.5301],[80.8543,20.5308],[80.8472,20.5273],[80.8469,20.5247],[80.8431,20.5243],[80.8392,20.5255],[80.8349,20.5279],[80.8327,20.527],[80.829,20.5239],[80.8297,20.5212],[80.8315,20.5206],[80.8305,20.5156],[80.8279,20.5138],[80.8273,20.5114],[80.8278,20.5089],[80.8252,20.5082],[80.8248,20.5057],[80.8224,20.5043],[80.8247,20.4995],[80.8211,20.4972],[80.8204,20.4943],[80.8235,20.4913],[80.8301,20.492],[80.834,20.4901],[80.8293,20.4832],[80.8352,20.4775],[80.8314,20.4755],[80.8347,20.4701],[80.8409,20.4696],[80.8427,20.4684],[80.8434,20.463],[80.8467,20.4526],[80.8498,20.4469],[80.8433,20.4466],[80.8406,20.4409],[80.837,20.4414],[80.8353,20.4405],[80.8346,20.4369],[80.832,20.433],[80.8282,20.4313],[80.8249,20.4269],[80.8175,20.4293],[80.8155,20.4289],[80.8123,20.4248],[80.805,20.4222],[80.8007,20.4225],[80.7983,20.421],[80.7979,20.4177],[80.7928,20.4143],[80.7922,20.4124],[80.7959,20.4095],[80.7973,20.4109],[80.8111,20.414],[80.8136,20.4108],[80.8163,20.4056],[80.8177,20.3971],[80.8162,20.3867],[80.8171,20.3837],[80.8161,20.3802],[80.8165,20.3757],[80.8135,20.3704],[80.8169,20.365],[80.8147,20.3609],[80.8154,20.3572],[80.818,20.3586],[80.8198,20.3571],[80.8234,20.3588],[80.8286,20.3538],[80.8346,20.3498],[80.8423,20.3477],[80.8472,20.348],[80.8509,20.3528],[80.851,20.3577],[80.8542,20.3656],[80.8552,20.3726],[80.8587,20.3754],[80.8601,20.3874],[80.8621,20.3881],[80.8665,20.3843],[80.8716,20.3838],[80.8755,20.387],[80.882,20.3876],[80.8869,20.3869],[80.8915,20.3953],[80.8952,20.3974],[80.8984,20.4002],[80.9002,20.3989],[80.9037,20.4003],[80.9082,20.4088],[80.9104,20.4116],[80.9136,20.4141],[80.916,20.4172],[80.9177,20.4221],[80.9225,20.4292],[80.931,20.4373],[80.9331,20.437],[80.9359,20.4395],[80.9395,20.4407],[80.9461,20.4415],[80.9562,20.4356],[80.9582,20.435],[80.9629,20.4372],[80.9663,20.4368],[80.9688,20.4396],[80.9717,20.4414],[80.9752,20.4417],[80.9801,20.4452],[80.9807,20.4477],[80.9785,20.4489],[80.981,20.451],[80.9904,20.4541],[80.9919,20.4593],[80.989,20.4671],[80.9847,20.472],[80.9831,20.4758],[80.9813,20.4825],[80.9846,20.4869],[80.9837,20.4916],[80.9839,20.4985],[80.9833,20.5007],[80.9798,20.5018],[80.9793,20.5074],[80.9694,20.5096],[80.9676,20.5105],[80.9608,20.5072],[80.9594,20.5176],[80.9578,20.5256],[80.9555,20.5281],[80.9547,20.5363]]]},"properties":{"id":"in:subdistrict:7277","level":"subdistrict","name":"Khadgaon","code":7277,"parent":"in:district:761","state":"in:state:22"}},{"type":"Feature","geometry":{"type":"Polygon","coordinates":[[[80.7248,20.464],[80.7289,20.4547],[80.7368,20.4571],[80.7419,20.4553],[80.7466,20.4555],[80.7481,20.4535],[80.7475,20.4501],[80.7459,20.4503],[80.7416,20.4475],[80.7403,20.4435],[80.7431,20.4417],[80.7422,20.4383],[80.7443,20.4341],[80.7464,20.4359],[80.7498,20.4357],[80.75,20.438],[80.753,20.4398],[80.7538,20.4355],[80.7523,20.4348],[80.7519,20.4288],[80.7509,20.4274],[80.7519,20.422],[80.7454,20.4208],[80.7434,20.4235],[80.7437,20.426],[80.7462,20.4288],[80.7414,20.4291],[80.739,20.4276],[80.7373,20.425],[80.7349,20.4258],[80.7291,20.433],[80.7303,20.4379],[80.7285,20.4399],[80.7261,20.4345],[80.7254,20.4307],[80.7237,20.4269],[80.7214,20.43],[80.7197,20.423],[80.7201,20.42],[80.7173,20.4202],[80.7161,20.418],[80.7201,20.4176],[80.7223,20.4158],[80.7297,20.4149],[80.7345,20.4157],[80.7447,20.4118],[80.7452,20.4076],[80.7419,20.404],[80.7398,20.4033],[80.7336,20.3987],[80.728,20.3966],[80.7308,20.39],[80.7339,20.3901],[80.7347,20.387],[80.7374,20.3885],[80.7388,20.3938],[80.7387,20.3966],[80.7436,20.3978],[80.7479,20.4038],[80.7508,20.4027],[80.7522,20.3954],[80.7498,20.3924],[80.7489,20.3893],[80.7506,20.3848],[80.7453,20.382],[80.7439,20.3799],[80.7383,20.3755],[80.7328,20.3748],[80.7189,20.3859],[80.7179,20.39],[80.7154,20.3948],[80.7127,20.3957],[80.7114,20.3979],[80.7037,20.403],[80.7016,20.4092],[80.6986,20.4094],[80.6982,20.414],[80.6925,20.4177],[80.6903,20.4203],[80.6866,20.4208],[80.6842,20.4164],[80.6871,20.4165],[80.6947,20.409],[80.6952,20.4056],[80.6975,20.4011],[80.7011,20.3999],[80.7052,20.4007],[80.7078,20.3981],[80.7104,20.393],[80.7094,20.3912],[80.7161,20.3881],[80.7173,20.3845],[80.7151,20.3832],[80.7092,20.385],[80.7091,20.3833],[80.7153,20.3823],[80.7202,20.3835],[80.723,20.3787],[80.72,20.3774],[80.7181,20.3747],[80.7116,20.3721],[80.7126,20.3707],[80.7162,20.3709],[80.723,20.3723],[80.7216,20.3692],[80.7198,20.3697],[80.7175,20.3677],[80.7211,20.3619],[80.7243,20.3598],[80.7274,20.3648],[80.7279,20.3689],[80.7325,20.3723],[80.7362,20.3734],[80.7388,20.3729],[80.7475,20.3759],[80.7484,20.3736],[80.7444,20.3731],[80.7429,20.3703],[80.7436,20.3686],[80.7468,20.3687],[80.7463,20.3657],[80.742,20.3634],[80.7431,20.3598],[80.7385,20.3603],[80.7369,20.3574],[80.7359,20.3508],[80.7334,20.3452],[80.7279,20.3448],[80.725,20.3461],[80.7199,20.3437],[80.7165,20.3406],[80.7167,20.3378],[80.7211,20.3336],[80.7225,20.3367],[80.7285,20.3418],[80.732,20.3425],[80.7342,20.3412],[80.7354,20.3369],[80.738,20.3393],[80.7356,20.342],[80.7399,20.3434],[80.7395,20.3405],[80.7436,20.3396],[80.7452,20.343],[80.7496,20.3442],[80.7512,20.3428],[80.7547,20.3444],[80.7614,20.3437],[80.7562,20.3417],[80.7572,20.339],[80.7612,20.3395],[80.7651,20.3351],[80.7634,20.3319],[80.7681,20.3291],[80.7728,20.3309],[80.7772,20.3217],[80.7802,20.3211],[80.7788,20.3164],[80.7767,20.3156],[80.7744,20.312],[80.7806,20.3069],[80.7762,20.3026],[80.7772,20.2992],[80.7814,20.2948],[80.7868,20.2922],[80.7877,20.2906],[80.785,20.2881],[80.7883,20.2865],[80.7971,20.292],[80.8014,20.2917],[80.8034,20.2904],[80.806,20.292],[80.8071,20.2929],[80.8107,20.2963],[80.8158,20.2957],[80.8214,20.2967],[80.8251,20.3005],[80.827,20.3053],[80.8294,20.3076],[80.8303,20.3102],[80.8298,20.3194],[80.8272,20.3257],[80.8224,20.331],[80.8233,20.3354],[80.8258,20.337],[80.8264,20.3412],[80.8211,20.3472],[80.8131,20.353],[80.8121,20.3548],[80.8154,20.3572],[80.8147,20.3609],[80.8169,20.365],[80.8135,20.3704],[80.8165,20.3757],[80.8161,20.3802],[80.8171,20.3837],[80.8162,20.3867],[80.8177,20.3971],[80.8163,20.4056],[80.8136,20.4108],[80.8111,20.414],[80.7973,20.4109],[80.7959,20.4095],[80.7922,20.4124],[80.7928,20.4143],[80.7979,20.4177],[80.7983,20.421],[80.8007,20.4225],[80.805,20.4222],[80.8123,20.4248],[80.8155,20.4289],[80.8175,20.4293],[80.8249,20.4269],[80.8282,20.4313],[80.832,20.433],[80.8346,20.4369],[80.8353,20.4405],[80.837,20.4414],[80.8406,20.4409],[80.8433,20.4466],[80.8498,20.4469],[80.8467,20.4526],[80.8434,20.463],[80.8427,20.4684],[80.8409,20.4696],[80.8347,20.4701],[80.8314,20.4755],[80.8352,20.4775],[80.8293,20.4832],[80.834,20.4901],[80.8301,20.492],[80.8235,20.4913],[80.8204,20.4943],[80.8211,20.4972],[80.8247,20.4995],[80.8224,20.5043],[80.8248,20.5057],[80.8252,20.5082],[80.8278,20.5089],[80.8273,20.5114],[80.8247,20.5122],[80.8228,20.5152],[80.8174,20.5163],[80.8117,20.5125],[80.8094,20.5117],[80.8046,20.5122],[80.8006,20.5109],[80.7953,20.5106],[80.7922,20.52],[80.7929,20.5232],[80.7934,20.5309],[80.7728,20.5322],[80.7734,20.5298],[80.7745,20.5166],[80.7692,20.5127],[80.7651,20.5007],[80.7642,20.4938],[80.7604,20.4907],[80.7585,20.488],[80.7566,20.4812],[80.752,20.4717],[80.7497,20.4695],[80.7435,20.4699],[80.7371,20.4724],[80.7291,20.4731],[80.7265,20.4699],[80.7275,20.4664],[80.7248,20.464]]]},"properties":{"id":"in:subdistrict:3309","level":"subdistrict","name":"Manpur","code":3309,"parent":"in:district:761","state":"in:state:22"}},{"type":"Feature","geometry":{"type":"Polygon","coordinates":[[[80.9715,20.1032],[80.9692,20.1091],[80.9718,20.1115],[80.9782,20.1154],[80.9794,20.1181],[80.9778,20.1226],[80.9803,20.1251],[80.9792,20.1299],[80.9792,20.1331],[80.9852,20.1388],[80.9876,20.1394],[80.991,20.1427],[80.9891,20.145],[80.9866,20.1626],[80.9939,20.1635],[80.9945,20.1658],[81.0012,20.1701],[81.0013,20.1781],[81.0039,20.1871],[81.0043,20.1909],[80.9988,20.192],[81.0011,20.1945],[80.9996,20.2016],[80.9989,20.2075],[80.9994,20.2088],[80.9987,20.2145],[81.0003,20.2279],[80.9964,20.2307],[80.9991,20.2329],[80.9971,20.2366],[80.9978,20.2391],[80.9983,20.2519],[80.9964,20.2588],[80.996,20.2634],[80.9964,20.267],[80.9946,20.2692],[80.9895,20.2712],[80.9899,20.2732],[80.9853,20.2744],[80.9846,20.2765],[80.9902,20.2807],[80.9993,20.2858],[81.0005,20.2895],[81.0041,20.2895],[81.0071,20.2912],[81.006,20.3028],[81.0053,20.3054],[81.0052,20.3116],[80.9984,20.3095],[80.9963,20.3131],[80.9903,20.317],[80.9984,20.328],[80.9945,20.3332],[80.9866,20.3359],[80.9857,20.3405],[80.9863,20.3448],[80.9876,20.3479],[80.9893,20.3489],[80.9956,20.3486],[80.9971,20.354],[80.999,20.3568],[81.0034,20.3598],[81.0069,20.3594],[81.0127,20.3576],[81.0171,20.359],[81.0224,20.3586],[81.03,20.3566],[81.0347,20.3598],[81.0371,20.3595],[81.0436,20.3737],[81.0479,20.3778],[81.0505,20.384],[81.0503,20.3854],[81.0531,20.3878],[81.0483,20.3932],[81.0493,20.3965],[81.0544,20.3944],[81.0602,20.3939],[81.0632,20.3989],[81.0648,20.404],[81.0596,20.408],[81.0599,20.4113],[81.0618,20.4199],[81.0527,20.4204],[81.0414,20.4239],[81.0337,20.4274],[81.0318,20.43],[81.03,20.4341],[81.0235,20.4419],[81.0194,20.4436],[81.0137,20.4471],[81.0037,20.4506],[80.9998,20.4512],[80.9919,20.4593],[80.9904,20.4541],[80.981,20.451],[80.9785,20.4489],[80.9807,20.4477],[80.9801,20.4452],[80.9752,20.4417],[80.9717,20.4414],[80.9688,20.4396],[80.9663,20.4368],[80.9629,20.4372],[80.9582,20.435],[80.9562,20.4356],[80.9461,20.4415],[80.9395,20.4407],[80.9359,20.4395],[80.9331,20.437],[80.931,20.4373],[80.9225,20.4292],[80.9177,20.4221],[80.916,20.4172],[80.9136,20.4141],[80.9104,20.4116],[80.9082,20.4088],[80.9037,20.4003],[80.9002,20.3989],[80.8984,20.4002],[80.8952,20.3974],[80.8915,20.3953],[80.8869,20.3869],[80.882,20.3876],[80.8755,20.387],[80.8716,20.3838],[80.8665,20.3843],[80.8621,20.3881],[80.8601,20.3874],[80.8587,20.3754],[80.8552,20.3726],[80.8542,20.3656],[80.851,20.3577],[80.8509,20.3528],[80.8472,20.348],[80.8423,20.3477],[80.8346,20.3498],[80.8286,20.3538],[80.8234,20.3588],[80.8198,20.3571],[80.818,20.3586],[80.8154,20.3572],[80.8121,20.3548],[80.8131,20.353],[80.8211,20.3472],[80.8264,20.3412],[80.8258,20.337],[80.8233,20.3354],[80.8224,20.331],[80.8272,20.3257],[80.8298,20.3194],[80.8303,20.3102],[80.8294,20.3076],[80.827,20.3053],[80.8251,20.3005],[80.8214,20.2967],[80.8158,20.2957],[80.8107,20.2963],[80.8071,20.2929],[80.806,20.292],[80.8034,20.2904],[80.7961,20.2863],[80.7904,20.2827],[80.7843,20.2827],[80.7803,20.2856],[80.7806,20.291],[80.7771,20.2938],[80.7749,20.2942],[80.7688,20.2933],[80.76,20.2889],[80.7589,20.2918],[80.7539,20.2925],[80.7497,20.2912],[80.7479,20.288],[80.7479,20.285],[80.7459,20.2793],[80.7465,20.2753],[80.7402,20.2733],[80.7325,20.2685],[80.7292,20.2689],[80.7271,20.2668],[80.7284,20.2552],[80.729,20.2527],[80.732,20.2469],[80.7349,20.2446],[80.7363,20.2395],[80.7337,20.2291],[80.7336,20.2256],[80.7282,20.2166],[80.7285,20.2116],[80.7264,20.205],[80.7237,20.2006],[80.7185,20.1939],[80.7158,20.191],[80.7125,20.1895],[80.7085,20.1896],[80.7044,20.1912],[80.6928,20.1908],[80.6881,20.1912],[80.6869,20.1862],[80.6846,20.1826],[80.6859,20.1776],[80.6839,20.172],[80.6832,20.1666],[80.6852,20.1607],[80.6845,20.1565],[80.6869,20.1537],[80.6877,20.1512],[80.6883,20.1446],[80.6876,20.1391],[80.6907,20.1316],[80.6942,20.1248],[80.6973,20.1212],[80.698,20.1139],[80.704,20.1113],[80.7068,20.1107],[80.7144,20.1109],[80.7205,20.1125],[80.7283,20.1121],[80.7348,20.1106],[80.747,20.1102],[80.7547,20.1087],[80.7632,20.1063],[80.7655,20.1094],[80.7673,20.1153],[80.7675,20.1198],[80.7665,20.1292],[80.7645,20.1389],[80.7661,20.1467],[80.7715,20.1494],[80.7742,20.1522],[80.7755,20.1563],[80.7791,20.1616],[80.7842,20.1648],[80.7929,20.1635],[80.7963,20.1612],[80.8011,20.1591],[80.8052,20.1583],[80.8081,20.1592],[80.8089,20.1555],[80.8131,20.1546],[80.8152,20.1521],[80.8199,20.1508],[80.8212,20.1401],[80.8241,20.1376],[80.8273,20.1363],[80.8301,20.1333],[80.8357,20.1301],[80.8431,20.1293],[80.8503,20.1259],[80.8534,20.1233],[80.8545,20.1188],[80.8535,20.1144],[80.8554,20.1125],[80.8542,20.1098],[80.8549,20.1076],[80.8605,20.1018],[80.8657,20.101],[80.8755,20.1021],[80.8789,20.1032],[80.8832,20.1067],[80.8864,20.1036],[80.89,20.1021],[80.893,20.1051],[80.8958,20.1025],[80.9018,20.0992],[80.9084,20.0966],[80.9181,20.0946],[80.9287,20.0947],[80.9334,20.0976],[80.9484,20.1039],[80.9541,20.1012],[80.9561,20.101],[80.9652,20.1021],[80.9657,20.1033],[80.9715,20.1032]]]},"properties":{"id":"in:subdistrict:3350","level":"subdistrict","name":"Durgkondal","code":3350,"parent":"in:district:381","state":"in:state:22"}},{"type":"Feature","geometry":{"type":"Polygon","coordinates":[[[80.6881,20.1912],[80.6928,20.1908],[80.7044,20.1912],[80.7085,20.1896],[80.7125,20.1895],[80.7158,20.191],[80.7185,20.1939],[80.7237,20.2006],[80.7264,20.205],[80.7285,20.2116],[80.7282,20.2166],[80.7336,20.2256],[80.7337,20.2291],[80.7363,20.2395],[80.7349,20.2446],[80.732,20.2469],[80.729,20.2527],[80.7284,20.2552],[80.7271,20.2668],[80.7292,20.2689],[80.7325,20.2685],[80.7402,20.2733],[80.7465,20.2753],[80.7459,20.2793],[80.7479,20.285],[80.7479,20.288],[80.7497,20.2912],[80.7539,20.2925],[80.7589,20.2918],[80.76,20.2889],[80.7688,20.2933],[80.7749,20.2942],[80.7771,20.2938],[80.7806,20.291],[80.7803,20.2856],[80.7843,20.2827],[80.7904,20.2827],[80.7961,20.2863],[80.8034,20.2904],[80.8014,20.2917],[80.7971,20.292],[80.7883,20.2865],[80.785,20.2881],[80.7877,20.2906],[80.7868,20.2922],[80.7814,20.2948],[80.7772,20.2992],[80.7762,20.3026],[80.7806,20.3069],[80.7744,20.312],[80.7767,20.3156],[80.7788,20.3164],[80.7802,20.3211],[80.7772,20.3217],[80.7728,20.3309],[80.7681,20.3291],[80.7634,20.3319],[80.7651,20.3351],[80.7612,20.3395],[80.7572,20.339],[80.7562,20.3417],[80.7614,20.3437],[80.7547,20.3444],[80.7512,20.3428],[80.7496,20.3442],[80.7452,20.343],[80.7436,20.3396],[80.7395,20.3405],[80.7399,20.3434],[80.7356,20.342],[80.738,20.3393],[80.7354,20.3369],[80.7342,20.3412],[80.732,20.3425],[80.7285,20.3418],[80.7225,20.3367],[80.7211,20.3336],[80.7167,20.3378],[80.7165,20.3406],[80.7199,20.3437],[80.725,20.3461],[80.7279,20.3448],[80.7334,20.3452],[80.7359,20.3508],[80.7369,20.3574],[80.7385,20.3603],[80.7431,20.3598],[80.742,20.3634],[80.7463,20.3657],[80.7468,20.3687],[80.7436,20.3686],[80.7429,20.3703],[80.7444,20.3731],[80.7484,20.3736],[80.7475,20.3759],[80.7388,20.3729],[80.7362,20.3734],[80.7325,20.3723],[80.7279,20.3689],[80.7274,20.3648],[80.7243,20.3598],[80.7211,20.3619],[80.7175,20.3677],[80.7198,20.3697],[80.7216,20.3692],[80.723,20.3723],[80.7162,20.3709],[80.7126,20.3707],[80.7116,20.3721],[80.7181,20.3747],[80.72,20.3774],[80.723,20.3787],[80.7202,20.3835],[80.7153,20.3823],[80.7091,20.3833],[80.7092,20.385],[80.7151,20.3832],[80.7173,20.3845],[80.7161,20.3881],[80.7094,20.3912],[80.7104,20.393],[80.7078,20.3981],[80.7052,20.4007],[80.7011,20.3999],[80.6975,20.4011],[80.6952,20.4056],[80.6947,20.409],[80.6871,20.4165],[80.6842,20.4164],[80.6866,20.4208],[80.6903,20.4203],[80.6925,20.4177],[80.6982,20.414],[80.6986,20.4094],[80.7016,20.4092],[80.7037,20.403],[80.7114,20.3979],[80.7127,20.3957],[80.7154,20.3948],[80.7179,20.39],[80.7189,20.3859],[80.7328,20.3748],[80.7383,20.3755],[80.7439,20.3799],[80.7453,20.382],[80.7506,20.3848],[80.7489,20.3893],[80.7498,20.3924],[80.7522,20.3954],[80.7508,20.4027],[80.7479,20.4038],[80.7436,20.3978],[80.7387,20.3966],[80.7388,20.3938],[80.7374,20.3885],[80.7347,20.387],[80.7339,20.3901],[80.7308,20.39],[80.728,20.3966],[80.7336,20.3987],[80.7398,20.4033],[80.7419,20.404],[80.7452,20.4076],[80.7447,20.4118],[80.7345,20.4157],[80.7297,20.4149],[80.7223,20.4158],[80.7201,20.4176],[80.7161,20.418],[80.7173,20.4202],[80.7201,20.42],[80.7197,20.423],[80.7214,20.43],[80.7237,20.4269],[80.7254,20.4307],[80.7261,20.4345],[80.7285,20.4399],[80.7303,20.4379],[80.7291,20.433],[80.7349,20.4258],[80.7373,20.425],[80.739,20.4276],[80.7414,20.4291],[80.7462,20.4288],[80.7437,20.426],[80.7434,20.4235],[80.7454,20.4208],[80.7519,20.422],[80.7509,20.4274],[80.7519,20.4288],[80.7523,20.4348],[80.7538,20.4355],[80.753,20.4398],[80.75,20.438],[80.7498,20.4357],[80.7464,20.4359],[80.7443,20.4341],[80.7422,20.4383],[80.7431,20.4417],[80.7403,20.4435],[80.7416,20.4475],[80.7459,20.4503],[80.7475,20.4501],[80.7481,20.4535],[80.7466,20.4555],[80.7419,20.4553],[80.7368,20.4571],[80.7289,20.4547],[80.7248,20.464],[80.7194,20.4656],[80.7202,20.4677],[80.7196,20.4716],[80.7161,20.4735],[80.711,20.4741],[80.7065,20.4755],[80.7044,20.4711],[80.6997,20.4668],[80.6933,20.4623],[80.6882,20.4599],[80.6877,20.4568],[80.6832,20.4534],[80.6832,20.4497],[80.6807,20.4446],[80.6754,20.444],[80.6737,20.4415],[80.6691,20.4423],[80.665,20.4422],[80.6613,20.4431],[80.6526,20.4421],[80.6483,20.4431],[80.6386,20.4444],[80.6315,20.447],[80.6182,20.4526],[80.613,20.4552],[80.6096,20.459],[80.6025,20.4512],[80.6022,20.4472],[80.606,20.4442],[80.608,20.4439],[80.6129,20.4387],[80.6138,20.436],[80.6105,20.4289],[80.6076,20.4237],[80.604,20.422],[80.6001,20.418],[80.5991,20.4114],[80.5947,20.3998],[80.5915,20.3931],[80.5929,20.3882],[80.598,20.383],[80.6038,20.3812],[80.6107,20.3751],[80.6095,20.3699],[80.6145,20.363],[80.616,20.3593],[80.6147,20.3571],[80.6154,20.3513],[80.6174,20.3506],[80.6191,20.3479],[80.6182,20.346],[80.6216,20.3396],[80.6258,20.3369],[80.6264,20.3326],[80.6247,20.3282],[80.6224,20.3254],[80.6185,20.3243],[80.6136,20.3216],[80.6105,20.3184],[80.6002,20.3173],[80.5939,20.3181],[80.5889,20.318],[80.5834,20.3168],[80.5803,20.3153],[80.5735,20.3131],[80.5704,20.3127],[80.5615,20.3091],[80.5571,20.3081],[80.5496,20.309],[80.546,20.306],[80.5462,20.2977],[80.5402,20.2894],[80.5373,20.2868],[80.5322,20.2809],[80.5261,20.277],[80.5215,20.2723],[80.5196,20.2694],[80.5189,20.2663],[80.5167,20.2662],[80.5105,20.2686],[80.5019,20.2726],[80.4985,20.2749],[80.4899,20.2783],[80.4791,20.2783],[80.4669,20.2761],[80.4472,20.2625],[80.4369,20.2612],[80.4221,20.2535],[80.4174,20.2491],[80.4143,20.2485],[80.409,20.2463],[80.3981,20.2443],[80.3953,20.245],[80.3948,20.2419],[80.3952,20.237],[80.3989,20.2317],[80.4017,20.224],[80.4056,20.218],[80.4094,20.2157],[80.4119,20.2128],[80.4155,20.2115],[80.4192,20.208],[80.4221,20.2068],[80.4212,20.1965],[80.4195,20.1956],[80.4131,20.1948],[80.4013,20.1902],[80.4,20.1886],[80.398,20.183],[80.3966,20.1739],[80.392,20.1704],[80.3885,20.1652],[80.3908,20.1622],[80.3953,20.1546],[80.3997,20.1507],[80.4018,20.1472],[80.4052,20.1452],[80.413,20.144],[80.419,20.1424],[80.4259,20.1399],[80.4296,20.1361],[80.4334,20.1353],[80.438,20.1368],[80.4411,20.1369],[80.4468,20.136],[80.4554,20.1379],[80.4547,20.1453],[80.4563,20.1487],[80.4601,20.1509],[80.4662,20.1504],[80.4702,20.1491],[80.4754,20.1464],[80.4844,20.144],[80.4881,20.1438],[80.4955,20.1455],[80.5056,20.1444],[80.5099,20.1413],[80.5112,20.1371],[80.5132,20.1355],[80.5159,20.1357],[80.5307,20.1317],[80.5356,20.1278],[80.5393,20.1237],[80.5428,20.1213],[80.5521,20.118],[80.5552,20.1194],[80.559,20.1248],[80.5605,20.1297],[80.5641,20.1351],[80.5665,20.1451],[80.5654,20.149],[80.5688,20.1545],[80.5689,20.1609],[80.5672,20.1646],[80.5672,20.1692],[80.5684,20.1749],[80.566,20.1785],[80.5654,20.1827],[80.5673,20.1891],[80.5738,20.1857],[80.5766,20.1805],[80.5798,20.1798],[80.5843,20.1775],[80.5885,20.1793],[80.5908,20.1812],[80.5959,20.182],[80.6026,20.1855],[80.609,20.1871],[80.6113,20.1839],[80.6152,20.1854],[80.6157,20.1882],[80.62,20.1894],[80.6222,20.1887],[80.6261,20.191],[80.6266,20.1938],[80.6285,20.1958],[80.6372,20.2007],[80.6424,20.2053],[80.6457,20.2113],[80.6443,20.2191],[80.6487,20.2205],[80.6516,20.2228],[80.6541,20.2264],[80.6662,20.2224],[80.6719,20.2139],[80.6774,20.2076],[80.6782,20.2037],[80.6833,20.1976],[80.6869,20.1954],[80.6881,20.1912]]]},"properties":{"id":"in:subdistrict:7278","level":"subdistrict","name":"Aundhi","code":7278,"parent":"in:district:761","state":"in:state:22"}},{"type":"Feature","geometry":{"type":"Polygon","coordinates":[[[82.4974,23.7849],[82.4989,23.7766],[82.4976,23.7696],[82.4979,23.7659],[82.4992,23.7634],[82.5034,23.7597],[82.5088,23.7609],[82.5148,23.7562],[82.5224,23.7585],[82.5251,23.7575],[82.5308,23.7587],[82.5318,23.7601],[82.539,23.7607],[82.5405,23.7579],[82.5459,23.7566],[82.5464,23.7543],[82.549,23.7537],[82.5502,23.7498],[82.5518,23.7478],[82.5511,23.7432],[82.5539,23.7369],[82.5616,23.7339],[82.5662,23.7337],[82.5651,23.7277],[82.5659,23.7256],[82.5707,23.7215],[82.5718,23.7195],[82.5746,23.7202],[82.5775,23.7176],[82.5776,23.7146],[82.5795,23.7127],[82.5807,23.708],[82.5851,23.7058],[82.5861,23.7003],[82.5871,23.6989],[82.5935,23.6951],[82.5958,23.6924],[82.596,23.6889],[82.5983,23.6845],[82.5982,23.6813],[82.6017,23.6741],[82.6012,23.6643],[82.6032,23.6617],[82.6012,23.6604],[82.5968,23.6545],[82.5923,23.6494],[82.5936,23.6468],[82.5894,23.6424],[82.5853,23.6423],[82.5806,23.6396],[82.5781,23.6322],[82.5782,23.6308],[82.5744,23.6264],[82.5752,23.618],[82.5796,23.6136],[82.5766,23.6077],[82.5785,23.6039],[82.5773,23.5972],[82.5771,23.5926],[82.5779,23.5901],[82.5761,23.5861],[82.5781,23.5804],[82.5817,23.579],[82.5819,23.5765],[82.5783,23.5741],[82.5784,23.5705],[82.5826,23.5634],[82.5832,23.5574],[82.5852,23.5528],[82.5802,23.5466],[82.5828,23.5401],[82.5923,23.5306],[82.5968,23.5279],[82.6031,23.5255],[82.6051,23.5202],[82.6086,23.5185],[82.614,23.5128],[82.6215,23.5136],[82.6287,23.5096],[82.6307,23.506],[82.6383,23.5015],[82.6418,23.5006],[82.6443,23.4886],[82.6429,23.4867],[82.6435,23.4839],[82.6467,23.4817],[82.6477,23.4794],[82.6503,23.4783],[82.6495,23.4758],[82.647,23.4737],[82.6521,23.4692],[82.6504,23.4671],[82.6508,23.4646],[82.6532,23.4615],[82.6539,23.4577],[82.6525,23.4547],[82.6547,23.4455],[82.6542,23.441],[82.6531,23.4387],[82.6537,23.43],[82.6565,23.419],[82.6526,23.4096],[82.6508,23.4042],[82.6507,23.3986],[82.6493,23.3918],[82.6501,23.385],[82.654,23.3824],[82.6644,23.382],[82.6674,23.3757],[82.6711,23.375],[82.6747,23.3707],[82.6786,23.3707],[82.6917,23.3694],[82.6967,23.3697],[82.7042,23.3659],[82.7062,23.3655],[82.7105,23.3626],[82.7149,23.3607],[82.7182,23.3611],[82.7228,23.3648],[82.7273,23.3649],[82.7332,23.3617],[82.7386,23.3608],[82.7434,23.3585],[82.7493,23.3531],[82.7521,23.3595],[82.7554,23.3611],[82.755,23.363],[82.7501,23.3649],[82.7522,23.3676],[82.7553,23.3688],[82.7589,23.3717],[82.7649,23.3736],[82.7666,23.3758],[82.7673,23.3808],[82.7704,23.3825],[82.7729,23.3855],[82.7672,23.3879],[82.765,23.3852],[82.762,23.3852],[82.7575,23.4005],[82.7563,23.4055],[82.7488,23.4123],[82.7444,23.4129],[82.7448,23.4179],[82.7483,23.4282],[82.7523,23.4313],[82.7513,23.4357],[82.7491,23.4393],[82.738,23.451],[82.7404,23.4505],[82.7471,23.4591],[82.7512,23.4604],[82.7509,23.4631],[82.7608,23.4646],[82.7657,23.4663],[82.7736,23.4655],[82.7778,23.4631],[82.7796,23.4629],[82.7838,23.4649],[82.7851,23.4637],[82.7899,23.4648],[82.7925,23.4674],[82.7933,23.4701],[82.7975,23.4724],[82.8032,23.4727],[82.8081,23.4711],[82.8126,23.4708],[82.8164,23.4722],[82.8197,23.4649],[82.8244,23.461],[82.8298,23.4538],[82.8286,23.4498],[82.8254,23.4437],[82.8257,23.439],[82.8272,23.437],[82.8348,23.4305],[82.84,23.4285],[82.8468,23.4225],[82.8474,23.4151],[82.8486,23.4117],[82.8521,23.4141],[82.8637,23.4153],[82.877,23.4233],[82.8781,23.4168],[82.878,23.4137],[82.8764,23.4084],[82.8792,23.4069],[82.8819,23.4074],[82.8855,23.4108],[82.8876,23.4107],[82.8915,23.4175],[82.8953,23.4191],[82.8988,23.4185],[82.9009,23.4207],[82.9043,23.4211],[82.9074,23.4236],[82.9162,23.4229],[82.9144,23.4146],[82.9086,23.4101],[82.9059,23.4055],[82.8989,23.4017],[82.8989,23.3964],[82.9075,23.3936],[82.9125,23.3875],[82.9166,23.3896],[82.9198,23.3938],[82.9245,23.3958],[82.931,23.3957],[82.9382,23.3931],[82.94,23.3958],[82.9456,23.4014],[82.9503,23.4025],[82.9505,23.3996],[82.9529,23.396],[82.9592,23.3936],[82.9646,23.3965],[82.9663,23.4005],[82.9732,23.406],[82.9785,23.4038],[82.9928,23.4126],[82.9916,23.4156],[82.9918,23.4237],[82.9998,23.4315],[83.0038,23.4397],[83.0064,23.4501],[83.01,23.4551],[83.0223,23.4595],[83.0337,23.4628],[83.0356,23.4645],[83.0345,23.4707],[83.0332,23.4728],[83.029,23.4755],[83.0246,23.4759],[83.0163,23.475],[83.0116,23.4766],[83.0167,23.4826],[83.0207,23.4903],[83.0238,23.5005],[83.0164,23.5143],[83.0171,23.5232],[83.0156,23.5257],[83.0094,23.5322],[83.0062,23.5395],[83.0041,23.5432],[83.0004,23.5478],[82.9981,23.5493],[83.0009,23.5539],[83.0087,23.5569],[83.0117,23.5594],[83.014,23.5595],[83.0192,23.5577],[83.0241,23.5574],[83.0338,23.5587],[83.0386,23.5566],[83.0458,23.5585],[83.0488,23.5628],[83.053,23.5653],[83.0558,23.5646],[83.0553,23.5698],[83.0528,23.5769],[83.0506,23.5809],[83.0514,23.5844],[83.0532,23.5865],[83.0524,23.5907],[83.0474,23.5936],[83.036,23.5938],[83.0299,23.6014],[83.0312,23.6046],[83.0267,23.607],[83.0264,23.615],[83.0253,23.6189],[83.0219,23.6265],[83.0212,23.6323],[83.0169,23.636],[83.0125,23.6432],[83.0061,23.6441],[83.0011,23.6418],[82.997,23.6406],[82.9945,23.6414],[82.989,23.6393],[82.9838,23.6419],[82.9797,23.6426],[82.9771,23.6442],[82.9745,23.6481],[82.9732,23.6487],[82.9739,23.6526],[82.9712,23.6602],[82.9644,23.6559],[82.9634,23.653],[82.9578,23.6519],[82.9532,23.6503],[82.9456,23.6507],[82.9406,23.6536],[82.9325,23.6559],[82.9187,23.6556],[82.9166,23.6572],[82.914,23.6608],[82.908,23.6628],[82.9029,23.6663],[82.906,23.6729],[82.9,23.6754],[82.8835,23.6738],[82.8802,23.6791],[82.876,23.6837],[82.873,23.6819],[82.8669,23.6828],[82.8633,23.6843],[82.8616,23.6835],[82.8552,23.6881],[82.8486,23.6881],[82.8434,23.6888],[82.8384,23.6909],[82.835,23.6931],[82.8328,23.6956],[82.8276,23.6993],[82.8283,23.7057],[82.8243,23.7107],[82.8187,23.7102],[82.8138,23.7087],[82.8112,23.7099],[82.8056,23.7143],[82.8057,23.7201],[82.8049,23.7238],[82.8064,23.726],[82.8093,23.7276],[82.8122,23.7247],[82.8173,23.7264],[82.8203,23.7254],[82.8222,23.7262],[82.8273,23.7259],[82.8281,23.7231],[82.8329,23.7207],[82.842,23.7194],[82.845,23.7182],[82.8474,23.7214],[82.8457,23.7248],[82.8486,23.7286],[82.8522,23.7313],[82.8534,23.7333],[82.8591,23.7364],[82.8594,23.7391],[82.864,23.7421],[82.868,23.7414],[82.8704,23.7423],[82.8727,23.7492],[82.8682,23.7546],[82.8592,23.7624],[82.852,23.7683],[82.8482,23.7671],[82.8433,23.7682],[82.842,23.7724],[82.8449,23.7745],[82.8457,23.7787],[82.8438,23.7799],[82.8364,23.7802],[82.835,23.7831],[82.8365,23.7886],[82.8354,23.7906],[82.8312,23.7901],[82.8296,23.7912],[82.8337,23.797],[82.8338,23.7982],[82.829,23.801],[82.8255,23.8079],[82.8235,23.8097],[82.8206,23.809],[82.8171,23.8098],[82.8162,23.8115],[82.8172,23.8159],[82.8122,23.8162],[82.8092,23.8171],[82.8012,23.8179],[82.7994,23.8135],[82.7941,23.815],[82.7849,23.8151],[82.7818,23.8178],[82.7808,23.8206],[82.7808,23.8242],[82.7828,23.832],[82.7826,23.8413],[82.7783,23.8566],[82.7734,23.867],[82.7731,23.8714],[82.7705,23.8775],[82.7607,23.8788],[82.7522,23.8792],[82.7431,23.8812],[82.7412,23.8831],[82.7397,23.8871],[82.7371,23.8906],[82.7333,23.8921],[82.725,23.8917],[82.7169,23.8921],[82.7061,23.8907],[82.7015,23.8935],[82.7,23.897],[82.6941,23.9024],[82.6927,23.9054],[82.6945,23.9092],[82.6948,23.9145],[82.6931,23.9189],[82.692,23.9147],[82.6882,23.9096],[82.6832,23.9092],[82.6804,23.9072],[82.6769,23.9093],[82.6732,23.9061],[82.6701,23.906],[82.6684,23.9072],[82.6616,23.9076],[82.6576,23.9025],[82.6511,23.8895],[82.6512,23.8868],[82.6614,23.8781],[82.6637,23.8772],[82.6654,23.8739],[82.6684,23.8718],[82.6636,23.8626],[82.66,23.862],[82.6616,23.8572],[82.6597,23.8547],[82.656,23.8546],[82.6516,23.8555],[82.653,23.8586],[82.6493,23.8602],[82.6467,23.859],[82.6473,23.8562],[82.6464,23.8502],[82.6471,23.8487],[82.6422,23.8469],[82.6381,23.848],[82.6367,23.8448],[82.6392,23.8417],[82.6353,23.8377],[82.6305,23.8388],[82.6186,23.836],[82.6152,23.8357],[82.6044,23.8322],[82.6019,23.83],[82.6,23.8265],[82.5908,23.8221],[82.5836,23.8207],[82.5818,23.823],[82.5792,23.8224],[82.5778,23.8242],[82.5732,23.8241],[82.5694,23.8203],[82.5648,23.8207],[82.5614,23.8232],[82.5543,23.8262],[82.5467,23.8262],[82.5477,23.8228],[82.5393,23.8231],[82.5331,23.8221],[82.5348,23.8206],[82.5383,23.8202],[82.5388,23.8164],[82.5484,23.8085],[82.5498,23.8039],[82.5507,23.7934],[82.5515,23.7906],[82.547,23.7917],[82.5418,23.7915],[82.5381,23.7943],[82.5355,23.7908],[82.531,23.789],[82.5253,23.7841],[82.5234,23.7837],[82.5153,23.7845],[82.511,23.786],[82.5063,23.7848],[82.5007,23.7856],[82.4974,23.7849]]]},"properties":{"id":"in:subdistrict:3243","level":"subdistrict","name":"Oudgi","code":3243,"parent":"in:district:648","state":"in:state:22"}},{"type":"Feature","geometry":{"type":"Polygon","coordinates":[[[82.3048,23.8074],[82.3099,23.8079],[82.3132,23.806],[82.3147,23.8037],[82.3145,23.7944],[82.3159,23.7861],[82.3123,23.7831],[82.3132,23.781],[82.3167,23.7795],[82.322,23.7784],[82.3233,23.7745],[82.3222,23.769],[82.3197,23.7658],[82.3202,23.7616],[82.3196,23.7542],[82.3203,23.7502],[82.3196,23.7485],[82.3157,23.7467],[82.3111,23.747],[82.3098,23.746],[82.3108,23.7412],[82.3093,23.7359],[82.3067,23.7343],[82.308,23.7292],[82.3048,23.7239],[82.3054,23.7211],[82.3094,23.7176],[82.3106,23.7214],[82.3131,23.7221],[82.3204,23.7216],[82.3222,23.7202],[82.3229,23.717],[82.3218,23.7148],[82.3189,23.713],[82.313,23.7123],[82.3123,23.7091],[82.3195,23.7043],[82.3241,23.7034],[82.3282,23.7047],[82.3306,23.7036],[82.3328,23.6992],[82.3333,23.696],[82.3368,23.694],[82.3379,23.6906],[82.3354,23.6902],[82.3314,23.6917],[82.3285,23.6899],[82.3287,23.6875],[82.3258,23.6787],[82.3279,23.6737],[82.3323,23.6697],[82.3372,23.6664],[82.3402,23.6617],[82.3447,23.6598],[82.3448,23.6574],[82.3385,23.6501],[82.3326,23.646],[82.3362,23.642],[82.3372,23.6392],[82.3359,23.6342],[82.332,23.6308],[82.3264,23.6289],[82.3237,23.6268],[82.3198,23.6265],[82.3194,23.6308],[82.315,23.6296],[82.3092,23.6299],[82.3058,23.631],[82.2998,23.6297],[82.3005,23.6264],[82.297,23.6244],[82.2956,23.6212],[82.2962,23.6182],[82.2934,23.6167],[82.2926,23.6124],[82.2904,23.6123],[82.2892,23.6157],[82.286,23.6129],[82.2838,23.6121],[82.2799,23.6129],[82.2786,23.6098],[82.2817,23.6065],[82.2796,23.6024],[82.2729,23.6012],[82.2707,23.5972],[82.2677,23.5959],[82.2653,23.598],[82.2633,23.5948],[82.2598,23.594],[82.2565,23.5911],[82.2601,23.5875],[82.2581,23.5856],[82.2574,23.5792],[82.255,23.5795],[82.2533,23.5769],[82.2485,23.5755],[82.2498,23.5737],[82.2552,23.5702],[82.2661,23.5657],[82.2714,23.5644],[82.2861,23.558],[82.2947,23.5552],[82.3125,23.5423],[82.3135,23.54],[82.3137,23.5342],[82.3125,23.5277],[82.3147,23.524],[82.3087,23.5151],[82.3052,23.5088],[82.3016,23.5092],[82.2969,23.5056],[82.289,23.5005],[82.2839,23.4958],[82.2838,23.4899],[82.2857,23.4892],[82.2897,23.4898],[82.2949,23.4876],[82.3022,23.4867],[82.3032,23.484],[82.3073,23.486],[82.3109,23.483],[82.3051,23.479],[82.3076,23.4751],[82.3129,23.4761],[82.3159,23.4638],[82.3159,23.4601],[82.3198,23.4552],[82.322,23.4546],[82.3257,23.4566],[82.3243,23.4589],[82.3278,23.4598],[82.3299,23.4579],[82.334,23.4597],[82.3353,23.4617],[82.3392,23.4601],[82.3413,23.4568],[82.3431,23.4595],[82.3476,23.4572],[82.3476,23.4544],[82.3491,23.4481],[82.3467,23.4468],[82.3469,23.4413],[82.3436,23.4393],[82.3436,23.4335],[82.3453,23.4295],[82.3494,23.4261],[82.3588,23.4257],[82.3591,23.4233],[82.3577,23.4197],[82.3535,23.4143],[82.3478,23.4083],[82.3475,23.4032],[82.3428,23.401],[82.3389,23.3958],[82.3339,23.3908],[82.3304,23.3903],[82.3363,23.3868],[82.3391,23.3865],[82.3399,23.3844],[82.349,23.3823],[82.3502,23.3799],[82.3536,23.3802],[82.3585,23.3791],[82.3632,23.3755],[82.3606,23.3724],[82.3638,23.3655],[82.3615,23.3554],[82.3621,23.3509],[82.3669,23.3494],[82.3668,23.3466],[82.3647,23.3434],[82.3691,23.341],[82.3749,23.3399],[82.3738,23.3334],[82.3743,23.3303],[82.3772,23.3242],[82.372,23.3095],[82.3711,23.3078],[82.378,23.3085],[82.3801,23.3085],[82.3899,23.3104],[82.3902,23.3065],[82.3935,23.3058],[82.3981,23.3061],[82.398,23.3092],[82.3963,23.3116],[82.396,23.3154],[82.3946,23.3174],[82.3934,23.3233],[82.3955,23.325],[82.4008,23.3238],[82.4065,23.3196],[82.4098,23.3193],[82.4122,23.3162],[82.4223,23.316],[82.4238,23.314],[82.423,23.3104],[82.4274,23.3123],[82.4332,23.3123],[82.4428,23.3136],[82.4473,23.3178],[82.4551,23.3183],[82.4545,23.3289],[82.4565,23.3317],[82.4561,23.3368],[82.4606,23.3456],[82.4654,23.3461],[82.47,23.3451],[82.4726,23.3433],[82.4783,23.3468],[82.4849,23.3487],[82.4936,23.3524],[82.4989,23.3578],[82.4999,23.3603],[82.5108,23.3643],[82.5144,23.3651],[82.514,23.3585],[82.5161,23.3603],[82.52,23.3596],[82.5205,23.3572],[82.524,23.3566],[82.5259,23.3513],[82.5302,23.3525],[82.5327,23.3494],[82.5387,23.3485],[82.5456,23.3549],[82.5516,23.3556],[82.556,23.3545],[82.5601,23.3546],[82.5684,23.3567],[82.5687,23.3585],[82.5737,23.3598],[82.5756,23.3614],[82.5849,23.3598],[82.5915,23.362],[82.5949,23.3611],[82.6036,23.3674],[82.6039,23.3721],[82.6052,23.3806],[82.6069,23.3848],[82.6118,23.3898],[82.6147,23.3918],[82.62,23.3939],[82.6237,23.3984],[82.6256,23.4028],[82.6285,23.4033],[82.6326,23.4059],[82.639,23.4038],[82.6508,23.4042],[82.6526,23.4096],[82.6565,23.419],[82.6537,23.43],[82.6531,23.4387],[82.6542,23.441],[82.6547,23.4455],[82.6525,23.4547],[82.6539,23.4577],[82.6532,23.4615],[82.6508,23.4646],[82.6504,23.4671],[82.6521,23.4692],[82.647,23.4737],[82.6495,23.4758],[82.6503,23.4783],[82.6477,23.4794],[82.6467,23.4817],[82.6435,23.4839],[82.6429,23.4867],[82.6443,23.4886],[82.6418,23.5006],[82.6383,23.5015],[82.6307,23.506],[82.6287,23.5096],[82.6215,23.5136],[82.614,23.5128],[82.6086,23.5185],[82.6051,23.5202],[82.6031,23.5255],[82.5968,23.5279],[82.5923,23.5306],[82.5828,23.5401],[82.5802,23.5466],[82.5852,23.5528],[82.5832,23.5574],[82.5826,23.5634],[82.5784,23.5705],[82.5783,23.5741],[82.5819,23.5765],[82.5817,23.579],[82.5781,23.5804],[82.5761,23.5861],[82.5779,23.5901],[82.5771,23.5926],[82.5773,23.5972],[82.5785,23.6039],[82.5766,23.6077],[82.5796,23.6136],[82.5752,23.618],[82.5744,23.6264],[82.5782,23.6308],[82.5781,23.6322],[82.5806,23.6396],[82.5853,23.6423],[82.5894,23.6424],[82.5936,23.6468],[82.5923,23.6494],[82.5968,23.6545],[82.6012,23.6604],[82.6032,23.6617],[82.6012,23.6643],[82.6017,23.6741],[82.5982,23.6813],[82.5983,23.6845],[82.596,23.6889],[82.5958,23.6924],[82.5935,23.6951],[82.5871,23.6989],[82.5861,23.7003],[82.5851,23.7058],[82.5807,23.708],[82.5795,23.7127],[82.5776,23.7146],[82.5775,23.7176],[82.5746,23.7202],[82.5718,23.7195],[82.5707,23.7215],[82.5659,23.7256],[82.5651,23.7277],[82.5662,23.7337],[82.5616,23.7339],[82.5539,23.7369],[82.5511,23.7432],[82.5518,23.7478],[82.5502,23.7498],[82.549,23.7537],[82.5464,23.7543],[82.5459,23.7566],[82.5405,23.7579],[82.539,23.7607],[82.5318,23.7601],[82.5308,23.7587],[82.5251,23.7575],[82.5224,23.7585],[82.5148,23.7562],[82.5088,23.7609],[82.5034,23.7597],[82.4992,23.7634],[82.4979,23.7659],[82.4976,23.7696],[82.4989,23.7766],[82.4974,23.7849],[82.4892,23.7897],[82.488,23.7934],[82.4846,23.7972],[82.4842,23.8003],[82.4827,23.802],[82.4791,23.803],[82.4793,23.8055],[82.4736,23.8077],[82.4708,23.8106],[82.465,23.8105],[82.4569,23.8119],[82.4538,23.8115],[82.4502,23.8092],[82.4493,23.8066],[82.4469,23.8045],[82.4407,23.8028],[82.4348,23.8049],[82.4295,23.8048],[82.4162,23.804],[82.4061,23.8018],[82.4042,23.802],[82.3986,23.8003],[82.3935,23.7999],[82.3929,23.8032],[82.3906,23.8052],[82.3806,23.8098],[82.377,23.811],[82.3688,23.809],[82.364,23.8099],[82.3635,23.808],[82.3604,23.8073],[82.3573,23.8052],[82.3527,23.8035],[82.3469,23.805],[82.3424,23.8074],[82.3386,23.8084],[82.3368,23.8039],[82.3352,23.8028],[82.3309,23.8062],[82.3275,23.8077],[82.3187,23.8106],[82.3175,23.8118],[82.3115,23.8102],[82.3058,23.8117],[82.3048,23.8074]]]},"properties":{"id":"in:subdistrict:3233","level":"subdistrict","name":"Sonhat","code":3233,"parent":"in:district:384","state":"in:state:22"}},{"type":"Feature","geometry":{"type":"Polygon","coordinates":[[[82.828,23.2763],[82.8137,23.2794],[82.8115,23.2778],[82.8071,23.278],[82.8049,23.2761],[82.8015,23.2754],[82.7981,23.2765],[82.7984,23.2729],[82.7973,23.272],[82.7935,23.2732],[82.7867,23.2686],[82.783,23.2675],[82.7775,23.2678],[82.777,23.2707],[82.774,23.2689],[82.7749,23.2623],[82.7721,23.2583],[82.7646,23.2547],[82.7632,23.257],[82.7549,23.2566],[82.7514,23.2539],[82.7488,23.254],[82.7446,23.2513],[82.7406,23.2527],[82.7364,23.2505],[82.729,23.2495],[82.7265,23.2463],[82.721,23.2454],[82.7144,23.246],[82.7097,23.2438],[82.7061,23.2445],[82.6963,23.2442],[82.6912,23.2353],[82.6887,23.2268],[82.6844,23.2225],[82.6813,23.2176],[82.6775,23.2158],[82.6735,23.2154],[82.6659,23.2078],[82.6641,23.2065],[82.6625,23.199],[82.6604,23.1945],[82.6552,23.1759],[82.6543,23.1749],[82.6491,23.157],[82.6434,23.1556],[82.6434,23.1499],[82.6413,23.1497],[82.6403,23.1462],[82.6378,23.1453],[82.6377,23.1427],[82.6357,23.1409],[82.6278,23.1427],[82.6214,23.1423],[82.618,23.1442],[82.615,23.1438],[82.6094,23.1447],[82.6077,23.1434],[82.6028,23.1395],[82.593,23.1326],[82.5862,23.1313],[82.5827,23.1315],[82.5768,23.1277],[82.5781,23.1191],[82.5804,23.1167],[82.5811,23.1117],[82.5829,23.1096],[82.5832,23.1054],[82.5867,23.0987],[82.584,23.0899],[82.5847,23.0874],[82.5837,23.0838],[82.5746,23.0847],[82.5698,23.0786],[82.5692,23.0746],[82.5705,23.073],[82.581,23.0657],[82.5865,23.0622],[82.5846,23.059],[82.5805,23.0589],[82.5786,23.0562],[82.5777,23.0513],[82.5848,23.0502],[82.5872,23.0479],[82.588,23.0433],[82.5893,23.0408],[82.5905,23.0394],[82.5917,23.0408],[82.594,23.044],[82.5979,23.0448],[82.6016,23.0464],[82.6047,23.0446],[82.6128,23.0459],[82.618,23.0525],[82.6192,23.056],[82.622,23.0574],[82.6262,23.0567],[82.6272,23.064],[82.631,23.0656],[82.6338,23.0643],[82.644,23.0546],[82.6438,23.0523],[82.6459,23.0465],[82.6475,23.0467],[82.6475,23.0504],[82.6487,23.0518],[82.6543,23.0524],[82.6594,23.0515],[82.6652,23.058],[82.6708,23.0564],[82.6744,23.0561],[82.6786,23.0581],[82.6841,23.0557],[82.6876,23.0565],[82.6936,23.0565],[82.6941,23.0518],[82.6986,23.0472],[82.6983,23.0421],[82.7014,23.0411],[82.7055,23.0417],[82.7142,23.0379],[82.716,23.0357],[82.7218,23.0344],[82.7256,23.0352],[82.7292,23.0369],[82.7305,23.0413],[82.732,23.0438],[82.7356,23.0458],[82.743,23.0413],[82.7444,23.0395],[82.7521,23.0359],[82.754,23.0358],[82.7584,23.0403],[82.7623,23.0416],[82.7662,23.0537],[82.7749,23.0538],[82.7784,23.0579],[82.7777,23.0594],[82.7788,23.0638],[82.7833,23.0682],[82.7861,23.0695],[82.7854,23.0736],[82.7901,23.0698],[82.7943,23.0689],[82.8012,23.0703],[82.8044,23.068],[82.8074,23.0674],[82.8118,23.0691],[82.8175,23.0694],[82.8208,23.0717],[82.8269,23.0791],[82.8232,23.0805],[82.8255,23.0841],[82.8293,23.0879],[82.8339,23.0892],[82.8372,23.0916],[82.8378,23.0947],[82.8354,23.0957],[82.8376,23.1011],[82.8301,23.1002],[82.8296,23.0971],[82.8251,23.0983],[82.8231,23.097],[82.8207,23.0996],[82.8217,23.1012],[82.8247,23.1013],[82.8265,23.1029],[82.822,23.1071],[82.8235,23.1085],[82.8307,23.1064],[82.8312,23.1102],[82.829,23.1121],[82.8213,23.1105],[82.8201,23.1082],[82.8132,23.1105],[82.8134,23.1133],[82.8155,23.1135],[82.8169,23.116],[82.8204,23.1175],[82.8243,23.1172],[82.8261,23.1196],[82.8293,23.118],[82.8344,23.1198],[82.8384,23.1258],[82.8385,23.1297],[82.8396,23.1356],[82.8395,23.1382],[82.8446,23.138],[82.8469,23.1404],[82.8463,23.1419],[82.8485,23.147],[82.847,23.1478],[82.8488,23.1511],[82.8525,23.1543],[82.8507,23.1592],[82.8512,23.1624],[82.8461,23.1649],[82.8435,23.162],[82.8394,23.1612],[82.8361,23.1689],[82.8387,23.1759],[82.8406,23.1789],[82.8373,23.1801],[82.8354,23.1825],[82.8363,23.1857],[82.838,23.1874],[82.8426,23.186],[82.8476,23.1875],[82.8502,23.195],[82.8497,23.1991],[82.8509,23.2024],[82.847,23.2051],[82.8402,23.2078],[82.8384,23.2103],[82.8323,23.2124],[82.8323,23.2156],[82.8303,23.2184],[82.8272,23.2208],[82.8233,23.2186],[82.8239,23.2159],[82.8229,23.2136],[82.8208,23.2135],[82.817,23.2116],[82.8077,23.2115],[82.8044,23.2127],[82.8046,23.215],[82.802,23.2203],[82.7974,23.2213],[82.7988,23.2238],[82.8135,23.2234],[82.8159,23.2226],[82.8207,23.2231],[82.8275,23.2252],[82.8331,23.2298],[82.8301,23.2329],[82.83,23.238],[82.8324,23.245],[82.8309,23.247],[82.8307,23.2506],[82.8336,23.254],[82.8313,23.2601],[82.8313,23.2626],[82.828,23.2763]]]},"properties":{"id":"in:subdistrict:3245","level":"subdistrict","name":"Ramanujnagar","code":3245,"parent":"in:district:648","state":"in:state:22"}},{"type":"Feature","geometry":{"type":"Polygon","coordinates":[[[82.5893,23.0408],[82.5901,23.0398],[82.5919,23.0384],[82.593,23.0376],[82.5938,23.0375],[82.5958,23.0349],[82.5943,23.0263],[82.5949,23.0227],[82.5978,23.0223],[82.6001,23.0246],[82.6042,23.0255],[82.606,23.0241],[82.6057,23.0196],[82.6007,23.0105],[82.598,23.0006],[82.5927,22.9976],[82.5897,22.9973],[82.5869,22.9984],[82.5822,22.9974],[82.5814,22.9954],[82.5819,22.9907],[82.5868,22.9818],[82.5857,22.9779],[82.581,22.974],[82.5748,22.9654],[82.5732,22.9611],[82.5688,22.9631],[82.5642,22.9625],[82.5592,22.9596],[82.5595,22.9557],[82.5721,22.9494],[82.5728,22.9487],[82.572,22.9418],[82.5758,22.938],[82.576,22.9366],[82.5726,22.9278],[82.5748,22.9219],[82.5726,22.9165],[82.5747,22.9123],[82.5799,22.9091],[82.5881,22.9083],[82.5909,22.9053],[82.5927,22.9006],[82.5928,22.8967],[82.5912,22.8944],[82.5866,22.8946],[82.5793,22.8978],[82.5748,22.898],[82.5737,22.8961],[82.5771,22.8906],[82.5764,22.8867],[82.5711,22.8774],[82.568,22.8671],[82.5635,22.8649],[82.5596,22.8661],[82.5578,22.8653],[82.5558,22.8601],[82.5567,22.8471],[82.5611,22.8435],[82.5677,22.8353],[82.571,22.8296],[82.5772,22.8316],[82.5803,22.8309],[82.5963,22.8327],[82.5984,22.8326],[82.6041,22.829],[82.6054,22.827],[82.6099,22.8275],[82.6133,22.8249],[82.6231,22.8212],[82.6274,22.821],[82.6345,22.8185],[82.6359,22.8175],[82.6389,22.8114],[82.6477,22.8104],[82.6514,22.809],[82.6607,22.8106],[82.6624,22.8131],[82.6669,22.8154],[82.6735,22.8166],[82.6806,22.8243],[82.6846,22.8257],[82.6947,22.8332],[82.7127,22.8338],[82.7282,22.8235],[82.7333,22.8159],[82.7377,22.8114],[82.7454,22.8077],[82.7505,22.8037],[82.753,22.7999],[82.7574,22.7955],[82.7584,22.7971],[82.7637,22.8026],[82.7646,22.8071],[82.7643,22.8104],[82.7598,22.8162],[82.7631,22.8202],[82.7622,22.8242],[82.7648,22.8325],[82.7558,22.8436],[82.7593,22.8469],[82.7642,22.8504],[82.7691,22.855],[82.7724,22.8633],[82.7698,22.8704],[82.767,22.8739],[82.7693,22.8748],[82.7741,22.8704],[82.7782,22.8683],[82.7803,22.8703],[82.7884,22.8703],[82.7924,22.8778],[82.7934,22.8829],[82.7954,22.8861],[82.7954,22.8917],[82.7932,22.8955],[82.7916,22.9014],[82.7889,22.9067],[82.7884,22.9099],[82.7913,22.9148],[82.7934,22.9229],[82.7937,22.9284],[82.7928,22.9327],[82.7957,22.9364],[82.7986,22.9421],[82.8064,22.9418],[82.8081,22.9438],[82.8141,22.9422],[82.822,22.9407],[82.824,22.9451],[82.8252,22.9526],[82.8274,22.957],[82.8335,22.964],[82.836,22.9653],[82.8414,22.9733],[82.8456,22.9778],[82.8505,22.9853],[82.8522,22.987],[82.8535,22.9919],[82.8534,22.9948],[82.8504,23.0017],[82.8463,23.0028],[82.8371,23.0031],[82.8348,23.0025],[82.8305,23.0079],[82.831,23.0153],[82.8404,23.0157],[82.851,23.0171],[82.8575,23.0199],[82.8605,23.0224],[82.8636,23.0219],[82.8667,23.0226],[82.8726,23.022],[82.8748,23.024],[82.8807,23.0265],[82.8827,23.0299],[82.8854,23.0273],[82.8912,23.0299],[82.8951,23.027],[82.8993,23.0258],[82.8992,23.0288],[82.9003,23.0336],[82.8982,23.0343],[82.8994,23.037],[82.9016,23.0382],[82.9079,23.0387],[82.921,23.0421],[82.9245,23.0473],[82.925,23.0522],[82.9246,23.0577],[82.9259,23.0773],[82.924,23.0796],[82.9199,23.0814],[82.9157,23.0813],[82.9123,23.0797],[82.9068,23.0791],[82.9047,23.0774],[82.9048,23.0745],[82.9026,23.0726],[82.9028,23.0702],[82.8948,23.0713],[82.8947,23.0683],[82.8913,23.068],[82.884,23.0702],[82.8798,23.0687],[82.8701,23.0706],[82.8614,23.0681],[82.8513,23.0663],[82.8466,23.0642],[82.8409,23.063],[82.8363,23.0659],[82.8365,23.0751],[82.8269,23.0791],[82.8208,23.0717],[82.8175,23.0694],[82.8118,23.0691],[82.8074,23.0674],[82.8044,23.068],[82.8012,23.0703],[82.7943,23.0689],[82.7901,23.0698],[82.7854,23.0736],[82.7861,23.0695],[82.7833,23.0682],[82.7788,23.0638],[82.7777,23.0594],[82.7784,23.0579],[82.7749,23.0538],[82.7662,23.0537],[82.7623,23.0416],[82.7584,23.0403],[82.754,23.0358],[82.7521,23.0359],[82.7444,23.0395],[82.743,23.0413],[82.7356,23.0458],[82.732,23.0438],[82.7305,23.0413],[82.7292,23.0369],[82.7256,23.0352],[82.7218,23.0344],[82.716,23.0357],[82.7142,23.0379],[82.7055,23.0417],[82.7014,23.0411],[82.6983,23.0421],[82.6986,23.0472],[82.6941,23.0518],[82.6936,23.0565],[82.6876,23.0565],[82.6841,23.0557],[82.6786,23.0581],[82.6744,23.0561],[82.6708,23.0564],[82.6652,23.058],[82.6594,23.0515],[82.6543,23.0524],[82.6487,23.0518],[82.6475,23.0504],[82.6475,23.0467],[82.6459,23.0465],[82.6438,23.0523],[82.644,23.0546],[82.6338,23.0643],[82.631,23.0656],[82.6272,23.064],[82.6262,23.0567],[82.622,23.0574],[82.6192,23.056],[82.618,23.0525],[82.6128,23.0459],[82.6047,23.0446],[82.6016,23.0464],[82.5979,23.0448],[82.594,23.044],[82.5917,23.0408],[82.5905,23.0394],[82.5893,23.0408]]]},"properties":{"id":"in:subdistrict:3246","level":"subdistrict","name":"Premnagar","code":3246,"parent":"in:district:648","state":"in:state:22"}},{"type":"Feature","geometry":{"type":"Polygon","coordinates":[[[82.6077,23.1434],[82.597,23.1447],[82.5875,23.1451],[82.5735,23.1438],[82.5604,23.1453],[82.5522,23.1458],[82.5479,23.1474],[82.532,23.1516],[82.52,23.1527],[82.5129,23.1515],[82.5027,23.1547],[82.4988,23.1577],[82.4969,23.1582],[82.4954,23.1628],[82.4919,23.1631],[82.4849,23.1692],[82.4842,23.1775],[82.4808,23.1813],[82.4769,23.1828],[82.4734,23.1824],[82.4684,23.1837],[82.4653,23.1854],[82.4646,23.1896],[82.4559,23.1931],[82.4489,23.1935],[82.4412,23.1971],[82.4356,23.1989],[82.428,23.2],[82.4255,23.208],[82.4204,23.2167],[82.4234,23.2191],[82.4237,23.2219],[82.4285,23.2253],[82.4246,23.2258],[82.4259,23.2293],[82.4307,23.2357],[82.4272,23.2415],[82.4199,23.2447],[82.4173,23.245],[82.4149,23.2486],[82.4119,23.2499],[82.4088,23.2494],[82.4066,23.2458],[82.3987,23.2458],[82.3944,23.2436],[82.3854,23.2419],[82.3776,23.2372],[82.3789,23.2358],[82.3823,23.238],[82.3842,23.2358],[82.3856,23.2263],[82.3888,23.2227],[82.3875,23.2158],[82.3889,23.2106],[82.3886,23.2029],[82.3865,23.1997],[82.3807,23.1943],[82.3793,23.1913],[82.377,23.19],[82.3708,23.1884],[82.3684,23.1913],[82.3664,23.1903],[82.3603,23.1943],[82.3597,23.1993],[82.3516,23.1991],[82.3395,23.197],[82.3404,23.1899],[82.3372,23.1898],[82.331,23.1809],[82.3284,23.1748],[82.3307,23.1745],[82.3312,23.1656],[82.3293,23.163],[82.328,23.1475],[82.3273,23.1421],[82.3293,23.1384],[82.3291,23.135],[82.3273,23.1331],[82.3292,23.127],[82.3255,23.1183],[82.3238,23.1088],[82.3224,23.1056],[82.3185,23.1046],[82.3183,23.1013],[82.3212,23.0993],[82.3179,23.0981],[82.318,23.0951],[82.3163,23.0931],[82.3145,23.088],[82.3115,23.0829],[82.309,23.0866],[82.3032,23.0895],[82.2987,23.0898],[82.2967,23.0916],[82.2993,23.1006],[82.2996,23.1044],[82.3063,23.1054],[82.3032,23.1117],[82.3047,23.1169],[82.2994,23.1188],[82.299,23.1167],[82.296,23.1162],[82.2971,23.1121],[82.2961,23.11],[82.2971,23.1069],[82.2931,23.1033],[82.2946,23.0991],[82.2938,23.095],[82.2916,23.092],[82.2918,23.0857],[82.2895,23.0837],[82.2843,23.0828],[82.2808,23.0814],[82.2802,23.0763],[82.2789,23.0745],[82.2763,23.0783],[82.2712,23.0829],[82.2649,23.0852],[82.2604,23.0922],[82.2623,23.1007],[82.2594,23.1077],[82.2595,23.1101],[82.2572,23.1125],[82.2605,23.114],[82.2587,23.1173],[82.2575,23.1223],[82.2523,23.1246],[82.2531,23.1153],[82.2514,23.1094],[82.2495,23.0994],[82.2456,23.0973],[82.2382,23.0974],[82.236,23.0984],[82.2314,23.094],[82.2241,23.0811],[82.2148,23.0814],[82.2058,23.0857],[82.2017,23.0886],[82.1924,23.0919],[82.1873,23.0915],[82.1831,23.0901],[82.1805,23.086],[82.1744,23.0855],[82.1717,23.0826],[82.1651,23.0871],[82.1598,23.088],[82.1547,23.0877],[82.1486,23.0888],[82.1396,23.0873],[82.1442,23.0801],[82.1479,23.0786],[82.1491,23.0745],[82.1565,23.0652],[82.1583,23.0615],[82.1583,23.0546],[82.1661,23.0467],[82.1699,23.0468],[82.175,23.0444],[82.1752,23.0412],[82.1797,23.0359],[82.182,23.0272],[82.1828,23.0205],[82.1848,23.014],[82.1826,23.0098],[82.1827,23.0076],[82.1805,22.9954],[82.1769,22.9913],[82.1743,22.9895],[82.1737,22.9876],[82.1763,22.9866],[82.1765,22.9807],[82.178,22.9741],[82.177,22.9701],[82.1792,22.9695],[82.1831,22.9664],[82.1941,22.9588],[82.1974,22.9556],[82.1987,22.952],[82.2012,22.9504],[82.2099,22.9487],[82.2158,22.945],[82.2226,22.9409],[82.2259,22.9411],[82.2325,22.9396],[82.2409,22.9383],[82.2416,22.9389],[82.2482,22.9391],[82.2553,22.9379],[82.2588,22.938],[82.2602,22.9407],[82.2729,22.9508],[82.2778,22.9532],[82.281,22.9581],[82.2834,22.9599],[82.2887,22.9615],[82.2948,22.962],[82.3012,22.9647],[82.3057,22.9686],[82.3075,22.9688],[82.317,22.967],[82.3263,22.967],[82.3304,22.9737],[82.3299,22.9757],[82.3333,22.9816],[82.3329,22.9832],[82.3387,22.9867],[82.3448,22.9919],[82.3496,22.9913],[82.3569,22.9961],[82.3601,22.997],[82.3619,22.9987],[82.3644,22.9981],[82.3697,22.9986],[82.3759,22.9978],[82.3813,22.999],[82.3837,23.0004],[82.3878,22.9993],[82.3929,22.9993],[82.4,22.9967],[82.401,22.995],[82.4044,22.9938],[82.4051,22.9909],[82.4107,22.9891],[82.4116,22.9766],[82.4173,22.9739],[82.4251,22.9742],[82.4319,22.9731],[82.4368,22.9712],[82.4513,22.9687],[82.4554,22.9668],[82.47,22.9687],[82.4766,22.9682],[82.4823,22.9667],[82.4881,22.9705],[82.507,22.969],[82.514,22.9695],[82.5206,22.9728],[82.5285,22.9754],[82.5393,22.9753],[82.5615,22.9766],[82.5661,22.9752],[82.57,22.9707],[82.5716,22.9671],[82.5748,22.9654],[82.581,22.974],[82.5857,22.9779],[82.5868,22.9818],[82.5819,22.9907],[82.5814,22.9954],[82.5822,22.9974],[82.5869,22.9984],[82.5897,22.9973],[82.5927,22.9976],[82.598,23.0006],[82.6007,23.0105],[82.6057,23.0196],[82.606,23.0241],[82.6042,23.0255],[82.6001,23.0246],[82.5978,23.0223],[82.5949,23.0227],[82.5943,23.0263],[82.5958,23.0349],[82.5938,23.0375],[82.593,23.0376],[82.5919,23.0384],[82.5901,23.0398],[82.5893,23.0408],[82.588,23.0433],[82.5872,23.0479],[82.5848,23.0502],[82.5777,23.0513],[82.5786,23.0562],[82.5805,23.0589],[82.5846,23.059],[82.5865,23.0622],[82.581,23.0657],[82.5705,23.073],[82.5692,23.0746],[82.5698,23.0786],[82.5746,23.0847],[82.5837,23.0838],[82.5847,23.0874],[82.584,23.0899],[82.5867,23.0987],[82.5832,23.1054],[82.5829,23.1096],[82.5811,23.1117],[82.5804,23.1167],[82.5781,23.1191],[82.5768,23.1277],[82.5827,23.1315],[82.5862,23.1313],[82.593,23.1326],[82.6028,23.1395],[82.6077,23.1434]],[[82.3874,23.1743],[82.3904,23.1713],[82.3941,23.1728],[82.4052,23.1587],[82.406,23.1565],[82.406,23.1509],[82.4033,23.1478],[82.3998,23.1482],[82.3978,23.1465],[82.396,23.1476],[82.3902,23.1424],[82.389,23.137],[82.3835,23.1239],[82.3828,23.1211],[82.3798,23.119],[82.3724,23.1201],[82.3696,23.1228],[82.3664,23.1236],[82.3637,23.123],[82.363,23.1258],[82.3647,23.1353],[82.363,23.147],[82.3607,23.1486],[82.3556,23.1491],[82.3489,23.1472],[82.3485,23.1509],[82.3513,23.1556],[82.3541,23.1531],[82.3572,23.1555],[82.3566,23.1578],[82.3589,23.1592],[82.3692,23.1598],[82.3704,23.1647],[82.3698,23.1662],[82.3742,23.168],[82.376,23.165],[82.3788,23.1669],[82.3792,23.169],[82.3828,23.1703],[82.3831,23.1727],[82.3874,23.1743]]]},"properties":{"id":"in:subdistrict:3235","level":"subdistrict","name":"Khadganva","code":3235,"parent":"in:district:760","state":"in:state:22"}},{"type":"Feature","geometry":{"type":"Polygon","coordinates":[[[82.6508,23.4042],[82.639,23.4038],[82.6326,23.4059],[82.6285,23.4033],[82.6256,23.4028],[82.6237,23.3984],[82.62,23.3939],[82.6147,23.3918],[82.6118,23.3898],[82.6069,23.3848],[82.6052,23.3806],[82.6039,23.3721],[82.6036,23.3674],[82.5949,23.3611],[82.5915,23.362],[82.5849,23.3598],[82.5756,23.3614],[82.5737,23.3598],[82.5687,23.3585],[82.5684,23.3567],[82.5601,23.3546],[82.556,23.3545],[82.5516,23.3556],[82.5456,23.3549],[82.5387,23.3485],[82.5327,23.3494],[82.5302,23.3525],[82.5259,23.3513],[82.524,23.3566],[82.5205,23.3572],[82.52,23.3596],[82.5161,23.3603],[82.514,23.3585],[82.5144,23.3651],[82.5108,23.3643],[82.4999,23.3603],[82.4989,23.3578],[82.4936,23.3524],[82.4849,23.3487],[82.4783,23.3468],[82.4726,23.3433],[82.47,23.3451],[82.4654,23.3461],[82.4606,23.3456],[82.4561,23.3368],[82.4565,23.3317],[82.4545,23.3289],[82.4551,23.3183],[82.4473,23.3178],[82.4428,23.3136],[82.4332,23.3123],[82.4274,23.3123],[82.423,23.3104],[82.421,23.3088],[82.4209,23.3053],[82.4232,23.3041],[82.4232,23.2973],[82.4244,23.2956],[82.4177,23.295],[82.411,23.2951],[82.4079,23.2945],[82.4028,23.2922],[82.3992,23.2893],[82.3966,23.2891],[82.3965,23.2853],[82.4046,23.2835],[82.4058,23.2817],[82.4107,23.2794],[82.4102,23.2762],[82.3975,23.2721],[82.3956,23.2703],[82.392,23.2688],[82.3922,23.2651],[82.391,23.2609],[82.385,23.2565],[82.3817,23.253],[82.3754,23.2506],[82.374,23.2483],[82.3702,23.2452],[82.3668,23.2456],[82.3568,23.2435],[82.3494,23.2425],[82.3432,23.2426],[82.3368,23.237],[82.3343,23.2373],[82.3324,23.2356],[82.3296,23.2363],[82.3254,23.2336],[82.3301,23.2277],[82.3331,23.228],[82.3376,23.2261],[82.3379,23.2162],[82.3397,23.21],[82.3429,23.2102],[82.3462,23.2144],[82.3482,23.2192],[82.3507,23.2231],[82.3567,23.2255],[82.3581,23.223],[82.3677,23.2271],[82.3643,23.231],[82.3592,23.2294],[82.3553,23.2316],[82.3593,23.2374],[82.3637,23.2378],[82.3731,23.2372],[82.378,23.2395],[82.3854,23.2419],[82.3944,23.2436],[82.3987,23.2458],[82.4066,23.2458],[82.4088,23.2494],[82.4119,23.2499],[82.4149,23.2486],[82.4173,23.245],[82.4199,23.2447],[82.4272,23.2415],[82.4307,23.2357],[82.4259,23.2293],[82.4246,23.2258],[82.4285,23.2253],[82.4237,23.2219],[82.4234,23.2191],[82.4204,23.2167],[82.4255,23.208],[82.428,23.2],[82.4356,23.1989],[82.4412,23.1971],[82.4489,23.1935],[82.4559,23.1931],[82.4646,23.1896],[82.4653,23.1854],[82.4684,23.1837],[82.4734,23.1824],[82.4769,23.1828],[82.4808,23.1813],[82.4842,23.1775],[82.4849,23.1692],[82.4919,23.1631],[82.4954,23.1628],[82.4969,23.1582],[82.4988,23.1577],[82.5027,23.1547],[82.5129,23.1515],[82.52,23.1527],[82.532,23.1516],[82.5479,23.1474],[82.5522,23.1458],[82.5604,23.1453],[82.5735,23.1438],[82.5875,23.1451],[82.597,23.1447],[82.6077,23.1434],[82.6094,23.1447],[82.615,23.1438],[82.618,23.1442],[82.6214,23.1423],[82.6278,23.1427],[82.6357,23.1409],[82.6377,23.1427],[82.6378,23.1453],[82.6403,23.1462],[82.6413,23.1497],[82.6434,23.1499],[82.6434,23.1556],[82.6491,23.157],[82.6543,23.1749],[82.6552,23.1759],[82.6604,23.1945],[82.6625,23.199],[82.6641,23.2065],[82.6659,23.2078],[82.6735,23.2154],[82.6775,23.2158],[82.6813,23.2176],[82.6844,23.2225],[82.6887,23.2268],[82.6912,23.2353],[82.6963,23.2442],[82.7061,23.2445],[82.7097,23.2438],[82.7144,23.246],[82.721,23.2454],[82.7265,23.2463],[82.729,23.2495],[82.7364,23.2505],[82.7406,23.2527],[82.7446,23.2513],[82.7488,23.254],[82.7514,23.2539],[82.7549,23.2566],[82.7632,23.257],[82.7646,23.2547],[82.7721,23.2583],[82.7716,23.2602],[82.7657,23.2603],[82.762,23.2635],[82.7577,23.2637],[82.7564,23.2676],[82.7523,23.2661],[82.7444,23.2685],[82.7453,23.2706],[82.744,23.2748],[82.746,23.2767],[82.7459,23.2802],[82.7446,23.2832],[82.7456,23.2879],[82.7451,23.2914],[82.7466,23.2955],[82.7491,23.2979],[82.7559,23.2996],[82.7568,23.3026],[82.756,23.3119],[82.755,23.3181],[82.7519,23.3206],[82.7545,23.329],[82.7566,23.3344],[82.7535,23.3384],[82.7539,23.341],[82.75,23.3472],[82.7505,23.351],[82.7493,23.3531],[82.7434,23.3585],[82.7386,23.3608],[82.7332,23.3617],[82.7273,23.3649],[82.7228,23.3648],[82.7182,23.3611],[82.7149,23.3607],[82.7105,23.3626],[82.7062,23.3655],[82.7042,23.3659],[82.6967,23.3697],[82.6917,23.3694],[82.6786,23.3707],[82.6747,23.3707],[82.6711,23.375],[82.6674,23.3757],[82.6644,23.382],[82.654,23.3824],[82.6501,23.385],[82.6493,23.3918],[82.6507,23.3986],[82.6508,23.4042]]]},"properties":{"id":"in:subdistrict:3232","level":"subdistrict","name":"Baikunthpur","code":3232,"parent":"in:district:384","state":"in:state:22"}},{"type":"Feature","geometry":{"type":"Polygon","coordinates":[[[82.3711,23.3078],[82.3698,23.3054],[82.3673,23.3084],[82.3474,23.3067],[82.3422,23.3083],[82.336,23.3078],[82.3334,23.3063],[82.3316,23.3037],[82.3273,23.3035],[82.3265,23.3016],[82.3207,23.301],[82.3174,23.3],[82.318,23.3038],[82.3162,23.3047],[82.3099,23.3044],[82.305,23.3048],[82.3014,23.3038],[82.2771,23.3024],[82.2729,23.3032],[82.2655,23.3006],[82.2586,23.304],[82.2544,23.3041],[82.2522,23.3067],[82.2493,23.3022],[82.2489,23.2999],[82.2439,23.2974],[82.2393,23.2966],[82.2322,23.2974],[82.2278,23.2916],[82.2253,23.2906],[82.2135,23.2895],[82.2077,23.2817],[82.2031,23.2814],[82.2017,23.2795],[82.2017,23.2761],[82.2,23.2709],[82.2031,23.2689],[82.2069,23.2617],[82.2068,23.2598],[82.2034,23.2589],[82.1969,23.2543],[82.1898,23.2505],[82.1817,23.2474],[82.1765,23.2465],[82.1712,23.2465],[82.1686,23.2416],[82.1661,23.2423],[82.1628,23.2451],[82.1598,23.2463],[82.1531,23.2305],[82.1481,23.2273],[82.1453,23.2267],[82.1479,23.2223],[82.1476,23.219],[82.1511,23.2163],[82.1536,23.2127],[82.1523,23.2083],[82.1498,23.2037],[82.1493,23.1974],[82.144,23.1951],[82.1482,23.189],[82.1436,23.1871],[82.1446,23.1795],[82.1491,23.1774],[82.1495,23.1755],[82.1483,23.1708],[82.1444,23.1656],[82.1458,23.1633],[82.148,23.1638],[82.1542,23.1632],[82.1565,23.162],[82.1609,23.1621],[82.1623,23.1573],[82.1613,23.1485],[82.1614,23.1431],[82.158,23.1391],[82.1561,23.1381],[82.1462,23.1356],[82.1407,23.1329],[82.137,23.1281],[82.1364,23.1221],[82.138,23.117],[82.1381,23.1123],[82.13,23.1083],[82.1268,23.1051],[82.1222,23.1038],[82.1247,23.102],[82.1287,23.0959],[82.1325,23.0926],[82.1355,23.0912],[82.1396,23.0873],[82.1486,23.0888],[82.1547,23.0877],[82.1598,23.088],[82.1651,23.0871],[82.1717,23.0826],[82.1744,23.0855],[82.1805,23.086],[82.1831,23.0901],[82.1873,23.0915],[82.1924,23.0919],[82.2017,23.0886],[82.2058,23.0857],[82.2148,23.0814],[82.2241,23.0811],[82.2314,23.094],[82.236,23.0984],[82.2382,23.0974],[82.2456,23.0973],[82.2495,23.0994],[82.2514,23.1094],[82.2531,23.1153],[82.2523,23.1246],[82.2524,23.1302],[82.2499,23.1324],[82.2499,23.1371],[82.2519,23.1411],[82.2513,23.1423],[82.2543,23.1494],[82.2595,23.1536],[82.266,23.1519],[82.2692,23.1504],[82.2684,23.156],[82.2778,23.156],[82.2816,23.1541],[82.2887,23.1525],[82.2889,23.1503],[82.2914,23.1488],[82.2909,23.1428],[82.2942,23.1456],[82.3055,23.145],[82.3079,23.1473],[82.3093,23.146],[82.3227,23.1444],[82.3273,23.1471],[82.328,23.1475],[82.3293,23.163],[82.3312,23.1656],[82.3307,23.1745],[82.3284,23.1748],[82.331,23.1809],[82.3372,23.1898],[82.3404,23.1899],[82.3395,23.197],[82.3516,23.1991],[82.3597,23.1993],[82.3603,23.1943],[82.3664,23.1903],[82.3684,23.1913],[82.3708,23.1884],[82.377,23.19],[82.3793,23.1913],[82.3807,23.1943],[82.3865,23.1997],[82.3886,23.2029],[82.3889,23.2106],[82.3875,23.2158],[82.3888,23.2227],[82.3856,23.2263],[82.3842,23.2358],[82.3823,23.238],[82.3789,23.2358],[82.3776,23.2372],[82.3854,23.2419],[82.378,23.2395],[82.3731,23.2372],[82.3637,23.2378],[82.3593,23.2374],[82.3553,23.2316],[82.3592,23.2294],[82.3643,23.231],[82.3677,23.2271],[82.3581,23.223],[82.3567,23.2255],[82.3507,23.2231],[82.3482,23.2192],[82.3462,23.2144],[82.3429,23.2102],[82.3397,23.21],[82.3379,23.2162],[82.3376,23.2261],[82.3331,23.228],[82.3301,23.2277],[82.3254,23.2336],[82.3296,23.2363],[82.3324,23.2356],[82.3343,23.2373],[82.3368,23.237],[82.3432,23.2426],[82.3494,23.2425],[82.3568,23.2435],[82.3668,23.2456],[82.3702,23.2452],[82.374,23.2483],[82.3754,23.2506],[82.3817,23.253],[82.385,23.2565],[82.391,23.2609],[82.3922,23.2651],[82.392,23.2688],[82.3956,23.2703],[82.3975,23.2721],[82.4102,23.2762],[82.4107,23.2794],[82.4058,23.2817],[82.4046,23.2835],[82.3965,23.2853],[82.3966,23.2891],[82.3992,23.2893],[82.4028,23.2922],[82.4079,23.2945],[82.411,23.2951],[82.4177,23.295],[82.4244,23.2956],[82.4232,23.2973],[82.4232,23.3041],[82.4209,23.3053],[82.421,23.3088],[82.423,23.3104],[82.4238,23.314],[82.4223,23.316],[82.4122,23.3162],[82.4098,23.3193],[82.4065,23.3196],[82.4008,23.3238],[82.3955,23.325],[82.3934,23.3233],[82.3946,23.3174],[82.396,23.3154],[82.3963,23.3116],[82.398,23.3092],[82.3981,23.3061],[82.3935,23.3058],[82.3902,23.3065],[82.3899,23.3104],[82.3801,23.3085],[82.378,23.3085],[82.3711,23.3078]]]},"properties":{"id":"in:subdistrict:3234","level":"subdistrict","name":"Manendragarh","code":3234,"parent":"in:district:760","state":"in:state:22"}},{"type":"Feature","geometry":{"type":"MultiPolygon","coordinates":[[[[82.328,23.1475],[82.3273,23.1471],[82.3227,23.1444],[82.3093,23.146],[82.3079,23.1473],[82.3055,23.145],[82.2942,23.1456],[82.2909,23.1428],[82.2914,23.1488],[82.2889,23.1503],[82.2887,23.1525],[82.2816,23.1541],[82.2778,23.156],[82.2684,23.156],[82.2692,23.1504],[82.266,23.1519],[82.2595,23.1536],[82.2543,23.1494],[82.2513,23.1423],[82.2519,23.1411],[82.2499,23.1371],[82.2499,23.1324],[82.2524,23.1302],[82.2523,23.1246],[82.2575,23.1223],[82.2587,23.1173],[82.2605,23.114],[82.2572,23.1125],[82.2595,23.1101],[82.2594,23.1077],[82.2623,23.1007],[82.2604,23.0922],[82.2649,23.0852],[82.2712,23.0829],[82.2763,23.0783],[82.2789,23.0745],[82.2802,23.0763],[82.2808,23.0814],[82.2843,23.0828],[82.2895,23.0837],[82.2918,23.0857],[82.2916,23.092],[82.2938,23.095],[82.2946,23.0991],[82.2931,23.1033],[82.2971,23.1069],[82.2961,23.11],[82.2971,23.1121],[82.296,23.1162],[82.299,23.1167],[82.2994,23.1188],[82.3047,23.1169],[82.3032,23.1117],[82.3063,23.1054],[82.2996,23.1044],[82.2993,23.1006],[82.2967,23.0916],[82.2987,23.0898],[82.3032,23.0895],[82.309,23.0866],[82.3115,23.0829],[82.3145,23.088],[82.3163,23.0931],[82.318,23.0951],[82.3179,23.0981],[82.3212,23.0993],[82.3183,23.1013],[82.3185,23.1046],[82.3224,23.1056],[82.3238,23.1088],[82.3255,23.1183],[82.3292,23.127],[82.3273,23.1331],[82.3291,23.135],[82.3293,23.1384],[82.3273,23.1421],[82.328,23.1475]]],[[[82.3874,23.1743],[82.3831,23.1727],[82.3828,23.1703],[82.3792,23.169],[82.3788,23.1669],[82.376,23.165],[82.3742,23.168],[82.3698,23.1662],[82.3704,23.1647],[82.3692,23.1598],[82.3589,23.1592],[82.3566,23.1578],[82.3572,23.1555],[82.3541,23.1531],[82.3513,23.1556],[82.3485,23.1509],[82.3489,23.1472],[82.3556,23.1491],[82.3607,23.1486],[82.363,23.147],[82.3647,23.1353],[82.363,23.1258],[82.3637,23.123],[82.3664,23.1236],[82.3696,23.1228],[82.3724,23.1201],[82.3798,23.119],[82.3828,23.1211],[82.3835,23.1239],[82.389,23.137],[82.3902,23.1424],[82.396,23.1476],[82.3978,23.1465],[82.3998,23.1482],[82.4033,23.1478],[82.406,23.1509],[82.406,23.1565],[82.4052,23.1587],[82.3941,23.1728],[82.3904,23.1713],[82.3874,23.1743]]]]},"properties":{"id":"in:subdistrict:7268","level":"subdistrict","name":"Chirmiri","code":7268,"parent":"in:district:760","state":"in:state:22"}},{"type":"Feature","geometry":{"type":"Polygon","coordinates":[[[82.1396,23.0873],[82.1355,23.0912],[82.1325,23.0926],[82.1287,23.0959],[82.1247,23.102],[82.1222,23.1038],[82.1143,23.1065],[82.1111,23.1093],[82.0988,23.1085],[82.0935,23.1091],[82.0922,23.1124],[82.0854,23.1122],[82.0804,23.1127],[82.0749,23.1148],[82.0729,23.1183],[82.0664,23.115],[82.0616,23.1117],[82.0595,23.108],[82.0551,23.1069],[82.0538,23.1012],[82.0522,23.0985],[82.0501,23.0983],[82.0471,23.0914],[82.0434,23.0901],[82.0435,23.0883],[82.0408,23.0866],[82.0359,23.0808],[82.0314,23.08],[82.0253,23.0808],[82.022,23.0802],[82.0186,23.0827],[82.014,23.0814],[82.0092,23.0791],[82.0057,23.0798],[82.0044,23.0812],[82.0004,23.081],[81.9977,23.0844],[81.9947,23.0834],[81.9919,23.085],[81.9892,23.0843],[81.9877,23.0862],[81.9855,23.0854],[81.9851,23.0825],[81.9811,23.0825],[81.9775,23.0811],[81.9762,23.079],[81.9695,23.0809],[81.9634,23.0782],[81.9632,23.0752],[81.958,23.0753],[81.9485,23.0775],[81.9445,23.0794],[81.9455,23.0767],[81.9452,23.0723],[81.9469,23.0691],[81.9439,23.0674],[81.9434,23.0652],[81.9384,23.0656],[81.9374,23.0619],[81.9295,23.0616],[81.9303,23.059],[81.9268,23.0576],[81.929,23.0507],[81.9284,23.049],[81.9252,23.0477],[81.9215,23.0408],[81.9236,23.0355],[81.9249,23.0306],[81.9267,23.0279],[81.9309,23.0264],[81.9316,23.0245],[81.9295,23.0227],[81.9298,23.0206],[81.9323,23.0181],[81.9366,23.0165],[81.9378,23.0123],[81.9396,23.0095],[81.9391,23.0046],[81.9454,22.9958],[81.9448,22.9892],[81.9505,22.9829],[81.9473,22.9777],[81.9462,22.9739],[81.9478,22.9675],[81.9478,22.9643],[81.9463,22.9568],[81.9436,22.9554],[81.9403,22.955],[81.9287,22.9507],[81.9189,22.9465],[81.9127,22.9417],[81.906,22.9328],[81.8981,22.9259],[81.8921,22.9231],[81.8947,22.9214],[81.9072,22.9156],[81.9177,22.9088],[81.9175,22.9053],[81.9192,22.9042],[81.936,22.8974],[81.9387,22.895],[81.9459,22.8942],[81.949,22.8916],[81.9514,22.8872],[81.9507,22.8842],[81.948,22.8799],[81.9414,22.8726],[81.9343,22.8628],[81.9359,22.8608],[81.9343,22.8583],[81.9356,22.8533],[81.938,22.8485],[81.9379,22.8463],[81.9359,22.8424],[81.9364,22.8382],[81.9377,22.8361],[81.9368,22.8333],[81.9364,22.827],[81.9326,22.8217],[81.9347,22.8215],[81.9385,22.8186],[81.9462,22.8157],[81.9506,22.816],[81.9551,22.818],[81.9593,22.8179],[81.9647,22.8141],[81.969,22.816],[81.9756,22.8177],[81.9844,22.8194],[81.9907,22.822],[81.9955,22.8227],[82.0005,22.8243],[82.0057,22.824],[82.012,22.8243],[82.0156,22.8238],[82.0134,22.8286],[82.0132,22.8385],[82.0202,22.8377],[82.0264,22.8388],[82.0311,22.8404],[82.0335,22.843],[82.0366,22.8481],[82.0398,22.8509],[82.0449,22.8537],[82.049,22.8541],[82.0538,22.8597],[82.0557,22.8578],[82.06,22.8558],[82.0606,22.8542],[82.0592,22.8476],[82.0592,22.8428],[82.0583,22.836],[82.0588,22.8328],[82.061,22.8286],[82.0623,22.8224],[82.0616,22.8188],[82.0754,22.8186],[82.0834,22.817],[82.0838,22.8203],[82.088,22.824],[82.1008,22.8255],[82.1053,22.8247],[82.1135,22.8244],[82.114,22.83],[82.1156,22.8353],[82.1189,22.835],[82.1189,22.8402],[82.1238,22.8427],[82.1243,22.8478],[82.1279,22.8478],[82.1303,22.8512],[82.1332,22.8497],[82.1352,22.8501],[82.1343,22.8533],[82.1411,22.8591],[82.1417,22.863],[82.1447,22.8644],[82.1514,22.8633],[82.1532,22.8652],[82.1531,22.8673],[82.1551,22.8746],[82.1579,22.8795],[82.1584,22.885],[82.1622,22.8867],[82.167,22.8872],[82.1736,22.8906],[82.1742,22.8943],[82.177,22.8965],[82.178,22.8997],[82.1813,22.9011],[82.1841,22.9047],[82.188,22.9053],[82.1932,22.9117],[82.1929,22.916],[82.1955,22.9185],[82.1975,22.9174],[82.2001,22.9217],[82.2055,22.9238],[82.2083,22.9257],[82.2122,22.9324],[82.2121,22.9372],[82.2133,22.9414],[82.2158,22.945],[82.2099,22.9487],[82.2012,22.9504],[82.1987,22.952],[82.1974,22.9556],[82.1941,22.9588],[82.1831,22.9664],[82.1792,22.9695],[82.177,22.9701],[82.178,22.9741],[82.1765,22.9807],[82.1763,22.9866],[82.1737,22.9876],[82.1743,22.9895],[82.1769,22.9913],[82.1805,22.9954],[82.1827,23.0076],[82.1826,23.0098],[82.1848,23.014],[82.1828,23.0205],[82.182,23.0272],[82.1797,23.0359],[82.1752,23.0412],[82.175,23.0444],[82.1699,23.0468],[82.1661,23.0467],[82.1583,23.0546],[82.1583,23.0615],[82.1565,23.0652],[82.1491,23.0745],[82.1479,23.0786],[82.1442,23.0801],[82.1396,23.0873]]]},"properties":{"id":"in:subdistrict:3288","level":"subdistrict","name":"Marwahi","code":3288,"parent":"in:district:734","state":"in:state:22"}},{"type":"Feature","geometry":{"type":"Polygon","coordinates":[[[82.2485,23.5755],[82.2457,23.5764],[82.2422,23.5743],[82.2395,23.5749],[82.2389,23.5722],[82.2335,23.5687],[82.2339,23.5657],[82.2309,23.5622],[82.2273,23.5634],[82.2218,23.5621],[82.2222,23.5592],[82.221,23.5577],[82.2161,23.5562],[82.2146,23.5548],[82.2095,23.553],[82.2079,23.555],[82.2046,23.5515],[82.1995,23.5544],[82.1976,23.5497],[82.193,23.5464],[82.1908,23.5439],[82.1885,23.5448],[82.1817,23.5453],[82.1802,23.548],[82.1756,23.5478],[82.1675,23.5417],[82.1649,23.5415],[82.1617,23.5395],[82.157,23.5383],[82.1543,23.5333],[82.1488,23.5316],[82.1416,23.5312],[82.1358,23.5303],[82.1323,23.5335],[82.1276,23.5352],[82.1214,23.5385],[82.1155,23.5396],[82.1136,23.5372],[82.1016,23.5402],[82.0972,23.5418],[82.0954,23.5405],[82.0932,23.5362],[82.0881,23.5374],[82.0842,23.534],[82.0806,23.538],[82.0762,23.5385],[82.0785,23.5365],[82.0797,23.5315],[82.0796,23.5252],[82.075,23.5252],[82.0692,23.5225],[82.0686,23.5196],[82.0651,23.5157],[82.065,23.5128],[82.0608,23.5093],[82.0543,23.5094],[82.0522,23.5106],[82.0458,23.511],[82.0441,23.51],[82.0402,23.5032],[82.0351,23.4986],[82.0282,23.4982],[82.0212,23.4986],[82.0146,23.4998],[82.0125,23.5012],[82.0027,23.503],[81.9948,23.5053],[81.9911,23.508],[81.9861,23.5062],[81.9802,23.507],[81.9756,23.5053],[81.9739,23.5059],[81.9684,23.5108],[81.9659,23.515],[81.9666,23.5199],[81.9647,23.5258],[81.9613,23.5263],[81.9464,23.5264],[81.9397,23.5201],[81.9328,23.5214],[81.9352,23.5183],[81.9379,23.5163],[81.9376,23.5137],[81.9421,23.5059],[81.9478,23.5011],[81.9527,23.5001],[81.9579,23.5005],[81.9564,23.4954],[81.9545,23.4723],[81.955,23.4672],[81.9578,23.4653],[81.9647,23.4657],[81.969,23.4603],[81.9704,23.4556],[81.9765,23.4523],[81.9754,23.4497],[81.9804,23.4468],[81.9781,23.4436],[81.978,23.4414],[81.9802,23.4402],[81.9812,23.437],[81.9838,23.4346],[81.9817,23.4333],[81.9817,23.4307],[81.9839,23.4293],[81.9803,23.4263],[81.9768,23.4247],[81.9825,23.4202],[81.9848,23.4151],[81.987,23.414],[81.9893,23.4154],[81.9906,23.4185],[81.9997,23.4216],[82.0024,23.417],[82.0086,23.4121],[82.0128,23.4167],[82.0195,23.4203],[82.0233,23.4246],[82.0255,23.4249],[82.0263,23.419],[82.0324,23.4111],[82.0323,23.4091],[82.0289,23.4083],[82.0248,23.4096],[82.0236,23.4075],[82.0273,23.4037],[82.0291,23.4002],[82.0239,23.3956],[82.0212,23.3918],[82.0209,23.3892],[82.0241,23.3855],[82.0335,23.3833],[82.0355,23.388],[82.0388,23.3877],[82.0417,23.3826],[82.0451,23.3797],[82.0521,23.3784],[82.0569,23.3769],[82.0588,23.3788],[82.0641,23.3929],[82.066,23.3932],[82.0701,23.391],[82.0785,23.3952],[82.0815,23.3933],[82.086,23.397],[82.0915,23.3983],[82.093,23.3975],[82.0926,23.3929],[82.0973,23.3945],[82.1015,23.398],[82.1052,23.3962],[82.1052,23.3926],[82.1126,23.3864],[82.1142,23.3821],[82.1131,23.3807],[82.1127,23.3712],[82.1116,23.3653],[82.1101,23.3632],[82.1123,23.3598],[82.1194,23.354],[82.1249,23.354],[82.1267,23.3556],[82.1322,23.3585],[82.1409,23.3618],[82.1464,23.3608],[82.153,23.3515],[82.1621,23.3428],[82.1632,23.3361],[82.1681,23.3325],[82.1848,23.3269],[82.1917,23.3269],[82.1945,23.323],[82.1968,23.3173],[82.1993,23.314],[82.1988,23.3122],[82.1948,23.3086],[82.1974,23.3069],[82.1962,23.3027],[82.197,23.2979],[82.1938,23.2952],[82.1938,23.2917],[82.1923,23.2874],[82.1947,23.2844],[82.193,23.2771],[82.1888,23.2735],[82.1853,23.2739],[82.1744,23.2687],[82.1745,23.2657],[82.172,23.2578],[82.1692,23.2562],[82.1685,23.2536],[82.1697,23.252],[82.1665,23.2501],[82.1672,23.2459],[82.1628,23.2451],[82.1661,23.2423],[82.1686,23.2416],[82.1712,23.2465],[82.1765,23.2465],[82.1817,23.2474],[82.1898,23.2505],[82.1969,23.2543],[82.2034,23.2589],[82.2068,23.2598],[82.2069,23.2617],[82.2031,23.2689],[82.2,23.2709],[82.2017,23.2761],[82.2017,23.2795],[82.2031,23.2814],[82.2077,23.2817],[82.2135,23.2895],[82.2253,23.2906],[82.2278,23.2916],[82.2322,23.2974],[82.2393,23.2966],[82.2439,23.2974],[82.2489,23.2999],[82.2493,23.3022],[82.2522,23.3067],[82.2544,23.3041],[82.2586,23.304],[82.2655,23.3006],[82.2729,23.3032],[82.2771,23.3024],[82.3014,23.3038],[82.305,23.3048],[82.3099,23.3044],[82.3162,23.3047],[82.318,23.3038],[82.3174,23.3],[82.3207,23.301],[82.3265,23.3016],[82.3273,23.3035],[82.3316,23.3037],[82.3334,23.3063],[82.336,23.3078],[82.3422,23.3083],[82.3474,23.3067],[82.3673,23.3084],[82.3698,23.3054],[82.3711,23.3078],[82.372,23.3095],[82.3772,23.3242],[82.3743,23.3303],[82.3738,23.3334],[82.3749,23.3399],[82.3691,23.341],[82.3647,23.3434],[82.3668,23.3466],[82.3669,23.3494],[82.3621,23.3509],[82.3615,23.3554],[82.3638,23.3655],[82.3606,23.3724],[82.3632,23.3755],[82.3585,23.3791],[82.3536,23.3802],[82.3502,23.3799],[82.349,23.3823],[82.3399,23.3844],[82.3391,23.3865],[82.3363,23.3868],[82.3304,23.3903],[82.3339,23.3908],[82.3389,23.3958],[82.3428,23.401],[82.3475,23.4032],[82.3478,23.4083],[82.3535,23.4143],[82.3577,23.4197],[82.3591,23.4233],[82.3588,23.4257],[82.3494,23.4261],[82.3453,23.4295],[82.3436,23.4335],[82.3436,23.4393],[82.3469,23.4413],[82.3467,23.4468],[82.3491,23.4481],[82.3476,23.4544],[82.3476,23.4572],[82.3431,23.4595],[82.3413,23.4568],[82.3392,23.4601],[82.3353,23.4617],[82.334,23.4597],[82.3299,23.4579],[82.3278,23.4598],[82.3243,23.4589],[82.3257,23.4566],[82.322,23.4546],[82.3198,23.4552],[82.3159,23.4601],[82.3159,23.4638],[82.3129,23.4761],[82.3076,23.4751],[82.3051,23.479],[82.3109,23.483],[82.3073,23.486],[82.3032,23.484],[82.3022,23.4867],[82.2949,23.4876],[82.2897,23.4898],[82.2857,23.4892],[82.2838,23.4899],[82.2839,23.4958],[82.289,23.5005],[82.2969,23.5056],[82.3016,23.5092],[82.3052,23.5088],[82.3087,23.5151],[82.3147,23.524],[82.3125,23.5277],[82.3137,23.5342],[82.3135,23.54],[82.3125,23.5423],[82.2947,23.5552],[82.2861,23.558],[82.2714,23.5644],[82.2661,23.5657],[82.2552,23.5702],[82.2498,23.5737],[82.2485,23.5755]]]},"properties":{"id":"in:subdistrict:7269","level":"subdistrict","name":"Kelhari","code":7269,"parent":"in:district:760","state":"in:state:22"}},{"type":"Feature","geometry":{"type":"Polygon","coordinates":[[[81.8228,23.8077],[81.8279,23.799],[81.8351,23.7888],[81.8352,23.7805],[81.8502,23.7745],[81.8572,23.771],[81.8625,23.7592],[81.8628,23.7569],[81.8651,23.7559],[81.8673,23.7388],[81.8693,23.7358],[81.866,23.7308],[81.8662,23.7287],[81.8709,23.7264],[81.8743,23.7272],[81.8779,23.7257],[81.8784,23.7233],[81.8816,23.7243],[81.8841,23.7264],[81.888,23.7246],[81.8903,23.726],[81.8941,23.7256],[81.8976,23.7267],[81.9037,23.7271],[81.9052,23.7224],[81.9036,23.7157],[81.9001,23.7164],[81.8987,23.7138],[81.9015,23.7128],[81.9082,23.7131],[81.913,23.7121],[81.9142,23.7139],[81.9176,23.7138],[81.9196,23.7107],[81.9224,23.7111],[81.9278,23.71],[81.9305,23.7087],[81.9363,23.7091],[81.9408,23.7073],[81.9475,23.6973],[81.946,23.6971],[81.9461,23.6927],[81.9442,23.6777],[81.943,23.671],[81.9396,23.6676],[81.9269,23.6654],[81.9196,23.6681],[81.9176,23.6681],[81.9151,23.663],[81.91,23.661],[81.9046,23.6609],[81.9038,23.6588],[81.9028,23.6456],[81.9017,23.6409],[81.8958,23.6375],[81.8943,23.6355],[81.8998,23.6333],[81.904,23.6326],[81.9148,23.6328],[81.9186,23.6355],[81.9238,23.631],[81.9237,23.6303],[81.9263,23.6259],[81.9294,23.6269],[81.9383,23.6283],[81.9417,23.6273],[81.9432,23.6286],[81.9426,23.632],[81.9436,23.6333],[81.9506,23.6347],[81.9517,23.6372],[81.9543,23.6365],[81.9542,23.6345],[81.9649,23.6354],[81.9741,23.625],[81.9739,23.6212],[81.9755,23.6186],[81.9794,23.6178],[81.9796,23.6111],[81.9848,23.6058],[81.9872,23.6055],[82.0157,23.5831],[82.017,23.5813],[82.0208,23.5798],[82.0224,23.5761],[82.0248,23.5739],[82.0341,23.5574],[82.0403,23.5558],[82.0415,23.558],[82.0762,23.5385],[82.0806,23.538],[82.0842,23.534],[82.0881,23.5374],[82.0932,23.5362],[82.0954,23.5405],[82.0972,23.5418],[82.1016,23.5402],[82.1136,23.5372],[82.1155,23.5396],[82.1214,23.5385],[82.1276,23.5352],[82.1323,23.5335],[82.1358,23.5303],[82.1416,23.5312],[82.1488,23.5316],[82.1543,23.5333],[82.157,23.5383],[82.1617,23.5395],[82.1649,23.5415],[82.1675,23.5417],[82.1756,23.5478],[82.1802,23.548],[82.1817,23.5453],[82.1885,23.5448],[82.1908,23.5439],[82.193,23.5464],[82.1976,23.5497],[82.1995,23.5544],[82.2046,23.5515],[82.2079,23.555],[82.2095,23.553],[82.2146,23.5548],[82.2161,23.5562],[82.221,23.5577],[82.2222,23.5592],[82.2218,23.5621],[82.2273,23.5634],[82.2309,23.5622],[82.2339,23.5657],[82.2335,23.5687],[82.2389,23.5722],[82.2395,23.5749],[82.2422,23.5743],[82.2457,23.5764],[82.2485,23.5755],[82.2533,23.5769],[82.255,23.5795],[82.2574,23.5792],[82.2581,23.5856],[82.2601,23.5875],[82.2565,23.5911],[82.2598,23.594],[82.2633,23.5948],[82.2653,23.598],[82.2677,23.5959],[82.2707,23.5972],[82.2729,23.6012],[82.2796,23.6024],[82.2817,23.6065],[82.2786,23.6098],[82.2799,23.6129],[82.2838,23.6121],[82.286,23.6129],[82.2892,23.6157],[82.2904,23.6123],[82.2926,23.6124],[82.2934,23.6167],[82.2962,23.6182],[82.2956,23.6212],[82.297,23.6244],[82.3005,23.6264],[82.2998,23.6297],[82.3058,23.631],[82.3092,23.6299],[82.315,23.6296],[82.3194,23.6308],[82.3198,23.6265],[82.3237,23.6268],[82.3264,23.6289],[82.332,23.6308],[82.3359,23.6342],[82.3372,23.6392],[82.3362,23.642],[82.3326,23.646],[82.3385,23.6501],[82.3448,23.6574],[82.3447,23.6598],[82.3402,23.6617],[82.3372,23.6664],[82.3323,23.6697],[82.3279,23.6737],[82.3258,23.6787],[82.3287,23.6875],[82.3285,23.6899],[82.3314,23.6917],[82.3354,23.6902],[82.3379,23.6906],[82.3368,23.694],[82.3333,23.696],[82.3328,23.6992],[82.3306,23.7036],[82.3282,23.7047],[82.3241,23.7034],[82.3195,23.7043],[82.3123,23.7091],[82.313,23.7123],[82.3189,23.713],[82.3218,23.7148],[82.3229,23.717],[82.3222,23.7202],[82.3204,23.7216],[82.3131,23.7221],[82.3106,23.7214],[82.3094,23.7176],[82.3054,23.7211],[82.3048,23.7239],[82.308,23.7292],[82.3067,23.7343],[82.3093,23.7359],[82.3108,23.7412],[82.3098,23.746],[82.3111,23.747],[82.3157,23.7467],[82.3196,23.7485],[82.3203,23.7502],[82.3196,23.7542],[82.3202,23.7616],[82.3197,23.7658],[82.3222,23.769],[82.3233,23.7745],[82.322,23.7784],[82.3167,23.7795],[82.3132,23.781],[82.3123,23.7831],[82.3159,23.7861],[82.3145,23.7944],[82.3147,23.8037],[82.3132,23.806],[82.3099,23.8079],[82.3048,23.8074],[82.2976,23.8072],[82.2918,23.8098],[82.2827,23.8166],[82.2796,23.8172],[82.2742,23.8169],[82.2693,23.8179],[82.2622,23.821],[82.2595,23.821],[82.2564,23.818],[82.2518,23.8167],[82.2482,23.8141],[82.2446,23.8096],[82.238,23.8056],[82.2318,23.8053],[82.2277,23.8072],[82.2256,23.8137],[82.2259,23.8193],[82.2249,23.8205],[82.2075,23.8261],[82.206,23.8302],[82.2081,23.8349],[82.212,23.8358],[82.2153,23.841],[82.2149,23.8437],[82.2119,23.8489],[82.2096,23.8508],[82.2045,23.8487],[82.2009,23.8482],[82.1992,23.8435],[82.1971,23.8416],[82.1905,23.8429],[82.1874,23.8415],[82.1866,23.8391],[82.1809,23.8363],[82.1797,23.8332],[82.1782,23.8211],[82.1715,23.8182],[82.1652,23.8195],[82.1638,23.8207],[82.1599,23.82],[82.1562,23.8182],[82.1459,23.8154],[82.1417,23.8169],[82.1386,23.8168],[82.1293,23.819],[82.1279,23.8205],[82.1234,23.822],[82.1211,23.8194],[82.1166,23.817],[82.1117,23.817],[82.1067,23.8187],[82.1045,23.8172],[82.0954,23.8155],[82.0942,23.8167],[82.0905,23.8155],[82.086,23.8165],[82.0833,23.8154],[82.0776,23.8186],[82.072,23.8171],[82.069,23.8182],[82.0669,23.8174],[82.0617,23.8192],[82.0569,23.8193],[82.0536,23.8184],[82.0524,23.8216],[82.0492,23.8242],[82.0459,23.8241],[82.0438,23.8256],[82.041,23.8252],[82.0384,23.8268],[82.0393,23.8285],[82.0388,23.8331],[82.0409,23.8329],[82.0413,23.8369],[82.0441,23.8388],[82.0436,23.842],[82.0405,23.8428],[82.0347,23.8464],[82.0218,23.8485],[82.0174,23.851],[82.0169,23.8538],[82.0126,23.8561],[82.0092,23.8608],[82.007,23.8616],[82.0028,23.8612],[82.0009,23.8622],[81.9925,23.8614],[81.9891,23.8604],[81.986,23.8619],[81.9814,23.8607],[81.9795,23.8575],[81.9759,23.8562],[81.9703,23.8572],[81.9657,23.856],[81.9633,23.8536],[81.9609,23.8556],[81.9594,23.8529],[81.9561,23.8529],[81.9537,23.8573],[81.9499,23.8566],[81.9461,23.8588],[81.9456,23.8622],[81.939,23.8621],[81.9384,23.8643],[81.9401,23.8674],[81.9313,23.8705],[81.9215,23.8709],[81.9204,23.8673],[81.9177,23.8635],[81.9154,23.8587],[81.9104,23.8572],[81.9102,23.8542],[81.9085,23.8508],[81.9063,23.8499],[81.9066,23.8476],[81.9046,23.8447],[81.902,23.8449],[81.8987,23.8407],[81.8922,23.8405],[81.8882,23.8355],[81.8845,23.8355],[81.8755,23.8343],[81.8721,23.8348],[81.8677,23.8341],[81.8663,23.8287],[81.8631,23.8245],[81.8551,23.8228],[81.8504,23.8237],[81.8474,23.822],[81.8407,23.8218],[81.8374,23.8207],[81.8366,23.8161],[81.8323,23.8159],[81.8275,23.8138],[81.8275,23.8114],[81.8228,23.8077]]]},"properties":{"id":"in:subdistrict:7275","level":"subdistrict","name":"Kotadol","code":7275,"parent":"in:district:760","state":"in:state:22"}},{"type":"Feature","geometry":{"type":"Polygon","coordinates":[[[81.6044,23.885],[81.6042,23.8818],[81.613,23.8768],[81.6214,23.8716],[81.6219,23.8693],[81.6166,23.8632],[81.6126,23.8614],[81.6065,23.8623],[81.604,23.8597],[81.6032,23.8537],[81.6077,23.8464],[81.6122,23.8431],[81.6113,23.837],[81.6125,23.8352],[81.6159,23.8334],[81.6224,23.8354],[81.6324,23.8359],[81.6344,23.8357],[81.6364,23.8333],[81.6375,23.8277],[81.6416,23.8206],[81.6412,23.8149],[81.6462,23.8121],[81.648,23.8059],[81.6514,23.7991],[81.6498,23.7881],[81.6497,23.7846],[81.648,23.7797],[81.6454,23.7764],[81.644,23.7731],[81.6462,23.7686],[81.652,23.7654],[81.6643,23.7615],[81.6701,23.7581],[81.6757,23.7572],[81.6813,23.7538],[81.6866,23.7482],[81.6865,23.7468],[81.6782,23.7402],[81.6804,23.7369],[81.6842,23.7349],[81.687,23.7311],[81.6882,23.7255],[81.6911,23.7225],[81.6959,23.7213],[81.6915,23.7143],[81.6875,23.7041],[81.685,23.7002],[81.6841,23.6909],[81.6799,23.6903],[81.6706,23.6873],[81.666,23.685],[81.6628,23.6851],[81.6568,23.6834],[81.6543,23.6796],[81.6542,23.6778],[81.6563,23.6721],[81.6556,23.6704],[81.6552,23.6631],[81.6492,23.6601],[81.6469,23.658],[81.6425,23.6578],[81.6274,23.6604],[81.6247,23.6614],[81.6181,23.6624],[81.6195,23.6578],[81.6195,23.6529],[81.6203,23.6514],[81.6192,23.6457],[81.6179,23.6359],[81.616,23.6301],[81.6142,23.6224],[81.6105,23.6197],[81.6065,23.6139],[81.6077,23.6127],[81.6115,23.6017],[81.6118,23.5959],[81.6089,23.5965],[81.6031,23.5933],[81.6006,23.5942],[81.5952,23.5931],[81.5945,23.5952],[81.592,23.5965],[81.5845,23.5938],[81.5812,23.5905],[81.5767,23.5853],[81.5822,23.5596],[81.584,23.5536],[81.5955,23.554],[81.5993,23.5546],[81.6053,23.5541],[81.61,23.5556],[81.6141,23.5457],[81.6125,23.5409],[81.6137,23.5366],[81.6132,23.5334],[81.6163,23.5308],[81.616,23.5281],[81.6138,23.5278],[81.6146,23.5239],[81.6137,23.5217],[81.6152,23.5188],[81.612,23.517],[81.6114,23.5125],[81.612,23.5107],[81.6157,23.506],[81.6186,23.5046],[81.621,23.5019],[81.6222,23.4987],[81.6245,23.4968],[81.6255,23.4933],[81.627,23.4913],[81.6296,23.4921],[81.6317,23.4903],[81.6369,23.4902],[81.6407,23.496],[81.6449,23.4993],[81.6485,23.4997],[81.6533,23.498],[81.6546,23.5019],[81.658,23.5047],[81.6579,23.5073],[81.6595,23.5114],[81.6624,23.5141],[81.6612,23.5199],[81.6589,23.5268],[81.6589,23.529],[81.6681,23.5329],[81.6801,23.5293],[81.6903,23.5284],[81.6994,23.522],[81.7019,23.5243],[81.7015,23.5276],[81.7059,23.5291],[81.7068,23.5312],[81.7096,23.5324],[81.7117,23.5352],[81.7145,23.536],[81.7168,23.5415],[81.7216,23.5424],[81.7228,23.5439],[81.7215,23.5472],[81.7243,23.5503],[81.7251,23.5567],[81.728,23.5565],[81.73,23.5602],[81.7358,23.566],[81.7378,23.5651],[81.7449,23.5675],[81.7462,23.5696],[81.749,23.5683],[81.7528,23.5678],[81.7548,23.5656],[81.7561,23.5608],[81.7556,23.5585],[81.7583,23.5499],[81.7686,23.55],[81.7716,23.5505],[81.7838,23.5494],[81.7974,23.5495],[81.8019,23.5484],[81.8096,23.549],[81.8167,23.5414],[81.8196,23.5297],[81.8176,23.5227],[81.8211,23.5149],[81.832,23.5124],[81.837,23.5108],[81.8396,23.5109],[81.8431,23.5141],[81.8503,23.5136],[81.8522,23.5153],[81.8637,23.5176],[81.8691,23.5129],[81.8748,23.5126],[81.8813,23.5151],[81.8825,23.5168],[81.8869,23.5189],[81.8917,23.5222],[81.8937,23.5245],[81.8969,23.5246],[81.9044,23.5295],[81.9079,23.5353],[81.916,23.5353],[81.92,23.5345],[81.9233,23.5327],[81.9278,23.5278],[81.9328,23.5214],[81.9397,23.5201],[81.9464,23.5264],[81.9613,23.5263],[81.9647,23.5258],[81.9666,23.5199],[81.9659,23.515],[81.9684,23.5108],[81.9739,23.5059],[81.9756,23.5053],[81.9802,23.507],[81.9861,23.5062],[81.9911,23.508],[81.9948,23.5053],[82.0027,23.503],[82.0125,23.5012],[82.0146,23.4998],[82.0212,23.4986],[82.0282,23.4982],[82.0351,23.4986],[82.0402,23.5032],[82.0441,23.51],[82.0458,23.511],[82.0522,23.5106],[82.0543,23.5094],[82.0608,23.5093],[82.065,23.5128],[82.0651,23.5157],[82.0686,23.5196],[82.0692,23.5225],[82.075,23.5252],[82.0796,23.5252],[82.0797,23.5315],[82.0785,23.5365],[82.0762,23.5385],[82.0415,23.558],[82.0403,23.5558],[82.0341,23.5574],[82.0248,23.5739],[82.0224,23.5761],[82.0208,23.5798],[82.017,23.5813],[82.0157,23.5831],[81.9872,23.6055],[81.9848,23.6058],[81.9796,23.6111],[81.9794,23.6178],[81.9755,23.6186],[81.9739,23.6212],[81.9741,23.625],[81.9649,23.6354],[81.9542,23.6345],[81.9543,23.6365],[81.9517,23.6372],[81.9506,23.6347],[81.9436,23.6333],[81.9426,23.632],[81.9432,23.6286],[81.9417,23.6273],[81.9383,23.6283],[81.9294,23.6269],[81.9263,23.6259],[81.9237,23.6303],[81.9238,23.631],[81.9186,23.6355],[81.9148,23.6328],[81.904,23.6326],[81.8998,23.6333],[81.8943,23.6355],[81.8958,23.6375],[81.9017,23.6409],[81.9028,23.6456],[81.9038,23.6588],[81.9046,23.6609],[81.91,23.661],[81.9151,23.663],[81.9176,23.6681],[81.9196,23.6681],[81.9269,23.6654],[81.9396,23.6676],[81.943,23.671],[81.9442,23.6777],[81.9461,23.6927],[81.946,23.6971],[81.9475,23.6973],[81.9408,23.7073],[81.9363,23.7091],[81.9305,23.7087],[81.9278,23.71],[81.9224,23.7111],[81.9196,23.7107],[81.9176,23.7138],[81.9142,23.7139],[81.913,23.7121],[81.9082,23.7131],[81.9015,23.7128],[81.8987,23.7138],[81.9001,23.7164],[81.9036,23.7157],[81.9052,23.7224],[81.9037,23.7271],[81.8976,23.7267],[81.8941,23.7256],[81.8903,23.726],[81.888,23.7246],[81.8841,23.7264],[81.8816,23.7243],[81.8784,23.7233],[81.8779,23.7257],[81.8743,23.7272],[81.8709,23.7264],[81.8662,23.7287],[81.866,23.7308],[81.8693,23.7358],[81.8673,23.7388],[81.8651,23.7559],[81.8628,23.7569],[81.8625,23.7592],[81.8572,23.771],[81.8502,23.7745],[81.8352,23.7805],[81.8351,23.7888],[81.8279,23.799],[81.8228,23.8077],[81.8193,23.8077],[81.815,23.8064],[81.8113,23.8099],[81.8092,23.8132],[81.8061,23.8131],[81.7959,23.8149],[81.7945,23.8141],[81.7934,23.8103],[81.7911,23.8093],[81.7857,23.8116],[81.7815,23.8141],[81.7784,23.8143],[81.7721,23.817],[81.7621,23.8236],[81.7545,23.8307],[81.7516,23.8323],[81.7429,23.8338],[81.7396,23.8359],[81.7379,23.8387],[81.7317,23.8408],[81.7285,23.839],[81.7249,23.8404],[81.725,23.8446],[81.7297,23.8489],[81.7305,23.8533],[81.732,23.8567],[81.7271,23.8599],[81.724,23.8597],[81.7202,23.8622],[81.7173,23.8623],[81.7091,23.8605],[81.707,23.8621],[81.7078,23.8669],[81.7099,23.8697],[81.7095,23.8721],[81.7043,23.8772],[81.7076,23.8813],[81.7064,23.8835],[81.7017,23.8861],[81.6942,23.8843],[81.6904,23.8848],[81.6891,23.8882],[81.6883,23.8954],[81.6888,23.9017],[81.6875,23.9065],[81.6826,23.9114],[81.6794,23.9114],[81.6731,23.9129],[81.6715,23.9156],[81.6717,23.9196],[81.6695,23.9241],[81.6671,23.9254],[81.663,23.9246],[81.6611,23.9229],[81.6592,23.9176],[81.6531,23.9149],[81.6469,23.914],[81.6434,23.9122],[81.6385,23.9108],[81.6365,23.9076],[81.6312,23.9057],[81.6272,23.9067],[81.6208,23.9067],[81.6102,23.9041],[81.6084,23.9015],[81.6105,23.8988],[81.6116,23.8923],[81.6096,23.8894],[81.6044,23.885]]]},"properties":{"id":"in:subdistrict:3231","level":"subdistrict","name":"Bharatpur","code":3231,"parent":"in:district:760","state":"in:state:22"}},{"type":"Feature","geometry":{"type":"Polygon","coordinates":[[[81.8369,22.5705],[81.8331,22.5711],[81.8283,22.5703],[81.8275,22.5735],[81.8253,22.5751],[81.8195,22.5736],[81.8134,22.5742],[81.8088,22.5702],[81.8027,22.5698],[81.8005,22.5633],[81.7982,22.5631],[81.7926,22.5692],[81.793,22.5727],[81.7901,22.573],[81.7903,22.5756],[81.7927,22.5798],[81.7863,22.5813],[81.7882,22.5856],[81.7882,22.5885],[81.7847,22.5878],[81.7831,22.5889],[81.7848,22.5932],[81.7868,22.5953],[81.7869,22.5977],[81.783,22.5983],[81.7803,22.5959],[81.7764,22.5947],[81.7745,22.5957],[81.7708,22.5944],[81.7665,22.5966],[81.7632,22.5944],[81.7548,22.5917],[81.7537,22.5938],[81.7497,22.5928],[81.7488,22.5948],[81.7503,22.5972],[81.7509,22.6035],[81.7498,22.6075],[81.7418,22.6068],[81.7406,22.6078],[81.7407,22.6126],[81.7377,22.6121],[81.7388,22.6156],[81.7349,22.6189],[81.7353,22.6237],[81.7347,22.6276],[81.7328,22.6324],[81.7285,22.6338],[81.7315,22.6421],[81.7328,22.644],[81.732,22.6465],[81.7351,22.6487],[81.7348,22.6509],[81.7367,22.655],[81.7359,22.6625],[81.7346,22.6673],[81.7294,22.6725],[81.7264,22.6741],[81.7253,22.6731],[81.7239,22.6676],[81.7246,22.665],[81.7227,22.6571],[81.7212,22.6551],[81.7131,22.6481],[81.7011,22.6451],[81.6952,22.6456],[81.6888,22.6485],[81.6833,22.6469],[81.6802,22.6422],[81.6745,22.6375],[81.6721,22.6326],[81.669,22.632],[81.6624,22.6268],[81.6609,22.6193],[81.6527,22.6186],[81.6492,22.616],[81.6473,22.6133],[81.6457,22.6049],[81.6469,22.6034],[81.648,22.5977],[81.6465,22.5934],[81.6494,22.5889],[81.645,22.5869],[81.6455,22.5844],[81.6494,22.5847],[81.6497,22.5815],[81.6518,22.5809],[81.6557,22.5842],[81.6574,22.5836],[81.6552,22.5788],[81.6565,22.5743],[81.6562,22.5723],[81.66,22.5699],[81.6535,22.563],[81.6493,22.5633],[81.6439,22.5613],[81.6428,22.5597],[81.6387,22.5611],[81.6362,22.5601],[81.6358,22.5648],[81.6342,22.5654],[81.629,22.5634],[81.6279,22.5605],[81.624,22.5559],[81.6287,22.5444],[81.6219,22.538],[81.6154,22.5369],[81.6132,22.5387],[81.6113,22.5373],[81.605,22.5346],[81.6,22.5353],[81.5963,22.5365],[81.5943,22.5422],[81.5918,22.5452],[81.5862,22.5439],[81.5752,22.5478],[81.5714,22.5506],[81.5675,22.5505],[81.5628,22.5475],[81.563,22.534],[81.559,22.5308],[81.553,22.531],[81.5472,22.5275],[81.5445,22.5283],[81.541,22.533],[81.5371,22.5361],[81.5327,22.5385],[81.5222,22.539],[81.5213,22.5366],[81.5232,22.5346],[81.5234,22.5322],[81.5182,22.5198],[81.5111,22.5216],[81.5093,22.5261],[81.5057,22.5244],[81.5016,22.5215],[81.4965,22.5192],[81.4956,22.5147],[81.4974,22.5116],[81.4955,22.5088],[81.4944,22.505],[81.4894,22.5032],[81.4881,22.5006],[81.4877,22.4961],[81.4863,22.4938],[81.487,22.4902],[81.4847,22.4878],[81.4826,22.4884],[81.4784,22.4923],[81.4699,22.4838],[81.4718,22.4767],[81.4723,22.4697],[81.4757,22.4558],[81.4853,22.4511],[81.4913,22.4478],[81.492,22.4413],[81.4863,22.4379],[81.487,22.4342],[81.4848,22.4308],[81.4882,22.4227],[81.4936,22.4205],[81.4965,22.4116],[81.4984,22.4078],[81.5005,22.4055],[81.5002,22.4016],[81.5023,22.3997],[81.5111,22.3994],[81.5163,22.3948],[81.517,22.3916],[81.5142,22.3876],[81.5122,22.3812],[81.5163,22.381],[81.5236,22.378],[81.5243,22.3736],[81.5288,22.3706],[81.5296,22.3673],[81.5329,22.3639],[81.5352,22.3557],[81.5376,22.3553],[81.5389,22.3521],[81.5433,22.3527],[81.545,22.3498],[81.5483,22.3474],[81.5496,22.3452],[81.5546,22.3453],[81.5561,22.3399],[81.5542,22.3354],[81.5468,22.3247],[81.5429,22.3197],[81.5411,22.3151],[81.5393,22.3144],[81.5269,22.3115],[81.5245,22.3067],[81.529,22.3048],[81.5303,22.2968],[81.5314,22.2933],[81.5357,22.2893],[81.5386,22.2856],[81.5378,22.2831],[81.5335,22.2836],[81.534,22.2781],[81.537,22.2756],[81.5382,22.273],[81.5416,22.2723],[81.5449,22.2729],[81.5487,22.2687],[81.5517,22.2669],[81.5508,22.2618],[81.5489,22.2588],[81.5515,22.2572],[81.552,22.2543],[81.5512,22.2499],[81.5492,22.2466],[81.5524,22.2411],[81.5496,22.2388],[81.5482,22.2363],[81.5491,22.2324],[81.5423,22.2317],[81.5411,22.227],[81.5362,22.2178],[81.5366,22.2143],[81.5331,22.2127],[81.5366,22.2094],[81.5385,22.205],[81.5382,22.2019],[81.5358,22.2012],[81.5329,22.1933],[81.5324,22.1861],[81.5296,22.1775],[81.5292,22.1735],[81.5274,22.1671],[81.5438,22.1532],[81.5455,22.1551],[81.5534,22.1512],[81.5566,22.1521],[81.5598,22.1506],[81.5655,22.1462],[81.5661,22.1485],[81.5659,22.1537],[81.5668,22.156],[81.5656,22.1628],[81.5663,22.1653],[81.5655,22.1724],[81.5689,22.1693],[81.5715,22.1702],[81.5731,22.1681],[81.5728,22.1649],[81.5757,22.1634],[81.5763,22.1613],[81.5753,22.1565],[81.5783,22.1516],[81.5809,22.1488],[81.5831,22.1532],[81.5901,22.151],[81.5916,22.152],[81.5975,22.1583],[81.602,22.1568],[81.6045,22.1578],[81.6071,22.1546],[81.6098,22.1547],[81.6116,22.1525],[81.6124,22.1463],[81.6154,22.144],[81.6203,22.1418],[81.6264,22.14],[81.6276,22.1347],[81.63,22.1325],[81.6347,22.1344],[81.6413,22.1406],[81.6464,22.1408],[81.645,22.1429],[81.6457,22.1456],[81.6443,22.147],[81.6461,22.1498],[81.6496,22.151],[81.6521,22.1533],[81.6544,22.1571],[81.659,22.1678],[81.6632,22.1657],[81.6655,22.1625],[81.6673,22.1538],[81.6691,22.1502],[81.6713,22.1505],[81.6753,22.1527],[81.6779,22.155],[81.6817,22.154],[81.6843,22.1517],[81.6883,22.1504],[81.6926,22.1508],[81.7018,22.1597],[81.7043,22.1579],[81.7103,22.152],[81.7142,22.1455],[81.716,22.1446],[81.7197,22.1504],[81.7233,22.1577],[81.7252,22.1603],[81.7282,22.1663],[81.7361,22.1763],[81.741,22.1808],[81.7433,22.1768],[81.7437,22.1673],[81.7444,22.1651],[81.748,22.1632],[81.7578,22.1639],[81.7665,22.1676],[81.7716,22.1681],[81.7745,22.1664],[81.7783,22.1654],[81.7842,22.1652],[81.7837,22.1636],[81.7849,22.1596],[81.7874,22.1606],[81.7922,22.1567],[81.7955,22.1574],[81.7964,22.1537],[81.8038,22.1563],[81.8107,22.1667],[81.8124,22.1701],[81.8146,22.1771],[81.8179,22.1817],[81.8157,22.1841],[81.8157,22.1928],[81.813,22.1985],[81.8154,22.201],[81.8143,22.2042],[81.8102,22.206],[81.8093,22.2089],[81.8103,22.2116],[81.801,22.2223],[81.7991,22.221],[81.794,22.2232],[81.7898,22.2225],[81.7864,22.2247],[81.7836,22.2235],[81.7802,22.2261],[81.7764,22.2253],[81.7734,22.2258],[81.772,22.2274],[81.772,22.2325],[81.7713,22.2339],[81.7665,22.2345],[81.7656,22.2364],[81.7671,22.2401],[81.7657,22.2425],[81.7633,22.242],[81.7608,22.2398],[81.7568,22.2443],[81.7559,22.2486],[81.7534,22.2485],[81.7495,22.247],[81.746,22.2477],[81.7427,22.2499],[81.7389,22.2486],[81.7375,22.2508],[81.7323,22.2492],[81.731,22.2506],[81.734,22.254],[81.7311,22.2602],[81.7307,22.2634],[81.7327,22.2644],[81.7337,22.2694],[81.7416,22.2679],[81.7427,22.2739],[81.741,22.2774],[81.7391,22.2783],[81.7421,22.3016],[81.7437,22.3126],[81.7495,22.3073],[81.7567,22.3035],[81.7568,22.2995],[81.7596,22.2957],[81.7595,22.2931],[81.7639,22.2903],[81.767,22.2918],[81.7675,22.3024],[81.7745,22.307],[81.7769,22.3058],[81.7805,22.3012],[81.7879,22.2956],[81.7844,22.2927],[81.7816,22.2924],[81.7839,22.2878],[81.7875,22.2872],[81.8049,22.2881],[81.8062,22.284],[81.8088,22.2868],[81.815,22.2909],[81.8174,22.2919],[81.8243,22.2931],[81.8239,22.286],[81.82,22.2819],[81.8124,22.2777],[81.8137,22.2757],[81.8209,22.2706],[81.8229,22.2699],[81.8242,22.2735],[81.8256,22.2809],[81.8299,22.2828],[81.8334,22.2829],[81.8347,22.2866],[81.8402,22.2883],[81.8465,22.2891],[81.8579,22.2889],[81.8626,22.2911],[81.8615,22.2934],[81.8546,22.2944],[81.8516,22.2959],[81.8517,22.3012],[81.8529,22.3063],[81.8547,22.3089],[81.8593,22.3114],[81.8646,22.3131],[81.8657,22.3172],[81.8696,22.3189],[81.8717,22.3212],[81.8757,22.3218],[81.8825,22.3197],[81.8843,22.3172],[81.8903,22.3159],[81.893,22.3123],[81.8932,22.3093],[81.895,22.3067],[81.8982,22.3049],[81.9006,22.3085],[81.904,22.311],[81.9111,22.3123],[81.9138,22.3117],[81.9141,22.2966],[81.916,22.2923],[81.9247,22.2922],[81.9293,22.2942],[81.9267,22.2962],[81.9275,22.3013],[81.931,22.304],[81.9376,22.3079],[81.9378,22.3104],[81.9324,22.3119],[81.9297,22.3156],[81.9306,22.3185],[81.9297,22.3226],[81.9306,22.3256],[81.9345,22.3239],[81.9337,22.3273],[81.9356,22.3317],[81.9348,22.3394],[81.9294,22.341],[81.9273,22.3445],[81.928,22.3466],[81.9247,22.3571],[81.9256,22.36],[81.929,22.3615],[81.9331,22.3609],[81.938,22.3587],[81.9443,22.3549],[81.9521,22.3467],[81.9548,22.3457],[81.9543,22.3418],[81.9586,22.341],[81.9597,22.3459],[81.9645,22.351],[81.963,22.3524],[81.9638,22.3547],[81.9704,22.3547],[81.9751,22.3605],[81.9748,22.3633],[81.972,22.3662],[81.9661,22.3685],[81.9652,22.3713],[81.9659,22.3751],[81.9609,22.3782],[81.9594,22.3819],[81.96,22.3834],[81.9582,22.3861],[81.9574,22.3892],[81.9527,22.393],[81.9517,22.3983],[81.949,22.4011],[81.9473,22.4046],[81.9351,22.4108],[81.9307,22.4119],[81.9248,22.4122],[81.9219,22.4218],[81.9157,22.4265],[81.9149,22.4322],[81.9092,22.4388],[81.9063,22.4392],[81.9016,22.4426],[81.9008,22.449],[81.9032,22.4502],[81.9018,22.4527],[81.8986,22.4543],[81.8992,22.4563],[81.9025,22.4569],[81.9075,22.4606],[81.911,22.4623],[81.9078,22.467],[81.9048,22.4678],[81.904,22.4721],[81.9053,22.4738],[81.9022,22.4815],[81.9008,22.4825],[81.8891,22.4854],[81.8827,22.4852],[81.8765,22.4875],[81.8726,22.4903],[81.8654,22.4934],[81.8574,22.5032],[81.853,22.503],[81.8474,22.5044],[81.8407,22.5081],[81.8393,22.5135],[81.8366,22.5179],[81.832,22.5338],[81.8339,22.536],[81.8367,22.5434],[81.8359,22.5535],[81.8348,22.5597],[81.8322,22.5641],[81.8359,22.5678],[81.8369,22.5705]]]},"properties":{"id":"in:subdistrict:3290","level":"subdistrict","name":"Lormi","code":3290,"parent":"in:district:647","state":"in:state:22"}},{"type":"Feature","geometry":{"type":"Polygon","coordinates":[[[81.5013,22.0049],[81.5044,22.0088],[81.5085,22.0156],[81.5119,22.0194],[81.5108,22.0242],[81.5111,22.0319],[81.5052,22.0321],[81.5056,22.0417],[81.5083,22.0503],[81.5113,22.0535],[81.5083,22.0562],[81.5107,22.0632],[81.516,22.0739],[81.5183,22.0818],[81.5206,22.0827],[81.5207,22.0849],[81.5174,22.0862],[81.5164,22.1019],[81.5143,22.1076],[81.5139,22.1108],[81.5149,22.1149],[81.5152,22.1203],[81.5143,22.1306],[81.5136,22.1325],[81.5148,22.1455],[81.5158,22.1486],[81.5157,22.1541],[81.5179,22.1565],[81.5254,22.1561],[81.5289,22.1618],[81.5274,22.1671],[81.5292,22.1735],[81.5296,22.1775],[81.5324,22.1861],[81.5329,22.1933],[81.5358,22.2012],[81.5382,22.2019],[81.5385,22.205],[81.5366,22.2094],[81.5331,22.2127],[81.5366,22.2143],[81.5362,22.2178],[81.5411,22.227],[81.5423,22.2317],[81.5491,22.2324],[81.5482,22.2363],[81.5496,22.2388],[81.5524,22.2411],[81.5492,22.2466],[81.5512,22.2499],[81.552,22.2543],[81.5515,22.2572],[81.5489,22.2588],[81.5508,22.2618],[81.5517,22.2669],[81.5487,22.2687],[81.5449,22.2729],[81.5416,22.2723],[81.5382,22.273],[81.537,22.2756],[81.534,22.2781],[81.5335,22.2836],[81.5378,22.2831],[81.5386,22.2856],[81.5357,22.2893],[81.5314,22.2933],[81.5303,22.2968],[81.529,22.3048],[81.5245,22.3067],[81.5269,22.3115],[81.5393,22.3144],[81.5411,22.3151],[81.5429,22.3197],[81.5468,22.3247],[81.5542,22.3354],[81.5561,22.3399],[81.5546,22.3453],[81.5496,22.3452],[81.5483,22.3474],[81.545,22.3498],[81.5433,22.3527],[81.5389,22.3521],[81.5376,22.3553],[81.5352,22.3557],[81.5329,22.3639],[81.5296,22.3673],[81.5288,22.3706],[81.5243,22.3736],[81.5236,22.378],[81.5163,22.381],[81.5122,22.3812],[81.5142,22.3876],[81.517,22.3916],[81.5163,22.3948],[81.5111,22.3994],[81.5023,22.3997],[81.5002,22.4016],[81.5005,22.4055],[81.4984,22.4078],[81.4965,22.4116],[81.4936,22.4205],[81.4882,22.4227],[81.4848,22.4308],[81.487,22.4342],[81.4863,22.4379],[81.492,22.4413],[81.4913,22.4478],[81.4853,22.4511],[81.4757,22.4558],[81.4723,22.4697],[81.4718,22.4767],[81.4699,22.4838],[81.4784,22.4923],[81.4728,22.4937],[81.463,22.4931],[81.462,22.4909],[81.4584,22.4896],[81.4554,22.4919],[81.453,22.4955],[81.4494,22.4958],[81.4469,22.4934],[81.4426,22.4933],[81.444,22.4907],[81.4506,22.487],[81.4468,22.4841],[81.4425,22.4792],[81.4464,22.4762],[81.4499,22.4791],[81.4508,22.4778],[81.4502,22.4712],[81.4466,22.4698],[81.449,22.4675],[81.4529,22.4684],[81.4542,22.47],[81.4589,22.4693],[81.4553,22.4669],[81.4474,22.4659],[81.4447,22.4675],[81.441,22.4721],[81.4429,22.4734],[81.4415,22.4799],[81.4388,22.4823],[81.4345,22.4811],[81.4322,22.4792],[81.4278,22.4798],[81.426,22.4778],[81.4227,22.4715],[81.4238,22.4648],[81.4267,22.4615],[81.4287,22.4569],[81.423,22.4477],[81.4181,22.4453],[81.4088,22.4426],[81.4067,22.441],[81.3997,22.4397],[81.3964,22.4401],[81.3934,22.4453],[81.393,22.449],[81.3906,22.4511],[81.3905,22.4558],[81.3881,22.4592],[81.3901,22.4633],[81.3887,22.4682],[81.3913,22.4711],[81.3915,22.4777],[81.3885,22.4819],[81.3841,22.4898],[81.3862,22.4986],[81.3848,22.5047],[81.3819,22.5082],[81.3821,22.5098],[81.3758,22.5111],[81.3724,22.5147],[81.3614,22.515],[81.3611,22.5124],[81.3543,22.5113],[81.3539,22.5142],[81.3506,22.5176],[81.3382,22.5204],[81.3355,22.5238],[81.3306,22.5256],[81.3265,22.5261],[81.3232,22.5237],[81.3234,22.5189],[81.3184,22.5169],[81.3172,22.5146],[81.3198,22.5081],[81.3198,22.5032],[81.3182,22.5019],[81.3205,22.4968],[81.3205,22.4929],[81.3223,22.4912],[81.3225,22.4881],[81.3205,22.486],[81.3152,22.4878],[81.3137,22.4829],[81.3073,22.4819],[81.3038,22.4849],[81.3027,22.4878],[81.2992,22.4907],[81.2918,22.4943],[81.2869,22.4991],[81.2813,22.503],[81.2777,22.4981],[81.2733,22.4932],[81.2691,22.4943],[81.2621,22.4933],[81.2598,22.4851],[81.2616,22.4789],[81.2619,22.4722],[81.2581,22.4694],[81.2538,22.4649],[81.2515,22.4615],[81.2483,22.4588],[81.2419,22.4556],[81.2322,22.4522],[81.2237,22.4535],[81.2077,22.4566],[81.207,22.46],[81.2046,22.4619],[81.1995,22.463],[81.1988,22.4623],[81.1994,22.4563],[81.1968,22.4508],[81.1976,22.4473],[81.203,22.4391],[81.202,22.4347],[81.2017,22.4268],[81.2048,22.423],[81.2074,22.4218],[81.2078,22.4196],[81.212,22.4142],[81.2123,22.4091],[81.2152,22.4048],[81.2139,22.4015],[81.2141,22.3981],[81.2165,22.3968],[81.2157,22.3946],[81.217,22.3927],[81.2196,22.3927],[81.2206,22.3902],[81.2232,22.3902],[81.226,22.385],[81.2287,22.3824],[81.2285,22.3787],[81.2313,22.3768],[81.2325,22.3747],[81.2414,22.3757],[81.247,22.3769],[81.2483,22.3794],[81.251,22.3773],[81.2558,22.3801],[81.2605,22.3776],[81.2664,22.3764],[81.2695,22.3737],[81.2745,22.3738],[81.2778,22.3722],[81.2803,22.3745],[81.2849,22.3715],[81.2875,22.3719],[81.2901,22.3744],[81.2927,22.3754],[81.2947,22.3728],[81.2987,22.371],[81.301,22.3717],[81.3065,22.3684],[81.3071,22.3664],[81.3053,22.363],[81.3072,22.3585],[81.3111,22.3574],[81.3114,22.3526],[81.3124,22.3465],[81.3104,22.3429],[81.3108,22.3404],[81.3085,22.3355],[81.3072,22.3348],[81.3036,22.3368],[81.2994,22.3356],[81.2965,22.3304],[81.2966,22.3258],[81.2976,22.3226],[81.3001,22.3201],[81.2957,22.3163],[81.2951,22.3136],[81.2963,22.305],[81.2911,22.3011],[81.2899,22.2982],[81.2907,22.2965],[81.2954,22.2981],[81.2994,22.2936],[81.3025,22.2924],[81.3032,22.2901],[81.3003,22.287],[81.3009,22.2826],[81.3006,22.2787],[81.3013,22.2726],[81.3028,22.2686],[81.3054,22.2667],[81.3114,22.2658],[81.3159,22.2628],[81.3164,22.2599],[81.3154,22.2578],[81.3165,22.2554],[81.3165,22.2487],[81.3201,22.2479],[81.3196,22.2431],[81.3216,22.2393],[81.3237,22.2384],[81.332,22.2397],[81.3403,22.2358],[81.34,22.2328],[81.3433,22.2305],[81.3445,22.2322],[81.3425,22.2356],[81.3481,22.239],[81.3518,22.2403],[81.3545,22.2387],[81.3558,22.2402],[81.359,22.2399],[81.3563,22.2344],[81.3558,22.2292],[81.357,22.2272],[81.3519,22.2205],[81.3518,22.2179],[81.3463,22.2118],[81.3451,22.2091],[81.3396,22.2111],[81.3306,22.2136],[81.3242,22.2173],[81.3225,22.2141],[81.317,22.2061],[81.3174,22.2004],[81.3064,22.1991],[81.3031,22.2006],[81.3006,22.1958],[81.3008,22.1945],[81.2985,22.1875],[81.2999,22.1868],[81.2984,22.1831],[81.3008,22.1806],[81.3038,22.1807],[81.3074,22.178],[81.3121,22.1803],[81.3161,22.1788],[81.3188,22.1744],[81.3208,22.1698],[81.3247,22.1684],[81.3282,22.1663],[81.3296,22.1688],[81.3338,22.1674],[81.3367,22.1695],[81.3394,22.1678],[81.3405,22.1627],[81.342,22.1598],[81.3445,22.1595],[81.3445,22.1568],[81.3417,22.1539],[81.3474,22.1508],[81.3506,22.1481],[81.3471,22.1465],[81.3476,22.143],[81.3448,22.1389],[81.3452,22.1367],[81.343,22.1319],[81.3423,22.1287],[81.3449,22.1273],[81.3436,22.1246],[81.3403,22.1221],[81.3415,22.1184],[81.3403,22.1159],[81.3445,22.1153],[81.3456,22.1134],[81.3498,22.1115],[81.3524,22.1067],[81.3523,22.1021],[81.3544,22.0969],[81.3591,22.0923],[81.3623,22.0927],[81.3671,22.0917],[81.3703,22.0926],[81.3743,22.0875],[81.376,22.0863],[81.3816,22.0796],[81.3847,22.0779],[81.3859,22.0728],[81.3889,22.069],[81.3926,22.0678],[81.394,22.0653],[81.3939,22.0628],[81.3915,22.0622],[81.3897,22.0596],[81.3918,22.0563],[81.3916,22.0538],[81.3944,22.05],[81.3958,22.0513],[81.3985,22.0482],[81.4027,22.0463],[81.3992,22.0418],[81.4015,22.0409],[81.4006,22.0384],[81.4033,22.0377],[81.4067,22.0352],[81.4108,22.0307],[81.4148,22.0287],[81.4202,22.0282],[81.4247,22.0231],[81.4232,22.0213],[81.4209,22.0155],[81.4229,22.014],[81.4258,22.0143],[81.4282,22.0165],[81.4337,22.0142],[81.435,22.0104],[81.4371,22.008],[81.4431,22.0056],[81.4448,22.0076],[81.4491,22.0207],[81.4568,22.0204],[81.4593,22.0186],[81.4724,22.015],[81.478,22.0152],[81.4809,22.018],[81.4852,22.0189],[81.4887,22.0166],[81.4983,22.0119],[81.4998,22.0137],[81.5028,22.013],[81.5032,22.0101],[81.5012,22.0072],[81.5013,22.0049]]]},"properties":{"id":"in:subdistrict:3301","level":"subdistrict","name":"Pandariya","code":3301,"parent":"in:district:382","state":"in:state:22"}},{"type":"Feature","geometry":{"type":"Polygon","coordinates":[[[80.9762,21.7457],[80.9786,21.7493],[80.9805,21.7546],[80.9822,21.7563],[80.9815,21.7592],[80.9842,21.7612],[80.9861,21.7609],[80.9883,21.7653],[80.9851,21.768],[80.9872,21.7712],[80.9817,21.7709],[80.9783,21.7726],[80.98,21.7769],[80.9766,21.7776],[80.9735,21.7766],[80.9727,21.7797],[80.9763,21.7817],[80.9756,21.783],[80.9714,21.7838],[80.9707,21.7871],[80.9726,21.7902],[80.9784,21.7926],[80.9818,21.7903],[80.9837,21.7927],[80.9881,21.7886],[80.9928,21.7906],[80.9944,21.7924],[80.9945,21.7954],[80.9923,21.7983],[80.9851,21.8017],[80.9872,21.8052],[80.9973,21.801],[81.0039,21.7994],[81.0083,21.8011],[81.0117,21.8036],[81.0111,21.8103],[81.013,21.8112],[81.016,21.8218],[81.0186,21.8218],[81.0212,21.8188],[81.0257,21.8227],[81.0288,21.8188],[81.034,21.8171],[81.0398,21.8178],[81.0452,21.8209],[81.0455,21.8196],[81.0522,21.818],[81.0605,21.8209],[81.0618,21.8235],[81.0614,21.827],[81.066,21.83],[81.0637,21.8362],[81.0669,21.8379],[81.0687,21.8414],[81.0683,21.8435],[81.0708,21.8469],[81.073,21.8525],[81.0769,21.8577],[81.08,21.857],[81.0823,21.8618],[81.0858,21.8642],[81.088,21.8629],[81.0901,21.8601],[81.0961,21.8581],[81.0969,21.8545],[81.0987,21.8546],[81.1052,21.8611],[81.1047,21.8633],[81.1059,21.8664],[81.1057,21.8711],[81.1044,21.8754],[81.1006,21.8774],[81.1009,21.8816],[81.1024,21.885],[81.105,21.8837],[81.1119,21.8858],[81.1134,21.8877],[81.1197,21.902],[81.1179,21.9057],[81.1123,21.9033],[81.1107,21.904],[81.1113,21.9073],[81.1151,21.9137],[81.1172,21.9139],[81.117,21.9084],[81.1191,21.9071],[81.1218,21.9122],[81.1189,21.9141],[81.1193,21.9179],[81.1168,21.9197],[81.1188,21.9231],[81.1204,21.923],[81.1203,21.9185],[81.1242,21.914],[81.1242,21.9116],[81.127,21.9109],[81.1312,21.9077],[81.1319,21.9044],[81.1336,21.9038],[81.136,21.9058],[81.1318,21.9135],[81.1295,21.9139],[81.1226,21.9179],[81.1274,21.9308],[81.1282,21.9351],[81.1297,21.935],[81.13,21.9411],[81.1344,21.9539],[81.1449,21.9526],[81.1542,21.9498],[81.1558,21.9479],[81.1593,21.9464],[81.1601,21.9449],[81.1669,21.9427],[81.1675,21.9409],[81.1665,21.9371],[81.1684,21.9335],[81.1718,21.932],[81.1739,21.9284],[81.1753,21.9284],[81.1817,21.9242],[81.1837,21.9223],[81.1891,21.9253],[81.1903,21.9316],[81.1874,21.9329],[81.187,21.9349],[81.1924,21.9425],[81.1967,21.9442],[81.195,21.9464],[81.1983,21.9548],[81.2019,21.9626],[81.203,21.9667],[81.2062,21.971],[81.2081,21.9722],[81.2088,21.9761],[81.2061,21.9804],[81.2061,21.9828],[81.2038,21.9851],[81.2043,21.9942],[81.2064,22.0011],[81.2039,22.0023],[81.199,22.0116],[81.1986,22.0169],[81.2012,22.0224],[81.2056,22.025],[81.2142,22.0294],[81.2144,22.032],[81.2105,22.0337],[81.2099,22.0358],[81.2137,22.0376],[81.2145,22.0403],[81.2132,22.0426],[81.217,22.0454],[81.2185,22.0499],[81.2173,22.0519],[81.2142,22.0527],[81.2168,22.0567],[81.2143,22.0591],[81.2115,22.0583],[81.212,22.062],[81.2106,22.063],[81.2179,22.0741],[81.223,22.075],[81.2341,22.0734],[81.2395,22.0718],[81.2445,22.0693],[81.2495,22.0684],[81.2533,22.0704],[81.2629,22.0715],[81.267,22.0759],[81.2697,22.078],[81.2728,22.0821],[81.2667,22.09],[81.2717,22.1019],[81.2749,22.1042],[81.2863,22.104],[81.297,22.1013],[81.3048,22.1088],[81.3097,22.1119],[81.3124,22.1161],[81.3085,22.1184],[81.3071,22.1206],[81.3035,22.1231],[81.2987,22.1251],[81.2952,22.1257],[81.292,22.1285],[81.2908,22.1308],[81.2957,22.1371],[81.2987,22.1342],[81.3042,22.1322],[81.3084,22.1329],[81.3103,22.131],[81.314,22.1306],[81.3162,22.1287],[81.3238,22.126],[81.3277,22.1258],[81.3302,22.1245],[81.3351,22.1253],[81.3436,22.1246],[81.3449,22.1273],[81.3423,22.1287],[81.343,22.1319],[81.3452,22.1367],[81.3448,22.1389],[81.3476,22.143],[81.3471,22.1465],[81.3506,22.1481],[81.3474,22.1508],[81.3417,22.1539],[81.3445,22.1568],[81.3445,22.1595],[81.342,22.1598],[81.3405,22.1627],[81.3394,22.1678],[81.3367,22.1695],[81.3338,22.1674],[81.3296,22.1688],[81.3282,22.1663],[81.3247,22.1684],[81.3208,22.1698],[81.3188,22.1744],[81.3161,22.1788],[81.3121,22.1803],[81.3074,22.178],[81.3038,22.1807],[81.3008,22.1806],[81.2984,22.1831],[81.2999,22.1868],[81.2985,22.1875],[81.3008,22.1945],[81.3006,22.1958],[81.3031,22.2006],[81.3064,22.1991],[81.3174,22.2004],[81.317,22.2061],[81.3225,22.2141],[81.3242,22.2173],[81.3306,22.2136],[81.3396,22.2111],[81.3451,22.2091],[81.3463,22.2118],[81.3518,22.2179],[81.3519,22.2205],[81.357,22.2272],[81.3558,22.2292],[81.3563,22.2344],[81.359,22.2399],[81.3558,22.2402],[81.3545,22.2387],[81.3518,22.2403],[81.3481,22.239],[81.3425,22.2356],[81.3445,22.2322],[81.3433,22.2305],[81.34,22.2328],[81.3403,22.2358],[81.332,22.2397],[81.3237,22.2384],[81.3216,22.2393],[81.3196,22.2431],[81.3201,22.2479],[81.3165,22.2487],[81.3165,22.2554],[81.3154,22.2578],[81.3164,22.2599],[81.3159,22.2628],[81.3114,22.2658],[81.3054,22.2667],[81.3028,22.2686],[81.3013,22.2726],[81.3006,22.2787],[81.3009,22.2826],[81.3003,22.287],[81.3032,22.2901],[81.3025,22.2924],[81.2994,22.2936],[81.2954,22.2981],[81.2907,22.2965],[81.2899,22.2982],[81.2911,22.3011],[81.2963,22.305],[81.2951,22.3136],[81.2957,22.3163],[81.3001,22.3201],[81.2976,22.3226],[81.2966,22.3258],[81.2965,22.3304],[81.2994,22.3356],[81.3036,22.3368],[81.3072,22.3348],[81.3085,22.3355],[81.3108,22.3404],[81.3104,22.3429],[81.3124,22.3465],[81.3114,22.3526],[81.3111,22.3574],[81.3072,22.3585],[81.3053,22.363],[81.3071,22.3664],[81.3065,22.3684],[81.301,22.3717],[81.2987,22.371],[81.2947,22.3728],[81.2927,22.3754],[81.2901,22.3744],[81.2875,22.3719],[81.2849,22.3715],[81.2803,22.3745],[81.2778,22.3722],[81.2745,22.3738],[81.2695,22.3737],[81.2664,22.3764],[81.2605,22.3776],[81.2558,22.3801],[81.251,22.3773],[81.2483,22.3794],[81.247,22.3769],[81.2414,22.3757],[81.2325,22.3747],[81.2313,22.3768],[81.2285,22.3787],[81.2287,22.3824],[81.226,22.385],[81.2232,22.3902],[81.2206,22.3902],[81.2196,22.3927],[81.217,22.3927],[81.2157,22.3946],[81.2165,22.3968],[81.2141,22.3981],[81.2139,22.4015],[81.2152,22.4048],[81.2123,22.4091],[81.212,22.4142],[81.2078,22.4196],[81.2074,22.4218],[81.2048,22.423],[81.2017,22.4268],[81.202,22.4347],[81.203,22.4391],[81.1976,22.4473],[81.1968,22.4508],[81.1994,22.4563],[81.1988,22.4623],[81.1995,22.463],[81.2014,22.4679],[81.1998,22.4767],[81.1998,22.4855],[81.1979,22.4893],[81.1935,22.491],[81.187,22.4888],[81.18,22.488],[81.176,22.4885],[81.1718,22.4872],[81.1661,22.4769],[81.1632,22.4752],[81.1607,22.4701],[81.1584,22.4629],[81.1566,22.4588],[81.1564,22.4564],[81.1526,22.4536],[81.1487,22.4532],[81.1466,22.454],[81.141,22.4542],[81.127,22.4492],[81.1205,22.4458],[81.1139,22.4402],[81.1101,22.4355],[81.1088,22.4288],[81.1091,22.4216],[81.1102,22.4163],[81.1087,22.4093],[81.1083,22.401],[81.1058,22.3871],[81.1037,22.3827],[81.1087,22.3738],[81.1094,22.3692],[81.1118,22.3632],[81.1131,22.3533],[81.1186,22.3474],[81.1211,22.3433],[81.1211,22.3411],[81.1146,22.3282],[81.1135,22.3241],[81.1152,22.3203],[81.1162,22.3155],[81.1186,22.3108],[81.1192,22.3017],[81.1181,22.2964],[81.1184,22.2905],[81.1159,22.2883],[81.108,22.2845],[81.1019,22.2783],[81.0973,22.269],[81.0933,22.2535],[81.0915,22.249],[81.0895,22.2471],[81.0824,22.2438],[81.0811,22.2407],[81.0787,22.2389],[81.0771,22.2402],[81.076,22.2446],[81.0726,22.2484],[81.071,22.2481],[81.0596,22.2443],[81.0501,22.2446],[81.0484,22.2438],[81.0418,22.238],[81.0379,22.2339],[81.027,22.2289],[81.0235,22.2291],[81.0227,22.2263],[81.0194,22.221],[81.0195,22.2173],[81.0218,22.2121],[81.0254,22.2093],[81.0304,22.2032],[81.0316,22.1997],[81.0291,22.1916],[81.0307,22.1874],[81.0255,22.1874],[81.0224,22.1895],[81.0168,22.186],[81.0172,22.1796],[81.0224,22.1735],[81.0268,22.1664],[81.0263,22.1628],[81.0245,22.1615],[81.0222,22.1577],[81.0238,22.1487],[81.0215,22.1365],[81.0219,22.1327],[81.0137,22.1337],[81.0085,22.1322],[80.9991,22.1313],[80.9973,22.1329],[80.9941,22.1327],[80.989,22.1283],[80.9862,22.1276],[80.9806,22.1241],[80.9781,22.1201],[80.9798,22.116],[80.9796,22.1126],[80.9821,22.1106],[80.9835,22.1142],[80.9849,22.1147],[80.9905,22.1136],[80.9916,22.1115],[81.0017,22.1036],[81.0032,22.1011],[81.0059,22.1005],[81.0113,22.0955],[81.0061,22.0922],[81.0015,22.083],[81.0021,22.0795],[81.0046,22.0754],[81.0067,22.075],[81.0089,22.0718],[81.0086,22.0684],[81.0062,22.0632],[81.0032,22.0585],[80.9984,22.0576],[80.9949,22.0586],[80.9942,22.0544],[80.9949,22.0507],[80.994,22.0493],[80.9907,22.0511],[80.9887,22.051],[80.9835,22.0486],[80.982,22.0502],[80.9809,22.0543],[80.9769,22.0563],[80.9735,22.0563],[80.9691,22.0587],[80.9692,22.0667],[80.9701,22.074],[80.972,22.0783],[80.9712,22.084],[80.9681,22.0883],[80.9668,22.0929],[80.9632,22.0981],[80.961,22.1],[80.961,22.1024],[80.957,22.1104],[80.9496,22.1171],[80.9469,22.1184],[80.9437,22.1183],[80.9256,22.1204],[80.922,22.12],[80.9147,22.1132],[80.9109,22.1117],[80.9079,22.1096],[80.906,22.1009],[80.9013,22.0828],[80.8995,22.0774],[80.8984,22.0696],[80.8968,22.0643],[80.8928,22.0629],[80.8896,22.0576],[80.8857,22.0592],[80.8827,22.059],[80.8818,22.0538],[80.8829,22.0517],[80.8858,22.0496],[80.8802,22.0424],[80.8758,22.0385],[80.8769,22.0339],[80.8758,22.011],[80.8738,22.0085],[80.8656,21.9939],[80.8628,21.9863],[80.8621,21.9815],[80.8591,21.9708],[80.8527,21.9573],[80.8483,21.9559],[80.8409,21.9556],[80.8398,21.9574],[80.8372,21.9569],[80.8355,21.9546],[80.8312,21.9578],[80.8288,21.9587],[80.8259,21.9544],[80.829,21.9484],[80.834,21.9458],[80.8359,21.9493],[80.8375,21.947],[80.8421,21.9466],[80.8433,21.9452],[80.8414,21.9412],[80.8449,21.9403],[80.8462,21.9387],[80.8458,21.9342],[80.8477,21.9329],[80.8457,21.9307],[80.8466,21.9272],[80.8426,21.9243],[80.8396,21.9235],[80.8396,21.919],[80.8379,21.9178],[80.836,21.9117],[80.8346,21.9107],[80.8338,21.9066],[80.8343,21.9004],[80.8332,21.8986],[80.8348,21.8961],[80.833,21.8943],[80.832,21.8907],[80.8337,21.8891],[80.8348,21.8858],[80.8397,21.8844],[80.8433,21.8819],[80.8467,21.8741],[80.8533,21.8726],[80.8529,21.8707],[80.8491,21.8711],[80.8456,21.8696],[80.8439,21.8652],[80.8467,21.8628],[80.8465,21.86],[80.8505,21.8581],[80.8521,21.8542],[80.8509,21.8521],[80.8465,21.8528],[80.8422,21.8508],[80.8395,21.8479],[80.8396,21.8441],[80.841,21.843],[80.8413,21.8398],[80.8399,21.8373],[80.8428,21.8348],[80.8447,21.8317],[80.8471,21.8349],[80.8496,21.835],[80.8537,21.8336],[80.8559,21.834],[80.8572,21.8319],[80.8609,21.8308],[80.8646,21.8312],[80.8706,21.828],[80.8737,21.8254],[80.8761,21.8264],[80.878,21.824],[80.8819,21.8246],[80.885,21.8276],[80.8954,21.8285],[80.9057,21.8252],[80.9068,21.8235],[80.9099,21.825],[80.9148,21.8254],[80.9162,21.8274],[80.9232,21.8273],[80.9247,21.8258],[80.9302,21.8244],[80.9317,21.8217],[80.932,21.8133],[80.9333,21.8117],[80.9384,21.8081],[80.9425,21.8081],[80.9458,21.8047],[80.9463,21.8002],[80.948,21.796],[80.9515,21.7896],[80.9542,21.7866],[80.9549,21.7829],[80.9545,21.7771],[80.953,21.7675],[80.9638,21.7643],[80.9712,21.7606],[80.9728,21.7592],[80.974,21.7554],[80.976,21.746],[80.9762,21.7457]]]},"properties":{"id":"in:subdistrict:3299","level":"subdistrict","name":"Bodla","code":3299,"parent":"in:district:382","state":"in:state:22"}},{"type":"Feature","geometry":{"type":"Polygon","coordinates":[[[81.4724,22.015],[81.4593,22.0186],[81.4568,22.0204],[81.4491,22.0207],[81.4448,22.0076],[81.4431,22.0056],[81.4371,22.008],[81.435,22.0104],[81.4337,22.0142],[81.4282,22.0165],[81.4258,22.0143],[81.4229,22.014],[81.4209,22.0155],[81.4232,22.0213],[81.4247,22.0231],[81.4202,22.0282],[81.4148,22.0287],[81.4108,22.0307],[81.4067,22.0352],[81.4033,22.0377],[81.4006,22.0384],[81.4015,22.0409],[81.3992,22.0418],[81.4027,22.0463],[81.3985,22.0482],[81.3958,22.0513],[81.3944,22.05],[81.3916,22.0538],[81.3918,22.0563],[81.3897,22.0596],[81.3915,22.0622],[81.3939,22.0628],[81.394,22.0653],[81.3926,22.0678],[81.3889,22.069],[81.3859,22.0728],[81.3847,22.0779],[81.3816,22.0796],[81.376,22.0863],[81.3743,22.0875],[81.3703,22.0926],[81.3671,22.0917],[81.3623,22.0927],[81.3591,22.0923],[81.3544,22.0969],[81.3523,22.1021],[81.3524,22.1067],[81.3498,22.1115],[81.3456,22.1134],[81.3445,22.1153],[81.3403,22.1159],[81.3415,22.1184],[81.3403,22.1221],[81.3436,22.1246],[81.3351,22.1253],[81.3302,22.1245],[81.3277,22.1258],[81.3238,22.126],[81.3162,22.1287],[81.314,22.1306],[81.3103,22.131],[81.3084,22.1329],[81.3042,22.1322],[81.2987,22.1342],[81.2957,22.1371],[81.2908,22.1308],[81.292,22.1285],[81.2952,22.1257],[81.2987,22.1251],[81.3035,22.1231],[81.3071,22.1206],[81.3085,22.1184],[81.3124,22.1161],[81.3097,22.1119],[81.3048,22.1088],[81.297,22.1013],[81.2863,22.104],[81.2749,22.1042],[81.2717,22.1019],[81.2667,22.09],[81.2728,22.0821],[81.2697,22.078],[81.267,22.0759],[81.2629,22.0715],[81.2533,22.0704],[81.2495,22.0684],[81.2445,22.0693],[81.2395,22.0718],[81.2341,22.0734],[81.223,22.075],[81.2179,22.0741],[81.2106,22.063],[81.212,22.062],[81.2115,22.0583],[81.2143,22.0591],[81.2168,22.0567],[81.2142,22.0527],[81.2173,22.0519],[81.2185,22.0499],[81.217,22.0454],[81.2132,22.0426],[81.2145,22.0403],[81.2137,22.0376],[81.2099,22.0358],[81.2105,22.0337],[81.2144,22.032],[81.2142,22.0294],[81.2056,22.025],[81.2012,22.0224],[81.1986,22.0169],[81.199,22.0116],[81.2039,22.0023],[81.2064,22.0011],[81.2043,21.9942],[81.2038,21.9851],[81.2061,21.9828],[81.2061,21.9804],[81.2088,21.9761],[81.2081,21.9722],[81.2062,21.971],[81.203,21.9667],[81.2019,21.9626],[81.1983,21.9548],[81.195,21.9464],[81.1967,21.9442],[81.1924,21.9425],[81.187,21.9349],[81.1874,21.9329],[81.1903,21.9316],[81.1956,21.9297],[81.1981,21.9243],[81.2007,21.922],[81.1984,21.9186],[81.1987,21.9153],[81.2007,21.91],[81.2014,21.9061],[81.2069,21.9044],[81.2115,21.9057],[81.2164,21.9036],[81.2165,21.9067],[81.2207,21.9086],[81.2237,21.9122],[81.2302,21.912],[81.2294,21.9096],[81.2317,21.9065],[81.2388,21.9023],[81.2483,21.8991],[81.2547,21.899],[81.2589,21.8971],[81.2617,21.8948],[81.2636,21.8963],[81.2622,21.8993],[81.2651,21.9027],[81.2637,21.9047],[81.2579,21.9068],[81.2567,21.9079],[81.2572,21.9113],[81.2619,21.9185],[81.2636,21.9202],[81.2668,21.9199],[81.2729,21.917],[81.2772,21.9183],[81.2824,21.9171],[81.2836,21.9123],[81.2867,21.9132],[81.2936,21.9085],[81.2975,21.9098],[81.3001,21.9065],[81.3046,21.9034],[81.308,21.9035],[81.3115,21.8986],[81.3144,21.898],[81.3193,21.8909],[81.3222,21.8891],[81.3261,21.8936],[81.3304,21.895],[81.3334,21.8933],[81.335,21.8906],[81.3344,21.8885],[81.3387,21.8859],[81.3373,21.8821],[81.34,21.8819],[81.3445,21.879],[81.348,21.8795],[81.3525,21.8775],[81.3529,21.8753],[81.3458,21.8713],[81.3458,21.863],[81.3502,21.8609],[81.3532,21.8611],[81.3545,21.8558],[81.3559,21.855],[81.3635,21.8567],[81.3662,21.8568],[81.3697,21.8534],[81.3723,21.8537],[81.3746,21.856],[81.3812,21.8553],[81.3851,21.8526],[81.391,21.8541],[81.3941,21.857],[81.3946,21.8603],[81.3942,21.8658],[81.3908,21.8711],[81.39,21.8759],[81.3912,21.8812],[81.3933,21.8843],[81.3981,21.8849],[81.4011,21.8897],[81.4075,21.888],[81.4096,21.8922],[81.4081,21.895],[81.4093,21.899],[81.4093,21.9034],[81.4105,21.9047],[81.4125,21.9129],[81.4159,21.9155],[81.4201,21.9139],[81.4216,21.9101],[81.4199,21.9064],[81.4227,21.9057],[81.4236,21.901],[81.4286,21.8984],[81.4302,21.9007],[81.4374,21.8983],[81.4397,21.9007],[81.4446,21.9002],[81.4494,21.9036],[81.4458,21.9039],[81.4388,21.9071],[81.441,21.9094],[81.4452,21.9099],[81.4453,21.9124],[81.4496,21.9116],[81.4549,21.9139],[81.4517,21.9212],[81.452,21.9267],[81.4546,21.93],[81.4598,21.9311],[81.4568,21.933],[81.453,21.9369],[81.4502,21.9373],[81.4513,21.9427],[81.4541,21.9439],[81.4541,21.9468],[81.4511,21.9504],[81.4555,21.9541],[81.4581,21.9547],[81.4593,21.9573],[81.4652,21.9579],[81.4665,21.961],[81.4713,21.9607],[81.474,21.964],[81.4776,21.9641],[81.479,21.9699],[81.4769,21.9718],[81.4733,21.9721],[81.4718,21.9751],[81.4676,21.9788],[81.4722,21.9837],[81.4768,21.9908],[81.4795,21.9937],[81.4836,21.9942],[81.4858,21.997],[81.4828,21.9977],[81.4787,21.9955],[81.4778,21.9966],[81.4797,21.9997],[81.4765,22.0006],[81.4766,22.0038],[81.4743,22.0055],[81.4738,22.008],[81.4708,22.009],[81.4698,22.0122],[81.4724,22.015]]]},"properties":{"id":"in:subdistrict:3298","level":"subdistrict","name":"Kawardha","code":3298,"parent":"in:district:382","state":"in:state:22"}},{"type":"Feature","geometry":{"type":"Polygon","coordinates":[[[81.773,21.954],[81.7727,21.9603],[81.7716,21.9629],[81.772,21.9653],[81.7667,21.9667],[81.7666,21.969],[81.7619,21.9696],[81.7656,21.9762],[81.7609,21.9805],[81.7652,21.987],[81.7617,21.9875],[81.7597,21.9899],[81.7591,21.9993],[81.7557,22.0006],[81.7556,22.0038],[81.7601,22.0215],[81.7569,22.0258],[81.7481,22.0314],[81.7452,22.0317],[81.7413,22.0393],[81.7378,22.0391],[81.7354,22.0402],[81.7346,22.0426],[81.7324,22.0438],[81.7337,22.0482],[81.7312,22.0498],[81.7311,22.052],[81.7267,22.0563],[81.7278,22.0594],[81.7305,22.0594],[81.7311,22.0622],[81.7358,22.0621],[81.738,22.0601],[81.7388,22.056],[81.7402,22.0548],[81.7483,22.0579],[81.7463,22.0609],[81.7473,22.0658],[81.7549,22.0704],[81.7593,22.0765],[81.7604,22.0836],[81.7645,22.0849],[81.7718,22.0845],[81.7786,22.0808],[81.7846,22.0789],[81.7904,22.0802],[81.7946,22.0826],[81.7979,22.0811],[81.8011,22.0815],[81.8032,22.0784],[81.8052,22.0709],[81.8085,22.0645],[81.8127,22.0612],[81.8237,22.0611],[81.8267,22.06],[81.8313,22.0564],[81.8314,22.0548],[81.835,22.0511],[81.8389,22.0517],[81.8425,22.049],[81.8477,22.0603],[81.8532,22.0698],[81.8549,22.0741],[81.8575,22.0733],[81.864,22.0687],[81.8685,22.067],[81.8781,22.0682],[81.8871,22.0644],[81.8903,22.0754],[81.8901,22.083],[81.8909,22.0865],[81.8948,22.0952],[81.8952,22.0993],[81.8915,22.1],[81.89,22.1035],[81.8922,22.1062],[81.8926,22.109],[81.887,22.1129],[81.8838,22.1164],[81.8811,22.1225],[81.8786,22.1261],[81.8756,22.125],[81.8704,22.1203],[81.8676,22.1226],[81.8669,22.1305],[81.8641,22.1339],[81.8595,22.1334],[81.858,22.1419],[81.8538,22.1499],[81.8459,22.1524],[81.8433,22.1567],[81.8374,22.1636],[81.8355,22.1648],[81.831,22.1657],[81.8284,22.17],[81.824,22.1721],[81.822,22.1745],[81.8221,22.1775],[81.8179,22.1817],[81.8146,22.1771],[81.8124,22.1701],[81.8107,22.1667],[81.8038,22.1563],[81.7964,22.1537],[81.7955,22.1574],[81.7922,22.1567],[81.7874,22.1606],[81.7849,22.1596],[81.7837,22.1636],[81.7842,22.1652],[81.7783,22.1654],[81.7745,22.1664],[81.7716,22.1681],[81.7665,22.1676],[81.7578,22.1639],[81.748,22.1632],[81.7444,22.1651],[81.7437,22.1673],[81.7433,22.1768],[81.741,22.1808],[81.7361,22.1763],[81.7282,22.1663],[81.7252,22.1603],[81.7233,22.1577],[81.7197,22.1504],[81.716,22.1446],[81.7142,22.1455],[81.7103,22.152],[81.7043,22.1579],[81.7018,22.1597],[81.6926,22.1508],[81.6883,22.1504],[81.6843,22.1517],[81.6817,22.154],[81.6779,22.155],[81.6753,22.1527],[81.6713,22.1505],[81.6691,22.1502],[81.6673,22.1538],[81.6655,22.1625],[81.6632,22.1657],[81.659,22.1678],[81.6544,22.1571],[81.6521,22.1533],[81.6496,22.151],[81.6461,22.1498],[81.6443,22.147],[81.6457,22.1456],[81.645,22.1429],[81.6464,22.1408],[81.6413,22.1406],[81.6347,22.1344],[81.63,22.1325],[81.6276,22.1347],[81.6264,22.14],[81.6203,22.1418],[81.6154,22.144],[81.6124,22.1463],[81.6116,22.1525],[81.6098,22.1547],[81.6071,22.1546],[81.6045,22.1578],[81.602,22.1568],[81.5975,22.1583],[81.5916,22.152],[81.5901,22.151],[81.5831,22.1532],[81.5809,22.1488],[81.5783,22.1516],[81.5753,22.1565],[81.5763,22.1613],[81.5757,22.1634],[81.5728,22.1649],[81.5731,22.1681],[81.5715,22.1702],[81.5689,22.1693],[81.5655,22.1724],[81.5663,22.1653],[81.5656,22.1628],[81.5668,22.156],[81.5659,22.1537],[81.5661,22.1485],[81.5655,22.1462],[81.5598,22.1506],[81.5566,22.1521],[81.5534,22.1512],[81.5455,22.1551],[81.5438,22.1532],[81.5274,22.1671],[81.5289,22.1618],[81.5254,22.1561],[81.5179,22.1565],[81.5157,22.1541],[81.5158,22.1486],[81.5148,22.1455],[81.5136,22.1325],[81.5143,22.1306],[81.5152,22.1203],[81.5149,22.1149],[81.5139,22.1108],[81.5143,22.1076],[81.5164,22.1019],[81.5174,22.0862],[81.5207,22.0849],[81.5206,22.0827],[81.5183,22.0818],[81.516,22.0739],[81.5107,22.0632],[81.5083,22.0562],[81.5113,22.0535],[81.5083,22.0503],[81.5056,22.0417],[81.5052,22.0321],[81.5111,22.0319],[81.5108,22.0242],[81.5119,22.0194],[81.5085,22.0156],[81.5044,22.0088],[81.5013,22.0049],[81.5035,22.0023],[81.5073,22.0019],[81.5117,21.9986],[81.5182,22.0057],[81.5205,22.0068],[81.5248,22.0044],[81.5278,22.0052],[81.5319,22.0041],[81.5333,22.0061],[81.5396,22.007],[81.5434,22.0056],[81.5476,22.0051],[81.5496,22.0029],[81.5531,22.002],[81.5569,22.0009],[81.5592,21.9981],[81.5577,21.9961],[81.5601,21.995],[81.5675,21.9945],[81.5714,21.9968],[81.5738,21.9943],[81.5734,21.9897],[81.5765,21.9883],[81.5772,21.9833],[81.5799,21.982],[81.5842,21.9882],[81.5898,21.9879],[81.5916,21.9934],[81.5893,21.9986],[81.5898,22.0029],[81.589,22.0065],[81.5913,22.0067],[81.5913,22.0108],[81.5864,22.0159],[81.5833,22.0146],[81.5735,22.0166],[81.5734,22.0204],[81.5773,22.0242],[81.5806,22.0245],[81.5848,22.0233],[81.5849,22.0182],[81.5887,22.0177],[81.59,22.0193],[81.5961,22.0169],[81.6037,22.0174],[81.606,22.0151],[81.6111,22.0135],[81.6092,22.0096],[81.6117,22.0083],[81.611,22.0042],[81.6165,22.0009],[81.6157,21.9884],[81.6237,21.9877],[81.6259,21.9859],[81.6283,21.9862],[81.6352,21.9898],[81.6402,21.989],[81.6445,21.991],[81.6509,21.9901],[81.6576,21.988],[81.6611,21.9848],[81.6633,21.9846],[81.6632,21.9813],[81.6588,21.9779],[81.6581,21.9732],[81.6582,21.968],[81.663,21.9662],[81.6658,21.9637],[81.6748,21.9606],[81.6832,21.9588],[81.689,21.9615],[81.7001,21.96],[81.7055,21.9597],[81.7067,21.9589],[81.7058,21.9525],[81.7097,21.9536],[81.715,21.9536],[81.7157,21.952],[81.7211,21.9507],[81.7216,21.9465],[81.7292,21.9437],[81.7297,21.9469],[81.7394,21.9465],[81.7451,21.9508],[81.7479,21.954],[81.7512,21.9564],[81.7527,21.9599],[81.755,21.9577],[81.7559,21.9539],[81.7587,21.9524],[81.7631,21.9474],[81.7683,21.9479],[81.7725,21.951],[81.773,21.954]]]},"properties":{"id":"in:subdistrict:3292","level":"subdistrict","name":"Mungeli","code":3292,"parent":"in:district:647","state":"in:state:22"}},{"type":"Feature","geometry":{"type":"Polygon","coordinates":[[[82.037,21.8833],[82.0333,21.8869],[82.0282,21.8962],[82.0274,21.9015],[82.0246,21.905],[82.0242,21.9096],[82.0206,21.9143],[82.0172,21.9152],[82.009,21.9148],[82.0029,21.9166],[82.0013,21.9284],[81.9967,21.9327],[81.9949,21.9359],[81.992,21.9373],[81.9909,21.9398],[81.9926,21.9428],[81.9917,21.9455],[81.9925,21.9475],[81.9972,21.9502],[82.0014,21.9581],[82.0095,21.9626],[82.0117,21.965],[82.0116,21.9699],[82.0091,21.9728],[82.008,21.9762],[82.0087,21.981],[82.0022,21.985],[82.0022,21.9896],[81.9998,21.9923],[81.9925,21.9932],[81.9884,21.991],[81.9854,21.9917],[81.9834,21.9937],[81.9813,21.9995],[81.9763,22.0024],[81.9733,22.005],[81.9696,22.004],[81.9658,22.0003],[81.9607,22.0001],[81.9546,22.0034],[81.9546,22.0073],[81.963,22.0073],[81.9642,22.009],[81.9632,22.0139],[81.9599,22.0157],[81.9518,22.0167],[81.9501,22.0195],[81.9505,22.0219],[81.954,22.0291],[81.9561,22.0318],[81.9552,22.0344],[81.9506,22.0371],[81.95,22.0402],[81.9517,22.0441],[81.9512,22.047],[81.9494,22.0501],[81.9461,22.0501],[81.9436,22.0472],[81.9412,22.0474],[81.9408,22.0495],[81.9424,22.053],[81.9403,22.0566],[81.9362,22.0581],[81.9341,22.0555],[81.9315,22.0566],[81.9317,22.0587],[81.9342,22.0626],[81.9322,22.0669],[81.9292,22.0677],[81.9283,22.0636],[81.9234,22.0643],[81.9246,22.0683],[81.9237,22.0721],[81.9204,22.0747],[81.9162,22.0753],[81.9136,22.0747],[81.9107,22.0777],[81.9076,22.0795],[81.9074,22.0822],[81.9111,22.0839],[81.9117,22.087],[81.9083,22.0882],[81.9056,22.0936],[81.903,22.0952],[81.9026,22.0975],[81.9058,22.1009],[81.9033,22.1073],[81.8973,22.1067],[81.8963,22.1053],[81.8964,22.1006],[81.8952,22.0993],[81.8948,22.0952],[81.8909,22.0865],[81.8901,22.083],[81.8903,22.0754],[81.8871,22.0644],[81.8781,22.0682],[81.8685,22.067],[81.864,22.0687],[81.8575,22.0733],[81.8549,22.0741],[81.8532,22.0698],[81.8477,22.0603],[81.8425,22.049],[81.8389,22.0517],[81.835,22.0511],[81.8314,22.0548],[81.8313,22.0564],[81.8267,22.06],[81.8237,22.0611],[81.8127,22.0612],[81.8085,22.0645],[81.8052,22.0709],[81.8032,22.0784],[81.8011,22.0815],[81.7979,22.0811],[81.7946,22.0826],[81.7904,22.0802],[81.7846,22.0789],[81.7786,22.0808],[81.7718,22.0845],[81.7645,22.0849],[81.7604,22.0836],[81.7593,22.0765],[81.7549,22.0704],[81.7473,22.0658],[81.7463,22.0609],[81.7483,22.0579],[81.7402,22.0548],[81.7388,22.056],[81.738,22.0601],[81.7358,22.0621],[81.7311,22.0622],[81.7305,22.0594],[81.7278,22.0594],[81.7267,22.0563],[81.7311,22.052],[81.7312,22.0498],[81.7337,22.0482],[81.7324,22.0438],[81.7346,22.0426],[81.7354,22.0402],[81.7378,22.0391],[81.7413,22.0393],[81.7452,22.0317],[81.7481,22.0314],[81.7569,22.0258],[81.7601,22.0215],[81.7556,22.0038],[81.7557,22.0006],[81.7591,21.9993],[81.7597,21.9899],[81.7617,21.9875],[81.7652,21.987],[81.7609,21.9805],[81.7656,21.9762],[81.7619,21.9696],[81.7666,21.969],[81.7667,21.9667],[81.772,21.9653],[81.7716,21.9629],[81.7727,21.9603],[81.773,21.954],[81.7868,21.9501],[81.7867,21.9472],[81.7931,21.9469],[81.7968,21.9481],[81.8002,21.947],[81.7978,21.9429],[81.7962,21.9365],[81.7959,21.9291],[81.7981,21.9274],[81.8035,21.9249],[81.8034,21.923],[81.806,21.922],[81.8115,21.9219],[81.815,21.9201],[81.8201,21.9189],[81.8223,21.9176],[81.8247,21.9125],[81.8229,21.8999],[81.8187,21.8977],[81.8178,21.8933],[81.8182,21.8912],[81.8163,21.8886],[81.8164,21.8838],[81.8206,21.882],[81.8208,21.8801],[81.8318,21.8788],[81.8335,21.8799],[81.836,21.8783],[81.8417,21.8807],[81.8421,21.8863],[81.8379,21.8927],[81.8424,21.895],[81.853,21.8974],[81.8587,21.8974],[81.8577,21.8889],[81.8607,21.8882],[81.862,21.8836],[81.8696,21.8821],[81.8751,21.8861],[81.8755,21.8914],[81.8823,21.8928],[81.886,21.8928],[81.8886,21.8892],[81.8964,21.8864],[81.9007,21.8834],[81.8989,21.882],[81.896,21.8752],[81.8948,21.8699],[81.8962,21.8677],[81.8986,21.8689],[81.9007,21.8679],[81.9003,21.8573],[81.8992,21.8511],[81.8943,21.8402],[81.9029,21.8372],[81.9215,21.8333],[81.9211,21.8305],[81.9232,21.8243],[81.9292,21.8207],[81.9371,21.8139],[81.9423,21.8174],[81.9459,21.8206],[81.949,21.825],[81.9522,21.8355],[81.951,21.8397],[81.9522,21.8437],[81.9614,21.8484],[81.975,21.8524],[81.9927,21.8541],[81.9977,21.8539],[82.0056,21.8543],[82.0149,21.857],[82.0218,21.8579],[82.0255,21.8605],[82.0284,21.8642],[82.0285,21.8732],[82.0305,21.878],[82.0332,21.8815],[82.037,21.8833]]]},"properties":{"id":"in:subdistrict:3293","level":"subdistrict","name":"Pathariya","code":3293,"parent":"in:district:647","state":"in:state:22"}},{"type":"Feature","geometry":{"type":"Polygon","coordinates":[[[81.8179,22.1817],[81.8221,22.1775],[81.822,22.1745],[81.824,22.1721],[81.8284,22.17],[81.831,22.1657],[81.8355,22.1648],[81.8374,22.1636],[81.8433,22.1567],[81.8459,22.1524],[81.8538,22.1499],[81.858,22.1419],[81.8595,22.1334],[81.8641,22.1339],[81.8669,22.1305],[81.8676,22.1226],[81.8704,22.1203],[81.8756,22.125],[81.8786,22.1261],[81.8811,22.1225],[81.8838,22.1164],[81.887,22.1129],[81.8926,22.109],[81.8922,22.1062],[81.89,22.1035],[81.8915,22.1],[81.8952,22.0993],[81.8964,22.1006],[81.8963,22.1053],[81.8973,22.1067],[81.9033,22.1073],[81.9058,22.1009],[81.9026,22.0975],[81.903,22.0952],[81.9056,22.0936],[81.9083,22.0882],[81.9117,22.087],[81.9111,22.0839],[81.9074,22.0822],[81.9076,22.0795],[81.9107,22.0777],[81.9136,22.0747],[81.9162,22.0753],[81.9204,22.0747],[81.9237,22.0721],[81.9246,22.0683],[81.9234,22.0643],[81.9283,22.0636],[81.9292,22.0677],[81.9322,22.0669],[81.9342,22.0626],[81.9317,22.0587],[81.9315,22.0566],[81.9341,22.0555],[81.9362,22.0581],[81.9403,22.0566],[81.9424,22.053],[81.9408,22.0495],[81.9412,22.0474],[81.9436,22.0472],[81.9461,22.0501],[81.9494,22.0501],[81.9512,22.047],[81.9517,22.0441],[81.95,22.0402],[81.9506,22.0371],[81.9552,22.0344],[81.9561,22.0318],[81.954,22.0291],[81.9505,22.0219],[81.9501,22.0195],[81.9518,22.0167],[81.9599,22.0157],[81.9632,22.0139],[81.9642,22.009],[81.963,22.0073],[81.9546,22.0073],[81.9546,22.0034],[81.9607,22.0001],[81.9658,22.0003],[81.9696,22.004],[81.9733,22.005],[81.9763,22.0024],[81.9813,21.9995],[81.9834,21.9937],[81.9854,21.9917],[81.9884,21.991],[81.9925,21.9932],[81.9998,21.9923],[82.0022,21.9896],[82.0022,21.985],[82.0087,21.981],[82.008,21.9762],[82.0091,21.9728],[82.0116,21.9699],[82.0268,21.9712],[82.035,21.9717],[82.037,21.9759],[82.0395,21.9786],[82.0459,21.98],[82.0499,21.9833],[82.0551,21.9895],[82.0595,21.9932],[82.0611,21.9953],[82.0683,22.0007],[82.07,22.0039],[82.0765,22.0007],[82.085,22.0061],[82.0897,22.0167],[82.0854,22.0307],[82.0941,22.0383],[82.1003,22.0453],[82.1014,22.0495],[82.1073,22.0543],[82.1102,22.0627],[82.1094,22.0657],[82.1131,22.0654],[82.1165,22.0672],[82.1224,22.0734],[82.1257,22.0749],[82.122,22.0767],[82.1208,22.0793],[82.1188,22.0798],[82.1156,22.0844],[82.1164,22.0869],[82.1138,22.0883],[82.1158,22.0936],[82.1161,22.0976],[82.1158,22.1048],[82.1172,22.1098],[82.1152,22.1121],[82.1141,22.116],[82.1176,22.1171],[82.1215,22.1199],[82.1235,22.1231],[82.1185,22.1279],[82.1177,22.1331],[82.1203,22.14],[82.1224,22.1439],[82.1231,22.1544],[82.1218,22.1625],[82.1192,22.1659],[82.107,22.1725],[82.1034,22.1798],[82.0923,22.1924],[82.0891,22.1976],[82.089,22.2042],[82.0909,22.2076],[82.0944,22.2109],[82.1007,22.2159],[82.1034,22.2188],[82.1041,22.2222],[82.0979,22.2281],[82.0978,22.2307],[82.0999,22.241],[82.0996,22.2448],[82.0979,22.2468],[82.0945,22.2502],[82.0898,22.2511],[82.0851,22.2507],[82.0856,22.2487],[82.0761,22.2474],[82.0691,22.244],[82.0633,22.2429],[82.0571,22.2442],[82.0545,22.2455],[82.0484,22.2467],[82.0489,22.2489],[82.046,22.2534],[82.0436,22.2547],[82.0375,22.251],[82.0318,22.2517],[82.0287,22.2527],[82.0214,22.253],[82.0166,22.2552],[82.0029,22.2553],[81.9974,22.2579],[81.9917,22.2568],[81.9857,22.257],[81.9811,22.2554],[81.9825,22.2506],[81.9815,22.2482],[81.979,22.2462],[81.9765,22.2426],[81.9742,22.2412],[81.9744,22.2377],[81.978,22.2331],[81.9739,22.233],[81.9708,22.2293],[81.971,22.2273],[81.967,22.2264],[81.9583,22.2275],[81.9546,22.2319],[81.9612,22.2452],[81.9621,22.2484],[81.9583,22.2553],[81.955,22.2559],[81.95,22.2594],[81.9494,22.2608],[81.944,22.2618],[81.9368,22.2598],[81.9295,22.2556],[81.9248,22.2504],[81.9206,22.247],[81.9086,22.2487],[81.8998,22.2505],[81.895,22.2583],[81.8932,22.2592],[81.8862,22.2599],[81.8847,22.2572],[81.8851,22.2507],[81.8875,22.2465],[81.8873,22.2435],[81.8885,22.2394],[81.8861,22.2369],[81.8873,22.2325],[81.8858,22.2293],[81.8805,22.2242],[81.8664,22.2186],[81.8624,22.2204],[81.8573,22.2194],[81.8513,22.2195],[81.8414,22.2219],[81.8375,22.2221],[81.8344,22.2288],[81.8307,22.2309],[81.83,22.2361],[81.8278,22.2407],[81.8315,22.2456],[81.8307,22.2488],[81.8349,22.2536],[81.8346,22.2592],[81.8378,22.2614],[81.8404,22.2654],[81.841,22.2696],[81.84,22.2761],[81.8414,22.2807],[81.8402,22.2883],[81.8347,22.2866],[81.8334,22.2829],[81.8299,22.2828],[81.8256,22.2809],[81.8242,22.2735],[81.8229,22.2699],[81.8209,22.2706],[81.8137,22.2757],[81.8124,22.2777],[81.82,22.2819],[81.8239,22.286],[81.8243,22.2931],[81.8174,22.2919],[81.815,22.2909],[81.8088,22.2868],[81.8062,22.284],[81.8049,22.2881],[81.7875,22.2872],[81.7839,22.2878],[81.7816,22.2924],[81.7844,22.2927],[81.7879,22.2956],[81.7805,22.3012],[81.7769,22.3058],[81.7745,22.307],[81.7675,22.3024],[81.767,22.2918],[81.7639,22.2903],[81.7595,22.2931],[81.7596,22.2957],[81.7568,22.2995],[81.7567,22.3035],[81.7495,22.3073],[81.7437,22.3126],[81.7421,22.3016],[81.7391,22.2783],[81.741,22.2774],[81.7427,22.2739],[81.7416,22.2679],[81.7337,22.2694],[81.7327,22.2644],[81.7307,22.2634],[81.7311,22.2602],[81.734,22.254],[81.731,22.2506],[81.7323,22.2492],[81.7375,22.2508],[81.7389,22.2486],[81.7427,22.2499],[81.746,22.2477],[81.7495,22.247],[81.7534,22.2485],[81.7559,22.2486],[81.7568,22.2443],[81.7608,22.2398],[81.7633,22.242],[81.7657,22.2425],[81.7671,22.2401],[81.7656,22.2364],[81.7665,22.2345],[81.7713,22.2339],[81.772,22.2325],[81.772,22.2274],[81.7734,22.2258],[81.7764,22.2253],[81.7802,22.2261],[81.7836,22.2235],[81.7864,22.2247],[81.7898,22.2225],[81.794,22.2232],[81.7991,22.221],[81.801,22.2223],[81.8103,22.2116],[81.8093,22.2089],[81.8102,22.206],[81.8143,22.2042],[81.8154,22.201],[81.813,22.1985],[81.8157,22.1928],[81.8157,22.1841],[81.8179,22.1817]]]},"properties":{"id":"in:subdistrict:3294","level":"subdistrict","name":"Takhatpur","code":3294,"parent":"in:district:375","state":"in:state:22"}},{"type":"Feature","geometry":{"type":"Polygon","coordinates":[[[82.1855,21.8337],[82.1907,21.8348],[82.194,21.8363],[82.197,21.8396],[82.1986,21.8465],[82.198,21.8555],[82.2008,21.8627],[82.2035,21.8682],[82.2042,21.8721],[82.2034,21.8737],[82.1987,21.8779],[82.1967,21.8816],[82.1975,21.8834],[82.201,21.8868],[82.2028,21.8899],[82.2044,21.8968],[82.2088,21.9055],[82.2106,21.9099],[82.215,21.913],[82.2172,21.9156],[82.2248,21.9207],[82.2267,21.9235],[82.2291,21.9298],[82.229,21.934],[82.2241,21.9434],[82.224,21.9495],[82.2265,21.958],[82.2241,21.9612],[82.2205,21.9612],[82.2164,21.964],[82.2142,21.9674],[82.2143,21.9706],[82.219,21.9741],[82.2254,21.9773],[82.227,21.9805],[82.2268,21.9844],[82.2213,21.9919],[82.2221,21.9969],[82.2204,21.9974],[82.2144,21.9964],[82.2134,22.0007],[82.2115,22.0022],[82.2109,22.006],[82.2087,22.0073],[82.2066,22.012],[82.2068,22.014],[82.2026,22.0172],[82.2005,22.0165],[82.1994,22.019],[82.1973,22.0197],[82.1948,22.023],[82.1907,22.0261],[82.1878,22.0268],[82.1816,22.026],[82.181,22.0237],[82.1763,22.0179],[82.1743,22.0146],[82.1656,22.0136],[82.16,22.0142],[82.1592,22.0135],[82.1543,22.0153],[82.1543,22.0213],[82.1572,22.0273],[82.1622,22.0237],[82.1651,22.0239],[82.1632,22.028],[82.1562,22.0346],[82.1538,22.0356],[82.1488,22.0347],[82.1436,22.0345],[82.1403,22.0313],[82.133,22.0316],[82.1247,22.0295],[82.1214,22.0317],[82.119,22.0313],[82.1144,22.0374],[82.1101,22.0394],[82.1003,22.0453],[82.0941,22.0383],[82.0854,22.0307],[82.0897,22.0167],[82.085,22.0061],[82.0765,22.0007],[82.07,22.0039],[82.0683,22.0007],[82.0611,21.9953],[82.0595,21.9932],[82.0551,21.9895],[82.0499,21.9833],[82.0459,21.98],[82.0395,21.9786],[82.037,21.9759],[82.035,21.9717],[82.0268,21.9712],[82.0116,21.9699],[82.0117,21.965],[82.0095,21.9626],[82.0014,21.9581],[81.9972,21.9502],[81.9925,21.9475],[81.9917,21.9455],[81.9926,21.9428],[81.9909,21.9398],[81.992,21.9373],[81.9949,21.9359],[81.9967,21.9327],[82.0013,21.9284],[82.0029,21.9166],[82.009,21.9148],[82.0172,21.9152],[82.0206,21.9143],[82.0242,21.9096],[82.0246,21.905],[82.0274,21.9015],[82.0282,21.8962],[82.0333,21.8869],[82.037,21.8833],[82.0454,21.8838],[82.0515,21.8818],[82.0568,21.8779],[82.0652,21.8706],[82.0702,21.8695],[82.0771,21.8654],[82.0791,21.8637],[82.0867,21.8602],[82.0974,21.8565],[82.1008,21.8545],[82.1061,21.8493],[82.1096,21.8445],[82.1151,21.8398],[82.119,21.8344],[82.1229,21.8318],[82.1265,21.8316],[82.1314,21.833],[82.1358,21.8358],[82.1454,21.8409],[82.1511,21.8421],[82.1559,21.846],[82.1594,21.8473],[82.1673,21.8445],[82.1723,21.8439],[82.1775,21.8443],[82.1815,21.8416],[82.1855,21.8337]]]},"properties":{"id":"in:subdistrict:3297","level":"subdistrict","name":"Bilha","code":3297,"parent":"in:district:375","state":"in:state:22"}},{"type":"Feature","geometry":{"type":"Polygon","coordinates":[[[82.3206,21.9452],[82.3197,21.9494],[82.3233,21.9517],[82.3241,21.9568],[82.3275,21.9588],[82.3301,21.9636],[82.3294,21.9649],[82.3251,21.9642],[82.3231,21.9661],[82.3251,21.9689],[82.3241,21.9722],[82.3249,21.9799],[82.3214,21.9845],[82.3212,21.9884],[82.3242,21.993],[82.3242,21.9961],[82.3208,22.0018],[82.3223,22.0035],[82.3282,22.006],[82.3303,22.0088],[82.3324,22.0205],[82.3305,22.0264],[82.3301,22.0374],[82.329,22.0414],[82.3274,22.0436],[82.3288,22.0477],[82.3266,22.0491],[82.3267,22.0511],[82.3303,22.0537],[82.3316,22.0572],[82.3309,22.0609],[82.3344,22.0651],[82.333,22.069],[82.3364,22.0735],[82.3367,22.0773],[82.3357,22.08],[82.3352,22.0892],[82.3368,22.0929],[82.3371,22.096],[82.3339,22.1004],[82.334,22.1059],[82.3391,22.1089],[82.3374,22.1117],[82.3413,22.1153],[82.3394,22.1178],[82.3417,22.1211],[82.3431,22.1209],[82.3459,22.1241],[82.3447,22.1282],[82.3466,22.1289],[82.3504,22.1273],[82.3541,22.1302],[82.3549,22.1328],[82.3583,22.1362],[82.3634,22.1349],[82.3685,22.1382],[82.3712,22.1372],[82.3744,22.1375],[82.378,22.1353],[82.3795,22.1321],[82.3858,22.1335],[82.3892,22.129],[82.3944,22.128],[82.3986,22.1295],[82.4029,22.1332],[82.4058,22.1328],[82.4085,22.1346],[82.4127,22.1338],[82.415,22.1386],[82.4172,22.1393],[82.4203,22.1377],[82.4227,22.1381],[82.4258,22.1413],[82.4251,22.1448],[82.4265,22.1468],[82.4307,22.1486],[82.4311,22.1528],[82.4327,22.1544],[82.4332,22.1599],[82.437,22.1647],[82.4442,22.1697],[82.4462,22.1729],[82.4516,22.1755],[82.4544,22.1751],[82.4579,22.1781],[82.462,22.1788],[82.4691,22.1834],[82.4728,22.188],[82.4729,22.1903],[82.4672,22.1927],[82.4613,22.1944],[82.4604,22.1966],[82.4568,22.1982],[82.4595,22.2037],[82.4575,22.209],[82.4598,22.2134],[82.459,22.2184],[82.4561,22.2198],[82.4513,22.2254],[82.4363,22.227],[82.4349,22.231],[82.4346,22.235],[82.4284,22.2432],[82.429,22.2466],[82.4229,22.2484],[82.4182,22.2507],[82.4087,22.257],[82.3967,22.2602],[82.3973,22.2673],[82.4032,22.2723],[82.4056,22.2734],[82.4148,22.2809],[82.4141,22.284],[82.4119,22.2855],[82.4038,22.2981],[82.3997,22.3053],[82.3843,22.3037],[82.3791,22.3006],[82.3746,22.3036],[82.3735,22.3131],[82.3675,22.319],[82.3614,22.3212],[82.3571,22.3106],[82.352,22.3037],[82.3455,22.2959],[82.3469,22.2884],[82.3431,22.2903],[82.3375,22.2909],[82.3343,22.2877],[82.329,22.2877],[82.3196,22.2907],[82.317,22.2894],[82.3154,22.2842],[82.314,22.2829],[82.3129,22.2793],[82.3179,22.2754],[82.3155,22.2677],[82.3157,22.2658],[82.3093,22.2601],[82.3158,22.2588],[82.3203,22.2563],[82.3233,22.2555],[82.3236,22.2502],[82.3194,22.2468],[82.325,22.2415],[82.3302,22.2386],[82.3355,22.2365],[82.3333,22.2349],[82.3341,22.2296],[82.3327,22.2236],[82.3345,22.2176],[82.3291,22.217],[82.326,22.216],[82.3154,22.2156],[82.3136,22.2142],[82.3103,22.2149],[82.3093,22.209],[82.3033,22.2081],[82.2937,22.2012],[82.291,22.2024],[82.2913,22.2077],[82.2873,22.2104],[82.2843,22.2096],[82.2788,22.2111],[82.2762,22.2081],[82.2734,22.2069],[82.2732,22.2032],[82.2702,22.1983],[82.2657,22.1947],[82.2639,22.1895],[82.2599,22.1881],[82.2581,22.1848],[82.2607,22.1821],[82.2612,22.1775],[82.2578,22.1751],[82.2536,22.1741],[82.2514,22.1752],[82.2457,22.1722],[82.243,22.1689],[82.2407,22.1646],[82.239,22.1599],[82.2388,22.1556],[82.2394,22.1514],[82.2429,22.1498],[82.2438,22.1445],[82.2409,22.1429],[82.2442,22.14],[82.243,22.1366],[82.2466,22.134],[82.249,22.1421],[82.2512,22.1402],[82.2535,22.1408],[82.2596,22.1406],[82.2628,22.1392],[82.2673,22.1384],[82.2676,22.131],[82.2685,22.1294],[82.2667,22.1221],[82.2639,22.1205],[82.2584,22.1206],[82.2543,22.1224],[82.2505,22.1257],[82.2468,22.1262],[82.2431,22.1282],[82.2387,22.1281],[82.2343,22.1247],[82.2342,22.1186],[82.236,22.1156],[82.2401,22.1126],[82.2399,22.1057],[82.2381,22.1029],[82.2351,22.1002],[82.2347,22.0947],[82.2323,22.0913],[82.2338,22.0904],[82.2438,22.0952],[82.2501,22.0929],[82.2537,22.0943],[82.2547,22.093],[82.263,22.0896],[82.2622,22.0872],[82.26,22.086],[82.259,22.0829],[82.2536,22.0809],[82.2502,22.0807],[82.2482,22.0791],[82.2419,22.0776],[82.2363,22.0801],[82.2387,22.0709],[82.2375,22.069],[82.2223,22.06],[82.2198,22.0601],[82.2184,22.0581],[82.2197,22.0565],[82.2226,22.0474],[82.2242,22.0347],[82.228,22.0243],[82.2286,22.0186],[82.2282,22.0145],[82.2266,22.0083],[82.2263,22.0025],[82.2221,21.9969],[82.2213,21.9919],[82.2268,21.9844],[82.227,21.9805],[82.2254,21.9773],[82.219,21.9741],[82.2143,21.9706],[82.2142,21.9674],[82.2164,21.964],[82.2205,21.9612],[82.2241,21.9612],[82.2265,21.958],[82.224,21.9495],[82.2241,21.9434],[82.229,21.934],[82.2291,21.9298],[82.2267,21.9235],[82.2248,21.9207],[82.2172,21.9156],[82.215,21.913],[82.2106,21.9099],[82.2088,21.9055],[82.2044,21.8968],[82.2028,21.8899],[82.201,21.8868],[82.1975,21.8834],[82.1967,21.8816],[82.1987,21.8779],[82.2034,21.8737],[82.2042,21.8721],[82.2035,21.8682],[82.2008,21.8627],[82.198,21.8555],[82.1986,21.8465],[82.197,21.8396],[82.194,21.8363],[82.1907,21.8348],[82.1855,21.8337],[82.1869,21.8252],[82.1856,21.8143],[82.1847,21.8101],[82.1816,21.8029],[82.1824,21.7944],[82.1881,21.7802],[82.1906,21.7708],[82.1946,21.7653],[82.1976,21.763],[82.2006,21.7612],[82.2052,21.7598],[82.2115,21.759],[82.2243,21.7566],[82.2482,21.7538],[82.2855,21.7534],[82.2901,21.7522],[82.2918,21.7506],[82.2943,21.7454],[82.296,21.7364],[82.2973,21.732],[82.3028,21.7245],[82.3082,21.7198],[82.313,21.7168],[82.3218,21.7149],[82.3332,21.7139],[82.3454,21.7141],[82.3684,21.7127],[82.3743,21.7116],[82.3791,21.7115],[82.3921,21.7124],[82.4017,21.715],[82.4114,21.7182],[82.4281,21.7284],[82.4368,21.738],[82.4377,21.7396],[82.4329,21.7455],[82.4253,21.7464],[82.4218,21.7478],[82.4198,21.7497],[82.4132,21.7623],[82.4113,21.7641],[82.4087,21.7639],[82.4014,21.7614],[82.3995,21.7615],[82.3937,21.7643],[82.3906,21.7675],[82.3889,21.7678],[82.3849,21.7648],[82.3866,21.761],[82.3842,21.7598],[82.3811,21.7641],[82.3791,21.7721],[82.3795,21.7765],[82.3786,21.7793],[82.3746,21.7809],[82.3717,21.7902],[82.3718,21.7963],[82.369,21.8033],[82.3674,21.8054],[82.3632,21.814],[82.3615,21.8203],[82.3579,21.8271],[82.357,21.8329],[82.3575,21.8365],[82.3559,21.8391],[82.3502,21.8438],[82.3496,21.8456],[82.3517,21.8489],[82.3513,21.8529],[82.3473,21.8545],[82.3418,21.8582],[82.3388,21.8614],[82.3338,21.8607],[82.3283,21.8628],[82.3248,21.8652],[82.3224,21.8714],[82.3197,21.8724],[82.3153,21.8724],[82.315,21.8758],[82.3131,21.8822],[82.3139,21.8874],[82.3117,21.89],[82.3086,21.8967],[82.3088,21.8997],[82.3133,21.9015],[82.3149,21.9043],[82.3109,21.9065],[82.308,21.9048],[82.3049,21.9059],[82.3041,21.9088],[82.3089,21.9127],[82.3094,21.914],[82.3067,21.9183],[82.3093,21.9219],[82.3082,21.9248],[82.3088,21.927],[82.3118,21.9315],[82.3165,21.9402],[82.3195,21.9415],[82.3206,21.9452]]]},"properties":{"id":"in:subdistrict:3296","level":"subdistrict","name":"Masturi","code":3296,"parent":"in:district:375","state":"in:state:22"}},{"type":"Feature","geometry":{"type":"Polygon","coordinates":[[[82.1003,22.0453],[82.1101,22.0394],[82.1144,22.0374],[82.119,22.0313],[82.1214,22.0317],[82.1247,22.0295],[82.133,22.0316],[82.1403,22.0313],[82.1436,22.0345],[82.1488,22.0347],[82.1538,22.0356],[82.1562,22.0346],[82.1632,22.028],[82.1651,22.0239],[82.1622,22.0237],[82.1572,22.0273],[82.1543,22.0213],[82.1543,22.0153],[82.1592,22.0135],[82.16,22.0142],[82.1656,22.0136],[82.1743,22.0146],[82.1763,22.0179],[82.181,22.0237],[82.1816,22.026],[82.1878,22.0268],[82.1907,22.0261],[82.1948,22.023],[82.1973,22.0197],[82.1994,22.019],[82.2005,22.0165],[82.2026,22.0172],[82.2068,22.014],[82.2066,22.012],[82.2087,22.0073],[82.2109,22.006],[82.2115,22.0022],[82.2134,22.0007],[82.2144,21.9964],[82.2204,21.9974],[82.2221,21.9969],[82.2263,22.0025],[82.2266,22.0083],[82.2282,22.0145],[82.2286,22.0186],[82.228,22.0243],[82.2242,22.0347],[82.2226,22.0474],[82.2197,22.0565],[82.2184,22.0581],[82.2198,22.0601],[82.2223,22.06],[82.2375,22.069],[82.2387,22.0709],[82.2363,22.0801],[82.2419,22.0776],[82.2482,22.0791],[82.2502,22.0807],[82.2536,22.0809],[82.259,22.0829],[82.26,22.086],[82.2622,22.0872],[82.263,22.0896],[82.2547,22.093],[82.2537,22.0943],[82.2501,22.0929],[82.2438,22.0952],[82.2338,22.0904],[82.2323,22.0913],[82.2347,22.0947],[82.2351,22.1002],[82.2381,22.1029],[82.2399,22.1057],[82.2401,22.1126],[82.236,22.1156],[82.2342,22.1186],[82.2343,22.1247],[82.2387,22.1281],[82.2431,22.1282],[82.2468,22.1262],[82.2505,22.1257],[82.2543,22.1224],[82.2584,22.1206],[82.2639,22.1205],[82.2667,22.1221],[82.2685,22.1294],[82.2676,22.131],[82.2673,22.1384],[82.2628,22.1392],[82.2596,22.1406],[82.2535,22.1408],[82.2512,22.1402],[82.249,22.1421],[82.2466,22.134],[82.243,22.1366],[82.2442,22.14],[82.2409,22.1429],[82.2438,22.1445],[82.2429,22.1498],[82.2394,22.1514],[82.2388,22.1556],[82.239,22.1599],[82.2407,22.1646],[82.243,22.1689],[82.2457,22.1722],[82.2514,22.1752],[82.2536,22.1741],[82.2578,22.1751],[82.2612,22.1775],[82.2607,22.1821],[82.2581,22.1848],[82.2599,22.1881],[82.2639,22.1895],[82.2657,22.1947],[82.2702,22.1983],[82.2732,22.2032],[82.2734,22.2069],[82.2762,22.2081],[82.2788,22.2111],[82.2843,22.2096],[82.2873,22.2104],[82.2913,22.2077],[82.291,22.2024],[82.2937,22.2012],[82.3033,22.2081],[82.3093,22.209],[82.3103,22.2149],[82.3136,22.2142],[82.3154,22.2156],[82.326,22.216],[82.3291,22.217],[82.3345,22.2176],[82.3327,22.2236],[82.3341,22.2296],[82.3333,22.2349],[82.3355,22.2365],[82.3302,22.2386],[82.325,22.2415],[82.3194,22.2468],[82.3236,22.2502],[82.3233,22.2555],[82.3203,22.2563],[82.3158,22.2588],[82.3093,22.2601],[82.3157,22.2658],[82.3155,22.2677],[82.3179,22.2754],[82.3129,22.2793],[82.314,22.2829],[82.3154,22.2842],[82.317,22.2894],[82.3196,22.2907],[82.329,22.2877],[82.3343,22.2877],[82.3375,22.2909],[82.3431,22.2903],[82.3469,22.2884],[82.3455,22.2959],[82.352,22.3037],[82.3571,22.3106],[82.3614,22.3212],[82.3587,22.3221],[82.3517,22.3276],[82.3425,22.3261],[82.3327,22.3239],[82.3255,22.3236],[82.3205,22.318],[82.3192,22.3151],[82.3158,22.3113],[82.3145,22.3073],[82.311,22.2991],[82.3027,22.2965],[82.3002,22.2935],[82.2973,22.2888],[82.2919,22.2883],[82.2873,22.2868],[82.2856,22.2887],[82.2815,22.2893],[82.2737,22.2917],[82.2682,22.2966],[82.2627,22.2978],[82.2619,22.299],[82.2597,22.293],[82.2581,22.2848],[82.2561,22.2811],[82.2546,22.2724],[82.2553,22.2685],[82.2533,22.2657],[82.2506,22.2653],[82.2482,22.2675],[82.2457,22.2656],[82.2405,22.265],[82.2356,22.2662],[82.2356,22.2637],[82.232,22.2647],[82.2246,22.2655],[82.2173,22.2681],[82.2112,22.2782],[82.2067,22.2747],[82.1934,22.2714],[82.19,22.2687],[82.1911,22.2652],[82.1907,22.262],[82.1938,22.2592],[82.1913,22.2575],[82.1886,22.2598],[82.1823,22.2613],[82.1776,22.2604],[82.174,22.259],[82.1733,22.2574],[82.1666,22.2594],[82.1629,22.2555],[82.1581,22.2592],[82.158,22.262],[82.156,22.2648],[82.1527,22.2656],[82.1486,22.2582],[82.1487,22.2534],[82.1439,22.2491],[82.1438,22.2422],[82.145,22.2386],[82.1465,22.2382],[82.1459,22.2343],[82.1419,22.2341],[82.1392,22.2356],[82.1343,22.2365],[82.1264,22.2395],[82.1214,22.2469],[82.1127,22.2498],[82.1076,22.2509],[82.0979,22.2468],[82.0996,22.2448],[82.0999,22.241],[82.0978,22.2307],[82.0979,22.2281],[82.1041,22.2222],[82.1034,22.2188],[82.1007,22.2159],[82.0944,22.2109],[82.0909,22.2076],[82.089,22.2042],[82.0891,22.1976],[82.0923,22.1924],[82.1034,22.1798],[82.107,22.1725],[82.1192,22.1659],[82.1218,22.1625],[82.1231,22.1544],[82.1224,22.1439],[82.1203,22.14],[82.1177,22.1331],[82.1185,22.1279],[82.1235,22.1231],[82.1215,22.1199],[82.1176,22.1171],[82.1141,22.116],[82.1152,22.1121],[82.1172,22.1098],[82.1158,22.1048],[82.1161,22.0976],[82.1158,22.0936],[82.1138,22.0883],[82.1164,22.0869],[82.1156,22.0844],[82.1188,22.0798],[82.1208,22.0793],[82.122,22.0767],[82.1257,22.0749],[82.1224,22.0734],[82.1165,22.0672],[82.1131,22.0654],[82.1094,22.0657],[82.1102,22.0627],[82.1073,22.0543],[82.1014,22.0495],[82.1003,22.0453]]]},"properties":{"id":"in:subdistrict:3295","level":"subdistrict","name":"Bilaspur","code":3295,"parent":"in:district:375","state":"in:state:22"}},{"type":"Feature","geometry":{"type":"Polygon","coordinates":[[[81.8402,22.2883],[81.8414,22.2807],[81.84,22.2761],[81.841,22.2696],[81.8404,22.2654],[81.8378,22.2614],[81.8346,22.2592],[81.8349,22.2536],[81.8307,22.2488],[81.8315,22.2456],[81.8278,22.2407],[81.83,22.2361],[81.8307,22.2309],[81.8344,22.2288],[81.8375,22.2221],[81.8414,22.2219],[81.8513,22.2195],[81.8573,22.2194],[81.8624,22.2204],[81.8664,22.2186],[81.8805,22.2242],[81.8858,22.2293],[81.8873,22.2325],[81.8861,22.2369],[81.8885,22.2394],[81.8873,22.2435],[81.8875,22.2465],[81.8851,22.2507],[81.8847,22.2572],[81.8862,22.2599],[81.8932,22.2592],[81.895,22.2583],[81.8998,22.2505],[81.9086,22.2487],[81.9206,22.247],[81.9248,22.2504],[81.9295,22.2556],[81.9368,22.2598],[81.944,22.2618],[81.9494,22.2608],[81.95,22.2594],[81.955,22.2559],[81.9583,22.2553],[81.9621,22.2484],[81.9612,22.2452],[81.9546,22.2319],[81.9583,22.2275],[81.967,22.2264],[81.971,22.2273],[81.9708,22.2293],[81.9739,22.233],[81.978,22.2331],[81.9744,22.2377],[81.9742,22.2412],[81.9765,22.2426],[81.979,22.2462],[81.9815,22.2482],[81.9825,22.2506],[81.9811,22.2554],[81.9857,22.257],[81.9917,22.2568],[81.9974,22.2579],[82.0029,22.2553],[82.0166,22.2552],[82.0214,22.253],[82.0287,22.2527],[82.0318,22.2517],[82.0375,22.251],[82.0436,22.2547],[82.046,22.2534],[82.0489,22.2489],[82.0484,22.2467],[82.0545,22.2455],[82.0571,22.2442],[82.0633,22.2429],[82.0691,22.244],[82.0761,22.2474],[82.0856,22.2487],[82.0851,22.2507],[82.0898,22.2511],[82.0945,22.2502],[82.0979,22.2468],[82.1076,22.2509],[82.1127,22.2498],[82.1214,22.2469],[82.1264,22.2395],[82.1343,22.2365],[82.1392,22.2356],[82.1419,22.2341],[82.1459,22.2343],[82.1465,22.2382],[82.145,22.2386],[82.1438,22.2422],[82.1439,22.2491],[82.1487,22.2534],[82.1486,22.2582],[82.1527,22.2656],[82.156,22.2648],[82.158,22.262],[82.1581,22.2592],[82.1629,22.2555],[82.1666,22.2594],[82.1733,22.2574],[82.174,22.259],[82.1776,22.2604],[82.1823,22.2613],[82.1886,22.2598],[82.1913,22.2575],[82.1938,22.2592],[82.1907,22.262],[82.1911,22.2652],[82.19,22.2687],[82.1934,22.2714],[82.2067,22.2747],[82.2112,22.2782],[82.2173,22.2681],[82.2246,22.2655],[82.232,22.2647],[82.2356,22.2637],[82.2356,22.2662],[82.2405,22.265],[82.2457,22.2656],[82.2482,22.2675],[82.2506,22.2653],[82.2533,22.2657],[82.2553,22.2685],[82.2546,22.2724],[82.2561,22.2811],[82.2581,22.2848],[82.2597,22.293],[82.2619,22.299],[82.2624,22.303],[82.2685,22.3078],[82.2716,22.3158],[82.2721,22.3194],[82.2702,22.3239],[82.2687,22.3328],[82.268,22.3347],[82.2646,22.3346],[82.2616,22.3358],[82.2601,22.335],[82.2538,22.3353],[82.2508,22.3346],[82.242,22.3353],[82.2361,22.3339],[82.2367,22.3305],[82.2334,22.3283],[82.2251,22.3317],[82.2174,22.3386],[82.2156,22.3395],[82.2152,22.334],[82.2142,22.3292],[82.2108,22.3245],[82.2093,22.3199],[82.2059,22.3137],[82.2035,22.3118],[82.2008,22.3146],[82.202,22.3177],[82.1975,22.3178],[82.1932,22.3197],[82.1888,22.3201],[82.186,22.3229],[82.1853,22.325],[82.177,22.3273],[82.1746,22.3244],[82.172,22.3269],[82.1692,22.3268],[82.1657,22.3293],[82.1615,22.3305],[82.1578,22.3287],[82.1567,22.3297],[82.1517,22.3294],[82.1428,22.3325],[82.141,22.3345],[82.1449,22.3373],[82.1481,22.3385],[82.1504,22.341],[82.1536,22.3524],[82.1544,22.3589],[82.1534,22.3622],[82.1541,22.3745],[82.1537,22.3785],[82.15,22.383],[82.1528,22.3834],[82.1572,22.3824],[82.1669,22.3837],[82.1668,22.3927],[82.1649,22.3995],[82.1697,22.4016],[82.1743,22.4046],[82.1791,22.4057],[82.1821,22.4099],[82.1799,22.4125],[82.1802,22.4146],[82.1769,22.4153],[82.1734,22.4249],[82.1721,22.4267],[82.1699,22.4357],[82.1694,22.4401],[82.1679,22.4421],[82.1568,22.4448],[82.1429,22.4514],[82.1414,22.4537],[82.138,22.4544],[82.1404,22.4578],[82.1421,22.4628],[82.1442,22.4666],[82.1423,22.4727],[82.1432,22.4743],[82.1435,22.481],[82.1469,22.4838],[82.1476,22.4881],[82.151,22.492],[82.1559,22.4962],[82.1603,22.5029],[82.1603,22.5079],[82.163,22.5161],[82.1652,22.5265],[82.1621,22.5338],[82.1578,22.5395],[82.1564,22.5442],[82.1552,22.5505],[82.1573,22.5609],[82.1571,22.5681],[82.1587,22.5755],[82.1485,22.5856],[82.1439,22.5935],[82.15,22.5998],[82.1503,22.6011],[82.1395,22.6004],[82.1367,22.6019],[82.1328,22.6027],[82.1181,22.6015],[82.1143,22.6007],[82.106,22.5917],[82.097,22.587],[82.0903,22.5848],[82.0802,22.5775],[82.0751,22.5724],[82.0603,22.5714],[82.0599,22.5648],[82.0562,22.564],[82.0473,22.5666],[82.0411,22.5722],[82.0328,22.5738],[82.0243,22.5779],[82.0156,22.5797],[82.0131,22.5811],[82.0096,22.581],[82.004,22.5819],[81.9995,22.5798],[81.9952,22.5786],[81.994,22.581],[81.9904,22.5832],[81.988,22.5865],[81.9877,22.5891],[81.979,22.6036],[81.9753,22.6107],[81.9689,22.6071],[81.9647,22.6063],[81.9564,22.6116],[81.9531,22.615],[81.9499,22.6158],[81.9395,22.615],[81.9288,22.6133],[81.9236,22.6095],[81.9211,22.6092],[81.914,22.6113],[81.9071,22.614],[81.9027,22.6139],[81.901,22.6119],[81.8958,22.6107],[81.8922,22.6118],[81.8852,22.61],[81.8797,22.6103],[81.8714,22.612],[81.8566,22.6111],[81.8544,22.6052],[81.8478,22.5925],[81.8402,22.5831],[81.8325,22.575],[81.8381,22.573],[81.8369,22.5705],[81.8359,22.5678],[81.8322,22.5641],[81.8348,22.5597],[81.8359,22.5535],[81.8367,22.5434],[81.8339,22.536],[81.832,22.5338],[81.8366,22.5179],[81.8393,22.5135],[81.8407,22.5081],[81.8474,22.5044],[81.853,22.503],[81.8574,22.5032],[81.8654,22.4934],[81.8726,22.4903],[81.8765,22.4875],[81.8827,22.4852],[81.8891,22.4854],[81.9008,22.4825],[81.9022,22.4815],[81.9053,22.4738],[81.904,22.4721],[81.9048,22.4678],[81.9078,22.467],[81.911,22.4623],[81.9075,22.4606],[81.9025,22.4569],[81.8992,22.4563],[81.8986,22.4543],[81.9018,22.4527],[81.9032,22.4502],[81.9008,22.449],[81.9016,22.4426],[81.9063,22.4392],[81.9092,22.4388],[81.9149,22.4322],[81.9157,22.4265],[81.9219,22.4218],[81.9248,22.4122],[81.9307,22.4119],[81.9351,22.4108],[81.9473,22.4046],[81.949,22.4011],[81.9517,22.3983],[81.9527,22.393],[81.9574,22.3892],[81.9582,22.3861],[81.96,22.3834],[81.9594,22.3819],[81.9609,22.3782],[81.9659,22.3751],[81.9652,22.3713],[81.9661,22.3685],[81.972,22.3662],[81.9748,22.3633],[81.9751,22.3605],[81.9704,22.3547],[81.9638,22.3547],[81.963,22.3524],[81.9645,22.351],[81.9597,22.3459],[81.9586,22.341],[81.9543,22.3418],[81.9548,22.3457],[81.9521,22.3467],[81.9443,22.3549],[81.938,22.3587],[81.9331,22.3609],[81.929,22.3615],[81.9256,22.36],[81.9247,22.3571],[81.928,22.3466],[81.9273,22.3445],[81.9294,22.341],[81.9348,22.3394],[81.9356,22.3317],[81.9337,22.3273],[81.9345,22.3239],[81.9306,22.3256],[81.9297,22.3226],[81.9306,22.3185],[81.9297,22.3156],[81.9324,22.3119],[81.9378,22.3104],[81.9376,22.3079],[81.931,22.304],[81.9275,22.3013],[81.9267,22.2962],[81.9293,22.2942],[81.9247,22.2922],[81.916,22.2923],[81.9141,22.2966],[81.9138,22.3117],[81.9111,22.3123],[81.904,22.311],[81.9006,22.3085],[81.8982,22.3049],[81.895,22.3067],[81.8932,22.3093],[81.893,22.3123],[81.8903,22.3159],[81.8843,22.3172],[81.8825,22.3197],[81.8757,22.3218],[81.8717,22.3212],[81.8696,22.3189],[81.8657,22.3172],[81.8646,22.3131],[81.8593,22.3114],[81.8547,22.3089],[81.8529,22.3063],[81.8517,22.3012],[81.8516,22.2959],[81.8546,22.2944],[81.8615,22.2934],[81.8626,22.2911],[81.8579,22.2889],[81.8465,22.2891],[81.8402,22.2883]]]},"properties":{"id":"in:subdistrict:3291","level":"subdistrict","name":"Kota","code":3291,"parent":"in:district:375","state":"in:state:22"}},{"type":"Feature","geometry":{"type":"Polygon","coordinates":[[[81.8921,22.9231],[81.8904,22.9227],[81.8794,22.9109],[81.8776,22.9101],[81.8691,22.9173],[81.8661,22.9158],[81.8655,22.9127],[81.8693,22.9098],[81.8681,22.9021],[81.8695,22.8945],[81.8616,22.8893],[81.8559,22.8908],[81.8532,22.8909],[81.8463,22.8867],[81.8421,22.8877],[81.8382,22.8852],[81.8384,22.8828],[81.8335,22.8809],[81.8281,22.8827],[81.8176,22.8823],[81.7907,22.8774],[81.7765,22.8747],[81.7775,22.8675],[81.7749,22.8639],[81.7773,22.8545],[81.7765,22.8516],[81.774,22.8502],[81.7722,22.8439],[81.767,22.8344],[81.7623,22.8307],[81.7631,22.8296],[81.7695,22.8278],[81.7743,22.8216],[81.7777,22.8164],[81.7779,22.8133],[81.7818,22.8109],[81.7829,22.8033],[81.7841,22.7987],[81.7819,22.7961],[81.781,22.7899],[81.7822,22.7852],[81.7837,22.784],[81.7836,22.7792],[81.7924,22.7694],[81.7944,22.7665],[81.7885,22.7636],[81.7843,22.7572],[81.7807,22.7545],[81.7793,22.7509],[81.7765,22.7514],[81.7731,22.7506],[81.7701,22.7457],[81.769,22.7403],[81.7699,22.7356],[81.7633,22.7356],[81.7553,22.7335],[81.7536,22.7285],[81.7534,22.721],[81.756,22.714],[81.7569,22.7083],[81.7607,22.7012],[81.7612,22.6975],[81.7649,22.6937],[81.7667,22.6905],[81.7712,22.6871],[81.7728,22.6847],[81.7725,22.6686],[81.767,22.6622],[81.7657,22.6592],[81.7634,22.6573],[81.7596,22.6503],[81.7563,22.6464],[81.7526,22.6445],[81.7494,22.6463],[81.7484,22.6494],[81.75,22.6532],[81.752,22.6544],[81.7497,22.6604],[81.7464,22.6629],[81.743,22.6725],[81.7403,22.675],[81.7395,22.6721],[81.7349,22.673],[81.7324,22.6745],[81.7279,22.6753],[81.7264,22.6741],[81.7294,22.6725],[81.7346,22.6673],[81.7359,22.6625],[81.7367,22.655],[81.7348,22.6509],[81.7351,22.6487],[81.732,22.6465],[81.7328,22.644],[81.7315,22.6421],[81.7285,22.6338],[81.7328,22.6324],[81.7347,22.6276],[81.7353,22.6237],[81.7349,22.6189],[81.7388,22.6156],[81.7377,22.6121],[81.7407,22.6126],[81.7406,22.6078],[81.7418,22.6068],[81.7498,22.6075],[81.7509,22.6035],[81.7503,22.5972],[81.7488,22.5948],[81.7497,22.5928],[81.7537,22.5938],[81.7548,22.5917],[81.7632,22.5944],[81.7665,22.5966],[81.7708,22.5944],[81.7745,22.5957],[81.7764,22.5947],[81.7803,22.5959],[81.783,22.5983],[81.7869,22.5977],[81.7868,22.5953],[81.7848,22.5932],[81.7831,22.5889],[81.7847,22.5878],[81.7882,22.5885],[81.7882,22.5856],[81.7863,22.5813],[81.7927,22.5798],[81.7903,22.5756],[81.7901,22.573],[81.793,22.5727],[81.7926,22.5692],[81.7982,22.5631],[81.8005,22.5633],[81.8027,22.5698],[81.8088,22.5702],[81.8134,22.5742],[81.8195,22.5736],[81.8253,22.5751],[81.8275,22.5735],[81.8283,22.5703],[81.8331,22.5711],[81.8369,22.5705],[81.8381,22.573],[81.8325,22.575],[81.8402,22.5831],[81.8478,22.5925],[81.8544,22.6052],[81.8566,22.6111],[81.8714,22.612],[81.8797,22.6103],[81.8852,22.61],[81.8922,22.6118],[81.8958,22.6107],[81.901,22.6119],[81.9027,22.6139],[81.9071,22.614],[81.914,22.6113],[81.9211,22.6092],[81.9236,22.6095],[81.9288,22.6133],[81.9395,22.615],[81.9499,22.6158],[81.9531,22.615],[81.9564,22.6116],[81.9647,22.6063],[81.9689,22.6071],[81.9753,22.6107],[81.979,22.6036],[81.9877,22.5891],[81.988,22.5865],[81.9904,22.5832],[81.994,22.581],[81.9952,22.5786],[81.9995,22.5798],[82.004,22.5819],[82.0096,22.581],[82.0131,22.5811],[82.0156,22.5797],[82.0243,22.5779],[82.0328,22.5738],[82.0411,22.5722],[82.0473,22.5666],[82.0562,22.564],[82.0599,22.5648],[82.0603,22.5714],[82.0751,22.5724],[82.0622,22.5935],[82.0686,22.6011],[82.0675,22.6091],[82.0924,22.6859],[82.0938,22.6927],[82.0821,22.6923],[82.0678,22.69],[82.0655,22.6879],[82.0689,22.6848],[82.0688,22.6772],[82.0593,22.6775],[82.0518,22.6746],[82.0326,22.6727],[82.024,22.6734],[82.0184,22.6756],[82.0126,22.6802],[82.0116,22.6912],[82.0118,22.6988],[82.0068,22.71],[82.0065,22.7207],[82.004,22.7285],[82.001,22.7347],[81.9963,22.7346],[81.9947,22.7376],[81.9963,22.7407],[81.9955,22.7504],[81.9949,22.7518],[81.9882,22.7534],[81.9838,22.7505],[81.9824,22.7447],[81.9766,22.7481],[81.973,22.7479],[81.9678,22.7499],[81.9615,22.7488],[81.9609,22.7512],[81.9576,22.7544],[81.9555,22.7585],[81.9515,22.7605],[81.9462,22.7596],[81.9432,22.7619],[81.9414,22.7657],[81.9387,22.7681],[81.9362,22.7722],[81.9259,22.7738],[81.9255,22.7749],[81.9287,22.7806],[81.9253,22.7842],[81.9286,22.7883],[81.9301,22.7915],[81.9292,22.7949],[81.9302,22.7983],[81.9262,22.8017],[81.922,22.8028],[81.9256,22.8048],[81.9272,22.8097],[81.9295,22.8141],[81.9326,22.8217],[81.9364,22.827],[81.9368,22.8333],[81.9377,22.8361],[81.9364,22.8382],[81.9359,22.8424],[81.9379,22.8463],[81.938,22.8485],[81.9356,22.8533],[81.9343,22.8583],[81.9359,22.8608],[81.9343,22.8628],[81.9414,22.8726],[81.948,22.8799],[81.9507,22.8842],[81.9514,22.8872],[81.949,22.8916],[81.9459,22.8942],[81.9387,22.895],[81.936,22.8974],[81.9192,22.9042],[81.9175,22.9053],[81.9177,22.9088],[81.9072,22.9156],[81.8947,22.9214],[81.8921,22.9231]]]},"properties":{"id":"in:subdistrict:3287","level":"subdistrict","name":"Pendra Road Gorella","code":3287,"parent":"in:district:734","state":"in:state:22"}},{"type":"Feature","geometry":{"type":"Polygon","coordinates":[[[81.9326,22.8217],[81.9295,22.8141],[81.9272,22.8097],[81.9256,22.8048],[81.922,22.8028],[81.9262,22.8017],[81.9302,22.7983],[81.9292,22.7949],[81.9301,22.7915],[81.9286,22.7883],[81.9253,22.7842],[81.9287,22.7806],[81.9255,22.7749],[81.9259,22.7738],[81.9362,22.7722],[81.9387,22.7681],[81.9414,22.7657],[81.9432,22.7619],[81.9462,22.7596],[81.9515,22.7605],[81.9555,22.7585],[81.9576,22.7544],[81.9609,22.7512],[81.9615,22.7488],[81.9678,22.7499],[81.973,22.7479],[81.9766,22.7481],[81.9824,22.7447],[81.9838,22.7505],[81.9882,22.7534],[81.9949,22.7518],[81.9955,22.7504],[81.9963,22.7407],[81.9947,22.7376],[81.9963,22.7346],[82.001,22.7347],[82.004,22.7285],[82.0065,22.7207],[82.0068,22.71],[82.0118,22.6988],[82.0116,22.6912],[82.0126,22.6802],[82.0184,22.6756],[82.024,22.6734],[82.0326,22.6727],[82.0518,22.6746],[82.0593,22.6775],[82.0688,22.6772],[82.0689,22.6848],[82.0655,22.6879],[82.0678,22.69],[82.0821,22.6923],[82.0938,22.6927],[82.0924,22.6859],[82.0675,22.6091],[82.0686,22.6011],[82.0622,22.5935],[82.0751,22.5724],[82.0802,22.5775],[82.0903,22.5848],[82.097,22.587],[82.106,22.5917],[82.1143,22.6007],[82.1181,22.6015],[82.1328,22.6027],[82.1367,22.6019],[82.1395,22.6004],[82.1503,22.6011],[82.15,22.5998],[82.1439,22.5935],[82.1485,22.5856],[82.1587,22.5755],[82.1571,22.5681],[82.1573,22.5609],[82.1552,22.5505],[82.1564,22.5442],[82.1623,22.547],[82.1676,22.5479],[82.1662,22.5552],[82.1687,22.5561],[82.1746,22.5569],[82.1812,22.5602],[82.1833,22.563],[82.1844,22.5672],[82.1875,22.5698],[82.197,22.579],[82.2015,22.5883],[82.2065,22.5948],[82.2083,22.5963],[82.2124,22.5964],[82.2189,22.594],[82.223,22.594],[82.2333,22.5912],[82.233,22.5965],[82.2384,22.6104],[82.2378,22.6158],[82.2392,22.6244],[82.236,22.6278],[82.237,22.6311],[82.2363,22.6369],[82.2367,22.6413],[82.2388,22.6424],[82.2382,22.6464],[82.2398,22.6539],[82.2355,22.6572],[82.2287,22.659],[82.2254,22.6605],[82.2203,22.6614],[82.2054,22.6602],[82.2023,22.6605],[82.2022,22.666],[82.1991,22.6673],[82.1968,22.6699],[82.1972,22.6747],[82.1856,22.6745],[82.1818,22.6719],[82.177,22.6705],[82.1737,22.6706],[82.1745,22.6782],[82.1742,22.6827],[82.1726,22.6934],[82.1712,22.6951],[82.1672,22.695],[82.1661,22.7021],[82.1664,22.7078],[82.1651,22.7149],[82.1664,22.7246],[82.1647,22.728],[82.1577,22.7332],[82.1517,22.7363],[82.1489,22.7416],[82.1519,22.7558],[82.1528,22.7576],[82.1556,22.7669],[82.1537,22.7743],[82.1556,22.7781],[82.1558,22.7869],[82.159,22.7876],[82.1591,22.8106],[82.1586,22.8156],[82.1525,22.8159],[82.1553,22.8355],[82.1553,22.8387],[82.1511,22.8409],[82.1453,22.8424],[82.1393,22.8421],[82.1364,22.8454],[82.1352,22.8501],[82.1332,22.8497],[82.1303,22.8512],[82.1279,22.8478],[82.1243,22.8478],[82.1238,22.8427],[82.1189,22.8402],[82.1189,22.835],[82.1156,22.8353],[82.114,22.83],[82.1135,22.8244],[82.1053,22.8247],[82.1008,22.8255],[82.088,22.824],[82.0838,22.8203],[82.0834,22.817],[82.0754,22.8186],[82.0616,22.8188],[82.0623,22.8224],[82.061,22.8286],[82.0588,22.8328],[82.0583,22.836],[82.0592,22.8428],[82.0592,22.8476],[82.0606,22.8542],[82.06,22.8558],[82.0557,22.8578],[82.0538,22.8597],[82.049,22.8541],[82.0449,22.8537],[82.0398,22.8509],[82.0366,22.8481],[82.0335,22.843],[82.0311,22.8404],[82.0264,22.8388],[82.0202,22.8377],[82.0132,22.8385],[82.0134,22.8286],[82.0156,22.8238],[82.012,22.8243],[82.0057,22.824],[82.0005,22.8243],[81.9955,22.8227],[81.9907,22.822],[81.9844,22.8194],[81.9756,22.8177],[81.969,22.816],[81.9647,22.8141],[81.9593,22.8179],[81.9551,22.818],[81.9506,22.816],[81.9462,22.8157],[81.9385,22.8186],[81.9347,22.8215],[81.9326,22.8217]]]},"properties":{"id":"in:subdistrict:3289","level":"subdistrict","name":"Pendra","code":3289,"parent":"in:district:734","state":"in:state:22"}},{"type":"Feature","geometry":{"type":"Polygon","coordinates":[[[82.4598,22.2134],[82.4632,22.2155],[82.4708,22.2245],[82.4733,22.2243],[82.4766,22.2258],[82.477,22.2293],[82.4826,22.2347],[82.4817,22.2378],[82.4857,22.2396],[82.489,22.2397],[82.4927,22.2447],[82.4956,22.2452],[82.4963,22.2477],[82.4996,22.2506],[82.5022,22.2492],[82.5099,22.2532],[82.5125,22.2506],[82.5191,22.2522],[82.5231,22.2491],[82.5262,22.2425],[82.5266,22.2392],[82.534,22.2328],[82.5358,22.2325],[82.5361,22.2126],[82.5397,22.2096],[82.5447,22.2079],[82.5508,22.21],[82.554,22.2129],[82.556,22.2174],[82.5586,22.2188],[82.567,22.2209],[82.571,22.2211],[82.5747,22.2244],[82.5803,22.2279],[82.5841,22.2332],[82.586,22.2387],[82.5887,22.2433],[82.5918,22.2469],[82.5922,22.2507],[82.5906,22.257],[82.5915,22.2608],[82.5932,22.2634],[82.5912,22.2639],[82.5893,22.2692],[82.5845,22.2725],[82.5787,22.2721],[82.5751,22.2688],[82.5708,22.2664],[82.5691,22.2671],[82.5699,22.2742],[82.5697,22.2795],[82.5592,22.2806],[82.5515,22.2806],[82.5516,22.2866],[82.5537,22.288],[82.5555,22.2911],[82.5603,22.2971],[82.5619,22.3039],[82.5603,22.3103],[82.5638,22.3151],[82.5643,22.317],[82.5671,22.3181],[82.5673,22.3215],[82.563,22.3236],[82.5621,22.3254],[82.5587,22.3275],[82.5565,22.3276],[82.553,22.321],[82.5499,22.3141],[82.5504,22.3105],[82.5441,22.3142],[82.538,22.3172],[82.5355,22.3174],[82.5353,22.321],[82.5334,22.3263],[82.5277,22.3262],[82.5274,22.3313],[82.5266,22.3332],[82.528,22.3369],[82.528,22.343],[82.5251,22.3458],[82.5211,22.3511],[82.5164,22.3563],[82.5094,22.3574],[82.5056,22.3605],[82.5033,22.3668],[82.5037,22.3786],[82.497,22.3777],[82.4932,22.3836],[82.4914,22.3875],[82.481,22.3929],[82.4737,22.3944],[82.4731,22.3973],[82.4763,22.3977],[82.4741,22.4059],[82.4672,22.4105],[82.471,22.4238],[82.4733,22.4267],[82.4736,22.4293],[82.4723,22.4325],[82.4774,22.4358],[82.4841,22.451],[82.4937,22.4577],[82.4939,22.4616],[82.4927,22.4651],[82.4961,22.4701],[82.4978,22.4737],[82.4955,22.4762],[82.4851,22.4815],[82.483,22.4818],[82.4804,22.4841],[82.4756,22.4933],[82.473,22.4951],[82.4704,22.4947],[82.4652,22.4954],[82.4606,22.5059],[82.4617,22.5095],[82.4596,22.5132],[82.4647,22.5155],[82.465,22.5208],[82.4689,22.5179],[82.4705,22.5198],[82.4663,22.5255],[82.4621,22.5267],[82.4598,22.529],[82.4627,22.5326],[82.4678,22.5315],[82.471,22.533],[82.4725,22.5357],[82.4732,22.551],[82.4681,22.5526],[82.464,22.5527],[82.4596,22.5517],[82.4569,22.5491],[82.454,22.5449],[82.4518,22.5462],[82.4493,22.5454],[82.4508,22.5416],[82.4454,22.5445],[82.4401,22.5457],[82.4315,22.5498],[82.426,22.5517],[82.4189,22.5587],[82.4184,22.5634],[82.4103,22.5685],[82.4074,22.5729],[82.4026,22.5747],[82.3975,22.5742],[82.3976,22.5767],[82.4018,22.5802],[82.3985,22.5904],[82.3948,22.5929],[82.3908,22.6037],[82.3874,22.6092],[82.3848,22.6102],[82.3825,22.6128],[82.3772,22.6111],[82.3764,22.6086],[82.3738,22.6084],[82.3686,22.6125],[82.3645,22.6124],[82.3643,22.6154],[82.3681,22.6193],[82.3631,22.6196],[82.3648,22.6229],[82.3625,22.6251],[82.3651,22.628],[82.3657,22.632],[82.3671,22.6335],[82.3713,22.6431],[82.3702,22.6475],[82.3706,22.6503],[82.3726,22.6547],[82.3714,22.6569],[82.3723,22.6615],[82.3694,22.6683],[82.372,22.6732],[82.3759,22.6767],[82.3734,22.6838],[82.3648,22.6904],[82.3595,22.6976],[82.3583,22.6998],[82.3553,22.6997],[82.3532,22.7027],[82.351,22.7031],[82.3492,22.7056],[82.3457,22.7063],[82.3417,22.7058],[82.3398,22.7037],[82.3343,22.7063],[82.331,22.7045],[82.3299,22.7026],[82.3265,22.7024],[82.3249,22.7047],[82.3215,22.7038],[82.3188,22.7008],[82.3111,22.7051],[82.3081,22.7029],[82.3029,22.7053],[82.2971,22.7058],[82.296,22.7027],[82.3017,22.6983],[82.299,22.6929],[82.2988,22.6905],[82.3004,22.6878],[82.3022,22.6817],[82.3012,22.6781],[82.2992,22.6763],[82.2938,22.6743],[82.2913,22.6722],[82.2867,22.6753],[82.2886,22.6771],[82.2879,22.681],[82.2891,22.6838],[82.2837,22.6858],[82.2844,22.6908],[82.2814,22.691],[82.2726,22.6889],[82.2698,22.6861],[82.2712,22.6787],[82.2673,22.6746],[82.2606,22.6659],[82.257,22.6656],[82.257,22.6698],[82.2546,22.6706],[82.2536,22.6756],[82.2555,22.6793],[82.2546,22.6824],[82.2512,22.6835],[82.2506,22.688],[82.2447,22.6874],[82.2447,22.6845],[82.2421,22.6818],[82.2374,22.6851],[82.232,22.688],[82.2299,22.6878],[82.2298,22.6824],[82.2261,22.6801],[82.2266,22.6771],[82.2232,22.6777],[82.2199,22.6761],[82.2197,22.6738],[82.2163,22.6726],[82.2108,22.6719],[82.2052,22.6671],[82.2022,22.666],[82.2023,22.6605],[82.2054,22.6602],[82.2203,22.6614],[82.2254,22.6605],[82.2287,22.659],[82.2355,22.6572],[82.2398,22.6539],[82.2382,22.6464],[82.2388,22.6424],[82.2367,22.6413],[82.2363,22.6369],[82.237,22.6311],[82.236,22.6278],[82.2392,22.6244],[82.2378,22.6158],[82.2384,22.6104],[82.233,22.5965],[82.2333,22.5912],[82.223,22.594],[82.2189,22.594],[82.2124,22.5964],[82.2083,22.5963],[82.2065,22.5948],[82.2015,22.5883],[82.197,22.579],[82.1875,22.5698],[82.1844,22.5672],[82.1833,22.563],[82.1812,22.5602],[82.1746,22.5569],[82.1687,22.5561],[82.1662,22.5552],[82.1676,22.5479],[82.1623,22.547],[82.1564,22.5442],[82.1578,22.5395],[82.1621,22.5338],[82.1652,22.5265],[82.163,22.5161],[82.1603,22.5079],[82.1603,22.5029],[82.1559,22.4962],[82.151,22.492],[82.1476,22.4881],[82.1469,22.4838],[82.1435,22.481],[82.1432,22.4743],[82.1423,22.4727],[82.1442,22.4666],[82.1421,22.4628],[82.1404,22.4578],[82.138,22.4544],[82.1414,22.4537],[82.1429,22.4514],[82.1568,22.4448],[82.1679,22.4421],[82.1694,22.4401],[82.1699,22.4357],[82.1721,22.4267],[82.1734,22.4249],[82.1769,22.4153],[82.1802,22.4146],[82.1799,22.4125],[82.1821,22.4099],[82.1791,22.4057],[82.1743,22.4046],[82.1697,22.4016],[82.1649,22.3995],[82.1668,22.3927],[82.1669,22.3837],[82.1572,22.3824],[82.1528,22.3834],[82.15,22.383],[82.1537,22.3785],[82.1541,22.3745],[82.1534,22.3622],[82.1544,22.3589],[82.1536,22.3524],[82.1504,22.341],[82.1481,22.3385],[82.1449,22.3373],[82.141,22.3345],[82.1428,22.3325],[82.1517,22.3294],[82.1567,22.3297],[82.1578,22.3287],[82.1615,22.3305],[82.1657,22.3293],[82.1692,22.3268],[82.172,22.3269],[82.1746,22.3244],[82.177,22.3273],[82.1853,22.325],[82.186,22.3229],[82.1888,22.3201],[82.1932,22.3197],[82.1975,22.3178],[82.202,22.3177],[82.2008,22.3146],[82.2035,22.3118],[82.2059,22.3137],[82.2093,22.3199],[82.2108,22.3245],[82.2142,22.3292],[82.2152,22.334],[82.2156,22.3395],[82.2174,22.3386],[82.2251,22.3317],[82.2334,22.3283],[82.2367,22.3305],[82.2361,22.3339],[82.242,22.3353],[82.2508,22.3346],[82.2538,22.3353],[82.2601,22.335],[82.2616,22.3358],[82.2646,22.3346],[82.268,22.3347],[82.2687,22.3328],[82.2702,22.3239],[82.2721,22.3194],[82.2716,22.3158],[82.2685,22.3078],[82.2624,22.303],[82.2619,22.299],[82.2627,22.2978],[82.2682,22.2966],[82.2737,22.2917],[82.2815,22.2893],[82.2856,22.2887],[82.2873,22.2868],[82.2919,22.2883],[82.2973,22.2888],[82.3002,22.2935],[82.3027,22.2965],[82.311,22.2991],[82.3145,22.3073],[82.3158,22.3113],[82.3192,22.3151],[82.3205,22.318],[82.3255,22.3236],[82.3327,22.3239],[82.3425,22.3261],[82.3517,22.3276],[82.3587,22.3221],[82.3614,22.3212],[82.3675,22.319],[82.3735,22.3131],[82.3746,22.3036],[82.3791,22.3006],[82.3843,22.3037],[82.3997,22.3053],[82.4038,22.2981],[82.4119,22.2855],[82.4141,22.284],[82.4148,22.2809],[82.4056,22.2734],[82.4032,22.2723],[82.3973,22.2673],[82.3967,22.2602],[82.4087,22.257],[82.4182,22.2507],[82.4229,22.2484],[82.429,22.2466],[82.4284,22.2432],[82.4346,22.235],[82.4349,22.231],[82.4363,22.227],[82.4513,22.2254],[82.4561,22.2198],[82.459,22.2184],[82.4598,22.2134]]]},"properties":{"id":"in:subdistrict:3274","level":"subdistrict","name":"Pali","code":3274,"parent":"in:district:383","state":"in:state:22"}},{"type":"Feature","geometry":{"type":"Polygon","coordinates":[[[82.5748,22.9654],[82.5716,22.9671],[82.57,22.9707],[82.5661,22.9752],[82.5615,22.9766],[82.5393,22.9753],[82.5285,22.9754],[82.5206,22.9728],[82.514,22.9695],[82.507,22.969],[82.4881,22.9705],[82.4823,22.9667],[82.4766,22.9682],[82.47,22.9687],[82.4554,22.9668],[82.4513,22.9687],[82.4368,22.9712],[82.4319,22.9731],[82.4251,22.9742],[82.4173,22.9739],[82.4116,22.9766],[82.4107,22.9891],[82.4051,22.9909],[82.4044,22.9938],[82.401,22.995],[82.4,22.9967],[82.3929,22.9993],[82.3878,22.9993],[82.3837,23.0004],[82.3813,22.999],[82.3759,22.9978],[82.3697,22.9986],[82.3644,22.9981],[82.3619,22.9987],[82.3601,22.997],[82.3569,22.9961],[82.3496,22.9913],[82.3448,22.9919],[82.3387,22.9867],[82.3329,22.9832],[82.3333,22.9816],[82.3299,22.9757],[82.3304,22.9737],[82.3263,22.967],[82.317,22.967],[82.3075,22.9688],[82.3057,22.9686],[82.3012,22.9647],[82.2948,22.962],[82.2887,22.9615],[82.2834,22.9599],[82.281,22.9581],[82.2778,22.9532],[82.2729,22.9508],[82.2602,22.9407],[82.2588,22.938],[82.2553,22.9379],[82.2482,22.9391],[82.2416,22.9389],[82.2409,22.9383],[82.2325,22.9396],[82.2259,22.9411],[82.2226,22.9409],[82.2158,22.945],[82.2133,22.9414],[82.2121,22.9372],[82.2122,22.9324],[82.2083,22.9257],[82.2055,22.9238],[82.2001,22.9217],[82.1975,22.9174],[82.1955,22.9185],[82.1929,22.916],[82.1932,22.9117],[82.188,22.9053],[82.1841,22.9047],[82.1813,22.9011],[82.178,22.8997],[82.177,22.8965],[82.1742,22.8943],[82.1736,22.8906],[82.167,22.8872],[82.1622,22.8867],[82.1584,22.885],[82.1579,22.8795],[82.1551,22.8746],[82.1531,22.8673],[82.1532,22.8652],[82.1514,22.8633],[82.1447,22.8644],[82.1417,22.863],[82.1411,22.8591],[82.1343,22.8533],[82.1352,22.8501],[82.1364,22.8454],[82.1393,22.8421],[82.1453,22.8424],[82.1511,22.8409],[82.1553,22.8387],[82.1553,22.8355],[82.1525,22.8159],[82.1586,22.8156],[82.1591,22.8106],[82.159,22.7876],[82.1558,22.7869],[82.1556,22.7781],[82.1537,22.7743],[82.1556,22.7669],[82.1528,22.7576],[82.1519,22.7558],[82.1489,22.7416],[82.1517,22.7363],[82.1577,22.7332],[82.1647,22.728],[82.1664,22.7246],[82.1651,22.7149],[82.1664,22.7078],[82.1661,22.7021],[82.1672,22.695],[82.1712,22.6951],[82.1726,22.6934],[82.1742,22.6827],[82.1745,22.6782],[82.1737,22.6706],[82.177,22.6705],[82.1818,22.6719],[82.1856,22.6745],[82.1972,22.6747],[82.1968,22.6699],[82.1991,22.6673],[82.2022,22.666],[82.2052,22.6671],[82.2108,22.6719],[82.2163,22.6726],[82.2197,22.6738],[82.2199,22.6761],[82.2232,22.6777],[82.2266,22.6771],[82.2261,22.6801],[82.2298,22.6824],[82.2299,22.6878],[82.232,22.688],[82.2374,22.6851],[82.2421,22.6818],[82.2447,22.6845],[82.2447,22.6874],[82.2506,22.688],[82.2512,22.6835],[82.2546,22.6824],[82.2555,22.6793],[82.2536,22.6756],[82.2546,22.6706],[82.257,22.6698],[82.257,22.6656],[82.2606,22.6659],[82.2673,22.6746],[82.2712,22.6787],[82.2698,22.6861],[82.2726,22.6889],[82.2814,22.691],[82.2844,22.6908],[82.2837,22.6858],[82.2891,22.6838],[82.2879,22.681],[82.2886,22.6771],[82.2867,22.6753],[82.2913,22.6722],[82.2938,22.6743],[82.2992,22.6763],[82.3012,22.6781],[82.3022,22.6817],[82.3004,22.6878],[82.2988,22.6905],[82.299,22.6929],[82.3017,22.6983],[82.296,22.7027],[82.2971,22.7058],[82.3029,22.7053],[82.3081,22.7029],[82.3111,22.7051],[82.3188,22.7008],[82.3215,22.7038],[82.3249,22.7047],[82.3265,22.7024],[82.3299,22.7026],[82.331,22.7045],[82.3343,22.7063],[82.3398,22.7037],[82.3417,22.7058],[82.3457,22.7063],[82.3492,22.7056],[82.351,22.7031],[82.3532,22.7027],[82.3553,22.6997],[82.3583,22.6998],[82.3595,22.6976],[82.3648,22.6904],[82.3734,22.6838],[82.3759,22.6767],[82.38,22.6795],[82.3821,22.6823],[82.3845,22.6923],[82.3893,22.6914],[82.3975,22.686],[82.4068,22.686],[82.417,22.683],[82.421,22.6836],[82.4315,22.6817],[82.4377,22.6788],[82.4436,22.6739],[82.4498,22.6699],[82.4536,22.6692],[82.4619,22.665],[82.4705,22.6619],[82.4745,22.6584],[82.4783,22.658],[82.4834,22.6513],[82.4899,22.6436],[82.4881,22.641],[82.4911,22.6394],[82.4951,22.6346],[82.4982,22.6333],[82.5037,22.6343],[82.5083,22.6359],[82.51,22.6392],[82.5136,22.6408],[82.5187,22.6451],[82.5228,22.6438],[82.5254,22.6446],[82.528,22.6501],[82.5283,22.6541],[82.5304,22.66],[82.5232,22.6749],[82.5205,22.685],[82.5207,22.6893],[82.527,22.6928],[82.5323,22.6964],[82.5422,22.7153],[82.5624,22.7642],[82.5671,22.7763],[82.5714,22.7859],[82.5746,22.7917],[82.5757,22.7983],[82.5707,22.809],[82.5692,22.8184],[82.571,22.8296],[82.5677,22.8353],[82.5611,22.8435],[82.5567,22.8471],[82.5558,22.8601],[82.5578,22.8653],[82.5596,22.8661],[82.5635,22.8649],[82.568,22.8671],[82.5711,22.8774],[82.5764,22.8867],[82.5771,22.8906],[82.5737,22.8961],[82.5748,22.898],[82.5793,22.8978],[82.5866,22.8946],[82.5912,22.8944],[82.5928,22.8967],[82.5927,22.9006],[82.5909,22.9053],[82.5881,22.9083],[82.5799,22.9091],[82.5747,22.9123],[82.5726,22.9165],[82.5748,22.9219],[82.5726,22.9278],[82.576,22.9366],[82.5758,22.938],[82.572,22.9418],[82.5728,22.9487],[82.5721,22.9494],[82.5595,22.9557],[82.5592,22.9596],[82.5642,22.9625],[82.5688,22.9631],[82.5732,22.9611],[82.5748,22.9654]]]},"properties":{"id":"in:subdistrict:x383-katghora-1","level":"subdistrict","name":"Katghora -1","code":0,"parent":"in:district:383","state":"in:state:22"}},{"type":"Feature","geometry":{"type":"Polygon","coordinates":[[[82.571,22.8296],[82.5692,22.8184],[82.5707,22.809],[82.5757,22.7983],[82.5746,22.7917],[82.5714,22.7859],[82.5671,22.7763],[82.5624,22.7642],[82.5422,22.7153],[82.5323,22.6964],[82.527,22.6928],[82.5207,22.6893],[82.5205,22.685],[82.5232,22.6749],[82.5304,22.66],[82.5283,22.6541],[82.528,22.6501],[82.5254,22.6446],[82.5228,22.6438],[82.5187,22.6451],[82.5136,22.6408],[82.51,22.6392],[82.5083,22.6359],[82.5037,22.6343],[82.4982,22.6333],[82.4951,22.6346],[82.4911,22.6394],[82.4881,22.641],[82.4899,22.6436],[82.4834,22.6513],[82.4783,22.658],[82.4745,22.6584],[82.4705,22.6619],[82.4619,22.665],[82.4536,22.6692],[82.4498,22.6699],[82.4436,22.6739],[82.4377,22.6788],[82.4315,22.6817],[82.421,22.6836],[82.417,22.683],[82.4068,22.686],[82.3975,22.686],[82.3893,22.6914],[82.3845,22.6923],[82.3821,22.6823],[82.38,22.6795],[82.3759,22.6767],[82.372,22.6732],[82.3694,22.6683],[82.3723,22.6615],[82.3714,22.6569],[82.3726,22.6547],[82.3706,22.6503],[82.3702,22.6475],[82.3713,22.6431],[82.3671,22.6335],[82.3657,22.632],[82.3651,22.628],[82.3625,22.6251],[82.3648,22.6229],[82.3631,22.6196],[82.3681,22.6193],[82.3643,22.6154],[82.3645,22.6124],[82.3686,22.6125],[82.3738,22.6084],[82.3764,22.6086],[82.3772,22.6111],[82.3825,22.6128],[82.3848,22.6102],[82.3874,22.6092],[82.3908,22.6037],[82.3948,22.5929],[82.3985,22.5904],[82.4018,22.5802],[82.3976,22.5767],[82.3975,22.5742],[82.4026,22.5747],[82.4074,22.5729],[82.4103,22.5685],[82.4184,22.5634],[82.4189,22.5587],[82.426,22.5517],[82.4315,22.5498],[82.4401,22.5457],[82.4454,22.5445],[82.4508,22.5416],[82.4493,22.5454],[82.4518,22.5462],[82.454,22.5449],[82.4569,22.5491],[82.4596,22.5517],[82.464,22.5527],[82.4681,22.5526],[82.4732,22.551],[82.4725,22.5357],[82.471,22.533],[82.4678,22.5315],[82.4627,22.5326],[82.4598,22.529],[82.4621,22.5267],[82.4663,22.5255],[82.4705,22.5198],[82.4689,22.5179],[82.465,22.5208],[82.4647,22.5155],[82.4596,22.5132],[82.4617,22.5095],[82.4606,22.5059],[82.4652,22.4954],[82.4704,22.4947],[82.473,22.4951],[82.4756,22.4933],[82.4804,22.4841],[82.483,22.4818],[82.4851,22.4815],[82.4955,22.4762],[82.4978,22.4737],[82.4961,22.4701],[82.4987,22.4687],[82.4996,22.4658],[82.502,22.4624],[82.5069,22.462],[82.5127,22.4636],[82.5187,22.464],[82.5248,22.461],[82.5255,22.4556],[82.5313,22.4582],[82.5312,22.4566],[82.5352,22.4566],[82.5429,22.4552],[82.5451,22.4559],[82.5495,22.4603],[82.5504,22.4643],[82.552,22.4663],[82.549,22.4718],[82.549,22.4744],[82.5429,22.4791],[82.5442,22.4806],[82.5413,22.4842],[82.5436,22.4906],[82.5378,22.4934],[82.5377,22.5006],[82.5389,22.5065],[82.5366,22.5121],[82.5386,22.5157],[82.5473,22.5243],[82.5531,22.5251],[82.5603,22.5249],[82.5645,22.5228],[82.5661,22.5176],[82.5707,22.514],[82.5709,22.5118],[82.5694,22.5084],[82.5722,22.5068],[82.5748,22.5038],[82.5769,22.5029],[82.5815,22.5059],[82.5824,22.5091],[82.582,22.512],[82.5836,22.5166],[82.5881,22.5155],[82.587,22.5204],[82.5912,22.5196],[82.5925,22.5159],[82.5941,22.5148],[82.5926,22.5123],[82.5887,22.5093],[82.5905,22.5062],[82.5918,22.5006],[82.5916,22.4961],[82.595,22.4946],[82.597,22.4971],[82.604,22.499],[82.6038,22.5077],[82.606,22.5074],[82.61,22.51],[82.612,22.5072],[82.6139,22.5065],[82.6167,22.5106],[82.6179,22.5096],[82.616,22.5065],[82.6183,22.5038],[82.6204,22.5074],[82.6197,22.5094],[82.6236,22.5099],[82.6254,22.5132],[82.6276,22.5139],[82.6354,22.5091],[82.6388,22.5103],[82.6335,22.5136],[82.6308,22.5201],[82.6278,22.5299],[82.6245,22.5369],[82.6228,22.5377],[82.6161,22.5375],[82.6114,22.5392],[82.6044,22.5432],[82.6015,22.5471],[82.5959,22.5579],[82.5987,22.5581],[82.6025,22.5624],[82.6062,22.5627],[82.6096,22.566],[82.6133,22.5711],[82.6165,22.5767],[82.627,22.5752],[82.6325,22.5752],[82.639,22.5707],[82.6526,22.5674],[82.6537,22.5744],[82.6538,22.5782],[82.6611,22.5929],[82.6582,22.6014],[82.6551,22.609],[82.6528,22.6162],[82.6559,22.6178],[82.6585,22.6251],[82.6585,22.6269],[82.6547,22.6314],[82.6543,22.6338],[82.6508,22.6372],[82.6583,22.6449],[82.6602,22.6481],[82.662,22.654],[82.6632,22.6611],[82.6713,22.6612],[82.6741,22.6576],[82.6745,22.6437],[82.6835,22.6368],[82.6934,22.6465],[82.6984,22.6521],[82.6991,22.6555],[82.6965,22.6587],[82.6911,22.6678],[82.6859,22.6699],[82.681,22.6704],[82.6803,22.6823],[82.6794,22.6867],[82.68,22.6924],[82.6849,22.6927],[82.6927,22.694],[82.6988,22.6986],[82.7067,22.6991],[82.7146,22.7005],[82.7183,22.6994],[82.7203,22.7039],[82.7231,22.7049],[82.7278,22.705],[82.7313,22.7043],[82.7366,22.7062],[82.7406,22.7068],[82.7455,22.709],[82.7482,22.7084],[82.7535,22.7113],[82.7557,22.7111],[82.7586,22.7088],[82.7608,22.7006],[82.7635,22.6994],[82.7695,22.7006],[82.7787,22.6989],[82.7822,22.7004],[82.7901,22.7012],[82.8048,22.7036],[82.8229,22.7077],[82.8316,22.7103],[82.8317,22.716],[82.8291,22.7279],[82.8305,22.7301],[82.8309,22.7367],[82.8322,22.7441],[82.8208,22.7488],[82.8168,22.7512],[82.7989,22.759],[82.7962,22.7608],[82.7887,22.763],[82.7795,22.7678],[82.7726,22.7731],[82.7698,22.7765],[82.7652,22.7801],[82.7645,22.7829],[82.7681,22.7879],[82.768,22.7896],[82.7649,22.7914],[82.7589,22.7933],[82.7574,22.7955],[82.753,22.7999],[82.7505,22.8037],[82.7454,22.8077],[82.7377,22.8114],[82.7333,22.8159],[82.7282,22.8235],[82.7127,22.8338],[82.6947,22.8332],[82.6846,22.8257],[82.6806,22.8243],[82.6735,22.8166],[82.6669,22.8154],[82.6624,22.8131],[82.6607,22.8106],[82.6514,22.809],[82.6477,22.8104],[82.6389,22.8114],[82.6359,22.8175],[82.6345,22.8185],[82.6274,22.821],[82.6231,22.8212],[82.6133,22.8249],[82.6099,22.8275],[82.6054,22.827],[82.6041,22.829],[82.5984,22.8326],[82.5963,22.8327],[82.5803,22.8309],[82.5772,22.8316],[82.571,22.8296]]]},"properties":{"id":"in:subdistrict:3273","level":"subdistrict","name":"Poundi-Uproda","code":3273,"parent":"in:district:383","state":"in:state:22"}},{"type":"Feature","geometry":{"type":"Polygon","coordinates":[[[82.5932,22.2634],[82.5982,22.2617],[82.602,22.2595],[82.611,22.2584],[82.6167,22.2562],[82.625,22.2519],[82.6301,22.2562],[82.6317,22.2625],[82.6348,22.265],[82.6391,22.2619],[82.6446,22.2618],[82.6491,22.2643],[82.6526,22.2649],[82.6563,22.261],[82.6606,22.2621],[82.6641,22.2651],[82.662,22.2692],[82.6628,22.2717],[82.6612,22.2731],[82.662,22.276],[82.6687,22.2799],[82.6735,22.2775],[82.6807,22.2753],[82.683,22.2759],[82.6847,22.2742],[82.688,22.2736],[82.6893,22.2772],[82.6917,22.2797],[82.6976,22.2834],[82.7062,22.2881],[82.7082,22.2904],[82.7103,22.2956],[82.7114,22.3028],[82.7106,22.3111],[82.708,22.3233],[82.7048,22.3323],[82.7004,22.3362],[82.6979,22.337],[82.6883,22.3438],[82.6848,22.3516],[82.6855,22.3593],[82.6879,22.3631],[82.694,22.3695],[82.6985,22.3736],[82.7027,22.3796],[82.7045,22.3868],[82.7046,22.3957],[82.7037,22.3996],[82.7008,22.4067],[82.6987,22.4101],[82.6952,22.4206],[82.6935,22.4316],[82.6935,22.443],[82.6882,22.4623],[82.6845,22.4796],[82.681,22.4847],[82.6669,22.494],[82.655,22.5],[82.6537,22.5018],[82.6456,22.5053],[82.6388,22.5103],[82.6354,22.5091],[82.6276,22.5139],[82.6254,22.5132],[82.6236,22.5099],[82.6197,22.5094],[82.6204,22.5074],[82.6183,22.5038],[82.616,22.5065],[82.6179,22.5096],[82.6167,22.5106],[82.6139,22.5065],[82.612,22.5072],[82.61,22.51],[82.606,22.5074],[82.6038,22.5077],[82.604,22.499],[82.597,22.4971],[82.595,22.4946],[82.5916,22.4961],[82.5918,22.5006],[82.5905,22.5062],[82.5887,22.5093],[82.5926,22.5123],[82.5941,22.5148],[82.5925,22.5159],[82.5912,22.5196],[82.587,22.5204],[82.5881,22.5155],[82.5836,22.5166],[82.582,22.512],[82.5824,22.5091],[82.5815,22.5059],[82.5769,22.5029],[82.5748,22.5038],[82.5722,22.5068],[82.5694,22.5084],[82.5709,22.5118],[82.5707,22.514],[82.5661,22.5176],[82.5645,22.5228],[82.5603,22.5249],[82.5531,22.5251],[82.5473,22.5243],[82.5386,22.5157],[82.5366,22.5121],[82.5389,22.5065],[82.5377,22.5006],[82.5378,22.4934],[82.5436,22.4906],[82.5413,22.4842],[82.5442,22.4806],[82.5429,22.4791],[82.549,22.4744],[82.549,22.4718],[82.552,22.4663],[82.5504,22.4643],[82.5495,22.4603],[82.5451,22.4559],[82.5429,22.4552],[82.5352,22.4566],[82.5312,22.4566],[82.5313,22.4582],[82.5255,22.4556],[82.5248,22.461],[82.5187,22.464],[82.5127,22.4636],[82.5069,22.462],[82.502,22.4624],[82.4996,22.4658],[82.4987,22.4687],[82.4961,22.4701],[82.4927,22.4651],[82.4939,22.4616],[82.4937,22.4577],[82.4841,22.451],[82.4774,22.4358],[82.4723,22.4325],[82.4736,22.4293],[82.4733,22.4267],[82.471,22.4238],[82.4672,22.4105],[82.4741,22.4059],[82.4763,22.3977],[82.4731,22.3973],[82.4737,22.3944],[82.481,22.3929],[82.4914,22.3875],[82.4932,22.3836],[82.497,22.3777],[82.5037,22.3786],[82.5033,22.3668],[82.5056,22.3605],[82.5094,22.3574],[82.5164,22.3563],[82.5211,22.3511],[82.5251,22.3458],[82.528,22.343],[82.528,22.3369],[82.5266,22.3332],[82.5274,22.3313],[82.5277,22.3262],[82.5334,22.3263],[82.5353,22.321],[82.5355,22.3174],[82.538,22.3172],[82.5441,22.3142],[82.5504,22.3105],[82.5499,22.3141],[82.553,22.321],[82.5565,22.3276],[82.5587,22.3275],[82.5621,22.3254],[82.563,22.3236],[82.5673,22.3215],[82.5671,22.3181],[82.5643,22.317],[82.5638,22.3151],[82.5603,22.3103],[82.5619,22.3039],[82.5603,22.2971],[82.5555,22.2911],[82.5537,22.288],[82.5516,22.2866],[82.5515,22.2806],[82.5592,22.2806],[82.5697,22.2795],[82.5699,22.2742],[82.5691,22.2671],[82.5708,22.2664],[82.5751,22.2688],[82.5787,22.2721],[82.5845,22.2725],[82.5893,22.2692],[82.5912,22.2639],[82.5932,22.2634]]]},"properties":{"id":"in:subdistrict:3272","level":"subdistrict","name":"Katghora","code":3272,"parent":"in:district:383","state":"in:state:22"}},{"type":"Feature","geometry":{"type":"Polygon","coordinates":[[[82.6495,22.0986],[82.6519,22.1033],[82.6502,22.107],[82.643,22.1118],[82.6398,22.1147],[82.6372,22.1208],[82.6368,22.1266],[82.6382,22.1321],[82.6411,22.1369],[82.6424,22.142],[82.6456,22.1488],[82.6487,22.1606],[82.6515,22.1638],[82.6577,22.167],[82.662,22.17],[82.6636,22.1722],[82.6649,22.1782],[82.6653,22.1879],[82.6597,22.1883],[82.657,22.1911],[82.6553,22.1948],[82.6516,22.1978],[82.6488,22.2012],[82.6492,22.203],[82.6475,22.2067],[82.6454,22.2088],[82.645,22.2117],[82.6424,22.2127],[82.6452,22.2169],[82.6429,22.2206],[82.6451,22.2208],[82.6453,22.2243],[82.6439,22.2272],[82.6436,22.2332],[82.645,22.2387],[82.638,22.2437],[82.6318,22.2464],[82.625,22.2519],[82.6167,22.2562],[82.611,22.2584],[82.602,22.2595],[82.5982,22.2617],[82.5932,22.2634],[82.5915,22.2608],[82.5906,22.257],[82.5922,22.2507],[82.5918,22.2469],[82.5887,22.2433],[82.586,22.2387],[82.5841,22.2332],[82.5803,22.2279],[82.5747,22.2244],[82.571,22.2211],[82.567,22.2209],[82.5586,22.2188],[82.556,22.2174],[82.554,22.2129],[82.5508,22.21],[82.5447,22.2079],[82.5397,22.2096],[82.5361,22.2126],[82.5358,22.2325],[82.534,22.2328],[82.5266,22.2392],[82.5262,22.2425],[82.5231,22.2491],[82.5191,22.2522],[82.5125,22.2506],[82.5099,22.2532],[82.5022,22.2492],[82.4996,22.2506],[82.4963,22.2477],[82.4956,22.2452],[82.4927,22.2447],[82.489,22.2397],[82.4857,22.2396],[82.4817,22.2378],[82.4826,22.2347],[82.477,22.2293],[82.4766,22.2258],[82.4733,22.2243],[82.4708,22.2245],[82.4632,22.2155],[82.4598,22.2134],[82.4575,22.209],[82.4595,22.2037],[82.4568,22.1982],[82.4604,22.1966],[82.4613,22.1944],[82.4672,22.1927],[82.4729,22.1903],[82.4728,22.188],[82.4691,22.1834],[82.462,22.1788],[82.4579,22.1781],[82.4544,22.1751],[82.4516,22.1755],[82.4462,22.1729],[82.4442,22.1697],[82.437,22.1647],[82.4332,22.1599],[82.4327,22.1544],[82.4311,22.1528],[82.4307,22.1486],[82.4265,22.1468],[82.4251,22.1448],[82.4258,22.1413],[82.4227,22.1381],[82.4203,22.1377],[82.4172,22.1393],[82.415,22.1386],[82.4127,22.1338],[82.4085,22.1346],[82.4084,22.1328],[82.4109,22.1306],[82.4123,22.1325],[82.4173,22.1323],[82.4192,22.1312],[82.4203,22.1282],[82.4247,22.1268],[82.423,22.1183],[82.4229,22.1138],[82.4323,22.1119],[82.434,22.1086],[82.4402,22.1032],[82.4416,22.1012],[82.4464,22.107],[82.4494,22.1078],[82.4526,22.1036],[82.4549,22.1098],[82.4571,22.1098],[82.4612,22.1119],[82.4702,22.1108],[82.471,22.1124],[82.4787,22.1164],[82.4826,22.1162],[82.4833,22.1133],[82.4852,22.1129],[82.4972,22.104],[82.501,22.0989],[82.508,22.0983],[82.5111,22.1002],[82.5175,22.0981],[82.5188,22.0935],[82.5214,22.0903],[82.5198,22.087],[82.5202,22.0834],[82.5193,22.0789],[82.5222,22.0744],[82.5272,22.0748],[82.536,22.0717],[82.5394,22.0723],[82.5428,22.0718],[82.5471,22.0668],[82.5506,22.0681],[82.5579,22.0728],[82.566,22.0735],[82.5712,22.073],[82.5767,22.0739],[82.5827,22.0768],[82.5816,22.0812],[82.5817,22.0857],[82.5798,22.0901],[82.5856,22.0931],[82.5879,22.0899],[82.593,22.0878],[82.5956,22.0875],[82.5985,22.0855],[82.604,22.0849],[82.6063,22.0829],[82.6045,22.0807],[82.605,22.0762],[82.6083,22.0766],[82.6144,22.0731],[82.6159,22.0686],[82.6184,22.069],[82.6205,22.0667],[82.6252,22.0708],[82.629,22.071],[82.6283,22.0796],[82.629,22.083],[82.6318,22.0897],[82.635,22.0922],[82.6423,22.0923],[82.6479,22.0955],[82.6495,22.0986]]]},"properties":{"id":"in:subdistrict:3279","level":"subdistrict","name":"Baloda","code":3279,"parent":"in:district:379","state":"in:state:22"}},{"type":"Feature","geometry":{"type":"Polygon","coordinates":[[[82.5124,21.9226],[82.516,21.9278],[82.516,21.9332],[82.5176,21.934],[82.5173,21.9378],[82.5191,21.9414],[82.517,21.9442],[82.5214,21.9484],[82.5206,21.9526],[82.5176,21.955],[82.5186,21.9568],[82.5173,21.9607],[82.521,21.9661],[82.5193,21.9693],[82.5173,21.9706],[82.5183,21.9768],[82.5185,21.9817],[82.5205,21.983],[82.5218,21.9869],[82.5177,21.9905],[82.5146,21.9915],[82.5161,21.9943],[82.512,21.9977],[82.5121,22.0032],[82.5132,22.0062],[82.5111,22.0102],[82.5093,22.012],[82.5043,22.0109],[82.501,22.016],[82.4998,22.0229],[82.4974,22.0275],[82.4982,22.0287],[82.4941,22.0342],[82.4948,22.0362],[82.5006,22.0396],[82.5047,22.0436],[82.5102,22.0525],[82.5083,22.0609],[82.5127,22.0626],[82.5145,22.0663],[82.5208,22.0706],[82.5222,22.0744],[82.5193,22.0789],[82.5202,22.0834],[82.5198,22.087],[82.5214,22.0903],[82.5188,22.0935],[82.5175,22.0981],[82.5111,22.1002],[82.508,22.0983],[82.501,22.0989],[82.4972,22.104],[82.4852,22.1129],[82.4833,22.1133],[82.4826,22.1162],[82.4787,22.1164],[82.471,22.1124],[82.4702,22.1108],[82.4612,22.1119],[82.4571,22.1098],[82.4549,22.1098],[82.4526,22.1036],[82.4494,22.1078],[82.4464,22.107],[82.4416,22.1012],[82.4402,22.1032],[82.434,22.1086],[82.4323,22.1119],[82.4229,22.1138],[82.423,22.1183],[82.4247,22.1268],[82.4203,22.1282],[82.4192,22.1312],[82.4173,22.1323],[82.4123,22.1325],[82.4109,22.1306],[82.4084,22.1328],[82.4085,22.1346],[82.4058,22.1328],[82.4029,22.1332],[82.3986,22.1295],[82.3944,22.128],[82.3892,22.129],[82.3858,22.1335],[82.3795,22.1321],[82.378,22.1353],[82.3744,22.1375],[82.3712,22.1372],[82.3685,22.1382],[82.3634,22.1349],[82.3583,22.1362],[82.3549,22.1328],[82.3541,22.1302],[82.3504,22.1273],[82.3466,22.1289],[82.3447,22.1282],[82.3459,22.1241],[82.3431,22.1209],[82.3417,22.1211],[82.3394,22.1178],[82.3413,22.1153],[82.3374,22.1117],[82.3391,22.1089],[82.334,22.1059],[82.3339,22.1004],[82.3371,22.096],[82.3368,22.0929],[82.3352,22.0892],[82.3357,22.08],[82.3367,22.0773],[82.3364,22.0735],[82.333,22.069],[82.3344,22.0651],[82.3309,22.0609],[82.3316,22.0572],[82.3303,22.0537],[82.3267,22.0511],[82.3266,22.0491],[82.3288,22.0477],[82.3274,22.0436],[82.329,22.0414],[82.3301,22.0374],[82.3305,22.0264],[82.3324,22.0205],[82.3303,22.0088],[82.3282,22.006],[82.3223,22.0035],[82.3208,22.0018],[82.3242,21.9961],[82.3242,21.993],[82.3212,21.9884],[82.3214,21.9845],[82.3249,21.9799],[82.3241,21.9722],[82.3251,21.9689],[82.3231,21.9661],[82.3251,21.9642],[82.3294,21.9649],[82.3301,21.9636],[82.3275,21.9588],[82.3241,21.9568],[82.3233,21.9517],[82.3197,21.9494],[82.3206,21.9452],[82.3222,21.9463],[82.3327,21.9428],[82.3347,21.9432],[82.3384,21.941],[82.347,21.9391],[82.3506,21.9376],[82.3601,21.936],[82.3661,21.9359],[82.3878,21.9275],[82.3946,21.9241],[82.4005,21.9166],[82.4034,21.9175],[82.407,21.9172],[82.4138,21.9152],[82.4204,21.9158],[82.4203,21.9119],[82.4216,21.9083],[82.4259,21.9084],[82.4288,21.9097],[82.4343,21.9104],[82.443,21.9076],[82.4487,21.9081],[82.4537,21.9093],[82.4564,21.9115],[82.4575,21.9153],[82.4562,21.9257],[82.4557,21.9325],[82.455,21.9358],[82.454,21.9467],[82.4563,21.9523],[82.4601,21.9588],[82.4634,21.9688],[82.4713,21.9752],[82.475,21.976],[82.4809,21.9718],[82.4815,21.9666],[82.4829,21.9664],[82.4817,21.959],[82.4782,21.9491],[82.4779,21.9443],[82.4764,21.9421],[82.48,21.9383],[82.487,21.9367],[82.4884,21.9348],[82.492,21.9336],[82.4927,21.9316],[82.4958,21.9302],[82.4975,21.931],[82.5055,21.9281],[82.5081,21.9242],[82.5124,21.9226]]]},"properties":{"id":"in:subdistrict:3278","level":"subdistrict","name":"Akaltara","code":3278,"parent":"in:district:379","state":"in:state:22"}},{"type":"Feature","geometry":{"type":"Polygon","coordinates":[[[82.629,22.071],[82.6252,22.0708],[82.6205,22.0667],[82.6184,22.069],[82.6159,22.0686],[82.6144,22.0731],[82.6083,22.0766],[82.605,22.0762],[82.6045,22.0807],[82.6063,22.0829],[82.604,22.0849],[82.5985,22.0855],[82.5956,22.0875],[82.593,22.0878],[82.5879,22.0899],[82.5856,22.0931],[82.5798,22.0901],[82.5817,22.0857],[82.5816,22.0812],[82.5827,22.0768],[82.5767,22.0739],[82.5712,22.073],[82.566,22.0735],[82.5579,22.0728],[82.5506,22.0681],[82.5471,22.0668],[82.5428,22.0718],[82.5394,22.0723],[82.536,22.0717],[82.5272,22.0748],[82.5222,22.0744],[82.5208,22.0706],[82.5145,22.0663],[82.5127,22.0626],[82.5083,22.0609],[82.5102,22.0525],[82.5047,22.0436],[82.5006,22.0396],[82.4948,22.0362],[82.4941,22.0342],[82.4982,22.0287],[82.4974,22.0275],[82.4998,22.0229],[82.501,22.016],[82.5043,22.0109],[82.5093,22.012],[82.5111,22.0102],[82.5132,22.0062],[82.5121,22.0032],[82.512,21.9977],[82.5161,21.9943],[82.5146,21.9915],[82.5177,21.9905],[82.5218,21.9869],[82.5205,21.983],[82.5185,21.9817],[82.5183,21.9768],[82.5173,21.9706],[82.5193,21.9693],[82.521,21.9661],[82.5173,21.9607],[82.5186,21.9568],[82.5176,21.955],[82.5206,21.9526],[82.5214,21.9484],[82.517,21.9442],[82.5191,21.9414],[82.5173,21.9378],[82.5176,21.934],[82.516,21.9332],[82.516,21.9278],[82.5124,21.9226],[82.5149,21.9184],[82.5142,21.917],[82.5204,21.9171],[82.5225,21.9138],[82.5302,21.9143],[82.5335,21.9104],[82.5395,21.9068],[82.5512,21.9079],[82.5512,21.912],[82.5501,21.9138],[82.5522,21.9174],[82.5672,21.9175],[82.572,21.92],[82.5826,21.9231],[82.5878,21.924],[82.5968,21.9247],[82.6063,21.9247],[82.6102,21.923],[82.6165,21.9236],[82.622,21.9235],[82.6245,21.9246],[82.629,21.9245],[82.6372,21.9224],[82.6423,21.9158],[82.6522,21.9136],[82.6557,21.9137],[82.6672,21.9168],[82.6724,21.9145],[82.6802,21.9128],[82.6838,21.9091],[82.6886,21.9068],[82.6932,21.906],[82.7031,21.9101],[82.7095,21.9104],[82.7064,21.921],[82.7039,21.9273],[82.6995,21.933],[82.6898,21.9424],[82.6865,21.9464],[82.6833,21.9514],[82.6795,21.963],[82.6728,21.9791],[82.6687,21.9873],[82.6631,21.9968],[82.6612,22.0007],[82.6526,22.0116],[82.6383,22.032],[82.6378,22.0334],[82.6382,22.0416],[82.6328,22.0643],[82.629,22.071]]]},"properties":{"id":"in:subdistrict:3277","level":"subdistrict","name":"Janjgir","code":3277,"parent":"in:district:379","state":"in:state:22"}},{"type":"Feature","geometry":{"type":"Polygon","coordinates":[[[82.8139,21.9634],[82.8177,21.9626],[82.823,21.9629],[82.828,21.9624],[82.832,21.9629],[82.8349,21.9619],[82.8369,21.97],[82.8346,21.9746],[82.835,21.9804],[82.8361,21.9819],[82.8411,21.9767],[82.8436,21.9751],[82.8512,21.9742],[82.8567,21.9748],[82.861,21.977],[82.8614,21.9785],[82.8707,21.9775],[82.875,21.9751],[82.8781,21.9763],[82.8814,21.9805],[82.8842,21.9816],[82.8897,21.9823],[82.8929,21.9843],[82.8901,21.9895],[82.8896,21.9941],[82.8815,21.9958],[82.8819,21.9978],[82.8729,21.999],[82.8693,22.0016],[82.8682,22.0042],[82.8748,22.0093],[82.875,22.0168],[82.8778,22.0179],[82.8796,22.0216],[82.8839,22.0255],[82.8862,22.0237],[82.8896,22.0184],[82.8944,22.02],[82.8949,22.0219],[82.8926,22.0266],[82.8917,22.0304],[82.8894,22.0353],[82.8901,22.0382],[82.8893,22.0423],[82.8909,22.0553],[82.8904,22.0592],[82.8921,22.0621],[82.8913,22.0657],[82.888,22.0718],[82.878,22.0707],[82.873,22.0674],[82.8667,22.0658],[82.865,22.0667],[82.8627,22.0746],[82.863,22.0784],[82.8562,22.086],[82.8584,22.0883],[82.8572,22.0913],[82.8534,22.0915],[82.8481,22.0976],[82.8448,22.0941],[82.8423,22.0996],[82.8378,22.1048],[82.8359,22.1082],[82.8306,22.1125],[82.832,22.1163],[82.8291,22.1176],[82.8257,22.1272],[82.8261,22.1292],[82.8225,22.1345],[82.8179,22.1362],[82.8169,22.1378],[82.8123,22.138],[82.8194,22.1423],[82.8204,22.1464],[82.8178,22.1478],[82.8124,22.147],[82.8036,22.1402],[82.7966,22.1412],[82.7991,22.1356],[82.7993,22.1305],[82.7933,22.1283],[82.7886,22.1276],[82.7748,22.1264],[82.7704,22.1251],[82.7669,22.1226],[82.7605,22.1191],[82.7571,22.1158],[82.7578,22.1141],[82.753,22.1106],[82.7548,22.1071],[82.7589,22.1015],[82.7564,22.0974],[82.7516,22.0966],[82.7445,22.097],[82.7454,22.0881],[82.7496,22.0851],[82.7516,22.0778],[82.7555,22.0724],[82.7579,22.0663],[82.7592,22.0608],[82.7653,22.0624],[82.767,22.0666],[82.7728,22.0679],[82.7712,22.0709],[82.7736,22.0737],[82.7764,22.0717],[82.7814,22.0736],[82.7848,22.076],[82.7877,22.0795],[82.7927,22.0807],[82.7931,22.0825],[82.7959,22.0833],[82.7985,22.0863],[82.8133,22.0846],[82.8198,22.0846],[82.8223,22.0782],[82.8217,22.0767],[82.8258,22.0721],[82.8332,22.0709],[82.8344,22.0715],[82.8419,22.0704],[82.8424,22.0685],[82.8414,22.0613],[82.8387,22.0585],[82.8395,22.0555],[82.8377,22.0542],[82.8329,22.0534],[82.8298,22.0538],[82.8273,22.0556],[82.8244,22.0562],[82.8214,22.0531],[82.817,22.0453],[82.8148,22.0456],[82.8043,22.0488],[82.8021,22.0481],[82.7995,22.0499],[82.7963,22.0495],[82.7907,22.0468],[82.7901,22.0444],[82.7863,22.0422],[82.7831,22.042],[82.7812,22.04],[82.7782,22.0399],[82.7735,22.0372],[82.7739,22.033],[82.7753,22.0304],[82.7788,22.0274],[82.7771,22.0204],[82.7821,22.0181],[82.7812,22.0112],[82.7835,22.011],[82.7891,22.0086],[82.7881,22.0026],[82.7934,21.9989],[82.7942,21.9967],[82.7909,21.9891],[82.7852,21.987],[82.7855,21.9808],[82.7814,21.9778],[82.7822,21.9735],[82.7819,21.9691],[82.7857,21.9668],[82.7882,21.9688],[82.79,21.9675],[82.7884,21.9611],[82.7948,21.9643],[82.7978,21.9672],[82.8079,21.9639],[82.8139,21.9634]]]},"properties":{"id":"in:subdistrict:7267","level":"subdistrict","name":"Baradwar","code":7267,"parent":"in:district:762","state":"in:state:22"}},{"type":"Feature","geometry":{"type":"Polygon","coordinates":[[[82.8929,21.9843],[82.904,21.9835],[82.9074,21.9938],[82.9095,21.996],[82.9126,22.0015],[82.915,22.0021],[82.9177,21.9989],[82.9241,22.0023],[82.9292,22.0028],[82.9343,22.0005],[82.9364,21.9976],[82.9345,21.9911],[82.9343,21.9872],[82.9364,21.9841],[82.9398,21.9901],[82.9431,21.9924],[82.9447,21.9915],[82.9459,21.9882],[82.9518,21.986],[82.9521,21.9748],[82.9555,21.9755],[82.9555,21.9773],[82.9596,21.9775],[82.9607,21.9748],[82.9656,21.9762],[82.9637,21.98],[82.9656,21.9832],[82.9685,21.9833],[82.9702,21.9812],[82.9689,21.9782],[82.9698,21.9746],[82.9691,21.9711],[82.9704,21.9684],[82.9699,21.965],[82.9718,21.9634],[82.9721,21.9591],[82.9784,21.9594],[82.9795,21.9748],[82.9808,21.977],[82.9802,21.979],[82.9819,21.9819],[82.9851,21.9838],[82.9877,21.9818],[82.9895,21.9819],[82.9924,21.9843],[82.9963,21.9853],[82.9952,21.9889],[82.9981,21.99],[83.0064,21.9849],[83.0097,21.987],[83.0116,21.9865],[83.0135,21.9891],[83.0159,21.9947],[83.0189,21.9957],[83.0213,22.0006],[83.0216,22.0038],[83.0206,22.0064],[83.0155,22.0073],[83.0162,22.0105],[83.0143,22.0148],[83.0173,22.0201],[83.0168,22.0248],[83.0119,22.0239],[83.0056,22.0267],[83.0057,22.0286],[83.0118,22.0306],[83.0154,22.0355],[83.0193,22.0378],[83.0206,22.041],[83.0238,22.0421],[83.022,22.0452],[83.0248,22.0468],[83.0282,22.0503],[83.0316,22.0508],[83.0317,22.0535],[83.0336,22.0567],[83.0296,22.0606],[83.0218,22.0553],[83.017,22.0539],[83.0142,22.0568],[83.0144,22.0604],[83.0163,22.0644],[83.0139,22.0673],[83.0154,22.0749],[83.0147,22.0766],[83.0075,22.0779],[83.0033,22.0817],[82.9996,22.0836],[82.9928,22.086],[82.9898,22.0882],[82.9811,22.0927],[82.9771,22.0955],[82.9732,22.0963],[82.9686,22.099],[82.96,22.1069],[82.9546,22.1127],[82.9508,22.1149],[82.9397,22.1201],[82.9368,22.1221],[82.9314,22.124],[82.9276,22.126],[82.9231,22.1268],[82.9182,22.1306],[82.9114,22.1338],[82.9079,22.1347],[82.906,22.1373],[82.9025,22.1378],[82.9005,22.14],[82.895,22.1552],[82.8921,22.1626],[82.8865,22.1645],[82.8855,22.166],[82.8814,22.1671],[82.877,22.1693],[82.867,22.1723],[82.8607,22.1717],[82.8568,22.1667],[82.8538,22.1642],[82.8524,22.1583],[82.8451,22.1571],[82.8402,22.1574],[82.8344,22.1557],[82.831,22.1564],[82.8225,22.1541],[82.8187,22.1515],[82.8178,22.1478],[82.8204,22.1464],[82.8194,22.1423],[82.8123,22.138],[82.8169,22.1378],[82.8179,22.1362],[82.8225,22.1345],[82.8261,22.1292],[82.8257,22.1272],[82.8291,22.1176],[82.832,22.1163],[82.8306,22.1125],[82.8359,22.1082],[82.8378,22.1048],[82.8423,22.0996],[82.8448,22.0941],[82.8481,22.0976],[82.8534,22.0915],[82.8572,22.0913],[82.8584,22.0883],[82.8562,22.086],[82.863,22.0784],[82.8627,22.0746],[82.865,22.0667],[82.8667,22.0658],[82.873,22.0674],[82.878,22.0707],[82.888,22.0718],[82.8913,22.0657],[82.8921,22.0621],[82.8904,22.0592],[82.8909,22.0553],[82.8893,22.0423],[82.8901,22.0382],[82.8894,22.0353],[82.8917,22.0304],[82.8926,22.0266],[82.8949,22.0219],[82.8944,22.02],[82.8896,22.0184],[82.8862,22.0237],[82.8839,22.0255],[82.8796,22.0216],[82.8778,22.0179],[82.875,22.0168],[82.8748,22.0093],[82.8682,22.0042],[82.8693,22.0016],[82.8729,21.999],[82.8819,21.9978],[82.8815,21.9958],[82.8896,21.9941],[82.8901,21.9895],[82.8929,21.9843]]]},"properties":{"id":"in:subdistrict:3282","level":"subdistrict","name":"Sakti","code":3282,"parent":"in:district:762","state":"in:state:22"}},{"type":"Feature","geometry":{"type":"Polygon","coordinates":[[[82.9177,21.9989],[82.9156,21.9958],[82.919,21.995],[82.9192,21.9903],[82.9242,21.9835],[82.9229,21.9812],[82.9242,21.9764],[82.9265,21.9749],[82.9337,21.9762],[82.933,21.9724],[82.931,21.9694],[82.9303,21.9659],[82.9273,21.966],[82.9227,21.9632],[82.9237,21.9571],[82.9264,21.9517],[82.9243,21.947],[82.9253,21.9446],[82.9249,21.9401],[82.9273,21.9362],[82.9255,21.9252],[82.9257,21.9227],[82.931,21.9197],[82.933,21.9213],[82.937,21.9216],[82.9419,21.9231],[82.9524,21.9275],[82.9568,21.9283],[82.9593,21.923],[82.97,21.9176],[82.9737,21.9137],[82.9825,21.9108],[82.9817,21.9045],[82.983,21.8983],[82.9821,21.8899],[82.9853,21.8871],[82.9942,21.8842],[82.9969,21.8821],[83.0004,21.8822],[83.0005,21.8847],[83.0056,21.8851],[83.0112,21.8842],[83.0139,21.8861],[83.0177,21.8934],[83.0211,21.8968],[83.0236,21.8962],[83.0325,21.8959],[83.0356,21.8963],[83.0369,21.8946],[83.042,21.8927],[83.0438,21.8912],[83.0541,21.8914],[83.0558,21.8961],[83.0618,21.8988],[83.0692,21.898],[83.0747,21.9019],[83.0749,21.9023],[83.0774,21.9054],[83.0809,21.9079],[83.088,21.906],[83.0989,21.9055],[83.1061,21.9193],[83.1137,21.919],[83.1173,21.9311],[83.1149,21.9342],[83.1144,21.9371],[83.1072,21.9433],[83.1056,21.9474],[83.1047,21.9528],[83.1012,21.9555],[83.1,21.9598],[83.0978,21.9624],[83.0974,21.9648],[83.0954,21.9682],[83.0935,21.9692],[83.0913,21.9748],[83.0785,21.9759],[83.0767,21.9751],[83.0741,21.9767],[83.0684,21.9768],[83.0643,21.9757],[83.0603,21.9757],[83.0589,21.9697],[83.0561,21.9685],[83.0459,21.9665],[83.0396,21.968],[83.0327,21.9639],[83.0301,21.966],[83.0227,21.9676],[83.0187,21.97],[83.0155,21.968],[83.0076,21.9652],[83.0032,21.9651],[83.0028,21.9691],[82.9995,21.9731],[82.9989,21.979],[82.9971,21.9812],[82.9963,21.9853],[82.9924,21.9843],[82.9895,21.9819],[82.9877,21.9818],[82.9851,21.9838],[82.9819,21.9819],[82.9802,21.979],[82.9808,21.977],[82.9795,21.9748],[82.9784,21.9594],[82.9721,21.9591],[82.9718,21.9634],[82.9699,21.965],[82.9704,21.9684],[82.9691,21.9711],[82.9698,21.9746],[82.9689,21.9782],[82.9702,21.9812],[82.9685,21.9833],[82.9656,21.9832],[82.9637,21.98],[82.9656,21.9762],[82.9607,21.9748],[82.9596,21.9775],[82.9555,21.9773],[82.9555,21.9755],[82.9521,21.9748],[82.9518,21.986],[82.9459,21.9882],[82.9447,21.9915],[82.9431,21.9924],[82.9398,21.9901],[82.9364,21.9841],[82.9343,21.9872],[82.9345,21.9911],[82.9364,21.9976],[82.9343,22.0005],[82.9292,22.0028],[82.9241,22.0023],[82.9177,21.9989]]]},"properties":{"id":"in:subdistrict:7255","level":"subdistrict","name":"Adbhar","code":7255,"parent":"in:district:762","state":"in:state:22"}},{"type":"Feature","geometry":{"type":"Polygon","coordinates":[[[82.9963,21.9853],[82.9971,21.9812],[82.9989,21.979],[82.9995,21.9731],[83.0028,21.9691],[83.0032,21.9651],[83.0076,21.9652],[83.0155,21.968],[83.0187,21.97],[83.0227,21.9676],[83.0301,21.966],[83.0327,21.9639],[83.0396,21.968],[83.0459,21.9665],[83.0561,21.9685],[83.0589,21.9697],[83.0603,21.9757],[83.0643,21.9757],[83.0684,21.9768],[83.0741,21.9767],[83.0767,21.9751],[83.0785,21.9759],[83.0913,21.9748],[83.0935,21.9692],[83.0954,21.9682],[83.0974,21.9648],[83.0978,21.9624],[83.1,21.9598],[83.1012,21.9555],[83.1047,21.9528],[83.1056,21.9474],[83.1072,21.9433],[83.1144,21.9371],[83.1149,21.9342],[83.1173,21.9311],[83.1228,21.9298],[83.1259,21.9303],[83.1273,21.9326],[83.1299,21.9299],[83.1343,21.9306],[83.1362,21.929],[83.1358,21.9245],[83.1417,21.9206],[83.1431,21.9183],[83.1482,21.9152],[83.149,21.9172],[83.1563,21.9199],[83.158,21.9187],[83.1649,21.9206],[83.1729,21.9191],[83.1764,21.9198],[83.1775,21.923],[83.1801,21.9252],[83.1822,21.9242],[83.1896,21.9258],[83.1952,21.9227],[83.1997,21.9177],[83.2001,21.9148],[83.202,21.9141],[83.208,21.9172],[83.2129,21.9173],[83.219,21.9166],[83.2243,21.92],[83.2253,21.9248],[83.2278,21.9267],[83.2265,21.9305],[83.2352,21.9419],[83.2439,21.9419],[83.257,21.9438],[83.2644,21.9434],[83.267,21.9439],[83.2685,21.9494],[83.2696,21.9567],[83.2691,21.959],[83.2711,21.9642],[83.2733,21.9676],[83.2744,21.9728],[83.2695,21.9781],[83.2684,21.9809],[83.2632,21.9851],[83.2547,21.9894],[83.2513,21.9918],[83.2455,21.9945],[83.2371,22.0024],[83.2342,22.0083],[83.235,22.0112],[83.2392,22.0137],[83.239,22.0157],[83.2354,22.0204],[83.2264,22.0283],[83.2245,22.0343],[83.2245,22.0383],[83.2294,22.0376],[83.2455,22.038],[83.2482,22.0369],[83.2537,22.0311],[83.2562,22.0304],[83.2582,22.0283],[83.2639,22.0262],[83.266,22.0266],[83.2777,22.0192],[83.2827,22.0164],[83.2873,22.0166],[83.2911,22.0194],[83.2905,22.0233],[83.2886,22.0283],[83.2858,22.0315],[83.2818,22.0324],[83.2811,22.0366],[83.2778,22.0392],[83.278,22.0423],[83.274,22.0442],[83.2734,22.0491],[83.2709,22.0478],[83.2654,22.0538],[83.2619,22.0552],[83.2596,22.0579],[83.2568,22.0586],[83.2548,22.0576],[83.2528,22.0599],[83.2498,22.0613],[83.2464,22.0616],[83.237,22.0609],[83.224,22.0577],[83.2175,22.0564],[83.2158,22.0646],[83.2147,22.0677],[83.2041,22.067],[83.2027,22.069],[83.1984,22.0744],[83.1941,22.0776],[83.1919,22.0833],[83.19,22.0836],[83.1857,22.08],[83.1801,22.0707],[83.1762,22.0669],[83.172,22.0673],[83.1689,22.0703],[83.1665,22.0752],[83.1637,22.0775],[83.1579,22.0798],[83.153,22.0795],[83.1489,22.078],[83.1449,22.0745],[83.1425,22.0711],[83.1377,22.068],[83.1355,22.0629],[83.1357,22.0556],[83.135,22.0545],[83.1298,22.0605],[83.1183,22.07],[83.1165,22.0724],[83.1123,22.0759],[83.1066,22.0791],[83.1044,22.083],[83.1051,22.0882],[83.1037,22.0937],[83.1003,22.0969],[83.0999,22.1027],[83.1007,22.1045],[83.1039,22.106],[83.1092,22.1069],[83.1114,22.109],[83.1038,22.121],[83.1011,22.1266],[83.0992,22.1354],[83.0935,22.1411],[83.0851,22.1508],[83.0823,22.1591],[83.0821,22.1633],[83.0844,22.1657],[83.0885,22.1681],[83.0809,22.1712],[83.0717,22.1728],[83.0673,22.1771],[83.0639,22.1828],[83.0628,22.1882],[83.0522,22.1946],[83.0506,22.1941],[83.0453,22.1914],[83.0415,22.1901],[83.0384,22.188],[83.0317,22.1735],[83.0304,22.1688],[83.0217,22.1676],[83.0146,22.1699],[83.0067,22.1677],[83.0032,22.1645],[82.9981,22.1649],[82.9899,22.1642],[82.9879,22.1659],[82.9832,22.167],[82.9711,22.166],[82.9671,22.1639],[82.9645,22.161],[82.9613,22.155],[82.9618,22.1493],[82.9607,22.1439],[82.9484,22.1459],[82.9438,22.1474],[82.9416,22.1393],[82.9367,22.1286],[82.9368,22.1221],[82.9397,22.1201],[82.9508,22.1149],[82.9546,22.1127],[82.96,22.1069],[82.9686,22.099],[82.9732,22.0963],[82.9771,22.0955],[82.9811,22.0927],[82.9898,22.0882],[82.9928,22.086],[82.9996,22.0836],[83.0033,22.0817],[83.0075,22.0779],[83.0147,22.0766],[83.0154,22.0749],[83.0139,22.0673],[83.0163,22.0644],[83.0144,22.0604],[83.0142,22.0568],[83.017,22.0539],[83.0218,22.0553],[83.0296,22.0606],[83.0336,22.0567],[83.0317,22.0535],[83.0316,22.0508],[83.0282,22.0503],[83.0248,22.0468],[83.022,22.0452],[83.0238,22.0421],[83.0206,22.041],[83.0193,22.0378],[83.0154,22.0355],[83.0118,22.0306],[83.0057,22.0286],[83.0056,22.0267],[83.0119,22.0239],[83.0168,22.0248],[83.0173,22.0201],[83.0143,22.0148],[83.0162,22.0105],[83.0155,22.0073],[83.0206,22.0064],[83.0216,22.0038],[83.0213,22.0006],[83.0189,21.9957],[83.0159,21.9947],[83.0135,21.9891],[83.0116,21.9865],[83.0097,21.987],[83.0064,21.9849],[82.9981,21.99],[82.9952,21.9889],[82.9963,21.9853]]]},"properties":{"id":"in:subdistrict:3269","level":"subdistrict","name":"Kharsia","code":3269,"parent":"in:district:386","state":"in:state:22"}},{"type":"Feature","geometry":{"type":"Polygon","coordinates":[[[82.7445,22.097],[82.7516,22.0966],[82.7564,22.0974],[82.7589,22.1015],[82.7548,22.1071],[82.753,22.1106],[82.7578,22.1141],[82.7571,22.1158],[82.7605,22.1191],[82.7669,22.1226],[82.7704,22.1251],[82.7748,22.1264],[82.7886,22.1276],[82.7933,22.1283],[82.7993,22.1305],[82.7991,22.1356],[82.7966,22.1412],[82.8036,22.1402],[82.8124,22.147],[82.8178,22.1478],[82.8187,22.1515],[82.8225,22.1541],[82.831,22.1564],[82.8344,22.1557],[82.8402,22.1574],[82.8451,22.1571],[82.8524,22.1583],[82.8538,22.1642],[82.8568,22.1667],[82.8607,22.1717],[82.867,22.1723],[82.877,22.1693],[82.8814,22.1671],[82.8855,22.166],[82.8865,22.1645],[82.8921,22.1626],[82.895,22.1552],[82.9005,22.14],[82.9025,22.1378],[82.906,22.1373],[82.9079,22.1347],[82.9114,22.1338],[82.9182,22.1306],[82.9231,22.1268],[82.9276,22.126],[82.9314,22.124],[82.9368,22.1221],[82.9367,22.1286],[82.9416,22.1393],[82.9438,22.1474],[82.9484,22.1459],[82.9607,22.1439],[82.9618,22.1493],[82.9613,22.155],[82.9645,22.161],[82.9671,22.1639],[82.9711,22.166],[82.9832,22.167],[82.9879,22.1659],[82.9899,22.1642],[82.9981,22.1649],[83.0032,22.1645],[83.0067,22.1677],[83.0146,22.1699],[83.0217,22.1676],[83.0304,22.1688],[83.0317,22.1735],[83.0384,22.188],[83.0415,22.1901],[83.0453,22.1914],[83.0506,22.1941],[83.0503,22.1983],[83.0485,22.2009],[83.0486,22.2049],[83.0506,22.2094],[83.051,22.2124],[83.0482,22.2181],[83.0472,22.2219],[83.0468,22.2267],[83.0405,22.2313],[83.0352,22.2345],[83.0301,22.239],[83.0328,22.2449],[83.0364,22.2484],[83.0405,22.2492],[83.0463,22.2524],[83.0533,22.2551],[83.0613,22.2622],[83.056,22.265],[83.0545,22.2664],[83.0524,22.2723],[83.0493,22.2774],[83.0494,22.2804],[83.0526,22.284],[83.0595,22.2883],[83.0639,22.2966],[83.0647,22.2989],[83.0597,22.3041],[83.0551,22.3076],[83.0471,22.311],[83.044,22.3143],[83.0419,22.3196],[83.0295,22.3217],[83.0238,22.3241],[83.0237,22.3203],[83.0121,22.3212],[83.0089,22.322],[83.0021,22.3248],[82.9994,22.3268],[82.9947,22.3288],[82.9923,22.3285],[82.9923,22.3226],[82.9825,22.312],[82.9718,22.3168],[82.9628,22.3163],[82.9566,22.3106],[82.9449,22.3093],[82.9424,22.307],[82.9373,22.3073],[82.9366,22.3003],[82.9408,22.3002],[82.9411,22.2962],[82.9351,22.2939],[82.9305,22.2932],[82.9252,22.2948],[82.9262,22.2969],[82.9173,22.3027],[82.9153,22.2994],[82.9089,22.2924],[82.9056,22.2941],[82.908,22.3028],[82.9085,22.3072],[82.9149,22.3102],[82.9139,22.312],[82.9079,22.3129],[82.9016,22.3149],[82.8965,22.3151],[82.8928,22.3138],[82.8915,22.3151],[82.8874,22.3154],[82.8848,22.3132],[82.8655,22.3134],[82.8652,22.3052],[82.86,22.2994],[82.8604,22.2932],[82.8627,22.2911],[82.8678,22.2929],[82.8703,22.285],[82.8741,22.2851],[82.8729,22.2934],[82.8751,22.2934],[82.8782,22.2886],[82.8842,22.2885],[82.8899,22.2838],[82.8902,22.2818],[82.8948,22.2771],[82.8901,22.2759],[82.8843,22.2687],[82.8757,22.2695],[82.8613,22.2714],[82.8629,22.2779],[82.8561,22.2779],[82.844,22.2763],[82.8433,22.2685],[82.8436,22.262],[82.8402,22.2628],[82.8308,22.2521],[82.8324,22.2427],[82.8314,22.2345],[82.8248,22.2377],[82.8205,22.2433],[82.8183,22.2452],[82.8089,22.2517],[82.8076,22.2544],[82.8091,22.2566],[82.8029,22.2574],[82.799,22.2588],[82.7901,22.2576],[82.7842,22.2574],[82.7818,22.2622],[82.7757,22.263],[82.7721,22.2627],[82.7691,22.2654],[82.7658,22.264],[82.7653,22.2532],[82.7645,22.2517],[82.7687,22.2503],[82.776,22.2506],[82.7752,22.2386],[82.7743,22.2213],[82.7749,22.2179],[82.7717,22.2149],[82.7643,22.2167],[82.7585,22.2164],[82.7536,22.2195],[82.7482,22.2206],[82.7449,22.2228],[82.7384,22.223],[82.7338,22.2266],[82.7319,22.23],[82.729,22.2302],[82.7265,22.2338],[82.7209,22.24],[82.7185,22.2409],[82.7089,22.2404],[82.7058,22.2385],[82.7065,22.2349],[82.7041,22.2344],[82.7015,22.2355],[82.6992,22.2348],[82.6967,22.2323],[82.6896,22.2335],[82.6874,22.233],[82.683,22.2294],[82.6672,22.2283],[82.6689,22.2346],[82.6776,22.2399],[82.679,22.2428],[82.6816,22.2446],[82.6833,22.2506],[82.6866,22.2531],[82.6885,22.2601],[82.6882,22.2638],[82.6891,22.2676],[82.688,22.2736],[82.6847,22.2742],[82.683,22.2759],[82.6807,22.2753],[82.6735,22.2775],[82.6687,22.2799],[82.662,22.276],[82.6612,22.2731],[82.6628,22.2717],[82.662,22.2692],[82.6641,22.2651],[82.6606,22.2621],[82.6563,22.261],[82.6526,22.2649],[82.6491,22.2643],[82.6446,22.2618],[82.6391,22.2619],[82.6348,22.265],[82.6317,22.2625],[82.6301,22.2562],[82.625,22.2519],[82.6318,22.2464],[82.638,22.2437],[82.645,22.2387],[82.6436,22.2332],[82.6439,22.2272],[82.6453,22.2243],[82.6451,22.2208],[82.6429,22.2206],[82.6452,22.2169],[82.6424,22.2127],[82.645,22.2117],[82.6454,22.2088],[82.6475,22.2067],[82.6492,22.203],[82.6488,22.2012],[82.6516,22.1978],[82.6553,22.1948],[82.657,22.1911],[82.6597,22.1883],[82.6653,22.1879],[82.6649,22.1782],[82.6636,22.1722],[82.662,22.17],[82.6577,22.167],[82.6515,22.1638],[82.6487,22.1606],[82.6456,22.1488],[82.6424,22.142],[82.6411,22.1369],[82.6382,22.1321],[82.6368,22.1266],[82.6372,22.1208],[82.6398,22.1147],[82.643,22.1118],[82.6502,22.107],[82.6519,22.1033],[82.6495,22.0986],[82.6611,22.0956],[82.6679,22.0861],[82.67,22.0812],[82.6793,22.0804],[82.6815,22.084],[82.6837,22.0894],[82.6987,22.0891],[82.7016,22.0852],[82.7061,22.0635],[82.7085,22.0598],[82.7088,22.056],[82.7148,22.0509],[82.7173,22.0424],[82.7222,22.0394],[82.7342,22.0394],[82.7406,22.0398],[82.741,22.042],[82.7398,22.0523],[82.7384,22.0535],[82.7345,22.0614],[82.7358,22.0656],[82.7343,22.0672],[82.7338,22.0744],[82.7324,22.0757],[82.7312,22.0847],[82.7326,22.0869],[82.7379,22.0875],[82.7387,22.0918],[82.7408,22.0965],[82.7445,22.097]],[[82.9881,22.2345],[82.9903,22.2423],[82.9926,22.2429],[82.9958,22.2473],[82.9958,22.2492],[82.9993,22.2519],[83.0037,22.2533],[83.0071,22.2559],[83.0151,22.2436],[83.0178,22.241],[83.0212,22.2319],[83.0244,22.229],[83.0183,22.2277],[83.0138,22.2277],[83.0094,22.2261],[83.0072,22.2244],[83.0021,22.2244],[82.9931,22.2266],[82.9904,22.228],[82.9877,22.2314],[82.9881,22.2345]]]},"properties":{"id":"in:subdistrict:3276","level":"subdistrict","name":"Kartala","code":3276,"parent":"in:district:383","state":"in:state:22"}},{"type":"Feature","geometry":{"type":"Polygon","coordinates":[[[82.6388,22.5103],[82.6456,22.5053],[82.6537,22.5018],[82.655,22.5],[82.6669,22.494],[82.681,22.4847],[82.6845,22.4796],[82.6882,22.4623],[82.6935,22.443],[82.6935,22.4316],[82.6952,22.4206],[82.6987,22.4101],[82.7008,22.4067],[82.7037,22.3996],[82.7046,22.3957],[82.7045,22.3868],[82.7027,22.3796],[82.6985,22.3736],[82.694,22.3695],[82.6879,22.3631],[82.6855,22.3593],[82.6848,22.3516],[82.6883,22.3438],[82.6979,22.337],[82.7004,22.3362],[82.7048,22.3323],[82.708,22.3233],[82.7106,22.3111],[82.7114,22.3028],[82.7103,22.2956],[82.7082,22.2904],[82.7062,22.2881],[82.6976,22.2834],[82.6917,22.2797],[82.6893,22.2772],[82.688,22.2736],[82.6891,22.2676],[82.6882,22.2638],[82.6885,22.2601],[82.6866,22.2531],[82.6833,22.2506],[82.6816,22.2446],[82.679,22.2428],[82.6776,22.2399],[82.6689,22.2346],[82.6672,22.2283],[82.683,22.2294],[82.6874,22.233],[82.6896,22.2335],[82.6967,22.2323],[82.6992,22.2348],[82.7015,22.2355],[82.7041,22.2344],[82.7065,22.2349],[82.7058,22.2385],[82.7089,22.2404],[82.7185,22.2409],[82.7209,22.24],[82.7265,22.2338],[82.729,22.2302],[82.7319,22.23],[82.7338,22.2266],[82.7384,22.223],[82.7449,22.2228],[82.7482,22.2206],[82.7536,22.2195],[82.7585,22.2164],[82.7643,22.2167],[82.7717,22.2149],[82.7749,22.2179],[82.7743,22.2213],[82.7752,22.2386],[82.776,22.2506],[82.7687,22.2503],[82.7645,22.2517],[82.7653,22.2532],[82.7658,22.264],[82.7691,22.2654],[82.7721,22.2627],[82.7757,22.263],[82.7818,22.2622],[82.7842,22.2574],[82.7901,22.2576],[82.799,22.2588],[82.8029,22.2574],[82.8091,22.2566],[82.8076,22.2544],[82.8089,22.2517],[82.8183,22.2452],[82.8205,22.2433],[82.8248,22.2377],[82.8314,22.2345],[82.8324,22.2427],[82.8308,22.2521],[82.8402,22.2628],[82.8436,22.262],[82.8433,22.2685],[82.844,22.2763],[82.8561,22.2779],[82.8629,22.2779],[82.8613,22.2714],[82.8757,22.2695],[82.8843,22.2687],[82.8901,22.2759],[82.8948,22.2771],[82.8902,22.2818],[82.8899,22.2838],[82.8842,22.2885],[82.8782,22.2886],[82.8751,22.2934],[82.8729,22.2934],[82.8741,22.2851],[82.8703,22.285],[82.8678,22.2929],[82.8627,22.2911],[82.8604,22.2932],[82.86,22.2994],[82.8652,22.3052],[82.8655,22.3134],[82.8848,22.3132],[82.8874,22.3154],[82.8915,22.3151],[82.8928,22.3138],[82.8965,22.3151],[82.9016,22.3149],[82.9079,22.3129],[82.9139,22.312],[82.9149,22.3102],[82.9085,22.3072],[82.908,22.3028],[82.9056,22.2941],[82.9089,22.2924],[82.9153,22.2994],[82.9173,22.3027],[82.9262,22.2969],[82.9252,22.2948],[82.9305,22.2932],[82.9351,22.2939],[82.9411,22.2962],[82.9408,22.3002],[82.9366,22.3003],[82.9373,22.3073],[82.9424,22.307],[82.9449,22.3093],[82.9566,22.3106],[82.9628,22.3163],[82.9718,22.3168],[82.9825,22.312],[82.9923,22.3226],[82.9923,22.3285],[82.9947,22.3288],[82.9994,22.3268],[83.0021,22.3248],[83.0089,22.322],[83.0121,22.3212],[83.0237,22.3203],[83.0238,22.3241],[83.0295,22.3217],[83.0419,22.3196],[83.044,22.3143],[83.0471,22.311],[83.0551,22.3076],[83.0597,22.3041],[83.0647,22.2989],[83.0666,22.3033],[83.0686,22.3049],[83.0787,22.3085],[83.0804,22.3102],[83.0819,22.3152],[83.0828,22.3245],[83.0791,22.3321],[83.0797,22.3362],[83.0857,22.3462],[83.0865,22.3485],[83.0897,22.3513],[83.0926,22.3527],[83.0973,22.3535],[83.1011,22.3555],[83.1083,22.3642],[83.1092,22.3668],[83.1039,22.3724],[83.1017,22.3793],[83.1006,22.3811],[83.1017,22.3834],[83.1055,22.3833],[83.1081,22.387],[83.1082,22.3918],[83.1073,22.397],[83.1084,22.4074],[83.1074,22.4143],[83.1098,22.4168],[83.1128,22.4175],[83.1133,22.4224],[83.1094,22.4264],[83.1071,22.4276],[83.1031,22.4272],[83.1009,22.4286],[83.0937,22.4289],[83.0938,22.4361],[83.0891,22.4382],[83.0909,22.4492],[83.0907,22.4507],[83.0935,22.4545],[83.0951,22.4594],[83.0944,22.4621],[83.087,22.4669],[83.0861,22.4703],[83.0874,22.4735],[83.0885,22.489],[83.0901,22.4931],[83.0936,22.4983],[83.0971,22.4995],[83.1031,22.5047],[83.1058,22.5114],[83.1073,22.5186],[83.1033,22.5261],[83.107,22.5358],[83.106,22.5383],[83.1027,22.5529],[83.0957,22.5626],[83.0939,22.5714],[83.0925,22.5757],[83.0918,22.5841],[83.092,22.5867],[83.0974,22.594],[83.0978,22.6053],[83.0973,22.6152],[83.0956,22.6263],[83.0944,22.6313],[83.0947,22.6336],[83.0969,22.6352],[83.1037,22.6365],[83.1072,22.6412],[83.1101,22.6415],[83.1129,22.6433],[83.1168,22.644],[83.1228,22.6473],[83.123,22.6564],[83.1158,22.6703],[83.1146,22.6714],[83.0924,22.6742],[83.0853,22.6699],[83.0812,22.6685],[83.0781,22.6684],[83.0736,22.6696],[83.0651,22.6691],[83.0581,22.6649],[83.0488,22.6618],[83.0433,22.6565],[83.0394,22.6522],[83.0355,22.6511],[83.0323,22.6488],[83.0249,22.6462],[83.0205,22.6418],[83.0137,22.6386],[83.013,22.6447],[83.0089,22.6494],[83.0056,22.6499],[83.0032,22.6516],[83.0013,22.6552],[82.9966,22.658],[82.99,22.6655],[82.9824,22.6644],[82.9781,22.6653],[82.9671,22.6658],[82.9594,22.6685],[82.95,22.6746],[82.9447,22.6763],[82.941,22.6783],[82.9385,22.6808],[82.9336,22.6899],[82.9293,22.6967],[82.9228,22.7018],[82.9209,22.705],[82.9129,22.7103],[82.9046,22.7145],[82.9033,22.7146],[82.8996,22.7184],[82.8965,22.7207],[82.8932,22.7245],[82.889,22.7254],[82.8874,22.7286],[82.8806,22.7367],[82.8779,22.7431],[82.8756,22.7459],[82.8692,22.7484],[82.8635,22.7519],[82.8594,22.7497],[82.8385,22.7461],[82.8322,22.7441],[82.8309,22.7367],[82.8305,22.7301],[82.8291,22.7279],[82.8317,22.716],[82.8316,22.7103],[82.8229,22.7077],[82.8048,22.7036],[82.7901,22.7012],[82.7822,22.7004],[82.7787,22.6989],[82.7695,22.7006],[82.7635,22.6994],[82.7608,22.7006],[82.7586,22.7088],[82.7557,22.7111],[82.7535,22.7113],[82.7482,22.7084],[82.7455,22.709],[82.7406,22.7068],[82.7366,22.7062],[82.7313,22.7043],[82.7278,22.705],[82.7231,22.7049],[82.7203,22.7039],[82.7183,22.6994],[82.7146,22.7005],[82.7067,22.6991],[82.6988,22.6986],[82.6927,22.694],[82.6849,22.6927],[82.68,22.6924],[82.6794,22.6867],[82.6803,22.6823],[82.681,22.6704],[82.6859,22.6699],[82.6911,22.6678],[82.6965,22.6587],[82.6991,22.6555],[82.6984,22.6521],[82.6934,22.6465],[82.6835,22.6368],[82.6745,22.6437],[82.6741,22.6576],[82.6713,22.6612],[82.6632,22.6611],[82.662,22.654],[82.6602,22.6481],[82.6583,22.6449],[82.6508,22.6372],[82.6543,22.6338],[82.6547,22.6314],[82.6585,22.6269],[82.6585,22.6251],[82.6559,22.6178],[82.6528,22.6162],[82.6551,22.609],[82.6582,22.6014],[82.6611,22.5929],[82.6538,22.5782],[82.6537,22.5744],[82.6526,22.5674],[82.639,22.5707],[82.6325,22.5752],[82.627,22.5752],[82.6165,22.5767],[82.6133,22.5711],[82.6096,22.566],[82.6062,22.5627],[82.6025,22.5624],[82.5987,22.5581],[82.5959,22.5579],[82.6015,22.5471],[82.6044,22.5432],[82.6114,22.5392],[82.6161,22.5375],[82.6228,22.5377],[82.6245,22.5369],[82.6278,22.5299],[82.6308,22.5201],[82.6335,22.5136],[82.6388,22.5103]]]},"properties":{"id":"in:subdistrict:3275","level":"subdistrict","name":"Korba","code":3275,"parent":"in:district:383","state":"in:state:22"}},{"type":"Feature","geometry":{"type":"MultiPolygon","coordinates":[[[[82.9881,22.2345],[82.9877,22.2314],[82.9904,22.228],[82.9931,22.2266],[83.0021,22.2244],[83.0072,22.2244],[83.0094,22.2261],[83.0138,22.2277],[83.0183,22.2277],[83.0244,22.229],[83.0212,22.2319],[83.0178,22.241],[83.0151,22.2436],[83.0071,22.2559],[83.0037,22.2533],[82.9993,22.2519],[82.9958,22.2492],[82.9958,22.2473],[82.9926,22.2429],[82.9903,22.2423],[82.9881,22.2345]]],[[[83.2027,22.069],[83.2057,22.0712],[83.21,22.0783],[83.2166,22.0783],[83.221,22.0827],[83.2212,22.0882],[83.2207,22.0969],[83.2197,22.1025],[83.2195,22.1077],[83.2182,22.1098],[83.2187,22.1149],[83.2209,22.1235],[83.2205,22.1286],[83.2241,22.134],[83.2241,22.1384],[83.2254,22.1446],[83.2224,22.1481],[83.2127,22.1659],[83.2106,22.1702],[83.2086,22.1778],[83.2087,22.1849],[83.2106,22.1883],[83.2115,22.192],[83.2103,22.1938],[83.2117,22.1993],[83.2174,22.2014],[83.2174,22.2105],[83.2189,22.2114],[83.2185,22.216],[83.2171,22.2181],[83.2168,22.2212],[83.2144,22.2223],[83.2144,22.2268],[83.2112,22.2316],[83.2067,22.2363],[83.2081,22.2399],[83.208,22.2458],[83.2105,22.2481],[83.2084,22.253],[83.2022,22.264],[83.2052,22.2675],[83.2038,22.2711],[83.2075,22.2711],[83.2085,22.2725],[83.2083,22.2763],[83.2104,22.281],[83.2106,22.2878],[83.2143,22.287],[83.2166,22.2878],[83.2198,22.2915],[83.2197,22.2947],[83.2235,22.3025],[83.2227,22.3057],[83.2255,22.3077],[83.2311,22.3131],[83.2338,22.3139],[83.2425,22.3142],[83.2468,22.3122],[83.2599,22.3116],[83.2625,22.3118],[83.2828,22.3156],[83.2848,22.3156],[83.2987,22.318],[83.3034,22.3183],[83.3108,22.3196],[83.3175,22.3202],[83.3232,22.3264],[83.3268,22.3333],[83.3286,22.3423],[83.3279,22.3439],[83.33,22.3476],[83.3295,22.3507],[83.3247,22.3599],[83.3228,22.3656],[83.3236,22.3719],[83.3314,22.3741],[83.3346,22.3742],[83.344,22.3672],[83.3483,22.365],[83.3494,22.3714],[83.3565,22.3753],[83.3566,22.3841],[83.3628,22.3897],[83.3645,22.3967],[83.3671,22.3979],[83.3732,22.3992],[83.3761,22.4012],[83.3783,22.4042],[83.3821,22.4059],[83.3842,22.4038],[83.3923,22.4003],[83.3992,22.3957],[83.4054,22.3899],[83.4096,22.3879],[83.4114,22.3827],[83.4136,22.3787],[83.411,22.3747],[83.4134,22.3721],[83.4163,22.3659],[83.4145,22.362],[83.4204,22.3576],[83.4325,22.3578],[83.4348,22.3589],[83.442,22.3595],[83.4464,22.3615],[83.449,22.3627],[83.4492,22.3663],[83.4534,22.369],[83.4568,22.3694],[83.4578,22.3763],[83.4599,22.3811],[83.4605,22.3863],[83.4654,22.3906],[83.4655,22.3942],[83.4674,22.3973],[83.4669,22.3998],[83.463,22.4036],[83.4567,22.4065],[83.4516,22.4104],[83.4461,22.4125],[83.4434,22.4157],[83.4454,22.4194],[83.4406,22.4353],[83.4441,22.4395],[83.445,22.4439],[83.4432,22.4464],[83.442,22.4555],[83.4332,22.4663],[83.4335,22.4718],[83.4299,22.472],[83.4264,22.4767],[83.4273,22.4795],[83.421,22.4867],[83.4208,22.4924],[83.4232,22.497],[83.4295,22.5006],[83.439,22.5041],[83.4434,22.5075],[83.4446,22.5122],[83.4486,22.5209],[83.4486,22.5226],[83.445,22.5222],[83.4423,22.5257],[83.4386,22.5284],[83.4363,22.5317],[83.4312,22.5348],[83.4275,22.538],[83.426,22.5368],[83.4234,22.5391],[83.4233,22.5424],[83.4205,22.543],[83.4196,22.5453],[83.4147,22.5464],[83.4122,22.5489],[83.4076,22.5486],[83.4006,22.5527],[83.3985,22.5556],[83.398,22.5582],[83.4007,22.5649],[83.4033,22.5783],[83.4046,22.5835],[83.4101,22.5898],[83.4127,22.5911],[83.4143,22.5958],[83.4195,22.5959],[83.4251,22.5986],[83.4271,22.6004],[83.4271,22.6067],[83.4175,22.6087],[83.4156,22.608],[83.4129,22.6093],[83.4066,22.6091],[83.4024,22.6107],[83.3974,22.6112],[83.3798,22.6185],[83.3864,22.6197],[83.39,22.6232],[83.3935,22.6249],[83.403,22.6234],[83.4116,22.6294],[83.4133,22.638],[83.4104,22.6392],[83.4063,22.6387],[83.4043,22.6409],[83.4056,22.6465],[83.4001,22.648],[83.3969,22.6501],[83.3848,22.6528],[83.384,22.6541],[83.3796,22.6679],[83.3786,22.6749],[83.3766,22.6855],[83.3764,22.6918],[83.383,22.6911],[83.3879,22.6878],[83.3926,22.6978],[83.3929,22.7045],[83.3915,22.711],[83.3933,22.7149],[83.394,22.7185],[83.3982,22.7239],[83.3991,22.7266],[83.3958,22.7293],[83.3949,22.7335],[83.3908,22.7365],[83.3858,22.739],[83.3824,22.7392],[83.3787,22.7419],[83.3736,22.741],[83.3698,22.7396],[83.3698,22.7363],[83.3644,22.7324],[83.3638,22.7297],[83.3581,22.7299],[83.3559,22.7307],[83.352,22.7294],[83.3468,22.7347],[83.3434,22.7359],[83.344,22.7396],[83.3431,22.7447],[83.3401,22.7498],[83.334,22.753],[83.3328,22.7551],[83.3334,22.7583],[83.3323,22.7599],[83.3198,22.7661],[83.3182,22.7629],[83.3191,22.7591],[83.3156,22.7583],[83.3081,22.7585],[83.305,22.7615],[83.3021,22.762],[83.3005,22.7642],[83.2978,22.763],[83.2947,22.7659],[83.29,22.7676],[83.2865,22.7696],[83.2779,22.7682],[83.2748,22.7657],[83.2679,22.7645],[83.2627,22.7672],[83.2591,22.7677],[83.2548,22.7662],[83.2537,22.762],[83.2474,22.7619],[83.2479,22.7655],[83.2437,22.7656],[83.2418,22.7696],[83.2417,22.7736],[83.2364,22.7707],[83.2338,22.7714],[83.2307,22.7747],[83.2302,22.7769],[83.232,22.7786],[83.2319,22.7819],[83.2268,22.7797],[83.2228,22.7808],[83.2182,22.7804],[83.2181,22.7851],[83.2216,22.7865],[83.2185,22.7912],[83.2152,22.7875],[83.2135,22.7879],[83.2047,22.7861],[83.1996,22.7834],[83.1986,22.7805],[83.1934,22.7808],[83.1888,22.7774],[83.1888,22.7813],[83.1913,22.7828],[83.1901,22.7862],[83.1878,22.7865],[83.1829,22.7822],[83.1786,22.7794],[83.1769,22.7795],[83.1727,22.7771],[83.1616,22.7728],[83.1592,22.7733],[83.1565,22.767],[83.1571,22.7631],[83.155,22.7586],[83.1566,22.7513],[83.1568,22.7466],[83.1545,22.7436],[83.153,22.7371],[83.1504,22.7343],[83.1413,22.7346],[83.1383,22.7354],[83.1312,22.7315],[83.1254,22.7299],[83.1235,22.7285],[83.1154,22.7258],[83.1152,22.7241],[83.1182,22.7109],[83.1198,22.7069],[83.1249,22.7033],[83.1178,22.6894],[83.1105,22.6893],[83.1071,22.6871],[83.1017,22.6825],[83.1057,22.6781],[83.1091,22.6762],[83.1146,22.6714],[83.1158,22.6703],[83.123,22.6564],[83.1228,22.6473],[83.1168,22.644],[83.1129,22.6433],[83.1101,22.6415],[83.1072,22.6412],[83.1037,22.6365],[83.0969,22.6352],[83.0947,22.6336],[83.0944,22.6313],[83.0956,22.6263],[83.0973,22.6152],[83.0978,22.6053],[83.0974,22.594],[83.092,22.5867],[83.0918,22.5841],[83.0925,22.5757],[83.0939,22.5714],[83.0957,22.5626],[83.1027,22.5529],[83.106,22.5383],[83.107,22.5358],[83.1033,22.5261],[83.1073,22.5186],[83.1058,22.5114],[83.1031,22.5047],[83.0971,22.4995],[83.0936,22.4983],[83.0901,22.4931],[83.0885,22.489],[83.0874,22.4735],[83.0861,22.4703],[83.087,22.4669],[83.0944,22.4621],[83.0951,22.4594],[83.0935,22.4545],[83.0907,22.4507],[83.0909,22.4492],[83.0891,22.4382],[83.0938,22.4361],[83.0937,22.4289],[83.1009,22.4286],[83.1031,22.4272],[83.1071,22.4276],[83.1094,22.4264],[83.1133,22.4224],[83.1128,22.4175],[83.1098,22.4168],[83.1074,22.4143],[83.1084,22.4074],[83.1073,22.397],[83.1082,22.3918],[83.1081,22.387],[83.1055,22.3833],[83.1017,22.3834],[83.1006,22.3811],[83.1017,22.3793],[83.1039,22.3724],[83.1092,22.3668],[83.1083,22.3642],[83.1011,22.3555],[83.0973,22.3535],[83.0926,22.3527],[83.0897,22.3513],[83.0865,22.3485],[83.0857,22.3462],[83.0797,22.3362],[83.0791,22.3321],[83.0828,22.3245],[83.0819,22.3152],[83.0804,22.3102],[83.0787,22.3085],[83.0686,22.3049],[83.0666,22.3033],[83.0647,22.2989],[83.0639,22.2966],[83.0595,22.2883],[83.0526,22.284],[83.0494,22.2804],[83.0493,22.2774],[83.0524,22.2723],[83.0545,22.2664],[83.056,22.265],[83.0613,22.2622],[83.0533,22.2551],[83.0463,22.2524],[83.0405,22.2492],[83.0364,22.2484],[83.0328,22.2449],[83.0301,22.239],[83.0352,22.2345],[83.0405,22.2313],[83.0468,22.2267],[83.0472,22.2219],[83.0482,22.2181],[83.051,22.2124],[83.0506,22.2094],[83.0486,22.2049],[83.0485,22.2009],[83.0503,22.1983],[83.0506,22.1941],[83.0522,22.1946],[83.0628,22.1882],[83.0639,22.1828],[83.0673,22.1771],[83.0717,22.1728],[83.0809,22.1712],[83.0885,22.1681],[83.0844,22.1657],[83.0821,22.1633],[83.0823,22.1591],[83.0851,22.1508],[83.0935,22.1411],[83.0992,22.1354],[83.1011,22.1266],[83.1038,22.121],[83.1114,22.109],[83.1092,22.1069],[83.1039,22.106],[83.1007,22.1045],[83.0999,22.1027],[83.1003,22.0969],[83.1037,22.0937],[83.1051,22.0882],[83.1044,22.083],[83.1066,22.0791],[83.1123,22.0759],[83.1165,22.0724],[83.1183,22.07],[83.1298,22.0605],[83.135,22.0545],[83.1357,22.0556],[83.1355,22.0629],[83.1377,22.068],[83.1425,22.0711],[83.1449,22.0745],[83.1489,22.078],[83.153,22.0795],[83.1579,22.0798],[83.1637,22.0775],[83.1665,22.0752],[83.1689,22.0703],[83.172,22.0673],[83.1762,22.0669],[83.1801,22.0707],[83.1857,22.08],[83.19,22.0836],[83.1919,22.0833],[83.1941,22.0776],[83.1984,22.0744],[83.2027,22.069]]]]},"properties":{"id":"in:subdistrict:3263","level":"subdistrict","name":"Udaipur (Dharamjaigarh)","code":3263,"parent":"in:district:386","state":"in:state:22"}},{"type":"Feature","geometry":{"type":"Polygon","coordinates":[[[83.3698,22.7363],[83.3665,22.742],[83.3671,22.7506],[83.3704,22.7513],[83.3731,22.7531],[83.3744,22.7589],[83.3683,22.7627],[83.3687,22.7664],[83.3656,22.7689],[83.3673,22.7729],[83.3668,22.7763],[83.3689,22.7823],[83.3768,22.7789],[83.3796,22.7757],[83.3823,22.7758],[83.3849,22.7778],[83.3924,22.7769],[83.398,22.7755],[83.3988,22.7787],[83.4016,22.7814],[83.401,22.7846],[83.4097,22.7878],[83.4114,22.7889],[83.4117,22.7925],[83.4139,22.7939],[83.4203,22.796],[83.4275,22.799],[83.4274,22.8013],[83.4345,22.8152],[83.435,22.8186],[83.4369,22.8212],[83.4437,22.8218],[83.4411,22.8315],[83.4408,22.8341],[83.4447,22.8323],[83.4471,22.8341],[83.4615,22.8359],[83.4662,22.8354],[83.4701,22.8342],[83.4789,22.8337],[83.4837,22.8313],[83.4852,22.8316],[83.493,22.8305],[83.493,22.8362],[83.4941,22.842],[83.4933,22.8485],[83.489,22.8468],[83.4852,22.8464],[83.4833,22.8478],[83.4788,22.8487],[83.473,22.849],[83.4677,22.8519],[83.4596,22.8533],[83.4573,22.8549],[83.4567,22.8579],[83.4524,22.8579],[83.4504,22.8596],[83.4464,22.8665],[83.4369,22.8663],[83.4346,22.8678],[83.4332,22.8647],[83.4303,22.861],[83.4256,22.8642],[83.4193,22.8708],[83.4199,22.8739],[83.4189,22.8789],[83.415,22.8824],[83.4111,22.8786],[83.4021,22.8772],[83.4002,22.8763],[83.3958,22.8766],[83.3955,22.8733],[83.399,22.8697],[83.4035,22.8721],[83.4059,22.867],[83.4045,22.8659],[83.3994,22.8661],[83.3906,22.8642],[83.3889,22.8608],[83.3942,22.8591],[83.3942,22.8575],[83.3893,22.8548],[83.3884,22.8535],[83.3788,22.8607],[83.3727,22.8664],[83.373,22.8695],[83.3762,22.8735],[83.378,22.8722],[83.3826,22.8715],[83.3839,22.8724],[83.3826,22.8784],[83.383,22.881],[83.38,22.8871],[83.3782,22.8968],[83.3742,22.8964],[83.3703,22.8969],[83.3667,22.8996],[83.3641,22.8986],[83.36,22.8996],[83.3529,22.9065],[83.3457,22.9081],[83.3462,22.911],[83.3452,22.9148],[83.3456,22.9173],[83.3521,22.9222],[83.3554,22.9228],[83.3551,22.928],[83.3537,22.9345],[83.356,22.9353],[83.3544,22.938],[83.3558,22.9397],[83.3526,22.9478],[83.3459,22.9544],[83.3443,22.9526],[83.3387,22.9519],[83.3299,22.9531],[83.3272,22.9511],[83.3229,22.9499],[83.3159,22.9495],[83.3148,22.9466],[83.3163,22.9443],[83.3144,22.9414],[83.3094,22.941],[83.2971,22.9415],[83.299,22.9352],[83.2945,22.9361],[83.2887,22.9381],[83.2794,22.9367],[83.2707,22.9369],[83.2691,22.9332],[83.2604,22.9341],[83.2592,22.932],[83.2548,22.9318],[83.2505,22.9254],[83.2483,22.9233],[83.2432,22.9209],[83.2394,22.9178],[83.238,22.9146],[83.2372,22.9009],[83.2339,22.8849],[83.2211,22.8771],[83.2122,22.8687],[83.2062,22.8644],[83.1985,22.86],[83.1953,22.8589],[83.1904,22.8587],[83.1807,22.8638],[83.1746,22.8567],[83.1716,22.855],[83.1688,22.8562],[83.1669,22.8625],[83.1579,22.8587],[83.1496,22.8563],[83.1476,22.8492],[83.146,22.8454],[83.15,22.8426],[83.1503,22.8376],[83.1517,22.833],[83.1526,22.8267],[83.157,22.8246],[83.1589,22.8212],[83.1599,22.817],[83.1619,22.8143],[83.1649,22.8128],[83.1703,22.8115],[83.1717,22.8069],[83.1687,22.8007],[83.1696,22.7956],[83.1682,22.7901],[83.1714,22.7816],[83.1727,22.7771],[83.1769,22.7795],[83.1786,22.7794],[83.1829,22.7822],[83.1878,22.7865],[83.1901,22.7862],[83.1913,22.7828],[83.1888,22.7813],[83.1888,22.7774],[83.1934,22.7808],[83.1986,22.7805],[83.1996,22.7834],[83.2047,22.7861],[83.2135,22.7879],[83.2152,22.7875],[83.2185,22.7912],[83.2216,22.7865],[83.2181,22.7851],[83.2182,22.7804],[83.2228,22.7808],[83.2268,22.7797],[83.2319,22.7819],[83.232,22.7786],[83.2302,22.7769],[83.2307,22.7747],[83.2338,22.7714],[83.2364,22.7707],[83.2417,22.7736],[83.2418,22.7696],[83.2437,22.7656],[83.2479,22.7655],[83.2474,22.7619],[83.2537,22.762],[83.2548,22.7662],[83.2591,22.7677],[83.2627,22.7672],[83.2679,22.7645],[83.2748,22.7657],[83.2779,22.7682],[83.2865,22.7696],[83.29,22.7676],[83.2947,22.7659],[83.2978,22.763],[83.3005,22.7642],[83.3021,22.762],[83.305,22.7615],[83.3081,22.7585],[83.3156,22.7583],[83.3191,22.7591],[83.3182,22.7629],[83.3198,22.7661],[83.3323,22.7599],[83.3334,22.7583],[83.3328,22.7551],[83.334,22.753],[83.3401,22.7498],[83.3431,22.7447],[83.344,22.7396],[83.3434,22.7359],[83.3468,22.7347],[83.352,22.7294],[83.3559,22.7307],[83.3581,22.7299],[83.3638,22.7297],[83.3644,22.7324],[83.3698,22.7363]]]},"properties":{"id":"in:subdistrict:3254","level":"subdistrict","name":"Mainpat","code":3254,"parent":"in:district:389","state":"in:state:22"}},{"type":"Feature","geometry":{"type":"Polygon","coordinates":[[[83.4133,22.638],[83.4123,22.6413],[83.4166,22.6452],[83.4143,22.6472],[83.4107,22.6533],[83.4106,22.6586],[83.4172,22.6586],[83.4231,22.662],[83.4284,22.6618],[83.4312,22.6653],[83.4343,22.6656],[83.4351,22.6673],[83.4326,22.6709],[83.4328,22.6737],[83.4376,22.6752],[83.4446,22.6739],[83.4491,22.6743],[83.456,22.6704],[83.4608,22.6737],[83.4631,22.672],[83.4638,22.6696],[83.4704,22.6677],[83.4721,22.6686],[83.4761,22.6676],[83.4804,22.6651],[83.4833,22.6651],[83.4911,22.6602],[83.4981,22.661],[83.5062,22.6597],[83.5056,22.6656],[83.5058,22.6713],[83.5104,22.6711],[83.5249,22.6756],[83.5299,22.6784],[83.5342,22.6822],[83.539,22.6851],[83.5456,22.6929],[83.5485,22.6956],[83.553,22.6958],[83.5624,22.6917],[83.5667,22.6892],[83.5733,22.6879],[83.5797,22.6819],[83.5855,22.6807],[83.5912,22.677],[83.5967,22.6745],[83.6,22.6738],[83.6026,22.6744],[83.6109,22.6721],[83.6148,22.6687],[83.6181,22.6669],[83.6246,22.6652],[83.6301,22.6648],[83.6369,22.6613],[83.6443,22.6567],[83.6473,22.6539],[83.6497,22.6502],[83.6515,22.6441],[83.656,22.6366],[83.6579,22.63],[83.663,22.6259],[83.668,22.6234],[83.673,22.6229],[83.6749,22.6273],[83.6812,22.6349],[83.6869,22.644],[83.6855,22.6484],[83.6877,22.6595],[83.6906,22.6682],[83.685,22.6735],[83.6815,22.6806],[83.6683,22.6856],[83.6598,22.6906],[83.6516,22.6945],[83.6435,22.6994],[83.6376,22.6991],[83.6353,22.704],[83.6312,22.7098],[83.6289,22.7119],[83.6307,22.7246],[83.6303,22.7278],[83.6348,22.7292],[83.6382,22.7326],[83.643,22.7322],[83.6452,22.7342],[83.6439,22.7375],[83.6457,22.7383],[83.6488,22.7366],[83.6504,22.7393],[83.6472,22.7402],[83.6465,22.7425],[83.6474,22.7475],[83.6521,22.7468],[83.6561,22.7471],[83.6566,22.7488],[83.6542,22.7526],[83.655,22.7553],[83.6517,22.7585],[83.6491,22.7588],[83.6473,22.761],[83.6486,22.7629],[83.6513,22.7639],[83.6529,22.768],[83.6522,22.7711],[83.6546,22.7741],[83.658,22.7753],[83.6576,22.7796],[83.6529,22.7813],[83.6519,22.7836],[83.6543,22.7913],[83.6515,22.793],[83.6518,22.7967],[83.6495,22.8034],[83.6514,22.8065],[83.6509,22.8115],[83.6457,22.8171],[83.6459,22.8264],[83.6387,22.8249],[83.6288,22.8259],[83.6237,22.8296],[83.6206,22.8303],[83.6235,22.8419],[83.6086,22.8446],[83.5952,22.849],[83.5959,22.858],[83.5916,22.8601],[83.5954,22.863],[83.5956,22.869],[83.5859,22.8689],[83.5784,22.87],[83.5784,22.8728],[83.5748,22.8762],[83.5707,22.8776],[83.5716,22.8812],[83.5705,22.8838],[83.5702,22.8893],[83.5657,22.8896],[83.5635,22.895],[83.5616,22.8939],[83.5573,22.8948],[83.5479,22.8848],[83.5461,22.8845],[83.5401,22.8807],[83.5436,22.8771],[83.54,22.8767],[83.5407,22.8746],[83.5391,22.8708],[83.5388,22.8622],[83.5354,22.8547],[83.5303,22.8487],[83.5273,22.8437],[83.5246,22.846],[83.5183,22.846],[83.5163,22.8439],[83.5085,22.8429],[83.5015,22.8428],[83.4981,22.8452],[83.4941,22.842],[83.493,22.8362],[83.493,22.8305],[83.4852,22.8316],[83.4837,22.8313],[83.4789,22.8337],[83.4701,22.8342],[83.4662,22.8354],[83.4615,22.8359],[83.4471,22.8341],[83.4447,22.8323],[83.4408,22.8341],[83.4411,22.8315],[83.4437,22.8218],[83.4369,22.8212],[83.435,22.8186],[83.4345,22.8152],[83.4274,22.8013],[83.4275,22.799],[83.4203,22.796],[83.4139,22.7939],[83.4117,22.7925],[83.4114,22.7889],[83.4097,22.7878],[83.401,22.7846],[83.4016,22.7814],[83.3988,22.7787],[83.398,22.7755],[83.3924,22.7769],[83.3849,22.7778],[83.3823,22.7758],[83.3796,22.7757],[83.3768,22.7789],[83.3689,22.7823],[83.3668,22.7763],[83.3673,22.7729],[83.3656,22.7689],[83.3687,22.7664],[83.3683,22.7627],[83.3744,22.7589],[83.3731,22.7531],[83.3704,22.7513],[83.3671,22.7506],[83.3665,22.742],[83.3698,22.7363],[83.3698,22.7396],[83.3736,22.741],[83.3787,22.7419],[83.3824,22.7392],[83.3858,22.739],[83.3908,22.7365],[83.3949,22.7335],[83.3958,22.7293],[83.3991,22.7266],[83.3982,22.7239],[83.394,22.7185],[83.3933,22.7149],[83.3915,22.711],[83.3929,22.7045],[83.3926,22.6978],[83.3879,22.6878],[83.383,22.6911],[83.3764,22.6918],[83.3766,22.6855],[83.3786,22.6749],[83.3796,22.6679],[83.384,22.6541],[83.3848,22.6528],[83.3969,22.6501],[83.4001,22.648],[83.4056,22.6465],[83.4043,22.6409],[83.4063,22.6387],[83.4104,22.6392],[83.4133,22.638]]]},"properties":{"id":"in:subdistrict:3252","level":"subdistrict","name":"Sitapur","code":3252,"parent":"in:district:389","state":"in:state:22"}},{"type":"Feature","geometry":{"type":"Polygon","coordinates":[[[83.4486,22.5226],[83.4506,22.5223],[83.452,22.5187],[83.4555,22.5183],[83.4558,22.5157],[83.4581,22.5154],[83.4586,22.5132],[83.4609,22.5113],[83.4616,22.5084],[83.4666,22.5072],[83.4691,22.5039],[83.4718,22.503],[83.4777,22.4997],[83.4843,22.4981],[83.4853,22.4944],[83.4874,22.4951],[83.49,22.4921],[83.4928,22.4921],[83.4926,22.4959],[83.4981,22.5009],[83.507,22.5077],[83.5152,22.5119],[83.5259,22.5141],[83.5275,22.5134],[83.5347,22.5139],[83.5431,22.5163],[83.5448,22.5195],[83.5516,22.5286],[83.5579,22.5325],[83.56,22.5353],[83.5625,22.5369],[83.5665,22.5413],[83.5738,22.5439],[83.5772,22.5425],[83.5836,22.5413],[83.5873,22.5396],[83.5907,22.5361],[83.5958,22.5323],[83.5953,22.5305],[83.5923,22.5284],[83.5914,22.5249],[83.5924,22.5239],[83.5911,22.5198],[83.591,22.5138],[83.5882,22.5069],[83.5883,22.5044],[83.5858,22.5006],[83.5853,22.497],[83.5832,22.493],[83.5823,22.4875],[83.5784,22.4811],[83.5767,22.4805],[83.5738,22.4738],[83.574,22.4659],[83.5757,22.4597],[83.5798,22.4574],[83.5832,22.4521],[83.586,22.45],[83.5883,22.4497],[83.5958,22.4459],[83.6001,22.4451],[83.6065,22.4409],[83.6169,22.4319],[83.6201,22.4247],[83.6284,22.4225],[83.6324,22.4205],[83.6364,22.4158],[83.6385,22.4122],[83.6444,22.407],[83.6446,22.3977],[83.6487,22.3914],[83.6525,22.3897],[83.6571,22.3896],[83.6602,22.3871],[83.6655,22.3844],[83.6723,22.3818],[83.6756,22.3818],[83.6791,22.3799],[83.6835,22.3799],[83.6899,22.3783],[83.6903,22.376],[83.6934,22.3767],[83.697,22.376],[83.7001,22.3767],[83.7037,22.3757],[83.7067,22.3775],[83.7093,22.382],[83.7137,22.3819],[83.7177,22.3794],[83.7211,22.3782],[83.7254,22.3784],[83.7318,22.3765],[83.7378,22.3774],[83.7419,22.381],[83.742,22.3823],[83.7456,22.387],[83.7567,22.396],[83.7595,22.4007],[83.763,22.4013],[83.7669,22.4035],[83.7685,22.4056],[83.7661,22.4087],[83.7654,22.4151],[83.7657,22.4219],[83.7653,22.4254],[83.7659,22.4335],[83.7678,22.4382],[83.768,22.4409],[83.7661,22.4495],[83.7648,22.4511],[83.7671,22.4531],[83.7674,22.4587],[83.7691,22.467],[83.7683,22.4699],[83.7703,22.4727],[83.7678,22.4771],[83.7671,22.4823],[83.7696,22.4843],[83.7685,22.4883],[83.769,22.4905],[83.7743,22.4978],[83.7782,22.5025],[83.7827,22.5067],[83.7842,22.5124],[83.7865,22.5151],[83.7858,22.5188],[83.7872,22.5278],[83.7884,22.5298],[83.7896,22.5329],[83.7886,22.5355],[83.7896,22.54],[83.7926,22.5463],[83.7928,22.5492],[83.7944,22.5522],[83.795,22.5603],[83.7942,22.5661],[83.7907,22.5703],[83.7869,22.5728],[83.7798,22.574],[83.7771,22.5756],[83.7741,22.5804],[83.7673,22.5799],[83.7648,22.5786],[83.7594,22.5783],[83.7487,22.5797],[83.743,22.5825],[83.741,22.5883],[83.7363,22.5915],[83.7358,22.5951],[83.7337,22.5967],[83.7276,22.5963],[83.7155,22.6008],[83.7117,22.6047],[83.7096,22.6079],[83.7067,22.6141],[83.7051,22.6157],[83.7016,22.6167],[83.6962,22.6164],[83.6928,22.6171],[83.6865,22.621],[83.678,22.6214],[83.673,22.6229],[83.668,22.6234],[83.663,22.6259],[83.6579,22.63],[83.656,22.6366],[83.6515,22.6441],[83.6497,22.6502],[83.6473,22.6539],[83.6443,22.6567],[83.6369,22.6613],[83.6301,22.6648],[83.6246,22.6652],[83.6181,22.6669],[83.6148,22.6687],[83.6109,22.6721],[83.6026,22.6744],[83.6,22.6738],[83.5967,22.6745],[83.5912,22.677],[83.5855,22.6807],[83.5797,22.6819],[83.5733,22.6879],[83.5667,22.6892],[83.5624,22.6917],[83.553,22.6958],[83.5485,22.6956],[83.5456,22.6929],[83.539,22.6851],[83.5342,22.6822],[83.5299,22.6784],[83.5249,22.6756],[83.5104,22.6711],[83.5058,22.6713],[83.5056,22.6656],[83.5062,22.6597],[83.4981,22.661],[83.4911,22.6602],[83.4833,22.6651],[83.4804,22.6651],[83.4761,22.6676],[83.4721,22.6686],[83.4704,22.6677],[83.4638,22.6696],[83.4631,22.672],[83.4608,22.6737],[83.456,22.6704],[83.4491,22.6743],[83.4446,22.6739],[83.4376,22.6752],[83.4328,22.6737],[83.4326,22.6709],[83.4351,22.6673],[83.4343,22.6656],[83.4312,22.6653],[83.4284,22.6618],[83.4231,22.662],[83.4172,22.6586],[83.4106,22.6586],[83.4107,22.6533],[83.4143,22.6472],[83.4166,22.6452],[83.4123,22.6413],[83.4133,22.638],[83.4116,22.6294],[83.403,22.6234],[83.3935,22.6249],[83.39,22.6232],[83.3864,22.6197],[83.3798,22.6185],[83.3974,22.6112],[83.4024,22.6107],[83.4066,22.6091],[83.4129,22.6093],[83.4156,22.608],[83.4175,22.6087],[83.4271,22.6067],[83.4271,22.6004],[83.4251,22.5986],[83.4195,22.5959],[83.4143,22.5958],[83.4127,22.5911],[83.4101,22.5898],[83.4046,22.5835],[83.4033,22.5783],[83.4007,22.5649],[83.398,22.5582],[83.3985,22.5556],[83.4006,22.5527],[83.4076,22.5486],[83.4122,22.5489],[83.4147,22.5464],[83.4196,22.5453],[83.4205,22.543],[83.4233,22.5424],[83.4234,22.5391],[83.426,22.5368],[83.4275,22.538],[83.4312,22.5348],[83.4363,22.5317],[83.4386,22.5284],[83.4423,22.5257],[83.445,22.5222],[83.4486,22.5226]]]},"properties":{"id":"in:subdistrict:3262","level":"subdistrict","name":"Pathalgaon","code":3262,"parent":"in:district:380","state":"in:state:22"}},{"type":"Feature","geometry":{"type":"Polygon","coordinates":[[[83.4464,22.3615],[83.4486,22.3599],[83.4595,22.3575],[83.4605,22.3545],[83.4655,22.3491],[83.4667,22.346],[83.463,22.3405],[83.4595,22.339],[83.4589,22.3346],[83.4564,22.3344],[83.4524,22.3356],[83.4517,22.3343],[83.444,22.3357],[83.4435,22.3325],[83.4394,22.3283],[83.4372,22.3286],[83.4372,22.3326],[83.4415,22.3376],[83.4413,22.3396],[83.4442,22.3416],[83.4424,22.3442],[83.4397,22.3438],[83.4368,22.3453],[83.425,22.3444],[83.4177,22.3388],[83.4166,22.3361],[83.4194,22.3335],[83.4263,22.3307],[83.4278,22.3257],[83.4303,22.3221],[83.4252,22.3205],[83.4234,22.3209],[83.4169,22.316],[83.4137,22.3107],[83.4118,22.3024],[83.4132,22.2967],[83.4113,22.2906],[83.4128,22.2875],[83.4169,22.285],[83.4202,22.2874],[83.4241,22.2855],[83.4295,22.2847],[83.4336,22.286],[83.4378,22.2829],[83.4383,22.2859],[83.4413,22.2867],[83.4442,22.2897],[83.4488,22.2893],[83.4535,22.2859],[83.4521,22.2827],[83.4485,22.2818],[83.4454,22.2826],[83.4404,22.2817],[83.4345,22.2766],[83.4307,22.2748],[83.4287,22.2763],[83.4239,22.2693],[83.4226,22.2659],[83.424,22.2644],[83.4314,22.2675],[83.438,22.2655],[83.4401,22.267],[83.4434,22.2675],[83.4469,22.273],[83.447,22.2752],[83.4497,22.2752],[83.4495,22.2725],[83.4509,22.2693],[83.4572,22.268],[83.4599,22.2629],[83.4659,22.2633],[83.47,22.2606],[83.4767,22.2588],[83.4819,22.26],[83.4854,22.2597],[83.489,22.2606],[83.4897,22.2623],[83.4927,22.262],[83.4927,22.2577],[83.4946,22.256],[83.4937,22.2539],[83.496,22.2519],[83.4966,22.2483],[83.498,22.2457],[83.5031,22.2456],[83.5065,22.2475],[83.5079,22.2501],[83.5054,22.2519],[83.512,22.2535],[83.5177,22.2533],[83.5181,22.2542],[83.5088,22.2558],[83.5078,22.2594],[83.5144,22.2623],[83.5192,22.263],[83.5277,22.2621],[83.5319,22.2599],[83.5373,22.2551],[83.5441,22.25],[83.546,22.2475],[83.5519,22.2423],[83.5611,22.2409],[83.5652,22.2425],[83.57,22.2422],[83.5758,22.2361],[83.5799,22.2342],[83.5803,22.2316],[83.5741,22.2268],[83.5725,22.2247],[83.5752,22.219],[83.5748,22.2135],[83.5756,22.2069],[83.5779,22.2016],[83.5809,22.1982],[83.5896,22.1912],[83.5916,22.1906],[83.5942,22.193],[83.598,22.1916],[83.6011,22.1916],[83.6018,22.1893],[83.6058,22.189],[83.6084,22.1877],[83.6132,22.1871],[83.6194,22.1893],[83.6276,22.2043],[83.6327,22.2095],[83.6495,22.2233],[83.6553,22.22],[83.6592,22.2243],[83.6645,22.2288],[83.6658,22.2327],[83.6734,22.2353],[83.6914,22.2429],[83.6915,22.2441],[83.7039,22.2467],[83.7056,22.2467],[83.7117,22.2431],[83.7212,22.243],[83.7282,22.2413],[83.7295,22.2428],[83.7361,22.2417],[83.7432,22.2397],[83.7578,22.2403],[83.7585,22.2448],[83.7577,22.2471],[83.7597,22.2512],[83.7622,22.2518],[83.7654,22.2551],[83.7672,22.2558],[83.7732,22.2558],[83.7756,22.2573],[83.7765,22.2615],[83.7749,22.2651],[83.7769,22.267],[83.7766,22.2699],[83.7794,22.2736],[83.7842,22.2738],[83.7905,22.2756],[83.7943,22.2789],[83.796,22.2822],[83.7948,22.2859],[83.7977,22.288],[83.8022,22.2896],[83.8031,22.2948],[83.7933,22.3007],[83.7955,22.3025],[83.7947,22.3052],[83.7963,22.3079],[83.7929,22.3095],[83.7853,22.3089],[83.7801,22.3128],[83.779,22.3156],[83.776,22.3186],[83.7715,22.3185],[83.7665,22.3206],[83.7653,22.3237],[83.7592,22.3256],[83.761,22.3298],[83.7592,22.3335],[83.7583,22.3378],[83.7531,22.3393],[83.7537,22.3453],[83.7502,22.3507],[83.7459,22.3529],[83.7432,22.3638],[83.7403,22.3668],[83.7382,22.3723],[83.7378,22.3774],[83.7318,22.3765],[83.7254,22.3784],[83.7211,22.3782],[83.7177,22.3794],[83.7137,22.3819],[83.7093,22.382],[83.7067,22.3775],[83.7037,22.3757],[83.7001,22.3767],[83.697,22.376],[83.6934,22.3767],[83.6903,22.376],[83.6899,22.3783],[83.6835,22.3799],[83.6791,22.3799],[83.6756,22.3818],[83.6723,22.3818],[83.6655,22.3844],[83.6602,22.3871],[83.6571,22.3896],[83.6525,22.3897],[83.6487,22.3914],[83.6446,22.3977],[83.6444,22.407],[83.6385,22.4122],[83.6364,22.4158],[83.6324,22.4205],[83.6284,22.4225],[83.6201,22.4247],[83.6169,22.4319],[83.6065,22.4409],[83.6001,22.4451],[83.5958,22.4459],[83.5883,22.4497],[83.586,22.45],[83.5832,22.4521],[83.5798,22.4574],[83.5757,22.4597],[83.574,22.4659],[83.5738,22.4738],[83.5767,22.4805],[83.5784,22.4811],[83.5823,22.4875],[83.5832,22.493],[83.5853,22.497],[83.5858,22.5006],[83.5883,22.5044],[83.5882,22.5069],[83.591,22.5138],[83.5911,22.5198],[83.5924,22.5239],[83.5914,22.5249],[83.5923,22.5284],[83.5953,22.5305],[83.5958,22.5323],[83.5907,22.5361],[83.5873,22.5396],[83.5836,22.5413],[83.5772,22.5425],[83.5738,22.5439],[83.5665,22.5413],[83.5625,22.5369],[83.56,22.5353],[83.5579,22.5325],[83.5516,22.5286],[83.5448,22.5195],[83.5431,22.5163],[83.5347,22.5139],[83.5275,22.5134],[83.5259,22.5141],[83.5152,22.5119],[83.507,22.5077],[83.4981,22.5009],[83.4926,22.4959],[83.4928,22.4921],[83.49,22.4921],[83.4874,22.4951],[83.4853,22.4944],[83.4843,22.4981],[83.4777,22.4997],[83.4718,22.503],[83.4691,22.5039],[83.4666,22.5072],[83.4616,22.5084],[83.4609,22.5113],[83.4586,22.5132],[83.4581,22.5154],[83.4558,22.5157],[83.4555,22.5183],[83.452,22.5187],[83.4506,22.5223],[83.4486,22.5226],[83.4486,22.5209],[83.4446,22.5122],[83.4434,22.5075],[83.439,22.5041],[83.4295,22.5006],[83.4232,22.497],[83.4208,22.4924],[83.421,22.4867],[83.4273,22.4795],[83.4264,22.4767],[83.4299,22.472],[83.4335,22.4718],[83.4332,22.4663],[83.442,22.4555],[83.4432,22.4464],[83.445,22.4439],[83.4441,22.4395],[83.4406,22.4353],[83.4454,22.4194],[83.4434,22.4157],[83.4461,22.4125],[83.4516,22.4104],[83.4567,22.4065],[83.463,22.4036],[83.4669,22.3998],[83.4674,22.3973],[83.4655,22.3942],[83.4654,22.3906],[83.4605,22.3863],[83.4599,22.3811],[83.4578,22.3763],[83.4568,22.3694],[83.4534,22.369],[83.4492,22.3663],[83.449,22.3627],[83.4464,22.3615]]]},"properties":{"id":"in:subdistrict:3264","level":"subdistrict","name":"Lailunga","code":3264,"parent":"in:district:386","state":"in:state:22"}},{"type":"Feature","geometry":{"type":"Polygon","coordinates":[[[83.2158,22.0646],[83.2189,22.0683],[83.2226,22.0702],[83.2409,22.0702],[83.2459,22.0713],[83.2499,22.0692],[83.256,22.0702],[83.2586,22.0712],[83.2642,22.0771],[83.2676,22.0761],[83.2691,22.0703],[83.2706,22.0687],[83.2787,22.0628],[83.2846,22.0632],[83.2856,22.0556],[83.2887,22.0556],[83.2931,22.0595],[83.2977,22.0594],[83.3067,22.0541],[83.3058,22.0597],[83.3114,22.0593],[83.3138,22.062],[83.317,22.0617],[83.3187,22.066],[83.3221,22.0633],[83.3253,22.0583],[83.3294,22.0539],[83.3332,22.0549],[83.338,22.0533],[83.3408,22.0563],[83.3443,22.0579],[83.3441,22.0609],[83.342,22.0647],[83.3377,22.0686],[83.333,22.0706],[83.3314,22.0753],[83.3358,22.0771],[83.3318,22.0805],[83.328,22.0808],[83.3249,22.0834],[83.3251,22.0881],[83.3278,22.0912],[83.3346,22.0914],[83.3398,22.0883],[83.3428,22.09],[83.3469,22.0894],[83.3486,22.0917],[83.3508,22.0975],[83.3547,22.0965],[83.3559,22.0951],[83.3601,22.096],[83.3648,22.0959],[83.3655,22.0949],[83.3709,22.0944],[83.373,22.0919],[83.3779,22.0924],[83.3771,22.089],[83.3806,22.0896],[83.3847,22.0861],[83.3923,22.0879],[83.3932,22.0906],[83.391,22.0912],[83.3841,22.0979],[83.379,22.1014],[83.3799,22.105],[83.3881,22.1064],[83.3898,22.1075],[83.3916,22.1113],[83.3948,22.1144],[83.398,22.1198],[83.3989,22.1233],[83.4023,22.1287],[83.4031,22.1327],[83.4109,22.1341],[83.4176,22.1338],[83.4178,22.1309],[83.4205,22.1309],[83.4217,22.1291],[83.4275,22.1278],[83.4331,22.1305],[83.4335,22.132],[83.4375,22.1347],[83.4399,22.1388],[83.4402,22.143],[83.4423,22.1483],[83.4468,22.151],[83.4526,22.151],[83.4548,22.158],[83.4567,22.1598],[83.4616,22.1623],[83.4631,22.1684],[83.4565,22.1733],[83.4548,22.1834],[83.4552,22.1855],[83.4672,22.1994],[83.4755,22.2046],[83.4856,22.2103],[83.4911,22.2139],[83.4921,22.2185],[83.4878,22.2226],[83.4895,22.2252],[83.4949,22.2283],[83.4969,22.2307],[83.496,22.2367],[83.5001,22.2377],[83.5015,22.2405],[83.5011,22.2429],[83.5031,22.2456],[83.498,22.2457],[83.4966,22.2483],[83.496,22.2519],[83.4937,22.2539],[83.4946,22.256],[83.4927,22.2577],[83.4927,22.262],[83.4897,22.2623],[83.489,22.2606],[83.4854,22.2597],[83.4819,22.26],[83.4767,22.2588],[83.47,22.2606],[83.4659,22.2633],[83.4599,22.2629],[83.4572,22.268],[83.4509,22.2693],[83.4495,22.2725],[83.4497,22.2752],[83.447,22.2752],[83.4469,22.273],[83.4434,22.2675],[83.4401,22.267],[83.438,22.2655],[83.4314,22.2675],[83.424,22.2644],[83.4226,22.2659],[83.4239,22.2693],[83.4287,22.2763],[83.4307,22.2748],[83.4345,22.2766],[83.4404,22.2817],[83.4454,22.2826],[83.4485,22.2818],[83.4521,22.2827],[83.4535,22.2859],[83.4488,22.2893],[83.4442,22.2897],[83.4413,22.2867],[83.4383,22.2859],[83.4378,22.2829],[83.4336,22.286],[83.4295,22.2847],[83.4241,22.2855],[83.4202,22.2874],[83.4169,22.285],[83.4128,22.2875],[83.4113,22.2906],[83.4132,22.2967],[83.4118,22.3024],[83.4137,22.3107],[83.4169,22.316],[83.4234,22.3209],[83.4252,22.3205],[83.4303,22.3221],[83.4278,22.3257],[83.4263,22.3307],[83.4194,22.3335],[83.4166,22.3361],[83.4177,22.3388],[83.425,22.3444],[83.4368,22.3453],[83.4397,22.3438],[83.4424,22.3442],[83.4442,22.3416],[83.4413,22.3396],[83.4415,22.3376],[83.4372,22.3326],[83.4372,22.3286],[83.4394,22.3283],[83.4435,22.3325],[83.444,22.3357],[83.4517,22.3343],[83.4524,22.3356],[83.4564,22.3344],[83.4589,22.3346],[83.4595,22.339],[83.463,22.3405],[83.4667,22.346],[83.4655,22.3491],[83.4605,22.3545],[83.4595,22.3575],[83.4486,22.3599],[83.4464,22.3615],[83.442,22.3595],[83.4348,22.3589],[83.4325,22.3578],[83.4204,22.3576],[83.4145,22.362],[83.4163,22.3659],[83.4134,22.3721],[83.411,22.3747],[83.4136,22.3787],[83.4114,22.3827],[83.4096,22.3879],[83.4054,22.3899],[83.3992,22.3957],[83.3923,22.4003],[83.3842,22.4038],[83.3821,22.4059],[83.3783,22.4042],[83.3761,22.4012],[83.3732,22.3992],[83.3671,22.3979],[83.3645,22.3967],[83.3628,22.3897],[83.3566,22.3841],[83.3565,22.3753],[83.3494,22.3714],[83.3483,22.365],[83.344,22.3672],[83.3346,22.3742],[83.3314,22.3741],[83.3236,22.3719],[83.3228,22.3656],[83.3247,22.3599],[83.3295,22.3507],[83.33,22.3476],[83.3279,22.3439],[83.3286,22.3423],[83.3268,22.3333],[83.3232,22.3264],[83.3175,22.3202],[83.3108,22.3196],[83.3034,22.3183],[83.2987,22.318],[83.2848,22.3156],[83.2828,22.3156],[83.2625,22.3118],[83.2599,22.3116],[83.2468,22.3122],[83.2425,22.3142],[83.2338,22.3139],[83.2311,22.3131],[83.2255,22.3077],[83.2227,22.3057],[83.2235,22.3025],[83.2197,22.2947],[83.2198,22.2915],[83.2166,22.2878],[83.2143,22.287],[83.2106,22.2878],[83.2104,22.281],[83.2083,22.2763],[83.2085,22.2725],[83.2075,22.2711],[83.2038,22.2711],[83.2052,22.2675],[83.2022,22.264],[83.2084,22.253],[83.2105,22.2481],[83.208,22.2458],[83.2081,22.2399],[83.2067,22.2363],[83.2112,22.2316],[83.2144,22.2268],[83.2144,22.2223],[83.2168,22.2212],[83.2171,22.2181],[83.2185,22.216],[83.2189,22.2114],[83.2174,22.2105],[83.2174,22.2014],[83.2117,22.1993],[83.2103,22.1938],[83.2115,22.192],[83.2106,22.1883],[83.2087,22.1849],[83.2086,22.1778],[83.2106,22.1702],[83.2127,22.1659],[83.2224,22.1481],[83.2254,22.1446],[83.2241,22.1384],[83.2241,22.134],[83.2205,22.1286],[83.2209,22.1235],[83.2187,22.1149],[83.2182,22.1098],[83.2195,22.1077],[83.2197,22.1025],[83.2207,22.0969],[83.2212,22.0882],[83.221,22.0827],[83.2166,22.0783],[83.21,22.0783],[83.2057,22.0712],[83.2027,22.069],[83.2041,22.067],[83.2147,22.0677],[83.2158,22.0646]]]},"properties":{"id":"in:subdistrict:3265","level":"subdistrict","name":"Gharghoda","code":3265,"parent":"in:district:386","state":"in:state:22"}},{"type":"Feature","geometry":{"type":"Polygon","coordinates":[[[83.2392,22.0137],[83.2407,22.0108],[83.2455,22.0067],[83.2481,22.0073],[83.2538,22.0061],[83.2559,22.0066],[83.2594,22.003],[83.2622,22.0025],[83.264,22.0047],[83.2666,22.0056],[83.2701,22.0085],[83.2748,22.0092],[83.279,22.0063],[83.2829,22.0047],[83.2841,22.003],[83.289,22.0001],[83.2942,21.9992],[83.2987,21.9948],[83.3005,21.9946],[83.3066,21.9904],[83.3092,21.9935],[83.3093,21.9997],[83.3039,22.0021],[83.3015,22.0048],[83.3028,22.0088],[83.3056,22.0098],[83.3157,22.0062],[83.3224,22.0018],[83.3283,21.9985],[83.3342,22.0053],[83.3423,22.0128],[83.3518,22.0195],[83.3545,22.0177],[83.3614,22.0162],[83.366,22.0178],[83.3703,22.0144],[83.3729,22.0142],[83.3731,22.0119],[83.3769,22.009],[83.3797,22.0044],[83.3826,22.0033],[83.382,22.001],[83.385,21.9962],[83.3882,21.9945],[83.394,21.9874],[83.3958,21.9862],[83.3997,21.9813],[83.4085,21.9828],[83.4141,21.9825],[83.4182,21.9832],[83.4209,21.9818],[83.4261,21.9832],[83.4272,21.9905],[83.4257,22.0006],[83.4237,22.0033],[83.4246,22.0051],[83.4234,22.0078],[83.4192,22.0068],[83.4173,22.0054],[83.413,22.0058],[83.4087,22.0041],[83.4053,22.0043],[83.4046,22.0106],[83.4076,22.0128],[83.4065,22.0151],[83.4073,22.0176],[83.4096,22.0191],[83.4041,22.0253],[83.4117,22.0281],[83.4128,22.029],[83.4126,22.0335],[83.4073,22.0395],[83.4132,22.0433],[83.4052,22.0476],[83.4056,22.0494],[83.4104,22.0504],[83.4129,22.0556],[83.4192,22.0565],[83.4221,22.0551],[83.4309,22.0556],[83.4309,22.0532],[83.4359,22.053],[83.4381,22.0508],[83.4419,22.0527],[83.4418,22.0555],[83.4435,22.0583],[83.4484,22.0567],[83.4548,22.0525],[83.4553,22.0507],[83.4589,22.0505],[83.4604,22.0533],[83.463,22.0542],[83.4689,22.0549],[83.4732,22.0531],[83.4762,22.0528],[83.4799,22.0509],[83.4818,22.0485],[83.4856,22.0472],[83.4847,22.045],[83.4877,22.0443],[83.5023,22.0376],[83.5028,22.0353],[83.5012,22.032],[83.5053,22.0275],[83.5046,22.0249],[83.5008,22.0224],[83.5041,22.0191],[83.506,22.0134],[83.5083,22.0093],[83.5082,22.0078],[83.5122,22.0051],[83.5159,22.0066],[83.52,22.0064],[83.5228,22.0077],[83.5236,22.0099],[83.5299,22.0081],[83.5304,22.0122],[83.5337,22.0127],[83.5367,22.0101],[83.5438,22.0056],[83.5442,22.0028],[83.5481,21.999],[83.5531,22.0033],[83.5562,22.0078],[83.5475,22.0147],[83.5398,22.0217],[83.5365,22.0296],[83.5366,22.0396],[83.537,22.0445],[83.5431,22.0559],[83.5444,22.0577],[83.5471,22.0568],[83.5501,22.0536],[83.5566,22.0542],[83.5626,22.0541],[83.5818,22.0546],[83.5828,22.0506],[83.5854,22.0488],[83.5877,22.0492],[83.5902,22.0546],[83.5925,22.0548],[83.5962,22.0579],[83.6018,22.0591],[83.6034,22.0638],[83.6064,22.0666],[83.5961,22.0724],[83.5808,22.0859],[83.5766,22.0905],[83.5743,22.0918],[83.5623,22.0967],[83.5618,22.0984],[83.5626,22.103],[83.5643,22.106],[83.5759,22.1209],[83.5824,22.1244],[83.5859,22.1303],[83.5884,22.1324],[83.5921,22.1371],[83.5934,22.1398],[83.5962,22.1428],[83.6014,22.1471],[83.6077,22.1537],[83.6099,22.1598],[83.6115,22.1701],[83.6133,22.1777],[83.6175,22.185],[83.6194,22.1893],[83.6132,22.1871],[83.6084,22.1877],[83.6058,22.189],[83.6018,22.1893],[83.6011,22.1916],[83.598,22.1916],[83.5942,22.193],[83.5916,22.1906],[83.5896,22.1912],[83.5809,22.1982],[83.5779,22.2016],[83.5756,22.2069],[83.5748,22.2135],[83.5752,22.219],[83.5725,22.2247],[83.5741,22.2268],[83.5803,22.2316],[83.5799,22.2342],[83.5758,22.2361],[83.57,22.2422],[83.5652,22.2425],[83.5611,22.2409],[83.5519,22.2423],[83.546,22.2475],[83.5441,22.25],[83.5373,22.2551],[83.5319,22.2599],[83.5277,22.2621],[83.5192,22.263],[83.5144,22.2623],[83.5078,22.2594],[83.5088,22.2558],[83.5181,22.2542],[83.5177,22.2533],[83.512,22.2535],[83.5054,22.2519],[83.5079,22.2501],[83.5065,22.2475],[83.5031,22.2456],[83.5011,22.2429],[83.5015,22.2405],[83.5001,22.2377],[83.496,22.2367],[83.4969,22.2307],[83.4949,22.2283],[83.4895,22.2252],[83.4878,22.2226],[83.4921,22.2185],[83.4911,22.2139],[83.4856,22.2103],[83.4755,22.2046],[83.4672,22.1994],[83.4552,22.1855],[83.4548,22.1834],[83.4565,22.1733],[83.4631,22.1684],[83.4616,22.1623],[83.4567,22.1598],[83.4548,22.158],[83.4526,22.151],[83.4468,22.151],[83.4423,22.1483],[83.4402,22.143],[83.4399,22.1388],[83.4375,22.1347],[83.4335,22.132],[83.4331,22.1305],[83.4275,22.1278],[83.4217,22.1291],[83.4205,22.1309],[83.4178,22.1309],[83.4176,22.1338],[83.4109,22.1341],[83.4031,22.1327],[83.4023,22.1287],[83.3989,22.1233],[83.398,22.1198],[83.3948,22.1144],[83.3916,22.1113],[83.3898,22.1075],[83.3881,22.1064],[83.3799,22.105],[83.379,22.1014],[83.3841,22.0979],[83.391,22.0912],[83.3932,22.0906],[83.3923,22.0879],[83.3847,22.0861],[83.3806,22.0896],[83.3771,22.089],[83.3779,22.0924],[83.373,22.0919],[83.3709,22.0944],[83.3655,22.0949],[83.3648,22.0959],[83.3601,22.096],[83.3559,22.0951],[83.3547,22.0965],[83.3508,22.0975],[83.3486,22.0917],[83.3469,22.0894],[83.3428,22.09],[83.3398,22.0883],[83.3346,22.0914],[83.3278,22.0912],[83.3251,22.0881],[83.3249,22.0834],[83.328,22.0808],[83.3318,22.0805],[83.3358,22.0771],[83.3314,22.0753],[83.333,22.0706],[83.3377,22.0686],[83.342,22.0647],[83.3441,22.0609],[83.3443,22.0579],[83.3408,22.0563],[83.338,22.0533],[83.3332,22.0549],[83.3294,22.0539],[83.3253,22.0583],[83.3221,22.0633],[83.3187,22.066],[83.317,22.0617],[83.3138,22.062],[83.3114,22.0593],[83.3058,22.0597],[83.3067,22.0541],[83.2977,22.0594],[83.2931,22.0595],[83.2887,22.0556],[83.2856,22.0556],[83.2846,22.0632],[83.2787,22.0628],[83.2706,22.0687],[83.2691,22.0703],[83.2676,22.0761],[83.2642,22.0771],[83.2586,22.0712],[83.256,22.0702],[83.2499,22.0692],[83.2459,22.0713],[83.2409,22.0702],[83.2226,22.0702],[83.2189,22.0683],[83.2158,22.0646],[83.2175,22.0564],[83.224,22.0577],[83.237,22.0609],[83.2464,22.0616],[83.2498,22.0613],[83.2528,22.0599],[83.2548,22.0576],[83.2568,22.0586],[83.2596,22.0579],[83.2619,22.0552],[83.2654,22.0538],[83.2709,22.0478],[83.2734,22.0491],[83.274,22.0442],[83.278,22.0423],[83.2778,22.0392],[83.2811,22.0366],[83.2818,22.0324],[83.2858,22.0315],[83.2886,22.0283],[83.2905,22.0233],[83.2911,22.0194],[83.2873,22.0166],[83.2827,22.0164],[83.2777,22.0192],[83.266,22.0266],[83.2639,22.0262],[83.2582,22.0283],[83.2562,22.0304],[83.2537,22.0311],[83.2482,22.0369],[83.2455,22.038],[83.2294,22.0376],[83.2245,22.0383],[83.2245,22.0343],[83.2264,22.0283],[83.2354,22.0204],[83.239,22.0157],[83.2392,22.0137]]]},"properties":{"id":"in:subdistrict:3266","level":"subdistrict","name":"Tamnar","code":3266,"parent":"in:district:386","state":"in:state:22"}},{"type":"Feature","geometry":{"type":"Polygon","coordinates":[[[83.202,21.9141],[83.2071,21.9125],[83.2066,21.9093],[83.2118,21.9087],[83.2144,21.9068],[83.2147,21.9035],[83.2118,21.9009],[83.2146,21.8975],[83.2132,21.8951],[83.213,21.8915],[83.2149,21.8873],[83.2143,21.8836],[83.2111,21.8836],[83.2039,21.8819],[83.2032,21.8749],[83.2034,21.871],[83.2017,21.8676],[83.1942,21.8636],[83.185,21.8614],[83.1831,21.8601],[83.1786,21.8513],[83.1814,21.8462],[83.1847,21.8451],[83.187,21.8469],[83.1959,21.8456],[83.2,21.8439],[83.2041,21.8436],[83.2066,21.842],[83.2102,21.8421],[83.2143,21.8411],[83.2205,21.8353],[83.2155,21.8311],[83.2092,21.8248],[83.2057,21.8223],[83.2067,21.8151],[83.206,21.8119],[83.2125,21.8069],[83.2195,21.803],[83.2194,21.8011],[83.2214,21.7937],[83.2242,21.7943],[83.2334,21.794],[83.2348,21.7916],[83.2371,21.7904],[83.2378,21.7939],[83.2421,21.8053],[83.2436,21.8131],[83.2448,21.8225],[83.2465,21.8297],[83.2504,21.8392],[83.2563,21.8503],[83.2603,21.8504],[83.2638,21.8514],[83.2661,21.8541],[83.2701,21.8557],[83.2763,21.8559],[83.278,21.8585],[83.2829,21.8584],[83.2852,21.8592],[83.288,21.8544],[83.2901,21.8536],[83.2938,21.8543],[83.299,21.8593],[83.3037,21.8565],[83.3064,21.854],[83.3127,21.8587],[83.3198,21.8573],[83.3207,21.8554],[83.3267,21.8504],[83.3311,21.8505],[83.3341,21.8516],[83.3407,21.85],[83.3444,21.848],[83.3482,21.8487],[83.3589,21.8464],[83.367,21.846],[83.3703,21.8465],[83.3704,21.8495],[83.3693,21.8547],[83.3713,21.8594],[83.3707,21.8648],[83.3723,21.8679],[83.3784,21.87],[83.3831,21.8701],[83.3863,21.878],[83.3906,21.8785],[83.393,21.8767],[83.3961,21.8762],[83.398,21.866],[83.4008,21.8683],[83.4029,21.8683],[83.407,21.8746],[83.409,21.8728],[83.4168,21.8719],[83.4202,21.8698],[83.423,21.8656],[83.43,21.8627],[83.4321,21.8645],[83.4293,21.8687],[83.4287,21.871],[83.4335,21.8752],[83.439,21.8719],[83.4394,21.8683],[83.4426,21.8647],[83.4445,21.8638],[83.4469,21.8606],[83.4572,21.8543],[83.4644,21.8522],[83.4639,21.8422],[83.467,21.8409],[83.4668,21.8378],[83.4711,21.8285],[83.4829,21.8204],[83.4871,21.8199],[83.4886,21.8178],[83.4921,21.8176],[83.4929,21.8184],[83.5053,21.8084],[83.5101,21.8056],[83.5158,21.8036],[83.5206,21.8013],[83.5226,21.7994],[83.5259,21.7983],[83.53,21.799],[83.5404,21.7991],[83.5428,21.8054],[83.5395,21.8088],[83.5375,21.8127],[83.5374,21.8149],[83.5392,21.8182],[83.5401,21.822],[83.5307,21.8269],[83.5311,21.8298],[83.5401,21.8374],[83.5427,21.8386],[83.546,21.8386],[83.549,21.8401],[83.5539,21.8404],[83.5644,21.8367],[83.5685,21.8332],[83.5752,21.8312],[83.5789,21.8324],[83.5779,21.8375],[83.5815,21.8382],[83.5839,21.8414],[83.5871,21.8435],[83.5909,21.8511],[83.5894,21.8543],[83.5819,21.8653],[83.5761,21.8719],[83.5742,21.8751],[83.5764,21.8802],[83.5764,21.8824],[83.5806,21.8842],[83.578,21.8894],[83.5815,21.8899],[83.5837,21.8926],[83.5871,21.8945],[83.5852,21.8996],[83.5871,21.9028],[83.592,21.9038],[83.5944,21.9033],[83.5963,21.9057],[83.5985,21.905],[83.6031,21.9088],[83.6055,21.913],[83.6056,21.9148],[83.6016,21.9181],[83.599,21.9227],[83.5964,21.9239],[83.5904,21.9297],[83.573,21.9328],[83.5567,21.9353],[83.5593,21.9455],[83.5617,21.948],[83.5555,21.953],[83.5509,21.9554],[83.5417,21.9624],[83.539,21.966],[83.5378,21.9694],[83.5385,21.9728],[83.5372,21.978],[83.538,21.9805],[83.5435,21.9876],[83.5431,21.9933],[83.5481,21.999],[83.5442,22.0028],[83.5438,22.0056],[83.5367,22.0101],[83.5337,22.0127],[83.5304,22.0122],[83.5299,22.0081],[83.5236,22.0099],[83.5228,22.0077],[83.52,22.0064],[83.5159,22.0066],[83.5122,22.0051],[83.5082,22.0078],[83.5083,22.0093],[83.506,22.0134],[83.5041,22.0191],[83.5008,22.0224],[83.5046,22.0249],[83.5053,22.0275],[83.5012,22.032],[83.5028,22.0353],[83.5023,22.0376],[83.4877,22.0443],[83.4847,22.045],[83.4856,22.0472],[83.4818,22.0485],[83.4799,22.0509],[83.4762,22.0528],[83.4732,22.0531],[83.4689,22.0549],[83.463,22.0542],[83.4604,22.0533],[83.4589,22.0505],[83.4553,22.0507],[83.4548,22.0525],[83.4484,22.0567],[83.4435,22.0583],[83.4418,22.0555],[83.4419,22.0527],[83.4381,22.0508],[83.4359,22.053],[83.4309,22.0532],[83.4309,22.0556],[83.4221,22.0551],[83.4192,22.0565],[83.4129,22.0556],[83.4104,22.0504],[83.4056,22.0494],[83.4052,22.0476],[83.4132,22.0433],[83.4073,22.0395],[83.4126,22.0335],[83.4128,22.029],[83.4117,22.0281],[83.4041,22.0253],[83.4096,22.0191],[83.4073,22.0176],[83.4065,22.0151],[83.4076,22.0128],[83.4046,22.0106],[83.4053,22.0043],[83.4087,22.0041],[83.413,22.0058],[83.4173,22.0054],[83.4192,22.0068],[83.4234,22.0078],[83.4246,22.0051],[83.4237,22.0033],[83.4257,22.0006],[83.4272,21.9905],[83.4261,21.9832],[83.4209,21.9818],[83.4182,21.9832],[83.4141,21.9825],[83.4085,21.9828],[83.3997,21.9813],[83.3958,21.9862],[83.394,21.9874],[83.3882,21.9945],[83.385,21.9962],[83.382,22.001],[83.3826,22.0033],[83.3797,22.0044],[83.3769,22.009],[83.3731,22.0119],[83.3729,22.0142],[83.3703,22.0144],[83.366,22.0178],[83.3614,22.0162],[83.3545,22.0177],[83.3518,22.0195],[83.3423,22.0128],[83.3342,22.0053],[83.3283,21.9985],[83.3224,22.0018],[83.3157,22.0062],[83.3056,22.0098],[83.3028,22.0088],[83.3015,22.0048],[83.3039,22.0021],[83.3093,21.9997],[83.3092,21.9935],[83.3066,21.9904],[83.3005,21.9946],[83.2987,21.9948],[83.2942,21.9992],[83.289,22.0001],[83.2841,22.003],[83.2829,22.0047],[83.279,22.0063],[83.2748,22.0092],[83.2701,22.0085],[83.2666,22.0056],[83.264,22.0047],[83.2622,22.0025],[83.2594,22.003],[83.2559,22.0066],[83.2538,22.0061],[83.2481,22.0073],[83.2455,22.0067],[83.2407,22.0108],[83.2392,22.0137],[83.235,22.0112],[83.2342,22.0083],[83.2371,22.0024],[83.2455,21.9945],[83.2513,21.9918],[83.2547,21.9894],[83.2632,21.9851],[83.2684,21.9809],[83.2695,21.9781],[83.2744,21.9728],[83.2733,21.9676],[83.2711,21.9642],[83.2691,21.959],[83.2696,21.9567],[83.2685,21.9494],[83.267,21.9439],[83.2644,21.9434],[83.257,21.9438],[83.2439,21.9419],[83.2352,21.9419],[83.2265,21.9305],[83.2278,21.9267],[83.2253,21.9248],[83.2243,21.92],[83.219,21.9166],[83.2129,21.9173],[83.208,21.9172],[83.202,21.9141]]]},"properties":{"id":"in:subdistrict:3267","level":"subdistrict","name":"Raigarh","code":3267,"parent":"in:district:386","state":"in:state:22"}},{"type":"Feature","geometry":{"type":"Polygon","coordinates":[[[84.2261,22.6718],[84.2281,22.6745],[84.2332,22.6792],[84.2347,22.6861],[84.2382,22.6917],[84.2352,22.6951],[84.2329,22.7003],[84.2344,22.7053],[84.2341,22.7105],[84.2321,22.7256],[84.23,22.7277],[84.2303,22.7382],[84.2326,22.7418],[84.2376,22.7457],[84.2417,22.7475],[84.2453,22.7527],[84.2556,22.7601],[84.2586,22.7658],[84.2608,22.7674],[84.2687,22.7678],[84.2736,22.7688],[84.2794,22.7677],[84.2861,22.7632],[84.2845,22.7675],[84.2812,22.7699],[84.2795,22.7726],[84.273,22.7771],[84.2621,22.7869],[84.2607,22.7911],[84.2616,22.7954],[84.2598,22.7995],[84.2612,22.8021],[84.2564,22.805],[84.2535,22.8059],[84.2458,22.8061],[84.2383,22.8087],[84.223,22.8155],[84.2165,22.8143],[84.2118,22.8093],[84.2058,22.8094],[84.2014,22.8088],[84.2011,22.8166],[84.2017,22.8211],[84.2005,22.826],[84.196,22.8276],[84.1922,22.8266],[84.1787,22.8246],[84.1765,22.8265],[84.1714,22.8281],[84.1741,22.822],[84.1732,22.8212],[84.162,22.8198],[84.1598,22.8227],[84.1561,22.825],[84.1486,22.8306],[84.1381,22.8305],[84.1411,22.8277],[84.1453,22.8216],[84.1476,22.8199],[84.1484,22.8134],[84.1505,22.8096],[84.1503,22.807],[84.1523,22.8044],[84.1535,22.7951],[84.1515,22.7921],[84.1536,22.7858],[84.1489,22.7803],[84.1472,22.7793],[84.1475,22.7764],[84.1492,22.7728],[84.1488,22.7695],[84.1432,22.7677],[84.1362,22.7759],[84.1331,22.775],[84.1287,22.7767],[84.1291,22.7804],[84.1273,22.7833],[84.1247,22.7842],[84.1221,22.7896],[84.1147,22.7922],[84.1095,22.7949],[84.1059,22.7991],[84.1003,22.8038],[84.0941,22.8037],[84.0896,22.8],[84.0849,22.789],[84.0835,22.7877],[84.08,22.7891],[84.0714,22.79],[84.0662,22.7844],[84.0623,22.7722],[84.0589,22.7637],[84.0554,22.7576],[84.0492,22.7532],[84.0491,22.7514],[84.0536,22.7453],[84.0533,22.7389],[84.0512,22.7308],[84.0451,22.7343],[84.043,22.735],[84.0342,22.7293],[84.0299,22.7277],[84.0172,22.7249],[84.0119,22.7242],[84.0032,22.722],[83.9987,22.7201],[83.9883,22.7196],[83.9796,22.7163],[83.977,22.7171],[83.9692,22.7127],[83.9657,22.7136],[83.9635,22.7114],[83.954,22.712],[83.953,22.7105],[83.9522,22.7045],[83.9547,22.7002],[83.9567,22.6981],[83.9538,22.6958],[83.9504,22.6974],[83.9484,22.6958],[83.9472,22.6888],[83.9487,22.6876],[83.9509,22.6799],[83.9561,22.6791],[83.9528,22.6768],[83.9537,22.674],[83.9493,22.6737],[83.9472,22.669],[83.9534,22.6681],[83.9579,22.6715],[83.9586,22.6681],[83.9617,22.6671],[83.96,22.6609],[83.9605,22.6587],[83.9649,22.654],[83.9689,22.6523],[83.9665,22.6473],[83.9663,22.6425],[83.9586,22.6408],[83.9537,22.6415],[83.952,22.6432],[83.9479,22.6395],[83.9401,22.6339],[83.9371,22.6327],[83.9253,22.6316],[83.9259,22.6264],[83.9286,22.6199],[83.9313,22.6153],[83.9316,22.6113],[83.9411,22.6088],[83.9451,22.6086],[83.9469,22.607],[83.9508,22.6068],[83.9518,22.6038],[83.954,22.6038],[83.9585,22.6092],[83.9604,22.6096],[83.966,22.6084],[83.9693,22.6086],[83.9725,22.6064],[83.9737,22.602],[83.977,22.5996],[83.979,22.6018],[83.9848,22.6025],[83.9938,22.6016],[83.9962,22.6002],[83.9965,22.5927],[83.9904,22.5926],[83.9882,22.5905],[83.9906,22.5888],[83.9906,22.5848],[83.9895,22.5812],[83.9994,22.58],[84.0052,22.5772],[84.0114,22.5799],[84.0148,22.5784],[84.0179,22.5803],[84.0242,22.5858],[84.0244,22.5918],[84.0302,22.5916],[84.0368,22.5931],[84.0418,22.5954],[84.0499,22.5957],[84.0548,22.5989],[84.0572,22.6051],[84.0595,22.6071],[84.0637,22.6086],[84.065,22.6124],[84.0704,22.6216],[84.0778,22.63],[84.084,22.6381],[84.0917,22.6353],[84.0957,22.6353],[84.0994,22.6368],[84.1046,22.6372],[84.1108,22.6398],[84.1158,22.638],[84.1223,22.6381],[84.1235,22.637],[84.1398,22.6382],[84.1507,22.6365],[84.1563,22.6385],[84.1598,22.6427],[84.1633,22.6454],[84.17,22.6487],[84.1763,22.6506],[84.1789,22.6506],[84.185,22.6544],[84.188,22.6552],[84.1918,22.6595],[84.1966,22.6622],[84.2002,22.6665],[84.2079,22.6684],[84.2132,22.6676],[84.2132,22.6658],[84.2175,22.6658],[84.2219,22.6683],[84.2261,22.6718]]]},"properties":{"id":"in:subdistrict:3260","level":"subdistrict","name":"Duldula","code":3260,"parent":"in:district:380","state":"in:state:22"}},{"type":"Feature","geometry":{"type":"Polygon","coordinates":[[[83.7378,22.3774],[83.7382,22.3723],[83.7403,22.3668],[83.7432,22.3638],[83.7459,22.3529],[83.7502,22.3507],[83.7537,22.3453],[83.7531,22.3393],[83.7583,22.3378],[83.7592,22.3335],[83.761,22.3298],[83.7592,22.3256],[83.7653,22.3237],[83.7665,22.3206],[83.7715,22.3185],[83.776,22.3186],[83.779,22.3156],[83.7801,22.3128],[83.7853,22.3089],[83.7929,22.3095],[83.7963,22.3079],[83.7947,22.3052],[83.7955,22.3025],[83.7933,22.3007],[83.8031,22.2948],[83.8022,22.2896],[83.8093,22.289],[83.8118,22.2905],[83.8209,22.2912],[83.8252,22.2923],[83.8253,22.2984],[83.8229,22.3011],[83.826,22.3055],[83.8237,22.3079],[83.822,22.3115],[83.8245,22.3153],[83.8279,22.3173],[83.8306,22.3234],[83.8373,22.3225],[83.8439,22.3247],[83.8501,22.3251],[83.8528,22.327],[83.8529,22.3303],[83.8549,22.3342],[83.8543,22.3376],[83.8602,22.3388],[83.8615,22.3415],[83.8657,22.3431],[83.8696,22.3411],[83.8712,22.3383],[83.8792,22.3354],[83.8825,22.3367],[83.8865,22.3362],[83.8931,22.3377],[83.8989,22.3383],[83.9018,22.3398],[83.9026,22.3467],[83.9055,22.349],[83.9074,22.3518],[83.9122,22.353],[83.9233,22.3584],[83.9293,22.356],[83.9327,22.354],[83.9433,22.3547],[83.9482,22.3563],[83.9534,22.361],[83.9583,22.3619],[83.9636,22.3599],[83.9702,22.3588],[83.9732,22.3604],[83.9773,22.364],[83.9798,22.3642],[83.9825,22.3668],[83.9866,22.3679],[83.9893,22.3695],[83.9927,22.3697],[83.9967,22.372],[84.0044,22.3736],[84.0071,22.3734],[84.0103,22.3716],[84.0067,22.379],[84.0064,22.3822],[84.0132,22.3943],[84.0134,22.3974],[84.0201,22.4086],[84.0237,22.4099],[84.0252,22.4161],[84.0278,22.417],[84.0312,22.4218],[84.0307,22.427],[84.0346,22.4273],[84.0366,22.4295],[84.0388,22.4297],[84.0408,22.4321],[84.0417,22.435],[84.0439,22.4368],[84.0468,22.4375],[84.0459,22.4495],[84.0449,22.4529],[84.0464,22.4554],[84.0455,22.4632],[84.0472,22.4692],[84.0435,22.4721],[84.0407,22.4731],[84.0266,22.4753],[84.0239,22.4805],[84.0213,22.4833],[84.0189,22.4882],[84.0174,22.4892],[84.0102,22.4919],[84.0017,22.4938],[83.9978,22.4976],[83.9922,22.4993],[83.9807,22.502],[83.9806,22.5072],[83.9772,22.5109],[83.9748,22.5116],[83.9774,22.5159],[83.981,22.5162],[83.9802,22.5197],[83.9809,22.5215],[83.9874,22.5258],[83.9955,22.5285],[83.9974,22.5309],[84.0029,22.5303],[84.004,22.5279],[84.0084,22.526],[84.01,22.5264],[84.01,22.5317],[84.0067,22.5366],[84.0028,22.5459],[84.0069,22.5503],[84.0077,22.5525],[84.0078,22.562],[84.0095,22.5689],[84.0095,22.573],[84.0148,22.5784],[84.0114,22.5799],[84.0052,22.5772],[83.9994,22.58],[83.9895,22.5812],[83.9906,22.5848],[83.9906,22.5888],[83.9882,22.5905],[83.9904,22.5926],[83.9965,22.5927],[83.9962,22.6002],[83.9938,22.6016],[83.9848,22.6025],[83.979,22.6018],[83.977,22.5996],[83.9737,22.602],[83.9725,22.6064],[83.9693,22.6086],[83.966,22.6084],[83.9604,22.6096],[83.9585,22.6092],[83.954,22.6038],[83.9518,22.6038],[83.9508,22.6068],[83.9469,22.607],[83.9451,22.6086],[83.9411,22.6088],[83.9316,22.6113],[83.93,22.6084],[83.9255,22.6046],[83.9225,22.5988],[83.924,22.5959],[83.9283,22.5924],[83.9316,22.5886],[83.9334,22.5841],[83.9298,22.5764],[83.9288,22.5724],[83.9255,22.5675],[83.9241,22.5666],[83.9203,22.5669],[83.9176,22.5683],[83.9124,22.5722],[83.9104,22.5702],[83.906,22.568],[83.9022,22.5686],[83.8973,22.5722],[83.8959,22.5714],[83.8907,22.5717],[83.8865,22.5705],[83.8847,22.5688],[83.8805,22.5674],[83.8742,22.5704],[83.8667,22.5687],[83.8665,22.5651],[83.8651,22.5618],[83.8645,22.5577],[83.8599,22.5551],[83.8592,22.5532],[83.8487,22.5469],[83.8384,22.5439],[83.8358,22.5442],[83.8331,22.5415],[83.8347,22.5382],[83.8322,22.5361],[83.8265,22.5369],[83.8239,22.5392],[83.8209,22.5361],[83.8105,22.5328],[83.8061,22.536],[83.8037,22.5354],[83.7978,22.5319],[83.7911,22.5299],[83.7884,22.5298],[83.7872,22.5278],[83.7858,22.5188],[83.7865,22.5151],[83.7842,22.5124],[83.7827,22.5067],[83.7782,22.5025],[83.7743,22.4978],[83.769,22.4905],[83.7685,22.4883],[83.7696,22.4843],[83.7671,22.4823],[83.7678,22.4771],[83.7703,22.4727],[83.7683,22.4699],[83.7691,22.467],[83.7674,22.4587],[83.7671,22.4531],[83.7648,22.4511],[83.7661,22.4495],[83.768,22.4409],[83.7678,22.4382],[83.7659,22.4335],[83.7653,22.4254],[83.7657,22.4219],[83.7654,22.4151],[83.7661,22.4087],[83.7685,22.4056],[83.7669,22.4035],[83.763,22.4013],[83.7595,22.4007],[83.7567,22.396],[83.7456,22.387],[83.742,22.3823],[83.7419,22.381],[83.7378,22.3774]]]},"properties":{"id":"in:subdistrict:3261","level":"subdistrict","name":"Farsabahar","code":3261,"parent":"in:district:380","state":"in:state:22"}},{"type":"Feature","geometry":{"type":"Polygon","coordinates":[[[83.673,22.6229],[83.678,22.6214],[83.6865,22.621],[83.6928,22.6171],[83.6962,22.6164],[83.7016,22.6167],[83.7051,22.6157],[83.7067,22.6141],[83.7096,22.6079],[83.7117,22.6047],[83.7155,22.6008],[83.7276,22.5963],[83.7337,22.5967],[83.7358,22.5951],[83.7363,22.5915],[83.741,22.5883],[83.743,22.5825],[83.7487,22.5797],[83.7594,22.5783],[83.7648,22.5786],[83.7673,22.5799],[83.7741,22.5804],[83.7771,22.5756],[83.7798,22.574],[83.7869,22.5728],[83.7907,22.5703],[83.7942,22.5661],[83.795,22.5603],[83.7944,22.5522],[83.7928,22.5492],[83.7926,22.5463],[83.7896,22.54],[83.7886,22.5355],[83.7896,22.5329],[83.7884,22.5298],[83.7911,22.5299],[83.7978,22.5319],[83.8037,22.5354],[83.8061,22.536],[83.8105,22.5328],[83.8209,22.5361],[83.8239,22.5392],[83.8265,22.5369],[83.8322,22.5361],[83.8347,22.5382],[83.8331,22.5415],[83.8358,22.5442],[83.8384,22.5439],[83.8487,22.5469],[83.8592,22.5532],[83.8599,22.5551],[83.8645,22.5577],[83.8651,22.5618],[83.8665,22.5651],[83.8667,22.5687],[83.8742,22.5704],[83.8805,22.5674],[83.8847,22.5688],[83.8865,22.5705],[83.8907,22.5717],[83.8959,22.5714],[83.8973,22.5722],[83.9022,22.5686],[83.906,22.568],[83.9104,22.5702],[83.9124,22.5722],[83.9176,22.5683],[83.9203,22.5669],[83.9241,22.5666],[83.9255,22.5675],[83.9288,22.5724],[83.9298,22.5764],[83.9334,22.5841],[83.9316,22.5886],[83.9283,22.5924],[83.924,22.5959],[83.9225,22.5988],[83.9255,22.6046],[83.93,22.6084],[83.9316,22.6113],[83.9313,22.6153],[83.9286,22.6199],[83.9259,22.6264],[83.9253,22.6316],[83.9371,22.6327],[83.9401,22.6339],[83.9479,22.6395],[83.952,22.6432],[83.9537,22.6415],[83.9586,22.6408],[83.9663,22.6425],[83.9665,22.6473],[83.9689,22.6523],[83.9649,22.654],[83.9605,22.6587],[83.9577,22.6581],[83.9559,22.654],[83.9553,22.6469],[83.9507,22.6528],[83.9451,22.6557],[83.9424,22.658],[83.9355,22.6571],[83.9316,22.6581],[83.9288,22.6572],[83.9253,22.6574],[83.9219,22.6588],[83.916,22.6603],[83.9127,22.6627],[83.9083,22.6621],[83.9021,22.6688],[83.898,22.6723],[83.8963,22.6748],[83.8915,22.6761],[83.8893,22.675],[83.8868,22.6718],[83.8838,22.6738],[83.8821,22.6781],[83.8777,22.678],[83.8688,22.6738],[83.863,22.6729],[83.8571,22.6701],[83.8522,22.6652],[83.8486,22.6644],[83.8436,22.6646],[83.8341,22.6682],[83.8314,22.6705],[83.8304,22.6729],[83.8275,22.6759],[83.8263,22.681],[83.8265,22.6861],[83.8305,22.6951],[83.8357,22.6968],[83.8402,22.6964],[83.8557,22.6913],[83.8627,22.6904],[83.8699,22.6908],[83.8716,22.692],[83.8695,22.6968],[83.8703,22.7046],[83.8695,22.7081],[83.8655,22.7116],[83.8638,22.7151],[83.8675,22.7169],[83.8725,22.7156],[83.8748,22.7139],[83.8732,22.709],[83.8774,22.7075],[83.8805,22.7075],[83.8801,22.7098],[83.8764,22.7103],[83.8787,22.7174],[83.8731,22.7207],[83.8732,22.7222],[83.8772,22.7233],[83.8769,22.7269],[83.8744,22.7275],[83.8678,22.7249],[83.8688,22.7299],[83.8662,22.7317],[83.8632,22.731],[83.8581,22.7275],[83.8564,22.7253],[83.8541,22.7265],[83.8543,22.7297],[83.8563,22.7327],[83.8604,22.7403],[83.8566,22.7402],[83.8519,22.7429],[83.8515,22.7451],[83.8422,22.7435],[83.8389,22.7418],[83.8331,22.7404],[83.8287,22.738],[83.8273,22.7408],[83.8211,22.7427],[83.8125,22.7435],[83.8058,22.745],[83.8005,22.744],[83.7972,22.749],[83.7949,22.7491],[83.7914,22.7468],[83.7812,22.7457],[83.775,22.7469],[83.7746,22.752],[83.7755,22.7535],[83.7818,22.7563],[83.7861,22.756],[83.7858,22.7599],[83.7931,22.7576],[83.7953,22.7582],[83.7968,22.7622],[83.8009,22.7702],[83.7923,22.7737],[83.7876,22.7742],[83.7924,22.7772],[83.7906,22.7796],[83.7954,22.7851],[83.7927,22.7891],[83.8043,22.7896],[83.8088,22.7893],[83.8091,22.7914],[83.8065,22.7991],[83.8025,22.8],[83.7974,22.7996],[83.7942,22.8049],[83.7966,22.8084],[83.8016,22.8102],[83.8065,22.8138],[83.8047,22.8217],[83.7987,22.8198],[83.7873,22.8218],[83.7889,22.8246],[83.7916,22.8269],[83.7924,22.8292],[83.7891,22.8348],[83.782,22.8344],[83.7792,22.8327],[83.7781,22.836],[83.7787,22.8408],[83.7805,22.8431],[83.7808,22.8505],[83.7759,22.8504],[83.7723,22.8522],[83.7759,22.8538],[83.7735,22.8581],[83.7705,22.8591],[83.762,22.8596],[83.7604,22.8602],[83.7502,22.8616],[83.744,22.8653],[83.7425,22.8678],[83.7395,22.8701],[83.7332,22.8703],[83.7306,22.8691],[83.7214,22.8673],[83.7178,22.8659],[83.7139,22.8654],[83.7128,22.8672],[83.7148,22.8724],[83.7071,22.874],[83.7045,22.8796],[83.7053,22.8819],[83.7075,22.883],[83.7138,22.8835],[83.7263,22.8815],[83.7328,22.8825],[83.735,22.8852],[83.7323,22.8914],[83.7283,22.8942],[83.7233,22.8959],[83.7224,22.8971],[83.7151,22.897],[83.7149,22.9006],[83.7117,22.901],[83.709,22.8991],[83.7061,22.9],[83.703,22.8997],[83.7008,22.9009],[83.6979,22.8996],[83.6926,22.8994],[83.6887,22.8984],[83.6803,22.8933],[83.6743,22.8924],[83.6728,22.8894],[83.6723,22.8825],[83.6645,22.8815],[83.6573,22.8756],[83.655,22.8744],[83.6533,22.8711],[83.651,22.8693],[83.6473,22.8688],[83.6372,22.8695],[83.6298,22.8771],[83.632,22.8806],[83.6293,22.882],[83.6283,22.8844],[83.6241,22.8881],[83.6211,22.8918],[83.6211,22.8948],[83.6186,22.8992],[83.6155,22.9021],[83.6159,22.9041],[83.6107,22.9042],[83.6089,22.905],[83.6047,22.9042],[83.5962,22.9048],[83.5926,22.9029],[83.5809,22.9017],[83.5786,22.8997],[83.5719,22.8972],[83.5635,22.895],[83.5657,22.8896],[83.5702,22.8893],[83.5705,22.8838],[83.5716,22.8812],[83.5707,22.8776],[83.5748,22.8762],[83.5784,22.8728],[83.5784,22.87],[83.5859,22.8689],[83.5956,22.869],[83.5954,22.863],[83.5916,22.8601],[83.5959,22.858],[83.5952,22.849],[83.6086,22.8446],[83.6235,22.8419],[83.6206,22.8303],[83.6237,22.8296],[83.6288,22.8259],[83.6387,22.8249],[83.6459,22.8264],[83.6457,22.8171],[83.6509,22.8115],[83.6514,22.8065],[83.6495,22.8034],[83.6518,22.7967],[83.6515,22.793],[83.6543,22.7913],[83.6519,22.7836],[83.6529,22.7813],[83.6576,22.7796],[83.658,22.7753],[83.6546,22.7741],[83.6522,22.7711],[83.6529,22.768],[83.6513,22.7639],[83.6486,22.7629],[83.6473,22.761],[83.6491,22.7588],[83.6517,22.7585],[83.655,22.7553],[83.6542,22.7526],[83.6566,22.7488],[83.6561,22.7471],[83.6521,22.7468],[83.6474,22.7475],[83.6465,22.7425],[83.6472,22.7402],[83.6504,22.7393],[83.6488,22.7366],[83.6457,22.7383],[83.6439,22.7375],[83.6452,22.7342],[83.643,22.7322],[83.6382,22.7326],[83.6348,22.7292],[83.6303,22.7278],[83.6307,22.7246],[83.6289,22.7119],[83.6312,22.7098],[83.6353,22.704],[83.6376,22.6991],[83.6435,22.6994],[83.6516,22.6945],[83.6598,22.6906],[83.6683,22.6856],[83.6815,22.6806],[83.685,22.6735],[83.6906,22.6682],[83.6877,22.6595],[83.6855,22.6484],[83.6869,22.644],[83.6812,22.6349],[83.6749,22.6273],[83.673,22.6229]]]},"properties":{"id":"in:subdistrict:3256","level":"subdistrict","name":"Kansabel","code":3256,"parent":"in:district:380","state":"in:state:22"}},{"type":"Feature","geometry":{"type":"Polygon","coordinates":[[[84.0714,22.79],[84.0615,22.7977],[84.0571,22.8001],[84.0471,22.7992],[84.0441,22.8003],[84.0432,22.8048],[84.041,22.8091],[84.0386,22.8105],[84.0364,22.8146],[84.0282,22.8227],[84.0248,22.8264],[84.0293,22.8316],[84.0298,22.8338],[84.0307,22.8521],[84.0264,22.8531],[84.0205,22.8582],[84.0152,22.8586],[84.0087,22.8625],[84.0027,22.8709],[83.9974,22.8755],[83.9953,22.8753],[83.9925,22.8699],[83.9812,22.8738],[83.9785,22.8853],[83.9713,22.8854],[83.971,22.8878],[83.9662,22.8884],[83.9595,22.8881],[83.9542,22.8869],[83.9528,22.8923],[83.9435,22.8927],[83.9415,22.892],[83.9408,22.8887],[83.9471,22.8862],[83.9465,22.8819],[83.9477,22.8789],[83.9498,22.8775],[83.948,22.8725],[83.9443,22.8711],[83.9401,22.8721],[83.9377,22.8699],[83.9322,22.8711],[83.9321,22.8682],[83.9294,22.8673],[83.9226,22.8671],[83.9234,22.87],[83.9268,22.8707],[83.9266,22.8726],[83.9191,22.874],[83.915,22.87],[83.913,22.8689],[83.9117,22.8655],[83.9072,22.8678],[83.9107,22.8695],[83.9088,22.8719],[83.9051,22.8715],[83.9048,22.8687],[83.9017,22.8659],[83.9011,22.8625],[83.8962,22.8594],[83.8956,22.8628],[83.8956,22.8699],[83.8907,22.878],[83.8898,22.8813],[83.8898,22.8861],[83.8853,22.8886],[83.8814,22.8872],[83.8786,22.8879],[83.8733,22.8914],[83.871,22.891],[83.869,22.893],[83.8632,22.8902],[83.8591,22.8893],[83.854,22.8904],[83.85,22.8906],[83.8449,22.8869],[83.8384,22.8861],[83.8407,22.8807],[83.8433,22.8779],[83.8444,22.8722],[83.8407,22.8664],[83.8476,22.8661],[83.8507,22.8615],[83.8536,22.8604],[83.8622,22.854],[83.8638,22.8502],[83.8651,22.8418],[83.8628,22.8393],[83.8582,22.8396],[83.8523,22.8416],[83.8485,22.8408],[83.8414,22.841],[83.838,22.8404],[83.8366,22.8433],[83.8312,22.8434],[83.8265,22.8412],[83.8188,22.8384],[83.8187,22.8328],[83.8135,22.8317],[83.8119,22.8272],[83.8079,22.8248],[83.8047,22.8217],[83.8065,22.8138],[83.8016,22.8102],[83.7966,22.8084],[83.7942,22.8049],[83.7974,22.7996],[83.8025,22.8],[83.8065,22.7991],[83.8091,22.7914],[83.8088,22.7893],[83.8043,22.7896],[83.7927,22.7891],[83.7954,22.7851],[83.7906,22.7796],[83.7924,22.7772],[83.7876,22.7742],[83.7923,22.7737],[83.8009,22.7702],[83.7968,22.7622],[83.7953,22.7582],[83.7931,22.7576],[83.7858,22.7599],[83.7861,22.756],[83.7818,22.7563],[83.7755,22.7535],[83.7746,22.752],[83.775,22.7469],[83.7812,22.7457],[83.7914,22.7468],[83.7949,22.7491],[83.7972,22.749],[83.8005,22.744],[83.8058,22.745],[83.8125,22.7435],[83.8211,22.7427],[83.8273,22.7408],[83.8287,22.738],[83.8331,22.7404],[83.8389,22.7418],[83.8422,22.7435],[83.8515,22.7451],[83.8519,22.7429],[83.8566,22.7402],[83.8604,22.7403],[83.8563,22.7327],[83.8543,22.7297],[83.8541,22.7265],[83.8564,22.7253],[83.8581,22.7275],[83.8632,22.731],[83.8662,22.7317],[83.8688,22.7299],[83.8678,22.7249],[83.8744,22.7275],[83.8769,22.7269],[83.8772,22.7233],[83.8732,22.7222],[83.8731,22.7207],[83.8787,22.7174],[83.8764,22.7103],[83.8801,22.7098],[83.8805,22.7075],[83.8774,22.7075],[83.8732,22.709],[83.8748,22.7139],[83.8725,22.7156],[83.8675,22.7169],[83.8638,22.7151],[83.8655,22.7116],[83.8695,22.7081],[83.8703,22.7046],[83.8695,22.6968],[83.8716,22.692],[83.8699,22.6908],[83.8627,22.6904],[83.8557,22.6913],[83.8402,22.6964],[83.8357,22.6968],[83.8305,22.6951],[83.8265,22.6861],[83.8263,22.681],[83.8275,22.6759],[83.8304,22.6729],[83.8314,22.6705],[83.8341,22.6682],[83.8436,22.6646],[83.8486,22.6644],[83.8522,22.6652],[83.8571,22.6701],[83.863,22.6729],[83.8688,22.6738],[83.8777,22.678],[83.8821,22.6781],[83.8838,22.6738],[83.8868,22.6718],[83.8893,22.675],[83.8915,22.6761],[83.8963,22.6748],[83.898,22.6723],[83.9021,22.6688],[83.9083,22.6621],[83.9127,22.6627],[83.916,22.6603],[83.9219,22.6588],[83.9253,22.6574],[83.9288,22.6572],[83.9316,22.6581],[83.9355,22.6571],[83.9424,22.658],[83.9451,22.6557],[83.9507,22.6528],[83.9553,22.6469],[83.9559,22.654],[83.9577,22.6581],[83.9605,22.6587],[83.96,22.6609],[83.9617,22.6671],[83.9586,22.6681],[83.9579,22.6715],[83.9534,22.6681],[83.9472,22.669],[83.9493,22.6737],[83.9537,22.674],[83.9528,22.6768],[83.9561,22.6791],[83.9509,22.6799],[83.9487,22.6876],[83.9472,22.6888],[83.9484,22.6958],[83.9504,22.6974],[83.9538,22.6958],[83.9567,22.6981],[83.9547,22.7002],[83.9522,22.7045],[83.953,22.7105],[83.954,22.712],[83.9635,22.7114],[83.9657,22.7136],[83.9692,22.7127],[83.977,22.7171],[83.9796,22.7163],[83.9883,22.7196],[83.9987,22.7201],[84.0032,22.722],[84.0119,22.7242],[84.0172,22.7249],[84.0299,22.7277],[84.0342,22.7293],[84.043,22.735],[84.0451,22.7343],[84.0512,22.7308],[84.0533,22.7389],[84.0536,22.7453],[84.0491,22.7514],[84.0492,22.7532],[84.0554,22.7576],[84.0589,22.7637],[84.0623,22.7722],[84.0662,22.7844],[84.0714,22.79]]]},"properties":{"id":"in:subdistrict:3259","level":"subdistrict","name":"Kunkuri","code":3259,"parent":"in:district:380","state":"in:state:22"}},{"type":"Feature","geometry":{"type":"Polygon","coordinates":[[[84.0307,22.8521],[84.0402,22.8498],[84.0447,22.851],[84.0465,22.8491],[84.0495,22.8483],[84.0538,22.8502],[84.0581,22.8488],[84.0589,22.8508],[84.0626,22.8515],[84.0802,22.858],[84.0866,22.8585],[84.0868,22.8614],[84.0892,22.8643],[84.0874,22.8673],[84.0908,22.8677],[84.0886,22.8703],[84.0924,22.8719],[84.0948,22.8699],[84.097,22.8726],[84.0943,22.8743],[84.0953,22.8813],[84.1001,22.8838],[84.104,22.8898],[84.1072,22.8929],[84.109,22.8959],[84.1076,22.9001],[84.1103,22.9026],[84.1188,22.9038],[84.1277,22.9111],[84.1323,22.9117],[84.1365,22.9094],[84.141,22.9091],[84.1433,22.9065],[84.1453,22.9069],[84.1457,22.9095],[84.1517,22.91],[84.1537,22.9137],[84.1549,22.9184],[84.1537,22.9205],[84.1513,22.9211],[84.1485,22.9259],[84.1497,22.93],[84.1513,22.9307],[84.1525,22.9353],[84.1464,22.9347],[84.1405,22.9348],[84.1388,22.936],[84.1395,22.9398],[84.1388,22.9419],[84.1399,22.947],[84.1412,22.9478],[84.1419,22.9515],[84.1461,22.9546],[84.1475,22.965],[84.1492,22.9657],[84.1482,22.9718],[84.1468,22.9742],[84.1463,22.9813],[84.1474,22.9847],[84.1466,22.9902],[84.1382,23.004],[84.1401,23.0074],[84.1388,23.0106],[84.1346,23.0173],[84.134,23.0202],[84.1312,23.0223],[84.1305,23.0255],[84.129,23.0265],[84.127,23.0312],[84.1255,23.0365],[84.127,23.0442],[84.1247,23.0479],[84.1274,23.059],[84.1326,23.0654],[84.1342,23.0708],[84.1328,23.0742],[84.1344,23.0794],[84.1335,23.0831],[84.1262,23.0893],[84.1244,23.0892],[84.1221,23.088],[84.1186,23.0886],[84.1141,23.0917],[84.113,23.0969],[84.109,23.0983],[84.1057,23.1051],[84.1015,23.1068],[84.097,23.1096],[84.0926,23.1109],[84.0932,23.1128],[84.082,23.1122],[84.0724,23.109],[84.0664,23.1107],[84.0626,23.1134],[84.0588,23.1229],[84.0583,23.1262],[84.0513,23.1321],[84.0492,23.1345],[84.0464,23.1344],[84.04,23.1372],[84.0375,23.1399],[84.0367,23.1482],[84.0333,23.1522],[84.0319,23.1578],[84.0324,23.1605],[84.0344,23.163],[84.0383,23.1711],[84.0363,23.172],[84.0306,23.179],[84.0273,23.1802],[84.0237,23.1834],[84.0217,23.1878],[84.0171,23.1898],[84.0111,23.1857],[84.0085,23.1851],[84.005,23.1859],[83.9994,23.1857],[83.9984,23.1894],[83.9986,23.1923],[83.9934,23.1918],[83.9913,23.1936],[83.9862,23.1955],[83.9791,23.1922],[83.9744,23.1908],[83.97,23.1915],[83.9676,23.1906],[83.9654,23.1863],[83.9632,23.1845],[83.9626,23.1795],[83.9636,23.1767],[83.9661,23.1764],[83.9678,23.174],[83.9653,23.1723],[83.96,23.1732],[83.9551,23.1709],[83.955,23.1699],[83.9485,23.1686],[83.944,23.1655],[83.9442,23.1542],[83.9351,23.1513],[83.9261,23.1506],[83.9285,23.1559],[83.9284,23.1593],[83.9272,23.162],[83.9266,23.1679],[83.9228,23.1706],[83.9198,23.1742],[83.9152,23.1742],[83.9143,23.1708],[83.9069,23.1664],[83.9043,23.1655],[83.9015,23.1666],[83.8943,23.1664],[83.8883,23.1615],[83.8895,23.1575],[83.8856,23.1453],[83.8895,23.1451],[83.8905,23.1405],[83.8931,23.1388],[83.894,23.1356],[83.8932,23.1296],[83.8898,23.1312],[83.8856,23.127],[83.8864,23.1252],[83.8839,23.1212],[83.8835,23.1158],[83.8828,23.1147],[83.8734,23.1147],[83.8716,23.1121],[83.8683,23.1136],[83.8675,23.1094],[83.8696,23.1059],[83.8734,23.1073],[83.8771,23.1055],[83.8745,23.1018],[83.877,23.1009],[83.8761,23.0985],[83.8796,23.0968],[83.8835,23.0931],[83.8834,23.089],[83.8846,23.0869],[83.8874,23.0849],[83.8858,23.0801],[83.8784,23.0778],[83.868,23.0777],[83.8659,23.0798],[83.8614,23.0865],[83.8552,23.0882],[83.8534,23.0878],[83.8481,23.0839],[83.839,23.0735],[83.84,23.0704],[83.8391,23.0675],[83.8343,23.06],[83.8302,23.0565],[83.8268,23.0519],[83.8305,23.0509],[83.835,23.0477],[83.8336,23.0461],[83.835,23.0441],[83.8404,23.0446],[83.8426,23.0419],[83.8459,23.0423],[83.8486,23.041],[83.8489,23.0377],[83.8522,23.0336],[83.8532,23.0264],[83.8547,23.0258],[83.8581,23.0217],[83.8595,23.0179],[83.8594,23.0135],[83.862,23.0054],[83.8681,23.0049],[83.8702,23.0037],[83.8703,23.0006],[83.8731,22.9966],[83.8734,22.9917],[83.8773,22.9836],[83.8795,22.9856],[83.8836,22.9871],[83.8777,22.98],[83.8723,22.979],[83.8703,22.9758],[83.8711,22.9725],[83.869,22.9718],[83.8688,22.9693],[83.8774,22.9677],[83.8776,22.9656],[83.876,22.9618],[83.8813,22.9584],[83.8808,22.9538],[83.8889,22.9488],[83.8922,22.9481],[83.8957,22.9529],[83.8995,22.9534],[83.9068,22.9487],[83.9059,22.9469],[83.9076,22.9445],[83.9066,22.9392],[83.9042,22.9342],[83.9017,22.9313],[83.9012,22.9231],[83.9038,22.9125],[83.9031,22.9075],[83.8968,22.9061],[83.8833,22.9047],[83.8839,22.9035],[83.8718,22.9013],[83.8651,22.9017],[83.8556,22.9015],[83.8493,22.8992],[83.8391,22.8975],[83.8373,22.8932],[83.8409,22.8911],[83.8384,22.8861],[83.8449,22.8869],[83.85,22.8906],[83.854,22.8904],[83.8591,22.8893],[83.8632,22.8902],[83.869,22.893],[83.871,22.891],[83.8733,22.8914],[83.8786,22.8879],[83.8814,22.8872],[83.8853,22.8886],[83.8898,22.8861],[83.8898,22.8813],[83.8907,22.878],[83.8956,22.8699],[83.8956,22.8628],[83.8962,22.8594],[83.9011,22.8625],[83.9017,22.8659],[83.9048,22.8687],[83.9051,22.8715],[83.9088,22.8719],[83.9107,22.8695],[83.9072,22.8678],[83.9117,22.8655],[83.913,22.8689],[83.915,22.87],[83.9191,22.874],[83.9266,22.8726],[83.9268,22.8707],[83.9234,22.87],[83.9226,22.8671],[83.9294,22.8673],[83.9321,22.8682],[83.9322,22.8711],[83.9377,22.8699],[83.9401,22.8721],[83.9443,22.8711],[83.948,22.8725],[83.9498,22.8775],[83.9477,22.8789],[83.9465,22.8819],[83.9471,22.8862],[83.9408,22.8887],[83.9415,22.892],[83.9435,22.8927],[83.9528,22.8923],[83.9542,22.8869],[83.9595,22.8881],[83.9662,22.8884],[83.971,22.8878],[83.9713,22.8854],[83.9785,22.8853],[83.9812,22.8738],[83.9925,22.8699],[83.9953,22.8753],[83.9974,22.8755],[84.0027,22.8709],[84.0087,22.8625],[84.0152,22.8586],[84.0205,22.8582],[84.0264,22.8531],[84.0307,22.8521]]]},"properties":{"id":"in:subdistrict:3258","level":"subdistrict","name":"Manora","code":3258,"parent":"in:district:380","state":"in:state:22"}},{"type":"Feature","geometry":{"type":"Polygon","coordinates":[[[84.2919,22.7743],[84.2922,22.7757],[84.2908,22.7806],[84.2923,22.7859],[84.2993,22.7959],[84.3058,22.7971],[84.3075,22.8008],[84.3143,22.8004],[84.3153,22.802],[84.3151,22.8093],[84.3164,22.8136],[84.3221,22.8202],[84.3228,22.827],[84.3256,22.8371],[84.3217,22.8377],[84.3229,22.8419],[84.323,22.848],[84.3276,22.8545],[84.3348,22.8615],[84.338,22.8597],[84.3402,22.86],[84.3442,22.859],[84.3492,22.861],[84.352,22.865],[84.3552,22.8622],[84.3575,22.8624],[84.3594,22.8605],[84.3647,22.8625],[84.3697,22.8636],[84.3726,22.8653],[84.3735,22.8674],[84.3734,22.8716],[84.3765,22.8744],[84.3805,22.8767],[84.3809,22.879],[84.3792,22.8838],[84.3826,22.8903],[84.3832,22.8934],[84.3824,22.8965],[84.3757,22.9007],[84.3749,22.9023],[84.3763,22.9076],[84.3775,22.9096],[84.3814,22.9127],[84.3879,22.9142],[84.3928,22.9194],[84.3949,22.9232],[84.3956,22.9287],[84.3951,22.9369],[84.3937,22.9425],[84.3857,22.9491],[84.3836,22.9525],[84.3834,22.9596],[84.3801,22.9704],[84.3773,22.9752],[84.3729,22.9784],[84.3672,22.9747],[84.365,22.9742],[84.3584,22.9753],[84.3511,22.9781],[84.3481,22.9764],[84.3438,22.9761],[84.3396,22.98],[84.332,22.9805],[84.3281,22.9819],[84.3207,22.9779],[84.3193,22.9772],[84.319,22.9736],[84.3129,22.9719],[84.3108,22.969],[84.3076,22.9674],[84.3021,22.9672],[84.2921,22.9642],[84.2842,22.9634],[84.2805,22.964],[84.2788,22.9669],[84.2791,22.971],[84.2771,22.9718],[84.2754,22.9794],[84.2737,22.9837],[84.2761,22.9842],[84.2785,22.987],[84.2769,22.9901],[84.2714,22.99],[84.2702,22.9874],[84.2676,22.9853],[84.266,22.982],[84.2629,22.9808],[84.2626,22.9788],[84.2574,22.9747],[84.2523,22.9728],[84.2488,22.9738],[84.2444,22.978],[84.2426,22.9824],[84.241,22.9836],[84.2339,22.9824],[84.2303,22.9833],[84.2225,22.98],[84.2187,22.9793],[84.2166,22.989],[84.2106,22.9952],[84.2077,22.9999],[84.2029,23.0031],[84.2008,23.0053],[84.2014,23.0106],[84.2034,23.0145],[84.2017,23.0211],[84.1967,23.0242],[84.1858,23.0271],[84.1816,23.0255],[84.1796,23.023],[84.1796,23.0174],[84.1781,23.012],[84.1752,23.0095],[84.1758,23.0059],[84.1786,23.0009],[84.1757,22.9982],[84.175,22.9962],[84.1762,22.9896],[84.1761,22.9849],[84.178,22.9804],[84.1743,22.974],[84.1718,22.9708],[84.1647,22.9696],[84.1553,22.9661],[84.1492,22.9657],[84.1475,22.965],[84.1461,22.9546],[84.1419,22.9515],[84.1412,22.9478],[84.1399,22.947],[84.1388,22.9419],[84.1395,22.9398],[84.1388,22.936],[84.1405,22.9348],[84.1464,22.9347],[84.1525,22.9353],[84.1513,22.9307],[84.1497,22.93],[84.1485,22.9259],[84.1513,22.9211],[84.1537,22.9205],[84.1549,22.9184],[84.1537,22.9137],[84.1517,22.91],[84.1457,22.9095],[84.1453,22.9069],[84.1433,22.9065],[84.141,22.9091],[84.1365,22.9094],[84.1323,22.9117],[84.1277,22.9111],[84.1188,22.9038],[84.1103,22.9026],[84.1076,22.9001],[84.109,22.8959],[84.1072,22.8929],[84.104,22.8898],[84.1001,22.8838],[84.0953,22.8813],[84.0943,22.8743],[84.097,22.8726],[84.0948,22.8699],[84.0924,22.8719],[84.0886,22.8703],[84.0908,22.8677],[84.0874,22.8673],[84.0892,22.8643],[84.0868,22.8614],[84.0866,22.8585],[84.0802,22.858],[84.0626,22.8515],[84.0589,22.8508],[84.0581,22.8488],[84.0538,22.8502],[84.0495,22.8483],[84.0465,22.8491],[84.0447,22.851],[84.0402,22.8498],[84.0307,22.8521],[84.0298,22.8338],[84.0293,22.8316],[84.0248,22.8264],[84.0282,22.8227],[84.0364,22.8146],[84.0386,22.8105],[84.041,22.8091],[84.0432,22.8048],[84.0441,22.8003],[84.0471,22.7992],[84.0571,22.8001],[84.0615,22.7977],[84.0714,22.79],[84.08,22.7891],[84.0835,22.7877],[84.0849,22.789],[84.0896,22.8],[84.0941,22.8037],[84.1003,22.8038],[84.1059,22.7991],[84.1095,22.7949],[84.1147,22.7922],[84.1221,22.7896],[84.1247,22.7842],[84.1273,22.7833],[84.1291,22.7804],[84.1287,22.7767],[84.1331,22.775],[84.1362,22.7759],[84.1432,22.7677],[84.1488,22.7695],[84.1492,22.7728],[84.1475,22.7764],[84.1472,22.7793],[84.1489,22.7803],[84.1536,22.7858],[84.1515,22.7921],[84.1535,22.7951],[84.1523,22.8044],[84.1503,22.807],[84.1505,22.8096],[84.1484,22.8134],[84.1476,22.8199],[84.1453,22.8216],[84.1411,22.8277],[84.1381,22.8305],[84.1486,22.8306],[84.1561,22.825],[84.1598,22.8227],[84.162,22.8198],[84.1732,22.8212],[84.1741,22.822],[84.1714,22.8281],[84.1765,22.8265],[84.1787,22.8246],[84.1922,22.8266],[84.196,22.8276],[84.2005,22.826],[84.2017,22.8211],[84.2011,22.8166],[84.2014,22.8088],[84.2058,22.8094],[84.2118,22.8093],[84.2165,22.8143],[84.223,22.8155],[84.2383,22.8087],[84.2458,22.8061],[84.2535,22.8059],[84.2564,22.805],[84.2612,22.8021],[84.2598,22.7995],[84.2616,22.7954],[84.2607,22.7911],[84.2621,22.7869],[84.273,22.7771],[84.2795,22.7726],[84.2812,22.7699],[84.2845,22.7675],[84.2861,22.7632],[84.2894,22.7661],[84.2899,22.7714],[84.2919,22.7743]]]},"properties":{"id":"in:subdistrict:3257","level":"subdistrict","name":"Jashpur","code":3257,"parent":"in:district:380","state":"in:state:22"}},{"type":"Feature","geometry":{"type":"Polygon","coordinates":[[[84.0743,23.3338],[84.0685,23.3386],[84.0666,23.3441],[84.0602,23.3502],[84.0578,23.3518],[84.0545,23.3522],[84.0521,23.3593],[84.0534,23.3634],[84.0527,23.3669],[84.0482,23.3697],[84.0511,23.3736],[84.0501,23.3749],[84.0364,23.3785],[84.0267,23.3776],[84.0217,23.3751],[84.0163,23.3696],[84.0138,23.3623],[84.0123,23.3551],[84.0108,23.3537],[84.0057,23.3539],[84.003,23.3571],[83.9989,23.3577],[83.99,23.3612],[83.9882,23.3629],[83.9805,23.3645],[83.9803,23.3681],[83.9761,23.3718],[83.9752,23.3748],[83.9707,23.3791],[83.9694,23.3812],[83.9699,23.3835],[83.967,23.3876],[83.9689,23.3908],[83.9717,23.3993],[83.9722,23.4027],[83.9748,23.4029],[83.977,23.4103],[83.9798,23.4135],[83.9809,23.4195],[83.9804,23.4213],[83.9838,23.4262],[83.9838,23.4309],[83.9853,23.4344],[83.9779,23.4485],[83.9745,23.4522],[83.9738,23.4593],[83.9746,23.461],[83.9824,23.464],[83.9854,23.4665],[83.9864,23.4711],[83.9889,23.4787],[83.9921,23.4817],[83.9969,23.4849],[84.0011,23.4937],[84.001,23.4971],[84.0074,23.4977],[84.0147,23.5037],[84.0152,23.509],[84.0166,23.5115],[84.0187,23.5182],[84.0175,23.5223],[84.0198,23.5263],[84.0216,23.5277],[84.0208,23.5308],[84.0233,23.5337],[84.0243,23.538],[84.0256,23.5386],[84.0268,23.5442],[84.0281,23.5456],[84.0275,23.5499],[84.026,23.5539],[84.0264,23.5568],[84.0297,23.5681],[84.0288,23.5716],[84.0281,23.5778],[84.0292,23.5799],[84.0284,23.5833],[84.0298,23.5858],[84.0281,23.5912],[84.0285,23.5958],[84.0299,23.5993],[84.0285,23.6023],[84.0261,23.6025],[84.0209,23.6044],[84.0167,23.6084],[84.016,23.612],[84.0111,23.6206],[84.008,23.622],[84.0087,23.6279],[84.0139,23.6302],[84.0164,23.6338],[84.0089,23.6344],[83.9991,23.6337],[83.9971,23.6345],[83.9874,23.6323],[83.981,23.6337],[83.9795,23.6287],[83.9807,23.6251],[83.9694,23.6267],[83.9613,23.6252],[83.9563,23.6262],[83.9523,23.626],[83.9478,23.6267],[83.9425,23.626],[83.941,23.6247],[83.9355,23.6225],[83.9319,23.6204],[83.9306,23.6183],[83.9313,23.6153],[83.9307,23.6112],[83.9338,23.6074],[83.933,23.6008],[83.937,23.5953],[83.9374,23.5924],[83.9391,23.5905],[83.9381,23.5862],[83.9386,23.5785],[83.9399,23.5745],[83.9398,23.5705],[83.9356,23.569],[83.9311,23.5707],[83.927,23.5737],[83.9185,23.5764],[83.9086,23.5762],[83.9002,23.5802],[83.8995,23.5823],[83.8942,23.5825],[83.8886,23.5788],[83.8791,23.5804],[83.8715,23.5821],[83.8697,23.5832],[83.851,23.5874],[83.8449,23.5867],[83.8386,23.5894],[83.8358,23.5893],[83.8259,23.5907],[83.8243,23.592],[83.817,23.5946],[83.8154,23.5962],[83.8123,23.5892],[83.807,23.5875],[83.8053,23.5891],[83.8044,23.5954],[83.8014,23.6012],[83.7945,23.6051],[83.7899,23.6046],[83.7771,23.608],[83.7725,23.6109],[83.7686,23.6083],[83.7651,23.6043],[83.7631,23.5989],[83.7671,23.5947],[83.7662,23.587],[83.7675,23.5834],[83.7703,23.581],[83.7779,23.579],[83.7856,23.5727],[83.7883,23.571],[83.7905,23.5682],[83.7917,23.5593],[83.7895,23.5547],[83.7888,23.5478],[83.788,23.5452],[83.7851,23.5411],[83.7847,23.5377],[83.7871,23.5294],[83.7802,23.5282],[83.7622,23.5273],[83.7616,23.5345],[83.761,23.5517],[83.7556,23.556],[83.7537,23.5585],[83.7495,23.559],[83.7405,23.562],[83.7386,23.5598],[83.7399,23.5573],[83.738,23.5524],[83.7295,23.538],[83.7286,23.5322],[83.7352,23.5253],[83.7369,23.5226],[83.7402,23.5145],[83.7415,23.5102],[83.7409,23.5052],[83.7388,23.5046],[83.7361,23.5],[83.7361,23.4886],[83.7326,23.485],[83.7303,23.4838],[83.7248,23.4828],[83.7198,23.4803],[83.7175,23.4743],[83.7148,23.4707],[83.7114,23.4693],[83.7263,23.4309],[83.7377,23.4142],[83.7403,23.413],[83.7512,23.406],[83.7549,23.4043],[83.7591,23.3998],[83.7608,23.4005],[83.7633,23.3963],[83.7618,23.3928],[83.7627,23.3914],[83.7614,23.3857],[83.7642,23.3809],[83.7632,23.3792],[83.7621,23.3709],[83.7601,23.3662],[83.756,23.3662],[83.7515,23.365],[83.7524,23.358],[83.75,23.3548],[83.755,23.353],[83.7679,23.3515],[83.7691,23.3488],[83.7684,23.342],[83.7702,23.3385],[83.7887,23.3362],[83.7896,23.3347],[83.7933,23.333],[83.7981,23.3235],[83.7976,23.3177],[83.7955,23.3128],[83.7931,23.3115],[83.7931,23.3089],[83.8001,23.3087],[83.8021,23.3067],[83.8062,23.3053],[83.8063,23.3025],[83.8101,23.3041],[83.8145,23.303],[83.8132,23.3012],[83.815,23.295],[83.8184,23.2918],[83.8215,23.2903],[83.8227,23.2882],[83.8257,23.2892],[83.8282,23.2884],[83.8315,23.2895],[83.8342,23.2871],[83.8376,23.286],[83.8386,23.2838],[83.8419,23.2835],[83.8415,23.2778],[83.8381,23.2772],[83.835,23.275],[83.8363,23.2722],[83.8336,23.2695],[83.8262,23.265],[83.8232,23.2648],[83.8238,23.256],[83.8248,23.2506],[83.8244,23.2441],[83.8286,23.2421],[83.8349,23.2377],[83.8397,23.2338],[83.8442,23.2286],[83.847,23.2292],[83.8543,23.2273],[83.8586,23.2204],[83.8611,23.2192],[83.8633,23.2161],[83.866,23.2144],[83.8745,23.2136],[83.8775,23.2126],[83.8804,23.21],[83.8827,23.2058],[83.8832,23.2035],[83.8837,23.1903],[83.8851,23.1883],[83.8939,23.186],[83.9002,23.1834],[83.9067,23.1849],[83.9082,23.1838],[83.91,23.1793],[83.9129,23.1772],[83.9152,23.1742],[83.9198,23.1742],[83.9228,23.1706],[83.9266,23.1679],[83.9272,23.162],[83.9284,23.1593],[83.9285,23.1559],[83.9261,23.1506],[83.9351,23.1513],[83.9442,23.1542],[83.944,23.1655],[83.9485,23.1686],[83.955,23.1699],[83.9551,23.1709],[83.96,23.1732],[83.9653,23.1723],[83.9678,23.174],[83.9661,23.1764],[83.9636,23.1767],[83.9626,23.1795],[83.9632,23.1845],[83.9654,23.1863],[83.9676,23.1906],[83.97,23.1915],[83.9744,23.1908],[83.9791,23.1922],[83.9862,23.1955],[83.9913,23.1936],[83.9934,23.1918],[83.9986,23.1923],[83.9984,23.1894],[83.9994,23.1857],[84.005,23.1859],[84.0085,23.1851],[84.0111,23.1857],[84.0171,23.1898],[84.0217,23.1878],[84.0237,23.1834],[84.0273,23.1802],[84.0306,23.179],[84.0363,23.172],[84.0383,23.1711],[84.04,23.1742],[84.0413,23.1796],[84.0434,23.1832],[84.0502,23.1889],[84.0565,23.1932],[84.0584,23.1999],[84.0617,23.2021],[84.0633,23.2062],[84.0623,23.209],[84.0587,23.2138],[84.056,23.2194],[84.0561,23.2252],[84.0591,23.236],[84.0538,23.2437],[84.0537,23.2473],[84.0568,23.2555],[84.0599,23.2688],[84.0621,23.2703],[84.064,23.2732],[84.0645,23.2772],[84.0628,23.285],[84.0625,23.2884],[84.0665,23.2909],[84.0681,23.2938],[84.0622,23.3065],[84.0622,23.3077],[84.066,23.3135],[84.0733,23.3285],[84.0748,23.3305],[84.0743,23.3338]]]},"properties":{"id":"in:subdistrict:3240","level":"subdistrict","name":"Samri(kusmi)","code":3240,"parent":"in:district:649","state":"in:state:22"}},{"type":"Feature","geometry":{"type":"Polygon","coordinates":[[[83.7725,23.6109],[83.7764,23.6176],[83.7759,23.6206],[83.7724,23.6238],[83.762,23.6251],[83.7594,23.626],[83.7567,23.63],[83.7554,23.6347],[83.7519,23.6387],[83.7518,23.6414],[83.7532,23.6434],[83.7606,23.6479],[83.7616,23.6508],[83.7589,23.6535],[83.7509,23.659],[83.7462,23.663],[83.7389,23.6668],[83.73,23.6758],[83.7255,23.6816],[83.7171,23.6811],[83.7081,23.6798],[83.705,23.6788],[83.6956,23.6809],[83.6832,23.6866],[83.6769,23.6859],[83.6695,23.6823],[83.6623,23.6881],[83.6568,23.6909],[83.6519,23.6915],[83.6492,23.6905],[83.6444,23.6869],[83.6409,23.6925],[83.6337,23.6941],[83.6291,23.6984],[83.623,23.6994],[83.6117,23.7003],[83.6052,23.7013],[83.5946,23.6994],[83.589,23.7012],[83.5827,23.704],[83.5782,23.7045],[83.5712,23.7028],[83.5689,23.6935],[83.5665,23.6942],[83.5612,23.6999],[83.556,23.7018],[83.5472,23.7034],[83.5413,23.7053],[83.5396,23.7101],[83.5483,23.7149],[83.5511,23.7174],[83.5539,23.7233],[83.5564,23.7251],[83.5581,23.729],[83.5573,23.733],[83.5584,23.737],[83.5542,23.7434],[83.5538,23.7462],[83.5547,23.7489],[83.5491,23.752],[83.5378,23.7418],[83.5341,23.7399],[83.5257,23.737],[83.5182,23.7314],[83.5141,23.7313],[83.5061,23.7375],[83.4977,23.7431],[83.4762,23.7496],[83.4562,23.7581],[83.4385,23.7621],[83.4283,23.7624],[83.4094,23.7638],[83.4056,23.7633],[83.4006,23.7616],[83.3926,23.7606],[83.3793,23.7561],[83.3668,23.7543],[83.3565,23.7509],[83.3572,23.736],[83.3584,23.7273],[83.366,23.7278],[83.3773,23.7271],[83.3832,23.7288],[83.3911,23.7278],[83.398,23.7191],[83.3983,23.7161],[83.4131,23.7061],[83.4159,23.7057],[83.4161,23.7022],[83.4145,23.6978],[83.4144,23.6933],[83.4173,23.6916],[83.4196,23.6884],[83.4173,23.6788],[83.4168,23.6723],[83.4176,23.6648],[83.4193,23.6609],[83.4152,23.6587],[83.4111,23.6588],[83.4085,23.6579],[83.4028,23.6542],[83.3986,23.6482],[83.3983,23.6415],[83.3892,23.6404],[83.3817,23.6385],[83.3817,23.6283],[83.3801,23.6235],[83.3815,23.6168],[83.3826,23.6155],[83.385,23.6082],[83.3847,23.6029],[83.3869,23.6008],[83.3874,23.5966],[83.3885,23.5957],[83.3876,23.588],[83.3847,23.5856],[83.3758,23.5833],[83.3714,23.5833],[83.3685,23.5842],[83.3645,23.583],[83.3582,23.5823],[83.3554,23.5787],[83.3501,23.5737],[83.3453,23.5719],[83.3429,23.5723],[83.3366,23.5753],[83.3335,23.5754],[83.3298,23.5741],[83.3283,23.5718],[83.3265,23.5659],[83.3238,23.5634],[83.3162,23.5615],[83.3093,23.5621],[83.2939,23.5585],[83.2852,23.5569],[83.2803,23.5585],[83.2743,23.5589],[83.2725,23.5545],[83.2692,23.551],[83.2633,23.549],[83.2558,23.5475],[83.2512,23.5471],[83.2481,23.5433],[83.242,23.542],[83.2371,23.5417],[83.2387,23.532],[83.2385,23.5238],[83.2388,23.5155],[83.2481,23.5162],[83.2553,23.516],[83.2631,23.5167],[83.2664,23.5153],[83.2706,23.5154],[83.2774,23.5168],[83.2817,23.5158],[83.2889,23.5175],[83.2956,23.5182],[83.298,23.5173],[83.304,23.5116],[83.3061,23.5148],[83.3096,23.5153],[83.3092,23.5208],[83.3142,23.5203],[83.3199,23.5187],[83.3231,23.5209],[83.3267,23.5215],[83.3331,23.5237],[83.348,23.5268],[83.3538,23.5261],[83.3593,23.5279],[83.3669,23.5269],[83.3693,23.5257],[83.3799,23.5252],[83.3805,23.5301],[83.383,23.5327],[83.3835,23.5357],[83.3862,23.5374],[83.393,23.5382],[83.3959,23.5411],[83.3965,23.546],[83.3934,23.5491],[83.3927,23.553],[83.3941,23.5594],[83.3972,23.5589],[83.4028,23.5569],[83.4051,23.5568],[83.4135,23.5592],[83.4145,23.5572],[83.4182,23.5547],[83.4185,23.5525],[83.4212,23.5485],[83.42,23.5441],[83.4218,23.5417],[83.421,23.5389],[83.4221,23.5363],[83.4319,23.5345],[83.433,23.5299],[83.4322,23.5246],[83.4318,23.516],[83.425,23.5184],[83.4204,23.5071],[83.4102,23.5058],[83.4013,23.5071],[83.3945,23.5068],[83.3915,23.504],[83.3934,23.5006],[83.3867,23.4939],[83.3849,23.4894],[83.3808,23.4871],[83.3757,23.4803],[83.3715,23.4799],[83.3723,23.4779],[83.3693,23.4729],[83.3606,23.4743],[83.3615,23.4702],[83.3673,23.4608],[83.3675,23.4557],[83.3667,23.4493],[83.3708,23.4406],[83.3711,23.4212],[83.3709,23.4186],[83.3685,23.4166],[83.3701,23.413],[83.3774,23.4185],[83.3847,23.425],[83.3902,23.4174],[83.4014,23.4119],[83.4118,23.4062],[83.4199,23.4071],[83.4271,23.4169],[83.4315,23.4187],[83.4395,23.4276],[83.4451,23.4449],[83.4519,23.4536],[83.4643,23.4533],[83.4618,23.4502],[83.4635,23.4423],[83.4904,23.4383],[83.4961,23.4353],[83.5004,23.4385],[83.5062,23.4399],[83.5126,23.4398],[83.5154,23.4407],[83.5175,23.4393],[83.5178,23.4364],[83.5214,23.4362],[83.5284,23.4387],[83.5295,23.4374],[83.5341,23.4376],[83.5488,23.4483],[83.5492,23.4513],[83.5451,23.4558],[83.5431,23.4608],[83.5431,23.4652],[83.5476,23.4653],[83.5489,23.4622],[83.5524,23.4652],[83.5548,23.4658],[83.5587,23.4651],[83.5587,23.4616],[83.5628,23.4602],[83.5688,23.4618],[83.5739,23.4587],[83.5799,23.4536],[83.5801,23.4506],[83.5844,23.4459],[83.5893,23.4443],[83.5929,23.4422],[83.5941,23.4397],[83.6021,23.4436],[83.6051,23.4445],[83.6115,23.4441],[83.6147,23.447],[83.6213,23.4455],[83.6256,23.4513],[83.6287,23.4526],[83.6355,23.4578],[83.639,23.4631],[83.64,23.4667],[83.6406,23.4738],[83.6457,23.4788],[83.6525,23.4885],[83.6538,23.4896],[83.6599,23.4864],[83.6642,23.4833],[83.668,23.4815],[83.6739,23.4817],[83.6822,23.4798],[83.6888,23.4772],[83.6934,23.4777],[83.6983,23.4794],[83.7002,23.4792],[83.7065,23.4758],[83.7101,23.4722],[83.7114,23.4693],[83.7148,23.4707],[83.7175,23.4743],[83.7198,23.4803],[83.7248,23.4828],[83.7303,23.4838],[83.7326,23.485],[83.7361,23.4886],[83.7361,23.5],[83.7388,23.5046],[83.7409,23.5052],[83.7415,23.5102],[83.7402,23.5145],[83.7369,23.5226],[83.7352,23.5253],[83.7286,23.5322],[83.7295,23.538],[83.738,23.5524],[83.7399,23.5573],[83.7386,23.5598],[83.7405,23.562],[83.7495,23.559],[83.7537,23.5585],[83.7556,23.556],[83.761,23.5517],[83.7616,23.5345],[83.7622,23.5273],[83.7802,23.5282],[83.7871,23.5294],[83.7847,23.5377],[83.7851,23.5411],[83.788,23.5452],[83.7888,23.5478],[83.7895,23.5547],[83.7917,23.5593],[83.7905,23.5682],[83.7883,23.571],[83.7856,23.5727],[83.7779,23.579],[83.7703,23.581],[83.7675,23.5834],[83.7662,23.587],[83.7671,23.5947],[83.7631,23.5989],[83.7651,23.6043],[83.7686,23.6083],[83.7725,23.6109]]]},"properties":{"id":"in:subdistrict:3237","level":"subdistrict","name":"Balrampur","code":3237,"parent":"in:district:649","state":"in:state:22"}},{"type":"Feature","geometry":{"type":"Polygon","coordinates":[[[83.3331,23.5237],[83.3329,23.517],[83.3416,23.5169],[83.3424,23.5152],[83.3394,23.5073],[83.3341,23.5006],[83.3324,23.4993],[83.3265,23.4992],[83.3224,23.498],[83.3112,23.5006],[83.305,23.5038],[83.3055,23.4998],[83.3024,23.4954],[83.3044,23.4916],[83.3025,23.4871],[83.3049,23.4861],[83.3007,23.4825],[83.2966,23.4767],[83.2958,23.4725],[83.298,23.4662],[83.2975,23.4638],[83.2944,23.465],[83.2897,23.4653],[83.2849,23.4643],[83.2824,23.4601],[83.2889,23.4605],[83.2936,23.4599],[83.2988,23.4572],[83.3028,23.4571],[83.3049,23.4581],[83.3067,23.4621],[83.31,23.4634],[83.3216,23.463],[83.3231,23.4619],[83.3335,23.4614],[83.3361,23.466],[83.3404,23.468],[83.3441,23.4649],[83.3443,23.4622],[83.3427,23.4608],[83.3401,23.4557],[83.3416,23.4526],[83.3413,23.4488],[83.3399,23.4457],[83.3409,23.4421],[83.3431,23.4393],[83.3474,23.4413],[83.3501,23.4406],[83.3558,23.441],[83.3542,23.4314],[83.3532,23.4278],[83.358,23.4249],[83.3508,23.4247],[83.3452,23.4274],[83.3428,23.4302],[83.3373,23.4322],[83.337,23.4361],[83.3259,23.4403],[83.3195,23.4439],[83.319,23.4406],[83.3105,23.4391],[83.3075,23.4401],[83.3078,23.4448],[83.3069,23.4469],[83.3022,23.447],[83.2993,23.4393],[83.2991,23.4367],[83.2949,23.4405],[83.288,23.4393],[83.2879,23.4347],[83.2855,23.4283],[83.29,23.4293],[83.2968,23.4297],[83.3013,23.4325],[83.3055,23.4331],[83.31,23.4316],[83.3118,23.4288],[83.3045,23.4295],[83.3064,23.4228],[83.3067,23.418],[83.3054,23.4142],[83.3057,23.4104],[83.3052,23.4042],[83.3064,23.4016],[83.3125,23.3991],[83.315,23.395],[83.3209,23.3972],[83.3316,23.3976],[83.331,23.3924],[83.3351,23.3878],[83.3328,23.3818],[83.3281,23.3747],[83.325,23.374],[83.3216,23.3745],[83.3195,23.3759],[83.3136,23.3838],[83.3068,23.3893],[83.3043,23.3887],[83.3045,23.384],[83.3013,23.377],[83.297,23.3782],[83.2824,23.3872],[83.2777,23.3894],[83.2691,23.3916],[83.2649,23.3891],[83.26,23.3911],[83.2576,23.3936],[83.2545,23.3953],[83.2481,23.3976],[83.245,23.4017],[83.2412,23.4052],[83.2319,23.4034],[83.2299,23.3947],[83.2164,23.3892],[83.207,23.3769],[83.2078,23.3692],[83.2069,23.3656],[83.2089,23.3595],[83.2052,23.3558],[83.2041,23.3512],[83.2047,23.3474],[83.2031,23.3452],[83.2028,23.3393],[83.2044,23.337],[83.2052,23.325],[83.2033,23.3223],[83.206,23.3213],[83.2093,23.3159],[83.2119,23.3043],[83.2145,23.3],[83.2137,23.2963],[83.2136,23.2929],[83.2102,23.2718],[83.2099,23.2677],[83.2068,23.2672],[83.2063,23.2651],[83.2023,23.2689],[83.1996,23.2701],[83.1988,23.2676],[83.2032,23.2634],[83.2069,23.2607],[83.2076,23.2547],[83.2058,23.2521],[83.2079,23.2497],[83.2077,23.2475],[83.2127,23.2451],[83.2146,23.243],[83.2206,23.242],[83.2222,23.2404],[83.2338,23.234],[83.2408,23.2347],[83.2472,23.2362],[83.2523,23.2348],[83.2562,23.2347],[83.2641,23.2336],[83.2777,23.2153],[83.2873,23.2143],[83.2959,23.207],[83.3121,23.1972],[83.3172,23.1913],[83.3198,23.1871],[83.3241,23.1834],[83.3297,23.1795],[83.3373,23.1802],[83.3404,23.18],[83.3481,23.178],[83.3521,23.1732],[83.3541,23.1728],[83.3557,23.1766],[83.3592,23.1828],[83.3604,23.1864],[83.3584,23.1888],[83.3574,23.1922],[83.3579,23.1943],[83.3602,23.1959],[83.3614,23.1989],[83.3596,23.2011],[83.3631,23.2057],[83.3618,23.2091],[83.3656,23.209],[83.3681,23.2153],[83.3665,23.2163],[83.3623,23.2155],[83.3571,23.2132],[83.3546,23.2134],[83.3529,23.2171],[83.3531,23.2202],[83.3621,23.2253],[83.3663,23.227],[83.3683,23.2296],[83.372,23.2295],[83.3703,23.2345],[83.3702,23.2385],[83.3728,23.2403],[83.376,23.2392],[83.3847,23.2464],[83.3837,23.25],[83.3807,23.2503],[83.3774,23.2526],[83.3731,23.2525],[83.3653,23.257],[83.3647,23.2611],[83.3682,23.2643],[83.3855,23.2693],[83.3897,23.2701],[83.3946,23.2699],[83.4,23.267],[83.4125,23.2613],[83.4224,23.2557],[83.4276,23.2542],[83.437,23.2574],[83.4438,23.2585],[83.4542,23.2552],[83.4569,23.2538],[83.4653,23.2572],[83.4771,23.2583],[83.4801,23.2627],[83.4797,23.2702],[83.4806,23.2731],[83.4804,23.2783],[83.493,23.2788],[83.4981,23.283],[83.5028,23.2877],[83.5042,23.2883],[83.506,23.2926],[83.5071,23.3051],[83.507,23.312],[83.5109,23.3161],[83.5202,23.3202],[83.5223,23.3251],[83.5223,23.3298],[83.5193,23.337],[83.522,23.3447],[83.5269,23.3455],[83.5316,23.3476],[83.5374,23.3529],[83.5434,23.363],[83.5447,23.3693],[83.5441,23.3761],[83.5446,23.3875],[83.5475,23.3947],[83.5525,23.3996],[83.5572,23.4003],[83.5616,23.4024],[83.5652,23.407],[83.568,23.4096],[83.57,23.4145],[83.5743,23.4179],[83.5814,23.4216],[83.5897,23.4284],[83.5936,23.4353],[83.5971,23.437],[83.6026,23.4334],[83.6089,23.4307],[83.6173,23.4286],[83.6224,23.4243],[83.6262,23.4182],[83.6273,23.4152],[83.6304,23.4131],[83.6331,23.4128],[83.636,23.4182],[83.6387,23.4201],[83.643,23.4202],[83.6485,23.4188],[83.6545,23.4186],[83.6585,23.4169],[83.661,23.4182],[83.657,23.4296],[83.657,23.4344],[83.6555,23.4381],[83.653,23.4406],[83.6524,23.4444],[83.6529,23.4484],[83.6512,23.4512],[83.6485,23.4524],[83.6385,23.4532],[83.6287,23.4526],[83.6256,23.4513],[83.6213,23.4455],[83.6147,23.447],[83.6115,23.4441],[83.6051,23.4445],[83.6021,23.4436],[83.5941,23.4397],[83.5929,23.4422],[83.5893,23.4443],[83.5844,23.4459],[83.5801,23.4506],[83.5799,23.4536],[83.5739,23.4587],[83.5688,23.4618],[83.5628,23.4602],[83.5587,23.4616],[83.5587,23.4651],[83.5548,23.4658],[83.5524,23.4652],[83.5489,23.4622],[83.5476,23.4653],[83.5431,23.4652],[83.5431,23.4608],[83.5451,23.4558],[83.5492,23.4513],[83.5488,23.4483],[83.5341,23.4376],[83.5295,23.4374],[83.5284,23.4387],[83.5214,23.4362],[83.5178,23.4364],[83.5175,23.4393],[83.5154,23.4407],[83.5126,23.4398],[83.5062,23.4399],[83.5004,23.4385],[83.4961,23.4353],[83.4904,23.4383],[83.4635,23.4423],[83.4618,23.4502],[83.4643,23.4533],[83.4519,23.4536],[83.4451,23.4449],[83.4395,23.4276],[83.4315,23.4187],[83.4271,23.4169],[83.4199,23.4071],[83.4118,23.4062],[83.4014,23.4119],[83.3902,23.4174],[83.3847,23.425],[83.3774,23.4185],[83.3701,23.413],[83.3685,23.4166],[83.3709,23.4186],[83.3711,23.4212],[83.3708,23.4406],[83.3667,23.4493],[83.3675,23.4557],[83.3673,23.4608],[83.3615,23.4702],[83.3606,23.4743],[83.3693,23.4729],[83.3723,23.4779],[83.3715,23.4799],[83.3757,23.4803],[83.3808,23.4871],[83.3849,23.4894],[83.3867,23.4939],[83.3934,23.5006],[83.3915,23.504],[83.3945,23.5068],[83.4013,23.5071],[83.4102,23.5058],[83.4204,23.5071],[83.425,23.5184],[83.4318,23.516],[83.4322,23.5246],[83.433,23.5299],[83.4319,23.5345],[83.4221,23.5363],[83.421,23.5389],[83.4218,23.5417],[83.42,23.5441],[83.4212,23.5485],[83.4185,23.5525],[83.4182,23.5547],[83.4145,23.5572],[83.4135,23.5592],[83.4051,23.5568],[83.4028,23.5569],[83.3972,23.5589],[83.3941,23.5594],[83.3927,23.553],[83.3934,23.5491],[83.3965,23.546],[83.3959,23.5411],[83.393,23.5382],[83.3862,23.5374],[83.3835,23.5357],[83.383,23.5327],[83.3805,23.5301],[83.3799,23.5252],[83.3693,23.5257],[83.3669,23.5269],[83.3593,23.5279],[83.3538,23.5261],[83.348,23.5268],[83.3331,23.5237]]]},"properties":{"id":"in:subdistrict:3250","level":"subdistrict","name":"Rajpur","code":3250,"parent":"in:district:649","state":"in:state:22"}},{"type":"Feature","geometry":{"type":"Polygon","coordinates":[[[83.7114,23.4693],[83.7101,23.4722],[83.7065,23.4758],[83.7002,23.4792],[83.6983,23.4794],[83.6934,23.4777],[83.6888,23.4772],[83.6822,23.4798],[83.6739,23.4817],[83.668,23.4815],[83.6642,23.4833],[83.6599,23.4864],[83.6538,23.4896],[83.6525,23.4885],[83.6457,23.4788],[83.6406,23.4738],[83.64,23.4667],[83.639,23.4631],[83.6355,23.4578],[83.6287,23.4526],[83.6385,23.4532],[83.6485,23.4524],[83.6512,23.4512],[83.6529,23.4484],[83.6524,23.4444],[83.653,23.4406],[83.6555,23.4381],[83.657,23.4344],[83.657,23.4296],[83.661,23.4182],[83.6585,23.4169],[83.6545,23.4186],[83.6485,23.4188],[83.643,23.4202],[83.6387,23.4201],[83.636,23.4182],[83.6331,23.4128],[83.6304,23.4131],[83.6273,23.4152],[83.6262,23.4182],[83.6224,23.4243],[83.6173,23.4286],[83.6089,23.4307],[83.6026,23.4334],[83.5971,23.437],[83.5936,23.4353],[83.5897,23.4284],[83.5814,23.4216],[83.5743,23.4179],[83.57,23.4145],[83.568,23.4096],[83.5652,23.407],[83.5616,23.4024],[83.5572,23.4003],[83.5525,23.3996],[83.5475,23.3947],[83.5446,23.3875],[83.5441,23.3761],[83.5447,23.3693],[83.5434,23.363],[83.5374,23.3529],[83.5316,23.3476],[83.5269,23.3455],[83.522,23.3447],[83.5193,23.337],[83.5223,23.3298],[83.5223,23.3251],[83.5202,23.3202],[83.5109,23.3161],[83.507,23.312],[83.5071,23.3051],[83.506,23.2926],[83.5042,23.2883],[83.5028,23.2877],[83.4981,23.283],[83.493,23.2788],[83.4804,23.2783],[83.4806,23.2731],[83.4797,23.2702],[83.4801,23.2627],[83.4771,23.2583],[83.4772,23.2553],[83.4797,23.2486],[83.4925,23.2458],[83.5007,23.2458],[83.504,23.2467],[83.51,23.2472],[83.5213,23.2444],[83.5207,23.2411],[83.5166,23.2366],[83.5166,23.2347],[83.5267,23.2322],[83.5285,23.2277],[83.5342,23.2217],[83.5327,23.2207],[83.529,23.2213],[83.5276,23.2159],[83.5314,23.2072],[83.5315,23.2013],[83.5453,23.2051],[83.5463,23.2022],[83.5459,23.1972],[83.5442,23.1938],[83.545,23.1875],[83.5502,23.18],[83.5544,23.175],[83.5638,23.1762],[83.5693,23.1749],[83.5709,23.178],[83.5706,23.184],[83.568,23.1878],[83.5749,23.1941],[83.5814,23.194],[83.5893,23.1923],[83.5965,23.1922],[83.6016,23.1902],[83.6064,23.1935],[83.6079,23.1988],[83.6123,23.2049],[83.6151,23.2105],[83.6155,23.2129],[83.6188,23.2174],[83.6267,23.2219],[83.6344,23.2194],[83.6364,23.2218],[83.6434,23.2245],[83.654,23.2295],[83.6634,23.2296],[83.6671,23.2314],[83.6726,23.2316],[83.6893,23.2251],[83.7005,23.225],[83.701,23.2176],[83.7,23.2171],[83.7007,23.2126],[83.7023,23.2109],[83.7088,23.21],[83.7127,23.2101],[83.7232,23.2141],[83.7207,23.2174],[83.7199,23.2242],[83.7215,23.2277],[83.7268,23.2338],[83.7317,23.2357],[83.737,23.2361],[83.7437,23.2423],[83.748,23.2436],[83.7516,23.2406],[83.7564,23.2385],[83.7592,23.2365],[83.7626,23.2359],[83.7625,23.2319],[83.7668,23.2316],[83.767,23.2287],[83.7707,23.2281],[83.775,23.2248],[83.7798,23.2253],[83.782,23.2267],[83.785,23.2391],[83.7864,23.242],[83.7895,23.2514],[83.8037,23.2459],[83.8062,23.246],[83.8116,23.2428],[83.823,23.2445],[83.8244,23.2441],[83.8248,23.2506],[83.8238,23.256],[83.8232,23.2648],[83.8262,23.265],[83.8336,23.2695],[83.8363,23.2722],[83.835,23.275],[83.8381,23.2772],[83.8415,23.2778],[83.8419,23.2835],[83.8386,23.2838],[83.8376,23.286],[83.8342,23.2871],[83.8315,23.2895],[83.8282,23.2884],[83.8257,23.2892],[83.8227,23.2882],[83.8215,23.2903],[83.8184,23.2918],[83.815,23.295],[83.8132,23.3012],[83.8145,23.303],[83.8101,23.3041],[83.8063,23.3025],[83.8062,23.3053],[83.8021,23.3067],[83.8001,23.3087],[83.7931,23.3089],[83.7931,23.3115],[83.7955,23.3128],[83.7976,23.3177],[83.7981,23.3235],[83.7933,23.333],[83.7896,23.3347],[83.7887,23.3362],[83.7702,23.3385],[83.7684,23.342],[83.7691,23.3488],[83.7679,23.3515],[83.755,23.353],[83.75,23.3548],[83.7524,23.358],[83.7515,23.365],[83.756,23.3662],[83.7601,23.3662],[83.7621,23.3709],[83.7632,23.3792],[83.7642,23.3809],[83.7614,23.3857],[83.7627,23.3914],[83.7618,23.3928],[83.7633,23.3963],[83.7608,23.4005],[83.7591,23.3998],[83.7549,23.4043],[83.7512,23.406],[83.7403,23.413],[83.7377,23.4142],[83.7263,23.4309],[83.7114,23.4693]]]},"properties":{"id":"in:subdistrict:3241","level":"subdistrict","name":"Shankargarh","code":3241,"parent":"in:district:649","state":"in:state:22"}},{"type":"Feature","geometry":{"type":"Polygon","coordinates":[[[83.5635,22.895],[83.5719,22.8972],[83.5786,22.8997],[83.5809,22.9017],[83.5926,22.9029],[83.5962,22.9048],[83.6047,22.9042],[83.6089,22.905],[83.6107,22.9042],[83.6159,22.9041],[83.6155,22.9021],[83.6186,22.8992],[83.6211,22.8948],[83.6211,22.8918],[83.6241,22.8881],[83.6283,22.8844],[83.6293,22.882],[83.632,22.8806],[83.6298,22.8771],[83.6372,22.8695],[83.6473,22.8688],[83.651,22.8693],[83.6533,22.8711],[83.655,22.8744],[83.6573,22.8756],[83.6645,22.8815],[83.6723,22.8825],[83.6728,22.8894],[83.6743,22.8924],[83.6803,22.8933],[83.6887,22.8984],[83.6926,22.8994],[83.6979,22.8996],[83.7008,22.9009],[83.703,22.8997],[83.7061,22.9],[83.709,22.8991],[83.7117,22.901],[83.7149,22.9006],[83.7151,22.897],[83.7224,22.8971],[83.7233,22.8959],[83.7283,22.8942],[83.7323,22.8914],[83.735,22.8852],[83.7328,22.8825],[83.7263,22.8815],[83.7138,22.8835],[83.7075,22.883],[83.7053,22.8819],[83.7045,22.8796],[83.7071,22.874],[83.7148,22.8724],[83.7128,22.8672],[83.7139,22.8654],[83.7178,22.8659],[83.7214,22.8673],[83.7306,22.8691],[83.7332,22.8703],[83.7395,22.8701],[83.7425,22.8678],[83.744,22.8653],[83.7502,22.8616],[83.7604,22.8602],[83.762,22.8596],[83.7705,22.8591],[83.7735,22.8581],[83.7759,22.8538],[83.7723,22.8522],[83.7759,22.8504],[83.7808,22.8505],[83.7805,22.8431],[83.7787,22.8408],[83.7781,22.836],[83.7792,22.8327],[83.782,22.8344],[83.7891,22.8348],[83.7924,22.8292],[83.7916,22.8269],[83.7889,22.8246],[83.7873,22.8218],[83.7987,22.8198],[83.8047,22.8217],[83.8079,22.8248],[83.8119,22.8272],[83.8135,22.8317],[83.8187,22.8328],[83.8188,22.8384],[83.8265,22.8412],[83.8312,22.8434],[83.8366,22.8433],[83.838,22.8404],[83.8414,22.841],[83.8485,22.8408],[83.8523,22.8416],[83.8582,22.8396],[83.8628,22.8393],[83.8651,22.8418],[83.8638,22.8502],[83.8622,22.854],[83.8536,22.8604],[83.8507,22.8615],[83.8476,22.8661],[83.8407,22.8664],[83.8444,22.8722],[83.8433,22.8779],[83.8407,22.8807],[83.8384,22.8861],[83.8409,22.8911],[83.8373,22.8932],[83.8391,22.8975],[83.8493,22.8992],[83.8556,22.9015],[83.8651,22.9017],[83.8718,22.9013],[83.8839,22.9035],[83.8833,22.9047],[83.8968,22.9061],[83.9031,22.9075],[83.9038,22.9125],[83.9012,22.9231],[83.9017,22.9313],[83.9042,22.9342],[83.9066,22.9392],[83.9076,22.9445],[83.9059,22.9469],[83.9068,22.9487],[83.8995,22.9534],[83.8957,22.9529],[83.8922,22.9481],[83.8889,22.9488],[83.8808,22.9538],[83.8813,22.9584],[83.876,22.9618],[83.8776,22.9656],[83.8774,22.9677],[83.8688,22.9693],[83.869,22.9718],[83.8711,22.9725],[83.8703,22.9758],[83.8723,22.979],[83.8777,22.98],[83.8836,22.9871],[83.8795,22.9856],[83.8773,22.9836],[83.8734,22.9917],[83.8731,22.9966],[83.8703,23.0006],[83.8702,23.0037],[83.8681,23.0049],[83.862,23.0054],[83.8594,23.0135],[83.8595,23.0179],[83.8581,23.0217],[83.8547,23.0258],[83.8532,23.0264],[83.8522,23.0336],[83.8489,23.0377],[83.8486,23.041],[83.8459,23.0423],[83.8426,23.0419],[83.8404,23.0446],[83.835,23.0441],[83.8336,23.0461],[83.835,23.0477],[83.8305,23.0509],[83.8268,23.0519],[83.8302,23.0565],[83.8343,23.06],[83.8391,23.0675],[83.84,23.0704],[83.839,23.0735],[83.8481,23.0839],[83.8534,23.0878],[83.8552,23.0882],[83.8614,23.0865],[83.8659,23.0798],[83.868,23.0777],[83.8784,23.0778],[83.8858,23.0801],[83.8874,23.0849],[83.8846,23.0869],[83.8834,23.089],[83.8835,23.0931],[83.8796,23.0968],[83.8761,23.0985],[83.877,23.1009],[83.8745,23.1018],[83.8771,23.1055],[83.8734,23.1073],[83.8696,23.1059],[83.8675,23.1094],[83.8683,23.1136],[83.8716,23.1121],[83.8734,23.1147],[83.8828,23.1147],[83.8835,23.1158],[83.8839,23.1212],[83.8864,23.1252],[83.8856,23.127],[83.8898,23.1312],[83.8932,23.1296],[83.894,23.1356],[83.8931,23.1388],[83.8905,23.1405],[83.8895,23.1451],[83.8856,23.1453],[83.8895,23.1575],[83.8883,23.1615],[83.8943,23.1664],[83.9015,23.1666],[83.9043,23.1655],[83.9069,23.1664],[83.9143,23.1708],[83.9152,23.1742],[83.9129,23.1772],[83.91,23.1793],[83.9082,23.1838],[83.9067,23.1849],[83.9002,23.1834],[83.8939,23.186],[83.8851,23.1883],[83.8837,23.1903],[83.8832,23.2035],[83.8827,23.2058],[83.8804,23.21],[83.8775,23.2126],[83.8745,23.2136],[83.866,23.2144],[83.8633,23.2161],[83.8611,23.2192],[83.8586,23.2204],[83.8543,23.2273],[83.847,23.2292],[83.8442,23.2286],[83.8397,23.2338],[83.8349,23.2377],[83.8286,23.2421],[83.8244,23.2441],[83.823,23.2445],[83.8116,23.2428],[83.8062,23.246],[83.8037,23.2459],[83.7895,23.2514],[83.7864,23.242],[83.785,23.2391],[83.782,23.2267],[83.7798,23.2253],[83.775,23.2248],[83.7707,23.2281],[83.767,23.2287],[83.7668,23.2316],[83.7625,23.2319],[83.7626,23.2359],[83.7592,23.2365],[83.7564,23.2385],[83.7516,23.2406],[83.748,23.2436],[83.7437,23.2423],[83.737,23.2361],[83.7317,23.2357],[83.7268,23.2338],[83.7215,23.2277],[83.7199,23.2242],[83.7207,23.2174],[83.7232,23.2141],[83.7127,23.2101],[83.7088,23.21],[83.7023,23.2109],[83.7007,23.2126],[83.7,23.2171],[83.701,23.2176],[83.7005,23.225],[83.6893,23.2251],[83.6726,23.2316],[83.6671,23.2314],[83.6634,23.2296],[83.654,23.2295],[83.6434,23.2245],[83.6364,23.2218],[83.6344,23.2194],[83.6267,23.2219],[83.6188,23.2174],[83.6155,23.2129],[83.6151,23.2105],[83.6123,23.2049],[83.6079,23.1988],[83.6064,23.1935],[83.6016,23.1902],[83.5965,23.1922],[83.5893,23.1923],[83.5814,23.194],[83.5749,23.1941],[83.568,23.1878],[83.5706,23.184],[83.5709,23.178],[83.5693,23.1749],[83.5638,23.1762],[83.5544,23.175],[83.5543,23.172],[83.5519,23.168],[83.5538,23.1636],[83.5546,23.1567],[83.5575,23.1518],[83.5627,23.1477],[83.5629,23.1382],[83.5606,23.1327],[83.5555,23.127],[83.5563,23.1251],[83.5355,23.1203],[83.5354,23.1113],[83.53,23.1055],[83.5218,23.0959],[83.5155,23.0929],[83.5102,23.091],[83.5085,23.0894],[83.5086,23.0862],[83.5111,23.0841],[83.5113,23.0809],[83.5058,23.0778],[83.5015,23.0717],[83.5009,23.0666],[83.4999,23.0645],[83.5034,23.0608],[83.5069,23.06],[83.5145,23.0566],[83.5193,23.0566],[83.5244,23.059],[83.5307,23.0541],[83.5331,23.0512],[83.5401,23.046],[83.5473,23.0363],[83.5505,23.0337],[83.5499,23.0293],[83.5459,23.0223],[83.5435,23.0209],[83.5421,23.0155],[83.5369,23.0086],[83.5311,23.0033],[83.5293,22.997],[83.5229,22.9933],[83.5203,22.9909],[83.5121,22.9846],[83.5117,22.9749],[83.5074,22.9675],[83.5063,22.962],[83.5036,22.9528],[83.5066,22.9495],[83.51,22.9407],[83.5148,22.9358],[83.5186,22.9359],[83.522,22.934],[83.5239,22.9277],[83.5282,22.9244],[83.533,22.9198],[83.5335,22.9145],[83.5355,22.9133],[83.5406,22.9127],[83.5501,22.9049],[83.5535,22.8978],[83.5573,22.8948],[83.5616,22.8939],[83.5635,22.895]]]},"properties":{"id":"in:subdistrict:3255","level":"subdistrict","name":"Bagicha","code":3255,"parent":"in:district:380","state":"in:state:22"}},{"type":"Feature","geometry":{"type":"Polygon","coordinates":[[[83.4941,22.842],[83.4981,22.8452],[83.5015,22.8428],[83.5085,22.8429],[83.5163,22.8439],[83.5183,22.846],[83.5246,22.846],[83.5273,22.8437],[83.5303,22.8487],[83.5354,22.8547],[83.5388,22.8622],[83.5391,22.8708],[83.5407,22.8746],[83.54,22.8767],[83.5436,22.8771],[83.5401,22.8807],[83.5461,22.8845],[83.5479,22.8848],[83.5573,22.8948],[83.5535,22.8978],[83.5501,22.9049],[83.5406,22.9127],[83.5355,22.9133],[83.5335,22.9145],[83.533,22.9198],[83.5282,22.9244],[83.5239,22.9277],[83.522,22.934],[83.5186,22.9359],[83.5148,22.9358],[83.51,22.9407],[83.5066,22.9495],[83.5036,22.9528],[83.5063,22.962],[83.5074,22.9675],[83.5117,22.9749],[83.5121,22.9846],[83.5203,22.9909],[83.5229,22.9933],[83.5293,22.997],[83.5311,23.0033],[83.5369,23.0086],[83.5421,23.0155],[83.5435,23.0209],[83.5459,23.0223],[83.5499,23.0293],[83.5505,23.0337],[83.5473,23.0363],[83.5401,23.046],[83.5331,23.0512],[83.5307,23.0541],[83.5244,23.059],[83.5193,23.0566],[83.5145,23.0566],[83.5069,23.06],[83.5034,23.0608],[83.4999,23.0645],[83.4974,23.0628],[83.4909,23.0548],[83.4829,23.047],[83.4767,23.0428],[83.4658,23.0425],[83.4588,23.0384],[83.4455,23.0424],[83.4392,23.0351],[83.4365,23.033],[83.4314,23.0306],[83.4255,23.0269],[83.4234,23.0227],[83.4231,23.0183],[83.424,23.0152],[83.4207,23.0159],[83.4146,23.0215],[83.4055,23.021],[83.3977,23.0215],[83.3913,23.0253],[83.3874,23.024],[83.382,23.0264],[83.38,23.0244],[83.3755,23.0249],[83.3715,23.0267],[83.3655,23.0286],[83.3578,23.0324],[83.3553,23.0298],[83.3515,23.0222],[83.346,23.0141],[83.3484,23.0086],[83.3481,23.0049],[83.352,23.0006],[83.3558,22.9949],[83.3559,22.9914],[83.3506,22.9897],[83.3482,22.9904],[83.3449,22.9855],[83.3383,22.9772],[83.3376,22.9745],[83.3414,22.9753],[83.3421,22.9724],[83.3451,22.9691],[83.3431,22.9673],[83.3434,22.9646],[83.3479,22.9636],[83.347,22.9568],[83.3459,22.9544],[83.3526,22.9478],[83.3558,22.9397],[83.3544,22.938],[83.356,22.9353],[83.3537,22.9345],[83.3551,22.928],[83.3554,22.9228],[83.3521,22.9222],[83.3456,22.9173],[83.3452,22.9148],[83.3462,22.911],[83.3457,22.9081],[83.3529,22.9065],[83.36,22.8996],[83.3641,22.8986],[83.3667,22.8996],[83.3703,22.8969],[83.3742,22.8964],[83.3782,22.8968],[83.38,22.8871],[83.383,22.881],[83.3826,22.8784],[83.3839,22.8724],[83.3826,22.8715],[83.378,22.8722],[83.3762,22.8735],[83.373,22.8695],[83.3727,22.8664],[83.3788,22.8607],[83.3884,22.8535],[83.3893,22.8548],[83.3942,22.8575],[83.3942,22.8591],[83.3889,22.8608],[83.3906,22.8642],[83.3994,22.8661],[83.4045,22.8659],[83.4059,22.867],[83.4035,22.8721],[83.399,22.8697],[83.3955,22.8733],[83.3958,22.8766],[83.4002,22.8763],[83.4021,22.8772],[83.4111,22.8786],[83.415,22.8824],[83.4189,22.8789],[83.4199,22.8739],[83.4193,22.8708],[83.4256,22.8642],[83.4303,22.861],[83.4332,22.8647],[83.4346,22.8678],[83.4369,22.8663],[83.4464,22.8665],[83.4504,22.8596],[83.4524,22.8579],[83.4567,22.8579],[83.4573,22.8549],[83.4596,22.8533],[83.4677,22.8519],[83.473,22.849],[83.4788,22.8487],[83.4833,22.8478],[83.4852,22.8464],[83.489,22.8468],[83.4933,22.8485],[83.4941,22.842]]]},"properties":{"id":"in:subdistrict:3253","level":"subdistrict","name":"Batouli","code":3253,"parent":"in:district:389","state":"in:state:22"}},{"type":"Feature","geometry":{"type":"Polygon","coordinates":[[[83.2873,23.2143],[83.2828,23.2016],[83.2807,23.1918],[83.2797,23.1905],[83.2705,23.1883],[83.2728,23.1791],[83.2753,23.1724],[83.2811,23.1623],[83.278,23.158],[83.2711,23.1529],[83.2727,23.1493],[83.2718,23.1457],[83.2728,23.1443],[83.2785,23.1421],[83.2795,23.1385],[83.2793,23.1348],[83.2844,23.1309],[83.2853,23.1257],[83.2827,23.1238],[83.2749,23.1134],[83.2668,23.1118],[83.2533,23.1106],[83.2508,23.1101],[83.2456,23.1025],[83.2413,23.0986],[83.2378,23.0965],[83.2371,23.0868],[83.2427,23.0852],[83.2481,23.0818],[83.2572,23.0794],[83.2626,23.0784],[83.2629,23.0743],[83.2673,23.0734],[83.2773,23.0731],[83.2828,23.0696],[83.2798,23.0657],[83.2853,23.0653],[83.2888,23.0665],[83.2911,23.0639],[83.2921,23.0603],[83.2925,23.0543],[83.2891,23.0457],[83.29,23.0439],[83.2931,23.0435],[83.3,23.0412],[83.3045,23.0389],[83.3059,23.0333],[83.3167,23.0281],[83.3271,23.019],[83.3318,23.0155],[83.3369,23.0157],[83.3378,23.019],[83.3487,23.0208],[83.3515,23.0222],[83.3553,23.0298],[83.3578,23.0324],[83.3655,23.0286],[83.3715,23.0267],[83.3755,23.0249],[83.38,23.0244],[83.382,23.0264],[83.3874,23.024],[83.3913,23.0253],[83.3977,23.0215],[83.4055,23.021],[83.4146,23.0215],[83.4207,23.0159],[83.424,23.0152],[83.4231,23.0183],[83.4234,23.0227],[83.4255,23.0269],[83.4314,23.0306],[83.4365,23.033],[83.4392,23.0351],[83.4455,23.0424],[83.4588,23.0384],[83.4658,23.0425],[83.4767,23.0428],[83.4829,23.047],[83.4909,23.0548],[83.4974,23.0628],[83.4999,23.0645],[83.5009,23.0666],[83.5015,23.0717],[83.5058,23.0778],[83.5113,23.0809],[83.5111,23.0841],[83.5086,23.0862],[83.5085,23.0894],[83.5102,23.091],[83.5155,23.0929],[83.5218,23.0959],[83.53,23.1055],[83.5354,23.1113],[83.5355,23.1203],[83.5563,23.1251],[83.5555,23.127],[83.5606,23.1327],[83.5629,23.1382],[83.5627,23.1477],[83.5575,23.1518],[83.5546,23.1567],[83.5538,23.1636],[83.5519,23.168],[83.5543,23.172],[83.5544,23.175],[83.5502,23.18],[83.545,23.1875],[83.5442,23.1938],[83.5459,23.1972],[83.5463,23.2022],[83.5453,23.2051],[83.5315,23.2013],[83.5314,23.2072],[83.5276,23.2159],[83.529,23.2213],[83.5327,23.2207],[83.5342,23.2217],[83.5285,23.2277],[83.5267,23.2322],[83.5166,23.2347],[83.5166,23.2366],[83.5207,23.2411],[83.5213,23.2444],[83.51,23.2472],[83.504,23.2467],[83.5007,23.2458],[83.4925,23.2458],[83.4797,23.2486],[83.4772,23.2553],[83.4771,23.2583],[83.4653,23.2572],[83.4569,23.2538],[83.4542,23.2552],[83.4438,23.2585],[83.437,23.2574],[83.4276,23.2542],[83.4224,23.2557],[83.4125,23.2613],[83.4,23.267],[83.3946,23.2699],[83.3897,23.2701],[83.3855,23.2693],[83.3682,23.2643],[83.3647,23.2611],[83.3653,23.257],[83.3731,23.2525],[83.3774,23.2526],[83.3807,23.2503],[83.3837,23.25],[83.3847,23.2464],[83.376,23.2392],[83.3728,23.2403],[83.3702,23.2385],[83.3703,23.2345],[83.372,23.2295],[83.3683,23.2296],[83.3663,23.227],[83.3621,23.2253],[83.3531,23.2202],[83.3529,23.2171],[83.3546,23.2134],[83.3571,23.2132],[83.3623,23.2155],[83.3665,23.2163],[83.3681,23.2153],[83.3656,23.209],[83.3618,23.2091],[83.3631,23.2057],[83.3596,23.2011],[83.3614,23.1989],[83.3602,23.1959],[83.3579,23.1943],[83.3574,23.1922],[83.3584,23.1888],[83.3604,23.1864],[83.3592,23.1828],[83.3557,23.1766],[83.3541,23.1728],[83.3521,23.1732],[83.3481,23.178],[83.3404,23.18],[83.3373,23.1802],[83.3297,23.1795],[83.3241,23.1834],[83.3198,23.1871],[83.3172,23.1913],[83.3121,23.1972],[83.2959,23.207],[83.2873,23.2143]]]},"properties":{"id":"in:subdistrict:3251","level":"subdistrict","name":"Lundra","code":3251,"parent":"in:district:389","state":"in:state:22"}},{"type":"Feature","geometry":{"type":"Polygon","coordinates":[[[83.3459,22.9544],[83.347,22.9568],[83.3479,22.9636],[83.3434,22.9646],[83.3431,22.9673],[83.3451,22.9691],[83.3421,22.9724],[83.3414,22.9753],[83.3376,22.9745],[83.3383,22.9772],[83.3449,22.9855],[83.3482,22.9904],[83.3506,22.9897],[83.3559,22.9914],[83.3558,22.9949],[83.352,23.0006],[83.3481,23.0049],[83.3484,23.0086],[83.346,23.0141],[83.3515,23.0222],[83.3487,23.0208],[83.3378,23.019],[83.3369,23.0157],[83.3318,23.0155],[83.3271,23.019],[83.3167,23.0281],[83.3059,23.0333],[83.3045,23.0389],[83.3,23.0412],[83.2931,23.0435],[83.29,23.0439],[83.2891,23.0457],[83.2925,23.0543],[83.2921,23.0603],[83.2911,23.0639],[83.2888,23.0665],[83.2853,23.0653],[83.2798,23.0657],[83.2828,23.0696],[83.2773,23.0731],[83.2673,23.0734],[83.2629,23.0743],[83.2626,23.0784],[83.2572,23.0794],[83.2481,23.0818],[83.2427,23.0852],[83.2371,23.0868],[83.2378,23.0965],[83.2413,23.0986],[83.2456,23.1025],[83.2508,23.1101],[83.2533,23.1106],[83.2668,23.1118],[83.2749,23.1134],[83.2827,23.1238],[83.2853,23.1257],[83.2844,23.1309],[83.2793,23.1348],[83.2795,23.1385],[83.2785,23.1421],[83.2728,23.1443],[83.2718,23.1457],[83.2727,23.1493],[83.2711,23.1529],[83.278,23.158],[83.2811,23.1623],[83.2753,23.1724],[83.2728,23.1791],[83.2705,23.1883],[83.2797,23.1905],[83.2807,23.1918],[83.2828,23.2016],[83.2873,23.2143],[83.2777,23.2153],[83.2641,23.2336],[83.2562,23.2347],[83.2523,23.2348],[83.2472,23.2362],[83.2467,23.2312],[83.2435,23.2249],[83.243,23.22],[83.2384,23.2197],[83.2364,23.2185],[83.2269,23.2185],[83.2237,23.218],[83.2204,23.2187],[83.2173,23.2229],[83.2151,23.2223],[83.2127,23.2182],[83.2088,23.214],[83.2036,23.2114],[83.2013,23.2087],[83.1976,23.2091],[83.1924,23.2048],[83.1849,23.2138],[83.1767,23.2177],[83.1764,23.219],[83.179,23.2299],[83.1783,23.2316],[83.1754,23.2307],[83.1731,23.2282],[83.1722,23.2248],[83.1688,23.2209],[83.1641,23.2201],[83.1661,23.216],[83.1639,23.2149],[83.1529,23.2139],[83.1458,23.215],[83.1434,23.216],[83.1378,23.2142],[83.136,23.2041],[83.1341,23.188],[83.1328,23.1783],[83.1357,23.1742],[83.1449,23.1707],[83.1588,23.1666],[83.1594,23.1658],[83.1492,23.1584],[83.1512,23.1549],[83.1545,23.1525],[83.1594,23.1513],[83.1602,23.1437],[83.1596,23.1421],[83.1602,23.1351],[83.1543,23.1348],[83.1567,23.1279],[83.1535,23.1108],[83.1518,23.1089],[83.1472,23.1077],[83.1385,23.1066],[83.1317,23.1088],[83.1281,23.1086],[83.1237,23.1226],[83.1246,23.1282],[83.1234,23.1348],[83.1162,23.1376],[83.1089,23.1377],[83.1024,23.1297],[83.1008,23.129],[83.0878,23.1291],[83.0844,23.1274],[83.0625,23.1267],[83.0549,23.1271],[83.0499,23.1267],[83.0453,23.1276],[83.038,23.1274],[83.0335,23.126],[83.0311,23.1267],[83.0277,23.1251],[83.0303,23.1164],[83.0299,23.1122],[83.0315,23.1068],[83.0341,23.1047],[83.0316,23.0999],[83.03,23.0982],[83.0267,23.0979],[83.0296,23.0962],[83.0329,23.089],[83.0367,23.084],[83.0369,23.08],[83.039,23.0783],[83.0447,23.0775],[83.0476,23.0758],[83.052,23.0713],[83.0559,23.0706],[83.0572,23.0671],[83.0621,23.063],[83.0676,23.0607],[83.0717,23.0606],[83.0743,23.0566],[83.0801,23.0568],[83.0828,23.0561],[83.0897,23.0573],[83.0943,23.056],[83.1016,23.0579],[83.1038,23.0573],[83.1064,23.0532],[83.1118,23.051],[83.1252,23.0432],[83.1277,23.0391],[83.1331,23.0356],[83.1362,23.0356],[83.1421,23.0369],[83.1457,23.0333],[83.1487,23.0328],[83.1542,23.0296],[83.1574,23.0316],[83.1608,23.0315],[83.1635,23.0289],[83.1622,23.0245],[83.1652,23.0212],[83.1655,23.0195],[83.1706,23.0114],[83.1701,23.0067],[83.1673,23.0006],[83.1644,23],[83.1635,22.9972],[83.1665,22.9934],[83.1659,22.9897],[83.1619,22.9859],[83.1589,22.9848],[83.1549,22.982],[83.155,22.9793],[83.1644,22.9759],[83.1652,22.9733],[83.1641,22.97],[83.1647,22.9674],[83.1745,22.9668],[83.1796,22.9669],[83.1843,22.9663],[83.1855,22.9573],[83.1856,22.9516],[83.1843,22.9471],[83.1802,22.9418],[83.1786,22.936],[83.178,22.9286],[83.1765,22.9296],[83.1725,22.9232],[83.1692,22.9201],[83.1695,22.918],[83.167,22.9137],[83.1634,22.912],[83.1602,22.9071],[83.1574,22.9058],[83.1539,22.9061],[83.1537,22.9034],[83.1563,22.9037],[83.1596,22.8949],[83.1597,22.8923],[83.1576,22.8859],[83.1579,22.884],[83.161,22.8811],[83.1739,22.8727],[83.1755,22.8696],[83.1714,22.8649],[83.1669,22.8625],[83.1688,22.8562],[83.1716,22.855],[83.1746,22.8567],[83.1807,22.8638],[83.1904,22.8587],[83.1953,22.8589],[83.1985,22.86],[83.2062,22.8644],[83.2122,22.8687],[83.2211,22.8771],[83.2339,22.8849],[83.2372,22.9009],[83.238,22.9146],[83.2394,22.9178],[83.2432,22.9209],[83.2483,22.9233],[83.2505,22.9254],[83.2548,22.9318],[83.2592,22.932],[83.2604,22.9341],[83.2691,22.9332],[83.2707,22.9369],[83.2794,22.9367],[83.2887,22.9381],[83.2945,22.9361],[83.299,22.9352],[83.2971,22.9415],[83.3094,22.941],[83.3144,22.9414],[83.3163,22.9443],[83.3148,22.9466],[83.3159,22.9495],[83.3229,22.9499],[83.3272,22.9511],[83.3299,22.9531],[83.3387,22.9519],[83.3443,22.9526],[83.3459,22.9544]]]},"properties":{"id":"in:subdistrict:3247","level":"subdistrict","name":"Ambikapur","code":3247,"parent":"in:district:389","state":"in:state:22"}},{"type":"Feature","geometry":{"type":"Polygon","coordinates":[[[83.1727,22.7771],[83.1714,22.7816],[83.1682,22.7901],[83.1696,22.7956],[83.1687,22.8007],[83.1717,22.8069],[83.1703,22.8115],[83.1649,22.8128],[83.1619,22.8143],[83.1599,22.817],[83.1589,22.8212],[83.157,22.8246],[83.1526,22.8267],[83.1517,22.833],[83.1503,22.8376],[83.15,22.8426],[83.146,22.8454],[83.1476,22.8492],[83.1496,22.8563],[83.1579,22.8587],[83.1669,22.8625],[83.1714,22.8649],[83.1755,22.8696],[83.1739,22.8727],[83.161,22.8811],[83.1579,22.884],[83.1576,22.8859],[83.1597,22.8923],[83.1596,22.8949],[83.1563,22.9037],[83.1537,22.9034],[83.1539,22.9061],[83.1574,22.9058],[83.1602,22.9071],[83.1634,22.912],[83.167,22.9137],[83.1695,22.918],[83.1692,22.9201],[83.1725,22.9232],[83.1765,22.9296],[83.178,22.9286],[83.1786,22.936],[83.1802,22.9418],[83.1843,22.9471],[83.1856,22.9516],[83.1855,22.9573],[83.1843,22.9663],[83.1796,22.9669],[83.1745,22.9668],[83.1647,22.9674],[83.1641,22.97],[83.1652,22.9733],[83.1644,22.9759],[83.155,22.9793],[83.1549,22.982],[83.1589,22.9848],[83.1619,22.9859],[83.1659,22.9897],[83.1665,22.9934],[83.1635,22.9972],[83.1644,23],[83.1673,23.0006],[83.1701,23.0067],[83.1706,23.0114],[83.1655,23.0195],[83.1652,23.0212],[83.1622,23.0245],[83.1635,23.0289],[83.1608,23.0315],[83.1574,23.0316],[83.1542,23.0296],[83.1487,23.0328],[83.1457,23.0333],[83.1421,23.0369],[83.1362,23.0356],[83.1331,23.0356],[83.1277,23.0391],[83.1252,23.0432],[83.1118,23.051],[83.1064,23.0532],[83.1038,23.0573],[83.1016,23.0579],[83.0943,23.056],[83.0897,23.0573],[83.0828,23.0561],[83.0801,23.0568],[83.0743,23.0566],[83.0717,23.0606],[83.0676,23.0607],[83.0621,23.063],[83.0572,23.0671],[83.0559,23.0706],[83.052,23.0713],[83.0476,23.0758],[83.0447,23.0775],[83.039,23.0783],[83.0369,23.08],[83.0367,23.084],[83.0329,23.089],[83.0296,23.0962],[83.0267,23.0979],[83.02,23.0975],[83.0165,23.0937],[83.0122,23.0936],[83.0068,23.0862],[82.9996,23.0742],[82.9989,23.0711],[82.9959,23.0709],[82.9897,23.0727],[82.9815,23.0726],[82.9744,23.0677],[82.9773,23.0663],[82.9788,23.0623],[82.983,23.0547],[82.9839,23.0493],[82.9843,23.0431],[82.983,23.0407],[82.9766,23.0405],[82.9714,23.0377],[82.9677,23.0374],[82.9668,23.0323],[82.9643,23.0298],[82.9542,23.0261],[82.9531,23.0244],[82.9534,23.0203],[82.9574,23.0182],[82.9546,23.0107],[82.9507,23.0123],[82.9503,23.0069],[82.9493,23.0039],[82.9531,23.0013],[82.9536,22.9987],[82.9525,22.9912],[82.9519,22.9847],[82.9525,22.9821],[82.9545,22.9792],[82.9528,22.9705],[82.9539,22.9688],[82.9593,22.9673],[82.9595,22.962],[82.957,22.9591],[82.9538,22.9616],[82.9525,22.958],[82.9538,22.9553],[82.9603,22.9531],[82.9626,22.9513],[82.9644,22.9474],[82.9648,22.9412],[82.9681,22.9383],[82.9711,22.9369],[82.9795,22.9346],[82.9811,22.9331],[82.9831,22.9277],[82.9831,22.9226],[82.9843,22.9196],[82.9897,22.9124],[82.9906,22.9077],[82.9924,22.9054],[82.9981,22.9035],[83.007,22.905],[83.0108,22.9043],[83.0116,22.9021],[83.0115,22.8939],[83.0124,22.8906],[83.0162,22.8806],[83.0194,22.8788],[83.0258,22.8806],[83.0273,22.8784],[83.0241,22.8756],[83.0194,22.8678],[83.0123,22.8594],[83.0105,22.8554],[83.0111,22.8519],[83.0142,22.8475],[83.017,22.847],[83.0173,22.8425],[83.0196,22.8396],[83.0199,22.8359],[83.0188,22.8335],[83.018,22.8177],[83.0204,22.8168],[83.0243,22.8137],[83.0326,22.8137],[83.0356,22.811],[83.0384,22.81],[83.0446,22.8098],[83.0467,22.8082],[83.049,22.8048],[83.0527,22.8007],[83.0589,22.792],[83.0692,22.7819],[83.0699,22.78],[83.0696,22.7701],[83.0738,22.7619],[83.09,22.7514],[83.0991,22.7364],[83.1105,22.7254],[83.1152,22.7241],[83.1154,22.7258],[83.1235,22.7285],[83.1254,22.7299],[83.1312,22.7315],[83.1383,22.7354],[83.1413,22.7346],[83.1504,22.7343],[83.153,22.7371],[83.1545,22.7436],[83.1568,22.7466],[83.1566,22.7513],[83.155,22.7586],[83.1571,22.7631],[83.1565,22.767],[83.1592,22.7733],[83.1616,22.7728],[83.1727,22.7771]]]},"properties":{"id":"in:subdistrict:3248","level":"subdistrict","name":"Lakhanpur","code":3248,"parent":"in:district:389","state":"in:state:22"}},{"type":"Feature","geometry":{"type":"Polygon","coordinates":[[[82.7574,22.7955],[82.7589,22.7933],[82.7649,22.7914],[82.768,22.7896],[82.7681,22.7879],[82.7645,22.7829],[82.7652,22.7801],[82.7698,22.7765],[82.7726,22.7731],[82.7795,22.7678],[82.7887,22.763],[82.7962,22.7608],[82.7989,22.759],[82.8168,22.7512],[82.8208,22.7488],[82.8322,22.7441],[82.8385,22.7461],[82.8594,22.7497],[82.8635,22.7519],[82.8692,22.7484],[82.8756,22.7459],[82.8779,22.7431],[82.8806,22.7367],[82.8874,22.7286],[82.889,22.7254],[82.8932,22.7245],[82.8965,22.7207],[82.8996,22.7184],[82.9033,22.7146],[82.9046,22.7145],[82.9129,22.7103],[82.9209,22.705],[82.9228,22.7018],[82.9293,22.6967],[82.9336,22.6899],[82.9385,22.6808],[82.941,22.6783],[82.9447,22.6763],[82.95,22.6746],[82.9594,22.6685],[82.9671,22.6658],[82.9781,22.6653],[82.9824,22.6644],[82.99,22.6655],[82.9966,22.658],[83.0013,22.6552],[83.0032,22.6516],[83.0056,22.6499],[83.0089,22.6494],[83.013,22.6447],[83.0137,22.6386],[83.0205,22.6418],[83.0249,22.6462],[83.0323,22.6488],[83.0355,22.6511],[83.0394,22.6522],[83.0433,22.6565],[83.0488,22.6618],[83.0581,22.6649],[83.0651,22.6691],[83.0736,22.6696],[83.0781,22.6684],[83.0812,22.6685],[83.0853,22.6699],[83.0924,22.6742],[83.1146,22.6714],[83.1091,22.6762],[83.1057,22.6781],[83.1017,22.6825],[83.1071,22.6871],[83.1105,22.6893],[83.1178,22.6894],[83.1249,22.7033],[83.1198,22.7069],[83.1182,22.7109],[83.1152,22.7241],[83.1105,22.7254],[83.0991,22.7364],[83.09,22.7514],[83.0738,22.7619],[83.0696,22.7701],[83.0699,22.78],[83.0692,22.7819],[83.0589,22.792],[83.0527,22.8007],[83.049,22.8048],[83.0467,22.8082],[83.0446,22.8098],[83.0384,22.81],[83.0356,22.811],[83.0326,22.8137],[83.0243,22.8137],[83.0204,22.8168],[83.018,22.8177],[83.0188,22.8335],[83.0199,22.8359],[83.0196,22.8396],[83.0173,22.8425],[83.017,22.847],[83.0142,22.8475],[83.0111,22.8519],[83.0105,22.8554],[83.0123,22.8594],[83.0194,22.8678],[83.0241,22.8756],[83.0273,22.8784],[83.0258,22.8806],[83.0194,22.8788],[83.0162,22.8806],[83.0124,22.8906],[83.0115,22.8939],[83.0116,22.9021],[83.0108,22.9043],[83.007,22.905],[82.9981,22.9035],[82.9924,22.9054],[82.9906,22.9077],[82.9897,22.9124],[82.9843,22.9196],[82.9831,22.9226],[82.9831,22.9277],[82.9811,22.9331],[82.9795,22.9346],[82.9711,22.9369],[82.9681,22.9383],[82.9648,22.9412],[82.9644,22.9474],[82.9626,22.9513],[82.9603,22.9531],[82.9538,22.9553],[82.9525,22.958],[82.9538,22.9616],[82.957,22.9591],[82.9595,22.962],[82.9593,22.9673],[82.9539,22.9688],[82.9528,22.9705],[82.9545,22.9792],[82.9525,22.9821],[82.9519,22.9847],[82.9525,22.9912],[82.9536,22.9987],[82.9531,23.0013],[82.9493,23.0039],[82.9503,23.0069],[82.9507,23.0123],[82.9546,23.0107],[82.9574,23.0182],[82.9534,23.0203],[82.9531,23.0244],[82.9542,23.0261],[82.9643,23.0298],[82.9668,23.0323],[82.9677,23.0374],[82.9714,23.0377],[82.9766,23.0405],[82.983,23.0407],[82.9843,23.0431],[82.9839,23.0493],[82.983,23.0547],[82.9788,23.0623],[82.9773,23.0663],[82.9744,23.0677],[82.9714,23.0684],[82.9654,23.0713],[82.963,23.0747],[82.9641,23.079],[82.9662,23.0824],[82.9644,23.0861],[82.9604,23.0871],[82.9584,23.0892],[82.9566,23.0958],[82.95,23.0958],[82.9449,23.0925],[82.9426,23.0894],[82.9407,23.0893],[82.9397,23.0952],[82.938,23.0973],[82.9348,23.0974],[82.932,23.1008],[82.9302,23.1062],[82.926,23.1081],[82.9222,23.1108],[82.9238,23.1149],[82.9213,23.1151],[82.9187,23.117],[82.9137,23.1167],[82.8956,23.1093],[82.8858,23.1087],[82.8801,23.1094],[82.8638,23.1092],[82.8641,23.1065],[82.8624,23.1026],[82.86,23.1003],[82.8575,23.0955],[82.8555,23.0934],[82.8516,23.0839],[82.8527,23.0789],[82.849,23.0789],[82.842,23.0839],[82.841,23.0793],[82.8367,23.0795],[82.8365,23.0751],[82.8363,23.0659],[82.8409,23.063],[82.8466,23.0642],[82.8513,23.0663],[82.8614,23.0681],[82.8701,23.0706],[82.8798,23.0687],[82.884,23.0702],[82.8913,23.068],[82.8947,23.0683],[82.8948,23.0713],[82.9028,23.0702],[82.9026,23.0726],[82.9048,23.0745],[82.9047,23.0774],[82.9068,23.0791],[82.9123,23.0797],[82.9157,23.0813],[82.9199,23.0814],[82.924,23.0796],[82.9259,23.0773],[82.9246,23.0577],[82.925,23.0522],[82.9245,23.0473],[82.921,23.0421],[82.9079,23.0387],[82.9016,23.0382],[82.8994,23.037],[82.8982,23.0343],[82.9003,23.0336],[82.8992,23.0288],[82.8993,23.0258],[82.8951,23.027],[82.8912,23.0299],[82.8854,23.0273],[82.8827,23.0299],[82.8807,23.0265],[82.8748,23.024],[82.8726,23.022],[82.8667,23.0226],[82.8636,23.0219],[82.8605,23.0224],[82.8575,23.0199],[82.851,23.0171],[82.8404,23.0157],[82.831,23.0153],[82.8305,23.0079],[82.8348,23.0025],[82.8371,23.0031],[82.8463,23.0028],[82.8504,23.0017],[82.8534,22.9948],[82.8535,22.9919],[82.8522,22.987],[82.8505,22.9853],[82.8456,22.9778],[82.8414,22.9733],[82.836,22.9653],[82.8335,22.964],[82.8274,22.957],[82.8252,22.9526],[82.824,22.9451],[82.822,22.9407],[82.8141,22.9422],[82.8081,22.9438],[82.8064,22.9418],[82.7986,22.9421],[82.7957,22.9364],[82.7928,22.9327],[82.7937,22.9284],[82.7934,22.9229],[82.7913,22.9148],[82.7884,22.9099],[82.7889,22.9067],[82.7916,22.9014],[82.7932,22.8955],[82.7954,22.8917],[82.7954,22.8861],[82.7934,22.8829],[82.7924,22.8778],[82.7884,22.8703],[82.7803,22.8703],[82.7782,22.8683],[82.7741,22.8704],[82.7693,22.8748],[82.767,22.8739],[82.7698,22.8704],[82.7724,22.8633],[82.7691,22.855],[82.7642,22.8504],[82.7593,22.8469],[82.7558,22.8436],[82.7648,22.8325],[82.7622,22.8242],[82.7631,22.8202],[82.7598,22.8162],[82.7643,22.8104],[82.7646,22.8071],[82.7637,22.8026],[82.7584,22.7971],[82.7574,22.7955]]]},"properties":{"id":"in:subdistrict:3249","level":"subdistrict","name":"Udaypur","code":3249,"parent":"in:district:389","state":"in:state:22"}},{"type":"Feature","geometry":{"type":"Polygon","coordinates":[[[82.8269,23.0791],[82.8365,23.0751],[82.8367,23.0795],[82.841,23.0793],[82.842,23.0839],[82.849,23.0789],[82.8527,23.0789],[82.8516,23.0839],[82.8555,23.0934],[82.8575,23.0955],[82.86,23.1003],[82.8624,23.1026],[82.8641,23.1065],[82.8638,23.1092],[82.8801,23.1094],[82.8858,23.1087],[82.8956,23.1093],[82.9137,23.1167],[82.9187,23.117],[82.9213,23.1151],[82.9238,23.1149],[82.9222,23.1108],[82.926,23.1081],[82.9302,23.1062],[82.932,23.1008],[82.9348,23.0974],[82.938,23.0973],[82.9397,23.0952],[82.9407,23.0893],[82.9426,23.0894],[82.9449,23.0925],[82.95,23.0958],[82.9566,23.0958],[82.9584,23.0892],[82.9604,23.0871],[82.9644,23.0861],[82.9662,23.0824],[82.9641,23.079],[82.963,23.0747],[82.9654,23.0713],[82.9714,23.0684],[82.9744,23.0677],[82.9815,23.0726],[82.9897,23.0727],[82.9959,23.0709],[82.9989,23.0711],[82.9996,23.0742],[83.0068,23.0862],[83.0122,23.0936],[83.0165,23.0937],[83.02,23.0975],[83.0267,23.0979],[83.03,23.0982],[83.0316,23.0999],[83.0341,23.1047],[83.0315,23.1068],[83.0299,23.1122],[83.0303,23.1164],[83.0277,23.1251],[83.0311,23.1267],[83.0335,23.126],[83.038,23.1274],[83.0453,23.1276],[83.0499,23.1267],[83.0549,23.1271],[83.0625,23.1267],[83.0844,23.1274],[83.0878,23.1291],[83.1008,23.129],[83.1024,23.1297],[83.1089,23.1377],[83.1162,23.1376],[83.1234,23.1348],[83.1246,23.1282],[83.1237,23.1226],[83.1281,23.1086],[83.1317,23.1088],[83.1385,23.1066],[83.1472,23.1077],[83.1518,23.1089],[83.1535,23.1108],[83.1567,23.1279],[83.1543,23.1348],[83.1602,23.1351],[83.1596,23.1421],[83.1602,23.1437],[83.1594,23.1513],[83.1545,23.1525],[83.1512,23.1549],[83.1492,23.1584],[83.1594,23.1658],[83.1588,23.1666],[83.1449,23.1707],[83.1357,23.1742],[83.1328,23.1783],[83.1341,23.188],[83.136,23.2041],[83.1378,23.2142],[83.1434,23.216],[83.1458,23.215],[83.1529,23.2139],[83.1639,23.2149],[83.1661,23.216],[83.1641,23.2201],[83.1688,23.2209],[83.1722,23.2248],[83.1731,23.2282],[83.1754,23.2307],[83.1783,23.2316],[83.179,23.2299],[83.1764,23.219],[83.1767,23.2177],[83.1849,23.2138],[83.1924,23.2048],[83.1976,23.2091],[83.2013,23.2087],[83.2036,23.2114],[83.2088,23.214],[83.2127,23.2182],[83.2151,23.2223],[83.2173,23.2229],[83.2204,23.2187],[83.2237,23.218],[83.2269,23.2185],[83.2364,23.2185],[83.2384,23.2197],[83.243,23.22],[83.2435,23.2249],[83.2467,23.2312],[83.2472,23.2362],[83.2408,23.2347],[83.2338,23.234],[83.2222,23.2404],[83.2206,23.242],[83.2146,23.243],[83.2127,23.2451],[83.2077,23.2475],[83.2079,23.2497],[83.2058,23.2521],[83.2076,23.2547],[83.2069,23.2607],[83.2032,23.2634],[83.1988,23.2676],[83.1996,23.2701],[83.2023,23.2689],[83.2063,23.2651],[83.2068,23.2672],[83.2099,23.2677],[83.2102,23.2718],[83.2136,23.2929],[83.2137,23.2963],[83.2038,23.293],[83.1994,23.2946],[83.1964,23.2795],[83.196,23.2753],[83.193,23.2745],[83.1892,23.2768],[83.1815,23.2764],[83.1779,23.2774],[83.1754,23.2796],[83.1739,23.2839],[83.1703,23.2856],[83.1683,23.2888],[83.1684,23.2905],[83.1656,23.2944],[83.1616,23.3019],[83.1604,23.2958],[83.1571,23.2914],[83.1539,23.2899],[83.1514,23.2874],[83.1456,23.2919],[83.1421,23.2901],[83.1393,23.291],[83.1386,23.2945],[83.1438,23.2995],[83.1436,23.3022],[83.1406,23.3058],[83.1336,23.3079],[83.1283,23.3041],[83.122,23.3031],[83.1119,23.3076],[83.1112,23.3036],[83.1133,23.3007],[83.1123,23.2955],[83.1087,23.2894],[83.1083,23.2869],[83.1006,23.2847],[83.0989,23.2821],[83.0962,23.2819],[83.0941,23.2798],[83.0873,23.2787],[83.0852,23.2768],[83.0869,23.2737],[83.0835,23.2728],[83.0771,23.2733],[83.0758,23.2712],[83.0598,23.2669],[83.0556,23.2645],[83.0521,23.2639],[83.0516,23.2655],[83.0458,23.2637],[83.0413,23.2632],[83.0409,23.258],[83.0377,23.252],[83.0364,23.2509],[83.0297,23.2528],[83.0276,23.2544],[83.0214,23.2551],[83.0179,23.2547],[83.0111,23.2493],[83.0065,23.2499],[83.0032,23.2513],[82.9981,23.2511],[82.9904,23.2531],[82.9878,23.257],[82.9815,23.2591],[82.9786,23.2569],[82.9759,23.2578],[82.9745,23.26],[82.9756,23.2619],[82.9736,23.2634],[82.9692,23.271],[82.9646,23.2752],[82.9659,23.2829],[82.9669,23.2861],[82.9598,23.286],[82.9463,23.2869],[82.9367,23.2901],[82.9272,23.2896],[82.9196,23.29],[82.9172,23.2981],[82.9143,23.3053],[82.9078,23.3118],[82.9005,23.3167],[82.8964,23.3226],[82.8959,23.3282],[82.8845,23.3305],[82.8815,23.3307],[82.8752,23.3294],[82.869,23.325],[82.8692,23.3239],[82.8618,23.3235],[82.8571,23.3216],[82.8451,23.3208],[82.839,23.3196],[82.8325,23.3197],[82.8296,23.3187],[82.825,23.3188],[82.8225,23.3156],[82.824,23.3105],[82.8266,23.3065],[82.8261,23.3012],[82.8235,23.2973],[82.8229,23.2934],[82.8291,23.2921],[82.8322,23.2905],[82.8345,23.288],[82.834,23.2848],[82.8303,23.2817],[82.828,23.2763],[82.8313,23.2626],[82.8313,23.2601],[82.8336,23.254],[82.8307,23.2506],[82.8309,23.247],[82.8324,23.245],[82.83,23.238],[82.8301,23.2329],[82.8331,23.2298],[82.8275,23.2252],[82.8207,23.2231],[82.8159,23.2226],[82.8135,23.2234],[82.7988,23.2238],[82.7974,23.2213],[82.802,23.2203],[82.8046,23.215],[82.8044,23.2127],[82.8077,23.2115],[82.817,23.2116],[82.8208,23.2135],[82.8229,23.2136],[82.8239,23.2159],[82.8233,23.2186],[82.8272,23.2208],[82.8303,23.2184],[82.8323,23.2156],[82.8323,23.2124],[82.8384,23.2103],[82.8402,23.2078],[82.847,23.2051],[82.8509,23.2024],[82.8497,23.1991],[82.8502,23.195],[82.8476,23.1875],[82.8426,23.186],[82.838,23.1874],[82.8363,23.1857],[82.8354,23.1825],[82.8373,23.1801],[82.8406,23.1789],[82.8387,23.1759],[82.8361,23.1689],[82.8394,23.1612],[82.8435,23.162],[82.8461,23.1649],[82.8512,23.1624],[82.8507,23.1592],[82.8525,23.1543],[82.8488,23.1511],[82.847,23.1478],[82.8485,23.147],[82.8463,23.1419],[82.8469,23.1404],[82.8446,23.138],[82.8395,23.1382],[82.8396,23.1356],[82.8385,23.1297],[82.8384,23.1258],[82.8344,23.1198],[82.8293,23.118],[82.8261,23.1196],[82.8243,23.1172],[82.8204,23.1175],[82.8169,23.116],[82.8155,23.1135],[82.8134,23.1133],[82.8132,23.1105],[82.8201,23.1082],[82.8213,23.1105],[82.829,23.1121],[82.8312,23.1102],[82.8307,23.1064],[82.8235,23.1085],[82.822,23.1071],[82.8265,23.1029],[82.8247,23.1013],[82.8217,23.1012],[82.8207,23.0996],[82.8231,23.097],[82.8251,23.0983],[82.8296,23.0971],[82.8301,23.1002],[82.8376,23.1011],[82.8354,23.0957],[82.8378,23.0947],[82.8372,23.0916],[82.8339,23.0892],[82.8293,23.0879],[82.8255,23.0841],[82.8232,23.0805],[82.8269,23.0791]]]},"properties":{"id":"in:subdistrict:3242","level":"subdistrict","name":"Surajpur","code":3242,"parent":"in:district:648","state":"in:state:22"}},{"type":"Feature","geometry":{"type":"Polygon","coordinates":[[[82.7493,23.3531],[82.7505,23.351],[82.75,23.3472],[82.7539,23.341],[82.7535,23.3384],[82.7566,23.3344],[82.7545,23.329],[82.7519,23.3206],[82.755,23.3181],[82.756,23.3119],[82.7568,23.3026],[82.7559,23.2996],[82.7491,23.2979],[82.7466,23.2955],[82.7451,23.2914],[82.7456,23.2879],[82.7446,23.2832],[82.7459,23.2802],[82.746,23.2767],[82.744,23.2748],[82.7453,23.2706],[82.7444,23.2685],[82.7523,23.2661],[82.7564,23.2676],[82.7577,23.2637],[82.762,23.2635],[82.7657,23.2603],[82.7716,23.2602],[82.7721,23.2583],[82.7749,23.2623],[82.774,23.2689],[82.777,23.2707],[82.7775,23.2678],[82.783,23.2675],[82.7867,23.2686],[82.7935,23.2732],[82.7973,23.272],[82.7984,23.2729],[82.7981,23.2765],[82.8015,23.2754],[82.8049,23.2761],[82.8071,23.278],[82.8115,23.2778],[82.8137,23.2794],[82.828,23.2763],[82.8303,23.2817],[82.834,23.2848],[82.8345,23.288],[82.8322,23.2905],[82.8291,23.2921],[82.8229,23.2934],[82.8235,23.2973],[82.8261,23.3012],[82.8266,23.3065],[82.824,23.3105],[82.8225,23.3156],[82.825,23.3188],[82.8296,23.3187],[82.8325,23.3197],[82.839,23.3196],[82.8451,23.3208],[82.8571,23.3216],[82.8618,23.3235],[82.8692,23.3239],[82.869,23.325],[82.8752,23.3294],[82.8815,23.3307],[82.8845,23.3305],[82.8959,23.3282],[82.8964,23.3226],[82.9005,23.3167],[82.9078,23.3118],[82.9143,23.3053],[82.9172,23.2981],[82.9196,23.29],[82.9272,23.2896],[82.9367,23.2901],[82.9463,23.2869],[82.9598,23.286],[82.9669,23.2861],[82.9659,23.2829],[82.9646,23.2752],[82.9692,23.271],[82.9736,23.2634],[82.9756,23.2619],[82.9745,23.26],[82.9759,23.2578],[82.9786,23.2569],[82.9815,23.2591],[82.9878,23.257],[82.9904,23.2531],[82.9981,23.2511],[83.0032,23.2513],[83.0065,23.2499],[83.0111,23.2493],[83.0179,23.2547],[83.0214,23.2551],[83.0276,23.2544],[83.0297,23.2528],[83.0364,23.2509],[83.0377,23.252],[83.0409,23.258],[83.0413,23.2632],[83.0405,23.2646],[83.0364,23.2645],[83.0326,23.267],[83.0288,23.2676],[83.0301,23.2726],[83.0295,23.2755],[83.0298,23.2822],[83.0283,23.2829],[83.0266,23.2888],[83.0273,23.2918],[83.0299,23.2951],[83.0288,23.2999],[83.033,23.2999],[83.0354,23.3012],[83.0374,23.2981],[83.0486,23.3017],[83.0501,23.3],[83.0528,23.3007],[83.0562,23.2995],[83.0524,23.2952],[83.0569,23.2946],[83.0641,23.2971],[83.0669,23.2986],[83.0641,23.3035],[83.0654,23.3049],[83.0683,23.3029],[83.0701,23.3058],[83.0714,23.3132],[83.0692,23.3147],[83.0717,23.3223],[83.0667,23.3256],[83.0487,23.3367],[83.0343,23.346],[83.0303,23.3573],[83.0326,23.3657],[83.0321,23.3692],[83.0324,23.3761],[83.037,23.3767],[83.0407,23.3821],[83.0355,23.382],[83.0319,23.3889],[83.0298,23.3894],[83.0268,23.3938],[83.0277,23.3991],[83.0262,23.4036],[83.0225,23.4102],[83.0226,23.4125],[83.0132,23.4191],[83.0141,23.4203],[83.0178,23.4204],[83.0209,23.4218],[83.0232,23.4253],[83.0288,23.427],[83.0344,23.4255],[83.0415,23.4288],[83.0442,23.4273],[83.0492,23.4304],[83.0474,23.4347],[83.0506,23.4359],[83.0529,23.444],[83.0488,23.4441],[83.0454,23.4459],[83.0392,23.4548],[83.039,23.4589],[83.0356,23.4645],[83.0337,23.4628],[83.0223,23.4595],[83.01,23.4551],[83.0064,23.4501],[83.0038,23.4397],[82.9998,23.4315],[82.9918,23.4237],[82.9916,23.4156],[82.9928,23.4126],[82.9785,23.4038],[82.9732,23.406],[82.9663,23.4005],[82.9646,23.3965],[82.9592,23.3936],[82.9529,23.396],[82.9505,23.3996],[82.9503,23.4025],[82.9456,23.4014],[82.94,23.3958],[82.9382,23.3931],[82.931,23.3957],[82.9245,23.3958],[82.9198,23.3938],[82.9166,23.3896],[82.9125,23.3875],[82.9075,23.3936],[82.8989,23.3964],[82.8989,23.4017],[82.9059,23.4055],[82.9086,23.4101],[82.9144,23.4146],[82.9162,23.4229],[82.9074,23.4236],[82.9043,23.4211],[82.9009,23.4207],[82.8988,23.4185],[82.8953,23.4191],[82.8915,23.4175],[82.8876,23.4107],[82.8855,23.4108],[82.8819,23.4074],[82.8792,23.4069],[82.8764,23.4084],[82.878,23.4137],[82.8781,23.4168],[82.877,23.4233],[82.8637,23.4153],[82.8521,23.4141],[82.8486,23.4117],[82.8474,23.4151],[82.8468,23.4225],[82.84,23.4285],[82.8348,23.4305],[82.8272,23.437],[82.8257,23.439],[82.8254,23.4437],[82.8286,23.4498],[82.8298,23.4538],[82.8244,23.461],[82.8197,23.4649],[82.8164,23.4722],[82.8126,23.4708],[82.8081,23.4711],[82.8032,23.4727],[82.7975,23.4724],[82.7933,23.4701],[82.7925,23.4674],[82.7899,23.4648],[82.7851,23.4637],[82.7838,23.4649],[82.7796,23.4629],[82.7778,23.4631],[82.7736,23.4655],[82.7657,23.4663],[82.7608,23.4646],[82.7509,23.4631],[82.7512,23.4604],[82.7471,23.4591],[82.7404,23.4505],[82.738,23.451],[82.7491,23.4393],[82.7513,23.4357],[82.7523,23.4313],[82.7483,23.4282],[82.7448,23.4179],[82.7444,23.4129],[82.7488,23.4123],[82.7563,23.4055],[82.7575,23.4005],[82.762,23.3852],[82.765,23.3852],[82.7672,23.3879],[82.7729,23.3855],[82.7704,23.3825],[82.7673,23.3808],[82.7666,23.3758],[82.7649,23.3736],[82.7589,23.3717],[82.7553,23.3688],[82.7522,23.3676],[82.7501,23.3649],[82.755,23.363],[82.7554,23.3611],[82.7521,23.3595],[82.7493,23.3531]]]},"properties":{"id":"in:subdistrict:3244","level":"subdistrict","name":"Bhaiyathan","code":3244,"parent":"in:district:648","state":"in:state:22"}},{"type":"Feature","geometry":{"type":"Polygon","coordinates":[[[83.0356,23.4645],[83.039,23.4589],[83.0392,23.4548],[83.0454,23.4459],[83.0488,23.4441],[83.0529,23.444],[83.0506,23.4359],[83.0474,23.4347],[83.0492,23.4304],[83.0442,23.4273],[83.0415,23.4288],[83.0344,23.4255],[83.0288,23.427],[83.0232,23.4253],[83.0209,23.4218],[83.0178,23.4204],[83.0141,23.4203],[83.0132,23.4191],[83.0226,23.4125],[83.0225,23.4102],[83.0262,23.4036],[83.0277,23.3991],[83.0268,23.3938],[83.0298,23.3894],[83.0319,23.3889],[83.0355,23.382],[83.0407,23.3821],[83.037,23.3767],[83.0324,23.3761],[83.0321,23.3692],[83.0326,23.3657],[83.0303,23.3573],[83.0343,23.346],[83.0487,23.3367],[83.0667,23.3256],[83.0717,23.3223],[83.0692,23.3147],[83.0714,23.3132],[83.0701,23.3058],[83.0683,23.3029],[83.0654,23.3049],[83.0641,23.3035],[83.0669,23.2986],[83.0641,23.2971],[83.0569,23.2946],[83.0524,23.2952],[83.0562,23.2995],[83.0528,23.3007],[83.0501,23.3],[83.0486,23.3017],[83.0374,23.2981],[83.0354,23.3012],[83.033,23.2999],[83.0288,23.2999],[83.0299,23.2951],[83.0273,23.2918],[83.0266,23.2888],[83.0283,23.2829],[83.0298,23.2822],[83.0295,23.2755],[83.0301,23.2726],[83.0288,23.2676],[83.0326,23.267],[83.0364,23.2645],[83.0405,23.2646],[83.0413,23.2632],[83.0458,23.2637],[83.0516,23.2655],[83.0521,23.2639],[83.0556,23.2645],[83.0598,23.2669],[83.0758,23.2712],[83.0771,23.2733],[83.0835,23.2728],[83.0869,23.2737],[83.0852,23.2768],[83.0873,23.2787],[83.0941,23.2798],[83.0962,23.2819],[83.0989,23.2821],[83.1006,23.2847],[83.1083,23.2869],[83.1087,23.2894],[83.1123,23.2955],[83.1133,23.3007],[83.1112,23.3036],[83.1119,23.3076],[83.122,23.3031],[83.1283,23.3041],[83.1336,23.3079],[83.1406,23.3058],[83.1436,23.3022],[83.1438,23.2995],[83.1386,23.2945],[83.1393,23.291],[83.1421,23.2901],[83.1456,23.2919],[83.1514,23.2874],[83.1539,23.2899],[83.1571,23.2914],[83.1604,23.2958],[83.1616,23.3019],[83.1656,23.2944],[83.1684,23.2905],[83.1683,23.2888],[83.1703,23.2856],[83.1739,23.2839],[83.1754,23.2796],[83.1779,23.2774],[83.1815,23.2764],[83.1892,23.2768],[83.193,23.2745],[83.196,23.2753],[83.1964,23.2795],[83.1994,23.2946],[83.2038,23.293],[83.2137,23.2963],[83.2145,23.3],[83.2119,23.3043],[83.2093,23.3159],[83.206,23.3213],[83.2033,23.3223],[83.2052,23.325],[83.2044,23.337],[83.2028,23.3393],[83.2031,23.3452],[83.2047,23.3474],[83.2041,23.3512],[83.2052,23.3558],[83.2089,23.3595],[83.2069,23.3656],[83.2078,23.3692],[83.207,23.3769],[83.2164,23.3892],[83.2299,23.3947],[83.2319,23.4034],[83.2412,23.4052],[83.245,23.4017],[83.2481,23.3976],[83.2545,23.3953],[83.2576,23.3936],[83.26,23.3911],[83.2649,23.3891],[83.2691,23.3916],[83.2777,23.3894],[83.2824,23.3872],[83.297,23.3782],[83.3013,23.377],[83.3045,23.384],[83.3043,23.3887],[83.3068,23.3893],[83.3136,23.3838],[83.3195,23.3759],[83.3216,23.3745],[83.325,23.374],[83.3281,23.3747],[83.3328,23.3818],[83.3351,23.3878],[83.331,23.3924],[83.3316,23.3976],[83.3209,23.3972],[83.315,23.395],[83.3125,23.3991],[83.3064,23.4016],[83.3052,23.4042],[83.3057,23.4104],[83.3054,23.4142],[83.3067,23.418],[83.3064,23.4228],[83.3045,23.4295],[83.3118,23.4288],[83.31,23.4316],[83.3055,23.4331],[83.3013,23.4325],[83.2968,23.4297],[83.29,23.4293],[83.2855,23.4283],[83.2879,23.4347],[83.288,23.4393],[83.2949,23.4405],[83.2991,23.4367],[83.2993,23.4393],[83.3022,23.447],[83.3069,23.4469],[83.3078,23.4448],[83.3075,23.4401],[83.3105,23.4391],[83.319,23.4406],[83.3195,23.4439],[83.3259,23.4403],[83.337,23.4361],[83.3373,23.4322],[83.3428,23.4302],[83.3452,23.4274],[83.3508,23.4247],[83.358,23.4249],[83.3532,23.4278],[83.3542,23.4314],[83.3558,23.441],[83.3501,23.4406],[83.3474,23.4413],[83.3431,23.4393],[83.3409,23.4421],[83.3399,23.4457],[83.3413,23.4488],[83.3416,23.4526],[83.3401,23.4557],[83.3427,23.4608],[83.3443,23.4622],[83.3441,23.4649],[83.3404,23.468],[83.3361,23.466],[83.3335,23.4614],[83.3231,23.4619],[83.3216,23.463],[83.31,23.4634],[83.3067,23.4621],[83.3049,23.4581],[83.3028,23.4571],[83.2988,23.4572],[83.2936,23.4599],[83.2889,23.4605],[83.2824,23.4601],[83.2849,23.4643],[83.2897,23.4653],[83.2944,23.465],[83.2975,23.4638],[83.298,23.4662],[83.2958,23.4725],[83.2966,23.4767],[83.3007,23.4825],[83.3049,23.4861],[83.3025,23.4871],[83.3044,23.4916],[83.3024,23.4954],[83.3055,23.4998],[83.305,23.5038],[83.3112,23.5006],[83.3224,23.498],[83.3265,23.4992],[83.3324,23.4993],[83.3341,23.5006],[83.3394,23.5073],[83.3424,23.5152],[83.3416,23.5169],[83.3329,23.517],[83.3331,23.5237],[83.3267,23.5215],[83.3231,23.5209],[83.3199,23.5187],[83.3142,23.5203],[83.3092,23.5208],[83.3096,23.5153],[83.3061,23.5148],[83.304,23.5116],[83.298,23.5173],[83.2956,23.5182],[83.2889,23.5175],[83.2817,23.5158],[83.2774,23.5168],[83.2706,23.5154],[83.2664,23.5153],[83.2631,23.5167],[83.2553,23.516],[83.2481,23.5162],[83.2388,23.5155],[83.2385,23.5238],[83.2387,23.532],[83.2371,23.5417],[83.242,23.542],[83.2481,23.5433],[83.2512,23.5471],[83.2558,23.5475],[83.2633,23.549],[83.2692,23.551],[83.2725,23.5545],[83.2743,23.5589],[83.2785,23.5676],[83.2794,23.575],[83.2791,23.5774],[83.2728,23.5808],[83.2687,23.5803],[83.2581,23.5799],[83.2545,23.5807],[83.2515,23.5753],[83.2458,23.577],[83.238,23.5782],[83.228,23.5782],[83.2233,23.575],[83.2268,23.5712],[83.2288,23.5618],[83.2262,23.5623],[83.2157,23.5616],[83.213,23.5601],[83.2098,23.556],[83.207,23.5558],[83.201,23.5567],[83.2012,23.56],[83.2003,23.5688],[83.1992,23.5723],[83.2051,23.5777],[83.2105,23.5845],[83.2105,23.5894],[83.2087,23.5923],[83.2058,23.5922],[83.2003,23.5954],[83.2055,23.6014],[83.21,23.6053],[83.2119,23.6092],[83.2098,23.612],[83.202,23.612],[83.2023,23.6194],[83.2042,23.6268],[83.2064,23.6396],[83.2098,23.6541],[83.2081,23.658],[83.2015,23.6609],[83.2023,23.6674],[83.2014,23.6702],[83.2024,23.6833],[83.1994,23.6837],[83.1992,23.6867],[83.2042,23.6869],[83.2063,23.6917],[83.2056,23.694],[83.2102,23.6993],[83.2105,23.7079],[83.2127,23.7103],[83.2062,23.7228],[83.1963,23.7224],[83.1851,23.7117],[83.1815,23.7092],[83.1743,23.7092],[83.1636,23.7025],[83.1582,23.703],[83.151,23.7097],[83.1324,23.7095],[83.1221,23.7163],[83.1175,23.7187],[83.1133,23.7217],[83.1075,23.723],[83.1032,23.7289],[83.093,23.7291],[83.0877,23.7397],[83.0816,23.7505],[83.0747,23.7518],[83.0685,23.7547],[83.0659,23.7607],[83.0644,23.7689],[83.0661,23.7732],[83.0681,23.7745],[83.0738,23.7813],[83.0673,23.7849],[83.0644,23.7851],[83.0556,23.7812],[83.048,23.7793],[83.0397,23.7798],[83.0356,23.7789],[83.0307,23.7836],[83.0294,23.7874],[83.0302,23.7908],[83.0268,23.7992],[83.0234,23.8006],[83.021,23.8005],[83.0184,23.8024],[83.0131,23.8033],[83.01,23.8032],[83.0083,23.7957],[83.006,23.7935],[83.0024,23.7937],[82.9992,23.792],[82.9984,23.7891],[82.9997,23.7872],[82.9994,23.7838],[83.0009,23.779],[82.9981,23.7739],[82.9945,23.7713],[82.9941,23.7677],[82.9748,23.7701],[82.9677,23.7705],[82.9642,23.7675],[82.9585,23.7687],[82.9475,23.7669],[82.9317,23.7674],[82.9285,23.7683],[82.9199,23.7729],[82.9172,23.7765],[82.9142,23.7748],[82.9087,23.7738],[82.9074,23.7767],[82.9023,23.7823],[82.9037,23.7868],[82.9089,23.791],[82.9133,23.7901],[82.9162,23.7918],[82.9199,23.7955],[82.9202,23.799],[82.9159,23.8013],[82.912,23.801],[82.9072,23.7981],[82.9014,23.7967],[82.8966,23.7966],[82.8912,23.7956],[82.8882,23.7958],[82.8852,23.7989],[82.8834,23.799],[82.874,23.7972],[82.863,23.7982],[82.8598,23.7949],[82.861,23.7869],[82.8612,23.7825],[82.8591,23.7797],[82.8545,23.7716],[82.852,23.7683],[82.8592,23.7624],[82.8682,23.7546],[82.8727,23.7492],[82.8704,23.7423],[82.868,23.7414],[82.864,23.7421],[82.8594,23.7391],[82.8591,23.7364],[82.8534,23.7333],[82.8522,23.7313],[82.8486,23.7286],[82.8457,23.7248],[82.8474,23.7214],[82.845,23.7182],[82.842,23.7194],[82.8329,23.7207],[82.8281,23.7231],[82.8273,23.7259],[82.8222,23.7262],[82.8203,23.7254],[82.8173,23.7264],[82.8122,23.7247],[82.8093,23.7276],[82.8064,23.726],[82.8049,23.7238],[82.8057,23.7201],[82.8056,23.7143],[82.8112,23.7099],[82.8138,23.7087],[82.8187,23.7102],[82.8243,23.7107],[82.8283,23.7057],[82.8276,23.6993],[82.8328,23.6956],[82.835,23.6931],[82.8384,23.6909],[82.8434,23.6888],[82.8486,23.6881],[82.8552,23.6881],[82.8616,23.6835],[82.8633,23.6843],[82.8669,23.6828],[82.873,23.6819],[82.876,23.6837],[82.8802,23.6791],[82.8835,23.6738],[82.9,23.6754],[82.906,23.6729],[82.9029,23.6663],[82.908,23.6628],[82.914,23.6608],[82.9166,23.6572],[82.9187,23.6556],[82.9325,23.6559],[82.9406,23.6536],[82.9456,23.6507],[82.9532,23.6503],[82.9578,23.6519],[82.9634,23.653],[82.9644,23.6559],[82.9712,23.6602],[82.9739,23.6526],[82.9732,23.6487],[82.9745,23.6481],[82.9771,23.6442],[82.9797,23.6426],[82.9838,23.6419],[82.989,23.6393],[82.9945,23.6414],[82.997,23.6406],[83.0011,23.6418],[83.0061,23.6441],[83.0125,23.6432],[83.0169,23.636],[83.0212,23.6323],[83.0219,23.6265],[83.0253,23.6189],[83.0264,23.615],[83.0267,23.607],[83.0312,23.6046],[83.0299,23.6014],[83.036,23.5938],[83.0474,23.5936],[83.0524,23.5907],[83.0532,23.5865],[83.0514,23.5844],[83.0506,23.5809],[83.0528,23.5769],[83.0553,23.5698],[83.0558,23.5646],[83.053,23.5653],[83.0488,23.5628],[83.0458,23.5585],[83.0386,23.5566],[83.0338,23.5587],[83.0241,23.5574],[83.0192,23.5577],[83.014,23.5595],[83.0117,23.5594],[83.0087,23.5569],[83.0009,23.5539],[82.9981,23.5493],[83.0004,23.5478],[83.0041,23.5432],[83.0062,23.5395],[83.0094,23.5322],[83.0156,23.5257],[83.0171,23.5232],[83.0164,23.5143],[83.0238,23.5005],[83.0207,23.4903],[83.0167,23.4826],[83.0116,23.4766],[83.0163,23.475],[83.0246,23.4759],[83.029,23.4755],[83.0332,23.4728],[83.0345,23.4707],[83.0356,23.4645]]]},"properties":{"id":"in:subdistrict:3239","level":"subdistrict","name":"Pratappur","code":3239,"parent":"in:district:648","state":"in:state:22"}},{"type":"Feature","geometry":{"type":"Polygon","coordinates":[[[82.6931,23.9189],[82.6948,23.9145],[82.6945,23.9092],[82.6927,23.9054],[82.6941,23.9024],[82.7,23.897],[82.7015,23.8935],[82.7061,23.8907],[82.7169,23.8921],[82.725,23.8917],[82.7333,23.8921],[82.7371,23.8906],[82.7397,23.8871],[82.7412,23.8831],[82.7431,23.8812],[82.7522,23.8792],[82.7607,23.8788],[82.7705,23.8775],[82.7731,23.8714],[82.7734,23.867],[82.7783,23.8566],[82.7826,23.8413],[82.7828,23.832],[82.7808,23.8242],[82.7808,23.8206],[82.7818,23.8178],[82.7849,23.8151],[82.7941,23.815],[82.7994,23.8135],[82.8012,23.8179],[82.8092,23.8171],[82.8122,23.8162],[82.8172,23.8159],[82.8162,23.8115],[82.8171,23.8098],[82.8206,23.809],[82.8235,23.8097],[82.8255,23.8079],[82.829,23.801],[82.8338,23.7982],[82.8337,23.797],[82.8296,23.7912],[82.8312,23.7901],[82.8354,23.7906],[82.8365,23.7886],[82.835,23.7831],[82.8364,23.7802],[82.8438,23.7799],[82.8457,23.7787],[82.8449,23.7745],[82.842,23.7724],[82.8433,23.7682],[82.8482,23.7671],[82.852,23.7683],[82.8545,23.7716],[82.8591,23.7797],[82.8612,23.7825],[82.861,23.7869],[82.8598,23.7949],[82.863,23.7982],[82.874,23.7972],[82.8834,23.799],[82.8852,23.7989],[82.8882,23.7958],[82.8912,23.7956],[82.8966,23.7966],[82.9014,23.7967],[82.9072,23.7981],[82.912,23.801],[82.9159,23.8013],[82.9202,23.799],[82.9199,23.7955],[82.9162,23.7918],[82.9133,23.7901],[82.9089,23.791],[82.9037,23.7868],[82.9023,23.7823],[82.9074,23.7767],[82.9087,23.7738],[82.9142,23.7748],[82.9172,23.7765],[82.9199,23.7729],[82.9285,23.7683],[82.9317,23.7674],[82.9475,23.7669],[82.9585,23.7687],[82.9642,23.7675],[82.9677,23.7705],[82.9748,23.7701],[82.9941,23.7677],[82.9945,23.7713],[82.9981,23.7739],[83.0009,23.779],[82.9994,23.7838],[82.9997,23.7872],[82.9984,23.7891],[82.9992,23.792],[83.0024,23.7937],[83.006,23.7935],[83.0083,23.7957],[83.01,23.8032],[83.0131,23.8033],[83.0184,23.8024],[83.021,23.8005],[83.0234,23.8006],[83.0268,23.7992],[83.0302,23.7908],[83.0294,23.7874],[83.0307,23.7836],[83.0356,23.7789],[83.0397,23.7798],[83.048,23.7793],[83.0556,23.7812],[83.0644,23.7851],[83.0673,23.7849],[83.0738,23.7813],[83.0681,23.7745],[83.0661,23.7732],[83.0644,23.7689],[83.0659,23.7607],[83.0685,23.7547],[83.0747,23.7518],[83.0816,23.7505],[83.0877,23.7397],[83.093,23.7291],[83.1032,23.7289],[83.1075,23.723],[83.1133,23.7217],[83.1175,23.7187],[83.1221,23.7163],[83.1324,23.7095],[83.151,23.7097],[83.1582,23.703],[83.1636,23.7025],[83.1743,23.7092],[83.1815,23.7092],[83.1851,23.7117],[83.1963,23.7224],[83.2062,23.7228],[83.2127,23.7103],[83.2105,23.7079],[83.2102,23.6993],[83.2056,23.694],[83.2063,23.6917],[83.2042,23.6869],[83.1992,23.6867],[83.1994,23.6837],[83.2024,23.6833],[83.2014,23.6702],[83.2023,23.6674],[83.2015,23.6609],[83.2081,23.658],[83.2098,23.6541],[83.2064,23.6396],[83.2042,23.6268],[83.2023,23.6194],[83.202,23.612],[83.2098,23.612],[83.2119,23.6092],[83.21,23.6053],[83.2055,23.6014],[83.2003,23.5954],[83.2058,23.5922],[83.2087,23.5923],[83.2105,23.5894],[83.2105,23.5845],[83.2051,23.5777],[83.1992,23.5723],[83.2003,23.5688],[83.2012,23.56],[83.201,23.5567],[83.207,23.5558],[83.2098,23.556],[83.213,23.5601],[83.2157,23.5616],[83.2262,23.5623],[83.2288,23.5618],[83.2268,23.5712],[83.2233,23.575],[83.228,23.5782],[83.238,23.5782],[83.2458,23.577],[83.2515,23.5753],[83.2545,23.5807],[83.2581,23.5799],[83.2687,23.5803],[83.2728,23.5808],[83.2791,23.5774],[83.2794,23.575],[83.2785,23.5676],[83.2743,23.5589],[83.2803,23.5585],[83.2852,23.5569],[83.2939,23.5585],[83.3093,23.5621],[83.3162,23.5615],[83.3238,23.5634],[83.3265,23.5659],[83.3283,23.5718],[83.3298,23.5741],[83.3335,23.5754],[83.3366,23.5753],[83.3429,23.5723],[83.3453,23.5719],[83.3501,23.5737],[83.3554,23.5787],[83.3582,23.5823],[83.3645,23.583],[83.3685,23.5842],[83.3714,23.5833],[83.3758,23.5833],[83.3847,23.5856],[83.3876,23.588],[83.3885,23.5957],[83.3874,23.5966],[83.3869,23.6008],[83.3847,23.6029],[83.385,23.6082],[83.3826,23.6155],[83.3815,23.6168],[83.3801,23.6235],[83.3817,23.6283],[83.3817,23.6385],[83.3892,23.6404],[83.3983,23.6415],[83.3986,23.6482],[83.4028,23.6542],[83.4085,23.6579],[83.4111,23.6588],[83.4152,23.6587],[83.4193,23.6609],[83.4176,23.6648],[83.4168,23.6723],[83.4173,23.6788],[83.4196,23.6884],[83.4173,23.6916],[83.4144,23.6933],[83.4145,23.6978],[83.4161,23.7022],[83.4159,23.7057],[83.4131,23.7061],[83.3983,23.7161],[83.398,23.7191],[83.3911,23.7278],[83.3832,23.7288],[83.3773,23.7271],[83.366,23.7278],[83.3584,23.7273],[83.3572,23.736],[83.3565,23.7509],[83.3533,23.7522],[83.3627,23.7629],[83.3683,23.7685],[83.3686,23.7795],[83.3749,23.7822],[83.3811,23.7834],[83.3844,23.7847],[83.3868,23.7872],[83.3794,23.7899],[83.3703,23.7905],[83.3594,23.7918],[83.3516,23.7931],[83.3518,23.796],[83.3501,23.8],[83.3497,23.8075],[83.3519,23.8205],[83.3512,23.8227],[83.3522,23.833],[83.3516,23.839],[83.3533,23.8417],[83.3587,23.8451],[83.3678,23.8526],[83.3691,23.8576],[83.3672,23.8667],[83.368,23.871],[83.3722,23.8779],[83.3743,23.8835],[83.373,23.8848],[83.365,23.8876],[83.3656,23.8907],[83.3635,23.8933],[83.3576,23.8966],[83.35,23.897],[83.345,23.8987],[83.335,23.9007],[83.3313,23.9006],[83.3237,23.8994],[83.3185,23.8969],[83.3137,23.8955],[83.3097,23.893],[83.2981,23.889],[83.2879,23.884],[83.2795,23.8811],[83.2723,23.8811],[83.2721,23.8863],[83.2631,23.8868],[83.2588,23.8847],[83.2516,23.8849],[83.2503,23.884],[83.2505,23.8805],[83.2537,23.8791],[83.2569,23.8792],[83.255,23.8747],[83.2515,23.8754],[83.2476,23.875],[83.2444,23.8719],[83.2389,23.8695],[83.2262,23.8661],[83.2187,23.8657],[83.218,23.8759],[83.2157,23.8766],[83.2123,23.8803],[83.2123,23.8856],[83.2094,23.8858],[83.2043,23.8905],[83.2076,23.8928],[83.2102,23.8934],[83.2096,23.8963],[83.2149,23.8981],[83.2173,23.901],[83.2186,23.9045],[83.2216,23.9072],[83.2198,23.9116],[83.2178,23.9134],[83.2126,23.9127],[83.2105,23.9191],[83.2069,23.9185],[83.2063,23.9201],[83.1984,23.9141],[83.1941,23.9148],[83.1932,23.9169],[83.1898,23.9173],[83.1887,23.915],[83.1813,23.9151],[83.1783,23.9122],[83.1754,23.9125],[83.1722,23.91],[83.1717,23.9081],[83.1648,23.9077],[83.163,23.9087],[83.159,23.907],[83.1583,23.9057],[83.1542,23.904],[83.1528,23.8995],[83.1538,23.8967],[83.1482,23.8933],[83.1476,23.889],[83.1415,23.8849],[83.1369,23.8847],[83.1257,23.8828],[83.1176,23.8804],[83.1117,23.8791],[83.1042,23.8756],[83.0978,23.8732],[83.0914,23.8715],[83.0819,23.8705],[83.075,23.8701],[83.0719,23.8739],[83.0666,23.8743],[83.0621,23.8739],[83.0611,23.8754],[83.0543,23.8793],[83.0525,23.8795],[83.04,23.8786],[83.0353,23.8796],[83.0256,23.879],[83.0187,23.8795],[83.0106,23.8777],[83.0012,23.8768],[83.0016,23.8736],[82.996,23.8725],[82.9889,23.874],[82.9809,23.874],[82.9762,23.872],[82.9695,23.872],[82.9598,23.8709],[82.9543,23.8708],[82.9467,23.872],[82.9437,23.8745],[82.9366,23.8771],[82.9348,23.882],[82.9307,23.8895],[82.9257,23.8932],[82.9236,23.8932],[82.9165,23.8953],[82.9117,23.8975],[82.9052,23.8979],[82.8994,23.9008],[82.8894,23.9072],[82.8847,23.9088],[82.8773,23.9178],[82.8738,23.9194],[82.8667,23.9247],[82.8643,23.9283],[82.8637,23.9328],[82.8611,23.9389],[82.8583,23.9393],[82.8533,23.9455],[82.8486,23.9454],[82.8461,23.9479],[82.8411,23.9507],[82.837,23.9568],[82.8336,23.9575],[82.8276,23.9622],[82.8126,23.9599],[82.8056,23.9596],[82.8013,23.961],[82.7989,23.9546],[82.7986,23.9512],[82.79,23.946],[82.787,23.9416],[82.7782,23.9371],[82.7751,23.9365],[82.7703,23.937],[82.7632,23.9348],[82.759,23.9348],[82.7555,23.9338],[82.7562,23.9263],[82.7553,23.9217],[82.7524,23.9198],[82.7481,23.9193],[82.7459,23.92],[82.7342,23.9199],[82.7333,23.9212],[82.7217,23.9216],[82.715,23.9214],[82.7108,23.9237],[82.7035,23.9245],[82.7011,23.9216],[82.6973,23.9196],[82.6931,23.9189]]]},"properties":{"id":"in:subdistrict:3238","level":"subdistrict","name":"Wadrafnagar","code":3238,"parent":"in:district:649","state":"in:state:22"}},{"type":"Feature","geometry":{"type":"Polygon","coordinates":[[[83.712,23.8012],[83.7055,23.8034],[83.7044,23.8066],[83.7074,23.8138],[83.7076,23.8174],[83.7053,23.8208],[83.7026,23.823],[83.6915,23.8264],[83.6887,23.8256],[83.6841,23.8194],[83.6822,23.8195],[83.678,23.8225],[83.6766,23.8254],[83.6743,23.8272],[83.6648,23.8275],[83.6633,23.83],[83.6639,23.8323],[83.6685,23.8367],[83.6666,23.8443],[83.6615,23.8484],[83.6561,23.8499],[83.6518,23.849],[83.6463,23.8468],[83.6414,23.8474],[83.6348,23.8497],[83.6308,23.8504],[83.6228,23.8532],[83.6174,23.8556],[83.6122,23.8538],[83.6089,23.8545],[83.6058,23.8565],[83.6003,23.8584],[83.5915,23.8628],[83.5858,23.8639],[83.5785,23.8626],[83.5747,23.8612],[83.5712,23.8621],[83.5689,23.8667],[83.5707,23.8706],[83.5744,23.8733],[83.5809,23.8754],[83.5842,23.8786],[83.586,23.8826],[83.5854,23.8871],[83.5791,23.8919],[83.5704,23.8945],[83.5629,23.8926],[83.5579,23.8934],[83.5547,23.8956],[83.5534,23.8981],[83.5493,23.9097],[83.5469,23.9143],[83.5476,23.9215],[83.5489,23.9269],[83.5489,23.9339],[83.546,23.9395],[83.5418,23.9429],[83.537,23.9507],[83.5344,23.9534],[83.5284,23.9582],[83.5245,23.9642],[83.5226,23.9703],[83.5175,23.9759],[83.5152,23.9815],[83.5155,23.99],[83.5138,23.9964],[83.5164,24.0005],[83.52,24.003],[83.5229,24.0064],[83.5239,24.0123],[83.5218,24.016],[83.5164,24.022],[83.516,24.0251],[83.5162,24.0267],[83.5083,24.0312],[83.4998,24.0326],[83.4935,24.0363],[83.4778,24.0412],[83.4706,24.042],[83.461,24.0415],[83.4529,24.042],[83.4506,24.0438],[83.4479,24.049],[83.4449,24.0528],[83.442,24.0538],[83.4378,24.0582],[83.4368,24.0628],[83.4383,24.0672],[83.4386,24.0714],[83.4373,24.0779],[83.4347,24.0835],[83.4322,24.086],[83.4267,24.0865],[83.4212,24.0827],[83.4066,24.0804],[83.4049,24.0818],[83.403,24.0857],[83.4011,24.092],[83.3981,24.0943],[83.3883,24.1],[83.383,24.1001],[83.3642,24.1033],[83.3608,24.1015],[83.3545,24.1002],[83.3493,24.0963],[83.3422,24.0985],[83.3362,24.0988],[83.3294,24.1013],[83.327,24.1024],[83.3228,24.1063],[83.3192,24.1026],[83.3179,24.0966],[83.3147,24.091],[83.3111,24.088],[83.3098,24.0847],[83.3056,24.0796],[83.2995,24.0777],[83.2973,24.0741],[83.2947,24.0717],[83.2935,24.0679],[83.2901,24.0624],[83.2874,24.0551],[83.2821,24.0497],[83.2821,24.0459],[83.284,24.0395],[83.2828,24.0288],[83.2791,24.0183],[83.275,24.0192],[83.2728,24.0182],[83.2636,24.0092],[83.2598,24.0095],[83.2577,24.0131],[83.2552,24.0145],[83.2497,24.0146],[83.2426,24.0116],[83.2411,24.0053],[83.2425,23.9976],[83.2402,23.9963],[83.2346,23.9964],[83.2313,23.9935],[83.2315,23.9902],[83.2291,23.9878],[83.224,23.987],[83.2242,23.9826],[83.2268,23.9787],[83.2265,23.9769],[83.2213,23.9744],[83.219,23.9718],[83.2186,23.969],[83.2228,23.9622],[83.2231,23.9581],[83.2199,23.9527],[83.2198,23.9486],[83.2165,23.9469],[83.2153,23.9448],[83.2164,23.9391],[83.2128,23.9365],[83.2085,23.9306],[83.204,23.9291],[83.2041,23.9273],[83.2072,23.9252],[83.2082,23.923],[83.2063,23.9201],[83.2069,23.9185],[83.2105,23.9191],[83.2126,23.9127],[83.2178,23.9134],[83.2198,23.9116],[83.2216,23.9072],[83.2186,23.9045],[83.2173,23.901],[83.2149,23.8981],[83.2096,23.8963],[83.2102,23.8934],[83.2076,23.8928],[83.2043,23.8905],[83.2094,23.8858],[83.2123,23.8856],[83.2123,23.8803],[83.2157,23.8766],[83.218,23.8759],[83.2187,23.8657],[83.2262,23.8661],[83.2389,23.8695],[83.2444,23.8719],[83.2476,23.875],[83.2515,23.8754],[83.255,23.8747],[83.2569,23.8792],[83.2537,23.8791],[83.2505,23.8805],[83.2503,23.884],[83.2516,23.8849],[83.2588,23.8847],[83.2631,23.8868],[83.2721,23.8863],[83.2723,23.8811],[83.2795,23.8811],[83.2879,23.884],[83.2981,23.889],[83.3097,23.893],[83.3137,23.8955],[83.3185,23.8969],[83.3237,23.8994],[83.3313,23.9006],[83.335,23.9007],[83.345,23.8987],[83.35,23.897],[83.3576,23.8966],[83.3635,23.8933],[83.3656,23.8907],[83.365,23.8876],[83.373,23.8848],[83.3743,23.8835],[83.3722,23.8779],[83.368,23.871],[83.3672,23.8667],[83.3691,23.8576],[83.3678,23.8526],[83.3587,23.8451],[83.3533,23.8417],[83.3516,23.839],[83.3522,23.833],[83.3512,23.8227],[83.3519,23.8205],[83.3497,23.8075],[83.3501,23.8],[83.3518,23.796],[83.3516,23.7931],[83.3594,23.7918],[83.3703,23.7905],[83.3794,23.7899],[83.3868,23.7872],[83.3844,23.7847],[83.3811,23.7834],[83.3749,23.7822],[83.3686,23.7795],[83.3683,23.7685],[83.3627,23.7629],[83.3533,23.7522],[83.3565,23.7509],[83.3668,23.7543],[83.3793,23.7561],[83.3926,23.7606],[83.4006,23.7616],[83.4056,23.7633],[83.4094,23.7638],[83.4283,23.7624],[83.4385,23.7621],[83.4562,23.7581],[83.4762,23.7496],[83.4977,23.7431],[83.5061,23.7375],[83.5141,23.7313],[83.5182,23.7314],[83.5257,23.737],[83.5341,23.7399],[83.5378,23.7418],[83.5491,23.752],[83.5547,23.7489],[83.5538,23.7462],[83.5542,23.7434],[83.5584,23.737],[83.5573,23.733],[83.5581,23.729],[83.5564,23.7251],[83.5539,23.7233],[83.5511,23.7174],[83.5483,23.7149],[83.5396,23.7101],[83.5413,23.7053],[83.5472,23.7034],[83.556,23.7018],[83.5612,23.6999],[83.5665,23.6942],[83.5689,23.6935],[83.5712,23.7028],[83.5782,23.7045],[83.5827,23.704],[83.589,23.7012],[83.5946,23.6994],[83.6052,23.7013],[83.6117,23.7003],[83.623,23.6994],[83.6291,23.6984],[83.6337,23.6941],[83.6409,23.6925],[83.6444,23.6869],[83.6492,23.6905],[83.6519,23.6915],[83.6568,23.6909],[83.6623,23.6881],[83.6695,23.6823],[83.6769,23.6859],[83.6832,23.6866],[83.6956,23.6809],[83.705,23.6788],[83.7081,23.6798],[83.7171,23.6811],[83.7255,23.6816],[83.7236,23.6839],[83.7227,23.6871],[83.7249,23.6907],[83.7321,23.695],[83.7351,23.7003],[83.741,23.7026],[83.7441,23.7087],[83.746,23.717],[83.7461,23.7195],[83.7401,23.7324],[83.7392,23.7368],[83.7391,23.7492],[83.7377,23.7605],[83.7355,23.7636],[83.7306,23.7667],[83.7243,23.7687],[83.7213,23.7724],[83.7211,23.7753],[83.7231,23.7837],[83.722,23.788],[83.718,23.7931],[83.7136,23.7997],[83.712,23.8012]]]},"properties":{"id":"in:subdistrict:3236","level":"subdistrict","name":"Ramanujganj","code":3236,"parent":"in:district:649","state":"in:state:22"}},{"type":"Feature","geometry":{"type":"Polygon","coordinates":[[[83.3516,21.4576],[83.3503,21.463],[83.3473,21.4689],[83.3457,21.4792],[83.3472,21.4848],[83.3466,21.4901],[83.3413,21.4942],[83.3384,21.4992],[83.3379,21.5021],[83.343,21.5097],[83.3496,21.5126],[83.3516,21.5173],[83.352,21.5211],[83.3571,21.5281],[83.3573,21.5347],[83.3599,21.5404],[83.3601,21.5428],[83.3644,21.5469],[83.3659,21.5502],[83.3689,21.5517],[83.3692,21.5552],[83.3729,21.5579],[83.3703,21.5591],[83.3722,21.5627],[83.3699,21.5681],[83.3676,21.5686],[83.3666,21.5745],[83.3651,21.5762],[83.3663,21.5806],[83.3689,21.585],[83.3674,21.5859],[83.3688,21.5888],[83.3679,21.5919],[83.3705,21.5948],[83.37,21.5964],[83.3665,21.5951],[83.3633,21.5914],[83.3598,21.5896],[83.3597,21.5871],[83.3543,21.5894],[83.348,21.597],[83.3461,21.5965],[83.3414,21.5973],[83.3378,21.5966],[83.3376,21.5998],[83.3299,21.6003],[83.3242,21.5995],[83.3208,21.6013],[83.3166,21.6003],[83.3157,21.5984],[83.3129,21.5983],[83.3117,21.6],[83.3056,21.5983],[83.3024,21.5946],[83.3,21.5937],[83.299,21.6005],[83.2951,21.5982],[83.2897,21.5968],[83.2864,21.5918],[83.2829,21.5929],[83.2841,21.5953],[83.2818,21.5966],[83.2786,21.6057],[83.2715,21.6059],[83.2675,21.6053],[83.2679,21.5982],[83.2659,21.5908],[83.2652,21.5847],[83.2646,21.5732],[83.2706,21.5727],[83.2747,21.5701],[83.2737,21.5675],[83.2735,21.5608],[83.2655,21.5637],[83.2615,21.5638],[83.259,21.562],[83.2556,21.5632],[83.2523,21.5667],[83.2484,21.5679],[83.2437,21.5661],[83.2402,21.5678],[83.2411,21.5768],[83.2377,21.5805],[83.2389,21.5887],[83.2356,21.5909],[83.2174,21.5957],[83.2019,21.5953],[83.1977,21.5889],[83.1984,21.5873],[83.1976,21.5817],[83.1957,21.58],[83.1948,21.5766],[83.1938,21.5659],[83.1939,21.5582],[83.1985,21.5575],[83.2045,21.5581],[83.2018,21.553],[83.2017,21.5466],[83.1993,21.5431],[83.1981,21.5392],[83.198,21.531],[83.1988,21.5248],[83.1998,21.5099],[83.1991,21.5049],[83.2042,21.5006],[83.2073,21.4937],[83.2049,21.4853],[83.2042,21.4806],[83.2062,21.4792],[83.2062,21.4718],[83.2056,21.4682],[83.2094,21.4688],[83.2245,21.474],[83.2243,21.4683],[83.2221,21.4648],[83.2194,21.4583],[83.2192,21.4507],[83.2173,21.444],[83.2186,21.4376],[83.2174,21.4365],[83.2123,21.424],[83.2077,21.4184],[83.2116,21.4165],[83.2194,21.4155],[83.2204,21.4136],[83.2203,21.4075],[83.216,21.3985],[83.2157,21.3959],[83.2181,21.3952],[83.2202,21.3923],[83.2219,21.3858],[83.2218,21.3832],[83.2273,21.3832],[83.2336,21.3825],[83.2363,21.3815],[83.2443,21.3834],[83.2605,21.3809],[83.2687,21.3786],[83.2725,21.3798],[83.2841,21.3803],[83.2861,21.3776],[83.3011,21.3743],[83.3119,21.3705],[83.3146,21.3676],[83.3201,21.3656],[83.323,21.3624],[83.3304,21.3618],[83.3371,21.3603],[83.3449,21.358],[83.3475,21.3558],[83.3543,21.3544],[83.3564,21.3526],[83.3667,21.3495],[83.3696,21.3468],[83.3755,21.3463],[83.3797,21.3447],[83.3822,21.3463],[83.3852,21.3463],[83.3902,21.3428],[83.3941,21.3446],[83.4,21.3464],[83.4026,21.3498],[83.4069,21.3516],[83.4086,21.3591],[83.4078,21.3616],[83.4008,21.3638],[83.3978,21.366],[83.3972,21.3696],[83.3999,21.3733],[83.4005,21.3759],[83.3987,21.3827],[83.3977,21.3837],[83.3972,21.388],[83.399,21.3962],[83.3984,21.3987],[83.3989,21.4053],[83.396,21.4059],[83.3929,21.4082],[83.3909,21.4114],[83.3853,21.4154],[83.3837,21.4186],[83.3814,21.4205],[83.3786,21.4247],[83.3782,21.4268],[83.3759,21.4281],[83.3757,21.4323],[83.3743,21.435],[83.3714,21.4368],[83.3738,21.4411],[83.3725,21.4434],[83.3669,21.4456],[83.3622,21.4458],[83.3588,21.4475],[83.3544,21.4481],[83.3516,21.4576]]]},"properties":{"id":"in:subdistrict:3271","level":"subdistrict","name":"Baramkela","code":3271,"parent":"in:district:763","state":"in:state:22"}},{"type":"Feature","geometry":{"type":"Polygon","coordinates":[[[83.4187,21.6807],[83.4145,21.6803],[83.4074,21.6814],[83.3974,21.6842],[83.3775,21.6849],[83.3671,21.6869],[83.3637,21.6867],[83.355,21.6844],[83.3485,21.6837],[83.342,21.6815],[83.3349,21.6821],[83.3233,21.6814],[83.3162,21.682],[83.3102,21.6824],[83.3034,21.6814],[83.2895,21.6851],[83.2783,21.6866],[83.264,21.6915],[83.2575,21.6942],[83.248,21.6955],[83.2394,21.7005],[83.2326,21.7018],[83.2308,21.6977],[83.2253,21.6975],[83.2181,21.6957],[83.2185,21.6944],[83.2113,21.6903],[83.2102,21.6854],[83.2109,21.6814],[83.2136,21.6735],[83.2135,21.6715],[83.2164,21.6704],[83.216,21.6655],[83.2214,21.6633],[83.2217,21.6589],[83.2194,21.6546],[83.2176,21.6463],[83.2136,21.6383],[83.2169,21.6372],[83.2099,21.6261],[83.2145,21.6218],[83.2111,21.6144],[83.2084,21.606],[83.2041,21.5982],[83.2019,21.5953],[83.2174,21.5957],[83.2356,21.5909],[83.2389,21.5887],[83.2377,21.5805],[83.2411,21.5768],[83.2402,21.5678],[83.2437,21.5661],[83.2484,21.5679],[83.2523,21.5667],[83.2556,21.5632],[83.259,21.562],[83.2615,21.5638],[83.2655,21.5637],[83.2735,21.5608],[83.2737,21.5675],[83.2747,21.5701],[83.2706,21.5727],[83.2646,21.5732],[83.2652,21.5847],[83.2659,21.5908],[83.2679,21.5982],[83.2675,21.6053],[83.2715,21.6059],[83.2786,21.6057],[83.2818,21.5966],[83.2841,21.5953],[83.2829,21.5929],[83.2864,21.5918],[83.2897,21.5968],[83.2951,21.5982],[83.299,21.6005],[83.3,21.5937],[83.3024,21.5946],[83.3056,21.5983],[83.3117,21.6],[83.3129,21.5983],[83.3157,21.5984],[83.3166,21.6003],[83.3208,21.6013],[83.3242,21.5995],[83.3299,21.6003],[83.3376,21.5998],[83.3378,21.5966],[83.3414,21.5973],[83.3461,21.5965],[83.348,21.597],[83.3543,21.5894],[83.3597,21.5871],[83.3598,21.5896],[83.3633,21.5914],[83.3665,21.5951],[83.37,21.5964],[83.3697,21.6005],[83.3772,21.607],[83.3801,21.6081],[83.383,21.6143],[83.3822,21.6193],[83.3844,21.6204],[83.3874,21.6175],[83.39,21.6185],[83.3904,21.6226],[83.3927,21.6274],[83.3956,21.6271],[83.3989,21.6297],[83.4038,21.6312],[83.4099,21.6377],[83.4129,21.6388],[83.4155,21.641],[83.4241,21.642],[83.4276,21.6435],[83.4286,21.647],[83.4331,21.65],[83.4355,21.6506],[83.4424,21.6553],[83.446,21.6541],[83.4507,21.6506],[83.4476,21.6432],[83.4454,21.6416],[83.4447,21.6373],[83.4435,21.6354],[83.443,21.6313],[83.4445,21.6306],[83.4449,21.6257],[83.4442,21.6238],[83.4505,21.6221],[83.4525,21.6224],[83.4523,21.6127],[83.4551,21.6124],[83.4561,21.61],[83.4592,21.6095],[83.461,21.6078],[83.4665,21.6099],[83.468,21.6127],[83.4699,21.6215],[83.4716,21.6256],[83.4735,21.6274],[83.4736,21.6325],[83.4772,21.6312],[83.4883,21.6301],[83.4896,21.6315],[83.4895,21.6349],[83.4915,21.6384],[83.487,21.6401],[83.4866,21.6441],[83.4847,21.6444],[83.4686,21.6492],[83.4597,21.6534],[83.4509,21.6563],[83.4448,21.6593],[83.4406,21.6632],[83.4353,21.6706],[83.4278,21.6767],[83.4187,21.6807]]]},"properties":{"id":"in:subdistrict:7240","level":"subdistrict","name":"Sariya","code":7240,"parent":"in:district:763","state":"in:state:22"}},{"type":"Feature","geometry":{"type":"Polygon","coordinates":[[[83.2371,21.7904],[83.2359,21.7869],[83.2355,21.7782],[83.2365,21.7733],[83.2428,21.7622],[83.2456,21.7544],[83.2457,21.7511],[83.2583,21.7508],[83.2664,21.7407],[83.2665,21.735],[83.2641,21.7327],[83.2611,21.7316],[83.2609,21.7291],[83.2588,21.7273],[83.2644,21.7253],[83.2632,21.7232],[83.2648,21.7148],[83.2682,21.7144],[83.2703,21.712],[83.2771,21.7108],[83.2822,21.708],[83.2881,21.7077],[83.2952,21.7058],[83.3088,21.7054],[83.309,21.7018],[83.3123,21.6984],[83.3155,21.6978],[83.3156,21.6946],[83.3171,21.6916],[83.3162,21.682],[83.3233,21.6814],[83.3349,21.6821],[83.342,21.6815],[83.3485,21.6837],[83.355,21.6844],[83.3637,21.6867],[83.3671,21.6869],[83.3775,21.6849],[83.3974,21.6842],[83.4074,21.6814],[83.4145,21.6803],[83.4187,21.6807],[83.4256,21.6937],[83.4284,21.6942],[83.4316,21.6999],[83.4408,21.6989],[83.4442,21.6975],[83.4522,21.6955],[83.4593,21.6985],[83.4591,21.6998],[83.4611,21.7091],[83.4676,21.715],[83.4689,21.7155],[83.4734,21.7206],[83.4745,21.7241],[83.4778,21.7295],[83.4813,21.7311],[83.4802,21.7335],[83.4834,21.7392],[83.4852,21.7452],[83.4894,21.7459],[83.4874,21.749],[83.4846,21.7501],[83.4767,21.7517],[83.476,21.7534],[83.4772,21.7565],[83.4816,21.7624],[83.4822,21.7656],[83.4796,21.7705],[83.4778,21.7772],[83.4762,21.7808],[83.4734,21.7841],[83.4718,21.7877],[83.4755,21.7913],[83.4776,21.7908],[83.4819,21.7927],[83.4862,21.7977],[83.4874,21.8022],[83.4878,21.8073],[83.4915,21.8098],[83.4937,21.813],[83.4935,21.8161],[83.4921,21.8176],[83.4886,21.8178],[83.4871,21.8199],[83.4829,21.8204],[83.4711,21.8285],[83.4668,21.8378],[83.467,21.8409],[83.4639,21.8422],[83.4644,21.8522],[83.4572,21.8543],[83.4469,21.8606],[83.4445,21.8638],[83.4426,21.8647],[83.4394,21.8683],[83.439,21.8719],[83.4335,21.8752],[83.4287,21.871],[83.4293,21.8687],[83.4321,21.8645],[83.43,21.8627],[83.423,21.8656],[83.4202,21.8698],[83.4168,21.8719],[83.409,21.8728],[83.407,21.8746],[83.4029,21.8683],[83.4008,21.8683],[83.398,21.866],[83.3961,21.8762],[83.393,21.8767],[83.3906,21.8785],[83.3863,21.878],[83.3831,21.8701],[83.3784,21.87],[83.3723,21.8679],[83.3707,21.8648],[83.3713,21.8594],[83.3693,21.8547],[83.3704,21.8495],[83.3703,21.8465],[83.367,21.846],[83.3589,21.8464],[83.3482,21.8487],[83.3444,21.848],[83.3407,21.85],[83.3341,21.8516],[83.3311,21.8505],[83.3267,21.8504],[83.3207,21.8554],[83.3198,21.8573],[83.3127,21.8587],[83.3064,21.854],[83.3037,21.8565],[83.299,21.8593],[83.2938,21.8543],[83.2901,21.8536],[83.288,21.8544],[83.2852,21.8592],[83.2829,21.8584],[83.278,21.8585],[83.2763,21.8559],[83.2701,21.8557],[83.2661,21.8541],[83.2638,21.8514],[83.2603,21.8504],[83.2563,21.8503],[83.2504,21.8392],[83.2465,21.8297],[83.2448,21.8225],[83.2436,21.8131],[83.2421,21.8053],[83.2378,21.7939],[83.2371,21.7904]]]},"properties":{"id":"in:subdistrict:3268","level":"subdistrict","name":"Pusour","code":3268,"parent":"in:district:386","state":"in:state:22"}},{"type":"Feature","geometry":{"type":"Polygon","coordinates":[[[83.0692,21.898],[83.0692,21.8961],[83.0713,21.8911],[83.078,21.8825],[83.0823,21.8814],[83.0798,21.877],[83.0755,21.8653],[83.0693,21.8679],[83.0637,21.8712],[83.0594,21.8756],[83.0582,21.8784],[83.0536,21.8818],[83.0516,21.8817],[83.0464,21.8773],[83.0454,21.8718],[83.047,21.8663],[83.0511,21.8611],[83.0552,21.8549],[83.0623,21.85],[83.0594,21.8462],[83.0552,21.8458],[83.0533,21.844],[83.0511,21.844],[83.0475,21.8354],[83.0434,21.835],[83.0427,21.8329],[83.0359,21.8299],[83.0343,21.8281],[83.0303,21.8267],[83.0284,21.8217],[83.0298,21.8186],[83.0286,21.8163],[83.0296,21.8139],[83.0282,21.812],[83.029,21.8094],[83.0317,21.8069],[83.0311,21.8049],[83.0279,21.8028],[83.0248,21.7979],[83.0175,21.7944],[83.0097,21.7868],[83.0086,21.7834],[83.0096,21.7802],[83.0103,21.7735],[83.013,21.769],[83.0124,21.7622],[83.0112,21.7591],[83.0133,21.7549],[83.0147,21.7487],[83.0144,21.744],[83.0132,21.7403],[83.021,21.7427],[83.0284,21.7434],[83.0344,21.7431],[83.045,21.7397],[83.0557,21.7338],[83.0641,21.7278],[83.075,21.719],[83.0812,21.7157],[83.0937,21.718],[83.108,21.7191],[83.115,21.7204],[83.1276,21.7204],[83.1453,21.7184],[83.156,21.7179],[83.1614,21.7185],[83.171,21.7182],[83.1746,21.7175],[83.1833,21.714],[83.1964,21.7131],[83.2052,21.7103],[83.2141,21.7068],[83.22,21.7067],[83.2258,21.7045],[83.229,21.7026],[83.2326,21.7018],[83.2394,21.7005],[83.248,21.6955],[83.2575,21.6942],[83.264,21.6915],[83.2783,21.6866],[83.2895,21.6851],[83.3034,21.6814],[83.3102,21.6824],[83.3162,21.682],[83.3171,21.6916],[83.3156,21.6946],[83.3155,21.6978],[83.3123,21.6984],[83.309,21.7018],[83.3088,21.7054],[83.2952,21.7058],[83.2881,21.7077],[83.2822,21.708],[83.2771,21.7108],[83.2703,21.712],[83.2682,21.7144],[83.2648,21.7148],[83.2632,21.7232],[83.2644,21.7253],[83.2588,21.7273],[83.2609,21.7291],[83.2611,21.7316],[83.2641,21.7327],[83.2665,21.735],[83.2664,21.7407],[83.2583,21.7508],[83.2457,21.7511],[83.2456,21.7544],[83.2428,21.7622],[83.2365,21.7733],[83.2355,21.7782],[83.2359,21.7869],[83.2371,21.7904],[83.2348,21.7916],[83.2334,21.794],[83.2242,21.7943],[83.2214,21.7937],[83.2194,21.8011],[83.2195,21.803],[83.2125,21.8069],[83.206,21.8119],[83.2067,21.8151],[83.2057,21.8223],[83.2092,21.8248],[83.2155,21.8311],[83.2205,21.8353],[83.2143,21.8411],[83.2102,21.8421],[83.2066,21.842],[83.2041,21.8436],[83.2,21.8439],[83.1959,21.8456],[83.187,21.8469],[83.1847,21.8451],[83.1814,21.8462],[83.1786,21.8513],[83.1831,21.8601],[83.185,21.8614],[83.1942,21.8636],[83.2017,21.8676],[83.2034,21.871],[83.2032,21.8749],[83.2039,21.8819],[83.2111,21.8836],[83.2143,21.8836],[83.2149,21.8873],[83.213,21.8915],[83.2132,21.8951],[83.2146,21.8975],[83.2118,21.9009],[83.2147,21.9035],[83.2144,21.9068],[83.2118,21.9087],[83.2066,21.9093],[83.2071,21.9125],[83.202,21.9141],[83.2001,21.9148],[83.1997,21.9177],[83.1952,21.9227],[83.1896,21.9258],[83.1822,21.9242],[83.1801,21.9252],[83.1775,21.923],[83.1764,21.9198],[83.1729,21.9191],[83.1649,21.9206],[83.158,21.9187],[83.1563,21.9199],[83.149,21.9172],[83.1482,21.9152],[83.1431,21.9183],[83.1417,21.9206],[83.1358,21.9245],[83.1362,21.929],[83.1343,21.9306],[83.1299,21.9299],[83.1273,21.9326],[83.1259,21.9303],[83.1228,21.9298],[83.1173,21.9311],[83.1137,21.919],[83.1061,21.9193],[83.0989,21.9055],[83.088,21.906],[83.0809,21.9079],[83.0774,21.9054],[83.0749,21.9023],[83.0747,21.9019],[83.0692,21.898]]]},"properties":{"id":"in:subdistrict:3284","level":"subdistrict","name":"Dabhra","code":3284,"parent":"in:district:762","state":"in:state:22"}},{"type":"Feature","geometry":{"type":"Polygon","coordinates":[[[82.9593,21.923],[82.9518,21.9199],[82.95,21.9175],[82.9524,21.9066],[82.9523,21.9004],[82.9468,21.895],[82.9382,21.8889],[82.9369,21.8862],[82.935,21.8769],[82.9323,21.8764],[82.9262,21.8733],[82.9254,21.8686],[82.9267,21.8662],[82.9281,21.8549],[82.9278,21.8461],[82.9239,21.8417],[82.9225,21.8376],[82.9238,21.8351],[82.9237,21.8286],[82.9193,21.8199],[82.9186,21.817],[82.92,21.8134],[82.9246,21.8106],[82.9234,21.8068],[82.9283,21.8074],[82.9317,21.8019],[82.9373,21.8013],[82.9389,21.8001],[82.9382,21.7915],[82.9371,21.7874],[82.9404,21.7811],[82.936,21.779],[82.9395,21.7714],[82.9372,21.7703],[82.933,21.7664],[82.9303,21.7651],[82.9306,21.7631],[82.9359,21.7622],[82.9386,21.7605],[82.9428,21.7604],[82.9498,21.757],[82.9496,21.7534],[82.9442,21.7514],[82.9437,21.7493],[82.9472,21.7441],[82.9483,21.7415],[82.9489,21.7242],[82.9539,21.7226],[82.9626,21.7219],[82.9746,21.7238],[82.985,21.7265],[82.9981,21.7326],[83.0048,21.7369],[83.0104,21.7399],[83.0132,21.7403],[83.0144,21.744],[83.0147,21.7487],[83.0133,21.7549],[83.0112,21.7591],[83.0124,21.7622],[83.013,21.769],[83.0103,21.7735],[83.0096,21.7802],[83.0086,21.7834],[83.0097,21.7868],[83.0175,21.7944],[83.0248,21.7979],[83.0279,21.8028],[83.0311,21.8049],[83.0317,21.8069],[83.029,21.8094],[83.0282,21.812],[83.0296,21.8139],[83.0286,21.8163],[83.0298,21.8186],[83.0284,21.8217],[83.0303,21.8267],[83.0343,21.8281],[83.0359,21.8299],[83.0427,21.8329],[83.0434,21.835],[83.0475,21.8354],[83.0511,21.844],[83.0533,21.844],[83.0552,21.8458],[83.0594,21.8462],[83.0623,21.85],[83.0552,21.8549],[83.0511,21.8611],[83.047,21.8663],[83.0454,21.8718],[83.0464,21.8773],[83.0516,21.8817],[83.0536,21.8818],[83.0582,21.8784],[83.0594,21.8756],[83.0637,21.8712],[83.0693,21.8679],[83.0755,21.8653],[83.0798,21.877],[83.0823,21.8814],[83.078,21.8825],[83.0713,21.8911],[83.0692,21.8961],[83.0692,21.898],[83.0618,21.8988],[83.0558,21.8961],[83.0541,21.8914],[83.0438,21.8912],[83.042,21.8927],[83.0369,21.8946],[83.0356,21.8963],[83.0325,21.8959],[83.0236,21.8962],[83.0211,21.8968],[83.0177,21.8934],[83.0139,21.8861],[83.0112,21.8842],[83.0056,21.8851],[83.0005,21.8847],[83.0004,21.8822],[82.9969,21.8821],[82.9942,21.8842],[82.9853,21.8871],[82.9821,21.8899],[82.983,21.8983],[82.9817,21.9045],[82.9825,21.9108],[82.9737,21.9137],[82.97,21.9176],[82.9593,21.923]]]},"properties":{"id":"in:subdistrict:3285","level":"subdistrict","name":"Malkharoda","code":3285,"parent":"in:district:762","state":"in:state:22"}},{"type":"Feature","geometry":{"type":"Polygon","coordinates":[[[82.799,21.784],[82.7996,21.7865],[82.8021,21.7889],[82.8051,21.7893],[82.8067,21.7916],[82.8114,21.7923],[82.8108,21.7872],[82.812,21.7857],[82.8158,21.7847],[82.82,21.7848],[82.8247,21.7837],[82.8304,21.7802],[82.8317,21.7821],[82.8368,21.7807],[82.8398,21.7852],[82.8402,21.7874],[82.8457,21.7869],[82.849,21.7875],[82.8515,21.793],[82.8511,21.7956],[82.8572,21.7969],[82.8553,21.8041],[82.8568,21.8062],[82.8602,21.808],[82.8605,21.8114],[82.8642,21.8151],[82.8647,21.8167],[82.8683,21.8186],[82.8842,21.8213],[82.8873,21.8215],[82.8893,21.8253],[82.8843,21.8293],[82.8837,21.8317],[82.8888,21.8314],[82.8958,21.8363],[82.9001,21.8356],[82.9054,21.8328],[82.9067,21.8306],[82.9148,21.8322],[82.9198,21.8351],[82.9238,21.8351],[82.9225,21.8376],[82.9239,21.8417],[82.9278,21.8461],[82.9281,21.8549],[82.9267,21.8662],[82.9254,21.8686],[82.9262,21.8733],[82.9323,21.8764],[82.935,21.8769],[82.9369,21.8862],[82.9382,21.8889],[82.9468,21.895],[82.9523,21.9004],[82.9524,21.9066],[82.95,21.9175],[82.9518,21.9199],[82.9593,21.923],[82.9568,21.9283],[82.9524,21.9275],[82.9419,21.9231],[82.937,21.9216],[82.933,21.9213],[82.931,21.9197],[82.9257,21.9227],[82.9255,21.9252],[82.9273,21.9362],[82.9249,21.9401],[82.9253,21.9446],[82.9243,21.947],[82.9264,21.9517],[82.9237,21.9571],[82.9227,21.9632],[82.9273,21.966],[82.9303,21.9659],[82.931,21.9694],[82.933,21.9724],[82.9337,21.9762],[82.9265,21.9749],[82.9242,21.9764],[82.9229,21.9812],[82.9242,21.9835],[82.9192,21.9903],[82.919,21.995],[82.9156,21.9958],[82.9177,21.9989],[82.915,22.0021],[82.9126,22.0015],[82.9095,21.996],[82.9074,21.9938],[82.904,21.9835],[82.8929,21.9843],[82.8897,21.9823],[82.8842,21.9816],[82.8814,21.9805],[82.8781,21.9763],[82.875,21.9751],[82.8707,21.9775],[82.8614,21.9785],[82.861,21.977],[82.8567,21.9748],[82.8512,21.9742],[82.8436,21.9751],[82.8411,21.9767],[82.8361,21.9819],[82.835,21.9804],[82.8346,21.9746],[82.8369,21.97],[82.8349,21.9619],[82.832,21.9629],[82.828,21.9624],[82.823,21.9629],[82.8177,21.9626],[82.8139,21.9634],[82.8159,21.958],[82.8156,21.9547],[82.8116,21.9509],[82.8041,21.9475],[82.8017,21.9434],[82.8048,21.9413],[82.804,21.9393],[82.7975,21.9365],[82.7918,21.9323],[82.7911,21.9283],[82.7937,21.9273],[82.7918,21.9193],[82.7873,21.9156],[82.7882,21.9122],[82.7845,21.9096],[82.7847,21.9068],[82.7886,21.9046],[82.7856,21.901],[82.782,21.9003],[82.7814,21.8985],[82.784,21.8942],[82.7835,21.8913],[82.7853,21.8884],[82.7822,21.884],[82.778,21.8815],[82.78,21.8796],[82.7796,21.8758],[82.7737,21.8695],[82.7739,21.8629],[82.7655,21.8589],[82.7651,21.8543],[82.7657,21.8506],[82.7681,21.8479],[82.7725,21.8472],[82.776,21.8435],[82.7769,21.8407],[82.7795,21.8397],[82.7818,21.8411],[82.7804,21.8337],[82.7814,21.8294],[82.7843,21.8283],[82.7865,21.8256],[82.7785,21.8188],[82.7775,21.8161],[82.7802,21.8088],[82.7832,21.8057],[82.7823,21.8014],[82.7793,21.7985],[82.779,21.794],[82.7868,21.7909],[82.7914,21.7906],[82.7968,21.7849],[82.799,21.784]],[[82.8837,21.8317],[82.8808,21.8312],[82.8736,21.8264],[82.874,21.8237],[82.8703,21.8239],[82.8676,21.8252],[82.8654,21.8295],[82.8616,21.8321],[82.8626,21.8342],[82.8664,21.8363],[82.8762,21.8379],[82.8796,21.8372],[82.8837,21.8317]]]},"properties":{"id":"in:subdistrict:3286","level":"subdistrict","name":"Jaijaipur","code":3286,"parent":"in:district:762","state":"in:state:22"}},{"type":"Feature","geometry":{"type":"MultiPolygon","coordinates":[[[[82.7919,21.7237],[82.7979,21.7225],[82.8082,21.7188],[82.8152,21.7155],[82.8265,21.7118],[82.8307,21.7097],[82.8344,21.7092],[82.8462,21.7036],[82.8523,21.7001],[82.8663,21.6943],[82.8714,21.6931],[82.8884,21.6944],[82.894,21.6954],[82.9009,21.6998],[82.9083,21.7027],[82.9158,21.7085],[82.9208,21.7113],[82.9257,21.7149],[82.94,21.7235],[82.9429,21.7244],[82.9489,21.7242],[82.9483,21.7415],[82.9472,21.7441],[82.9437,21.7493],[82.9442,21.7514],[82.9496,21.7534],[82.9498,21.757],[82.9428,21.7604],[82.9386,21.7605],[82.9359,21.7622],[82.9306,21.7631],[82.9303,21.7651],[82.933,21.7664],[82.9372,21.7703],[82.9395,21.7714],[82.936,21.779],[82.9404,21.7811],[82.9371,21.7874],[82.9382,21.7915],[82.9389,21.8001],[82.9373,21.8013],[82.9317,21.8019],[82.9283,21.8074],[82.9234,21.8068],[82.9246,21.8106],[82.92,21.8134],[82.9186,21.817],[82.9193,21.8199],[82.9237,21.8286],[82.9238,21.8351],[82.9198,21.8351],[82.9148,21.8322],[82.9067,21.8306],[82.9054,21.8328],[82.9001,21.8356],[82.8958,21.8363],[82.8888,21.8314],[82.8837,21.8317],[82.8843,21.8293],[82.8893,21.8253],[82.8873,21.8215],[82.8842,21.8213],[82.8683,21.8186],[82.8647,21.8167],[82.8642,21.8151],[82.8605,21.8114],[82.8602,21.808],[82.8568,21.8062],[82.8553,21.8041],[82.8572,21.7969],[82.8511,21.7956],[82.8515,21.793],[82.849,21.7875],[82.8457,21.7869],[82.8402,21.7874],[82.8398,21.7852],[82.8368,21.7807],[82.8317,21.7821],[82.8304,21.7802],[82.8247,21.7837],[82.82,21.7848],[82.8158,21.7847],[82.812,21.7857],[82.8108,21.7872],[82.8114,21.7923],[82.8067,21.7916],[82.8051,21.7893],[82.8021,21.7889],[82.7996,21.7865],[82.799,21.784],[82.8046,21.7834],[82.8078,21.7816],[82.8084,21.7782],[82.8074,21.7765],[82.8038,21.7752],[82.8035,21.7736],[82.8095,21.7696],[82.8081,21.7675],[82.8027,21.7644],[82.7965,21.7639],[82.7971,21.7473],[82.7987,21.7438],[82.7975,21.7417],[82.7942,21.7418],[82.7934,21.739],[82.7934,21.7332],[82.7924,21.731],[82.7919,21.7237]]],[[[82.8837,21.8317],[82.8796,21.8372],[82.8762,21.8379],[82.8664,21.8363],[82.8626,21.8342],[82.8616,21.8321],[82.8654,21.8295],[82.8676,21.8252],[82.8703,21.8239],[82.874,21.8237],[82.8736,21.8264],[82.8808,21.8312],[82.8837,21.8317]]]]},"properties":{"id":"in:subdistrict:7327","level":"subdistrict","name":"Hasaud","code":7327,"parent":"in:district:762","state":"in:state:22"}},{"type":"Feature","geometry":{"type":"Polygon","coordinates":[[[82.8051,21.5106],[82.8149,21.5094],[82.8253,21.5045],[82.8284,21.5073],[82.8292,21.515],[82.8245,21.5228],[82.8207,21.5314],[82.8222,21.5323],[82.8283,21.5287],[82.8317,21.5311],[82.8338,21.5356],[82.8355,21.5372],[82.8356,21.5411],[82.8387,21.5423],[82.8484,21.5435],[82.86,21.5503],[82.8707,21.5544],[82.8733,21.5526],[82.8751,21.5565],[82.8811,21.5549],[82.8852,21.5504],[82.8879,21.5464],[82.892,21.5423],[82.8936,21.5382],[82.8969,21.5357],[82.8987,21.5291],[82.9036,21.5227],[82.9072,21.5111],[82.9104,21.5049],[82.9165,21.495],[82.9217,21.4898],[82.9261,21.4922],[82.9318,21.4921],[82.9322,21.4948],[82.9344,21.4959],[82.9338,21.5034],[82.9298,21.5087],[82.9335,21.5115],[82.931,21.5166],[82.9277,21.5186],[82.928,21.5212],[82.9312,21.5246],[82.9294,21.5311],[82.9269,21.5332],[82.9295,21.5369],[82.9273,21.538],[82.9284,21.5419],[82.9278,21.5451],[82.9256,21.5456],[82.9244,21.552],[82.9261,21.5539],[82.9256,21.5594],[82.9281,21.5623],[82.9311,21.5639],[82.933,21.5669],[82.9396,21.5694],[82.942,21.5712],[82.9423,21.5743],[82.9448,21.5745],[82.9443,21.5782],[82.9423,21.5811],[82.9451,21.5865],[82.9487,21.5904],[82.9514,21.5905],[82.9535,21.5923],[82.9527,21.5999],[82.9548,21.6016],[82.9554,21.6043],[82.9607,21.6066],[82.9608,21.6086],[82.9649,21.6113],[82.968,21.6163],[82.9676,21.6182],[82.972,21.6213],[82.9748,21.6244],[82.9728,21.6311],[82.9759,21.6374],[82.984,21.6417],[82.9859,21.6485],[82.9842,21.6548],[82.9818,21.6579],[82.9831,21.6637],[82.9825,21.6665],[82.9785,21.6673],[82.9782,21.6706],[82.9761,21.6748],[82.9762,21.6784],[82.9748,21.6801],[82.9743,21.6852],[82.9715,21.6907],[82.9696,21.6928],[82.9664,21.6927],[82.9592,21.69],[82.9541,21.6902],[82.9504,21.6919],[82.9499,21.7096],[82.9505,21.7117],[82.9489,21.7242],[82.9429,21.7244],[82.94,21.7235],[82.9257,21.7149],[82.9208,21.7113],[82.9158,21.7085],[82.9083,21.7027],[82.9009,21.6998],[82.894,21.6954],[82.8884,21.6944],[82.8714,21.6931],[82.8663,21.6943],[82.8523,21.7001],[82.8462,21.7036],[82.8344,21.7092],[82.8307,21.7097],[82.8265,21.7118],[82.8152,21.7155],[82.8082,21.7188],[82.7979,21.7225],[82.7919,21.7237],[82.7864,21.7241],[82.775,21.7227],[82.7759,21.7165],[82.7752,21.7135],[82.7716,21.7105],[82.7705,21.7041],[82.7688,21.7028],[82.7686,21.7002],[82.7663,21.6985],[82.7624,21.7004],[82.7606,21.6998],[82.7597,21.6969],[82.7572,21.6962],[82.7553,21.6925],[82.7522,21.6908],[82.7515,21.688],[82.7521,21.6852],[82.7494,21.6825],[82.7465,21.6834],[82.7446,21.6814],[82.7436,21.6763],[82.7452,21.6742],[82.7453,21.6709],[82.7427,21.667],[82.7422,21.6633],[82.7385,21.66],[82.7401,21.6564],[82.7365,21.6519],[82.7369,21.65],[82.7399,21.6482],[82.7394,21.6466],[82.743,21.6437],[82.743,21.6395],[82.737,21.6357],[82.7405,21.6271],[82.7482,21.6286],[82.7486,21.6254],[82.7463,21.6243],[82.7472,21.6218],[82.7447,21.6189],[82.7473,21.6168],[82.7463,21.6123],[82.7447,21.6096],[82.7459,21.6071],[82.7523,21.6076],[82.7534,21.6045],[82.7552,21.6042],[82.7569,21.6015],[82.7561,21.5979],[82.7569,21.5899],[82.7473,21.587],[82.7461,21.5722],[82.7455,21.5703],[82.7468,21.5676],[82.7454,21.5637],[82.7458,21.5593],[82.7556,21.5594],[82.7551,21.5516],[82.7501,21.5429],[82.7569,21.5351],[82.7602,21.5347],[82.7612,21.528],[82.7636,21.5305],[82.768,21.5228],[82.7703,21.5238],[82.7721,21.5241],[82.7735,21.5213],[82.78,21.5167],[82.7839,21.5131],[82.7875,21.5112],[82.7944,21.5087],[82.802,21.511],[82.8051,21.5106]]]},"properties":{"id":"in:subdistrict:7276","level":"subdistrict","name":"Bhatgaon","code":7276,"parent":"in:district:763","state":"in:state:22"}},{"type":"Feature","geometry":{"type":"Polygon","coordinates":[[[83.2019,21.5953],[83.2041,21.5982],[83.2084,21.606],[83.2111,21.6144],[83.2145,21.6218],[83.2099,21.6261],[83.2169,21.6372],[83.2136,21.6383],[83.2176,21.6463],[83.2194,21.6546],[83.2217,21.6589],[83.2214,21.6633],[83.216,21.6655],[83.2164,21.6704],[83.2135,21.6715],[83.2136,21.6735],[83.2109,21.6814],[83.2102,21.6854],[83.2113,21.6903],[83.2185,21.6944],[83.2181,21.6957],[83.2253,21.6975],[83.2308,21.6977],[83.2326,21.7018],[83.229,21.7026],[83.2258,21.7045],[83.22,21.7067],[83.2141,21.7068],[83.2052,21.7103],[83.1964,21.7131],[83.1833,21.714],[83.1746,21.7175],[83.171,21.7182],[83.1614,21.7185],[83.156,21.7179],[83.1453,21.7184],[83.1276,21.7204],[83.115,21.7204],[83.108,21.7191],[83.0937,21.718],[83.0812,21.7157],[83.075,21.719],[83.0641,21.7278],[83.0557,21.7338],[83.045,21.7397],[83.0344,21.7431],[83.0284,21.7434],[83.021,21.7427],[83.0132,21.7403],[83.0104,21.7399],[83.0048,21.7369],[82.9981,21.7326],[82.985,21.7265],[82.9746,21.7238],[82.9626,21.7219],[82.9539,21.7226],[82.9489,21.7242],[82.9505,21.7117],[82.9499,21.7096],[82.9504,21.6919],[82.9541,21.6902],[82.9592,21.69],[82.9664,21.6927],[82.9696,21.6928],[82.9715,21.6907],[82.9743,21.6852],[82.9748,21.6801],[82.9762,21.6784],[82.9761,21.6748],[82.9782,21.6706],[82.9785,21.6673],[82.9825,21.6665],[82.9831,21.6637],[82.9818,21.6579],[82.9842,21.6548],[82.9859,21.6485],[82.984,21.6417],[82.9759,21.6374],[82.9728,21.6311],[82.9748,21.6244],[82.972,21.6213],[82.9676,21.6182],[82.968,21.6163],[82.9649,21.6113],[82.9608,21.6086],[82.9607,21.6066],[82.9554,21.6043],[82.9548,21.6016],[82.9527,21.5999],[82.9535,21.5923],[82.9514,21.5905],[82.9487,21.5904],[82.9451,21.5865],[82.9423,21.5811],[82.9443,21.5782],[82.9448,21.5745],[82.9423,21.5743],[82.942,21.5712],[82.9396,21.5694],[82.933,21.5669],[82.9311,21.5639],[82.9281,21.5623],[82.9256,21.5594],[82.9261,21.5539],[82.9244,21.552],[82.9256,21.5456],[82.9278,21.5451],[82.9284,21.5419],[82.9273,21.538],[82.9295,21.5369],[82.9269,21.5332],[82.9294,21.5311],[82.9312,21.5246],[82.928,21.5212],[82.9277,21.5186],[82.931,21.5166],[82.9335,21.5115],[82.9298,21.5087],[82.9338,21.5034],[82.9344,21.4959],[82.9378,21.4962],[82.946,21.4938],[82.948,21.4964],[82.9531,21.4972],[82.9595,21.4924],[82.9634,21.4856],[82.9636,21.4822],[82.9654,21.4719],[82.9687,21.4725],[82.977,21.4781],[82.9787,21.4774],[82.9821,21.4728],[82.987,21.4674],[82.9868,21.4659],[82.9919,21.4654],[82.9933,21.4623],[82.9982,21.4598],[83.0053,21.4602],[83.0087,21.4666],[83.0109,21.4692],[83.0149,21.4719],[83.0137,21.4744],[83.015,21.4783],[83.0157,21.4832],[83.0158,21.4902],[83.0321,21.4874],[83.0355,21.485],[83.04,21.4827],[83.0466,21.4823],[83.0493,21.4787],[83.0531,21.4652],[83.0545,21.4617],[83.0544,21.4582],[83.0521,21.4506],[83.0515,21.4445],[83.0569,21.4408],[83.059,21.4364],[83.0622,21.4351],[83.0663,21.4352],[83.0707,21.4334],[83.08,21.4338],[83.0876,21.4336],[83.0908,21.4306],[83.0953,21.428],[83.1,21.4267],[83.1029,21.4283],[83.1074,21.4289],[83.1124,21.4263],[83.1157,21.4255],[83.1191,21.4235],[83.1226,21.4226],[83.1237,21.4157],[83.1212,21.4147],[83.1181,21.4165],[83.1151,21.4143],[83.1143,21.4117],[83.1179,21.4028],[83.1214,21.4006],[83.1247,21.3996],[83.127,21.4011],[83.13,21.3983],[83.1327,21.3917],[83.1325,21.3887],[83.131,21.3846],[83.1308,21.3789],[83.1406,21.3707],[83.1437,21.3644],[83.1464,21.366],[83.1506,21.3661],[83.1512,21.3728],[83.1531,21.3754],[83.1603,21.3804],[83.1657,21.3849],[83.1704,21.3871],[83.1739,21.3899],[83.1749,21.3943],[83.1793,21.4021],[83.1838,21.4002],[83.1852,21.3981],[83.1894,21.3958],[83.1893,21.3932],[83.1907,21.3872],[83.1882,21.3831],[83.1888,21.3818],[83.1942,21.3863],[83.1977,21.3915],[83.1999,21.3981],[83.2015,21.3996],[83.2157,21.3959],[83.216,21.3985],[83.2203,21.4075],[83.2204,21.4136],[83.2194,21.4155],[83.2116,21.4165],[83.2077,21.4184],[83.2123,21.424],[83.2174,21.4365],[83.2186,21.4376],[83.2173,21.444],[83.2192,21.4507],[83.2194,21.4583],[83.2221,21.4648],[83.2243,21.4683],[83.2245,21.474],[83.2094,21.4688],[83.2056,21.4682],[83.2062,21.4718],[83.2062,21.4792],[83.2042,21.4806],[83.2049,21.4853],[83.2073,21.4937],[83.2042,21.5006],[83.1991,21.5049],[83.1998,21.5099],[83.1988,21.5248],[83.198,21.531],[83.1981,21.5392],[83.1993,21.5431],[83.2017,21.5466],[83.2018,21.553],[83.2045,21.5581],[83.1985,21.5575],[83.1939,21.5582],[83.1938,21.5659],[83.1948,21.5766],[83.1957,21.58],[83.1976,21.5817],[83.1984,21.5873],[83.1977,21.5889],[83.2019,21.5953]]]},"properties":{"id":"in:subdistrict:3270","level":"subdistrict","name":"Sarangarh","code":3270,"parent":"in:district:763","state":"in:state:22"}},{"type":"Feature","geometry":{"type":"Polygon","coordinates":[[[83.2157,21.3959],[83.2015,21.3996],[83.1999,21.3981],[83.1977,21.3915],[83.1942,21.3863],[83.1888,21.3818],[83.1882,21.3831],[83.1907,21.3872],[83.1893,21.3932],[83.1894,21.3958],[83.1852,21.3981],[83.1838,21.4002],[83.1793,21.4021],[83.1749,21.3943],[83.1739,21.3899],[83.1704,21.3871],[83.1657,21.3849],[83.1603,21.3804],[83.1531,21.3754],[83.1512,21.3728],[83.1506,21.3661],[83.1464,21.366],[83.1437,21.3644],[83.1406,21.3707],[83.1308,21.3789],[83.131,21.3846],[83.1325,21.3887],[83.1327,21.3917],[83.13,21.3983],[83.127,21.4011],[83.1247,21.3996],[83.1214,21.4006],[83.1179,21.4028],[83.1143,21.4117],[83.1151,21.4143],[83.1181,21.4165],[83.1212,21.4147],[83.1237,21.4157],[83.1226,21.4226],[83.1191,21.4235],[83.1157,21.4255],[83.1124,21.4263],[83.1074,21.4289],[83.1029,21.4283],[83.1,21.4267],[83.0953,21.428],[83.0908,21.4306],[83.0876,21.4336],[83.08,21.4338],[83.0707,21.4334],[83.0663,21.4352],[83.0622,21.4351],[83.059,21.4364],[83.0569,21.4408],[83.0515,21.4445],[83.0521,21.4506],[83.0544,21.4582],[83.0545,21.4617],[83.0531,21.4652],[83.0493,21.4787],[83.0466,21.4823],[83.04,21.4827],[83.0355,21.485],[83.0321,21.4874],[83.0158,21.4902],[83.0157,21.4832],[83.015,21.4783],[83.0137,21.4744],[83.0149,21.4719],[83.0109,21.4692],[83.0087,21.4666],[83.0053,21.4602],[82.9982,21.4598],[82.9933,21.4623],[82.9919,21.4654],[82.9868,21.4659],[82.987,21.4674],[82.9821,21.4728],[82.9787,21.4774],[82.977,21.4781],[82.9687,21.4725],[82.9654,21.4719],[82.9636,21.4822],[82.9634,21.4856],[82.9595,21.4924],[82.9531,21.4972],[82.948,21.4964],[82.946,21.4938],[82.9378,21.4962],[82.9404,21.493],[82.9415,21.4897],[82.9442,21.4875],[82.9474,21.487],[82.9495,21.4891],[82.9527,21.4863],[82.9512,21.4848],[82.9547,21.4799],[82.9577,21.4773],[82.9568,21.4708],[82.9593,21.4676],[82.965,21.4651],[82.9699,21.465],[82.9721,21.4632],[82.9702,21.4599],[82.9651,21.4556],[82.9623,21.4546],[82.9599,21.4499],[82.9566,21.449],[82.9549,21.447],[82.9571,21.445],[82.9627,21.4456],[82.9633,21.4413],[82.9669,21.4379],[82.9747,21.4386],[82.9789,21.435],[82.9813,21.4349],[82.9843,21.4304],[82.9829,21.4198],[82.9848,21.4195],[82.9872,21.4161],[82.9912,21.4151],[82.9929,21.4131],[83.0012,21.4058],[83,21.3963],[82.9974,21.3979],[82.9901,21.3901],[82.9818,21.3873],[82.9801,21.3862],[82.9792,21.3832],[82.9808,21.3791],[82.9782,21.3759],[82.9752,21.3764],[82.9738,21.3751],[82.9714,21.368],[82.969,21.3641],[82.9667,21.3658],[82.9639,21.3664],[82.9614,21.3684],[82.961,21.3702],[82.9578,21.3702],[82.9542,21.366],[82.9496,21.3631],[82.9477,21.3646],[82.9423,21.3624],[82.9414,21.361],[82.9311,21.3555],[82.9285,21.3495],[82.9258,21.3488],[82.9244,21.3441],[82.9248,21.3382],[82.9241,21.3352],[82.9259,21.3323],[82.9254,21.3306],[82.9297,21.3276],[82.9313,21.3287],[82.9341,21.3251],[82.9364,21.3243],[82.9391,21.3207],[82.9488,21.3187],[82.9493,21.314],[82.9481,21.3069],[82.9461,21.3056],[82.9518,21.2998],[82.9522,21.2976],[82.9496,21.2938],[82.9495,21.2893],[82.9511,21.2868],[82.9484,21.2849],[82.9522,21.2823],[82.9514,21.2802],[82.9526,21.2778],[82.9507,21.2745],[82.9512,21.2679],[82.9559,21.263],[82.9529,21.261],[82.9526,21.2558],[82.9361,21.2585],[82.9325,21.2564],[82.9319,21.2542],[82.9388,21.2521],[82.9398,21.2487],[82.9365,21.2442],[82.9295,21.2436],[82.928,21.242],[82.9166,21.2391],[82.9126,21.2393],[82.9104,21.2411],[82.9084,21.2391],[82.9081,21.2328],[82.9086,21.2255],[82.9084,21.2212],[82.9066,21.2196],[82.8999,21.2186],[82.8988,21.2176],[82.8981,21.2125],[82.8965,21.2086],[82.8971,21.2046],[82.8984,21.2028],[82.9019,21.2012],[82.9067,21.201],[82.9062,21.1982],[82.9078,21.1964],[82.9022,21.1921],[82.9101,21.1815],[82.9088,21.1794],[82.9082,21.1747],[82.9109,21.1729],[82.9133,21.1684],[82.9114,21.1643],[82.915,21.162],[82.9201,21.1634],[82.9275,21.1638],[82.9317,21.163],[82.934,21.1643],[82.9343,21.1673],[82.9372,21.1699],[82.9392,21.1687],[82.9403,21.165],[82.9396,21.1624],[82.9421,21.1606],[82.9457,21.1624],[82.9474,21.1648],[82.9431,21.1711],[82.9435,21.1733],[82.9462,21.1743],[82.9442,21.1784],[82.9471,21.1803],[82.9469,21.182],[82.9592,21.1889],[82.961,21.1927],[82.9649,21.1933],[82.9674,21.1831],[82.9651,21.177],[82.9674,21.1748],[82.9699,21.1786],[82.9753,21.1822],[82.9779,21.1826],[82.9814,21.1803],[82.9836,21.1802],[82.9873,21.1825],[82.99,21.1818],[82.9857,21.1759],[82.9805,21.1707],[82.9864,21.1683],[82.9884,21.1701],[82.9939,21.171],[82.9965,21.1697],[83.0014,21.1706],[83.0038,21.1669],[82.9959,21.164],[82.9933,21.1619],[82.9924,21.1586],[82.9856,21.1496],[82.9889,21.1437],[82.9903,21.1399],[82.9937,21.1408],[82.9955,21.1385],[82.9994,21.1389],[83.0016,21.1369],[83.0046,21.137],[83.0121,21.145],[83.016,21.1463],[83.0203,21.1435],[83.0222,21.1405],[83.0227,21.1373],[83.0293,21.1352],[83.0334,21.1373],[83.0352,21.1359],[83.0335,21.1338],[83.0347,21.1314],[83.0387,21.1317],[83.0413,21.1276],[83.0453,21.124],[83.0474,21.1242],[83.0523,21.1263],[83.0565,21.1222],[83.0617,21.122],[83.0661,21.1208],[83.0685,21.1169],[83.0778,21.1119],[83.0849,21.113],[83.0901,21.1111],[83.0938,21.1133],[83.0967,21.1104],[83.1013,21.11],[83.1082,21.1123],[83.1135,21.1127],[83.117,21.1105],[83.1216,21.1099],[83.1241,21.1067],[83.1315,21.1058],[83.1387,21.1095],[83.1424,21.1156],[83.1461,21.1182],[83.1564,21.13],[83.1594,21.1327],[83.1645,21.1362],[83.1669,21.1388],[83.171,21.1362],[83.1736,21.1368],[83.1772,21.1353],[83.1796,21.136],[83.1864,21.137],[83.1925,21.1395],[83.1981,21.1454],[83.1966,21.1518],[83.1984,21.154],[83.1976,21.1582],[83.1985,21.1643],[83.2046,21.1657],[83.2026,21.1728],[83.2028,21.1776],[83.2051,21.1794],[83.2064,21.1836],[83.2093,21.1894],[83.2146,21.1948],[83.2132,21.2002],[83.2105,21.205],[83.2128,21.2102],[83.2171,21.2133],[83.2186,21.221],[83.2176,21.226],[83.2189,21.2286],[83.2221,21.2287],[83.222,21.2321],[83.2189,21.2419],[83.2185,21.25],[83.2176,21.2548],[83.2217,21.2601],[83.223,21.2658],[83.2319,21.2727],[83.238,21.2696],[83.2393,21.2736],[83.2427,21.2767],[83.2463,21.2812],[83.2503,21.2823],[83.2558,21.2821],[83.2616,21.2802],[83.2679,21.2774],[83.2686,21.2748],[83.2716,21.2737],[83.2738,21.2804],[83.2749,21.2858],[83.2786,21.2893],[83.2793,21.295],[83.2771,21.2979],[83.2763,21.3023],[83.2735,21.3016],[83.2693,21.3033],[83.2689,21.305],[83.2621,21.3078],[83.2611,21.3108],[83.2582,21.3159],[83.2573,21.3205],[83.26,21.3258],[83.2631,21.3304],[83.2624,21.333],[83.2577,21.3336],[83.2586,21.3371],[83.2687,21.3455],[83.2703,21.3496],[83.2721,21.3587],[83.2741,21.362],[83.2747,21.3652],[83.2738,21.3677],[83.2742,21.3773],[83.2687,21.3786],[83.2605,21.3809],[83.2443,21.3834],[83.2363,21.3815],[83.2336,21.3825],[83.2273,21.3832],[83.2218,21.3832],[83.2219,21.3858],[83.2202,21.3923],[83.2181,21.3952],[83.2157,21.3959]]]},"properties":{"id":"in:subdistrict:3340","level":"subdistrict","name":"Saraipali","code":3340,"parent":"in:district:385","state":"in:state:22"}},{"type":"Feature","geometry":{"type":"Polygon","coordinates":[[[82.7476,21.1644],[82.7517,21.1645],[82.7559,21.1664],[82.7575,21.1635],[82.7604,21.165],[82.7636,21.164],[82.7671,21.159],[82.7712,21.157],[82.7743,21.1541],[82.7787,21.1538],[82.7806,21.1502],[82.7835,21.1483],[82.7849,21.1456],[82.7889,21.143],[82.7943,21.1427],[82.7978,21.1519],[82.8005,21.156],[82.805,21.1559],[82.812,21.1611],[82.8162,21.1613],[82.8195,21.1628],[82.8265,21.1639],[82.8277,21.1653],[82.8313,21.1647],[82.8352,21.1663],[82.8414,21.1675],[82.8464,21.1664],[82.8504,21.1686],[82.8515,21.1661],[82.8502,21.1612],[82.8534,21.1596],[82.855,21.1613],[82.8591,21.1597],[82.865,21.1615],[82.8721,21.1578],[82.8725,21.1624],[82.8744,21.1636],[82.8782,21.1592],[82.8782,21.1535],[82.8816,21.1486],[82.8843,21.1492],[82.8854,21.151],[82.8935,21.156],[82.8957,21.1612],[82.8999,21.1637],[82.9014,21.1666],[82.9055,21.1668],[82.9114,21.1643],[82.9133,21.1684],[82.9109,21.1729],[82.9082,21.1747],[82.9088,21.1794],[82.9101,21.1815],[82.9022,21.1921],[82.9078,21.1964],[82.9062,21.1982],[82.9067,21.201],[82.9019,21.2012],[82.8984,21.2028],[82.8971,21.2046],[82.8965,21.2086],[82.8981,21.2125],[82.8988,21.2176],[82.8999,21.2186],[82.9066,21.2196],[82.9084,21.2212],[82.9086,21.2255],[82.9081,21.2328],[82.9084,21.2391],[82.9104,21.2411],[82.9126,21.2393],[82.9166,21.2391],[82.928,21.242],[82.9295,21.2436],[82.9365,21.2442],[82.9398,21.2487],[82.9388,21.2521],[82.9319,21.2542],[82.9325,21.2564],[82.9361,21.2585],[82.9526,21.2558],[82.9529,21.261],[82.9559,21.263],[82.9512,21.2679],[82.9507,21.2745],[82.9526,21.2778],[82.9514,21.2802],[82.9522,21.2823],[82.9484,21.2849],[82.9511,21.2868],[82.9495,21.2893],[82.9496,21.2938],[82.9522,21.2976],[82.9518,21.2998],[82.9461,21.3056],[82.9481,21.3069],[82.9493,21.314],[82.9488,21.3187],[82.9391,21.3207],[82.9364,21.3243],[82.9341,21.3251],[82.9313,21.3287],[82.9297,21.3276],[82.9254,21.3306],[82.9259,21.3323],[82.9241,21.3352],[82.9248,21.3382],[82.9244,21.3441],[82.9258,21.3488],[82.9285,21.3495],[82.9311,21.3555],[82.9414,21.361],[82.9423,21.3624],[82.9477,21.3646],[82.9496,21.3631],[82.9542,21.366],[82.9578,21.3702],[82.961,21.3702],[82.9614,21.3684],[82.9639,21.3664],[82.9667,21.3658],[82.969,21.3641],[82.9714,21.368],[82.9738,21.3751],[82.9752,21.3764],[82.9782,21.3759],[82.9808,21.3791],[82.9792,21.3832],[82.9801,21.3862],[82.9818,21.3873],[82.9901,21.3901],[82.9974,21.3979],[83,21.3963],[83.0012,21.4058],[82.9929,21.4131],[82.9912,21.4151],[82.9872,21.4161],[82.9848,21.4195],[82.9829,21.4198],[82.9843,21.4304],[82.9813,21.4349],[82.9789,21.435],[82.9747,21.4386],[82.9669,21.4379],[82.9633,21.4413],[82.9627,21.4456],[82.9571,21.445],[82.9549,21.447],[82.9566,21.449],[82.9599,21.4499],[82.9623,21.4546],[82.9651,21.4556],[82.9702,21.4599],[82.9721,21.4632],[82.9699,21.465],[82.965,21.4651],[82.9593,21.4676],[82.9568,21.4708],[82.9577,21.4773],[82.9547,21.4799],[82.9512,21.4848],[82.9527,21.4863],[82.9495,21.4891],[82.9474,21.487],[82.9442,21.4875],[82.9415,21.4897],[82.9404,21.493],[82.9378,21.4962],[82.9344,21.4959],[82.9322,21.4948],[82.9318,21.4921],[82.9261,21.4922],[82.9217,21.4898],[82.9165,21.495],[82.9104,21.5049],[82.9072,21.5111],[82.9036,21.5227],[82.8987,21.5291],[82.8969,21.5357],[82.8936,21.5382],[82.892,21.5423],[82.8879,21.5464],[82.8852,21.5504],[82.8811,21.5549],[82.8751,21.5565],[82.8733,21.5526],[82.8707,21.5544],[82.86,21.5503],[82.8484,21.5435],[82.8387,21.5423],[82.8356,21.5411],[82.8355,21.5372],[82.8338,21.5356],[82.8317,21.5311],[82.8283,21.5287],[82.8222,21.5323],[82.8207,21.5314],[82.8245,21.5228],[82.8292,21.515],[82.8284,21.5073],[82.8253,21.5045],[82.8149,21.5094],[82.8051,21.5106],[82.8015,21.5074],[82.7962,21.5047],[82.7889,21.5032],[82.7717,21.5007],[82.7682,21.4997],[82.7672,21.497],[82.7689,21.4931],[82.7677,21.4885],[82.7652,21.4875],[82.764,21.4824],[82.7624,21.4793],[82.7665,21.4788],[82.767,21.4833],[82.769,21.4855],[82.7726,21.4866],[82.7744,21.4901],[82.7774,21.4907],[82.7794,21.4874],[82.7796,21.4815],[82.7785,21.477],[82.78,21.4751],[82.7796,21.4707],[82.7844,21.4705],[82.788,21.4614],[82.7905,21.4477],[82.7955,21.4496],[82.7982,21.4495],[82.8018,21.4524],[82.803,21.4547],[82.8117,21.4525],[82.81,21.4464],[82.8102,21.4388],[82.8115,21.4362],[82.812,21.4284],[82.8081,21.4272],[82.8057,21.4248],[82.8107,21.4236],[82.8144,21.4237],[82.8169,21.4192],[82.8224,21.4169],[82.8213,21.4143],[82.8229,21.4104],[82.8261,21.4113],[82.8273,21.4064],[82.8214,21.4059],[82.8197,21.3903],[82.8177,21.3865],[82.8168,21.3796],[82.813,21.375],[82.8104,21.3744],[82.8083,21.3682],[82.8116,21.3627],[82.8097,21.3577],[82.8061,21.3594],[82.805,21.3631],[82.8,21.368],[82.7965,21.3693],[82.794,21.3665],[82.7953,21.363],[82.794,21.358],[82.7973,21.3548],[82.8004,21.353],[82.7946,21.3464],[82.8014,21.3436],[82.8025,21.3392],[82.8051,21.3385],[82.8044,21.3328],[82.8054,21.3311],[82.8138,21.3276],[82.8113,21.325],[82.8048,21.3239],[82.8011,21.3242],[82.7953,21.3172],[82.7876,21.314],[82.7852,21.3155],[82.7851,21.3178],[82.7806,21.3214],[82.7771,21.3201],[82.7758,21.3172],[82.776,21.3108],[82.7755,21.3085],[82.7773,21.3045],[82.78,21.3034],[82.783,21.2989],[82.7837,21.2965],[82.7868,21.2941],[82.7854,21.2891],[82.7878,21.2857],[82.7873,21.2834],[82.7838,21.2781],[82.7829,21.2752],[82.7861,21.2727],[82.7872,21.2684],[82.7899,21.267],[82.7888,21.2641],[82.785,21.2641],[82.7863,21.2527],[82.7857,21.2481],[82.7782,21.2459],[82.7734,21.2458],[82.7691,21.2468],[82.7671,21.2444],[82.767,21.2367],[82.764,21.233],[82.7578,21.2353],[82.7556,21.2352],[82.7517,21.23],[82.7482,21.229],[82.7435,21.2266],[82.7388,21.2268],[82.7398,21.2174],[82.7409,21.2116],[82.7408,21.2074],[82.736,21.2064],[82.7354,21.2034],[82.7335,21.2016],[82.7302,21.1964],[82.7302,21.1882],[82.7338,21.1855],[82.7397,21.1786],[82.7431,21.1788],[82.7432,21.1752],[82.7476,21.1644]]]},"properties":{"id":"in:subdistrict:3339","level":"subdistrict","name":"Basna","code":3339,"parent":"in:district:385","state":"in:state:22"}}]}