{"type":"FeatureCollection","features":[{"type":"Feature","geometry":{"type":"Polygon","coordinates":[[[75.6008,32.0931],[75.5976,32.0953],[75.595,32.1045],[75.5943,32.1113],[75.5857,32.1052],[75.5826,32.1071],[75.5829,32.1109],[75.5859,32.1183],[75.5884,32.1182],[75.5889,32.129],[75.5868,32.1327],[75.5877,32.1381],[75.5848,32.1395],[75.5793,32.1392],[75.5768,32.1375],[75.5681,32.1367],[75.5648,32.1356],[75.5577,32.1352],[75.5559,32.1326],[75.5516,32.1333],[75.552,32.1381],[75.5485,32.1402],[75.5434,32.1404],[75.5434,32.1456],[75.5359,32.1467],[75.5275,32.1472],[75.5197,32.1486],[75.5104,32.1489],[75.5088,32.1454],[75.5059,32.1452],[75.5017,32.1483],[75.4991,32.1488],[75.497,32.1531],[75.4894,32.1533],[75.4869,32.1517],[75.4812,32.1541],[75.4832,32.1568],[75.481,32.1598],[75.476,32.1596],[75.4756,32.1572],[75.4682,32.1576],[75.4636,32.1548],[75.4578,32.157],[75.4569,32.1522],[75.452,32.151],[75.4521,32.1528],[75.4484,32.1531],[75.4474,32.1505],[75.4405,32.1529],[75.4367,32.1487],[75.4344,32.149],[75.4354,32.155],[75.4337,32.1607],[75.4344,32.1644],[75.4412,32.1628],[75.4423,32.1668],[75.4316,32.1682],[75.4297,32.1689],[75.4243,32.1646],[75.4202,32.1638],[75.4163,32.1657],[75.4151,32.1701],[75.412,32.1716],[75.4131,32.177],[75.403,32.178],[75.4026,32.1825],[75.4033,32.1878],[75.4001,32.1901],[75.3932,32.1894],[75.3864,32.1872],[75.3822,32.1831],[75.3781,32.1837],[75.3774,32.1908],[75.3666,32.1923],[75.3578,32.1966],[75.348,32.2055],[75.3459,32.2067],[75.3379,32.2065],[75.327,32.2139],[75.3242,32.2111],[75.319,32.2081],[75.3201,32.2041],[75.3119,32.1994],[75.3101,32.1961],[75.3107,32.1938],[75.3137,32.1894],[75.3184,32.1874],[75.3164,32.181],[75.3224,32.1795],[75.3139,32.1721],[75.3068,32.169],[75.3042,32.165],[75.3001,32.1573],[75.2994,32.1533],[75.2878,32.1528],[75.2854,32.1515],[75.2823,32.1469],[75.2817,32.1444],[75.2773,32.137],[75.2797,32.1342],[75.2834,32.1319],[75.2816,32.1281],[75.2814,32.1226],[75.2794,32.1178],[75.2748,32.1138],[75.2719,32.1127],[75.2627,32.1119],[75.2616,32.1105],[75.2661,32.1089],[75.2662,32.1065],[75.2613,32.1014],[75.2493,32.1011],[75.2451,32.0997],[75.2403,32.0911],[75.2314,32.0916],[75.2292,32.0933],[75.2354,32.1035],[75.227,32.1068],[75.2262,32.1034],[75.2232,32.1024],[75.2237,32.0982],[75.2177,32.1034],[75.2203,32.1077],[75.2194,32.1093],[75.2158,32.1211],[75.2098,32.1199],[75.2025,32.1202],[75.2054,32.1091],[75.2057,32.1025],[75.2037,32.0993],[75.2041,32.0967],[75.1979,32.0986],[75.1973,32.0942],[75.1974,32.0868],[75.196,32.0834],[75.1885,32.0819],[75.1793,32.0762],[75.1742,32.0675],[75.1686,32.0698],[75.1662,32.0715],[75.1647,32.0745],[75.1577,32.0818],[75.1547,32.0811],[75.1447,32.0814],[75.1424,32.0802],[75.1229,32.0814],[75.1203,32.0786],[75.1208,32.0754],[75.1175,32.0754],[75.1132,32.0719],[75.1086,32.0716],[75.1067,32.0696],[75.1089,32.0647],[75.1049,32.0586],[75.102,32.0592],[75.0957,32.0684],[75.0912,32.0718],[75.0902,32.0694],[75.0916,32.0659],[75.0965,32.0621],[75.0994,32.0583],[75.0996,32.054],[75.1025,32.0529],[75.0979,32.0488],[75.0979,32.0441],[75.0995,32.0437],[75.0977,32.0384],[75.1021,32.0381],[75.1051,32.0369],[75.1053,32.033],[75.1074,32.0302],[75.1118,32.0281],[75.1133,32.0227],[75.1155,32.0211],[75.1209,32.0198],[75.1255,32.016],[75.1273,32.0158],[75.1278,32.0122],[75.1293,32.0092],[75.1302,32.0036],[75.1318,32.0017],[75.1292,31.9934],[75.1218,31.9848],[75.1295,31.9784],[75.1331,31.9743],[75.1348,31.9691],[75.14,31.9666],[75.1418,31.9622],[75.1416,31.9601],[75.1454,31.9564],[75.1465,31.952],[75.1447,31.948],[75.1511,31.9466],[75.1528,31.9446],[75.1567,31.9441],[75.1626,31.9447],[75.1685,31.9436],[75.1704,31.9419],[75.1686,31.9376],[75.1688,31.933],[75.1631,31.9269],[75.1585,31.9228],[75.1569,31.9185],[75.1588,31.9126],[75.1619,31.9137],[75.1683,31.9136],[75.1696,31.9118],[75.1734,31.9111],[75.1791,31.9115],[75.184,31.9071],[75.1872,31.9009],[75.1852,31.8986],[75.1802,31.8954],[75.1869,31.889],[75.1893,31.8907],[75.1956,31.8902],[75.1981,31.8923],[75.1975,31.8944],[75.2024,31.8977],[75.2054,31.9033],[75.2075,31.8983],[75.2101,31.895],[75.2057,31.8881],[75.2071,31.886],[75.213,31.8853],[75.2118,31.8817],[75.2135,31.8809],[75.2165,31.8831],[75.2189,31.883],[75.2258,31.8807],[75.2334,31.8758],[75.2375,31.8743],[75.2364,31.8782],[75.2432,31.8763],[75.2479,31.8783],[75.2482,31.874],[75.2542,31.8723],[75.2576,31.8747],[75.2583,31.8809],[75.2618,31.8814],[75.2647,31.8844],[75.2704,31.8863],[75.2745,31.8815],[75.2729,31.8769],[75.2774,31.8779],[75.2812,31.8747],[75.2797,31.8735],[75.2753,31.8762],[75.2737,31.8734],[75.2733,31.8702],[75.2696,31.8679],[75.2736,31.8631],[75.2753,31.8589],[75.2826,31.8589],[75.2842,31.8547],[75.2889,31.8529],[75.289,31.8478],[75.2928,31.8446],[75.2999,31.8449],[75.3037,31.8482],[75.3077,31.8456],[75.3103,31.8419],[75.3101,31.8393],[75.3179,31.8373],[75.3245,31.8351],[75.3298,31.8384],[75.3336,31.8345],[75.3395,31.8298],[75.3418,31.8325],[75.3338,31.8405],[75.3406,31.8454],[75.3445,31.8404],[75.3456,31.8363],[75.3483,31.8379],[75.3531,31.8375],[75.3606,31.8315],[75.3663,31.8286],[75.3713,31.8309],[75.3755,31.8341],[75.3799,31.8344],[75.3807,31.8378],[75.3861,31.8367],[75.3895,31.8367],[75.3891,31.8334],[75.391,31.8328],[75.3928,31.8257],[75.3883,31.8242],[75.3858,31.8222],[75.3856,31.8188],[75.3937,31.8116],[75.4011,31.8078],[75.4033,31.8101],[75.4127,31.8128],[75.4179,31.8134],[75.4228,31.8095],[75.4265,31.8042],[75.4299,31.7974],[75.4356,31.7963],[75.4402,31.7948],[75.4485,31.7977],[75.4504,31.7991],[75.4546,31.7998],[75.4561,31.8026],[75.4602,31.8036],[75.4641,31.8072],[75.4718,31.8071],[75.4723,31.8041],[75.4754,31.802],[75.4629,31.7998],[75.4657,31.7929],[75.4714,31.7941],[75.4776,31.7972],[75.4826,31.7985],[75.4856,31.7982],[75.4941,31.8004],[75.5,31.8036],[75.5061,31.8044],[75.514,31.8065],[75.5211,31.8096],[75.5227,31.813],[75.5256,31.8153],[75.5246,31.817],[75.5277,31.8268],[75.5306,31.8275],[75.5316,31.8235],[75.5311,31.8184],[75.5316,31.8118],[75.5327,31.8104],[75.53,31.7973],[75.5274,31.7957],[75.5262,31.7901],[75.5282,31.7856],[75.5316,31.7851],[75.5324,31.7799],[75.5366,31.7779],[75.5447,31.7765],[75.5524,31.7766],[75.5585,31.7814],[75.5615,31.7878],[75.5617,31.7911],[75.5636,31.7941],[75.5592,31.7994],[75.5672,31.8003],[75.5689,31.807],[75.5674,31.8124],[75.5647,31.8145],[75.5616,31.8249],[75.5624,31.8275],[75.5579,31.8271],[75.5549,31.8259],[75.5511,31.826],[75.5501,31.8397],[75.5478,31.8487],[75.5536,31.8496],[75.5537,31.8507],[75.5624,31.851],[75.5645,31.8542],[75.5695,31.8548],[75.5686,31.8726],[75.5689,31.8753],[75.5675,31.8773],[75.5651,31.8882],[75.5594,31.8878],[75.5567,31.8993],[75.5553,31.9004],[75.5482,31.9097],[75.54,31.9259],[75.5388,31.9344],[75.537,31.9419],[75.531,31.9415],[75.5314,31.9475],[75.5339,31.9603],[75.5376,31.9676],[75.5416,31.9672],[75.5426,31.9707],[75.5415,31.9726],[75.5429,31.9766],[75.5465,31.98],[75.5436,31.9826],[75.5497,31.9879],[75.5533,31.9928],[75.5572,31.9995],[75.5558,32.0014],[75.549,32.0068],[75.547,32.0077],[75.5432,32.0149],[75.5416,32.025],[75.5385,32.0261],[75.538,32.0288],[75.5349,32.0305],[75.5529,32.0319],[75.5556,32.0345],[75.5591,32.0349],[75.5628,32.0377],[75.5671,32.0436],[75.5688,32.0488],[75.5698,32.0572],[75.572,32.0641],[75.5737,32.0677],[75.583,32.0778],[75.5911,32.0805],[75.5958,32.0857],[75.6008,32.0931]]]},"properties":{"id":"in:subdistrict:202","level":"subdistrict","name":"Gurdaspur","code":202,"parent":"in:district:32","state":"in:state:3"}},{"type":"Feature","geometry":{"type":"Polygon","coordinates":[[[75.4414,31.4947],[75.438,31.4923],[75.4319,31.4904],[75.4238,31.4889],[75.4235,31.4905],[75.4272,31.4933],[75.4257,31.5002],[75.4268,31.5075],[75.4321,31.5099],[75.4325,31.512],[75.4306,31.5168],[75.4336,31.5189],[75.4326,31.5292],[75.4288,31.5309],[75.4241,31.5344],[75.42,31.5341],[75.4196,31.5372],[75.4164,31.5372],[75.4115,31.5395],[75.4053,31.5433],[75.4075,31.5453],[75.4054,31.5486],[75.4042,31.5545],[75.4011,31.5522],[75.4011,31.5582],[75.4028,31.56],[75.3906,31.5628],[75.3753,31.5783],[75.3748,31.5789],[75.3587,31.5684],[75.355,31.5636],[75.3453,31.5541],[75.3431,31.5559],[75.3276,31.5425],[75.3209,31.5326],[75.3167,31.5286],[75.3179,31.5267],[75.3111,31.5189],[75.3086,31.5173],[75.2977,31.5023],[75.2956,31.4986],[75.285,31.4846],[75.2822,31.4821],[75.2799,31.4817],[75.2669,31.4802],[75.2522,31.4694],[75.2491,31.4627],[75.2433,31.4552],[75.235,31.4593],[75.2311,31.4502],[75.2274,31.436],[75.2245,31.4219],[75.2141,31.4219],[75.2101,31.4351],[75.1997,31.436],[75.1917,31.4331],[75.1871,31.4247],[75.1865,31.4147],[75.1873,31.4147],[75.1943,31.408],[75.1899,31.406],[75.1878,31.4075],[75.1786,31.3989],[75.1815,31.396],[75.1854,31.3882],[75.1841,31.3862],[75.1837,31.3776],[75.1828,31.3701],[75.1801,31.3698],[75.1759,31.3613],[75.1797,31.3596],[75.1827,31.3603],[75.1854,31.3628],[75.1946,31.3674],[75.2016,31.3675],[75.2016,31.3623],[75.2044,31.3596],[75.2103,31.3619],[75.2128,31.3611],[75.2149,31.3625],[75.2188,31.3607],[75.2236,31.3566],[75.2282,31.3574],[75.2332,31.3553],[75.2383,31.3497],[75.2425,31.347],[75.2466,31.3494],[75.2477,31.3528],[75.2507,31.3517],[75.2573,31.3531],[75.2624,31.351],[75.2712,31.3492],[75.2771,31.3446],[75.2791,31.3419],[75.2828,31.3407],[75.2842,31.339],[75.2869,31.3307],[75.2836,31.3306],[75.2772,31.3276],[75.2736,31.3289],[75.2676,31.3295],[75.2633,31.3274],[75.2583,31.3189],[75.2599,31.3139],[75.2595,31.3101],[75.2575,31.3083],[75.255,31.3097],[75.2524,31.3092],[75.2504,31.3071],[75.2503,31.3036],[75.2517,31.3013],[75.2517,31.2976],[75.2506,31.2949],[75.2529,31.2907],[75.2628,31.2888],[75.2662,31.2932],[75.2737,31.2915],[75.2745,31.2907],[75.2709,31.2858],[75.2722,31.2838],[75.2674,31.2794],[75.2688,31.2763],[75.2675,31.2678],[75.2655,31.2622],[75.2686,31.2595],[75.2716,31.2588],[75.2767,31.259],[75.2841,31.2543],[75.2879,31.2538],[75.2912,31.2555],[75.2942,31.2583],[75.3006,31.2565],[75.3064,31.2562],[75.3108,31.2529],[75.3129,31.2498],[75.3213,31.2439],[75.3239,31.2483],[75.3303,31.251],[75.3347,31.2504],[75.3401,31.2462],[75.3384,31.2442],[75.3374,31.2391],[75.34,31.2358],[75.3447,31.2319],[75.3527,31.2299],[75.355,31.2284],[75.3639,31.2259],[75.3655,31.227],[75.3619,31.2358],[75.3691,31.2392],[75.3766,31.2307],[75.382,31.2323],[75.3844,31.2375],[75.3843,31.2394],[75.3894,31.2422],[75.3895,31.2444],[75.3943,31.2451],[75.4004,31.2475],[75.4063,31.2448],[75.4119,31.2468],[75.4179,31.2497],[75.4225,31.2456],[75.4226,31.2428],[75.42,31.2418],[75.4192,31.2396],[75.4244,31.2357],[75.4231,31.2294],[75.429,31.2288],[75.4336,31.2292],[75.4355,31.2383],[75.4376,31.2405],[75.4439,31.241],[75.4485,31.2389],[75.4508,31.237],[75.4544,31.2356],[75.4609,31.2355],[75.4618,31.2436],[75.466,31.2482],[75.4675,31.2479],[75.472,31.251],[75.4715,31.2552],[75.4679,31.2574],[75.4675,31.2625],[75.4648,31.2754],[75.463,31.2799],[75.4598,31.2799],[75.4525,31.2819],[75.4531,31.2856],[75.4483,31.2877],[75.4465,31.2863],[75.4376,31.2894],[75.4366,31.2929],[75.4381,31.2968],[75.4428,31.3041],[75.4428,31.3066],[75.4391,31.3113],[75.4382,31.3143],[75.4342,31.3178],[75.44,31.3218],[75.4462,31.3229],[75.4482,31.3247],[75.4537,31.3246],[75.4614,31.3254],[75.4686,31.3248],[75.4712,31.3287],[75.474,31.3345],[75.4753,31.339],[75.4781,31.3453],[75.4791,31.3501],[75.4786,31.3533],[75.4801,31.3595],[75.4822,31.3642],[75.4775,31.3677],[75.4729,31.3637],[75.469,31.3619],[75.4656,31.3625],[75.4611,31.3609],[75.4578,31.363],[75.4585,31.3645],[75.4557,31.3716],[75.4635,31.3747],[75.4669,31.3741],[75.4672,31.3712],[75.4745,31.3737],[75.4775,31.372],[75.4798,31.3722],[75.4809,31.3761],[75.4873,31.375],[75.4887,31.3831],[75.4905,31.3859],[75.486,31.3867],[75.479,31.3923],[75.4728,31.3956],[75.4702,31.3957],[75.4695,31.3893],[75.4668,31.3853],[75.4639,31.3838],[75.4606,31.3836],[75.4605,31.3813],[75.4482,31.3828],[75.444,31.3821],[75.4388,31.3825],[75.4366,31.385],[75.4373,31.389],[75.4364,31.3915],[75.4334,31.3935],[75.4388,31.3976],[75.4421,31.4052],[75.4367,31.4081],[75.4368,31.4105],[75.4316,31.414],[75.4341,31.4174],[75.4369,31.4257],[75.4382,31.426],[75.4424,31.4325],[75.4464,31.4295],[75.4512,31.4271],[75.4538,31.4308],[75.4463,31.4363],[75.4454,31.4405],[75.4503,31.444],[75.4579,31.4374],[75.4593,31.4401],[75.4647,31.439],[75.4665,31.4467],[75.4614,31.4535],[75.4563,31.4574],[75.4547,31.4649],[75.4523,31.4697],[75.4521,31.4722],[75.4485,31.4705],[75.4447,31.4731],[75.4432,31.4824],[75.4401,31.4846],[75.44,31.4894],[75.4414,31.4947]]]},"properties":{"id":"in:subdistrict:206","level":"subdistrict","name":"Kapurthala","code":206,"parent":"in:district:35","state":"in:state:3"}},{"type":"Feature","geometry":{"type":"Polygon","coordinates":[[[75.3753,31.5783],[75.3778,31.5796],[75.396,31.5804],[75.4,31.5869],[75.4023,31.5924],[75.4043,31.5935],[75.3977,31.5994],[75.3964,31.5996],[75.3918,31.606],[75.3872,31.609],[75.3843,31.6139],[75.3803,31.6155],[75.3739,31.622],[75.3727,31.6246],[75.3646,31.6251],[75.3622,31.6259],[75.3571,31.6295],[75.3466,31.6339],[75.3414,31.6356],[75.3387,31.6412],[75.3342,31.6396],[75.3295,31.6352],[75.3272,31.6354],[75.3205,31.6398],[75.3132,31.6458],[75.3095,31.6499],[75.3025,31.6526],[75.2998,31.6556],[75.3056,31.6587],[75.3096,31.6615],[75.3133,31.6673],[75.3094,31.6701],[75.3067,31.6754],[75.301,31.6748],[75.2975,31.6811],[75.2945,31.6806],[75.2925,31.6834],[75.2894,31.681],[75.2843,31.6818],[75.2867,31.6922],[75.2851,31.6947],[75.285,31.6984],[75.2793,31.6983],[75.2786,31.6965],[75.2695,31.695],[75.2614,31.692],[75.2574,31.6938],[75.251,31.6918],[75.2476,31.6918],[75.2452,31.6898],[75.2412,31.6897],[75.2426,31.6868],[75.2403,31.6832],[75.2356,31.6868],[75.2319,31.6866],[75.2296,31.6841],[75.2276,31.6841],[75.2261,31.6889],[75.2281,31.6911],[75.2255,31.6928],[75.2239,31.6916],[75.2182,31.6949],[75.2145,31.6946],[75.2131,31.6986],[75.215,31.7019],[75.2133,31.7054],[75.2096,31.7061],[75.2093,31.7077],[75.2043,31.7075],[75.1939,31.711],[75.1936,31.7151],[75.1948,31.7182],[75.2001,31.7179],[75.2038,31.7224],[75.2012,31.7245],[75.2024,31.7306],[75.1973,31.734],[75.1907,31.7332],[75.1879,31.7339],[75.1874,31.7379],[75.1906,31.7399],[75.1866,31.7424],[75.1843,31.7391],[75.1818,31.7405],[75.1749,31.7483],[75.1709,31.748],[75.1654,31.7457],[75.16,31.7463],[75.1597,31.7477],[75.1523,31.7484],[75.1454,31.7458],[75.1399,31.7447],[75.1352,31.7403],[75.1239,31.7392],[75.117,31.7351],[75.1135,31.7319],[75.1109,31.7274],[75.1085,31.7258],[75.1052,31.7214],[75.1057,31.7191],[75.1032,31.7165],[75.1026,31.7136],[75.1048,31.7124],[75.108,31.7145],[75.1163,31.7154],[75.1257,31.7097],[75.1241,31.7],[75.1171,31.6964],[75.1119,31.6992],[75.1097,31.6992],[75.1046,31.6918],[75.1116,31.6895],[75.1152,31.6893],[75.1195,31.6879],[75.1157,31.6835],[75.1167,31.6786],[75.1215,31.6751],[75.1219,31.672],[75.1269,31.673],[75.1292,31.6702],[75.1323,31.6628],[75.1333,31.658],[75.1351,31.6556],[75.1276,31.6532],[75.118,31.6493],[75.112,31.6494],[75.1109,31.6543],[75.1061,31.6587],[75.1038,31.6654],[75.0978,31.6692],[75.0973,31.6734],[75.0931,31.6732],[75.089,31.672],[75.0879,31.6704],[75.0733,31.6698],[75.0684,31.669],[75.0791,31.6644],[75.0789,31.6618],[75.0768,31.6582],[75.0798,31.657],[75.0819,31.6538],[75.0892,31.6525],[75.0913,31.6504],[75.0898,31.6426],[75.0862,31.6407],[75.0824,31.642],[75.0797,31.641],[75.0751,31.6412],[75.0713,31.6391],[75.0618,31.6413],[75.0607,31.6371],[75.0565,31.6341],[75.057,31.6314],[75.0604,31.6295],[75.0612,31.6268],[75.0575,31.6228],[75.0608,31.6221],[75.061,31.6203],[75.066,31.6208],[75.0684,31.618],[75.069,31.6155],[75.0724,31.6117],[75.0806,31.6102],[75.0825,31.6069],[75.0821,31.6035],[75.0864,31.5989],[75.0911,31.5997],[75.0993,31.5978],[75.1047,31.5997],[75.1063,31.5986],[75.1076,31.5912],[75.0991,31.5874],[75.0958,31.5823],[75.0953,31.5789],[75.1011,31.5758],[75.1057,31.5767],[75.1096,31.5747],[75.1089,31.5711],[75.1108,31.5658],[75.1142,31.5615],[75.1177,31.5583],[75.1183,31.556],[75.1084,31.5496],[75.1022,31.5427],[75.0986,31.5436],[75.0904,31.5433],[75.086,31.5484],[75.0806,31.55],[75.0773,31.553],[75.0707,31.5564],[75.0652,31.5571],[75.0626,31.5587],[75.0545,31.5537],[75.0438,31.5542],[75.0415,31.5453],[75.0436,31.5429],[75.0411,31.54],[75.0407,31.5358],[75.0393,31.5332],[75.0307,31.5322],[75.0322,31.5311],[75.03,31.5267],[75.0359,31.5271],[75.0393,31.5237],[75.0416,31.5252],[75.0442,31.5217],[75.0454,31.5182],[75.0478,31.5171],[75.0577,31.5213],[75.0614,31.5238],[75.0666,31.525],[75.0706,31.5282],[75.0833,31.5208],[75.0886,31.521],[75.0967,31.5226],[75.1028,31.5225],[75.1084,31.5237],[75.1082,31.5186],[75.1102,31.5119],[75.1156,31.5094],[75.1157,31.5066],[75.1221,31.4991],[75.1219,31.4963],[75.1246,31.4952],[75.1282,31.5006],[75.1313,31.5041],[75.1394,31.5087],[75.1461,31.5063],[75.1485,31.5065],[75.1538,31.5085],[75.1552,31.508],[75.1626,31.512],[75.1656,31.5163],[75.1679,31.5169],[75.1679,31.5246],[75.1725,31.5259],[75.1763,31.5289],[75.1803,31.5291],[75.1829,31.5256],[75.19,31.522],[75.1906,31.5195],[75.1879,31.5182],[75.1894,31.5154],[75.1842,31.5073],[75.187,31.505],[75.1917,31.5038],[75.1961,31.5004],[75.2009,31.5044],[75.2026,31.5034],[75.2054,31.4986],[75.208,31.4971],[75.2098,31.498],[75.2131,31.4964],[75.2142,31.4944],[75.2234,31.4914],[75.2286,31.4913],[75.2298,31.4963],[75.2334,31.4989],[75.237,31.4979],[75.2414,31.4989],[75.2505,31.5024],[75.2545,31.5],[75.2555,31.4966],[75.2577,31.4953],[75.26,31.4968],[75.264,31.495],[75.2694,31.4916],[75.2774,31.4835],[75.2799,31.4817],[75.2822,31.4821],[75.285,31.4846],[75.2956,31.4986],[75.2977,31.5023],[75.3086,31.5173],[75.3111,31.5189],[75.3179,31.5267],[75.3167,31.5286],[75.3209,31.5326],[75.3276,31.5425],[75.3431,31.5559],[75.3453,31.5541],[75.355,31.5636],[75.3587,31.5684],[75.3748,31.5789],[75.3753,31.5783]]]},"properties":{"id":"in:subdistrict:258","level":"subdistrict","name":"Baba Bakala","code":258,"parent":"in:district:27","state":"in:state:3"}},{"type":"Feature","geometry":{"type":"Polygon","coordinates":[[[75.1447,31.948],[75.1417,31.941],[75.1428,31.9314],[75.1437,31.9285],[75.1426,31.9257],[75.1391,31.92],[75.1327,31.9136],[75.1269,31.9118],[75.1217,31.9124],[75.1199,31.9105],[75.1166,31.9104],[75.1149,31.9145],[75.1128,31.9169],[75.1082,31.9164],[75.1041,31.9141],[75.096,31.9141],[75.0895,31.9155],[75.0851,31.9118],[75.0849,31.9101],[75.0883,31.9068],[75.088,31.9043],[75.0849,31.9049],[75.08,31.9093],[75.0792,31.9115],[75.0756,31.915],[75.074,31.9178],[75.0691,31.917],[75.0509,31.9159],[75.0489,31.9169],[75.0396,31.9182],[75.0324,31.9176],[75.0269,31.9211],[75.0234,31.9216],[75.0214,31.9249],[75.019,31.9325],[75.0213,31.9343],[75.0203,31.9394],[75.0242,31.9416],[75.024,31.944],[75.0207,31.9468],[75.0142,31.9493],[75.0118,31.9512],[75.005,31.9493],[75.0043,31.9434],[75.0026,31.942],[75.0045,31.9378],[75.0054,31.9311],[75.0002,31.9291],[74.999,31.925],[74.9932,31.9246],[74.9926,31.9213],[74.9857,31.9186],[74.9771,31.9247],[74.9712,31.9276],[74.9692,31.9255],[74.9723,31.9216],[74.9693,31.919],[74.9648,31.9179],[74.9573,31.9195],[74.954,31.9219],[74.9499,31.9179],[74.9505,31.9123],[74.9529,31.9108],[74.9549,31.9065],[74.958,31.9076],[74.9635,31.9025],[74.9665,31.9026],[74.9699,31.9003],[74.961,31.8931],[74.9592,31.895],[74.9583,31.8987],[74.9552,31.8979],[74.9497,31.8998],[74.9479,31.9015],[74.952,31.9076],[74.9474,31.9054],[74.9441,31.9022],[74.9408,31.903],[74.9397,31.8998],[74.9342,31.8987],[74.9316,31.8971],[74.9293,31.8986],[74.9254,31.8986],[74.9266,31.8953],[74.9324,31.8925],[74.9311,31.8912],[74.9341,31.8888],[74.9334,31.8872],[74.9229,31.8907],[74.9219,31.8942],[74.9194,31.8926],[74.9187,31.8887],[74.9186,31.8827],[74.9166,31.8792],[74.9242,31.8766],[74.9306,31.8727],[74.9345,31.8682],[74.9392,31.8667],[74.9404,31.8701],[74.9438,31.8697],[74.9447,31.8647],[74.9417,31.8636],[74.9419,31.8606],[74.947,31.859],[74.9511,31.8559],[74.9576,31.8563],[74.9621,31.8539],[74.9639,31.8482],[74.9644,31.8434],[74.962,31.841],[74.966,31.8372],[74.9692,31.8313],[74.9741,31.8345],[74.9836,31.8363],[74.9881,31.8328],[74.9927,31.8309],[74.9977,31.8309],[75.0004,31.8326],[75.0025,31.83],[75.0051,31.8297],[75.0101,31.8248],[75.0124,31.8208],[75.0148,31.8201],[75.0224,31.8208],[75.0281,31.8228],[75.0282,31.821],[75.0219,31.8178],[75.0291,31.8126],[75.0315,31.8146],[75.0355,31.8105],[75.0342,31.8088],[75.0355,31.8058],[75.0399,31.8025],[75.046,31.8056],[75.052,31.8073],[75.0579,31.8079],[75.0656,31.8067],[75.0707,31.8075],[75.0738,31.8061],[75.0799,31.8013],[75.082,31.7955],[75.0823,31.7922],[75.0892,31.7917],[75.0932,31.7901],[75.0955,31.7874],[75.1031,31.7822],[75.1119,31.7812],[75.1136,31.7771],[75.108,31.773],[75.1068,31.7654],[75.1,31.7644],[75.101,31.7593],[75.1026,31.7588],[75.1039,31.7554],[75.117,31.753],[75.1238,31.7566],[75.1259,31.7541],[75.1309,31.754],[75.1374,31.7518],[75.1461,31.7583],[75.1481,31.7536],[75.1523,31.7484],[75.1597,31.7477],[75.16,31.7463],[75.1654,31.7457],[75.1709,31.748],[75.1749,31.7483],[75.1818,31.7405],[75.1843,31.7391],[75.1866,31.7424],[75.1906,31.7399],[75.1874,31.7379],[75.1879,31.7339],[75.1907,31.7332],[75.1973,31.734],[75.2024,31.7306],[75.2012,31.7245],[75.2038,31.7224],[75.2001,31.7179],[75.1948,31.7182],[75.1936,31.7151],[75.1939,31.711],[75.2043,31.7075],[75.2093,31.7077],[75.2096,31.7061],[75.2133,31.7054],[75.215,31.7019],[75.2131,31.6986],[75.2145,31.6946],[75.2182,31.6949],[75.2239,31.6916],[75.2255,31.6928],[75.2281,31.6911],[75.2261,31.6889],[75.2276,31.6841],[75.2296,31.6841],[75.2319,31.6866],[75.2356,31.6868],[75.2403,31.6832],[75.2426,31.6868],[75.2412,31.6897],[75.2452,31.6898],[75.2476,31.6918],[75.251,31.6918],[75.2574,31.6938],[75.2614,31.692],[75.2695,31.695],[75.2786,31.6965],[75.2793,31.6983],[75.285,31.6984],[75.2851,31.6947],[75.2867,31.6922],[75.2843,31.6818],[75.2894,31.681],[75.2925,31.6834],[75.2945,31.6806],[75.2975,31.6811],[75.301,31.6748],[75.3067,31.6754],[75.3094,31.6701],[75.3133,31.6673],[75.3096,31.6615],[75.3056,31.6587],[75.2998,31.6556],[75.3025,31.6526],[75.3095,31.6499],[75.3132,31.6458],[75.3205,31.6398],[75.3272,31.6354],[75.3295,31.6352],[75.3342,31.6396],[75.3387,31.6412],[75.3414,31.6356],[75.3466,31.6339],[75.3571,31.6295],[75.3622,31.6259],[75.3646,31.6251],[75.3727,31.6246],[75.3739,31.622],[75.3803,31.6155],[75.3843,31.6139],[75.3872,31.609],[75.3918,31.606],[75.3964,31.5996],[75.3977,31.5994],[75.4043,31.5935],[75.4125,31.5982],[75.4173,31.6113],[75.4191,31.6149],[75.4183,31.6175],[75.4194,31.6216],[75.4243,31.6257],[75.4272,31.6261],[75.4449,31.6309],[75.4526,31.6324],[75.4671,31.6359],[75.4685,31.6371],[75.4704,31.6467],[75.4743,31.6502],[75.4714,31.6539],[75.4842,31.6696],[75.4803,31.6717],[75.4837,31.6746],[75.484,31.6771],[75.4907,31.6804],[75.4939,31.6896],[75.4932,31.6954],[75.4942,31.698],[75.5,31.7024],[75.505,31.7071],[75.5098,31.7091],[75.5175,31.7174],[75.5251,31.7283],[75.5306,31.7345],[75.5342,31.736],[75.535,31.7391],[75.5418,31.7503],[75.5374,31.7506],[75.5384,31.7539],[75.5384,31.7594],[75.5391,31.7665],[75.5337,31.7736],[75.5307,31.779],[75.5324,31.7799],[75.5316,31.7851],[75.5282,31.7856],[75.5262,31.7901],[75.5274,31.7957],[75.53,31.7973],[75.5327,31.8104],[75.5316,31.8118],[75.5311,31.8184],[75.5316,31.8235],[75.5306,31.8275],[75.5277,31.8268],[75.5246,31.817],[75.5256,31.8153],[75.5227,31.813],[75.5211,31.8096],[75.514,31.8065],[75.5061,31.8044],[75.5,31.8036],[75.4941,31.8004],[75.4856,31.7982],[75.4826,31.7985],[75.4776,31.7972],[75.4714,31.7941],[75.4657,31.7929],[75.4629,31.7998],[75.4754,31.802],[75.4723,31.8041],[75.4718,31.8071],[75.4641,31.8072],[75.4602,31.8036],[75.4561,31.8026],[75.4546,31.7998],[75.4504,31.7991],[75.4485,31.7977],[75.4402,31.7948],[75.4356,31.7963],[75.4299,31.7974],[75.4265,31.8042],[75.4228,31.8095],[75.4179,31.8134],[75.4127,31.8128],[75.4033,31.8101],[75.4011,31.8078],[75.3937,31.8116],[75.3856,31.8188],[75.3858,31.8222],[75.3883,31.8242],[75.3928,31.8257],[75.391,31.8328],[75.3891,31.8334],[75.3895,31.8367],[75.3861,31.8367],[75.3807,31.8378],[75.3799,31.8344],[75.3755,31.8341],[75.3713,31.8309],[75.3663,31.8286],[75.3606,31.8315],[75.3531,31.8375],[75.3483,31.8379],[75.3456,31.8363],[75.3445,31.8404],[75.3406,31.8454],[75.3338,31.8405],[75.3418,31.8325],[75.3395,31.8298],[75.3336,31.8345],[75.3298,31.8384],[75.3245,31.8351],[75.3179,31.8373],[75.3101,31.8393],[75.3103,31.8419],[75.3077,31.8456],[75.3037,31.8482],[75.2999,31.8449],[75.2928,31.8446],[75.289,31.8478],[75.2889,31.8529],[75.2842,31.8547],[75.2826,31.8589],[75.2753,31.8589],[75.2736,31.8631],[75.2696,31.8679],[75.2733,31.8702],[75.2737,31.8734],[75.2753,31.8762],[75.2797,31.8735],[75.2812,31.8747],[75.2774,31.8779],[75.2729,31.8769],[75.2745,31.8815],[75.2704,31.8863],[75.2647,31.8844],[75.2618,31.8814],[75.2583,31.8809],[75.2576,31.8747],[75.2542,31.8723],[75.2482,31.874],[75.2479,31.8783],[75.2432,31.8763],[75.2364,31.8782],[75.2375,31.8743],[75.2334,31.8758],[75.2258,31.8807],[75.2189,31.883],[75.2165,31.8831],[75.2135,31.8809],[75.2118,31.8817],[75.213,31.8853],[75.2071,31.886],[75.2057,31.8881],[75.2101,31.895],[75.2075,31.8983],[75.2054,31.9033],[75.2024,31.8977],[75.1975,31.8944],[75.1981,31.8923],[75.1956,31.8902],[75.1893,31.8907],[75.1869,31.889],[75.1802,31.8954],[75.1852,31.8986],[75.1872,31.9009],[75.184,31.9071],[75.1791,31.9115],[75.1734,31.9111],[75.1696,31.9118],[75.1683,31.9136],[75.1619,31.9137],[75.1588,31.9126],[75.1569,31.9185],[75.1585,31.9228],[75.1631,31.9269],[75.1688,31.933],[75.1686,31.9376],[75.1704,31.9419],[75.1685,31.9436],[75.1626,31.9447],[75.1567,31.9441],[75.1528,31.9446],[75.1511,31.9466],[75.1447,31.948]]]},"properties":{"id":"in:subdistrict:203","level":"subdistrict","name":"Batala","code":203,"parent":"in:district:32","state":"in:state:3"}},{"type":"Feature","geometry":{"type":"Polygon","coordinates":[[[75.1523,31.7484],[75.1481,31.7536],[75.1461,31.7583],[75.1374,31.7518],[75.1309,31.754],[75.1259,31.7541],[75.1238,31.7566],[75.117,31.753],[75.1039,31.7554],[75.1026,31.7588],[75.101,31.7593],[75.1,31.7644],[75.1068,31.7654],[75.108,31.773],[75.1136,31.7771],[75.1119,31.7812],[75.1031,31.7822],[75.0955,31.7874],[75.0932,31.7901],[75.0892,31.7917],[75.0823,31.7922],[75.082,31.7955],[75.0799,31.8013],[75.0738,31.8061],[75.0707,31.8075],[75.0656,31.8067],[75.0579,31.8079],[75.052,31.8073],[75.046,31.8056],[75.0399,31.8025],[75.0355,31.8058],[75.0342,31.8088],[75.0355,31.8105],[75.0315,31.8146],[75.0291,31.8126],[75.0219,31.8178],[75.0282,31.821],[75.0281,31.8228],[75.0224,31.8208],[75.0148,31.8201],[75.0124,31.8208],[75.0101,31.8248],[75.0051,31.8297],[75.0025,31.83],[75.0004,31.8326],[74.9977,31.8309],[74.9927,31.8309],[74.9881,31.8328],[74.9836,31.8363],[74.9741,31.8345],[74.9692,31.8313],[74.966,31.8372],[74.962,31.841],[74.9575,31.8437],[74.9519,31.8452],[74.9436,31.8442],[74.9399,31.8402],[74.9385,31.837],[74.9354,31.8347],[74.9327,31.8351],[74.9307,31.8309],[74.9296,31.826],[74.9305,31.8188],[74.9243,31.8117],[74.9241,31.809],[74.9295,31.8046],[74.933,31.8011],[74.9298,31.7986],[74.9295,31.7956],[74.9265,31.796],[74.9211,31.795],[74.9183,31.7916],[74.9179,31.789],[74.9202,31.7857],[74.9168,31.7806],[74.9182,31.7712],[74.913,31.7686],[74.9129,31.7672],[74.9083,31.7658],[74.9065,31.7615],[74.8964,31.7594],[74.8929,31.7596],[74.892,31.7582],[74.8873,31.7576],[74.886,31.7599],[74.883,31.758],[74.8786,31.758],[74.8759,31.7566],[74.8724,31.7522],[74.8708,31.7444],[74.8742,31.7448],[74.8751,31.7429],[74.8813,31.7436],[74.8839,31.7463],[74.886,31.7458],[74.8884,31.7492],[74.8908,31.7495],[74.8946,31.7482],[74.894,31.7416],[74.8967,31.7399],[74.8961,31.7349],[74.899,31.7355],[74.9087,31.7304],[74.9118,31.7315],[74.9139,31.73],[74.9142,31.7276],[74.9174,31.7264],[74.9192,31.7234],[74.9194,31.7157],[74.9233,31.7114],[74.9237,31.7088],[74.9298,31.706],[74.9317,31.706],[74.934,31.7019],[74.9365,31.7056],[74.9388,31.7074],[74.9469,31.7102],[74.951,31.7096],[74.9544,31.7119],[74.9622,31.7142],[74.9683,31.7134],[74.9712,31.7103],[74.9735,31.7046],[74.9791,31.7014],[74.9842,31.7],[74.9861,31.7011],[74.99,31.7002],[74.9942,31.6979],[74.9978,31.6983],[75.0017,31.6974],[75.0077,31.7011],[75.0102,31.7005],[75.0115,31.6975],[75.0136,31.698],[75.0131,31.7057],[75.0157,31.7059],[75.0197,31.7088],[75.0244,31.7106],[75.025,31.7073],[75.0276,31.7046],[75.033,31.6932],[75.031,31.6897],[75.0245,31.6847],[75.0215,31.6815],[75.0202,31.6772],[75.0178,31.6755],[75.0092,31.6793],[75.0022,31.6796],[74.9938,31.6752],[74.9954,31.6733],[74.991,31.6637],[74.9887,31.6604],[74.9839,31.6577],[74.9821,31.6575],[74.9776,31.647],[74.9736,31.6461],[74.9728,31.6415],[74.9688,31.6375],[74.9665,31.6367],[74.9629,31.6372],[74.9572,31.6393],[74.9542,31.6415],[74.9532,31.6439],[74.9483,31.6495],[74.9402,31.6466],[74.933,31.6469],[74.9305,31.6475],[74.9304,31.6382],[74.9411,31.6382],[74.9413,31.6244],[74.9438,31.6244],[74.9451,31.6182],[74.951,31.6055],[74.9473,31.5985],[74.9517,31.5963],[74.956,31.591],[74.9604,31.589],[74.9647,31.5858],[74.9658,31.5838],[74.9634,31.5823],[74.9629,31.5796],[74.9608,31.5769],[74.9627,31.5755],[74.9676,31.5746],[74.9705,31.5678],[74.9682,31.5653],[74.9705,31.5643],[74.9703,31.5619],[74.9684,31.5584],[74.9711,31.5544],[74.9673,31.5547],[74.9664,31.5566],[74.9626,31.5566],[74.9577,31.5621],[74.9504,31.5653],[74.9476,31.5614],[74.9495,31.5594],[74.9494,31.556],[74.9467,31.5554],[74.9464,31.5529],[74.9441,31.5488],[74.9476,31.5441],[74.9457,31.5419],[74.947,31.5386],[74.9496,31.5388],[74.9533,31.5374],[74.9556,31.5332],[74.9581,31.5327],[74.9617,31.5279],[74.9632,31.5249],[74.9577,31.5235],[74.9555,31.5252],[74.9509,31.526],[74.9452,31.526],[74.9408,31.5212],[74.9401,31.5186],[74.9408,31.5108],[74.9383,31.5094],[74.9466,31.5042],[74.951,31.4997],[74.951,31.4977],[74.9568,31.4964],[74.9634,31.5069],[74.9608,31.5082],[74.9651,31.5141],[74.9737,31.5114],[74.9778,31.5141],[74.9767,31.5172],[74.9729,31.5183],[74.9774,31.5231],[74.982,31.5267],[74.9841,31.5263],[74.9872,31.5159],[74.9918,31.5079],[74.9911,31.5051],[74.9936,31.5043],[74.9964,31.5079],[74.9969,31.5115],[75,31.5112],[75.0004,31.5144],[75.006,31.5212],[75.0066,31.5246],[75.0098,31.5257],[75.0119,31.5245],[75.0182,31.5235],[75.0225,31.5271],[75.0264,31.5267],[75.0307,31.5322],[75.0393,31.5332],[75.0407,31.5358],[75.0411,31.54],[75.0436,31.5429],[75.0415,31.5453],[75.0438,31.5542],[75.0545,31.5537],[75.0626,31.5587],[75.0652,31.5571],[75.0707,31.5564],[75.0773,31.553],[75.0806,31.55],[75.086,31.5484],[75.0904,31.5433],[75.0986,31.5436],[75.1022,31.5427],[75.1084,31.5496],[75.1183,31.556],[75.1177,31.5583],[75.1142,31.5615],[75.1108,31.5658],[75.1089,31.5711],[75.1096,31.5747],[75.1057,31.5767],[75.1011,31.5758],[75.0953,31.5789],[75.0958,31.5823],[75.0991,31.5874],[75.1076,31.5912],[75.1063,31.5986],[75.1047,31.5997],[75.0993,31.5978],[75.0911,31.5997],[75.0864,31.5989],[75.0821,31.6035],[75.0825,31.6069],[75.0806,31.6102],[75.0724,31.6117],[75.069,31.6155],[75.0684,31.618],[75.066,31.6208],[75.061,31.6203],[75.0608,31.6221],[75.0575,31.6228],[75.0612,31.6268],[75.0604,31.6295],[75.057,31.6314],[75.0565,31.6341],[75.0607,31.6371],[75.0618,31.6413],[75.0713,31.6391],[75.0751,31.6412],[75.0797,31.641],[75.0824,31.642],[75.0862,31.6407],[75.0898,31.6426],[75.0913,31.6504],[75.0892,31.6525],[75.0819,31.6538],[75.0798,31.657],[75.0768,31.6582],[75.0789,31.6618],[75.0791,31.6644],[75.0684,31.669],[75.0733,31.6698],[75.0879,31.6704],[75.089,31.672],[75.0931,31.6732],[75.0973,31.6734],[75.0978,31.6692],[75.1038,31.6654],[75.1061,31.6587],[75.1109,31.6543],[75.112,31.6494],[75.118,31.6493],[75.1276,31.6532],[75.1351,31.6556],[75.1333,31.658],[75.1323,31.6628],[75.1292,31.6702],[75.1269,31.673],[75.1219,31.672],[75.1215,31.6751],[75.1167,31.6786],[75.1157,31.6835],[75.1195,31.6879],[75.1152,31.6893],[75.1116,31.6895],[75.1046,31.6918],[75.1097,31.6992],[75.1119,31.6992],[75.1171,31.6964],[75.1241,31.7],[75.1257,31.7097],[75.1163,31.7154],[75.108,31.7145],[75.1048,31.7124],[75.1026,31.7136],[75.1032,31.7165],[75.1057,31.7191],[75.1052,31.7214],[75.1085,31.7258],[75.1109,31.7274],[75.1135,31.7319],[75.117,31.7351],[75.1239,31.7392],[75.1352,31.7403],[75.1399,31.7447],[75.1454,31.7458],[75.1523,31.7484]]]},"properties":{"id":"in:subdistrict:256","level":"subdistrict","name":"Amritsar -I","code":256,"parent":"in:district:27","state":"in:state:3"}},{"type":"Feature","geometry":{"type":"Polygon","coordinates":[[[74.8708,31.7444],[74.8662,31.7455],[74.8631,31.7429],[74.854,31.7404],[74.847,31.7407],[74.8469,31.7386],[74.8487,31.7341],[74.8473,31.7313],[74.8501,31.7281],[74.8497,31.7245],[74.8442,31.718],[74.841,31.7186],[74.8365,31.714],[74.8351,31.7152],[74.8319,31.7146],[74.8276,31.7157],[74.8194,31.7199],[74.8144,31.7162],[74.8125,31.713],[74.8112,31.7087],[74.8166,31.7043],[74.8153,31.6985],[74.807,31.6978],[74.805,31.6894],[74.8122,31.6871],[74.8054,31.6815],[74.8021,31.6823],[74.7927,31.6817],[74.7891,31.6836],[74.7833,31.6819],[74.7821,31.6834],[74.7801,31.69],[74.7731,31.6927],[74.7622,31.69],[74.759,31.6898],[74.7556,31.6913],[74.7558,31.6857],[74.7641,31.6767],[74.7587,31.6719],[74.7582,31.6656],[74.7568,31.6609],[74.7587,31.6572],[74.7589,31.6538],[74.7611,31.6535],[74.7623,31.6501],[74.7614,31.6474],[74.7587,31.6462],[74.7515,31.6478],[74.7464,31.6469],[74.7444,31.6457],[74.7427,31.6412],[74.737,31.638],[74.7353,31.6317],[74.7296,31.6319],[74.7236,31.6282],[74.7178,31.6263],[74.713,31.6268],[74.7122,31.6232],[74.7082,31.6207],[74.7041,31.62],[74.7002,31.6155],[74.6987,31.6111],[74.6932,31.6133],[74.6856,31.6134],[74.6834,31.6143],[74.6828,31.6185],[74.6801,31.622],[74.6828,31.6263],[74.6798,31.6282],[74.6732,31.6283],[74.6728,31.6239],[74.6708,31.623],[74.6653,31.623],[74.6651,31.6263],[74.6631,31.6274],[74.6566,31.6234],[74.6547,31.6209],[74.6514,31.6214],[74.6486,31.6235],[74.6458,31.6236],[74.6398,31.6258],[74.6394,31.6286],[74.6329,31.6339],[74.628,31.6337],[74.626,31.6303],[74.6202,31.6287],[74.6174,31.6256],[74.6093,31.6245],[74.6063,31.6272],[74.601,31.628],[74.5975,31.633],[74.5945,31.6352],[74.5906,31.6463],[74.592,31.6498],[74.5883,31.6551],[74.5821,31.6549],[74.5679,31.6519],[74.5646,31.6528],[74.561,31.6506],[74.5587,31.6531],[74.5567,31.6515],[74.5494,31.6505],[74.5448,31.6483],[74.5467,31.6457],[74.548,31.6391],[74.5463,31.6331],[74.5476,31.6317],[74.552,31.6221],[74.5511,31.6176],[74.5545,31.6145],[74.5563,31.6113],[74.5553,31.6078],[74.5678,31.6068],[74.5731,31.6053],[74.5753,31.6038],[74.5755,31.6011],[74.5783,31.6],[74.5748,31.5978],[74.577,31.5953],[74.5808,31.5942],[74.5809,31.5873],[74.5869,31.5835],[74.5855,31.5814],[74.5917,31.5769],[74.5923,31.5741],[74.6015,31.5728],[74.6092,31.569],[74.6068,31.563],[74.6107,31.5592],[74.6166,31.5565],[74.6169,31.5533],[74.6144,31.5511],[74.615,31.5442],[74.6127,31.5411],[74.6143,31.5355],[74.6122,31.5303],[74.6127,31.5272],[74.6082,31.5265],[74.604,31.5241],[74.596,31.526],[74.5922,31.5232],[74.5841,31.5206],[74.5816,31.5123],[74.5836,31.5103],[74.5817,31.5067],[74.5872,31.5043],[74.5852,31.5008],[74.579,31.5005],[74.5802,31.4984],[74.5839,31.4967],[74.5887,31.4972],[74.593,31.4964],[74.5944,31.498],[74.5947,31.5015],[74.599,31.4999],[74.6031,31.5006],[74.6109,31.499],[74.6143,31.4995],[74.6163,31.5025],[74.6181,31.5104],[74.6241,31.5116],[74.6284,31.5159],[74.6279,31.5207],[74.6265,31.5251],[74.6376,31.5314],[74.6404,31.5352],[74.6456,31.537],[74.6493,31.5404],[74.6534,31.5387],[74.6607,31.5371],[74.6653,31.5328],[74.6696,31.5326],[74.6706,31.5403],[74.6727,31.5397],[74.6749,31.5418],[74.6757,31.5483],[74.679,31.5485],[74.68,31.5502],[74.6894,31.5476],[74.6967,31.543],[74.6983,31.539],[74.7027,31.5413],[74.7069,31.5394],[74.7112,31.5438],[74.7117,31.5498],[74.7151,31.5528],[74.7174,31.5505],[74.7198,31.5541],[74.7228,31.5546],[74.7237,31.5573],[74.7266,31.5583],[74.728,31.5624],[74.7296,31.5633],[74.7379,31.5651],[74.7435,31.5607],[74.7462,31.5593],[74.7509,31.5605],[74.7529,31.5657],[74.7572,31.563],[74.7631,31.5624],[74.7663,31.5612],[74.7706,31.5614],[74.7733,31.5595],[74.7748,31.5625],[74.7795,31.5642],[74.7811,31.5658],[74.7849,31.562],[74.7909,31.5693],[74.7932,31.5708],[74.7984,31.5689],[74.7976,31.5661],[74.7987,31.5623],[74.8089,31.5566],[74.8111,31.5582],[74.8154,31.5588],[74.819,31.5565],[74.8195,31.5533],[74.8171,31.5444],[74.8205,31.5415],[74.8213,31.5388],[74.8239,31.5365],[74.8307,31.5389],[74.8398,31.5357],[74.8438,31.5312],[74.8482,31.5308],[74.856,31.5347],[74.8655,31.536],[74.8672,31.5386],[74.8722,31.5369],[74.8788,31.5382],[74.8798,31.5456],[74.8857,31.5507],[74.8891,31.5544],[74.8937,31.5543],[74.899,31.5528],[74.8972,31.5413],[74.8983,31.5372],[74.8971,31.5351],[74.8971,31.5299],[74.9021,31.5232],[74.9168,31.5276],[74.9197,31.5266],[74.9374,31.5235],[74.9408,31.5212],[74.9452,31.526],[74.9509,31.526],[74.9555,31.5252],[74.9577,31.5235],[74.9632,31.5249],[74.9617,31.5279],[74.9581,31.5327],[74.9556,31.5332],[74.9533,31.5374],[74.9496,31.5388],[74.947,31.5386],[74.9457,31.5419],[74.9476,31.5441],[74.9441,31.5488],[74.9464,31.5529],[74.9467,31.5554],[74.9494,31.556],[74.9495,31.5594],[74.9476,31.5614],[74.9504,31.5653],[74.9577,31.5621],[74.9626,31.5566],[74.9664,31.5566],[74.9673,31.5547],[74.9711,31.5544],[74.9684,31.5584],[74.9703,31.5619],[74.9705,31.5643],[74.9682,31.5653],[74.9705,31.5678],[74.9676,31.5746],[74.9627,31.5755],[74.9608,31.5769],[74.9629,31.5796],[74.9634,31.5823],[74.9658,31.5838],[74.9647,31.5858],[74.9604,31.589],[74.956,31.591],[74.9517,31.5963],[74.9473,31.5985],[74.951,31.6055],[74.9451,31.6182],[74.9438,31.6244],[74.9413,31.6244],[74.9411,31.6382],[74.9304,31.6382],[74.9305,31.6475],[74.933,31.6469],[74.9402,31.6466],[74.9483,31.6495],[74.9532,31.6439],[74.9542,31.6415],[74.9572,31.6393],[74.9629,31.6372],[74.9665,31.6367],[74.9688,31.6375],[74.9728,31.6415],[74.9736,31.6461],[74.9776,31.647],[74.9821,31.6575],[74.9839,31.6577],[74.9887,31.6604],[74.991,31.6637],[74.9954,31.6733],[74.9938,31.6752],[75.0022,31.6796],[75.0092,31.6793],[75.0178,31.6755],[75.0202,31.6772],[75.0215,31.6815],[75.0245,31.6847],[75.031,31.6897],[75.033,31.6932],[75.0276,31.7046],[75.025,31.7073],[75.0244,31.7106],[75.0197,31.7088],[75.0157,31.7059],[75.0131,31.7057],[75.0136,31.698],[75.0115,31.6975],[75.0102,31.7005],[75.0077,31.7011],[75.0017,31.6974],[74.9978,31.6983],[74.9942,31.6979],[74.99,31.7002],[74.9861,31.7011],[74.9842,31.7],[74.9791,31.7014],[74.9735,31.7046],[74.9712,31.7103],[74.9683,31.7134],[74.9622,31.7142],[74.9544,31.7119],[74.951,31.7096],[74.9469,31.7102],[74.9388,31.7074],[74.9365,31.7056],[74.934,31.7019],[74.9317,31.706],[74.9298,31.706],[74.9237,31.7088],[74.9233,31.7114],[74.9194,31.7157],[74.9192,31.7234],[74.9174,31.7264],[74.9142,31.7276],[74.9139,31.73],[74.9118,31.7315],[74.9087,31.7304],[74.899,31.7355],[74.8961,31.7349],[74.8967,31.7399],[74.894,31.7416],[74.8946,31.7482],[74.8908,31.7495],[74.8884,31.7492],[74.886,31.7458],[74.8839,31.7463],[74.8813,31.7436],[74.8751,31.7429],[74.8742,31.7448],[74.8708,31.7444]]]},"properties":{"id":"in:subdistrict:257","level":"subdistrict","name":"Amritsar- II","code":257,"parent":"in:district:27","state":"in:state:3"}},{"type":"Feature","geometry":{"type":"Polygon","coordinates":[[[74.9194,31.8926],[74.9124,31.8911],[74.9103,31.8917],[74.9066,31.8946],[74.9076,31.898],[74.9023,31.9022],[74.9029,31.9073],[74.9012,31.9083],[74.8943,31.9177],[74.8895,31.9266],[74.8906,31.9287],[74.8894,31.9315],[74.8923,31.9339],[74.896,31.9316],[74.902,31.9315],[74.9051,31.9364],[74.9125,31.9413],[74.9157,31.9422],[74.926,31.9413],[74.93,31.9389],[74.9327,31.9407],[74.9387,31.9413],[74.9421,31.9431],[74.9375,31.946],[74.9428,31.9495],[74.9546,31.9546],[74.9605,31.9535],[74.9645,31.9568],[74.9688,31.9593],[74.9719,31.9603],[74.9738,31.9692],[74.974,31.9732],[74.9729,31.9761],[74.9648,31.9736],[74.9615,31.9732],[74.9484,31.9703],[74.9476,31.9655],[74.9391,31.9625],[74.9332,31.9642],[74.9286,31.9689],[74.9252,31.9699],[74.9219,31.9729],[74.9172,31.9752],[74.9182,31.9786],[74.9174,31.9802],[74.9199,31.9827],[74.9167,31.985],[74.9174,31.9902],[74.9195,31.9935],[74.9191,31.9989],[74.9199,32.0002],[74.9248,32],[74.9279,32.0051],[74.9322,32.0047],[74.9332,32.008],[74.9309,32.0097],[74.9356,32.0115],[74.9337,32.0165],[74.9294,32.0186],[74.928,32.0264],[74.9226,32.0392],[74.9119,32.0477],[74.9084,32.0515],[74.9048,32.0502],[74.8977,32.0519],[74.8944,32.0541],[74.8899,32.0552],[74.8886,32.0526],[74.8795,32.0538],[74.8755,32.0509],[74.8727,32.044],[74.8726,32.0417],[74.8758,32.0353],[74.88,32.032],[74.8697,32.0226],[74.8692,32.028],[74.8656,32.0304],[74.8627,32.0295],[74.8639,32.0246],[74.8656,32.0232],[74.8591,32.0216],[74.8484,32.0205],[74.8532,32.0136],[74.8468,32.0083],[74.839,32.0084],[74.8289,31.9986],[74.8314,31.9809],[74.826,31.9707],[74.8231,31.9667],[74.8191,31.9587],[74.815,31.9605],[74.8109,31.9594],[74.8106,31.9622],[74.8062,31.9628],[74.8024,31.9578],[74.7948,31.9582],[74.788,31.9564],[74.7815,31.9557],[74.7684,31.9477],[74.7596,31.9545],[74.7556,31.9558],[74.7566,31.9437],[74.7484,31.9419],[74.7432,31.9396],[74.7343,31.9451],[74.7309,31.941],[74.7272,31.9426],[74.7224,31.9427],[74.7153,31.9362],[74.7141,31.932],[74.7192,31.9237],[74.7143,31.9229],[74.7077,31.923],[74.7065,31.9211],[74.7007,31.9235],[74.7006,31.9258],[74.6955,31.9267],[74.6909,31.9262],[74.6772,31.9261],[74.675,31.9189],[74.6733,31.9209],[74.6667,31.9227],[74.6688,31.9193],[74.6677,31.9165],[74.6634,31.9132],[74.6584,31.9103],[74.6576,31.9019],[74.6543,31.8996],[74.6509,31.9022],[74.6466,31.8967],[74.6401,31.8905],[74.6363,31.8842],[74.6326,31.8842],[74.6294,31.8821],[74.6263,31.8832],[74.6223,31.8862],[74.6158,31.8897],[74.6111,31.8908],[74.6079,31.8904],[74.6074,31.882],[74.6082,31.8789],[74.6101,31.8785],[74.6066,31.8685],[74.6,31.8686],[74.5961,31.8658],[74.5922,31.858],[74.5907,31.8485],[74.5833,31.8519],[74.5789,31.8462],[74.5761,31.8438],[74.5732,31.8384],[74.5707,31.8369],[74.5704,31.8281],[74.5712,31.819],[74.5731,31.816],[74.5653,31.8085],[74.5637,31.8088],[74.5579,31.8048],[74.5645,31.7997],[74.5671,31.7964],[74.5592,31.7936],[74.5556,31.7914],[74.5553,31.7862],[74.5524,31.7826],[74.5514,31.779],[74.557,31.7705],[74.5549,31.7669],[74.5618,31.7633],[74.5594,31.7579],[74.5523,31.7538],[74.5473,31.7522],[74.5474,31.7493],[74.533,31.7483],[74.527,31.7465],[74.5139,31.7401],[74.5089,31.7422],[74.5037,31.7405],[74.504,31.7386],[74.5027,31.7326],[74.5031,31.7285],[74.5002,31.7283],[74.4905,31.7235],[74.4881,31.72],[74.4866,31.715],[74.4917,31.7125],[74.4993,31.7095],[74.4993,31.7075],[74.5034,31.7027],[74.5019,31.6958],[74.5068,31.694],[74.5096,31.6921],[74.5176,31.6885],[74.5241,31.687],[74.5263,31.6842],[74.532,31.681],[74.5325,31.6785],[74.5351,31.677],[74.5344,31.6736],[74.5294,31.6692],[74.5287,31.6666],[74.5313,31.6661],[74.5402,31.6601],[74.5373,31.6533],[74.5391,31.6485],[74.5419,31.647],[74.5448,31.6483],[74.5494,31.6505],[74.5567,31.6515],[74.5587,31.6531],[74.561,31.6506],[74.5646,31.6528],[74.5679,31.6519],[74.5821,31.6549],[74.5883,31.6551],[74.592,31.6498],[74.5906,31.6463],[74.5945,31.6352],[74.5975,31.633],[74.601,31.628],[74.6063,31.6272],[74.6093,31.6245],[74.6174,31.6256],[74.6202,31.6287],[74.626,31.6303],[74.628,31.6337],[74.6329,31.6339],[74.6394,31.6286],[74.6398,31.6258],[74.6458,31.6236],[74.6486,31.6235],[74.6514,31.6214],[74.6547,31.6209],[74.6566,31.6234],[74.6631,31.6274],[74.6651,31.6263],[74.6653,31.623],[74.6708,31.623],[74.6728,31.6239],[74.6732,31.6283],[74.6798,31.6282],[74.6828,31.6263],[74.6801,31.622],[74.6828,31.6185],[74.6834,31.6143],[74.6856,31.6134],[74.6932,31.6133],[74.6987,31.6111],[74.7002,31.6155],[74.7041,31.62],[74.7082,31.6207],[74.7122,31.6232],[74.713,31.6268],[74.7178,31.6263],[74.7236,31.6282],[74.7296,31.6319],[74.7353,31.6317],[74.737,31.638],[74.7427,31.6412],[74.7444,31.6457],[74.7464,31.6469],[74.7515,31.6478],[74.7587,31.6462],[74.7614,31.6474],[74.7623,31.6501],[74.7611,31.6535],[74.7589,31.6538],[74.7587,31.6572],[74.7568,31.6609],[74.7582,31.6656],[74.7587,31.6719],[74.7641,31.6767],[74.7558,31.6857],[74.7556,31.6913],[74.759,31.6898],[74.7622,31.69],[74.7731,31.6927],[74.7801,31.69],[74.7821,31.6834],[74.7833,31.6819],[74.7891,31.6836],[74.7927,31.6817],[74.8021,31.6823],[74.8054,31.6815],[74.8122,31.6871],[74.805,31.6894],[74.807,31.6978],[74.8153,31.6985],[74.8166,31.7043],[74.8112,31.7087],[74.8125,31.713],[74.8144,31.7162],[74.8194,31.7199],[74.8276,31.7157],[74.8319,31.7146],[74.8351,31.7152],[74.8365,31.714],[74.841,31.7186],[74.8442,31.718],[74.8497,31.7245],[74.8501,31.7281],[74.8473,31.7313],[74.8487,31.7341],[74.8469,31.7386],[74.847,31.7407],[74.854,31.7404],[74.8631,31.7429],[74.8662,31.7455],[74.8708,31.7444],[74.8724,31.7522],[74.8759,31.7566],[74.8786,31.758],[74.883,31.758],[74.886,31.7599],[74.8873,31.7576],[74.892,31.7582],[74.8929,31.7596],[74.8964,31.7594],[74.9065,31.7615],[74.9083,31.7658],[74.9129,31.7672],[74.913,31.7686],[74.9182,31.7712],[74.9168,31.7806],[74.9202,31.7857],[74.9179,31.789],[74.9183,31.7916],[74.9211,31.795],[74.9265,31.796],[74.9295,31.7956],[74.9298,31.7986],[74.933,31.8011],[74.9295,31.8046],[74.9241,31.809],[74.9243,31.8117],[74.9305,31.8188],[74.9296,31.826],[74.9307,31.8309],[74.9327,31.8351],[74.9354,31.8347],[74.9385,31.837],[74.9399,31.8402],[74.9436,31.8442],[74.9519,31.8452],[74.9575,31.8437],[74.962,31.841],[74.9644,31.8434],[74.9639,31.8482],[74.9621,31.8539],[74.9576,31.8563],[74.9511,31.8559],[74.947,31.859],[74.9419,31.8606],[74.9417,31.8636],[74.9447,31.8647],[74.9438,31.8697],[74.9404,31.8701],[74.9392,31.8667],[74.9345,31.8682],[74.9306,31.8727],[74.9242,31.8766],[74.9166,31.8792],[74.9186,31.8827],[74.9187,31.8887],[74.9194,31.8926]]]},"properties":{"id":"in:subdistrict:255","level":"subdistrict","name":"Ajnala","code":255,"parent":"in:district:27","state":"in:state:3"}},{"type":"Feature","geometry":{"type":"Polygon","coordinates":[[[75.0916,32.0659],[75.084,32.06],[75.0754,32.0589],[75.0689,32.0635],[75.0715,32.0656],[75.0705,32.067],[75.0641,32.0656],[75.068,32.0624],[75.062,32.0553],[75.0587,32.0528],[75.0538,32.0543],[75.0519,32.0514],[75.0407,32.0427],[75.0368,32.0445],[75.0324,32.0511],[75.0239,32.0477],[75.0216,32.0486],[75.0189,32.047],[75.0124,32.0357],[75.0048,32.0376],[75.0028,32.0436],[75.0011,32.0412],[74.9933,32.0415],[74.9852,32.0424],[74.9829,32.0403],[74.9716,32.0426],[74.9779,32.0473],[74.9781,32.0485],[74.9739,32.0535],[74.9528,32.0602],[74.9519,32.0583],[74.9482,32.0594],[74.9494,32.0623],[74.9448,32.0637],[74.939,32.0641],[74.9344,32.0656],[74.9252,32.0665],[74.9189,32.0625],[74.9173,32.0592],[74.9123,32.0561],[74.9127,32.054],[74.9084,32.0515],[74.9119,32.0477],[74.9226,32.0392],[74.928,32.0264],[74.9294,32.0186],[74.9337,32.0165],[74.9356,32.0115],[74.9309,32.0097],[74.9332,32.008],[74.9322,32.0047],[74.9279,32.0051],[74.9248,32],[74.9199,32.0002],[74.9191,31.9989],[74.9195,31.9935],[74.9174,31.9902],[74.9167,31.985],[74.9199,31.9827],[74.9174,31.9802],[74.9182,31.9786],[74.9172,31.9752],[74.9219,31.9729],[74.9252,31.9699],[74.9286,31.9689],[74.9332,31.9642],[74.9391,31.9625],[74.9476,31.9655],[74.9484,31.9703],[74.9615,31.9732],[74.9648,31.9736],[74.9729,31.9761],[74.974,31.9732],[74.9738,31.9692],[74.9719,31.9603],[74.9688,31.9593],[74.9645,31.9568],[74.9605,31.9535],[74.9546,31.9546],[74.9428,31.9495],[74.9375,31.946],[74.9421,31.9431],[74.9387,31.9413],[74.9327,31.9407],[74.93,31.9389],[74.926,31.9413],[74.9157,31.9422],[74.9125,31.9413],[74.9051,31.9364],[74.902,31.9315],[74.896,31.9316],[74.8923,31.9339],[74.8894,31.9315],[74.8906,31.9287],[74.8895,31.9266],[74.8943,31.9177],[74.9012,31.9083],[74.9029,31.9073],[74.9023,31.9022],[74.9076,31.898],[74.9066,31.8946],[74.9103,31.8917],[74.9124,31.8911],[74.9194,31.8926],[74.9219,31.8942],[74.9229,31.8907],[74.9334,31.8872],[74.9341,31.8888],[74.9311,31.8912],[74.9324,31.8925],[74.9266,31.8953],[74.9254,31.8986],[74.9293,31.8986],[74.9316,31.8971],[74.9342,31.8987],[74.9397,31.8998],[74.9408,31.903],[74.9441,31.9022],[74.9474,31.9054],[74.952,31.9076],[74.9479,31.9015],[74.9497,31.8998],[74.9552,31.8979],[74.9583,31.8987],[74.9592,31.895],[74.961,31.8931],[74.9699,31.9003],[74.9665,31.9026],[74.9635,31.9025],[74.958,31.9076],[74.9549,31.9065],[74.9529,31.9108],[74.9505,31.9123],[74.9499,31.9179],[74.954,31.9219],[74.9573,31.9195],[74.9648,31.9179],[74.9693,31.919],[74.9723,31.9216],[74.9692,31.9255],[74.9712,31.9276],[74.9771,31.9247],[74.9857,31.9186],[74.9926,31.9213],[74.9932,31.9246],[74.999,31.925],[75.0002,31.9291],[75.0054,31.9311],[75.0045,31.9378],[75.0026,31.942],[75.0043,31.9434],[75.005,31.9493],[75.0118,31.9512],[75.0142,31.9493],[75.0207,31.9468],[75.024,31.944],[75.0242,31.9416],[75.0203,31.9394],[75.0213,31.9343],[75.019,31.9325],[75.0214,31.9249],[75.0234,31.9216],[75.0269,31.9211],[75.0324,31.9176],[75.0396,31.9182],[75.0489,31.9169],[75.0509,31.9159],[75.0691,31.917],[75.074,31.9178],[75.0756,31.915],[75.0792,31.9115],[75.08,31.9093],[75.0849,31.9049],[75.088,31.9043],[75.0883,31.9068],[75.0849,31.9101],[75.0851,31.9118],[75.0895,31.9155],[75.096,31.9141],[75.1041,31.9141],[75.1082,31.9164],[75.1128,31.9169],[75.1149,31.9145],[75.1166,31.9104],[75.1199,31.9105],[75.1217,31.9124],[75.1269,31.9118],[75.1327,31.9136],[75.1391,31.92],[75.1426,31.9257],[75.1437,31.9285],[75.1428,31.9314],[75.1417,31.941],[75.1447,31.948],[75.1465,31.952],[75.1454,31.9564],[75.1416,31.9601],[75.1418,31.9622],[75.14,31.9666],[75.1348,31.9691],[75.1331,31.9743],[75.1295,31.9784],[75.1218,31.9848],[75.1292,31.9934],[75.1318,32.0017],[75.1302,32.0036],[75.1293,32.0092],[75.1278,32.0122],[75.1273,32.0158],[75.1255,32.016],[75.1209,32.0198],[75.1155,32.0211],[75.1133,32.0227],[75.1118,32.0281],[75.1074,32.0302],[75.1053,32.033],[75.1051,32.0369],[75.1021,32.0381],[75.0977,32.0384],[75.0995,32.0437],[75.0979,32.0441],[75.0979,32.0488],[75.1025,32.0529],[75.0996,32.054],[75.0994,32.0583],[75.0965,32.0621],[75.0916,32.0659]]]},"properties":{"id":"in:subdistrict:204","level":"subdistrict","name":"Dera Baba Nanak","code":204,"parent":"in:district:32","state":"in:state:3"}},{"type":"Feature","geometry":{"type":"Polygon","coordinates":[[[73.9654,29.9714],[74.0181,29.9699],[74.0444,29.9691],[74.0835,29.9677],[74.0995,29.9672],[74.1366,29.9654],[74.1652,29.9637],[74.1884,29.962],[74.2492,29.9582],[74.2612,29.9573],[74.2967,29.9554],[74.3459,29.9526],[74.3831,29.9504],[74.4251,29.9482],[74.4482,29.9472],[74.4456,29.9511],[74.4366,29.9627],[74.4321,29.9675],[74.4275,29.979],[74.422,29.9979],[74.4298,30.0002],[74.4434,30.0034],[74.4601,30.0066],[74.4629,30.0091],[74.4611,30.0142],[74.4547,30.0259],[74.4514,30.0298],[74.4366,30.0281],[74.4241,30.0261],[74.4123,30.0265],[74.4141,30.0296],[74.4143,30.0352],[74.4135,30.0369],[74.4087,30.0415],[74.4029,30.0458],[74.3927,30.0566],[74.3956,30.0582],[74.3915,30.0618],[74.3883,30.0661],[74.3871,30.0697],[74.3889,30.0746],[74.3762,30.0814],[74.3657,30.0874],[74.3704,30.0974],[74.3733,30.1048],[74.3718,30.1078],[74.3774,30.1105],[74.3832,30.112],[74.3867,30.1117],[74.3963,30.1085],[74.4028,30.1025],[74.4082,30.0957],[74.4129,30.0975],[74.4048,30.1057],[74.3998,30.1128],[74.4,30.1167],[74.3944,30.119],[74.3825,30.1296],[74.3805,30.132],[74.3798,30.1348],[74.3742,30.1464],[74.3747,30.1535],[74.3606,30.155],[74.3433,30.1603],[74.3357,30.1638],[74.3409,30.1735],[74.3449,30.183],[74.3481,30.1921],[74.3448,30.1993],[74.3496,30.2088],[74.3529,30.2143],[74.354,30.2214],[74.358,30.2407],[74.3401,30.2435],[74.3366,30.2431],[74.3235,30.2449],[74.3138,30.2431],[74.3024,30.2397],[74.2862,30.2333],[74.2718,30.2429],[74.2692,30.2435],[74.2637,30.2465],[74.2632,30.2486],[74.2559,30.2529],[74.234,30.2607],[74.2266,30.2625],[74.2198,30.2653],[74.2154,30.2664],[74.2183,30.2551],[74.2187,30.25],[74.2226,30.2364],[74.2065,30.2311],[74.2028,30.2303],[74.1877,30.2286],[74.1855,30.2178],[74.1842,30.2147],[74.183,30.2066],[74.1833,30.193],[74.1548,30.1924],[74.1365,30.1915],[74.1347,30.1739],[74.1133,30.1787],[74.0949,30.1809],[74.0941,30.1815],[74.0764,30.1849],[74.0689,30.186],[74.0619,30.1878],[74.0363,30.1917],[74.0222,30.1942],[74.0148,30.1983],[74.0061,30.1777],[74.0028,30.1738],[74.0046,30.1686],[74.0054,30.1603],[74.0041,30.1545],[74.0085,30.1392],[73.9989,30.1358],[73.9923,30.1358],[73.9901,30.1308],[73.9756,30.121],[73.9676,30.1193],[73.9522,30.1043],[73.9495,30.0961],[73.9361,30.0785],[73.9332,30.0732],[73.9299,30.0687],[73.9138,30.0565],[73.9041,30.0501],[73.9008,30.0424],[73.8962,30.0287],[73.8936,30.0219],[73.8865,30.0125],[73.8863,29.9957],[73.8951,29.9829],[73.8961,29.9783],[73.8954,29.974],[73.9234,29.9728],[73.9304,29.9727],[73.9654,29.9714]]]},"properties":{"id":"in:subdistrict:238","level":"subdistrict","name":"Abohar","code":238,"parent":"in:district:651","state":"in:state:3"}},{"type":"Feature","geometry":{"type":"Polygon","coordinates":[[[74.5272,29.9429],[74.5316,29.9497],[74.5391,29.9426],[74.5421,29.9403],[74.5549,29.9336],[74.5607,29.9295],[74.559,29.9273],[74.5677,29.9278],[74.5728,29.9274],[74.5799,29.9257],[74.5827,29.9243],[74.5883,29.9181],[74.594,29.9143],[74.5973,29.9128],[74.6072,29.911],[74.6101,29.9098],[74.6192,29.9085],[74.6303,29.905],[74.6418,29.9045],[74.648,29.9047],[74.6501,29.9072],[74.6468,29.9113],[74.6482,29.9197],[74.6515,29.9263],[74.6597,29.9333],[74.6703,29.9396],[74.678,29.9431],[74.6821,29.9435],[74.6862,29.9493],[74.6866,29.9524],[74.6891,29.9591],[74.6938,29.9655],[74.6941,29.9673],[74.6968,29.9688],[74.7001,29.9727],[74.7019,29.9716],[74.7069,29.977],[74.7067,29.9795],[74.7008,29.9852],[74.7008,29.9871],[74.704,29.9922],[74.7074,29.9959],[74.7118,30.0027],[74.7157,30.0118],[74.7163,30.0142],[74.7091,30.0196],[74.7054,30.0252],[74.7006,30.0292],[74.6942,30.0337],[74.697,30.0373],[74.6935,30.0442],[74.6937,30.048],[74.6957,30.0525],[74.7007,30.0617],[74.7049,30.0648],[74.6978,30.0691],[74.6915,30.072],[74.6857,30.0736],[74.6828,30.0721],[74.6766,30.0812],[74.6738,30.0899],[74.6769,30.0926],[74.6798,30.0991],[74.684,30.104],[74.6843,30.1099],[74.682,30.1132],[74.6792,30.1125],[74.6705,30.1078],[74.6488,30.1105],[74.6457,30.1063],[74.6385,30.0984],[74.6342,30.0951],[74.6304,30.0935],[74.6245,30.0987],[74.6221,30.1042],[74.6177,30.1176],[74.6162,30.1208],[74.6132,30.1225],[74.6014,30.1218],[74.5935,30.1241],[74.5856,30.1246],[74.5769,30.1232],[74.5758,30.1394],[74.5745,30.1413],[74.5707,30.1432],[74.5617,30.1466],[74.5584,30.1474],[74.5628,30.1567],[74.5605,30.1577],[74.5622,30.1613],[74.5651,30.1594],[74.5685,30.1633],[74.5706,30.1635],[74.5734,30.167],[74.5782,30.1696],[74.5809,30.1663],[74.5866,30.1675],[74.5887,30.1686],[74.5893,30.1727],[74.5808,30.1752],[74.5742,30.1754],[74.5683,30.1763],[74.5657,30.1779],[74.5596,30.1853],[74.5548,30.1898],[74.5497,30.1924],[74.5415,30.1935],[74.5385,30.2001],[74.5411,30.2011],[74.5426,30.2033],[74.543,30.2097],[74.5452,30.2172],[74.5463,30.219],[74.5514,30.2234],[74.5399,30.2322],[74.5442,30.237],[74.5461,30.2426],[74.5482,30.2464],[74.5428,30.2487],[74.5388,30.2478],[74.5299,30.2476],[74.5263,30.2503],[74.5137,30.2511],[74.5114,30.2527],[74.509,30.2565],[74.5022,30.2645],[74.4991,30.2675],[74.5008,30.2686],[74.5081,30.268],[74.5141,30.2694],[74.5277,30.2767],[74.5309,30.2769],[74.5249,30.2869],[74.5219,30.2907],[74.5204,30.2943],[74.5133,30.2962],[74.517,30.3038],[74.5062,30.3115],[74.4979,30.3158],[74.4858,30.3261],[74.4805,30.332],[74.4632,30.3335],[74.4515,30.335],[74.4449,30.3355],[74.4251,30.3419],[74.419,30.3398],[74.4174,30.3432],[74.4185,30.3465],[74.4148,30.3514],[74.4103,30.3561],[74.4006,30.3674],[74.3988,30.3681],[74.3766,30.3702],[74.3534,30.3822],[74.3418,30.3859],[74.3162,30.389],[74.3115,30.3807],[74.3077,30.3701],[74.3099,30.36],[74.3164,30.3568],[74.3181,30.3554],[74.3195,30.3517],[74.3212,30.3444],[74.3213,30.3377],[74.3227,30.3307],[74.3254,30.3293],[74.3201,30.3257],[74.3121,30.3195],[74.3031,30.3083],[74.3031,30.3064],[74.3059,30.3021],[74.3023,30.2928],[74.2972,30.2742],[74.2968,30.2671],[74.2976,30.2652],[74.283,30.2748],[74.279,30.2713],[74.271,30.2634],[74.2687,30.2592],[74.2645,30.2537],[74.2632,30.2486],[74.2637,30.2465],[74.2692,30.2435],[74.2718,30.2429],[74.2862,30.2333],[74.3024,30.2397],[74.3138,30.2431],[74.3235,30.2449],[74.3366,30.2431],[74.3401,30.2435],[74.358,30.2407],[74.354,30.2214],[74.3529,30.2143],[74.3496,30.2088],[74.3448,30.1993],[74.3481,30.1921],[74.3449,30.183],[74.3409,30.1735],[74.3357,30.1638],[74.3433,30.1603],[74.3606,30.155],[74.3747,30.1535],[74.3742,30.1464],[74.3798,30.1348],[74.3805,30.132],[74.3825,30.1296],[74.3944,30.119],[74.4,30.1167],[74.3998,30.1128],[74.4048,30.1057],[74.4129,30.0975],[74.4082,30.0957],[74.4028,30.1025],[74.3963,30.1085],[74.3867,30.1117],[74.3832,30.112],[74.3774,30.1105],[74.3718,30.1078],[74.3733,30.1048],[74.3704,30.0974],[74.3657,30.0874],[74.3762,30.0814],[74.3889,30.0746],[74.3871,30.0697],[74.3883,30.0661],[74.3915,30.0618],[74.3956,30.0582],[74.3927,30.0566],[74.4029,30.0458],[74.4087,30.0415],[74.4135,30.0369],[74.4143,30.0352],[74.4141,30.0296],[74.4123,30.0265],[74.4241,30.0261],[74.4366,30.0281],[74.4514,30.0298],[74.4547,30.0259],[74.4611,30.0142],[74.4629,30.0091],[74.4601,30.0066],[74.4434,30.0034],[74.4298,30.0002],[74.422,29.9979],[74.4275,29.979],[74.4321,29.9675],[74.4366,29.9627],[74.4456,29.9511],[74.4482,29.9472],[74.4962,29.9445],[74.5085,29.9444],[74.5272,29.9429]]]},"properties":{"id":"in:subdistrict:239","level":"subdistrict","name":"Malout","code":239,"parent":"in:district:39","state":"in:state:3"}},{"type":"Feature","geometry":{"type":"Polygon","coordinates":[[[73.9756,30.121],[73.9901,30.1308],[73.9923,30.1358],[73.9989,30.1358],[74.0085,30.1392],[74.0041,30.1545],[74.0054,30.1603],[74.0046,30.1686],[74.0028,30.1738],[74.0061,30.1777],[74.0148,30.1983],[74.0222,30.1942],[74.0363,30.1917],[74.0619,30.1878],[74.0689,30.186],[74.0764,30.1849],[74.0941,30.1815],[74.0949,30.1809],[74.1133,30.1787],[74.1347,30.1739],[74.1365,30.1915],[74.1548,30.1924],[74.1833,30.193],[74.183,30.2066],[74.1842,30.2147],[74.1855,30.2178],[74.1877,30.2286],[74.2028,30.2303],[74.2065,30.2311],[74.2226,30.2364],[74.2187,30.25],[74.2183,30.2551],[74.2154,30.2664],[74.2198,30.2653],[74.2266,30.2625],[74.234,30.2607],[74.2559,30.2529],[74.2632,30.2486],[74.2645,30.2537],[74.2687,30.2592],[74.271,30.2634],[74.279,30.2713],[74.283,30.2748],[74.2976,30.2652],[74.2968,30.2671],[74.2972,30.2742],[74.3023,30.2928],[74.3059,30.3021],[74.3031,30.3064],[74.3031,30.3083],[74.3121,30.3195],[74.3201,30.3257],[74.3254,30.3293],[74.3227,30.3307],[74.3213,30.3377],[74.3212,30.3444],[74.3195,30.3517],[74.3181,30.3554],[74.3164,30.3568],[74.3099,30.36],[74.3077,30.3701],[74.3115,30.3807],[74.3162,30.389],[74.3418,30.3859],[74.3534,30.3822],[74.3576,30.3897],[74.3584,30.3959],[74.3574,30.4026],[74.3509,30.4054],[74.339,30.4078],[74.3229,30.409],[74.3198,30.4089],[74.3094,30.4115],[74.3007,30.4124],[74.2929,30.414],[74.2792,30.4199],[74.2734,30.4213],[74.2624,30.422],[74.2558,30.4232],[74.246,30.4266],[74.2525,30.4268],[74.2668,30.4281],[74.2712,30.4278],[74.2744,30.4311],[74.2783,30.4303],[74.2868,30.4351],[74.2906,30.4362],[74.2953,30.4393],[74.3036,30.4434],[74.3056,30.4452],[74.3,30.4469],[74.2892,30.4479],[74.274,30.4512],[74.2637,30.4546],[74.2601,30.4546],[74.2561,30.456],[74.2555,30.4577],[74.2447,30.4584],[74.2442,30.4597],[74.2325,30.4593],[74.2324,30.4587],[74.2164,30.4592],[74.2095,30.4626],[74.2098,30.4651],[74.2054,30.4664],[74.2019,30.4705],[74.1989,30.4715],[74.1945,30.475],[74.1872,30.4824],[74.1797,30.4877],[74.1761,30.4895],[74.1703,30.4949],[74.1634,30.4989],[74.1588,30.5003],[74.1489,30.5046],[74.1457,30.5074],[74.1292,30.5152],[74.1244,30.5178],[74.1218,30.5179],[74.1179,30.5204],[74.1177,30.5173],[74.1111,30.5176],[74.1123,30.5234],[74.111,30.5268],[74.1124,30.5285],[74.1104,30.5356],[74.1085,30.5374],[74.1084,30.5399],[74.1002,30.5412],[74.0956,30.5473],[74.0909,30.5494],[74.0876,30.5436],[74.0827,30.5365],[74.0814,30.5335],[74.0786,30.5309],[74.0723,30.5229],[74.0715,30.5236],[74.0635,30.5192],[74.0573,30.5187],[74.0534,30.5236],[74.0516,30.5277],[74.0517,30.5318],[74.05,30.5372],[74.0478,30.5396],[74.0392,30.5426],[74.038,30.5316],[74.031,30.5269],[74.0238,30.5261],[74.012,30.5336],[74.0111,30.5211],[74.02,30.5142],[73.9927,30.5143],[73.982,30.504],[73.9759,30.4941],[73.9637,30.4849],[73.9696,30.4783],[73.9697,30.4753],[73.9676,30.4685],[73.965,30.4625],[73.9641,30.4565],[73.9541,30.4582],[73.9502,30.4604],[73.9469,30.4639],[73.9475,30.4683],[73.9458,30.4683],[73.9477,30.4839],[73.9435,30.4851],[73.9344,30.4901],[73.9324,30.4831],[73.931,30.4762],[73.9317,30.4672],[73.9277,30.4659],[73.9316,30.4601],[73.9375,30.4522],[73.9373,30.4451],[73.9263,30.4389],[73.9368,30.4365],[73.9497,30.437],[73.9601,30.4409],[73.9677,30.4401],[73.9739,30.4441],[73.9663,30.4326],[73.9647,30.4246],[73.9505,30.4181],[73.9465,30.4149],[73.9397,30.4049],[73.9356,30.4015],[73.9315,30.4002],[73.9256,30.3996],[73.9222,30.3981],[73.9196,30.3956],[73.9163,30.3857],[73.9043,30.3753],[73.8927,30.3702],[73.8903,30.3697],[73.8829,30.3656],[73.8798,30.3597],[73.8942,30.3536],[73.9027,30.3491],[73.9135,30.3369],[73.9145,30.3349],[73.9245,30.3254],[73.9309,30.3201],[73.9349,30.3117],[73.937,30.3064],[73.94,30.3005],[73.9462,30.2907],[73.9565,30.2761],[73.9598,30.2702],[73.9622,30.2636],[73.9639,30.2572],[73.9642,30.2484],[73.9673,30.2353],[73.9679,30.2249],[73.9697,30.2167],[73.9704,30.2103],[73.9726,30.1981],[73.9743,30.1891],[73.9738,30.1819],[73.9721,30.1752],[73.9683,30.1687],[73.9682,30.1434],[73.9695,30.1328],[73.9708,30.1254],[73.9756,30.121]]]},"properties":{"id":"in:subdistrict:237","level":"subdistrict","name":"Fazilka","code":237,"parent":"in:district:651","state":"in:state:3"}},{"type":"Feature","geometry":{"type":"Polygon","coordinates":[[[74.4792,30.7557],[74.4779,30.7595],[74.4779,30.7645],[74.4751,30.765],[74.4674,30.7687],[74.4594,30.769],[74.4583,30.7722],[74.4525,30.7764],[74.4496,30.7795],[74.4462,30.7851],[74.4468,30.79],[74.4456,30.7972],[74.4469,30.7996],[74.4501,30.7989],[74.4552,30.7996],[74.4644,30.7983],[74.4739,30.7959],[74.4728,30.8032],[74.473,30.809],[74.4788,30.81],[74.4813,30.8134],[74.4886,30.8179],[74.4968,30.8162],[74.5023,30.8135],[74.5077,30.8135],[74.515,30.812],[74.5205,30.8078],[74.5262,30.8116],[74.5246,30.8131],[74.5255,30.8168],[74.5325,30.8241],[74.5279,30.8267],[74.5279,30.8295],[74.5214,30.8292],[74.5144,30.836],[74.5158,30.8397],[74.5222,30.8452],[74.5221,30.8479],[74.5183,30.8467],[74.517,30.8481],[74.5212,30.8509],[74.5268,30.8468],[74.5298,30.8486],[74.5332,30.8485],[74.5347,30.8533],[74.5319,30.8547],[74.5317,30.8574],[74.5299,30.8611],[74.5255,30.8611],[74.5211,30.8646],[74.517,30.8651],[74.5112,30.8677],[74.5042,30.8678],[74.5007,30.8654],[74.4939,30.8636],[74.4896,30.8682],[74.4912,30.8753],[74.4867,30.8802],[74.4848,30.8802],[74.4812,30.8839],[74.4763,30.883],[74.468,30.8843],[74.4631,30.8775],[74.4591,30.8742],[74.4542,30.8731],[74.455,30.8701],[74.4601,30.8703],[74.461,30.8668],[74.4573,30.866],[74.4573,30.8628],[74.461,30.862],[74.4627,30.8586],[74.4572,30.8533],[74.4573,30.8522],[74.4518,30.8497],[74.4489,30.8497],[74.443,30.8541],[74.4407,30.8565],[74.4386,30.8537],[74.4335,30.8499],[74.4295,30.8481],[74.4223,30.8476],[74.422,30.8508],[74.4202,30.8541],[74.4127,30.8574],[74.4081,30.8563],[74.4057,30.8538],[74.4057,30.8495],[74.409,30.8444],[74.4074,30.8422],[74.4078,30.8374],[74.4111,30.8363],[74.4138,30.8332],[74.42,30.8307],[74.4229,30.8268],[74.4254,30.8252],[74.4291,30.8259],[74.4304,30.823],[74.4259,30.8196],[74.4213,30.814],[74.4161,30.8108],[74.4068,30.8097],[74.4021,30.8125],[74.398,30.8137],[74.3937,30.8078],[74.39,30.8089],[74.3851,30.8119],[74.3802,30.809],[74.3813,30.8052],[74.3784,30.8017],[74.3765,30.8042],[74.3757,30.8086],[74.3725,30.8114],[74.3716,30.8162],[74.3677,30.8163],[74.3658,30.8182],[74.3559,30.8184],[74.3507,30.8199],[74.3543,30.8215],[74.3578,30.8324],[74.3697,30.8318],[74.3717,30.8327],[74.3748,30.8304],[74.3792,30.8292],[74.3871,30.823],[74.3879,30.8219],[74.3948,30.8219],[74.3962,30.8225],[74.3952,30.8297],[74.3954,30.8335],[74.3971,30.8357],[74.3971,30.8388],[74.3932,30.841],[74.3841,30.8422],[74.3671,30.8491],[74.3634,30.8473],[74.3592,30.8486],[74.355,30.8484],[74.3541,30.8527],[74.3481,30.8549],[74.3408,30.8537],[74.3388,30.8527],[74.3398,30.8492],[74.3343,30.8511],[74.3247,30.8496],[74.3204,30.8466],[74.3202,30.842],[74.3221,30.8387],[74.3193,30.8329],[74.3198,30.8274],[74.3176,30.8246],[74.3107,30.8192],[74.3051,30.8109],[74.3025,30.808],[74.3015,30.8038],[74.2994,30.8046],[74.2967,30.7998],[74.2967,30.7968],[74.2949,30.7945],[74.2983,30.7937],[74.3013,30.7898],[74.3068,30.7892],[74.3035,30.7816],[74.2976,30.777],[74.2946,30.7771],[74.2898,30.7752],[74.2867,30.7759],[74.2834,30.7745],[74.2772,30.7744],[74.2744,30.7735],[74.2673,30.7769],[74.2648,30.7771],[74.2614,30.7751],[74.2599,30.7722],[74.2608,30.7699],[74.2651,30.7652],[74.2737,30.7535],[74.2747,30.744],[74.2818,30.7397],[74.2865,30.7357],[74.2815,30.7309],[74.2765,30.7353],[74.2746,30.7358],[74.2691,30.7303],[74.267,30.7262],[74.2609,30.7231],[74.253,30.7243],[74.2488,30.7259],[74.2454,30.7245],[74.2453,30.7229],[74.2327,30.7246],[74.2273,30.7188],[74.2267,30.7166],[74.2276,30.7129],[74.2253,30.7131],[74.2233,30.7093],[74.2214,30.6988],[74.2192,30.6936],[74.2132,30.6887],[74.2169,30.6879],[74.2227,30.6841],[74.2296,30.6807],[74.2385,30.6757],[74.241,30.6725],[74.2445,30.6722],[74.2492,30.6677],[74.2531,30.6681],[74.2561,30.6712],[74.2581,30.6783],[74.2693,30.6689],[74.2734,30.6681],[74.2749,30.6692],[74.2751,30.6725],[74.2803,30.6732],[74.2842,30.6745],[74.2866,30.6727],[74.2896,30.6653],[74.2923,30.6646],[74.2964,30.6705],[74.2924,30.6759],[74.2902,30.6756],[74.2876,30.6778],[74.288,30.6822],[74.292,30.6834],[74.2921,30.6885],[74.29,30.6906],[74.2911,30.6924],[74.2943,30.6923],[74.2964,30.6903],[74.3015,30.69],[74.302,30.6863],[74.305,30.6836],[74.3051,30.6793],[74.312,30.679],[74.3153,30.6751],[74.3252,30.6733],[74.3309,30.6745],[74.331,30.6723],[74.3292,30.6699],[74.335,30.6698],[74.3368,30.6711],[74.3413,30.6708],[74.3427,30.6679],[74.349,30.6645],[74.3513,30.6666],[74.354,30.6634],[74.3548,30.6604],[74.3533,30.6557],[74.3489,30.6485],[74.3464,30.6456],[74.3567,30.6398],[74.3572,30.6331],[74.355,30.6285],[74.35,30.6231],[74.3418,30.6067],[74.3414,30.6035],[74.3488,30.5995],[74.3546,30.5987],[74.3626,30.5952],[74.3688,30.5884],[74.3732,30.5899],[74.3844,30.5906],[74.3863,30.5931],[74.3928,30.5958],[74.4044,30.5982],[74.4147,30.5982],[74.4195,30.597],[74.4194,30.6042],[74.4153,30.6095],[74.4186,30.611],[74.4261,30.617],[74.4273,30.617],[74.435,30.6236],[74.4403,30.6261],[74.4441,30.6246],[74.4471,30.6244],[74.4497,30.62],[74.4516,30.6192],[74.4618,30.6083],[74.4642,30.6155],[74.458,30.6204],[74.4721,30.627],[74.4742,30.6289],[74.4826,30.631],[74.4888,30.6346],[74.4877,30.6369],[74.4829,30.6396],[74.4759,30.6477],[74.4756,30.6529],[74.4764,30.6552],[74.4834,30.6639],[74.4877,30.6641],[74.4934,30.6626],[74.4992,30.6638],[74.5026,30.666],[74.5046,30.6693],[74.4978,30.6691],[74.4876,30.6707],[74.4802,30.673],[74.4787,30.6782],[74.4772,30.6883],[74.4736,30.6949],[74.4728,30.6991],[74.4738,30.7083],[74.474,30.7155],[74.4727,30.7249],[74.4701,30.7347],[74.4688,30.7451],[74.4692,30.7469],[74.4725,30.7514],[74.4792,30.7557]]]},"properties":{"id":"in:subdistrict:6011","level":"subdistrict","name":"Guruharsahai","code":6011,"parent":"in:district:31","state":"in:state:3"}},{"type":"Feature","geometry":{"type":"Polygon","coordinates":[[[74.3056,30.4452],[74.3065,30.4462],[74.3149,30.4466],[74.3259,30.4452],[74.3276,30.4453],[74.3377,30.4554],[74.3438,30.4635],[74.3465,30.4712],[74.3469,30.4763],[74.3462,30.4844],[74.3507,30.482],[74.356,30.4807],[74.3626,30.4803],[74.3658,30.481],[74.3754,30.4843],[74.3768,30.4862],[74.3788,30.4957],[74.3837,30.5],[74.3803,30.5039],[74.3772,30.5097],[74.373,30.5125],[74.3763,30.5148],[74.3827,30.5209],[74.3875,30.5247],[74.3954,30.5281],[74.3988,30.5268],[74.4011,30.5353],[74.3909,30.5419],[74.3905,30.5444],[74.3841,30.5476],[74.375,30.5487],[74.3798,30.5575],[74.3761,30.5587],[74.3748,30.5646],[74.3749,30.5678],[74.3714,30.5721],[74.371,30.5754],[74.368,30.5794],[74.368,30.5854],[74.3688,30.5884],[74.3626,30.5952],[74.3546,30.5987],[74.3488,30.5995],[74.3414,30.6035],[74.3418,30.6067],[74.35,30.6231],[74.355,30.6285],[74.3572,30.6331],[74.3567,30.6398],[74.3464,30.6456],[74.3489,30.6485],[74.3533,30.6557],[74.3548,30.6604],[74.354,30.6634],[74.3513,30.6666],[74.349,30.6645],[74.3427,30.6679],[74.3413,30.6708],[74.3368,30.6711],[74.335,30.6698],[74.3292,30.6699],[74.331,30.6723],[74.3309,30.6745],[74.3252,30.6733],[74.3153,30.6751],[74.312,30.679],[74.3051,30.6793],[74.305,30.6836],[74.302,30.6863],[74.3015,30.69],[74.2964,30.6903],[74.2943,30.6923],[74.2911,30.6924],[74.29,30.6906],[74.2921,30.6885],[74.292,30.6834],[74.288,30.6822],[74.2876,30.6778],[74.2902,30.6756],[74.2924,30.6759],[74.2964,30.6705],[74.2923,30.6646],[74.2896,30.6653],[74.2866,30.6727],[74.2842,30.6745],[74.2803,30.6732],[74.2751,30.6725],[74.2749,30.6692],[74.2734,30.6681],[74.2693,30.6689],[74.2581,30.6783],[74.2561,30.6712],[74.2531,30.6681],[74.2492,30.6677],[74.2445,30.6722],[74.241,30.6725],[74.2385,30.6757],[74.2296,30.6807],[74.2227,30.6841],[74.2169,30.6879],[74.2132,30.6887],[74.209,30.6824],[74.2092,30.6812],[74.2053,30.6761],[74.198,30.6708],[74.1975,30.669],[74.1933,30.6652],[74.1818,30.6615],[74.1774,30.6552],[74.1725,30.6519],[74.1694,30.6487],[74.1634,30.6484],[74.1632,30.6465],[74.1595,30.6417],[74.1561,30.6408],[74.1532,30.6351],[74.1491,30.6317],[74.1377,30.6275],[74.1286,30.6323],[74.1269,30.6241],[74.1213,30.6226],[74.1181,30.6079],[74.1051,30.6193],[74.096,30.6116],[74.102,30.6111],[74.1026,30.6071],[74.1015,30.6033],[74.0953,30.6012],[74.0987,30.5906],[74.0966,30.5872],[74.098,30.5842],[74.1021,30.5792],[74.0734,30.5547],[74.08,30.5485],[74.0909,30.5494],[74.0956,30.5473],[74.1002,30.5412],[74.1084,30.5399],[74.1085,30.5374],[74.1104,30.5356],[74.1124,30.5285],[74.111,30.5268],[74.1123,30.5234],[74.1111,30.5176],[74.1177,30.5173],[74.1179,30.5204],[74.1218,30.5179],[74.1244,30.5178],[74.1292,30.5152],[74.1457,30.5074],[74.1489,30.5046],[74.1588,30.5003],[74.1634,30.4989],[74.1703,30.4949],[74.1761,30.4895],[74.1797,30.4877],[74.1872,30.4824],[74.1945,30.475],[74.1989,30.4715],[74.2019,30.4705],[74.2054,30.4664],[74.2098,30.4651],[74.2095,30.4626],[74.2164,30.4592],[74.2324,30.4587],[74.2325,30.4593],[74.2442,30.4597],[74.2447,30.4584],[74.2555,30.4577],[74.2561,30.456],[74.2601,30.4546],[74.2637,30.4546],[74.274,30.4512],[74.2892,30.4479],[74.3,30.4469],[74.3056,30.4452]]]},"properties":{"id":"in:subdistrict:236","level":"subdistrict","name":"Jalalabad","code":236,"parent":"in:district:651","state":"in:state:3"}},{"type":"Feature","geometry":{"type":"Polygon","coordinates":[[[74.4805,30.332],[74.4898,30.3298],[74.5009,30.3277],[74.5075,30.3341],[74.5131,30.3334],[74.5247,30.3341],[74.5291,30.3335],[74.5293,30.3352],[74.527,30.3382],[74.5307,30.3421],[74.5305,30.346],[74.5336,30.3498],[74.5389,30.3494],[74.538,30.3541],[74.544,30.3643],[74.5589,30.3597],[74.5619,30.3594],[74.5688,30.36],[74.5703,30.3667],[74.5737,30.3725],[74.5734,30.3746],[74.5708,30.3777],[74.5658,30.3909],[74.5652,30.3961],[74.5631,30.4008],[74.5634,30.404],[74.5657,30.407],[74.5753,30.4057],[74.588,30.4053],[74.5931,30.4061],[74.6014,30.4061],[74.607,30.4068],[74.6099,30.4095],[74.614,30.4168],[74.6156,30.4168],[74.6174,30.4206],[74.6182,30.4263],[74.6201,30.4296],[74.6189,30.4333],[74.6157,30.4363],[74.61,30.44],[74.6057,30.4393],[74.6016,30.4406],[74.606,30.4439],[74.6069,30.4456],[74.6063,30.4537],[74.6038,30.4598],[74.6094,30.4675],[74.6139,30.4725],[74.6176,30.4717],[74.6213,30.4721],[74.6237,30.4739],[74.6247,30.4764],[74.6289,30.4815],[74.6359,30.4792],[74.6389,30.4789],[74.6477,30.4803],[74.6513,30.4825],[74.6551,30.4777],[74.6607,30.4735],[74.6645,30.4691],[74.6752,30.4597],[74.6787,30.4582],[74.6851,30.453],[74.6877,30.4561],[74.7013,30.4595],[74.7148,30.4588],[74.7165,30.4569],[74.7189,30.4569],[74.7243,30.4592],[74.7302,30.4591],[74.7331,30.463],[74.7374,30.4654],[74.7413,30.4701],[74.7414,30.473],[74.7479,30.4728],[74.7548,30.4794],[74.7593,30.4809],[74.7629,30.4838],[74.7613,30.4857],[74.7607,30.4933],[74.7586,30.4966],[74.7533,30.4918],[74.75,30.4897],[74.7447,30.4935],[74.7375,30.4928],[74.735,30.4941],[74.7283,30.499],[74.7278,30.5001],[74.719,30.5054],[74.7169,30.5099],[74.7138,30.5121],[74.7057,30.5153],[74.7019,30.5157],[74.6936,30.5184],[74.6884,30.5181],[74.6849,30.5243],[74.6855,30.5272],[74.6892,30.5312],[74.6925,30.5328],[74.6976,30.5384],[74.7019,30.5404],[74.7036,30.5448],[74.7063,30.5472],[74.7069,30.5511],[74.7085,30.5531],[74.7094,30.5578],[74.7079,30.5595],[74.6988,30.5639],[74.6969,30.5669],[74.69,30.5676],[74.6841,30.5708],[74.6793,30.5754],[74.6759,30.5778],[74.6721,30.5789],[74.6687,30.5789],[74.6617,30.5898],[74.6579,30.5933],[74.6468,30.5946],[74.6413,30.5999],[74.6388,30.6077],[74.6343,30.6107],[74.6363,30.6158],[74.6312,30.6139],[74.6253,30.6167],[74.623,30.6215],[74.6235,30.6266],[74.6189,30.6393],[74.6138,30.6367],[74.61,30.6418],[74.598,30.6489],[74.5958,30.6523],[74.5882,30.6584],[74.5807,30.6588],[74.578,30.6596],[74.5728,30.663],[74.5647,30.6641],[74.5623,30.6656],[74.5475,30.6659],[74.5418,30.6652],[74.533,30.6671],[74.5243,30.668],[74.5046,30.6693],[74.5026,30.666],[74.4992,30.6638],[74.4934,30.6626],[74.4877,30.6641],[74.4834,30.6639],[74.4764,30.6552],[74.4756,30.6529],[74.4759,30.6477],[74.4829,30.6396],[74.4877,30.6369],[74.4888,30.6346],[74.4826,30.631],[74.4742,30.6289],[74.4721,30.627],[74.458,30.6204],[74.4642,30.6155],[74.4618,30.6083],[74.4516,30.6192],[74.4497,30.62],[74.4471,30.6244],[74.4441,30.6246],[74.4403,30.6261],[74.435,30.6236],[74.4273,30.617],[74.4261,30.617],[74.4186,30.611],[74.4153,30.6095],[74.4194,30.6042],[74.4195,30.597],[74.4147,30.5982],[74.4044,30.5982],[74.3928,30.5958],[74.3863,30.5931],[74.3844,30.5906],[74.3732,30.5899],[74.3688,30.5884],[74.368,30.5854],[74.368,30.5794],[74.371,30.5754],[74.3714,30.5721],[74.3749,30.5678],[74.3748,30.5646],[74.3761,30.5587],[74.3798,30.5575],[74.375,30.5487],[74.3841,30.5476],[74.3905,30.5444],[74.3909,30.5419],[74.4011,30.5353],[74.3988,30.5268],[74.3954,30.5281],[74.3875,30.5247],[74.3827,30.5209],[74.3763,30.5148],[74.373,30.5125],[74.3772,30.5097],[74.3803,30.5039],[74.3837,30.5],[74.3788,30.4957],[74.3768,30.4862],[74.3754,30.4843],[74.3658,30.481],[74.3626,30.4803],[74.356,30.4807],[74.3507,30.482],[74.3462,30.4844],[74.3469,30.4763],[74.3465,30.4712],[74.3438,30.4635],[74.3377,30.4554],[74.3276,30.4453],[74.3259,30.4452],[74.3149,30.4466],[74.3065,30.4462],[74.3056,30.4452],[74.3036,30.4434],[74.2953,30.4393],[74.2906,30.4362],[74.2868,30.4351],[74.2783,30.4303],[74.2744,30.4311],[74.2712,30.4278],[74.2668,30.4281],[74.2525,30.4268],[74.246,30.4266],[74.2558,30.4232],[74.2624,30.422],[74.2734,30.4213],[74.2792,30.4199],[74.2929,30.414],[74.3007,30.4124],[74.3094,30.4115],[74.3198,30.4089],[74.3229,30.409],[74.339,30.4078],[74.3509,30.4054],[74.3574,30.4026],[74.3584,30.3959],[74.3576,30.3897],[74.3534,30.3822],[74.3766,30.3702],[74.3988,30.3681],[74.4006,30.3674],[74.4103,30.3561],[74.4148,30.3514],[74.4185,30.3465],[74.4174,30.3432],[74.419,30.3398],[74.4251,30.3419],[74.4449,30.3355],[74.4515,30.335],[74.4632,30.3335],[74.4805,30.332]]]},"properties":{"id":"in:subdistrict:241","level":"subdistrict","name":"Muktsar","code":241,"parent":"in:district:39","state":"in:state:3"}},{"type":"Feature","geometry":{"type":"Polygon","coordinates":[[[74.5046,30.6693],[74.5243,30.668],[74.533,30.6671],[74.5418,30.6652],[74.5475,30.6659],[74.5623,30.6656],[74.5647,30.6641],[74.5728,30.663],[74.578,30.6596],[74.5807,30.6588],[74.5882,30.6584],[74.5958,30.6523],[74.598,30.6489],[74.61,30.6418],[74.6138,30.6367],[74.6189,30.6393],[74.6235,30.6266],[74.623,30.6215],[74.6253,30.6167],[74.6312,30.6139],[74.6363,30.6158],[74.6343,30.6107],[74.6388,30.6077],[74.6413,30.5999],[74.6468,30.5946],[74.6579,30.5933],[74.6617,30.5898],[74.6687,30.5789],[74.6721,30.5789],[74.6759,30.5778],[74.6793,30.5754],[74.6841,30.5708],[74.69,30.5676],[74.6969,30.5669],[74.6988,30.5639],[74.7079,30.5595],[74.7094,30.5578],[74.7085,30.5531],[74.7069,30.5511],[74.7063,30.5472],[74.7036,30.5448],[74.7019,30.5404],[74.6976,30.5384],[74.6925,30.5328],[74.6892,30.5312],[74.6855,30.5272],[74.6849,30.5243],[74.6884,30.5181],[74.6936,30.5184],[74.7019,30.5157],[74.7057,30.5153],[74.7138,30.5121],[74.7169,30.5099],[74.719,30.5054],[74.7278,30.5001],[74.7283,30.499],[74.735,30.4941],[74.7375,30.4928],[74.7447,30.4935],[74.75,30.4897],[74.7533,30.4918],[74.7586,30.4966],[74.7607,30.4933],[74.7613,30.4857],[74.7629,30.4838],[74.7657,30.4862],[74.7691,30.4859],[74.7779,30.4795],[74.7829,30.4776],[74.7856,30.4775],[74.7905,30.4757],[74.7947,30.4771],[74.8004,30.481],[74.8041,30.4861],[74.8075,30.4955],[74.8145,30.4987],[74.8137,30.5038],[74.8099,30.5136],[74.8091,30.5195],[74.8104,30.5225],[74.8187,30.5251],[74.8206,30.524],[74.826,30.5259],[74.8281,30.5276],[74.8345,30.5275],[74.8383,30.5262],[74.8417,30.5227],[74.8502,30.5239],[74.8512,30.5214],[74.855,30.5269],[74.8574,30.5274],[74.8592,30.5236],[74.8626,30.5254],[74.8614,30.5302],[74.8597,30.5322],[74.8582,30.5379],[74.8567,30.5393],[74.8541,30.5447],[74.8575,30.5481],[74.8606,30.5554],[74.862,30.5569],[74.857,30.5606],[74.8579,30.5621],[74.8572,30.5664],[74.8658,30.5793],[74.8598,30.5822],[74.8609,30.5861],[74.8639,30.5885],[74.8705,30.5849],[74.8743,30.5924],[74.8808,30.5944],[74.8854,30.5923],[74.8913,30.5908],[74.8949,30.5889],[74.8967,30.5865],[74.9006,30.5841],[74.908,30.5823],[74.91,30.5803],[74.9185,30.5858],[74.9236,30.5871],[74.9286,30.5869],[74.9389,30.589],[74.9411,30.5901],[74.9503,30.5918],[74.9524,30.5906],[74.9556,30.5943],[74.9493,30.6009],[74.9482,30.6069],[74.9467,30.6093],[74.9482,30.6146],[74.9485,30.6229],[74.9532,30.6257],[74.9532,30.6287],[74.9562,30.6369],[74.9509,30.6447],[74.9532,30.6492],[74.9583,30.6566],[74.9577,30.6699],[74.9553,30.6778],[74.9518,30.6768],[74.9454,30.6794],[74.9388,30.6783],[74.9335,30.6794],[74.922,30.6793],[74.9231,30.6874],[74.9189,30.6853],[74.9187,30.6824],[74.9155,30.6826],[74.9101,30.694],[74.9066,30.6984],[74.9041,30.7033],[74.9052,30.7097],[74.9074,30.7143],[74.9085,30.719],[74.9106,30.7241],[74.9109,30.7267],[74.9101,30.7354],[74.9088,30.7366],[74.9031,30.7393],[74.8961,30.7392],[74.8919,30.7383],[74.8831,30.741],[74.8803,30.7458],[74.8715,30.7469],[74.8662,30.7466],[74.8633,30.7447],[74.8582,30.7437],[74.8546,30.748],[74.8569,30.7508],[74.8547,30.7572],[74.8487,30.7566],[74.8446,30.7588],[74.8423,30.7615],[74.8402,30.7665],[74.8352,30.7704],[74.8285,30.7703],[74.8183,30.7669],[74.8131,30.7684],[74.8081,30.7749],[74.8074,30.7774],[74.8077,30.7816],[74.8072,30.7892],[74.7925,30.7917],[74.786,30.7935],[74.7824,30.7957],[74.7811,30.807],[74.7784,30.8104],[74.773,30.8131],[74.7714,30.8154],[74.7668,30.814],[74.759,30.8141],[74.7546,30.8125],[74.7511,30.816],[74.7477,30.8225],[74.7405,30.8263],[74.7274,30.823],[74.722,30.8251],[74.7177,30.8261],[74.7128,30.826],[74.7085,30.8288],[74.705,30.8275],[74.6989,30.8265],[74.6926,30.8306],[74.6876,30.83],[74.6817,30.825],[74.671,30.8302],[74.6684,30.8322],[74.6632,30.8342],[74.6592,30.8331],[74.656,30.8293],[74.6529,30.8212],[74.6486,30.8183],[74.6441,30.8191],[74.6368,30.8248],[74.635,30.8269],[74.624,30.8364],[74.6229,30.8328],[74.6176,30.8285],[74.6137,30.8291],[74.6101,30.8255],[74.607,30.82],[74.5988,30.8107],[74.5951,30.8087],[74.5872,30.8075],[74.5773,30.8082],[74.5738,30.8066],[74.5664,30.802],[74.5651,30.7996],[74.5561,30.797],[74.5492,30.7942],[74.5424,30.7925],[74.5368,30.7876],[74.5344,30.7868],[74.5303,30.7835],[74.523,30.7747],[74.5243,30.7731],[74.5193,30.7701],[74.5072,30.7669],[74.4999,30.7645],[74.4992,30.7635],[74.4936,30.7611],[74.4873,30.7592],[74.4792,30.7557],[74.4725,30.7514],[74.4692,30.7469],[74.4688,30.7451],[74.4701,30.7347],[74.4727,30.7249],[74.474,30.7155],[74.4738,30.7083],[74.4728,30.6991],[74.4736,30.6949],[74.4772,30.6883],[74.4787,30.6782],[74.4802,30.673],[74.4876,30.6707],[74.4978,30.6691],[74.5046,30.6693]]]},"properties":{"id":"in:subdistrict:242","level":"subdistrict","name":"Faridkot","code":242,"parent":"in:district:29","state":"in:state:3"}},{"type":"Feature","geometry":{"type":"Polygon","coordinates":[[[74.7302,30.4591],[74.7294,30.4563],[74.7318,30.4493],[74.738,30.4447],[74.7425,30.4404],[74.754,30.434],[74.7521,30.4284],[74.7593,30.4228],[74.7575,30.4142],[74.7552,30.4087],[74.7555,30.3992],[74.753,30.394],[74.7576,30.39],[74.7606,30.3927],[74.7678,30.3968],[74.7698,30.3973],[74.7744,30.3962],[74.7849,30.3956],[74.7883,30.3958],[74.7969,30.3993],[74.8051,30.3971],[74.807,30.4],[74.809,30.3994],[74.8217,30.3928],[74.8315,30.3883],[74.8379,30.3878],[74.8475,30.3809],[74.8532,30.3751],[74.8552,30.3771],[74.8614,30.3811],[74.8712,30.386],[74.8743,30.3894],[74.8757,30.3893],[74.8869,30.3824],[74.8958,30.3794],[74.9034,30.3786],[74.9106,30.3758],[74.9153,30.3722],[74.9162,30.3702],[74.9212,30.3663],[74.924,30.3674],[74.9287,30.3678],[74.9327,30.3705],[74.9391,30.3779],[74.9407,30.381],[74.9458,30.3846],[74.9492,30.3828],[74.9546,30.3865],[74.9617,30.3888],[74.9643,30.3934],[74.9676,30.3952],[74.9699,30.3988],[74.9706,30.4045],[74.9757,30.4035],[74.9756,30.4003],[74.9842,30.399],[74.9858,30.4021],[74.9905,30.404],[74.9964,30.4041],[75.0038,30.3958],[75.0045,30.3928],[75.0128,30.3857],[75.0197,30.3831],[75.0227,30.3805],[75.0264,30.3823],[75.0321,30.3816],[75.0368,30.3793],[75.0431,30.3789],[75.0525,30.3886],[75.0514,30.3933],[75.0522,30.4019],[75.0523,30.4093],[75.0477,30.4144],[75.0426,30.4183],[75.0392,30.4222],[75.0328,30.4275],[75.0273,30.4265],[75.0221,30.4263],[75.0244,30.4306],[75.0251,30.4349],[75.0272,30.4387],[75.0208,30.442],[75.0246,30.4465],[75.0292,30.4548],[75.0332,30.458],[75.0369,30.4595],[75.0407,30.4592],[75.0498,30.4553],[75.0511,30.4593],[75.0483,30.462],[75.0422,30.4656],[75.0433,30.4699],[75.0426,30.4733],[75.0351,30.4736],[75.0306,30.4752],[75.0273,30.4814],[75.0202,30.4909],[75.0167,30.4919],[75.0106,30.4907],[75.0043,30.4914],[75.0009,30.4888],[75,30.4864],[74.9957,30.4902],[74.9936,30.4951],[74.9922,30.5019],[74.9939,30.511],[74.992,30.5146],[74.9901,30.5204],[74.9928,30.5281],[74.9971,30.5331],[74.9958,30.5363],[74.9908,30.5421],[74.9892,30.5428],[74.9825,30.5424],[74.9779,30.5432],[74.9733,30.5473],[74.969,30.5488],[74.9637,30.5524],[74.9623,30.5574],[74.963,30.5601],[74.961,30.5613],[74.9556,30.5618],[74.9505,30.5689],[74.9447,30.5718],[74.9415,30.568],[74.9317,30.5595],[74.9291,30.5547],[74.9276,30.5534],[74.9271,30.55],[74.9315,30.5467],[74.93,30.5426],[74.9263,30.5391],[74.9142,30.5455],[74.9041,30.5488],[74.9018,30.5514],[74.9032,30.5597],[74.9029,30.5706],[74.91,30.5803],[74.908,30.5823],[74.9006,30.5841],[74.8967,30.5865],[74.8949,30.5889],[74.8913,30.5908],[74.8854,30.5923],[74.8808,30.5944],[74.8743,30.5924],[74.8705,30.5849],[74.8639,30.5885],[74.8609,30.5861],[74.8598,30.5822],[74.8658,30.5793],[74.8572,30.5664],[74.8579,30.5621],[74.857,30.5606],[74.862,30.5569],[74.8606,30.5554],[74.8575,30.5481],[74.8541,30.5447],[74.8567,30.5393],[74.8582,30.5379],[74.8597,30.5322],[74.8614,30.5302],[74.8626,30.5254],[74.8592,30.5236],[74.8574,30.5274],[74.855,30.5269],[74.8512,30.5214],[74.8502,30.5239],[74.8417,30.5227],[74.8383,30.5262],[74.8345,30.5275],[74.8281,30.5276],[74.826,30.5259],[74.8206,30.524],[74.8187,30.5251],[74.8104,30.5225],[74.8091,30.5195],[74.8099,30.5136],[74.8137,30.5038],[74.8145,30.4987],[74.8075,30.4955],[74.8041,30.4861],[74.8004,30.481],[74.7947,30.4771],[74.7905,30.4757],[74.7856,30.4775],[74.7829,30.4776],[74.7779,30.4795],[74.7691,30.4859],[74.7657,30.4862],[74.7629,30.4838],[74.7593,30.4809],[74.7548,30.4794],[74.7479,30.4728],[74.7414,30.473],[74.7413,30.4701],[74.7374,30.4654],[74.7331,30.463],[74.7302,30.4591]]]},"properties":{"id":"in:subdistrict:243","level":"subdistrict","name":"Jaitu","code":243,"parent":"in:district:29","state":"in:state:3"}},{"type":"Feature","geometry":{"type":"Polygon","coordinates":[[[74.4792,30.7557],[74.4873,30.7592],[74.4936,30.7611],[74.4992,30.7635],[74.4999,30.7645],[74.5072,30.7669],[74.5193,30.7701],[74.5243,30.7731],[74.523,30.7747],[74.5303,30.7835],[74.5344,30.7868],[74.5368,30.7876],[74.5424,30.7925],[74.5492,30.7942],[74.5561,30.797],[74.5651,30.7996],[74.5664,30.802],[74.5738,30.8066],[74.5773,30.8082],[74.5872,30.8075],[74.5951,30.8087],[74.5988,30.8107],[74.607,30.82],[74.6101,30.8255],[74.6137,30.8291],[74.6176,30.8285],[74.6229,30.8328],[74.624,30.8364],[74.635,30.8269],[74.6368,30.8248],[74.6441,30.8191],[74.6486,30.8183],[74.6529,30.8212],[74.656,30.8293],[74.6592,30.8331],[74.6632,30.8342],[74.6684,30.8322],[74.671,30.8302],[74.6817,30.825],[74.6876,30.83],[74.6926,30.8306],[74.6989,30.8265],[74.705,30.8275],[74.7085,30.8288],[74.7128,30.826],[74.7177,30.8261],[74.722,30.8251],[74.7274,30.823],[74.7405,30.8263],[74.7477,30.8225],[74.7511,30.816],[74.7546,30.8125],[74.759,30.8141],[74.7668,30.814],[74.7714,30.8154],[74.773,30.8131],[74.7784,30.8104],[74.7811,30.807],[74.7824,30.7957],[74.786,30.7935],[74.7925,30.7917],[74.8072,30.7892],[74.8077,30.7816],[74.8074,30.7774],[74.8081,30.7749],[74.8131,30.7684],[74.8183,30.7669],[74.8285,30.7703],[74.8352,30.7704],[74.8402,30.7665],[74.8423,30.7615],[74.8446,30.7588],[74.8487,30.7566],[74.8547,30.7572],[74.8569,30.7508],[74.8546,30.748],[74.8582,30.7437],[74.8633,30.7447],[74.8662,30.7466],[74.8715,30.7469],[74.8803,30.7458],[74.8831,30.741],[74.8919,30.7383],[74.8961,30.7392],[74.9031,30.7393],[74.9088,30.7366],[74.9122,30.7414],[74.9116,30.744],[74.9123,30.7478],[74.9119,30.7513],[74.9101,30.7514],[74.9075,30.7543],[74.9072,30.7581],[74.9118,30.7639],[74.9122,30.7682],[74.9105,30.7706],[74.915,30.7787],[74.9149,30.7823],[74.9242,30.7851],[74.931,30.789],[74.9287,30.7932],[74.928,30.7971],[74.9291,30.8062],[74.9375,30.816],[74.9405,30.8189],[74.9449,30.8264],[74.9472,30.8284],[74.9461,30.834],[74.941,30.839],[74.9412,30.8408],[74.9446,30.8478],[74.9448,30.8501],[74.9476,30.8547],[74.947,30.8615],[74.9456,30.8626],[74.9441,30.8689],[74.9437,30.8761],[74.9427,30.8769],[74.9278,30.8795],[74.9176,30.8753],[74.9123,30.8762],[74.9106,30.8793],[74.9056,30.8843],[74.9069,30.8876],[74.9042,30.8892],[74.8998,30.8892],[74.895,30.8909],[74.8918,30.8948],[74.8892,30.8958],[74.8843,30.8993],[74.8792,30.9006],[74.8752,30.9008],[74.8708,30.9039],[74.8672,30.9055],[74.8629,30.9056],[74.854,30.9019],[74.8437,30.9044],[74.8397,30.9059],[74.837,30.912],[74.8404,30.9139],[74.8445,30.9176],[74.8461,30.9212],[74.8496,30.9214],[74.8469,30.9247],[74.8398,30.9296],[74.8333,30.935],[74.8287,30.9368],[74.8235,30.9398],[74.8201,30.9431],[74.8196,30.9504],[74.8202,30.9546],[74.8102,30.9555],[74.8135,30.9592],[74.8172,30.9652],[74.8118,30.9639],[74.8114,30.9682],[74.815,30.9723],[74.8153,30.9741],[74.8066,30.9889],[74.8034,30.9911],[74.8007,30.9913],[74.7985,30.9973],[74.7964,31.0004],[74.7924,31.0032],[74.7855,31.0101],[74.7854,31.0131],[74.788,31.0165],[74.7918,31.0197],[74.7955,31.0249],[74.7997,31.0251],[74.8057,31.0357],[74.8032,31.0408],[74.8005,31.0437],[74.8044,31.0487],[74.8068,31.0548],[74.8068,31.0577],[74.8039,31.0598],[74.8027,31.0631],[74.8055,31.0668],[74.8065,31.0706],[74.8059,31.0747],[74.808,31.0776],[74.8129,31.0804],[74.8151,31.0837],[74.8152,31.089],[74.8168,31.0934],[74.8199,31.0977],[74.8217,31.1021],[74.8179,31.1068],[74.8163,31.1115],[74.8131,31.1137],[74.8085,31.1247],[74.8062,31.1248],[74.8039,31.1203],[74.8006,31.115],[74.7956,31.1242],[74.7923,31.1253],[74.7892,31.13],[74.7759,31.1293],[74.7657,31.1255],[74.7609,31.1223],[74.7629,31.1201],[74.7585,31.1172],[74.7516,31.1155],[74.745,31.1179],[74.7427,31.1167],[74.7426,31.1085],[74.7415,31.1039],[74.7289,31.1039],[74.7207,31.1016],[74.7197,31.0962],[74.7155,31.0853],[74.7116,31.0811],[74.7101,31.081],[74.7079,31.072],[74.702,31.0734],[74.6959,31.0742],[74.6865,31.0666],[74.6712,31.0536],[74.6576,31.0501],[74.65,31.049],[74.6459,31.0498],[74.6183,31.0439],[74.613,31.0448],[74.6099,31.0437],[74.5968,31.0377],[74.5959,31.0422],[74.5931,31.045],[74.5901,31.05],[74.5744,31.0568],[74.5704,31.053],[74.5682,31.0547],[74.5614,31.0487],[74.5592,31.0388],[74.5575,31.0383],[74.5477,31.032],[74.5425,31.0174],[74.5397,31.0088],[74.5418,31.0017],[74.544,30.998],[74.5437,30.9951],[74.5462,30.9924],[74.5333,30.9872],[74.5191,30.9811],[74.5162,30.9795],[74.5087,30.9674],[74.5035,30.9648],[74.4979,30.9643],[74.4919,30.9744],[74.4896,30.9725],[74.4863,30.9724],[74.4814,30.9708],[74.4797,30.9743],[74.4665,30.9681],[74.4601,30.9663],[74.4569,30.9643],[74.4638,30.9583],[74.4664,30.9569],[74.4556,30.9567],[74.4515,30.9559],[74.4553,30.9514],[74.4421,30.9517],[74.4419,30.946],[74.4395,30.9422],[74.4289,30.9425],[74.4164,30.9403],[74.4178,30.938],[74.4139,30.9296],[74.4237,30.9296],[74.4287,30.9312],[74.4249,30.9252],[74.4235,30.9207],[74.4143,30.9221],[74.4103,30.9235],[74.4111,30.9196],[74.42,30.9188],[74.4244,30.916],[74.4234,30.9137],[74.4239,30.9098],[74.4227,30.9078],[74.4098,30.9096],[74.3973,30.9094],[74.3903,30.9024],[74.3856,30.8988],[74.3829,30.8955],[74.3745,30.8957],[74.3675,30.8943],[74.3659,30.8929],[74.3667,30.8857],[74.3646,30.8807],[74.3617,30.8779],[74.3608,30.8737],[74.3663,30.8697],[74.3799,30.862],[74.3821,30.8604],[74.3779,30.8584],[74.374,30.8598],[74.3694,30.8574],[74.3645,30.8574],[74.3685,30.8518],[74.3671,30.8491],[74.3841,30.8422],[74.3932,30.841],[74.3971,30.8388],[74.3971,30.8357],[74.3954,30.8335],[74.3952,30.8297],[74.3962,30.8225],[74.3948,30.8219],[74.3879,30.8219],[74.3871,30.823],[74.3792,30.8292],[74.3748,30.8304],[74.3717,30.8327],[74.3697,30.8318],[74.3578,30.8324],[74.3543,30.8215],[74.3507,30.8199],[74.3559,30.8184],[74.3658,30.8182],[74.3677,30.8163],[74.3716,30.8162],[74.3725,30.8114],[74.3757,30.8086],[74.3765,30.8042],[74.3784,30.8017],[74.3813,30.8052],[74.3802,30.809],[74.3851,30.8119],[74.39,30.8089],[74.3937,30.8078],[74.398,30.8137],[74.4021,30.8125],[74.4068,30.8097],[74.4161,30.8108],[74.4213,30.814],[74.4259,30.8196],[74.4304,30.823],[74.4291,30.8259],[74.4254,30.8252],[74.4229,30.8268],[74.42,30.8307],[74.4138,30.8332],[74.4111,30.8363],[74.4078,30.8374],[74.4074,30.8422],[74.409,30.8444],[74.4057,30.8495],[74.4057,30.8538],[74.4081,30.8563],[74.4127,30.8574],[74.4202,30.8541],[74.422,30.8508],[74.4223,30.8476],[74.4295,30.8481],[74.4335,30.8499],[74.4386,30.8537],[74.4407,30.8565],[74.443,30.8541],[74.4489,30.8497],[74.4518,30.8497],[74.4573,30.8522],[74.4572,30.8533],[74.4627,30.8586],[74.461,30.862],[74.4573,30.8628],[74.4573,30.866],[74.461,30.8668],[74.4601,30.8703],[74.455,30.8701],[74.4542,30.8731],[74.4591,30.8742],[74.4631,30.8775],[74.468,30.8843],[74.4763,30.883],[74.4812,30.8839],[74.4848,30.8802],[74.4867,30.8802],[74.4912,30.8753],[74.4896,30.8682],[74.4939,30.8636],[74.5007,30.8654],[74.5042,30.8678],[74.5112,30.8677],[74.517,30.8651],[74.5211,30.8646],[74.5255,30.8611],[74.5299,30.8611],[74.5317,30.8574],[74.5319,30.8547],[74.5347,30.8533],[74.5332,30.8485],[74.5298,30.8486],[74.5268,30.8468],[74.5212,30.8509],[74.517,30.8481],[74.5183,30.8467],[74.5221,30.8479],[74.5222,30.8452],[74.5158,30.8397],[74.5144,30.836],[74.5214,30.8292],[74.5279,30.8295],[74.5279,30.8267],[74.5325,30.8241],[74.5255,30.8168],[74.5246,30.8131],[74.5262,30.8116],[74.5205,30.8078],[74.515,30.812],[74.5077,30.8135],[74.5023,30.8135],[74.4968,30.8162],[74.4886,30.8179],[74.4813,30.8134],[74.4788,30.81],[74.473,30.809],[74.4728,30.8032],[74.4739,30.7959],[74.4644,30.7983],[74.4552,30.7996],[74.4501,30.7989],[74.4469,30.7996],[74.4456,30.7972],[74.4468,30.79],[74.4462,30.7851],[74.4496,30.7795],[74.4525,30.7764],[74.4583,30.7722],[74.4594,30.769],[74.4674,30.7687],[74.4751,30.765],[74.4779,30.7645],[74.4779,30.7595],[74.4792,30.7557]]]},"properties":{"id":"in:subdistrict:235","level":"subdistrict","name":"Firozpur","code":235,"parent":"in:district:31","state":"in:state:3"}},{"type":"Feature","geometry":{"type":"Polygon","coordinates":[[[74.8039,31.1203],[74.8007,31.1249],[74.7997,31.1287],[74.8026,31.1326],[74.8035,31.1358],[74.8063,31.1394],[74.8099,31.1371],[74.8145,31.1378],[74.8251,31.134],[74.8306,31.1335],[74.8353,31.1338],[74.8441,31.1325],[74.8479,31.1336],[74.8654,31.1437],[74.8791,31.1509],[74.8826,31.1516],[74.8855,31.1555],[74.8956,31.1513],[74.8967,31.1499],[74.9019,31.1493],[74.903,31.1542],[74.9105,31.1571],[74.9132,31.1576],[74.918,31.1621],[74.9223,31.1616],[74.9363,31.1551],[74.9492,31.1523],[74.9555,31.1524],[74.9645,31.1535],[74.9798,31.1581],[74.9834,31.1596],[74.9776,31.1633],[74.9675,31.167],[74.9602,31.174],[74.9584,31.1783],[74.9486,31.1806],[74.9491,31.184],[74.9455,31.1829],[74.9385,31.19],[74.941,31.1966],[74.9393,31.2043],[74.9413,31.2069],[74.9469,31.2114],[74.9457,31.2126],[74.9453,31.2216],[74.9436,31.2242],[74.9365,31.227],[74.9363,31.2315],[74.935,31.2383],[74.9312,31.2386],[74.9297,31.2418],[74.9251,31.2441],[74.9234,31.244],[74.9158,31.2461],[74.911,31.2462],[74.9099,31.2506],[74.9071,31.2527],[74.9033,31.2525],[74.899,31.254],[74.893,31.25],[74.8914,31.2513],[74.8939,31.2537],[74.8927,31.2587],[74.8926,31.2638],[74.8907,31.2652],[74.9017,31.2673],[74.9033,31.272],[74.9018,31.2758],[74.8999,31.2837],[74.9048,31.2899],[74.9067,31.2945],[74.9048,31.295],[74.9112,31.3046],[74.9152,31.3076],[74.9192,31.3169],[74.9156,31.3164],[74.91,31.3177],[74.9048,31.3225],[74.9018,31.3261],[74.9062,31.3345],[74.9019,31.3404],[74.9026,31.3492],[74.9039,31.3524],[74.9077,31.3541],[74.9136,31.3552],[74.9126,31.3576],[74.908,31.3629],[74.9058,31.3632],[74.9016,31.3617],[74.8902,31.3624],[74.8853,31.3607],[74.8785,31.3611],[74.8724,31.3577],[74.871,31.3559],[74.8636,31.3491],[74.8614,31.3483],[74.8576,31.3493],[74.8566,31.3461],[74.851,31.3425],[74.8434,31.3406],[74.8395,31.3387],[74.836,31.3406],[74.8318,31.338],[74.8281,31.3372],[74.8248,31.335],[74.8239,31.3317],[74.8251,31.3299],[74.8217,31.3232],[74.8132,31.3283],[74.81,31.3286],[74.8049,31.3258],[74.8052,31.3229],[74.8017,31.3229],[74.7987,31.3277],[74.7897,31.3271],[74.7921,31.3329],[74.7937,31.3347],[74.7909,31.3401],[74.7905,31.3449],[74.792,31.347],[74.7893,31.3489],[74.7844,31.3568],[74.7884,31.3591],[74.7888,31.3667],[74.7899,31.3677],[74.7881,31.3714],[74.7865,31.3725],[74.7862,31.3757],[74.7778,31.375],[74.7716,31.3768],[74.7717,31.3789],[74.7694,31.385],[74.7645,31.382],[74.7582,31.3796],[74.7544,31.376],[74.7535,31.3741],[74.7415,31.375],[74.7389,31.3759],[74.741,31.3792],[74.7397,31.3813],[74.7457,31.3921],[74.7474,31.3936],[74.7469,31.397],[74.7474,31.4019],[74.75,31.4036],[74.7458,31.4069],[74.7441,31.4097],[74.7402,31.4091],[74.7393,31.4146],[74.7354,31.4169],[74.7339,31.4197],[74.7278,31.4223],[74.7264,31.4243],[74.7177,31.4263],[74.7176,31.4316],[74.7135,31.4315],[74.7099,31.4326],[74.7063,31.4304],[74.6998,31.431],[74.6942,31.4307],[74.6906,31.4287],[74.6904,31.4253],[74.6879,31.4258],[74.6809,31.417],[74.6735,31.4167],[74.6713,31.4195],[74.6644,31.4243],[74.6586,31.4268],[74.6546,31.4264],[74.6519,31.4264],[74.6484,31.4239],[74.6457,31.4205],[74.6457,31.4186],[74.642,31.4162],[74.6334,31.419],[74.6322,31.4241],[74.6289,31.4262],[74.6274,31.4294],[74.6224,31.4301],[74.6211,31.4247],[74.6193,31.42],[74.6116,31.4224],[74.6087,31.4221],[74.6008,31.4155],[74.5966,31.4162],[74.5962,31.4132],[74.5943,31.4108],[74.5942,31.4078],[74.5922,31.4052],[74.5906,31.401],[74.5872,31.3981],[74.5853,31.3822],[74.5835,31.379],[74.5782,31.3761],[74.5783,31.3749],[74.5735,31.3742],[74.5716,31.3715],[74.5687,31.3723],[74.5577,31.3676],[74.5539,31.3667],[74.5518,31.3646],[74.5503,31.3608],[74.5506,31.3571],[74.553,31.3563],[74.5512,31.3531],[74.5487,31.3444],[74.5459,31.3408],[74.5487,31.3346],[74.5436,31.3351],[74.5417,31.3325],[74.5369,31.3302],[74.5374,31.3268],[74.5339,31.3249],[74.5344,31.322],[74.5375,31.3205],[74.5373,31.3179],[74.5348,31.3169],[74.5348,31.3135],[74.5317,31.313],[74.5292,31.314],[74.5264,31.3117],[74.5285,31.3089],[74.5313,31.3082],[74.5358,31.3047],[74.5407,31.306],[74.5418,31.3034],[74.5388,31.3022],[74.5328,31.2905],[74.5312,31.2843],[74.5269,31.2787],[74.5265,31.2768],[74.5228,31.2741],[74.5206,31.2689],[74.5237,31.2617],[74.527,31.2589],[74.5284,31.2556],[74.5324,31.2518],[74.5325,31.2487],[74.5282,31.24],[74.5256,31.2376],[74.523,31.2374],[74.519,31.2333],[74.5197,31.2318],[74.5175,31.2291],[74.5172,31.2268],[74.5207,31.2251],[74.5245,31.2203],[74.5236,31.218],[74.5259,31.212],[74.5237,31.2081],[74.5253,31.2062],[74.5248,31.2034],[74.5218,31.2028],[74.5202,31.194],[74.5216,31.1909],[74.5197,31.1843],[74.5124,31.1827],[74.5108,31.1812],[74.5101,31.1761],[74.511,31.1688],[74.513,31.1667],[74.5131,31.1643],[74.511,31.1579],[74.5139,31.156],[74.5134,31.1532],[74.5152,31.1521],[74.5139,31.1485],[74.5144,31.1425],[74.5133,31.1382],[74.5104,31.1319],[74.5219,31.1291],[74.5247,31.1292],[74.5313,31.1258],[74.5388,31.1225],[74.5438,31.1209],[74.5484,31.1219],[74.5485,31.1171],[74.5477,31.1145],[74.5497,31.113],[74.5501,31.1035],[74.5491,31.1016],[74.551,31.0968],[74.5504,31.0894],[74.5515,31.0864],[74.5563,31.0849],[74.5582,31.0831],[74.562,31.0834],[74.5642,31.0823],[74.5713,31.0814],[74.5738,31.0858],[74.5836,31.0875],[74.5888,31.0878],[74.5866,31.0912],[74.5908,31.0925],[74.5915,31.0888],[74.5968,31.089],[74.6008,31.088],[74.5994,31.0931],[74.6043,31.0932],[74.6074,31.0949],[74.6107,31.0993],[74.61,31.1117],[74.6055,31.1144],[74.6029,31.1191],[74.5976,31.1253],[74.5966,31.1285],[74.5989,31.1289],[74.601,31.132],[74.6108,31.1336],[74.6143,31.1315],[74.6183,31.1313],[74.6219,31.1331],[74.6265,31.1311],[74.6309,31.1327],[74.6323,31.1313],[74.631,31.1282],[74.6327,31.1238],[74.6324,31.1215],[74.6362,31.1183],[74.6403,31.1197],[74.6453,31.1244],[74.6467,31.1269],[74.6529,31.1294],[74.659,31.134],[74.6665,31.1244],[74.6732,31.1236],[74.6829,31.1273],[74.6889,31.1279],[74.69,31.1246],[74.6898,31.1183],[74.6921,31.1176],[74.6981,31.1124],[74.6985,31.1089],[74.6979,31.1037],[74.7013,31.0973],[74.7024,31.0917],[74.6973,31.0847],[74.6906,31.0815],[74.6959,31.0742],[74.702,31.0734],[74.7079,31.072],[74.7101,31.081],[74.7116,31.0811],[74.7155,31.0853],[74.7197,31.0962],[74.7207,31.1016],[74.7289,31.1039],[74.7415,31.1039],[74.7426,31.1085],[74.7427,31.1167],[74.745,31.1179],[74.7516,31.1155],[74.7585,31.1172],[74.7629,31.1201],[74.7609,31.1223],[74.7657,31.1255],[74.7759,31.1293],[74.7892,31.13],[74.7923,31.1253],[74.7956,31.1242],[74.8006,31.115],[74.8039,31.1203]]]},"properties":{"id":"in:subdistrict:260","level":"subdistrict","name":"Patti","code":260,"parent":"in:district:609","state":"in:state:3"}},{"type":"Feature","geometry":{"type":"Polygon","coordinates":[[[75.0307,31.5322],[75.0264,31.5267],[75.0225,31.5271],[75.0182,31.5235],[75.0119,31.5245],[75.0098,31.5257],[75.0066,31.5246],[75.006,31.5212],[75.0004,31.5144],[75,31.5112],[74.9969,31.5115],[74.9964,31.5079],[74.9936,31.5043],[74.9911,31.5051],[74.9918,31.5079],[74.9872,31.5159],[74.9841,31.5263],[74.982,31.5267],[74.9774,31.5231],[74.9729,31.5183],[74.9767,31.5172],[74.9778,31.5141],[74.9737,31.5114],[74.9651,31.5141],[74.9608,31.5082],[74.9634,31.5069],[74.9568,31.4964],[74.951,31.4977],[74.951,31.4997],[74.9466,31.5042],[74.9383,31.5094],[74.9408,31.5108],[74.9401,31.5186],[74.9408,31.5212],[74.9374,31.5235],[74.9197,31.5266],[74.9168,31.5276],[74.9021,31.5232],[74.8971,31.5299],[74.8971,31.5351],[74.8983,31.5372],[74.8972,31.5413],[74.899,31.5528],[74.8937,31.5543],[74.8891,31.5544],[74.8857,31.5507],[74.8798,31.5456],[74.8788,31.5382],[74.8722,31.5369],[74.8672,31.5386],[74.8655,31.536],[74.856,31.5347],[74.8482,31.5308],[74.8438,31.5312],[74.8398,31.5357],[74.8307,31.5389],[74.8239,31.5365],[74.8213,31.5388],[74.8205,31.5415],[74.8171,31.5444],[74.8195,31.5533],[74.819,31.5565],[74.8154,31.5588],[74.8111,31.5582],[74.8089,31.5566],[74.7987,31.5623],[74.7976,31.5661],[74.7984,31.5689],[74.7932,31.5708],[74.7909,31.5693],[74.7849,31.562],[74.7811,31.5658],[74.7795,31.5642],[74.7748,31.5625],[74.7733,31.5595],[74.7706,31.5614],[74.7663,31.5612],[74.7631,31.5624],[74.7572,31.563],[74.7529,31.5657],[74.7509,31.5605],[74.7462,31.5593],[74.7435,31.5607],[74.7379,31.5651],[74.7296,31.5633],[74.728,31.5624],[74.7266,31.5583],[74.7237,31.5573],[74.7228,31.5546],[74.7198,31.5541],[74.7174,31.5505],[74.7151,31.5528],[74.7117,31.5498],[74.7112,31.5438],[74.7069,31.5394],[74.7027,31.5413],[74.6983,31.539],[74.6967,31.543],[74.6894,31.5476],[74.68,31.5502],[74.679,31.5485],[74.6757,31.5483],[74.6749,31.5418],[74.6727,31.5397],[74.6706,31.5403],[74.6696,31.5326],[74.6653,31.5328],[74.6607,31.5371],[74.6534,31.5387],[74.6493,31.5404],[74.6456,31.537],[74.6404,31.5352],[74.6376,31.5314],[74.6265,31.5251],[74.6279,31.5207],[74.6284,31.5159],[74.6241,31.5116],[74.6181,31.5104],[74.6163,31.5025],[74.6143,31.4995],[74.6109,31.499],[74.6136,31.4946],[74.6144,31.4892],[74.6168,31.4863],[74.6218,31.4829],[74.6319,31.4866],[74.6354,31.4854],[74.6337,31.4826],[74.6309,31.483],[74.6279,31.4801],[74.6309,31.4767],[74.6353,31.4778],[74.6384,31.4729],[74.6441,31.4691],[74.6477,31.4656],[74.6531,31.4553],[74.6513,31.452],[74.6441,31.4507],[74.6402,31.4482],[74.6387,31.4437],[74.6395,31.4411],[74.6422,31.4392],[74.643,31.4368],[74.6458,31.435],[74.6477,31.4324],[74.6538,31.4279],[74.6546,31.4264],[74.6586,31.4268],[74.6644,31.4243],[74.6713,31.4195],[74.6735,31.4167],[74.6809,31.417],[74.6879,31.4258],[74.6904,31.4253],[74.6906,31.4287],[74.6942,31.4307],[74.6998,31.431],[74.7063,31.4304],[74.7099,31.4326],[74.7135,31.4315],[74.7176,31.4316],[74.7177,31.4263],[74.7264,31.4243],[74.7278,31.4223],[74.7339,31.4197],[74.7354,31.4169],[74.7393,31.4146],[74.7402,31.4091],[74.7441,31.4097],[74.7458,31.4069],[74.75,31.4036],[74.7474,31.4019],[74.7469,31.397],[74.7474,31.3936],[74.7457,31.3921],[74.7397,31.3813],[74.741,31.3792],[74.7389,31.3759],[74.7415,31.375],[74.7535,31.3741],[74.7544,31.376],[74.7582,31.3796],[74.7645,31.382],[74.7694,31.385],[74.7717,31.3789],[74.7716,31.3768],[74.7778,31.375],[74.7862,31.3757],[74.7865,31.3725],[74.7881,31.3714],[74.7899,31.3677],[74.7888,31.3667],[74.7884,31.3591],[74.7844,31.3568],[74.7893,31.3489],[74.792,31.347],[74.7905,31.3449],[74.7909,31.3401],[74.7937,31.3347],[74.7921,31.3329],[74.7897,31.3271],[74.7987,31.3277],[74.8017,31.3229],[74.8052,31.3229],[74.8049,31.3258],[74.81,31.3286],[74.8132,31.3283],[74.8217,31.3232],[74.8251,31.3299],[74.8239,31.3317],[74.8248,31.335],[74.8281,31.3372],[74.8318,31.338],[74.836,31.3406],[74.8395,31.3387],[74.8434,31.3406],[74.851,31.3425],[74.8566,31.3461],[74.8576,31.3493],[74.8614,31.3483],[74.8636,31.3491],[74.871,31.3559],[74.8724,31.3577],[74.8785,31.3611],[74.8853,31.3607],[74.8902,31.3624],[74.9016,31.3617],[74.9058,31.3632],[74.908,31.3629],[74.9126,31.3576],[74.9136,31.3552],[74.9077,31.3541],[74.9039,31.3524],[74.9026,31.3492],[74.9019,31.3404],[74.9062,31.3345],[74.9018,31.3261],[74.9048,31.3225],[74.91,31.3177],[74.9156,31.3164],[74.9192,31.3169],[74.9152,31.3076],[74.9112,31.3046],[74.9048,31.295],[74.9067,31.2945],[74.9048,31.2899],[74.8999,31.2837],[74.9018,31.2758],[74.9033,31.272],[74.9017,31.2673],[74.8907,31.2652],[74.8926,31.2638],[74.8927,31.2587],[74.8939,31.2537],[74.8914,31.2513],[74.893,31.25],[74.899,31.254],[74.9033,31.2525],[74.9071,31.2527],[74.9099,31.2506],[74.911,31.2462],[74.9158,31.2461],[74.9234,31.244],[74.9251,31.2441],[74.9297,31.2418],[74.9312,31.2386],[74.935,31.2383],[74.9363,31.2315],[74.9365,31.227],[74.9436,31.2242],[74.9453,31.2216],[74.9457,31.2126],[74.9469,31.2114],[74.9413,31.2069],[74.9393,31.2043],[74.941,31.1966],[74.9385,31.19],[74.9455,31.1829],[74.9491,31.184],[74.9486,31.1806],[74.9584,31.1783],[74.9602,31.174],[74.9675,31.167],[74.9776,31.1633],[74.9834,31.1596],[74.9861,31.1589],[74.9914,31.1625],[75.001,31.1721],[75.0046,31.1742],[75.0093,31.1741],[75.0164,31.1799],[75.026,31.1837],[75.0323,31.1876],[75.04,31.1904],[75.0479,31.191],[75.0524,31.1984],[75.0506,31.2017],[75.0597,31.2105],[75.0614,31.2252],[75.0575,31.2261],[75.0604,31.2324],[75.0667,31.2383],[75.0715,31.2417],[75.0791,31.2459],[75.081,31.2498],[75.0815,31.2536],[75.0809,31.2574],[75.0631,31.261],[75.0519,31.2629],[75.0445,31.2618],[75.0405,31.2587],[75.0329,31.2633],[75.0354,31.2679],[75.0433,31.2765],[75.0427,31.2814],[75.0438,31.2836],[75.0469,31.2852],[75.0477,31.288],[75.0512,31.2953],[75.0479,31.3007],[75.0429,31.3039],[75.0359,31.3042],[75.0319,31.3031],[75.0249,31.3065],[75.0196,31.3063],[75.0159,31.3082],[75.0157,31.3103],[75.0115,31.3115],[75.0103,31.3161],[75.0179,31.3199],[75.016,31.3222],[75.0177,31.3244],[75.0146,31.3302],[75.0125,31.3323],[75.014,31.3349],[75.0182,31.3358],[75.0165,31.3379],[75.0165,31.3412],[75.0112,31.3447],[75.0113,31.3467],[75.0081,31.3476],[75.0072,31.3494],[75.009,31.3543],[75.0081,31.3559],[75.015,31.3613],[75.0173,31.3657],[75.0187,31.3725],[75.027,31.3808],[75.0269,31.3857],[75.0283,31.3869],[75.0342,31.3888],[75.037,31.3852],[75.0399,31.3865],[75.0433,31.3849],[75.0463,31.3888],[75.0469,31.3939],[75.0358,31.3951],[75.0279,31.3974],[75.0242,31.3876],[75.0183,31.3908],[75.018,31.3927],[75.0094,31.3944],[75.0068,31.3979],[75.0045,31.3986],[75.0023,31.4028],[75.0069,31.4083],[75.0025,31.4141],[75.012,31.4186],[75.0156,31.4178],[75.0147,31.4127],[75.0191,31.411],[75.022,31.417],[75.0259,31.4201],[75.0222,31.4245],[75.0233,31.4277],[75.019,31.432],[75.0189,31.4351],[75.0109,31.4417],[75.0082,31.4475],[75.0112,31.4528],[75.0139,31.4621],[75.0115,31.4642],[75.0138,31.4662],[75.0091,31.471],[75.0094,31.4752],[75.0189,31.4777],[75.0228,31.4816],[75.0237,31.4871],[75.0269,31.4934],[75.0236,31.4976],[75.0255,31.5025],[75.0253,31.5069],[75.0273,31.5091],[75.0315,31.5098],[75.036,31.5118],[75.041,31.5152],[75.0478,31.5171],[75.0454,31.5182],[75.0442,31.5217],[75.0416,31.5252],[75.0393,31.5237],[75.0359,31.5271],[75.03,31.5267],[75.0322,31.5311],[75.0307,31.5322]]]},"properties":{"id":"in:subdistrict:259","level":"subdistrict","name":"Tarn Taran","code":259,"parent":"in:district:609","state":"in:state:3"}},{"type":"Feature","geometry":{"type":"Polygon","coordinates":[[[74.9427,30.8769],[74.9437,30.8791],[74.9516,30.885],[74.9537,30.8917],[74.9582,30.8892],[74.9602,30.8904],[74.9667,30.8905],[74.9738,30.8891],[74.9803,30.89],[74.9964,30.8886],[75.0004,30.8958],[75.0044,30.8932],[75.0086,30.8925],[75.0161,30.8923],[75.0205,30.8934],[75.0226,30.8949],[75.0252,30.8947],[75.0274,30.8969],[75.0304,30.8968],[75.033,30.9015],[75.0345,30.9064],[75.034,30.9087],[75.0365,30.9173],[75.0408,30.9222],[75.0481,30.9226],[75.0532,30.9252],[75.056,30.9299],[75.0599,30.9331],[75.0691,30.9436],[75.0719,30.946],[75.0782,30.9463],[75.0787,30.9473],[75.0776,30.9576],[75.0825,30.9572],[75.0865,30.9586],[75.0894,30.9648],[75.0929,30.9702],[75.0938,30.9754],[75.0988,30.9728],[75.103,30.9721],[75.1032,30.9761],[75.101,30.9762],[75.0995,30.9791],[75.0961,30.9917],[75.0991,30.9933],[75.1022,30.9975],[75.0963,31.0025],[75.0989,31.0088],[75.1033,31.0153],[75.0997,31.0216],[75.0958,31.0253],[75.0865,31.029],[75.0814,31.0295],[75.079,31.0313],[75.0677,31.0342],[75.0671,31.0381],[75.0678,31.0407],[75.0623,31.0407],[75.053,31.0428],[75.0487,31.0482],[75.0473,31.0519],[75.0491,31.0572],[75.0517,31.0625],[75.062,31.0676],[75.0632,31.0663],[75.0653,31.0601],[75.0685,31.0531],[75.07,31.0531],[75.0731,31.0468],[75.0823,31.0475],[75.0851,31.0466],[75.0943,31.0471],[75.0962,31.0502],[75.0968,31.0562],[75.0962,31.0591],[75.0921,31.0606],[75.0889,31.0605],[75.0846,31.0621],[75.0818,31.0654],[75.0836,31.0687],[75.0944,31.0714],[75.1001,31.0652],[75.1083,31.0682],[75.1048,31.0691],[75.1003,31.0718],[75.0993,31.0744],[75.1016,31.0776],[75.1093,31.0752],[75.112,31.079],[75.1164,31.0782],[75.118,31.0814],[75.1201,31.0817],[75.1268,31.079],[75.128,31.0768],[75.1339,31.0737],[75.1372,31.0788],[75.1404,31.0816],[75.1419,31.0805],[75.1458,31.0857],[75.148,31.0887],[75.1501,31.0944],[75.1501,31.0978],[75.1426,31.1014],[75.136,31.1054],[75.1384,31.1083],[75.1363,31.111],[75.1338,31.1111],[75.1309,31.113],[75.1319,31.1163],[75.1286,31.1166],[75.1262,31.1209],[75.1158,31.1248],[75.1129,31.1276],[75.109,31.1293],[75.1063,31.1291],[75.1028,31.1256],[75.0976,31.1263],[75.0873,31.1324],[75.0771,31.1342],[75.0761,31.1354],[75.0797,31.1404],[75.0824,31.1454],[75.0833,31.1486],[75.0819,31.151],[75.0793,31.1529],[75.0751,31.1478],[75.0685,31.1455],[75.0656,31.1464],[75.0625,31.1491],[75.0581,31.1467],[75.053,31.1497],[75.0428,31.1548],[75.0393,31.154],[75.037,31.1509],[75.024,31.1564],[75.0183,31.1481],[75.0134,31.1482],[75.0139,31.1451],[75.0097,31.1442],[75.0066,31.1451],[75.008,31.1409],[75.0113,31.1388],[75.0134,31.1302],[75.0128,31.1259],[75.0099,31.1202],[75.0059,31.1197],[75.0016,31.1214],[74.9973,31.1253],[74.9883,31.132],[74.9849,31.1328],[74.9815,31.1355],[74.9719,31.1403],[74.9692,31.1427],[74.9602,31.1471],[74.9645,31.1535],[74.9555,31.1524],[74.9492,31.1523],[74.9363,31.1551],[74.9223,31.1616],[74.918,31.1621],[74.9132,31.1576],[74.9105,31.1571],[74.903,31.1542],[74.9019,31.1493],[74.8967,31.1499],[74.8956,31.1513],[74.8855,31.1555],[74.8826,31.1516],[74.8791,31.1509],[74.8654,31.1437],[74.8479,31.1336],[74.8441,31.1325],[74.8353,31.1338],[74.8306,31.1335],[74.8251,31.134],[74.8145,31.1378],[74.8099,31.1371],[74.8063,31.1394],[74.8035,31.1358],[74.8026,31.1326],[74.7997,31.1287],[74.8007,31.1249],[74.8039,31.1203],[74.8062,31.1248],[74.8085,31.1247],[74.8131,31.1137],[74.8163,31.1115],[74.8179,31.1068],[74.8217,31.1021],[74.8199,31.0977],[74.8168,31.0934],[74.8152,31.089],[74.8151,31.0837],[74.8129,31.0804],[74.808,31.0776],[74.8059,31.0747],[74.8065,31.0706],[74.8055,31.0668],[74.8027,31.0631],[74.8039,31.0598],[74.8068,31.0577],[74.8068,31.0548],[74.8044,31.0487],[74.8005,31.0437],[74.8032,31.0408],[74.8057,31.0357],[74.7997,31.0251],[74.7955,31.0249],[74.7918,31.0197],[74.788,31.0165],[74.7854,31.0131],[74.7855,31.0101],[74.7924,31.0032],[74.7964,31.0004],[74.7985,30.9973],[74.8007,30.9913],[74.8034,30.9911],[74.8066,30.9889],[74.8153,30.9741],[74.815,30.9723],[74.8114,30.9682],[74.8118,30.9639],[74.8172,30.9652],[74.8135,30.9592],[74.8102,30.9555],[74.8202,30.9546],[74.8196,30.9504],[74.8201,30.9431],[74.8235,30.9398],[74.8287,30.9368],[74.8333,30.935],[74.8398,30.9296],[74.8469,30.9247],[74.8496,30.9214],[74.8461,30.9212],[74.8445,30.9176],[74.8404,30.9139],[74.837,30.912],[74.8397,30.9059],[74.8437,30.9044],[74.854,30.9019],[74.8629,30.9056],[74.8672,30.9055],[74.8708,30.9039],[74.8752,30.9008],[74.8792,30.9006],[74.8843,30.8993],[74.8892,30.8958],[74.8918,30.8948],[74.895,30.8909],[74.8998,30.8892],[74.9042,30.8892],[74.9069,30.8876],[74.9056,30.8843],[74.9106,30.8793],[74.9123,30.8762],[74.9176,30.8753],[74.9278,30.8795],[74.9427,30.8769]]]},"properties":{"id":"in:subdistrict:234","level":"subdistrict","name":"Zira","code":234,"parent":"in:district:31","state":"in:state:3"}},{"type":"Feature","geometry":{"type":"Polygon","coordinates":[[[75.0304,30.8968],[75.0351,30.8911],[75.0385,30.8896],[75.0402,30.8837],[75.0416,30.8821],[75.0473,30.8805],[75.057,30.8815],[75.0645,30.8791],[75.0672,30.8799],[75.0748,30.8784],[75.0822,30.8782],[75.0845,30.877],[75.0877,30.8734],[75.0897,30.873],[75.0923,30.8704],[75.0975,30.8737],[75.1023,30.8779],[75.1062,30.8763],[75.1118,30.8761],[75.1139,30.8771],[75.12,30.8781],[75.123,30.8772],[75.1307,30.8798],[75.1377,30.8793],[75.1466,30.8712],[75.1479,30.8665],[75.1583,30.8689],[75.16,30.8718],[75.162,30.8729],[75.1726,30.8674],[75.176,30.8636],[75.1792,30.8654],[75.1861,30.8628],[75.1889,30.8647],[75.1922,30.861],[75.1971,30.8637],[75.1991,30.8639],[75.2099,30.8631],[75.2134,30.8623],[75.2177,30.8648],[75.2213,30.8689],[75.2223,30.8713],[75.2281,30.8656],[75.2354,30.8601],[75.2427,30.8638],[75.2426,30.867],[75.2475,30.8672],[75.2501,30.8663],[75.2555,30.8626],[75.2681,30.8667],[75.273,30.8642],[75.275,30.8651],[75.2782,30.8694],[75.2841,30.8666],[75.2885,30.8682],[75.2907,30.8714],[75.2932,30.8683],[75.2958,30.8675],[75.3018,30.8677],[75.3036,30.8646],[75.3091,30.8681],[75.3148,30.8737],[75.3217,30.8722],[75.3327,30.872],[75.333,30.8745],[75.3483,30.8689],[75.3557,30.8697],[75.3634,30.8645],[75.3654,30.8622],[75.3716,30.8588],[75.3755,30.8585],[75.3835,30.8612],[75.3903,30.8663],[75.3954,30.8715],[75.3992,30.873],[75.3985,30.8818],[75.3996,30.8845],[75.4063,30.8912],[75.4047,30.8959],[75.3962,30.9014],[75.3941,30.9042],[75.3933,30.9097],[75.3781,30.9124],[75.3807,30.9198],[75.3825,30.9297],[75.3753,30.9317],[75.3737,30.9288],[75.3696,30.9297],[75.3716,30.9343],[75.3723,30.9413],[75.3663,30.9404],[75.3663,30.9484],[75.3642,30.9574],[75.3612,30.959],[75.3627,30.9639],[75.3675,30.9711],[75.3631,30.9784],[75.3562,30.9844],[75.3575,30.9876],[75.3568,30.9938],[75.3561,30.9976],[75.3586,30.9996],[75.3565,31.0011],[75.3535,30.9981],[75.348,30.9968],[75.3418,30.9885],[75.3394,30.9905],[75.3355,31.0002],[75.3318,31.0032],[75.3283,31.0036],[75.3278,31.0098],[75.3219,31.007],[75.3099,31.0093],[75.3088,31.0145],[75.295,31.0149],[75.2947,31.0233],[75.2911,31.0356],[75.2868,31.0373],[75.2816,31.042],[75.2736,31.0384],[75.2709,31.038],[75.2683,31.0399],[75.268,31.0435],[75.2569,31.0428],[75.2625,31.0388],[75.2596,31.0315],[75.2568,31.031],[75.2532,31.0326],[75.2398,31.0326],[75.239,31.0316],[75.2342,31.0344],[75.232,31.0375],[75.228,31.0366],[75.2241,31.0345],[75.225,31.0297],[75.2216,31.0293],[75.2152,31.0321],[75.211,31.0289],[75.2093,31.0264],[75.2037,31.0249],[75.2052,31.0205],[75.2039,31.0201],[75.2017,31.0244],[75.2024,31.0281],[75.2057,31.0313],[75.2099,31.0408],[75.21,31.0461],[75.2069,31.0486],[75.2069,31.054],[75.2033,31.0548],[75.2012,31.0534],[75.196,31.0538],[75.1906,31.0561],[75.1792,31.0542],[75.1772,31.053],[75.1735,31.0623],[75.1785,31.0709],[75.1834,31.0777],[75.1788,31.0813],[75.1732,31.0805],[75.1725,31.0831],[75.1632,31.0826],[75.1634,31.0879],[75.1626,31.0895],[75.1578,31.0862],[75.1549,31.0862],[75.1532,31.0837],[75.1481,31.084],[75.1458,31.0857],[75.1419,31.0805],[75.1404,31.0816],[75.1372,31.0788],[75.1339,31.0737],[75.128,31.0768],[75.1268,31.079],[75.1201,31.0817],[75.118,31.0814],[75.1164,31.0782],[75.112,31.079],[75.1093,31.0752],[75.1016,31.0776],[75.0993,31.0744],[75.1003,31.0718],[75.1048,31.0691],[75.1083,31.0682],[75.1001,31.0652],[75.0944,31.0714],[75.0836,31.0687],[75.0818,31.0654],[75.0846,31.0621],[75.0889,31.0605],[75.0921,31.0606],[75.0962,31.0591],[75.0968,31.0562],[75.0962,31.0502],[75.0943,31.0471],[75.0851,31.0466],[75.0823,31.0475],[75.0731,31.0468],[75.07,31.0531],[75.0685,31.0531],[75.0653,31.0601],[75.0632,31.0663],[75.062,31.0676],[75.0517,31.0625],[75.0491,31.0572],[75.0473,31.0519],[75.0487,31.0482],[75.053,31.0428],[75.0623,31.0407],[75.0678,31.0407],[75.0671,31.0381],[75.0677,31.0342],[75.079,31.0313],[75.0814,31.0295],[75.0865,31.029],[75.0958,31.0253],[75.0997,31.0216],[75.1033,31.0153],[75.0989,31.0088],[75.0963,31.0025],[75.1022,30.9975],[75.0991,30.9933],[75.0961,30.9917],[75.0995,30.9791],[75.101,30.9762],[75.1032,30.9761],[75.103,30.9721],[75.0988,30.9728],[75.0938,30.9754],[75.0929,30.9702],[75.0894,30.9648],[75.0865,30.9586],[75.0825,30.9572],[75.0776,30.9576],[75.0787,30.9473],[75.0782,30.9463],[75.0719,30.946],[75.0691,30.9436],[75.0599,30.9331],[75.056,30.9299],[75.0532,30.9252],[75.0481,30.9226],[75.0408,30.9222],[75.0365,30.9173],[75.034,30.9087],[75.0345,30.9064],[75.033,30.9015],[75.0304,30.8968]]]},"properties":{"id":"in:subdistrict:5996","level":"subdistrict","name":"Dharamkot","code":5996,"parent":"in:district:38","state":"in:state:3"}},{"type":"Feature","geometry":{"type":"Polygon","coordinates":[[[75.3447,31.2319],[75.3407,31.2256],[75.3392,31.2256],[75.3379,31.2214],[75.3294,31.2148],[75.3277,31.2162],[75.325,31.2145],[75.3213,31.2101],[75.3206,31.2071],[75.3057,31.2082],[75.3055,31.2067],[75.3013,31.2064],[75.2971,31.1939],[75.295,31.1915],[75.2916,31.192],[75.2875,31.1872],[75.2849,31.1853],[75.2769,31.1873],[75.2737,31.1835],[75.2725,31.1806],[75.2708,31.1739],[75.2738,31.1744],[75.2746,31.1716],[75.2736,31.1692],[75.2754,31.1678],[75.2725,31.1641],[75.2712,31.1605],[75.2747,31.1589],[75.2749,31.1569],[75.2723,31.1544],[75.2699,31.1485],[75.2636,31.1508],[75.2625,31.15],[75.2577,31.1529],[75.2514,31.1542],[75.2383,31.1537],[75.2366,31.1526],[75.2304,31.1525],[75.2268,31.1579],[75.2298,31.1655],[75.2225,31.1767],[75.2183,31.1811],[75.2114,31.1845],[75.203,31.1847],[75.198,31.1822],[75.1892,31.1768],[75.1885,31.1741],[75.1845,31.1651],[75.1818,31.1655],[75.1753,31.1636],[75.1689,31.1635],[75.1619,31.1656],[75.1581,31.1682],[75.1549,31.1679],[75.1533,31.1663],[75.1484,31.167],[75.1451,31.1665],[75.1425,31.1677],[75.1414,31.1704],[75.1338,31.1699],[75.129,31.1705],[75.1241,31.1688],[75.1224,31.1673],[75.1173,31.1583],[75.1148,31.1557],[75.1096,31.1556],[75.1066,31.1534],[75.106,31.1512],[75.1027,31.15],[75.0925,31.1513],[75.0876,31.1531],[75.0819,31.151],[75.0833,31.1486],[75.0824,31.1454],[75.0797,31.1404],[75.0761,31.1354],[75.0771,31.1342],[75.0873,31.1324],[75.0976,31.1263],[75.1028,31.1256],[75.1063,31.1291],[75.109,31.1293],[75.1129,31.1276],[75.1158,31.1248],[75.1262,31.1209],[75.1286,31.1166],[75.1319,31.1163],[75.1309,31.113],[75.1338,31.1111],[75.1363,31.111],[75.1384,31.1083],[75.136,31.1054],[75.1426,31.1014],[75.1501,31.0978],[75.1501,31.0944],[75.148,31.0887],[75.1458,31.0857],[75.1481,31.084],[75.1532,31.0837],[75.1549,31.0862],[75.1578,31.0862],[75.1626,31.0895],[75.1634,31.0879],[75.1632,31.0826],[75.1725,31.0831],[75.1732,31.0805],[75.1788,31.0813],[75.1834,31.0777],[75.1785,31.0709],[75.1735,31.0623],[75.1772,31.053],[75.1792,31.0542],[75.1906,31.0561],[75.196,31.0538],[75.2012,31.0534],[75.2033,31.0548],[75.2069,31.054],[75.2069,31.0486],[75.21,31.0461],[75.2099,31.0408],[75.2057,31.0313],[75.2024,31.0281],[75.2017,31.0244],[75.2039,31.0201],[75.2052,31.0205],[75.2037,31.0249],[75.2093,31.0264],[75.211,31.0289],[75.2152,31.0321],[75.2216,31.0293],[75.225,31.0297],[75.2241,31.0345],[75.228,31.0366],[75.232,31.0375],[75.2342,31.0344],[75.239,31.0316],[75.2398,31.0326],[75.2532,31.0326],[75.2568,31.031],[75.2596,31.0315],[75.2625,31.0388],[75.2569,31.0428],[75.268,31.0435],[75.2683,31.0399],[75.2709,31.038],[75.2736,31.0384],[75.2816,31.042],[75.2868,31.0373],[75.2911,31.0356],[75.2947,31.0233],[75.295,31.0149],[75.3088,31.0145],[75.3099,31.0093],[75.3219,31.007],[75.3278,31.0098],[75.3283,31.0036],[75.3318,31.0032],[75.3355,31.0002],[75.3394,30.9905],[75.3418,30.9885],[75.348,30.9968],[75.3535,30.9981],[75.3565,31.0011],[75.3586,30.9996],[75.3561,30.9976],[75.3568,30.9938],[75.3674,30.9913],[75.3716,30.9982],[75.3748,30.9985],[75.3755,30.9949],[75.3837,30.9898],[75.3895,30.9937],[75.3946,30.9961],[75.3991,30.9964],[75.4017,30.9942],[75.4049,30.9977],[75.4045,31.0007],[75.4066,31.0025],[75.4076,31.0063],[75.4114,31.0062],[75.4119,31.008],[75.4115,31.0196],[75.4095,31.0215],[75.4105,31.0292],[75.4075,31.0296],[75.4049,31.0323],[75.3979,31.0354],[75.3915,31.0416],[75.3919,31.0487],[75.3984,31.0472],[75.4031,31.0481],[75.404,31.0549],[75.4036,31.0576],[75.4082,31.0586],[75.414,31.0558],[75.4115,31.0545],[75.4152,31.0504],[75.4176,31.0613],[75.4197,31.0618],[75.4233,31.0665],[75.4219,31.0678],[75.427,31.0738],[75.4282,31.0765],[75.4264,31.0835],[75.4213,31.0829],[75.4216,31.0896],[75.4202,31.0943],[75.4159,31.0955],[75.4126,31.0932],[75.4089,31.0947],[75.4089,31.0971],[75.4034,31.0973],[75.401,31.0956],[75.3954,31.0938],[75.387,31.1015],[75.3815,31.1055],[75.3842,31.108],[75.3878,31.1072],[75.3919,31.1074],[75.3933,31.1127],[75.392,31.1153],[75.3955,31.119],[75.393,31.1204],[75.3915,31.1246],[75.3892,31.1272],[75.3788,31.1298],[75.3771,31.1314],[75.378,31.1338],[75.3707,31.1443],[75.3735,31.1456],[75.3711,31.1486],[75.3684,31.1476],[75.3657,31.1422],[75.36,31.1376],[75.356,31.1312],[75.3515,31.131],[75.3529,31.1337],[75.3533,31.1387],[75.3546,31.1424],[75.3525,31.1458],[75.3519,31.1491],[75.3443,31.1495],[75.3442,31.154],[75.3452,31.1576],[75.3446,31.1606],[75.3451,31.1657],[75.3433,31.1727],[75.3452,31.1745],[75.3492,31.1718],[75.3538,31.1719],[75.3544,31.1789],[75.3536,31.1824],[75.3543,31.1863],[75.3701,31.1833],[75.3784,31.1801],[75.3862,31.1847],[75.3846,31.1882],[75.3823,31.1868],[75.3789,31.19],[75.3842,31.1926],[75.3821,31.1957],[75.3833,31.1991],[75.3793,31.2022],[75.3827,31.2053],[75.3829,31.207],[75.3796,31.2099],[75.3808,31.2128],[75.3692,31.218],[75.3681,31.2275],[75.3655,31.227],[75.3639,31.2259],[75.355,31.2284],[75.3527,31.2299],[75.3447,31.2319]]]},"properties":{"id":"in:subdistrict:209","level":"subdistrict","name":"Shahkot","code":209,"parent":"in:district:34","state":"in:state:3"}},{"type":"Feature","geometry":{"type":"Polygon","coordinates":[[[75.2799,31.4817],[75.2774,31.4835],[75.2694,31.4916],[75.264,31.495],[75.26,31.4968],[75.2577,31.4953],[75.2555,31.4966],[75.2545,31.5],[75.2505,31.5024],[75.2414,31.4989],[75.237,31.4979],[75.2334,31.4989],[75.2298,31.4963],[75.2286,31.4913],[75.2234,31.4914],[75.2142,31.4944],[75.2131,31.4964],[75.2098,31.498],[75.208,31.4971],[75.2054,31.4986],[75.2026,31.5034],[75.2009,31.5044],[75.1961,31.5004],[75.1917,31.5038],[75.187,31.505],[75.1842,31.5073],[75.1894,31.5154],[75.1879,31.5182],[75.1906,31.5195],[75.19,31.522],[75.1829,31.5256],[75.1803,31.5291],[75.1763,31.5289],[75.1725,31.5259],[75.1679,31.5246],[75.1679,31.5169],[75.1656,31.5163],[75.1626,31.512],[75.1552,31.508],[75.1538,31.5085],[75.1485,31.5065],[75.1461,31.5063],[75.1394,31.5087],[75.1313,31.5041],[75.1282,31.5006],[75.1246,31.4952],[75.1219,31.4963],[75.1221,31.4991],[75.1157,31.5066],[75.1156,31.5094],[75.1102,31.5119],[75.1082,31.5186],[75.1084,31.5237],[75.1028,31.5225],[75.0967,31.5226],[75.0886,31.521],[75.0833,31.5208],[75.0706,31.5282],[75.0666,31.525],[75.0614,31.5238],[75.0577,31.5213],[75.0478,31.5171],[75.041,31.5152],[75.036,31.5118],[75.0315,31.5098],[75.0273,31.5091],[75.0253,31.5069],[75.0255,31.5025],[75.0236,31.4976],[75.0269,31.4934],[75.0237,31.4871],[75.0228,31.4816],[75.0189,31.4777],[75.0094,31.4752],[75.0091,31.471],[75.0138,31.4662],[75.0115,31.4642],[75.0139,31.4621],[75.0112,31.4528],[75.0082,31.4475],[75.0109,31.4417],[75.0189,31.4351],[75.019,31.432],[75.0233,31.4277],[75.0222,31.4245],[75.0259,31.4201],[75.022,31.417],[75.0191,31.411],[75.0147,31.4127],[75.0156,31.4178],[75.012,31.4186],[75.0025,31.4141],[75.0069,31.4083],[75.0023,31.4028],[75.0045,31.3986],[75.0068,31.3979],[75.0094,31.3944],[75.018,31.3927],[75.0183,31.3908],[75.0242,31.3876],[75.0279,31.3974],[75.0358,31.3951],[75.0469,31.3939],[75.0463,31.3888],[75.0433,31.3849],[75.0399,31.3865],[75.037,31.3852],[75.0342,31.3888],[75.0283,31.3869],[75.0269,31.3857],[75.027,31.3808],[75.0187,31.3725],[75.0173,31.3657],[75.015,31.3613],[75.0081,31.3559],[75.009,31.3543],[75.0072,31.3494],[75.0081,31.3476],[75.0113,31.3467],[75.0112,31.3447],[75.0165,31.3412],[75.0165,31.3379],[75.0182,31.3358],[75.014,31.3349],[75.0125,31.3323],[75.0146,31.3302],[75.0177,31.3244],[75.016,31.3222],[75.0179,31.3199],[75.0103,31.3161],[75.0115,31.3115],[75.0157,31.3103],[75.0159,31.3082],[75.0196,31.3063],[75.0249,31.3065],[75.0319,31.3031],[75.0359,31.3042],[75.0429,31.3039],[75.0479,31.3007],[75.0512,31.2953],[75.0477,31.288],[75.0469,31.2852],[75.0438,31.2836],[75.0427,31.2814],[75.0433,31.2765],[75.0354,31.2679],[75.0329,31.2633],[75.0405,31.2587],[75.0445,31.2618],[75.0519,31.2629],[75.0631,31.261],[75.0809,31.2574],[75.0793,31.2646],[75.0823,31.2675],[75.0793,31.2688],[75.0822,31.2737],[75.1039,31.2797],[75.0934,31.2838],[75.1031,31.3022],[75.1096,31.3109],[75.1068,31.3168],[75.1183,31.3203],[75.124,31.3169],[75.1297,31.3141],[75.1346,31.3105],[75.1478,31.3201],[75.1473,31.3318],[75.1483,31.3332],[75.146,31.3367],[75.1574,31.3481],[75.1644,31.3567],[75.165,31.3615],[75.1573,31.3618],[75.156,31.3651],[75.1607,31.3746],[75.1633,31.3829],[75.1683,31.3791],[75.1815,31.396],[75.1786,31.3989],[75.1878,31.4075],[75.1899,31.406],[75.1943,31.408],[75.1873,31.4147],[75.1865,31.4147],[75.1871,31.4247],[75.1917,31.4331],[75.1997,31.436],[75.2101,31.4351],[75.2141,31.4219],[75.2245,31.4219],[75.2274,31.436],[75.2311,31.4502],[75.235,31.4593],[75.2433,31.4552],[75.2491,31.4627],[75.2522,31.4694],[75.2669,31.4802],[75.2799,31.4817]]]},"properties":{"id":"in:subdistrict:261","level":"subdistrict","name":"Khadur Sahib","code":261,"parent":"in:district:609","state":"in:state:3"}},{"type":"Feature","geometry":{"type":"Polygon","coordinates":[[[75.1815,31.396],[75.1683,31.3791],[75.1633,31.3829],[75.1607,31.3746],[75.156,31.3651],[75.1573,31.3618],[75.165,31.3615],[75.1644,31.3567],[75.1574,31.3481],[75.146,31.3367],[75.1483,31.3332],[75.1473,31.3318],[75.1478,31.3201],[75.1346,31.3105],[75.1297,31.3141],[75.124,31.3169],[75.1183,31.3203],[75.1068,31.3168],[75.1096,31.3109],[75.1031,31.3022],[75.0934,31.2838],[75.1039,31.2797],[75.0822,31.2737],[75.0793,31.2688],[75.0823,31.2675],[75.0793,31.2646],[75.0809,31.2574],[75.0815,31.2536],[75.081,31.2498],[75.0791,31.2459],[75.0715,31.2417],[75.0667,31.2383],[75.0604,31.2324],[75.0575,31.2261],[75.0614,31.2252],[75.0597,31.2105],[75.0506,31.2017],[75.0524,31.1984],[75.0479,31.191],[75.04,31.1904],[75.0323,31.1876],[75.026,31.1837],[75.0164,31.1799],[75.0093,31.1741],[75.0046,31.1742],[75.001,31.1721],[74.9914,31.1625],[74.9861,31.1589],[74.9834,31.1596],[74.9798,31.1581],[74.9645,31.1535],[74.9602,31.1471],[74.9692,31.1427],[74.9719,31.1403],[74.9815,31.1355],[74.9849,31.1328],[74.9883,31.132],[74.9973,31.1253],[75.0016,31.1214],[75.0059,31.1197],[75.0099,31.1202],[75.0128,31.1259],[75.0134,31.1302],[75.0113,31.1388],[75.008,31.1409],[75.0066,31.1451],[75.0097,31.1442],[75.0139,31.1451],[75.0134,31.1482],[75.0183,31.1481],[75.024,31.1564],[75.037,31.1509],[75.0393,31.154],[75.0428,31.1548],[75.053,31.1497],[75.0581,31.1467],[75.0625,31.1491],[75.0656,31.1464],[75.0685,31.1455],[75.0751,31.1478],[75.0793,31.1529],[75.0819,31.151],[75.0876,31.1531],[75.0925,31.1513],[75.1027,31.15],[75.106,31.1512],[75.1066,31.1534],[75.1096,31.1556],[75.1148,31.1557],[75.1173,31.1583],[75.1224,31.1673],[75.1241,31.1688],[75.129,31.1705],[75.1338,31.1699],[75.1414,31.1704],[75.1425,31.1677],[75.1451,31.1665],[75.1484,31.167],[75.1533,31.1663],[75.1549,31.1679],[75.1581,31.1682],[75.1619,31.1656],[75.1689,31.1635],[75.1753,31.1636],[75.1818,31.1655],[75.1845,31.1651],[75.1885,31.1741],[75.1892,31.1768],[75.198,31.1822],[75.203,31.1847],[75.2114,31.1845],[75.2183,31.1811],[75.2225,31.1767],[75.2298,31.1655],[75.2268,31.1579],[75.2304,31.1525],[75.2366,31.1526],[75.2383,31.1537],[75.2514,31.1542],[75.2577,31.1529],[75.2625,31.15],[75.2636,31.1508],[75.2699,31.1485],[75.2723,31.1544],[75.2749,31.1569],[75.2747,31.1589],[75.2712,31.1605],[75.2725,31.1641],[75.2754,31.1678],[75.2736,31.1692],[75.2746,31.1716],[75.2738,31.1744],[75.2708,31.1739],[75.2725,31.1806],[75.2737,31.1835],[75.2769,31.1873],[75.2849,31.1853],[75.2875,31.1872],[75.2916,31.192],[75.295,31.1915],[75.2971,31.1939],[75.3013,31.2064],[75.3055,31.2067],[75.3057,31.2082],[75.3206,31.2071],[75.3213,31.2101],[75.325,31.2145],[75.3277,31.2162],[75.3294,31.2148],[75.3379,31.2214],[75.3392,31.2256],[75.3407,31.2256],[75.3447,31.2319],[75.34,31.2358],[75.3374,31.2391],[75.3384,31.2442],[75.3401,31.2462],[75.3347,31.2504],[75.3303,31.251],[75.3239,31.2483],[75.3213,31.2439],[75.3129,31.2498],[75.3108,31.2529],[75.3064,31.2562],[75.3006,31.2565],[75.2942,31.2583],[75.2912,31.2555],[75.2879,31.2538],[75.2841,31.2543],[75.2767,31.259],[75.2716,31.2588],[75.2686,31.2595],[75.2655,31.2622],[75.2675,31.2678],[75.2688,31.2763],[75.2674,31.2794],[75.2722,31.2838],[75.2709,31.2858],[75.2745,31.2907],[75.2737,31.2915],[75.2662,31.2932],[75.2628,31.2888],[75.2529,31.2907],[75.2506,31.2949],[75.2517,31.2976],[75.2517,31.3013],[75.2503,31.3036],[75.2504,31.3071],[75.2524,31.3092],[75.255,31.3097],[75.2575,31.3083],[75.2595,31.3101],[75.2599,31.3139],[75.2583,31.3189],[75.2633,31.3274],[75.2676,31.3295],[75.2736,31.3289],[75.2772,31.3276],[75.2836,31.3306],[75.2869,31.3307],[75.2842,31.339],[75.2828,31.3407],[75.2791,31.3419],[75.2771,31.3446],[75.2712,31.3492],[75.2624,31.351],[75.2573,31.3531],[75.2507,31.3517],[75.2477,31.3528],[75.2466,31.3494],[75.2425,31.347],[75.2383,31.3497],[75.2332,31.3553],[75.2282,31.3574],[75.2236,31.3566],[75.2188,31.3607],[75.2149,31.3625],[75.2128,31.3611],[75.2103,31.3619],[75.2044,31.3596],[75.2016,31.3623],[75.2016,31.3675],[75.1946,31.3674],[75.1854,31.3628],[75.1827,31.3603],[75.1797,31.3596],[75.1759,31.3613],[75.1801,31.3698],[75.1828,31.3701],[75.1837,31.3776],[75.1841,31.3862],[75.1854,31.3882],[75.1815,31.396]]]},"properties":{"id":"in:subdistrict:207","level":"subdistrict","name":"Sultanpur Lodhi","code":207,"parent":"in:district:35","state":"in:state:3"}},{"type":"Feature","geometry":{"type":"Polygon","coordinates":[[[75.3655,31.227],[75.3681,31.2275],[75.3692,31.218],[75.3808,31.2128],[75.3796,31.2099],[75.3829,31.207],[75.3827,31.2053],[75.3793,31.2022],[75.3833,31.1991],[75.3821,31.1957],[75.3842,31.1926],[75.3789,31.19],[75.3823,31.1868],[75.3846,31.1882],[75.3862,31.1847],[75.3784,31.1801],[75.3701,31.1833],[75.3543,31.1863],[75.3536,31.1824],[75.3544,31.1789],[75.3538,31.1719],[75.3492,31.1718],[75.3452,31.1745],[75.3433,31.1727],[75.3451,31.1657],[75.3446,31.1606],[75.3452,31.1576],[75.3442,31.154],[75.3443,31.1495],[75.3519,31.1491],[75.3525,31.1458],[75.3546,31.1424],[75.3533,31.1387],[75.3529,31.1337],[75.3515,31.131],[75.356,31.1312],[75.36,31.1376],[75.3657,31.1422],[75.3684,31.1476],[75.3711,31.1486],[75.3735,31.1456],[75.3707,31.1443],[75.378,31.1338],[75.3771,31.1314],[75.3788,31.1298],[75.3892,31.1272],[75.3915,31.1246],[75.393,31.1204],[75.3955,31.119],[75.392,31.1153],[75.3933,31.1127],[75.3919,31.1074],[75.3878,31.1072],[75.3842,31.108],[75.3815,31.1055],[75.387,31.1015],[75.3954,31.0938],[75.401,31.0956],[75.4034,31.0973],[75.4089,31.0971],[75.4089,31.0947],[75.4126,31.0932],[75.4159,31.0955],[75.4202,31.0943],[75.4216,31.0896],[75.4213,31.0829],[75.4264,31.0835],[75.4282,31.0765],[75.427,31.0738],[75.4219,31.0678],[75.4233,31.0665],[75.4197,31.0618],[75.4176,31.0613],[75.4152,31.0504],[75.4115,31.0545],[75.414,31.0558],[75.4082,31.0586],[75.4036,31.0576],[75.404,31.0549],[75.4031,31.0481],[75.3984,31.0472],[75.3919,31.0487],[75.3915,31.0416],[75.3979,31.0354],[75.4049,31.0323],[75.4075,31.0296],[75.4105,31.0292],[75.4095,31.0215],[75.4115,31.0196],[75.4119,31.008],[75.4114,31.0062],[75.4076,31.0063],[75.4066,31.0025],[75.4045,31.0007],[75.4049,30.9977],[75.4017,30.9942],[75.4037,30.9901],[75.4048,30.9858],[75.4049,30.982],[75.4089,30.98],[75.4129,30.9843],[75.4171,30.9868],[75.4204,30.987],[75.428,30.9829],[75.4362,30.9814],[75.4412,30.9836],[75.4457,30.9821],[75.4485,30.9841],[75.4568,30.9833],[75.4591,30.981],[75.4593,30.9772],[75.4691,30.978],[75.4711,30.9807],[75.4741,30.982],[75.4764,30.9801],[75.4762,30.978],[75.4797,30.9741],[75.4822,30.9698],[75.4883,30.9727],[75.4928,30.9702],[75.499,30.97],[75.501,30.9724],[75.5062,30.9731],[75.5081,30.9755],[75.5147,30.9762],[75.5192,30.9757],[75.5287,30.9731],[75.5333,30.9712],[75.5373,30.9676],[75.5431,30.9682],[75.543,30.9759],[75.5619,30.977],[75.5651,30.9813],[75.5673,30.9857],[75.5636,30.9912],[75.5579,31.0011],[75.5546,31.003],[75.5504,31.0096],[75.5473,31.0116],[75.5401,31.0101],[75.5352,31.0118],[75.5257,31.0115],[75.5243,31.015],[75.5324,31.0195],[75.5335,31.0234],[75.5327,31.0267],[75.53,31.0287],[75.521,31.029],[75.5103,31.0318],[75.5131,31.0339],[75.5134,31.037],[75.52,31.0417],[75.523,31.0464],[75.5196,31.049],[75.5206,31.0538],[75.5264,31.0557],[75.523,31.058],[75.5267,31.0617],[75.5254,31.0651],[75.5257,31.0679],[75.5279,31.071],[75.5259,31.0751],[75.5268,31.0784],[75.5245,31.087],[75.5405,31.0968],[75.5376,31.102],[75.5377,31.1035],[75.5446,31.1041],[75.5487,31.1024],[75.5503,31.1058],[75.5374,31.1098],[75.5367,31.1152],[75.5389,31.1211],[75.5465,31.1264],[75.5491,31.1264],[75.5485,31.1297],[75.5528,31.1332],[75.5554,31.1296],[75.5583,31.1307],[75.5613,31.1282],[75.5656,31.1279],[75.5684,31.1314],[75.5742,31.1357],[75.578,31.1368],[75.5799,31.1385],[75.5777,31.1443],[75.5858,31.1439],[75.5875,31.1449],[75.5899,31.1529],[75.5946,31.1536],[75.5946,31.1612],[75.5978,31.1658],[75.5993,31.1651],[75.6069,31.1721],[75.6127,31.1714],[75.6148,31.1748],[75.6125,31.193],[75.6038,31.1941],[75.6003,31.1963],[75.6002,31.1999],[75.6054,31.2055],[75.602,31.21],[75.5996,31.2148],[75.5966,31.2173],[75.5934,31.2184],[75.5868,31.2165],[75.5814,31.217],[75.577,31.2192],[75.5732,31.2179],[75.563,31.2177],[75.5591,31.221],[75.5577,31.2181],[75.5581,31.2147],[75.557,31.2103],[75.5539,31.2102],[75.5488,31.2132],[75.546,31.2111],[75.5425,31.211],[75.5418,31.2081],[75.5396,31.2051],[75.5346,31.2064],[75.5344,31.2086],[75.5302,31.2067],[75.5314,31.2044],[75.5283,31.2025],[75.5246,31.2046],[75.5194,31.2035],[75.5196,31.2075],[75.5238,31.2167],[75.5242,31.2208],[75.5226,31.2249],[75.5163,31.2248],[75.5095,31.223],[75.5028,31.2183],[75.4996,31.2204],[75.4903,31.222],[75.4848,31.2236],[75.4686,31.2218],[75.4647,31.2306],[75.4609,31.2355],[75.4544,31.2356],[75.4508,31.237],[75.4485,31.2389],[75.4439,31.241],[75.4376,31.2405],[75.4355,31.2383],[75.4336,31.2292],[75.429,31.2288],[75.4231,31.2294],[75.4244,31.2357],[75.4192,31.2396],[75.42,31.2418],[75.4226,31.2428],[75.4225,31.2456],[75.4179,31.2497],[75.4119,31.2468],[75.4063,31.2448],[75.4004,31.2475],[75.3943,31.2451],[75.3895,31.2444],[75.3894,31.2422],[75.3843,31.2394],[75.3844,31.2375],[75.382,31.2323],[75.3766,31.2307],[75.3691,31.2392],[75.3619,31.2358],[75.3655,31.227]]]},"properties":{"id":"in:subdistrict:210","level":"subdistrict","name":"Nakodar","code":210,"parent":"in:district:34","state":"in:state:3"}},{"type":"Feature","geometry":{"type":"Polygon","coordinates":[[[74.931,30.789],[74.9367,30.7907],[74.9403,30.7893],[74.9419,30.7872],[74.9453,30.7861],[74.9515,30.7866],[74.951,30.7845],[74.9523,30.7803],[74.9567,30.7725],[74.9595,30.7714],[74.965,30.7764],[74.9705,30.778],[74.98,30.785],[74.9848,30.7863],[74.9865,30.7878],[74.9869,30.7918],[74.9917,30.7904],[74.998,30.7863],[75.0002,30.7812],[75.0053,30.7766],[75.015,30.7798],[75.0167,30.7817],[75.0197,30.7813],[75.0238,30.7792],[75.0235,30.7746],[75.0297,30.7729],[75.0338,30.7748],[75.0394,30.7799],[75.0431,30.7797],[75.047,30.7811],[75.0576,30.7826],[75.0573,30.7805],[75.0635,30.7774],[75.0685,30.777],[75.0742,30.7719],[75.0797,30.7719],[75.0851,30.7735],[75.0917,30.7714],[75.1015,30.7629],[75.1081,30.7589],[75.1103,30.7567],[75.1182,30.7412],[75.1203,30.7362],[75.1184,30.7205],[75.1193,30.7196],[75.1175,30.7152],[75.1181,30.7097],[75.1258,30.7039],[75.1284,30.7011],[75.1321,30.7029],[75.1347,30.703],[75.1403,30.7064],[75.1494,30.7035],[75.1509,30.7034],[75.1584,30.6975],[75.1617,30.6958],[75.1648,30.6999],[75.1731,30.697],[75.1802,30.6971],[75.1826,30.6936],[75.1847,30.6928],[75.1917,30.6865],[75.1962,30.6849],[75.2,30.6872],[75.2069,30.6889],[75.2151,30.6934],[75.2172,30.6969],[75.2169,30.7005],[75.2155,30.7027],[75.2189,30.7087],[75.2221,30.7101],[75.2316,30.7198],[75.2365,30.7206],[75.2379,30.7222],[75.245,30.7232],[75.246,30.7191],[75.25,30.7127],[75.256,30.7061],[75.2643,30.7007],[75.266,30.699],[75.2711,30.7003],[75.2736,30.7023],[75.2835,30.7067],[75.2948,30.7139],[75.2962,30.7155],[75.2991,30.7153],[75.3075,30.7167],[75.3102,30.7183],[75.3115,30.711],[75.3171,30.706],[75.32,30.7002],[75.3234,30.6978],[75.3286,30.6997],[75.333,30.7005],[75.3393,30.7027],[75.3431,30.701],[75.3441,30.699],[75.3414,30.6887],[75.3426,30.6836],[75.3509,30.682],[75.3532,30.6791],[75.3564,30.6802],[75.3574,30.683],[75.3678,30.6864],[75.3673,30.6876],[75.3694,30.6917],[75.3684,30.6937],[75.3696,30.6994],[75.3687,30.7012],[75.3685,30.7069],[75.3706,30.7109],[75.3729,30.7088],[75.3782,30.7088],[75.3836,30.7125],[75.3862,30.7181],[75.3851,30.7236],[75.3819,30.7244],[75.3779,30.7239],[75.3757,30.7282],[75.3761,30.7303],[75.3724,30.7344],[75.373,30.7371],[75.3775,30.7394],[75.3758,30.7429],[75.3754,30.7492],[75.3783,30.7507],[75.3805,30.7554],[75.3817,30.7599],[75.3853,30.7676],[75.3853,30.771],[75.3898,30.7814],[75.3906,30.788],[75.3949,30.8073],[75.3961,30.8087],[75.3923,30.8119],[75.3861,30.8131],[75.381,30.8149],[75.3763,30.8186],[75.375,30.8214],[75.3704,30.8264],[75.3674,30.8321],[75.3675,30.8418],[75.3724,30.8492],[75.3753,30.8565],[75.3755,30.8585],[75.3716,30.8588],[75.3654,30.8622],[75.3634,30.8645],[75.3557,30.8697],[75.3483,30.8689],[75.333,30.8745],[75.3327,30.872],[75.3217,30.8722],[75.3148,30.8737],[75.3091,30.8681],[75.3036,30.8646],[75.3018,30.8677],[75.2958,30.8675],[75.2932,30.8683],[75.2907,30.8714],[75.2885,30.8682],[75.2841,30.8666],[75.2782,30.8694],[75.275,30.8651],[75.273,30.8642],[75.2681,30.8667],[75.2555,30.8626],[75.2501,30.8663],[75.2475,30.8672],[75.2426,30.867],[75.2427,30.8638],[75.2354,30.8601],[75.2281,30.8656],[75.2223,30.8713],[75.2213,30.8689],[75.2177,30.8648],[75.2134,30.8623],[75.2099,30.8631],[75.1991,30.8639],[75.1971,30.8637],[75.1922,30.861],[75.1889,30.8647],[75.1861,30.8628],[75.1792,30.8654],[75.176,30.8636],[75.1726,30.8674],[75.162,30.8729],[75.16,30.8718],[75.1583,30.8689],[75.1479,30.8665],[75.1466,30.8712],[75.1377,30.8793],[75.1307,30.8798],[75.123,30.8772],[75.12,30.8781],[75.1139,30.8771],[75.1118,30.8761],[75.1062,30.8763],[75.1023,30.8779],[75.0975,30.8737],[75.0923,30.8704],[75.0897,30.873],[75.0877,30.8734],[75.0845,30.877],[75.0822,30.8782],[75.0748,30.8784],[75.0672,30.8799],[75.0645,30.8791],[75.057,30.8815],[75.0473,30.8805],[75.0416,30.8821],[75.0402,30.8837],[75.0385,30.8896],[75.0351,30.8911],[75.0304,30.8968],[75.0274,30.8969],[75.0252,30.8947],[75.0226,30.8949],[75.0205,30.8934],[75.0161,30.8923],[75.0086,30.8925],[75.0044,30.8932],[75.0004,30.8958],[74.9964,30.8886],[74.9803,30.89],[74.9738,30.8891],[74.9667,30.8905],[74.9602,30.8904],[74.9582,30.8892],[74.9537,30.8917],[74.9516,30.885],[74.9437,30.8791],[74.9427,30.8769],[74.9437,30.8761],[74.9441,30.8689],[74.9456,30.8626],[74.947,30.8615],[74.9476,30.8547],[74.9448,30.8501],[74.9446,30.8478],[74.9412,30.8408],[74.941,30.839],[74.9461,30.834],[74.9472,30.8284],[74.9449,30.8264],[74.9405,30.8189],[74.9375,30.816],[74.9291,30.8062],[74.928,30.7971],[74.9287,30.7932],[74.931,30.789]]]},"properties":{"id":"in:subdistrict:233","level":"subdistrict","name":"Moga","code":233,"parent":"in:district:38","state":"in:state:3"}},{"type":"Feature","geometry":{"type":"Polygon","coordinates":[[[74.91,30.5803],[74.9029,30.5706],[74.9032,30.5597],[74.9018,30.5514],[74.9041,30.5488],[74.9142,30.5455],[74.9263,30.5391],[74.93,30.5426],[74.9315,30.5467],[74.9271,30.55],[74.9276,30.5534],[74.9291,30.5547],[74.9317,30.5595],[74.9415,30.568],[74.9447,30.5718],[74.9505,30.5689],[74.9556,30.5618],[74.961,30.5613],[74.963,30.5601],[74.9623,30.5574],[74.9637,30.5524],[74.969,30.5488],[74.9733,30.5473],[74.9779,30.5432],[74.9825,30.5424],[74.9892,30.5428],[74.9908,30.5421],[74.9958,30.5363],[74.9971,30.5331],[74.9928,30.5281],[74.9901,30.5204],[74.992,30.5146],[74.9939,30.511],[74.9922,30.5019],[74.9936,30.4951],[74.9957,30.4902],[75,30.4864],[75.0009,30.4888],[75.0043,30.4914],[75.0106,30.4907],[75.0167,30.4919],[75.0202,30.4909],[75.0284,30.4973],[75.0321,30.5024],[75.0324,30.5043],[75.0373,30.5046],[75.0429,30.5011],[75.0488,30.5014],[75.0516,30.5035],[75.055,30.5016],[75.0586,30.5039],[75.0635,30.5031],[75.0656,30.5066],[75.07,30.5117],[75.0738,30.5174],[75.0779,30.5251],[75.0841,30.5314],[75.0921,30.5271],[75.1,30.5233],[75.1052,30.5212],[75.1089,30.5209],[75.1181,30.5238],[75.1228,30.5244],[75.1282,30.5223],[75.131,30.5265],[75.1315,30.5298],[75.1308,30.5377],[75.1298,30.541],[75.1264,30.5459],[75.1251,30.5518],[75.1226,30.556],[75.1206,30.5609],[75.1234,30.5664],[75.1298,30.5718],[75.134,30.5746],[75.1384,30.5759],[75.1456,30.5824],[75.1514,30.5777],[75.1573,30.5768],[75.1607,30.5794],[75.1637,30.5798],[75.1646,30.5815],[75.1704,30.5871],[75.1742,30.5884],[75.178,30.592],[75.184,30.5949],[75.1817,30.6033],[75.1782,30.6087],[75.1767,30.6126],[75.176,30.6184],[75.1596,30.6247],[75.1548,30.6242],[75.1518,30.6263],[75.1589,30.6357],[75.1649,30.6392],[75.1696,30.6383],[75.1709,30.6447],[75.1818,30.6496],[75.1846,30.6484],[75.1835,30.6586],[75.1839,30.6636],[75.1861,30.6689],[75.1872,30.669],[75.1893,30.675],[75.1919,30.6769],[75.1926,30.6797],[75.1911,30.6808],[75.1962,30.6849],[75.1917,30.6865],[75.1847,30.6928],[75.1826,30.6936],[75.1802,30.6971],[75.1731,30.697],[75.1648,30.6999],[75.1617,30.6958],[75.1584,30.6975],[75.1509,30.7034],[75.1494,30.7035],[75.1403,30.7064],[75.1347,30.703],[75.1321,30.7029],[75.1284,30.7011],[75.1258,30.7039],[75.1181,30.7097],[75.1175,30.7152],[75.1193,30.7196],[75.1184,30.7205],[75.1203,30.7362],[75.1182,30.7412],[75.1103,30.7567],[75.1081,30.7589],[75.1015,30.7629],[75.0917,30.7714],[75.0851,30.7735],[75.0797,30.7719],[75.0742,30.7719],[75.0685,30.777],[75.0635,30.7774],[75.0573,30.7805],[75.0576,30.7826],[75.047,30.7811],[75.0431,30.7797],[75.0394,30.7799],[75.0338,30.7748],[75.0297,30.7729],[75.0235,30.7746],[75.0238,30.7792],[75.0197,30.7813],[75.0167,30.7817],[75.015,30.7798],[75.0053,30.7766],[75.0002,30.7812],[74.998,30.7863],[74.9917,30.7904],[74.9869,30.7918],[74.9865,30.7878],[74.9848,30.7863],[74.98,30.785],[74.9705,30.778],[74.965,30.7764],[74.9595,30.7714],[74.9567,30.7725],[74.9523,30.7803],[74.951,30.7845],[74.9515,30.7866],[74.9453,30.7861],[74.9419,30.7872],[74.9403,30.7893],[74.9367,30.7907],[74.931,30.789],[74.9242,30.7851],[74.9149,30.7823],[74.915,30.7787],[74.9105,30.7706],[74.9122,30.7682],[74.9118,30.7639],[74.9072,30.7581],[74.9075,30.7543],[74.9101,30.7514],[74.9119,30.7513],[74.9123,30.7478],[74.9116,30.744],[74.9122,30.7414],[74.9088,30.7366],[74.9101,30.7354],[74.9109,30.7267],[74.9106,30.7241],[74.9085,30.719],[74.9074,30.7143],[74.9052,30.7097],[74.9041,30.7033],[74.9066,30.6984],[74.9101,30.694],[74.9155,30.6826],[74.9187,30.6824],[74.9189,30.6853],[74.9231,30.6874],[74.922,30.6793],[74.9335,30.6794],[74.9388,30.6783],[74.9454,30.6794],[74.9518,30.6768],[74.9553,30.6778],[74.9577,30.6699],[74.9583,30.6566],[74.9532,30.6492],[74.9509,30.6447],[74.9562,30.6369],[74.9532,30.6287],[74.9532,30.6257],[74.9485,30.6229],[74.9482,30.6146],[74.9467,30.6093],[74.9482,30.6069],[74.9493,30.6009],[74.9556,30.5943],[74.9524,30.5906],[74.9503,30.5918],[74.9411,30.5901],[74.9389,30.589],[74.9286,30.5869],[74.9236,30.5871],[74.9185,30.5858],[74.91,30.5803]]]},"properties":{"id":"in:subdistrict:232","level":"subdistrict","name":"Bagha Purana","code":232,"parent":"in:district:38","state":"in:state:3"}},{"type":"Feature","geometry":{"type":"Polygon","coordinates":[[[75.3678,30.6864],[75.3574,30.683],[75.3564,30.6802],[75.3532,30.6791],[75.3509,30.682],[75.3426,30.6836],[75.3414,30.6887],[75.3441,30.699],[75.3431,30.701],[75.3393,30.7027],[75.333,30.7005],[75.3286,30.6997],[75.3234,30.6978],[75.32,30.7002],[75.3171,30.706],[75.3115,30.711],[75.3102,30.7183],[75.3075,30.7167],[75.2991,30.7153],[75.2962,30.7155],[75.2948,30.7139],[75.2835,30.7067],[75.2736,30.7023],[75.2711,30.7003],[75.266,30.699],[75.2643,30.7007],[75.256,30.7061],[75.25,30.7127],[75.246,30.7191],[75.245,30.7232],[75.2379,30.7222],[75.2365,30.7206],[75.2316,30.7198],[75.2221,30.7101],[75.2189,30.7087],[75.2155,30.7027],[75.2169,30.7005],[75.2172,30.6969],[75.2151,30.6934],[75.2069,30.6889],[75.2,30.6872],[75.1962,30.6849],[75.1911,30.6808],[75.1926,30.6797],[75.1919,30.6769],[75.1893,30.675],[75.1872,30.669],[75.1861,30.6689],[75.1839,30.6636],[75.1835,30.6586],[75.1846,30.6484],[75.1818,30.6496],[75.1709,30.6447],[75.1696,30.6383],[75.1649,30.6392],[75.1589,30.6357],[75.1518,30.6263],[75.1548,30.6242],[75.1596,30.6247],[75.176,30.6184],[75.1767,30.6126],[75.1782,30.6087],[75.1817,30.6033],[75.184,30.5949],[75.178,30.592],[75.1742,30.5884],[75.1704,30.5871],[75.1646,30.5815],[75.1637,30.5798],[75.1659,30.5784],[75.1664,30.5757],[75.169,30.5701],[75.1699,30.5661],[75.1722,30.5602],[75.1745,30.5568],[75.1788,30.5529],[75.1799,30.5502],[75.183,30.5323],[75.1813,30.5258],[75.1805,30.5199],[75.1812,30.5143],[75.1809,30.511],[75.1853,30.5092],[75.192,30.5086],[75.196,30.512],[75.1996,30.5094],[75.2014,30.5071],[75.2046,30.5092],[75.2071,30.5095],[75.2057,30.5133],[75.212,30.5164],[75.2192,30.5091],[75.2212,30.508],[75.2276,30.5076],[75.2313,30.5086],[75.2336,30.5119],[75.2373,30.51],[75.2401,30.5114],[75.2404,30.5136],[75.2453,30.5147],[75.2504,30.5177],[75.2523,30.5157],[75.2553,30.5162],[75.2577,30.5198],[75.2621,30.5209],[75.2656,30.5204],[75.269,30.5166],[75.2743,30.5141],[75.2829,30.508],[75.2856,30.5103],[75.2878,30.5089],[75.2941,30.5116],[75.293,30.5159],[75.3016,30.5224],[75.3037,30.5266],[75.308,30.5265],[75.3118,30.5284],[75.3127,30.5355],[75.3193,30.5366],[75.3226,30.5381],[75.33,30.5343],[75.3316,30.5321],[75.332,30.5281],[75.3345,30.5247],[75.3346,30.5208],[75.3382,30.5193],[75.3448,30.5147],[75.3466,30.5165],[75.3556,30.5165],[75.3608,30.5147],[75.3649,30.5182],[75.3677,30.5193],[75.3744,30.5184],[75.3756,30.5217],[75.3879,30.5254],[75.3903,30.5274],[75.3952,30.5271],[75.4006,30.5285],[75.4044,30.5324],[75.4095,30.5356],[75.4138,30.5437],[75.4157,30.5442],[75.4195,30.5487],[75.4196,30.5534],[75.4162,30.5567],[75.4088,30.5587],[75.4093,30.5618],[75.4041,30.5669],[75.4066,30.5672],[75.4053,30.5705],[75.4052,30.5756],[75.4091,30.5839],[75.4064,30.5849],[75.3974,30.5938],[75.3982,30.5955],[75.4017,30.6064],[75.4025,30.6129],[75.4012,30.6187],[75.3961,30.621],[75.3928,30.6249],[75.3879,30.627],[75.3845,30.6251],[75.38,30.6251],[75.3765,30.6238],[75.3745,30.6264],[75.3764,30.6286],[75.3777,30.637],[75.3787,30.6396],[75.373,30.6417],[75.3735,30.6445],[75.3697,30.6487],[75.3761,30.6575],[75.3811,30.6629],[75.382,30.6691],[75.3784,30.6726],[75.3764,30.6788],[75.3754,30.6789],[75.3678,30.6864]]]},"properties":{"id":"in:subdistrict:231","level":"subdistrict","name":"Nihal Singhwala","code":231,"parent":"in:district:38","state":"in:state:3"}},{"type":"Feature","geometry":{"type":"Polygon","coordinates":[[[75.2829,30.508],[75.2812,30.5004],[75.2777,30.4912],[75.2701,30.4824],[75.2606,30.4734],[75.2597,30.4731],[75.256,30.4661],[75.2538,30.464],[75.2582,30.4599],[75.2594,30.4572],[75.2641,30.4517],[75.2677,30.4452],[75.2634,30.4439],[75.2623,30.4399],[75.265,30.4364],[75.2733,30.4399],[75.2829,30.4418],[75.288,30.4323],[75.2904,30.4286],[75.2998,30.4244],[75.3044,30.4196],[75.3054,30.4176],[75.2993,30.4078],[75.3024,30.4028],[75.3005,30.3976],[75.3034,30.3966],[75.3031,30.3933],[75.305,30.3905],[75.3048,30.3877],[75.3068,30.3866],[75.3049,30.38],[75.307,30.3785],[75.3124,30.3807],[75.3151,30.3799],[75.3221,30.3758],[75.325,30.3787],[75.3321,30.3773],[75.3334,30.3755],[75.3316,30.3724],[75.3323,30.3705],[75.3271,30.3629],[75.3271,30.3577],[75.3249,30.3563],[75.3251,30.3529],[75.3351,30.3474],[75.3369,30.3445],[75.3396,30.343],[75.3435,30.3444],[75.3452,30.3425],[75.3452,30.3373],[75.3427,30.3345],[75.3402,30.3344],[75.3327,30.3326],[75.3235,30.3362],[75.3205,30.3353],[75.3146,30.3321],[75.3139,30.3271],[75.3187,30.3245],[75.321,30.3205],[75.3219,30.3146],[75.32,30.3123],[75.3176,30.3046],[75.3207,30.3021],[75.3248,30.3043],[75.3342,30.3064],[75.3389,30.3035],[75.3465,30.3002],[75.3431,30.2955],[75.3397,30.2925],[75.3413,30.29],[75.3404,30.2881],[75.342,30.2855],[75.3462,30.285],[75.349,30.2828],[75.355,30.2871],[75.3588,30.2847],[75.3616,30.2847],[75.364,30.2821],[75.3617,30.2712],[75.3613,30.2677],[75.3647,30.2637],[75.3684,30.2635],[75.3713,30.2612],[75.365,30.2579],[75.3674,30.256],[75.3682,30.2533],[75.3685,30.2468],[75.3632,30.2441],[75.3638,30.2411],[75.3748,30.2374],[75.3761,30.2362],[75.3769,30.2321],[75.3767,30.2242],[75.375,30.22],[75.3699,30.2141],[75.3726,30.2121],[75.3705,30.2092],[75.3668,30.2081],[75.3624,30.2081],[75.3599,30.2057],[75.3657,30.2031],[75.3667,30.2054],[75.3701,30.2053],[75.3695,30.199],[75.374,30.198],[75.3805,30.2042],[75.3847,30.2048],[75.3872,30.2068],[75.388,30.2093],[75.3935,30.2066],[75.3945,30.202],[75.397,30.198],[75.4003,30.1947],[75.4062,30.1934],[75.4137,30.1869],[75.4212,30.1864],[75.428,30.1873],[75.4303,30.1893],[75.4387,30.1915],[75.4394,30.1905],[75.4509,30.1912],[75.4568,30.1943],[75.4618,30.1951],[75.4666,30.1923],[75.4731,30.1873],[75.4754,30.1844],[75.4817,30.1796],[75.4851,30.1838],[75.4871,30.1792],[75.4905,30.1803],[75.4918,30.1829],[75.4896,30.1853],[75.4923,30.1894],[75.4931,30.1978],[75.4904,30.2004],[75.4869,30.2019],[75.4886,30.2036],[75.4857,30.2094],[75.4868,30.2111],[75.4842,30.2132],[75.4849,30.2205],[75.4893,30.2262],[75.487,30.23],[75.4905,30.2308],[75.492,30.2344],[75.4912,30.2357],[75.4932,30.2404],[75.495,30.2425],[75.4981,30.2424],[75.501,30.2444],[75.5032,30.2488],[75.5063,30.2499],[75.5096,30.2573],[75.5078,30.259],[75.5018,30.2609],[75.4939,30.2669],[75.4968,30.2741],[75.499,30.2764],[75.5004,30.2823],[75.4929,30.2829],[75.4905,30.2784],[75.487,30.2795],[75.4875,30.2861],[75.49,30.2882],[75.4918,30.2922],[75.4914,30.2971],[75.4898,30.2992],[75.4942,30.3023],[75.4902,30.3045],[75.4881,30.3045],[75.4837,30.3084],[75.4802,30.3129],[75.4766,30.3143],[75.4715,30.3117],[75.4672,30.3138],[75.4652,30.3162],[75.4557,30.3185],[75.4549,30.3202],[75.4586,30.3222],[75.4621,30.325],[75.4598,30.3311],[75.4575,30.3331],[75.4566,30.3417],[75.4546,30.3461],[75.4504,30.3477],[75.4525,30.3535],[75.4564,30.3582],[75.4591,30.3593],[75.4579,30.3623],[75.4519,30.3646],[75.4464,30.3705],[75.446,30.3743],[75.4435,30.3746],[75.4436,30.3772],[75.4406,30.3794],[75.4439,30.3807],[75.4503,30.3856],[75.4527,30.39],[75.4502,30.3925],[75.4523,30.3939],[75.4522,30.3988],[75.4488,30.4027],[75.4522,30.4048],[75.4535,30.4095],[75.452,30.4143],[75.4532,30.4148],[75.4514,30.4207],[75.4476,30.4212],[75.445,30.4189],[75.4413,30.4141],[75.4345,30.4074],[75.43,30.4114],[75.4204,30.4151],[75.4189,30.4201],[75.4205,30.4277],[75.4256,30.4344],[75.4183,30.443],[75.4163,30.4428],[75.4139,30.4478],[75.4169,30.4478],[75.4158,30.4546],[75.4211,30.4586],[75.427,30.4643],[75.4333,30.4636],[75.4359,30.4623],[75.4408,30.4615],[75.4453,30.4618],[75.4475,30.4606],[75.4509,30.4606],[75.4531,30.4586],[75.4553,30.4596],[75.4624,30.459],[75.4675,30.4636],[75.4714,30.4636],[75.4706,30.4697],[75.472,30.4729],[75.4697,30.4748],[75.4719,30.4769],[75.4722,30.4792],[75.4695,30.4829],[75.4694,30.4851],[75.4717,30.488],[75.4739,30.4891],[75.4737,30.4933],[75.4716,30.4931],[75.4656,30.495],[75.459,30.4939],[75.4577,30.4953],[75.4577,30.5],[75.461,30.5047],[75.4624,30.5082],[75.4656,30.5107],[75.4663,30.5132],[75.4701,30.5164],[75.4698,30.5222],[75.4654,30.5231],[75.4651,30.5258],[75.4679,30.5283],[75.4735,30.5293],[75.4739,30.5325],[75.4758,30.5389],[75.4748,30.5415],[75.4722,30.5441],[75.4732,30.5473],[75.4722,30.5489],[75.4723,30.5527],[75.4702,30.5557],[75.4645,30.5585],[75.4656,30.5648],[75.4634,30.5694],[75.4602,30.5696],[75.4572,30.5715],[75.4617,30.5783],[75.4633,30.5797],[75.4684,30.5783],[75.4719,30.579],[75.4786,30.584],[75.4827,30.5851],[75.4875,30.583],[75.4909,30.5873],[75.4967,30.5974],[75.4908,30.5983],[75.4845,30.6019],[75.4766,30.6013],[75.4697,30.605],[75.4643,30.6058],[75.4641,30.5993],[75.4609,30.5983],[75.4568,30.6005],[75.454,30.601],[75.4508,30.5966],[75.4487,30.5967],[75.4451,30.5918],[75.4426,30.5938],[75.4369,30.5907],[75.4345,30.5928],[75.4309,30.5839],[75.4249,30.5852],[75.4202,30.585],[75.4145,30.5833],[75.4091,30.5839],[75.4052,30.5756],[75.4053,30.5705],[75.4066,30.5672],[75.4041,30.5669],[75.4093,30.5618],[75.4088,30.5587],[75.4162,30.5567],[75.4196,30.5534],[75.4195,30.5487],[75.4157,30.5442],[75.4138,30.5437],[75.4095,30.5356],[75.4044,30.5324],[75.4006,30.5285],[75.3952,30.5271],[75.3903,30.5274],[75.3879,30.5254],[75.3756,30.5217],[75.3744,30.5184],[75.3677,30.5193],[75.3649,30.5182],[75.3608,30.5147],[75.3556,30.5165],[75.3466,30.5165],[75.3448,30.5147],[75.3382,30.5193],[75.3346,30.5208],[75.3345,30.5247],[75.332,30.5281],[75.3316,30.5321],[75.33,30.5343],[75.3226,30.5381],[75.3193,30.5366],[75.3127,30.5355],[75.3118,30.5284],[75.308,30.5265],[75.3037,30.5266],[75.3016,30.5224],[75.293,30.5159],[75.2941,30.5116],[75.2878,30.5089],[75.2856,30.5103],[75.2829,30.508]]]},"properties":{"id":"in:subdistrict:276","level":"subdistrict","name":"Tapa","code":276,"parent":"in:district:605","state":"in:state:3"}},{"type":"Feature","geometry":{"type":"Polygon","coordinates":[[[75.3695,30.199],[75.3666,30.1966],[75.3665,30.1943],[75.3633,30.1911],[75.3574,30.1873],[75.357,30.1825],[75.3594,30.1791],[75.364,30.176],[75.3611,30.1726],[75.3561,30.1683],[75.3558,30.1664],[75.3592,30.1641],[75.3569,30.1614],[75.3505,30.1624],[75.3488,30.1606],[75.3448,30.16],[75.3437,30.1462],[75.3532,30.1414],[75.35,30.1375],[75.3464,30.1345],[75.3434,30.1307],[75.3392,30.1321],[75.3357,30.1286],[75.3286,30.1232],[75.3232,30.1228],[75.3198,30.1173],[75.3159,30.1163],[75.3145,30.113],[75.3121,30.1122],[75.3097,30.114],[75.3063,30.1115],[75.3004,30.1097],[75.2973,30.1117],[75.2949,30.1077],[75.2911,30.1052],[75.2991,30.0991],[75.3002,30.0974],[75.3001,30.0935],[75.3031,30.0908],[75.3064,30.0774],[75.3137,30.0753],[75.3172,30.0757],[75.3214,30.0729],[75.3224,30.0704],[75.3262,30.0687],[75.3238,30.0638],[75.3216,30.0615],[75.3173,30.0626],[75.316,30.0657],[75.3127,30.0657],[75.3105,30.0677],[75.3058,30.0689],[75.2942,30.071],[75.2935,30.0682],[75.2915,30.0669],[75.2882,30.0677],[75.2834,30.0668],[75.2784,30.0636],[75.2751,30.0595],[75.2756,30.0574],[75.2719,30.0532],[75.2724,30.0513],[75.2703,30.0484],[75.267,30.0486],[75.2648,30.05],[75.2583,30.0437],[75.2492,30.0372],[75.2507,30.0326],[75.2563,30.0282],[75.258,30.0261],[75.2584,30.0202],[75.2599,30.0163],[75.2695,30.0147],[75.2766,30.0142],[75.2815,30.0114],[75.2844,30.0134],[75.2877,30.0174],[75.2877,30.0209],[75.2902,30.0227],[75.2985,30.0194],[75.2881,30.0065],[75.2838,30.0035],[75.2814,30.0038],[75.2761,29.9987],[75.2718,29.9898],[75.2784,29.9855],[75.2812,29.9796],[75.2757,29.9764],[75.2731,29.974],[75.2651,29.9775],[75.2603,29.9783],[75.2507,29.9829],[75.2497,29.9812],[75.2491,29.9756],[75.2465,29.9695],[75.2376,29.9598],[75.2312,29.9642],[75.2209,29.9691],[75.2166,29.9676],[75.2133,29.9699],[75.212,29.9721],[75.2075,29.9756],[75.2081,29.9787],[75.2058,29.9802],[75.1985,29.9801],[75.1951,29.9809],[75.1928,29.9774],[75.1886,29.9737],[75.1828,29.9702],[75.1824,29.96],[75.181,29.9529],[75.1833,29.9521],[75.1781,29.9459],[75.1807,29.9415],[75.1773,29.9361],[75.1719,29.9293],[75.1721,29.9269],[75.1759,29.9233],[75.1825,29.9194],[75.1848,29.9161],[75.1857,29.9128],[75.1855,29.9035],[75.1867,29.8989],[75.1881,29.8894],[75.1955,29.8894],[75.2049,29.8883],[75.2175,29.883],[75.2247,29.8881],[75.2236,29.8946],[75.2237,29.9004],[75.2273,29.9079],[75.2317,29.9081],[75.2382,29.916],[75.2388,29.9185],[75.2453,29.9233],[75.2511,29.9261],[75.263,29.9288],[75.2735,29.9262],[75.2822,29.9307],[75.2882,29.9286],[75.2951,29.924],[75.2986,29.9247],[75.3002,29.9267],[75.3034,29.928],[75.3083,29.9238],[75.3107,29.9237],[75.3159,29.9178],[75.319,29.9159],[75.3162,29.913],[75.316,29.9112],[75.3224,29.9071],[75.3217,29.9049],[75.3179,29.9019],[75.3187,29.8991],[75.3219,29.8975],[75.3254,29.893],[75.3218,29.8851],[75.3325,29.8895],[75.3397,29.8916],[75.3429,29.8914],[75.3462,29.8872],[75.3527,29.8897],[75.3565,29.8874],[75.3577,29.89],[75.3613,29.8891],[75.3636,29.8866],[75.3667,29.8848],[75.362,29.8812],[75.3685,29.8766],[75.3746,29.8694],[75.3877,29.8673],[75.3928,29.8674],[75.3978,29.8704],[75.3978,29.8757],[75.4026,29.8841],[75.41,29.8863],[75.416,29.8898],[75.4192,29.8899],[75.4249,29.8862],[75.43,29.8878],[75.431,29.8893],[75.4372,29.892],[75.4434,29.8975],[75.4451,29.9028],[75.4453,29.9054],[75.4476,29.9096],[75.4497,29.9167],[75.4593,29.9167],[75.4623,29.9197],[75.468,29.9268],[75.4694,29.926],[75.4787,29.9237],[75.4833,29.9271],[75.4777,29.9327],[75.4749,29.9333],[75.4718,29.9363],[75.4715,29.9416],[75.4754,29.9452],[75.4823,29.9533],[75.4891,29.9545],[75.493,29.9559],[75.4968,29.9582],[75.5,29.9579],[75.5049,29.9592],[75.5061,29.964],[75.5079,29.9671],[75.5124,29.9713],[75.5195,29.9756],[75.5195,29.9775],[75.5222,29.9809],[75.5232,29.9857],[75.5247,29.9879],[75.5335,29.9924],[75.5274,29.995],[75.52,29.995],[75.5239,29.9992],[75.5264,30.0045],[75.5284,30.0031],[75.5336,30.0072],[75.5351,30.0102],[75.5383,30.0087],[75.5398,30.0139],[75.5435,30.0178],[75.5456,30.0142],[75.5504,30.0118],[75.5524,30.0143],[75.5498,30.017],[75.5523,30.0207],[75.5619,30.0162],[75.5641,30.0113],[75.5682,30.0106],[75.5726,30.008],[75.574,30.0102],[75.5792,30.0114],[75.5861,30.0081],[75.5884,30.0104],[75.5933,30.0128],[75.5953,30.0128],[75.5977,30.0154],[75.6023,30.0189],[75.6105,30.0149],[75.6126,30.0255],[75.6095,30.0322],[75.6049,30.0304],[75.6049,30.0391],[75.6112,30.04],[75.6155,30.0422],[75.62,30.0433],[75.6201,30.0457],[75.6228,30.0481],[75.6239,30.0517],[75.6259,30.0536],[75.6275,30.0635],[75.624,30.0658],[75.6287,30.0706],[75.6328,30.0699],[75.6369,30.0732],[75.6285,30.0796],[75.6223,30.0847],[75.6245,30.0879],[75.6328,30.0919],[75.6373,30.0963],[75.6401,30.1002],[75.6444,30.1031],[75.647,30.103],[75.6509,30.1092],[75.6546,30.1137],[75.6546,30.1151],[75.6491,30.1149],[75.6472,30.1125],[75.6406,30.1157],[75.6374,30.1149],[75.6333,30.1195],[75.6342,30.1205],[75.629,30.1241],[75.63,30.1272],[75.6258,30.1292],[75.6241,30.1336],[75.6277,30.1352],[75.6256,30.138],[75.6271,30.1401],[75.6254,30.1427],[75.6177,30.1407],[75.615,30.1405],[75.6097,30.1385],[75.6053,30.1359],[75.595,30.1397],[75.5925,30.1393],[75.5869,30.1409],[75.5816,30.1439],[75.5771,30.144],[75.5737,30.145],[75.5707,30.1443],[75.5687,30.1462],[75.5644,30.1479],[75.5579,30.1465],[75.5563,30.1433],[75.5517,30.1405],[75.5488,30.1376],[75.5435,30.1405],[75.5382,30.1422],[75.5336,30.1465],[75.5297,30.1417],[75.5229,30.1396],[75.5176,30.1434],[75.509,30.1442],[75.5072,30.1434],[75.5044,30.1459],[75.4914,30.1553],[75.4921,30.1579],[75.4894,30.1604],[75.4911,30.1618],[75.4889,30.1654],[75.4892,30.1704],[75.4873,30.1712],[75.487,30.1747],[75.4818,30.1747],[75.4817,30.1796],[75.4754,30.1844],[75.4731,30.1873],[75.4666,30.1923],[75.4618,30.1951],[75.4568,30.1943],[75.4509,30.1912],[75.4394,30.1905],[75.4387,30.1915],[75.4303,30.1893],[75.428,30.1873],[75.4212,30.1864],[75.4137,30.1869],[75.4062,30.1934],[75.4003,30.1947],[75.397,30.198],[75.3945,30.202],[75.3935,30.2066],[75.388,30.2093],[75.3872,30.2068],[75.3847,30.2048],[75.3805,30.2042],[75.374,30.198],[75.3695,30.199]]]},"properties":{"id":"in:subdistrict:249","level":"subdistrict","name":"Mansa","code":249,"parent":"in:district:37","state":"in:state:3"}},{"type":"Feature","geometry":{"type":"Polygon","coordinates":[[[75.0525,30.3886],[75.0614,30.3964],[75.0658,30.3996],[75.067,30.4015],[75.0806,30.4119],[75.0879,30.417],[75.0891,30.4172],[75.0959,30.4127],[75.1004,30.4131],[75.1028,30.4114],[75.1107,30.41],[75.1117,30.4057],[75.1142,30.4018],[75.1222,30.3971],[75.1311,30.3927],[75.1474,30.3754],[75.1531,30.3738],[75.162,30.373],[75.1689,30.3729],[75.1709,30.3698],[75.1744,30.3593],[75.1766,30.3557],[75.1647,30.3445],[75.1624,30.3418],[75.1669,30.3389],[75.1687,30.3394],[75.1743,30.337],[75.1778,30.3364],[75.1797,30.3348],[75.1721,30.3296],[75.169,30.3264],[75.166,30.3261],[75.1622,30.3222],[75.1566,30.3191],[75.1475,30.3231],[75.142,30.3267],[75.1404,30.3285],[75.1439,30.3356],[75.1412,30.3375],[75.133,30.3384],[75.1249,30.3399],[75.1184,30.3422],[75.1164,30.341],[75.113,30.3336],[75.1183,30.3312],[75.1238,30.3303],[75.1272,30.3284],[75.1229,30.3234],[75.1273,30.3205],[75.1353,30.3211],[75.1334,30.3163],[75.1365,30.3161],[75.1361,30.3113],[75.1315,30.3105],[75.1313,30.306],[75.1278,30.3057],[75.1279,30.3004],[75.1344,30.3026],[75.1396,30.3022],[75.137,30.2979],[75.1379,30.2961],[75.1351,30.2916],[75.1405,30.2891],[75.1433,30.2896],[75.1461,30.2877],[75.1486,30.2891],[75.1522,30.2877],[75.1484,30.2844],[75.1465,30.2804],[75.1486,30.2786],[75.147,30.2771],[75.1505,30.2748],[75.1519,30.2713],[75.155,30.2681],[75.1572,30.2674],[75.1587,30.2641],[75.1569,30.2611],[75.1589,30.2601],[75.1637,30.2601],[75.1678,30.2646],[75.1669,30.2681],[75.1685,30.2699],[75.1716,30.2695],[75.1737,30.2714],[75.18,30.2745],[75.1845,30.2738],[75.1878,30.2718],[75.1907,30.2731],[75.2003,30.2713],[75.2064,30.2747],[75.2107,30.2752],[75.2153,30.2724],[75.2162,30.2768],[75.2194,30.2735],[75.2203,30.2706],[75.2231,30.2703],[75.2214,30.2652],[75.2219,30.2614],[75.2186,30.2606],[75.2175,30.256],[75.2105,30.2523],[75.2088,30.2492],[75.2025,30.2464],[75.1987,30.2435],[75.1956,30.2433],[75.1963,30.241],[75.1926,30.2359],[75.1891,30.2394],[75.1866,30.2398],[75.1808,30.2367],[75.1824,30.2342],[75.187,30.2319],[75.1864,30.2283],[75.1834,30.2223],[75.179,30.2194],[75.1757,30.2194],[75.1789,30.2118],[75.1765,30.2089],[75.1767,30.2067],[75.1667,30.2059],[75.1586,30.2032],[75.1539,30.2005],[75.1556,30.1985],[75.1477,30.19],[75.1474,30.1886],[75.1426,30.1843],[75.1349,30.1791],[75.1318,30.175],[75.134,30.1726],[75.1338,30.1675],[75.1292,30.1656],[75.1192,30.1659],[75.1132,30.1635],[75.1099,30.1614],[75.1074,30.1584],[75.103,30.1565],[75.0995,30.1571],[75.098,30.1552],[75.1006,30.1532],[75.102,30.1511],[75.106,30.1501],[75.1119,30.1451],[75.1186,30.1435],[75.1238,30.1442],[75.1243,30.1424],[75.1286,30.1403],[75.134,30.1455],[75.1373,30.1451],[75.1408,30.1413],[75.143,30.1371],[75.1476,30.1383],[75.1523,30.1358],[75.1561,30.1378],[75.1607,30.1356],[75.1636,30.1367],[75.1689,30.1357],[75.1846,30.1318],[75.1913,30.1293],[75.1986,30.129],[75.2026,30.1264],[75.2101,30.1252],[75.2158,30.1252],[75.2173,30.124],[75.2226,30.1283],[75.2241,30.1304],[75.2259,30.136],[75.2248,30.1406],[75.2305,30.1444],[75.2337,30.1496],[75.2339,30.1554],[75.241,30.1547],[75.2434,30.153],[75.249,30.1537],[75.2566,30.1539],[75.2587,30.152],[75.2631,30.1509],[75.2599,30.148],[75.2552,30.1453],[75.2565,30.142],[75.2611,30.1395],[75.2671,30.1321],[75.2707,30.1284],[75.2721,30.1254],[75.2747,30.1233],[75.2782,30.1236],[75.281,30.1224],[75.2898,30.1209],[75.2881,30.1159],[75.2958,30.1145],[75.2973,30.1117],[75.3004,30.1097],[75.3063,30.1115],[75.3097,30.114],[75.3121,30.1122],[75.3145,30.113],[75.3159,30.1163],[75.3198,30.1173],[75.3232,30.1228],[75.3286,30.1232],[75.3357,30.1286],[75.3392,30.1321],[75.3434,30.1307],[75.3464,30.1345],[75.35,30.1375],[75.3532,30.1414],[75.3437,30.1462],[75.3448,30.16],[75.3488,30.1606],[75.3505,30.1624],[75.3569,30.1614],[75.3592,30.1641],[75.3558,30.1664],[75.3561,30.1683],[75.3611,30.1726],[75.364,30.176],[75.3594,30.1791],[75.357,30.1825],[75.3574,30.1873],[75.3633,30.1911],[75.3665,30.1943],[75.3666,30.1966],[75.3695,30.199],[75.3701,30.2053],[75.3667,30.2054],[75.3657,30.2031],[75.3599,30.2057],[75.3624,30.2081],[75.3668,30.2081],[75.3705,30.2092],[75.3726,30.2121],[75.3699,30.2141],[75.375,30.22],[75.3767,30.2242],[75.3769,30.2321],[75.3761,30.2362],[75.3748,30.2374],[75.3638,30.2411],[75.3632,30.2441],[75.3685,30.2468],[75.3682,30.2533],[75.3674,30.256],[75.365,30.2579],[75.3713,30.2612],[75.3684,30.2635],[75.3647,30.2637],[75.3613,30.2677],[75.3617,30.2712],[75.364,30.2821],[75.3616,30.2847],[75.3588,30.2847],[75.355,30.2871],[75.349,30.2828],[75.3462,30.285],[75.342,30.2855],[75.3404,30.2881],[75.3413,30.29],[75.3397,30.2925],[75.3431,30.2955],[75.3465,30.3002],[75.3389,30.3035],[75.3342,30.3064],[75.3248,30.3043],[75.3207,30.3021],[75.3176,30.3046],[75.32,30.3123],[75.3219,30.3146],[75.321,30.3205],[75.3187,30.3245],[75.3139,30.3271],[75.3146,30.3321],[75.3205,30.3353],[75.3235,30.3362],[75.3327,30.3326],[75.3402,30.3344],[75.3427,30.3345],[75.3452,30.3373],[75.3452,30.3425],[75.3435,30.3444],[75.3396,30.343],[75.3369,30.3445],[75.3351,30.3474],[75.3251,30.3529],[75.3249,30.3563],[75.3271,30.3577],[75.3271,30.3629],[75.3323,30.3705],[75.3316,30.3724],[75.3334,30.3755],[75.3321,30.3773],[75.325,30.3787],[75.3221,30.3758],[75.3151,30.3799],[75.3124,30.3807],[75.307,30.3785],[75.3049,30.38],[75.3068,30.3866],[75.3048,30.3877],[75.305,30.3905],[75.3031,30.3933],[75.3034,30.3966],[75.3005,30.3976],[75.3024,30.4028],[75.2993,30.4078],[75.3054,30.4176],[75.3044,30.4196],[75.2998,30.4244],[75.2904,30.4286],[75.288,30.4323],[75.2829,30.4418],[75.2733,30.4399],[75.265,30.4364],[75.2623,30.4399],[75.2634,30.4439],[75.2677,30.4452],[75.2641,30.4517],[75.2594,30.4572],[75.2582,30.4599],[75.2538,30.464],[75.256,30.4661],[75.2597,30.4731],[75.2606,30.4734],[75.2701,30.4824],[75.2777,30.4912],[75.2812,30.5004],[75.2829,30.508],[75.2743,30.5141],[75.269,30.5166],[75.2656,30.5204],[75.2621,30.5209],[75.2577,30.5198],[75.2553,30.5162],[75.2523,30.5157],[75.2504,30.5177],[75.2453,30.5147],[75.2404,30.5136],[75.2401,30.5114],[75.2373,30.51],[75.2336,30.5119],[75.2313,30.5086],[75.2276,30.5076],[75.2212,30.508],[75.2192,30.5091],[75.212,30.5164],[75.2057,30.5133],[75.2071,30.5095],[75.2046,30.5092],[75.2014,30.5071],[75.1996,30.5094],[75.196,30.512],[75.192,30.5086],[75.1853,30.5092],[75.1809,30.511],[75.1812,30.5143],[75.1805,30.5199],[75.1813,30.5258],[75.183,30.5323],[75.1799,30.5502],[75.1788,30.5529],[75.1745,30.5568],[75.1722,30.5602],[75.1699,30.5661],[75.169,30.5701],[75.1664,30.5757],[75.1659,30.5784],[75.1637,30.5798],[75.1607,30.5794],[75.1573,30.5768],[75.1514,30.5777],[75.1456,30.5824],[75.1384,30.5759],[75.134,30.5746],[75.1298,30.5718],[75.1234,30.5664],[75.1206,30.5609],[75.1226,30.556],[75.1251,30.5518],[75.1264,30.5459],[75.1298,30.541],[75.1308,30.5377],[75.1315,30.5298],[75.131,30.5265],[75.1282,30.5223],[75.1228,30.5244],[75.1181,30.5238],[75.1089,30.5209],[75.1052,30.5212],[75.1,30.5233],[75.0921,30.5271],[75.0841,30.5314],[75.0779,30.5251],[75.0738,30.5174],[75.07,30.5117],[75.0656,30.5066],[75.0635,30.5031],[75.0586,30.5039],[75.055,30.5016],[75.0516,30.5035],[75.0488,30.5014],[75.0429,30.5011],[75.0373,30.5046],[75.0324,30.5043],[75.0321,30.5024],[75.0284,30.4973],[75.0202,30.4909],[75.0273,30.4814],[75.0306,30.4752],[75.0351,30.4736],[75.0426,30.4733],[75.0433,30.4699],[75.0422,30.4656],[75.0483,30.462],[75.0511,30.4593],[75.0498,30.4553],[75.0407,30.4592],[75.0369,30.4595],[75.0332,30.458],[75.0292,30.4548],[75.0246,30.4465],[75.0208,30.442],[75.0272,30.4387],[75.0251,30.4349],[75.0244,30.4306],[75.0221,30.4263],[75.0273,30.4265],[75.0328,30.4275],[75.0392,30.4222],[75.0426,30.4183],[75.0477,30.4144],[75.0523,30.4093],[75.0522,30.4019],[75.0514,30.3933],[75.0525,30.3886]]]},"properties":{"id":"in:subdistrict:244","level":"subdistrict","name":"Rampura Phul","code":244,"parent":"in:district:28","state":"in:state:3"}},{"type":"Feature","geometry":{"type":"Polygon","coordinates":[[[74.6488,30.1105],[74.6441,30.1141],[74.6413,30.118],[74.6337,30.1264],[74.63,30.1294],[74.6301,30.1313],[74.635,30.1379],[74.6395,30.1417],[74.6404,30.1435],[74.6393,30.1491],[74.6409,30.1512],[74.6466,30.1548],[74.6472,30.1564],[74.6547,30.1625],[74.6573,30.1636],[74.6673,30.1655],[74.6705,30.1643],[74.6723,30.1663],[74.6855,30.167],[74.6907,30.1618],[74.6971,30.1593],[74.7034,30.1602],[74.7083,30.1631],[74.7102,30.1651],[74.714,30.1658],[74.7272,30.1726],[74.7301,30.1753],[74.735,30.1753],[74.7345,30.179],[74.7374,30.1832],[74.7345,30.1923],[74.7251,30.1971],[74.712,30.1966],[74.7156,30.2043],[74.7163,30.2087],[74.7131,30.2129],[74.7168,30.2171],[74.719,30.2223],[74.7188,30.2259],[74.7255,30.2299],[74.7221,30.2328],[74.7213,30.2356],[74.7212,30.2431],[74.7182,30.2447],[74.7181,30.2483],[74.7191,30.2521],[74.7224,30.2584],[74.7259,30.2635],[74.7347,30.274],[74.7353,30.2769],[74.7372,30.2798],[74.7424,30.2782],[74.7491,30.2839],[74.752,30.2869],[74.7479,30.2891],[74.7437,30.2928],[74.7375,30.3007],[74.7335,30.3039],[74.7281,30.3057],[74.7241,30.3087],[74.7338,30.3131],[74.7399,30.3176],[74.7475,30.3211],[74.7538,30.3198],[74.7618,30.3202],[74.7751,30.3273],[74.7848,30.3369],[74.777,30.3376],[74.7769,30.3392],[74.7676,30.3397],[74.7604,30.3415],[74.757,30.3417],[74.751,30.3437],[74.7491,30.3431],[74.7414,30.3462],[74.734,30.3484],[74.7141,30.3525],[74.7077,30.3546],[74.6995,30.3541],[74.7001,30.3568],[74.7046,30.3574],[74.7134,30.3602],[74.7239,30.3659],[74.7325,30.3601],[74.7483,30.3526],[74.757,30.3498],[74.7724,30.343],[74.7798,30.3392],[74.7816,30.3412],[74.784,30.3391],[74.7912,30.3399],[74.7928,30.337],[74.7933,30.3463],[74.7963,30.3555],[74.7987,30.3583],[74.8069,30.3699],[74.8109,30.3783],[74.8137,30.3813],[74.8177,30.3883],[74.8217,30.3928],[74.809,30.3994],[74.807,30.4],[74.8051,30.3971],[74.7969,30.3993],[74.7883,30.3958],[74.7849,30.3956],[74.7744,30.3962],[74.7698,30.3973],[74.7678,30.3968],[74.7606,30.3927],[74.7576,30.39],[74.753,30.394],[74.7555,30.3992],[74.7552,30.4087],[74.7575,30.4142],[74.7593,30.4228],[74.7521,30.4284],[74.754,30.434],[74.7425,30.4404],[74.738,30.4447],[74.7318,30.4493],[74.7294,30.4563],[74.7302,30.4591],[74.7243,30.4592],[74.7189,30.4569],[74.7165,30.4569],[74.7148,30.4588],[74.7013,30.4595],[74.6877,30.4561],[74.6851,30.453],[74.6787,30.4582],[74.6752,30.4597],[74.6645,30.4691],[74.6607,30.4735],[74.6551,30.4777],[74.6513,30.4825],[74.6477,30.4803],[74.6389,30.4789],[74.6359,30.4792],[74.6289,30.4815],[74.6247,30.4764],[74.6237,30.4739],[74.6213,30.4721],[74.6176,30.4717],[74.6139,30.4725],[74.6094,30.4675],[74.6038,30.4598],[74.6063,30.4537],[74.6069,30.4456],[74.606,30.4439],[74.6016,30.4406],[74.6057,30.4393],[74.61,30.44],[74.6157,30.4363],[74.6189,30.4333],[74.6201,30.4296],[74.6182,30.4263],[74.6174,30.4206],[74.6156,30.4168],[74.614,30.4168],[74.6099,30.4095],[74.607,30.4068],[74.6014,30.4061],[74.5931,30.4061],[74.588,30.4053],[74.5753,30.4057],[74.5657,30.407],[74.5634,30.404],[74.5631,30.4008],[74.5652,30.3961],[74.5658,30.3909],[74.5708,30.3777],[74.5734,30.3746],[74.5737,30.3725],[74.5703,30.3667],[74.5688,30.36],[74.5619,30.3594],[74.5589,30.3597],[74.544,30.3643],[74.538,30.3541],[74.5389,30.3494],[74.5336,30.3498],[74.5305,30.346],[74.5307,30.3421],[74.527,30.3382],[74.5293,30.3352],[74.5291,30.3335],[74.5247,30.3341],[74.5131,30.3334],[74.5075,30.3341],[74.5009,30.3277],[74.4898,30.3298],[74.4805,30.332],[74.4858,30.3261],[74.4979,30.3158],[74.5062,30.3115],[74.517,30.3038],[74.5133,30.2962],[74.5204,30.2943],[74.5219,30.2907],[74.5249,30.2869],[74.5309,30.2769],[74.5277,30.2767],[74.5141,30.2694],[74.5081,30.268],[74.5008,30.2686],[74.4991,30.2675],[74.5022,30.2645],[74.509,30.2565],[74.5114,30.2527],[74.5137,30.2511],[74.5263,30.2503],[74.5299,30.2476],[74.5388,30.2478],[74.5428,30.2487],[74.5482,30.2464],[74.5461,30.2426],[74.5442,30.237],[74.5399,30.2322],[74.5514,30.2234],[74.5463,30.219],[74.5452,30.2172],[74.543,30.2097],[74.5426,30.2033],[74.5411,30.2011],[74.5385,30.2001],[74.5415,30.1935],[74.5497,30.1924],[74.5548,30.1898],[74.5596,30.1853],[74.5657,30.1779],[74.5683,30.1763],[74.5742,30.1754],[74.5808,30.1752],[74.5893,30.1727],[74.5887,30.1686],[74.5866,30.1675],[74.5809,30.1663],[74.5782,30.1696],[74.5734,30.167],[74.5706,30.1635],[74.5685,30.1633],[74.5651,30.1594],[74.5622,30.1613],[74.5605,30.1577],[74.5628,30.1567],[74.5584,30.1474],[74.5617,30.1466],[74.5707,30.1432],[74.5745,30.1413],[74.5758,30.1394],[74.5769,30.1232],[74.5856,30.1246],[74.5935,30.1241],[74.6014,30.1218],[74.6132,30.1225],[74.6162,30.1208],[74.6177,30.1176],[74.6221,30.1042],[74.6245,30.0987],[74.6304,30.0935],[74.6342,30.0951],[74.6385,30.0984],[74.6457,30.1063],[74.6488,30.1105]]]},"properties":{"id":"in:subdistrict:240","level":"subdistrict","name":"Gidderbaha","code":240,"parent":"in:district:39","state":"in:state:3"}},{"type":"Feature","geometry":{"type":"Polygon","coordinates":[[[74.7069,29.977],[74.7068,29.9706],[74.7218,29.9654],[74.7249,29.963],[74.731,29.9615],[74.7342,29.9634],[74.7375,29.967],[74.7404,29.9684],[74.7502,29.968],[74.7532,29.9673],[74.754,29.9696],[74.7583,29.97],[74.7586,29.9724],[74.7638,29.9733],[74.7665,29.9723],[74.7724,29.972],[74.7742,29.9732],[74.7785,29.9717],[74.7816,29.9734],[74.7901,29.9805],[74.8061,29.992],[74.8114,29.9924],[74.8119,30],[74.8114,30.0023],[74.8079,30.0059],[74.8082,30.0117],[74.8072,30.0153],[74.805,30.0158],[74.8019,30.0142],[74.7996,30.017],[74.8041,30.0196],[74.8103,30.0264],[74.8118,30.0298],[74.8162,30.0355],[74.8225,30.042],[74.8265,30.0486],[74.8338,30.0613],[74.8406,30.0599],[74.846,30.0603],[74.8475,30.0489],[74.8501,30.0463],[74.8538,30.0496],[74.855,30.0518],[74.8593,30.0517],[74.8597,30.0581],[74.8626,30.0566],[74.8673,30.0555],[74.8663,30.0526],[74.8697,30.0495],[74.8746,30.0541],[74.8781,30.0566],[74.8807,30.06],[74.8779,30.0621],[74.874,30.0625],[74.8727,30.0664],[74.8798,30.0741],[74.8781,30.0772],[74.875,30.0781],[74.8781,30.0819],[74.8814,30.0828],[74.8863,30.0872],[74.8911,30.0869],[74.8943,30.0888],[74.8976,30.0873],[74.899,30.0888],[74.9082,30.0858],[74.9167,30.0867],[74.9188,30.0859],[74.922,30.0882],[74.9294,30.0921],[74.9321,30.0927],[74.9356,30.0908],[74.9382,30.0938],[74.9433,30.0923],[74.947,30.0936],[74.9509,30.0903],[74.9552,30.0885],[74.963,30.0832],[74.9669,30.0841],[74.9669,30.0874],[74.9704,30.09],[74.9726,30.0875],[74.9789,30.0853],[74.9809,30.0859],[74.9901,30.0839],[74.9978,30.0805],[75.0018,30.0807],[75.0077,30.079],[75.0145,30.0749],[75.016,30.0711],[75.018,30.0688],[75.0198,30.0747],[75.0302,30.0734],[75.0348,30.0746],[75.0369,30.0782],[75.0448,30.0863],[75.0407,30.0895],[75.0367,30.0958],[75.0441,30.0995],[75.043,30.101],[75.0434,30.1044],[75.0478,30.1075],[75.0523,30.109],[75.0577,30.1087],[75.0605,30.1047],[75.0631,30.1041],[75.0671,30.1048],[75.0691,30.1017],[75.0707,30.1026],[75.0731,30.0997],[75.0798,30.0989],[75.0847,30.0959],[75.0917,30.0958],[75.1001,30.0942],[75.0965,30.0882],[75.1015,30.0886],[75.1094,30.0942],[75.1127,30.0902],[75.1163,30.0939],[75.1122,30.0977],[75.1136,30.1],[75.1124,30.102],[75.1174,30.1026],[75.1204,30.1008],[75.1216,30.1028],[75.1178,30.1041],[75.1133,30.1094],[75.1117,30.1104],[75.1119,30.1138],[75.1102,30.1164],[75.1107,30.1222],[75.1064,30.1245],[75.1081,30.1268],[75.107,30.1293],[75.1024,30.1342],[75.1026,30.1363],[75.0971,30.1372],[75.0896,30.1431],[75.0764,30.1468],[75.0693,30.1509],[75.073,30.1524],[75.0738,30.155],[75.0782,30.1579],[75.0759,30.1612],[75.0774,30.1639],[75.0805,30.1658],[75.0826,30.1654],[75.0851,30.1621],[75.0851,30.1594],[75.0822,30.1576],[75.0857,30.1549],[75.0906,30.1551],[75.0928,30.1531],[75.0988,30.1539],[75.1006,30.1532],[75.098,30.1552],[75.0995,30.1571],[75.103,30.1565],[75.1074,30.1584],[75.1099,30.1614],[75.1132,30.1635],[75.1192,30.1659],[75.1292,30.1656],[75.1338,30.1675],[75.134,30.1726],[75.1318,30.175],[75.1349,30.1791],[75.1426,30.1843],[75.1474,30.1886],[75.1477,30.19],[75.1556,30.1985],[75.1539,30.2005],[75.1586,30.2032],[75.1667,30.2059],[75.1767,30.2067],[75.1765,30.2089],[75.1789,30.2118],[75.1757,30.2194],[75.179,30.2194],[75.1834,30.2223],[75.1864,30.2283],[75.187,30.2319],[75.1824,30.2342],[75.1808,30.2367],[75.1866,30.2398],[75.1891,30.2394],[75.1926,30.2359],[75.1963,30.241],[75.1956,30.2433],[75.1987,30.2435],[75.2025,30.2464],[75.2088,30.2492],[75.2105,30.2523],[75.2175,30.256],[75.2186,30.2606],[75.2219,30.2614],[75.2214,30.2652],[75.2231,30.2703],[75.2203,30.2706],[75.2194,30.2735],[75.2162,30.2768],[75.2153,30.2724],[75.2107,30.2752],[75.2064,30.2747],[75.2003,30.2713],[75.1907,30.2731],[75.1878,30.2718],[75.1845,30.2738],[75.18,30.2745],[75.1737,30.2714],[75.1716,30.2695],[75.1685,30.2699],[75.1669,30.2681],[75.1678,30.2646],[75.1637,30.2601],[75.1589,30.2601],[75.1569,30.2611],[75.1587,30.2641],[75.1572,30.2674],[75.155,30.2681],[75.1519,30.2713],[75.1505,30.2748],[75.147,30.2771],[75.1486,30.2786],[75.1465,30.2804],[75.1484,30.2844],[75.1522,30.2877],[75.1486,30.2891],[75.1461,30.2877],[75.1433,30.2896],[75.1405,30.2891],[75.1351,30.2916],[75.1379,30.2961],[75.137,30.2979],[75.1396,30.3022],[75.1344,30.3026],[75.1279,30.3004],[75.1278,30.3057],[75.1313,30.306],[75.1315,30.3105],[75.1361,30.3113],[75.1365,30.3161],[75.1334,30.3163],[75.1353,30.3211],[75.1273,30.3205],[75.1229,30.3234],[75.1272,30.3284],[75.1238,30.3303],[75.1183,30.3312],[75.113,30.3336],[75.1164,30.341],[75.1184,30.3422],[75.1249,30.3399],[75.133,30.3384],[75.1412,30.3375],[75.1439,30.3356],[75.1404,30.3285],[75.142,30.3267],[75.1475,30.3231],[75.1566,30.3191],[75.1622,30.3222],[75.166,30.3261],[75.169,30.3264],[75.1721,30.3296],[75.1797,30.3348],[75.1778,30.3364],[75.1743,30.337],[75.1687,30.3394],[75.1669,30.3389],[75.1624,30.3418],[75.1647,30.3445],[75.1766,30.3557],[75.1744,30.3593],[75.1709,30.3698],[75.1689,30.3729],[75.162,30.373],[75.1531,30.3738],[75.1474,30.3754],[75.1311,30.3927],[75.1222,30.3971],[75.1142,30.4018],[75.1117,30.4057],[75.1107,30.41],[75.1028,30.4114],[75.1004,30.4131],[75.0959,30.4127],[75.0891,30.4172],[75.0879,30.417],[75.0806,30.4119],[75.067,30.4015],[75.0658,30.3996],[75.0614,30.3964],[75.0525,30.3886],[75.0431,30.3789],[75.0368,30.3793],[75.0321,30.3816],[75.0264,30.3823],[75.0227,30.3805],[75.0197,30.3831],[75.0128,30.3857],[75.0045,30.3928],[75.0038,30.3958],[74.9964,30.4041],[74.9905,30.404],[74.9858,30.4021],[74.9842,30.399],[74.9756,30.4003],[74.9757,30.4035],[74.9706,30.4045],[74.9699,30.3988],[74.9676,30.3952],[74.9643,30.3934],[74.9617,30.3888],[74.9546,30.3865],[74.9492,30.3828],[74.9458,30.3846],[74.9407,30.381],[74.9391,30.3779],[74.9327,30.3705],[74.9287,30.3678],[74.924,30.3674],[74.9212,30.3663],[74.9162,30.3702],[74.9153,30.3722],[74.9106,30.3758],[74.9034,30.3786],[74.8958,30.3794],[74.8869,30.3824],[74.8757,30.3893],[74.8743,30.3894],[74.8712,30.386],[74.8614,30.3811],[74.8552,30.3771],[74.8532,30.3751],[74.8475,30.3809],[74.8379,30.3878],[74.8315,30.3883],[74.8217,30.3928],[74.8177,30.3883],[74.8137,30.3813],[74.8109,30.3783],[74.8069,30.3699],[74.7987,30.3583],[74.7963,30.3555],[74.7933,30.3463],[74.7928,30.337],[74.7912,30.3399],[74.784,30.3391],[74.7816,30.3412],[74.7798,30.3392],[74.7724,30.343],[74.757,30.3498],[74.7483,30.3526],[74.7325,30.3601],[74.7239,30.3659],[74.7134,30.3602],[74.7046,30.3574],[74.7001,30.3568],[74.6995,30.3541],[74.7077,30.3546],[74.7141,30.3525],[74.734,30.3484],[74.7414,30.3462],[74.7491,30.3431],[74.751,30.3437],[74.757,30.3417],[74.7604,30.3415],[74.7676,30.3397],[74.7769,30.3392],[74.777,30.3376],[74.7848,30.3369],[74.7751,30.3273],[74.7618,30.3202],[74.7538,30.3198],[74.7475,30.3211],[74.7399,30.3176],[74.7338,30.3131],[74.7241,30.3087],[74.7281,30.3057],[74.7335,30.3039],[74.7375,30.3007],[74.7437,30.2928],[74.7479,30.2891],[74.752,30.2869],[74.7491,30.2839],[74.7424,30.2782],[74.7372,30.2798],[74.7353,30.2769],[74.7347,30.274],[74.7259,30.2635],[74.7224,30.2584],[74.7191,30.2521],[74.7181,30.2483],[74.7182,30.2447],[74.7212,30.2431],[74.7213,30.2356],[74.7221,30.2328],[74.7255,30.2299],[74.7188,30.2259],[74.719,30.2223],[74.7168,30.2171],[74.7131,30.2129],[74.7163,30.2087],[74.7156,30.2043],[74.712,30.1966],[74.7251,30.1971],[74.7345,30.1923],[74.7374,30.1832],[74.7345,30.179],[74.735,30.1753],[74.7301,30.1753],[74.7272,30.1726],[74.714,30.1658],[74.7102,30.1651],[74.7083,30.1631],[74.7034,30.1602],[74.6971,30.1593],[74.6907,30.1618],[74.6855,30.167],[74.6723,30.1663],[74.6705,30.1643],[74.6673,30.1655],[74.6573,30.1636],[74.6547,30.1625],[74.6472,30.1564],[74.6466,30.1548],[74.6409,30.1512],[74.6393,30.1491],[74.6404,30.1435],[74.6395,30.1417],[74.635,30.1379],[74.6301,30.1313],[74.63,30.1294],[74.6337,30.1264],[74.6413,30.118],[74.6441,30.1141],[74.6488,30.1105],[74.6705,30.1078],[74.6792,30.1125],[74.682,30.1132],[74.6843,30.1099],[74.684,30.104],[74.6798,30.0991],[74.6769,30.0926],[74.6738,30.0899],[74.6766,30.0812],[74.6828,30.0721],[74.6857,30.0736],[74.6915,30.072],[74.6978,30.0691],[74.7049,30.0648],[74.7007,30.0617],[74.6957,30.0525],[74.6937,30.048],[74.6935,30.0442],[74.697,30.0373],[74.6942,30.0337],[74.7006,30.0292],[74.7054,30.0252],[74.7091,30.0196],[74.7163,30.0142],[74.7157,30.0118],[74.7118,30.0027],[74.7074,29.9959],[74.704,29.9922],[74.7008,29.9871],[74.7008,29.9852],[74.7067,29.9795],[74.7069,29.977]]]},"properties":{"id":"in:subdistrict:245","level":"subdistrict","name":"Bathinda","code":245,"parent":"in:district:28","state":"in:state:3"}},{"type":"Feature","geometry":{"type":"Polygon","coordinates":[[[75.2973,30.1117],[75.2958,30.1145],[75.2881,30.1159],[75.2898,30.1209],[75.281,30.1224],[75.2782,30.1236],[75.2747,30.1233],[75.2721,30.1254],[75.2707,30.1284],[75.2671,30.1321],[75.2611,30.1395],[75.2565,30.142],[75.2552,30.1453],[75.2599,30.148],[75.2631,30.1509],[75.2587,30.152],[75.2566,30.1539],[75.249,30.1537],[75.2434,30.153],[75.241,30.1547],[75.2339,30.1554],[75.2337,30.1496],[75.2305,30.1444],[75.2248,30.1406],[75.2259,30.136],[75.2241,30.1304],[75.2226,30.1283],[75.2173,30.124],[75.2158,30.1252],[75.2101,30.1252],[75.2026,30.1264],[75.1986,30.129],[75.1913,30.1293],[75.1846,30.1318],[75.1689,30.1357],[75.1636,30.1367],[75.1607,30.1356],[75.1561,30.1378],[75.1523,30.1358],[75.1476,30.1383],[75.143,30.1371],[75.1408,30.1413],[75.1373,30.1451],[75.134,30.1455],[75.1286,30.1403],[75.1243,30.1424],[75.1238,30.1442],[75.1186,30.1435],[75.1119,30.1451],[75.106,30.1501],[75.102,30.1511],[75.1006,30.1532],[75.0988,30.1539],[75.0928,30.1531],[75.0906,30.1551],[75.0857,30.1549],[75.0822,30.1576],[75.0851,30.1594],[75.0851,30.1621],[75.0826,30.1654],[75.0805,30.1658],[75.0774,30.1639],[75.0759,30.1612],[75.0782,30.1579],[75.0738,30.155],[75.073,30.1524],[75.0693,30.1509],[75.0764,30.1468],[75.0896,30.1431],[75.0971,30.1372],[75.1026,30.1363],[75.1024,30.1342],[75.107,30.1293],[75.1081,30.1268],[75.1064,30.1245],[75.1107,30.1222],[75.1102,30.1164],[75.1119,30.1138],[75.1117,30.1104],[75.1133,30.1094],[75.1178,30.1041],[75.1216,30.1028],[75.1204,30.1008],[75.1174,30.1026],[75.1124,30.102],[75.1136,30.1],[75.1122,30.0977],[75.1163,30.0939],[75.1127,30.0902],[75.1094,30.0942],[75.1015,30.0886],[75.0965,30.0882],[75.1001,30.0942],[75.0917,30.0958],[75.0847,30.0959],[75.0798,30.0989],[75.0731,30.0997],[75.0707,30.1026],[75.0691,30.1017],[75.0671,30.1048],[75.0631,30.1041],[75.0605,30.1047],[75.0577,30.1087],[75.0523,30.109],[75.0478,30.1075],[75.0434,30.1044],[75.043,30.101],[75.0441,30.0995],[75.0367,30.0958],[75.0407,30.0895],[75.0448,30.0863],[75.0369,30.0782],[75.0348,30.0746],[75.0302,30.0734],[75.0198,30.0747],[75.018,30.0688],[75.016,30.0711],[75.0145,30.0749],[75.0077,30.079],[75.0018,30.0807],[74.9978,30.0805],[74.9901,30.0839],[74.9809,30.0859],[74.9789,30.0853],[74.9726,30.0875],[74.9704,30.09],[74.9669,30.0874],[74.9669,30.0841],[74.963,30.0832],[74.9552,30.0885],[74.9509,30.0903],[74.947,30.0936],[74.9433,30.0923],[74.9382,30.0938],[74.9356,30.0908],[74.9321,30.0927],[74.9294,30.0921],[74.922,30.0882],[74.9188,30.0859],[74.9167,30.0867],[74.9082,30.0858],[74.899,30.0888],[74.8976,30.0873],[74.8943,30.0888],[74.8911,30.0869],[74.8863,30.0872],[74.8814,30.0828],[74.8781,30.0819],[74.875,30.0781],[74.8781,30.0772],[74.8798,30.0741],[74.8727,30.0664],[74.874,30.0625],[74.8779,30.0621],[74.8807,30.06],[74.8781,30.0566],[74.8746,30.0541],[74.8697,30.0495],[74.8663,30.0526],[74.8673,30.0555],[74.8626,30.0566],[74.8597,30.0581],[74.8593,30.0517],[74.855,30.0518],[74.8538,30.0496],[74.8501,30.0463],[74.8475,30.0489],[74.846,30.0603],[74.8406,30.0599],[74.8338,30.0613],[74.8265,30.0486],[74.8225,30.042],[74.8162,30.0355],[74.8118,30.0298],[74.8103,30.0264],[74.8041,30.0196],[74.7996,30.017],[74.8019,30.0142],[74.805,30.0158],[74.8072,30.0153],[74.8082,30.0117],[74.8079,30.0059],[74.8114,30.0023],[74.8119,30],[74.8114,29.9924],[74.816,29.992],[74.8211,29.9892],[74.8243,29.9858],[74.8264,29.9772],[74.8248,29.9748],[74.8343,29.9716],[74.8385,29.9711],[74.8412,29.9688],[74.8435,29.9646],[74.8477,29.9625],[74.8506,29.962],[74.8554,29.9565],[74.8637,29.96],[74.8689,29.9603],[74.8758,29.9576],[74.8779,29.9597],[74.8843,29.9631],[74.8883,29.9664],[74.8921,29.9622],[74.8984,29.958],[74.9024,29.9545],[74.9033,29.9523],[74.9007,29.9455],[74.8955,29.9407],[74.8978,29.9395],[74.9071,29.9406],[74.9129,29.9434],[74.919,29.9471],[74.9229,29.9521],[74.9267,29.9505],[74.927,29.9459],[74.9352,29.9319],[74.939,29.9228],[74.9417,29.9177],[74.9433,29.9173],[74.9461,29.9121],[74.9471,29.9088],[74.9513,29.9032],[74.9551,29.9012],[74.9615,29.9002],[74.9705,29.8977],[74.9789,29.8943],[74.9788,29.8917],[74.9769,29.8894],[74.9811,29.8821],[74.9907,29.8681],[74.9981,29.8662],[75.0053,29.8689],[75.0225,29.8663],[75.029,29.874],[75.0329,29.8798],[75.0385,29.8824],[75.0451,29.8847],[75.0484,29.8852],[75.0519,29.8841],[75.0561,29.8781],[75.0653,29.8788],[75.07,29.877],[75.0744,29.882],[75.0761,29.8936],[75.0753,29.8963],[75.0786,29.8988],[75.0812,29.9022],[75.0821,29.9073],[75.0888,29.9172],[75.0989,29.9127],[75.099,29.9111],[75.1051,29.9065],[75.1104,29.9019],[75.1104,29.8927],[75.1117,29.891],[75.112,29.8865],[75.1147,29.8787],[75.1103,29.872],[75.1072,29.8683],[75.1001,29.8641],[75.0934,29.858],[75.0898,29.8586],[75.0908,29.8526],[75.1029,29.8419],[75.1069,29.8411],[75.1111,29.842],[75.1144,29.8387],[75.1181,29.8336],[75.1187,29.8309],[75.1139,29.829],[75.1049,29.8244],[75.1003,29.8194],[75.1008,29.8068],[75.1045,29.8048],[75.1191,29.8027],[75.1267,29.8069],[75.132,29.8079],[75.1369,29.806],[75.1382,29.8003],[75.1384,29.7967],[75.1401,29.7865],[75.1412,29.7847],[75.1465,29.7818],[75.151,29.7755],[75.1555,29.7769],[75.1649,29.7824],[75.1666,29.7843],[75.1666,29.7882],[75.162,29.7956],[75.1591,29.8013],[75.1607,29.8064],[75.1602,29.8128],[75.1621,29.8154],[75.1638,29.8207],[75.1641,29.8241],[75.1673,29.8271],[75.1703,29.828],[75.1759,29.8281],[75.1801,29.8315],[75.1839,29.8336],[75.191,29.8414],[75.1904,29.8506],[75.1928,29.8532],[75.1992,29.8558],[75.2062,29.8597],[75.2129,29.8581],[75.2178,29.8624],[75.2178,29.881],[75.2175,29.883],[75.2049,29.8883],[75.1955,29.8894],[75.1881,29.8894],[75.1867,29.8989],[75.1855,29.9035],[75.1857,29.9128],[75.1848,29.9161],[75.1825,29.9194],[75.1759,29.9233],[75.1721,29.9269],[75.1719,29.9293],[75.1773,29.9361],[75.1807,29.9415],[75.1781,29.9459],[75.1833,29.9521],[75.181,29.9529],[75.1824,29.96],[75.1828,29.9702],[75.1886,29.9737],[75.1928,29.9774],[75.1951,29.9809],[75.1985,29.9801],[75.2058,29.9802],[75.2081,29.9787],[75.2075,29.9756],[75.212,29.9721],[75.2133,29.9699],[75.2166,29.9676],[75.2209,29.9691],[75.2312,29.9642],[75.2376,29.9598],[75.2465,29.9695],[75.2491,29.9756],[75.2497,29.9812],[75.2507,29.9829],[75.2603,29.9783],[75.2651,29.9775],[75.2731,29.974],[75.2757,29.9764],[75.2812,29.9796],[75.2784,29.9855],[75.2718,29.9898],[75.2761,29.9987],[75.2814,30.0038],[75.2838,30.0035],[75.2881,30.0065],[75.2985,30.0194],[75.2902,30.0227],[75.2877,30.0209],[75.2877,30.0174],[75.2844,30.0134],[75.2815,30.0114],[75.2766,30.0142],[75.2695,30.0147],[75.2599,30.0163],[75.2584,30.0202],[75.258,30.0261],[75.2563,30.0282],[75.2507,30.0326],[75.2492,30.0372],[75.2583,30.0437],[75.2648,30.05],[75.267,30.0486],[75.2703,30.0484],[75.2724,30.0513],[75.2719,30.0532],[75.2756,30.0574],[75.2751,30.0595],[75.2784,30.0636],[75.2834,30.0668],[75.2882,30.0677],[75.2915,30.0669],[75.2935,30.0682],[75.2942,30.071],[75.3058,30.0689],[75.3105,30.0677],[75.3127,30.0657],[75.316,30.0657],[75.3173,30.0626],[75.3216,30.0615],[75.3238,30.0638],[75.3262,30.0687],[75.3224,30.0704],[75.3214,30.0729],[75.3172,30.0757],[75.3137,30.0753],[75.3064,30.0774],[75.3031,30.0908],[75.3001,30.0935],[75.3002,30.0974],[75.2991,30.0991],[75.2911,30.1052],[75.2949,30.1077],[75.2973,30.1117]]]},"properties":{"id":"in:subdistrict:246","level":"subdistrict","name":"Talwandi Sabo","code":246,"parent":"in:district:28","state":"in:state:3"}},{"type":"Feature","geometry":{"type":"Polygon","coordinates":[[[75.2175,29.883],[75.2178,29.881],[75.2178,29.8624],[75.2129,29.8581],[75.2062,29.8597],[75.1992,29.8558],[75.1928,29.8532],[75.1904,29.8506],[75.191,29.8414],[75.1968,29.8377],[75.1993,29.8378],[75.2011,29.8361],[75.2103,29.8329],[75.2123,29.8293],[75.214,29.824],[75.2097,29.8173],[75.2093,29.8124],[75.21,29.8102],[75.2087,29.8047],[75.2098,29.8016],[75.2085,29.7927],[75.2127,29.7923],[75.2157,29.7902],[75.2163,29.7877],[75.2263,29.7891],[75.2263,29.7853],[75.2244,29.7807],[75.2281,29.7733],[75.2302,29.7704],[75.2357,29.7597],[75.2416,29.7546],[75.2414,29.7505],[75.2382,29.74],[75.2317,29.7338],[75.2293,29.7324],[75.2264,29.7289],[75.2242,29.7314],[75.2208,29.7331],[75.2187,29.7364],[75.2156,29.7381],[75.2103,29.7388],[75.2082,29.7375],[75.2039,29.7319],[75.2006,29.7265],[75.197,29.7161],[75.1978,29.7032],[75.2,29.7011],[75.2073,29.7018],[75.2083,29.6983],[75.2068,29.6875],[75.2007,29.681],[75.1988,29.68],[75.191,29.6819],[75.1881,29.6813],[75.1873,29.6759],[75.1839,29.6733],[75.1797,29.6745],[75.1764,29.6705],[75.1725,29.6714],[75.1676,29.6704],[75.168,29.667],[75.1714,29.6621],[75.1747,29.6556],[75.18,29.6529],[75.1876,29.6518],[75.1852,29.6477],[75.1847,29.6416],[75.1824,29.6367],[75.1825,29.6293],[75.1887,29.624],[75.1975,29.6192],[75.2005,29.6195],[75.2068,29.6219],[75.2191,29.6158],[75.2222,29.6104],[75.2284,29.6054],[75.2353,29.6021],[75.2337,29.5983],[75.2292,29.5914],[75.2274,29.5872],[75.2217,29.5803],[75.2254,29.5796],[75.2303,29.5766],[75.2334,29.5727],[75.2345,29.5698],[75.2332,29.5662],[75.2338,29.5643],[75.2384,29.5589],[75.2393,29.5523],[75.2368,29.5441],[75.2445,29.5467],[75.2515,29.5476],[75.258,29.5491],[75.2681,29.5487],[75.2711,29.5492],[75.2767,29.5517],[75.2804,29.554],[75.2803,29.5588],[75.2812,29.5615],[75.2958,29.5588],[75.303,29.5597],[75.3095,29.5608],[75.3104,29.5761],[75.3113,29.5801],[75.3126,29.5818],[75.3198,29.5876],[75.3165,29.5903],[75.314,29.5893],[75.3109,29.5924],[75.3053,29.596],[75.3041,29.5981],[75.3035,29.6026],[75.2978,29.6037],[75.2901,29.6073],[75.2898,29.609],[75.2944,29.6148],[75.2955,29.6187],[75.2959,29.6241],[75.297,29.6255],[75.3058,29.6245],[75.3094,29.6264],[75.3112,29.6295],[75.3166,29.6306],[75.3193,29.6345],[75.3209,29.639],[75.3235,29.6425],[75.3212,29.6466],[75.3223,29.6516],[75.3253,29.656],[75.3286,29.6589],[75.3319,29.6632],[75.3329,29.6726],[75.3343,29.6737],[75.3411,29.6752],[75.3435,29.6735],[75.3487,29.6666],[75.3541,29.6638],[75.3582,29.6607],[75.3608,29.6645],[75.3598,29.6681],[75.3543,29.6749],[75.3537,29.6793],[75.35,29.6861],[75.3489,29.6863],[75.3457,29.696],[75.3511,29.696],[75.3519,29.6972],[75.3586,29.6997],[75.3579,29.7039],[75.3591,29.7055],[75.3647,29.7039],[75.3708,29.7045],[75.3711,29.7073],[75.3699,29.7109],[75.3757,29.7141],[75.3786,29.7129],[75.3802,29.7142],[75.384,29.7122],[75.3864,29.7131],[75.3918,29.7131],[75.3909,29.7193],[75.3932,29.7209],[75.392,29.7246],[75.3881,29.7282],[75.3883,29.7302],[75.3914,29.7328],[75.3952,29.7333],[75.3964,29.7395],[75.4013,29.7402],[75.4048,29.739],[75.4057,29.7523],[75.4052,29.7576],[75.406,29.7607],[75.4081,29.7623],[75.4141,29.77],[75.4163,29.7691],[75.4196,29.7705],[75.4204,29.7731],[75.4281,29.7711],[75.4299,29.7737],[75.4251,29.7831],[75.4217,29.7851],[75.4207,29.7924],[75.4223,29.7945],[75.4303,29.7986],[75.4335,29.8032],[75.4309,29.8139],[75.4268,29.8191],[75.4134,29.8203],[75.407,29.8246],[75.4018,29.8269],[75.399,29.8298],[75.3961,29.8306],[75.3907,29.8353],[75.3845,29.8429],[75.3828,29.8434],[75.3797,29.8471],[75.3772,29.8525],[75.3767,29.8583],[75.3751,29.8632],[75.3746,29.8694],[75.3685,29.8766],[75.362,29.8812],[75.3667,29.8848],[75.3636,29.8866],[75.3613,29.8891],[75.3577,29.89],[75.3565,29.8874],[75.3527,29.8897],[75.3462,29.8872],[75.3429,29.8914],[75.3397,29.8916],[75.3325,29.8895],[75.3218,29.8851],[75.3254,29.893],[75.3219,29.8975],[75.3187,29.8991],[75.3179,29.9019],[75.3217,29.9049],[75.3224,29.9071],[75.316,29.9112],[75.3162,29.913],[75.319,29.9159],[75.3159,29.9178],[75.3107,29.9237],[75.3083,29.9238],[75.3034,29.928],[75.3002,29.9267],[75.2986,29.9247],[75.2951,29.924],[75.2882,29.9286],[75.2822,29.9307],[75.2735,29.9262],[75.263,29.9288],[75.2511,29.9261],[75.2453,29.9233],[75.2388,29.9185],[75.2382,29.916],[75.2317,29.9081],[75.2273,29.9079],[75.2237,29.9004],[75.2236,29.8946],[75.2247,29.8881],[75.2175,29.883]]]},"properties":{"id":"in:subdistrict:247","level":"subdistrict","name":"Sardulgarh","code":247,"parent":"in:district:37","state":"in:state:3"}},{"type":"Feature","geometry":{"type":"Polygon","coordinates":[[[75.3746,29.8694],[75.3751,29.8632],[75.3767,29.8583],[75.3772,29.8525],[75.3797,29.8471],[75.3828,29.8434],[75.3845,29.8429],[75.3907,29.8353],[75.3961,29.8306],[75.399,29.8298],[75.4018,29.8269],[75.407,29.8246],[75.4134,29.8203],[75.4268,29.8191],[75.4309,29.8139],[75.4335,29.8032],[75.4303,29.7986],[75.4223,29.7945],[75.4207,29.7924],[75.4217,29.7851],[75.4251,29.7831],[75.4299,29.7737],[75.4384,29.78],[75.4479,29.7838],[75.4508,29.7815],[75.454,29.782],[75.4563,29.7862],[75.4561,29.7905],[75.4582,29.7947],[75.4562,29.7966],[75.4529,29.8018],[75.4567,29.8066],[75.4616,29.8077],[75.4675,29.8028],[75.4728,29.7995],[75.4751,29.7964],[75.4796,29.7928],[75.4855,29.7915],[75.4922,29.7858],[75.4963,29.785],[75.5004,29.7819],[75.5028,29.7779],[75.5065,29.7768],[75.5154,29.7764],[75.5189,29.7756],[75.5195,29.7732],[75.5227,29.7701],[75.5233,29.7679],[75.522,29.7598],[75.5249,29.7619],[75.5272,29.7616],[75.5327,29.7706],[75.5352,29.7724],[75.5407,29.7736],[75.5449,29.7708],[75.5563,29.7711],[75.5611,29.7707],[75.5651,29.7667],[75.5672,29.7612],[75.5697,29.7568],[75.5715,29.75],[75.5721,29.7433],[75.5801,29.7391],[75.5859,29.7449],[75.5911,29.7478],[75.5996,29.7491],[75.605,29.7519],[75.6069,29.7489],[75.6148,29.7453],[75.6182,29.7443],[75.6206,29.7467],[75.6258,29.7476],[75.6299,29.75],[75.6345,29.7553],[75.6344,29.759],[75.6354,29.762],[75.6345,29.7664],[75.6352,29.7723],[75.6378,29.7739],[75.6403,29.7725],[75.6425,29.7751],[75.6522,29.7753],[75.6551,29.7739],[75.661,29.7768],[75.6637,29.7753],[75.6681,29.7774],[75.6783,29.7761],[75.6817,29.7723],[75.6825,29.7674],[75.6904,29.7586],[75.692,29.7556],[75.6996,29.7538],[75.7031,29.7523],[75.7064,29.7532],[75.709,29.7572],[75.7057,29.7597],[75.7048,29.7641],[75.7076,29.7695],[75.71,29.7704],[75.7124,29.7741],[75.71,29.7778],[75.7103,29.7808],[75.7142,29.7841],[75.7166,29.789],[75.7128,29.7926],[75.7142,29.7944],[75.7142,29.8018],[75.718,29.803],[75.7181,29.8086],[75.7241,29.8126],[75.7326,29.8125],[75.7378,29.814],[75.7448,29.822],[75.7457,29.8247],[75.7505,29.8243],[75.7532,29.8263],[75.7582,29.828],[75.7648,29.8277],[75.7699,29.8314],[75.7733,29.8349],[75.772,29.8415],[75.772,29.8468],[75.7756,29.8512],[75.7748,29.8539],[75.7691,29.8568],[75.7665,29.8573],[75.7607,29.8601],[75.7586,29.8595],[75.7575,29.8625],[75.7581,29.8674],[75.7623,29.8719],[75.7602,29.8759],[75.7604,29.8785],[75.7588,29.8875],[75.7604,29.8895],[75.7609,29.8931],[75.7626,29.8947],[75.7682,29.8977],[75.7675,29.9023],[75.7659,29.9056],[75.7656,29.9106],[75.7663,29.9173],[75.7642,29.9191],[75.7569,29.9155],[75.7544,29.9175],[75.7442,29.9219],[75.738,29.9255],[75.7356,29.9278],[75.7329,29.9326],[75.7324,29.9348],[75.7184,29.9334],[75.7091,29.9344],[75.7082,29.9339],[75.7078,29.922],[75.706,29.9191],[75.6912,29.9124],[75.6836,29.9095],[75.6772,29.9098],[75.6756,29.909],[75.6708,29.9115],[75.6708,29.9138],[75.673,29.9164],[75.6728,29.9182],[75.669,29.9205],[75.6684,29.9222],[75.6694,29.926],[75.6622,29.9322],[75.6579,29.9328],[75.6547,29.9305],[75.6502,29.9375],[75.6476,29.9384],[75.6411,29.9369],[75.6439,29.9459],[75.6443,29.9514],[75.6477,29.9576],[75.6471,29.9618],[75.6484,29.9686],[75.6488,29.9748],[75.6523,29.9802],[75.6474,29.9836],[75.6622,29.9971],[75.6657,29.9998],[75.6726,29.9999],[75.6794,30.0043],[75.6791,30.0061],[75.685,30.0093],[75.6877,30.0083],[75.69,30.0141],[75.6865,30.0163],[75.6877,30.0235],[75.6797,30.0267],[75.6738,30.032],[75.6776,30.0353],[75.6796,30.0381],[75.6742,30.0401],[75.6714,30.0383],[75.6709,30.0348],[75.658,30.0364],[75.6536,30.0317],[75.6525,30.0282],[75.6497,30.0239],[75.6477,30.0235],[75.6416,30.0249],[75.641,30.027],[75.6385,30.0289],[75.6401,30.0314],[75.6422,30.0378],[75.6424,30.0414],[75.6362,30.0446],[75.6358,30.0491],[75.6377,30.0525],[75.6388,30.0628],[75.6404,30.0649],[75.639,30.0666],[75.6328,30.0699],[75.6287,30.0706],[75.624,30.0658],[75.6275,30.0635],[75.6259,30.0536],[75.6239,30.0517],[75.6228,30.0481],[75.6201,30.0457],[75.62,30.0433],[75.6155,30.0422],[75.6112,30.04],[75.6049,30.0391],[75.6049,30.0304],[75.6095,30.0322],[75.6126,30.0255],[75.6105,30.0149],[75.6023,30.0189],[75.5977,30.0154],[75.5953,30.0128],[75.5933,30.0128],[75.5884,30.0104],[75.5861,30.0081],[75.5792,30.0114],[75.574,30.0102],[75.5726,30.008],[75.5682,30.0106],[75.5641,30.0113],[75.5619,30.0162],[75.5523,30.0207],[75.5498,30.017],[75.5524,30.0143],[75.5504,30.0118],[75.5456,30.0142],[75.5435,30.0178],[75.5398,30.0139],[75.5383,30.0087],[75.5351,30.0102],[75.5336,30.0072],[75.5284,30.0031],[75.5264,30.0045],[75.5239,29.9992],[75.52,29.995],[75.5274,29.995],[75.5335,29.9924],[75.5247,29.9879],[75.5232,29.9857],[75.5222,29.9809],[75.5195,29.9775],[75.5195,29.9756],[75.5124,29.9713],[75.5079,29.9671],[75.5061,29.964],[75.5049,29.9592],[75.5,29.9579],[75.4968,29.9582],[75.493,29.9559],[75.4891,29.9545],[75.4823,29.9533],[75.4754,29.9452],[75.4715,29.9416],[75.4718,29.9363],[75.4749,29.9333],[75.4777,29.9327],[75.4833,29.9271],[75.4787,29.9237],[75.4694,29.926],[75.468,29.9268],[75.4623,29.9197],[75.4593,29.9167],[75.4497,29.9167],[75.4476,29.9096],[75.4453,29.9054],[75.4451,29.9028],[75.4434,29.8975],[75.4372,29.892],[75.431,29.8893],[75.43,29.8878],[75.4249,29.8862],[75.4192,29.8899],[75.416,29.8898],[75.41,29.8863],[75.4026,29.8841],[75.3978,29.8757],[75.3978,29.8704],[75.3928,29.8674],[75.3877,29.8673],[75.3746,29.8694]]]},"properties":{"id":"in:subdistrict:248","level":"subdistrict","name":"Budhlada","code":248,"parent":"in:district:37","state":"in:state:3"}},{"type":"Feature","geometry":{"type":"Polygon","coordinates":[[[75.7378,29.814],[75.7413,29.8108],[75.7469,29.8073],[75.7506,29.8076],[75.755,29.8052],[75.7579,29.8056],[75.7631,29.8114],[75.7675,29.8138],[75.772,29.8183],[75.7794,29.8223],[75.783,29.8208],[75.7871,29.8161],[75.7888,29.8111],[75.7967,29.808],[75.8004,29.8073],[75.8065,29.8047],[75.8099,29.8056],[75.8158,29.8042],[75.8232,29.8087],[75.8245,29.8138],[75.8259,29.8145],[75.8265,29.8163],[75.831,29.8217],[75.8332,29.8252],[75.8214,29.8343],[75.8169,29.8399],[75.817,29.8464],[75.8194,29.8526],[75.8226,29.8567],[75.8266,29.8607],[75.8314,29.8624],[75.8382,29.8662],[75.8403,29.8682],[75.8455,29.8663],[75.8493,29.8635],[75.8524,29.8636],[75.8564,29.8592],[75.8615,29.8589],[75.8629,29.857],[75.8624,29.8544],[75.8648,29.8523],[75.8694,29.856],[75.8699,29.8584],[75.8731,29.86],[75.8782,29.8682],[75.8771,29.8694],[75.8759,29.8753],[75.876,29.8788],[75.8737,29.8799],[75.8747,29.8821],[75.8731,29.8857],[75.869,29.8861],[75.8673,29.8877],[75.8624,29.8882],[75.8639,29.8924],[75.8692,29.8888],[75.8788,29.89],[75.8802,29.8891],[75.8836,29.8906],[75.8836,29.8936],[75.8893,29.8951],[75.8939,29.898],[75.8987,29.9042],[75.9062,29.912],[75.9098,29.9146],[75.9121,29.9177],[75.9185,29.9163],[75.9269,29.9125],[75.9303,29.9099],[75.935,29.9155],[75.9418,29.9197],[75.9474,29.9211],[75.9525,29.9209],[75.9591,29.9168],[75.9578,29.9149],[75.9601,29.9133],[75.9646,29.9153],[75.9634,29.917],[75.9639,29.921],[75.9677,29.9207],[75.9681,29.926],[75.9677,29.9305],[75.9705,29.9317],[75.972,29.9284],[75.9707,29.9245],[75.9714,29.92],[75.9706,29.9166],[75.9741,29.9128],[75.974,29.9082],[75.9772,29.9073],[75.9793,29.9043],[75.9849,29.9034],[75.9831,29.9071],[75.9872,29.9124],[75.9866,29.9146],[75.9899,29.9226],[75.9861,29.9252],[75.9849,29.9365],[75.9878,29.9375],[75.9872,29.9408],[75.9906,29.9441],[75.9897,29.9457],[75.9959,29.9484],[75.9952,29.9504],[75.9976,29.9529],[75.9948,29.9549],[75.9907,29.9524],[75.9829,29.9462],[75.9801,29.9417],[75.9773,29.9413],[75.9735,29.9428],[75.9706,29.9456],[75.9686,29.9456],[75.9645,29.9485],[75.9627,29.9467],[75.9537,29.9535],[75.9523,29.9535],[75.9426,29.9478],[75.9379,29.9464],[75.9365,29.9473],[75.9289,29.9455],[75.927,29.9488],[75.9279,29.9514],[75.9226,29.9535],[75.9212,29.9555],[75.9263,29.9574],[75.9283,29.9601],[75.9282,29.9647],[75.9257,29.9689],[75.9222,29.9711],[75.9174,29.9731],[75.9182,29.9772],[75.9091,29.9801],[75.9066,29.9766],[75.9057,29.9737],[75.9027,29.9711],[75.8984,29.9769],[75.8982,29.9792],[75.8931,29.9816],[75.8959,29.9847],[75.8966,29.9872],[75.8947,29.9903],[75.899,29.9956],[75.901,29.9998],[75.9004,30.0031],[75.9018,30.0042],[75.8982,30.0087],[75.8939,30.0116],[75.8887,30.0163],[75.8832,30.0193],[75.884,30.0243],[75.8782,30.0258],[75.8763,30.031],[75.8795,30.0342],[75.8777,30.0359],[75.8738,30.035],[75.8724,30.0313],[75.8695,30.0295],[75.8645,30.025],[75.8603,30.0231],[75.8594,30.0136],[75.8587,30.0106],[75.8525,30.0061],[75.8483,30.0025],[75.845,30.0022],[75.8417,30.0087],[75.8366,30.0091],[75.8301,30.0116],[75.8271,30.0111],[75.8271,30.0077],[75.8253,30.0053],[75.8247,30],[75.8221,29.9957],[75.8164,29.9891],[75.8027,29.993],[75.8012,29.995],[75.7989,29.9953],[75.7941,29.9996],[75.791,29.994],[75.791,29.9915],[75.7882,29.9886],[75.7851,29.9827],[75.7742,29.9809],[75.7742,29.9781],[75.7715,29.9756],[75.7678,29.9763],[75.758,29.9758],[75.7542,29.9764],[75.7505,29.9814],[75.7418,29.988],[75.7279,29.9981],[75.724,30.0057],[75.7158,30.0038],[75.713,29.9999],[75.7101,29.9942],[75.7093,29.9906],[75.7045,29.9927],[75.7054,29.9977],[75.7055,30.0036],[75.7025,30.0054],[75.6937,30.0054],[75.6877,30.0083],[75.685,30.0093],[75.6791,30.0061],[75.6794,30.0043],[75.6726,29.9999],[75.6657,29.9998],[75.6622,29.9971],[75.6474,29.9836],[75.6523,29.9802],[75.6488,29.9748],[75.6484,29.9686],[75.6471,29.9618],[75.6477,29.9576],[75.6443,29.9514],[75.6439,29.9459],[75.6411,29.9369],[75.6476,29.9384],[75.6502,29.9375],[75.6547,29.9305],[75.6579,29.9328],[75.6622,29.9322],[75.6694,29.926],[75.6684,29.9222],[75.669,29.9205],[75.6728,29.9182],[75.673,29.9164],[75.6708,29.9138],[75.6708,29.9115],[75.6756,29.909],[75.6772,29.9098],[75.6836,29.9095],[75.6912,29.9124],[75.706,29.9191],[75.7078,29.922],[75.7082,29.9339],[75.7091,29.9344],[75.7184,29.9334],[75.7324,29.9348],[75.7329,29.9326],[75.7356,29.9278],[75.738,29.9255],[75.7442,29.9219],[75.7544,29.9175],[75.7569,29.9155],[75.7642,29.9191],[75.7663,29.9173],[75.7656,29.9106],[75.7659,29.9056],[75.7675,29.9023],[75.7682,29.8977],[75.7626,29.8947],[75.7609,29.8931],[75.7604,29.8895],[75.7588,29.8875],[75.7604,29.8785],[75.7602,29.8759],[75.7623,29.8719],[75.7581,29.8674],[75.7575,29.8625],[75.7586,29.8595],[75.7607,29.8601],[75.7665,29.8573],[75.7691,29.8568],[75.7748,29.8539],[75.7756,29.8512],[75.772,29.8468],[75.772,29.8415],[75.7733,29.8349],[75.7699,29.8314],[75.7648,29.8277],[75.7582,29.828],[75.7532,29.8263],[75.7505,29.8243],[75.7457,29.8247],[75.7448,29.822],[75.7378,29.814]]]},"properties":{"id":"in:subdistrict:273","level":"subdistrict","name":"Lehra","code":273,"parent":"in:district:43","state":"in:state:3"}},{"type":"Feature","geometry":{"type":"MultiPolygon","coordinates":[[[[75.9303,29.9099],[75.9293,29.9081],[75.9332,29.9059],[75.9341,29.9022],[75.9378,29.8991],[75.9476,29.8949],[75.9494,29.895],[75.9551,29.8901],[75.9631,29.8927],[75.9671,29.8903],[75.9703,29.893],[75.9741,29.895],[75.9769,29.8992],[75.9765,29.9009],[75.9793,29.9043],[75.9772,29.9073],[75.974,29.9082],[75.9741,29.9128],[75.9706,29.9166],[75.9714,29.92],[75.9707,29.9245],[75.972,29.9284],[75.9705,29.9317],[75.9677,29.9305],[75.9681,29.926],[75.9677,29.9207],[75.9639,29.921],[75.9634,29.917],[75.9646,29.9153],[75.9601,29.9133],[75.9578,29.9149],[75.9591,29.9168],[75.9525,29.9209],[75.9474,29.9211],[75.9418,29.9197],[75.935,29.9155],[75.9303,29.9099]]],[[[75.9849,29.9034],[75.9918,29.8991],[75.9967,29.8968],[76,29.8965],[76.0023,29.8949],[76.0088,29.8925],[76.012,29.8904],[76.0113,29.8879],[76.0119,29.8841],[76.0156,29.8776],[76.0142,29.8736],[76.0208,29.8686],[76.0227,29.8695],[76.0268,29.8749],[76.0288,29.8765],[76.0321,29.877],[76.0321,29.8817],[76.033,29.8824],[76.0384,29.8793],[76.0373,29.8764],[76.0393,29.8729],[76.0434,29.8761],[76.0455,29.8744],[76.0462,29.871],[76.049,29.8694],[76.0504,29.8715],[76.0561,29.8696],[76.0524,29.8613],[76.0599,29.8466],[76.0649,29.8417],[76.0693,29.8419],[76.0715,29.8433],[76.0743,29.841],[76.0799,29.8436],[76.0841,29.8466],[76.0898,29.8478],[76.091,29.8509],[76.0937,29.8487],[76.1003,29.8474],[76.1012,29.8507],[76.1044,29.8552],[76.1087,29.8587],[76.1116,29.8597],[76.1171,29.8599],[76.1225,29.8576],[76.1198,29.8557],[76.1201,29.8531],[76.1181,29.8481],[76.1201,29.8444],[76.1192,29.8349],[76.1179,29.8318],[76.1098,29.8222],[76.1104,29.8182],[76.1051,29.8118],[76.1098,29.8073],[76.1126,29.8064],[76.1158,29.8023],[76.1203,29.8002],[76.1197,29.7923],[76.124,29.7909],[76.1247,29.7935],[76.1293,29.7969],[76.1332,29.8044],[76.1367,29.8074],[76.1397,29.8088],[76.1418,29.8116],[76.1416,29.8155],[76.1455,29.8191],[76.148,29.8199],[76.1533,29.82],[76.1609,29.8194],[76.1645,29.8176],[76.1669,29.8181],[76.1722,29.8175],[76.178,29.8206],[76.1849,29.8227],[76.1958,29.8422],[76.1978,29.8448],[76.2027,29.843],[76.212,29.843],[76.2153,29.8408],[76.2206,29.8378],[76.2206,29.8467],[76.2272,29.8518],[76.2305,29.8515],[76.2325,29.8537],[76.2382,29.852],[76.2438,29.8524],[76.2445,29.855],[76.2434,29.8591],[76.2439,29.8689],[76.2467,29.8744],[76.2451,29.8771],[76.2417,29.8785],[76.2381,29.8797],[76.2301,29.8854],[76.2268,29.8863],[76.2264,29.8838],[76.2223,29.8849],[76.2187,29.8836],[76.2129,29.887],[76.2107,29.8913],[76.2087,29.8874],[76.2029,29.884],[76.1994,29.8845],[76.1998,29.8884],[76.1935,29.8856],[76.1896,29.8905],[76.1863,29.8908],[76.1857,29.8924],[76.1863,29.8992],[76.1893,29.9087],[76.1884,29.917],[76.1871,29.9189],[76.1814,29.9236],[76.1792,29.9226],[76.1755,29.9238],[76.172,29.9263],[76.1725,29.9288],[76.1781,29.9334],[76.1783,29.9422],[76.1799,29.9452],[76.1838,29.9483],[76.1892,29.949],[76.2035,29.9443],[76.2076,29.942],[76.2102,29.9396],[76.2131,29.9451],[76.2127,29.9471],[76.2075,29.9583],[76.2011,29.9672],[76.1981,29.9683],[76.2012,29.9716],[76.2057,29.9743],[76.2048,29.9773],[76.2059,29.9804],[76.2018,29.9848],[76.2025,29.9895],[76.2038,29.9896],[76.2077,29.9862],[76.2107,29.9882],[76.2067,29.9938],[76.2115,29.9954],[76.21,29.9982],[76.2109,30.0017],[76.2091,30.0038],[76.216,30.0071],[76.2256,30.0077],[76.2308,30.0123],[76.2318,30.0154],[76.2191,30.0198],[76.2132,30.0221],[76.214,30.0232],[76.2146,30.0295],[76.214,30.0317],[76.2121,30.0328],[76.2058,30.0332],[76.2004,30.0359],[76.1962,30.0404],[76.1934,30.0422],[76.1822,30.0445],[76.1824,30.0473],[76.1847,30.0494],[76.183,30.0511],[76.182,30.0544],[76.1775,30.055],[76.1789,30.0582],[76.1772,30.0631],[76.1729,30.0655],[76.1678,30.0715],[76.1654,30.0705],[76.1654,30.0662],[76.1633,30.0654],[76.1574,30.0676],[76.1547,30.0638],[76.1546,30.0609],[76.1521,30.0567],[76.1484,30.0566],[76.1401,30.0546],[76.137,30.0512],[76.1297,30.0499],[76.1259,30.0517],[76.1258,30.0547],[76.1232,30.0567],[76.1179,30.0576],[76.1085,30.057],[76.1031,30.0547],[76.101,30.0577],[76.1043,30.0604],[76.1014,30.0636],[76.1015,30.0666],[76.0986,30.0686],[76.102,30.0701],[76.0986,30.0731],[76.0994,30.0749],[76.0989,30.0802],[76.0997,30.085],[76.0974,30.0885],[76.0987,30.0926],[76.0949,30.0894],[76.0891,30.0801],[76.0913,30.0752],[76.0904,30.0727],[76.0811,30.0638],[76.0838,30.0614],[76.0873,30.0551],[76.0804,30.0556],[76.0715,30.0596],[76.0702,30.0596],[76.0663,30.0552],[76.0646,30.0565],[76.0665,30.0612],[76.0622,30.063],[76.0573,30.0664],[76.0516,30.0645],[76.0526,30.0614],[76.0507,30.0589],[76.0436,30.0524],[76.0516,30.0498],[76.0415,30.0481],[76.0395,30.0425],[76.0417,30.0417],[76.0379,30.0383],[76.0383,30.0356],[76.044,30.0318],[76.042,30.0274],[76.0373,30.0212],[76.0339,30.0186],[76.0289,30.0203],[76.0286,30.0168],[76.0269,30.0127],[76.0321,30.0117],[76.0316,30.0099],[76.0253,30.0061],[76.0201,30.0037],[76.0149,29.9998],[76.0106,29.99],[76.0079,29.9876],[76.0068,29.9833],[76.0088,29.9813],[76.0216,29.9765],[76.0272,29.9719],[76.0207,29.9662],[76.0266,29.9616],[76.0258,29.9589],[76.022,29.958],[76.0187,29.955],[76.0148,29.9533],[76.0119,29.9493],[76.0077,29.9475],[76.0035,29.9448],[76.001,29.9451],[75.9959,29.9484],[75.9897,29.9457],[75.9906,29.9441],[75.9872,29.9408],[75.9878,29.9375],[75.9849,29.9365],[75.9861,29.9252],[75.9899,29.9226],[75.9866,29.9146],[75.9872,29.9124],[75.9831,29.9071],[75.9849,29.9034]]]]},"properties":{"id":"in:subdistrict:251","level":"subdistrict","name":"Patran","code":251,"parent":"in:district:41","state":"in:state:3"}},{"type":"Feature","geometry":{"type":"Polygon","coordinates":[[[75.9793,29.9043],[75.9765,29.9009],[75.9769,29.8992],[75.9741,29.895],[75.9703,29.893],[75.9671,29.8903],[75.9631,29.8927],[75.9551,29.8901],[75.9494,29.895],[75.9476,29.8949],[75.9378,29.8991],[75.9341,29.9022],[75.9332,29.9059],[75.9293,29.9081],[75.9303,29.9099],[75.9269,29.9125],[75.9185,29.9163],[75.9121,29.9177],[75.9098,29.9146],[75.9062,29.912],[75.8987,29.9042],[75.8939,29.898],[75.8893,29.8951],[75.8836,29.8936],[75.8836,29.8906],[75.8802,29.8891],[75.8788,29.89],[75.8692,29.8888],[75.8639,29.8924],[75.8624,29.8882],[75.8673,29.8877],[75.869,29.8861],[75.8731,29.8857],[75.8747,29.8821],[75.8737,29.8799],[75.876,29.8788],[75.8759,29.8753],[75.8771,29.8694],[75.8782,29.8682],[75.8731,29.86],[75.8699,29.8584],[75.8694,29.856],[75.8648,29.8523],[75.8624,29.8544],[75.8629,29.857],[75.8615,29.8589],[75.8564,29.8592],[75.8524,29.8636],[75.8493,29.8635],[75.8455,29.8663],[75.8403,29.8682],[75.8382,29.8662],[75.8314,29.8624],[75.8266,29.8607],[75.8226,29.8567],[75.8194,29.8526],[75.817,29.8464],[75.8169,29.8399],[75.8214,29.8343],[75.8332,29.8252],[75.831,29.8217],[75.8265,29.8163],[75.8259,29.8145],[75.8303,29.8118],[75.8352,29.8143],[75.8378,29.813],[75.835,29.81],[75.8354,29.8032],[75.838,29.7971],[75.837,29.7942],[75.8405,29.7886],[75.8437,29.7898],[75.8458,29.7823],[75.8529,29.778],[75.8536,29.7764],[75.8511,29.7731],[75.8529,29.7716],[75.8578,29.771],[75.8597,29.768],[75.8667,29.7665],[75.8682,29.7604],[75.8701,29.7583],[75.8703,29.7549],[75.8693,29.752],[75.8703,29.7493],[75.8764,29.7504],[75.881,29.7505],[75.8845,29.7495],[75.886,29.7454],[75.8988,29.7462],[75.8989,29.7479],[75.9047,29.75],[75.9027,29.7516],[75.9063,29.7533],[75.9153,29.7471],[75.9152,29.7428],[75.9191,29.7416],[75.9224,29.7377],[75.9312,29.7347],[75.9387,29.7307],[75.9411,29.7315],[75.9473,29.7294],[75.9507,29.7319],[75.9549,29.7319],[75.9575,29.7306],[75.9676,29.7294],[75.9712,29.7306],[75.9748,29.7301],[75.9754,29.7286],[75.9844,29.7271],[75.9886,29.7336],[75.9943,29.7388],[76.0005,29.7403],[76.0071,29.7407],[76.014,29.7419],[76.0168,29.743],[76.0194,29.7477],[76.0241,29.749],[76.0251,29.7547],[76.0268,29.7563],[76.0307,29.7547],[76.0311,29.7474],[76.0363,29.7437],[76.0438,29.7427],[76.0496,29.7481],[76.0493,29.7514],[76.0548,29.7586],[76.0568,29.7654],[76.0598,29.7643],[76.0621,29.7681],[76.0663,29.7713],[76.0669,29.7737],[76.0697,29.7751],[76.0728,29.7787],[76.0738,29.7762],[76.0768,29.7749],[76.0792,29.7772],[76.0847,29.7845],[76.083,29.788],[76.085,29.8007],[76.0895,29.8011],[76.0961,29.8092],[76.0981,29.8106],[76.102,29.8106],[76.1051,29.8118],[76.1104,29.8182],[76.1098,29.8222],[76.1179,29.8318],[76.1192,29.8349],[76.1201,29.8444],[76.1181,29.8481],[76.1201,29.8531],[76.1198,29.8557],[76.1225,29.8576],[76.1171,29.8599],[76.1116,29.8597],[76.1087,29.8587],[76.1044,29.8552],[76.1012,29.8507],[76.1003,29.8474],[76.0937,29.8487],[76.091,29.8509],[76.0898,29.8478],[76.0841,29.8466],[76.0799,29.8436],[76.0743,29.841],[76.0715,29.8433],[76.0693,29.8419],[76.0649,29.8417],[76.0599,29.8466],[76.0524,29.8613],[76.0561,29.8696],[76.0504,29.8715],[76.049,29.8694],[76.0462,29.871],[76.0455,29.8744],[76.0434,29.8761],[76.0393,29.8729],[76.0373,29.8764],[76.0384,29.8793],[76.033,29.8824],[76.0321,29.8817],[76.0321,29.877],[76.0288,29.8765],[76.0268,29.8749],[76.0227,29.8695],[76.0208,29.8686],[76.0142,29.8736],[76.0156,29.8776],[76.0119,29.8841],[76.0113,29.8879],[76.012,29.8904],[76.0088,29.8925],[76.0023,29.8949],[76,29.8965],[75.9967,29.8968],[75.9918,29.8991],[75.9849,29.9034],[75.9793,29.9043]]]},"properties":{"id":"in:subdistrict:274","level":"subdistrict","name":"Moonak","code":274,"parent":"in:district:43","state":"in:state:3"}},{"type":"Feature","geometry":{"type":"Polygon","coordinates":[[[76.214,30.0317],[76.2208,30.0346],[76.2224,30.037],[76.222,30.0483],[76.2279,30.0522],[76.2283,30.0533],[76.2262,30.0584],[76.229,30.0598],[76.2339,30.0655],[76.2367,30.0679],[76.2467,30.0821],[76.2493,30.0823],[76.2489,30.0851],[76.2535,30.0894],[76.2601,30.0874],[76.2653,30.0988],[76.2581,30.1013],[76.2535,30.1023],[76.2506,30.1054],[76.2478,30.103],[76.242,30.1005],[76.2408,30.102],[76.2348,30.105],[76.2298,30.1067],[76.2251,30.1108],[76.223,30.1117],[76.2172,30.11],[76.2164,30.1129],[76.2203,30.1153],[76.2177,30.1221],[76.2161,30.1228],[76.2111,30.1206],[76.1964,30.1235],[76.1969,30.1325],[76.1981,30.1339],[76.2024,30.136],[76.2047,30.1331],[76.2083,30.1337],[76.2091,30.1316],[76.2132,30.1289],[76.2159,30.1237],[76.2192,30.126],[76.2242,30.1272],[76.2214,30.1307],[76.2174,30.1323],[76.2152,30.1349],[76.2154,30.1392],[76.212,30.1421],[76.2077,30.1443],[76.2084,30.1476],[76.2086,30.155],[76.2079,30.1571],[76.214,30.1564],[76.2147,30.1532],[76.2193,30.1476],[76.2249,30.1467],[76.2272,30.1445],[76.2304,30.1455],[76.2342,30.145],[76.2325,30.1398],[76.2432,30.1324],[76.2424,30.1298],[76.2456,30.1283],[76.2469,30.1305],[76.2556,30.1261],[76.2537,30.1216],[76.2622,30.1176],[76.2681,30.1144],[76.2745,30.1148],[76.2814,30.1213],[76.2847,30.1227],[76.2915,30.1241],[76.2937,30.1237],[76.2984,30.1262],[76.301,30.1296],[76.2968,30.1346],[76.2957,30.1382],[76.2915,30.1366],[76.2817,30.1364],[76.2789,30.1403],[76.2855,30.1514],[76.2913,30.1574],[76.298,30.1654],[76.2968,30.1677],[76.2916,30.166],[76.2884,30.1664],[76.2788,30.1692],[76.276,30.1689],[76.2717,30.1718],[76.2732,30.1761],[76.2715,30.1807],[76.2727,30.1837],[76.2762,30.1831],[76.2766,30.1867],[76.2818,30.1864],[76.2863,30.187],[76.2907,30.1868],[76.2969,30.1889],[76.2945,30.1922],[76.2899,30.2009],[76.2862,30.2091],[76.2838,30.2073],[76.2784,30.2104],[76.2757,30.2085],[76.2718,30.2107],[76.2725,30.2139],[76.2688,30.2166],[76.2702,30.2202],[76.2671,30.2226],[76.2746,30.2261],[76.2787,30.2286],[76.2848,30.2255],[76.2868,30.2289],[76.2898,30.2314],[76.2913,30.2359],[76.2894,30.2395],[76.2819,30.2431],[76.277,30.2499],[76.2778,30.2543],[76.275,30.2571],[76.269,30.2585],[76.2649,30.2601],[76.2624,30.2592],[76.2516,30.2488],[76.2489,30.2474],[76.2461,30.2398],[76.242,30.2395],[76.2384,30.2412],[76.2386,30.2427],[76.2344,30.2469],[76.2299,30.2446],[76.2253,30.2393],[76.2234,30.236],[76.2194,30.2342],[76.2192,30.2305],[76.2158,30.2258],[76.2149,30.2221],[76.2118,30.2199],[76.2005,30.2298],[76.196,30.2273],[76.184,30.2331],[76.1753,30.236],[76.1724,30.2376],[76.1684,30.2418],[76.165,30.2408],[76.1625,30.2464],[76.1601,30.2462],[76.1535,30.248],[76.1485,30.2456],[76.1431,30.242],[76.1435,30.2401],[76.1405,30.2384],[76.1379,30.2332],[76.1326,30.24],[76.1307,30.2394],[76.1268,30.2354],[76.1231,30.2375],[76.1191,30.2342],[76.1184,30.2324],[76.1149,30.2291],[76.1127,30.2255],[76.1144,30.2236],[76.1067,30.2203],[76.0955,30.2187],[76.0951,30.2214],[76.0847,30.2216],[76.0812,30.2201],[76.0808,30.2247],[76.0777,30.225],[76.0753,30.222],[76.0708,30.2202],[76.0705,30.2166],[76.0683,30.2169],[76.0625,30.211],[76.062,30.2092],[76.0676,30.2069],[76.0664,30.2033],[76.0605,30.1979],[76.0606,30.1959],[76.0575,30.1921],[76.0512,30.1874],[76.0493,30.1867],[76.0528,30.1832],[76.0542,30.1793],[76.0566,30.1755],[76.055,30.1698],[76.0582,30.1637],[76.0635,30.1611],[76.0665,30.1587],[76.0683,30.1553],[76.0732,30.1526],[76.073,30.1498],[76.0695,30.147],[76.0627,30.1487],[76.0623,30.1443],[76.0648,30.1434],[76.069,30.1438],[76.0705,30.1404],[76.079,30.136],[76.0803,30.1313],[76.0742,30.1314],[76.0742,30.1291],[76.072,30.1261],[76.0731,30.1222],[76.0803,30.1221],[76.0836,30.1191],[76.0806,30.1155],[76.0778,30.115],[76.078,30.1118],[76.0799,30.1111],[76.0933,30.1163],[76.0972,30.1159],[76.0982,30.1133],[76.1037,30.1074],[76.1047,30.1036],[76.1008,30.1006],[76.0987,30.0926],[76.0974,30.0885],[76.0997,30.085],[76.0989,30.0802],[76.0994,30.0749],[76.0986,30.0731],[76.102,30.0701],[76.0986,30.0686],[76.1015,30.0666],[76.1014,30.0636],[76.1043,30.0604],[76.101,30.0577],[76.1031,30.0547],[76.1085,30.057],[76.1179,30.0576],[76.1232,30.0567],[76.1258,30.0547],[76.1259,30.0517],[76.1297,30.0499],[76.137,30.0512],[76.1401,30.0546],[76.1484,30.0566],[76.1521,30.0567],[76.1546,30.0609],[76.1547,30.0638],[76.1574,30.0676],[76.1633,30.0654],[76.1654,30.0662],[76.1654,30.0705],[76.1678,30.0715],[76.1729,30.0655],[76.1772,30.0631],[76.1789,30.0582],[76.1775,30.055],[76.182,30.0544],[76.183,30.0511],[76.1847,30.0494],[76.1824,30.0473],[76.1822,30.0445],[76.1934,30.0422],[76.1962,30.0404],[76.2004,30.0359],[76.2058,30.0332],[76.2121,30.0328],[76.214,30.0317]]]},"properties":{"id":"in:subdistrict:250","level":"subdistrict","name":"Samana","code":250,"parent":"in:district:41","state":"in:state:3"}},{"type":"Feature","geometry":{"type":"Polygon","coordinates":[[[76.2747,30.5599],[76.2731,30.559],[76.2685,30.5589],[76.2671,30.5603],[76.2622,30.5618],[76.2563,30.5672],[76.2551,30.5666],[76.2562,30.5616],[76.2499,30.5595],[76.2456,30.5539],[76.2471,30.5518],[76.2445,30.5497],[76.2373,30.5502],[76.2364,30.5558],[76.2399,30.5568],[76.2379,30.5666],[76.2353,30.5681],[76.2321,30.5675],[76.2294,30.5701],[76.2181,30.564],[76.2154,30.5643],[76.2121,30.5585],[76.2014,30.5512],[76.1982,30.55],[76.1915,30.5498],[76.1831,30.5414],[76.1809,30.5441],[76.1731,30.5471],[76.1687,30.5431],[76.1657,30.5351],[76.1628,30.5383],[76.1596,30.5405],[76.1555,30.5444],[76.1499,30.5407],[76.1437,30.5347],[76.1456,30.5328],[76.1388,30.5255],[76.1363,30.5235],[76.1315,30.5284],[76.1303,30.5323],[76.1278,30.5369],[76.1236,30.5431],[76.1199,30.5454],[76.1113,30.5354],[76.1083,30.5293],[76.1014,30.532],[76.0956,30.535],[76.0919,30.5398],[76.0865,30.5376],[76.089,30.534],[76.0879,30.5309],[76.0852,30.5283],[76.0808,30.5203],[76.0835,30.5147],[76.0812,30.5135],[76.0788,30.5074],[76.081,30.5021],[76.0773,30.4999],[76.0696,30.4979],[76.066,30.4945],[76.0634,30.4887],[76.0642,30.483],[76.0676,30.4791],[76.0736,30.4762],[76.0769,30.4754],[76.0806,30.4726],[76.0791,30.4694],[76.0802,30.4677],[76.0802,30.4621],[76.0879,30.458],[76.0831,30.4555],[76.0791,30.4513],[76.0744,30.4491],[76.0712,30.4531],[76.0661,30.4488],[76.0654,30.4466],[76.0603,30.4429],[76.0569,30.4396],[76.0495,30.4356],[76.0514,30.4329],[76.0528,30.4272],[76.0466,30.4206],[76.0451,30.4161],[76.0417,30.4152],[76.0339,30.4111],[76.0316,30.4088],[76.036,30.4021],[76.0301,30.3951],[76.0234,30.3904],[76.0249,30.3885],[76.0242,30.3789],[76.0225,30.3785],[76.0141,30.3818],[76.0141,30.3775],[76.0126,30.3744],[76.0098,30.3729],[76.0073,30.3686],[76.007,30.3654],[76,30.3644],[75.9968,30.3649],[75.9923,30.372],[75.9864,30.3648],[75.9858,30.3631],[75.9863,30.3558],[75.9847,30.3501],[75.9847,30.3477],[75.9874,30.3442],[75.9866,30.3405],[75.9895,30.3372],[75.9939,30.3386],[76.0023,30.334],[76.007,30.3353],[76.0083,30.332],[76.0154,30.3284],[76.0204,30.3288],[76.0225,30.332],[76.0287,30.3326],[76.0301,30.3353],[76.0332,30.3376],[76.0425,30.3347],[76.047,30.3386],[76.0546,30.3344],[76.0597,30.3294],[76.0591,30.3267],[76.0615,30.3249],[76.0632,30.3212],[76.0687,30.3165],[76.072,30.3162],[76.0778,30.3145],[76.0812,30.3116],[76.088,30.3099],[76.0911,30.3137],[76.0971,30.3166],[76.1069,30.3183],[76.1114,30.3215],[76.1193,30.3195],[76.123,30.318],[76.1336,30.3115],[76.1383,30.3125],[76.1475,30.3197],[76.153,30.3251],[76.1552,30.3242],[76.1601,30.3264],[76.1645,30.3307],[76.1669,30.3316],[76.1676,30.326],[76.1721,30.3192],[76.1755,30.3129],[76.1781,30.3123],[76.1796,30.3084],[76.1874,30.3],[76.1932,30.2967],[76.1981,30.2953],[76.1992,30.2921],[76.2029,30.2857],[76.21,30.2911],[76.2139,30.2914],[76.2171,30.294],[76.219,30.2941],[76.2243,30.2972],[76.2265,30.2958],[76.2307,30.297],[76.2355,30.2995],[76.2349,30.3064],[76.2335,30.3127],[76.2437,30.3212],[76.2426,30.326],[76.2477,30.3269],[76.2536,30.3317],[76.2553,30.3416],[76.2542,30.3458],[76.2513,30.3524],[76.2565,30.3542],[76.2504,30.3598],[76.2451,30.3628],[76.2416,30.3638],[76.2358,30.3668],[76.2331,30.3692],[76.2348,30.3724],[76.2409,30.3776],[76.2492,30.381],[76.2546,30.3821],[76.2581,30.3804],[76.262,30.3747],[76.2643,30.3733],[76.2713,30.3867],[76.2739,30.3904],[76.2695,30.3933],[76.2715,30.3999],[76.2733,30.4021],[76.2736,30.4053],[76.2722,30.4065],[76.2742,30.4096],[76.2812,30.4147],[76.2843,30.4131],[76.2917,30.4111],[76.2955,30.4111],[76.3038,30.421],[76.3042,30.4224],[76.3115,30.4314],[76.317,30.4338],[76.3215,30.4342],[76.3225,30.4381],[76.3242,30.4406],[76.3251,30.4462],[76.332,30.4495],[76.3367,30.4497],[76.3389,30.453],[76.3382,30.4559],[76.3351,30.457],[76.3346,30.4627],[76.3308,30.4677],[76.3269,30.471],[76.3327,30.4773],[76.3365,30.4803],[76.3287,30.4811],[76.3189,30.4829],[76.3297,30.4937],[76.3326,30.496],[76.3281,30.4992],[76.3329,30.5032],[76.332,30.5052],[76.3311,30.512],[76.3279,30.5176],[76.3265,30.5237],[76.3232,30.5287],[76.3253,30.5358],[76.3282,30.5404],[76.3144,30.5479],[76.3089,30.5454],[76.3001,30.5455],[76.2942,30.5477],[76.2879,30.5445],[76.2861,30.5467],[76.2818,30.5467],[76.2779,30.5515],[76.2747,30.5538],[76.2757,30.5582],[76.2747,30.5599]]]},"properties":{"id":"in:subdistrict:252","level":"subdistrict","name":"Nabha","code":252,"parent":"in:district:41","state":"in:state:3"}},{"type":"Feature","geometry":{"type":"Polygon","coordinates":[[[76.0141,30.3818],[76.0107,30.3804],[76.0034,30.3815],[76,30.386],[75.9913,30.3918],[75.9924,30.3936],[75.9905,30.3953],[75.9956,30.3989],[75.9923,30.4018],[75.9896,30.4077],[75.9883,30.4144],[75.9919,30.4163],[75.9949,30.4199],[76.0016,30.4243],[76.0018,30.4278],[76.0049,30.432],[76.001,30.4319],[75.9948,30.4339],[75.992,30.4355],[75.9897,30.4397],[75.9827,30.4473],[75.9793,30.4484],[75.9771,30.4503],[75.9742,30.4502],[75.97,30.4556],[75.9707,30.4572],[75.9654,30.4615],[75.9582,30.4567],[75.9551,30.4584],[75.9499,30.4552],[75.9427,30.448],[75.9358,30.4446],[75.9284,30.446],[75.927,30.4507],[75.9204,30.4626],[75.9205,30.4637],[75.9271,30.4675],[75.9336,30.4694],[75.9432,30.4738],[75.9362,30.4781],[75.9296,30.4847],[75.9268,30.4841],[75.9239,30.4814],[75.9218,30.4779],[75.9206,30.4725],[75.9158,30.4726],[75.9128,30.4668],[75.9132,30.4642],[75.9055,30.4579],[75.9055,30.4535],[75.9013,30.4527],[75.8988,30.4541],[75.8937,30.4545],[75.8885,30.4569],[75.8855,30.4573],[75.8819,30.4558],[75.8821,30.4544],[75.8793,30.451],[75.874,30.442],[75.8716,30.4408],[75.8601,30.4392],[75.8537,30.4436],[75.8497,30.4487],[75.8468,30.4472],[75.8441,30.4445],[75.8307,30.4373],[75.8278,30.4354],[75.8279,30.4335],[75.8188,30.4322],[75.8119,30.4373],[75.8111,30.4357],[75.8072,30.4419],[75.8051,30.4432],[75.8042,30.4463],[75.8041,30.4512],[75.8062,30.4554],[75.8029,30.4591],[75.8036,30.4614],[75.8008,30.4635],[75.8021,30.4661],[75.8026,30.4722],[75.7991,30.4844],[75.8046,30.487],[75.8027,30.4916],[75.8003,30.4944],[75.7961,30.4951],[75.791,30.499],[75.7823,30.4999],[75.78,30.5038],[75.7771,30.5032],[75.7717,30.5083],[75.7679,30.5092],[75.7659,30.5108],[75.7607,30.5118],[75.7579,30.5137],[75.7535,30.5119],[75.7484,30.5134],[75.7449,30.5125],[75.7421,30.5163],[75.7361,30.5128],[75.7295,30.5141],[75.7276,30.5174],[75.7268,30.5235],[75.7298,30.5283],[75.7289,30.5298],[75.7312,30.5322],[75.7319,30.535],[75.7257,30.5395],[75.721,30.5417],[75.7166,30.5403],[75.7136,30.5407],[75.7098,30.5452],[75.7014,30.5411],[75.7016,30.5393],[75.6983,30.5371],[75.6941,30.5371],[75.6901,30.5356],[75.6894,30.533],[75.6856,30.5288],[75.6862,30.5275],[75.683,30.5249],[75.6824,30.5221],[75.677,30.5211],[75.6781,30.5163],[75.6803,30.5104],[75.6786,30.5068],[75.6756,30.505],[75.671,30.499],[75.6682,30.4978],[75.6619,30.4977],[75.6588,30.4956],[75.6604,30.4912],[75.6573,30.4822],[75.6591,30.4799],[75.6633,30.477],[75.6648,30.4732],[75.6678,30.4741],[75.6754,30.4725],[75.673,30.4706],[75.673,30.4601],[75.6694,30.4529],[75.6646,30.4479],[75.6583,30.4441],[75.6544,30.4483],[75.6464,30.4407],[75.6497,30.4381],[75.65,30.4356],[75.6524,30.4354],[75.6553,30.4284],[75.6599,30.4288],[75.6633,30.427],[75.6659,30.4244],[75.667,30.4212],[75.6699,30.4201],[75.6693,30.4168],[75.665,30.4119],[75.6647,30.4105],[75.6678,30.4077],[75.6704,30.4031],[75.6645,30.3984],[75.6668,30.3941],[75.6659,30.3887],[75.6663,30.3867],[75.6703,30.3832],[75.6773,30.3789],[75.6776,30.3757],[75.6754,30.3723],[75.6775,30.3694],[75.6777,30.3667],[75.676,30.3639],[75.6774,30.3596],[75.6773,30.356],[75.6801,30.3537],[75.6825,30.3532],[75.6837,30.3504],[75.6805,30.3481],[75.6819,30.3457],[75.674,30.3409],[75.6675,30.3347],[75.6643,30.3343],[75.6614,30.3352],[75.6585,30.3375],[75.654,30.3372],[75.6539,30.3356],[75.65,30.331],[75.6519,30.3296],[75.6535,30.3251],[75.6582,30.3165],[75.6554,30.312],[75.6619,30.3024],[75.6651,30.2953],[75.6701,30.2909],[75.6789,30.2867],[75.6815,30.2868],[75.6891,30.2849],[75.7049,30.283],[75.7119,30.284],[75.7163,30.2833],[75.7228,30.2799],[75.7266,30.2786],[75.7311,30.2751],[75.7319,30.2743],[75.7397,30.2798],[75.7429,30.2826],[75.7443,30.2854],[75.7508,30.2882],[75.7557,30.2854],[75.7609,30.2861],[75.7663,30.2912],[75.7727,30.2915],[75.7808,30.2939],[75.7845,30.2994],[75.7896,30.3022],[75.7909,30.3014],[75.795,30.3057],[75.799,30.3081],[75.804,30.307],[75.8074,30.3052],[75.8068,30.303],[75.8109,30.3011],[75.8133,30.3021],[75.8167,30.3002],[75.8195,30.3006],[75.8226,30.2971],[75.8264,30.2973],[75.8299,30.295],[75.8322,30.2954],[75.8367,30.3017],[75.8459,30.3095],[75.8482,30.3084],[75.8526,30.3085],[75.8566,30.3103],[75.8599,30.3109],[75.8661,30.315],[75.869,30.3209],[75.8695,30.3253],[75.8719,30.329],[75.8735,30.3349],[75.876,30.3383],[75.8787,30.3397],[75.8937,30.3418],[75.907,30.3448],[75.9062,30.3418],[75.903,30.3389],[75.905,30.3294],[75.9043,30.3268],[75.9101,30.317],[75.9077,30.3143],[75.9099,30.3094],[75.9237,30.3026],[75.9296,30.2985],[75.9347,30.2992],[75.9424,30.3045],[75.9486,30.3023],[75.9505,30.305],[75.9538,30.3066],[75.9525,30.3096],[75.9549,30.3113],[75.9584,30.3091],[75.9637,30.3172],[75.9637,30.321],[75.9613,30.3245],[75.9618,30.3291],[75.961,30.3314],[75.9644,30.3325],[75.9705,30.336],[75.9707,30.3375],[75.9758,30.3389],[75.9779,30.3408],[75.9744,30.3468],[75.9682,30.3517],[75.9702,30.3535],[75.969,30.3596],[75.9669,30.3614],[75.9659,30.3657],[75.9697,30.3677],[75.9744,30.367],[75.9804,30.3671],[75.9808,30.363],[75.9838,30.3609],[75.9858,30.3631],[75.9864,30.3648],[75.9923,30.372],[75.9968,30.3649],[76,30.3644],[76.007,30.3654],[76.0073,30.3686],[76.0098,30.3729],[76.0126,30.3744],[76.0141,30.3775],[76.0141,30.3818]]]},"properties":{"id":"in:subdistrict:270","level":"subdistrict","name":"Dhuri","code":270,"parent":"in:district:43","state":"in:state:3"}},{"type":"Feature","geometry":{"type":"Polygon","coordinates":[[[75.6254,30.1427],[75.629,30.1471],[75.6333,30.1484],[75.6394,30.1455],[75.6403,30.1442],[75.6496,30.1406],[75.6536,30.1405],[75.657,30.147],[75.6595,30.1476],[75.6646,30.1475],[75.6682,30.1498],[75.672,30.1486],[75.6784,30.1486],[75.6792,30.1521],[75.6845,30.1567],[75.6853,30.1588],[75.6895,30.1602],[75.6932,30.1676],[75.6987,30.1676],[75.7023,30.1704],[75.7057,30.1714],[75.7021,30.1781],[75.7049,30.1807],[75.7128,30.1765],[75.7179,30.1727],[75.7214,30.1719],[75.7315,30.1646],[75.7338,30.1655],[75.7406,30.1707],[75.7357,30.1751],[75.7395,30.1766],[75.7391,30.1847],[75.734,30.1871],[75.7276,30.1925],[75.7349,30.1952],[75.7374,30.1985],[75.7404,30.1992],[75.7446,30.202],[75.7503,30.1994],[75.7545,30.1989],[75.7605,30.192],[75.7625,30.1924],[75.7697,30.1867],[75.7791,30.1819],[75.7836,30.1816],[75.7858,30.1801],[75.7903,30.1808],[75.7947,30.1745],[75.7979,30.1724],[75.799,30.1692],[75.8047,30.1689],[75.8067,30.1701],[75.8082,30.1747],[75.8138,30.1759],[75.8163,30.1816],[75.8202,30.1815],[75.8224,30.1872],[75.8245,30.1882],[75.8287,30.1881],[75.8312,30.1862],[75.8302,30.1795],[75.8285,30.1734],[75.8316,30.1715],[75.8323,30.1673],[75.8407,30.1608],[75.8446,30.1563],[75.8457,30.151],[75.8516,30.1494],[75.8519,30.1528],[75.8585,30.1562],[75.8659,30.157],[75.8744,30.1568],[75.8753,30.1617],[75.8863,30.165],[75.891,30.1711],[75.8907,30.1733],[75.8941,30.1742],[75.8983,30.1738],[75.9102,30.1816],[75.9113,30.1811],[75.9158,30.1836],[75.9201,30.1767],[75.9247,30.1739],[75.9288,30.1741],[75.9304,30.176],[75.9308,30.1817],[75.9291,30.1834],[75.931,30.1858],[75.9349,30.1877],[75.937,30.1875],[75.9355,30.1813],[75.934,30.1805],[75.9368,30.174],[75.9366,30.1705],[75.9414,30.1691],[75.94,30.1668],[75.9445,30.1632],[75.9452,30.1612],[75.9492,30.1575],[75.9543,30.1549],[75.9557,30.1528],[75.9535,30.1482],[75.9527,30.1437],[75.9588,30.1426],[75.9656,30.1431],[75.9678,30.1417],[75.9715,30.1452],[75.9708,30.1471],[75.9738,30.1553],[75.9774,30.1616],[75.9801,30.1646],[75.9857,30.1595],[75.997,30.1482],[75.9976,30.1434],[76.0017,30.1403],[76.0058,30.1418],[76.0115,30.1426],[76.0112,30.1466],[76.0137,30.15],[76.018,30.1531],[76.0238,30.1492],[76.0325,30.1422],[76.0372,30.1393],[76.0393,30.1411],[76.0488,30.1353],[76.0474,30.1316],[76.0515,30.1296],[76.0546,30.1334],[76.0608,30.1395],[76.0623,30.1443],[76.0627,30.1487],[76.0639,30.152],[76.0599,30.1536],[76.0552,30.1569],[76.0539,30.1559],[76.0439,30.1533],[76.0395,30.1566],[76.0415,30.1595],[76.0427,30.1666],[76.046,30.17],[76.0486,30.1707],[76.0526,30.1692],[76.055,30.1698],[76.0566,30.1755],[76.0542,30.1793],[76.0528,30.1832],[76.0493,30.1867],[76.0512,30.1874],[76.0575,30.1921],[76.0606,30.1959],[76.0605,30.1979],[76.0664,30.2033],[76.0676,30.2069],[76.062,30.2092],[76.0625,30.211],[76.0683,30.2169],[76.0705,30.2166],[76.0708,30.2202],[76.0753,30.222],[76.0777,30.225],[76.0808,30.2247],[76.0812,30.2201],[76.0847,30.2216],[76.0951,30.2214],[76.0955,30.2187],[76.1067,30.2203],[76.1144,30.2236],[76.1127,30.2255],[76.1149,30.2291],[76.1184,30.2324],[76.1191,30.2342],[76.1231,30.2375],[76.1268,30.2354],[76.1307,30.2394],[76.1326,30.24],[76.1379,30.2332],[76.1405,30.2384],[76.1435,30.2401],[76.1431,30.242],[76.1485,30.2456],[76.1535,30.248],[76.1601,30.2462],[76.1625,30.2464],[76.165,30.2408],[76.1684,30.2418],[76.176,30.2491],[76.174,30.2508],[76.183,30.2569],[76.1794,30.2581],[76.1769,30.2632],[76.1769,30.2658],[76.1827,30.2748],[76.1899,30.2736],[76.1941,30.2723],[76.1976,30.2741],[76.2008,30.2778],[76.2032,30.2822],[76.2029,30.2857],[76.1992,30.2921],[76.1981,30.2953],[76.1932,30.2967],[76.1874,30.3],[76.1796,30.3084],[76.1781,30.3123],[76.1755,30.3129],[76.1721,30.3192],[76.1676,30.326],[76.1669,30.3316],[76.1645,30.3307],[76.1601,30.3264],[76.1552,30.3242],[76.153,30.3251],[76.1475,30.3197],[76.1383,30.3125],[76.1336,30.3115],[76.123,30.318],[76.1193,30.3195],[76.1114,30.3215],[76.1069,30.3183],[76.0971,30.3166],[76.0911,30.3137],[76.088,30.3099],[76.0812,30.3116],[76.0778,30.3145],[76.072,30.3162],[76.0687,30.3165],[76.0632,30.3212],[76.0615,30.3249],[76.0591,30.3267],[76.0597,30.3294],[76.0546,30.3344],[76.047,30.3386],[76.0425,30.3347],[76.0332,30.3376],[76.0301,30.3353],[76.0287,30.3326],[76.0225,30.332],[76.0204,30.3288],[76.0154,30.3284],[76.0083,30.332],[76.007,30.3353],[76.0023,30.334],[75.9939,30.3386],[75.9895,30.3372],[75.9866,30.3405],[75.9874,30.3442],[75.9847,30.3477],[75.9847,30.3501],[75.9863,30.3558],[75.9858,30.3631],[75.9838,30.3609],[75.9808,30.363],[75.9804,30.3671],[75.9744,30.367],[75.9697,30.3677],[75.9659,30.3657],[75.9669,30.3614],[75.969,30.3596],[75.9702,30.3535],[75.9682,30.3517],[75.9744,30.3468],[75.9779,30.3408],[75.9758,30.3389],[75.9707,30.3375],[75.9705,30.336],[75.9644,30.3325],[75.961,30.3314],[75.9618,30.3291],[75.9613,30.3245],[75.9637,30.321],[75.9637,30.3172],[75.9584,30.3091],[75.9549,30.3113],[75.9525,30.3096],[75.9538,30.3066],[75.9505,30.305],[75.9486,30.3023],[75.9424,30.3045],[75.9347,30.2992],[75.9296,30.2985],[75.9237,30.3026],[75.9099,30.3094],[75.9077,30.3143],[75.9101,30.317],[75.9043,30.3268],[75.905,30.3294],[75.903,30.3389],[75.9062,30.3418],[75.907,30.3448],[75.8937,30.3418],[75.8787,30.3397],[75.876,30.3383],[75.8735,30.3349],[75.8719,30.329],[75.8695,30.3253],[75.869,30.3209],[75.8661,30.315],[75.8599,30.3109],[75.8566,30.3103],[75.8526,30.3085],[75.8482,30.3084],[75.8459,30.3095],[75.8367,30.3017],[75.8322,30.2954],[75.8299,30.295],[75.8264,30.2973],[75.8226,30.2971],[75.8195,30.3006],[75.8167,30.3002],[75.8133,30.3021],[75.8109,30.3011],[75.8068,30.303],[75.8074,30.3052],[75.804,30.307],[75.799,30.3081],[75.795,30.3057],[75.7909,30.3014],[75.7896,30.3022],[75.7845,30.2994],[75.7808,30.2939],[75.7727,30.2915],[75.7663,30.2912],[75.7609,30.2861],[75.7557,30.2854],[75.7508,30.2882],[75.7443,30.2854],[75.7429,30.2826],[75.7397,30.2798],[75.7319,30.2743],[75.7311,30.2751],[75.729,30.2724],[75.7239,30.2742],[75.7207,30.2715],[75.7191,30.2683],[75.7209,30.265],[75.7185,30.2615],[75.712,30.2555],[75.7006,30.2526],[75.7,30.2487],[75.6987,30.2474],[75.6979,30.2419],[75.6922,30.2431],[75.688,30.24],[75.6887,30.2371],[75.6922,30.2312],[75.6909,30.2303],[75.6862,30.2352],[75.6818,30.2382],[75.681,30.24],[75.6753,30.2381],[75.6754,30.2369],[75.6702,30.2363],[75.6625,30.2369],[75.6594,30.2363],[75.6541,30.2377],[75.6508,30.2371],[75.6488,30.2381],[75.6465,30.2345],[75.6424,30.2318],[75.6339,30.2284],[75.6316,30.2288],[75.6227,30.2235],[75.6187,30.2205],[75.6175,30.2176],[75.6132,30.2171],[75.6088,30.2177],[75.5961,30.2219],[75.5923,30.2224],[75.587,30.2261],[75.5834,30.2279],[75.5802,30.2239],[75.5807,30.2221],[75.585,30.2195],[75.5852,30.2159],[75.5805,30.2157],[75.5807,30.2127],[75.5754,30.2086],[75.5709,30.207],[75.5725,30.2053],[75.5668,30.2026],[75.5581,30.2019],[75.5586,30.1983],[75.5573,30.1957],[75.5565,30.1901],[75.5598,30.187],[75.5563,30.1833],[75.559,30.1818],[75.5556,30.1778],[75.5585,30.1772],[75.5627,30.1717],[75.5637,30.1688],[75.5689,30.1631],[75.576,30.156],[75.5744,30.1515],[75.5783,30.149],[75.5771,30.144],[75.5816,30.1439],[75.5869,30.1409],[75.5925,30.1393],[75.595,30.1397],[75.6053,30.1359],[75.6097,30.1385],[75.615,30.1405],[75.6177,30.1407],[75.6254,30.1427]]]},"properties":{"id":"in:subdistrict:271","level":"subdistrict","name":"Sangrur","code":271,"parent":"in:district:43","state":"in:state:3"}},{"type":"Feature","geometry":{"type":"MultiPolygon","coordinates":[[[[76.055,30.1698],[76.0526,30.1692],[76.0486,30.1707],[76.046,30.17],[76.0427,30.1666],[76.0415,30.1595],[76.0395,30.1566],[76.0439,30.1533],[76.0539,30.1559],[76.0552,30.1569],[76.0599,30.1536],[76.0639,30.152],[76.0627,30.1487],[76.0695,30.147],[76.073,30.1498],[76.0732,30.1526],[76.0683,30.1553],[76.0665,30.1587],[76.0635,30.1611],[76.0582,30.1637],[76.055,30.1698]]],[[[75.6328,30.0699],[75.639,30.0666],[75.6404,30.0649],[75.6388,30.0628],[75.6377,30.0525],[75.6358,30.0491],[75.6362,30.0446],[75.6424,30.0414],[75.6422,30.0378],[75.6401,30.0314],[75.6385,30.0289],[75.641,30.027],[75.6416,30.0249],[75.6477,30.0235],[75.6497,30.0239],[75.6525,30.0282],[75.6536,30.0317],[75.658,30.0364],[75.6709,30.0348],[75.6714,30.0383],[75.6742,30.0401],[75.6796,30.0381],[75.6776,30.0353],[75.6738,30.032],[75.6797,30.0267],[75.6877,30.0235],[75.6865,30.0163],[75.69,30.0141],[75.6877,30.0083],[75.6937,30.0054],[75.7025,30.0054],[75.7055,30.0036],[75.7054,29.9977],[75.7045,29.9927],[75.7093,29.9906],[75.7101,29.9942],[75.713,29.9999],[75.7158,30.0038],[75.724,30.0057],[75.7279,29.9981],[75.7418,29.988],[75.7505,29.9814],[75.7542,29.9764],[75.758,29.9758],[75.7678,29.9763],[75.7715,29.9756],[75.7742,29.9781],[75.7742,29.9809],[75.7851,29.9827],[75.7882,29.9886],[75.791,29.9915],[75.791,29.994],[75.7941,29.9996],[75.7989,29.9953],[75.8012,29.995],[75.8027,29.993],[75.8164,29.9891],[75.8221,29.9957],[75.8247,30],[75.8253,30.0053],[75.8271,30.0077],[75.8271,30.0111],[75.8301,30.0116],[75.8366,30.0091],[75.8417,30.0087],[75.845,30.0022],[75.8483,30.0025],[75.8525,30.0061],[75.8587,30.0106],[75.8594,30.0136],[75.8603,30.0231],[75.8645,30.025],[75.8695,30.0295],[75.8724,30.0313],[75.8738,30.035],[75.8777,30.0359],[75.8795,30.0342],[75.8763,30.031],[75.8782,30.0258],[75.884,30.0243],[75.8832,30.0193],[75.8887,30.0163],[75.8939,30.0116],[75.8982,30.0087],[75.9018,30.0042],[75.9004,30.0031],[75.901,29.9998],[75.899,29.9956],[75.8947,29.9903],[75.8966,29.9872],[75.8959,29.9847],[75.8931,29.9816],[75.8982,29.9792],[75.8984,29.9769],[75.9027,29.9711],[75.9057,29.9737],[75.9066,29.9766],[75.9091,29.9801],[75.9182,29.9772],[75.9174,29.9731],[75.9222,29.9711],[75.9257,29.9689],[75.9282,29.9647],[75.9283,29.9601],[75.9263,29.9574],[75.9212,29.9555],[75.9226,29.9535],[75.9279,29.9514],[75.927,29.9488],[75.9289,29.9455],[75.9365,29.9473],[75.9379,29.9464],[75.9426,29.9478],[75.9523,29.9535],[75.9537,29.9535],[75.9627,29.9467],[75.9645,29.9485],[75.9686,29.9456],[75.9706,29.9456],[75.9735,29.9428],[75.9773,29.9413],[75.9801,29.9417],[75.9829,29.9462],[75.9907,29.9524],[75.9948,29.9549],[75.9976,29.9529],[75.9952,29.9504],[75.9959,29.9484],[76.001,29.9451],[76.0035,29.9448],[76.0077,29.9475],[76.0119,29.9493],[76.0148,29.9533],[76.0187,29.955],[76.022,29.958],[76.0258,29.9589],[76.0266,29.9616],[76.0207,29.9662],[76.0272,29.9719],[76.0216,29.9765],[76.0088,29.9813],[76.0068,29.9833],[76.0079,29.9876],[76.0106,29.99],[76.0149,29.9998],[76.0201,30.0037],[76.0253,30.0061],[76.0316,30.0099],[76.0321,30.0117],[76.0269,30.0127],[76.0286,30.0168],[76.0289,30.0203],[76.0339,30.0186],[76.0373,30.0212],[76.042,30.0274],[76.044,30.0318],[76.0383,30.0356],[76.0379,30.0383],[76.0417,30.0417],[76.0395,30.0425],[76.0415,30.0481],[76.0516,30.0498],[76.0436,30.0524],[76.0507,30.0589],[76.0526,30.0614],[76.0516,30.0645],[76.0573,30.0664],[76.0622,30.063],[76.0665,30.0612],[76.0646,30.0565],[76.0663,30.0552],[76.0702,30.0596],[76.0715,30.0596],[76.0804,30.0556],[76.0873,30.0551],[76.0838,30.0614],[76.0811,30.0638],[76.0904,30.0727],[76.0913,30.0752],[76.0891,30.0801],[76.0949,30.0894],[76.0987,30.0926],[76.1008,30.1006],[76.1047,30.1036],[76.1037,30.1074],[76.0982,30.1133],[76.0972,30.1159],[76.0933,30.1163],[76.0799,30.1111],[76.078,30.1118],[76.0778,30.115],[76.0806,30.1155],[76.0836,30.1191],[76.0803,30.1221],[76.0731,30.1222],[76.072,30.1261],[76.0742,30.1291],[76.0742,30.1314],[76.0803,30.1313],[76.079,30.136],[76.0705,30.1404],[76.069,30.1438],[76.0648,30.1434],[76.0623,30.1443],[76.0608,30.1395],[76.0546,30.1334],[76.0515,30.1296],[76.0474,30.1316],[76.0488,30.1353],[76.0393,30.1411],[76.0372,30.1393],[76.0325,30.1422],[76.0238,30.1492],[76.018,30.1531],[76.0137,30.15],[76.0112,30.1466],[76.0115,30.1426],[76.0058,30.1418],[76.0017,30.1403],[75.9976,30.1434],[75.997,30.1482],[75.9857,30.1595],[75.9801,30.1646],[75.9774,30.1616],[75.9738,30.1553],[75.9708,30.1471],[75.9715,30.1452],[75.9678,30.1417],[75.9656,30.1431],[75.9588,30.1426],[75.9527,30.1437],[75.9535,30.1482],[75.9557,30.1528],[75.9543,30.1549],[75.9492,30.1575],[75.9452,30.1612],[75.9445,30.1632],[75.94,30.1668],[75.9414,30.1691],[75.9366,30.1705],[75.9368,30.174],[75.934,30.1805],[75.9355,30.1813],[75.937,30.1875],[75.9349,30.1877],[75.931,30.1858],[75.9291,30.1834],[75.9308,30.1817],[75.9304,30.176],[75.9288,30.1741],[75.9247,30.1739],[75.9201,30.1767],[75.9158,30.1836],[75.9113,30.1811],[75.9102,30.1816],[75.8983,30.1738],[75.8941,30.1742],[75.8907,30.1733],[75.891,30.1711],[75.8863,30.165],[75.8753,30.1617],[75.8744,30.1568],[75.8659,30.157],[75.8585,30.1562],[75.8519,30.1528],[75.8516,30.1494],[75.8457,30.151],[75.8446,30.1563],[75.8407,30.1608],[75.8323,30.1673],[75.8316,30.1715],[75.8285,30.1734],[75.8302,30.1795],[75.8312,30.1862],[75.8287,30.1881],[75.8245,30.1882],[75.8224,30.1872],[75.8202,30.1815],[75.8163,30.1816],[75.8138,30.1759],[75.8082,30.1747],[75.8067,30.1701],[75.8047,30.1689],[75.799,30.1692],[75.7979,30.1724],[75.7947,30.1745],[75.7903,30.1808],[75.7858,30.1801],[75.7836,30.1816],[75.7791,30.1819],[75.7697,30.1867],[75.7625,30.1924],[75.7605,30.192],[75.7545,30.1989],[75.7503,30.1994],[75.7446,30.202],[75.7404,30.1992],[75.7374,30.1985],[75.7349,30.1952],[75.7276,30.1925],[75.734,30.1871],[75.7391,30.1847],[75.7395,30.1766],[75.7357,30.1751],[75.7406,30.1707],[75.7338,30.1655],[75.7315,30.1646],[75.7214,30.1719],[75.7179,30.1727],[75.7128,30.1765],[75.7049,30.1807],[75.7021,30.1781],[75.7057,30.1714],[75.7023,30.1704],[75.6987,30.1676],[75.6932,30.1676],[75.6895,30.1602],[75.6853,30.1588],[75.6845,30.1567],[75.6792,30.1521],[75.6784,30.1486],[75.672,30.1486],[75.6682,30.1498],[75.6646,30.1475],[75.6595,30.1476],[75.657,30.147],[75.6536,30.1405],[75.6496,30.1406],[75.6403,30.1442],[75.6394,30.1455],[75.6333,30.1484],[75.629,30.1471],[75.6254,30.1427],[75.6271,30.1401],[75.6256,30.138],[75.6277,30.1352],[75.6241,30.1336],[75.6258,30.1292],[75.63,30.1272],[75.629,30.1241],[75.6342,30.1205],[75.6333,30.1195],[75.6374,30.1149],[75.6406,30.1157],[75.6472,30.1125],[75.6491,30.1149],[75.6546,30.1151],[75.6546,30.1137],[75.6509,30.1092],[75.647,30.103],[75.6444,30.1031],[75.6401,30.1002],[75.6373,30.0963],[75.6328,30.0919],[75.6245,30.0879],[75.6223,30.0847],[75.6285,30.0796],[75.6369,30.0732],[75.6328,30.0699]]]]},"properties":{"id":"in:subdistrict:272","level":"subdistrict","name":"Sunam","code":272,"parent":"in:district:43","state":"in:state:3"}},{"type":"Feature","geometry":{"type":"Polygon","coordinates":[[[75.4817,30.1796],[75.4818,30.1747],[75.487,30.1747],[75.4873,30.1712],[75.4892,30.1704],[75.4889,30.1654],[75.4911,30.1618],[75.4894,30.1604],[75.4921,30.1579],[75.4914,30.1553],[75.5044,30.1459],[75.5072,30.1434],[75.509,30.1442],[75.5176,30.1434],[75.5229,30.1396],[75.5297,30.1417],[75.5336,30.1465],[75.5382,30.1422],[75.5435,30.1405],[75.5488,30.1376],[75.5517,30.1405],[75.5563,30.1433],[75.5579,30.1465],[75.5644,30.1479],[75.5687,30.1462],[75.5707,30.1443],[75.5737,30.145],[75.5771,30.144],[75.5783,30.149],[75.5744,30.1515],[75.576,30.156],[75.5689,30.1631],[75.5637,30.1688],[75.5627,30.1717],[75.5585,30.1772],[75.5556,30.1778],[75.559,30.1818],[75.5563,30.1833],[75.5598,30.187],[75.5565,30.1901],[75.5573,30.1957],[75.5586,30.1983],[75.5581,30.2019],[75.5668,30.2026],[75.5725,30.2053],[75.5709,30.207],[75.5754,30.2086],[75.5807,30.2127],[75.5805,30.2157],[75.5852,30.2159],[75.585,30.2195],[75.5807,30.2221],[75.5802,30.2239],[75.5834,30.2279],[75.587,30.2261],[75.5923,30.2224],[75.5961,30.2219],[75.6088,30.2177],[75.6132,30.2171],[75.6175,30.2176],[75.6187,30.2205],[75.6227,30.2235],[75.6316,30.2288],[75.6339,30.2284],[75.6424,30.2318],[75.6465,30.2345],[75.6488,30.2381],[75.6508,30.2371],[75.6541,30.2377],[75.6594,30.2363],[75.6625,30.2369],[75.6702,30.2363],[75.6754,30.2369],[75.6753,30.2381],[75.681,30.24],[75.6818,30.2382],[75.6862,30.2352],[75.6909,30.2303],[75.6922,30.2312],[75.6887,30.2371],[75.688,30.24],[75.6922,30.2431],[75.6979,30.2419],[75.6987,30.2474],[75.7,30.2487],[75.7006,30.2526],[75.712,30.2555],[75.7185,30.2615],[75.7209,30.265],[75.7191,30.2683],[75.7207,30.2715],[75.7239,30.2742],[75.729,30.2724],[75.7311,30.2751],[75.7266,30.2786],[75.7228,30.2799],[75.7163,30.2833],[75.7119,30.284],[75.7049,30.283],[75.6891,30.2849],[75.6815,30.2868],[75.6789,30.2867],[75.6701,30.2909],[75.6651,30.2953],[75.6619,30.3024],[75.6554,30.312],[75.6582,30.3165],[75.6535,30.3251],[75.6519,30.3296],[75.65,30.331],[75.6539,30.3356],[75.654,30.3372],[75.6585,30.3375],[75.6614,30.3352],[75.6643,30.3343],[75.6675,30.3347],[75.674,30.3409],[75.6819,30.3457],[75.6805,30.3481],[75.6837,30.3504],[75.6825,30.3532],[75.6801,30.3537],[75.6773,30.356],[75.6774,30.3596],[75.676,30.3639],[75.6777,30.3667],[75.6775,30.3694],[75.6754,30.3723],[75.6776,30.3757],[75.6773,30.3789],[75.6703,30.3832],[75.6663,30.3867],[75.6659,30.3887],[75.6668,30.3941],[75.6645,30.3984],[75.6704,30.4031],[75.6678,30.4077],[75.6647,30.4105],[75.665,30.4119],[75.6693,30.4168],[75.6699,30.4201],[75.667,30.4212],[75.6659,30.4244],[75.6633,30.427],[75.6599,30.4288],[75.6553,30.4284],[75.6524,30.4354],[75.65,30.4356],[75.6497,30.4381],[75.6464,30.4407],[75.6544,30.4483],[75.6583,30.4441],[75.6646,30.4479],[75.6694,30.4529],[75.673,30.4601],[75.673,30.4706],[75.6754,30.4725],[75.6678,30.4741],[75.6648,30.4732],[75.6633,30.477],[75.6591,30.4799],[75.6573,30.4822],[75.6604,30.4912],[75.6588,30.4956],[75.6619,30.4977],[75.6682,30.4978],[75.671,30.499],[75.6756,30.505],[75.6786,30.5068],[75.6803,30.5104],[75.6781,30.5163],[75.677,30.5211],[75.6764,30.5217],[75.6653,30.5245],[75.6641,30.5285],[75.6584,30.5298],[75.6579,30.5324],[75.6535,30.5393],[75.6522,30.543],[75.659,30.5507],[75.6651,30.5522],[75.6657,30.5542],[75.6612,30.5607],[75.659,30.5626],[75.6639,30.5653],[75.6714,30.571],[75.6747,30.5764],[75.677,30.5839],[75.6848,30.5898],[75.677,30.5976],[75.6696,30.5943],[75.6651,30.5938],[75.6587,30.5919],[75.6528,30.591],[75.6425,30.5929],[75.638,30.5943],[75.6315,30.5974],[75.6268,30.6009],[75.6222,30.5989],[75.6093,30.5948],[75.6038,30.5942],[75.595,30.5862],[75.5891,30.5825],[75.5842,30.5742],[75.5798,30.5734],[75.5789,30.5696],[75.5759,30.5697],[75.5659,30.572],[75.5627,30.5736],[75.5603,30.5764],[75.5537,30.5799],[75.5488,30.5803],[75.541,30.5784],[75.5407,30.5762],[75.537,30.5673],[75.5327,30.5676],[75.5289,30.5703],[75.5283,30.5764],[75.5268,30.5792],[75.5288,30.5852],[75.5225,30.5853],[75.5187,30.5872],[75.5166,30.585],[75.5131,30.5841],[75.5099,30.5803],[75.5094,30.5754],[75.5067,30.5724],[75.5049,30.5741],[75.5016,30.5736],[75.4993,30.5745],[75.4875,30.583],[75.4827,30.5851],[75.4786,30.584],[75.4719,30.579],[75.4684,30.5783],[75.4633,30.5797],[75.4617,30.5783],[75.4572,30.5715],[75.4602,30.5696],[75.4634,30.5694],[75.4656,30.5648],[75.4645,30.5585],[75.4702,30.5557],[75.4723,30.5527],[75.4722,30.5489],[75.4732,30.5473],[75.4722,30.5441],[75.4748,30.5415],[75.4758,30.5389],[75.4739,30.5325],[75.4735,30.5293],[75.4679,30.5283],[75.4651,30.5258],[75.4654,30.5231],[75.4698,30.5222],[75.4701,30.5164],[75.4663,30.5132],[75.4656,30.5107],[75.4624,30.5082],[75.461,30.5047],[75.4577,30.5],[75.4577,30.4953],[75.459,30.4939],[75.4656,30.495],[75.4716,30.4931],[75.4737,30.4933],[75.4739,30.4891],[75.4717,30.488],[75.4694,30.4851],[75.4695,30.4829],[75.4722,30.4792],[75.4719,30.4769],[75.4697,30.4748],[75.472,30.4729],[75.4706,30.4697],[75.4714,30.4636],[75.4675,30.4636],[75.4624,30.459],[75.4553,30.4596],[75.4531,30.4586],[75.4509,30.4606],[75.4475,30.4606],[75.4453,30.4618],[75.4408,30.4615],[75.4359,30.4623],[75.4333,30.4636],[75.427,30.4643],[75.4211,30.4586],[75.4158,30.4546],[75.4169,30.4478],[75.4139,30.4478],[75.4163,30.4428],[75.4183,30.443],[75.4256,30.4344],[75.4205,30.4277],[75.4189,30.4201],[75.4204,30.4151],[75.43,30.4114],[75.4345,30.4074],[75.4413,30.4141],[75.445,30.4189],[75.4476,30.4212],[75.4514,30.4207],[75.4532,30.4148],[75.452,30.4143],[75.4535,30.4095],[75.4522,30.4048],[75.4488,30.4027],[75.4522,30.3988],[75.4523,30.3939],[75.4502,30.3925],[75.4527,30.39],[75.4503,30.3856],[75.4439,30.3807],[75.4406,30.3794],[75.4436,30.3772],[75.4435,30.3746],[75.446,30.3743],[75.4464,30.3705],[75.4519,30.3646],[75.4579,30.3623],[75.4591,30.3593],[75.4564,30.3582],[75.4525,30.3535],[75.4504,30.3477],[75.4546,30.3461],[75.4566,30.3417],[75.4575,30.3331],[75.4598,30.3311],[75.4621,30.325],[75.4586,30.3222],[75.4549,30.3202],[75.4557,30.3185],[75.4652,30.3162],[75.4672,30.3138],[75.4715,30.3117],[75.4766,30.3143],[75.4802,30.3129],[75.4837,30.3084],[75.4881,30.3045],[75.4902,30.3045],[75.4942,30.3023],[75.4898,30.2992],[75.4914,30.2971],[75.4918,30.2922],[75.49,30.2882],[75.4875,30.2861],[75.487,30.2795],[75.4905,30.2784],[75.4929,30.2829],[75.5004,30.2823],[75.499,30.2764],[75.4968,30.2741],[75.4939,30.2669],[75.5018,30.2609],[75.5078,30.259],[75.5096,30.2573],[75.5063,30.2499],[75.5032,30.2488],[75.501,30.2444],[75.4981,30.2424],[75.495,30.2425],[75.4932,30.2404],[75.4912,30.2357],[75.492,30.2344],[75.4905,30.2308],[75.487,30.23],[75.4893,30.2262],[75.4849,30.2205],[75.4842,30.2132],[75.4868,30.2111],[75.4857,30.2094],[75.4886,30.2036],[75.4869,30.2019],[75.4904,30.2004],[75.4931,30.1978],[75.4923,30.1894],[75.4896,30.1853],[75.4918,30.1829],[75.4905,30.1803],[75.4871,30.1792],[75.4851,30.1838],[75.4817,30.1796]]]},"properties":{"id":"in:subdistrict:275","level":"subdistrict","name":"Barnala","code":275,"parent":"in:district:605","state":"in:state:3"}},{"type":"Feature","geometry":{"type":"Polygon","coordinates":[[[76.0865,30.5376],[76.0758,30.5465],[76.0794,30.5492],[76.0815,30.5544],[76.0814,30.5578],[76.0845,30.5619],[76.0826,30.5646],[76.0786,30.5657],[76.074,30.5633],[76.0697,30.5643],[76.0654,30.5689],[76.0666,30.5747],[76.0693,30.5769],[76.0691,30.5805],[76.0654,30.5831],[76.0582,30.5785],[76.054,30.5809],[76.0536,30.5832],[76.0484,30.5844],[76.0433,30.5875],[76.0354,30.5889],[76.0322,30.6008],[76.0341,30.6032],[76.0326,30.6093],[76.0296,30.6105],[76.0295,30.6139],[76.0279,30.6153],[76.0218,30.6148],[76.0101,30.6157],[76.0045,30.6065],[76.0005,30.6033],[75.9921,30.6008],[75.9869,30.5983],[75.9828,30.5986],[75.9791,30.5954],[75.9719,30.5925],[75.9625,30.5911],[75.961,30.5904],[75.9562,30.5824],[75.9554,30.5778],[75.9531,30.5745],[75.9483,30.5722],[75.9477,30.5704],[75.9354,30.5682],[75.9299,30.5745],[75.9254,30.5779],[75.9269,30.5835],[75.9243,30.5887],[75.9209,30.5919],[75.9293,30.5972],[75.923,30.6067],[75.9235,30.6087],[75.9197,30.6098],[75.9174,30.6086],[75.9148,30.611],[75.9113,30.6102],[75.9082,30.6114],[75.9032,30.6062],[75.9028,30.6037],[75.8948,30.6057],[75.8912,30.606],[75.8868,30.6086],[75.887,30.6136],[75.8882,30.6204],[75.8742,30.6271],[75.8724,30.6289],[75.8724,30.6391],[75.8801,30.6406],[75.8866,30.6452],[75.8885,30.6448],[75.8981,30.6475],[75.8978,30.6505],[75.895,30.6549],[75.8951,30.6599],[75.8882,30.6634],[75.885,30.6628],[75.8815,30.6666],[75.8809,30.6756],[75.8771,30.6767],[75.8668,30.6782],[75.8633,30.6757],[75.8593,30.6705],[75.8539,30.6694],[75.8508,30.6714],[75.8443,30.6781],[75.8438,30.6804],[75.8379,30.6799],[75.8338,30.6923],[75.8278,30.6906],[75.8218,30.6907],[75.8162,30.6869],[75.8213,30.6808],[75.8223,30.678],[75.8166,30.6738],[75.8179,30.6681],[75.8152,30.6641],[75.8114,30.6654],[75.8079,30.664],[75.8042,30.6644],[75.7882,30.6589],[75.7858,30.6568],[75.7819,30.6589],[75.7813,30.666],[75.782,30.6704],[75.7782,30.6723],[75.7717,30.6733],[75.7653,30.671],[75.7632,30.6652],[75.7632,30.6607],[75.7652,30.658],[75.7729,30.6596],[75.7733,30.6529],[75.7743,30.6491],[75.7806,30.6412],[75.786,30.6374],[75.7966,30.6323],[75.7973,30.6299],[75.789,30.6235],[75.7824,30.6244],[75.7803,30.6282],[75.77,30.6317],[75.7643,30.6358],[75.7612,30.6374],[75.7572,30.6353],[75.7545,30.6326],[75.7481,30.6318],[75.7383,30.6317],[75.7376,30.6286],[75.7335,30.6202],[75.7277,30.6179],[75.7281,30.6166],[75.7206,30.6117],[75.7161,30.6112],[75.709,30.6077],[75.7049,30.6039],[75.7031,30.6032],[75.6973,30.6058],[75.6937,30.6051],[75.6856,30.6066],[75.6829,30.6061],[75.6795,30.6025],[75.677,30.5976],[75.6848,30.5898],[75.677,30.5839],[75.6747,30.5764],[75.6714,30.571],[75.6639,30.5653],[75.659,30.5626],[75.6612,30.5607],[75.6657,30.5542],[75.6651,30.5522],[75.659,30.5507],[75.6522,30.543],[75.6535,30.5393],[75.6579,30.5324],[75.6584,30.5298],[75.6641,30.5285],[75.6653,30.5245],[75.6764,30.5217],[75.677,30.5211],[75.6824,30.5221],[75.683,30.5249],[75.6862,30.5275],[75.6856,30.5288],[75.6894,30.533],[75.6901,30.5356],[75.6941,30.5371],[75.6983,30.5371],[75.7016,30.5393],[75.7014,30.5411],[75.7098,30.5452],[75.7136,30.5407],[75.7166,30.5403],[75.721,30.5417],[75.7257,30.5395],[75.7319,30.535],[75.7312,30.5322],[75.7289,30.5298],[75.7298,30.5283],[75.7268,30.5235],[75.7276,30.5174],[75.7295,30.5141],[75.7361,30.5128],[75.7421,30.5163],[75.7449,30.5125],[75.7484,30.5134],[75.7535,30.5119],[75.7579,30.5137],[75.7607,30.5118],[75.7659,30.5108],[75.7679,30.5092],[75.7717,30.5083],[75.7771,30.5032],[75.78,30.5038],[75.7823,30.4999],[75.791,30.499],[75.7961,30.4951],[75.8003,30.4944],[75.8027,30.4916],[75.8046,30.487],[75.7991,30.4844],[75.8026,30.4722],[75.8021,30.4661],[75.8008,30.4635],[75.8036,30.4614],[75.8029,30.4591],[75.8062,30.4554],[75.8041,30.4512],[75.8042,30.4463],[75.8051,30.4432],[75.8072,30.4419],[75.8111,30.4357],[75.8119,30.4373],[75.8188,30.4322],[75.8279,30.4335],[75.8278,30.4354],[75.8307,30.4373],[75.8441,30.4445],[75.8468,30.4472],[75.8497,30.4487],[75.8537,30.4436],[75.8601,30.4392],[75.8716,30.4408],[75.874,30.442],[75.8793,30.451],[75.8821,30.4544],[75.8819,30.4558],[75.8855,30.4573],[75.8885,30.4569],[75.8937,30.4545],[75.8988,30.4541],[75.9013,30.4527],[75.9055,30.4535],[75.9055,30.4579],[75.9132,30.4642],[75.9128,30.4668],[75.9158,30.4726],[75.9206,30.4725],[75.9218,30.4779],[75.9239,30.4814],[75.9268,30.4841],[75.9296,30.4847],[75.9362,30.4781],[75.9432,30.4738],[75.9336,30.4694],[75.9271,30.4675],[75.9205,30.4637],[75.9204,30.4626],[75.927,30.4507],[75.9284,30.446],[75.9358,30.4446],[75.9427,30.448],[75.9499,30.4552],[75.9551,30.4584],[75.9582,30.4567],[75.9654,30.4615],[75.9707,30.4572],[75.97,30.4556],[75.9742,30.4502],[75.9771,30.4503],[75.9793,30.4484],[75.9827,30.4473],[75.9897,30.4397],[75.992,30.4355],[75.9948,30.4339],[76.001,30.4319],[76.0049,30.432],[76.0018,30.4278],[76.0016,30.4243],[75.9949,30.4199],[75.9919,30.4163],[75.9883,30.4144],[75.9896,30.4077],[75.9923,30.4018],[75.9956,30.3989],[75.9905,30.3953],[75.9924,30.3936],[75.9913,30.3918],[76,30.386],[76.0034,30.3815],[76.0107,30.3804],[76.0141,30.3818],[76.0225,30.3785],[76.0242,30.3789],[76.0249,30.3885],[76.0234,30.3904],[76.0301,30.3951],[76.036,30.4021],[76.0316,30.4088],[76.0339,30.4111],[76.0417,30.4152],[76.0451,30.4161],[76.0466,30.4206],[76.0528,30.4272],[76.0514,30.4329],[76.0495,30.4356],[76.0569,30.4396],[76.0603,30.4429],[76.0654,30.4466],[76.0661,30.4488],[76.0712,30.4531],[76.0744,30.4491],[76.0791,30.4513],[76.0831,30.4555],[76.0879,30.458],[76.0802,30.4621],[76.0802,30.4677],[76.0791,30.4694],[76.0806,30.4726],[76.0769,30.4754],[76.0736,30.4762],[76.0676,30.4791],[76.0642,30.483],[76.0634,30.4887],[76.066,30.4945],[76.0696,30.4979],[76.0773,30.4999],[76.081,30.5021],[76.0788,30.5074],[76.0812,30.5135],[76.0835,30.5147],[76.0808,30.5203],[76.0852,30.5283],[76.0879,30.5309],[76.089,30.534],[76.0865,30.5376]]]},"properties":{"id":"in:subdistrict:269","level":"subdistrict","name":"Malerkotla","code":269,"parent":"in:district:737","state":"in:state:3"}},{"type":"Feature","geometry":{"type":"Polygon","coordinates":[[[75.8668,30.6782],[75.8597,30.6872],[75.8637,30.6915],[75.8711,30.6915],[75.8819,30.694],[75.8882,30.6944],[75.8945,30.6941],[75.8951,30.6984],[75.9033,30.7062],[75.9147,30.7078],[75.9178,30.7092],[75.9166,30.7113],[75.9168,30.7147],[75.9227,30.7144],[75.9232,30.7179],[75.9278,30.7185],[75.9325,30.7208],[75.9272,30.7289],[75.9256,30.7321],[75.9223,30.7353],[75.924,30.738],[75.9207,30.7441],[75.9209,30.7451],[75.9258,30.7487],[75.9215,30.7495],[75.9242,30.7528],[75.9255,30.758],[75.9243,30.7585],[75.9282,30.7675],[75.9357,30.7683],[75.946,30.7821],[75.9404,30.7864],[75.9483,30.7863],[75.9517,30.7915],[75.9488,30.7939],[75.944,30.8002],[75.9495,30.8044],[75.9528,30.8081],[75.9565,30.8061],[75.9646,30.8065],[75.9766,30.8085],[75.9804,30.8001],[75.9863,30.7982],[75.9867,30.8006],[75.9897,30.8034],[75.9925,30.8047],[75.9943,30.8073],[75.998,30.8095],[75.9989,30.8146],[76.0058,30.8186],[76.0133,30.8197],[76.0188,30.8211],[76.0242,30.8275],[76.0252,30.8313],[76.0277,30.8349],[76.0339,30.8397],[76.0374,30.8444],[76.0445,30.8475],[76.0483,30.8507],[76.0539,30.8509],[76.0532,30.8463],[76.0535,30.8425],[76.0574,30.8404],[76.0625,30.8386],[76.0704,30.8399],[76.0724,30.8347],[76.075,30.8306],[76.0755,30.8278],[76.078,30.8235],[76.077,30.8182],[76.0811,30.8162],[76.0907,30.8167],[76.0888,30.8253],[76.0862,30.8299],[76.0854,30.837],[76.0879,30.8411],[76.0895,30.8494],[76.0907,30.8521],[76.1017,30.8539],[76.1012,30.8595],[76.1031,30.8651],[76.1053,30.8678],[76.1048,30.8711],[76.1073,30.8719],[76.1068,30.8753],[76.1111,30.8754],[76.1149,30.8787],[76.1133,30.8802],[76.1148,30.884],[76.1183,30.89],[76.1241,30.8889],[76.1315,30.8891],[76.1315,30.895],[76.135,30.8958],[76.1389,30.9095],[76.1415,30.9128],[76.1479,30.9254],[76.1537,30.9317],[76.1452,30.9333],[76.1424,30.9344],[76.1378,30.938],[76.1296,30.9396],[76.1314,30.9426],[76.1307,30.9448],[76.1267,30.948],[76.1284,30.9522],[76.1281,30.9575],[76.1319,30.9612],[76.1365,30.9635],[76.1457,30.964],[76.1518,30.9676],[76.1445,30.9808],[76.1431,30.9858],[76.1396,30.9923],[76.1362,30.9975],[76.1229,30.9969],[76.1225,30.993],[76.1154,30.9934],[76.1042,30.9962],[76.1012,30.9975],[76.0882,30.995],[76.0835,30.9972],[76.0777,30.9973],[76.0748,30.998],[76.0707,30.9956],[76.0656,31],[76.054,31],[76.0496,30.9988],[76.0406,30.9976],[76.0268,30.9968],[76.0243,31.0012],[76.0106,31.0034],[76.0043,31.0039],[76.0048,31.0063],[75.9984,31.0072],[75.9911,31.0094],[75.9896,31.0053],[75.9709,31.004],[75.969,31.0129],[75.9696,31.0146],[75.9664,31.0164],[75.9581,31.0181],[75.9526,31.0103],[75.934,31.0093],[75.9334,31.0119],[75.9287,31.0113],[75.9212,31.0116],[75.9159,31.0152],[75.9152,31.0173],[75.9057,31.016],[75.8977,31.0082],[75.8985,31.0048],[75.8955,31.0044],[75.8915,31.0081],[75.8847,31.0079],[75.8807,31.0093],[75.8672,31.0081],[75.8649,31.0042],[75.8564,31.0043],[75.8562,31.0009],[75.8446,31.0001],[75.8445,31.0015],[75.8299,31.0003],[75.8292,30.9988],[75.8232,30.9989],[75.8233,30.9959],[75.825,30.9865],[75.8273,30.9793],[75.8288,30.9779],[75.8308,30.9708],[75.8375,30.9674],[75.8431,30.9686],[75.8449,30.9679],[75.8536,30.9674],[75.857,30.9604],[75.8598,30.9571],[75.8603,30.9549],[75.8572,30.9531],[75.858,30.9498],[75.874,30.9488],[75.876,30.9489],[75.8867,30.9459],[75.9032,30.941],[75.898,30.9333],[75.9006,30.9313],[75.9046,30.9298],[75.9051,30.9322],[75.9094,30.9355],[75.9095,30.9381],[75.9118,30.9388],[75.9204,30.9339],[75.9195,30.9272],[75.9176,30.9252],[75.916,30.9212],[75.9131,30.9204],[75.913,30.9165],[75.9196,30.908],[75.9218,30.908],[75.9255,30.9009],[75.939,30.9001],[75.9387,30.8969],[75.9363,30.8965],[75.9357,30.8936],[75.9579,30.883],[75.9524,30.8748],[75.9496,30.8718],[75.9511,30.8703],[75.946,30.8627],[75.9452,30.8597],[75.9425,30.8574],[75.9559,30.8503],[75.954,30.8482],[75.9486,30.851],[75.9466,30.8488],[75.9423,30.8486],[75.9401,30.846],[75.9277,30.8518],[75.9244,30.8478],[75.9178,30.8464],[75.9213,30.8448],[75.9279,30.8432],[75.9298,30.841],[75.93,30.8385],[75.9377,30.8342],[75.9402,30.8273],[75.9398,30.822],[75.9367,30.8196],[75.9338,30.8197],[75.9317,30.812],[75.9226,30.8123],[75.9207,30.811],[75.9171,30.8066],[75.9177,30.804],[75.9158,30.8007],[75.9132,30.7928],[75.911,30.7886],[75.9077,30.7871],[75.9002,30.7906],[75.8921,30.7935],[75.8876,30.7922],[75.8859,30.8012],[75.8859,30.804],[75.8839,30.813],[75.873,30.815],[75.8737,30.8101],[75.8736,30.8055],[75.8796,30.8008],[75.8828,30.7954],[75.8842,30.7898],[75.8779,30.7866],[75.8745,30.7836],[75.8701,30.7828],[75.865,30.7871],[75.8614,30.7886],[75.8596,30.7905],[75.8522,30.7841],[75.8465,30.7768],[75.8434,30.7788],[75.8379,30.7806],[75.8372,30.783],[75.8382,30.7914],[75.8415,30.796],[75.8382,30.8021],[75.8381,30.8071],[75.8394,30.8094],[75.8339,30.8155],[75.8306,30.8173],[75.8245,30.8113],[75.8158,30.8089],[75.8144,30.8122],[75.8124,30.8121],[75.8139,30.8053],[75.8123,30.8015],[75.8112,30.795],[75.8066,30.7903],[75.8096,30.7877],[75.8132,30.7882],[75.8163,30.7856],[75.8198,30.7777],[75.8162,30.7723],[75.8064,30.7649],[75.8024,30.7638],[75.8026,30.7606],[75.7937,30.7592],[75.7826,30.7568],[75.784,30.7529],[75.7836,30.7484],[75.7848,30.7442],[75.7929,30.7379],[75.7896,30.7359],[75.787,30.7389],[75.7809,30.7423],[75.7781,30.7432],[75.776,30.7419],[75.7658,30.7439],[75.7667,30.7469],[75.7644,30.7509],[75.7696,30.7536],[75.7595,30.7653],[75.7522,30.7578],[75.7477,30.7551],[75.7376,30.756],[75.7326,30.7549],[75.7262,30.7544],[75.7244,30.7515],[75.7247,30.7482],[75.7237,30.7435],[75.7296,30.7443],[75.7341,30.7352],[75.7364,30.7318],[75.7313,30.7262],[75.7348,30.7237],[75.7379,30.7193],[75.738,30.7177],[75.746,30.7143],[75.7514,30.714],[75.7552,30.713],[75.756,30.7079],[75.7579,30.7036],[75.7581,30.7003],[75.7598,30.6953],[75.7541,30.693],[75.75,30.6922],[75.7465,30.69],[75.7373,30.6858],[75.7338,30.6861],[75.7335,30.6823],[75.7357,30.6765],[75.7404,30.6689],[75.7465,30.6684],[75.7472,30.6655],[75.7505,30.6649],[75.7632,30.6652],[75.7653,30.671],[75.7717,30.6733],[75.7782,30.6723],[75.782,30.6704],[75.7813,30.666],[75.7819,30.6589],[75.7858,30.6568],[75.7882,30.6589],[75.8042,30.6644],[75.8079,30.664],[75.8114,30.6654],[75.8152,30.6641],[75.8179,30.6681],[75.8166,30.6738],[75.8223,30.678],[75.8213,30.6808],[75.8162,30.6869],[75.8218,30.6907],[75.8278,30.6906],[75.8338,30.6923],[75.8379,30.6799],[75.8438,30.6804],[75.8443,30.6781],[75.8508,30.6714],[75.8539,30.6694],[75.8593,30.6705],[75.8633,30.6757],[75.8668,30.6782]]]},"properties":{"id":"in:subdistrict:227","level":"subdistrict","name":"Ludhiana (East)","code":227,"parent":"in:district:36","state":"in:state:3"}},{"type":"Feature","geometry":{"type":"Polygon","coordinates":[[[75.8232,30.9989],[75.8179,30.9964],[75.8137,30.9962],[75.7986,30.9942],[75.7926,30.994],[75.7884,30.995],[75.7862,30.9968],[75.7818,30.9978],[75.7787,31.0007],[75.7776,31.0032],[75.7713,31.003],[75.7726,31.0069],[75.7704,31.0094],[75.7624,31.0091],[75.764,31.0131],[75.75,31.0129],[75.7432,31.0122],[75.7396,31.011],[75.7347,31.0106],[75.7352,31.0052],[75.7153,31.0044],[75.7165,31.0004],[75.7042,30.9992],[75.7018,30.9978],[75.7036,30.9956],[75.6992,30.9949],[75.6888,30.9945],[75.6878,30.992],[75.677,30.9914],[75.6738,30.9875],[75.668,30.9849],[75.6513,30.9804],[75.6514,30.9733],[75.6551,30.9706],[75.6557,30.9691],[75.6591,30.9675],[75.6648,30.9677],[75.673,30.9624],[75.6758,30.9615],[75.6789,30.9581],[75.6818,30.9517],[75.6856,30.9481],[75.6883,30.9444],[75.6835,30.9425],[75.6824,30.9381],[75.6787,30.9292],[75.6812,30.9278],[75.6811,30.9256],[75.6781,30.9225],[75.6785,30.92],[75.6751,30.9161],[75.6728,30.9148],[75.6671,30.9148],[75.6615,30.913],[75.6587,30.9105],[75.6569,30.9118],[75.652,30.9121],[75.6521,30.9136],[75.6459,30.9129],[75.644,30.9101],[75.6391,30.9073],[75.6357,30.9045],[75.6379,30.8977],[75.6356,30.8929],[75.6353,30.8876],[75.6327,30.8859],[75.6393,30.8786],[75.6385,30.8663],[75.6377,30.8621],[75.6352,30.8585],[75.6428,30.8536],[75.6458,30.8503],[75.6494,30.8444],[75.6481,30.8377],[75.6567,30.836],[75.6566,30.8314],[75.6478,30.8266],[75.6471,30.8274],[75.6395,30.8228],[75.6369,30.8202],[75.6317,30.8228],[75.6282,30.8212],[75.626,30.8176],[75.6312,30.8158],[75.6316,30.8114],[75.6365,30.8105],[75.6404,30.8061],[75.6458,30.8032],[75.6492,30.8003],[75.6517,30.8001],[75.6578,30.8112],[75.6683,30.8214],[75.6716,30.8184],[75.6733,30.8146],[75.6729,30.8113],[75.6739,30.8053],[75.673,30.7983],[75.6714,30.7909],[75.6733,30.7869],[75.6701,30.7838],[75.6688,30.7797],[75.6648,30.7762],[75.6645,30.7743],[75.6668,30.7684],[75.6664,30.7656],[75.6698,30.7632],[75.6737,30.7631],[75.6782,30.766],[75.6806,30.7665],[75.6905,30.7646],[75.6956,30.7612],[75.6964,30.7592],[75.695,30.7568],[75.688,30.7517],[75.692,30.741],[75.6916,30.7369],[75.6952,30.7384],[75.699,30.7386],[75.7042,30.7369],[75.7099,30.7389],[75.7154,30.7416],[75.7237,30.7435],[75.7247,30.7482],[75.7244,30.7515],[75.7262,30.7544],[75.7326,30.7549],[75.7376,30.756],[75.7477,30.7551],[75.7522,30.7578],[75.7595,30.7653],[75.7696,30.7536],[75.7644,30.7509],[75.7667,30.7469],[75.7658,30.7439],[75.776,30.7419],[75.7781,30.7432],[75.7809,30.7423],[75.787,30.7389],[75.7896,30.7359],[75.7929,30.7379],[75.7848,30.7442],[75.7836,30.7484],[75.784,30.7529],[75.7826,30.7568],[75.7937,30.7592],[75.8026,30.7606],[75.8024,30.7638],[75.8064,30.7649],[75.8162,30.7723],[75.8198,30.7777],[75.8163,30.7856],[75.8132,30.7882],[75.8096,30.7877],[75.8066,30.7903],[75.8112,30.795],[75.8123,30.8015],[75.8139,30.8053],[75.8124,30.8121],[75.8144,30.8122],[75.8158,30.8089],[75.8245,30.8113],[75.8306,30.8173],[75.8339,30.8155],[75.8394,30.8094],[75.8381,30.8071],[75.8382,30.8021],[75.8415,30.796],[75.8382,30.7914],[75.8372,30.783],[75.8379,30.7806],[75.8434,30.7788],[75.8465,30.7768],[75.8522,30.7841],[75.8596,30.7905],[75.8614,30.7886],[75.865,30.7871],[75.8701,30.7828],[75.8745,30.7836],[75.8779,30.7866],[75.8842,30.7898],[75.8828,30.7954],[75.8796,30.8008],[75.8736,30.8055],[75.8737,30.8101],[75.873,30.815],[75.8839,30.813],[75.8859,30.804],[75.8859,30.8012],[75.8876,30.7922],[75.8921,30.7935],[75.9002,30.7906],[75.9077,30.7871],[75.911,30.7886],[75.9132,30.7928],[75.9158,30.8007],[75.9177,30.804],[75.9171,30.8066],[75.9207,30.811],[75.9226,30.8123],[75.9317,30.812],[75.9338,30.8197],[75.9367,30.8196],[75.9398,30.822],[75.9402,30.8273],[75.9377,30.8342],[75.93,30.8385],[75.9298,30.841],[75.9279,30.8432],[75.9213,30.8448],[75.9178,30.8464],[75.9244,30.8478],[75.9277,30.8518],[75.9401,30.846],[75.9423,30.8486],[75.9466,30.8488],[75.9486,30.851],[75.954,30.8482],[75.9559,30.8503],[75.9425,30.8574],[75.9452,30.8597],[75.946,30.8627],[75.9511,30.8703],[75.9496,30.8718],[75.9524,30.8748],[75.9579,30.883],[75.9357,30.8936],[75.9363,30.8965],[75.9387,30.8969],[75.939,30.9001],[75.9255,30.9009],[75.9218,30.908],[75.9196,30.908],[75.913,30.9165],[75.9131,30.9204],[75.916,30.9212],[75.9176,30.9252],[75.9195,30.9272],[75.9204,30.9339],[75.9118,30.9388],[75.9095,30.9381],[75.9094,30.9355],[75.9051,30.9322],[75.9046,30.9298],[75.9006,30.9313],[75.898,30.9333],[75.9032,30.941],[75.8867,30.9459],[75.876,30.9489],[75.874,30.9488],[75.858,30.9498],[75.8572,30.9531],[75.8603,30.9549],[75.8598,30.9571],[75.857,30.9604],[75.8536,30.9674],[75.8449,30.9679],[75.8431,30.9686],[75.8375,30.9674],[75.8308,30.9708],[75.8288,30.9779],[75.8273,30.9793],[75.825,30.9865],[75.8233,30.9959],[75.8232,30.9989]]]},"properties":{"id":"in:subdistrict:228","level":"subdistrict","name":"Ludhiana (West)","code":228,"parent":"in:district:36","state":"in:state:3"}},{"type":"Feature","geometry":{"type":"Polygon","coordinates":[[[75.4875,30.583],[75.4993,30.5745],[75.5016,30.5736],[75.5049,30.5741],[75.5067,30.5724],[75.5094,30.5754],[75.5099,30.5803],[75.5131,30.5841],[75.5166,30.585],[75.5187,30.5872],[75.5225,30.5853],[75.5288,30.5852],[75.5268,30.5792],[75.5283,30.5764],[75.5289,30.5703],[75.5327,30.5676],[75.537,30.5673],[75.5407,30.5762],[75.541,30.5784],[75.5488,30.5803],[75.5537,30.5799],[75.5603,30.5764],[75.5627,30.5736],[75.5659,30.572],[75.5759,30.5697],[75.5789,30.5696],[75.5798,30.5734],[75.5842,30.5742],[75.5891,30.5825],[75.595,30.5862],[75.6038,30.5942],[75.6093,30.5948],[75.6222,30.5989],[75.6268,30.6009],[75.6315,30.5974],[75.638,30.5943],[75.6425,30.5929],[75.6528,30.591],[75.6587,30.5919],[75.6651,30.5938],[75.6696,30.5943],[75.677,30.5976],[75.6795,30.6025],[75.6829,30.6061],[75.6856,30.6066],[75.6937,30.6051],[75.6973,30.6058],[75.7031,30.6032],[75.7049,30.6039],[75.709,30.6077],[75.7161,30.6112],[75.7206,30.6117],[75.7281,30.6166],[75.7277,30.6179],[75.7335,30.6202],[75.7376,30.6286],[75.7383,30.6317],[75.7481,30.6318],[75.7545,30.6326],[75.7572,30.6353],[75.7612,30.6374],[75.7643,30.6358],[75.77,30.6317],[75.7803,30.6282],[75.7824,30.6244],[75.789,30.6235],[75.7973,30.6299],[75.7966,30.6323],[75.786,30.6374],[75.7806,30.6412],[75.7743,30.6491],[75.7733,30.6529],[75.7729,30.6596],[75.7652,30.658],[75.7632,30.6607],[75.7632,30.6652],[75.7505,30.6649],[75.7472,30.6655],[75.7465,30.6684],[75.7404,30.6689],[75.7357,30.6765],[75.7335,30.6823],[75.7338,30.6861],[75.7373,30.6858],[75.7465,30.69],[75.75,30.6922],[75.7541,30.693],[75.7598,30.6953],[75.7581,30.7003],[75.7579,30.7036],[75.756,30.7079],[75.7552,30.713],[75.7514,30.714],[75.746,30.7143],[75.738,30.7177],[75.7379,30.7193],[75.7348,30.7237],[75.7313,30.7262],[75.7364,30.7318],[75.7341,30.7352],[75.7296,30.7443],[75.7237,30.7435],[75.7154,30.7416],[75.7099,30.7389],[75.7042,30.7369],[75.699,30.7386],[75.6952,30.7384],[75.6916,30.7369],[75.692,30.741],[75.688,30.7517],[75.695,30.7568],[75.6964,30.7592],[75.6956,30.7612],[75.6905,30.7646],[75.6806,30.7665],[75.6782,30.766],[75.6737,30.7631],[75.6698,30.7632],[75.6664,30.7656],[75.6668,30.7684],[75.6645,30.7743],[75.6648,30.7762],[75.6688,30.7797],[75.6701,30.7838],[75.6733,30.7869],[75.6714,30.7909],[75.673,30.7983],[75.6739,30.8053],[75.6729,30.8113],[75.6733,30.8146],[75.6716,30.8184],[75.6683,30.8214],[75.6578,30.8112],[75.6517,30.8001],[75.6501,30.7991],[75.6498,30.7898],[75.652,30.7852],[75.6433,30.786],[75.6346,30.7848],[75.6274,30.785],[75.6229,30.7867],[75.6179,30.7858],[75.6167,30.7818],[75.6136,30.7761],[75.6107,30.7776],[75.6089,30.7769],[75.5997,30.7821],[75.5958,30.7837],[75.5917,30.7831],[75.5893,30.7815],[75.586,30.7809],[75.5799,30.7745],[75.584,30.7705],[75.5807,30.769],[75.5786,30.7655],[75.5739,30.7609],[75.5716,30.7513],[75.5668,30.7465],[75.5626,30.741],[75.5626,30.7396],[75.5571,30.7337],[75.5591,30.7312],[75.5579,30.7266],[75.5551,30.7242],[75.5499,30.7216],[75.5503,30.7176],[75.548,30.7009],[75.5455,30.698],[75.5445,30.6945],[75.5371,30.6925],[75.5271,30.6964],[75.5239,30.6957],[75.5237,30.6887],[75.521,30.6857],[75.5195,30.6822],[75.5225,30.6787],[75.5218,30.6749],[75.5153,30.672],[75.5078,30.6705],[75.5022,30.6726],[75.4996,30.6766],[75.4948,30.679],[75.4902,30.6801],[75.4848,30.6785],[75.4814,30.6766],[75.4821,30.6727],[75.4774,30.6684],[75.4708,30.6653],[75.4688,30.6629],[75.4653,30.6622],[75.463,30.6597],[75.459,30.66],[75.4568,30.6575],[75.4524,30.6564],[75.4536,30.654],[75.4566,30.6536],[75.4571,30.6503],[75.4534,30.6507],[75.4517,30.6485],[75.4557,30.6448],[75.4567,30.6398],[75.4584,30.6387],[75.469,30.6378],[75.4694,30.6368],[75.4638,30.6321],[75.4609,30.6285],[75.4612,30.6258],[75.4634,30.6209],[75.4665,30.6167],[75.46,30.6108],[75.4622,30.6097],[75.4643,30.6058],[75.4697,30.605],[75.4766,30.6013],[75.4845,30.6019],[75.4908,30.5983],[75.4967,30.5974],[75.4909,30.5873],[75.4875,30.583]]]},"properties":{"id":"in:subdistrict:229","level":"subdistrict","name":"Raikot","code":229,"parent":"in:district:36","state":"in:state:3"}},{"type":"Feature","geometry":{"type":"Polygon","coordinates":[[[75.3755,30.8585],[75.3753,30.8565],[75.3724,30.8492],[75.3675,30.8418],[75.3674,30.8321],[75.3704,30.8264],[75.375,30.8214],[75.3763,30.8186],[75.381,30.8149],[75.3861,30.8131],[75.3923,30.8119],[75.3961,30.8087],[75.3949,30.8073],[75.3906,30.788],[75.3898,30.7814],[75.3853,30.771],[75.3853,30.7676],[75.3817,30.7599],[75.3805,30.7554],[75.3783,30.7507],[75.3754,30.7492],[75.3758,30.7429],[75.3775,30.7394],[75.373,30.7371],[75.3724,30.7344],[75.3761,30.7303],[75.3757,30.7282],[75.3779,30.7239],[75.3819,30.7244],[75.3851,30.7236],[75.3862,30.7181],[75.3836,30.7125],[75.3782,30.7088],[75.3729,30.7088],[75.3706,30.7109],[75.3685,30.7069],[75.3687,30.7012],[75.3696,30.6994],[75.3684,30.6937],[75.3694,30.6917],[75.3673,30.6876],[75.3678,30.6864],[75.3754,30.6789],[75.3764,30.6788],[75.3784,30.6726],[75.382,30.6691],[75.3811,30.6629],[75.3761,30.6575],[75.3697,30.6487],[75.3735,30.6445],[75.373,30.6417],[75.3787,30.6396],[75.3777,30.637],[75.3764,30.6286],[75.3745,30.6264],[75.3765,30.6238],[75.38,30.6251],[75.3845,30.6251],[75.3879,30.627],[75.3928,30.6249],[75.3961,30.621],[75.4012,30.6187],[75.4025,30.6129],[75.4017,30.6064],[75.3982,30.5955],[75.3974,30.5938],[75.4064,30.5849],[75.4091,30.5839],[75.4145,30.5833],[75.4202,30.585],[75.4249,30.5852],[75.4309,30.5839],[75.4345,30.5928],[75.4369,30.5907],[75.4426,30.5938],[75.4451,30.5918],[75.4487,30.5967],[75.4508,30.5966],[75.454,30.601],[75.4568,30.6005],[75.4609,30.5983],[75.4641,30.5993],[75.4643,30.6058],[75.4622,30.6097],[75.46,30.6108],[75.4665,30.6167],[75.4634,30.6209],[75.4612,30.6258],[75.4609,30.6285],[75.4638,30.6321],[75.4694,30.6368],[75.469,30.6378],[75.4584,30.6387],[75.4567,30.6398],[75.4557,30.6448],[75.4517,30.6485],[75.4534,30.6507],[75.4571,30.6503],[75.4566,30.6536],[75.4536,30.654],[75.4524,30.6564],[75.4568,30.6575],[75.459,30.66],[75.463,30.6597],[75.4653,30.6622],[75.4688,30.6629],[75.4708,30.6653],[75.4774,30.6684],[75.4821,30.6727],[75.4814,30.6766],[75.4848,30.6785],[75.4902,30.6801],[75.4948,30.679],[75.4996,30.6766],[75.5022,30.6726],[75.5078,30.6705],[75.5153,30.672],[75.5218,30.6749],[75.5225,30.6787],[75.5195,30.6822],[75.521,30.6857],[75.5237,30.6887],[75.5239,30.6957],[75.5271,30.6964],[75.5371,30.6925],[75.5445,30.6945],[75.5455,30.698],[75.548,30.7009],[75.5503,30.7176],[75.5499,30.7216],[75.5551,30.7242],[75.5579,30.7266],[75.5591,30.7312],[75.5571,30.7337],[75.5626,30.7396],[75.5626,30.741],[75.5668,30.7465],[75.5716,30.7513],[75.5739,30.7609],[75.5786,30.7655],[75.5807,30.769],[75.584,30.7705],[75.5799,30.7745],[75.586,30.7809],[75.5893,30.7815],[75.5917,30.7831],[75.5958,30.7837],[75.5997,30.7821],[75.6089,30.7769],[75.6107,30.7776],[75.6136,30.7761],[75.6167,30.7818],[75.6179,30.7858],[75.6229,30.7867],[75.6274,30.785],[75.6346,30.7848],[75.6433,30.786],[75.652,30.7852],[75.6498,30.7898],[75.6501,30.7991],[75.6517,30.8001],[75.6492,30.8003],[75.6458,30.8032],[75.6404,30.8061],[75.6365,30.8105],[75.6316,30.8114],[75.6312,30.8158],[75.626,30.8176],[75.6282,30.8212],[75.6317,30.8228],[75.6369,30.8202],[75.6395,30.8228],[75.6471,30.8274],[75.6478,30.8266],[75.6566,30.8314],[75.6567,30.836],[75.6481,30.8377],[75.6494,30.8444],[75.6458,30.8503],[75.6428,30.8536],[75.6352,30.8585],[75.6377,30.8621],[75.6385,30.8663],[75.6393,30.8786],[75.6327,30.8859],[75.6353,30.8876],[75.6356,30.8929],[75.6379,30.8977],[75.6357,30.9045],[75.6391,30.9073],[75.644,30.9101],[75.6459,30.9129],[75.6521,30.9136],[75.652,30.9121],[75.6569,30.9118],[75.6587,30.9105],[75.6615,30.913],[75.6671,30.9148],[75.6728,30.9148],[75.6751,30.9161],[75.6785,30.92],[75.6781,30.9225],[75.6811,30.9256],[75.6812,30.9278],[75.6787,30.9292],[75.6824,30.9381],[75.6835,30.9425],[75.6883,30.9444],[75.6856,30.9481],[75.6818,30.9517],[75.6789,30.9581],[75.6758,30.9615],[75.673,30.9624],[75.6648,30.9677],[75.6591,30.9675],[75.6557,30.9691],[75.6551,30.9706],[75.6514,30.9733],[75.6513,30.9804],[75.6418,30.9798],[75.6426,30.9771],[75.6317,30.977],[75.6237,30.9761],[75.6183,30.9762],[75.6101,30.9751],[75.6063,30.9695],[75.5943,30.9686],[75.5934,30.9709],[75.585,30.9702],[75.5757,30.9775],[75.5619,30.977],[75.543,30.9759],[75.5431,30.9682],[75.5373,30.9676],[75.5333,30.9712],[75.5287,30.9731],[75.5192,30.9757],[75.5147,30.9762],[75.5081,30.9755],[75.5062,30.9731],[75.501,30.9724],[75.499,30.97],[75.4928,30.9702],[75.4883,30.9727],[75.4822,30.9698],[75.4797,30.9741],[75.4762,30.978],[75.4764,30.9801],[75.4741,30.982],[75.4711,30.9807],[75.4691,30.978],[75.4593,30.9772],[75.4591,30.981],[75.4568,30.9833],[75.4485,30.9841],[75.4457,30.9821],[75.4412,30.9836],[75.4362,30.9814],[75.428,30.9829],[75.4204,30.987],[75.4171,30.9868],[75.4129,30.9843],[75.4089,30.98],[75.4049,30.982],[75.4048,30.9858],[75.4037,30.9901],[75.4017,30.9942],[75.3991,30.9964],[75.3946,30.9961],[75.3895,30.9937],[75.3837,30.9898],[75.3755,30.9949],[75.3748,30.9985],[75.3716,30.9982],[75.3674,30.9913],[75.3568,30.9938],[75.3575,30.9876],[75.3562,30.9844],[75.3631,30.9784],[75.3675,30.9711],[75.3627,30.9639],[75.3612,30.959],[75.3642,30.9574],[75.3663,30.9484],[75.3663,30.9404],[75.3723,30.9413],[75.3716,30.9343],[75.3696,30.9297],[75.3737,30.9288],[75.3753,30.9317],[75.3825,30.9297],[75.3807,30.9198],[75.3781,30.9124],[75.3933,30.9097],[75.3941,30.9042],[75.3962,30.9014],[75.4047,30.8959],[75.4063,30.8912],[75.3996,30.8845],[75.3985,30.8818],[75.3992,30.873],[75.3954,30.8715],[75.3903,30.8663],[75.3835,30.8612],[75.3755,30.8585]]]},"properties":{"id":"in:subdistrict:230","level":"subdistrict","name":"Jagraon","code":230,"parent":"in:district:36","state":"in:state:3"}},{"type":"Feature","geometry":{"type":"Polygon","coordinates":[[[75.6054,31.2055],[75.61,31.2077],[75.6174,31.2097],[75.6262,31.2086],[75.633,31.2104],[75.6369,31.215],[75.6389,31.2189],[75.6382,31.2206],[75.6429,31.2225],[75.6447,31.2195],[75.6471,31.2198],[75.6501,31.2173],[75.6572,31.2212],[75.665,31.2216],[75.6669,31.2192],[75.671,31.2187],[75.6756,31.217],[75.6791,31.2204],[75.6814,31.2214],[75.686,31.2196],[75.6893,31.2149],[75.6905,31.2114],[75.6935,31.2106],[75.6981,31.2131],[75.7013,31.2129],[75.703,31.2147],[75.708,31.215],[75.7125,31.2205],[75.7116,31.228],[75.7097,31.2302],[75.7093,31.2348],[75.7023,31.2416],[75.6989,31.2462],[75.696,31.2456],[75.6941,31.2436],[75.6911,31.2346],[75.6873,31.2343],[75.6836,31.2304],[75.6773,31.2343],[75.6704,31.2377],[75.6727,31.2423],[75.672,31.2456],[75.6773,31.2441],[75.6773,31.2468],[75.6715,31.2503],[75.6767,31.2509],[75.6827,31.2535],[75.6821,31.2555],[75.679,31.257],[75.6796,31.2598],[75.6818,31.2639],[75.673,31.269],[75.6749,31.2714],[75.6738,31.2773],[75.6738,31.2813],[75.6762,31.2848],[75.6753,31.2866],[75.6789,31.2878],[75.6801,31.291],[75.6928,31.2863],[75.698,31.2834],[75.6995,31.2871],[75.7033,31.285],[75.7039,31.2895],[75.7005,31.2897],[75.6978,31.2939],[75.6966,31.2984],[75.6883,31.3016],[75.6844,31.3056],[75.6834,31.3106],[75.6837,31.3156],[75.6865,31.3183],[75.6897,31.3164],[75.6933,31.3168],[75.7086,31.3164],[75.7193,31.3139],[75.7222,31.3175],[75.7187,31.322],[75.7188,31.3246],[75.7122,31.3295],[75.7127,31.3314],[75.7085,31.3328],[75.7081,31.3386],[75.7037,31.34],[75.7008,31.3422],[75.7067,31.3475],[75.7093,31.3476],[75.7123,31.344],[75.7224,31.3446],[75.7264,31.3419],[75.7282,31.3421],[75.7342,31.3333],[75.737,31.3324],[75.737,31.3223],[75.7395,31.3214],[75.7484,31.3301],[75.7511,31.3309],[75.7554,31.3283],[75.7591,31.3321],[75.7651,31.3363],[75.7649,31.3399],[75.7633,31.3442],[75.7663,31.3482],[75.7642,31.3512],[75.7669,31.3528],[75.7717,31.3532],[75.7843,31.3611],[75.7886,31.3626],[75.7877,31.3687],[75.786,31.3687],[75.7811,31.3822],[75.7861,31.3822],[75.7917,31.3845],[75.7996,31.3869],[75.8036,31.3887],[75.8062,31.3926],[75.8056,31.3989],[75.8205,31.4046],[75.8195,31.4058],[75.8177,31.4128],[75.8162,31.4126],[75.8123,31.4207],[75.8151,31.4222],[75.8166,31.426],[75.8156,31.431],[75.8136,31.4307],[75.8119,31.4341],[75.8095,31.4355],[75.8057,31.4352],[75.8046,31.4373],[75.7995,31.4538],[75.7967,31.4537],[75.7953,31.4502],[75.7898,31.4487],[75.7868,31.4519],[75.7835,31.4575],[75.7876,31.4598],[75.7859,31.4628],[75.7822,31.4623],[75.7786,31.4716],[75.7722,31.4714],[75.7695,31.4722],[75.7645,31.4771],[75.7594,31.4757],[75.756,31.4811],[75.7546,31.48],[75.7545,31.4791],[75.749,31.4752],[75.7431,31.472],[75.7452,31.4665],[75.7484,31.4624],[75.7489,31.46],[75.7436,31.4589],[75.7423,31.4551],[75.7342,31.4534],[75.7311,31.4515],[75.7213,31.4508],[75.7153,31.4494],[75.7062,31.4496],[75.7012,31.4507],[75.7002,31.446],[75.7017,31.4429],[75.6974,31.441],[75.6965,31.4394],[75.6876,31.4373],[75.6862,31.4386],[75.6827,31.4457],[75.687,31.4467],[75.6863,31.4507],[75.6823,31.4531],[75.6813,31.4568],[75.6825,31.4617],[75.6852,31.4664],[75.6827,31.4701],[75.6778,31.4688],[75.6749,31.4697],[75.6694,31.4696],[75.6673,31.4718],[75.6646,31.4703],[75.6611,31.4698],[75.6583,31.4716],[75.6536,31.4708],[75.653,31.4751],[75.6538,31.4794],[75.657,31.4805],[75.6626,31.4807],[75.6627,31.4894],[75.6611,31.4929],[75.6585,31.4926],[75.6585,31.4973],[75.6546,31.4977],[75.6521,31.4944],[75.6519,31.4906],[75.6482,31.4833],[75.6463,31.4832],[75.638,31.4888],[75.6348,31.4869],[75.6317,31.4872],[75.6281,31.4862],[75.6235,31.4835],[75.614,31.4839],[75.6075,31.4836],[75.609,31.4779],[75.6071,31.4763],[75.6132,31.4748],[75.6143,31.4734],[75.615,31.4633],[75.6075,31.4638],[75.6026,31.4661],[75.5991,31.4641],[75.601,31.4575],[75.6007,31.4555],[75.6031,31.4522],[75.5978,31.4476],[75.6025,31.4425],[75.6049,31.4365],[75.6036,31.4341],[75.6041,31.4316],[75.6065,31.4286],[75.6138,31.4278],[75.6169,31.425],[75.6239,31.422],[75.6285,31.4179],[75.6362,31.4142],[75.6366,31.4125],[75.6415,31.4121],[75.6401,31.4072],[75.6437,31.4037],[75.646,31.4038],[75.6551,31.4072],[75.6562,31.4047],[75.6631,31.4045],[75.6646,31.4033],[75.6678,31.3954],[75.6686,31.3913],[75.6729,31.3862],[75.6661,31.3824],[75.6662,31.3707],[75.6574,31.3669],[75.6502,31.3646],[75.6498,31.3677],[75.6404,31.3699],[75.6349,31.3705],[75.6301,31.3773],[75.6332,31.3801],[75.6262,31.3862],[75.6231,31.3833],[75.6188,31.3818],[75.6167,31.3823],[75.6135,31.3794],[75.6095,31.3771],[75.6029,31.371],[75.6042,31.3698],[75.6033,31.3656],[75.605,31.3647],[75.6031,31.36],[75.6009,31.3577],[75.5961,31.362],[75.5911,31.3647],[75.591,31.3668],[75.5865,31.3682],[75.5873,31.3702],[75.5837,31.3711],[75.5796,31.3697],[75.575,31.3694],[75.5743,31.3764],[75.569,31.3757],[75.5694,31.3832],[75.5683,31.3846],[75.5622,31.3839],[75.5592,31.3821],[75.5505,31.3746],[75.5433,31.3819],[75.5391,31.3872],[75.5407,31.3881],[75.5357,31.3941],[75.5337,31.3946],[75.5278,31.4016],[75.5255,31.3997],[75.5257,31.3973],[75.5303,31.3932],[75.5338,31.3866],[75.5358,31.385],[75.5407,31.377],[75.5502,31.363],[75.5485,31.3618],[75.5457,31.3663],[75.538,31.3626],[75.5371,31.3574],[75.5326,31.3536],[75.5267,31.3537],[75.5269,31.347],[75.5204,31.3471],[75.5201,31.3482],[75.5061,31.3486],[75.5058,31.3432],[75.5131,31.3429],[75.5147,31.3415],[75.5126,31.3368],[75.5089,31.3306],[75.5201,31.3303],[75.5204,31.3283],[75.5249,31.3279],[75.5251,31.3293],[75.5309,31.329],[75.5309,31.326],[75.5352,31.3243],[75.5354,31.3205],[75.5287,31.3168],[75.5243,31.3188],[75.5234,31.3166],[75.5208,31.3163],[75.5223,31.3112],[75.524,31.3105],[75.5272,31.3123],[75.5294,31.3085],[75.527,31.3069],[75.5274,31.3039],[75.5304,31.2993],[75.5284,31.2973],[75.5325,31.2961],[75.5342,31.2987],[75.5318,31.3002],[75.5358,31.3036],[75.5372,31.3028],[75.5424,31.3041],[75.5449,31.3021],[75.5464,31.3037],[75.5493,31.3019],[75.5486,31.299],[75.5493,31.2949],[75.5522,31.2932],[75.5504,31.2882],[75.5539,31.2867],[75.5511,31.2827],[75.5513,31.2814],[75.5483,31.278],[75.5515,31.2752],[75.5504,31.2682],[75.5467,31.2577],[75.5543,31.2521],[75.5519,31.2509],[75.5516,31.248],[75.5499,31.2453],[75.55,31.2397],[75.5411,31.2394],[75.5373,31.2401],[75.5329,31.2426],[75.5317,31.2461],[75.5251,31.2483],[75.525,31.2519],[75.5228,31.2525],[75.516,31.2506],[75.5121,31.2502],[75.5131,31.2427],[75.5172,31.2379],[75.521,31.2353],[75.5197,31.2319],[75.5226,31.2249],[75.5242,31.2208],[75.5238,31.2167],[75.5196,31.2075],[75.5194,31.2035],[75.5246,31.2046],[75.5283,31.2025],[75.5314,31.2044],[75.5302,31.2067],[75.5344,31.2086],[75.5346,31.2064],[75.5396,31.2051],[75.5418,31.2081],[75.5425,31.211],[75.546,31.2111],[75.5488,31.2132],[75.5539,31.2102],[75.557,31.2103],[75.5581,31.2147],[75.5577,31.2181],[75.5591,31.221],[75.563,31.2177],[75.5732,31.2179],[75.577,31.2192],[75.5814,31.217],[75.5868,31.2165],[75.5934,31.2184],[75.5966,31.2173],[75.5996,31.2148],[75.602,31.21],[75.6054,31.2055]]]},"properties":{"id":"in:subdistrict:212","level":"subdistrict","name":"Jalandhar - I","code":212,"parent":"in:district:34","state":"in:state:3"}},{"type":"Feature","geometry":{"type":"Polygon","coordinates":[[[75.6935,31.2106],[75.6917,31.2076],[75.6914,31.2046],[75.6868,31.1961],[75.6943,31.1909],[75.6986,31.1885],[75.6952,31.1846],[75.6968,31.1831],[75.6965,31.1797],[75.6989,31.1738],[75.7017,31.172],[75.7048,31.1663],[75.7089,31.1655],[75.7179,31.1649],[75.7209,31.1638],[75.7249,31.1667],[75.7314,31.1659],[75.7354,31.164],[75.7415,31.1633],[75.7436,31.1645],[75.749,31.1626],[75.751,31.1644],[75.7534,31.163],[75.7606,31.1641],[75.7697,31.16],[75.7721,31.1626],[75.7782,31.1659],[75.7769,31.1688],[75.7787,31.1722],[75.7789,31.1778],[75.777,31.1814],[75.7741,31.1841],[75.7758,31.1891],[75.7798,31.1957],[75.7832,31.1962],[75.7882,31.1984],[75.7917,31.1991],[75.788,31.205],[75.7915,31.2068],[75.7966,31.2114],[75.7981,31.2162],[75.8016,31.2156],[75.8099,31.221],[75.8141,31.2211],[75.8211,31.2227],[75.8323,31.228],[75.8403,31.2305],[75.8431,31.2325],[75.8497,31.2342],[75.8539,31.2344],[75.8572,31.2366],[75.8582,31.2423],[75.8574,31.245],[75.8541,31.25],[75.8556,31.2521],[75.8548,31.2574],[75.8471,31.2592],[75.8433,31.2628],[75.8397,31.2726],[75.84,31.2797],[75.8431,31.2824],[75.8507,31.2838],[75.853,31.2826],[75.8547,31.2791],[75.8581,31.2787],[75.8603,31.2761],[75.8631,31.2769],[75.8705,31.2729],[75.8752,31.2628],[75.875,31.2613],[75.8686,31.2572],[75.8725,31.2514],[75.8688,31.2455],[75.8758,31.2441],[75.879,31.2453],[75.8886,31.2504],[75.89,31.2521],[75.8964,31.2548],[75.9013,31.2541],[75.9059,31.2587],[75.9103,31.261],[75.906,31.264],[75.8964,31.2655],[75.8938,31.2707],[75.8924,31.276],[75.8894,31.2759],[75.8873,31.2784],[75.8867,31.2813],[75.8874,31.2845],[75.8833,31.2876],[75.8822,31.2904],[75.8777,31.2903],[75.8774,31.2874],[75.8756,31.2842],[75.8729,31.2849],[75.8653,31.2821],[75.8659,31.2862],[75.8638,31.2905],[75.856,31.2888],[75.8535,31.2925],[75.8529,31.2961],[75.8632,31.3054],[75.8676,31.3123],[75.8664,31.3183],[75.8714,31.3218],[75.871,31.3248],[75.8757,31.3251],[75.8773,31.322],[75.8803,31.3224],[75.8795,31.3258],[75.8804,31.3284],[75.885,31.332],[75.885,31.3341],[75.9047,31.3367],[75.9059,31.345],[75.9013,31.3422],[75.896,31.3408],[75.8911,31.3406],[75.8911,31.3446],[75.8886,31.3459],[75.8827,31.3473],[75.8803,31.3537],[75.8769,31.3548],[75.874,31.3547],[75.8592,31.352],[75.8569,31.3499],[75.855,31.3543],[75.8539,31.3623],[75.8497,31.3728],[75.8432,31.3716],[75.8388,31.3696],[75.8363,31.3728],[75.8297,31.3698],[75.8336,31.3623],[75.8324,31.3606],[75.8239,31.359],[75.8218,31.357],[75.8173,31.3594],[75.8159,31.3618],[75.8123,31.3606],[75.8111,31.3656],[75.8087,31.3704],[75.8045,31.3697],[75.8011,31.3739],[75.7947,31.3718],[75.7945,31.3702],[75.7877,31.3687],[75.7886,31.3626],[75.7843,31.3611],[75.7717,31.3532],[75.7669,31.3528],[75.7642,31.3512],[75.7663,31.3482],[75.7633,31.3442],[75.7649,31.3399],[75.7651,31.3363],[75.7591,31.3321],[75.7554,31.3283],[75.7511,31.3309],[75.7484,31.3301],[75.7395,31.3214],[75.737,31.3223],[75.737,31.3324],[75.7342,31.3333],[75.7282,31.3421],[75.7264,31.3419],[75.7224,31.3446],[75.7123,31.344],[75.7093,31.3476],[75.7067,31.3475],[75.7008,31.3422],[75.7037,31.34],[75.7081,31.3386],[75.7085,31.3328],[75.7127,31.3314],[75.7122,31.3295],[75.7188,31.3246],[75.7187,31.322],[75.7222,31.3175],[75.7193,31.3139],[75.7086,31.3164],[75.6933,31.3168],[75.6897,31.3164],[75.6865,31.3183],[75.6837,31.3156],[75.6834,31.3106],[75.6844,31.3056],[75.6883,31.3016],[75.6966,31.2984],[75.6978,31.2939],[75.7005,31.2897],[75.7039,31.2895],[75.7033,31.285],[75.6995,31.2871],[75.698,31.2834],[75.6928,31.2863],[75.6801,31.291],[75.6789,31.2878],[75.6753,31.2866],[75.6762,31.2848],[75.6738,31.2813],[75.6738,31.2773],[75.6749,31.2714],[75.673,31.269],[75.6818,31.2639],[75.6796,31.2598],[75.679,31.257],[75.6821,31.2555],[75.6827,31.2535],[75.6767,31.2509],[75.6715,31.2503],[75.6773,31.2468],[75.6773,31.2441],[75.672,31.2456],[75.6727,31.2423],[75.6704,31.2377],[75.6773,31.2343],[75.6836,31.2304],[75.6873,31.2343],[75.6911,31.2346],[75.6941,31.2436],[75.696,31.2456],[75.6989,31.2462],[75.7023,31.2416],[75.7093,31.2348],[75.7097,31.2302],[75.7116,31.228],[75.7125,31.2205],[75.708,31.215],[75.703,31.2147],[75.7013,31.2129],[75.6981,31.2131],[75.6935,31.2106]]]},"properties":{"id":"in:subdistrict:208","level":"subdistrict","name":"Phagwara","code":208,"parent":"in:district:35","state":"in:state:3"}},{"type":"Feature","geometry":{"type":"Polygon","coordinates":[[[75.5619,30.977],[75.5757,30.9775],[75.585,30.9702],[75.5934,30.9709],[75.5943,30.9686],[75.6063,30.9695],[75.6101,30.9751],[75.6183,30.9762],[75.6237,30.9761],[75.6317,30.977],[75.6426,30.9771],[75.6418,30.9798],[75.6513,30.9804],[75.668,30.9849],[75.6738,30.9875],[75.677,30.9914],[75.6878,30.992],[75.6888,30.9945],[75.6992,30.9949],[75.7036,30.9956],[75.7018,30.9978],[75.7042,30.9992],[75.7165,31.0004],[75.7153,31.0044],[75.7352,31.0052],[75.7347,31.0106],[75.7396,31.011],[75.7432,31.0122],[75.75,31.0129],[75.764,31.0131],[75.7624,31.0091],[75.7704,31.0094],[75.7726,31.0069],[75.7713,31.003],[75.7776,31.0032],[75.7787,31.0007],[75.7818,30.9978],[75.7862,30.9968],[75.7884,30.995],[75.7926,30.994],[75.7986,30.9942],[75.8137,30.9962],[75.8179,30.9964],[75.8232,30.9989],[75.8292,30.9988],[75.8299,31.0003],[75.8445,31.0015],[75.8446,31.0001],[75.8562,31.0009],[75.8564,31.0043],[75.8649,31.0042],[75.8672,31.0081],[75.8807,31.0093],[75.8847,31.0079],[75.8915,31.0081],[75.8955,31.0044],[75.8985,31.0048],[75.8977,31.0082],[75.9057,31.016],[75.9152,31.0173],[75.9159,31.0152],[75.9212,31.0116],[75.9287,31.0113],[75.9334,31.0119],[75.934,31.0093],[75.9526,31.0103],[75.9581,31.0181],[75.9512,31.0216],[75.9491,31.0262],[75.9494,31.0295],[75.9472,31.0302],[75.9475,31.0386],[75.9427,31.0475],[75.942,31.0533],[75.9428,31.0579],[75.9451,31.0587],[75.9371,31.062],[75.934,31.0624],[75.9306,31.065],[75.93,31.0679],[75.9308,31.0719],[75.9326,31.0747],[75.9306,31.0772],[75.9292,31.0842],[75.9276,31.0889],[75.9267,31.0942],[75.9241,31.0943],[75.9137,31.0983],[75.9132,31.1001],[75.9144,31.1043],[75.9162,31.1066],[75.9157,31.1087],[75.9104,31.1145],[75.9066,31.1214],[75.9033,31.1254],[75.9028,31.1298],[75.9005,31.1366],[75.9015,31.1391],[75.8995,31.1472],[75.8993,31.1531],[75.8981,31.1553],[75.8908,31.1538],[75.8884,31.1481],[75.8857,31.1457],[75.8832,31.15],[75.8842,31.1562],[75.8857,31.1619],[75.8858,31.1661],[75.8803,31.1653],[75.8727,31.1626],[75.8705,31.1663],[75.866,31.1695],[75.8647,31.1719],[75.8617,31.1743],[75.8545,31.1746],[75.8515,31.1829],[75.8431,31.1847],[75.8371,31.1843],[75.8298,31.1845],[75.8212,31.1868],[75.8199,31.1891],[75.8142,31.1881],[75.8119,31.1904],[75.8083,31.191],[75.8069,31.1932],[75.8006,31.1936],[75.7967,31.1955],[75.7882,31.1984],[75.7832,31.1962],[75.7798,31.1957],[75.7758,31.1891],[75.7741,31.1841],[75.777,31.1814],[75.7789,31.1778],[75.7787,31.1722],[75.7769,31.1688],[75.7782,31.1659],[75.7721,31.1626],[75.7697,31.16],[75.7606,31.1641],[75.7534,31.163],[75.751,31.1644],[75.749,31.1626],[75.7436,31.1645],[75.7415,31.1633],[75.7354,31.164],[75.7314,31.1659],[75.7249,31.1667],[75.7209,31.1638],[75.7179,31.1649],[75.7089,31.1655],[75.7048,31.1663],[75.7017,31.172],[75.6989,31.1738],[75.6965,31.1797],[75.6968,31.1831],[75.6952,31.1846],[75.6986,31.1885],[75.6943,31.1909],[75.6868,31.1961],[75.6914,31.2046],[75.6917,31.2076],[75.6935,31.2106],[75.6905,31.2114],[75.6893,31.2149],[75.686,31.2196],[75.6814,31.2214],[75.6791,31.2204],[75.6756,31.217],[75.671,31.2187],[75.6669,31.2192],[75.665,31.2216],[75.6572,31.2212],[75.6501,31.2173],[75.6471,31.2198],[75.6447,31.2195],[75.6429,31.2225],[75.6382,31.2206],[75.6389,31.2189],[75.6369,31.215],[75.633,31.2104],[75.6262,31.2086],[75.6174,31.2097],[75.61,31.2077],[75.6054,31.2055],[75.6002,31.1999],[75.6003,31.1963],[75.6038,31.1941],[75.6125,31.193],[75.6148,31.1748],[75.6127,31.1714],[75.6069,31.1721],[75.5993,31.1651],[75.5978,31.1658],[75.5946,31.1612],[75.5946,31.1536],[75.5899,31.1529],[75.5875,31.1449],[75.5858,31.1439],[75.5777,31.1443],[75.5799,31.1385],[75.578,31.1368],[75.5742,31.1357],[75.5684,31.1314],[75.5656,31.1279],[75.5613,31.1282],[75.5583,31.1307],[75.5554,31.1296],[75.5528,31.1332],[75.5485,31.1297],[75.5491,31.1264],[75.5465,31.1264],[75.5389,31.1211],[75.5367,31.1152],[75.5374,31.1098],[75.5503,31.1058],[75.5487,31.1024],[75.5446,31.1041],[75.5377,31.1035],[75.5376,31.102],[75.5405,31.0968],[75.5245,31.087],[75.5268,31.0784],[75.5259,31.0751],[75.5279,31.071],[75.5257,31.0679],[75.5254,31.0651],[75.5267,31.0617],[75.523,31.058],[75.5264,31.0557],[75.5206,31.0538],[75.5196,31.049],[75.523,31.0464],[75.52,31.0417],[75.5134,31.037],[75.5131,31.0339],[75.5103,31.0318],[75.521,31.029],[75.53,31.0287],[75.5327,31.0267],[75.5335,31.0234],[75.5324,31.0195],[75.5243,31.015],[75.5257,31.0115],[75.5352,31.0118],[75.5401,31.0101],[75.5473,31.0116],[75.5504,31.0096],[75.5546,31.003],[75.5579,31.0011],[75.5636,30.9912],[75.5673,30.9857],[75.5651,30.9813],[75.5619,30.977]]]},"properties":{"id":"in:subdistrict:211","level":"subdistrict","name":"Phillaur","code":211,"parent":"in:district:34","state":"in:state:3"}},{"type":"Feature","geometry":{"type":"Polygon","coordinates":[[[76.1431,30.9858],[76.1514,30.9869],[76.1578,30.9887],[76.1595,30.9868],[76.1688,30.9894],[76.1666,30.9932],[76.176,30.996],[76.1792,30.9923],[76.1829,30.9946],[76.1879,30.996],[76.1861,31.0017],[76.184,31.0052],[76.1975,31.0022],[76.2046,31],[76.2044,31.0033],[76.2134,31.0044],[76.213,31.0068],[76.2102,31.0104],[76.2109,31.0119],[76.2178,31.0124],[76.2199,31.0116],[76.22,31.0083],[76.2248,31.0048],[76.2333,31.0051],[76.2341,31.0059],[76.241,31.0023],[76.2433,31.0033],[76.254,31.0096],[76.2563,31.0103],[76.2564,31.0153],[76.2611,31.0184],[76.2637,31.0224],[76.258,31.0291],[76.2601,31.0325],[76.263,31.035],[76.257,31.042],[76.2488,31.05],[76.2426,31.0587],[76.2413,31.0651],[76.2412,31.069],[76.2452,31.0693],[76.2458,31.0734],[76.2436,31.0736],[76.2434,31.078],[76.2419,31.0779],[76.2417,31.0861],[76.2405,31.0872],[76.2271,31.0865],[76.2233,31.0849],[76.2197,31.0847],[76.2198,31.0903],[76.2311,31.0926],[76.2359,31.0928],[76.2345,31.0948],[76.2276,31.0927],[76.2231,31.0926],[76.2214,31.0984],[76.223,31.0985],[76.2226,31.1074],[76.2213,31.1072],[76.2195,31.1133],[76.2097,31.1128],[76.2095,31.1176],[76.2065,31.1301],[76.1986,31.1289],[76.1913,31.1284],[76.191,31.1311],[76.1936,31.1335],[76.1877,31.1327],[76.1854,31.1343],[76.1803,31.1357],[76.1703,31.1342],[76.1658,31.1396],[76.1611,31.1409],[76.156,31.1408],[76.1551,31.1434],[76.1575,31.1446],[76.1558,31.1526],[76.1443,31.1521],[76.1444,31.1503],[76.1373,31.1468],[76.1355,31.1538],[76.1329,31.1564],[76.1298,31.1693],[76.1223,31.1666],[76.1171,31.1667],[76.1116,31.1709],[76.1065,31.1731],[76.1057,31.1776],[76.102,31.1775],[76.0934,31.187],[76.0945,31.1916],[76.0914,31.1972],[76.0885,31.1974],[76.0853,31.2044],[76.0878,31.2068],[76.0887,31.2145],[76.0875,31.2149],[76.0866,31.2243],[76.0813,31.2255],[76.0777,31.2282],[76.0657,31.2259],[76.0639,31.225],[76.0639,31.2206],[76.0618,31.2188],[76.062,31.2168],[76.0529,31.2166],[76.0495,31.2133],[76.0456,31.2179],[76.0497,31.2229],[76.0547,31.2246],[76.0547,31.2263],[76.046,31.2318],[76.0352,31.2376],[76.0333,31.2382],[76.0276,31.243],[76.0263,31.2498],[76.029,31.2506],[76.0253,31.2591],[76.0221,31.2582],[76.0222,31.2564],[76.0127,31.2499],[76.0074,31.2444],[76.0027,31.2444],[75.9973,31.2513],[75.9934,31.2598],[75.9912,31.261],[75.9866,31.2598],[75.9863,31.2578],[75.9826,31.2573],[75.9705,31.2523],[75.967,31.2576],[75.9651,31.2573],[75.9555,31.2533],[75.9561,31.256],[75.9545,31.2613],[75.9502,31.2652],[75.9476,31.2654],[75.9445,31.2678],[75.9438,31.2698],[75.9398,31.2748],[75.9338,31.2738],[75.9315,31.2719],[75.9306,31.2684],[75.9265,31.2714],[75.9236,31.2752],[75.9157,31.2796],[75.9172,31.2809],[75.9156,31.2845],[75.9115,31.2811],[75.9105,31.2787],[75.9004,31.2802],[75.8948,31.2763],[75.8924,31.276],[75.8938,31.2707],[75.8964,31.2655],[75.906,31.264],[75.9103,31.261],[75.9059,31.2587],[75.9013,31.2541],[75.8964,31.2548],[75.89,31.2521],[75.8886,31.2504],[75.879,31.2453],[75.8758,31.2441],[75.8688,31.2455],[75.8725,31.2514],[75.8686,31.2572],[75.875,31.2613],[75.8752,31.2628],[75.8705,31.2729],[75.8631,31.2769],[75.8603,31.2761],[75.8581,31.2787],[75.8547,31.2791],[75.853,31.2826],[75.8507,31.2838],[75.8431,31.2824],[75.84,31.2797],[75.8397,31.2726],[75.8433,31.2628],[75.8471,31.2592],[75.8548,31.2574],[75.8556,31.2521],[75.8541,31.25],[75.8574,31.245],[75.8582,31.2423],[75.8572,31.2366],[75.8539,31.2344],[75.8497,31.2342],[75.8431,31.2325],[75.8403,31.2305],[75.8323,31.228],[75.8211,31.2227],[75.8141,31.2211],[75.8099,31.221],[75.8016,31.2156],[75.7981,31.2162],[75.7966,31.2114],[75.7915,31.2068],[75.788,31.205],[75.7917,31.1991],[75.7882,31.1984],[75.7967,31.1955],[75.8006,31.1936],[75.8069,31.1932],[75.8083,31.191],[75.8119,31.1904],[75.8142,31.1881],[75.8199,31.1891],[75.8212,31.1868],[75.8298,31.1845],[75.8371,31.1843],[75.8431,31.1847],[75.8515,31.1829],[75.8545,31.1746],[75.8617,31.1743],[75.8647,31.1719],[75.866,31.1695],[75.8705,31.1663],[75.8727,31.1626],[75.8803,31.1653],[75.8858,31.1661],[75.8857,31.1619],[75.8842,31.1562],[75.8832,31.15],[75.8857,31.1457],[75.8884,31.1481],[75.8908,31.1538],[75.8981,31.1553],[75.8993,31.1531],[75.8995,31.1472],[75.9015,31.1391],[75.9005,31.1366],[75.9028,31.1298],[75.9033,31.1254],[75.9066,31.1214],[75.9104,31.1145],[75.9157,31.1087],[75.9162,31.1066],[75.9144,31.1043],[75.9132,31.1001],[75.9137,31.0983],[75.9241,31.0943],[75.9267,31.0942],[75.9276,31.0889],[75.9292,31.0842],[75.9306,31.0772],[75.9326,31.0747],[75.9308,31.0719],[75.93,31.0679],[75.9306,31.065],[75.934,31.0624],[75.9371,31.062],[75.9451,31.0587],[75.9428,31.0579],[75.942,31.0533],[75.9427,31.0475],[75.9475,31.0386],[75.9472,31.0302],[75.9494,31.0295],[75.9491,31.0262],[75.9512,31.0216],[75.9581,31.0181],[75.9664,31.0164],[75.9696,31.0146],[75.969,31.0129],[75.9709,31.004],[75.9896,31.0053],[75.9911,31.0094],[75.9984,31.0072],[76.0048,31.0063],[76.0043,31.0039],[76.0106,31.0034],[76.0243,31.0012],[76.0268,30.9968],[76.0406,30.9976],[76.0496,30.9988],[76.054,31],[76.0656,31],[76.0707,30.9956],[76.0748,30.998],[76.0777,30.9973],[76.0835,30.9972],[76.0882,30.995],[76.1012,30.9975],[76.1042,30.9962],[76.1154,30.9934],[76.1225,30.993],[76.1229,30.9969],[76.1362,30.9975],[76.1396,30.9923],[76.1431,30.9858]]]},"properties":{"id":"in:subdistrict:218","level":"subdistrict","name":"Nawanshahr","code":218,"parent":"in:district:40","state":"in:state:3"}},{"type":"Feature","geometry":{"type":"Polygon","coordinates":[[[75.8924,31.276],[75.8948,31.2763],[75.9004,31.2802],[75.9105,31.2787],[75.9115,31.2811],[75.9156,31.2845],[75.9172,31.2809],[75.9157,31.2796],[75.9236,31.2752],[75.9265,31.2714],[75.9306,31.2684],[75.9315,31.2719],[75.9338,31.2738],[75.9398,31.2748],[75.9438,31.2698],[75.9445,31.2678],[75.9476,31.2654],[75.9502,31.2652],[75.9545,31.2613],[75.9561,31.256],[75.9555,31.2533],[75.9651,31.2573],[75.967,31.2576],[75.9705,31.2523],[75.9826,31.2573],[75.9863,31.2578],[75.9866,31.2598],[75.9912,31.261],[75.9934,31.2598],[75.9973,31.2513],[76.0027,31.2444],[76.0074,31.2444],[76.0127,31.2499],[76.0222,31.2564],[76.0221,31.2582],[76.0253,31.2591],[76.029,31.2506],[76.0263,31.2498],[76.0276,31.243],[76.0333,31.2382],[76.0352,31.2376],[76.046,31.2318],[76.0547,31.2263],[76.0547,31.2246],[76.0497,31.2229],[76.0456,31.2179],[76.0495,31.2133],[76.0529,31.2166],[76.062,31.2168],[76.0618,31.2188],[76.0639,31.2206],[76.0639,31.225],[76.0657,31.2259],[76.0777,31.2282],[76.0813,31.2255],[76.0866,31.2243],[76.0875,31.2149],[76.0887,31.2145],[76.0878,31.2068],[76.0853,31.2044],[76.0885,31.1974],[76.0914,31.1972],[76.0945,31.1916],[76.0934,31.187],[76.102,31.1775],[76.1057,31.1776],[76.1065,31.1731],[76.1116,31.1709],[76.1171,31.1667],[76.1223,31.1666],[76.1298,31.1693],[76.1329,31.1564],[76.1355,31.1538],[76.1373,31.1468],[76.1444,31.1503],[76.1443,31.1521],[76.1558,31.1526],[76.1575,31.1446],[76.1551,31.1434],[76.156,31.1408],[76.1611,31.1409],[76.1658,31.1396],[76.1703,31.1342],[76.1803,31.1357],[76.1854,31.1343],[76.1877,31.1327],[76.1936,31.1335],[76.2097,31.1371],[76.2065,31.1449],[76.207,31.1459],[76.2043,31.1519],[76.2009,31.1561],[76.2076,31.159],[76.2059,31.1631],[76.2056,31.1671],[76.2007,31.1728],[76.1968,31.1762],[76.1958,31.18],[76.1972,31.1819],[76.1951,31.1842],[76.1981,31.1868],[76.2029,31.1893],[76.2089,31.1913],[76.2121,31.1854],[76.2214,31.1879],[76.2242,31.1849],[76.2321,31.1853],[76.2382,31.1868],[76.2385,31.1889],[76.246,31.1964],[76.2449,31.1986],[76.2377,31.2039],[76.2348,31.2008],[76.2265,31.1986],[76.2301,31.2132],[76.2346,31.2171],[76.2372,31.2249],[76.2406,31.2254],[76.2407,31.2342],[76.239,31.2444],[76.2443,31.2451],[76.2512,31.2396],[76.257,31.2365],[76.2772,31.2352],[76.2803,31.232],[76.2814,31.2286],[76.2898,31.2231],[76.2948,31.2204],[76.3129,31.2153],[76.3182,31.2142],[76.3222,31.2176],[76.3243,31.2204],[76.3286,31.2241],[76.3318,31.2287],[76.3348,31.2291],[76.3393,31.2318],[76.3421,31.231],[76.3479,31.2358],[76.3492,31.238],[76.3494,31.2414],[76.3441,31.2431],[76.3402,31.2451],[76.3414,31.2498],[76.3357,31.2534],[76.3331,31.2577],[76.3302,31.2599],[76.33,31.2628],[76.3272,31.2671],[76.324,31.2687],[76.3216,31.268],[76.3109,31.2746],[76.3076,31.2781],[76.3079,31.2813],[76.307,31.2868],[76.3097,31.291],[76.3054,31.2944],[76.2962,31.2908],[76.2943,31.2917],[76.2929,31.2951],[76.2881,31.2953],[76.2866,31.2994],[76.2892,31.3062],[76.2869,31.3073],[76.2829,31.304],[76.2785,31.3028],[76.2763,31.3006],[76.2708,31.3024],[76.2693,31.3119],[76.268,31.3105],[76.2628,31.3098],[76.2567,31.3103],[76.251,31.3077],[76.2391,31.3088],[76.236,31.3068],[76.225,31.304],[76.218,31.3007],[76.214,31.2994],[76.2041,31.3002],[76.191,31.3],[76.1863,31.3021],[76.1843,31.3056],[76.1798,31.3065],[76.1808,31.3104],[76.1804,31.3224],[76.1814,31.3337],[76.1788,31.3405],[76.1761,31.342],[76.1691,31.3426],[76.1619,31.3439],[76.159,31.3437],[76.1569,31.3479],[76.1529,31.3502],[76.1521,31.3527],[76.1494,31.3533],[76.149,31.3574],[76.1469,31.359],[76.1486,31.3609],[76.1473,31.3646],[76.1474,31.3726],[76.1481,31.3769],[76.1473,31.3803],[76.154,31.3829],[76.1601,31.3875],[76.1631,31.3916],[76.1671,31.3949],[76.1698,31.399],[76.1665,31.4058],[76.1685,31.4091],[76.167,31.4123],[76.1626,31.4137],[76.1609,31.4164],[76.1623,31.4199],[76.1621,31.4224],[76.157,31.4288],[76.1567,31.4308],[76.1523,31.4336],[76.1474,31.4335],[76.145,31.4346],[76.145,31.4368],[76.1404,31.4416],[76.1404,31.4448],[76.139,31.4487],[76.1342,31.4508],[76.134,31.457],[76.1355,31.4587],[76.131,31.4635],[76.1297,31.4674],[76.131,31.4703],[76.1287,31.4718],[76.1277,31.4745],[76.1211,31.4779],[76.117,31.483],[76.1193,31.4856],[76.1207,31.4893],[76.1192,31.4926],[76.1207,31.4977],[76.1136,31.4996],[76.1119,31.5018],[76.11,31.5069],[76.1064,31.5101],[76.1027,31.5095],[76.0954,31.504],[76.0946,31.502],[76.0906,31.5014],[76.0857,31.4995],[76.0796,31.4995],[76.0754,31.4975],[76.0718,31.4978],[76.0706,31.4948],[76.0721,31.4911],[76.0701,31.4886],[76.0681,31.4883],[76.0663,31.4856],[76.0606,31.4827],[76.0516,31.4804],[76.0467,31.4803],[76.0406,31.4715],[76.032,31.4657],[76.0326,31.4611],[76.0306,31.4534],[76.0286,31.4506],[76.0285,31.4467],[76.0251,31.4461],[76.0215,31.4427],[76.022,31.4387],[76.0254,31.4325],[76.0182,31.431],[76.0171,31.429],[76.0136,31.4282],[76.011,31.4252],[76.0128,31.42],[76.0173,31.4165],[76.0125,31.4137],[76.0094,31.4137],[76.0087,31.4161],[76.0054,31.4194],[76.0004,31.4196],[75.9962,31.4229],[75.9927,31.4204],[75.9916,31.4113],[75.9928,31.407],[75.9924,31.4018],[75.9875,31.4016],[75.981,31.4108],[75.9785,31.4112],[75.9761,31.4091],[75.9728,31.4088],[75.9711,31.4071],[75.9613,31.4056],[75.9619,31.3959],[75.9585,31.3926],[75.9584,31.3886],[75.9564,31.3876],[75.9513,31.387],[75.9498,31.3832],[75.9449,31.3835],[75.9422,31.3825],[75.9337,31.382],[75.93,31.3792],[75.9287,31.3766],[75.9206,31.3695],[75.916,31.3687],[75.9101,31.369],[75.9063,31.3735],[75.9042,31.3742],[75.8948,31.3744],[75.8947,31.3715],[75.8916,31.3699],[75.89,31.3665],[75.8827,31.3641],[75.8775,31.3638],[75.8769,31.3548],[75.8803,31.3537],[75.8827,31.3473],[75.8886,31.3459],[75.8911,31.3446],[75.8911,31.3406],[75.896,31.3408],[75.9013,31.3422],[75.9059,31.345],[75.9047,31.3367],[75.885,31.3341],[75.885,31.332],[75.8804,31.3284],[75.8795,31.3258],[75.8803,31.3224],[75.8773,31.322],[75.8757,31.3251],[75.871,31.3248],[75.8714,31.3218],[75.8664,31.3183],[75.8676,31.3123],[75.8632,31.3054],[75.8529,31.2961],[75.8535,31.2925],[75.856,31.2888],[75.8638,31.2905],[75.8659,31.2862],[75.8653,31.2821],[75.8729,31.2849],[75.8756,31.2842],[75.8774,31.2874],[75.8777,31.2903],[75.8822,31.2904],[75.8833,31.2876],[75.8874,31.2845],[75.8867,31.2813],[75.8873,31.2784],[75.8894,31.2759],[75.8924,31.276]]]},"properties":{"id":"in:subdistrict:217","level":"subdistrict","name":"Garhshankar","code":217,"parent":"in:district:33","state":"in:state:3"}},{"type":"Feature","geometry":{"type":"Polygon","coordinates":[[[76.3272,31.2671],[76.3305,31.2707],[76.3346,31.2741],[76.3384,31.2757],[76.3425,31.2757],[76.351,31.2733],[76.3573,31.277],[76.3632,31.2744],[76.3656,31.267],[76.3705,31.2614],[76.3668,31.2552],[76.3786,31.2511],[76.3834,31.2455],[76.3912,31.2503],[76.4027,31.2505],[76.4065,31.2475],[76.415,31.2397],[76.4178,31.2384],[76.4231,31.2323],[76.4245,31.2297],[76.435,31.2286],[76.4448,31.2288],[76.4451,31.2297],[76.4393,31.2378],[76.4379,31.2423],[76.4349,31.2469],[76.4266,31.2501],[76.425,31.2535],[76.4205,31.2555],[76.4167,31.2593],[76.4157,31.263],[76.4126,31.2659],[76.4076,31.2731],[76.4195,31.2778],[76.4294,31.2809],[76.4318,31.2852],[76.4357,31.2879],[76.4404,31.2879],[76.4566,31.2948],[76.4633,31.2994],[76.4627,31.3036],[76.4543,31.3123],[76.4493,31.3146],[76.4476,31.3165],[76.4424,31.3183],[76.4375,31.3222],[76.4359,31.3264],[76.4323,31.3266],[76.4299,31.3317],[76.4252,31.3396],[76.4268,31.3449],[76.4241,31.3493],[76.4196,31.3493],[76.417,31.3543],[76.4135,31.3586],[76.4078,31.3674],[76.4076,31.3708],[76.4045,31.3748],[76.4037,31.3783],[76.3999,31.3804],[76.3973,31.385],[76.3927,31.3891],[76.3981,31.3938],[76.4033,31.3924],[76.4033,31.3967],[76.3996,31.3998],[76.3971,31.4079],[76.3951,31.4082],[76.3875,31.4094],[76.3895,31.413],[76.3896,31.4168],[76.3811,31.4283],[76.3787,31.431],[76.3796,31.4333],[76.3769,31.4369],[76.3739,31.4374],[76.3732,31.4333],[76.3713,31.433],[76.3704,31.4301],[76.3724,31.4254],[76.3704,31.4173],[76.3722,31.414],[76.3711,31.4082],[76.3673,31.4044],[76.3632,31.4049],[76.3583,31.4035],[76.3574,31.4019],[76.3523,31.3983],[76.3473,31.3982],[76.3459,31.4031],[76.3421,31.4014],[76.3311,31.4016],[76.3305,31.3873],[76.3317,31.3841],[76.3298,31.379],[76.3416,31.3788],[76.3419,31.3768],[76.3412,31.3652],[76.3429,31.3635],[76.3423,31.355],[76.3462,31.3549],[76.3471,31.349],[76.3528,31.3488],[76.3516,31.3466],[76.3475,31.3467],[76.3469,31.3432],[76.345,31.3431],[76.3439,31.3402],[76.3375,31.3398],[76.3365,31.3419],[76.3369,31.3451],[76.3356,31.3495],[76.3302,31.3481],[76.3315,31.3464],[76.3142,31.3434],[76.3077,31.3424],[76.3135,31.3291],[76.3224,31.3216],[76.3106,31.3192],[76.3096,31.317],[76.3039,31.3136],[76.3002,31.3127],[76.2985,31.3109],[76.2954,31.3111],[76.2897,31.3084],[76.2892,31.3062],[76.2866,31.2994],[76.2881,31.2953],[76.2929,31.2951],[76.2943,31.2917],[76.2962,31.2908],[76.3054,31.2944],[76.3097,31.291],[76.307,31.2868],[76.3079,31.2813],[76.3076,31.2781],[76.3109,31.2746],[76.3216,31.268],[76.324,31.2687],[76.3272,31.2671]]]},"properties":{"id":"in:subdistrict:263","level":"subdistrict","name":"Nangal","code":263,"parent":"in:district:42","state":"in:state:3"}},{"type":"Feature","geometry":{"type":"Polygon","coordinates":[[[76.2563,31.0103],[76.2639,31.003],[76.2641,31.0055],[76.2738,31.0129],[76.2747,31.0154],[76.277,31.015],[76.2805,31.0114],[76.2879,31.0091],[76.2875,31.0067],[76.2894,31.0046],[76.2844,31.003],[76.281,31.004],[76.2762,31.0023],[76.2768,31.0001],[76.2827,31.002],[76.2868,31.0024],[76.2918,30.998],[76.2966,30.9884],[76.3026,30.9886],[76.3056,30.9878],[76.3059,30.9922],[76.313,30.9939],[76.3167,30.9956],[76.3187,30.9945],[76.3263,30.9944],[76.3274,30.9928],[76.3251,30.9792],[76.332,30.9791],[76.345,30.9806],[76.3428,30.9749],[76.3588,30.969],[76.3692,30.9723],[76.3692,30.9747],[76.3813,30.9745],[76.3857,30.9754],[76.4065,30.9758],[76.4068,30.9725],[76.4146,30.9713],[76.4265,30.9724],[76.4384,30.972],[76.4581,30.9733],[76.4575,30.9762],[76.4678,30.9766],[76.4684,30.9756],[76.4739,30.9781],[76.4795,30.9795],[76.4819,30.9776],[76.4865,30.9765],[76.4904,30.9766],[76.4936,30.9754],[76.4942,30.9794],[76.4989,30.98],[76.5097,30.9797],[76.5121,30.9823],[76.5163,30.9897],[76.5187,30.9954],[76.5157,30.9974],[76.5102,30.9992],[76.5089,31.0033],[76.5069,31.0053],[76.5012,31.0046],[76.4976,31.0082],[76.4943,31.0088],[76.4928,31.0104],[76.4865,31.0143],[76.4841,31.0213],[76.4776,31.0229],[76.4765,31.0252],[76.467,31.0316],[76.4649,31.0378],[76.4631,31.0402],[76.4621,31.0446],[76.4597,31.0491],[76.4573,31.0498],[76.4573,31.0542],[76.4559,31.0557],[76.4522,31.0558],[76.4516,31.0592],[76.4488,31.0611],[76.4463,31.0674],[76.4398,31.0738],[76.4374,31.0774],[76.4352,31.0785],[76.4357,31.0832],[76.4327,31.0846],[76.434,31.0878],[76.4317,31.0894],[76.4313,31.0922],[76.4265,31.0946],[76.4273,31.0977],[76.4293,31.0982],[76.4324,31.1058],[76.4321,31.1101],[76.4292,31.1162],[76.4239,31.1171],[76.4209,31.119],[76.421,31.1213],[76.4176,31.1249],[76.4167,31.1272],[76.4136,31.1295],[76.4119,31.1335],[76.4026,31.137],[76.3958,31.1419],[76.3936,31.1466],[76.3883,31.1489],[76.3878,31.1513],[76.3833,31.1536],[76.3824,31.1583],[76.3795,31.1614],[76.3781,31.1643],[76.3784,31.1677],[76.3771,31.1703],[76.3709,31.1773],[76.3701,31.1812],[76.3675,31.1831],[76.3673,31.1858],[76.3657,31.1891],[76.3598,31.1931],[76.3612,31.1957],[76.3562,31.201],[76.355,31.2061],[76.3531,31.2072],[76.3482,31.2076],[76.3405,31.2164],[76.3387,31.2222],[76.3326,31.2253],[76.3286,31.2241],[76.3243,31.2204],[76.3222,31.2176],[76.3182,31.2142],[76.3129,31.2153],[76.2948,31.2204],[76.2898,31.2231],[76.2814,31.2286],[76.2803,31.232],[76.2772,31.2352],[76.257,31.2365],[76.2512,31.2396],[76.2443,31.2451],[76.239,31.2444],[76.2407,31.2342],[76.2406,31.2254],[76.2372,31.2249],[76.2346,31.2171],[76.2301,31.2132],[76.2265,31.1986],[76.2348,31.2008],[76.2377,31.2039],[76.2449,31.1986],[76.246,31.1964],[76.2385,31.1889],[76.2382,31.1868],[76.2321,31.1853],[76.2242,31.1849],[76.2214,31.1879],[76.2121,31.1854],[76.2089,31.1913],[76.2029,31.1893],[76.1981,31.1868],[76.1951,31.1842],[76.1972,31.1819],[76.1958,31.18],[76.1968,31.1762],[76.2007,31.1728],[76.2056,31.1671],[76.2059,31.1631],[76.2076,31.159],[76.2009,31.1561],[76.2043,31.1519],[76.207,31.1459],[76.2065,31.1449],[76.2097,31.1371],[76.1936,31.1335],[76.191,31.1311],[76.1913,31.1284],[76.1986,31.1289],[76.2065,31.1301],[76.2095,31.1176],[76.2097,31.1128],[76.2195,31.1133],[76.2213,31.1072],[76.2226,31.1074],[76.223,31.0985],[76.2214,31.0984],[76.2231,31.0926],[76.2276,31.0927],[76.2345,31.0948],[76.2359,31.0928],[76.2311,31.0926],[76.2198,31.0903],[76.2197,31.0847],[76.2233,31.0849],[76.2271,31.0865],[76.2405,31.0872],[76.2417,31.0861],[76.2419,31.0779],[76.2434,31.078],[76.2436,31.0736],[76.2458,31.0734],[76.2452,31.0693],[76.2412,31.069],[76.2413,31.0651],[76.2426,31.0587],[76.2488,31.05],[76.257,31.042],[76.263,31.035],[76.2601,31.0325],[76.258,31.0291],[76.2637,31.0224],[76.2611,31.0184],[76.2564,31.0153],[76.2563,31.0103]]]},"properties":{"id":"in:subdistrict:219","level":"subdistrict","name":"Balachaur","code":219,"parent":"in:district:40","state":"in:state:3"}},{"type":"Feature","geometry":{"type":"Polygon","coordinates":[[[76.4442,30.7595],[76.4447,30.7609],[76.4439,30.7752],[76.4442,30.7836],[76.4416,30.7834],[76.4414,30.793],[76.4431,30.7954],[76.4422,30.7979],[76.4344,30.7995],[76.4336,30.8082],[76.4353,30.8093],[76.4348,30.812],[76.4319,30.8122],[76.4326,30.8192],[76.4301,30.8197],[76.4253,30.8227],[76.4226,30.8208],[76.4171,30.8195],[76.4085,30.8196],[76.4035,30.8274],[76.4025,30.8306],[76.4057,30.8357],[76.4108,30.8413],[76.4069,30.847],[76.3991,30.8463],[76.3944,30.8451],[76.3892,30.8468],[76.3849,30.849],[76.3799,30.8531],[76.3803,30.8603],[76.3724,30.8636],[76.3679,30.868],[76.368,30.8722],[76.3588,30.8693],[76.3574,30.8661],[76.3513,30.8662],[76.3486,30.8655],[76.3486,30.8738],[76.3435,30.8737],[76.3375,30.875],[76.3374,30.8727],[76.3339,30.8711],[76.3297,30.8739],[76.3279,30.8788],[76.3195,30.8771],[76.3166,30.8755],[76.3091,30.8732],[76.3037,30.8726],[76.2983,30.8699],[76.2977,30.8669],[76.2998,30.8622],[76.3024,30.8592],[76.3053,30.852],[76.3104,30.8442],[76.3111,30.8423],[76.3009,30.8369],[76.294,30.8359],[76.2902,30.8334],[76.2897,30.8318],[76.2825,30.8311],[76.2813,30.8303],[76.2801,30.8258],[76.2802,30.8202],[76.2865,30.8107],[76.2881,30.8073],[76.2756,30.801],[76.2691,30.7992],[76.2678,30.7967],[76.2692,30.793],[76.2634,30.7895],[76.2619,30.7867],[76.2656,30.7835],[76.2674,30.7803],[76.2724,30.7757],[76.2812,30.7788],[76.2893,30.7821],[76.2947,30.7757],[76.3008,30.767],[76.3049,30.768],[76.3109,30.7562],[76.3014,30.7543],[76.2995,30.7522],[76.2858,30.7463],[76.2809,30.7463],[76.284,30.7379],[76.2757,30.7341],[76.2784,30.7285],[76.2823,30.7248],[76.2868,30.7184],[76.2911,30.7139],[76.2971,30.717],[76.2984,30.7162],[76.3053,30.7184],[76.3089,30.7214],[76.3182,30.7251],[76.3211,30.7195],[76.3266,30.7123],[76.3306,30.7137],[76.3303,30.7174],[76.3339,30.7189],[76.3395,30.7169],[76.3428,30.7148],[76.3563,30.7232],[76.3642,30.7247],[76.3693,30.7234],[76.373,30.7213],[76.3759,30.7211],[76.3773,30.723],[76.3841,30.722],[76.389,30.7222],[76.3895,30.731],[76.3817,30.7327],[76.3814,30.7378],[76.3792,30.7373],[76.3763,30.7396],[76.3814,30.7437],[76.3817,30.7457],[76.3875,30.746],[76.3892,30.7492],[76.3897,30.7546],[76.4022,30.7562],[76.4089,30.758],[76.4117,30.7567],[76.4189,30.7609],[76.4282,30.7573],[76.4352,30.7575],[76.4442,30.7595]]]},"properties":{"id":"in:subdistrict:223","level":"subdistrict","name":"Khamanon","code":223,"parent":"in:district:30","state":"in:state:3"}},{"type":"Feature","geometry":{"type":"Polygon","coordinates":[[[76.2757,30.7341],[76.2737,30.7371],[76.2662,30.74],[76.2639,30.745],[76.2669,30.7484],[76.2612,30.7606],[76.2575,30.7641],[76.2548,30.7679],[76.2522,30.7739],[76.2486,30.779],[76.2487,30.7833],[76.2471,30.7834],[76.2419,30.7803],[76.2412,30.7777],[76.2474,30.7695],[76.2485,30.7649],[76.2475,30.7606],[76.2404,30.7512],[76.2352,30.7501],[76.2342,30.7482],[76.2266,30.7425],[76.2132,30.7394],[76.2069,30.7333],[76.2041,30.7317],[76.2002,30.7313],[76.1968,30.7335],[76.1944,30.7323],[76.1875,30.7317],[76.1823,30.7298],[76.1796,30.7279],[76.1729,30.7323],[76.1687,30.7307],[76.1664,30.7359],[76.1704,30.7377],[76.176,30.7433],[76.1706,30.7522],[76.1674,30.7608],[76.1658,30.7601],[76.1636,30.7567],[76.158,30.7532],[76.1491,30.7537],[76.1456,30.7521],[76.1433,30.7499],[76.1383,30.7467],[76.1311,30.7447],[76.1287,30.7478],[76.1229,30.7521],[76.1223,30.755],[76.1188,30.7616],[76.1149,30.7614],[76.113,30.7631],[76.1086,30.7602],[76.1031,30.7554],[76.098,30.7578],[76.1014,30.7608],[76.1008,30.7623],[76.107,30.7674],[76.103,30.7713],[76.0947,30.7717],[76.09,30.7773],[76.0898,30.7842],[76.088,30.7874],[76.0856,30.7893],[76.0885,30.7923],[76.0999,30.7974],[76.0985,30.8007],[76.1005,30.8048],[76.0881,30.8096],[76.0837,30.8058],[76.0805,30.8078],[76.0728,30.8099],[76.0704,30.8054],[76.0676,30.8037],[76.0622,30.8022],[76.0637,30.7968],[76.0673,30.7926],[76.0731,30.7894],[76.0672,30.7794],[76.0648,30.7714],[76.0718,30.7715],[76.078,30.7695],[76.0774,30.768],[76.0775,30.7589],[76.0784,30.7526],[76.0718,30.7438],[76.0715,30.7412],[76.0829,30.7308],[76.084,30.7323],[76.0876,30.7331],[76.0978,30.737],[76.0998,30.7399],[76.1052,30.7413],[76.1117,30.7371],[76.1003,30.7293],[76.0971,30.7266],[76.0959,30.7231],[76.0964,30.7107],[76.0946,30.7084],[76.1052,30.7062],[76.1045,30.7022],[76.1016,30.6983],[76.1083,30.6964],[76.108,30.6942],[76.1008,30.684],[76.0978,30.6824],[76.0912,30.6734],[76.0854,30.6721],[76.0821,30.6723],[76.0751,30.6712],[76.0757,30.6696],[76.0715,30.6644],[76.0677,30.6561],[76.069,30.6545],[76.0705,30.649],[76.0738,30.6461],[76.0734,30.6414],[76.0689,30.6406],[76.0619,30.6371],[76.0632,30.6317],[76.0747,30.6287],[76.0771,30.6267],[76.0813,30.6284],[76.0886,30.6217],[76.0873,30.618],[76.0886,30.6149],[76.0837,30.6157],[76.0844,30.6119],[76.0866,30.6054],[76.0928,30.612],[76.0975,30.607],[76.0993,30.6082],[76.1023,30.6039],[76.1049,30.6052],[76.1099,30.6007],[76.1132,30.6021],[76.1207,30.6007],[76.1253,30.6028],[76.1195,30.61],[76.117,30.6143],[76.1244,30.6219],[76.1279,30.6228],[76.1252,30.6274],[76.1278,30.6295],[76.145,30.6377],[76.1525,30.6396],[76.1527,30.6422],[76.152,30.6551],[76.1625,30.6587],[76.1687,30.6615],[76.1716,30.6668],[76.1712,30.6755],[76.1737,30.6792],[76.1768,30.6803],[76.1807,30.6794],[76.182,30.6767],[76.1825,30.6715],[76.188,30.6677],[76.1982,30.6751],[76.2056,30.6741],[76.2091,30.6751],[76.2152,30.6782],[76.2181,30.679],[76.2177,30.6836],[76.2241,30.6882],[76.2301,30.69],[76.2313,30.6888],[76.2366,30.689],[76.2373,30.6829],[76.2445,30.679],[76.2492,30.6796],[76.2534,30.6793],[76.2554,30.6808],[76.2617,30.676],[76.264,30.6773],[76.2662,30.6754],[76.2717,30.6785],[76.2751,30.6755],[76.2801,30.6808],[76.2843,30.6814],[76.3033,30.6784],[76.3094,30.6856],[76.3128,30.6876],[76.3198,30.6879],[76.3233,30.6933],[76.3227,30.6974],[76.32,30.7025],[76.316,30.7051],[76.311,30.7041],[76.308,30.7054],[76.3056,30.7051],[76.3012,30.7113],[76.2984,30.7162],[76.2971,30.717],[76.2911,30.7139],[76.2868,30.7184],[76.2823,30.7248],[76.2784,30.7285],[76.2757,30.7341]]]},"properties":{"id":"in:subdistrict:225","level":"subdistrict","name":"Khanna","code":225,"parent":"in:district:36","state":"in:state:3"}},{"type":"Feature","geometry":{"type":"Polygon","coordinates":[[[76.077,30.8182],[76.0746,30.8157],[76.0745,30.8132],[76.0728,30.8099],[76.0805,30.8078],[76.0837,30.8058],[76.0881,30.8096],[76.1005,30.8048],[76.0985,30.8007],[76.0999,30.7974],[76.0885,30.7923],[76.0856,30.7893],[76.088,30.7874],[76.0898,30.7842],[76.09,30.7773],[76.0947,30.7717],[76.103,30.7713],[76.107,30.7674],[76.1008,30.7623],[76.1014,30.7608],[76.098,30.7578],[76.1031,30.7554],[76.1086,30.7602],[76.113,30.7631],[76.1149,30.7614],[76.1188,30.7616],[76.1223,30.755],[76.1229,30.7521],[76.1287,30.7478],[76.1311,30.7447],[76.1383,30.7467],[76.1433,30.7499],[76.1456,30.7521],[76.1491,30.7537],[76.158,30.7532],[76.1636,30.7567],[76.1658,30.7601],[76.1674,30.7608],[76.1706,30.7522],[76.176,30.7433],[76.1704,30.7377],[76.1664,30.7359],[76.1687,30.7307],[76.1729,30.7323],[76.1796,30.7279],[76.1823,30.7298],[76.1875,30.7317],[76.1944,30.7323],[76.1968,30.7335],[76.2002,30.7313],[76.2041,30.7317],[76.2069,30.7333],[76.2132,30.7394],[76.2266,30.7425],[76.2342,30.7482],[76.2352,30.7501],[76.2404,30.7512],[76.2475,30.7606],[76.2485,30.7649],[76.2474,30.7695],[76.2412,30.7777],[76.2419,30.7803],[76.2471,30.7834],[76.2487,30.7833],[76.2486,30.779],[76.2522,30.7739],[76.2548,30.7679],[76.2575,30.7641],[76.2612,30.7606],[76.2669,30.7484],[76.2639,30.745],[76.2662,30.74],[76.2737,30.7371],[76.2757,30.7341],[76.284,30.7379],[76.2809,30.7463],[76.2858,30.7463],[76.2995,30.7522],[76.3014,30.7543],[76.3109,30.7562],[76.3049,30.768],[76.3008,30.767],[76.2947,30.7757],[76.2893,30.7821],[76.2812,30.7788],[76.2724,30.7757],[76.2674,30.7803],[76.2656,30.7835],[76.2619,30.7867],[76.2634,30.7895],[76.2692,30.793],[76.2678,30.7967],[76.2691,30.7992],[76.2756,30.801],[76.2881,30.8073],[76.2865,30.8107],[76.2802,30.8202],[76.2801,30.8258],[76.2813,30.8303],[76.2825,30.8311],[76.2897,30.8318],[76.2902,30.8334],[76.294,30.8359],[76.3009,30.8369],[76.3111,30.8423],[76.3104,30.8442],[76.3053,30.852],[76.3024,30.8592],[76.2998,30.8622],[76.2977,30.8669],[76.2983,30.8699],[76.3037,30.8726],[76.3091,30.8732],[76.3166,30.8755],[76.3195,30.8771],[76.3189,30.88],[76.3187,30.8983],[76.3189,30.9106],[76.3197,30.9143],[76.3151,30.9203],[76.3128,30.9247],[76.3216,30.9273],[76.3237,30.9301],[76.323,30.9349],[76.3204,30.9416],[76.3176,30.9506],[76.3173,30.9565],[76.3161,30.963],[76.3165,30.9657],[76.3162,30.9738],[76.3153,30.9794],[76.3135,30.9834],[76.3137,30.9852],[76.3118,30.9884],[76.3056,30.9878],[76.3026,30.9886],[76.2966,30.9884],[76.2918,30.998],[76.2868,31.0024],[76.2827,31.002],[76.2768,31.0001],[76.2762,31.0023],[76.281,31.004],[76.2844,31.003],[76.2894,31.0046],[76.2875,31.0067],[76.2879,31.0091],[76.2805,31.0114],[76.277,31.015],[76.2747,31.0154],[76.2738,31.0129],[76.2641,31.0055],[76.2639,31.003],[76.2563,31.0103],[76.254,31.0096],[76.2433,31.0033],[76.241,31.0023],[76.2341,31.0059],[76.2333,31.0051],[76.2248,31.0048],[76.22,31.0083],[76.2199,31.0116],[76.2178,31.0124],[76.2109,31.0119],[76.2102,31.0104],[76.213,31.0068],[76.2134,31.0044],[76.2044,31.0033],[76.2046,31],[76.1975,31.0022],[76.184,31.0052],[76.1861,31.0017],[76.1879,30.996],[76.1829,30.9946],[76.1792,30.9923],[76.176,30.996],[76.1666,30.9932],[76.1688,30.9894],[76.1595,30.9868],[76.1578,30.9887],[76.1514,30.9869],[76.1431,30.9858],[76.1445,30.9808],[76.1518,30.9676],[76.1457,30.964],[76.1365,30.9635],[76.1319,30.9612],[76.1281,30.9575],[76.1284,30.9522],[76.1267,30.948],[76.1307,30.9448],[76.1314,30.9426],[76.1296,30.9396],[76.1378,30.938],[76.1424,30.9344],[76.1452,30.9333],[76.1537,30.9317],[76.1479,30.9254],[76.1415,30.9128],[76.1389,30.9095],[76.135,30.8958],[76.1315,30.895],[76.1315,30.8891],[76.1241,30.8889],[76.1183,30.89],[76.1148,30.884],[76.1133,30.8802],[76.1149,30.8787],[76.1111,30.8754],[76.1068,30.8753],[76.1073,30.8719],[76.1048,30.8711],[76.1053,30.8678],[76.1031,30.8651],[76.1012,30.8595],[76.1017,30.8539],[76.0907,30.8521],[76.0895,30.8494],[76.0879,30.8411],[76.0854,30.837],[76.0862,30.8299],[76.0888,30.8253],[76.0907,30.8167],[76.0811,30.8162],[76.077,30.8182]]]},"properties":{"id":"in:subdistrict:224","level":"subdistrict","name":"Samrala","code":224,"parent":"in:district:36","state":"in:state:3"}},{"type":"Feature","geometry":{"type":"Polygon","coordinates":[[[76.0845,30.5619],[76.088,30.567],[76.0905,30.5678],[76.0934,30.5653],[76.0965,30.564],[76.098,30.5604],[76.1042,30.5621],[76.1077,30.5621],[76.1089,30.5649],[76.1076,30.5692],[76.108,30.576],[76.1096,30.5778],[76.1146,30.5798],[76.1115,30.5829],[76.1102,30.5874],[76.1172,30.593],[76.1205,30.5935],[76.1255,30.597],[76.1207,30.6007],[76.1132,30.6021],[76.1099,30.6007],[76.1049,30.6052],[76.1023,30.6039],[76.0993,30.6082],[76.0975,30.607],[76.0928,30.612],[76.0866,30.6054],[76.0844,30.6119],[76.0837,30.6157],[76.0886,30.6149],[76.0873,30.618],[76.0886,30.6217],[76.0813,30.6284],[76.0771,30.6267],[76.0747,30.6287],[76.0632,30.6317],[76.0619,30.6371],[76.0689,30.6406],[76.0734,30.6414],[76.0738,30.6461],[76.0705,30.649],[76.069,30.6545],[76.0677,30.6561],[76.0715,30.6644],[76.0757,30.6696],[76.0751,30.6712],[76.0821,30.6723],[76.0854,30.6721],[76.0912,30.6734],[76.0978,30.6824],[76.1008,30.684],[76.108,30.6942],[76.1083,30.6964],[76.1016,30.6983],[76.1045,30.7022],[76.1052,30.7062],[76.0946,30.7084],[76.0964,30.7107],[76.0959,30.7231],[76.0971,30.7266],[76.1003,30.7293],[76.1117,30.7371],[76.1052,30.7413],[76.0998,30.7399],[76.0978,30.737],[76.0876,30.7331],[76.084,30.7323],[76.0829,30.7308],[76.0715,30.7412],[76.0718,30.7438],[76.0784,30.7526],[76.0775,30.7589],[76.0774,30.768],[76.078,30.7695],[76.0718,30.7715],[76.0648,30.7714],[76.0672,30.7794],[76.0731,30.7894],[76.0673,30.7926],[76.0637,30.7968],[76.0622,30.8022],[76.0676,30.8037],[76.0704,30.8054],[76.0728,30.8099],[76.0745,30.8132],[76.0746,30.8157],[76.077,30.8182],[76.078,30.8235],[76.0755,30.8278],[76.075,30.8306],[76.0724,30.8347],[76.0704,30.8399],[76.0625,30.8386],[76.0574,30.8404],[76.0535,30.8425],[76.0532,30.8463],[76.0539,30.8509],[76.0483,30.8507],[76.0445,30.8475],[76.0374,30.8444],[76.0339,30.8397],[76.0277,30.8349],[76.0252,30.8313],[76.0242,30.8275],[76.0188,30.8211],[76.0133,30.8197],[76.0058,30.8186],[75.9989,30.8146],[75.998,30.8095],[75.9943,30.8073],[75.9925,30.8047],[75.9897,30.8034],[75.9867,30.8006],[75.9863,30.7982],[75.9804,30.8001],[75.9766,30.8085],[75.9646,30.8065],[75.9565,30.8061],[75.9528,30.8081],[75.9495,30.8044],[75.944,30.8002],[75.9488,30.7939],[75.9517,30.7915],[75.9483,30.7863],[75.9404,30.7864],[75.946,30.7821],[75.9357,30.7683],[75.9282,30.7675],[75.9243,30.7585],[75.9255,30.758],[75.9242,30.7528],[75.9215,30.7495],[75.9258,30.7487],[75.9209,30.7451],[75.9207,30.7441],[75.924,30.738],[75.9223,30.7353],[75.9256,30.7321],[75.9272,30.7289],[75.9325,30.7208],[75.9278,30.7185],[75.9232,30.7179],[75.9227,30.7144],[75.9168,30.7147],[75.9166,30.7113],[75.9178,30.7092],[75.9147,30.7078],[75.9033,30.7062],[75.8951,30.6984],[75.8945,30.6941],[75.8882,30.6944],[75.8819,30.694],[75.8711,30.6915],[75.8637,30.6915],[75.8597,30.6872],[75.8668,30.6782],[75.8771,30.6767],[75.8809,30.6756],[75.8815,30.6666],[75.885,30.6628],[75.8882,30.6634],[75.8951,30.6599],[75.895,30.6549],[75.8978,30.6505],[75.8981,30.6475],[75.8885,30.6448],[75.8866,30.6452],[75.8801,30.6406],[75.8724,30.6391],[75.8724,30.6289],[75.8742,30.6271],[75.8882,30.6204],[75.887,30.6136],[75.8868,30.6086],[75.8912,30.606],[75.8948,30.6057],[75.9028,30.6037],[75.9032,30.6062],[75.9082,30.6114],[75.9113,30.6102],[75.9148,30.611],[75.9174,30.6086],[75.9197,30.6098],[75.9235,30.6087],[75.923,30.6067],[75.9293,30.5972],[75.9209,30.5919],[75.9243,30.5887],[75.9269,30.5835],[75.9254,30.5779],[75.9299,30.5745],[75.9354,30.5682],[75.9477,30.5704],[75.9483,30.5722],[75.9531,30.5745],[75.9554,30.5778],[75.9562,30.5824],[75.961,30.5904],[75.9625,30.5911],[75.9719,30.5925],[75.9791,30.5954],[75.9828,30.5986],[75.9869,30.5983],[75.9921,30.6008],[76.0005,30.6033],[76.0045,30.6065],[76.0101,30.6157],[76.0218,30.6148],[76.0279,30.6153],[76.0295,30.6139],[76.0296,30.6105],[76.0326,30.6093],[76.0341,30.6032],[76.0322,30.6008],[76.0354,30.5889],[76.0433,30.5875],[76.0484,30.5844],[76.0536,30.5832],[76.054,30.5809],[76.0582,30.5785],[76.0654,30.5831],[76.0691,30.5805],[76.0693,30.5769],[76.0666,30.5747],[76.0654,30.5689],[76.0697,30.5643],[76.074,30.5633],[76.0786,30.5657],[76.0826,30.5646],[76.0845,30.5619]]]},"properties":{"id":"in:subdistrict:226","level":"subdistrict","name":"Payal","code":226,"parent":"in:district:36","state":"in:state:3"}},{"type":"Feature","geometry":{"type":"MultiPolygon","coordinates":[[[[76.3144,30.5479],[76.3157,30.5527],[76.3139,30.555],[76.3098,30.5571],[76.3033,30.5587],[76.2977,30.5592],[76.2984,30.5631],[76.2981,30.5668],[76.2925,30.5748],[76.2892,30.574],[76.2798,30.5675],[76.2792,30.5644],[76.2773,30.5631],[76.2793,30.556],[76.2779,30.5515],[76.2818,30.5467],[76.2861,30.5467],[76.2879,30.5445],[76.2942,30.5477],[76.3001,30.5455],[76.3089,30.5454],[76.3144,30.5479]]],[[[76.2747,30.5599],[76.2725,30.5618],[76.2718,30.5646],[76.2681,30.5662],[76.2646,30.5703],[76.2656,30.5721],[76.269,30.5732],[76.2685,30.5789],[76.2723,30.5834],[76.2749,30.5827],[76.2778,30.5861],[76.2814,30.5874],[76.2828,30.5852],[76.2886,30.5816],[76.293,30.5825],[76.2953,30.5862],[76.2974,30.595],[76.2942,30.5965],[76.2937,30.5994],[76.2966,30.6058],[76.3001,30.6088],[76.294,30.6151],[76.2933,30.6178],[76.3018,30.6217],[76.3123,30.6292],[76.3168,30.6305],[76.3206,30.6307],[76.327,30.6413],[76.3246,30.647],[76.3335,30.6522],[76.3373,30.6551],[76.3378,30.6574],[76.3332,30.6643],[76.3301,30.666],[76.3334,30.6691],[76.3359,30.6744],[76.3418,30.6769],[76.3458,30.6824],[76.345,30.686],[76.3498,30.6898],[76.3486,30.6941],[76.3514,30.6956],[76.3492,30.7012],[76.3508,30.7028],[76.3475,30.7065],[76.3428,30.7148],[76.3395,30.7169],[76.3339,30.7189],[76.3303,30.7174],[76.3306,30.7137],[76.3266,30.7123],[76.3211,30.7195],[76.3182,30.7251],[76.3089,30.7214],[76.3053,30.7184],[76.2984,30.7162],[76.3012,30.7113],[76.3056,30.7051],[76.308,30.7054],[76.311,30.7041],[76.316,30.7051],[76.32,30.7025],[76.3227,30.6974],[76.3233,30.6933],[76.3198,30.6879],[76.3128,30.6876],[76.3094,30.6856],[76.3033,30.6784],[76.2843,30.6814],[76.2801,30.6808],[76.2751,30.6755],[76.2717,30.6785],[76.2662,30.6754],[76.264,30.6773],[76.2617,30.676],[76.2554,30.6808],[76.2534,30.6793],[76.2492,30.6796],[76.2445,30.679],[76.2373,30.6829],[76.2366,30.689],[76.2313,30.6888],[76.2301,30.69],[76.2241,30.6882],[76.2177,30.6836],[76.2181,30.679],[76.2152,30.6782],[76.2091,30.6751],[76.2056,30.6741],[76.1982,30.6751],[76.188,30.6677],[76.1825,30.6715],[76.182,30.6767],[76.1807,30.6794],[76.1768,30.6803],[76.1737,30.6792],[76.1712,30.6755],[76.1716,30.6668],[76.1687,30.6615],[76.1625,30.6587],[76.152,30.6551],[76.1527,30.6422],[76.1525,30.6396],[76.145,30.6377],[76.1278,30.6295],[76.1252,30.6274],[76.1279,30.6228],[76.1244,30.6219],[76.117,30.6143],[76.1195,30.61],[76.1253,30.6028],[76.1207,30.6007],[76.1255,30.597],[76.1205,30.5935],[76.1172,30.593],[76.1102,30.5874],[76.1115,30.5829],[76.1146,30.5798],[76.1096,30.5778],[76.108,30.576],[76.1076,30.5692],[76.1089,30.5649],[76.1077,30.5621],[76.1042,30.5621],[76.098,30.5604],[76.0965,30.564],[76.0934,30.5653],[76.0905,30.5678],[76.088,30.567],[76.0845,30.5619],[76.0814,30.5578],[76.0815,30.5544],[76.0794,30.5492],[76.0758,30.5465],[76.0865,30.5376],[76.0919,30.5398],[76.0956,30.535],[76.1014,30.532],[76.1083,30.5293],[76.1113,30.5354],[76.1199,30.5454],[76.1236,30.5431],[76.1278,30.5369],[76.1303,30.5323],[76.1315,30.5284],[76.1363,30.5235],[76.1388,30.5255],[76.1456,30.5328],[76.1437,30.5347],[76.1499,30.5407],[76.1555,30.5444],[76.1596,30.5405],[76.1628,30.5383],[76.1657,30.5351],[76.1687,30.5431],[76.1731,30.5471],[76.1809,30.5441],[76.1831,30.5414],[76.1915,30.5498],[76.1982,30.55],[76.2014,30.5512],[76.2121,30.5585],[76.2154,30.5643],[76.2181,30.564],[76.2294,30.5701],[76.2321,30.5675],[76.2353,30.5681],[76.2379,30.5666],[76.2399,30.5568],[76.2364,30.5558],[76.2373,30.5502],[76.2445,30.5497],[76.2471,30.5518],[76.2456,30.5539],[76.2499,30.5595],[76.2562,30.5616],[76.2551,30.5666],[76.2563,30.5672],[76.2622,30.5618],[76.2671,30.5603],[76.2685,30.5589],[76.2731,30.559],[76.2747,30.5599]]]]},"properties":{"id":"in:subdistrict:222","level":"subdistrict","name":"Amloh","code":222,"parent":"in:district:30","state":"in:state:3"}},{"type":"Feature","geometry":{"type":"Polygon","coordinates":[[[76.2779,30.5515],[76.2793,30.556],[76.2773,30.5631],[76.2792,30.5644],[76.2798,30.5675],[76.2892,30.574],[76.2925,30.5748],[76.2981,30.5668],[76.2984,30.5631],[76.2977,30.5592],[76.3033,30.5587],[76.3098,30.5571],[76.3139,30.555],[76.3157,30.5527],[76.3144,30.5479],[76.3282,30.5404],[76.3253,30.5358],[76.3232,30.5287],[76.3265,30.5237],[76.3279,30.5176],[76.3311,30.512],[76.332,30.5052],[76.3329,30.5032],[76.3281,30.4992],[76.3326,30.496],[76.3297,30.4937],[76.3344,30.4952],[76.3361,30.4924],[76.3337,30.488],[76.3348,30.4865],[76.3452,30.4802],[76.3447,30.4752],[76.3521,30.4606],[76.3529,30.4621],[76.3585,30.4634],[76.3623,30.4662],[76.3658,30.4666],[76.3698,30.4689],[76.3731,30.4691],[76.373,30.4729],[76.379,30.4702],[76.3824,30.4717],[76.3845,30.4691],[76.3842,30.4662],[76.3886,30.4609],[76.3938,30.4585],[76.396,30.4561],[76.3971,30.452],[76.4025,30.4514],[76.4074,30.4483],[76.4138,30.4557],[76.4152,30.4602],[76.4176,30.4645],[76.4246,30.4611],[76.4332,30.4554],[76.4423,30.4548],[76.4444,30.4538],[76.4496,30.4489],[76.4532,30.4517],[76.4551,30.4547],[76.4604,30.4597],[76.4694,30.4548],[76.4703,30.4599],[76.4673,30.4627],[76.4649,30.4668],[76.47,30.4726],[76.4732,30.473],[76.4772,30.4692],[76.4874,30.4647],[76.492,30.4657],[76.4957,30.4656],[76.4989,30.4633],[76.5028,30.471],[76.5014,30.473],[76.5025,30.4788],[76.4951,30.4882],[76.498,30.4932],[76.4948,30.496],[76.4911,30.5011],[76.4949,30.5066],[76.4966,30.5078],[76.4925,30.513],[76.491,30.5191],[76.4989,30.5253],[76.5026,30.5273],[76.5009,30.5331],[76.503,30.5345],[76.5003,30.5368],[76.5008,30.5406],[76.4992,30.5454],[76.4995,30.5483],[76.5018,30.5515],[76.5068,30.5546],[76.5022,30.5609],[76.5056,30.5651],[76.5098,30.5671],[76.5184,30.5689],[76.5221,30.5635],[76.5299,30.5627],[76.536,30.5592],[76.5371,30.5579],[76.5441,30.5591],[76.5504,30.5615],[76.5554,30.565],[76.5608,30.5661],[76.5633,30.5677],[76.5651,30.5657],[76.5687,30.5685],[76.5715,30.5651],[76.5787,30.5694],[76.5795,30.5726],[76.5832,30.573],[76.5879,30.5786],[76.5859,30.5798],[76.5904,30.585],[76.5957,30.5944],[76.5984,30.5965],[76.5929,30.6034],[76.5936,30.6069],[76.5905,30.6118],[76.5834,30.6172],[76.5805,30.6204],[76.5745,30.624],[76.5718,30.6281],[76.5693,30.6303],[76.5666,30.6286],[76.5604,30.6278],[76.5597,30.6298],[76.5536,30.6287],[76.5476,30.6335],[76.5409,30.6372],[76.5355,30.6411],[76.5311,30.6354],[76.5272,30.639],[76.5303,30.643],[76.5235,30.6499],[76.5182,30.6491],[76.5159,30.6496],[76.5117,30.6473],[76.5106,30.6414],[76.5077,30.6404],[76.4972,30.6414],[76.4937,30.643],[76.4865,30.6485],[76.4832,30.6498],[76.4688,30.6507],[76.4654,30.6496],[76.4564,30.6497],[76.4534,30.6466],[76.4504,30.6461],[76.4467,30.6493],[76.4445,30.6474],[76.4413,30.653],[76.4409,30.6599],[76.4309,30.6625],[76.4292,30.6638],[76.4261,30.662],[76.4235,30.6632],[76.4191,30.6626],[76.4159,30.6651],[76.4089,30.665],[76.4014,30.6626],[76.4086,30.669],[76.4053,30.6754],[76.4006,30.6751],[76.3949,30.6798],[76.3871,30.6802],[76.3828,30.6816],[76.3802,30.6893],[76.3791,30.6961],[76.3745,30.6956],[76.3727,30.6934],[76.3631,30.6898],[76.3574,30.693],[76.3539,30.6964],[76.3514,30.6956],[76.3486,30.6941],[76.3498,30.6898],[76.345,30.686],[76.3458,30.6824],[76.3418,30.6769],[76.3359,30.6744],[76.3334,30.6691],[76.3301,30.666],[76.3332,30.6643],[76.3378,30.6574],[76.3373,30.6551],[76.3335,30.6522],[76.3246,30.647],[76.327,30.6413],[76.3206,30.6307],[76.3168,30.6305],[76.3123,30.6292],[76.3018,30.6217],[76.2933,30.6178],[76.294,30.6151],[76.3001,30.6088],[76.2966,30.6058],[76.2937,30.5994],[76.2942,30.5965],[76.2974,30.595],[76.2953,30.5862],[76.293,30.5825],[76.2886,30.5816],[76.2828,30.5852],[76.2814,30.5874],[76.2778,30.5861],[76.2749,30.5827],[76.2723,30.5834],[76.2685,30.5789],[76.269,30.5732],[76.2656,30.5721],[76.2646,30.5703],[76.2681,30.5662],[76.2718,30.5646],[76.2725,30.5618],[76.2747,30.5599],[76.2757,30.5582],[76.2747,30.5538],[76.2779,30.5515]]]},"properties":{"id":"in:subdistrict:221","level":"subdistrict","name":"Fatehgarh Sahib","code":221,"parent":"in:district:30","state":"in:state:3"}},{"type":"Feature","geometry":{"type":"Polygon","coordinates":[[[76.3428,30.7148],[76.3475,30.7065],[76.3508,30.7028],[76.3492,30.7012],[76.3514,30.6956],[76.3539,30.6964],[76.3574,30.693],[76.3631,30.6898],[76.3727,30.6934],[76.3745,30.6956],[76.3791,30.6961],[76.3802,30.6893],[76.3828,30.6816],[76.3871,30.6802],[76.3949,30.6798],[76.4006,30.6751],[76.4053,30.6754],[76.4086,30.669],[76.4014,30.6626],[76.4089,30.665],[76.4159,30.6651],[76.4191,30.6626],[76.4235,30.6632],[76.4261,30.662],[76.4292,30.6638],[76.4309,30.6625],[76.4409,30.6599],[76.4413,30.653],[76.4445,30.6474],[76.4467,30.6493],[76.4504,30.6461],[76.4534,30.6466],[76.4564,30.6497],[76.4654,30.6496],[76.4688,30.6507],[76.4832,30.6498],[76.4865,30.6485],[76.4937,30.643],[76.4972,30.6414],[76.5077,30.6404],[76.5106,30.6414],[76.5117,30.6473],[76.5159,30.6496],[76.5182,30.6491],[76.5235,30.6499],[76.5303,30.643],[76.5272,30.639],[76.5311,30.6354],[76.5355,30.6411],[76.5409,30.6372],[76.5476,30.6335],[76.5536,30.6287],[76.5597,30.6298],[76.5604,30.6278],[76.5666,30.6286],[76.5693,30.6303],[76.5718,30.6281],[76.5745,30.624],[76.5805,30.6204],[76.5834,30.6172],[76.5905,30.6118],[76.5936,30.6069],[76.5929,30.6034],[76.5984,30.5965],[76.6041,30.5921],[76.6067,30.598],[76.611,30.6025],[76.6128,30.608],[76.6174,30.61],[76.6229,30.6135],[76.6251,30.6128],[76.629,30.6136],[76.6322,30.6156],[76.6339,30.6191],[76.6302,30.6234],[76.6301,30.6271],[76.6288,30.6295],[76.6296,30.6314],[76.6295,30.6364],[76.6276,30.6421],[76.6254,30.6442],[76.6199,30.6419],[76.6088,30.6506],[76.606,30.6537],[76.6034,30.6551],[76.5985,30.6521],[76.5961,30.6559],[76.5937,30.6581],[76.5952,30.6614],[76.5907,30.6633],[76.5891,30.6662],[76.5863,30.6675],[76.5828,30.6663],[76.5773,30.6663],[76.5761,30.6653],[76.571,30.6712],[76.5698,30.6742],[76.5711,30.6755],[76.568,30.6807],[76.5661,30.6863],[76.5623,30.689],[76.5541,30.6904],[76.5541,30.6992],[76.5559,30.7011],[76.5548,30.7043],[76.5506,30.7094],[76.5467,30.7123],[76.5367,30.7097],[76.5334,30.712],[76.5315,30.7188],[76.5314,30.7245],[76.5293,30.7245],[76.5258,30.7277],[76.5215,30.7331],[76.527,30.738],[76.5318,30.7409],[76.5275,30.7498],[76.5252,30.7537],[76.5221,30.757],[76.5185,30.7564],[76.5065,30.7493],[76.5018,30.7488],[76.4981,30.7469],[76.4927,30.746],[76.4833,30.7507],[76.4725,30.7464],[76.4694,30.7456],[76.4637,30.7547],[76.4595,30.75],[76.4564,30.7548],[76.4548,30.754],[76.4442,30.7595],[76.4352,30.7575],[76.4282,30.7573],[76.4189,30.7609],[76.4117,30.7567],[76.4089,30.758],[76.4022,30.7562],[76.3897,30.7546],[76.3892,30.7492],[76.3875,30.746],[76.3817,30.7457],[76.3814,30.7437],[76.3763,30.7396],[76.3792,30.7373],[76.3814,30.7378],[76.3817,30.7327],[76.3895,30.731],[76.389,30.7222],[76.3841,30.722],[76.3773,30.723],[76.3759,30.7211],[76.373,30.7213],[76.3693,30.7234],[76.3642,30.7247],[76.3563,30.7232],[76.3428,30.7148]]]},"properties":{"id":"in:subdistrict:220","level":"subdistrict","name":"Bassi Pathana","code":220,"parent":"in:district:30","state":"in:state:3"}},{"type":"Feature","geometry":{"type":"Polygon","coordinates":[[[76.4989,30.4633],[76.4979,30.4552],[76.496,30.4515],[76.4922,30.45],[76.4901,30.4475],[76.4906,30.442],[76.4943,30.4393],[76.4985,30.4394],[76.5025,30.4386],[76.507,30.4364],[76.5133,30.4427],[76.5178,30.4454],[76.5254,30.4422],[76.5326,30.4383],[76.5336,30.4335],[76.527,30.4262],[76.5283,30.4224],[76.5321,30.4201],[76.5369,30.4182],[76.5394,30.4153],[76.533,30.4109],[76.5311,30.407],[76.5263,30.404],[76.5169,30.4034],[76.5117,30.4013],[76.5105,30.3982],[76.5135,30.3929],[76.5127,30.3876],[76.5102,30.3844],[76.5113,30.3834],[76.5092,30.3771],[76.5077,30.3748],[76.5078,30.3716],[76.5119,30.3683],[76.5223,30.3658],[76.5185,30.3609],[76.5154,30.3587],[76.5144,30.3561],[76.5058,30.3492],[76.5015,30.3486],[76.499,30.3458],[76.5041,30.3408],[76.5118,30.3415],[76.5162,30.3375],[76.5202,30.337],[76.5206,30.3336],[76.5172,30.3282],[76.5184,30.3234],[76.5171,30.3205],[76.5175,30.3103],[76.5204,30.3127],[76.5292,30.3162],[76.5328,30.3166],[76.5364,30.3145],[76.5414,30.3078],[76.5441,30.3076],[76.5453,30.3115],[76.5516,30.3059],[76.5571,30.3027],[76.5611,30.2976],[76.571,30.3037],[76.5732,30.3037],[76.5761,30.2996],[76.5794,30.3003],[76.581,30.2993],[76.5831,30.2953],[76.5932,30.2925],[76.5992,30.2924],[76.5996,30.2937],[76.6034,30.2958],[76.6049,30.2996],[76.6075,30.2997],[76.6189,30.2962],[76.6178,30.294],[76.6222,30.2921],[76.6283,30.2926],[76.6354,30.2896],[76.6369,30.2887],[76.6385,30.2843],[76.6486,30.2906],[76.65,30.2907],[76.6557,30.2984],[76.6596,30.2999],[76.6654,30.3059],[76.6677,30.3028],[76.6749,30.2994],[76.6802,30.3035],[76.678,30.3058],[76.6815,30.3087],[76.6865,30.3154],[76.6856,30.3175],[76.6825,30.3194],[76.688,30.3269],[76.6906,30.3263],[76.6954,30.3217],[76.6989,30.3251],[76.7,30.3281],[76.7049,30.3259],[76.711,30.3258],[76.7115,30.3275],[76.7164,30.336],[76.7223,30.3332],[76.7249,30.336],[76.7266,30.3361],[76.7298,30.3388],[76.7274,30.3411],[76.7326,30.3483],[76.7349,30.3467],[76.7385,30.3463],[76.7484,30.3525],[76.7511,30.3553],[76.7489,30.357],[76.7495,30.3609],[76.7461,30.3672],[76.7376,30.3704],[76.7352,30.3678],[76.7334,30.3688],[76.7295,30.3647],[76.7254,30.3618],[76.72,30.3641],[76.7191,30.3663],[76.7237,30.372],[76.7297,30.3774],[76.7312,30.3797],[76.7296,30.3823],[76.7199,30.3786],[76.7176,30.38],[76.7186,30.3825],[76.7134,30.388],[76.7152,30.3991],[76.7152,30.4028],[76.7222,30.399],[76.7251,30.4022],[76.7282,30.4004],[76.7357,30.4061],[76.7398,30.4111],[76.735,30.4191],[76.741,30.4242],[76.741,30.4262],[76.7482,30.4288],[76.7487,30.4328],[76.7486,30.439],[76.7468,30.4403],[76.7475,30.4446],[76.7524,30.4432],[76.7564,30.4457],[76.7585,30.4511],[76.7553,30.4521],[76.7544,30.4567],[76.7557,30.4582],[76.7521,30.4603],[76.7516,30.4627],[76.753,30.4698],[76.7574,30.4716],[76.7609,30.4746],[76.7654,30.4754],[76.7689,30.4837],[76.7677,30.4959],[76.77,30.5008],[76.7691,30.5035],[76.772,30.5075],[76.7762,30.5078],[76.7807,30.5109],[76.787,30.5189],[76.7826,30.5212],[76.7765,30.5208],[76.7648,30.5267],[76.7638,30.5284],[76.7659,30.5305],[76.7607,30.5337],[76.7586,30.5327],[76.7542,30.5331],[76.7512,30.5363],[76.751,30.5406],[76.754,30.5433],[76.7511,30.5469],[76.7529,30.5502],[76.7507,30.5523],[76.7519,30.5551],[76.7572,30.5574],[76.7599,30.5577],[76.763,30.5527],[76.7657,30.5506],[76.769,30.5517],[76.762,30.5595],[76.7661,30.5638],[76.7657,30.5655],[76.7689,30.5678],[76.7715,30.5714],[76.7756,30.5742],[76.7766,30.5762],[76.7725,30.5831],[76.7758,30.5862],[76.7797,30.5927],[76.7866,30.5952],[76.7831,30.6001],[76.7842,30.6023],[76.7773,30.609],[76.7731,30.6104],[76.7615,30.6043],[76.7572,30.5969],[76.7514,30.5964],[76.7501,30.5924],[76.7478,30.5906],[76.7462,30.5875],[76.7445,30.5873],[76.7395,30.5808],[76.7387,30.5742],[76.7319,30.5707],[76.7254,30.5788],[76.7206,30.5821],[76.7218,30.586],[76.7188,30.5898],[76.7106,30.5853],[76.7034,30.587],[76.7038,30.5831],[76.7054,30.5787],[76.7052,30.5752],[76.7013,30.5744],[76.6985,30.5708],[76.69,30.5708],[76.6859,30.5728],[76.6838,30.5784],[76.6884,30.5901],[76.6893,30.5933],[76.6851,30.5938],[76.6742,30.5884],[76.6687,30.5845],[76.6629,30.5831],[76.6624,30.5874],[76.6685,30.5933],[76.6637,30.5989],[76.6642,30.6032],[76.6633,30.6069],[76.6658,30.611],[76.6626,30.6127],[76.6579,30.6112],[76.654,30.6208],[76.6536,30.6237],[76.6505,30.6271],[76.644,30.6279],[76.6414,30.6275],[76.6354,30.622],[76.6339,30.6191],[76.6322,30.6156],[76.629,30.6136],[76.6251,30.6128],[76.6229,30.6135],[76.6174,30.61],[76.6128,30.608],[76.611,30.6025],[76.6067,30.598],[76.6041,30.5921],[76.5984,30.5965],[76.5957,30.5944],[76.5904,30.585],[76.5859,30.5798],[76.5879,30.5786],[76.5832,30.573],[76.5795,30.5726],[76.5787,30.5694],[76.5715,30.5651],[76.5687,30.5685],[76.5651,30.5657],[76.5633,30.5677],[76.5608,30.5661],[76.5554,30.565],[76.5504,30.5615],[76.5441,30.5591],[76.5371,30.5579],[76.536,30.5592],[76.5299,30.5627],[76.5221,30.5635],[76.5184,30.5689],[76.5098,30.5671],[76.5056,30.5651],[76.5022,30.5609],[76.5068,30.5546],[76.5018,30.5515],[76.4995,30.5483],[76.4992,30.5454],[76.5008,30.5406],[76.5003,30.5368],[76.503,30.5345],[76.5009,30.5331],[76.5026,30.5273],[76.4989,30.5253],[76.491,30.5191],[76.4925,30.513],[76.4966,30.5078],[76.4949,30.5066],[76.4911,30.5011],[76.4948,30.496],[76.498,30.4932],[76.4951,30.4882],[76.5025,30.4788],[76.5014,30.473],[76.5028,30.471],[76.4989,30.4633]]]},"properties":{"id":"in:subdistrict:254","level":"subdistrict","name":"Rajpura","code":254,"parent":"in:district:41","state":"in:state:3"}},{"type":"Feature","geometry":{"type":"Polygon","coordinates":[[[76.7482,30.4288],[76.7502,30.4299],[76.754,30.4292],[76.7579,30.4298],[76.7656,30.4325],[76.7688,30.4359],[76.7735,30.4434],[76.7813,30.4398],[76.7849,30.4354],[76.7773,30.4311],[76.7743,30.4264],[76.7776,30.4245],[76.7853,30.4181],[76.7903,30.4146],[76.7951,30.4187],[76.7972,30.4178],[76.8018,30.4137],[76.8091,30.4176],[76.814,30.4144],[76.8181,30.4129],[76.8218,30.4127],[76.8275,30.4161],[76.835,30.425],[76.8382,30.4276],[76.8362,30.4296],[76.8381,30.4319],[76.8424,30.4348],[76.8437,30.4374],[76.8468,30.4381],[76.851,30.4353],[76.85,30.4335],[76.8519,30.4314],[76.8529,30.4272],[76.8544,30.4255],[76.8542,30.4212],[76.8561,30.4176],[76.8633,30.415],[76.8683,30.4139],[76.8744,30.4095],[76.8775,30.4097],[76.8834,30.4086],[76.8809,30.4062],[76.8843,30.4044],[76.8821,30.4008],[76.8839,30.3975],[76.8807,30.3939],[76.8835,30.3922],[76.8858,30.3942],[76.8937,30.3877],[76.8951,30.3847],[76.898,30.3821],[76.8906,30.3723],[76.8907,30.3691],[76.8941,30.3639],[76.8961,30.3627],[76.8983,30.3588],[76.9027,30.3619],[76.9121,30.3633],[76.9169,30.3649],[76.9209,30.371],[76.9226,30.3746],[76.9297,30.3785],[76.9333,30.3815],[76.9349,30.3819],[76.9399,30.3881],[76.9415,30.3954],[76.9382,30.3973],[76.9327,30.4017],[76.9226,30.401],[76.9197,30.3987],[76.9124,30.4006],[76.9157,30.4044],[76.9193,30.4074],[76.9179,30.4107],[76.9171,30.416],[76.9124,30.4205],[76.9165,30.4262],[76.9104,30.4318],[76.9025,30.4347],[76.8976,30.4371],[76.9028,30.4441],[76.9024,30.4465],[76.8996,30.4486],[76.903,30.4541],[76.9056,30.4561],[76.9081,30.4614],[76.9138,30.4677],[76.9137,30.4714],[76.9084,30.4774],[76.8994,30.4825],[76.8977,30.4844],[76.8994,30.4868],[76.899,30.4888],[76.9039,30.4914],[76.9108,30.4943],[76.9134,30.4932],[76.9177,30.4899],[76.9199,30.4901],[76.9311,30.5013],[76.9286,30.5076],[76.9289,30.5146],[76.9297,30.5183],[76.932,30.5222],[76.9215,30.5262],[76.9156,30.5257],[76.9128,30.5293],[76.9129,30.5336],[76.9068,30.537],[76.9022,30.5364],[76.8994,30.538],[76.8964,30.5379],[76.8936,30.5398],[76.8889,30.545],[76.8867,30.5486],[76.8872,30.551],[76.894,30.5486],[76.9049,30.543],[76.9088,30.5471],[76.9164,30.5541],[76.9181,30.5582],[76.9153,30.5619],[76.9112,30.5628],[76.909,30.5647],[76.9103,30.5673],[76.915,30.5721],[76.9177,30.5762],[76.9149,30.5784],[76.9151,30.5822],[76.9197,30.5851],[76.9152,30.5883],[76.9114,30.5922],[76.9169,30.5922],[76.9202,30.5932],[76.9233,30.597],[76.9272,30.6036],[76.9224,30.6057],[76.926,30.61],[76.9225,30.6117],[76.9196,30.6117],[76.9159,30.6099],[76.9118,30.613],[76.9131,30.6169],[76.9101,30.6261],[76.9052,30.6243],[76.9028,30.6244],[76.8997,30.6281],[76.8959,30.6287],[76.8928,30.631],[76.8959,30.633],[76.8965,30.6358],[76.8945,30.6377],[76.8858,30.6441],[76.8809,30.6454],[76.8772,30.644],[76.8756,30.6411],[76.8712,30.6421],[76.8743,30.6739],[76.8759,30.6777],[76.8752,30.6792],[76.8683,30.6735],[76.862,30.6636],[76.8592,30.661],[76.8548,30.6589],[76.8469,30.6567],[76.845,30.659],[76.8447,30.6624],[76.8481,30.6659],[76.8458,30.6686],[76.8413,30.6678],[76.8383,30.6649],[76.8326,30.6631],[76.832,30.6709],[76.83,30.6763],[76.8313,30.679],[76.8291,30.6809],[76.8274,30.6821],[76.821,30.6776],[76.8209,30.6749],[76.8169,30.673],[76.8165,30.6714],[76.8117,30.67],[76.8088,30.6673],[76.8026,30.6665],[76.8005,30.6702],[76.7968,30.6675],[76.7939,30.6638],[76.7891,30.6614],[76.7906,30.6581],[76.7906,30.6543],[76.796,30.6543],[76.7961,30.6512],[76.7902,30.6511],[76.7902,30.6493],[76.7839,30.6489],[76.7763,30.6461],[76.7768,30.6438],[76.7798,30.6397],[76.7782,30.6379],[76.7802,30.6354],[76.7751,30.6307],[76.7682,30.6271],[76.7613,30.6222],[76.7597,30.618],[76.7573,30.6169],[76.7639,30.6093],[76.7615,30.6043],[76.7731,30.6104],[76.7773,30.609],[76.7842,30.6023],[76.7831,30.6001],[76.7866,30.5952],[76.7797,30.5927],[76.7758,30.5862],[76.7725,30.5831],[76.7766,30.5762],[76.7756,30.5742],[76.7715,30.5714],[76.7689,30.5678],[76.7657,30.5655],[76.7661,30.5638],[76.762,30.5595],[76.769,30.5517],[76.7657,30.5506],[76.763,30.5527],[76.7599,30.5577],[76.7572,30.5574],[76.7519,30.5551],[76.7507,30.5523],[76.7529,30.5502],[76.7511,30.5469],[76.754,30.5433],[76.751,30.5406],[76.7512,30.5363],[76.7542,30.5331],[76.7586,30.5327],[76.7607,30.5337],[76.7659,30.5305],[76.7638,30.5284],[76.7648,30.5267],[76.7765,30.5208],[76.7826,30.5212],[76.787,30.5189],[76.7807,30.5109],[76.7762,30.5078],[76.772,30.5075],[76.7691,30.5035],[76.77,30.5008],[76.7677,30.4959],[76.7689,30.4837],[76.7654,30.4754],[76.7609,30.4746],[76.7574,30.4716],[76.753,30.4698],[76.7516,30.4627],[76.7521,30.4603],[76.7557,30.4582],[76.7544,30.4567],[76.7553,30.4521],[76.7585,30.4511],[76.7564,30.4457],[76.7524,30.4432],[76.7475,30.4446],[76.7468,30.4403],[76.7486,30.439],[76.7487,30.4328],[76.7482,30.4288]]]},"properties":{"id":"in:subdistrict:268","level":"subdistrict","name":"Dera Bassi","code":268,"parent":"in:district:608","state":"in:state:3"}},{"type":"Feature","geometry":{"type":"Polygon","coordinates":[[[76.7615,30.6043],[76.7639,30.6093],[76.7573,30.6169],[76.7597,30.618],[76.7613,30.6222],[76.7682,30.6271],[76.7751,30.6307],[76.7802,30.6354],[76.7782,30.6379],[76.7798,30.6397],[76.7768,30.6438],[76.7763,30.6461],[76.7839,30.6489],[76.7902,30.6493],[76.7902,30.6511],[76.7961,30.6512],[76.796,30.6543],[76.7906,30.6543],[76.7906,30.6581],[76.7891,30.6614],[76.7939,30.6638],[76.7968,30.6675],[76.7943,30.6695],[76.7902,30.6756],[76.7819,30.6737],[76.7769,30.6703],[76.7743,30.6728],[76.7702,30.6798],[76.7673,30.6823],[76.7643,30.6864],[76.7593,30.6866],[76.7528,30.6845],[76.7503,30.6883],[76.748,30.6884],[76.7472,30.6955],[76.7432,30.6937],[76.7393,30.6929],[76.7391,30.7057],[76.73,30.7068],[76.7291,30.7118],[76.7314,30.7126],[76.7286,30.7158],[76.7312,30.7174],[76.7296,30.7235],[76.7268,30.727],[76.7213,30.73],[76.7178,30.7342],[76.7144,30.7401],[76.7128,30.7412],[76.7075,30.7395],[76.7052,30.7429],[76.7067,30.7451],[76.7059,30.7472],[76.7079,30.7497],[76.7056,30.7565],[76.7108,30.761],[76.7173,30.7635],[76.7161,30.769],[76.7129,30.7708],[76.7105,30.7704],[76.7073,30.7719],[76.7038,30.7757],[76.6997,30.7753],[76.6966,30.7729],[76.6917,30.7837],[76.684,30.7835],[76.6799,30.7826],[76.679,30.7802],[76.6767,30.7802],[76.6747,30.777],[76.6782,30.7703],[76.6808,30.767],[76.6824,30.7618],[76.6815,30.758],[76.6747,30.7547],[76.6758,30.7516],[76.675,30.7457],[76.6784,30.7429],[76.6784,30.7414],[76.669,30.7375],[76.6767,30.7254],[76.6739,30.7251],[76.6701,30.7218],[76.6634,30.7225],[76.6582,30.7198],[76.6567,30.7171],[76.6472,30.7126],[76.647,30.711],[76.6499,30.7059],[76.644,30.7006],[76.6436,30.6954],[76.6501,30.6891],[76.6565,30.6808],[76.654,30.6789],[76.6515,30.6793],[76.6457,30.6766],[76.6425,30.6744],[76.6393,30.6759],[76.6369,30.6748],[76.6369,30.6715],[76.6403,30.6641],[76.6377,30.6624],[76.638,30.6578],[76.6343,30.6523],[76.6306,30.648],[76.6397,30.644],[76.6458,30.6503],[76.6467,30.655],[76.644,30.6604],[76.648,30.6645],[76.6535,30.6627],[76.6579,30.6597],[76.6544,30.6552],[76.6592,30.6513],[76.6588,30.649],[76.6605,30.6449],[76.6552,30.6408],[76.6478,30.6334],[76.6505,30.6271],[76.6536,30.6237],[76.654,30.6208],[76.6579,30.6112],[76.6626,30.6127],[76.6658,30.611],[76.6633,30.6069],[76.6642,30.6032],[76.6637,30.5989],[76.6685,30.5933],[76.6624,30.5874],[76.6629,30.5831],[76.6687,30.5845],[76.6742,30.5884],[76.6851,30.5938],[76.6893,30.5933],[76.6884,30.5901],[76.6838,30.5784],[76.6859,30.5728],[76.69,30.5708],[76.6985,30.5708],[76.7013,30.5744],[76.7052,30.5752],[76.7054,30.5787],[76.7038,30.5831],[76.7034,30.587],[76.7106,30.5853],[76.7188,30.5898],[76.7218,30.586],[76.7206,30.5821],[76.7254,30.5788],[76.7319,30.5707],[76.7387,30.5742],[76.7395,30.5808],[76.7445,30.5873],[76.7462,30.5875],[76.7478,30.5906],[76.7501,30.5924],[76.7514,30.5964],[76.7572,30.5969],[76.7615,30.6043]]]},"properties":{"id":"in:subdistrict:267","level":"subdistrict","name":"SAS Nagar (Mohali)","code":267,"parent":"in:district:608","state":"in:state:3"}},{"type":"Feature","geometry":{"type":"Polygon","coordinates":[[[76.6339,30.6191],[76.6354,30.622],[76.6414,30.6275],[76.644,30.6279],[76.6505,30.6271],[76.6478,30.6334],[76.6552,30.6408],[76.6605,30.6449],[76.6588,30.649],[76.6592,30.6513],[76.6544,30.6552],[76.6579,30.6597],[76.6535,30.6627],[76.648,30.6645],[76.644,30.6604],[76.6467,30.655],[76.6458,30.6503],[76.6397,30.644],[76.6306,30.648],[76.6343,30.6523],[76.638,30.6578],[76.6377,30.6624],[76.6403,30.6641],[76.6369,30.6715],[76.6369,30.6748],[76.6393,30.6759],[76.6425,30.6744],[76.6457,30.6766],[76.6515,30.6793],[76.654,30.6789],[76.6565,30.6808],[76.6501,30.6891],[76.6436,30.6954],[76.644,30.7006],[76.6499,30.7059],[76.647,30.711],[76.6472,30.7126],[76.6567,30.7171],[76.6582,30.7198],[76.6634,30.7225],[76.6701,30.7218],[76.6739,30.7251],[76.6767,30.7254],[76.669,30.7375],[76.6784,30.7414],[76.6784,30.7429],[76.675,30.7457],[76.6758,30.7516],[76.6747,30.7547],[76.6815,30.758],[76.6824,30.7618],[76.6808,30.767],[76.6782,30.7703],[76.6747,30.777],[76.6767,30.7802],[76.679,30.7802],[76.6799,30.7826],[76.684,30.7835],[76.6917,30.7837],[76.6966,30.7729],[76.6997,30.7753],[76.7038,30.7757],[76.7073,30.7719],[76.7105,30.7704],[76.7129,30.7708],[76.7161,30.769],[76.7173,30.7635],[76.7211,30.7642],[76.7257,30.7664],[76.7287,30.7647],[76.7313,30.7649],[76.7438,30.7699],[76.7455,30.7723],[76.7445,30.7751],[76.7481,30.7783],[76.7523,30.7803],[76.7517,30.7842],[76.7573,30.7868],[76.7617,30.7915],[76.7678,30.7944],[76.7715,30.7952],[76.7756,30.7905],[76.7828,30.7892],[76.7873,30.7789],[76.7796,30.7777],[76.7835,30.7706],[76.7905,30.7707],[76.7917,30.7687],[76.7958,30.771],[76.7983,30.7711],[76.8021,30.7756],[76.8055,30.7767],[76.8105,30.7796],[76.8135,30.7802],[76.8154,30.778],[76.8186,30.7779],[76.8181,30.7754],[76.8196,30.7737],[76.8181,30.7713],[76.8074,30.7666],[76.8054,30.765],[76.8156,30.7527],[76.8178,30.7544],[76.8181,30.7574],[76.8202,30.761],[76.8242,30.761],[76.8264,30.7633],[76.8375,30.7541],[76.8401,30.7589],[76.8388,30.7637],[76.8403,30.7706],[76.8418,30.7745],[76.8454,30.7788],[76.848,30.7799],[76.8544,30.7873],[76.8507,30.7911],[76.8527,30.7935],[76.857,30.7947],[76.8542,30.7992],[76.8469,30.8037],[76.8453,30.8072],[76.8488,30.8141],[76.8481,30.8287],[76.8458,30.8316],[76.8467,30.8339],[76.8429,30.8361],[76.8374,30.8361],[76.8338,30.8385],[76.8298,30.8391],[76.8261,30.8408],[76.823,30.8448],[76.8177,30.8429],[76.814,30.843],[76.8132,30.8482],[76.8147,30.8524],[76.8114,30.856],[76.8061,30.8603],[76.8047,30.8606],[76.8018,30.8658],[76.7907,30.8703],[76.7841,30.8783],[76.7808,30.8856],[76.7774,30.8969],[76.7767,30.9053],[76.7761,30.906],[76.7719,30.9068],[76.7722,30.9101],[76.7681,30.916],[76.7667,30.9171],[76.7657,30.9215],[76.7602,30.9229],[76.7599,30.9263],[76.7539,30.9287],[76.752,30.9269],[76.7485,30.9267],[76.747,30.9301],[76.7394,30.9338],[76.7399,30.9359],[76.7366,30.9384],[76.7314,30.9339],[76.7294,30.9341],[76.7251,30.9312],[76.7173,30.9288],[76.7101,30.929],[76.7023,30.9316],[76.6995,30.9314],[76.6982,30.9287],[76.6894,30.9235],[76.6869,30.9182],[76.6799,30.9143],[76.6715,30.914],[76.669,30.915],[76.6631,30.915],[76.6581,30.9104],[76.6518,30.9087],[76.6468,30.9054],[76.6419,30.9035],[76.6367,30.9044],[76.6368,30.9027],[76.6309,30.9026],[76.6278,30.9015],[76.6246,30.8957],[76.6207,30.8966],[76.6175,30.8954],[76.6114,30.8913],[76.6068,30.8905],[76.6092,30.883],[76.5995,30.8788],[76.5971,30.8735],[76.5973,30.8688],[76.5986,30.8674],[76.6033,30.8582],[76.5999,30.8563],[76.5971,30.8562],[76.5934,30.8539],[76.5883,30.8537],[76.5862,30.8595],[76.5772,30.8589],[76.5733,30.8594],[76.5729,30.8661],[76.5783,30.8658],[76.5781,30.8692],[76.5734,30.8679],[76.5667,30.8668],[76.568,30.8609],[76.568,30.8567],[76.5698,30.8513],[76.576,30.8547],[76.58,30.8582],[76.584,30.8517],[76.5752,30.8476],[76.5709,30.8464],[76.5666,30.8433],[76.5529,30.8381],[76.557,30.8295],[76.5595,30.8307],[76.5621,30.8265],[76.5649,30.8173],[76.5595,30.8149],[76.5628,30.8117],[76.5637,30.8077],[76.5603,30.8052],[76.5602,30.8025],[76.562,30.7999],[76.5557,30.7964],[76.5581,30.7903],[76.5587,30.7858],[76.5544,30.7846],[76.5516,30.7826],[76.5495,30.7832],[76.5445,30.7806],[76.5407,30.7802],[76.5359,30.7749],[76.5357,30.773],[76.5328,30.7683],[76.5333,30.7666],[76.5282,30.7629],[76.5246,30.7585],[76.5221,30.757],[76.5252,30.7537],[76.5275,30.7498],[76.5318,30.7409],[76.527,30.738],[76.5215,30.7331],[76.5258,30.7277],[76.5293,30.7245],[76.5314,30.7245],[76.5315,30.7188],[76.5334,30.712],[76.5367,30.7097],[76.5467,30.7123],[76.5506,30.7094],[76.5548,30.7043],[76.5559,30.7011],[76.5541,30.6992],[76.5541,30.6904],[76.5623,30.689],[76.5661,30.6863],[76.568,30.6807],[76.5711,30.6755],[76.5698,30.6742],[76.571,30.6712],[76.5761,30.6653],[76.5773,30.6663],[76.5828,30.6663],[76.5863,30.6675],[76.5891,30.6662],[76.5907,30.6633],[76.5952,30.6614],[76.5937,30.6581],[76.5961,30.6559],[76.5985,30.6521],[76.6034,30.6551],[76.606,30.6537],[76.6088,30.6506],[76.6199,30.6419],[76.6254,30.6442],[76.6276,30.6421],[76.6295,30.6364],[76.6296,30.6314],[76.6288,30.6295],[76.6301,30.6271],[76.6302,30.6234],[76.6339,30.6191]]]},"properties":{"id":"in:subdistrict:266","level":"subdistrict","name":"Kharar","code":266,"parent":"in:district:608","state":"in:state:3"}},{"type":"Feature","geometry":{"type":"Polygon","coordinates":[[[76.3056,30.9878],[76.3118,30.9884],[76.3137,30.9852],[76.3135,30.9834],[76.3153,30.9794],[76.3162,30.9738],[76.3165,30.9657],[76.3161,30.963],[76.3173,30.9565],[76.3176,30.9506],[76.3204,30.9416],[76.323,30.9349],[76.3237,30.9301],[76.3216,30.9273],[76.3128,30.9247],[76.3151,30.9203],[76.3197,30.9143],[76.3189,30.9106],[76.3187,30.8983],[76.3189,30.88],[76.3195,30.8771],[76.3279,30.8788],[76.3297,30.8739],[76.3339,30.8711],[76.3374,30.8727],[76.3375,30.875],[76.3435,30.8737],[76.3486,30.8738],[76.3486,30.8655],[76.3513,30.8662],[76.3574,30.8661],[76.3588,30.8693],[76.368,30.8722],[76.3679,30.868],[76.3724,30.8636],[76.3803,30.8603],[76.3799,30.8531],[76.3849,30.849],[76.3892,30.8468],[76.3944,30.8451],[76.3991,30.8463],[76.4069,30.847],[76.4108,30.8413],[76.4057,30.8357],[76.4025,30.8306],[76.4035,30.8274],[76.4085,30.8196],[76.4171,30.8195],[76.4226,30.8208],[76.4253,30.8227],[76.4301,30.8197],[76.4326,30.8192],[76.4319,30.8122],[76.4348,30.812],[76.4353,30.8093],[76.4336,30.8082],[76.4344,30.7995],[76.4422,30.7979],[76.4431,30.7954],[76.4414,30.793],[76.4416,30.7834],[76.4442,30.7836],[76.4439,30.7752],[76.4447,30.7609],[76.4442,30.7595],[76.4548,30.754],[76.4564,30.7548],[76.4595,30.75],[76.4637,30.7547],[76.4694,30.7456],[76.4725,30.7464],[76.4833,30.7507],[76.4927,30.746],[76.4981,30.7469],[76.5018,30.7488],[76.5065,30.7493],[76.5185,30.7564],[76.5221,30.757],[76.5246,30.7585],[76.5282,30.7629],[76.5333,30.7666],[76.5328,30.7683],[76.5357,30.773],[76.5359,30.7749],[76.5407,30.7802],[76.5445,30.7806],[76.5495,30.7832],[76.5516,30.7826],[76.5544,30.7846],[76.5587,30.7858],[76.5581,30.7903],[76.5557,30.7964],[76.562,30.7999],[76.5602,30.8025],[76.5603,30.8052],[76.5637,30.8077],[76.5628,30.8117],[76.5595,30.8149],[76.5649,30.8173],[76.5621,30.8265],[76.5595,30.8307],[76.557,30.8295],[76.5529,30.8381],[76.5666,30.8433],[76.5709,30.8464],[76.5752,30.8476],[76.584,30.8517],[76.58,30.8582],[76.576,30.8547],[76.5698,30.8513],[76.568,30.8567],[76.568,30.8609],[76.5667,30.8668],[76.5621,30.8665],[76.556,30.8635],[76.5514,30.8597],[76.5498,30.8596],[76.5401,30.8625],[76.5338,30.8676],[76.5313,30.868],[76.526,30.867],[76.525,30.8728],[76.5211,30.876],[76.5266,30.8808],[76.5256,30.8875],[76.5244,30.8893],[76.5245,30.9035],[76.5234,30.9086],[76.5168,30.9093],[76.5049,30.9138],[76.5047,30.9174],[76.5027,30.9207],[76.5014,30.9252],[76.4902,30.9237],[76.4851,30.9239],[76.4792,30.9269],[76.4726,30.9226],[76.4712,30.9229],[76.4682,30.9283],[76.4667,30.9344],[76.4682,30.9396],[76.4681,30.9449],[76.472,30.9462],[76.471,30.9486],[76.4722,30.9508],[76.4808,30.9509],[76.4798,30.9557],[76.4783,30.9586],[76.4741,30.9576],[76.47,30.9634],[76.4694,30.9679],[76.4642,30.9673],[76.4597,30.9678],[76.4581,30.9733],[76.4384,30.972],[76.4265,30.9724],[76.4146,30.9713],[76.4068,30.9725],[76.4065,30.9758],[76.3857,30.9754],[76.3813,30.9745],[76.3692,30.9747],[76.3692,30.9723],[76.3588,30.969],[76.3428,30.9749],[76.345,30.9806],[76.332,30.9791],[76.3251,30.9792],[76.3274,30.9928],[76.3263,30.9944],[76.3187,30.9945],[76.3167,30.9956],[76.313,30.9939],[76.3059,30.9922],[76.3056,30.9878]]]},"properties":{"id":"in:subdistrict:265","level":"subdistrict","name":"Chamkaur Sahib","code":265,"parent":"in:district:42","state":"in:state:3"}},{"type":"Feature","geometry":{"type":"Polygon","coordinates":[[[76.4581,30.9733],[76.4597,30.9678],[76.4642,30.9673],[76.4694,30.9679],[76.47,30.9634],[76.4741,30.9576],[76.4783,30.9586],[76.4798,30.9557],[76.4808,30.9509],[76.4722,30.9508],[76.471,30.9486],[76.472,30.9462],[76.4681,30.9449],[76.4682,30.9396],[76.4667,30.9344],[76.4682,30.9283],[76.4712,30.9229],[76.4726,30.9226],[76.4792,30.9269],[76.4851,30.9239],[76.4902,30.9237],[76.5014,30.9252],[76.5027,30.9207],[76.5047,30.9174],[76.5049,30.9138],[76.5168,30.9093],[76.5234,30.9086],[76.5245,30.9035],[76.5244,30.8893],[76.5256,30.8875],[76.5266,30.8808],[76.5211,30.876],[76.525,30.8728],[76.526,30.867],[76.5313,30.868],[76.5338,30.8676],[76.5401,30.8625],[76.5498,30.8596],[76.5514,30.8597],[76.556,30.8635],[76.5621,30.8665],[76.5667,30.8668],[76.5734,30.8679],[76.5781,30.8692],[76.5783,30.8658],[76.5729,30.8661],[76.5733,30.8594],[76.5772,30.8589],[76.5862,30.8595],[76.5883,30.8537],[76.5934,30.8539],[76.5971,30.8562],[76.5999,30.8563],[76.6033,30.8582],[76.5986,30.8674],[76.5973,30.8688],[76.5971,30.8735],[76.5995,30.8788],[76.6092,30.883],[76.6068,30.8905],[76.6114,30.8913],[76.6175,30.8954],[76.6207,30.8966],[76.6246,30.8957],[76.6278,30.9015],[76.6309,30.9026],[76.6368,30.9027],[76.6367,30.9044],[76.6419,30.9035],[76.6468,30.9054],[76.6518,30.9087],[76.6581,30.9104],[76.6631,30.915],[76.669,30.915],[76.6715,30.914],[76.6799,30.9143],[76.6869,30.9182],[76.6894,30.9235],[76.6982,30.9287],[76.6995,30.9314],[76.7023,30.9316],[76.7101,30.929],[76.7173,30.9288],[76.7251,30.9312],[76.7294,30.9341],[76.7314,30.9339],[76.7366,30.9384],[76.7376,30.9399],[76.7363,30.9461],[76.7369,30.9497],[76.7337,30.9493],[76.7283,30.9549],[76.7249,30.9576],[76.7223,30.9615],[76.7172,30.9601],[76.7118,30.9646],[76.71,30.9692],[76.7059,30.9696],[76.7026,30.971],[76.6971,30.9704],[76.6929,30.9686],[76.6839,30.9679],[76.6739,30.9687],[76.6745,30.97],[76.6731,30.9744],[76.6694,30.9765],[76.6664,30.9803],[76.6635,30.9822],[76.6615,30.9807],[76.6517,30.9878],[76.6385,30.9901],[76.6337,30.996],[76.6253,30.9985],[76.6247,31.0039],[76.6259,31.0056],[76.6272,31.0176],[76.6264,31.0209],[76.6275,31.0248],[76.623,31.0258],[76.6211,31.028],[76.6167,31.0308],[76.6161,31.0365],[76.611,31.0458],[76.6142,31.0492],[76.62,31.0534],[76.6229,31.0548],[76.6191,31.061],[76.6195,31.0643],[76.6175,31.0671],[76.6166,31.0712],[76.6177,31.074],[76.6166,31.0777],[76.6232,31.0796],[76.6246,31.0891],[76.6266,31.0928],[76.6322,31.0978],[76.6335,31.1015],[76.6361,31.1016],[76.638,31.1047],[76.6385,31.1077],[76.6362,31.1165],[76.6333,31.1155],[76.631,31.1169],[76.625,31.1152],[76.6238,31.1164],[76.6166,31.1161],[76.6137,31.122],[76.6092,31.123],[76.602,31.1235],[76.601,31.1286],[76.6051,31.1311],[76.6041,31.1334],[76.6062,31.1352],[76.6105,31.141],[76.6091,31.1432],[76.6115,31.1453],[76.6123,31.148],[76.6096,31.1495],[76.6078,31.1487],[76.6061,31.1517],[76.6025,31.1543],[76.6053,31.1602],[76.6031,31.1647],[76.6045,31.1676],[76.6076,31.1706],[76.6071,31.1739],[76.6049,31.1767],[76.6024,31.1748],[76.5975,31.1752],[76.5969,31.1782],[76.595,31.1779],[76.581,31.1733],[76.5662,31.1698],[76.5633,31.1664],[76.5627,31.1612],[76.5632,31.1561],[76.5615,31.1435],[76.5595,31.1361],[76.5591,31.1238],[76.5638,31.1234],[76.5728,31.1191],[76.573,31.1166],[76.5713,31.1119],[76.571,31.1032],[76.574,31.0961],[76.5748,31.0915],[76.5706,31.0872],[76.5701,31.0828],[76.5668,31.08],[76.5616,31.0771],[76.5589,31.0713],[76.5585,31.0623],[76.5571,31.0581],[76.5488,31.051],[76.5395,31.0481],[76.5265,31.0466],[76.5219,31.0445],[76.5211,31.0411],[76.5249,31.0354],[76.5296,31.0299],[76.5341,31.0231],[76.5358,31.0186],[76.5353,31.0119],[76.5338,31.0048],[76.5254,31.0028],[76.5245,30.9998],[76.5211,30.9987],[76.5187,30.9954],[76.5163,30.9897],[76.5121,30.9823],[76.5097,30.9797],[76.4989,30.98],[76.4942,30.9794],[76.4936,30.9754],[76.4904,30.9766],[76.4865,30.9765],[76.4819,30.9776],[76.4795,30.9795],[76.4739,30.9781],[76.4684,30.9756],[76.4678,30.9766],[76.4575,30.9762],[76.4581,30.9733]]]},"properties":{"id":"in:subdistrict:264","level":"subdistrict","name":"Rup Nagar","code":264,"parent":"in:district:42","state":"in:state:3"}},{"type":"Feature","geometry":{"type":"Polygon","coordinates":[[[76.3286,31.2241],[76.3326,31.2253],[76.3387,31.2222],[76.3405,31.2164],[76.3482,31.2076],[76.3531,31.2072],[76.355,31.2061],[76.3562,31.201],[76.3612,31.1957],[76.3598,31.1931],[76.3657,31.1891],[76.3673,31.1858],[76.3675,31.1831],[76.3701,31.1812],[76.3709,31.1773],[76.3771,31.1703],[76.3784,31.1677],[76.3781,31.1643],[76.3795,31.1614],[76.3824,31.1583],[76.3833,31.1536],[76.3878,31.1513],[76.3883,31.1489],[76.3936,31.1466],[76.3958,31.1419],[76.4026,31.137],[76.4119,31.1335],[76.4136,31.1295],[76.4167,31.1272],[76.4176,31.1249],[76.421,31.1213],[76.4209,31.119],[76.4239,31.1171],[76.4292,31.1162],[76.4321,31.1101],[76.4324,31.1058],[76.4293,31.0982],[76.4273,31.0977],[76.4265,31.0946],[76.4313,31.0922],[76.4317,31.0894],[76.434,31.0878],[76.4327,31.0846],[76.4357,31.0832],[76.4352,31.0785],[76.4374,31.0774],[76.4398,31.0738],[76.4463,31.0674],[76.4488,31.0611],[76.4516,31.0592],[76.4522,31.0558],[76.4559,31.0557],[76.4573,31.0542],[76.4573,31.0498],[76.4597,31.0491],[76.4621,31.0446],[76.4631,31.0402],[76.4649,31.0378],[76.467,31.0316],[76.4765,31.0252],[76.4776,31.0229],[76.4841,31.0213],[76.4865,31.0143],[76.4928,31.0104],[76.4943,31.0088],[76.4976,31.0082],[76.5012,31.0046],[76.5069,31.0053],[76.5089,31.0033],[76.5102,30.9992],[76.5157,30.9974],[76.5187,30.9954],[76.5211,30.9987],[76.5245,30.9998],[76.5254,31.0028],[76.5338,31.0048],[76.5353,31.0119],[76.5358,31.0186],[76.5341,31.0231],[76.5296,31.0299],[76.5249,31.0354],[76.5211,31.0411],[76.5219,31.0445],[76.5265,31.0466],[76.5395,31.0481],[76.5488,31.051],[76.5571,31.0581],[76.5585,31.0623],[76.5589,31.0713],[76.5616,31.0771],[76.5668,31.08],[76.5701,31.0828],[76.5706,31.0872],[76.5748,31.0915],[76.574,31.0961],[76.571,31.1032],[76.5713,31.1119],[76.573,31.1166],[76.5728,31.1191],[76.5638,31.1234],[76.5591,31.1238],[76.5595,31.1361],[76.5615,31.1435],[76.5632,31.1561],[76.5627,31.1612],[76.5633,31.1664],[76.5662,31.1698],[76.581,31.1733],[76.595,31.1779],[76.5969,31.1782],[76.6075,31.18],[76.6135,31.1841],[76.6151,31.19],[76.6186,31.1935],[76.6251,31.1975],[76.6337,31.201],[76.6413,31.2056],[76.6454,31.2091],[76.6425,31.2143],[76.6379,31.2155],[76.6366,31.2176],[76.6389,31.2233],[76.6354,31.2244],[76.6333,31.2234],[76.6277,31.2262],[76.6239,31.2247],[76.6217,31.2218],[76.6183,31.2205],[76.613,31.2174],[76.6063,31.2166],[76.6053,31.2151],[76.5975,31.2119],[76.5924,31.2118],[76.5924,31.2175],[76.589,31.2193],[76.5885,31.2229],[76.5914,31.2229],[76.5928,31.2258],[76.5952,31.2269],[76.5941,31.2298],[76.5947,31.2342],[76.5983,31.2396],[76.6018,31.2411],[76.606,31.2414],[76.6106,31.2441],[76.6117,31.2498],[76.6071,31.2525],[76.6011,31.2591],[76.5963,31.2612],[76.5918,31.2659],[76.5924,31.2684],[76.5877,31.2742],[76.5835,31.2762],[76.5792,31.2711],[76.5756,31.2705],[76.5713,31.2662],[76.572,31.2648],[76.5695,31.2614],[76.5655,31.2618],[76.5613,31.2537],[76.5565,31.2524],[76.5526,31.2551],[76.5492,31.2528],[76.544,31.2565],[76.5436,31.2589],[76.5485,31.2661],[76.5475,31.2673],[76.5502,31.2699],[76.5488,31.2743],[76.5513,31.2785],[76.5469,31.2814],[76.5429,31.282],[76.5411,31.275],[76.5377,31.2705],[76.54,31.2663],[76.5391,31.2608],[76.5344,31.2577],[76.5307,31.2563],[76.5238,31.2581],[76.5229,31.2601],[76.5261,31.2649],[76.5289,31.2657],[76.5286,31.2681],[76.5303,31.2711],[76.5279,31.2734],[76.5274,31.2772],[76.5213,31.2802],[76.5167,31.2761],[76.5124,31.2731],[76.5064,31.2677],[76.5034,31.2676],[76.5012,31.2699],[76.4981,31.2697],[76.4964,31.2709],[76.4965,31.2767],[76.4949,31.2808],[76.4967,31.2853],[76.4942,31.289],[76.4903,31.2898],[76.491,31.2942],[76.488,31.2967],[76.4873,31.3007],[76.4845,31.3055],[76.4791,31.3087],[76.4754,31.3054],[76.4744,31.3024],[76.4655,31.2955],[76.4646,31.2953],[76.4571,31.2848],[76.4506,31.2824],[76.443,31.2775],[76.4398,31.2791],[76.4408,31.284],[76.4404,31.2879],[76.4357,31.2879],[76.4318,31.2852],[76.4294,31.2809],[76.4195,31.2778],[76.4076,31.2731],[76.4126,31.2659],[76.4157,31.263],[76.4167,31.2593],[76.4205,31.2555],[76.425,31.2535],[76.4266,31.2501],[76.4349,31.2469],[76.4379,31.2423],[76.4393,31.2378],[76.4451,31.2297],[76.4448,31.2288],[76.435,31.2286],[76.4245,31.2297],[76.4231,31.2323],[76.4178,31.2384],[76.415,31.2397],[76.4065,31.2475],[76.4027,31.2505],[76.3912,31.2503],[76.3834,31.2455],[76.3786,31.2511],[76.3668,31.2552],[76.3705,31.2614],[76.3656,31.267],[76.3632,31.2744],[76.3573,31.277],[76.351,31.2733],[76.3425,31.2757],[76.3384,31.2757],[76.3346,31.2741],[76.3305,31.2707],[76.3272,31.2671],[76.33,31.2628],[76.3302,31.2599],[76.3331,31.2577],[76.3357,31.2534],[76.3414,31.2498],[76.3402,31.2451],[76.3441,31.2431],[76.3494,31.2414],[76.3492,31.238],[76.3479,31.2358],[76.3421,31.231],[76.3393,31.2318],[76.3348,31.2291],[76.3318,31.2287],[76.3286,31.2241]]]},"properties":{"id":"in:subdistrict:262","level":"subdistrict","name":"Anandpur Sahib","code":262,"parent":"in:district:42","state":"in:state:3"}},{"type":"Feature","geometry":{"type":"Polygon","coordinates":[[[76.4679,30.0988],[76.4728,30.0977],[76.4821,30.0975],[76.4913,30.0946],[76.498,30.0945],[76.5028,30.0913],[76.5093,30.0847],[76.5104,30.0823],[76.5087,30.079],[76.5092,30.0738],[76.5083,30.0703],[76.5128,30.0712],[76.5194,30.0741],[76.5225,30.0741],[76.5269,30.077],[76.5287,30.0768],[76.5326,30.0735],[76.5364,30.0732],[76.541,30.0745],[76.5445,30.0747],[76.546,30.0768],[76.5456,30.0792],[76.5498,30.0789],[76.5555,30.0817],[76.5582,30.0851],[76.5605,30.0934],[76.5677,30.0959],[76.5752,30.1008],[76.5798,30.1046],[76.5823,30.1079],[76.5865,30.1107],[76.5955,30.1125],[76.5989,30.1121],[76.6031,30.1186],[76.6127,30.1267],[76.6165,30.1324],[76.6235,30.1402],[76.6328,30.1428],[76.6353,30.1466],[76.6383,30.1476],[76.6437,30.1502],[76.6403,30.151],[76.6392,30.1551],[76.6354,30.1608],[76.636,30.1629],[76.6327,30.1694],[76.6289,30.1689],[76.6237,30.175],[76.6234,30.1802],[76.6185,30.1833],[76.6073,30.1918],[76.6112,30.197],[76.6101,30.1985],[76.6142,30.2044],[76.6173,30.2014],[76.6241,30.1988],[76.6303,30.1985],[76.6394,30.1944],[76.645,30.1885],[76.6452,30.1871],[76.6395,30.1862],[76.6355,30.1845],[76.6361,30.1814],[76.6383,30.1781],[76.6368,30.1728],[76.6383,30.1708],[76.6419,30.171],[76.6428,30.1735],[76.6456,30.1754],[76.648,30.1754],[76.6527,30.1785],[76.654,30.184],[76.6571,30.1871],[76.6544,30.1906],[76.6506,30.1931],[76.652,30.1983],[76.6543,30.2035],[76.6471,30.2051],[76.6393,30.2088],[76.6357,30.2068],[76.6205,30.2079],[76.6166,30.2108],[76.6148,30.2135],[76.6164,30.2163],[76.6247,30.2216],[76.6275,30.2272],[76.6239,30.231],[76.6148,30.2354],[76.6099,30.2382],[76.6065,30.2392],[76.6029,30.2413],[76.606,30.2457],[76.6037,30.2519],[76.5963,30.2552],[76.5907,30.2534],[76.5879,30.254],[76.5865,30.2513],[76.5827,30.2478],[76.5679,30.2381],[76.5662,30.2353],[76.5638,30.2353],[76.5609,30.229],[76.5575,30.2288],[76.5555,30.2267],[76.5516,30.2267],[76.5457,30.2255],[76.5431,30.2284],[76.5452,30.23],[76.5536,30.2301],[76.555,30.2357],[76.5583,30.2407],[76.56,30.2452],[76.5583,30.2486],[76.5571,30.2564],[76.5579,30.2583],[76.5566,30.2622],[76.5596,30.2648],[76.5618,30.2622],[76.5657,30.264],[76.5694,30.2641],[76.5719,30.2652],[76.5751,30.2619],[76.5806,30.2652],[76.5838,30.2702],[76.5865,30.2685],[76.588,30.2648],[76.5929,30.2617],[76.6011,30.2703],[76.6041,30.2689],[76.6087,30.2679],[76.6139,30.2722],[76.6198,30.2668],[76.6205,30.265],[76.6234,30.2646],[76.6272,30.2694],[76.6256,30.2712],[76.6314,30.2761],[76.6304,30.2777],[76.6322,30.2839],[76.6354,30.2896],[76.6283,30.2926],[76.6222,30.2921],[76.6178,30.294],[76.6189,30.2962],[76.6075,30.2997],[76.6049,30.2996],[76.6034,30.2958],[76.5996,30.2937],[76.5992,30.2924],[76.5932,30.2925],[76.5831,30.2953],[76.581,30.2993],[76.5794,30.3003],[76.5761,30.2996],[76.5732,30.3037],[76.571,30.3037],[76.5611,30.2976],[76.5571,30.3027],[76.5516,30.3059],[76.5453,30.3115],[76.5441,30.3076],[76.5414,30.3078],[76.5364,30.3145],[76.5328,30.3166],[76.5292,30.3162],[76.5204,30.3127],[76.5175,30.3103],[76.5171,30.3205],[76.5184,30.3234],[76.5172,30.3282],[76.5206,30.3336],[76.5202,30.337],[76.5162,30.3375],[76.5118,30.3415],[76.5041,30.3408],[76.499,30.3458],[76.5015,30.3486],[76.5058,30.3492],[76.5144,30.3561],[76.5154,30.3587],[76.5185,30.3609],[76.5223,30.3658],[76.5119,30.3683],[76.5078,30.3716],[76.5077,30.3748],[76.5092,30.3771],[76.5113,30.3834],[76.5102,30.3844],[76.5127,30.3876],[76.5135,30.3929],[76.5105,30.3982],[76.5117,30.4013],[76.5169,30.4034],[76.5263,30.404],[76.5311,30.407],[76.533,30.4109],[76.5394,30.4153],[76.5369,30.4182],[76.5321,30.4201],[76.5283,30.4224],[76.527,30.4262],[76.5336,30.4335],[76.5326,30.4383],[76.5254,30.4422],[76.5178,30.4454],[76.5133,30.4427],[76.507,30.4364],[76.5025,30.4386],[76.4985,30.4394],[76.4943,30.4393],[76.4906,30.442],[76.4901,30.4475],[76.4922,30.45],[76.496,30.4515],[76.4979,30.4552],[76.4989,30.4633],[76.4957,30.4656],[76.492,30.4657],[76.4874,30.4647],[76.4772,30.4692],[76.4732,30.473],[76.47,30.4726],[76.4649,30.4668],[76.4673,30.4627],[76.4703,30.4599],[76.4694,30.4548],[76.4604,30.4597],[76.4551,30.4547],[76.4532,30.4517],[76.4496,30.4489],[76.4444,30.4538],[76.4423,30.4548],[76.4332,30.4554],[76.4246,30.4611],[76.4176,30.4645],[76.4152,30.4602],[76.4138,30.4557],[76.4074,30.4483],[76.4025,30.4514],[76.3971,30.452],[76.396,30.4561],[76.3938,30.4585],[76.3886,30.4609],[76.3842,30.4662],[76.3845,30.4691],[76.3824,30.4717],[76.379,30.4702],[76.373,30.4729],[76.3731,30.4691],[76.3698,30.4689],[76.3658,30.4666],[76.3623,30.4662],[76.3585,30.4634],[76.3529,30.4621],[76.3521,30.4606],[76.3447,30.4752],[76.3452,30.4802],[76.3348,30.4865],[76.3337,30.488],[76.3361,30.4924],[76.3344,30.4952],[76.3297,30.4937],[76.3189,30.4829],[76.3287,30.4811],[76.3365,30.4803],[76.3327,30.4773],[76.3269,30.471],[76.3308,30.4677],[76.3346,30.4627],[76.3351,30.457],[76.3382,30.4559],[76.3389,30.453],[76.3367,30.4497],[76.332,30.4495],[76.3251,30.4462],[76.3242,30.4406],[76.3225,30.4381],[76.3215,30.4342],[76.317,30.4338],[76.3115,30.4314],[76.3042,30.4224],[76.3038,30.421],[76.2955,30.4111],[76.2917,30.4111],[76.2843,30.4131],[76.2812,30.4147],[76.2742,30.4096],[76.2722,30.4065],[76.2736,30.4053],[76.2733,30.4021],[76.2715,30.3999],[76.2695,30.3933],[76.2739,30.3904],[76.2713,30.3867],[76.2643,30.3733],[76.262,30.3747],[76.2581,30.3804],[76.2546,30.3821],[76.2492,30.381],[76.2409,30.3776],[76.2348,30.3724],[76.2331,30.3692],[76.2358,30.3668],[76.2416,30.3638],[76.2451,30.3628],[76.2504,30.3598],[76.2565,30.3542],[76.2513,30.3524],[76.2542,30.3458],[76.2553,30.3416],[76.2536,30.3317],[76.2477,30.3269],[76.2426,30.326],[76.2437,30.3212],[76.2335,30.3127],[76.2349,30.3064],[76.2355,30.2995],[76.2307,30.297],[76.2265,30.2958],[76.2243,30.2972],[76.219,30.2941],[76.2171,30.294],[76.2139,30.2914],[76.21,30.2911],[76.2029,30.2857],[76.2032,30.2822],[76.2008,30.2778],[76.1976,30.2741],[76.1941,30.2723],[76.1899,30.2736],[76.1827,30.2748],[76.1769,30.2658],[76.1769,30.2632],[76.1794,30.2581],[76.183,30.2569],[76.174,30.2508],[76.176,30.2491],[76.1684,30.2418],[76.1724,30.2376],[76.1753,30.236],[76.184,30.2331],[76.196,30.2273],[76.2005,30.2298],[76.2118,30.2199],[76.2149,30.2221],[76.2158,30.2258],[76.2192,30.2305],[76.2194,30.2342],[76.2234,30.236],[76.2253,30.2393],[76.2299,30.2446],[76.2344,30.2469],[76.2386,30.2427],[76.2384,30.2412],[76.242,30.2395],[76.2461,30.2398],[76.2489,30.2474],[76.2516,30.2488],[76.2624,30.2592],[76.2649,30.2601],[76.269,30.2585],[76.275,30.2571],[76.2778,30.2543],[76.277,30.2499],[76.2819,30.2431],[76.2894,30.2395],[76.2913,30.2359],[76.2898,30.2314],[76.2868,30.2289],[76.2848,30.2255],[76.2787,30.2286],[76.2746,30.2261],[76.2671,30.2226],[76.2702,30.2202],[76.2688,30.2166],[76.2725,30.2139],[76.2718,30.2107],[76.2757,30.2085],[76.2784,30.2104],[76.2838,30.2073],[76.2862,30.2091],[76.2899,30.2009],[76.2945,30.1922],[76.2969,30.1889],[76.2907,30.1868],[76.2863,30.187],[76.2818,30.1864],[76.2766,30.1867],[76.2762,30.1831],[76.2727,30.1837],[76.2715,30.1807],[76.2732,30.1761],[76.2717,30.1718],[76.276,30.1689],[76.2788,30.1692],[76.2884,30.1664],[76.2916,30.166],[76.2968,30.1677],[76.298,30.1654],[76.2913,30.1574],[76.2855,30.1514],[76.2789,30.1403],[76.2817,30.1364],[76.2915,30.1366],[76.2957,30.1382],[76.2968,30.1346],[76.301,30.1296],[76.2984,30.1262],[76.2937,30.1237],[76.2915,30.1241],[76.2847,30.1227],[76.2814,30.1213],[76.2745,30.1148],[76.2785,30.1103],[76.2853,30.1062],[76.2913,30.1083],[76.2966,30.1144],[76.3058,30.11],[76.309,30.1075],[76.3137,30.1021],[76.3187,30.0972],[76.3223,30.0953],[76.325,30.0973],[76.3297,30.0992],[76.3342,30.1],[76.3399,30.0987],[76.3442,30.1008],[76.3447,30.1047],[76.3533,30.1149],[76.3544,30.1169],[76.3602,30.1202],[76.3532,30.1215],[76.3483,30.1232],[76.3421,30.1266],[76.3384,30.1329],[76.3335,30.1382],[76.334,30.142],[76.3378,30.1433],[76.3447,30.1428],[76.3505,30.1468],[76.3531,30.143],[76.3589,30.1402],[76.3601,30.1378],[76.3598,30.133],[76.3613,30.1297],[76.3662,30.1249],[76.3627,30.1239],[76.3604,30.1218],[76.3622,30.1201],[76.3679,30.1176],[76.3739,30.1163],[76.3802,30.1156],[76.3889,30.1132],[76.393,30.1136],[76.394,30.1152],[76.3988,30.1159],[76.3984,30.1206],[76.3949,30.122],[76.396,30.1261],[76.3911,30.1348],[76.3977,30.1402],[76.4014,30.1392],[76.4031,30.1417],[76.4091,30.1468],[76.4012,30.1542],[76.395,30.158],[76.3914,30.1643],[76.3935,30.1669],[76.3872,30.1706],[76.3905,30.1751],[76.3931,30.1762],[76.3964,30.1796],[76.3997,30.1801],[76.403,30.1821],[76.4036,30.1867],[76.4064,30.1903],[76.4096,30.1903],[76.4123,30.1917],[76.4219,30.1924],[76.4267,30.1885],[76.4343,30.1831],[76.4339,30.1809],[76.4308,30.1788],[76.4349,30.1755],[76.4359,30.1724],[76.4406,30.1658],[76.4404,30.164],[76.4365,30.1559],[76.4335,30.1558],[76.4286,30.151],[76.4299,30.1485],[76.4335,30.1463],[76.4398,30.1437],[76.4377,30.1422],[76.4375,30.1357],[76.4385,30.1331],[76.4413,30.1309],[76.4453,30.1306],[76.4509,30.1322],[76.4548,30.1306],[76.4572,30.1311],[76.46,30.1294],[76.4563,30.1154],[76.4571,30.1101],[76.4625,30.101],[76.4679,30.0988]]]},"properties":{"id":"in:subdistrict:253","level":"subdistrict","name":"Patiala","code":253,"parent":"in:district:41","state":"in:state:3"}},{"type":"Feature","geometry":{"type":"Polygon","coordinates":[[[75.7877,31.3687],[75.7945,31.3702],[75.7947,31.3718],[75.8011,31.3739],[75.8045,31.3697],[75.8087,31.3704],[75.8111,31.3656],[75.8123,31.3606],[75.8159,31.3618],[75.8173,31.3594],[75.8218,31.357],[75.8239,31.359],[75.8324,31.3606],[75.8336,31.3623],[75.8297,31.3698],[75.8363,31.3728],[75.8388,31.3696],[75.8432,31.3716],[75.8497,31.3728],[75.8539,31.3623],[75.855,31.3543],[75.8569,31.3499],[75.8592,31.352],[75.874,31.3547],[75.8769,31.3548],[75.8775,31.3638],[75.8827,31.3641],[75.89,31.3665],[75.8916,31.3699],[75.8947,31.3715],[75.8948,31.3744],[75.9042,31.3742],[75.9063,31.3735],[75.9101,31.369],[75.916,31.3687],[75.9206,31.3695],[75.9287,31.3766],[75.93,31.3792],[75.9337,31.382],[75.9422,31.3825],[75.9449,31.3835],[75.9498,31.3832],[75.9513,31.387],[75.9564,31.3876],[75.9584,31.3886],[75.9585,31.3926],[75.9619,31.3959],[75.9613,31.4056],[75.9711,31.4071],[75.9728,31.4088],[75.9761,31.4091],[75.9785,31.4112],[75.981,31.4108],[75.9875,31.4016],[75.9924,31.4018],[75.9928,31.407],[75.9916,31.4113],[75.9927,31.4204],[75.9962,31.4229],[76.0004,31.4196],[76.0054,31.4194],[76.0087,31.4161],[76.0094,31.4137],[76.0125,31.4137],[76.0173,31.4165],[76.0128,31.42],[76.011,31.4252],[76.0136,31.4282],[76.0171,31.429],[76.0182,31.431],[76.0254,31.4325],[76.022,31.4387],[76.0215,31.4427],[76.0251,31.4461],[76.0285,31.4467],[76.0286,31.4506],[76.0306,31.4534],[76.0326,31.4611],[76.032,31.4657],[76.0406,31.4715],[76.0467,31.4803],[76.0516,31.4804],[76.0606,31.4827],[76.0663,31.4856],[76.0681,31.4883],[76.0701,31.4886],[76.0721,31.4911],[76.0706,31.4948],[76.0718,31.4978],[76.0754,31.4975],[76.0796,31.4995],[76.0857,31.4995],[76.0906,31.5014],[76.0946,31.502],[76.0954,31.504],[76.1027,31.5095],[76.1064,31.5101],[76.1067,31.5119],[76.1019,31.5224],[76.1027,31.5249],[76.1004,31.5287],[76.0982,31.5341],[76.0986,31.5373],[76.0927,31.5404],[76.0914,31.5447],[76.0892,31.5476],[76.0852,31.5485],[76.0794,31.5557],[76.0791,31.5578],[76.0768,31.5611],[76.0733,31.5639],[76.0728,31.5693],[76.0691,31.5708],[76.0667,31.5732],[76.065,31.5791],[76.06,31.5812],[76.0565,31.585],[76.0581,31.5885],[76.0542,31.5937],[76.0573,31.5941],[76.0583,31.6004],[76.0559,31.6054],[76.0529,31.6054],[76.0502,31.6027],[76.0461,31.6038],[76.0413,31.6107],[76.0381,31.6094],[76.0368,31.6131],[76.0325,31.6175],[76.0293,31.6189],[76.0287,31.6227],[76.0245,31.6246],[76.0217,31.6273],[76.0179,31.6331],[76.0214,31.6378],[76.022,31.641],[76.0194,31.6425],[76.0174,31.6466],[76.0192,31.6494],[76.0147,31.6518],[76.0097,31.6534],[76.0088,31.6592],[76.007,31.6616],[76.0057,31.6699],[76.0064,31.6729],[76.0057,31.676],[76.003,31.6797],[76.0008,31.6885],[75.9983,31.6897],[75.997,31.693],[75.9947,31.6943],[75.9917,31.7014],[75.9931,31.7031],[75.9889,31.7077],[75.9887,31.7127],[75.9831,31.7188],[75.9832,31.7215],[75.9795,31.726],[75.9797,31.7288],[75.9779,31.7339],[75.9762,31.7339],[75.9725,31.7393],[75.9754,31.7425],[75.9742,31.7459],[75.9711,31.7492],[75.9723,31.751],[75.9707,31.7565],[75.9686,31.7599],[75.9662,31.7665],[75.9634,31.7688],[75.9632,31.7739],[75.9602,31.7811],[75.9528,31.7839],[75.9532,31.7883],[75.9502,31.7926],[75.9473,31.7992],[75.9367,31.8154],[75.9333,31.8176],[75.9321,31.8217],[75.9287,31.8238],[75.9271,31.8271],[75.9243,31.8265],[75.9201,31.8296],[75.9161,31.8268],[75.9124,31.8296],[75.9079,31.821],[75.9087,31.8184],[75.904,31.8167],[75.9019,31.8119],[75.8979,31.8121],[75.8969,31.8057],[75.8974,31.8026],[75.895,31.7982],[75.8929,31.7921],[75.894,31.7907],[75.8984,31.7902],[75.9003,31.7885],[75.8978,31.7869],[75.8966,31.7836],[75.898,31.7821],[75.8963,31.7787],[75.8935,31.7755],[75.8951,31.7725],[75.8946,31.7681],[75.8916,31.7652],[75.892,31.7637],[75.8878,31.7606],[75.8863,31.7566],[75.8887,31.7524],[75.8876,31.7494],[75.8856,31.7479],[75.8754,31.746],[75.8736,31.7462],[75.8677,31.7442],[75.8655,31.7416],[75.8569,31.7387],[75.8544,31.7392],[75.8465,31.7379],[75.8441,31.7362],[75.8441,31.7339],[75.8255,31.7338],[75.8226,31.7361],[75.812,31.7358],[75.8012,31.7347],[75.7971,31.7318],[75.7946,31.7313],[75.7949,31.7277],[75.7968,31.7245],[75.7993,31.7171],[75.8037,31.7102],[75.8036,31.708],[75.7978,31.7047],[75.7939,31.7074],[75.7881,31.7051],[75.7822,31.7008],[75.7814,31.7029],[75.7748,31.7014],[75.7772,31.6934],[75.7701,31.6887],[75.7701,31.6851],[75.762,31.6838],[75.753,31.6837],[75.7505,31.6842],[75.7501,31.6804],[75.7469,31.6751],[75.75,31.6715],[75.7578,31.6715],[75.763,31.6617],[75.7647,31.6539],[75.7491,31.65],[75.7465,31.6481],[75.7427,31.6509],[75.7414,31.6543],[75.7367,31.6534],[75.7364,31.6516],[75.7308,31.651],[75.7301,31.6578],[75.7272,31.6606],[75.7326,31.6634],[75.7341,31.6671],[75.7327,31.6689],[75.7327,31.6761],[75.7287,31.6769],[75.7277,31.6793],[75.7236,31.6782],[75.7229,31.6765],[75.7172,31.6751],[75.7179,31.6672],[75.7154,31.6669],[75.7169,31.6605],[75.7109,31.6597],[75.7111,31.6549],[75.7018,31.6538],[75.7016,31.6512],[75.7039,31.6415],[75.7176,31.6403],[75.7178,31.6315],[75.7194,31.6287],[75.724,31.63],[75.7338,31.6288],[75.7376,31.6294],[75.7427,31.6356],[75.7449,31.6364],[75.7509,31.6361],[75.7542,31.6341],[75.7612,31.633],[75.7633,31.6314],[75.7685,31.6318],[75.7747,31.6219],[75.7723,31.6202],[75.7687,31.6195],[75.7617,31.6194],[75.7592,31.6215],[75.7533,31.6212],[75.7468,31.6169],[75.7409,31.6159],[75.7402,31.6133],[75.7368,31.6104],[75.7392,31.6053],[75.7445,31.6067],[75.7469,31.6017],[75.7442,31.5987],[75.7376,31.5985],[75.7344,31.5967],[75.7339,31.59],[75.7252,31.5867],[75.7246,31.5913],[75.7256,31.5953],[75.714,31.5931],[75.7129,31.5915],[75.7131,31.5857],[75.6995,31.586],[75.6949,31.5875],[75.6907,31.5956],[75.6856,31.5943],[75.6815,31.5921],[75.6807,31.5897],[75.6822,31.5828],[75.6799,31.5795],[75.6816,31.5743],[75.6844,31.5715],[75.6885,31.5704],[75.6924,31.5596],[75.694,31.5581],[75.6953,31.5542],[75.7036,31.5558],[75.7057,31.542],[75.6993,31.5392],[75.7014,31.5341],[75.7027,31.5291],[75.7076,31.5299],[75.7125,31.5293],[75.713,31.5271],[75.7155,31.525],[75.7167,31.5202],[75.7231,31.522],[75.727,31.5159],[75.7332,31.5171],[75.7347,31.5058],[75.7381,31.5027],[75.7368,31.4994],[75.7344,31.4993],[75.7361,31.4949],[75.7385,31.4954],[75.7439,31.4904],[75.744,31.487],[75.7476,31.485],[75.7529,31.4851],[75.7546,31.48],[75.756,31.4811],[75.7594,31.4757],[75.7645,31.4771],[75.7695,31.4722],[75.7722,31.4714],[75.7786,31.4716],[75.7822,31.4623],[75.7859,31.4628],[75.7876,31.4598],[75.7835,31.4575],[75.7868,31.4519],[75.7898,31.4487],[75.7953,31.4502],[75.7967,31.4537],[75.7995,31.4538],[75.8046,31.4373],[75.8057,31.4352],[75.8095,31.4355],[75.8119,31.4341],[75.8136,31.4307],[75.8156,31.431],[75.8166,31.426],[75.8151,31.4222],[75.8123,31.4207],[75.8162,31.4126],[75.8177,31.4128],[75.8195,31.4058],[75.8205,31.4046],[75.8056,31.3989],[75.8062,31.3926],[75.8036,31.3887],[75.7996,31.3869],[75.7917,31.3845],[75.7861,31.3822],[75.7811,31.3822],[75.786,31.3687],[75.7877,31.3687]]]},"properties":{"id":"in:subdistrict:216","level":"subdistrict","name":"Hoshiarpur","code":216,"parent":"in:district:33","state":"in:state:3"}},{"type":"Feature","geometry":{"type":"Polygon","coordinates":[[[75.4609,31.2355],[75.4647,31.2306],[75.4686,31.2218],[75.4848,31.2236],[75.4903,31.222],[75.4996,31.2204],[75.5028,31.2183],[75.5095,31.223],[75.5163,31.2248],[75.5226,31.2249],[75.5197,31.2319],[75.521,31.2353],[75.5172,31.2379],[75.5131,31.2427],[75.5121,31.2502],[75.516,31.2506],[75.5228,31.2525],[75.525,31.2519],[75.5251,31.2483],[75.5317,31.2461],[75.5329,31.2426],[75.5373,31.2401],[75.5411,31.2394],[75.55,31.2397],[75.5499,31.2453],[75.5516,31.248],[75.5519,31.2509],[75.5543,31.2521],[75.5467,31.2577],[75.5504,31.2682],[75.5515,31.2752],[75.5483,31.278],[75.5513,31.2814],[75.5511,31.2827],[75.5539,31.2867],[75.5504,31.2882],[75.5522,31.2932],[75.5493,31.2949],[75.5486,31.299],[75.5493,31.3019],[75.5464,31.3037],[75.5449,31.3021],[75.5424,31.3041],[75.5372,31.3028],[75.5358,31.3036],[75.5318,31.3002],[75.5342,31.2987],[75.5325,31.2961],[75.5284,31.2973],[75.5304,31.2993],[75.5274,31.3039],[75.527,31.3069],[75.5294,31.3085],[75.5272,31.3123],[75.524,31.3105],[75.5223,31.3112],[75.5208,31.3163],[75.5234,31.3166],[75.5243,31.3188],[75.5287,31.3168],[75.5354,31.3205],[75.5352,31.3243],[75.5309,31.326],[75.5309,31.329],[75.5251,31.3293],[75.5249,31.3279],[75.5204,31.3283],[75.5201,31.3303],[75.5089,31.3306],[75.5126,31.3368],[75.5147,31.3415],[75.5131,31.3429],[75.5058,31.3432],[75.5061,31.3486],[75.5201,31.3482],[75.5204,31.3471],[75.5269,31.347],[75.5267,31.3537],[75.5326,31.3536],[75.5371,31.3574],[75.538,31.3626],[75.5457,31.3663],[75.5485,31.3618],[75.5502,31.363],[75.5407,31.377],[75.5358,31.385],[75.5338,31.3866],[75.5303,31.3932],[75.5257,31.3973],[75.5255,31.3997],[75.5278,31.4016],[75.5337,31.3946],[75.5357,31.3941],[75.5407,31.3881],[75.5391,31.3872],[75.5433,31.3819],[75.5505,31.3746],[75.5592,31.3821],[75.5622,31.3839],[75.5683,31.3846],[75.5694,31.3832],[75.569,31.3757],[75.5743,31.3764],[75.575,31.3694],[75.5796,31.3697],[75.5837,31.3711],[75.5873,31.3702],[75.5865,31.3682],[75.591,31.3668],[75.5911,31.3647],[75.5961,31.362],[75.6009,31.3577],[75.6031,31.36],[75.605,31.3647],[75.6033,31.3656],[75.6042,31.3698],[75.6029,31.371],[75.6095,31.3771],[75.6135,31.3794],[75.6167,31.3823],[75.6188,31.3818],[75.6231,31.3833],[75.6262,31.3862],[75.6332,31.3801],[75.6301,31.3773],[75.6349,31.3705],[75.6404,31.3699],[75.6498,31.3677],[75.6502,31.3646],[75.6574,31.3669],[75.6662,31.3707],[75.6661,31.3824],[75.6729,31.3862],[75.6686,31.3913],[75.6678,31.3954],[75.6646,31.4033],[75.6631,31.4045],[75.6562,31.4047],[75.6551,31.4072],[75.646,31.4038],[75.6437,31.4037],[75.6401,31.4072],[75.6415,31.4121],[75.6366,31.4125],[75.6362,31.4142],[75.6285,31.4179],[75.6239,31.422],[75.6169,31.425],[75.6138,31.4278],[75.6065,31.4286],[75.6041,31.4316],[75.6036,31.4341],[75.6049,31.4365],[75.6025,31.4425],[75.5978,31.4476],[75.6031,31.4522],[75.6007,31.4555],[75.601,31.4575],[75.5991,31.4641],[75.6026,31.4661],[75.6075,31.4638],[75.615,31.4633],[75.6143,31.4734],[75.6132,31.4748],[75.6071,31.4763],[75.609,31.4779],[75.6075,31.4836],[75.614,31.4839],[75.6235,31.4835],[75.6281,31.4862],[75.6317,31.4872],[75.6348,31.4869],[75.638,31.4888],[75.6463,31.4832],[75.6482,31.4833],[75.6519,31.4906],[75.6521,31.4944],[75.6546,31.4977],[75.6585,31.4973],[75.6585,31.4926],[75.6611,31.4929],[75.6627,31.4894],[75.6626,31.4807],[75.657,31.4805],[75.6538,31.4794],[75.653,31.4751],[75.6536,31.4708],[75.6583,31.4716],[75.6611,31.4698],[75.6646,31.4703],[75.6673,31.4718],[75.6694,31.4696],[75.6749,31.4697],[75.6778,31.4688],[75.6827,31.4701],[75.6852,31.4664],[75.6825,31.4617],[75.6813,31.4568],[75.6823,31.4531],[75.6863,31.4507],[75.687,31.4467],[75.6827,31.4457],[75.6862,31.4386],[75.6876,31.4373],[75.6965,31.4394],[75.6974,31.441],[75.7017,31.4429],[75.7002,31.446],[75.7012,31.4507],[75.7062,31.4496],[75.7153,31.4494],[75.7213,31.4508],[75.7311,31.4515],[75.7342,31.4534],[75.7423,31.4551],[75.7436,31.4589],[75.7489,31.46],[75.7484,31.4624],[75.7452,31.4665],[75.7431,31.472],[75.749,31.4752],[75.7545,31.4791],[75.7546,31.48],[75.7529,31.4851],[75.7476,31.485],[75.744,31.487],[75.7439,31.4904],[75.7385,31.4954],[75.7361,31.4949],[75.7344,31.4993],[75.7368,31.4994],[75.7381,31.5027],[75.7347,31.5058],[75.7332,31.5171],[75.727,31.5159],[75.7231,31.522],[75.7167,31.5202],[75.7155,31.525],[75.713,31.5271],[75.7125,31.5293],[75.7076,31.5299],[75.7027,31.5291],[75.7014,31.5341],[75.6993,31.5392],[75.7057,31.542],[75.7036,31.5558],[75.6953,31.5542],[75.694,31.5581],[75.6924,31.5596],[75.6885,31.5704],[75.6844,31.5715],[75.6816,31.5743],[75.6799,31.5795],[75.6822,31.5828],[75.6807,31.5897],[75.6815,31.5921],[75.6768,31.5935],[75.6718,31.5964],[75.671,31.5992],[75.6725,31.603],[75.6714,31.606],[75.6688,31.6082],[75.6615,31.6052],[75.6578,31.6054],[75.65,31.6073],[75.65,31.611],[75.6474,31.6112],[75.6469,31.6139],[75.6406,31.6166],[75.6392,31.6136],[75.6392,31.6105],[75.6319,31.612],[75.6301,31.6072],[75.6282,31.6049],[75.6238,31.6044],[75.6185,31.6048],[75.6171,31.6065],[75.6129,31.6071],[75.61,31.6101],[75.6039,31.6113],[75.5978,31.6097],[75.5979,31.6066],[75.5938,31.6031],[75.5987,31.5965],[75.6013,31.5922],[75.6014,31.5884],[75.6031,31.5842],[75.6006,31.5835],[75.5975,31.5871],[75.595,31.586],[75.5936,31.5825],[75.5934,31.5791],[75.5918,31.5766],[75.597,31.5674],[75.6023,31.5633],[75.5993,31.5578],[75.5959,31.5551],[75.591,31.5571],[75.5871,31.5604],[75.5815,31.5614],[75.5793,31.5626],[75.5763,31.5589],[75.576,31.5539],[75.5727,31.5476],[75.5771,31.5422],[75.5705,31.5385],[75.569,31.5363],[75.5664,31.5357],[75.5576,31.5356],[75.5534,31.5343],[75.551,31.5368],[75.5475,31.5424],[75.5453,31.5422],[75.5404,31.5447],[75.5294,31.5459],[75.5269,31.543],[75.5247,31.5437],[75.5224,31.539],[75.5293,31.537],[75.5312,31.5371],[75.5334,31.533],[75.5406,31.5283],[75.5388,31.5236],[75.5392,31.5161],[75.5337,31.5123],[75.5309,31.5124],[75.5313,31.5173],[75.5221,31.5194],[75.5132,31.5182],[75.512,31.5154],[75.5179,31.5121],[75.5157,31.509],[75.5138,31.5045],[75.5183,31.5035],[75.5196,31.4998],[75.5187,31.4899],[75.5162,31.4902],[75.5151,31.4847],[75.5113,31.4829],[75.5122,31.4809],[75.5085,31.48],[75.5087,31.4778],[75.5121,31.4694],[75.5151,31.4678],[75.517,31.465],[75.514,31.4618],[75.513,31.4593],[75.5098,31.4627],[75.5059,31.4643],[75.4988,31.4691],[75.4946,31.471],[75.4903,31.4707],[75.4894,31.4733],[75.4912,31.4748],[75.4913,31.4799],[75.489,31.4811],[75.4891,31.4842],[75.4802,31.4844],[75.4739,31.4931],[75.4742,31.4963],[75.4687,31.4977],[75.4662,31.4961],[75.4599,31.4979],[75.4575,31.4963],[75.4524,31.4975],[75.4491,31.4955],[75.4432,31.494],[75.4414,31.4947],[75.44,31.4894],[75.4401,31.4846],[75.4432,31.4824],[75.4447,31.4731],[75.4485,31.4705],[75.4521,31.4722],[75.4523,31.4697],[75.4547,31.4649],[75.4563,31.4574],[75.4614,31.4535],[75.4665,31.4467],[75.4647,31.439],[75.4593,31.4401],[75.4579,31.4374],[75.4503,31.444],[75.4454,31.4405],[75.4463,31.4363],[75.4538,31.4308],[75.4512,31.4271],[75.4464,31.4295],[75.4424,31.4325],[75.4382,31.426],[75.4369,31.4257],[75.4341,31.4174],[75.4316,31.414],[75.4368,31.4105],[75.4367,31.4081],[75.4421,31.4052],[75.4388,31.3976],[75.4334,31.3935],[75.4364,31.3915],[75.4373,31.389],[75.4366,31.385],[75.4388,31.3825],[75.444,31.3821],[75.4482,31.3828],[75.4605,31.3813],[75.4606,31.3836],[75.4639,31.3838],[75.4668,31.3853],[75.4695,31.3893],[75.4702,31.3957],[75.4728,31.3956],[75.479,31.3923],[75.486,31.3867],[75.4905,31.3859],[75.4887,31.3831],[75.4873,31.375],[75.4809,31.3761],[75.4798,31.3722],[75.4775,31.372],[75.4745,31.3737],[75.4672,31.3712],[75.4669,31.3741],[75.4635,31.3747],[75.4557,31.3716],[75.4585,31.3645],[75.4578,31.363],[75.4611,31.3609],[75.4656,31.3625],[75.469,31.3619],[75.4729,31.3637],[75.4775,31.3677],[75.4822,31.3642],[75.4801,31.3595],[75.4786,31.3533],[75.4791,31.3501],[75.4781,31.3453],[75.4753,31.339],[75.474,31.3345],[75.4712,31.3287],[75.4686,31.3248],[75.4614,31.3254],[75.4537,31.3246],[75.4482,31.3247],[75.4462,31.3229],[75.44,31.3218],[75.4342,31.3178],[75.4382,31.3143],[75.4391,31.3113],[75.4428,31.3066],[75.4428,31.3041],[75.4381,31.2968],[75.4366,31.2929],[75.4376,31.2894],[75.4465,31.2863],[75.4483,31.2877],[75.4531,31.2856],[75.4525,31.2819],[75.4598,31.2799],[75.463,31.2799],[75.4648,31.2754],[75.4675,31.2625],[75.4679,31.2574],[75.4715,31.2552],[75.472,31.251],[75.4675,31.2479],[75.466,31.2482],[75.4618,31.2436],[75.4609,31.2355]]]},"properties":{"id":"in:subdistrict:213","level":"subdistrict","name":"Jalandhar - II","code":213,"parent":"in:district:34","state":"in:state:3"}},{"type":"Feature","geometry":{"type":"Polygon","coordinates":[[[75.4414,31.4947],[75.4432,31.494],[75.4491,31.4955],[75.4524,31.4975],[75.4575,31.4963],[75.4599,31.4979],[75.4662,31.4961],[75.4687,31.4977],[75.4742,31.4963],[75.4739,31.4931],[75.4802,31.4844],[75.4891,31.4842],[75.489,31.4811],[75.4913,31.4799],[75.4912,31.4748],[75.4894,31.4733],[75.4903,31.4707],[75.4946,31.471],[75.4988,31.4691],[75.5059,31.4643],[75.5098,31.4627],[75.513,31.4593],[75.514,31.4618],[75.517,31.465],[75.5151,31.4678],[75.5121,31.4694],[75.5087,31.4778],[75.5085,31.48],[75.5122,31.4809],[75.5113,31.4829],[75.5151,31.4847],[75.5162,31.4902],[75.5187,31.4899],[75.5196,31.4998],[75.5183,31.5035],[75.5138,31.5045],[75.5157,31.509],[75.5179,31.5121],[75.512,31.5154],[75.5132,31.5182],[75.5221,31.5194],[75.5313,31.5173],[75.5309,31.5124],[75.5337,31.5123],[75.5392,31.5161],[75.5388,31.5236],[75.5406,31.5283],[75.5334,31.533],[75.5312,31.5371],[75.5293,31.537],[75.5224,31.539],[75.5247,31.5437],[75.5269,31.543],[75.5294,31.5459],[75.5404,31.5447],[75.5453,31.5422],[75.5475,31.5424],[75.551,31.5368],[75.5534,31.5343],[75.5576,31.5356],[75.5664,31.5357],[75.569,31.5363],[75.5705,31.5385],[75.5771,31.5422],[75.5727,31.5476],[75.576,31.5539],[75.5763,31.5589],[75.5793,31.5626],[75.5815,31.5614],[75.5871,31.5604],[75.591,31.5571],[75.5959,31.5551],[75.5993,31.5578],[75.6023,31.5633],[75.597,31.5674],[75.5918,31.5766],[75.5934,31.5791],[75.5936,31.5825],[75.595,31.586],[75.5975,31.5871],[75.6006,31.5835],[75.6031,31.5842],[75.6014,31.5884],[75.6013,31.5922],[75.5987,31.5965],[75.5938,31.6031],[75.5936,31.6046],[75.5846,31.6051],[75.5787,31.6072],[75.5761,31.6066],[75.5735,31.6175],[75.5703,31.617],[75.5712,31.6148],[75.5705,31.6096],[75.5672,31.6108],[75.5688,31.6217],[75.5714,31.6307],[75.5723,31.6354],[75.563,31.6392],[75.5599,31.6387],[75.5557,31.6398],[75.5558,31.6359],[75.5517,31.6337],[75.5499,31.6346],[75.5469,31.6386],[75.548,31.6394],[75.5397,31.6486],[75.5321,31.6486],[75.5305,31.6432],[75.5315,31.6403],[75.5289,31.6369],[75.5323,31.6351],[75.5316,31.6336],[75.5248,31.6328],[75.5238,31.6366],[75.52,31.6404],[75.5147,31.6395],[75.5112,31.64],[75.5108,31.6421],[75.5082,31.6433],[75.505,31.642],[75.5021,31.6438],[75.498,31.6422],[75.489,31.6486],[75.4849,31.6504],[75.4759,31.6515],[75.4743,31.6502],[75.4704,31.6467],[75.4685,31.6371],[75.4671,31.6359],[75.4526,31.6324],[75.4449,31.6309],[75.4272,31.6261],[75.4243,31.6257],[75.4194,31.6216],[75.4183,31.6175],[75.4191,31.6149],[75.4173,31.6113],[75.4125,31.5982],[75.4043,31.5935],[75.4023,31.5924],[75.4,31.5869],[75.396,31.5804],[75.3778,31.5796],[75.3753,31.5783],[75.3906,31.5628],[75.4028,31.56],[75.4011,31.5582],[75.4011,31.5522],[75.4042,31.5545],[75.4054,31.5486],[75.4075,31.5453],[75.4053,31.5433],[75.4115,31.5395],[75.4164,31.5372],[75.4196,31.5372],[75.42,31.5341],[75.4241,31.5344],[75.4288,31.5309],[75.4326,31.5292],[75.4336,31.5189],[75.4306,31.5168],[75.4325,31.512],[75.4321,31.5099],[75.4268,31.5075],[75.4257,31.5002],[75.4272,31.4933],[75.4235,31.4905],[75.4238,31.4889],[75.4319,31.4904],[75.438,31.4923],[75.4414,31.4947]]]},"properties":{"id":"in:subdistrict:205","level":"subdistrict","name":"Bhulath","code":205,"parent":"in:district:35","state":"in:state:3"}},{"type":"Feature","geometry":{"type":"Polygon","coordinates":[[[75.5324,31.7799],[75.5307,31.779],[75.5337,31.7736],[75.5391,31.7665],[75.5384,31.7594],[75.5384,31.7539],[75.5374,31.7506],[75.5418,31.7503],[75.535,31.7391],[75.5342,31.736],[75.5306,31.7345],[75.5251,31.7283],[75.5175,31.7174],[75.5098,31.7091],[75.505,31.7071],[75.5,31.7024],[75.4942,31.698],[75.4932,31.6954],[75.4939,31.6896],[75.4907,31.6804],[75.484,31.6771],[75.4837,31.6746],[75.4803,31.6717],[75.4842,31.6696],[75.4714,31.6539],[75.4743,31.6502],[75.4759,31.6515],[75.4849,31.6504],[75.489,31.6486],[75.498,31.6422],[75.5021,31.6438],[75.505,31.642],[75.5082,31.6433],[75.5108,31.6421],[75.5112,31.64],[75.5147,31.6395],[75.52,31.6404],[75.5238,31.6366],[75.5248,31.6328],[75.5316,31.6336],[75.5323,31.6351],[75.5289,31.6369],[75.5315,31.6403],[75.5305,31.6432],[75.5321,31.6486],[75.5397,31.6486],[75.548,31.6394],[75.5469,31.6386],[75.5499,31.6346],[75.5517,31.6337],[75.5558,31.6359],[75.5557,31.6398],[75.5599,31.6387],[75.563,31.6392],[75.5723,31.6354],[75.5714,31.6307],[75.5688,31.6217],[75.5672,31.6108],[75.5705,31.6096],[75.5712,31.6148],[75.5703,31.617],[75.5735,31.6175],[75.5761,31.6066],[75.5787,31.6072],[75.5846,31.6051],[75.5936,31.6046],[75.5938,31.6031],[75.5979,31.6066],[75.5978,31.6097],[75.6039,31.6113],[75.61,31.6101],[75.6129,31.6071],[75.6171,31.6065],[75.6185,31.6048],[75.6238,31.6044],[75.6282,31.6049],[75.6301,31.6072],[75.6319,31.612],[75.6392,31.6105],[75.6392,31.6136],[75.6406,31.6166],[75.6469,31.6139],[75.6474,31.6112],[75.65,31.611],[75.65,31.6073],[75.6578,31.6054],[75.6615,31.6052],[75.6688,31.6082],[75.6714,31.606],[75.6725,31.603],[75.671,31.5992],[75.6718,31.5964],[75.6768,31.5935],[75.6815,31.5921],[75.6856,31.5943],[75.6907,31.5956],[75.6949,31.5875],[75.6995,31.586],[75.7131,31.5857],[75.7129,31.5915],[75.714,31.5931],[75.7256,31.5953],[75.7246,31.5913],[75.7252,31.5867],[75.7339,31.59],[75.7344,31.5967],[75.7376,31.5985],[75.7442,31.5987],[75.7469,31.6017],[75.7445,31.6067],[75.7392,31.6053],[75.7368,31.6104],[75.7402,31.6133],[75.7409,31.6159],[75.7468,31.6169],[75.7533,31.6212],[75.7592,31.6215],[75.7617,31.6194],[75.7687,31.6195],[75.7723,31.6202],[75.7747,31.6219],[75.7685,31.6318],[75.7633,31.6314],[75.7612,31.633],[75.7542,31.6341],[75.7509,31.6361],[75.7449,31.6364],[75.7427,31.6356],[75.7376,31.6294],[75.7338,31.6288],[75.724,31.63],[75.7194,31.6287],[75.7178,31.6315],[75.7176,31.6403],[75.7039,31.6415],[75.7016,31.6512],[75.7018,31.6538],[75.7111,31.6549],[75.7109,31.6597],[75.7169,31.6605],[75.7154,31.6669],[75.7179,31.6672],[75.7172,31.6751],[75.7229,31.6765],[75.7236,31.6782],[75.7277,31.6793],[75.7287,31.6769],[75.7327,31.6761],[75.7327,31.6689],[75.7341,31.6671],[75.7326,31.6634],[75.7272,31.6606],[75.7301,31.6578],[75.7308,31.651],[75.7364,31.6516],[75.7367,31.6534],[75.7414,31.6543],[75.7427,31.6509],[75.7465,31.6481],[75.7491,31.65],[75.7647,31.6539],[75.763,31.6617],[75.7578,31.6715],[75.75,31.6715],[75.7469,31.6751],[75.7501,31.6804],[75.7505,31.6842],[75.753,31.6837],[75.762,31.6838],[75.7701,31.6851],[75.7701,31.6887],[75.7772,31.6934],[75.7748,31.7014],[75.7814,31.7029],[75.7822,31.7008],[75.7881,31.7051],[75.7939,31.7074],[75.7978,31.7047],[75.8036,31.708],[75.8037,31.7102],[75.7993,31.7171],[75.7968,31.7245],[75.7949,31.7277],[75.7946,31.7313],[75.7971,31.7318],[75.8012,31.7347],[75.812,31.7358],[75.8226,31.7361],[75.8255,31.7338],[75.8441,31.7339],[75.8441,31.7362],[75.8465,31.7379],[75.8544,31.7392],[75.8569,31.7387],[75.8655,31.7416],[75.8677,31.7442],[75.8736,31.7462],[75.8754,31.746],[75.8856,31.7479],[75.8876,31.7494],[75.8887,31.7524],[75.8863,31.7566],[75.8878,31.7606],[75.892,31.7637],[75.8916,31.7652],[75.8946,31.7681],[75.8951,31.7725],[75.8935,31.7755],[75.8963,31.7787],[75.898,31.7821],[75.8966,31.7836],[75.8978,31.7869],[75.9003,31.7885],[75.8984,31.7902],[75.894,31.7907],[75.8929,31.7921],[75.895,31.7982],[75.8974,31.8026],[75.8969,31.8057],[75.8979,31.8121],[75.9019,31.8119],[75.904,31.8167],[75.9087,31.8184],[75.9079,31.821],[75.9124,31.8296],[75.9095,31.8303],[75.9052,31.8345],[75.8975,31.8378],[75.894,31.8323],[75.8942,31.8248],[75.8961,31.8226],[75.8941,31.8209],[75.893,31.8166],[75.8886,31.8145],[75.8847,31.8199],[75.8811,31.8176],[75.8755,31.8187],[75.8762,31.8203],[75.868,31.821],[75.8647,31.8183],[75.8626,31.8142],[75.8578,31.8118],[75.8544,31.8111],[75.8511,31.809],[75.8494,31.8036],[75.844,31.7999],[75.8415,31.8073],[75.8394,31.8082],[75.839,31.8122],[75.8352,31.8137],[75.8346,31.8189],[75.8361,31.8211],[75.84,31.8239],[75.8422,31.8285],[75.8371,31.8323],[75.837,31.8355],[75.8409,31.8377],[75.8443,31.8412],[75.8406,31.8463],[75.8378,31.8478],[75.8271,31.8599],[75.8246,31.8639],[75.8231,31.87],[75.823,31.8747],[75.8171,31.8836],[75.8117,31.8874],[75.7973,31.8938],[75.7918,31.8946],[75.7903,31.8938],[75.7839,31.8971],[75.7793,31.8979],[75.773,31.8971],[75.774,31.9032],[75.7763,31.9099],[75.7747,31.9158],[75.7679,31.9155],[75.7617,31.9141],[75.7542,31.9106],[75.7508,31.9125],[75.7433,31.908],[75.736,31.9081],[75.7358,31.902],[75.7319,31.9016],[75.7302,31.8995],[75.7238,31.9009],[75.7165,31.9013],[75.7135,31.9005],[75.7126,31.8981],[75.7059,31.8994],[75.7059,31.9018],[75.7029,31.902],[75.699,31.9049],[75.6976,31.8972],[75.6919,31.8977],[75.6884,31.8964],[75.6893,31.8943],[75.6934,31.8925],[75.6942,31.8871],[75.6939,31.8845],[75.6863,31.8831],[75.6851,31.8818],[75.679,31.8822],[75.6785,31.8806],[75.6691,31.881],[75.6645,31.8789],[75.6576,31.8782],[75.6515,31.8802],[75.644,31.8813],[75.6395,31.884],[75.6361,31.885],[75.6366,31.887],[75.6338,31.8881],[75.6268,31.8887],[75.6281,31.886],[75.6331,31.8803],[75.6355,31.8748],[75.6343,31.8726],[75.6286,31.8726],[75.6261,31.8713],[75.621,31.873],[75.6189,31.8748],[75.6123,31.8777],[75.604,31.8789],[75.6049,31.8811],[75.5998,31.8829],[75.5937,31.8841],[75.5944,31.8907],[75.5917,31.8939],[75.5918,31.8969],[75.5797,31.8941],[75.578,31.8914],[75.5757,31.8911],[75.574,31.8878],[75.5768,31.8843],[75.5767,31.8808],[75.5737,31.8792],[75.5718,31.8767],[75.5689,31.8753],[75.5686,31.8726],[75.5695,31.8548],[75.5645,31.8542],[75.5624,31.851],[75.5537,31.8507],[75.5536,31.8496],[75.5478,31.8487],[75.5501,31.8397],[75.5511,31.826],[75.5549,31.8259],[75.5579,31.8271],[75.5624,31.8275],[75.5616,31.8249],[75.5647,31.8145],[75.5674,31.8124],[75.5689,31.807],[75.5672,31.8003],[75.5592,31.7994],[75.5636,31.7941],[75.5617,31.7911],[75.5615,31.7878],[75.5585,31.7814],[75.5524,31.7766],[75.5447,31.7765],[75.5366,31.7779],[75.5324,31.7799]]]},"properties":{"id":"in:subdistrict:214","level":"subdistrict","name":"Dasua","code":214,"parent":"in:district:33","state":"in:state:3"}},{"type":"Feature","geometry":{"type":"Polygon","coordinates":[[[75.5689,31.8753],[75.5718,31.8767],[75.5737,31.8792],[75.5767,31.8808],[75.5768,31.8843],[75.574,31.8878],[75.5757,31.8911],[75.578,31.8914],[75.5797,31.8941],[75.5918,31.8969],[75.5917,31.8939],[75.5944,31.8907],[75.5937,31.8841],[75.5998,31.8829],[75.6049,31.8811],[75.604,31.8789],[75.6123,31.8777],[75.6189,31.8748],[75.621,31.873],[75.6261,31.8713],[75.6286,31.8726],[75.6343,31.8726],[75.6355,31.8748],[75.6331,31.8803],[75.6281,31.886],[75.6268,31.8887],[75.6338,31.8881],[75.6366,31.887],[75.6361,31.885],[75.6395,31.884],[75.644,31.8813],[75.6515,31.8802],[75.6576,31.8782],[75.6645,31.8789],[75.6691,31.881],[75.6785,31.8806],[75.679,31.8822],[75.6851,31.8818],[75.6863,31.8831],[75.6939,31.8845],[75.6942,31.8871],[75.6934,31.8925],[75.6893,31.8943],[75.6884,31.8964],[75.6919,31.8977],[75.6976,31.8972],[75.699,31.9049],[75.7029,31.902],[75.7059,31.9018],[75.7059,31.8994],[75.7126,31.8981],[75.7135,31.9005],[75.7165,31.9013],[75.7238,31.9009],[75.7302,31.8995],[75.7319,31.9016],[75.7358,31.902],[75.736,31.9081],[75.7433,31.908],[75.7508,31.9125],[75.7542,31.9106],[75.7617,31.9141],[75.7679,31.9155],[75.7747,31.9158],[75.7763,31.9099],[75.774,31.9032],[75.773,31.8971],[75.7793,31.8979],[75.7839,31.8971],[75.7903,31.8938],[75.7918,31.8946],[75.7973,31.8938],[75.8117,31.8874],[75.8171,31.8836],[75.823,31.8747],[75.8231,31.87],[75.8246,31.8639],[75.8271,31.8599],[75.8378,31.8478],[75.8406,31.8463],[75.8443,31.8412],[75.8409,31.8377],[75.837,31.8355],[75.8371,31.8323],[75.8422,31.8285],[75.84,31.8239],[75.8361,31.8211],[75.8346,31.8189],[75.8352,31.8137],[75.839,31.8122],[75.8394,31.8082],[75.8415,31.8073],[75.844,31.7999],[75.8494,31.8036],[75.8511,31.809],[75.8544,31.8111],[75.8578,31.8118],[75.8626,31.8142],[75.8647,31.8183],[75.868,31.821],[75.8762,31.8203],[75.8755,31.8187],[75.8811,31.8176],[75.8847,31.8199],[75.8886,31.8145],[75.893,31.8166],[75.8941,31.8209],[75.8961,31.8226],[75.8942,31.8248],[75.894,31.8323],[75.8975,31.8378],[75.9052,31.8345],[75.9095,31.8303],[75.9124,31.8296],[75.9161,31.8268],[75.9201,31.8296],[75.9243,31.8265],[75.9271,31.8271],[75.9287,31.8238],[75.9321,31.8217],[75.9333,31.8176],[75.9367,31.8154],[75.9418,31.8127],[75.9475,31.813],[75.952,31.8153],[75.957,31.8163],[75.9581,31.8184],[75.9614,31.8197],[75.9648,31.8232],[75.9694,31.8238],[75.9733,31.8184],[75.9756,31.8188],[75.9786,31.813],[75.982,31.814],[75.9835,31.8116],[75.987,31.8131],[75.9857,31.8162],[75.9859,31.8195],[75.9792,31.8231],[75.9749,31.8283],[75.9712,31.8285],[75.9709,31.8334],[75.966,31.8383],[75.9638,31.847],[75.9612,31.8548],[75.96,31.8569],[75.9548,31.8662],[75.9529,31.8686],[75.9503,31.8743],[75.9451,31.8836],[75.9424,31.8859],[75.9387,31.891],[75.9387,31.8942],[75.9309,31.9073],[75.9237,31.9198],[75.9169,31.9287],[75.9116,31.9398],[75.9107,31.943],[75.9107,31.9488],[75.9095,31.9509],[75.9037,31.9527],[75.9014,31.955],[75.8925,31.9618],[75.8827,31.9658],[75.883,31.9689],[75.8743,31.9695],[75.8668,31.9721],[75.8611,31.9724],[75.857,31.9738],[75.852,31.98],[75.8511,31.982],[75.8463,31.9817],[75.8322,31.9827],[75.8292,31.9835],[75.8241,31.9834],[75.8158,31.986],[75.8113,31.9879],[75.8035,31.9929],[75.7997,31.9938],[75.7905,31.9997],[75.7871,32.0006],[75.7798,32.0047],[75.7697,32.016],[75.7655,32.0194],[75.7508,32.0377],[75.7428,32.0394],[75.7362,32.0367],[75.7307,32.0357],[75.7239,32.0326],[75.7121,32.04],[75.7084,32.0451],[75.7062,32.0514],[75.7045,32.0542],[75.6974,32.0588],[75.6929,32.0604],[75.6847,32.0613],[75.6777,32.0633],[75.6741,32.0671],[75.6747,32.0699],[75.6714,32.0719],[75.6632,32.074],[75.6629,32.0757],[75.6571,32.0775],[75.6534,32.0771],[75.6462,32.0727],[75.6343,32.0712],[75.6307,32.0742],[75.6215,32.0722],[75.6125,32.0684],[75.6016,32.0655],[75.6,32.0687],[75.5953,32.069],[75.5958,32.0744],[75.5946,32.0784],[75.5966,32.0812],[75.5958,32.0857],[75.5911,32.0805],[75.583,32.0778],[75.5737,32.0677],[75.572,32.0641],[75.5698,32.0572],[75.5688,32.0488],[75.5671,32.0436],[75.5628,32.0377],[75.5591,32.0349],[75.5556,32.0345],[75.5529,32.0319],[75.5349,32.0305],[75.538,32.0288],[75.5385,32.0261],[75.5416,32.025],[75.5432,32.0149],[75.547,32.0077],[75.549,32.0068],[75.5558,32.0014],[75.5572,31.9995],[75.5533,31.9928],[75.5497,31.9879],[75.5436,31.9826],[75.5465,31.98],[75.5429,31.9766],[75.5415,31.9726],[75.5426,31.9707],[75.5416,31.9672],[75.5376,31.9676],[75.5339,31.9603],[75.5314,31.9475],[75.531,31.9415],[75.537,31.9419],[75.5388,31.9344],[75.54,31.9259],[75.5482,31.9097],[75.5553,31.9004],[75.5567,31.8993],[75.5594,31.8878],[75.5651,31.8882],[75.5675,31.8773],[75.5689,31.8753]]]},"properties":{"id":"in:subdistrict:215","level":"subdistrict","name":"Mukerian","code":215,"parent":"in:district:33","state":"in:state:3"}},{"type":"Feature","geometry":{"type":"Polygon","coordinates":[[[75.3322,32.3267],[75.3377,32.3218],[75.3366,32.3166],[75.3328,32.316],[75.3301,32.3126],[75.3336,32.311],[75.3299,32.3068],[75.324,32.3025],[75.3205,32.2974],[75.3254,32.2957],[75.3302,32.2955],[75.3326,32.2944],[75.3502,32.2899],[75.349,32.287],[75.3437,32.2786],[75.3518,32.2792],[75.3608,32.2788],[75.3711,32.2796],[75.3731,32.2788],[75.3781,32.2732],[75.3786,32.2703],[75.3819,32.269],[75.3807,32.266],[75.3743,32.2659],[75.3708,32.2576],[75.371,32.2479],[75.3705,32.2425],[75.3742,32.2414],[75.3724,32.2339],[75.3732,32.2289],[75.3716,32.2247],[75.3686,32.2262],[75.3658,32.2239],[75.3655,32.2199],[75.3574,32.2181],[75.3466,32.2178],[75.3421,32.217],[75.3367,32.2195],[75.3314,32.2196],[75.327,32.2139],[75.3379,32.2065],[75.3459,32.2067],[75.348,32.2055],[75.3578,32.1966],[75.3666,32.1923],[75.3774,32.1908],[75.3781,32.1837],[75.3822,32.1831],[75.3864,32.1872],[75.3932,32.1894],[75.4001,32.1901],[75.4033,32.1878],[75.4026,32.1825],[75.403,32.178],[75.4131,32.177],[75.412,32.1716],[75.4151,32.1701],[75.4163,32.1657],[75.4202,32.1638],[75.4243,32.1646],[75.4297,32.1689],[75.4316,32.1682],[75.4423,32.1668],[75.4412,32.1628],[75.4344,32.1644],[75.4337,32.1607],[75.4354,32.155],[75.4344,32.149],[75.4367,32.1487],[75.4405,32.1529],[75.4474,32.1505],[75.4484,32.1531],[75.4521,32.1528],[75.452,32.151],[75.4569,32.1522],[75.4578,32.157],[75.4636,32.1548],[75.4682,32.1576],[75.4756,32.1572],[75.476,32.1596],[75.481,32.1598],[75.4832,32.1568],[75.4812,32.1541],[75.4869,32.1517],[75.4894,32.1533],[75.497,32.1531],[75.4991,32.1488],[75.5017,32.1483],[75.5059,32.1452],[75.5088,32.1454],[75.5104,32.1489],[75.5197,32.1486],[75.5275,32.1472],[75.5359,32.1467],[75.5434,32.1456],[75.5434,32.1404],[75.5485,32.1402],[75.552,32.1381],[75.5516,32.1333],[75.5559,32.1326],[75.5577,32.1352],[75.5648,32.1356],[75.5681,32.1367],[75.5768,32.1375],[75.5793,32.1392],[75.5848,32.1395],[75.5877,32.1381],[75.5868,32.1327],[75.5889,32.129],[75.5884,32.1182],[75.5859,32.1183],[75.5829,32.1109],[75.5826,32.1071],[75.5857,32.1052],[75.5943,32.1113],[75.595,32.1045],[75.5976,32.0953],[75.6008,32.0931],[75.6097,32.0934],[75.6143,32.0944],[75.619,32.0968],[75.6218,32.1022],[75.6265,32.1074],[75.6272,32.1176],[75.6262,32.1193],[75.6302,32.1221],[75.6444,32.1279],[75.6466,32.1292],[75.6562,32.1336],[75.6617,32.1387],[75.6673,32.1487],[75.6686,32.1525],[75.6727,32.1592],[75.6635,32.1622],[75.6662,32.1647],[75.6674,32.1719],[75.6662,32.1736],[75.667,32.1784],[75.6587,32.178],[75.6583,32.1794],[75.6599,32.1878],[75.6613,32.1879],[75.6631,32.1915],[75.6619,32.1929],[75.6579,32.1938],[75.6553,32.1968],[75.6508,32.1958],[75.6454,32.1925],[75.6377,32.1925],[75.6378,32.1872],[75.6334,32.1867],[75.6316,32.1896],[75.6238,32.19],[75.6244,32.1971],[75.6262,32.2004],[75.6274,32.2082],[75.626,32.2093],[75.6263,32.216],[75.6313,32.2164],[75.6366,32.2198],[75.6373,32.2227],[75.6366,32.2287],[75.6356,32.2317],[75.6264,32.2325],[75.6181,32.2358],[75.6185,32.2376],[75.6293,32.2423],[75.6351,32.2466],[75.6366,32.2498],[75.6409,32.2522],[75.646,32.2522],[75.6527,32.2511],[75.6581,32.2511],[75.6696,32.2549],[75.6754,32.2572],[75.6835,32.2611],[75.7057,32.2687],[75.7132,32.2722],[75.7395,32.2755],[75.7467,32.2772],[75.7526,32.2795],[75.7613,32.2835],[75.7723,32.2894],[75.777,32.3017],[75.7811,32.3092],[75.7752,32.3147],[75.7748,32.3175],[75.7723,32.3187],[75.7691,32.3264],[75.7621,32.327],[75.7586,32.3313],[75.7578,32.3357],[75.7542,32.3373],[75.7484,32.3377],[75.7442,32.3354],[75.741,32.3382],[75.7367,32.335],[75.7251,32.3283],[75.7203,32.3232],[75.7146,32.3268],[75.7094,32.328],[75.7051,32.3347],[75.7016,32.3366],[75.6987,32.3395],[75.697,32.3452],[75.6938,32.346],[75.6917,32.3487],[75.688,32.3557],[75.6878,32.3575],[75.6845,32.3607],[75.6814,32.3702],[75.6813,32.3768],[75.6799,32.379],[75.677,32.3808],[75.669,32.3878],[75.6652,32.3922],[75.6535,32.3889],[75.6465,32.3874],[75.6346,32.3799],[75.6241,32.3782],[75.6146,32.3771],[75.6083,32.3768],[75.5953,32.377],[75.5818,32.3696],[75.5598,32.357],[75.5568,32.3531],[75.5503,32.3488],[75.547,32.3443],[75.5398,32.3364],[75.5377,32.3259],[75.5391,32.3258],[75.5428,32.3216],[75.5421,32.3147],[75.5435,32.3123],[75.5422,32.3038],[75.5395,32.3002],[75.5393,32.2922],[75.5368,32.2831],[75.5322,32.2778],[75.5286,32.2782],[75.5262,32.276],[75.5209,32.2772],[75.521,32.2793],[75.5184,32.2816],[75.5092,32.284],[75.5072,32.2877],[75.5039,32.2913],[75.5055,32.2967],[75.5104,32.3038],[75.5133,32.3071],[75.5045,32.3127],[75.5033,32.311],[75.499,32.3123],[75.4894,32.3167],[75.4864,32.3166],[75.4819,32.3203],[75.4857,32.3236],[75.4847,32.3246],[75.4818,32.3317],[75.4815,32.3352],[75.4869,32.3387],[75.494,32.3404],[75.4943,32.3419],[75.4891,32.3456],[75.4865,32.3447],[75.4863,32.342],[75.4841,32.3405],[75.477,32.339],[75.4691,32.3386],[75.47,32.3349],[75.4719,32.3329],[75.466,32.3292],[75.4696,32.3278],[75.4678,32.3246],[75.4621,32.3271],[75.4495,32.3238],[75.4481,32.326],[75.445,32.3212],[75.4429,32.3208],[75.4405,32.318],[75.4316,32.3167],[75.4288,32.3153],[75.4263,32.3177],[75.4199,32.3191],[75.4112,32.3283],[75.4066,32.3289],[75.4037,32.3269],[75.4022,32.3301],[75.3994,32.33],[75.3945,32.3269],[75.3847,32.3314],[75.3803,32.334],[75.3772,32.3341],[75.3749,32.3362],[75.3707,32.3342],[75.3631,32.3329],[75.3609,32.3349],[75.3554,32.3367],[75.3557,32.3383],[75.3527,32.3403],[75.3493,32.3453],[75.3421,32.3458],[75.3408,32.3449],[75.3407,32.3377],[75.3389,32.3356],[75.3359,32.3369],[75.335,32.3349],[75.3354,32.3302],[75.3322,32.3267]]]},"properties":{"id":"in:subdistrict:201","level":"subdistrict","name":"Pathankot","code":201,"parent":"in:district:662","state":"in:state:3"}},{"type":"Feature","geometry":{"type":"Polygon","coordinates":[[[75.9372,32.3973],[75.9311,32.3994],[75.9303,32.4022],[75.9216,32.4102],[75.9187,32.415],[75.9169,32.4203],[75.9197,32.4226],[75.9192,32.425],[75.9206,32.4289],[75.9128,32.434],[75.9062,32.4368],[75.9059,32.4404],[75.9044,32.4441],[75.901,32.4489],[75.9028,32.4523],[75.8969,32.4558],[75.8859,32.4636],[75.8812,32.4639],[75.8764,32.4703],[75.8749,32.4709],[75.8658,32.4791],[75.8614,32.4825],[75.858,32.4835],[75.8534,32.4875],[75.8477,32.4961],[75.8442,32.4997],[75.8442,32.5024],[75.8421,32.5072],[75.838,32.5109],[75.8322,32.5107],[75.8345,32.5064],[75.8324,32.5029],[75.8294,32.5042],[75.8262,32.5039],[75.8263,32.5],[75.8244,32.4959],[75.8199,32.4918],[75.8136,32.4885],[75.8011,32.4854],[75.7941,32.4795],[75.7892,32.4767],[75.7769,32.4651],[75.7708,32.4622],[75.7663,32.462],[75.7627,32.46],[75.7597,32.4605],[75.7569,32.4592],[75.749,32.4541],[75.7432,32.4551],[75.7371,32.4544],[75.7298,32.4532],[75.7287,32.4514],[75.7288,32.4477],[75.7267,32.4457],[75.7292,32.4388],[75.7338,32.4392],[75.7371,32.435],[75.7425,32.4336],[75.7433,32.4309],[75.7364,32.4299],[75.7291,32.4328],[75.7275,32.4294],[75.732,32.425],[75.7319,32.4226],[75.7265,32.4137],[75.7227,32.4094],[75.7228,32.4056],[75.715,32.408],[75.7113,32.4116],[75.7052,32.405],[75.7013,32.3994],[75.6951,32.3961],[75.6873,32.3903],[75.6833,32.3896],[75.6787,32.3903],[75.675,32.394],[75.6652,32.3922],[75.669,32.3878],[75.677,32.3808],[75.6799,32.379],[75.6813,32.3768],[75.6814,32.3702],[75.6845,32.3607],[75.6878,32.3575],[75.688,32.3557],[75.6917,32.3487],[75.6938,32.346],[75.697,32.3452],[75.6987,32.3395],[75.7016,32.3366],[75.7051,32.3347],[75.7094,32.328],[75.7146,32.3268],[75.7203,32.3232],[75.7251,32.3283],[75.7367,32.335],[75.741,32.3382],[75.7442,32.3354],[75.7484,32.3377],[75.7542,32.3373],[75.7578,32.3357],[75.7586,32.3313],[75.7621,32.327],[75.7691,32.3264],[75.7723,32.3187],[75.7748,32.3175],[75.7752,32.3147],[75.7811,32.3092],[75.8,32.3271],[75.8029,32.3287],[75.8148,32.3302],[75.812,32.3363],[75.8075,32.3407],[75.8116,32.3489],[75.8203,32.3489],[75.8275,32.3502],[75.8326,32.3565],[75.8345,32.3573],[75.8414,32.3552],[75.8438,32.3553],[75.8455,32.3591],[75.8443,32.3613],[75.8448,32.3649],[75.8496,32.3753],[75.8565,32.3849],[75.8639,32.3882],[75.8736,32.3957],[75.8805,32.3963],[75.8867,32.3962],[75.8909,32.3937],[75.8945,32.3933],[75.9021,32.3941],[75.9049,32.396],[75.907,32.3935],[75.909,32.3934],[75.915,32.3955],[75.9177,32.3948],[75.9194,32.3967],[75.9217,32.3949],[75.9218,32.3922],[75.925,32.3919],[75.928,32.3945],[75.933,32.3916],[75.9372,32.3973]]]},"properties":{"id":"in:subdistrict:200","level":"subdistrict","name":"Dhar Kalan","code":200,"parent":"in:district:662","state":"in:state:3"}}]}