{"type":"FeatureCollection","features":[{"type":"Feature","geometry":{"type":"Polygon","coordinates":[[[77.9498,30.2423],[77.945,30.2456],[77.9435,30.2487],[77.9437,30.2534],[77.9448,30.258],[77.9411,30.2629],[77.9391,30.2728],[77.9395,30.2776],[77.9388,30.28],[77.94,30.283],[77.9446,30.2897],[77.9474,30.2966],[77.943,30.3012],[77.9415,30.3047],[77.9367,30.3101],[77.9337,30.3109],[77.935,30.3148],[77.9438,30.3181],[77.9463,30.325],[77.9354,30.3249],[77.9314,30.3255],[77.9372,30.3297],[77.9396,30.3325],[77.9455,30.3333],[77.9454,30.3399],[77.9522,30.3428],[77.9573,30.343],[77.963,30.3403],[77.967,30.3402],[77.9724,30.3448],[77.9793,30.3499],[77.9816,30.3507],[77.9847,30.3495],[77.9873,30.3504],[77.9895,30.3531],[77.991,30.3575],[77.9935,30.3595],[77.9987,30.36],[78.0031,30.3622],[78.0044,30.3662],[78.0117,30.3725],[78.0163,30.3834],[78.0199,30.3847],[78.0207,30.3878],[78.0251,30.3915],[78.0267,30.3966],[78.0246,30.399],[78.0157,30.4027],[78.0129,30.4057],[78.0126,30.408],[78.0077,30.4119],[78.0072,30.4143],[78.0102,30.4175],[78.0086,30.4278],[78.0102,30.4333],[78.0091,30.4357],[78.0142,30.444],[78.0097,30.4506],[78.0085,30.4576],[78.0046,30.4606],[77.9993,30.4635],[77.9962,30.467],[77.9907,30.469],[77.9875,30.4668],[77.9836,30.4716],[77.9804,30.4766],[77.9764,30.4759],[77.9753,30.4777],[77.9733,30.4861],[77.9663,30.487],[77.9588,30.4891],[77.9436,30.4999],[77.941,30.5013],[77.938,30.5048],[77.9361,30.5114],[77.9415,30.5133],[77.9384,30.5168],[77.9358,30.5171],[77.9331,30.5151],[77.9303,30.5145],[77.9254,30.515],[77.9221,30.5166],[77.918,30.5165],[77.916,30.5175],[77.9139,30.5236],[77.9092,30.5258],[77.9066,30.528],[77.9075,30.5308],[77.907,30.5346],[77.9083,30.5379],[77.9036,30.5399],[77.9013,30.539],[77.8977,30.5354],[77.8911,30.5346],[77.8899,30.5329],[77.8898,30.5292],[77.886,30.5264],[77.884,30.5222],[77.8861,30.5209],[77.8867,30.5181],[77.8859,30.5154],[77.8829,30.5149],[77.8756,30.5155],[77.8722,30.5145],[77.8683,30.5179],[77.8661,30.5183],[77.8613,30.516],[77.8524,30.5149],[77.8491,30.5136],[77.8396,30.5122],[77.8353,30.5122],[77.8273,30.5109],[77.8243,30.5085],[77.8185,30.5081],[77.815,30.5051],[77.8083,30.5048],[77.8036,30.502],[77.7999,30.5011],[77.7937,30.5006],[77.7831,30.5006],[77.7757,30.4943],[77.7669,30.4923],[77.7584,30.4878],[77.7532,30.4842],[77.7486,30.4821],[77.745,30.4792],[77.7394,30.476],[77.7317,30.4731],[77.7279,30.4738],[77.721,30.473],[77.7177,30.4709],[77.7147,30.4667],[77.7084,30.4618],[77.7072,30.4592],[77.7029,30.4584],[77.6979,30.4559],[77.6927,30.4497],[77.688,30.4474],[77.6708,30.4442],[77.663,30.447],[77.658,30.4471],[77.6541,30.4484],[77.6499,30.4466],[77.6485,30.4434],[77.6487,30.4403],[77.6461,30.4334],[77.6433,30.4318],[77.6373,30.4332],[77.6319,30.4312],[77.6278,30.4329],[77.626,30.4347],[77.6191,30.4338],[77.6128,30.4313],[77.5987,30.4282],[77.5946,30.4266],[77.5925,30.4239],[77.5862,30.4216],[77.5788,30.4155],[77.5743,30.4134],[77.5723,30.4105],[77.5726,30.4065],[77.576,30.3974],[77.5809,30.3997],[77.5855,30.4049],[77.5904,30.4063],[77.5958,30.4061],[77.5998,30.4029],[77.6051,30.4017],[77.6099,30.402],[77.6122,30.4031],[77.6185,30.4024],[77.6221,30.4049],[77.625,30.4045],[77.6255,30.4017],[77.6283,30.3985],[77.631,30.3977],[77.6359,30.399],[77.6409,30.4028],[77.6473,30.4047],[77.6521,30.4016],[77.6575,30.4002],[77.6567,30.3983],[77.6614,30.3899],[77.673,30.3903],[77.6765,30.3878],[77.6762,30.3803],[77.6772,30.3771],[77.679,30.3752],[77.6831,30.3765],[77.6861,30.3793],[77.6896,30.3768],[77.694,30.3691],[77.6947,30.3657],[77.6978,30.362],[77.6994,30.3582],[77.7022,30.3556],[77.7056,30.3496],[77.7061,30.3471],[77.709,30.345],[77.7098,30.3416],[77.7135,30.3399],[77.7143,30.3377],[77.7208,30.3308],[77.7321,30.3281],[77.734,30.3263],[77.7385,30.324],[77.7539,30.3184],[77.7612,30.3183],[77.7658,30.3142],[77.7722,30.3118],[77.7847,30.3053],[77.7845,30.304],[77.7933,30.2978],[77.8054,30.2913],[77.8075,30.2907],[77.8197,30.2849],[77.8328,30.2802],[77.838,30.2751],[77.8407,30.2738],[77.8422,30.2764],[77.8472,30.2766],[77.8463,30.272],[77.8531,30.2708],[77.8587,30.2714],[77.8657,30.2658],[77.8693,30.2661],[77.8718,30.2645],[77.8791,30.2621],[77.8817,30.2623],[77.8865,30.267],[77.894,30.2654],[77.9057,30.2605],[77.9097,30.2577],[77.9166,30.2549],[77.9286,30.2514],[77.9336,30.2492],[77.937,30.2492],[77.9415,30.2398],[77.9441,30.2393],[77.9456,30.2408],[77.9498,30.2423]]]},"properties":{"id":"in:subdistrict:303","level":"subdistrict","name":"Vikas Nagar","code":303,"parent":"in:district:49","state":"in:state:5"}},{"type":"Feature","geometry":{"type":"Polygon","coordinates":[[[77.9617,30.2424],[77.9595,30.2379],[77.9581,30.2332],[77.9562,30.2301],[77.9601,30.2283],[77.9636,30.2237],[77.9659,30.2234],[77.9687,30.2203],[77.9723,30.221],[77.9752,30.2184],[77.9736,30.2157],[77.9805,30.2088],[77.9815,30.2063],[77.9866,30.2026],[77.9867,30.1997],[77.9905,30.1961],[77.9931,30.1898],[77.9986,30.1844],[78.0029,30.1776],[78.0046,30.176],[78.0083,30.1696],[78.0123,30.1603],[78.0152,30.15],[78.0144,30.1479],[78.0196,30.1413],[78.0239,30.1373],[78.0242,30.1354],[78.0268,30.1333],[78.0269,30.1303],[78.0296,30.1219],[78.0326,30.1198],[78.032,30.1162],[78.0331,30.1107],[78.0358,30.1107],[78.0352,30.1078],[78.0366,30.1048],[78.0392,30.1055],[78.0485,30.1058],[78.0525,30.1076],[78.0582,30.1113],[78.0658,30.1125],[78.075,30.1151],[78.0782,30.1152],[78.0874,30.1198],[78.0941,30.1226],[78.1073,30.127],[78.1175,30.1313],[78.1362,30.1403],[78.1364,30.144],[78.1346,30.1466],[78.1339,30.1554],[78.1346,30.1613],[78.1335,30.1645],[78.1341,30.1699],[78.1361,30.1772],[78.1353,30.1801],[78.1325,30.1796],[78.1336,30.1886],[78.136,30.194],[78.1357,30.1973],[78.1389,30.2034],[78.1389,30.2055],[78.1417,30.214],[78.1445,30.217],[78.1491,30.2252],[78.1481,30.2361],[78.1501,30.2392],[78.1538,30.2407],[78.1585,30.2413],[78.1615,30.2407],[78.1682,30.2428],[78.17,30.2442],[78.1776,30.2477],[78.1805,30.2484],[78.182,30.2516],[78.1864,30.2563],[78.1852,30.267],[78.1854,30.2705],[78.1814,30.2741],[78.1774,30.2804],[78.1735,30.288],[78.1777,30.292],[78.18,30.2953],[78.1791,30.3001],[78.1793,30.3051],[78.1753,30.3053],[78.1682,30.3079],[78.1634,30.3128],[78.1577,30.3195],[78.154,30.3204],[78.1515,30.3226],[78.1466,30.323],[78.1425,30.3255],[78.1403,30.3283],[78.1382,30.3368],[78.1335,30.3438],[78.137,30.3467],[78.1391,30.3505],[78.1382,30.3569],[78.1418,30.3651],[78.1446,30.3682],[78.1497,30.3721],[78.1547,30.3745],[78.1559,30.3772],[78.1597,30.3791],[78.162,30.3825],[78.1696,30.3839],[78.1749,30.3822],[78.1799,30.3863],[78.1842,30.3874],[78.1849,30.3903],[78.191,30.3924],[78.1916,30.3949],[78.1985,30.3986],[78.202,30.3999],[78.2107,30.4011],[78.2231,30.4056],[78.2295,30.4107],[78.2346,30.4131],[78.2394,30.4208],[78.2389,30.4238],[78.2352,30.4253],[78.2309,30.4283],[78.2292,30.4267],[78.2261,30.4335],[78.2202,30.4363],[78.2143,30.4404],[78.2086,30.442],[78.1979,30.4468],[78.1863,30.4494],[78.1803,30.4496],[78.169,30.4448],[78.1626,30.4469],[78.1606,30.4489],[78.1602,30.4518],[78.1533,30.4562],[78.1463,30.4576],[78.1411,30.4564],[78.1331,30.4591],[78.1266,30.4649],[78.1245,30.4675],[78.1172,30.471],[78.1132,30.4718],[78.1068,30.4712],[78.1057,30.4782],[78.0966,30.4781],[78.0955,30.4747],[78.0894,30.4733],[78.0862,30.4746],[78.0812,30.4735],[78.0819,30.4674],[78.0771,30.4679],[78.0724,30.4706],[78.0701,30.4703],[78.0708,30.4761],[78.0688,30.4773],[78.0657,30.4762],[78.0605,30.4757],[78.0558,30.4779],[78.0536,30.4807],[78.0468,30.4809],[78.0455,30.482],[78.0392,30.4817],[78.0402,30.4726],[78.0361,30.4692],[78.0367,30.4654],[78.0329,30.4668],[78.0313,30.4729],[78.0276,30.4745],[78.0217,30.4751],[78.0231,30.4781],[78.0198,30.4813],[78.0145,30.4839],[78.0086,30.4836],[78.0046,30.4805],[77.9978,30.4801],[77.9999,30.4739],[77.9984,30.4713],[78.0001,30.4684],[77.9962,30.467],[77.9993,30.4635],[78.0046,30.4606],[78.0085,30.4576],[78.0097,30.4506],[78.0142,30.444],[78.0091,30.4357],[78.0102,30.4333],[78.0086,30.4278],[78.0102,30.4175],[78.0072,30.4143],[78.0077,30.4119],[78.0126,30.408],[78.0129,30.4057],[78.0157,30.4027],[78.0246,30.399],[78.0267,30.3966],[78.0251,30.3915],[78.0207,30.3878],[78.0199,30.3847],[78.0163,30.3834],[78.0117,30.3725],[78.0044,30.3662],[78.0031,30.3622],[77.9987,30.36],[77.9935,30.3595],[77.991,30.3575],[77.9895,30.3531],[77.9873,30.3504],[77.9847,30.3495],[77.9816,30.3507],[77.9793,30.3499],[77.9724,30.3448],[77.967,30.3402],[77.963,30.3403],[77.9573,30.343],[77.9522,30.3428],[77.9454,30.3399],[77.9455,30.3333],[77.9396,30.3325],[77.9372,30.3297],[77.9314,30.3255],[77.9354,30.3249],[77.9463,30.325],[77.9438,30.3181],[77.935,30.3148],[77.9337,30.3109],[77.9367,30.3101],[77.9415,30.3047],[77.943,30.3012],[77.9474,30.2966],[77.9446,30.2897],[77.94,30.283],[77.9388,30.28],[77.9395,30.2776],[77.9391,30.2728],[77.9411,30.2629],[77.9448,30.258],[77.9437,30.2534],[77.9435,30.2487],[77.945,30.2456],[77.9498,30.2423],[77.9515,30.2453],[77.9581,30.2449],[77.9617,30.2424]]]},"properties":{"id":"in:subdistrict:304","level":"subdistrict","name":"Dehradun","code":304,"parent":"in:district:49","state":"in:state:5"}},{"type":"Feature","geometry":{"type":"Polygon","coordinates":[[[78.0366,30.1048],[78.0355,30.1036],[78.0425,30.0983],[78.0455,30.0977],[78.0468,30.0918],[78.0527,30.0903],[78.0599,30.0869],[78.0616,30.0827],[78.0644,30.0809],[78.0672,30.0771],[78.0696,30.0754],[78.0673,30.073],[78.0721,30.069],[78.0719,30.0632],[78.0745,30.0597],[78.0714,30.0577],[78.0715,30.0556],[78.0683,30.0506],[78.0667,30.0469],[78.0693,30.0448],[78.0688,30.0425],[78.0742,30.0419],[78.0766,30.0371],[78.081,30.0362],[78.081,30.0328],[78.0835,30.0319],[78.0858,30.0334],[78.0918,30.0289],[78.0954,30.029],[78.0993,30.0279],[78.1006,30.0257],[78.0983,30.0232],[78.094,30.0158],[78.0942,30.0135],[78.0961,30.0113],[78.0987,30.0123],[78.1006,30.0094],[78.1044,30.0075],[78.1074,30.011],[78.1092,30.0098],[78.1137,30.0111],[78.1159,30.0087],[78.1157,30.0061],[78.1187,30.0043],[78.1215,30.0013],[78.1226,29.9985],[78.1259,30.0006],[78.1296,30.0011],[78.1314,29.999],[78.1307,29.9941],[78.1347,29.9904],[78.1345,29.9861],[78.1366,29.9847],[78.1384,29.9815],[78.1386,29.9782],[78.1426,29.9783],[78.1442,29.9743],[78.1484,29.9705],[78.1488,29.9678],[78.1526,29.9671],[78.1581,29.9688],[78.1613,29.965],[78.1665,29.966],[78.1706,29.9638],[78.1689,29.9683],[78.1704,29.9715],[78.1729,29.9739],[78.1751,29.9735],[78.1801,29.9794],[78.1805,29.9828],[78.1832,29.9906],[78.1884,29.9956],[78.1923,29.9941],[78.1935,29.9891],[78.1977,29.9879],[78.1935,29.983],[78.1921,29.9798],[78.1889,29.9762],[78.1868,29.9721],[78.1862,29.9685],[78.1872,29.9647],[78.1943,29.9659],[78.1958,29.9653],[78.1996,29.9667],[78.2021,29.9661],[78.2049,29.9699],[78.207,29.9764],[78.2089,29.9789],[78.2148,29.9824],[78.2162,29.9855],[78.2186,29.9873],[78.2248,29.9845],[78.2276,29.9857],[78.2315,29.9926],[78.2323,29.9986],[78.227,30.0042],[78.2258,30.0063],[78.2269,30.01],[78.2275,30.0156],[78.2342,30.0166],[78.2385,30.0178],[78.2429,30.0169],[78.2484,30.0206],[78.2489,30.023],[78.2471,30.0296],[78.2469,30.0331],[78.2486,30.0347],[78.2546,30.0369],[78.2621,30.0389],[78.2645,30.0418],[78.2682,30.0439],[78.2716,30.0471],[78.2766,30.0575],[78.2803,30.0596],[78.2812,30.0624],[78.286,30.0714],[78.2891,30.0756],[78.293,30.087],[78.2924,30.0902],[78.2904,30.0938],[78.2901,30.0983],[78.2933,30.1015],[78.2968,30.1022],[78.3037,30.1019],[78.3067,30.1032],[78.3102,30.1081],[78.3098,30.1127],[78.305,30.1129],[78.302,30.1145],[78.3013,30.1115],[78.2984,30.1138],[78.2957,30.1174],[78.2895,30.1188],[78.2841,30.1194],[78.2802,30.1218],[78.2815,30.1262],[78.2832,30.1289],[78.2773,30.1293],[78.2671,30.1337],[78.2642,30.1339],[78.2628,30.1359],[78.2547,30.1382],[78.2568,30.1464],[78.2567,30.1511],[78.2601,30.1601],[78.2518,30.1643],[78.2476,30.1636],[78.2409,30.1667],[78.2421,30.1719],[78.237,30.1748],[78.2339,30.1833],[78.2348,30.1872],[78.237,30.1873],[78.2428,30.1917],[78.2442,30.1944],[78.2432,30.1971],[78.2486,30.2031],[78.2532,30.2043],[78.2563,30.207],[78.2562,30.21],[78.259,30.2106],[78.263,30.2155],[78.2671,30.2179],[78.2697,30.2207],[78.2776,30.2224],[78.2829,30.2225],[78.2864,30.2242],[78.292,30.2299],[78.2966,30.2334],[78.2954,30.2353],[78.2987,30.2423],[78.2989,30.2455],[78.2958,30.2495],[78.2927,30.25],[78.2884,30.2529],[78.2884,30.2564],[78.2868,30.2607],[78.2837,30.2634],[78.2818,30.2663],[78.2769,30.2718],[78.2796,30.2735],[78.2816,30.2766],[78.2815,30.2791],[78.28,30.2836],[78.283,30.2877],[78.2817,30.2907],[78.2839,30.2923],[78.2788,30.2947],[78.2783,30.2963],[78.2681,30.3021],[78.2626,30.2945],[78.2631,30.2916],[78.259,30.286],[78.255,30.2848],[78.2488,30.2856],[78.2417,30.2881],[78.2367,30.2875],[78.2371,30.2902],[78.2358,30.2926],[78.237,30.2992],[78.2328,30.3025],[78.2281,30.3035],[78.2242,30.3067],[78.2183,30.3079],[78.2143,30.3094],[78.2129,30.3045],[78.2129,30.3012],[78.2102,30.2949],[78.2074,30.2928],[78.2001,30.2938],[78.1976,30.2991],[78.1945,30.3019],[78.1894,30.3025],[78.1856,30.3015],[78.1793,30.3051],[78.1791,30.3001],[78.18,30.2953],[78.1777,30.292],[78.1735,30.288],[78.1774,30.2804],[78.1814,30.2741],[78.1854,30.2705],[78.1852,30.267],[78.1864,30.2563],[78.182,30.2516],[78.1805,30.2484],[78.1776,30.2477],[78.17,30.2442],[78.1682,30.2428],[78.1615,30.2407],[78.1585,30.2413],[78.1538,30.2407],[78.1501,30.2392],[78.1481,30.2361],[78.1491,30.2252],[78.1445,30.217],[78.1417,30.214],[78.1389,30.2055],[78.1389,30.2034],[78.1357,30.1973],[78.136,30.194],[78.1336,30.1886],[78.1325,30.1796],[78.1353,30.1801],[78.1361,30.1772],[78.1341,30.1699],[78.1335,30.1645],[78.1346,30.1613],[78.1339,30.1554],[78.1346,30.1466],[78.1364,30.144],[78.1362,30.1403],[78.1175,30.1313],[78.1073,30.127],[78.0941,30.1226],[78.0874,30.1198],[78.0782,30.1152],[78.075,30.1151],[78.0658,30.1125],[78.0582,30.1113],[78.0525,30.1076],[78.0485,30.1058],[78.0392,30.1055],[78.0366,30.1048]]]},"properties":{"id":"in:subdistrict:305","level":"subdistrict","name":"Rishikesh","code":305,"parent":"in:district:49","state":"in:state:5"}},{"type":"Feature","geometry":{"type":"Polygon","coordinates":[[[78.0366,30.1048],[78.0298,30.1031],[78.0247,30.1001],[78.0218,30.1],[78.0193,30.0949],[78.0159,30.0935],[78.0146,30.0896],[78.0093,30.0839],[78.0037,30.0825],[77.9987,30.0858],[77.9973,30.0833],[77.9946,30.0841],[77.9902,30.0835],[77.9825,30.0804],[77.9782,30.0771],[77.9764,30.0745],[77.9702,30.07],[77.9677,30.0692],[77.966,30.067],[77.9646,30.0628],[77.9585,30.0576],[77.9578,30.0553],[77.9549,30.0538],[77.9532,30.0483],[77.9499,30.0459],[77.9467,30.0413],[77.9468,30.0362],[77.944,30.0331],[77.9393,30.0339],[77.9364,30.0306],[77.9312,30.0261],[77.9233,30.021],[77.9153,30.0134],[77.9169,30.0094],[77.9143,30.0068],[77.9149,30.0041],[77.9098,29.9983],[77.9073,29.9974],[77.9085,29.9943],[77.9112,29.9959],[77.9127,29.9935],[77.9087,29.98],[77.9054,29.9753],[77.9028,29.9732],[77.9081,29.9687],[77.91,29.9659],[77.9057,29.9592],[77.9055,29.9565],[77.9085,29.9538],[77.9154,29.9615],[77.9199,29.9584],[77.9275,29.9588],[77.9297,29.96],[77.9345,29.9551],[77.941,29.9507],[77.9421,29.9482],[77.9477,29.9419],[77.9517,29.9399],[77.9548,29.942],[77.9589,29.9413],[77.9621,29.9441],[77.9676,29.9399],[77.9702,29.9391],[77.9754,29.9428],[77.9785,29.9419],[77.9801,29.9397],[77.9839,29.9367],[77.9858,29.9342],[77.9894,29.9325],[77.9918,29.9365],[77.9984,29.9342],[77.9997,29.9359],[78.0033,29.9352],[78.0048,29.9373],[78.0075,29.9319],[78.0039,29.925],[77.9981,29.9167],[78.0083,29.9131],[78.0024,29.9074],[78.0141,29.9018],[78.0165,29.9032],[78.0185,29.9024],[78.018,29.8958],[78.0166,29.8896],[78.0177,29.8869],[78.01,29.8778],[78.0044,29.8697],[78.0048,29.8675],[78.0025,29.8666],[78.0001,29.8678],[77.9974,29.8661],[77.9982,29.8627],[77.9965,29.8602],[77.9903,29.8653],[77.9798,29.854],[77.9744,29.8511],[77.9715,29.8505],[77.9691,29.848],[77.9689,29.8413],[77.9665,29.836],[77.9579,29.8309],[77.9699,29.8191],[77.9734,29.8207],[77.9777,29.8197],[77.9832,29.814],[77.981,29.8114],[77.9879,29.809],[77.9892,29.8076],[77.995,29.8086],[77.9979,29.8048],[78.0016,29.8084],[78.0028,29.8042],[78.0111,29.8034],[78.0237,29.8166],[78.0251,29.8193],[78.0233,29.8238],[78.0361,29.8301],[78.0538,29.8178],[78.0538,29.7747],[78.0657,29.7651],[78.0702,29.7685],[78.0778,29.7618],[78.0891,29.7677],[78.0934,29.7655],[78.0921,29.7599],[78.0896,29.7584],[78.0886,29.7506],[78.0942,29.7474],[78.0979,29.7478],[78.0994,29.7509],[78.1033,29.7514],[78.1028,29.7565],[78.1042,29.7595],[78.1075,29.7618],[78.11,29.7622],[78.1155,29.7597],[78.1206,29.7652],[78.1245,29.7643],[78.1294,29.7609],[78.135,29.7581],[78.1398,29.7516],[78.1463,29.755],[78.1558,29.7513],[78.157,29.7503],[78.1619,29.7532],[78.1656,29.7574],[78.1697,29.7582],[78.1702,29.7527],[78.1718,29.7495],[78.1737,29.7486],[78.1773,29.7491],[78.1809,29.7508],[78.1831,29.7494],[78.1836,29.744],[78.1862,29.7393],[78.1906,29.7371],[78.1948,29.7392],[78.1989,29.7376],[78.2039,29.7373],[78.2101,29.7379],[78.2151,29.7398],[78.2217,29.7407],[78.2244,29.74],[78.2282,29.7368],[78.2315,29.7373],[78.2364,29.7403],[78.2408,29.7413],[78.2459,29.7345],[78.2501,29.7343],[78.2559,29.7383],[78.2603,29.7387],[78.2623,29.7436],[78.2669,29.7427],[78.2683,29.7465],[78.2725,29.749],[78.2742,29.7516],[78.2787,29.7537],[78.2813,29.7562],[78.2838,29.7601],[78.2861,29.7619],[78.2903,29.759],[78.2927,29.7591],[78.2962,29.7627],[78.2981,29.7664],[78.301,29.7683],[78.3006,29.771],[78.3036,29.7748],[78.3059,29.7749],[78.3094,29.7787],[78.3179,29.7828],[78.3211,29.7855],[78.3244,29.7899],[78.3307,29.7932],[78.3332,29.7927],[78.3357,29.7966],[78.3313,29.7995],[78.3292,29.8043],[78.3249,29.816],[78.3239,29.8202],[78.3209,29.8277],[78.3188,29.8361],[78.3172,29.8496],[78.3174,29.8547],[78.3169,29.8592],[78.3134,29.8642],[78.3075,29.8673],[78.2997,29.873],[78.2963,29.8778],[78.2918,29.8818],[78.2891,29.8818],[78.286,29.8834],[78.2811,29.8884],[78.2768,29.8969],[78.2742,29.8987],[78.2709,29.8986],[78.2663,29.9051],[78.2689,29.9086],[78.2702,29.9124],[78.2724,29.9134],[78.2717,29.9174],[78.2754,29.9219],[78.2711,29.9255],[78.2659,29.9271],[78.2511,29.9292],[78.2486,29.9305],[78.2459,29.9343],[78.2461,29.9359],[78.24,29.9399],[78.235,29.9414],[78.2325,29.9442],[78.229,29.9462],[78.228,29.9482],[78.2226,29.9496],[78.216,29.9563],[78.209,29.9616],[78.2046,29.9636],[78.2021,29.9661],[78.1996,29.9667],[78.1958,29.9653],[78.1943,29.9659],[78.1872,29.9647],[78.1862,29.9685],[78.1868,29.9721],[78.1889,29.9762],[78.1921,29.9798],[78.1935,29.983],[78.1977,29.9879],[78.1935,29.9891],[78.1923,29.9941],[78.1884,29.9956],[78.1832,29.9906],[78.1805,29.9828],[78.1801,29.9794],[78.1751,29.9735],[78.1729,29.9739],[78.1704,29.9715],[78.1689,29.9683],[78.1706,29.9638],[78.1665,29.966],[78.1613,29.965],[78.1581,29.9688],[78.1526,29.9671],[78.1488,29.9678],[78.1484,29.9705],[78.1442,29.9743],[78.1426,29.9783],[78.1386,29.9782],[78.1384,29.9815],[78.1366,29.9847],[78.1345,29.9861],[78.1347,29.9904],[78.1307,29.9941],[78.1314,29.999],[78.1296,30.0011],[78.1259,30.0006],[78.1226,29.9985],[78.1215,30.0013],[78.1187,30.0043],[78.1157,30.0061],[78.1159,30.0087],[78.1137,30.0111],[78.1092,30.0098],[78.1074,30.011],[78.1044,30.0075],[78.1006,30.0094],[78.0987,30.0123],[78.0961,30.0113],[78.0942,30.0135],[78.094,30.0158],[78.0983,30.0232],[78.1006,30.0257],[78.0993,30.0279],[78.0954,30.029],[78.0918,30.0289],[78.0858,30.0334],[78.0835,30.0319],[78.081,30.0328],[78.081,30.0362],[78.0766,30.0371],[78.0742,30.0419],[78.0688,30.0425],[78.0693,30.0448],[78.0667,30.0469],[78.0683,30.0506],[78.0715,30.0556],[78.0714,30.0577],[78.0745,30.0597],[78.0719,30.0632],[78.0721,30.069],[78.0673,30.073],[78.0696,30.0754],[78.0672,30.0771],[78.0644,30.0809],[78.0616,30.0827],[78.0599,30.0869],[78.0527,30.0903],[78.0468,30.0918],[78.0455,30.0977],[78.0425,30.0983],[78.0355,30.1036],[78.0366,30.1048]]]},"properties":{"id":"in:subdistrict:354","level":"subdistrict","name":"Hardwar","code":354,"parent":"in:district:50","state":"in:state:5"}},{"type":"Feature","geometry":{"type":"Polygon","coordinates":[[[77.9455,29.7131],[77.947,29.7214],[77.9482,29.7249],[77.9464,29.7258],[77.9474,29.7289],[77.9518,29.7316],[77.9548,29.7343],[77.9528,29.7373],[77.9583,29.7428],[77.955,29.7464],[77.9549,29.7485],[77.9525,29.7509],[77.9522,29.753],[77.9582,29.7585],[77.965,29.7607],[77.968,29.7651],[77.9652,29.7688],[77.9646,29.7771],[77.9604,29.7756],[77.9595,29.7787],[77.9567,29.7805],[77.9585,29.7842],[77.9632,29.7893],[77.9667,29.7886],[77.9691,29.7913],[77.9723,29.797],[77.9688,29.8008],[77.9666,29.801],[77.9654,29.7987],[77.9603,29.8036],[77.9588,29.8027],[77.9558,29.8071],[77.9568,29.8118],[77.9615,29.8139],[77.9699,29.8191],[77.9579,29.8309],[77.9665,29.836],[77.9689,29.8413],[77.9691,29.848],[77.9715,29.8505],[77.9744,29.8511],[77.9798,29.854],[77.9903,29.8653],[77.9965,29.8602],[77.9982,29.8627],[77.9974,29.8661],[78.0001,29.8678],[78.0025,29.8666],[78.0048,29.8675],[78.0044,29.8697],[78.01,29.8778],[78.0177,29.8869],[78.0166,29.8896],[78.018,29.8958],[78.0185,29.9024],[78.0165,29.9032],[78.0141,29.9018],[78.0024,29.9074],[78.0083,29.9131],[77.9981,29.9167],[78.0039,29.925],[78.0075,29.9319],[78.0048,29.9373],[78.0033,29.9352],[77.9997,29.9359],[77.9984,29.9342],[77.9918,29.9365],[77.9894,29.9325],[77.9858,29.9342],[77.9839,29.9367],[77.9801,29.9397],[77.9785,29.9419],[77.9754,29.9428],[77.9702,29.9391],[77.9676,29.9399],[77.9621,29.9441],[77.9589,29.9413],[77.9548,29.942],[77.9517,29.9399],[77.9477,29.9419],[77.9421,29.9482],[77.941,29.9507],[77.9345,29.9551],[77.9297,29.96],[77.9275,29.9588],[77.9199,29.9584],[77.9154,29.9615],[77.9085,29.9538],[77.9055,29.9565],[77.9057,29.9592],[77.91,29.9659],[77.9081,29.9687],[77.9028,29.9732],[77.9054,29.9753],[77.9087,29.98],[77.9127,29.9935],[77.9112,29.9959],[77.9085,29.9943],[77.9073,29.9974],[77.9098,29.9983],[77.9149,30.0041],[77.9143,30.0068],[77.9169,30.0094],[77.9153,30.0134],[77.9233,30.021],[77.9312,30.0261],[77.9364,30.0306],[77.9393,30.0339],[77.944,30.0331],[77.9468,30.0362],[77.9467,30.0413],[77.9499,30.0459],[77.9532,30.0483],[77.9549,30.0538],[77.9578,30.0553],[77.9585,30.0576],[77.9646,30.0628],[77.966,30.067],[77.9677,30.0692],[77.9702,30.07],[77.9764,30.0745],[77.9782,30.0771],[77.9825,30.0804],[77.9902,30.0835],[77.9946,30.0841],[77.9973,30.0833],[77.9987,30.0858],[78.0037,30.0825],[78.0093,30.0839],[78.0146,30.0896],[78.0159,30.0935],[78.0193,30.0949],[78.0218,30.1],[78.0247,30.1001],[78.0298,30.1031],[78.0366,30.1048],[78.0352,30.1078],[78.0358,30.1107],[78.0331,30.1107],[78.032,30.1162],[78.0326,30.1198],[78.0296,30.1219],[78.0269,30.1303],[78.0268,30.1333],[78.0242,30.1354],[78.0239,30.1373],[78.0196,30.1413],[78.0144,30.1479],[78.0152,30.15],[78.0123,30.1603],[78.0083,30.1696],[78.0046,30.176],[78.0029,30.1776],[77.9986,30.1844],[77.9931,30.1898],[77.9905,30.1961],[77.9867,30.1997],[77.9866,30.2026],[77.9815,30.2063],[77.9805,30.2088],[77.9736,30.2157],[77.9752,30.2184],[77.9723,30.221],[77.9687,30.2203],[77.9659,30.2234],[77.9636,30.2237],[77.9601,30.2283],[77.9562,30.2301],[77.9581,30.2332],[77.9595,30.2379],[77.9617,30.2424],[77.9579,30.2421],[77.9526,30.2383],[77.9498,30.2351],[77.9469,30.2341],[77.946,30.2304],[77.9408,30.2275],[77.9384,30.2243],[77.9379,30.2208],[77.9345,30.2189],[77.9331,30.2155],[77.928,30.2131],[77.9231,30.2133],[77.9189,30.2113],[77.9171,30.2041],[77.9179,30.2027],[77.9152,30.2001],[77.9135,30.1943],[77.9148,30.1918],[77.9117,30.1866],[77.912,30.1825],[77.9087,30.1786],[77.9022,30.1742],[77.8968,30.1683],[77.893,30.1624],[77.8879,30.1563],[77.8822,30.1518],[77.8806,30.1499],[77.8801,30.1463],[77.8772,30.1418],[77.8769,30.1392],[77.8743,30.1368],[77.8701,30.1284],[77.8684,30.1268],[77.8661,30.1191],[77.8604,30.1132],[77.8532,30.107],[77.8494,30.1047],[77.8385,30.1026],[77.8358,30.101],[77.8366,30.0984],[77.833,30.0946],[77.8343,30.0905],[77.8303,30.0868],[77.8281,30.0859],[77.8217,30.0857],[77.8185,30.0884],[77.816,30.0889],[77.813,30.0913],[77.8091,30.0933],[77.8058,30.0934],[77.8012,30.0955],[77.7992,30.0905],[77.7997,30.0872],[77.7967,30.0853],[77.7985,30.0839],[77.7948,30.0813],[77.7958,30.0799],[77.7908,30.075],[77.7899,30.0719],[77.7845,30.0666],[77.7811,30.0605],[77.7748,30.0552],[77.7746,30.0528],[77.7711,30.048],[77.7701,30.0425],[77.7814,30.0335],[77.7794,30.0307],[77.7855,30.0279],[77.7836,30.0256],[77.782,30.0186],[77.7777,30.0173],[77.7758,30.018],[77.7739,30.0148],[77.7717,30.015],[77.7644,30.0113],[77.7616,30.0086],[77.7642,30.0047],[77.7626,30.0034],[77.7576,30.0015],[77.756,29.9993],[77.7604,29.9951],[77.7515,29.9883],[77.7511,29.9869],[77.7441,29.9837],[77.7457,29.9803],[77.74,29.9747],[77.7406,29.9696],[77.7378,29.9656],[77.7379,29.9643],[77.7337,29.9553],[77.7375,29.9536],[77.7484,29.9516],[77.7449,29.9477],[77.7453,29.9445],[77.7391,29.9408],[77.7305,29.9317],[77.7342,29.9292],[77.737,29.9292],[77.7416,29.9259],[77.7439,29.9231],[77.743,29.9181],[77.7444,29.9149],[77.7478,29.9112],[77.7472,29.91],[77.7394,29.9076],[77.7376,29.9059],[77.7379,29.9029],[77.7314,29.8994],[77.7282,29.8987],[77.7317,29.893],[77.7291,29.8924],[77.7269,29.8902],[77.7234,29.8887],[77.7228,29.8844],[77.7174,29.8875],[77.7158,29.8834],[77.7177,29.8773],[77.7206,29.8757],[77.7152,29.873],[77.7142,29.8704],[77.7186,29.8654],[77.7165,29.8632],[77.7214,29.8588],[77.7235,29.8556],[77.7379,29.8532],[77.7415,29.852],[77.7439,29.8476],[77.7415,29.8467],[77.7441,29.8408],[77.7418,29.8333],[77.7487,29.8297],[77.7557,29.8253],[77.754,29.8208],[77.7589,29.8186],[77.7564,29.8151],[77.7561,29.8128],[77.7529,29.8121],[77.7524,29.8099],[77.7555,29.809],[77.7564,29.8064],[77.7632,29.8026],[77.7655,29.799],[77.7652,29.7962],[77.7735,29.7913],[77.7746,29.7889],[77.7722,29.7861],[77.7739,29.7843],[77.7724,29.78],[77.7779,29.775],[77.7731,29.7687],[77.7804,29.765],[77.7751,29.7565],[77.7705,29.7502],[77.7691,29.7496],[77.7695,29.7453],[77.7827,29.7362],[77.7741,29.7239],[77.7733,29.7238],[77.7697,29.7176],[77.7711,29.7144],[77.7787,29.7107],[77.7833,29.7094],[77.7856,29.7106],[77.7918,29.7099],[77.7991,29.7063],[77.8026,29.7034],[77.8105,29.7024],[77.8069,29.6959],[77.7991,29.6862],[77.8092,29.6799],[77.8153,29.6783],[77.8205,29.6737],[77.8271,29.6694],[77.83,29.6683],[77.8386,29.6705],[77.8431,29.6752],[77.8469,29.6753],[77.8503,29.68],[77.8557,29.6801],[77.8616,29.6869],[77.8628,29.6894],[77.8656,29.6878],[77.8691,29.689],[77.8747,29.6873],[77.8795,29.6929],[77.879,29.7002],[77.8826,29.7024],[77.8843,29.7007],[77.8909,29.6989],[77.896,29.7009],[77.9021,29.7012],[77.9087,29.6978],[77.9113,29.6958],[77.914,29.6985],[77.9197,29.6992],[77.9158,29.7022],[77.9169,29.7056],[77.9198,29.705],[77.9264,29.7142],[77.9297,29.7138],[77.9346,29.7111],[77.9382,29.7145],[77.9409,29.7108],[77.9455,29.7131]]]},"properties":{"id":"in:subdistrict:353","level":"subdistrict","name":"Roorkee","code":353,"parent":"in:district:50","state":"in:state:5"}},{"type":"Feature","geometry":{"type":"Polygon","coordinates":[[[77.9675,29.5801],[77.9689,29.5814],[77.9731,29.5803],[77.9749,29.585],[77.98,29.5851],[77.9827,29.5836],[77.9869,29.5847],[77.9896,29.5886],[77.9935,29.5912],[77.9962,29.5915],[77.9991,29.5891],[78.0008,29.5862],[78.0216,29.5809],[78.0152,29.5872],[78.0183,29.5982],[78.0284,29.6067],[78.0343,29.6104],[78.0465,29.6161],[78.0488,29.6146],[78.0528,29.6188],[78.0548,29.6238],[78.0571,29.6267],[78.0575,29.6307],[78.0672,29.6307],[78.0723,29.6294],[78.0843,29.6245],[78.0867,29.625],[78.0815,29.6351],[78.0865,29.6379],[78.0934,29.6404],[78.1003,29.6406],[78.105,29.6416],[78.1098,29.6444],[78.1171,29.649],[78.1238,29.6504],[78.1305,29.6525],[78.1334,29.6592],[78.1376,29.6635],[78.1428,29.6678],[78.1645,29.6848],[78.1683,29.6892],[78.1805,29.6968],[78.1884,29.6923],[78.196,29.6927],[78.1971,29.6991],[78.1995,29.7056],[78.202,29.7144],[78.2024,29.7207],[78.2036,29.7283],[78.2002,29.7303],[78.2039,29.7373],[78.1989,29.7376],[78.1948,29.7392],[78.1906,29.7371],[78.1862,29.7393],[78.1836,29.744],[78.1831,29.7494],[78.1809,29.7508],[78.1773,29.7491],[78.1737,29.7486],[78.1718,29.7495],[78.1702,29.7527],[78.1697,29.7582],[78.1656,29.7574],[78.1619,29.7532],[78.157,29.7503],[78.1558,29.7513],[78.1463,29.755],[78.1398,29.7516],[78.135,29.7581],[78.1294,29.7609],[78.1245,29.7643],[78.1206,29.7652],[78.1155,29.7597],[78.11,29.7622],[78.1075,29.7618],[78.1042,29.7595],[78.1028,29.7565],[78.1033,29.7514],[78.0994,29.7509],[78.0979,29.7478],[78.0942,29.7474],[78.0886,29.7506],[78.0896,29.7584],[78.0921,29.7599],[78.0934,29.7655],[78.0891,29.7677],[78.0778,29.7618],[78.0702,29.7685],[78.0657,29.7651],[78.0538,29.7747],[78.0538,29.8178],[78.0361,29.8301],[78.0233,29.8238],[78.0251,29.8193],[78.0237,29.8166],[78.0111,29.8034],[78.0028,29.8042],[78.0016,29.8084],[77.9979,29.8048],[77.995,29.8086],[77.9892,29.8076],[77.9879,29.809],[77.981,29.8114],[77.9832,29.814],[77.9777,29.8197],[77.9734,29.8207],[77.9699,29.8191],[77.9615,29.8139],[77.9568,29.8118],[77.9558,29.8071],[77.9588,29.8027],[77.9603,29.8036],[77.9654,29.7987],[77.9666,29.801],[77.9688,29.8008],[77.9723,29.797],[77.9691,29.7913],[77.9667,29.7886],[77.9632,29.7893],[77.9585,29.7842],[77.9567,29.7805],[77.9595,29.7787],[77.9604,29.7756],[77.9646,29.7771],[77.9652,29.7688],[77.968,29.7651],[77.965,29.7607],[77.9582,29.7585],[77.9522,29.753],[77.9525,29.7509],[77.9549,29.7485],[77.955,29.7464],[77.9583,29.7428],[77.9528,29.7373],[77.9548,29.7343],[77.9518,29.7316],[77.9474,29.7289],[77.9464,29.7258],[77.9482,29.7249],[77.947,29.7214],[77.9455,29.7131],[77.953,29.7073],[77.9496,29.7041],[77.951,29.7016],[77.9449,29.6992],[77.9399,29.6961],[77.9457,29.6918],[77.9459,29.69],[77.9487,29.6893],[77.9507,29.6872],[77.9477,29.6838],[77.9476,29.6821],[77.9516,29.6781],[77.9537,29.6779],[77.9575,29.6738],[77.9611,29.6728],[77.9639,29.6701],[77.9691,29.6675],[77.9703,29.6646],[77.969,29.6611],[77.9693,29.6551],[77.9665,29.6501],[77.9707,29.6473],[77.9764,29.6451],[77.9795,29.6427],[77.9819,29.6451],[77.9838,29.6447],[77.9826,29.6405],[77.9808,29.6382],[77.9774,29.6312],[77.9777,29.6269],[77.976,29.6174],[77.9777,29.6134],[77.9751,29.6126],[77.9707,29.6126],[77.9669,29.6114],[77.9602,29.6116],[77.957,29.6125],[77.9484,29.6169],[77.9428,29.6086],[77.9333,29.6005],[77.9403,29.5927],[77.9585,29.5853],[77.9616,29.5821],[77.9675,29.5801]]]},"properties":{"id":"in:subdistrict:355","level":"subdistrict","name":"Laksar","code":355,"parent":"in:district:50","state":"in:state:5"}},{"type":"Feature","geometry":{"type":"Polygon","coordinates":[[[78.3357,29.7966],[78.3403,29.7942],[78.3427,29.7921],[78.3773,29.7743],[78.3928,29.7674],[78.4007,29.765],[78.4091,29.7634],[78.4197,29.7633],[78.4274,29.7646],[78.4308,29.7626],[78.4366,29.7567],[78.4451,29.7504],[78.4556,29.7452],[78.4624,29.7428],[78.4737,29.7399],[78.4885,29.7381],[78.501,29.7329],[78.5068,29.7294],[78.5114,29.7255],[78.5165,29.7194],[78.5187,29.7018],[78.5208,29.6978],[78.5214,29.6935],[78.5206,29.6906],[78.5208,29.6813],[78.5224,29.6746],[78.5218,29.6689],[78.522,29.6618],[78.5215,29.6578],[78.5278,29.6476],[78.5327,29.6387],[78.539,29.6306],[78.5416,29.6263],[78.5442,29.6255],[78.5479,29.6217],[78.5594,29.6081],[78.5651,29.6011],[78.57,29.5962],[78.5774,29.5901],[78.5812,29.5856],[78.5844,29.5838],[78.6177,29.558],[78.6209,29.5567],[78.6242,29.5565],[78.6267,29.5543],[78.6331,29.5505],[78.6385,29.5467],[78.6444,29.5471],[78.6505,29.546],[78.6554,29.5425],[78.6614,29.5373],[78.667,29.5338],[78.6757,29.5267],[78.6889,29.5154],[78.6949,29.5109],[78.7004,29.5057],[78.709,29.5014],[78.7115,29.5004],[78.7152,29.5005],[78.7207,29.5021],[78.7306,29.5004],[78.7333,29.5019],[78.7382,29.5002],[78.7433,29.5012],[78.7464,29.5002],[78.7486,29.4965],[78.7531,29.4963],[78.7566,29.4946],[78.759,29.4906],[78.7716,29.4813],[78.7791,29.4762],[78.7997,29.4646],[78.8085,29.4658],[78.8112,29.4656],[78.8184,29.4627],[78.8227,29.4598],[78.8294,29.4582],[78.8384,29.4577],[78.845,29.456],[78.855,29.4524],[78.8651,29.4493],[78.8664,29.4484],[78.8736,29.4463],[78.8809,29.4434],[78.8897,29.4421],[78.8913,29.4424],[78.9002,29.4415],[78.9019,29.44],[78.908,29.4376],[78.9128,29.437],[78.921,29.4343],[78.9231,29.4422],[78.9245,29.4421],[78.9313,29.445],[78.9332,29.4451],[78.9355,29.4491],[78.9381,29.4485],[78.9471,29.4587],[78.9523,29.4589],[78.9498,29.4617],[78.9515,29.4642],[78.9523,29.4687],[78.9557,29.476],[78.9564,29.4807],[78.9582,29.4815],[78.9606,29.4891],[78.963,29.4933],[78.9605,29.4943],[78.9601,29.498],[78.9631,29.5051],[78.9617,29.5086],[78.9632,29.5121],[78.9624,29.5167],[78.9635,29.5209],[78.9663,29.5194],[78.9705,29.5213],[78.9708,29.5234],[78.9667,29.5278],[78.9668,29.5297],[78.9693,29.5366],[78.9709,29.5392],[78.9695,29.539],[78.9616,29.5448],[78.9589,29.5477],[78.9547,29.55],[78.9502,29.5498],[78.9453,29.5518],[78.9413,29.5549],[78.9369,29.5533],[78.9329,29.5531],[78.9277,29.5542],[78.9239,29.5565],[78.918,29.5588],[78.9152,29.5638],[78.9118,29.5682],[78.9115,29.5735],[78.9072,29.5782],[78.9037,29.5812],[78.8969,29.5821],[78.8936,29.5814],[78.8863,29.5823],[78.883,29.5842],[78.88,29.5872],[78.8759,29.5888],[78.8721,29.5858],[78.8659,29.5876],[78.8588,29.5929],[78.8432,29.5986],[78.8321,29.6001],[78.8281,29.5967],[78.8235,29.5945],[78.8111,29.5913],[78.8016,29.5878],[78.7947,29.5858],[78.7853,29.5822],[78.7772,29.5772],[78.7723,29.5826],[78.7669,29.5874],[78.7641,29.5873],[78.7601,29.5859],[78.7575,29.5875],[78.754,29.5918],[78.7532,29.5947],[78.7509,29.5976],[78.7471,29.6006],[78.7423,29.6016],[78.7359,29.6009],[78.7324,29.6032],[78.7284,29.6045],[78.7231,29.6093],[78.7229,29.6108],[78.7193,29.6144],[78.7183,29.6188],[78.7154,29.6188],[78.7133,29.6221],[78.7129,29.6249],[78.7141,29.627],[78.7126,29.6309],[78.7108,29.6313],[78.7117,29.6347],[78.7081,29.639],[78.7093,29.6401],[78.7078,29.6443],[78.7025,29.6494],[78.7025,29.6519],[78.6956,29.6611],[78.6935,29.6625],[78.6847,29.6716],[78.6816,29.672],[78.6771,29.6753],[78.6754,29.6796],[78.6686,29.6847],[78.6692,29.6872],[78.672,29.6903],[78.6679,29.6958],[78.663,29.6993],[78.6636,29.7044],[78.6658,29.7047],[78.6691,29.7071],[78.6726,29.707],[78.6786,29.7108],[78.6825,29.709],[78.6871,29.7102],[78.692,29.7131],[78.6902,29.7154],[78.6858,29.7182],[78.6857,29.7205],[78.6808,29.7236],[78.68,29.7257],[78.6762,29.7286],[78.6722,29.7344],[78.6717,29.7376],[78.6697,29.7398],[78.6699,29.7448],[78.6676,29.7489],[78.6591,29.7534],[78.6535,29.7553],[78.643,29.7553],[78.6371,29.7594],[78.6338,29.7595],[78.6293,29.7643],[78.6242,29.7679],[78.6201,29.7695],[78.6208,29.7717],[78.6243,29.7744],[78.6232,29.7789],[78.6236,29.7822],[78.6263,29.7843],[78.6311,29.7851],[78.6351,29.7846],[78.6368,29.7868],[78.6407,29.7866],[78.642,29.7877],[78.6462,29.7877],[78.6487,29.789],[78.6464,29.7928],[78.6465,29.7948],[78.6491,29.7972],[78.6492,29.8002],[78.6384,29.8041],[78.6359,29.8041],[78.6338,29.8065],[78.6311,29.8165],[78.6285,29.8184],[78.6298,29.8223],[78.6314,29.8236],[78.6309,29.8268],[78.6326,29.8278],[78.6339,29.8336],[78.64,29.8403],[78.644,29.8428],[78.6464,29.8457],[78.6456,29.8519],[78.6409,29.8545],[78.6425,29.8603],[78.6445,29.8636],[78.649,29.8654],[78.6519,29.8657],[78.6544,29.8707],[78.6607,29.8733],[78.664,29.8763],[78.657,29.8776],[78.656,29.8785],[78.6499,29.8778],[78.6472,29.8738],[78.6453,29.8737],[78.6423,29.876],[78.6393,29.8717],[78.6399,29.8693],[78.6367,29.8688],[78.6338,29.8703],[78.6347,29.8721],[78.6393,29.8753],[78.6392,29.8784],[78.6367,29.8778],[78.6325,29.8749],[78.6265,29.8749],[78.6273,29.879],[78.6258,29.8832],[78.6273,29.8848],[78.6309,29.8846],[78.6337,29.8856],[78.6367,29.8852],[78.6369,29.8877],[78.6348,29.8934],[78.6373,29.8972],[78.6355,29.8998],[78.634,29.9049],[78.6354,29.9077],[78.639,29.9097],[78.6404,29.9116],[78.6413,29.9158],[78.6451,29.9218],[78.6433,29.9246],[78.6393,29.9242],[78.6361,29.9256],[78.6356,29.9317],[78.6325,29.9375],[78.6296,29.9351],[78.6249,29.9334],[78.623,29.9271],[78.6222,29.9219],[78.6209,29.9199],[78.6142,29.9151],[78.6084,29.9148],[78.6055,29.9128],[78.6005,29.9119],[78.5869,29.9049],[78.5837,29.9052],[78.5791,29.9037],[78.5725,29.9049],[78.5692,29.9038],[78.5681,29.8984],[78.5661,29.8954],[78.5607,29.8906],[78.5558,29.8904],[78.552,29.8911],[78.5554,29.8956],[78.5506,29.9024],[78.5533,29.9047],[78.5518,29.9081],[78.5549,29.9101],[78.5511,29.9153],[78.5495,29.9188],[78.5471,29.9217],[78.5507,29.9229],[78.5548,29.9278],[78.5558,29.9302],[78.5626,29.9347],[78.5598,29.9411],[78.556,29.944],[78.5528,29.9438],[78.5498,29.9462],[78.547,29.9465],[78.547,29.9504],[78.5458,29.9523],[78.5388,29.9532],[78.5369,29.9514],[78.5387,29.9469],[78.5351,29.9441],[78.534,29.9416],[78.5293,29.9401],[78.529,29.934],[78.53,29.932],[78.5255,29.9285],[78.5251,29.9243],[78.5239,29.9217],[78.5207,29.9218],[78.5199,29.925],[78.5174,29.9264],[78.5146,29.9239],[78.5109,29.9178],[78.5128,29.9159],[78.5098,29.9139],[78.5065,29.9139],[78.5048,29.9109],[78.5007,29.9091],[78.4983,29.9103],[78.4936,29.9164],[78.4898,29.9225],[78.4898,29.9244],[78.4853,29.9302],[78.4847,29.9357],[78.483,29.9394],[78.4791,29.9431],[78.4798,29.949],[78.4777,29.9512],[78.4728,29.9461],[78.4668,29.9488],[78.4688,29.9509],[78.4747,29.9546],[78.4735,29.9571],[78.4707,29.958],[78.4659,29.9623],[78.4642,29.9657],[78.4603,29.9689],[78.4561,29.9687],[78.4491,29.9665],[78.4484,29.9614],[78.449,29.9586],[78.4444,29.9583],[78.4454,29.9551],[78.4492,29.9544],[78.4508,29.9489],[78.4477,29.9433],[78.4429,29.9322],[78.4429,29.9262],[78.441,29.9236],[78.4371,29.9225],[78.4307,29.9231],[78.4289,29.9218],[78.4258,29.9162],[78.4211,29.9149],[78.4194,29.91],[78.4142,29.9069],[78.4139,29.9039],[78.4178,29.9019],[78.4199,29.8992],[78.4175,29.897],[78.4213,29.8948],[78.4195,29.8922],[78.4134,29.8906],[78.408,29.8908],[78.4064,29.888],[78.4011,29.8866],[78.3995,29.8837],[78.3933,29.8745],[78.3896,29.8697],[78.3811,29.8628],[78.3804,29.8611],[78.3769,29.8595],[78.3741,29.8565],[78.3712,29.8563],[78.3686,29.8534],[78.3615,29.8494],[78.3565,29.8498],[78.355,29.853],[78.3506,29.8591],[78.3454,29.8583],[78.3417,29.8604],[78.3378,29.8596],[78.332,29.8548],[78.3302,29.8509],[78.328,29.8504],[78.3252,29.8519],[78.3215,29.8564],[78.3174,29.8547],[78.3172,29.8496],[78.3188,29.8361],[78.3209,29.8277],[78.3239,29.8202],[78.3249,29.816],[78.3292,29.8043],[78.3313,29.7995],[78.3357,29.7966]]]},"properties":{"id":"in:subdistrict:313","level":"subdistrict","name":"Kotdwara","code":313,"parent":"in:district:52","state":"in:state:5"}},{"type":"Feature","geometry":{"type":"Polygon","coordinates":[[[78.9277,29.812],[78.9264,29.8111],[78.9209,29.8131],[78.917,29.8125],[78.9139,29.8134],[78.9109,29.8119],[78.9092,29.8095],[78.9041,29.8114],[78.8989,29.8154],[78.8975,29.8236],[78.8958,29.8254],[78.8954,29.8286],[78.898,29.8299],[78.8994,29.8329],[78.8982,29.8352],[78.8877,29.8367],[78.8855,29.8341],[78.8834,29.8341],[78.8786,29.8379],[78.8753,29.8357],[78.8696,29.8366],[78.8681,29.8389],[78.8693,29.8437],[78.8679,29.8476],[78.8636,29.8435],[78.8642,29.8414],[78.8625,29.8377],[78.8587,29.8349],[78.8619,29.833],[78.8614,29.8295],[78.8576,29.8224],[78.8603,29.8178],[78.8559,29.813],[78.8542,29.8097],[78.858,29.8045],[78.8565,29.8021],[78.8573,29.7983],[78.855,29.7942],[78.8581,29.7909],[78.8581,29.7893],[78.8638,29.785],[78.8615,29.7817],[78.8615,29.7787],[78.8663,29.7767],[78.8678,29.775],[78.871,29.7743],[78.8721,29.771],[78.8713,29.7644],[78.8728,29.7593],[78.877,29.7592],[78.8777,29.7614],[78.8757,29.7664],[78.8801,29.7695],[78.8826,29.7738],[78.8853,29.775],[78.8888,29.7722],[78.888,29.7698],[78.8926,29.7684],[78.8949,29.7668],[78.8951,29.7646],[78.8991,29.7617],[78.9056,29.7607],[78.9071,29.7584],[78.9105,29.7591],[78.9154,29.7627],[78.9247,29.7637],[78.9274,29.7645],[78.9301,29.7628],[78.9316,29.7649],[78.9327,29.7715],[78.9359,29.7731],[78.9388,29.7693],[78.9407,29.7654],[78.9374,29.7563],[78.9415,29.7511],[78.9416,29.7465],[78.9477,29.7437],[78.9488,29.7412],[78.9519,29.7378],[78.9437,29.7376],[78.9358,29.744],[78.9345,29.742],[78.9374,29.7393],[78.9413,29.7336],[78.9385,29.7313],[78.9384,29.7267],[78.9404,29.724],[78.9423,29.719],[78.9459,29.7194],[78.9489,29.7177],[78.9506,29.7122],[78.949,29.7092],[78.9514,29.7058],[78.9467,29.7],[78.9529,29.699],[78.953,29.6959],[78.95,29.694],[78.9504,29.6893],[78.9561,29.686],[78.9555,29.6808],[78.9584,29.6783],[78.9505,29.6724],[78.9437,29.6704],[78.9407,29.674],[78.937,29.6746],[78.9332,29.6729],[78.9303,29.6701],[78.9282,29.6656],[78.9275,29.661],[78.9255,29.6598],[78.9265,29.6569],[78.9257,29.6508],[78.922,29.6486],[78.9222,29.6454],[78.9274,29.6444],[78.9324,29.642],[78.9397,29.6451],[78.943,29.6459],[78.9447,29.645],[78.9423,29.6401],[78.9433,29.6382],[78.9467,29.638],[78.951,29.6365],[78.953,29.6401],[78.9593,29.6392],[78.9615,29.638],[78.9622,29.6349],[78.9657,29.6328],[78.973,29.6244],[78.9697,29.6217],[78.9686,29.6175],[78.9654,29.6152],[78.9611,29.6137],[78.9576,29.6102],[78.9576,29.6046],[78.9591,29.5961],[78.9638,29.5954],[78.9672,29.5938],[78.9693,29.5915],[78.9753,29.5901],[78.9774,29.5863],[78.9834,29.5865],[78.9935,29.5805],[79.0023,29.5794],[79.0064,29.5747],[79.0074,29.5706],[79.0091,29.5746],[79.0088,29.581],[79.0097,29.5827],[79.0085,29.5853],[79.0105,29.5863],[79.0178,29.585],[79.0203,29.5836],[79.0229,29.5844],[79.025,29.5886],[79.0299,29.5884],[79.0346,29.5851],[79.0371,29.5845],[79.0389,29.5884],[79.0419,29.5912],[79.0465,29.5911],[79.0491,29.5881],[79.0564,29.5865],[79.0601,29.5876],[79.0613,29.5898],[79.0613,29.593],[79.0632,29.5994],[79.0597,29.6026],[79.0598,29.6048],[79.0623,29.6055],[79.0621,29.61],[79.0653,29.6124],[79.0677,29.6176],[79.0671,29.6205],[79.0715,29.6218],[79.0762,29.6166],[79.0811,29.6162],[79.0823,29.6198],[79.0857,29.6216],[79.0929,29.6265],[79.0891,29.6291],[79.0856,29.6299],[79.0846,29.6327],[79.0808,29.6331],[79.0785,29.6365],[79.078,29.6393],[79.0792,29.6444],[79.0812,29.6469],[79.0813,29.6505],[79.0843,29.6521],[79.0833,29.6545],[79.0858,29.6571],[79.0871,29.6627],[79.0905,29.6641],[79.0926,29.6665],[79.0962,29.6736],[79.0983,29.6738],[79.1014,29.6719],[79.1034,29.6674],[79.1006,29.6647],[79.1014,29.6617],[79.1053,29.6606],[79.1089,29.665],[79.1082,29.6673],[79.1101,29.6735],[79.1092,29.6765],[79.1132,29.6793],[79.1162,29.6828],[79.1143,29.6833],[79.1135,29.6865],[79.1148,29.6909],[79.1118,29.6925],[79.1098,29.6911],[79.1066,29.694],[79.1069,29.6957],[79.1048,29.6986],[79.1078,29.7004],[79.109,29.703],[79.1129,29.7045],[79.1119,29.7059],[79.1157,29.7097],[79.1192,29.7092],[79.1204,29.714],[79.1197,29.7151],[79.121,29.7192],[79.1189,29.7204],[79.1157,29.7193],[79.1152,29.7246],[79.1161,29.726],[79.1122,29.7278],[79.1107,29.7314],[79.1081,29.7331],[79.1093,29.738],[79.108,29.739],[79.1102,29.742],[79.1115,29.7498],[79.11,29.7523],[79.1122,29.7596],[79.1124,29.7648],[79.111,29.7683],[79.1092,29.7752],[79.1071,29.7773],[79.0999,29.774],[79.0906,29.7765],[79.0885,29.7815],[79.0841,29.7786],[79.0792,29.78],[79.0756,29.7857],[79.0633,29.7872],[79.0598,29.7859],[79.0556,29.7863],[79.0523,29.7844],[79.0481,29.786],[79.0388,29.782],[79.0305,29.7821],[79.0244,29.7834],[79.021,29.7869],[79.0182,29.7874],[79.0142,29.7903],[79.0089,29.7911],[79.0046,29.7937],[79.0011,29.7929],[78.9928,29.787],[78.9874,29.7873],[78.982,29.7836],[78.979,29.7802],[78.973,29.7855],[78.9678,29.7857],[78.9659,29.784],[78.9616,29.7853],[78.9561,29.7858],[78.9514,29.7898],[78.9498,29.7948],[78.9448,29.7962],[78.9373,29.7961],[78.9303,29.7947],[78.9278,29.7965],[78.9276,29.8008],[78.9323,29.8064],[78.9277,29.812]]]},"properties":{"id":"in:subdistrict:309","level":"subdistrict","name":"Dhoomakot","code":309,"parent":"in:district:52","state":"in:state:5"}},{"type":"Feature","geometry":{"type":"Polygon","coordinates":[[[78.9277,29.812],[78.9319,29.8145],[78.9403,29.8153],[78.9387,29.823],[78.9369,29.8265],[78.9314,29.8267],[78.928,29.83],[78.929,29.8399],[78.9303,29.8421],[78.9289,29.8441],[78.9285,29.8485],[78.9245,29.8525],[78.9254,29.857],[78.9292,29.8599],[78.9353,29.8619],[78.9373,29.8659],[78.9367,29.8676],[78.9387,29.8723],[78.9425,29.8744],[78.9441,29.8742],[78.9489,29.8705],[78.9531,29.8703],[78.9577,29.8691],[78.963,29.8653],[78.9637,29.8634],[78.9686,29.8606],[78.9719,29.8558],[78.9737,29.8517],[78.9773,29.8503],[78.9783,29.8522],[78.9794,29.8587],[78.9819,29.8602],[78.983,29.8632],[78.9885,29.8686],[78.9907,29.8762],[78.9926,29.8769],[78.9924,29.8799],[78.987,29.8773],[78.9787,29.8785],[78.9754,29.8833],[78.9703,29.8869],[78.9702,29.8935],[78.9693,29.895],[78.9699,29.9005],[78.9665,29.9009],[78.9626,29.9041],[78.9596,29.9078],[78.9592,29.91],[78.956,29.9167],[78.9547,29.9172],[78.9538,29.9264],[78.9558,29.9299],[78.9565,29.9335],[78.9624,29.9386],[78.9656,29.9454],[78.9716,29.9486],[78.9767,29.9518],[78.9755,29.9545],[78.9764,29.9596],[78.9757,29.9627],[78.9738,29.9652],[78.9655,29.9701],[78.964,29.9733],[78.9665,29.9764],[78.9643,29.9818],[78.9606,29.9849],[78.962,29.9899],[78.9582,29.9952],[78.9606,29.9993],[78.9593,30.0019],[78.9595,30.0048],[78.9611,30.0068],[78.9618,30.0108],[78.9597,30.0126],[78.9496,30.0123],[78.9461,30.0162],[78.9415,30.0145],[78.9388,30.0107],[78.9343,30.0063],[78.9254,30.0034],[78.9239,30.0043],[78.9166,30.0029],[78.9108,30.0027],[78.9059,30.0035],[78.9033,30.0028],[78.8999,30.007],[78.8975,30.0088],[78.8982,30.0105],[78.8958,30.0149],[78.8901,30.0177],[78.8875,30.0215],[78.8873,30.0261],[78.8861,30.0289],[78.878,30.0327],[78.871,30.0377],[78.8653,30.0382],[78.8602,30.0363],[78.8579,30.0383],[78.8603,30.0425],[78.8625,30.0545],[78.8708,30.0619],[78.8696,30.065],[78.8658,30.0663],[78.8614,30.0631],[78.8552,30.0612],[78.8534,30.0578],[78.8481,30.0519],[78.8488,30.0473],[78.8485,30.0436],[78.8411,30.0406],[78.8376,30.0381],[78.8367,30.0347],[78.833,30.0307],[78.8346,30.0274],[78.8345,30.0231],[78.8314,30.0192],[78.8252,30.018],[78.8204,30.0149],[78.818,30.0067],[78.816,30.005],[78.8138,30.0005],[78.8112,29.998],[78.8061,29.9962],[78.8034,29.9962],[78.7955,29.993],[78.7891,29.9924],[78.7849,29.9897],[78.7817,29.9833],[78.7748,29.9789],[78.7744,29.9755],[78.7693,29.9734],[78.7701,29.9692],[78.7657,29.9668],[78.7632,29.9633],[78.7611,29.9619],[78.7582,29.9582],[78.7589,29.9499],[78.7556,29.949],[78.753,29.9439],[78.7527,29.9415],[78.7498,29.94],[78.7466,29.9397],[78.7429,29.9357],[78.7404,29.9352],[78.7377,29.9318],[78.7366,29.9289],[78.7315,29.9264],[78.7281,29.923],[78.7239,29.9264],[78.7214,29.9272],[78.7177,29.9257],[78.7187,29.9213],[78.7207,29.9206],[78.7179,29.9143],[78.7129,29.9137],[78.7145,29.9113],[78.7213,29.9071],[78.7305,29.8984],[78.7357,29.8944],[78.7451,29.8951],[78.7491,29.8928],[78.7632,29.8962],[78.7664,29.8958],[78.7729,29.8935],[78.7745,29.8912],[78.7789,29.8874],[78.7864,29.8881],[78.7918,29.8929],[78.8004,29.8973],[78.805,29.899],[78.8078,29.9038],[78.8098,29.9031],[78.8095,29.8901],[78.8085,29.8842],[78.8102,29.8815],[78.8135,29.8791],[78.8216,29.8783],[78.8249,29.8749],[78.8303,29.8762],[78.8324,29.8707],[78.8336,29.8696],[78.8386,29.8707],[78.8486,29.8694],[78.8459,29.8586],[78.8515,29.8583],[78.8542,29.8551],[78.8566,29.854],[78.8617,29.8548],[78.8648,29.8531],[78.8679,29.8476],[78.8693,29.8437],[78.8681,29.8389],[78.8696,29.8366],[78.8753,29.8357],[78.8786,29.8379],[78.8834,29.8341],[78.8855,29.8341],[78.8877,29.8367],[78.8982,29.8352],[78.8994,29.8329],[78.898,29.8299],[78.8954,29.8286],[78.8958,29.8254],[78.8975,29.8236],[78.8989,29.8154],[78.9041,29.8114],[78.9092,29.8095],[78.9109,29.8119],[78.9139,29.8134],[78.917,29.8125],[78.9209,29.8131],[78.9264,29.8111],[78.9277,29.812]]]},"properties":{"id":"in:subdistrict:312","level":"subdistrict","name":"Chaubatta Khal","code":312,"parent":"in:district:52","state":"in:state:5"}},{"type":"Feature","geometry":{"type":"Polygon","coordinates":[[[78.9709,29.5392],[78.9768,29.5413],[78.9859,29.5469],[78.993,29.5527],[78.9961,29.5531],[78.9986,29.5515],[79.004,29.5524],[79.0064,29.5564],[79.0012,29.5586],[78.9985,29.5625],[79.0023,29.5672],[79.0074,29.5706],[79.0064,29.5747],[79.0023,29.5794],[78.9935,29.5805],[78.9834,29.5865],[78.9774,29.5863],[78.9753,29.5901],[78.9693,29.5915],[78.9672,29.5938],[78.9638,29.5954],[78.9591,29.5961],[78.9576,29.6046],[78.9576,29.6102],[78.9611,29.6137],[78.9654,29.6152],[78.9686,29.6175],[78.9697,29.6217],[78.973,29.6244],[78.9657,29.6328],[78.9622,29.6349],[78.9615,29.638],[78.9593,29.6392],[78.953,29.6401],[78.951,29.6365],[78.9467,29.638],[78.9433,29.6382],[78.9423,29.6401],[78.9447,29.645],[78.943,29.6459],[78.9397,29.6451],[78.9324,29.642],[78.9274,29.6444],[78.9222,29.6454],[78.922,29.6486],[78.9257,29.6508],[78.9265,29.6569],[78.9255,29.6598],[78.9275,29.661],[78.9282,29.6656],[78.9303,29.6701],[78.9332,29.6729],[78.937,29.6746],[78.9407,29.674],[78.9437,29.6704],[78.9505,29.6724],[78.9584,29.6783],[78.9555,29.6808],[78.9561,29.686],[78.9504,29.6893],[78.95,29.694],[78.953,29.6959],[78.9529,29.699],[78.9467,29.7],[78.9514,29.7058],[78.949,29.7092],[78.9506,29.7122],[78.9489,29.7177],[78.9459,29.7194],[78.9423,29.719],[78.9404,29.724],[78.9384,29.7267],[78.9385,29.7313],[78.9413,29.7336],[78.9374,29.7393],[78.9345,29.742],[78.9358,29.744],[78.9437,29.7376],[78.9519,29.7378],[78.9488,29.7412],[78.9477,29.7437],[78.9416,29.7465],[78.9415,29.7511],[78.9374,29.7563],[78.9407,29.7654],[78.9388,29.7693],[78.9359,29.7731],[78.9327,29.7715],[78.9316,29.7649],[78.9301,29.7628],[78.9274,29.7645],[78.9247,29.7637],[78.9154,29.7627],[78.9105,29.7591],[78.9071,29.7584],[78.9056,29.7607],[78.8991,29.7617],[78.8951,29.7646],[78.8949,29.7668],[78.8926,29.7684],[78.888,29.7698],[78.8888,29.7722],[78.8853,29.775],[78.8826,29.7738],[78.8801,29.7695],[78.8757,29.7664],[78.8777,29.7614],[78.877,29.7592],[78.8728,29.7593],[78.8713,29.7644],[78.8721,29.771],[78.871,29.7743],[78.8678,29.775],[78.8663,29.7767],[78.8615,29.7787],[78.8615,29.7817],[78.8638,29.785],[78.8581,29.7893],[78.8581,29.7909],[78.855,29.7942],[78.8573,29.7983],[78.8565,29.8021],[78.858,29.8045],[78.8542,29.8097],[78.8559,29.813],[78.8603,29.8178],[78.8576,29.8224],[78.8614,29.8295],[78.8619,29.833],[78.8587,29.8349],[78.8625,29.8377],[78.8642,29.8414],[78.8636,29.8435],[78.8679,29.8476],[78.8648,29.8531],[78.8623,29.8525],[78.8589,29.847],[78.853,29.8428],[78.8473,29.8404],[78.8423,29.8391],[78.8398,29.841],[78.8329,29.841],[78.8292,29.842],[78.8234,29.8381],[78.8184,29.8372],[78.815,29.8352],[78.8121,29.8366],[78.8096,29.8359],[78.8041,29.8373],[78.7974,29.8374],[78.7952,29.8348],[78.7926,29.8336],[78.7882,29.8337],[78.7831,29.8303],[78.7819,29.8279],[78.7775,29.8239],[78.7741,29.8221],[78.7714,29.8229],[78.7666,29.8223],[78.7626,29.8195],[78.7568,29.818],[78.7518,29.8153],[78.746,29.8152],[78.748,29.8179],[78.7473,29.8233],[78.7486,29.8254],[78.745,29.8287],[78.7381,29.8197],[78.7327,29.8178],[78.7307,29.8202],[78.723,29.8239],[78.7206,29.8283],[78.7207,29.8316],[78.7169,29.8445],[78.7151,29.8463],[78.7121,29.854],[78.7133,29.8562],[78.7093,29.8673],[78.7095,29.8705],[78.7079,29.8727],[78.713,29.8734],[78.7175,29.8765],[78.7235,29.8778],[78.726,29.8774],[78.7275,29.8793],[78.7242,29.8822],[78.7229,29.8851],[78.7197,29.8873],[78.7173,29.8918],[78.7142,29.8954],[78.71,29.8962],[78.7091,29.8981],[78.7044,29.9025],[78.7006,29.901],[78.6982,29.8986],[78.6962,29.8997],[78.6923,29.904],[78.6888,29.902],[78.6854,29.8978],[78.6844,29.8944],[78.6795,29.8885],[78.674,29.8878],[78.6732,29.8917],[78.6718,29.8936],[78.6707,29.8999],[78.6674,29.9016],[78.6669,29.9043],[78.6642,29.9075],[78.6618,29.9145],[78.6638,29.919],[78.6649,29.9239],[78.662,29.9241],[78.6618,29.9217],[78.6598,29.92],[78.6553,29.9191],[78.6514,29.9213],[78.647,29.9201],[78.6461,29.9262],[78.6388,29.9261],[78.6378,29.93],[78.641,29.9351],[78.6482,29.9374],[78.65,29.939],[78.6528,29.9367],[78.6583,29.9425],[78.6628,29.9416],[78.6665,29.9453],[78.675,29.9508],[78.6772,29.9517],[78.681,29.9552],[78.6812,29.9569],[78.6795,29.9572],[78.6731,29.9654],[78.6703,29.9674],[78.6646,29.9679],[78.659,29.9753],[78.6598,29.9792],[78.6543,29.978],[78.6473,29.9819],[78.6441,29.9824],[78.6446,29.9863],[78.6396,29.9911],[78.6361,29.992],[78.6321,29.9952],[78.6307,29.9972],[78.6343,30.0049],[78.6365,30.0082],[78.6361,30.0137],[78.6339,30.0165],[78.6301,30.0168],[78.6251,30.0203],[78.6278,30.0227],[78.6273,30.0274],[78.6286,30.0342],[78.6261,30.0359],[78.6212,30.0361],[78.6185,30.0379],[78.6145,30.0389],[78.6137,30.0423],[78.6096,30.0459],[78.6091,30.0473],[78.6118,30.0503],[78.6032,30.0524],[78.6028,30.0503],[78.5986,30.0479],[78.5922,30.0478],[78.5912,30.0434],[78.589,30.0418],[78.5877,30.0387],[78.5798,30.0346],[78.5775,30.0349],[78.5707,30.0325],[78.5713,30.0301],[78.5736,30.0284],[78.5695,30.0236],[78.5718,30.0173],[78.5683,30.0185],[78.5634,30.0174],[78.5604,30.0178],[78.5569,30.0118],[78.5571,30.0083],[78.5546,30.007],[78.5533,30.003],[78.5492,30.0051],[78.5423,30.0014],[78.5392,30.0006],[78.5389,29.9989],[78.5353,29.9976],[78.5305,29.9941],[78.526,29.9946],[78.5188,29.9906],[78.5189,29.9865],[78.5165,29.985],[78.5175,29.982],[78.5157,29.979],[78.5168,29.9758],[78.5133,29.9744],[78.5128,29.9712],[78.5171,29.9672],[78.5159,29.9599],[78.5171,29.9569],[78.5116,29.9529],[78.5106,29.9501],[78.5059,29.9438],[78.5094,29.9401],[78.5156,29.9355],[78.5158,29.9325],[78.5175,29.9302],[78.5174,29.9264],[78.5199,29.925],[78.5207,29.9218],[78.5239,29.9217],[78.5251,29.9243],[78.5255,29.9285],[78.53,29.932],[78.529,29.934],[78.5293,29.9401],[78.534,29.9416],[78.5351,29.9441],[78.5387,29.9469],[78.5369,29.9514],[78.5388,29.9532],[78.5458,29.9523],[78.547,29.9504],[78.547,29.9465],[78.5498,29.9462],[78.5528,29.9438],[78.556,29.944],[78.5598,29.9411],[78.5626,29.9347],[78.5558,29.9302],[78.5548,29.9278],[78.5507,29.9229],[78.5471,29.9217],[78.5495,29.9188],[78.5511,29.9153],[78.5549,29.9101],[78.5518,29.9081],[78.5533,29.9047],[78.5506,29.9024],[78.5554,29.8956],[78.552,29.8911],[78.5558,29.8904],[78.5607,29.8906],[78.5661,29.8954],[78.5681,29.8984],[78.5692,29.9038],[78.5725,29.9049],[78.5791,29.9037],[78.5837,29.9052],[78.5869,29.9049],[78.6005,29.9119],[78.6055,29.9128],[78.6084,29.9148],[78.6142,29.9151],[78.6209,29.9199],[78.6222,29.9219],[78.623,29.9271],[78.6249,29.9334],[78.6296,29.9351],[78.6325,29.9375],[78.6356,29.9317],[78.6361,29.9256],[78.6393,29.9242],[78.6433,29.9246],[78.6451,29.9218],[78.6413,29.9158],[78.6404,29.9116],[78.639,29.9097],[78.6354,29.9077],[78.634,29.9049],[78.6355,29.8998],[78.6373,29.8972],[78.6348,29.8934],[78.6369,29.8877],[78.6367,29.8852],[78.6337,29.8856],[78.6309,29.8846],[78.6273,29.8848],[78.6258,29.8832],[78.6273,29.879],[78.6265,29.8749],[78.6325,29.8749],[78.6367,29.8778],[78.6392,29.8784],[78.6393,29.8753],[78.6347,29.8721],[78.6338,29.8703],[78.6367,29.8688],[78.6399,29.8693],[78.6393,29.8717],[78.6423,29.876],[78.6453,29.8737],[78.6472,29.8738],[78.6499,29.8778],[78.656,29.8785],[78.657,29.8776],[78.664,29.8763],[78.6607,29.8733],[78.6544,29.8707],[78.6519,29.8657],[78.649,29.8654],[78.6445,29.8636],[78.6425,29.8603],[78.6409,29.8545],[78.6456,29.8519],[78.6464,29.8457],[78.644,29.8428],[78.64,29.8403],[78.6339,29.8336],[78.6326,29.8278],[78.6309,29.8268],[78.6314,29.8236],[78.6298,29.8223],[78.6285,29.8184],[78.6311,29.8165],[78.6338,29.8065],[78.6359,29.8041],[78.6384,29.8041],[78.6492,29.8002],[78.6491,29.7972],[78.6465,29.7948],[78.6464,29.7928],[78.6487,29.789],[78.6462,29.7877],[78.642,29.7877],[78.6407,29.7866],[78.6368,29.7868],[78.6351,29.7846],[78.6311,29.7851],[78.6263,29.7843],[78.6236,29.7822],[78.6232,29.7789],[78.6243,29.7744],[78.6208,29.7717],[78.6201,29.7695],[78.6242,29.7679],[78.6293,29.7643],[78.6338,29.7595],[78.6371,29.7594],[78.643,29.7553],[78.6535,29.7553],[78.6591,29.7534],[78.6676,29.7489],[78.6699,29.7448],[78.6697,29.7398],[78.6717,29.7376],[78.6722,29.7344],[78.6762,29.7286],[78.68,29.7257],[78.6808,29.7236],[78.6857,29.7205],[78.6858,29.7182],[78.6902,29.7154],[78.692,29.7131],[78.6871,29.7102],[78.6825,29.709],[78.6786,29.7108],[78.6726,29.707],[78.6691,29.7071],[78.6658,29.7047],[78.6636,29.7044],[78.663,29.6993],[78.6679,29.6958],[78.672,29.6903],[78.6692,29.6872],[78.6686,29.6847],[78.6754,29.6796],[78.6771,29.6753],[78.6816,29.672],[78.6847,29.6716],[78.6935,29.6625],[78.6956,29.6611],[78.7025,29.6519],[78.7025,29.6494],[78.7078,29.6443],[78.7093,29.6401],[78.7081,29.639],[78.7117,29.6347],[78.7108,29.6313],[78.7126,29.6309],[78.7141,29.627],[78.7129,29.6249],[78.7133,29.6221],[78.7154,29.6188],[78.7183,29.6188],[78.7193,29.6144],[78.7229,29.6108],[78.7231,29.6093],[78.7284,29.6045],[78.7324,29.6032],[78.7359,29.6009],[78.7423,29.6016],[78.7471,29.6006],[78.7509,29.5976],[78.7532,29.5947],[78.754,29.5918],[78.7575,29.5875],[78.7601,29.5859],[78.7641,29.5873],[78.7669,29.5874],[78.7723,29.5826],[78.7772,29.5772],[78.7853,29.5822],[78.7947,29.5858],[78.8016,29.5878],[78.8111,29.5913],[78.8235,29.5945],[78.8281,29.5967],[78.8321,29.6001],[78.8432,29.5986],[78.8588,29.5929],[78.8659,29.5876],[78.8721,29.5858],[78.8759,29.5888],[78.88,29.5872],[78.883,29.5842],[78.8863,29.5823],[78.8936,29.5814],[78.8969,29.5821],[78.9037,29.5812],[78.9072,29.5782],[78.9115,29.5735],[78.9118,29.5682],[78.9152,29.5638],[78.918,29.5588],[78.9239,29.5565],[78.9277,29.5542],[78.9329,29.5531],[78.9369,29.5533],[78.9413,29.5549],[78.9453,29.5518],[78.9502,29.5498],[78.9547,29.55],[78.9589,29.5477],[78.9616,29.5448],[78.9695,29.539],[78.9709,29.5392]]]},"properties":{"id":"in:subdistrict:310","level":"subdistrict","name":"Lansdowne","code":310,"parent":"in:district:52","state":"in:state:5"}},{"type":"Feature","geometry":{"type":"Polygon","coordinates":[[[78.7177,29.9257],[78.7143,29.926],[78.7131,29.9285],[78.7137,29.9319],[78.7083,29.9333],[78.7057,29.933],[78.7033,29.9373],[78.6994,29.9375],[78.6972,29.942],[78.6928,29.9478],[78.6889,29.95],[78.6876,29.9532],[78.6846,29.9562],[78.6812,29.9569],[78.681,29.9552],[78.6772,29.9517],[78.675,29.9508],[78.6665,29.9453],[78.6628,29.9416],[78.6583,29.9425],[78.6528,29.9367],[78.65,29.939],[78.6482,29.9374],[78.641,29.9351],[78.6378,29.93],[78.6388,29.9261],[78.6461,29.9262],[78.647,29.9201],[78.6514,29.9213],[78.6553,29.9191],[78.6598,29.92],[78.6618,29.9217],[78.662,29.9241],[78.6649,29.9239],[78.6638,29.919],[78.6618,29.9145],[78.6642,29.9075],[78.6669,29.9043],[78.6674,29.9016],[78.6707,29.8999],[78.6718,29.8936],[78.6732,29.8917],[78.674,29.8878],[78.6795,29.8885],[78.6844,29.8944],[78.6854,29.8978],[78.6888,29.902],[78.6923,29.904],[78.6962,29.8997],[78.6982,29.8986],[78.7006,29.901],[78.7044,29.9025],[78.7091,29.8981],[78.71,29.8962],[78.7142,29.8954],[78.7173,29.8918],[78.7197,29.8873],[78.7229,29.8851],[78.7242,29.8822],[78.7275,29.8793],[78.726,29.8774],[78.7235,29.8778],[78.7175,29.8765],[78.713,29.8734],[78.7079,29.8727],[78.7095,29.8705],[78.7093,29.8673],[78.7133,29.8562],[78.7121,29.854],[78.7151,29.8463],[78.7169,29.8445],[78.7207,29.8316],[78.7206,29.8283],[78.723,29.8239],[78.7307,29.8202],[78.7327,29.8178],[78.7381,29.8197],[78.745,29.8287],[78.7486,29.8254],[78.7473,29.8233],[78.748,29.8179],[78.746,29.8152],[78.7518,29.8153],[78.7568,29.818],[78.7626,29.8195],[78.7666,29.8223],[78.7714,29.8229],[78.7741,29.8221],[78.7775,29.8239],[78.7819,29.8279],[78.7831,29.8303],[78.7882,29.8337],[78.7926,29.8336],[78.7952,29.8348],[78.7974,29.8374],[78.8041,29.8373],[78.8096,29.8359],[78.8121,29.8366],[78.815,29.8352],[78.8184,29.8372],[78.8234,29.8381],[78.8292,29.842],[78.8329,29.841],[78.8398,29.841],[78.8423,29.8391],[78.8473,29.8404],[78.853,29.8428],[78.8589,29.847],[78.8623,29.8525],[78.8648,29.8531],[78.8617,29.8548],[78.8566,29.854],[78.8542,29.8551],[78.8515,29.8583],[78.8459,29.8586],[78.8486,29.8694],[78.8386,29.8707],[78.8336,29.8696],[78.8324,29.8707],[78.8303,29.8762],[78.8249,29.8749],[78.8216,29.8783],[78.8135,29.8791],[78.8102,29.8815],[78.8085,29.8842],[78.8095,29.8901],[78.8098,29.9031],[78.8078,29.9038],[78.805,29.899],[78.8004,29.8973],[78.7918,29.8929],[78.7864,29.8881],[78.7789,29.8874],[78.7745,29.8912],[78.7729,29.8935],[78.7664,29.8958],[78.7632,29.8962],[78.7491,29.8928],[78.7451,29.8951],[78.7357,29.8944],[78.7305,29.8984],[78.7213,29.9071],[78.7145,29.9113],[78.7129,29.9137],[78.7179,29.9143],[78.7207,29.9206],[78.7187,29.9213],[78.7177,29.9257]]]},"properties":{"id":"in:subdistrict:311","level":"subdistrict","name":"Satpuli","code":311,"parent":"in:district:52","state":"in:state:5"}},{"type":"Feature","geometry":{"type":"Polygon","coordinates":[[[78.8996,30.2448],[78.8975,30.2509],[78.8936,30.2516],[78.8886,30.2547],[78.8824,30.2601],[78.8775,30.2598],[78.8754,30.2522],[78.8718,30.2516],[78.8681,30.248],[78.8593,30.2433],[78.8569,30.2437],[78.8525,30.2463],[78.847,30.2462],[78.8466,30.2385],[78.845,30.2367],[78.8415,30.2364],[78.8366,30.2383],[78.829,30.2432],[78.8195,30.2375],[78.8213,30.2303],[78.8181,30.2283],[78.8103,30.2279],[78.8081,30.2262],[78.8084,30.2212],[78.8054,30.2194],[78.8015,30.2195],[78.7978,30.2211],[78.793,30.2273],[78.7906,30.2285],[78.7873,30.2285],[78.7785,30.2255],[78.7754,30.2251],[78.7671,30.226],[78.7659,30.2255],[78.7635,30.218],[78.7612,30.2163],[78.756,30.2175],[78.7523,30.2148],[78.7484,30.2131],[78.7458,30.2139],[78.7374,30.2209],[78.73,30.2245],[78.7189,30.2321],[78.7166,30.2364],[78.7139,30.2364],[78.7142,30.2333],[78.7124,30.2321],[78.7047,30.2313],[78.7021,30.2326],[78.6998,30.236],[78.6924,30.2344],[78.6896,30.2354],[78.6862,30.2388],[78.6816,30.2375],[78.6799,30.2317],[78.6812,30.2285],[78.6836,30.2264],[78.6817,30.2238],[78.6838,30.2212],[78.6801,30.2184],[78.6793,30.2153],[78.6809,30.211],[78.6787,30.21],[78.673,30.2126],[78.6701,30.2126],[78.6666,30.2109],[78.6661,30.2086],[78.6632,30.2058],[78.6579,30.2045],[78.648,30.2078],[78.643,30.2042],[78.6432,30.1997],[78.6457,30.1967],[78.6428,30.1931],[78.6364,30.1874],[78.6308,30.1836],[78.6253,30.1819],[78.6207,30.1784],[78.6217,30.1751],[78.621,30.1668],[78.619,30.1634],[78.62,30.16],[78.62,30.1557],[78.6186,30.1528],[78.621,30.1518],[78.6255,30.1529],[78.6241,30.1595],[78.625,30.1649],[78.6274,30.1671],[78.6332,30.1686],[78.6322,30.1712],[78.6354,30.1744],[78.6469,30.1809],[78.6468,30.1848],[78.6451,30.188],[78.6472,30.1906],[78.653,30.1908],[78.6614,30.1904],[78.6652,30.195],[78.6716,30.196],[78.6778,30.1951],[78.6866,30.1956],[78.6902,30.194],[78.693,30.1946],[78.695,30.1968],[78.6945,30.2031],[78.7,30.2059],[78.7095,30.206],[78.7103,30.203],[78.7139,30.2024],[78.7184,30.2065],[78.735,30.2018],[78.7367,30.1985],[78.7442,30.1995],[78.7461,30.1984],[78.7486,30.2015],[78.7547,30.1995],[78.76,30.1983],[78.7593,30.2009],[78.7636,30.2041],[78.7688,30.2029],[78.7681,30.2003],[78.7711,30.1992],[78.7702,30.1967],[78.7718,30.1933],[78.7751,30.1935],[78.7762,30.1958],[78.7819,30.1935],[78.7869,30.1922],[78.7909,30.1922],[78.7936,30.1882],[78.8003,30.1841],[78.7972,30.1809],[78.7937,30.1801],[78.7906,30.1828],[78.7889,30.1815],[78.7944,30.1707],[78.7989,30.1656],[78.802,30.1641],[78.8032,30.1604],[78.8097,30.1568],[78.8142,30.1511],[78.8148,30.1466],[78.8243,30.1428],[78.8264,30.141],[78.831,30.1415],[78.8362,30.1433],[78.8446,30.145],[78.848,30.1443],[78.8496,30.1468],[78.8513,30.1548],[78.849,30.1592],[78.8472,30.1609],[78.8488,30.1629],[78.8546,30.1665],[78.8574,30.1672],[78.8657,30.1674],[78.8733,30.167],[78.8802,30.1689],[78.8836,30.169],[78.8868,30.1726],[78.8898,30.1738],[78.8947,30.1737],[78.896,30.1748],[78.9039,30.178],[78.907,30.1767],[78.909,30.1802],[78.9062,30.1809],[78.9004,30.18],[78.8981,30.1813],[78.9014,30.1901],[78.9028,30.1967],[78.9033,30.205],[78.9023,30.2095],[78.9069,30.2086],[78.9089,30.2031],[78.9106,30.2021],[78.9148,30.2041],[78.9155,30.21],[78.9106,30.2135],[78.9127,30.2144],[78.9132,30.217],[78.9104,30.2224],[78.9109,30.2241],[78.9148,30.2267],[78.915,30.2301],[78.9136,30.2317],[78.9074,30.235],[78.8913,30.2352],[78.8941,30.2382],[78.898,30.2438],[78.8996,30.2448]]]},"properties":{"id":"in:subdistrict:306","level":"subdistrict","name":"Srinagar","code":306,"parent":"in:district:52","state":"in:state:5"}},{"type":"Feature","geometry":{"type":"Polygon","coordinates":[[[78.9618,30.0108],[78.9645,30.0107],[78.97,30.0133],[78.9736,30.0173],[78.978,30.0164],[78.9814,30.019],[78.9877,30.0202],[78.9936,30.025],[78.9974,30.0272],[78.9977,30.0287],[78.9956,30.0326],[78.9949,30.0373],[78.9965,30.0418],[79.0029,30.0416],[79.0087,30.044],[79.0139,30.0483],[79.0216,30.0527],[79.0253,30.057],[79.0312,30.0608],[79.0297,30.0672],[79.0298,30.0695],[79.0254,30.0741],[79.0231,30.0755],[79.0181,30.076],[79.0114,30.0786],[79.0102,30.0807],[79.0046,30.0838],[78.9983,30.0887],[78.9979,30.0908],[78.9929,30.0938],[78.9905,30.0981],[78.9904,30.1038],[78.9922,30.1071],[78.992,30.1101],[78.9894,30.113],[78.9837,30.121],[78.9804,30.124],[78.9753,30.127],[78.9746,30.1313],[78.971,30.1323],[78.9695,30.134],[78.965,30.1335],[78.9669,30.1383],[78.9669,30.1404],[78.9632,30.1439],[78.963,30.1452],[78.954,30.1465],[78.9508,30.1479],[78.9459,30.147],[78.9448,30.1449],[78.9478,30.1429],[78.9461,30.1413],[78.9423,30.1425],[78.9364,30.1422],[78.9304,30.1436],[78.9273,30.1431],[78.9247,30.1458],[78.9336,30.1553],[78.9371,30.1575],[78.9317,30.1631],[78.9258,30.1657],[78.9199,30.1699],[78.9171,30.1705],[78.9138,30.1737],[78.9108,30.1742],[78.907,30.1767],[78.9039,30.178],[78.896,30.1748],[78.8947,30.1737],[78.8898,30.1738],[78.8868,30.1726],[78.8836,30.169],[78.8802,30.1689],[78.8733,30.167],[78.8657,30.1674],[78.8574,30.1672],[78.8546,30.1665],[78.8488,30.1629],[78.8472,30.1609],[78.849,30.1592],[78.8513,30.1548],[78.8496,30.1468],[78.848,30.1443],[78.8446,30.145],[78.8362,30.1433],[78.831,30.1415],[78.8264,30.141],[78.8243,30.1428],[78.8148,30.1466],[78.8142,30.1511],[78.8097,30.1568],[78.8032,30.1604],[78.802,30.1641],[78.7989,30.1656],[78.7944,30.1707],[78.7889,30.1815],[78.7906,30.1828],[78.7937,30.1801],[78.7972,30.1809],[78.8003,30.1841],[78.7936,30.1882],[78.7909,30.1922],[78.7869,30.1922],[78.7819,30.1935],[78.7762,30.1958],[78.7751,30.1935],[78.7718,30.1933],[78.7702,30.1967],[78.7711,30.1992],[78.7681,30.2003],[78.7688,30.2029],[78.7636,30.2041],[78.7593,30.2009],[78.76,30.1983],[78.7547,30.1995],[78.7486,30.2015],[78.7461,30.1984],[78.7442,30.1995],[78.7367,30.1985],[78.735,30.2018],[78.7184,30.2065],[78.7139,30.2024],[78.7103,30.203],[78.7095,30.206],[78.7,30.2059],[78.6945,30.2031],[78.695,30.1968],[78.693,30.1946],[78.6902,30.194],[78.6866,30.1956],[78.6778,30.1951],[78.6716,30.196],[78.6652,30.195],[78.6614,30.1904],[78.653,30.1908],[78.6472,30.1906],[78.6451,30.188],[78.6468,30.1848],[78.6469,30.1809],[78.6354,30.1744],[78.6322,30.1712],[78.6332,30.1686],[78.6274,30.1671],[78.625,30.1649],[78.6241,30.1595],[78.6255,30.1529],[78.621,30.1518],[78.6186,30.1528],[78.6163,30.1498],[78.6134,30.1487],[78.6075,30.148],[78.6071,30.1443],[78.6054,30.1431],[78.5991,30.1453],[78.5971,30.1435],[78.596,30.1311],[78.6014,30.1273],[78.5995,30.1249],[78.5967,30.1239],[78.5884,30.1227],[78.5866,30.1212],[78.5868,30.1166],[78.5885,30.1137],[78.5888,30.1095],[78.5869,30.1052],[78.5818,30.1059],[78.579,30.1042],[78.5798,30.1005],[78.5884,30.0911],[78.5914,30.0885],[78.5919,30.0848],[78.5849,30.0783],[78.5828,30.0756],[78.5823,30.0728],[78.5902,30.0722],[78.5942,30.0707],[78.6006,30.0696],[78.602,30.0667],[78.5986,30.0646],[78.599,30.0625],[78.5964,30.0592],[78.596,30.0568],[78.5989,30.0557],[78.6032,30.0524],[78.6118,30.0503],[78.6091,30.0473],[78.6096,30.0459],[78.6137,30.0423],[78.6145,30.0389],[78.6185,30.0379],[78.6212,30.0361],[78.6261,30.0359],[78.6286,30.0342],[78.6273,30.0274],[78.6278,30.0227],[78.6251,30.0203],[78.6301,30.0168],[78.6339,30.0165],[78.6361,30.0137],[78.6365,30.0082],[78.6343,30.0049],[78.6307,29.9972],[78.6321,29.9952],[78.6361,29.992],[78.6396,29.9911],[78.6446,29.9863],[78.6441,29.9824],[78.6473,29.9819],[78.6543,29.978],[78.6598,29.9792],[78.659,29.9753],[78.6646,29.9679],[78.6703,29.9674],[78.6731,29.9654],[78.6795,29.9572],[78.6812,29.9569],[78.6846,29.9562],[78.6876,29.9532],[78.6889,29.95],[78.6928,29.9478],[78.6972,29.942],[78.6994,29.9375],[78.7033,29.9373],[78.7057,29.933],[78.7083,29.9333],[78.7137,29.9319],[78.7131,29.9285],[78.7143,29.926],[78.7177,29.9257],[78.7214,29.9272],[78.7239,29.9264],[78.7281,29.923],[78.7315,29.9264],[78.7366,29.9289],[78.7377,29.9318],[78.7404,29.9352],[78.7429,29.9357],[78.7466,29.9397],[78.7498,29.94],[78.7527,29.9415],[78.753,29.9439],[78.7556,29.949],[78.7589,29.9499],[78.7582,29.9582],[78.7611,29.9619],[78.7632,29.9633],[78.7657,29.9668],[78.7701,29.9692],[78.7693,29.9734],[78.7744,29.9755],[78.7748,29.9789],[78.7817,29.9833],[78.7849,29.9897],[78.7891,29.9924],[78.7955,29.993],[78.8034,29.9962],[78.8061,29.9962],[78.8112,29.998],[78.8138,30.0005],[78.816,30.005],[78.818,30.0067],[78.8204,30.0149],[78.8252,30.018],[78.8314,30.0192],[78.8345,30.0231],[78.8346,30.0274],[78.833,30.0307],[78.8367,30.0347],[78.8376,30.0381],[78.8411,30.0406],[78.8485,30.0436],[78.8488,30.0473],[78.8481,30.0519],[78.8534,30.0578],[78.8552,30.0612],[78.8614,30.0631],[78.8658,30.0663],[78.8696,30.065],[78.8708,30.0619],[78.8625,30.0545],[78.8603,30.0425],[78.8579,30.0383],[78.8602,30.0363],[78.8653,30.0382],[78.871,30.0377],[78.878,30.0327],[78.8861,30.0289],[78.8873,30.0261],[78.8875,30.0215],[78.8901,30.0177],[78.8958,30.0149],[78.8982,30.0105],[78.8975,30.0088],[78.8999,30.007],[78.9033,30.0028],[78.9059,30.0035],[78.9108,30.0027],[78.9166,30.0029],[78.9239,30.0043],[78.9254,30.0034],[78.9343,30.0063],[78.9388,30.0107],[78.9415,30.0145],[78.9461,30.0162],[78.9496,30.0123],[78.9597,30.0126],[78.9618,30.0108]]]},"properties":{"id":"in:subdistrict:307","level":"subdistrict","name":"Pauri","code":307,"parent":"in:district:52","state":"in:state:5"}},{"type":"Feature","geometry":{"type":"Polygon","coordinates":[[[79.1092,29.7752],[79.1131,29.7733],[79.1146,29.7714],[79.1209,29.7728],[79.1239,29.7763],[79.1248,29.7795],[79.1271,29.7815],[79.1269,29.7853],[79.1243,29.7874],[79.1249,29.7899],[79.1234,29.7922],[79.1227,29.798],[79.1184,29.8026],[79.1179,29.8061],[79.12,29.8093],[79.1162,29.8142],[79.1166,29.8169],[79.1144,29.8184],[79.1114,29.8258],[79.1119,29.8284],[79.1103,29.8326],[79.1022,29.8366],[79.1001,29.841],[79.1005,29.843],[79.0965,29.8472],[79.0958,29.8492],[79.0911,29.8501],[79.0875,29.8559],[79.0801,29.8592],[79.0757,29.8602],[79.0729,29.8595],[79.069,29.8622],[79.0685,29.8657],[79.0718,29.8714],[79.0709,29.8728],[79.077,29.8769],[79.0786,29.8859],[79.0828,29.8888],[79.0838,29.8909],[79.0877,29.8925],[79.0938,29.8932],[79.0965,29.891],[79.1008,29.8903],[79.1042,29.8915],[79.1063,29.8938],[79.1146,29.894],[79.1188,29.8949],[79.1232,29.8984],[79.1268,29.9022],[79.1276,29.9056],[79.1369,29.9057],[79.1481,29.9094],[79.1515,29.9118],[79.1552,29.9127],[79.1588,29.9155],[79.1642,29.9154],[79.166,29.9131],[79.1706,29.9105],[79.1725,29.908],[79.1768,29.9076],[79.1836,29.9175],[79.1894,29.9234],[79.1907,29.9327],[79.1917,29.9349],[79.1909,29.9389],[79.1915,29.943],[79.193,29.9449],[79.1969,29.9462],[79.2048,29.9393],[79.2083,29.9433],[79.2148,29.9406],[79.2183,29.942],[79.2215,29.9462],[79.2255,29.9451],[79.2276,29.9458],[79.229,29.9484],[79.2265,29.9511],[79.2285,29.9548],[79.2292,29.9582],[79.2313,29.96],[79.2318,29.9632],[79.2307,29.9655],[79.2313,29.9699],[79.23,29.9722],[79.2248,29.978],[79.222,29.9824],[79.2187,29.9859],[79.2207,29.9889],[79.2233,29.9908],[79.2225,29.9975],[79.2226,30.0013],[79.2206,30.0024],[79.2173,30.0069],[79.2164,30.0114],[79.2176,30.0229],[79.2107,30.0278],[79.2091,30.0314],[79.2063,30.0319],[79.2019,30.0354],[79.1927,30.0354],[79.1894,30.0364],[79.1885,30.0382],[79.189,30.0474],[79.193,30.0563],[79.1937,30.0592],[79.1998,30.062],[79.2025,30.0623],[79.2025,30.0655],[79.1996,30.0677],[79.1965,30.0779],[79.1936,30.0808],[79.1931,30.0845],[79.1905,30.0862],[79.1867,30.0909],[79.1821,30.0901],[79.1768,30.0928],[79.1724,30.0966],[79.1692,30.0939],[79.1644,30.093],[79.16,30.0933],[79.1544,30.0986],[79.1528,30.1048],[79.1539,30.106],[79.1513,30.1119],[79.1446,30.1127],[79.1366,30.1163],[79.1344,30.1182],[79.1352,30.1257],[79.1338,30.1284],[79.1351,30.1329],[79.1347,30.1366],[79.1324,30.1401],[79.1335,30.146],[79.1359,30.1508],[79.1401,30.1536],[79.144,30.1551],[79.1441,30.1584],[79.1403,30.1613],[79.1401,30.1648],[79.1384,30.1667],[79.1321,30.167],[79.1267,30.1689],[79.1257,30.1702],[79.1266,30.1796],[79.1222,30.18],[79.1166,30.1841],[79.112,30.1895],[79.1075,30.1896],[79.1026,30.1952],[79.0976,30.1967],[79.0959,30.2002],[79.0952,30.205],[79.0979,30.206],[79.1012,30.2111],[79.0984,30.2116],[79.0956,30.2136],[79.0943,30.2163],[79.0895,30.2159],[79.0825,30.217],[79.076,30.2205],[79.0704,30.22],[79.0687,30.2177],[79.0637,30.2164],[79.0617,30.2149],[79.0593,30.2162],[79.0548,30.2165],[79.0474,30.2137],[79.044,30.215],[79.0423,30.217],[79.0387,30.2163],[79.0319,30.2098],[79.0293,30.2066],[79.0295,30.196],[79.0286,30.1924],[79.0267,30.1903],[79.0196,30.1848],[79.0103,30.1855],[79.005,30.1834],[79.0015,30.1841],[78.999,30.1825],[78.9977,30.18],[78.9941,30.1788],[78.9898,30.1789],[78.983,30.1805],[78.9755,30.1797],[78.971,30.1776],[78.9661,30.1783],[78.9614,30.176],[78.9554,30.1747],[78.95,30.1769],[78.9461,30.1776],[78.9383,30.1767],[78.9306,30.1812],[78.9254,30.181],[78.9185,30.1821],[78.9157,30.1808],[78.909,30.1802],[78.907,30.1767],[78.9108,30.1742],[78.9138,30.1737],[78.9171,30.1705],[78.9199,30.1699],[78.9258,30.1657],[78.9317,30.1631],[78.9371,30.1575],[78.9336,30.1553],[78.9247,30.1458],[78.9273,30.1431],[78.9304,30.1436],[78.9364,30.1422],[78.9423,30.1425],[78.9461,30.1413],[78.9478,30.1429],[78.9448,30.1449],[78.9459,30.147],[78.9508,30.1479],[78.954,30.1465],[78.963,30.1452],[78.9632,30.1439],[78.9669,30.1404],[78.9669,30.1383],[78.965,30.1335],[78.9695,30.134],[78.971,30.1323],[78.9746,30.1313],[78.9753,30.127],[78.9804,30.124],[78.9837,30.121],[78.9894,30.113],[78.992,30.1101],[78.9922,30.1071],[78.9904,30.1038],[78.9905,30.0981],[78.9929,30.0938],[78.9979,30.0908],[78.9983,30.0887],[79.0046,30.0838],[79.0102,30.0807],[79.0114,30.0786],[79.0181,30.076],[79.0231,30.0755],[79.0254,30.0741],[79.0298,30.0695],[79.0297,30.0672],[79.0312,30.0608],[79.0253,30.057],[79.0216,30.0527],[79.0139,30.0483],[79.0087,30.044],[79.0029,30.0416],[78.9965,30.0418],[78.9949,30.0373],[78.9956,30.0326],[78.9977,30.0287],[78.9974,30.0272],[78.9936,30.025],[78.9877,30.0202],[78.9814,30.019],[78.978,30.0164],[78.9736,30.0173],[78.97,30.0133],[78.9645,30.0107],[78.9618,30.0108],[78.9611,30.0068],[78.9595,30.0048],[78.9593,30.0019],[78.9606,29.9993],[78.9582,29.9952],[78.962,29.9899],[78.9606,29.9849],[78.9643,29.9818],[78.9665,29.9764],[78.964,29.9733],[78.9655,29.9701],[78.9738,29.9652],[78.9757,29.9627],[78.9764,29.9596],[78.9755,29.9545],[78.9767,29.9518],[78.9716,29.9486],[78.9656,29.9454],[78.9624,29.9386],[78.9565,29.9335],[78.9558,29.9299],[78.9538,29.9264],[78.9547,29.9172],[78.956,29.9167],[78.9592,29.91],[78.9596,29.9078],[78.9626,29.9041],[78.9665,29.9009],[78.9699,29.9005],[78.9693,29.895],[78.9702,29.8935],[78.9703,29.8869],[78.9754,29.8833],[78.9787,29.8785],[78.987,29.8773],[78.9924,29.8799],[78.9926,29.8769],[78.9907,29.8762],[78.9885,29.8686],[78.983,29.8632],[78.9819,29.8602],[78.9794,29.8587],[78.9783,29.8522],[78.9773,29.8503],[78.9737,29.8517],[78.9719,29.8558],[78.9686,29.8606],[78.9637,29.8634],[78.963,29.8653],[78.9577,29.8691],[78.9531,29.8703],[78.9489,29.8705],[78.9441,29.8742],[78.9425,29.8744],[78.9387,29.8723],[78.9367,29.8676],[78.9373,29.8659],[78.9353,29.8619],[78.9292,29.8599],[78.9254,29.857],[78.9245,29.8525],[78.9285,29.8485],[78.9289,29.8441],[78.9303,29.8421],[78.929,29.8399],[78.928,29.83],[78.9314,29.8267],[78.9369,29.8265],[78.9387,29.823],[78.9403,29.8153],[78.9319,29.8145],[78.9277,29.812],[78.9323,29.8064],[78.9276,29.8008],[78.9278,29.7965],[78.9303,29.7947],[78.9373,29.7961],[78.9448,29.7962],[78.9498,29.7948],[78.9514,29.7898],[78.9561,29.7858],[78.9616,29.7853],[78.9659,29.784],[78.9678,29.7857],[78.973,29.7855],[78.979,29.7802],[78.982,29.7836],[78.9874,29.7873],[78.9928,29.787],[79.0011,29.7929],[79.0046,29.7937],[79.0089,29.7911],[79.0142,29.7903],[79.0182,29.7874],[79.021,29.7869],[79.0244,29.7834],[79.0305,29.7821],[79.0388,29.782],[79.0481,29.786],[79.0523,29.7844],[79.0556,29.7863],[79.0598,29.7859],[79.0633,29.7872],[79.0756,29.7857],[79.0792,29.78],[79.0841,29.7786],[79.0885,29.7815],[79.0906,29.7765],[79.0999,29.774],[79.1071,29.7773],[79.1092,29.7752]]]},"properties":{"id":"in:subdistrict:308","level":"subdistrict","name":"Thailisain","code":308,"parent":"in:district:52","state":"in:state:5"}},{"type":"Feature","geometry":{"type":"Polygon","coordinates":[[[78.909,30.1802],[78.9157,30.1808],[78.9185,30.1821],[78.9254,30.181],[78.9306,30.1812],[78.9383,30.1767],[78.9461,30.1776],[78.95,30.1769],[78.9554,30.1747],[78.9614,30.176],[78.9661,30.1783],[78.971,30.1776],[78.9755,30.1797],[78.983,30.1805],[78.9898,30.1789],[78.9941,30.1788],[78.9977,30.18],[78.999,30.1825],[79.0015,30.1841],[79.005,30.1834],[79.0103,30.1855],[79.0196,30.1848],[79.0267,30.1903],[79.0286,30.1924],[79.0295,30.196],[79.0293,30.2066],[79.0319,30.2098],[79.0387,30.2163],[79.0423,30.217],[79.044,30.215],[79.0474,30.2137],[79.0548,30.2165],[79.0593,30.2162],[79.0617,30.2149],[79.0637,30.2164],[79.0687,30.2177],[79.0704,30.22],[79.076,30.2205],[79.0773,30.2257],[79.084,30.2312],[79.0852,30.2355],[79.0884,30.2399],[79.0921,30.2426],[79.0964,30.2467],[79.0983,30.2523],[79.1035,30.2559],[79.1053,30.2632],[79.1077,30.2682],[79.1077,30.2708],[79.1048,30.2744],[79.102,30.2766],[79.1023,30.2801],[79.1053,30.2829],[79.1078,30.2894],[79.1123,30.2903],[79.1139,30.2925],[79.1203,30.2934],[79.1215,30.2902],[79.1314,30.2878],[79.1355,30.2853],[79.1382,30.2853],[79.1418,30.2869],[79.1441,30.2919],[79.152,30.2949],[79.1531,30.2962],[79.1565,30.2962],[79.16,30.2931],[79.1655,30.2936],[79.1667,30.2973],[79.1578,30.2973],[79.1494,30.2987],[79.1471,30.2984],[79.1445,30.3046],[79.146,30.311],[79.1481,30.3128],[79.1481,30.3208],[79.15,30.3233],[79.1544,30.3244],[79.155,30.3218],[79.1598,30.325],[79.1591,30.3284],[79.1563,30.3311],[79.1507,30.3316],[79.1479,30.336],[79.1448,30.3367],[79.1446,30.339],[79.1403,30.34],[79.1376,30.3423],[79.1376,30.348],[79.1329,30.3495],[79.1314,30.3522],[79.1321,30.3544],[79.1293,30.3576],[79.1301,30.3628],[79.1287,30.3649],[79.1251,30.3657],[79.1219,30.3683],[79.1174,30.369],[79.113,30.3709],[79.1125,30.3725],[79.1079,30.3752],[79.1103,30.3784],[79.1104,30.3812],[79.1062,30.3794],[79.1045,30.3746],[79.1064,30.3704],[79.1063,30.3676],[79.1038,30.3674],[79.1005,30.362],[79.0938,30.366],[79.088,30.3711],[79.0852,30.3716],[79.0834,30.3738],[79.0876,30.3798],[79.0876,30.3838],[79.0834,30.3841],[79.0808,30.3855],[79.0753,30.3855],[79.0745,30.3885],[79.0721,30.3914],[79.0636,30.3963],[79.0633,30.3988],[79.0592,30.4024],[79.0567,30.4029],[79.0523,30.4069],[79.0562,30.4131],[79.0567,30.4162],[79.0508,30.4162],[79.0488,30.4177],[79.0452,30.4169],[79.042,30.4194],[79.0408,30.4235],[79.0376,30.4261],[79.0345,30.4263],[79.0279,30.4303],[79.0265,30.4292],[79.0292,30.4266],[79.0291,30.4199],[79.0225,30.4206],[79.02,30.4166],[79.0144,30.4129],[79.0098,30.4115],[79.0108,30.4092],[79.0102,30.4042],[79.008,30.4037],[79.0107,30.3997],[79.0095,30.3974],[79.0123,30.3962],[79.0108,30.3911],[79.0177,30.3899],[79.0179,30.3884],[79.0146,30.3858],[79.0104,30.3844],[79.0077,30.3818],[79.0041,30.3808],[78.9999,30.3781],[78.9965,30.3739],[78.9948,30.3691],[78.9905,30.3676],[78.9887,30.3692],[78.9832,30.3684],[78.9789,30.3644],[78.9785,30.3602],[78.9749,30.3567],[78.9759,30.3523],[78.9758,30.3467],[78.9746,30.3443],[78.9682,30.3419],[78.9674,30.3378],[78.9686,30.3348],[78.9675,30.3321],[78.9682,30.3287],[78.9677,30.3246],[78.966,30.32],[78.9704,30.3167],[78.9717,30.311],[78.9737,30.3105],[78.976,30.3127],[78.9792,30.3118],[78.9798,30.305],[78.9783,30.3024],[78.9789,30.2991],[78.9774,30.2976],[78.9796,30.295],[78.98,30.2899],[78.9793,30.2877],[78.9757,30.2857],[78.9699,30.2814],[78.9672,30.2774],[78.9645,30.2753],[78.96,30.2735],[78.9554,30.2727],[78.9479,30.2691],[78.9447,30.2689],[78.9393,30.2716],[78.9346,30.27],[78.9337,30.2657],[78.9293,30.2597],[78.9288,30.2531],[78.9253,30.2528],[78.9247,30.2562],[78.9221,30.2596],[78.9197,30.2606],[78.9153,30.2597],[78.9111,30.2569],[78.9112,30.254],[78.9099,30.2497],[78.9068,30.246],[78.9017,30.2428],[78.8996,30.2448],[78.898,30.2438],[78.8941,30.2382],[78.8913,30.2352],[78.9074,30.235],[78.9136,30.2317],[78.915,30.2301],[78.9148,30.2267],[78.9109,30.2241],[78.9104,30.2224],[78.9132,30.217],[78.9127,30.2144],[78.9106,30.2135],[78.9155,30.21],[78.9148,30.2041],[78.9106,30.2021],[78.9089,30.2031],[78.9069,30.2086],[78.9023,30.2095],[78.9033,30.205],[78.9028,30.1967],[78.9014,30.1901],[78.8981,30.1813],[78.9004,30.18],[78.9062,30.1809],[78.909,30.1802]]]},"properties":{"id":"in:subdistrict:291","level":"subdistrict","name":"Rudraprayag","code":291,"parent":"in:district:54","state":"in:state:5"}},{"type":"Feature","geometry":{"type":"Polygon","coordinates":[[[79.042,30.4194],[79.046,30.421],[79.0475,30.4256],[79.0457,30.4312],[79.044,30.4322],[79.0434,30.4357],[79.0413,30.4393],[79.0335,30.4476],[79.0304,30.4472],[79.0266,30.4499],[79.021,30.4521],[79.0171,30.4523],[79.0161,30.4552],[79.0159,30.4614],[79.0183,30.4647],[79.0195,30.476],[79.0127,30.48],[79.0163,30.4841],[79.0155,30.4881],[79.0135,30.4906],[79.0132,30.4935],[79.0139,30.4989],[79.0129,30.5018],[79.0094,30.5046],[79.0037,30.5076],[78.999,30.5117],[78.9993,30.5189],[79.0066,30.5286],[79.0098,30.5322],[79.0082,30.5361],[79.0046,30.5387],[79.0026,30.5437],[78.9986,30.5451],[78.9951,30.5473],[78.9895,30.5453],[78.9862,30.546],[78.9843,30.545],[78.9811,30.5553],[78.9809,30.5581],[78.9769,30.5648],[78.9781,30.5706],[78.977,30.5761],[78.9715,30.5783],[78.9651,30.5832],[78.9606,30.5826],[78.9514,30.5837],[78.9497,30.5867],[78.9458,30.5888],[78.9419,30.5936],[78.9401,30.5988],[78.9377,30.6007],[78.9329,30.6025],[78.9311,30.6063],[78.9301,30.6111],[78.9278,30.6148],[78.9248,30.6175],[78.9252,30.6193],[78.9227,30.6217],[78.9164,30.6259],[78.9141,30.6288],[78.9093,30.6295],[78.9067,30.6249],[78.9034,30.6222],[78.9026,30.6161],[78.9008,30.6144],[78.897,30.6133],[78.8863,30.6035],[78.8905,30.5957],[78.8898,30.587],[78.887,30.5835],[78.8769,30.5808],[78.8721,30.5771],[78.8705,30.573],[78.8635,30.5673],[78.8633,30.5648],[78.8659,30.5612],[78.8642,30.5589],[78.8624,30.5538],[78.8587,30.5513],[78.8585,30.5497],[78.8604,30.5437],[78.8626,30.5419],[78.8627,30.5312],[78.8622,30.5294],[78.8641,30.5246],[78.8673,30.5193],[78.8665,30.5172],[78.8682,30.5142],[78.8664,30.5091],[78.8632,30.5061],[78.8617,30.5027],[78.8568,30.4964],[78.85,30.4909],[78.8452,30.4897],[78.8376,30.4909],[78.8318,30.4838],[78.8257,30.4831],[78.8238,30.4784],[78.8296,30.4759],[78.8341,30.4753],[78.8372,30.4709],[78.8413,30.469],[78.8416,30.4657],[78.8468,30.4626],[78.8488,30.4605],[78.8506,30.4562],[78.8462,30.4515],[78.8434,30.4501],[78.8478,30.4475],[78.8489,30.4446],[78.8477,30.4426],[78.8466,30.435],[78.8441,30.43],[78.8385,30.4265],[78.836,30.4235],[78.833,30.4172],[78.8287,30.415],[78.8262,30.4161],[78.8239,30.4137],[78.8257,30.4124],[78.824,30.408],[78.8187,30.4019],[78.8169,30.4008],[78.8224,30.3976],[78.8257,30.3947],[78.8323,30.393],[78.8351,30.3916],[78.8354,30.3885],[78.8344,30.3834],[78.8387,30.3772],[78.8385,30.3756],[78.838,30.3599],[78.8352,30.3574],[78.8402,30.3552],[78.8455,30.3559],[78.8532,30.3499],[78.8582,30.3469],[78.8574,30.3453],[78.857,30.3395],[78.8548,30.3332],[78.8609,30.3301],[78.8668,30.3253],[78.8689,30.3213],[78.8666,30.3204],[78.8578,30.3133],[78.861,30.3081],[78.8583,30.3043],[78.8584,30.302],[78.8617,30.2968],[78.8661,30.2925],[78.873,30.2842],[78.8726,30.2764],[78.874,30.2753],[78.8807,30.2728],[78.8892,30.2713],[78.8935,30.2727],[78.8958,30.2714],[78.9061,30.2694],[78.9099,30.2698],[78.9136,30.2688],[78.9202,30.2648],[78.9197,30.2606],[78.9221,30.2596],[78.9247,30.2562],[78.9253,30.2528],[78.9288,30.2531],[78.9293,30.2597],[78.9337,30.2657],[78.9346,30.27],[78.9393,30.2716],[78.9447,30.2689],[78.9479,30.2691],[78.9554,30.2727],[78.96,30.2735],[78.9645,30.2753],[78.9672,30.2774],[78.9699,30.2814],[78.9757,30.2857],[78.9793,30.2877],[78.98,30.2899],[78.9796,30.295],[78.9774,30.2976],[78.9789,30.2991],[78.9783,30.3024],[78.9798,30.305],[78.9792,30.3118],[78.976,30.3127],[78.9737,30.3105],[78.9717,30.311],[78.9704,30.3167],[78.966,30.32],[78.9677,30.3246],[78.9682,30.3287],[78.9675,30.3321],[78.9686,30.3348],[78.9674,30.3378],[78.9682,30.3419],[78.9746,30.3443],[78.9758,30.3467],[78.9759,30.3523],[78.9749,30.3567],[78.9785,30.3602],[78.9789,30.3644],[78.9832,30.3684],[78.9887,30.3692],[78.9905,30.3676],[78.9948,30.3691],[78.9965,30.3739],[78.9999,30.3781],[79.0041,30.3808],[79.0077,30.3818],[79.0104,30.3844],[79.0146,30.3858],[79.0179,30.3884],[79.0177,30.3899],[79.0108,30.3911],[79.0123,30.3962],[79.0095,30.3974],[79.0107,30.3997],[79.008,30.4037],[79.0102,30.4042],[79.0108,30.4092],[79.0098,30.4115],[79.0144,30.4129],[79.02,30.4166],[79.0225,30.4206],[79.0291,30.4199],[79.0292,30.4266],[79.0265,30.4292],[79.0279,30.4303],[79.0345,30.4263],[79.0376,30.4261],[79.0408,30.4235],[79.042,30.4194]]]},"properties":{"id":"in:subdistrict:292","level":"subdistrict","name":"Jakholi*","code":292,"parent":"in:district:54","state":"in:state:5"}},{"type":"Feature","geometry":{"type":"Polygon","coordinates":[[[78.8996,30.2448],[78.9017,30.2428],[78.9068,30.246],[78.9099,30.2497],[78.9112,30.254],[78.9111,30.2569],[78.9153,30.2597],[78.9197,30.2606],[78.9202,30.2648],[78.9136,30.2688],[78.9099,30.2698],[78.9061,30.2694],[78.8958,30.2714],[78.8935,30.2727],[78.8892,30.2713],[78.8807,30.2728],[78.874,30.2753],[78.8726,30.2764],[78.873,30.2842],[78.8661,30.2925],[78.8617,30.2968],[78.8584,30.302],[78.8583,30.3043],[78.861,30.3081],[78.8578,30.3133],[78.8666,30.3204],[78.8689,30.3213],[78.8668,30.3253],[78.8609,30.3301],[78.8548,30.3332],[78.857,30.3395],[78.8574,30.3453],[78.8582,30.3469],[78.8532,30.3499],[78.8455,30.3559],[78.8402,30.3552],[78.8352,30.3574],[78.8305,30.3546],[78.8242,30.3495],[78.8137,30.348],[78.8069,30.348],[78.8014,30.3453],[78.7939,30.3441],[78.7871,30.3442],[78.7796,30.3501],[78.7734,30.3511],[78.7599,30.3504],[78.7537,30.3542],[78.7538,30.3564],[78.7495,30.361],[78.7395,30.3629],[78.7304,30.365],[78.7263,30.3637],[78.7213,30.3637],[78.7147,30.3677],[78.7122,30.3713],[78.7048,30.3716],[78.6978,30.3784],[78.6928,30.3805],[78.6837,30.3774],[78.6819,30.3761],[78.6784,30.376],[78.6758,30.3747],[78.6748,30.3723],[78.6702,30.3701],[78.664,30.3687],[78.6644,30.3626],[78.6633,30.3589],[78.6647,30.3568],[78.665,30.3511],[78.6615,30.348],[78.6555,30.3482],[78.6515,30.347],[78.6452,30.3509],[78.6367,30.3535],[78.6337,30.3527],[78.6345,30.349],[78.6326,30.3478],[78.63,30.3485],[78.6288,30.3453],[78.6257,30.3446],[78.6238,30.3412],[78.6199,30.3377],[78.6179,30.333],[78.6127,30.3299],[78.6097,30.329],[78.6049,30.3296],[78.6,30.3288],[78.5999,30.328],[78.6068,30.3215],[78.6156,30.3139],[78.6196,30.3044],[78.6141,30.2978],[78.6112,30.2958],[78.6086,30.2916],[78.6061,30.2901],[78.5988,30.2892],[78.6062,30.2843],[78.6068,30.2822],[78.6103,30.2781],[78.6117,30.274],[78.6099,30.2703],[78.6074,30.2708],[78.608,30.2745],[78.604,30.2732],[78.6015,30.2705],[78.6009,30.2676],[78.5975,30.2677],[78.5916,30.2614],[78.5822,30.2623],[78.5763,30.2614],[78.5734,30.2638],[78.5667,30.2625],[78.5646,30.2593],[78.5673,30.2573],[78.5673,30.2538],[78.5608,30.2533],[78.5589,30.256],[78.5608,30.2576],[78.5622,30.2629],[78.559,30.2627],[78.5574,30.259],[78.5547,30.2609],[78.55,30.2626],[78.5461,30.2626],[78.5446,30.2567],[78.5404,30.2554],[78.5334,30.2518],[78.5335,30.2549],[78.5308,30.2581],[78.5259,30.2534],[78.5298,30.2467],[78.5344,30.2438],[78.536,30.2379],[78.5407,30.2353],[78.5464,30.2351],[78.5547,30.2331],[78.5575,30.2279],[78.5623,30.2249],[78.5633,30.2188],[78.5614,30.2142],[78.5587,30.2108],[78.5616,30.2018],[78.5643,30.1989],[78.573,30.196],[78.578,30.1919],[78.5824,30.1918],[78.5844,30.1899],[78.587,30.1795],[78.5835,30.1782],[78.5811,30.1738],[78.5777,30.1723],[78.5736,30.169],[78.5679,30.1659],[78.5664,30.1632],[78.5653,30.1581],[78.5596,30.1564],[78.5548,30.1523],[78.5514,30.1544],[78.5451,30.1542],[78.5396,30.1569],[78.5368,30.1573],[78.5338,30.1601],[78.5303,30.1616],[78.5268,30.1603],[78.5207,30.1609],[78.5179,30.1636],[78.5159,30.1639],[78.5143,30.1572],[78.5145,30.154],[78.5137,30.1475],[78.5142,30.1436],[78.5156,30.1415],[78.5196,30.14],[78.5202,30.1378],[78.5195,30.1326],[78.5178,30.1299],[78.509,30.1244],[78.5122,30.1197],[78.5137,30.1238],[78.5178,30.1201],[78.5142,30.1166],[78.5187,30.113],[78.5197,30.1108],[78.5179,30.1088],[78.5138,30.107],[78.5078,30.1065],[78.5077,30.1038],[78.5094,30.1023],[78.5096,30.0988],[78.5123,30.0972],[78.5119,30.095],[78.5159,30.0892],[78.5173,30.084],[78.514,30.0808],[78.5114,30.0766],[78.5164,30.0724],[78.5145,30.0705],[78.5076,30.0666],[78.5099,30.0616],[78.5113,30.0549],[78.5143,30.0583],[78.5139,30.0628],[78.5143,30.0664],[78.5234,30.0668],[78.5229,30.0717],[78.5256,30.0743],[78.5335,30.0756],[78.5409,30.073],[78.5447,30.0727],[78.5507,30.0702],[78.5631,30.069],[78.5645,30.0639],[78.5658,30.0617],[78.5705,30.0621],[78.573,30.0633],[78.577,30.0629],[78.5794,30.0613],[78.5815,30.0564],[78.5838,30.0532],[78.5892,30.0528],[78.5899,30.0545],[78.5895,30.064],[78.5932,30.0668],[78.5986,30.0646],[78.602,30.0667],[78.6006,30.0696],[78.5942,30.0707],[78.5902,30.0722],[78.5823,30.0728],[78.5828,30.0756],[78.5849,30.0783],[78.5919,30.0848],[78.5914,30.0885],[78.5884,30.0911],[78.5798,30.1005],[78.579,30.1042],[78.5818,30.1059],[78.5869,30.1052],[78.5888,30.1095],[78.5885,30.1137],[78.5868,30.1166],[78.5866,30.1212],[78.5884,30.1227],[78.5967,30.1239],[78.5995,30.1249],[78.6014,30.1273],[78.596,30.1311],[78.5971,30.1435],[78.5991,30.1453],[78.6054,30.1431],[78.6071,30.1443],[78.6075,30.148],[78.6134,30.1487],[78.6163,30.1498],[78.6186,30.1528],[78.62,30.1557],[78.62,30.16],[78.619,30.1634],[78.621,30.1668],[78.6217,30.1751],[78.6207,30.1784],[78.6253,30.1819],[78.6308,30.1836],[78.6364,30.1874],[78.6428,30.1931],[78.6457,30.1967],[78.6432,30.1997],[78.643,30.2042],[78.648,30.2078],[78.6579,30.2045],[78.6632,30.2058],[78.6661,30.2086],[78.6666,30.2109],[78.6701,30.2126],[78.673,30.2126],[78.6787,30.21],[78.6809,30.211],[78.6793,30.2153],[78.6801,30.2184],[78.6838,30.2212],[78.6817,30.2238],[78.6836,30.2264],[78.6812,30.2285],[78.6799,30.2317],[78.6816,30.2375],[78.6862,30.2388],[78.6896,30.2354],[78.6924,30.2344],[78.6998,30.236],[78.7021,30.2326],[78.7047,30.2313],[78.7124,30.2321],[78.7142,30.2333],[78.7139,30.2364],[78.7166,30.2364],[78.7189,30.2321],[78.73,30.2245],[78.7374,30.2209],[78.7458,30.2139],[78.7484,30.2131],[78.7523,30.2148],[78.756,30.2175],[78.7612,30.2163],[78.7635,30.218],[78.7659,30.2255],[78.7671,30.226],[78.7754,30.2251],[78.7785,30.2255],[78.7873,30.2285],[78.7906,30.2285],[78.793,30.2273],[78.7978,30.2211],[78.8015,30.2195],[78.8054,30.2194],[78.8084,30.2212],[78.8081,30.2262],[78.8103,30.2279],[78.8181,30.2283],[78.8213,30.2303],[78.8195,30.2375],[78.829,30.2432],[78.8366,30.2383],[78.8415,30.2364],[78.845,30.2367],[78.8466,30.2385],[78.847,30.2462],[78.8525,30.2463],[78.8569,30.2437],[78.8593,30.2433],[78.8681,30.248],[78.8718,30.2516],[78.8754,30.2522],[78.8775,30.2598],[78.8824,30.2601],[78.8886,30.2547],[78.8936,30.2516],[78.8975,30.2509],[78.8996,30.2448]]]},"properties":{"id":"in:subdistrict:294","level":"subdistrict","name":"Devprayag","code":294,"parent":"in:district:55","state":"in:state:5"}},{"type":"Feature","geometry":{"type":"Polygon","coordinates":[[[78.6,30.3288],[78.6013,30.3316],[78.6048,30.3349],[78.6089,30.337],[78.6076,30.3389],[78.6131,30.3446],[78.6209,30.3426],[78.6237,30.346],[78.6204,30.3483],[78.6194,30.3519],[78.6153,30.3581],[78.6178,30.3602],[78.6149,30.3638],[78.6129,30.3618],[78.6073,30.3605],[78.6078,30.3544],[78.6049,30.3549],[78.603,30.3574],[78.5982,30.3578],[78.5959,30.3592],[78.5914,30.3596],[78.5866,30.3591],[78.5827,30.362],[78.5793,30.366],[78.5786,30.3692],[78.576,30.3696],[78.5712,30.3721],[78.5708,30.3744],[78.5677,30.3755],[78.5649,30.3741],[78.5592,30.3746],[78.5553,30.3726],[78.5512,30.3673],[78.5456,30.3679],[78.5406,30.3721],[78.5332,30.3756],[78.5295,30.3744],[78.5253,30.3774],[78.5234,30.3802],[78.5183,30.3806],[78.5151,30.3801],[78.511,30.3776],[78.5059,30.3799],[78.5043,30.3823],[78.4969,30.3811],[78.4923,30.381],[78.4839,30.384],[78.4802,30.3825],[78.4804,30.3779],[78.4795,30.3749],[78.4763,30.3704],[78.4811,30.3668],[78.4832,30.3604],[78.4828,30.3572],[78.4855,30.3567],[78.4864,30.3545],[78.4818,30.3477],[78.4824,30.3447],[78.4862,30.3399],[78.4877,30.3366],[78.4868,30.3333],[78.4894,30.33],[78.4884,30.3175],[78.4913,30.3133],[78.4934,30.3082],[78.4938,30.3028],[78.4909,30.2989],[78.4914,30.297],[78.4956,30.2973],[78.497,30.2943],[78.4953,30.293],[78.4831,30.2876],[78.4826,30.2859],[78.4843,30.2828],[78.4894,30.2843],[78.4961,30.2822],[78.4968,30.2809],[78.4932,30.2777],[78.4899,30.2708],[78.4901,30.2672],[78.4937,30.2626],[78.4943,30.26],[78.4979,30.2604],[78.5032,30.2661],[78.5061,30.2655],[78.5078,30.2616],[78.5086,30.2551],[78.5108,30.2499],[78.5133,30.2483],[78.522,30.248],[78.5242,30.25],[78.5232,30.2535],[78.5259,30.2534],[78.5308,30.2581],[78.5335,30.2549],[78.5334,30.2518],[78.5404,30.2554],[78.5446,30.2567],[78.5461,30.2626],[78.55,30.2626],[78.5547,30.2609],[78.5574,30.259],[78.559,30.2627],[78.5622,30.2629],[78.5608,30.2576],[78.5589,30.256],[78.5608,30.2533],[78.5673,30.2538],[78.5673,30.2573],[78.5646,30.2593],[78.5667,30.2625],[78.5734,30.2638],[78.5763,30.2614],[78.5822,30.2623],[78.5916,30.2614],[78.5975,30.2677],[78.6009,30.2676],[78.6015,30.2705],[78.604,30.2732],[78.608,30.2745],[78.6074,30.2708],[78.6099,30.2703],[78.6117,30.274],[78.6103,30.2781],[78.6068,30.2822],[78.6062,30.2843],[78.5988,30.2892],[78.6061,30.2901],[78.6086,30.2916],[78.6112,30.2958],[78.6141,30.2978],[78.6196,30.3044],[78.6156,30.3139],[78.6068,30.3215],[78.5999,30.328],[78.6,30.3288]]]},"properties":{"id":"in:subdistrict:296","level":"subdistrict","name":"Jakhani Dhar","code":296,"parent":"in:district:55","state":"in:state:5"}},{"type":"Feature","geometry":{"type":"Polygon","coordinates":[[[78.3098,30.1127],[78.3087,30.1174],[78.3118,30.1218],[78.318,30.1253],[78.3231,30.1258],[78.3262,30.1241],[78.3293,30.1248],[78.3303,30.1269],[78.3305,30.1326],[78.3316,30.1339],[78.3364,30.1356],[78.3407,30.1357],[78.3447,30.1337],[78.3487,30.1297],[78.3551,30.1274],[78.36,30.1244],[78.3654,30.1201],[78.3706,30.1177],[78.3745,30.1169],[78.3771,30.1178],[78.3807,30.121],[78.3868,30.1218],[78.3886,30.1208],[78.3919,30.1232],[78.3922,30.1305],[78.3902,30.1319],[78.3907,30.1347],[78.3928,30.1358],[78.4,30.1377],[78.4046,30.1373],[78.4101,30.1354],[78.4175,30.1305],[78.4188,30.1288],[78.4191,30.125],[78.4211,30.1223],[78.4216,30.119],[78.4254,30.113],[78.4359,30.1129],[78.4388,30.1112],[78.4353,30.1044],[78.434,30.099],[78.4349,30.0881],[78.4339,30.0822],[78.4357,30.0796],[78.4464,30.0739],[78.4494,30.0698],[78.4562,30.0675],[78.4601,30.0672],[78.4655,30.0645],[78.4717,30.0649],[78.477,30.0667],[78.4792,30.0629],[78.4786,30.0582],[78.4802,30.0554],[78.484,30.0564],[78.4883,30.0593],[78.4891,30.064],[78.4916,30.0689],[78.4931,30.0734],[78.4987,30.076],[78.5006,30.0751],[78.5011,30.0722],[78.4991,30.0679],[78.4992,30.063],[78.5039,30.0584],[78.5075,30.0558],[78.5113,30.0549],[78.5099,30.0616],[78.5076,30.0666],[78.5145,30.0705],[78.5164,30.0724],[78.5114,30.0766],[78.514,30.0808],[78.5173,30.084],[78.5159,30.0892],[78.5119,30.095],[78.5123,30.0972],[78.5096,30.0988],[78.5094,30.1023],[78.5077,30.1038],[78.5078,30.1065],[78.5138,30.107],[78.5179,30.1088],[78.5197,30.1108],[78.5187,30.113],[78.5142,30.1166],[78.5178,30.1201],[78.5137,30.1238],[78.5122,30.1197],[78.509,30.1244],[78.5178,30.1299],[78.5195,30.1326],[78.5202,30.1378],[78.5196,30.14],[78.5156,30.1415],[78.5142,30.1436],[78.5137,30.1475],[78.5145,30.154],[78.5143,30.1572],[78.5159,30.1639],[78.5179,30.1636],[78.5207,30.1609],[78.5268,30.1603],[78.5303,30.1616],[78.5338,30.1601],[78.5368,30.1573],[78.5396,30.1569],[78.5451,30.1542],[78.5514,30.1544],[78.5548,30.1523],[78.5596,30.1564],[78.5653,30.1581],[78.5664,30.1632],[78.5679,30.1659],[78.5736,30.169],[78.5777,30.1723],[78.5811,30.1738],[78.5835,30.1782],[78.587,30.1795],[78.5844,30.1899],[78.5824,30.1918],[78.578,30.1919],[78.573,30.196],[78.5643,30.1989],[78.5616,30.2018],[78.5587,30.2108],[78.5614,30.2142],[78.5633,30.2188],[78.5623,30.2249],[78.5575,30.2279],[78.5547,30.2331],[78.5464,30.2351],[78.5407,30.2353],[78.536,30.2379],[78.5344,30.2438],[78.5298,30.2467],[78.5259,30.2534],[78.5232,30.2535],[78.5242,30.25],[78.522,30.248],[78.5133,30.2483],[78.5108,30.2499],[78.5086,30.2551],[78.5078,30.2616],[78.5061,30.2655],[78.5032,30.2661],[78.4979,30.2604],[78.4943,30.26],[78.4937,30.2626],[78.4901,30.2672],[78.4899,30.2708],[78.4932,30.2777],[78.4968,30.2809],[78.4961,30.2822],[78.4894,30.2843],[78.4843,30.2828],[78.4826,30.2859],[78.4831,30.2876],[78.4953,30.293],[78.497,30.2943],[78.4956,30.2973],[78.4914,30.297],[78.4909,30.2989],[78.4938,30.3028],[78.4934,30.3082],[78.4913,30.3133],[78.4884,30.3175],[78.4827,30.3158],[78.4813,30.3145],[78.4824,30.3115],[78.479,30.3094],[78.4748,30.3095],[78.4763,30.3036],[78.4787,30.3017],[78.4789,30.2978],[78.4815,30.2944],[78.4768,30.2924],[78.469,30.2913],[78.4609,30.2887],[78.4605,30.2841],[78.4579,30.2832],[78.4536,30.2842],[78.4501,30.2813],[78.4485,30.2787],[78.4367,30.2791],[78.4331,30.2808],[78.4292,30.2802],[78.4253,30.2824],[78.4167,30.2895],[78.4111,30.299],[78.4107,30.3019],[78.408,30.3056],[78.4074,30.3081],[78.4024,30.3096],[78.3982,30.3086],[78.3953,30.309],[78.3908,30.3124],[78.3849,30.3129],[78.3759,30.3095],[78.3729,30.3106],[78.3669,30.3112],[78.3629,30.3085],[78.3612,30.306],[78.3579,30.3064],[78.3536,30.3083],[78.3475,30.3087],[78.3454,30.3104],[78.3436,30.3077],[78.345,30.3042],[78.3437,30.3027],[78.3355,30.3012],[78.3313,30.2989],[78.3281,30.2956],[78.325,30.2943],[78.3173,30.2945],[78.3123,30.293],[78.3142,30.2861],[78.316,30.285],[78.3142,30.2824],[78.313,30.2785],[78.3065,30.2755],[78.3043,30.2761],[78.3015,30.2787],[78.2956,30.2763],[78.2895,30.2761],[78.2842,30.2788],[78.2815,30.2791],[78.2816,30.2766],[78.2796,30.2735],[78.2769,30.2718],[78.2818,30.2663],[78.2837,30.2634],[78.2868,30.2607],[78.2884,30.2564],[78.2884,30.2529],[78.2927,30.25],[78.2958,30.2495],[78.2989,30.2455],[78.2987,30.2423],[78.2954,30.2353],[78.2966,30.2334],[78.292,30.2299],[78.2864,30.2242],[78.2829,30.2225],[78.2776,30.2224],[78.2697,30.2207],[78.2671,30.2179],[78.263,30.2155],[78.259,30.2106],[78.2562,30.21],[78.2563,30.207],[78.2532,30.2043],[78.2486,30.2031],[78.2432,30.1971],[78.2442,30.1944],[78.2428,30.1917],[78.237,30.1873],[78.2348,30.1872],[78.2339,30.1833],[78.237,30.1748],[78.2421,30.1719],[78.2409,30.1667],[78.2476,30.1636],[78.2518,30.1643],[78.2601,30.1601],[78.2567,30.1511],[78.2568,30.1464],[78.2547,30.1382],[78.2628,30.1359],[78.2642,30.1339],[78.2671,30.1337],[78.2773,30.1293],[78.2832,30.1289],[78.2815,30.1262],[78.2802,30.1218],[78.2841,30.1194],[78.2895,30.1188],[78.2957,30.1174],[78.2984,30.1138],[78.3013,30.1115],[78.302,30.1145],[78.305,30.1129],[78.3098,30.1127]]]},"properties":{"id":"in:subdistrict:299","level":"subdistrict","name":"Narendra Nagar","code":299,"parent":"in:district:55","state":"in:state:5"}},{"type":"Feature","geometry":{"type":"Polygon","coordinates":[[[78.2021,29.9661],[78.2046,29.9636],[78.209,29.9616],[78.216,29.9563],[78.2226,29.9496],[78.228,29.9482],[78.229,29.9462],[78.2325,29.9442],[78.235,29.9414],[78.24,29.9399],[78.2461,29.9359],[78.2459,29.9343],[78.2486,29.9305],[78.2511,29.9292],[78.2659,29.9271],[78.2711,29.9255],[78.2754,29.9219],[78.2717,29.9174],[78.2724,29.9134],[78.2702,29.9124],[78.2689,29.9086],[78.2663,29.9051],[78.2709,29.8986],[78.2742,29.8987],[78.2768,29.8969],[78.2811,29.8884],[78.286,29.8834],[78.2891,29.8818],[78.2918,29.8818],[78.2963,29.8778],[78.2997,29.873],[78.3075,29.8673],[78.3134,29.8642],[78.3169,29.8592],[78.3174,29.8547],[78.3215,29.8564],[78.3252,29.8519],[78.328,29.8504],[78.3302,29.8509],[78.332,29.8548],[78.3378,29.8596],[78.3417,29.8604],[78.3454,29.8583],[78.3506,29.8591],[78.355,29.853],[78.3565,29.8498],[78.3615,29.8494],[78.3686,29.8534],[78.3712,29.8563],[78.3741,29.8565],[78.3769,29.8595],[78.3804,29.8611],[78.3811,29.8628],[78.3896,29.8697],[78.3933,29.8745],[78.3995,29.8837],[78.4011,29.8866],[78.4064,29.888],[78.408,29.8908],[78.4134,29.8906],[78.4195,29.8922],[78.4213,29.8948],[78.4175,29.897],[78.4199,29.8992],[78.4178,29.9019],[78.4139,29.9039],[78.4142,29.9069],[78.4194,29.91],[78.4211,29.9149],[78.4258,29.9162],[78.4289,29.9218],[78.4307,29.9231],[78.4371,29.9225],[78.441,29.9236],[78.4429,29.9262],[78.4429,29.9322],[78.4477,29.9433],[78.4508,29.9489],[78.4492,29.9544],[78.4454,29.9551],[78.4444,29.9583],[78.449,29.9586],[78.4484,29.9614],[78.4491,29.9665],[78.4561,29.9687],[78.4603,29.9689],[78.4642,29.9657],[78.4659,29.9623],[78.4707,29.958],[78.4735,29.9571],[78.4747,29.9546],[78.4688,29.9509],[78.4668,29.9488],[78.4728,29.9461],[78.4777,29.9512],[78.4798,29.949],[78.4791,29.9431],[78.483,29.9394],[78.4847,29.9357],[78.4853,29.9302],[78.4898,29.9244],[78.4898,29.9225],[78.4936,29.9164],[78.4983,29.9103],[78.5007,29.9091],[78.5048,29.9109],[78.5065,29.9139],[78.5098,29.9139],[78.5128,29.9159],[78.5109,29.9178],[78.5146,29.9239],[78.5174,29.9264],[78.5175,29.9302],[78.5158,29.9325],[78.5156,29.9355],[78.5094,29.9401],[78.5059,29.9438],[78.5106,29.9501],[78.5116,29.9529],[78.5171,29.9569],[78.5159,29.9599],[78.5171,29.9672],[78.5128,29.9712],[78.5133,29.9744],[78.5168,29.9758],[78.5157,29.979],[78.5175,29.982],[78.5165,29.985],[78.5189,29.9865],[78.5188,29.9906],[78.526,29.9946],[78.5305,29.9941],[78.5353,29.9976],[78.5389,29.9989],[78.5392,30.0006],[78.5423,30.0014],[78.5492,30.0051],[78.5533,30.003],[78.5546,30.007],[78.5571,30.0083],[78.5569,30.0118],[78.5604,30.0178],[78.5634,30.0174],[78.5683,30.0185],[78.5718,30.0173],[78.5695,30.0236],[78.5736,30.0284],[78.5713,30.0301],[78.5707,30.0325],[78.5775,30.0349],[78.5798,30.0346],[78.5877,30.0387],[78.589,30.0418],[78.5912,30.0434],[78.5922,30.0478],[78.5986,30.0479],[78.6028,30.0503],[78.6032,30.0524],[78.5989,30.0557],[78.596,30.0568],[78.5964,30.0592],[78.599,30.0625],[78.5986,30.0646],[78.5932,30.0668],[78.5895,30.064],[78.5899,30.0545],[78.5892,30.0528],[78.5838,30.0532],[78.5815,30.0564],[78.5794,30.0613],[78.577,30.0629],[78.573,30.0633],[78.5705,30.0621],[78.5658,30.0617],[78.5645,30.0639],[78.5631,30.069],[78.5507,30.0702],[78.5447,30.0727],[78.5409,30.073],[78.5335,30.0756],[78.5256,30.0743],[78.5229,30.0717],[78.5234,30.0668],[78.5143,30.0664],[78.5139,30.0628],[78.5143,30.0583],[78.5113,30.0549],[78.5075,30.0558],[78.5039,30.0584],[78.4992,30.063],[78.4991,30.0679],[78.5011,30.0722],[78.5006,30.0751],[78.4987,30.076],[78.4931,30.0734],[78.4916,30.0689],[78.4891,30.064],[78.4883,30.0593],[78.484,30.0564],[78.4802,30.0554],[78.4786,30.0582],[78.4792,30.0629],[78.477,30.0667],[78.4717,30.0649],[78.4655,30.0645],[78.4601,30.0672],[78.4562,30.0675],[78.4494,30.0698],[78.4464,30.0739],[78.4357,30.0796],[78.4339,30.0822],[78.4349,30.0881],[78.434,30.099],[78.4353,30.1044],[78.4388,30.1112],[78.4359,30.1129],[78.4254,30.113],[78.4216,30.119],[78.4211,30.1223],[78.4191,30.125],[78.4188,30.1288],[78.4175,30.1305],[78.4101,30.1354],[78.4046,30.1373],[78.4,30.1377],[78.3928,30.1358],[78.3907,30.1347],[78.3902,30.1319],[78.3922,30.1305],[78.3919,30.1232],[78.3886,30.1208],[78.3868,30.1218],[78.3807,30.121],[78.3771,30.1178],[78.3745,30.1169],[78.3706,30.1177],[78.3654,30.1201],[78.36,30.1244],[78.3551,30.1274],[78.3487,30.1297],[78.3447,30.1337],[78.3407,30.1357],[78.3364,30.1356],[78.3316,30.1339],[78.3305,30.1326],[78.3303,30.1269],[78.3293,30.1248],[78.3262,30.1241],[78.3231,30.1258],[78.318,30.1253],[78.3118,30.1218],[78.3087,30.1174],[78.3098,30.1127],[78.3102,30.1081],[78.3067,30.1032],[78.3037,30.1019],[78.2968,30.1022],[78.2933,30.1015],[78.2901,30.0983],[78.2904,30.0938],[78.2924,30.0902],[78.293,30.087],[78.2891,30.0756],[78.286,30.0714],[78.2812,30.0624],[78.2803,30.0596],[78.2766,30.0575],[78.2716,30.0471],[78.2682,30.0439],[78.2645,30.0418],[78.2621,30.0389],[78.2546,30.0369],[78.2486,30.0347],[78.2469,30.0331],[78.2471,30.0296],[78.2489,30.023],[78.2484,30.0206],[78.2429,30.0169],[78.2385,30.0178],[78.2342,30.0166],[78.2275,30.0156],[78.2269,30.01],[78.2258,30.0063],[78.227,30.0042],[78.2323,29.9986],[78.2315,29.9926],[78.2276,29.9857],[78.2248,29.9845],[78.2186,29.9873],[78.2162,29.9855],[78.2148,29.9824],[78.2089,29.9789],[78.207,29.9764],[78.2049,29.9699],[78.2021,29.9661]]]},"properties":{"id":"in:subdistrict:314","level":"subdistrict","name":"Yamkeshwar","code":314,"parent":"in:district:52","state":"in:state:5"}},{"type":"Feature","geometry":{"type":"Polygon","coordinates":[[[78.4802,30.3825],[78.4778,30.3857],[78.4767,30.3915],[78.4768,30.3958],[78.4783,30.3978],[78.4718,30.4035],[78.4715,30.4064],[78.4745,30.4084],[78.4718,30.4116],[78.468,30.4136],[78.4654,30.4162],[78.463,30.4226],[78.4588,30.4255],[78.4543,30.4254],[78.4497,30.4283],[78.4465,30.4328],[78.443,30.4345],[78.443,30.4365],[78.4389,30.4405],[78.4392,30.4436],[78.4414,30.4454],[78.4415,30.4507],[78.4368,30.4519],[78.429,30.4548],[78.4277,30.4578],[78.4294,30.4639],[78.4267,30.468],[78.4205,30.471],[78.4171,30.4709],[78.413,30.4692],[78.4118,30.4683],[78.4084,30.4709],[78.405,30.471],[78.4043,30.4732],[78.4076,30.4803],[78.4047,30.4827],[78.4034,30.4853],[78.4048,30.4908],[78.4027,30.4931],[78.3966,30.4934],[78.3969,30.4962],[78.393,30.4978],[78.3919,30.4999],[78.3937,30.5061],[78.3902,30.5074],[78.3873,30.5101],[78.3818,30.5125],[78.3785,30.5169],[78.374,30.5184],[78.3706,30.5176],[78.3665,30.5206],[78.3605,30.5221],[78.3584,30.5252],[78.3554,30.5232],[78.3506,30.5241],[78.3482,30.5199],[78.3455,30.5181],[78.3445,30.5154],[78.3384,30.513],[78.3351,30.5127],[78.3297,30.5067],[78.324,30.504],[78.3217,30.4995],[78.318,30.4985],[78.319,30.4939],[78.3183,30.4891],[78.3131,30.485],[78.305,30.4842],[78.2982,30.4859],[78.2976,30.4825],[78.2924,30.4774],[78.2895,30.4766],[78.284,30.4783],[78.2769,30.4756],[78.2759,30.4711],[78.2772,30.466],[78.2774,30.4593],[78.281,30.4565],[78.2865,30.4547],[78.2878,30.453],[78.2868,30.4489],[78.2884,30.443],[78.2878,30.4402],[78.2839,30.4351],[78.2805,30.4325],[78.2761,30.4306],[78.2737,30.4281],[78.2708,30.4231],[78.272,30.4213],[78.2804,30.4166],[78.2848,30.4153],[78.2894,30.4124],[78.2888,30.4079],[78.2939,30.4051],[78.2979,30.4053],[78.3031,30.4026],[78.3058,30.3973],[78.302,30.3935],[78.3013,30.3879],[78.3032,30.3823],[78.3018,30.3766],[78.3039,30.3743],[78.31,30.3703],[78.31,30.3685],[78.3054,30.3617],[78.2999,30.3586],[78.2958,30.3576],[78.2928,30.3503],[78.2935,30.345],[78.2929,30.3356],[78.295,30.3321],[78.2965,30.3277],[78.3042,30.3263],[78.3114,30.3222],[78.3197,30.3207],[78.3234,30.3193],[78.3278,30.3123],[78.331,30.3155],[78.3346,30.3212],[78.3371,30.3213],[78.3379,30.3184],[78.3428,30.3143],[78.3454,30.3104],[78.3475,30.3087],[78.3536,30.3083],[78.3579,30.3064],[78.3612,30.306],[78.3629,30.3085],[78.3669,30.3112],[78.3729,30.3106],[78.3759,30.3095],[78.3849,30.3129],[78.3908,30.3124],[78.3953,30.309],[78.3982,30.3086],[78.4024,30.3096],[78.4074,30.3081],[78.408,30.3056],[78.4107,30.3019],[78.4111,30.299],[78.4167,30.2895],[78.4253,30.2824],[78.4292,30.2802],[78.4331,30.2808],[78.4367,30.2791],[78.4485,30.2787],[78.4501,30.2813],[78.4536,30.2842],[78.4579,30.2832],[78.4605,30.2841],[78.4609,30.2887],[78.469,30.2913],[78.4768,30.2924],[78.4815,30.2944],[78.4789,30.2978],[78.4787,30.3017],[78.4763,30.3036],[78.4748,30.3095],[78.479,30.3094],[78.4824,30.3115],[78.4813,30.3145],[78.4827,30.3158],[78.4884,30.3175],[78.4894,30.33],[78.4868,30.3333],[78.4877,30.3366],[78.4862,30.3399],[78.4824,30.3447],[78.4818,30.3477],[78.4864,30.3545],[78.4855,30.3567],[78.4828,30.3572],[78.4832,30.3604],[78.4811,30.3668],[78.4763,30.3704],[78.4795,30.3749],[78.4804,30.3779],[78.4802,30.3825]]]},"properties":{"id":"in:subdistrict:297","level":"subdistrict","name":"Tehri","code":297,"parent":"in:district:55","state":"in:state:5"}},{"type":"Feature","geometry":{"type":"Polygon","coordinates":[[[78.585,30.6809],[78.5829,30.6795],[78.5727,30.6768],[78.5685,30.6773],[78.5605,30.676],[78.5546,30.6772],[78.5502,30.6753],[78.5442,30.6749],[78.5416,30.6649],[78.5387,30.6609],[78.5331,30.6557],[78.5286,30.6545],[78.5235,30.6551],[78.5193,30.6535],[78.5112,30.6541],[78.5039,30.6583],[78.5007,30.6611],[78.4979,30.662],[78.4953,30.6653],[78.4889,30.6662],[78.487,30.6679],[78.4859,30.6728],[78.4805,30.6742],[78.4779,30.6778],[78.4742,30.6804],[78.4712,30.684],[78.4671,30.6852],[78.462,30.6821],[78.4598,30.6816],[78.4505,30.6819],[78.4468,30.6834],[78.443,30.6889],[78.4411,30.6902],[78.4344,30.6906],[78.4274,30.6933],[78.4241,30.6932],[78.4223,30.696],[78.4219,30.6991],[78.4149,30.7038],[78.4103,30.7048],[78.4067,30.709],[78.4028,30.7085],[78.3999,30.7067],[78.3884,30.7108],[78.3857,30.707],[78.3831,30.7055],[78.3779,30.7056],[78.3733,30.7072],[78.3679,30.7102],[78.3584,30.7168],[78.3569,30.7195],[78.3606,30.7198],[78.3621,30.7238],[78.3601,30.7279],[78.3571,30.7312],[78.3523,30.7325],[78.3507,30.7346],[78.3535,30.7389],[78.3595,30.7391],[78.3615,30.7416],[78.3656,30.7384],[78.3692,30.7381],[78.3736,30.739],[78.3793,30.7381],[78.3833,30.7383],[78.3888,30.7362],[78.3909,30.7339],[78.4011,30.7312],[78.4037,30.729],[78.4062,30.7287],[78.4095,30.7301],[78.4176,30.7299],[78.4146,30.734],[78.4116,30.7368],[78.4096,30.7362],[78.4064,30.743],[78.4015,30.7466],[78.3963,30.7577],[78.3969,30.7654],[78.3918,30.7724],[78.3914,30.7748],[78.3932,30.7836],[78.3922,30.7853],[78.3934,30.7901],[78.3883,30.7956],[78.3906,30.7986],[78.3937,30.8006],[78.4008,30.8017],[78.4114,30.8069],[78.4118,30.8097],[78.4106,30.8129],[78.4121,30.8167],[78.4109,30.8184],[78.4075,30.8187],[78.4033,30.8228],[78.4024,30.8318],[78.3994,30.8357],[78.397,30.8412],[78.3888,30.8437],[78.3829,30.8479],[78.3807,30.8444],[78.3747,30.8424],[78.3701,30.8384],[78.3661,30.8379],[78.3611,30.8363],[78.3536,30.8317],[78.3509,30.8307],[78.3402,30.8309],[78.3377,30.8292],[78.337,30.8232],[78.3341,30.8154],[78.335,30.8111],[78.3323,30.8114],[78.3273,30.814],[78.3257,30.8135],[78.3233,30.8098],[78.3144,30.8061],[78.3087,30.8064],[78.3078,30.8035],[78.3095,30.8014],[78.3092,30.7982],[78.3102,30.7957],[78.3092,30.7921],[78.3045,30.7905],[78.3014,30.7852],[78.2994,30.7833],[78.2977,30.7792],[78.2949,30.7785],[78.2934,30.7744],[78.2932,30.7708],[78.2906,30.7677],[78.2856,30.7665],[78.281,30.7702],[78.2787,30.7707],[78.2705,30.7756],[78.2603,30.7743],[78.2512,30.7688],[78.2464,30.7677],[78.239,30.7679],[78.2357,30.7694],[78.2325,30.7678],[78.2324,30.7658],[78.2301,30.7613],[78.2269,30.7575],[78.227,30.7545],[78.2243,30.7487],[78.226,30.7423],[78.2277,30.739],[78.2281,30.7345],[78.2326,30.7327],[78.2361,30.7283],[78.2366,30.7217],[78.235,30.7178],[78.2395,30.7144],[78.2444,30.7058],[78.2468,30.7036],[78.2509,30.6958],[78.258,30.6913],[78.267,30.6849],[78.2701,30.6766],[78.2697,30.6723],[78.2705,30.6691],[78.2702,30.6645],[78.2657,30.6615],[78.2681,30.6592],[78.2687,30.6563],[78.2743,30.6518],[78.2783,30.6499],[78.2782,30.6468],[78.2754,30.6408],[78.2716,30.6409],[78.2716,30.6391],[78.2738,30.6351],[78.277,30.6396],[78.2785,30.6401],[78.2809,30.6439],[78.2888,30.645],[78.2946,30.6486],[78.2988,30.6451],[78.3031,30.6433],[78.3028,30.6404],[78.3052,30.6344],[78.3032,30.6311],[78.3047,30.6268],[78.3081,30.6284],[78.3117,30.6284],[78.3127,30.6237],[78.3159,30.6238],[78.318,30.6186],[78.3153,30.6142],[78.3215,30.6178],[78.3233,30.6166],[78.3273,30.6186],[78.3298,30.627],[78.332,30.6293],[78.3315,30.6311],[78.3285,30.6338],[78.3282,30.6356],[78.3298,30.6406],[78.33,30.6453],[78.3359,30.6476],[78.3434,30.6477],[78.3474,30.6449],[78.3551,30.6479],[78.3617,30.6451],[78.3651,30.6418],[78.3667,30.6382],[78.3689,30.6359],[78.3828,30.6287],[78.3877,30.6285],[78.3944,30.6251],[78.3978,30.6219],[78.4055,30.6162],[78.4144,30.612],[78.4173,30.6097],[78.4195,30.6059],[78.4238,30.6022],[78.4265,30.5927],[78.4325,30.5918],[78.4364,30.5904],[78.4383,30.5906],[78.4395,30.5981],[78.4411,30.5998],[78.4415,30.6048],[78.4466,30.6087],[78.4468,30.6141],[78.4534,30.6148],[78.4556,30.6133],[78.4615,30.6131],[78.4643,30.6142],[78.4686,30.6141],[78.4731,30.6208],[78.4791,30.6253],[78.4822,30.6213],[78.4871,30.6218],[78.4924,30.6173],[78.4941,30.6149],[78.502,30.6084],[78.5064,30.6037],[78.5081,30.5992],[78.5101,30.5968],[78.5136,30.5954],[78.512,30.5922],[78.5089,30.5896],[78.5093,30.5877],[78.5057,30.5865],[78.4995,30.5808],[78.5001,30.5795],[78.499,30.5656],[78.496,30.5608],[78.4962,30.5545],[78.4981,30.5528],[78.4963,30.5501],[78.495,30.5403],[78.4967,30.5392],[78.4963,30.534],[78.4992,30.5308],[78.5033,30.5315],[78.5071,30.5303],[78.5098,30.5305],[78.5155,30.5327],[78.5183,30.5275],[78.5259,30.531],[78.5291,30.5316],[78.5334,30.5304],[78.5389,30.527],[78.5437,30.5301],[78.5471,30.5332],[78.5455,30.5365],[78.547,30.5381],[78.5455,30.544],[78.546,30.5462],[78.5438,30.5483],[78.5446,30.5537],[78.5487,30.5587],[78.5494,30.5655],[78.5477,30.567],[78.5496,30.5735],[78.5539,30.5753],[78.5566,30.5795],[78.5573,30.5827],[78.5598,30.5846],[78.5599,30.5892],[78.5644,30.5915],[78.5697,30.5977],[78.5775,30.6021],[78.5747,30.6035],[78.5732,30.6061],[78.5784,30.613],[78.5811,30.6146],[78.5834,30.6176],[78.5845,30.6223],[78.5939,30.6263],[78.5961,30.6284],[78.5974,30.6329],[78.5962,30.6359],[78.5971,30.6454],[78.5961,30.6497],[78.5974,30.6532],[78.5976,30.6608],[78.5999,30.6683],[78.6,30.6722],[78.5941,30.6745],[78.5927,30.6776],[78.585,30.6809]]]},"properties":{"id":"in:subdistrict:281","level":"subdistrict","name":"Dunda","code":281,"parent":"in:district:57","state":"in:state:5"}},{"type":"Feature","geometry":{"type":"Polygon","coordinates":[[[78.413,30.4692],[78.412,30.4701],[78.4112,30.4751],[78.4129,30.4792],[78.4149,30.4882],[78.4189,30.492],[78.4222,30.493],[78.4243,30.4952],[78.4258,30.5056],[78.4234,30.5092],[78.4258,30.5109],[78.4256,30.5165],[78.4293,30.5174],[78.4323,30.5203],[78.437,30.523],[78.4431,30.5238],[78.4428,30.526],[78.4443,30.5289],[78.4441,30.5349],[78.4466,30.5367],[78.4491,30.5341],[78.4509,30.5361],[78.4537,30.5425],[78.4509,30.547],[78.4503,30.5515],[78.4514,30.5583],[78.4508,30.5634],[78.4466,30.5673],[78.4441,30.5675],[78.4386,30.5696],[78.4365,30.5724],[78.4363,30.5756],[78.4397,30.585],[78.4389,30.5883],[78.4364,30.5904],[78.4325,30.5918],[78.4265,30.5927],[78.4238,30.6022],[78.4195,30.6059],[78.4173,30.6097],[78.4144,30.612],[78.4055,30.6162],[78.3978,30.6219],[78.3944,30.6251],[78.3877,30.6285],[78.3828,30.6287],[78.3689,30.6359],[78.3667,30.6382],[78.3651,30.6418],[78.3617,30.6451],[78.3551,30.6479],[78.3474,30.6449],[78.3434,30.6477],[78.3359,30.6476],[78.33,30.6453],[78.3298,30.6406],[78.3282,30.6356],[78.3285,30.6338],[78.3315,30.6311],[78.332,30.6293],[78.3298,30.627],[78.3273,30.6186],[78.3233,30.6166],[78.3215,30.6178],[78.3153,30.6142],[78.318,30.6186],[78.3159,30.6238],[78.3127,30.6237],[78.3117,30.6284],[78.3081,30.6284],[78.3047,30.6268],[78.3032,30.6311],[78.3052,30.6344],[78.3028,30.6404],[78.3031,30.6433],[78.2988,30.6451],[78.2946,30.6486],[78.2888,30.645],[78.2809,30.6439],[78.2785,30.6401],[78.277,30.6396],[78.2738,30.6351],[78.2716,30.6391],[78.2716,30.6409],[78.2754,30.6408],[78.2782,30.6468],[78.2783,30.6499],[78.2743,30.6518],[78.2687,30.6563],[78.2681,30.6592],[78.2657,30.6615],[78.2702,30.6645],[78.2705,30.6691],[78.2697,30.6723],[78.2701,30.6766],[78.267,30.6849],[78.258,30.6913],[78.2509,30.6958],[78.2468,30.7036],[78.2444,30.7058],[78.2395,30.7144],[78.235,30.7178],[78.2325,30.7162],[78.2276,30.717],[78.2216,30.7158],[78.2202,30.7131],[78.2163,30.7121],[78.2086,30.7127],[78.2039,30.7103],[78.1979,30.7041],[78.1909,30.7015],[78.1854,30.6983],[78.1801,30.6966],[78.177,30.6978],[78.1721,30.6963],[78.1712,30.6925],[78.1686,30.688],[78.1701,30.6849],[78.1704,30.6813],[78.1661,30.6726],[78.1668,30.6683],[78.1654,30.6653],[78.1643,30.6552],[78.1623,30.651],[78.1567,30.6474],[78.1581,30.6435],[78.1559,30.6372],[78.1544,30.6351],[78.163,30.6266],[78.1623,30.6223],[78.1629,30.6195],[78.1669,30.6134],[78.1682,30.6085],[78.1704,30.6041],[78.1667,30.6031],[78.1645,30.6007],[78.1655,30.5943],[78.1645,30.5917],[78.1647,30.5884],[78.1695,30.5879],[78.1748,30.5854],[78.1855,30.5856],[78.1887,30.5839],[78.1926,30.5838],[78.2052,30.5783],[78.2099,30.5787],[78.2191,30.5832],[78.2249,30.5839],[78.2353,30.5863],[78.2389,30.5923],[78.2436,30.5952],[78.2411,30.6016],[78.2466,30.6096],[78.251,30.611],[78.2543,30.6085],[78.2578,30.6073],[78.2612,30.6076],[78.2684,30.6135],[78.2726,30.6133],[78.279,30.6112],[78.2834,30.6068],[78.288,30.6002],[78.2958,30.5947],[78.2993,30.5934],[78.2992,30.5893],[78.3021,30.5869],[78.3,30.5848],[78.2973,30.5843],[78.2923,30.5813],[78.2886,30.572],[78.2913,30.5701],[78.2969,30.5692],[78.3001,30.5651],[78.2982,30.5624],[78.2864,30.5638],[78.2851,30.5591],[78.2865,30.5526],[78.2897,30.5511],[78.2924,30.5546],[78.2976,30.5548],[78.3017,30.5565],[78.3078,30.5561],[78.3138,30.5611],[78.3102,30.5652],[78.3085,30.5687],[78.3047,30.5715],[78.3078,30.5725],[78.3145,30.5727],[78.318,30.5742],[78.3217,30.5674],[78.3243,30.5604],[78.3288,30.5592],[78.3328,30.5633],[78.3388,30.5625],[78.3397,30.5595],[78.3386,30.5554],[78.3389,30.5507],[78.3447,30.5495],[78.3447,30.5466],[78.3426,30.5449],[78.3476,30.5377],[78.3489,30.5337],[78.3548,30.5337],[78.3546,30.529],[78.3584,30.5252],[78.3605,30.5221],[78.3665,30.5206],[78.3706,30.5176],[78.374,30.5184],[78.3785,30.5169],[78.3818,30.5125],[78.3873,30.5101],[78.3902,30.5074],[78.3937,30.5061],[78.3919,30.4999],[78.393,30.4978],[78.3969,30.4962],[78.3966,30.4934],[78.4027,30.4931],[78.4048,30.4908],[78.4034,30.4853],[78.4047,30.4827],[78.4076,30.4803],[78.4043,30.4732],[78.405,30.471],[78.4084,30.4709],[78.4118,30.4683],[78.413,30.4692]]]},"properties":{"id":"in:subdistrict:282","level":"subdistrict","name":"Chinyali Saur","code":282,"parent":"in:district:57","state":"in:state:5"}},{"type":"Feature","geometry":{"type":"Polygon","coordinates":[[[78.3829,30.8479],[78.3811,30.8507],[78.3829,30.8539],[78.3829,30.859],[78.3813,30.8616],[78.3821,30.8633],[78.38,30.8672],[78.3868,30.872],[78.3949,30.8806],[78.4047,30.8848],[78.4079,30.8868],[78.4134,30.888],[78.4219,30.8864],[78.432,30.8817],[78.4403,30.8859],[78.4457,30.8859],[78.4496,30.8882],[78.4503,30.8908],[78.4594,30.8935],[78.4738,30.8927],[78.4802,30.8977],[78.4835,30.8981],[78.4867,30.8966],[78.4957,30.8979],[78.4986,30.8977],[78.5003,30.8994],[78.5018,30.9055],[78.5059,30.9083],[78.5088,30.909],[78.5119,30.9145],[78.5143,30.9166],[78.5211,30.9161],[78.5245,30.9186],[78.5313,30.9186],[78.5363,30.9229],[78.5416,30.9237],[78.5421,30.9267],[78.5449,30.9317],[78.5473,30.934],[78.5503,30.9401],[78.5522,30.941],[78.5587,30.9417],[78.5614,30.9442],[78.5641,30.9424],[78.5675,30.9449],[78.5688,30.9428],[78.5745,30.9408],[78.5755,30.9473],[78.5769,30.95],[78.5768,30.9553],[78.5776,30.9588],[78.5696,30.9615],[78.5695,30.9646],[78.5729,30.9681],[78.5743,30.9761],[78.5663,30.9763],[78.5624,30.9857],[78.5598,30.9885],[78.559,30.9929],[78.557,30.995],[78.5573,31.0003],[78.5536,31.0034],[78.5446,31.0023],[78.5369,31.0027],[78.5304,31.0039],[78.5273,31.006],[78.5171,31.0058],[78.5108,31.0028],[78.5078,31.0042],[78.5022,31.0035],[78.4988,31.0054],[78.4928,31.0075],[78.4957,31.0157],[78.4949,31.0185],[78.492,31.0209],[78.4873,31.0222],[78.4823,31.0294],[78.4762,31.0292],[78.4732,31.0309],[78.4677,31.0293],[78.4621,31.0294],[78.4587,31.0353],[78.4523,31.0359],[78.4435,31.0329],[78.4401,31.0323],[78.4342,31.0345],[78.4302,31.0342],[78.4213,31.0375],[78.4157,31.0409],[78.4127,31.04],[78.4051,31.0406],[78.3952,31.0432],[78.3932,31.0443],[78.386,31.0411],[78.3819,31.0366],[78.3789,31.0318],[78.3764,31.0301],[78.3672,31.0312],[78.3644,31.0273],[78.3553,31.0233],[78.3581,31.0194],[78.3596,31.0156],[78.3572,31.0108],[78.3517,31.0086],[78.3473,31.005],[78.3435,31.0043],[78.3411,31.0053],[78.3386,31.0082],[78.3293,31.0076],[78.3255,31.0065],[78.3246,31.0043],[78.3205,31.0035],[78.3157,30.9993],[78.3168,30.9947],[78.3159,30.9915],[78.3121,30.9908],[78.3071,30.9866],[78.3004,30.9828],[78.2918,30.9769],[78.2848,30.9753],[78.2837,30.9704],[78.2774,30.9637],[78.2764,30.9574],[78.2693,30.9461],[78.266,30.9401],[78.2655,30.9371],[78.2599,30.9337],[78.2584,30.9275],[78.2593,30.9224],[78.2549,30.9255],[78.2461,30.928],[78.2329,30.9286],[78.2301,30.9293],[78.2251,30.9283],[78.2193,30.9293],[78.2144,30.9281],[78.212,30.9252],[78.2075,30.9287],[78.2089,30.9324],[78.2016,30.9329],[78.1994,30.9323],[78.1967,30.9337],[78.185,30.9461],[78.1777,30.94],[78.175,30.9297],[78.1714,30.929],[78.1663,30.9259],[78.16,30.9236],[78.1566,30.9232],[78.1562,30.9149],[78.1532,30.909],[78.1476,30.9059],[78.1436,30.9025],[78.144,30.8993],[78.148,30.8935],[78.1471,30.8896],[78.144,30.8864],[78.1451,30.8815],[78.1438,30.876],[78.1441,30.872],[78.148,30.8632],[78.1501,30.8603],[78.1502,30.8539],[78.1492,30.8505],[78.1504,30.8457],[78.1526,30.8422],[78.1576,30.8388],[78.1619,30.8394],[78.1665,30.8383],[78.1669,30.835],[78.1609,30.8298],[78.1576,30.8284],[78.1552,30.8261],[78.1497,30.8254],[78.1465,30.8265],[78.14,30.8232],[78.1373,30.8224],[78.1289,30.8136],[78.1266,30.8143],[78.1223,30.8106],[78.1165,30.8084],[78.1077,30.8066],[78.1104,30.8054],[78.1093,30.8017],[78.1116,30.7989],[78.1153,30.7974],[78.1188,30.7934],[78.1199,30.7901],[78.123,30.7866],[78.12,30.7837],[78.1135,30.7793],[78.1111,30.7766],[78.1072,30.7707],[78.1011,30.7637],[78.0986,30.7631],[78.0959,30.7592],[78.0929,30.7572],[78.0902,30.7536],[78.0868,30.7537],[78.0832,30.7495],[78.0825,30.7453],[78.0791,30.7409],[78.0795,30.735],[78.0776,30.7312],[78.0796,30.7253],[78.0836,30.722],[78.0837,30.7186],[78.0822,30.717],[78.0797,30.7107],[78.0775,30.709],[78.073,30.7075],[78.0718,30.7045],[78.0738,30.6991],[78.0729,30.6964],[78.0669,30.6857],[78.0665,30.6824],[78.0677,30.6803],[78.0659,30.6718],[78.0626,30.6665],[78.0593,30.6642],[78.0486,30.6619],[78.0448,30.6588],[78.0426,30.6529],[78.0382,30.65],[78.0331,30.6452],[78.0303,30.6449],[78.0279,30.6464],[78.0245,30.6511],[78.0204,30.6531],[78.016,30.6536],[78.0108,30.651],[78.0094,30.6459],[78.0108,30.6384],[78.0133,30.6344],[78.0141,30.6299],[78.013,30.626],[78.0083,30.6242],[78.0081,30.6212],[78.0126,30.6165],[78.0143,30.6164],[78.025,30.6128],[78.026,30.6116],[78.0306,30.6102],[78.0334,30.6073],[78.0361,30.6064],[78.0413,30.6025],[78.0439,30.6019],[78.0519,30.6028],[78.0541,30.6045],[78.0601,30.6051],[78.0636,30.6044],[78.0655,30.6055],[78.0729,30.6065],[78.0732,30.6095],[78.0719,30.6123],[78.069,30.6149],[78.0662,30.6188],[78.065,30.6237],[78.0704,30.6249],[78.0738,30.6267],[78.0773,30.6306],[78.0826,30.6312],[78.0865,30.634],[78.0941,30.6319],[78.0994,30.6335],[78.1007,30.6352],[78.1059,30.6336],[78.115,30.6343],[78.1189,30.6371],[78.1221,30.6373],[78.1242,30.6403],[78.1264,30.6402],[78.1298,30.6362],[78.1334,30.6342],[78.1396,30.6323],[78.1468,30.6329],[78.1527,30.6354],[78.1544,30.6351],[78.1559,30.6372],[78.1581,30.6435],[78.1567,30.6474],[78.1623,30.651],[78.1643,30.6552],[78.1654,30.6653],[78.1668,30.6683],[78.1661,30.6726],[78.1704,30.6813],[78.1701,30.6849],[78.1686,30.688],[78.1712,30.6925],[78.1721,30.6963],[78.177,30.6978],[78.1801,30.6966],[78.1854,30.6983],[78.1909,30.7015],[78.1979,30.7041],[78.2039,30.7103],[78.2086,30.7127],[78.2163,30.7121],[78.2202,30.7131],[78.2216,30.7158],[78.2276,30.717],[78.2325,30.7162],[78.235,30.7178],[78.2366,30.7217],[78.2361,30.7283],[78.2326,30.7327],[78.2281,30.7345],[78.2277,30.739],[78.226,30.7423],[78.2243,30.7487],[78.227,30.7545],[78.2269,30.7575],[78.2301,30.7613],[78.2324,30.7658],[78.2325,30.7678],[78.2357,30.7694],[78.239,30.7679],[78.2464,30.7677],[78.2512,30.7688],[78.2603,30.7743],[78.2705,30.7756],[78.2787,30.7707],[78.281,30.7702],[78.2856,30.7665],[78.2906,30.7677],[78.2932,30.7708],[78.2934,30.7744],[78.2949,30.7785],[78.2977,30.7792],[78.2994,30.7833],[78.3014,30.7852],[78.3045,30.7905],[78.3092,30.7921],[78.3102,30.7957],[78.3092,30.7982],[78.3095,30.8014],[78.3078,30.8035],[78.3087,30.8064],[78.3144,30.8061],[78.3233,30.8098],[78.3257,30.8135],[78.3273,30.814],[78.3323,30.8114],[78.335,30.8111],[78.3341,30.8154],[78.337,30.8232],[78.3377,30.8292],[78.3402,30.8309],[78.3509,30.8307],[78.3536,30.8317],[78.3611,30.8363],[78.3661,30.8379],[78.3701,30.8384],[78.3747,30.8424],[78.3807,30.8444],[78.3829,30.8479]]]},"properties":{"id":"in:subdistrict:280","level":"subdistrict","name":"Rajgarhi","code":280,"parent":"in:district:57","state":"in:state:5"}},{"type":"Feature","geometry":{"type":"Polygon","coordinates":[[[78.5708,30.3744],[78.5731,30.3733],[78.5759,30.3788],[78.5792,30.3787],[78.5836,30.3811],[78.5846,30.3834],[78.5819,30.3882],[78.5785,30.3867],[78.5687,30.3859],[78.5688,30.3907],[78.5714,30.3931],[78.5708,30.3992],[78.5709,30.4065],[78.5617,30.4115],[78.5574,30.4124],[78.5523,30.4167],[78.5495,30.4212],[78.5463,30.4224],[78.5426,30.4256],[78.542,30.4276],[78.5332,30.4359],[78.531,30.446],[78.5345,30.4505],[78.5388,30.4531],[78.5445,30.4543],[78.5487,30.4515],[78.5509,30.4525],[78.5516,30.4566],[78.5467,30.4636],[78.5504,30.4669],[78.5484,30.472],[78.5502,30.4785],[78.5557,30.4798],[78.559,30.4819],[78.5593,30.4881],[78.5623,30.4916],[78.5595,30.4966],[78.5603,30.5007],[78.5592,30.5027],[78.5587,30.5074],[78.5551,30.5114],[78.5551,30.5142],[78.5527,30.5194],[78.5539,30.5295],[78.5493,30.5327],[78.5471,30.5332],[78.5437,30.5301],[78.5389,30.527],[78.5334,30.5304],[78.5291,30.5316],[78.5259,30.531],[78.5183,30.5275],[78.5155,30.5327],[78.5098,30.5305],[78.5071,30.5303],[78.5033,30.5315],[78.4992,30.5308],[78.4963,30.534],[78.4967,30.5392],[78.495,30.5403],[78.4963,30.5501],[78.4981,30.5528],[78.4962,30.5545],[78.496,30.5608],[78.499,30.5656],[78.5001,30.5795],[78.4995,30.5808],[78.5057,30.5865],[78.5093,30.5877],[78.5089,30.5896],[78.512,30.5922],[78.5136,30.5954],[78.5101,30.5968],[78.5081,30.5992],[78.5064,30.6037],[78.502,30.6084],[78.4941,30.6149],[78.4924,30.6173],[78.4871,30.6218],[78.4822,30.6213],[78.4791,30.6253],[78.4731,30.6208],[78.4686,30.6141],[78.4643,30.6142],[78.4615,30.6131],[78.4556,30.6133],[78.4534,30.6148],[78.4468,30.6141],[78.4466,30.6087],[78.4415,30.6048],[78.4411,30.5998],[78.4395,30.5981],[78.4383,30.5906],[78.4364,30.5904],[78.4389,30.5883],[78.4397,30.585],[78.4363,30.5756],[78.4365,30.5724],[78.4386,30.5696],[78.4441,30.5675],[78.4466,30.5673],[78.4508,30.5634],[78.4514,30.5583],[78.4503,30.5515],[78.4509,30.547],[78.4537,30.5425],[78.4509,30.5361],[78.4491,30.5341],[78.4466,30.5367],[78.4441,30.5349],[78.4443,30.5289],[78.4428,30.526],[78.4431,30.5238],[78.437,30.523],[78.4323,30.5203],[78.4293,30.5174],[78.4256,30.5165],[78.4258,30.5109],[78.4234,30.5092],[78.4258,30.5056],[78.4243,30.4952],[78.4222,30.493],[78.4189,30.492],[78.4149,30.4882],[78.4129,30.4792],[78.4112,30.4751],[78.412,30.4701],[78.413,30.4692],[78.4171,30.4709],[78.4205,30.471],[78.4267,30.468],[78.4294,30.4639],[78.4277,30.4578],[78.429,30.4548],[78.4368,30.4519],[78.4415,30.4507],[78.4414,30.4454],[78.4392,30.4436],[78.4389,30.4405],[78.443,30.4365],[78.443,30.4345],[78.4465,30.4328],[78.4497,30.4283],[78.4543,30.4254],[78.4588,30.4255],[78.463,30.4226],[78.4654,30.4162],[78.468,30.4136],[78.4718,30.4116],[78.4745,30.4084],[78.4715,30.4064],[78.4718,30.4035],[78.4783,30.3978],[78.4768,30.3958],[78.4767,30.3915],[78.4778,30.3857],[78.4802,30.3825],[78.4839,30.384],[78.4923,30.381],[78.4969,30.3811],[78.5043,30.3823],[78.5059,30.3799],[78.511,30.3776],[78.5151,30.3801],[78.5183,30.3806],[78.5234,30.3802],[78.5253,30.3774],[78.5295,30.3744],[78.5332,30.3756],[78.5406,30.3721],[78.5456,30.3679],[78.5512,30.3673],[78.5553,30.3726],[78.5592,30.3746],[78.5649,30.3741],[78.5677,30.3755],[78.5708,30.3744]]]},"properties":{"id":"in:subdistrict:295","level":"subdistrict","name":"Pratapnagar","code":295,"parent":"in:district:55","state":"in:state:5"}},{"type":"Feature","geometry":{"type":"Polygon","coordinates":[[[78.9093,30.6295],[78.9074,30.6336],[78.9082,30.6403],[78.9069,30.6445],[78.9056,30.6558],[78.9097,30.6629],[78.9088,30.668],[78.912,30.6755],[78.9116,30.68],[78.9119,30.6886],[78.9107,30.6905],[78.9162,30.695],[78.9173,30.7022],[78.9196,30.7051],[78.9251,30.716],[78.9281,30.7187],[78.9324,30.7197],[78.9432,30.7207],[78.9475,30.7234],[78.9491,30.7278],[78.9519,30.7322],[78.9542,30.7323],[78.9602,30.7348],[78.9722,30.73],[78.9763,30.7314],[78.9786,30.7333],[78.984,30.7333],[78.9892,30.7313],[78.992,30.7317],[78.995,30.7336],[78.9957,30.7394],[78.9989,30.7435],[79.0031,30.7447],[79.0006,30.749],[79.0101,30.7486],[79.0181,30.7496],[79.021,30.7563],[79.0208,30.7627],[79.0261,30.7652],[79.0284,30.7675],[79.0236,30.7783],[79.0235,30.7806],[79.025,30.7845],[79.0283,30.7882],[79.0298,30.7915],[79.0297,30.7944],[79.0259,30.7977],[79.0291,30.8004],[79.0333,30.8023],[79.0352,30.8058],[79.0353,30.8061],[79.0289,30.8105],[79.0253,30.8137],[79.0231,30.8178],[79.0188,30.8217],[79.0193,30.8286],[79.0206,30.8306],[79.0187,30.835],[79.0175,30.8435],[79.0164,30.8453],[79.0113,30.8482],[79.0065,30.8529],[79.0036,30.8581],[78.9985,30.8593],[78.9948,30.8615],[78.9907,30.859],[78.9853,30.8572],[78.9813,30.8566],[78.9781,30.854],[78.9696,30.8526],[78.9649,30.8541],[78.9616,30.8539],[78.9512,30.8553],[78.9455,30.8536],[78.942,30.8634],[78.9392,30.8685],[78.9333,30.8735],[78.926,30.8736],[78.9251,30.8782],[78.9205,30.8786],[78.9148,30.8773],[78.9109,30.8753],[78.9074,30.872],[78.9033,30.8734],[78.8957,30.871],[78.8914,30.8743],[78.8825,30.8776],[78.8721,30.8751],[78.8688,30.8683],[78.8682,30.8626],[78.8595,30.8588],[78.8586,30.8565],[78.8557,30.8548],[78.8511,30.8481],[78.8494,30.8474],[78.8507,30.84],[78.8505,30.8361],[78.855,30.8299],[78.8547,30.8273],[78.8595,30.8235],[78.8604,30.8185],[78.8625,30.816],[78.8571,30.8109],[78.854,30.8062],[78.856,30.7972],[78.8546,30.7919],[78.8527,30.7907],[78.8508,30.784],[78.8511,30.7812],[78.8496,30.7786],[78.8526,30.7722],[78.8524,30.7663],[78.854,30.7634],[78.8545,30.7589],[78.8538,30.7541],[78.8545,30.7522],[78.8489,30.742],[78.8483,30.7381],[78.8427,30.7373],[78.8396,30.738],[78.8345,30.737],[78.8299,30.7319],[78.8238,30.7293],[78.8192,30.7283],[78.8147,30.7257],[78.8111,30.7247],[78.8081,30.719],[78.8051,30.7242],[78.8034,30.7228],[78.7946,30.7224],[78.7889,30.7228],[78.7787,30.7221],[78.7741,30.7202],[78.7711,30.721],[78.7591,30.7179],[78.7565,30.7155],[78.7562,30.7124],[78.7522,30.7106],[78.7496,30.7106],[78.7471,30.7127],[78.7393,30.7171],[78.7365,30.7216],[78.7307,30.7253],[78.7303,30.727],[78.7262,30.7311],[78.7209,30.7337],[78.7181,30.733],[78.7169,30.7293],[78.7131,30.7255],[78.7093,30.7239],[78.7076,30.7212],[78.7038,30.7193],[78.6993,30.7152],[78.6952,30.7153],[78.6877,30.7137],[78.6829,30.7136],[78.6794,30.7118],[78.6712,30.7106],[78.665,30.709],[78.6611,30.7073],[78.6591,30.7039],[78.6571,30.6959],[78.6586,30.6931],[78.6554,30.6894],[78.6505,30.6891],[78.6446,30.6876],[78.6374,30.6846],[78.6307,30.6893],[78.6271,30.6902],[78.6225,30.6889],[78.6187,30.6898],[78.613,30.6878],[78.6113,30.6862],[78.6084,30.6863],[78.6027,30.6912],[78.5973,30.6917],[78.59,30.6889],[78.5858,30.6841],[78.585,30.6809],[78.5927,30.6776],[78.5941,30.6745],[78.6,30.6722],[78.5999,30.6683],[78.5976,30.6608],[78.5974,30.6532],[78.5961,30.6497],[78.5971,30.6454],[78.5962,30.6359],[78.5974,30.6329],[78.5961,30.6284],[78.5939,30.6263],[78.5845,30.6223],[78.5834,30.6176],[78.5811,30.6146],[78.5784,30.613],[78.5732,30.6061],[78.5747,30.6035],[78.5775,30.6021],[78.5697,30.5977],[78.5644,30.5915],[78.5599,30.5892],[78.5598,30.5846],[78.5573,30.5827],[78.5566,30.5795],[78.5539,30.5753],[78.5496,30.5735],[78.5477,30.567],[78.5494,30.5655],[78.5487,30.5587],[78.5446,30.5537],[78.5438,30.5483],[78.546,30.5462],[78.5455,30.544],[78.547,30.5381],[78.5455,30.5365],[78.5471,30.5332],[78.5493,30.5327],[78.5539,30.5295],[78.5527,30.5194],[78.5551,30.5142],[78.5551,30.5114],[78.5587,30.5074],[78.5592,30.5027],[78.5603,30.5007],[78.5595,30.4966],[78.5623,30.4916],[78.5593,30.4881],[78.559,30.4819],[78.5557,30.4798],[78.5502,30.4785],[78.5484,30.472],[78.5504,30.4669],[78.5467,30.4636],[78.5516,30.4566],[78.5509,30.4525],[78.5487,30.4515],[78.5445,30.4543],[78.5388,30.4531],[78.5345,30.4505],[78.531,30.446],[78.5332,30.4359],[78.542,30.4276],[78.5426,30.4256],[78.5463,30.4224],[78.5495,30.4212],[78.5523,30.4167],[78.5574,30.4124],[78.5617,30.4115],[78.5709,30.4065],[78.5708,30.3992],[78.5714,30.3931],[78.5688,30.3907],[78.5687,30.3859],[78.5785,30.3867],[78.5819,30.3882],[78.5846,30.3834],[78.5836,30.3811],[78.5792,30.3787],[78.5759,30.3788],[78.5731,30.3733],[78.5708,30.3744],[78.5712,30.3721],[78.576,30.3696],[78.5786,30.3692],[78.5793,30.366],[78.5827,30.362],[78.5866,30.3591],[78.5914,30.3596],[78.5959,30.3592],[78.5982,30.3578],[78.603,30.3574],[78.6049,30.3549],[78.6078,30.3544],[78.6073,30.3605],[78.6129,30.3618],[78.6149,30.3638],[78.6178,30.3602],[78.6153,30.3581],[78.6194,30.3519],[78.6204,30.3483],[78.6237,30.346],[78.6209,30.3426],[78.6131,30.3446],[78.6076,30.3389],[78.6089,30.337],[78.6048,30.3349],[78.6013,30.3316],[78.6,30.3288],[78.6049,30.3296],[78.6097,30.329],[78.6127,30.3299],[78.6179,30.333],[78.6199,30.3377],[78.6238,30.3412],[78.6257,30.3446],[78.6288,30.3453],[78.63,30.3485],[78.6326,30.3478],[78.6345,30.349],[78.6337,30.3527],[78.6367,30.3535],[78.6452,30.3509],[78.6515,30.347],[78.6555,30.3482],[78.6615,30.348],[78.665,30.3511],[78.6647,30.3568],[78.6633,30.3589],[78.6644,30.3626],[78.664,30.3687],[78.6702,30.3701],[78.6748,30.3723],[78.6758,30.3747],[78.6784,30.376],[78.6819,30.3761],[78.6837,30.3774],[78.6928,30.3805],[78.6978,30.3784],[78.7048,30.3716],[78.7122,30.3713],[78.7147,30.3677],[78.7213,30.3637],[78.7263,30.3637],[78.7304,30.365],[78.7395,30.3629],[78.7495,30.361],[78.7538,30.3564],[78.7537,30.3542],[78.7599,30.3504],[78.7734,30.3511],[78.7796,30.3501],[78.7871,30.3442],[78.7939,30.3441],[78.8014,30.3453],[78.8069,30.348],[78.8137,30.348],[78.8242,30.3495],[78.8305,30.3546],[78.8352,30.3574],[78.838,30.3599],[78.8385,30.3756],[78.8387,30.3772],[78.8344,30.3834],[78.8354,30.3885],[78.8351,30.3916],[78.8323,30.393],[78.8257,30.3947],[78.8224,30.3976],[78.8169,30.4008],[78.8187,30.4019],[78.824,30.408],[78.8257,30.4124],[78.8239,30.4137],[78.8262,30.4161],[78.8287,30.415],[78.833,30.4172],[78.836,30.4235],[78.8385,30.4265],[78.8441,30.43],[78.8466,30.435],[78.8477,30.4426],[78.8489,30.4446],[78.8478,30.4475],[78.8434,30.4501],[78.8462,30.4515],[78.8506,30.4562],[78.8488,30.4605],[78.8468,30.4626],[78.8416,30.4657],[78.8413,30.469],[78.8372,30.4709],[78.8341,30.4753],[78.8296,30.4759],[78.8238,30.4784],[78.8257,30.4831],[78.8318,30.4838],[78.8376,30.4909],[78.8452,30.4897],[78.85,30.4909],[78.8568,30.4964],[78.8617,30.5027],[78.8632,30.5061],[78.8664,30.5091],[78.8682,30.5142],[78.8665,30.5172],[78.8673,30.5193],[78.8641,30.5246],[78.8622,30.5294],[78.8627,30.5312],[78.8626,30.5419],[78.8604,30.5437],[78.8585,30.5497],[78.8587,30.5513],[78.8624,30.5538],[78.8642,30.5589],[78.8659,30.5612],[78.8633,30.5648],[78.8635,30.5673],[78.8705,30.573],[78.8721,30.5771],[78.8769,30.5808],[78.887,30.5835],[78.8898,30.587],[78.8905,30.5957],[78.8863,30.6035],[78.897,30.6133],[78.9008,30.6144],[78.9026,30.6161],[78.9034,30.6222],[78.9067,30.6249],[78.9093,30.6295]]]},"properties":{"id":"in:subdistrict:293","level":"subdistrict","name":"Ghansali","code":293,"parent":"in:district:55","state":"in:state:5"}},{"type":"Feature","geometry":{"type":"Polygon","coordinates":[[[79.1104,30.3812],[79.1122,30.3831],[79.1191,30.3846],[79.1228,30.3839],[79.1269,30.3816],[79.1311,30.3813],[79.1393,30.3791],[79.1433,30.3807],[79.1492,30.3782],[79.1566,30.3828],[79.1607,30.3825],[79.1653,30.3879],[79.1646,30.393],[79.1656,30.3976],[79.1638,30.402],[79.1652,30.4113],[79.1721,30.4147],[79.1728,30.4158],[79.1733,30.4243],[79.1742,30.4307],[79.168,30.4369],[79.1656,30.4406],[79.1666,30.4462],[79.1693,30.4478],[79.1741,30.4492],[79.1757,30.4531],[79.1788,30.4561],[79.1797,30.4594],[79.1862,30.4625],[79.1877,30.4692],[79.187,30.4707],[79.1895,30.4748],[79.1974,30.4809],[79.2012,30.4819],[79.2072,30.4857],[79.2101,30.4859],[79.2121,30.4876],[79.2194,30.4885],[79.2234,30.4929],[79.2239,30.4961],[79.2262,30.4981],[79.2266,30.4999],[79.2249,30.5034],[79.2267,30.5053],[79.2256,30.5101],[79.2281,30.5156],[79.2266,30.522],[79.2291,30.5273],[79.2354,30.5308],[79.2381,30.5335],[79.2444,30.5361],[79.2453,30.5386],[79.2437,30.5411],[79.2437,30.5437],[79.2418,30.5489],[79.2454,30.5509],[79.2467,30.5532],[79.2456,30.5589],[79.2552,30.5639],[79.2565,30.5663],[79.2653,30.5667],[79.2704,30.5663],[79.275,30.5636],[79.2806,30.5634],[79.2836,30.5639],[79.2867,30.5623],[79.2918,30.5623],[79.2947,30.5607],[79.2965,30.5637],[79.3003,30.5669],[79.3004,30.5696],[79.3043,30.5761],[79.3045,30.5809],[79.3072,30.5836],[79.307,30.5893],[79.3101,30.5897],[79.3116,30.5913],[79.3233,30.5949],[79.3331,30.5936],[79.3387,30.5967],[79.3401,30.5994],[79.3415,30.6053],[79.3469,30.6073],[79.348,30.6107],[79.3464,30.6135],[79.348,30.6191],[79.3479,30.6236],[79.3541,30.6254],[79.356,30.6315],[79.3552,30.6404],[79.3533,30.6468],[79.3503,30.6485],[79.3467,30.6534],[79.3385,30.6571],[79.3327,30.6573],[79.3302,30.6596],[79.3296,30.6636],[79.3275,30.6668],[79.3237,30.6699],[79.3194,30.6697],[79.3155,30.6717],[79.3109,30.6722],[79.3066,30.6752],[79.3037,30.6783],[79.3057,30.6814],[79.3045,30.6893],[79.3014,30.6942],[79.2997,30.6953],[79.3006,30.701],[79.3001,30.7094],[79.2979,30.714],[79.298,30.7181],[79.297,30.7196],[79.2845,30.723],[79.2747,30.7243],[79.2673,30.7246],[79.2643,30.7226],[79.2614,30.722],[79.2558,30.7228],[79.2534,30.7278],[79.2444,30.734],[79.2417,30.7327],[79.2356,30.7329],[79.2219,30.7363],[79.2168,30.7364],[79.2077,30.7376],[79.2028,30.7337],[79.1995,30.7329],[79.1978,30.7353],[79.1979,30.7394],[79.1928,30.7416],[79.1884,30.7461],[79.183,30.7501],[79.1744,30.752],[79.1699,30.7555],[79.1619,30.7562],[79.1579,30.7536],[79.1519,30.7528],[79.1482,30.7512],[79.1453,30.7483],[79.1425,30.7476],[79.1357,30.7526],[79.1323,30.7557],[79.131,30.7591],[79.1302,30.7651],[79.1285,30.7684],[79.126,30.7699],[79.1171,30.773],[79.1126,30.7724],[79.1022,30.7751],[79.0923,30.7757],[79.0902,30.7767],[79.0828,30.7841],[79.0802,30.7861],[79.0757,30.7881],[79.0678,30.7982],[79.0594,30.7995],[79.0524,30.802],[79.0458,30.8059],[79.0393,30.8074],[79.0353,30.8061],[79.0352,30.8058],[79.0333,30.8023],[79.0291,30.8004],[79.0259,30.7977],[79.0297,30.7944],[79.0298,30.7915],[79.0283,30.7882],[79.025,30.7845],[79.0235,30.7806],[79.0236,30.7783],[79.0284,30.7675],[79.0261,30.7652],[79.0208,30.7627],[79.021,30.7563],[79.0181,30.7496],[79.0101,30.7486],[79.0006,30.749],[79.0031,30.7447],[78.9989,30.7435],[78.9957,30.7394],[78.995,30.7336],[78.992,30.7317],[78.9892,30.7313],[78.984,30.7333],[78.9786,30.7333],[78.9763,30.7314],[78.9722,30.73],[78.9602,30.7348],[78.9542,30.7323],[78.9519,30.7322],[78.9491,30.7278],[78.9475,30.7234],[78.9432,30.7207],[78.9324,30.7197],[78.9281,30.7187],[78.9251,30.716],[78.9196,30.7051],[78.9173,30.7022],[78.9162,30.695],[78.9107,30.6905],[78.9119,30.6886],[78.9116,30.68],[78.912,30.6755],[78.9088,30.668],[78.9097,30.6629],[78.9056,30.6558],[78.9069,30.6445],[78.9082,30.6403],[78.9074,30.6336],[78.9093,30.6295],[78.9141,30.6288],[78.9164,30.6259],[78.9227,30.6217],[78.9252,30.6193],[78.9248,30.6175],[78.9278,30.6148],[78.9301,30.6111],[78.9311,30.6063],[78.9329,30.6025],[78.9377,30.6007],[78.9401,30.5988],[78.9419,30.5936],[78.9458,30.5888],[78.9497,30.5867],[78.9514,30.5837],[78.9606,30.5826],[78.9651,30.5832],[78.9715,30.5783],[78.977,30.5761],[78.9781,30.5706],[78.9769,30.5648],[78.9809,30.5581],[78.9811,30.5553],[78.9843,30.545],[78.9862,30.546],[78.9895,30.5453],[78.9951,30.5473],[78.9986,30.5451],[79.0026,30.5437],[79.0046,30.5387],[79.0082,30.5361],[79.0098,30.5322],[79.0066,30.5286],[78.9993,30.5189],[78.999,30.5117],[79.0037,30.5076],[79.0094,30.5046],[79.0129,30.5018],[79.0139,30.4989],[79.0132,30.4935],[79.0135,30.4906],[79.0155,30.4881],[79.0163,30.4841],[79.0127,30.48],[79.0195,30.476],[79.0183,30.4647],[79.0159,30.4614],[79.0161,30.4552],[79.0171,30.4523],[79.021,30.4521],[79.0266,30.4499],[79.0304,30.4472],[79.0335,30.4476],[79.0413,30.4393],[79.0434,30.4357],[79.044,30.4322],[79.0457,30.4312],[79.0475,30.4256],[79.046,30.421],[79.042,30.4194],[79.0452,30.4169],[79.0488,30.4177],[79.0508,30.4162],[79.0567,30.4162],[79.0562,30.4131],[79.0523,30.4069],[79.0567,30.4029],[79.0592,30.4024],[79.0633,30.3988],[79.0636,30.3963],[79.0721,30.3914],[79.0745,30.3885],[79.0753,30.3855],[79.0808,30.3855],[79.0834,30.3841],[79.0876,30.3838],[79.0876,30.3798],[79.0834,30.3738],[79.0852,30.3716],[79.088,30.3711],[79.0938,30.366],[79.1005,30.362],[79.1038,30.3674],[79.1063,30.3676],[79.1064,30.3704],[79.1045,30.3746],[79.1062,30.3794],[79.1104,30.3812]]]},"properties":{"id":"in:subdistrict:290","level":"subdistrict","name":"Ukhimath","code":290,"parent":"in:district:54","state":"in:state:5"}},{"type":"Feature","geometry":{"type":"Polygon","coordinates":[[[78.585,30.6809],[78.5858,30.6841],[78.59,30.6889],[78.5973,30.6917],[78.6027,30.6912],[78.6084,30.6863],[78.6113,30.6862],[78.613,30.6878],[78.6187,30.6898],[78.6225,30.6889],[78.6271,30.6902],[78.6307,30.6893],[78.6374,30.6846],[78.6446,30.6876],[78.6505,30.6891],[78.6554,30.6894],[78.6586,30.6931],[78.6571,30.6959],[78.6591,30.7039],[78.6611,30.7073],[78.665,30.709],[78.6712,30.7106],[78.6794,30.7118],[78.6829,30.7136],[78.6877,30.7137],[78.6952,30.7153],[78.6993,30.7152],[78.7038,30.7193],[78.7076,30.7212],[78.7093,30.7239],[78.7131,30.7255],[78.7169,30.7293],[78.7181,30.733],[78.7209,30.7337],[78.7262,30.7311],[78.7303,30.727],[78.7307,30.7253],[78.7365,30.7216],[78.7393,30.7171],[78.7471,30.7127],[78.7496,30.7106],[78.7522,30.7106],[78.7562,30.7124],[78.7565,30.7155],[78.7591,30.7179],[78.7711,30.721],[78.7741,30.7202],[78.7787,30.7221],[78.7889,30.7228],[78.7946,30.7224],[78.8034,30.7228],[78.8051,30.7242],[78.8081,30.719],[78.8111,30.7247],[78.8147,30.7257],[78.8192,30.7283],[78.8238,30.7293],[78.8299,30.7319],[78.8345,30.737],[78.8396,30.738],[78.8427,30.7373],[78.8483,30.7381],[78.8489,30.742],[78.8545,30.7522],[78.8538,30.7541],[78.8545,30.7589],[78.854,30.7634],[78.8524,30.7663],[78.8526,30.7722],[78.8496,30.7786],[78.8511,30.7812],[78.8508,30.784],[78.8527,30.7907],[78.8546,30.7919],[78.856,30.7972],[78.854,30.8062],[78.8571,30.8109],[78.8625,30.816],[78.8604,30.8185],[78.8595,30.8235],[78.8547,30.8273],[78.855,30.8299],[78.8505,30.8361],[78.8507,30.84],[78.8494,30.8474],[78.8511,30.8481],[78.8557,30.8548],[78.8586,30.8565],[78.8595,30.8588],[78.8682,30.8626],[78.8688,30.8683],[78.8721,30.8751],[78.8825,30.8776],[78.8914,30.8743],[78.8957,30.871],[78.9033,30.8734],[78.9074,30.872],[78.9109,30.8753],[78.9148,30.8773],[78.9205,30.8786],[78.9251,30.8782],[78.926,30.8736],[78.9333,30.8735],[78.9392,30.8685],[78.942,30.8634],[78.9455,30.8536],[78.9512,30.8553],[78.9616,30.8539],[78.9649,30.8541],[78.9696,30.8526],[78.9781,30.854],[78.9813,30.8566],[78.9853,30.8572],[78.9907,30.859],[78.9948,30.8615],[78.9985,30.8593],[79.0036,30.8581],[79.0065,30.8529],[79.0113,30.8482],[79.0164,30.8453],[79.0175,30.8435],[79.0187,30.835],[79.0206,30.8306],[79.0193,30.8286],[79.0188,30.8217],[79.0231,30.8178],[79.0253,30.8137],[79.0289,30.8105],[79.0353,30.8061],[79.0393,30.8074],[79.0458,30.8059],[79.0524,30.802],[79.0594,30.7995],[79.0678,30.7982],[79.0757,30.7881],[79.0802,30.7861],[79.0828,30.7841],[79.0902,30.7767],[79.0923,30.7757],[79.1022,30.7751],[79.1126,30.7724],[79.1171,30.773],[79.126,30.7699],[79.1285,30.7684],[79.1302,30.7651],[79.131,30.7591],[79.1323,30.7557],[79.1357,30.7526],[79.1425,30.7476],[79.1453,30.7483],[79.1482,30.7512],[79.1519,30.7528],[79.1579,30.7536],[79.1619,30.7562],[79.1699,30.7555],[79.1744,30.752],[79.183,30.7501],[79.1884,30.7461],[79.1928,30.7416],[79.1979,30.7394],[79.1978,30.7353],[79.1995,30.7329],[79.2028,30.7337],[79.2077,30.7376],[79.2168,30.7364],[79.2219,30.7363],[79.2356,30.7329],[79.2417,30.7327],[79.2444,30.734],[79.2534,30.7278],[79.2558,30.7228],[79.2614,30.722],[79.2643,30.7226],[79.2673,30.7246],[79.2747,30.7243],[79.2792,30.7292],[79.2804,30.7336],[79.2798,30.7377],[79.2819,30.7413],[79.2884,30.7479],[79.2896,30.7498],[79.2788,30.7569],[79.2718,30.7584],[79.2711,30.7609],[79.2672,30.7632],[79.2614,30.7696],[79.2625,30.7726],[79.2617,30.776],[79.2587,30.7801],[79.2499,30.782],[79.2454,30.7849],[79.2452,30.7895],[79.2436,30.7927],[79.2405,30.7939],[79.2387,30.7976],[79.2401,30.8033],[79.2361,30.8061],[79.2308,30.8067],[79.228,30.8078],[79.2249,30.8108],[79.2263,30.8194],[79.2317,30.8217],[79.2409,30.8247],[79.2396,30.829],[79.2399,30.8316],[79.2367,30.8382],[79.2397,30.8413],[79.2424,30.8426],[79.2458,30.8422],[79.2509,30.843],[79.2513,30.8482],[79.255,30.8562],[79.255,30.8601],[79.2581,30.8637],[79.2586,30.8685],[79.2606,30.8701],[79.268,30.8694],[79.2728,30.8714],[79.2738,30.8736],[79.2808,30.8761],[79.2718,30.8915],[79.2704,30.8962],[79.271,30.9026],[79.27,30.9069],[79.2727,30.9098],[79.2817,30.9125],[79.2838,30.9154],[79.2812,30.9214],[79.2812,30.9257],[79.2841,30.9312],[79.284,30.9362],[79.2805,30.9398],[79.2725,30.9461],[79.2669,30.9461],[79.2635,30.9549],[79.2694,30.9591],[79.2769,30.9613],[79.2819,30.9618],[79.2853,30.9661],[79.2904,30.9678],[79.3011,30.9681],[79.3028,30.965],[79.307,30.9632],[79.3125,30.9597],[79.3173,30.9588],[79.3218,30.9609],[79.3266,30.9662],[79.3299,30.969],[79.3299,30.973],[79.328,30.9769],[79.3241,30.9819],[79.3233,30.9839],[79.3262,30.9861],[79.3286,30.9914],[79.3315,30.9944],[79.3303,30.9983],[79.3277,30.9995],[79.3132,31.0017],[79.3081,31.0048],[79.306,31.011],[79.3067,31.0137],[79.3117,31.0159],[79.3133,31.0184],[79.3192,31.0237],[79.3221,31.0248],[79.3333,31.0269],[79.3428,31.0304],[79.3501,31.031],[79.3539,31.0321],[79.3632,31.0376],[79.3677,31.0446],[79.3755,31.0537],[79.3801,31.0537],[79.3839,31.057],[79.3845,31.0638],[79.3872,31.067],[79.3915,31.0695],[79.3976,31.0684],[79.4013,31.0687],[79.4065,31.0706],[79.4105,31.0754],[79.4077,31.077],[79.404,31.087],[79.4021,31.1021],[79.3988,31.1078],[79.3929,31.1103],[79.3798,31.1124],[79.3541,31.1208],[79.3424,31.1249],[79.3325,31.1273],[79.3241,31.132],[79.3175,31.1367],[79.3127,31.142],[79.3094,31.1474],[79.3072,31.1578],[79.301,31.1678],[79.3008,31.1723],[79.3032,31.1904],[79.2999,31.2057],[79.2952,31.2165],[79.2926,31.2212],[79.2844,31.2324],[79.2802,31.235],[79.2703,31.2375],[79.2663,31.2379],[79.2571,31.2402],[79.2519,31.243],[79.2508,31.2462],[79.2512,31.2499],[79.2503,31.2582],[79.2524,31.266],[79.2546,31.2685],[79.2699,31.2786],[79.2719,31.2832],[79.2715,31.2868],[79.2658,31.2932],[79.2518,31.3018],[79.2434,31.3089],[79.2392,31.3142],[79.2394,31.3179],[79.2428,31.3226],[79.2465,31.3253],[79.2465,31.33],[79.2321,31.3356],[79.225,31.3387],[79.2116,31.3464],[79.1993,31.3565],[79.1922,31.3628],[79.1905,31.3684],[79.1861,31.3767],[79.1824,31.3852],[79.1737,31.3955],[79.1662,31.402],[79.1591,31.4099],[79.1479,31.4215],[79.1436,31.4255],[79.1321,31.4319],[79.1274,31.4349],[79.1226,31.4364],[79.1167,31.4364],[79.1085,31.4376],[79.1034,31.4413],[79.0996,31.4433],[79.09,31.445],[79.0846,31.4477],[79.0779,31.4527],[79.0705,31.4601],[79.0642,31.4621],[79.0617,31.4613],[79.0559,31.455],[79.0525,31.4469],[79.0508,31.44],[79.0511,31.43],[79.0527,31.4231],[79.0515,31.4198],[79.0417,31.4123],[79.035,31.4079],[79.0237,31.3964],[79.0176,31.3856],[79.0119,31.3677],[79.0108,31.3571],[78.9899,31.3453],[78.9851,31.3434],[78.967,31.3369],[78.9583,31.3304],[78.9476,31.3195],[78.9442,31.3079],[78.943,31.2932],[78.9417,31.2742],[78.9371,31.2606],[78.9327,31.2529],[78.9121,31.2552],[78.9115,31.2515],[78.9161,31.2486],[78.9196,31.2404],[78.9201,31.2347],[78.922,31.2315],[78.9221,31.2253],[78.9259,31.2233],[78.926,31.2201],[78.929,31.217],[78.9316,31.216],[78.9466,31.2161],[78.9485,31.2154],[78.9482,31.2124],[78.945,31.2094],[78.9438,31.2065],[78.9466,31.2034],[78.9477,31.1991],[78.9583,31.1904],[78.9575,31.1866],[78.9642,31.184],[78.9727,31.1799],[78.9795,31.1787],[78.9813,31.1758],[78.984,31.176],[78.9859,31.1738],[78.9874,31.1687],[78.9905,31.1613],[78.9882,31.1551],[78.9908,31.1482],[78.9875,31.1436],[78.9909,31.138],[78.9986,31.1356],[79.0001,31.1338],[79.0011,31.1292],[79.0033,31.125],[79.0037,31.1215],[79.0065,31.1191],[79.0089,31.1103],[79.0063,31.1118],[79.0022,31.1124],[78.9966,31.1103],[78.99,31.1085],[78.9799,31.1088],[78.973,31.1081],[78.9676,31.1038],[78.9592,31.0994],[78.9541,31.0982],[78.9493,31.0983],[78.9451,31.1006],[78.937,31.1016],[78.9322,31.1007],[78.9265,31.1088],[78.9246,31.1101],[78.9206,31.1107],[78.9136,31.1082],[78.9123,31.1066],[78.9119,31.1014],[78.9086,31.0989],[78.9004,31.0998],[78.8932,31.0973],[78.89,31.0971],[78.8838,31.0995],[78.8814,31.1023],[78.877,31.1046],[78.8729,31.1089],[78.8706,31.1137],[78.8687,31.1148],[78.8652,31.12],[78.8603,31.1202],[78.8529,31.1223],[78.8436,31.1279],[78.8399,31.1327],[78.8381,31.1383],[78.8312,31.1406],[78.8292,31.1448],[78.828,31.1511],[78.8267,31.1535],[78.823,31.1577],[78.8249,31.1635],[78.8181,31.1678],[78.813,31.1689],[78.8107,31.1719],[78.8113,31.1742],[78.8099,31.1765],[78.8105,31.1803],[78.8143,31.1875],[78.8174,31.1896],[78.816,31.1948],[78.8099,31.1983],[78.8049,31.1984],[78.8015,31.1969],[78.7967,31.1964],[78.7836,31.1912],[78.7792,31.1889],[78.7695,31.1864],[78.7652,31.1858],[78.7615,31.1862],[78.7564,31.1878],[78.7419,31.1885],[78.738,31.1883],[78.7326,31.1894],[78.7267,31.1897],[78.7235,31.1882],[78.7183,31.1878],[78.7119,31.1895],[78.704,31.189],[78.7001,31.191],[78.695,31.1922],[78.6917,31.1951],[78.6878,31.1975],[78.6837,31.1979],[78.6788,31.1963],[78.6719,31.1969],[78.6692,31.1947],[78.6681,31.1917],[78.6653,31.1899],[78.6617,31.1892],[78.6596,31.186],[78.6578,31.1861],[78.66,31.1911],[78.6565,31.1936],[78.6573,31.1957],[78.65,31.2006],[78.6488,31.2029],[78.6494,31.2072],[78.6486,31.2128],[78.6462,31.2151],[78.64,31.2144],[78.6322,31.2158],[78.6252,31.2185],[78.6238,31.2174],[78.6207,31.2117],[78.6207,31.2081],[78.6132,31.1995],[78.6055,31.1936],[78.604,31.1916],[78.5994,31.1895],[78.5967,31.1862],[78.5934,31.1847],[78.5922,31.1811],[78.5891,31.1803],[78.5876,31.1754],[78.584,31.1737],[78.5797,31.1703],[78.581,31.1659],[78.5789,31.1621],[78.5714,31.1529],[78.5696,31.1461],[78.5715,31.1414],[78.5712,31.1378],[78.5736,31.1314],[78.5724,31.1294],[78.5689,31.1283],[78.5657,31.1286],[78.5636,31.1271],[78.5638,31.1237],[78.555,31.1192],[78.5545,31.1156],[78.5501,31.11],[78.5507,31.1081],[78.5487,31.103],[78.5452,31.0988],[78.5488,31.0953],[78.5529,31.0939],[78.5581,31.0941],[78.5621,31.091],[78.5662,31.0897],[78.565,31.0865],[78.5656,31.0833],[78.5649,31.0792],[78.5634,31.0771],[78.5632,31.0741],[78.5696,31.0652],[78.5724,31.0627],[78.5755,31.0584],[78.5775,31.0538],[78.5811,31.0506],[78.5831,31.0475],[78.5814,31.0438],[78.5818,31.0397],[78.5805,31.0344],[78.5777,31.0308],[78.5733,31.0286],[78.5714,31.0229],[78.571,31.0189],[78.569,31.0169],[78.5643,31.0146],[78.5587,31.0137],[78.5536,31.0034],[78.5573,31.0003],[78.557,30.995],[78.559,30.9929],[78.5598,30.9885],[78.5624,30.9857],[78.5663,30.9763],[78.5743,30.9761],[78.5729,30.9681],[78.5695,30.9646],[78.5696,30.9615],[78.5776,30.9588],[78.5768,30.9553],[78.5769,30.95],[78.5755,30.9473],[78.5745,30.9408],[78.5688,30.9428],[78.5675,30.9449],[78.5641,30.9424],[78.5614,30.9442],[78.5587,30.9417],[78.5522,30.941],[78.5503,30.9401],[78.5473,30.934],[78.5449,30.9317],[78.5421,30.9267],[78.5416,30.9237],[78.5363,30.9229],[78.5313,30.9186],[78.5245,30.9186],[78.5211,30.9161],[78.5143,30.9166],[78.5119,30.9145],[78.5088,30.909],[78.5059,30.9083],[78.5018,30.9055],[78.5003,30.8994],[78.4986,30.8977],[78.4957,30.8979],[78.4867,30.8966],[78.4835,30.8981],[78.4802,30.8977],[78.4738,30.8927],[78.4594,30.8935],[78.4503,30.8908],[78.4496,30.8882],[78.4457,30.8859],[78.4403,30.8859],[78.432,30.8817],[78.4219,30.8864],[78.4134,30.888],[78.4079,30.8868],[78.4047,30.8848],[78.3949,30.8806],[78.3868,30.872],[78.38,30.8672],[78.3821,30.8633],[78.3813,30.8616],[78.3829,30.859],[78.3829,30.8539],[78.3811,30.8507],[78.3829,30.8479],[78.3888,30.8437],[78.397,30.8412],[78.3994,30.8357],[78.4024,30.8318],[78.4033,30.8228],[78.4075,30.8187],[78.4109,30.8184],[78.4121,30.8167],[78.4106,30.8129],[78.4118,30.8097],[78.4114,30.8069],[78.4008,30.8017],[78.3937,30.8006],[78.3906,30.7986],[78.3883,30.7956],[78.3934,30.7901],[78.3922,30.7853],[78.3932,30.7836],[78.3914,30.7748],[78.3918,30.7724],[78.3969,30.7654],[78.3963,30.7577],[78.4015,30.7466],[78.4064,30.743],[78.4096,30.7362],[78.4116,30.7368],[78.4146,30.734],[78.4176,30.7299],[78.4095,30.7301],[78.4062,30.7287],[78.4037,30.729],[78.4011,30.7312],[78.3909,30.7339],[78.3888,30.7362],[78.3833,30.7383],[78.3793,30.7381],[78.3736,30.739],[78.3692,30.7381],[78.3656,30.7384],[78.3615,30.7416],[78.3595,30.7391],[78.3535,30.7389],[78.3507,30.7346],[78.3523,30.7325],[78.3571,30.7312],[78.3601,30.7279],[78.3621,30.7238],[78.3606,30.7198],[78.3569,30.7195],[78.3584,30.7168],[78.3679,30.7102],[78.3733,30.7072],[78.3779,30.7056],[78.3831,30.7055],[78.3857,30.707],[78.3884,30.7108],[78.3999,30.7067],[78.4028,30.7085],[78.4067,30.709],[78.4103,30.7048],[78.4149,30.7038],[78.4219,30.6991],[78.4223,30.696],[78.4241,30.6932],[78.4274,30.6933],[78.4344,30.6906],[78.4411,30.6902],[78.443,30.6889],[78.4468,30.6834],[78.4505,30.6819],[78.4598,30.6816],[78.462,30.6821],[78.4671,30.6852],[78.4712,30.684],[78.4742,30.6804],[78.4779,30.6778],[78.4805,30.6742],[78.4859,30.6728],[78.487,30.6679],[78.4889,30.6662],[78.4953,30.6653],[78.4979,30.662],[78.5007,30.6611],[78.5039,30.6583],[78.5112,30.6541],[78.5193,30.6535],[78.5235,30.6551],[78.5286,30.6545],[78.5331,30.6557],[78.5387,30.6609],[78.5416,30.6649],[78.5442,30.6749],[78.5502,30.6753],[78.5546,30.6772],[78.5605,30.676],[78.5685,30.6773],[78.5727,30.6768],[78.5829,30.6795],[78.585,30.6809]]]},"properties":{"id":"in:subdistrict:283","level":"subdistrict","name":"Bhatwari","code":283,"parent":"in:district:57","state":"in:state:5"}},{"type":"Feature","geometry":{"type":"Polygon","coordinates":[[[78.5536,31.0034],[78.5587,31.0137],[78.5643,31.0146],[78.569,31.0169],[78.571,31.0189],[78.5714,31.0229],[78.5733,31.0286],[78.5777,31.0308],[78.5805,31.0344],[78.5818,31.0397],[78.5814,31.0438],[78.5831,31.0475],[78.5811,31.0506],[78.5775,31.0538],[78.5755,31.0584],[78.5724,31.0627],[78.5696,31.0652],[78.5632,31.0741],[78.5634,31.0771],[78.5649,31.0792],[78.5656,31.0833],[78.565,31.0865],[78.5662,31.0897],[78.5621,31.091],[78.5581,31.0941],[78.5529,31.0939],[78.5488,31.0953],[78.5452,31.0988],[78.5487,31.103],[78.5507,31.1081],[78.5501,31.11],[78.5545,31.1156],[78.555,31.1192],[78.5638,31.1237],[78.5636,31.1271],[78.5657,31.1286],[78.5689,31.1283],[78.5724,31.1294],[78.5736,31.1314],[78.5712,31.1378],[78.5715,31.1414],[78.5696,31.1461],[78.5714,31.1529],[78.5789,31.1621],[78.581,31.1659],[78.5797,31.1703],[78.584,31.1737],[78.5876,31.1754],[78.5891,31.1803],[78.5922,31.1811],[78.5934,31.1847],[78.5967,31.1862],[78.5994,31.1895],[78.604,31.1916],[78.6055,31.1936],[78.6132,31.1995],[78.6207,31.2081],[78.6207,31.2117],[78.6238,31.2174],[78.6252,31.2185],[78.6226,31.2241],[78.6139,31.2284],[78.6068,31.2292],[78.6009,31.2281],[78.5973,31.2254],[78.5895,31.2267],[78.5797,31.2259],[78.5765,31.224],[78.5745,31.221],[78.5689,31.2195],[78.5665,31.2171],[78.5651,31.2131],[78.5626,31.2116],[78.5554,31.2046],[78.552,31.2002],[78.5485,31.1999],[78.5436,31.1983],[78.5357,31.1981],[78.5265,31.1965],[78.5245,31.1969],[78.5094,31.1965],[78.5076,31.1959],[78.497,31.1982],[78.4838,31.1989],[78.4843,31.2012],[78.4817,31.2041],[78.4813,31.2098],[78.4798,31.2138],[78.4729,31.2184],[78.4695,31.2227],[78.4653,31.2308],[78.4624,31.2335],[78.4617,31.236],[78.4569,31.2386],[78.4552,31.2412],[78.4494,31.2408],[78.4431,31.2448],[78.4419,31.2479],[78.436,31.2544],[78.4332,31.2544],[78.4312,31.2527],[78.4259,31.2443],[78.4207,31.2441],[78.4161,31.2403],[78.4127,31.2396],[78.407,31.2422],[78.4028,31.2479],[78.4046,31.2529],[78.4073,31.2558],[78.4006,31.2643],[78.3982,31.2656],[78.3962,31.2699],[78.3959,31.2754],[78.3906,31.2746],[78.3863,31.2714],[78.3841,31.2816],[78.3785,31.2846],[78.3747,31.2845],[78.3703,31.2863],[78.3623,31.2846],[78.352,31.2806],[78.3474,31.2804],[78.3425,31.2813],[78.3399,31.2827],[78.3319,31.2776],[78.327,31.2783],[78.3235,31.2778],[78.318,31.2789],[78.3172,31.2813],[78.3113,31.2827],[78.3112,31.2811],[78.308,31.2755],[78.3101,31.2741],[78.3104,31.2711],[78.3087,31.2684],[78.3077,31.2614],[78.3055,31.2594],[78.3026,31.259],[78.2964,31.2611],[78.2919,31.2599],[78.2867,31.2631],[78.2829,31.2662],[78.28,31.2625],[78.2759,31.2613],[78.2727,31.255],[78.2691,31.2523],[78.2687,31.2486],[78.2633,31.2458],[78.2605,31.2398],[78.2545,31.2386],[78.2502,31.2401],[78.2507,31.2333],[78.2456,31.2297],[78.2432,31.2293],[78.2371,31.2327],[78.2332,31.2339],[78.2258,31.235],[78.22,31.2338],[78.2168,31.2302],[78.215,31.2259],[78.215,31.2217],[78.2124,31.2196],[78.2092,31.2201],[78.2054,31.2182],[78.2012,31.2172],[78.1981,31.2177],[78.1957,31.2197],[78.1922,31.2248],[78.187,31.2271],[78.1798,31.2256],[78.173,31.2267],[78.1681,31.2249],[78.1602,31.2255],[78.1583,31.2193],[78.1536,31.2182],[78.1482,31.2133],[78.1471,31.2104],[78.1428,31.2105],[78.1403,31.209],[78.1334,31.2083],[78.1297,31.2038],[78.1286,31.2008],[78.124,31.2004],[78.1223,31.1984],[78.1178,31.1956],[78.1145,31.1945],[78.1036,31.1854],[78.096,31.1843],[78.0877,31.1872],[78.0723,31.1867],[78.066,31.1872],[78.0606,31.185],[78.0512,31.1799],[78.0476,31.1801],[78.0426,31.1785],[78.041,31.1729],[78.0349,31.1704],[78.0327,31.1687],[78.0291,31.1624],[78.0308,31.1578],[78.0297,31.1534],[78.0303,31.151],[78.025,31.1507],[78.0206,31.1516],[78.0145,31.1578],[78.0122,31.1581],[78.0086,31.1608],[78.0008,31.162],[77.9909,31.16],[77.9847,31.157],[77.981,31.1617],[77.9733,31.1662],[77.9715,31.1691],[77.968,31.1727],[77.9657,31.1731],[77.9589,31.1709],[77.9536,31.166],[77.9515,31.1613],[77.9454,31.1619],[77.9432,31.1613],[77.9365,31.1564],[77.9358,31.1551],[77.9302,31.1534],[77.9248,31.1504],[77.9215,31.1505],[77.9192,31.1526],[77.9158,31.1539],[77.9079,31.154],[77.9013,31.1518],[77.8992,31.1505],[77.901,31.144],[77.8973,31.1375],[77.894,31.134],[77.889,31.133],[77.8887,31.1306],[77.89,31.1233],[77.8888,31.1192],[77.8835,31.1183],[77.8794,31.1147],[77.8786,31.1161],[77.8732,31.115],[77.8707,31.1137],[77.8667,31.11],[77.8638,31.1085],[77.8626,31.1038],[77.8606,31.1021],[77.8609,31.0986],[77.8637,31.094],[77.8616,31.0921],[77.8563,31.0813],[77.8512,31.0734],[77.8395,31.0729],[77.8371,31.0719],[77.8289,31.0583],[77.8244,31.0554],[77.8221,31.056],[77.823,31.0587],[77.8159,31.0588],[77.8171,31.0559],[77.8159,31.0526],[77.816,31.05],[77.8216,31.0467],[77.8214,31.0427],[77.8246,31.0375],[77.8278,31.0303],[77.8298,31.0288],[77.8323,31.0282],[77.8319,31.0258],[77.834,31.0226],[77.8342,31.0149],[77.8317,31.0126],[77.8336,31.0114],[77.834,31.0077],[77.8378,31.0051],[77.8384,30.9984],[77.8419,30.9941],[77.8391,30.9906],[77.8407,30.9871],[77.8391,30.9838],[77.8393,30.9809],[77.8441,30.9787],[77.8433,30.976],[77.8471,30.9735],[77.8484,30.9714],[77.8549,30.9639],[77.8544,30.9578],[77.8534,30.9554],[77.8569,30.9551],[77.863,30.9565],[77.8685,30.951],[77.8679,30.9466],[77.8719,30.9443],[77.8785,30.9483],[77.8815,30.9486],[77.8849,30.9457],[77.8881,30.9494],[77.891,30.9507],[77.8972,30.9556],[77.8994,30.955],[77.9008,30.9524],[77.9034,30.9532],[77.9092,30.9566],[77.9206,30.9665],[77.9241,30.9676],[77.9266,30.9717],[77.9325,30.9715],[77.9391,30.9736],[77.9429,30.9735],[77.948,30.9745],[77.9512,30.9742],[77.9552,30.9762],[77.9598,30.9756],[77.9626,30.9776],[77.9666,30.9767],[77.9696,30.9771],[77.9712,30.9748],[77.9788,30.9687],[77.9824,30.9695],[77.9835,30.9659],[77.9859,30.9641],[77.9894,30.9637],[77.987,30.9591],[77.9946,30.9571],[78.0003,30.9517],[78.0005,30.948],[78.0072,30.9418],[78.011,30.9371],[78.0134,30.9301],[78.0165,30.9278],[78.0195,30.9227],[78.0206,30.9187],[78.0265,30.9232],[78.0289,30.924],[78.0353,30.9229],[78.0408,30.9196],[78.0452,30.9208],[78.0482,30.9187],[78.0517,30.9215],[78.0557,30.9187],[78.0583,30.9185],[78.0621,30.922],[78.0634,30.926],[78.0669,30.9283],[78.0725,30.9289],[78.0792,30.937],[78.0785,30.9397],[78.0852,30.944],[78.087,30.9474],[78.0965,30.9463],[78.0978,30.9499],[78.1012,30.9519],[78.1064,30.9497],[78.1145,30.9483],[78.1284,30.9533],[78.1335,30.9541],[78.141,30.9581],[78.1482,30.9607],[78.1537,30.9617],[78.161,30.9619],[78.1651,30.9643],[78.1746,30.9654],[78.1807,30.9666],[78.1827,30.971],[78.1827,30.9747],[78.1819,30.9842],[78.183,30.9861],[78.1828,30.9897],[78.1846,30.9933],[78.1836,30.995],[78.184,30.999],[78.182,31.0053],[78.1811,31.0146],[78.1798,31.0196],[78.1869,31.0225],[78.1915,31.0232],[78.1946,31.0227],[78.2051,31.0184],[78.21,31.0191],[78.2175,31.0259],[78.2215,31.028],[78.2266,31.0252],[78.2321,31.0239],[78.2367,31.0215],[78.2451,31.0217],[78.2488,31.0206],[78.2627,31.0185],[78.2681,31.0159],[78.2727,31.0185],[78.2754,31.018],[78.2837,31.0186],[78.2927,31.0226],[78.2954,31.0228],[78.3006,31.021],[78.3034,31.0221],[78.3075,31.0218],[78.3128,31.0227],[78.3163,31.02],[78.3158,31.0182],[78.3219,31.0169],[78.324,31.0126],[78.3237,31.0107],[78.3255,31.0065],[78.3293,31.0076],[78.3386,31.0082],[78.3411,31.0053],[78.3435,31.0043],[78.3473,31.005],[78.3517,31.0086],[78.3572,31.0108],[78.3596,31.0156],[78.3581,31.0194],[78.3553,31.0233],[78.3644,31.0273],[78.3672,31.0312],[78.3764,31.0301],[78.3789,31.0318],[78.3819,31.0366],[78.386,31.0411],[78.3932,31.0443],[78.3952,31.0432],[78.4051,31.0406],[78.4127,31.04],[78.4157,31.0409],[78.4213,31.0375],[78.4302,31.0342],[78.4342,31.0345],[78.4401,31.0323],[78.4435,31.0329],[78.4523,31.0359],[78.4587,31.0353],[78.4621,31.0294],[78.4677,31.0293],[78.4732,31.0309],[78.4762,31.0292],[78.4823,31.0294],[78.4873,31.0222],[78.492,31.0209],[78.4949,31.0185],[78.4957,31.0157],[78.4928,31.0075],[78.4988,31.0054],[78.5022,31.0035],[78.5078,31.0042],[78.5108,31.0028],[78.5171,31.0058],[78.5273,31.006],[78.5304,31.0039],[78.5369,31.0027],[78.5446,31.0023],[78.5536,31.0034]]]},"properties":{"id":"in:subdistrict:279","level":"subdistrict","name":"Mori","code":279,"parent":"in:district:57","state":"in:state:5"}},{"type":"Feature","geometry":{"type":"Polygon","coordinates":[[[78.3255,31.0065],[78.3237,31.0107],[78.324,31.0126],[78.3219,31.0169],[78.3158,31.0182],[78.3163,31.02],[78.3128,31.0227],[78.3075,31.0218],[78.3034,31.0221],[78.3006,31.021],[78.2954,31.0228],[78.2927,31.0226],[78.2837,31.0186],[78.2754,31.018],[78.2727,31.0185],[78.2681,31.0159],[78.2627,31.0185],[78.2488,31.0206],[78.2451,31.0217],[78.2367,31.0215],[78.2321,31.0239],[78.2266,31.0252],[78.2215,31.028],[78.2175,31.0259],[78.21,31.0191],[78.2051,31.0184],[78.1946,31.0227],[78.1915,31.0232],[78.1869,31.0225],[78.1798,31.0196],[78.1811,31.0146],[78.182,31.0053],[78.184,30.999],[78.1836,30.995],[78.1846,30.9933],[78.1828,30.9897],[78.183,30.9861],[78.1819,30.9842],[78.1827,30.9747],[78.1827,30.971],[78.1807,30.9666],[78.1746,30.9654],[78.1651,30.9643],[78.161,30.9619],[78.1537,30.9617],[78.1482,30.9607],[78.141,30.9581],[78.1335,30.9541],[78.1284,30.9533],[78.1145,30.9483],[78.1064,30.9497],[78.1012,30.9519],[78.0978,30.9499],[78.0965,30.9463],[78.087,30.9474],[78.0852,30.944],[78.0785,30.9397],[78.0792,30.937],[78.0725,30.9289],[78.0669,30.9283],[78.0634,30.926],[78.0621,30.922],[78.0583,30.9185],[78.0557,30.9187],[78.0517,30.9215],[78.0482,30.9187],[78.0452,30.9208],[78.0408,30.9196],[78.0353,30.9229],[78.0289,30.924],[78.0265,30.9232],[78.0206,30.9187],[78.0149,30.9162],[78.0166,30.9113],[78.0164,30.9089],[78.0082,30.9084],[78.005,30.9065],[77.9968,30.9058],[77.9924,30.9015],[77.9843,30.8995],[77.9818,30.9004],[77.9783,30.8997],[77.9776,30.8946],[77.974,30.8895],[77.9778,30.8868],[77.9811,30.8817],[77.9843,30.8784],[77.982,30.8739],[77.9837,30.8699],[77.9841,30.8664],[77.9869,30.8619],[77.9871,30.8595],[77.9915,30.859],[77.9892,30.8524],[77.9916,30.8443],[77.9916,30.8405],[77.995,30.836],[77.9964,30.8315],[77.9983,30.8301],[77.9988,30.8268],[78.0005,30.8243],[78.0063,30.8207],[78.0118,30.8186],[78.0142,30.8156],[78.0173,30.8138],[78.0186,30.8108],[78.0231,30.8094],[78.0273,30.8041],[78.0279,30.8012],[78.0265,30.7985],[78.0268,30.7957],[78.0233,30.7894],[78.0271,30.7886],[78.0304,30.7866],[78.0328,30.7838],[78.0364,30.7824],[78.0413,30.7772],[78.0452,30.7764],[78.0509,30.7717],[78.0528,30.769],[78.0539,30.7652],[78.0586,30.7623],[78.0622,30.7614],[78.0653,30.7582],[78.0663,30.7542],[78.0683,30.752],[78.068,30.7487],[78.0692,30.7471],[78.0681,30.7443],[78.0708,30.7422],[78.0791,30.7409],[78.0825,30.7453],[78.0832,30.7495],[78.0868,30.7537],[78.0902,30.7536],[78.0929,30.7572],[78.0959,30.7592],[78.0986,30.7631],[78.1011,30.7637],[78.1072,30.7707],[78.1111,30.7766],[78.1135,30.7793],[78.12,30.7837],[78.123,30.7866],[78.1199,30.7901],[78.1188,30.7934],[78.1153,30.7974],[78.1116,30.7989],[78.1093,30.8017],[78.1104,30.8054],[78.1077,30.8066],[78.1165,30.8084],[78.1223,30.8106],[78.1266,30.8143],[78.1289,30.8136],[78.1373,30.8224],[78.14,30.8232],[78.1465,30.8265],[78.1497,30.8254],[78.1552,30.8261],[78.1576,30.8284],[78.1609,30.8298],[78.1669,30.835],[78.1665,30.8383],[78.1619,30.8394],[78.1576,30.8388],[78.1526,30.8422],[78.1504,30.8457],[78.1492,30.8505],[78.1502,30.8539],[78.1501,30.8603],[78.148,30.8632],[78.1441,30.872],[78.1438,30.876],[78.1451,30.8815],[78.144,30.8864],[78.1471,30.8896],[78.148,30.8935],[78.144,30.8993],[78.1436,30.9025],[78.1476,30.9059],[78.1532,30.909],[78.1562,30.9149],[78.1566,30.9232],[78.16,30.9236],[78.1663,30.9259],[78.1714,30.929],[78.175,30.9297],[78.1777,30.94],[78.185,30.9461],[78.1967,30.9337],[78.1994,30.9323],[78.2016,30.9329],[78.2089,30.9324],[78.2075,30.9287],[78.212,30.9252],[78.2144,30.9281],[78.2193,30.9293],[78.2251,30.9283],[78.2301,30.9293],[78.2329,30.9286],[78.2461,30.928],[78.2549,30.9255],[78.2593,30.9224],[78.2584,30.9275],[78.2599,30.9337],[78.2655,30.9371],[78.266,30.9401],[78.2693,30.9461],[78.2764,30.9574],[78.2774,30.9637],[78.2837,30.9704],[78.2848,30.9753],[78.2918,30.9769],[78.3004,30.9828],[78.3071,30.9866],[78.3121,30.9908],[78.3159,30.9915],[78.3168,30.9947],[78.3157,30.9993],[78.3205,31.0035],[78.3246,31.0043],[78.3255,31.0065]]]},"properties":{"id":"in:subdistrict:278","level":"subdistrict","name":"Puraula","code":278,"parent":"in:district:57","state":"in:state:5"}},{"type":"Feature","geometry":{"type":"Polygon","coordinates":[[[77.9962,30.467],[78.0001,30.4684],[77.9984,30.4713],[77.9999,30.4739],[77.9978,30.4801],[78.0046,30.4805],[78.0086,30.4836],[78.0145,30.4839],[78.0198,30.4813],[78.0231,30.4781],[78.0217,30.4751],[78.0276,30.4745],[78.0313,30.4729],[78.0329,30.4668],[78.0367,30.4654],[78.0361,30.4692],[78.0402,30.4726],[78.0392,30.4817],[78.0455,30.482],[78.0468,30.4809],[78.0536,30.4807],[78.0558,30.4779],[78.0605,30.4757],[78.0657,30.4762],[78.0688,30.4773],[78.0708,30.4761],[78.0701,30.4703],[78.0724,30.4706],[78.0771,30.4679],[78.0819,30.4674],[78.0812,30.4735],[78.0862,30.4746],[78.0894,30.4733],[78.0955,30.4747],[78.0966,30.4781],[78.1057,30.4782],[78.1068,30.4712],[78.1132,30.4718],[78.1172,30.471],[78.1245,30.4675],[78.1266,30.4649],[78.1331,30.4591],[78.1411,30.4564],[78.1463,30.4576],[78.1533,30.4562],[78.1602,30.4518],[78.1606,30.4489],[78.1626,30.4469],[78.169,30.4448],[78.1803,30.4496],[78.1863,30.4494],[78.1979,30.4468],[78.2086,30.442],[78.2143,30.4404],[78.2202,30.4363],[78.2261,30.4335],[78.2292,30.4267],[78.2309,30.4283],[78.2352,30.4253],[78.2389,30.4238],[78.2394,30.4208],[78.2346,30.4131],[78.2295,30.4107],[78.2231,30.4056],[78.2107,30.4011],[78.202,30.3999],[78.1985,30.3986],[78.1916,30.3949],[78.191,30.3924],[78.1849,30.3903],[78.1842,30.3874],[78.1799,30.3863],[78.1749,30.3822],[78.1696,30.3839],[78.162,30.3825],[78.1597,30.3791],[78.1559,30.3772],[78.1547,30.3745],[78.1497,30.3721],[78.1446,30.3682],[78.1418,30.3651],[78.1382,30.3569],[78.1391,30.3505],[78.137,30.3467],[78.1335,30.3438],[78.1382,30.3368],[78.1403,30.3283],[78.1425,30.3255],[78.1466,30.323],[78.1515,30.3226],[78.154,30.3204],[78.1577,30.3195],[78.1634,30.3128],[78.1682,30.3079],[78.1753,30.3053],[78.1793,30.3051],[78.1856,30.3015],[78.1894,30.3025],[78.1945,30.3019],[78.1976,30.2991],[78.2001,30.2938],[78.2074,30.2928],[78.2102,30.2949],[78.2129,30.3012],[78.2129,30.3045],[78.2143,30.3094],[78.2183,30.3079],[78.2242,30.3067],[78.2281,30.3035],[78.2328,30.3025],[78.237,30.2992],[78.2358,30.2926],[78.2371,30.2902],[78.2367,30.2875],[78.2417,30.2881],[78.2488,30.2856],[78.255,30.2848],[78.259,30.286],[78.2631,30.2916],[78.2626,30.2945],[78.2681,30.3021],[78.2783,30.2963],[78.2788,30.2947],[78.2839,30.2923],[78.2817,30.2907],[78.283,30.2877],[78.28,30.2836],[78.2815,30.2791],[78.2842,30.2788],[78.2895,30.2761],[78.2956,30.2763],[78.3015,30.2787],[78.3043,30.2761],[78.3065,30.2755],[78.313,30.2785],[78.3142,30.2824],[78.316,30.285],[78.3142,30.2861],[78.3123,30.293],[78.3173,30.2945],[78.325,30.2943],[78.3281,30.2956],[78.3313,30.2989],[78.3355,30.3012],[78.3437,30.3027],[78.345,30.3042],[78.3436,30.3077],[78.3454,30.3104],[78.3428,30.3143],[78.3379,30.3184],[78.3371,30.3213],[78.3346,30.3212],[78.331,30.3155],[78.3278,30.3123],[78.3234,30.3193],[78.3197,30.3207],[78.3114,30.3222],[78.3042,30.3263],[78.2965,30.3277],[78.295,30.3321],[78.2929,30.3356],[78.2935,30.345],[78.2928,30.3503],[78.2958,30.3576],[78.2999,30.3586],[78.3054,30.3617],[78.31,30.3685],[78.31,30.3703],[78.3039,30.3743],[78.3018,30.3766],[78.3032,30.3823],[78.3013,30.3879],[78.302,30.3935],[78.3058,30.3973],[78.3031,30.4026],[78.2979,30.4053],[78.2939,30.4051],[78.2888,30.4079],[78.2894,30.4124],[78.2848,30.4153],[78.2804,30.4166],[78.272,30.4213],[78.2708,30.4231],[78.2737,30.4281],[78.2761,30.4306],[78.2805,30.4325],[78.2839,30.4351],[78.2878,30.4402],[78.2884,30.443],[78.2868,30.4489],[78.2878,30.453],[78.2865,30.4547],[78.281,30.4565],[78.2774,30.4593],[78.2772,30.466],[78.2759,30.4711],[78.2769,30.4756],[78.284,30.4783],[78.2895,30.4766],[78.2924,30.4774],[78.2976,30.4825],[78.2982,30.4859],[78.305,30.4842],[78.3131,30.485],[78.3183,30.4891],[78.319,30.4939],[78.318,30.4985],[78.3217,30.4995],[78.324,30.504],[78.3297,30.5067],[78.3351,30.5127],[78.3384,30.513],[78.3445,30.5154],[78.3455,30.5181],[78.3482,30.5199],[78.3506,30.5241],[78.3554,30.5232],[78.3584,30.5252],[78.3546,30.529],[78.3548,30.5337],[78.3489,30.5337],[78.3476,30.5377],[78.3426,30.5449],[78.3447,30.5466],[78.3447,30.5495],[78.3389,30.5507],[78.3386,30.5554],[78.3397,30.5595],[78.3388,30.5625],[78.3328,30.5633],[78.3288,30.5592],[78.3243,30.5604],[78.3217,30.5674],[78.318,30.5742],[78.3145,30.5727],[78.3078,30.5725],[78.3047,30.5715],[78.3085,30.5687],[78.3102,30.5652],[78.3138,30.5611],[78.3078,30.5561],[78.3017,30.5565],[78.2976,30.5548],[78.2924,30.5546],[78.2897,30.5511],[78.2865,30.5526],[78.2851,30.5591],[78.2864,30.5638],[78.2982,30.5624],[78.3001,30.5651],[78.2969,30.5692],[78.2913,30.5701],[78.2886,30.572],[78.2923,30.5813],[78.2973,30.5843],[78.3,30.5848],[78.3021,30.5869],[78.2992,30.5893],[78.2993,30.5934],[78.2958,30.5947],[78.288,30.6002],[78.2834,30.6068],[78.279,30.6112],[78.2726,30.6133],[78.2684,30.6135],[78.2612,30.6076],[78.2578,30.6073],[78.2543,30.6085],[78.251,30.611],[78.2466,30.6096],[78.2411,30.6016],[78.2436,30.5952],[78.2389,30.5923],[78.2353,30.5863],[78.2249,30.5839],[78.2191,30.5832],[78.2099,30.5787],[78.2052,30.5783],[78.1926,30.5838],[78.1887,30.5839],[78.1855,30.5856],[78.1748,30.5854],[78.1695,30.5879],[78.1647,30.5884],[78.1645,30.5917],[78.1655,30.5943],[78.1645,30.6007],[78.1667,30.6031],[78.1704,30.6041],[78.1682,30.6085],[78.1669,30.6134],[78.1629,30.6195],[78.1623,30.6223],[78.163,30.6266],[78.1544,30.6351],[78.1527,30.6354],[78.1468,30.6329],[78.1396,30.6323],[78.1334,30.6342],[78.1298,30.6362],[78.1264,30.6402],[78.1242,30.6403],[78.1221,30.6373],[78.1189,30.6371],[78.115,30.6343],[78.1059,30.6336],[78.1007,30.6352],[78.0994,30.6335],[78.0941,30.6319],[78.0865,30.634],[78.0826,30.6312],[78.0773,30.6306],[78.0738,30.6267],[78.0704,30.6249],[78.065,30.6237],[78.0662,30.6188],[78.069,30.6149],[78.0719,30.6123],[78.0732,30.6095],[78.0729,30.6065],[78.0655,30.6055],[78.0636,30.6044],[78.0601,30.6051],[78.0541,30.6045],[78.0519,30.6028],[78.0439,30.6019],[78.0413,30.6025],[78.0361,30.6064],[78.0334,30.6073],[78.0306,30.6102],[78.026,30.6116],[78.025,30.6128],[78.0143,30.6164],[78.0126,30.6165],[78.0134,30.6141],[78.0127,30.6103],[78.0133,30.6078],[78.0126,30.6032],[78.0105,30.5987],[78.0138,30.5955],[78.0144,30.5918],[78.0101,30.5922],[78.0102,30.5884],[78.0087,30.5832],[78.0096,30.5796],[78.0056,30.5746],[78.0026,30.572],[78.0041,30.5657],[78.0012,30.5607],[77.9979,30.5594],[77.9922,30.5598],[77.9902,30.5585],[77.9905,30.5562],[77.9864,30.5552],[77.9817,30.5555],[77.9802,30.5539],[77.9844,30.5501],[77.9825,30.5453],[77.9829,30.5392],[77.9805,30.538],[77.9748,30.5376],[77.9748,30.5318],[77.9757,30.5289],[77.9795,30.5308],[77.9835,30.5299],[77.986,30.5268],[77.9844,30.5237],[77.9795,30.5257],[77.9756,30.525],[77.9754,30.5223],[77.9801,30.5163],[77.9855,30.5175],[77.9877,30.5166],[77.9832,30.5097],[77.9816,30.5087],[77.9778,30.5094],[77.9765,30.5128],[77.9733,30.5134],[77.9702,30.5097],[77.9662,30.5099],[77.9635,30.5136],[77.9566,30.5145],[77.9523,30.5178],[77.9494,30.5178],[77.9468,30.5154],[77.948,30.5129],[77.9441,30.5112],[77.9415,30.5133],[77.9361,30.5114],[77.938,30.5048],[77.941,30.5013],[77.9436,30.4999],[77.9588,30.4891],[77.9663,30.487],[77.9733,30.4861],[77.9753,30.4777],[77.9764,30.4759],[77.9804,30.4766],[77.9836,30.4716],[77.9875,30.4668],[77.9907,30.469],[77.9962,30.467]]]},"properties":{"id":"in:subdistrict:298","level":"subdistrict","name":"Dhanaulti","code":298,"parent":"in:district:55","state":"in:state:5"}},{"type":"Feature","geometry":{"type":"Polygon","coordinates":[[[77.9415,30.5133],[77.9441,30.5112],[77.948,30.5129],[77.9468,30.5154],[77.9494,30.5178],[77.9523,30.5178],[77.9566,30.5145],[77.9635,30.5136],[77.9662,30.5099],[77.9702,30.5097],[77.9733,30.5134],[77.9765,30.5128],[77.9778,30.5094],[77.9816,30.5087],[77.9832,30.5097],[77.9877,30.5166],[77.9855,30.5175],[77.9801,30.5163],[77.9754,30.5223],[77.9756,30.525],[77.9795,30.5257],[77.9844,30.5237],[77.986,30.5268],[77.9835,30.5299],[77.9795,30.5308],[77.9757,30.5289],[77.9748,30.5318],[77.9748,30.5376],[77.9805,30.538],[77.9829,30.5392],[77.9825,30.5453],[77.9844,30.5501],[77.9802,30.5539],[77.9817,30.5555],[77.9864,30.5552],[77.9905,30.5562],[77.9902,30.5585],[77.9922,30.5598],[77.9979,30.5594],[78.0012,30.5607],[78.0041,30.5657],[78.0026,30.572],[78.0056,30.5746],[78.0096,30.5796],[78.0087,30.5832],[78.0102,30.5884],[78.0101,30.5922],[78.0144,30.5918],[78.0138,30.5955],[78.0105,30.5987],[78.0126,30.6032],[78.0133,30.6078],[78.0127,30.6103],[78.0101,30.6118],[78.0035,30.6174],[78,30.6189],[77.9969,30.6215],[77.9907,30.6226],[77.9897,30.624],[77.9831,30.6247],[77.9826,30.6266],[77.9797,30.628],[77.9755,30.6276],[77.9736,30.6289],[77.9695,30.6275],[77.9631,30.6299],[77.9576,30.6298],[77.9523,30.6317],[77.9477,30.6316],[77.9423,30.6334],[77.9407,30.632],[77.9387,30.6249],[77.9315,30.6225],[77.9272,30.6195],[77.9249,30.6199],[77.9205,30.6244],[77.9195,30.6268],[77.9146,30.6333],[77.9106,30.6352],[77.9094,30.637],[77.9063,30.6451],[77.9014,30.6461],[77.8956,30.6443],[77.8889,30.6408],[77.8857,30.6407],[77.8803,30.6358],[77.8719,30.6306],[77.8694,30.6284],[77.8691,30.6259],[77.8669,30.6245],[77.8645,30.6264],[77.8632,30.6312],[77.8569,30.6316],[77.8508,30.6338],[77.8457,30.633],[77.8451,30.6354],[77.8375,30.6407],[77.8349,30.6433],[77.8353,30.6462],[77.8328,30.6501],[77.8301,30.6518],[77.8249,30.651],[77.8223,30.6536],[77.8168,30.6532],[77.8142,30.654],[77.8106,30.6533],[77.8064,30.6562],[77.8027,30.66],[77.7921,30.6602],[77.7925,30.6569],[77.7869,30.655],[77.786,30.6518],[77.7812,30.6467],[77.7822,30.6449],[77.7869,30.6413],[77.7864,30.6367],[77.7904,30.6333],[77.7861,30.6299],[77.7861,30.6244],[77.7871,30.6233],[77.7925,30.6209],[77.7962,30.615],[77.7959,30.6132],[77.7867,30.6143],[77.7821,30.6129],[77.7752,30.6139],[77.7731,30.6164],[77.7711,30.6164],[77.7691,30.6139],[77.7711,30.6105],[77.7702,30.6069],[77.7706,30.6034],[77.7724,30.5986],[77.7717,30.5969],[77.7674,30.5955],[77.7644,30.5959],[77.7566,30.6044],[77.7549,30.6045],[77.7524,30.6018],[77.7461,30.6039],[77.7433,30.6013],[77.7466,30.5985],[77.7464,30.5969],[77.7428,30.5956],[77.7436,30.5925],[77.7472,30.5918],[77.7527,30.5875],[77.7566,30.5856],[77.7607,30.5775],[77.766,30.5725],[77.7674,30.5703],[77.7675,30.5653],[77.7718,30.5593],[77.7773,30.5576],[77.7825,30.56],[77.7845,30.5593],[77.7907,30.5544],[77.7941,30.5532],[77.7972,30.5541],[77.7989,30.5575],[77.8009,30.5577],[77.8043,30.5548],[77.8064,30.5545],[77.8112,30.5573],[77.8166,30.5613],[77.8224,30.5543],[77.8223,30.5524],[77.82,30.548],[77.8207,30.5446],[77.8235,30.542],[77.8254,30.5351],[77.8278,30.531],[77.8259,30.5263],[77.8217,30.5258],[77.8197,30.5235],[77.8183,30.5145],[77.8185,30.5081],[77.8243,30.5085],[77.8273,30.5109],[77.8353,30.5122],[77.8396,30.5122],[77.8491,30.5136],[77.8524,30.5149],[77.8613,30.516],[77.8661,30.5183],[77.8683,30.5179],[77.8722,30.5145],[77.8756,30.5155],[77.8829,30.5149],[77.8859,30.5154],[77.8867,30.5181],[77.8861,30.5209],[77.884,30.5222],[77.886,30.5264],[77.8898,30.5292],[77.8899,30.5329],[77.8911,30.5346],[77.8977,30.5354],[77.9013,30.539],[77.9036,30.5399],[77.9083,30.5379],[77.907,30.5346],[77.9075,30.5308],[77.9066,30.528],[77.9092,30.5258],[77.9139,30.5236],[77.916,30.5175],[77.918,30.5165],[77.9221,30.5166],[77.9254,30.515],[77.9303,30.5145],[77.9331,30.5151],[77.9358,30.5171],[77.9384,30.5168],[77.9415,30.5133]]]},"properties":{"id":"in:subdistrict:302","level":"subdistrict","name":"Kalsi","code":302,"parent":"in:district:49","state":"in:state:5"}},{"type":"Feature","geometry":{"type":"Polygon","coordinates":[[[78.0791,30.7409],[78.0708,30.7422],[78.0681,30.7443],[78.0692,30.7471],[78.068,30.7487],[78.0683,30.752],[78.0663,30.7542],[78.0653,30.7582],[78.0622,30.7614],[78.0586,30.7623],[78.0539,30.7652],[78.0528,30.769],[78.0509,30.7717],[78.0452,30.7764],[78.0413,30.7772],[78.0364,30.7824],[78.0328,30.7838],[78.0304,30.7866],[78.0271,30.7886],[78.0233,30.7894],[78.0268,30.7957],[78.0265,30.7985],[78.0279,30.8012],[78.0273,30.8041],[78.0231,30.8094],[78.0186,30.8108],[78.0173,30.8138],[78.0142,30.8156],[78.0118,30.8186],[78.0063,30.8207],[78.0005,30.8243],[77.9988,30.8268],[77.9983,30.8301],[77.9964,30.8315],[77.995,30.836],[77.9916,30.8405],[77.9916,30.8443],[77.9892,30.8524],[77.9915,30.859],[77.9871,30.8595],[77.9801,30.8569],[77.9815,30.8532],[77.9781,30.8502],[77.9796,30.8469],[77.9752,30.8445],[77.9738,30.8425],[77.9732,30.8364],[77.9742,30.8338],[77.9715,30.8301],[77.9713,30.8262],[77.9606,30.8194],[77.9575,30.8141],[77.9458,30.8128],[77.9443,30.8132],[77.9394,30.8111],[77.9397,30.8058],[77.9376,30.801],[77.9367,30.7966],[77.9333,30.7929],[77.9333,30.7891],[77.9238,30.7861],[77.9193,30.7827],[77.9137,30.7817],[77.913,30.7777],[77.9137,30.7706],[77.9004,30.7681],[77.8981,30.7649],[77.8936,30.7617],[77.889,30.7622],[77.8862,30.7644],[77.8799,30.7605],[77.8695,30.7601],[77.8681,30.7584],[77.868,30.7549],[77.8621,30.7551],[77.8511,30.7546],[77.8468,30.7559],[77.8373,30.7574],[77.8294,30.7619],[77.827,30.7618],[77.824,30.7595],[77.817,30.7592],[77.8133,30.7577],[77.803,30.757],[77.8017,30.7562],[77.7973,30.7497],[77.7946,30.7495],[77.7921,30.7473],[77.7848,30.7471],[77.7809,30.7454],[77.7764,30.7453],[77.7738,30.7439],[77.7721,30.7414],[77.7683,30.7391],[77.7701,30.7365],[77.7787,30.7409],[77.7864,30.7388],[77.7888,30.7317],[77.8055,30.7298],[77.8006,30.7247],[77.796,30.7236],[77.793,30.7199],[77.7881,30.7165],[77.7844,30.7162],[77.7809,30.7191],[77.7702,30.7194],[77.7677,30.7228],[77.7638,30.7222],[77.7559,30.7163],[77.7525,30.7157],[77.7469,30.7162],[77.7456,30.7139],[77.7509,30.7113],[77.7558,30.7069],[77.7556,30.7055],[77.7521,30.7033],[77.7506,30.6992],[77.7526,30.6966],[77.7478,30.6949],[77.7467,30.6935],[77.7484,30.6866],[77.7468,30.683],[77.7474,30.6799],[77.7553,30.6765],[77.7584,30.6761],[77.7598,30.6731],[77.7642,30.6708],[77.7733,30.6685],[77.7738,30.6659],[77.7812,30.66],[77.7845,30.6596],[77.7895,30.6622],[77.7921,30.6602],[77.8027,30.66],[77.8064,30.6562],[77.8106,30.6533],[77.8142,30.654],[77.8168,30.6532],[77.8223,30.6536],[77.8249,30.651],[77.8301,30.6518],[77.8328,30.6501],[77.8353,30.6462],[77.8349,30.6433],[77.8375,30.6407],[77.8451,30.6354],[77.8457,30.633],[77.8508,30.6338],[77.8569,30.6316],[77.8632,30.6312],[77.8645,30.6264],[77.8669,30.6245],[77.8691,30.6259],[77.8694,30.6284],[77.8719,30.6306],[77.8803,30.6358],[77.8857,30.6407],[77.8889,30.6408],[77.8956,30.6443],[77.9014,30.6461],[77.9063,30.6451],[77.9094,30.637],[77.9106,30.6352],[77.9146,30.6333],[77.9195,30.6268],[77.9205,30.6244],[77.9249,30.6199],[77.9272,30.6195],[77.9315,30.6225],[77.9387,30.6249],[77.9407,30.632],[77.9423,30.6334],[77.9477,30.6316],[77.9523,30.6317],[77.9576,30.6298],[77.9631,30.6299],[77.9695,30.6275],[77.9736,30.6289],[77.9755,30.6276],[77.9797,30.628],[77.9826,30.6266],[77.9831,30.6247],[77.9897,30.624],[77.9907,30.6226],[77.9969,30.6215],[78,30.6189],[78.0035,30.6174],[78.0101,30.6118],[78.0127,30.6103],[78.0134,30.6141],[78.0126,30.6165],[78.0081,30.6212],[78.0083,30.6242],[78.013,30.626],[78.0141,30.6299],[78.0133,30.6344],[78.0108,30.6384],[78.0094,30.6459],[78.0108,30.651],[78.016,30.6536],[78.0204,30.6531],[78.0245,30.6511],[78.0279,30.6464],[78.0303,30.6449],[78.0331,30.6452],[78.0382,30.65],[78.0426,30.6529],[78.0448,30.6588],[78.0486,30.6619],[78.0593,30.6642],[78.0626,30.6665],[78.0659,30.6718],[78.0677,30.6803],[78.0665,30.6824],[78.0669,30.6857],[78.0729,30.6964],[78.0738,30.6991],[78.0718,30.7045],[78.073,30.7075],[78.0775,30.709],[78.0797,30.7107],[78.0822,30.717],[78.0837,30.7186],[78.0836,30.722],[78.0796,30.7253],[78.0776,30.7312],[78.0795,30.735],[78.0791,30.7409]]]},"properties":{"id":"in:subdistrict:300","level":"subdistrict","name":"Chakrata","code":300,"parent":"in:district:49","state":"in:state:5"}},{"type":"Feature","geometry":{"type":"Polygon","coordinates":[[[77.8298,31.0288],[77.8278,31.0282],[77.8229,31.0293],[77.8184,31.0329],[77.8156,31.033],[77.8115,31.0316],[77.8098,31.0289],[77.807,31.0268],[77.8075,31.0162],[77.8099,31.011],[77.8187,31.0094],[77.825,31.0098],[77.822,31.0043],[77.8266,31],[77.8297,30.9956],[77.8318,30.994],[77.8277,30.9922],[77.8242,30.9884],[77.8251,30.9851],[77.8241,30.9805],[77.8219,30.9761],[77.8163,30.9728],[77.8146,30.9686],[77.8148,30.9614],[77.8229,30.9573],[77.8264,30.9577],[77.8322,30.9596],[77.836,30.957],[77.8383,30.9542],[77.8347,30.952],[77.8286,30.9533],[77.8244,30.9505],[77.8218,30.9519],[77.8149,30.9536],[77.8101,30.9556],[77.8066,30.9581],[77.8039,30.9618],[77.8007,30.9644],[77.7988,30.9646],[77.7937,30.9688],[77.7853,30.9719],[77.7777,30.9727],[77.7737,30.9742],[77.7685,30.9734],[77.7672,30.9706],[77.7634,30.9682],[77.7541,30.9645],[77.7509,30.9568],[77.749,30.9535],[77.7504,30.9491],[77.7508,30.9435],[77.754,30.9368],[77.7539,30.9327],[77.7611,30.9322],[77.7637,30.9311],[77.7641,30.9254],[77.7623,30.9192],[77.766,30.9197],[77.7674,30.9174],[77.7718,30.9186],[77.7774,30.917],[77.7827,30.9167],[77.785,30.9175],[77.7865,30.9203],[77.7911,30.9216],[77.7972,30.9219],[77.8042,30.9235],[77.8115,30.9233],[77.8136,30.9213],[77.8109,30.9166],[77.8159,30.9103],[77.815,30.9038],[77.8088,30.8967],[77.8063,30.8952],[77.8016,30.8942],[77.8004,30.883],[77.8008,30.8804],[77.8002,30.8726],[77.7989,30.868],[77.8033,30.8653],[77.8044,30.8622],[77.8057,30.8532],[77.7976,30.8551],[77.7862,30.8572],[77.7792,30.8604],[77.7774,30.8632],[77.7773,30.8696],[77.7755,30.8764],[77.7706,30.8788],[77.7632,30.8804],[77.7582,30.8768],[77.7563,30.8734],[77.7561,30.8708],[77.7572,30.86],[77.7542,30.8555],[77.7484,30.8533],[77.7459,30.8511],[77.744,30.8466],[77.7493,30.8432],[77.7517,30.8395],[77.7577,30.8351],[77.7613,30.8261],[77.7577,30.8254],[77.7506,30.822],[77.7484,30.8216],[77.746,30.8139],[77.7412,30.8086],[77.735,30.8045],[77.7329,30.8011],[77.7316,30.7969],[77.7319,30.7919],[77.7275,30.7847],[77.7245,30.7815],[77.7214,30.7758],[77.7168,30.7718],[77.707,30.7667],[77.7038,30.764],[77.7058,30.7598],[77.7059,30.7574],[77.709,30.7525],[77.7059,30.7514],[77.7024,30.7463],[77.7074,30.7403],[77.7088,30.7397],[77.7156,30.7402],[77.72,30.7418],[77.7231,30.7407],[77.7284,30.7341],[77.7335,30.7351],[77.7375,30.7297],[77.7362,30.7249],[77.7392,30.7225],[77.7458,30.7204],[77.7476,30.718],[77.7469,30.7162],[77.7525,30.7157],[77.7559,30.7163],[77.7638,30.7222],[77.7677,30.7228],[77.7702,30.7194],[77.7809,30.7191],[77.7844,30.7162],[77.7881,30.7165],[77.793,30.7199],[77.796,30.7236],[77.8006,30.7247],[77.8055,30.7298],[77.7888,30.7317],[77.7864,30.7388],[77.7787,30.7409],[77.7701,30.7365],[77.7683,30.7391],[77.7721,30.7414],[77.7738,30.7439],[77.7764,30.7453],[77.7809,30.7454],[77.7848,30.7471],[77.7921,30.7473],[77.7946,30.7495],[77.7973,30.7497],[77.8017,30.7562],[77.803,30.757],[77.8133,30.7577],[77.817,30.7592],[77.824,30.7595],[77.827,30.7618],[77.8294,30.7619],[77.8373,30.7574],[77.8468,30.7559],[77.8511,30.7546],[77.8621,30.7551],[77.868,30.7549],[77.8681,30.7584],[77.8695,30.7601],[77.8799,30.7605],[77.8862,30.7644],[77.889,30.7622],[77.8936,30.7617],[77.8981,30.7649],[77.9004,30.7681],[77.9137,30.7706],[77.913,30.7777],[77.9137,30.7817],[77.9193,30.7827],[77.9238,30.7861],[77.9333,30.7891],[77.9333,30.7929],[77.9367,30.7966],[77.9376,30.801],[77.9397,30.8058],[77.9394,30.8111],[77.9443,30.8132],[77.9458,30.8128],[77.9575,30.8141],[77.9606,30.8194],[77.9713,30.8262],[77.9715,30.8301],[77.9742,30.8338],[77.9732,30.8364],[77.9738,30.8425],[77.9752,30.8445],[77.9796,30.8469],[77.9781,30.8502],[77.9815,30.8532],[77.9801,30.8569],[77.9871,30.8595],[77.9869,30.8619],[77.9841,30.8664],[77.9837,30.8699],[77.982,30.8739],[77.9843,30.8784],[77.9811,30.8817],[77.9778,30.8868],[77.974,30.8895],[77.9776,30.8946],[77.9783,30.8997],[77.9818,30.9004],[77.9843,30.8995],[77.9924,30.9015],[77.9968,30.9058],[78.005,30.9065],[78.0082,30.9084],[78.0164,30.9089],[78.0166,30.9113],[78.0149,30.9162],[78.0206,30.9187],[78.0195,30.9227],[78.0165,30.9278],[78.0134,30.9301],[78.011,30.9371],[78.0072,30.9418],[78.0005,30.948],[78.0003,30.9517],[77.9946,30.9571],[77.987,30.9591],[77.9894,30.9637],[77.9859,30.9641],[77.9835,30.9659],[77.9824,30.9695],[77.9788,30.9687],[77.9712,30.9748],[77.9696,30.9771],[77.9666,30.9767],[77.9626,30.9776],[77.9598,30.9756],[77.9552,30.9762],[77.9512,30.9742],[77.948,30.9745],[77.9429,30.9735],[77.9391,30.9736],[77.9325,30.9715],[77.9266,30.9717],[77.9241,30.9676],[77.9206,30.9665],[77.9092,30.9566],[77.9034,30.9532],[77.9008,30.9524],[77.8994,30.955],[77.8972,30.9556],[77.891,30.9507],[77.8881,30.9494],[77.8849,30.9457],[77.8815,30.9486],[77.8785,30.9483],[77.8719,30.9443],[77.8679,30.9466],[77.8685,30.951],[77.863,30.9565],[77.8569,30.9551],[77.8534,30.9554],[77.8544,30.9578],[77.8549,30.9639],[77.8484,30.9714],[77.8471,30.9735],[77.8433,30.976],[77.8441,30.9787],[77.8393,30.9809],[77.8391,30.9838],[77.8407,30.9871],[77.8391,30.9906],[77.8419,30.9941],[77.8384,30.9984],[77.8378,31.0051],[77.834,31.0077],[77.8336,31.0114],[77.8317,31.0126],[77.8342,31.0149],[77.834,31.0226],[77.8319,31.0258],[77.8323,31.0282],[77.8298,31.0288]]]},"properties":{"id":"in:subdistrict:301","level":"subdistrict","name":"Tyuni","code":301,"parent":"in:district:49","state":"in:state:5"}},{"type":"Feature","geometry":{"type":"Polygon","coordinates":[[[79.3541,30.6254],[79.3575,30.6166],[79.3596,30.6134],[79.3627,30.6106],[79.3736,30.6032],[79.3707,30.5961],[79.3693,30.5944],[79.3693,30.5858],[79.3656,30.5753],[79.364,30.5729],[79.3629,30.5675],[79.3606,30.5646],[79.3611,30.5572],[79.359,30.5534],[79.3589,30.5464],[79.3581,30.5444],[79.3534,30.5396],[79.3535,30.535],[79.3545,30.5327],[79.3586,30.5299],[79.3577,30.5266],[79.3583,30.5242],[79.356,30.5213],[79.3551,30.5184],[79.3637,30.513],[79.3654,30.5102],[79.3661,30.5062],[79.3722,30.5061],[79.3795,30.501],[79.3853,30.5003],[79.393,30.5064],[79.4,30.5077],[79.4041,30.5068],[79.4072,30.507],[79.4141,30.504],[79.4144,30.5007],[79.4191,30.4953],[79.4177,30.4914],[79.4193,30.4867],[79.4176,30.4821],[79.4162,30.4748],[79.4172,30.4712],[79.4228,30.4666],[79.4316,30.463],[79.4284,30.459],[79.4338,30.455],[79.4393,30.4518],[79.4416,30.4456],[79.4446,30.4399],[79.45,30.433],[79.4533,30.4304],[79.4566,30.425],[79.4653,30.4186],[79.4689,30.4186],[79.4754,30.4131],[79.4786,30.4121],[79.4783,30.4084],[79.4803,30.4062],[79.4898,30.4081],[79.4952,30.4073],[79.4977,30.4109],[79.5016,30.4143],[79.5054,30.4165],[79.5066,30.4199],[79.5088,30.4225],[79.5127,30.4225],[79.5176,30.4251],[79.5208,30.4307],[79.5242,30.432],[79.5287,30.4378],[79.5351,30.4376],[79.5414,30.4432],[79.5443,30.4474],[79.5541,30.4478],[79.5563,30.4487],[79.5592,30.4474],[79.5669,30.4472],[79.5801,30.4339],[79.5833,30.4317],[79.5851,30.4275],[79.5875,30.4242],[79.5918,30.424],[79.5956,30.4262],[79.6001,30.4263],[79.6054,30.4252],[79.6066,30.4234],[79.6102,30.4222],[79.6186,30.4207],[79.6237,30.4172],[79.6255,30.4175],[79.6281,30.4203],[79.636,30.4242],[79.6422,30.4287],[79.6479,30.4265],[79.6553,30.4255],[79.6597,30.4239],[79.6629,30.4212],[79.6668,30.4205],[79.6664,30.4165],[79.6697,30.4145],[79.6745,30.4145],[79.6763,30.4134],[79.6798,30.407],[79.6809,30.4019],[79.687,30.3978],[79.6881,30.3923],[79.692,30.3892],[79.6991,30.3812],[79.7006,30.3783],[79.7005,30.3753],[79.7073,30.3722],[79.7104,30.37],[79.7138,30.3692],[79.7184,30.3693],[79.7177,30.3663],[79.7153,30.363],[79.7171,30.3545],[79.7169,30.3494],[79.7194,30.3477],[79.729,30.3482],[79.734,30.3473],[79.7414,30.3449],[79.7507,30.3435],[79.7507,30.3368],[79.7528,30.3321],[79.7526,30.3282],[79.7509,30.3232],[79.7528,30.317],[79.7519,30.3132],[79.7539,30.3097],[79.7581,30.3064],[79.7626,30.3055],[79.7701,30.3022],[79.7744,30.2946],[79.7822,30.2998],[79.7931,30.2907],[79.7956,30.2902],[79.7995,30.2843],[79.8093,30.2859],[79.8126,30.2855],[79.8187,30.2873],[79.8235,30.2897],[79.828,30.29],[79.8367,30.2876],[79.8443,30.2881],[79.8519,30.2861],[79.8542,30.2831],[79.8597,30.2811],[79.8645,30.2782],[79.8668,30.2754],[79.869,30.2745],[79.8718,30.2715],[79.8746,30.2713],[79.8832,30.2742],[79.8932,30.2747],[79.8983,30.2764],[79.9006,30.2808],[79.9074,30.2845],[79.9132,30.2869],[79.9176,30.2869],[79.9247,30.2927],[79.9278,30.2943],[79.9318,30.2983],[79.9385,30.2991],[79.9424,30.2985],[79.9502,30.2941],[79.9547,30.2901],[79.9612,30.2916],[79.9672,30.2957],[79.9773,30.2995],[79.9775,30.3018],[79.9806,30.3043],[79.9825,30.3108],[79.9854,30.3136],[79.9869,30.3165],[79.9872,30.3192],[79.9919,30.3287],[79.9937,30.3298],[79.996,30.3349],[79.9966,30.3429],[79.9964,30.3517],[79.9991,30.3576],[79.997,30.3631],[79.9978,30.3662],[80.0007,30.366],[80.0045,30.3682],[80.0082,30.3691],[80.0166,30.3815],[80.0208,30.3849],[80.0245,30.3868],[80.0299,30.392],[80.033,30.3928],[80.0314,30.3968],[80.0373,30.4048],[80.0375,30.4096],[80.0307,30.4125],[80.0299,30.4143],[80.0319,30.4195],[80.0309,30.4217],[80.0339,30.4257],[80.0341,30.43],[80.0327,30.4328],[80.0377,30.4409],[80.0376,30.4439],[80.0349,30.4451],[80.0279,30.446],[80.02,30.4489],[80.0227,30.4536],[80.0196,30.4601],[80.0152,30.4648],[80.0091,30.4685],[80.0084,30.4727],[80.0106,30.4752],[80.0174,30.4783],[80.0202,30.4811],[80.0155,30.4855],[80.0158,30.4918],[80.0092,30.4944],[80.0097,30.4966],[80.0126,30.4994],[80.0123,30.5033],[80.0071,30.5063],[80.0066,30.5121],[80.0074,30.5159],[80.0063,30.5219],[80.0041,30.5238],[80.0037,30.5273],[79.9996,30.5305],[79.9963,30.5319],[79.995,30.5374],[79.9978,30.5441],[80.0001,30.545],[80.0015,30.5487],[80.0075,30.5537],[80.0089,30.5572],[80.0117,30.5608],[80.0107,30.5691],[80.0116,30.5736],[80.0133,30.5763],[80.0197,30.5788],[80.0204,30.5835],[80.0234,30.5874],[80.0274,30.5901],[80.0339,30.5917],[80.0411,30.596],[80.0428,30.5983],[80.0418,30.6043],[80.0393,30.6091],[80.0308,30.6135],[80.03,30.6165],[80.036,30.6205],[80.0353,30.6249],[80.0304,30.6283],[80.0338,30.6333],[80.0333,30.6359],[80.0292,30.6386],[80.0255,30.6389],[80.0212,30.6404],[80.0197,30.6451],[80.0175,30.6477],[80.0152,30.6483],[80.0151,30.6528],[80.017,30.6571],[80.0157,30.6614],[80.0132,30.6657],[80.0076,30.6664],[80.0056,30.6696],[80.002,30.6731],[80.0012,30.6756],[79.9946,30.6809],[79.9909,30.6828],[79.9874,30.6868],[79.9829,30.6898],[79.9852,30.6927],[79.9829,30.6964],[79.9833,30.7004],[79.9796,30.7063],[79.9795,30.7093],[79.9819,30.7098],[79.9852,30.7086],[79.9881,30.712],[79.9936,30.7168],[79.9999,30.7186],[80.0047,30.7207],[80.009,30.7242],[80.0156,30.7273],[80.0178,30.7275],[80.0277,30.7345],[80.035,30.733],[80.0443,30.7327],[80.0509,30.7304],[80.0544,30.7286],[80.0716,30.7285],[80.0804,30.7293],[80.0863,30.7271],[80.0877,30.7277],[80.0914,30.7243],[80.0947,30.7234],[80.1005,30.725],[80.102,30.7298],[80.0991,30.7361],[80.0956,30.742],[80.0973,30.7444],[80.0967,30.747],[80.0923,30.7505],[80.0868,30.7579],[80.0863,30.7639],[80.0835,30.769],[80.0834,30.7737],[80.0853,30.7763],[80.0894,30.7795],[80.0916,30.7827],[80.1001,30.7874],[80.0957,30.7909],[80.089,30.7941],[80.085,30.804],[80.0805,30.8112],[80.0767,30.8155],[80.0669,30.8238],[80.0615,30.8262],[80.0575,30.8294],[80.0573,30.8349],[80.0587,30.8374],[80.0583,30.8397],[80.056,30.8415],[80.0532,30.842],[80.0506,30.8406],[80.0446,30.8356],[80.042,30.8358],[80.0251,30.8481],[80.0175,30.8556],[80.0122,30.8635],[80.0037,30.8651],[79.9973,30.8691],[79.9925,30.8769],[79.9896,30.8786],[79.9697,30.8824],[79.9645,30.886],[79.9622,30.89],[79.9537,30.8851],[79.9494,30.8848],[79.9449,30.8862],[79.9414,30.8853],[79.9356,30.8824],[79.9309,30.8813],[79.9291,30.8824],[79.9277,30.8884],[79.9251,30.8932],[79.9214,30.8963],[79.9189,30.901],[79.9135,30.9076],[79.9104,30.9151],[79.9075,30.9153],[79.9019,30.9175],[79.8903,30.9186],[79.8896,30.9243],[79.887,30.9317],[79.8886,30.9393],[79.885,30.9422],[79.8822,30.9509],[79.8824,30.9554],[79.8787,30.9616],[79.8758,30.9675],[79.8627,30.9754],[79.8562,30.9774],[79.8534,30.9765],[79.8386,30.974],[79.8355,30.9753],[79.8228,30.9734],[79.8164,30.9739],[79.8072,30.9818],[79.8028,30.9793],[79.7986,30.9797],[79.7954,30.9816],[79.7919,30.9884],[79.7874,30.9875],[79.7809,30.9875],[79.7746,30.9889],[79.766,30.9952],[79.7617,31.001],[79.7562,31.0042],[79.753,31.0079],[79.7471,31.003],[79.738,30.9837],[79.7355,30.9815],[79.7267,30.9803],[79.7213,30.9783],[79.7171,30.976],[79.7118,30.9779],[79.708,30.9783],[79.7043,30.9765],[79.7016,30.9731],[79.698,30.9725],[79.6922,30.9748],[79.6839,30.9794],[79.6749,30.9835],[79.669,30.9839],[79.665,30.9829],[79.6634,30.9793],[79.6633,30.9751],[79.6649,30.9696],[79.6636,30.9665],[79.6585,30.9629],[79.6503,30.9615],[79.6392,30.9559],[79.6333,30.9534],[79.628,30.9521],[79.6199,30.9513],[79.617,30.9466],[79.6141,30.9442],[79.6076,30.9418],[79.6055,30.9398],[79.6047,30.935],[79.6019,30.9335],[79.6017,30.9399],[79.5967,30.9448],[79.5901,30.9482],[79.5861,30.9484],[79.5829,30.9497],[79.5785,30.9499],[79.5718,30.9486],[79.5689,30.9501],[79.5671,30.9545],[79.5645,30.9572],[79.5556,30.9573],[79.5525,30.9601],[79.5506,30.9653],[79.546,30.9712],[79.5403,30.9755],[79.5406,30.9799],[79.547,30.9855],[79.5484,30.9895],[79.5381,30.9902],[79.5312,31.0035],[79.5242,31.0145],[79.519,31.0267],[79.5124,31.0298],[79.5029,31.033],[79.4916,31.0335],[79.4686,31.0335],[79.4591,31.0319],[79.4456,31.028],[79.4361,31.028],[79.4306,31.0286],[79.4248,31.0305],[79.4229,31.0399],[79.4225,31.0484],[79.4257,31.0664],[79.4246,31.0711],[79.4216,31.0726],[79.4105,31.0754],[79.4065,31.0706],[79.4013,31.0687],[79.3976,31.0684],[79.3915,31.0695],[79.3872,31.067],[79.3845,31.0638],[79.3839,31.057],[79.3801,31.0537],[79.3755,31.0537],[79.3677,31.0446],[79.3632,31.0376],[79.3539,31.0321],[79.3501,31.031],[79.3428,31.0304],[79.3333,31.0269],[79.3221,31.0248],[79.3192,31.0237],[79.3133,31.0184],[79.3117,31.0159],[79.3067,31.0137],[79.306,31.011],[79.3081,31.0048],[79.3132,31.0017],[79.3277,30.9995],[79.3303,30.9983],[79.3315,30.9944],[79.3286,30.9914],[79.3262,30.9861],[79.3233,30.9839],[79.3241,30.9819],[79.328,30.9769],[79.3299,30.973],[79.3299,30.969],[79.3266,30.9662],[79.3218,30.9609],[79.3173,30.9588],[79.3125,30.9597],[79.307,30.9632],[79.3028,30.965],[79.3011,30.9681],[79.2904,30.9678],[79.2853,30.9661],[79.2819,30.9618],[79.2769,30.9613],[79.2694,30.9591],[79.2635,30.9549],[79.2669,30.9461],[79.2725,30.9461],[79.2805,30.9398],[79.284,30.9362],[79.2841,30.9312],[79.2812,30.9257],[79.2812,30.9214],[79.2838,30.9154],[79.2817,30.9125],[79.2727,30.9098],[79.27,30.9069],[79.271,30.9026],[79.2704,30.8962],[79.2718,30.8915],[79.2808,30.8761],[79.2738,30.8736],[79.2728,30.8714],[79.268,30.8694],[79.2606,30.8701],[79.2586,30.8685],[79.2581,30.8637],[79.255,30.8601],[79.255,30.8562],[79.2513,30.8482],[79.2509,30.843],[79.2458,30.8422],[79.2424,30.8426],[79.2397,30.8413],[79.2367,30.8382],[79.2399,30.8316],[79.2396,30.829],[79.2409,30.8247],[79.2317,30.8217],[79.2263,30.8194],[79.2249,30.8108],[79.228,30.8078],[79.2308,30.8067],[79.2361,30.8061],[79.2401,30.8033],[79.2387,30.7976],[79.2405,30.7939],[79.2436,30.7927],[79.2452,30.7895],[79.2454,30.7849],[79.2499,30.782],[79.2587,30.7801],[79.2617,30.776],[79.2625,30.7726],[79.2614,30.7696],[79.2672,30.7632],[79.2711,30.7609],[79.2718,30.7584],[79.2788,30.7569],[79.2896,30.7498],[79.2884,30.7479],[79.2819,30.7413],[79.2798,30.7377],[79.2804,30.7336],[79.2792,30.7292],[79.2747,30.7243],[79.2845,30.723],[79.297,30.7196],[79.298,30.7181],[79.2979,30.714],[79.3001,30.7094],[79.3006,30.701],[79.2997,30.6953],[79.3014,30.6942],[79.3045,30.6893],[79.3057,30.6814],[79.3037,30.6783],[79.3066,30.6752],[79.3109,30.6722],[79.3155,30.6717],[79.3194,30.6697],[79.3237,30.6699],[79.3275,30.6668],[79.3296,30.6636],[79.3302,30.6596],[79.3327,30.6573],[79.3385,30.6571],[79.3467,30.6534],[79.3503,30.6485],[79.3533,30.6468],[79.3552,30.6404],[79.356,30.6315],[79.3541,30.6254]]]},"properties":{"id":"in:subdistrict:284","level":"subdistrict","name":"Joshimath","code":284,"parent":"in:district:47","state":"in:state:5"}},{"type":"Feature","geometry":{"type":"Polygon","coordinates":[[[79.7995,30.2843],[79.7973,30.2787],[79.7998,30.2764],[79.801,30.2731],[79.8039,30.2692],[79.8045,30.2635],[79.8041,30.2608],[79.8064,30.2599],[79.8126,30.2495],[79.8178,30.2454],[79.8172,30.2411],[79.8154,30.237],[79.8193,30.2347],[79.8207,30.2282],[79.8221,30.2264],[79.8197,30.2239],[79.815,30.217],[79.808,30.2151],[79.8057,30.2128],[79.8017,30.2127],[79.7996,30.2035],[79.7971,30.2005],[79.7958,30.1957],[79.7932,30.1923],[79.7915,30.1881],[79.786,30.1848],[79.7828,30.1807],[79.7822,30.1747],[79.7811,30.1716],[79.7864,30.1653],[79.7851,30.1605],[79.783,30.1568],[79.7821,30.1523],[79.7775,30.1494],[79.7725,30.1476],[79.7699,30.1446],[79.7666,30.1435],[79.7644,30.1382],[79.763,30.133],[79.7661,30.1308],[79.773,30.1284],[79.7756,30.1193],[79.7793,30.1163],[79.7817,30.113],[79.7796,30.1087],[79.7778,30.1022],[79.7772,30.0977],[79.7795,30.0951],[79.7822,30.09],[79.7858,30.0871],[79.7887,30.0804],[79.7916,30.0777],[79.7987,30.0778],[79.8061,30.0785],[79.8111,30.0762],[79.8172,30.0718],[79.8203,30.0685],[79.8242,30.0655],[79.8248,30.0639],[79.8293,30.0584],[79.8261,30.0555],[79.8242,30.0521],[79.8166,30.0482],[79.8125,30.0374],[79.811,30.029],[79.8135,30.0233],[79.8037,30.0184],[79.8012,30.018],[79.7986,30.0159],[79.7891,30.0162],[79.7884,30.0146],[79.783,30.0094],[79.7823,30.0077],[79.7772,30.0056],[79.7738,30.0061],[79.7656,30.01],[79.7613,30.0083],[79.7552,30.0081],[79.7503,30.0068],[79.7481,30.0048],[79.746,30],[79.7408,29.9974],[79.7318,29.9953],[79.7274,29.9971],[79.7196,29.9944],[79.7179,29.9914],[79.7205,29.9882],[79.718,29.9855],[79.7162,29.9797],[79.7151,29.9728],[79.719,29.9678],[79.7195,29.9619],[79.7235,29.9586],[79.7245,29.9562],[79.727,29.9549],[79.7302,29.9516],[79.7348,29.9488],[79.7422,29.9412],[79.7483,29.9339],[79.7467,29.9264],[79.7475,29.9242],[79.7545,29.9181],[79.754,29.9135],[79.7557,29.9104],[79.7602,29.9149],[79.7639,29.9172],[79.7667,29.9174],[79.7701,29.9161],[79.7781,29.9162],[79.7808,29.9157],[79.7892,29.9168],[79.795,29.9165],[79.8006,29.9145],[79.8014,29.9156],[79.8065,29.9132],[79.8079,29.9114],[79.8128,29.9099],[79.8129,29.9065],[79.8092,29.9048],[79.8106,29.9019],[79.8203,29.901],[79.8232,29.9001],[79.8266,29.8968],[79.8332,29.896],[79.8402,29.8976],[79.8464,29.8979],[79.8505,29.9022],[79.8539,29.9021],[79.8574,29.8989],[79.8631,29.8968],[79.8659,29.8977],[79.8728,29.8985],[79.8763,29.9013],[79.8788,29.8977],[79.8802,29.8926],[79.8793,29.8903],[79.8806,29.8868],[79.8833,29.8849],[79.8849,29.8836],[79.8887,29.885],[79.8874,29.8898],[79.8912,29.89],[79.8949,29.8871],[79.8957,29.8907],[79.8999,29.8944],[79.91,29.8998],[79.909,29.9017],[79.9124,29.9102],[79.9209,29.9133],[79.9272,29.9162],[79.9332,29.9181],[79.9382,29.9207],[79.9398,29.9253],[79.9462,29.9232],[79.9509,29.9204],[79.9553,29.9215],[79.9594,29.9179],[79.9632,29.9188],[79.9669,29.9163],[79.97,29.9185],[79.9738,29.9165],[79.9806,29.9159],[79.9869,29.9198],[79.9858,29.9238],[79.9857,29.9277],[79.9883,29.932],[79.9904,29.9331],[79.9939,29.9309],[80.0008,29.9299],[80.0055,29.931],[80.0091,29.9332],[80.0151,29.9307],[80.0174,29.9262],[80.0205,29.9254],[80.0234,29.9232],[80.0256,29.9156],[80.0258,29.9114],[80.0224,29.9083],[80.0201,29.9015],[80.0253,29.8986],[80.0267,29.8963],[80.0322,29.8954],[80.0377,29.8969],[80.0425,29.8954],[80.045,29.8956],[80.0512,29.9],[80.0525,29.9023],[80.0615,29.9031],[80.0631,29.9017],[80.0666,29.902],[80.0713,29.9008],[80.0751,29.8958],[80.0777,29.8906],[80.0832,29.887],[80.0903,29.8883],[80.0936,29.8924],[80.096,29.8936],[80.0959,29.8973],[80.0988,29.8985],[80.108,29.9065],[80.113,29.9049],[80.1162,29.9055],[80.1194,29.9026],[80.1252,29.8996],[80.1344,29.8995],[80.1383,29.9013],[80.1434,29.9021],[80.1486,29.8978],[80.1539,29.8999],[80.1586,29.9044],[80.1567,29.9118],[80.1516,29.9175],[80.1502,29.9216],[80.1468,29.9265],[80.1452,29.9304],[80.1423,29.9329],[80.1405,29.939],[80.1361,29.9428],[80.132,29.9427],[80.1277,29.9462],[80.1179,29.9515],[80.115,29.9547],[80.1098,29.956],[80.1079,29.9588],[80.1026,29.9596],[80.0979,29.9625],[80.0954,29.9673],[80.091,29.969],[80.0899,29.9718],[80.0857,29.9796],[80.0826,29.9838],[80.0812,29.9888],[80.0793,29.99],[80.076,29.9942],[80.076,29.9975],[80.0715,30.0004],[80.0732,30.0098],[80.0703,30.0118],[80.0711,30.0138],[80.0676,30.0186],[80.0694,30.0197],[80.0697,30.0263],[80.0716,30.0296],[80.0717,30.0344],[80.0737,30.0361],[80.0757,30.0422],[80.0754,30.0469],[80.0795,30.0535],[80.0822,30.0601],[80.0847,30.0624],[80.0858,30.0684],[80.0849,30.0733],[80.0816,30.0769],[80.0822,30.0797],[80.0798,30.083],[80.0819,30.0879],[80.0844,30.097],[80.0823,30.0999],[80.0822,30.1047],[80.0832,30.1067],[80.0824,30.1115],[80.087,30.1195],[80.0884,30.1249],[80.0943,30.1282],[80.0962,30.1321],[80.0967,30.1364],[80.0991,30.1394],[80.1009,30.1445],[80.1042,30.1484],[80.105,30.1524],[80.1034,30.1541],[80.1031,30.1629],[80.1056,30.1749],[80.1078,30.1787],[80.1073,30.1833],[80.1088,30.1875],[80.1111,30.1909],[80.1112,30.1929],[80.1082,30.197],[80.1084,30.2007],[80.1132,30.208],[80.1175,30.2202],[80.1161,30.2266],[80.1104,30.2282],[80.1008,30.2271],[80.0971,30.226],[80.093,30.2266],[80.0838,30.2342],[80.0776,30.2377],[80.0731,30.2432],[80.0731,30.2499],[80.0745,30.2533],[80.0714,30.2582],[80.0731,30.2628],[80.0709,30.2655],[80.0671,30.267],[80.0626,30.2662],[80.0607,30.2708],[80.0622,30.2725],[80.0642,30.2781],[80.0675,30.2807],[80.0644,30.2828],[80.0588,30.2837],[80.0489,30.2869],[80.0457,30.2896],[80.0407,30.2924],[80.0388,30.2981],[80.036,30.3027],[80.0287,30.3089],[80.025,30.3139],[80.0201,30.3154],[80.0144,30.3144],[80.0107,30.3145],[79.996,30.3167],[79.9869,30.3165],[79.9854,30.3136],[79.9825,30.3108],[79.9806,30.3043],[79.9775,30.3018],[79.9773,30.2995],[79.9672,30.2957],[79.9612,30.2916],[79.9547,30.2901],[79.9502,30.2941],[79.9424,30.2985],[79.9385,30.2991],[79.9318,30.2983],[79.9278,30.2943],[79.9247,30.2927],[79.9176,30.2869],[79.9132,30.2869],[79.9074,30.2845],[79.9006,30.2808],[79.8983,30.2764],[79.8932,30.2747],[79.8832,30.2742],[79.8746,30.2713],[79.8718,30.2715],[79.869,30.2745],[79.8668,30.2754],[79.8645,30.2782],[79.8597,30.2811],[79.8542,30.2831],[79.8519,30.2861],[79.8443,30.2881],[79.8367,30.2876],[79.828,30.29],[79.8235,30.2897],[79.8187,30.2873],[79.8126,30.2855],[79.8093,30.2859],[79.7995,30.2843]]]},"properties":{"id":"in:subdistrict:321","level":"subdistrict","name":"Kapkot","code":321,"parent":"in:district:46","state":"in:state:5"}},{"type":"Feature","geometry":{"type":"Polygon","coordinates":[[[79.2262,30.4981],[79.2267,30.4955],[79.2288,30.4934],[79.23,30.4884],[79.2264,30.4843],[79.2267,30.4799],[79.225,30.4762],[79.2309,30.469],[79.2316,30.4659],[79.2355,30.4627],[79.2457,30.4597],[79.2527,30.4589],[79.2567,30.4567],[79.2597,30.4531],[79.2623,30.453],[79.2611,30.4491],[79.2623,30.4429],[79.2592,30.44],[79.2577,30.4339],[79.2562,30.4308],[79.2575,30.4285],[79.2559,30.4248],[79.2536,30.4229],[79.2505,30.4178],[79.251,30.4155],[79.2491,30.4112],[79.2509,30.4087],[79.2574,30.4016],[79.2627,30.3987],[79.2612,30.3897],[79.2635,30.3881],[79.2631,30.3818],[79.2647,30.378],[79.271,30.3709],[79.276,30.371],[79.278,30.3685],[79.2814,30.3684],[79.2833,30.3601],[79.2924,30.355],[79.2926,30.3569],[79.2951,30.3582],[79.3004,30.3559],[79.3019,30.3523],[79.3016,30.3478],[79.2991,30.3479],[79.2972,30.3502],[79.2941,30.3502],[79.2938,30.3389],[79.2899,30.3329],[79.2888,30.3294],[79.289,30.3268],[79.292,30.324],[79.2979,30.3223],[79.3016,30.3244],[79.3031,30.3263],[79.3075,30.3285],[79.3129,30.3273],[79.3169,30.3237],[79.322,30.3229],[79.326,30.3205],[79.3247,30.3124],[79.3269,30.3088],[79.333,30.3047],[79.3396,30.3055],[79.3448,30.3044],[79.3502,30.3079],[79.3539,30.3054],[79.3585,30.3034],[79.3639,30.3022],[79.3662,30.2984],[79.3684,30.2973],[79.3706,30.2944],[79.38,30.2936],[79.3862,30.2898],[79.3879,30.2843],[79.3896,30.2827],[79.3935,30.2827],[79.3957,30.2804],[79.4008,30.2797],[79.403,30.2752],[79.3976,30.2722],[79.395,30.2669],[79.3888,30.2642],[79.3833,30.2579],[79.3801,30.2526],[79.3802,30.2484],[79.3764,30.2442],[79.376,30.2416],[79.3792,30.2364],[79.3805,30.2325],[79.3793,30.2278],[79.3796,30.2236],[79.3811,30.2192],[79.3837,30.2179],[79.3868,30.2138],[79.3929,30.2113],[79.4003,30.2124],[79.4067,30.2127],[79.4107,30.2135],[79.4138,30.2155],[79.4182,30.214],[79.4186,30.2119],[79.4262,30.2085],[79.4283,30.2049],[79.4326,30.204],[79.4345,30.2002],[79.4349,30.1949],[79.4387,30.1924],[79.4439,30.1929],[79.4435,30.1864],[79.4458,30.181],[79.4563,30.1706],[79.4622,30.1681],[79.4639,30.1682],[79.4685,30.1715],[79.4721,30.1712],[79.4754,30.1682],[79.4793,30.1682],[79.4814,30.1697],[79.4867,30.1709],[79.4923,30.1734],[79.4985,30.1748],[79.5008,30.1772],[79.5051,30.1782],[79.5116,30.1732],[79.5137,30.1726],[79.5275,30.1828],[79.5311,30.1862],[79.5391,30.1916],[79.5444,30.1967],[79.5529,30.1971],[79.5572,30.2004],[79.5641,30.2047],[79.5751,30.2038],[79.5781,30.2049],[79.5796,30.2083],[79.5869,30.2152],[79.5947,30.2197],[79.5991,30.2213],[79.6022,30.2206],[79.6073,30.2207],[79.6103,30.2247],[79.6133,30.2273],[79.6169,30.2283],[79.6268,30.2282],[79.6288,30.2323],[79.6372,30.2348],[79.6392,30.2359],[79.6479,30.2317],[79.6516,30.2331],[79.6595,30.2332],[79.6643,30.2342],[79.6706,30.2312],[79.6786,30.2328],[79.6814,30.2345],[79.6842,30.2337],[79.688,30.2301],[79.6912,30.2336],[79.6934,30.238],[79.6966,30.2414],[79.6965,30.2448],[79.7002,30.2474],[79.7026,30.2472],[79.7092,30.2439],[79.7166,30.2455],[79.7207,30.2483],[79.723,30.2488],[79.7308,30.247],[79.7335,30.2499],[79.7331,30.2514],[79.7359,30.2551],[79.7414,30.2566],[79.7427,30.2586],[79.7486,30.2589],[79.7528,30.2577],[79.7558,30.259],[79.7613,30.2575],[79.7637,30.2578],[79.7709,30.2652],[79.7715,30.2698],[79.7688,30.273],[79.77,30.2777],[79.7701,30.2822],[79.7714,30.2875],[79.7744,30.2946],[79.7701,30.3022],[79.7626,30.3055],[79.7581,30.3064],[79.7539,30.3097],[79.7519,30.3132],[79.7528,30.317],[79.7509,30.3232],[79.7526,30.3282],[79.7528,30.3321],[79.7507,30.3368],[79.7507,30.3435],[79.7414,30.3449],[79.734,30.3473],[79.729,30.3482],[79.7194,30.3477],[79.7169,30.3494],[79.7171,30.3545],[79.7153,30.363],[79.7177,30.3663],[79.7184,30.3693],[79.7138,30.3692],[79.7104,30.37],[79.7073,30.3722],[79.7005,30.3753],[79.7006,30.3783],[79.6991,30.3812],[79.692,30.3892],[79.6881,30.3923],[79.687,30.3978],[79.6809,30.4019],[79.6798,30.407],[79.6763,30.4134],[79.6745,30.4145],[79.6697,30.4145],[79.6664,30.4165],[79.6668,30.4205],[79.6629,30.4212],[79.6597,30.4239],[79.6553,30.4255],[79.6479,30.4265],[79.6422,30.4287],[79.636,30.4242],[79.6281,30.4203],[79.6255,30.4175],[79.6237,30.4172],[79.6186,30.4207],[79.6102,30.4222],[79.6066,30.4234],[79.6054,30.4252],[79.6001,30.4263],[79.5956,30.4262],[79.5918,30.424],[79.5875,30.4242],[79.5851,30.4275],[79.5833,30.4317],[79.5801,30.4339],[79.5669,30.4472],[79.5592,30.4474],[79.5563,30.4487],[79.5541,30.4478],[79.5443,30.4474],[79.5414,30.4432],[79.5351,30.4376],[79.5287,30.4378],[79.5242,30.432],[79.5208,30.4307],[79.5176,30.4251],[79.5127,30.4225],[79.5088,30.4225],[79.5066,30.4199],[79.5054,30.4165],[79.5016,30.4143],[79.4977,30.4109],[79.4952,30.4073],[79.4898,30.4081],[79.4803,30.4062],[79.4783,30.4084],[79.4786,30.4121],[79.4754,30.4131],[79.4689,30.4186],[79.4653,30.4186],[79.4566,30.425],[79.4533,30.4304],[79.45,30.433],[79.4446,30.4399],[79.4416,30.4456],[79.4393,30.4518],[79.4338,30.455],[79.4284,30.459],[79.4316,30.463],[79.4228,30.4666],[79.4172,30.4712],[79.4162,30.4748],[79.4176,30.4821],[79.4193,30.4867],[79.4177,30.4914],[79.4191,30.4953],[79.4144,30.5007],[79.4141,30.504],[79.4072,30.507],[79.4041,30.5068],[79.4,30.5077],[79.393,30.5064],[79.3853,30.5003],[79.3795,30.501],[79.3722,30.5061],[79.3661,30.5062],[79.3654,30.5102],[79.3637,30.513],[79.3551,30.5184],[79.356,30.5213],[79.3583,30.5242],[79.3577,30.5266],[79.3586,30.5299],[79.3545,30.5327],[79.3535,30.535],[79.3534,30.5396],[79.3581,30.5444],[79.3589,30.5464],[79.359,30.5534],[79.3611,30.5572],[79.3606,30.5646],[79.3629,30.5675],[79.364,30.5729],[79.3656,30.5753],[79.3693,30.5858],[79.3693,30.5944],[79.3707,30.5961],[79.3736,30.6032],[79.3627,30.6106],[79.3596,30.6134],[79.3575,30.6166],[79.3541,30.6254],[79.3479,30.6236],[79.348,30.6191],[79.3464,30.6135],[79.348,30.6107],[79.3469,30.6073],[79.3415,30.6053],[79.3401,30.5994],[79.3387,30.5967],[79.3331,30.5936],[79.3233,30.5949],[79.3116,30.5913],[79.3101,30.5897],[79.307,30.5893],[79.3072,30.5836],[79.3045,30.5809],[79.3043,30.5761],[79.3004,30.5696],[79.3003,30.5669],[79.2965,30.5637],[79.2947,30.5607],[79.2918,30.5623],[79.2867,30.5623],[79.2836,30.5639],[79.2806,30.5634],[79.275,30.5636],[79.2704,30.5663],[79.2653,30.5667],[79.2565,30.5663],[79.2552,30.5639],[79.2456,30.5589],[79.2467,30.5532],[79.2454,30.5509],[79.2418,30.5489],[79.2437,30.5437],[79.2437,30.5411],[79.2453,30.5386],[79.2444,30.5361],[79.2381,30.5335],[79.2354,30.5308],[79.2291,30.5273],[79.2266,30.522],[79.2281,30.5156],[79.2256,30.5101],[79.2267,30.5053],[79.2249,30.5034],[79.2266,30.4999],[79.2262,30.4981]]]},"properties":{"id":"in:subdistrict:285","level":"subdistrict","name":"Chamoli","code":285,"parent":"in:district:47","state":"in:state:5"}},{"type":"Feature","geometry":{"type":"Polygon","coordinates":[[[79.1655,30.2936],[79.1667,30.2925],[79.1679,30.2845],[79.1716,30.2802],[79.1687,30.2763],[79.1697,30.2716],[79.1729,30.2684],[79.1785,30.2681],[79.1844,30.2702],[79.1881,30.2701],[79.1919,30.2684],[79.2006,30.2671],[79.208,30.2683],[79.2163,30.2635],[79.2221,30.2694],[79.2271,30.276],[79.229,30.2767],[79.2337,30.2765],[79.2356,30.2773],[79.2396,30.2816],[79.2464,30.2854],[79.2522,30.2898],[79.2582,30.2915],[79.2629,30.292],[79.2676,30.2895],[79.2717,30.2891],[79.2772,30.2954],[79.2815,30.2969],[79.2907,30.2933],[79.2962,30.2938],[79.2978,30.2967],[79.2959,30.3025],[79.2989,30.3099],[79.3025,30.31],[79.3038,30.3131],[79.301,30.3165],[79.3,30.3208],[79.3016,30.3244],[79.2979,30.3223],[79.292,30.324],[79.289,30.3268],[79.2888,30.3294],[79.2899,30.3329],[79.2938,30.3389],[79.2941,30.3502],[79.2972,30.3502],[79.2991,30.3479],[79.3016,30.3478],[79.3019,30.3523],[79.3004,30.3559],[79.2951,30.3582],[79.2926,30.3569],[79.2924,30.355],[79.2833,30.3601],[79.2814,30.3684],[79.278,30.3685],[79.276,30.371],[79.271,30.3709],[79.2647,30.378],[79.2631,30.3818],[79.2635,30.3881],[79.2612,30.3897],[79.2627,30.3987],[79.2574,30.4016],[79.2509,30.4087],[79.2491,30.4112],[79.251,30.4155],[79.2505,30.4178],[79.2536,30.4229],[79.2559,30.4248],[79.2575,30.4285],[79.2562,30.4308],[79.2577,30.4339],[79.2592,30.44],[79.2623,30.4429],[79.2611,30.4491],[79.2623,30.453],[79.2597,30.4531],[79.2567,30.4567],[79.2527,30.4589],[79.2457,30.4597],[79.2355,30.4627],[79.2316,30.4659],[79.2309,30.469],[79.225,30.4762],[79.2267,30.4799],[79.2264,30.4843],[79.23,30.4884],[79.2288,30.4934],[79.2267,30.4955],[79.2262,30.4981],[79.2239,30.4961],[79.2234,30.4929],[79.2194,30.4885],[79.2121,30.4876],[79.2101,30.4859],[79.2072,30.4857],[79.2012,30.4819],[79.1974,30.4809],[79.1895,30.4748],[79.187,30.4707],[79.1877,30.4692],[79.1862,30.4625],[79.1797,30.4594],[79.1788,30.4561],[79.1757,30.4531],[79.1741,30.4492],[79.1693,30.4478],[79.1666,30.4462],[79.1656,30.4406],[79.168,30.4369],[79.1742,30.4307],[79.1733,30.4243],[79.1728,30.4158],[79.1721,30.4147],[79.1652,30.4113],[79.1638,30.402],[79.1656,30.3976],[79.1646,30.393],[79.1653,30.3879],[79.1607,30.3825],[79.1566,30.3828],[79.1492,30.3782],[79.1433,30.3807],[79.1393,30.3791],[79.1311,30.3813],[79.1269,30.3816],[79.1228,30.3839],[79.1191,30.3846],[79.1122,30.3831],[79.1104,30.3812],[79.1103,30.3784],[79.1079,30.3752],[79.1125,30.3725],[79.113,30.3709],[79.1174,30.369],[79.1219,30.3683],[79.1251,30.3657],[79.1287,30.3649],[79.1301,30.3628],[79.1293,30.3576],[79.1321,30.3544],[79.1314,30.3522],[79.1329,30.3495],[79.1376,30.348],[79.1376,30.3423],[79.1403,30.34],[79.1446,30.339],[79.1448,30.3367],[79.1479,30.336],[79.1507,30.3316],[79.1563,30.3311],[79.1591,30.3284],[79.1598,30.325],[79.155,30.3218],[79.1544,30.3244],[79.15,30.3233],[79.1481,30.3208],[79.1481,30.3128],[79.146,30.311],[79.1445,30.3046],[79.1471,30.2984],[79.1494,30.2987],[79.1578,30.2973],[79.1667,30.2973],[79.1655,30.2936]]]},"properties":{"id":"in:subdistrict:286","level":"subdistrict","name":"Pokhari","code":286,"parent":"in:district:47","state":"in:state:5"}},{"type":"Feature","geometry":{"type":"Polygon","coordinates":[[[79.1012,30.2111],[79.1065,30.2114],[79.1125,30.2085],[79.1182,30.2086],[79.122,30.2075],[79.1286,30.208],[79.1364,30.2097],[79.1386,30.2096],[79.1439,30.2112],[79.1545,30.2123],[79.1561,30.2168],[79.1587,30.22],[79.1694,30.2234],[79.174,30.2239],[79.1763,30.2227],[79.1771,30.2187],[79.1799,30.2196],[79.1831,30.2157],[79.184,30.2126],[79.189,30.2064],[79.1861,30.2019],[79.1826,30.2017],[79.1804,30.1987],[79.1863,30.1921],[79.1893,30.1913],[79.194,30.1885],[79.1963,30.1854],[79.2008,30.1863],[79.2035,30.1837],[79.2038,30.18],[79.2057,30.1779],[79.2094,30.1764],[79.2116,30.1791],[79.2155,30.1781],[79.219,30.1801],[79.22,30.1787],[79.2254,30.1763],[79.2297,30.1733],[79.2316,30.1729],[79.238,30.1684],[79.2392,30.166],[79.2435,30.1631],[79.2483,30.1532],[79.2545,30.1521],[79.2608,30.1498],[79.2653,30.1445],[79.2678,30.1433],[79.2795,30.1451],[79.2902,30.1455],[79.2925,30.1469],[79.3019,30.1558],[79.3081,30.1632],[79.3055,30.17],[79.3062,30.1729],[79.3126,30.1786],[79.3191,30.1819],[79.3264,30.184],[79.3324,30.1899],[79.3375,30.191],[79.3405,30.2007],[79.3411,30.2053],[79.3404,30.2168],[79.3412,30.219],[79.3388,30.2277],[79.3337,30.2351],[79.3303,30.2361],[79.3286,30.2411],[79.3304,30.2465],[79.3343,30.2496],[79.3423,30.2509],[79.3473,30.2529],[79.3532,30.254],[79.3531,30.2554],[79.3567,30.2573],[79.3618,30.2577],[79.3653,30.2558],[79.3701,30.2557],[79.3763,30.2545],[79.3801,30.2526],[79.3833,30.2579],[79.3888,30.2642],[79.395,30.2669],[79.3976,30.2722],[79.403,30.2752],[79.4008,30.2797],[79.3957,30.2804],[79.3935,30.2827],[79.3896,30.2827],[79.3879,30.2843],[79.3862,30.2898],[79.38,30.2936],[79.3706,30.2944],[79.3684,30.2973],[79.3662,30.2984],[79.3639,30.3022],[79.3585,30.3034],[79.3539,30.3054],[79.3502,30.3079],[79.3448,30.3044],[79.3396,30.3055],[79.333,30.3047],[79.3269,30.3088],[79.3247,30.3124],[79.326,30.3205],[79.322,30.3229],[79.3169,30.3237],[79.3129,30.3273],[79.3075,30.3285],[79.3031,30.3263],[79.3016,30.3244],[79.3,30.3208],[79.301,30.3165],[79.3038,30.3131],[79.3025,30.31],[79.2989,30.3099],[79.2959,30.3025],[79.2978,30.2967],[79.2962,30.2938],[79.2907,30.2933],[79.2815,30.2969],[79.2772,30.2954],[79.2717,30.2891],[79.2676,30.2895],[79.2629,30.292],[79.2582,30.2915],[79.2522,30.2898],[79.2464,30.2854],[79.2396,30.2816],[79.2356,30.2773],[79.2337,30.2765],[79.229,30.2767],[79.2271,30.276],[79.2221,30.2694],[79.2163,30.2635],[79.208,30.2683],[79.2006,30.2671],[79.1919,30.2684],[79.1881,30.2701],[79.1844,30.2702],[79.1785,30.2681],[79.1729,30.2684],[79.1697,30.2716],[79.1687,30.2763],[79.1716,30.2802],[79.1679,30.2845],[79.1667,30.2925],[79.1655,30.2936],[79.16,30.2931],[79.1565,30.2962],[79.1531,30.2962],[79.152,30.2949],[79.1441,30.2919],[79.1418,30.2869],[79.1382,30.2853],[79.1355,30.2853],[79.1314,30.2878],[79.1215,30.2902],[79.1203,30.2934],[79.1139,30.2925],[79.1123,30.2903],[79.1078,30.2894],[79.1053,30.2829],[79.1023,30.2801],[79.102,30.2766],[79.1048,30.2744],[79.1077,30.2708],[79.1077,30.2682],[79.1053,30.2632],[79.1035,30.2559],[79.0983,30.2523],[79.0964,30.2467],[79.0921,30.2426],[79.0884,30.2399],[79.0852,30.2355],[79.084,30.2312],[79.0773,30.2257],[79.076,30.2205],[79.0825,30.217],[79.0895,30.2159],[79.0943,30.2163],[79.0956,30.2136],[79.0984,30.2116],[79.1012,30.2111]]]},"properties":{"id":"in:subdistrict:287","level":"subdistrict","name":"Karnaprayag","code":287,"parent":"in:district:47","state":"in:state:5"}},{"type":"Feature","geometry":{"type":"Polygon","coordinates":[[[79.2248,29.978],[79.2304,29.9791],[79.2355,29.9756],[79.2385,29.9752],[79.2451,29.9707],[79.2472,29.966],[79.2508,29.9607],[79.2542,29.9627],[79.258,29.963],[79.2609,29.9617],[79.2677,29.9601],[79.2726,29.9603],[79.2776,29.9565],[79.2798,29.9537],[79.2846,29.9517],[79.2851,29.9479],[79.284,29.9428],[79.286,29.9386],[79.2835,29.9347],[79.2823,29.9256],[79.2903,29.9276],[79.2973,29.9287],[79.3018,29.9284],[79.3048,29.9302],[79.3099,29.9318],[79.314,29.9305],[79.3172,29.9278],[79.324,29.9295],[79.3255,29.9319],[79.3249,29.9344],[79.3259,29.9387],[79.3327,29.9407],[79.3351,29.9435],[79.3339,29.9464],[79.3303,29.9507],[79.3301,29.9542],[79.3282,29.9634],[79.326,29.9682],[79.3248,29.969],[79.3249,29.9729],[79.3271,29.9722],[79.3352,29.9733],[79.3389,29.9726],[79.3389,29.9704],[79.3409,29.9682],[79.3457,29.9602],[79.3503,29.9569],[79.3518,29.9525],[79.3562,29.9496],[79.3574,29.9432],[79.3603,29.9403],[79.3668,29.9385],[79.3687,29.9329],[79.374,29.9269],[79.3787,29.9292],[79.3838,29.9284],[79.3864,29.9291],[79.3897,29.9328],[79.3928,29.9343],[79.3957,29.9377],[79.3994,29.9373],[79.4037,29.9421],[79.4111,29.9431],[79.4171,29.9432],[79.4195,29.939],[79.4203,29.9352],[79.4245,29.9346],[79.4285,29.9368],[79.4329,29.9436],[79.4336,29.9468],[79.4364,29.9525],[79.4471,29.956],[79.4494,29.9588],[79.4483,29.9632],[79.4509,29.9656],[79.4538,29.9661],[79.4579,29.9701],[79.4611,29.9718],[79.4641,29.9718],[79.4671,29.9755],[79.4667,29.9782],[79.4716,29.9795],[79.4718,29.9857],[79.4706,29.9892],[79.4721,29.9976],[79.48,30.0165],[79.4825,30.0183],[79.484,30.0231],[79.4828,30.0269],[79.4779,30.0295],[79.4725,30.03],[79.468,30.0355],[79.462,30.0412],[79.459,30.0426],[79.4508,30.0365],[79.4432,30.0332],[79.441,30.0316],[79.4347,30.0398],[79.4331,30.04],[79.4249,30.0375],[79.4204,30.0337],[79.4139,30.0382],[79.4035,30.0445],[79.4008,30.0441],[79.3979,30.046],[79.3946,30.0456],[79.3916,30.0481],[79.3857,30.0464],[79.3803,30.0439],[79.374,30.0546],[79.3696,30.0585],[79.3669,30.0599],[79.3607,30.0612],[79.3492,30.0645],[79.3403,30.0633],[79.3344,30.066],[79.3325,30.0692],[79.3312,30.079],[79.3311,30.083],[79.3189,30.0822],[79.3136,30.0824],[79.305,30.0875],[79.3015,30.0884],[79.2972,30.0911],[79.2961,30.095],[79.2974,30.0999],[79.2947,30.1023],[79.2967,30.1113],[79.2946,30.1165],[79.2924,30.1195],[79.2932,30.1306],[79.2892,30.1361],[79.2902,30.1455],[79.2795,30.1451],[79.2678,30.1433],[79.2653,30.1445],[79.2608,30.1498],[79.2545,30.1521],[79.2483,30.1532],[79.2435,30.1631],[79.2392,30.166],[79.238,30.1684],[79.2316,30.1729],[79.2297,30.1733],[79.2254,30.1763],[79.22,30.1787],[79.219,30.1801],[79.2155,30.1781],[79.2116,30.1791],[79.2094,30.1764],[79.2057,30.1779],[79.2038,30.18],[79.2035,30.1837],[79.2008,30.1863],[79.1963,30.1854],[79.194,30.1885],[79.1893,30.1913],[79.1863,30.1921],[79.1804,30.1987],[79.1826,30.2017],[79.1861,30.2019],[79.189,30.2064],[79.184,30.2126],[79.1831,30.2157],[79.1799,30.2196],[79.1771,30.2187],[79.1763,30.2227],[79.174,30.2239],[79.1694,30.2234],[79.1587,30.22],[79.1561,30.2168],[79.1545,30.2123],[79.1439,30.2112],[79.1386,30.2096],[79.1364,30.2097],[79.1286,30.208],[79.122,30.2075],[79.1182,30.2086],[79.1125,30.2085],[79.1065,30.2114],[79.1012,30.2111],[79.0979,30.206],[79.0952,30.205],[79.0959,30.2002],[79.0976,30.1967],[79.1026,30.1952],[79.1075,30.1896],[79.112,30.1895],[79.1166,30.1841],[79.1222,30.18],[79.1266,30.1796],[79.1257,30.1702],[79.1267,30.1689],[79.1321,30.167],[79.1384,30.1667],[79.1401,30.1648],[79.1403,30.1613],[79.1441,30.1584],[79.144,30.1551],[79.1401,30.1536],[79.1359,30.1508],[79.1335,30.146],[79.1324,30.1401],[79.1347,30.1366],[79.1351,30.1329],[79.1338,30.1284],[79.1352,30.1257],[79.1344,30.1182],[79.1366,30.1163],[79.1446,30.1127],[79.1513,30.1119],[79.1539,30.106],[79.1528,30.1048],[79.1544,30.0986],[79.16,30.0933],[79.1644,30.093],[79.1692,30.0939],[79.1724,30.0966],[79.1768,30.0928],[79.1821,30.0901],[79.1867,30.0909],[79.1905,30.0862],[79.1931,30.0845],[79.1936,30.0808],[79.1965,30.0779],[79.1996,30.0677],[79.2025,30.0655],[79.2025,30.0623],[79.1998,30.062],[79.1937,30.0592],[79.193,30.0563],[79.189,30.0474],[79.1885,30.0382],[79.1894,30.0364],[79.1927,30.0354],[79.2019,30.0354],[79.2063,30.0319],[79.2091,30.0314],[79.2107,30.0278],[79.2176,30.0229],[79.2164,30.0114],[79.2173,30.0069],[79.2206,30.0024],[79.2226,30.0013],[79.2225,29.9975],[79.2233,29.9908],[79.2207,29.9889],[79.2187,29.9859],[79.222,29.9824],[79.2248,29.978]]]},"properties":{"id":"in:subdistrict:289","level":"subdistrict","name":"Gairsain","code":289,"parent":"in:district:47","state":"in:state:5"}},{"type":"Feature","geometry":{"type":"Polygon","coordinates":[[[79.7744,30.2946],[79.7714,30.2875],[79.7701,30.2822],[79.77,30.2777],[79.7688,30.273],[79.7715,30.2698],[79.7709,30.2652],[79.7637,30.2578],[79.7613,30.2575],[79.7558,30.259],[79.7528,30.2577],[79.7486,30.2589],[79.7427,30.2586],[79.7414,30.2566],[79.7359,30.2551],[79.7331,30.2514],[79.7335,30.2499],[79.7308,30.247],[79.723,30.2488],[79.7207,30.2483],[79.7166,30.2455],[79.7092,30.2439],[79.7026,30.2472],[79.7002,30.2474],[79.6965,30.2448],[79.6966,30.2414],[79.6934,30.238],[79.6912,30.2336],[79.688,30.2301],[79.6842,30.2337],[79.6814,30.2345],[79.6786,30.2328],[79.6706,30.2312],[79.6643,30.2342],[79.6595,30.2332],[79.6516,30.2331],[79.6479,30.2317],[79.6392,30.2359],[79.6372,30.2348],[79.6288,30.2323],[79.6268,30.2282],[79.6169,30.2283],[79.6133,30.2273],[79.6103,30.2247],[79.6073,30.2207],[79.6022,30.2206],[79.5991,30.2213],[79.5947,30.2197],[79.5869,30.2152],[79.5796,30.2083],[79.5781,30.2049],[79.5751,30.2038],[79.5641,30.2047],[79.5572,30.2004],[79.5529,30.1971],[79.5444,30.1967],[79.5391,30.1916],[79.5311,30.1862],[79.5275,30.1828],[79.5137,30.1726],[79.5116,30.1732],[79.5051,30.1782],[79.5008,30.1772],[79.4985,30.1748],[79.4923,30.1734],[79.4867,30.1709],[79.4814,30.1697],[79.4793,30.1682],[79.4754,30.1682],[79.4721,30.1712],[79.4685,30.1715],[79.4639,30.1682],[79.4622,30.1681],[79.4563,30.1706],[79.4458,30.181],[79.4435,30.1864],[79.4439,30.1929],[79.4387,30.1924],[79.4349,30.1949],[79.4345,30.2002],[79.4326,30.204],[79.4283,30.2049],[79.4262,30.2085],[79.4186,30.2119],[79.4182,30.214],[79.4138,30.2155],[79.4107,30.2135],[79.4067,30.2127],[79.4003,30.2124],[79.3929,30.2113],[79.3868,30.2138],[79.3837,30.2179],[79.3811,30.2192],[79.3796,30.2236],[79.3793,30.2278],[79.3805,30.2325],[79.3792,30.2364],[79.376,30.2416],[79.3764,30.2442],[79.3802,30.2484],[79.3801,30.2526],[79.3763,30.2545],[79.3701,30.2557],[79.3653,30.2558],[79.3618,30.2577],[79.3567,30.2573],[79.3531,30.2554],[79.3532,30.254],[79.3473,30.2529],[79.3423,30.2509],[79.3343,30.2496],[79.3304,30.2465],[79.3286,30.2411],[79.3303,30.2361],[79.3337,30.2351],[79.3388,30.2277],[79.3412,30.219],[79.3404,30.2168],[79.3411,30.2053],[79.3405,30.2007],[79.3375,30.191],[79.3324,30.1899],[79.3264,30.184],[79.3191,30.1819],[79.3126,30.1786],[79.3062,30.1729],[79.3055,30.17],[79.3081,30.1632],[79.3019,30.1558],[79.2925,30.1469],[79.2902,30.1455],[79.2892,30.1361],[79.2932,30.1306],[79.2924,30.1195],[79.2946,30.1165],[79.2967,30.1113],[79.2947,30.1023],[79.2974,30.0999],[79.2961,30.095],[79.2972,30.0911],[79.3015,30.0884],[79.305,30.0875],[79.3136,30.0824],[79.3189,30.0822],[79.3311,30.083],[79.3312,30.079],[79.3325,30.0692],[79.3344,30.066],[79.3403,30.0633],[79.3492,30.0645],[79.3607,30.0612],[79.3669,30.0599],[79.3696,30.0585],[79.374,30.0546],[79.3803,30.0439],[79.3857,30.0464],[79.3916,30.0481],[79.3946,30.0456],[79.3979,30.046],[79.4008,30.0441],[79.4035,30.0445],[79.4139,30.0382],[79.4204,30.0337],[79.4249,30.0375],[79.4331,30.04],[79.4347,30.0398],[79.441,30.0316],[79.4432,30.0332],[79.4508,30.0365],[79.459,30.0426],[79.462,30.0412],[79.468,30.0355],[79.4725,30.03],[79.4779,30.0295],[79.4828,30.0269],[79.484,30.0231],[79.4878,30.022],[79.4926,30.0221],[79.494,30.0197],[79.4985,30.0154],[79.5086,30.0137],[79.5221,30.0136],[79.5238,30.013],[79.5269,30.0053],[79.5329,29.9999],[79.5364,29.9994],[79.5401,29.9972],[79.5441,29.9972],[79.5477,29.9958],[79.5498,29.9981],[79.5625,30.0034],[79.5661,30.0024],[79.5713,30.0044],[79.5812,30.005],[79.5874,30.0045],[79.5884,30.0068],[79.5953,30.0101],[79.5973,30.0136],[79.6029,30.0151],[79.6044,30.0172],[79.6101,30.0201],[79.6152,30.0203],[79.6174,30.0189],[79.6224,30.0174],[79.6263,30.0174],[79.6311,30.0199],[79.6378,30.0198],[79.6423,30.0177],[79.6459,30.0144],[79.6508,30.0136],[79.6547,30.0121],[79.6569,30.0092],[79.6631,30.0048],[79.6655,30.0048],[79.6687,30.0087],[79.6763,30.0083],[79.6783,30.0094],[79.6821,30.0093],[79.688,30.0081],[79.6909,30.0059],[79.6953,30.0042],[79.6988,30.0046],[79.7064,30.0038],[79.7088,30.0042],[79.7118,30.0029],[79.7207,30.0013],[79.7286,30.0019],[79.7315,30.0039],[79.7384,30.0058],[79.742,30.004],[79.7481,30.0048],[79.7503,30.0068],[79.7552,30.0081],[79.7613,30.0083],[79.7656,30.01],[79.7738,30.0061],[79.7772,30.0056],[79.7823,30.0077],[79.783,30.0094],[79.7884,30.0146],[79.7891,30.0162],[79.7986,30.0159],[79.8012,30.018],[79.8037,30.0184],[79.8135,30.0233],[79.811,30.029],[79.8125,30.0374],[79.8166,30.0482],[79.8242,30.0521],[79.8261,30.0555],[79.8293,30.0584],[79.8248,30.0639],[79.8242,30.0655],[79.8203,30.0685],[79.8172,30.0718],[79.8111,30.0762],[79.8061,30.0785],[79.7987,30.0778],[79.7916,30.0777],[79.7887,30.0804],[79.7858,30.0871],[79.7822,30.09],[79.7795,30.0951],[79.7772,30.0977],[79.7778,30.1022],[79.7796,30.1087],[79.7817,30.113],[79.7793,30.1163],[79.7756,30.1193],[79.773,30.1284],[79.7661,30.1308],[79.763,30.133],[79.7644,30.1382],[79.7666,30.1435],[79.7699,30.1446],[79.7725,30.1476],[79.7775,30.1494],[79.7821,30.1523],[79.783,30.1568],[79.7851,30.1605],[79.7864,30.1653],[79.7811,30.1716],[79.7822,30.1747],[79.7828,30.1807],[79.786,30.1848],[79.7915,30.1881],[79.7932,30.1923],[79.7958,30.1957],[79.7971,30.2005],[79.7996,30.2035],[79.8017,30.2127],[79.8057,30.2128],[79.808,30.2151],[79.815,30.217],[79.8197,30.2239],[79.8221,30.2264],[79.8207,30.2282],[79.8193,30.2347],[79.8154,30.237],[79.8172,30.2411],[79.8178,30.2454],[79.8126,30.2495],[79.8064,30.2599],[79.8041,30.2608],[79.8045,30.2635],[79.8039,30.2692],[79.801,30.2731],[79.7998,30.2764],[79.7973,30.2787],[79.7995,30.2843],[79.7956,30.2902],[79.7931,30.2907],[79.7822,30.2998],[79.7744,30.2946]]]},"properties":{"id":"in:subdistrict:288","level":"subdistrict","name":"Tharali","code":288,"parent":"in:district:47","state":"in:state:5"}},{"type":"Feature","geometry":{"type":"Polygon","coordinates":[[[79.5155,29.8381],[79.5108,29.8361],[79.5097,29.8347],[79.5049,29.8328],[79.5033,29.8334],[79.4999,29.8372],[79.4961,29.8395],[79.4856,29.8395],[79.4773,29.8379],[79.4729,29.8361],[79.4679,29.8389],[79.4649,29.8421],[79.4613,29.8437],[79.4519,29.8416],[79.4514,29.8399],[79.4474,29.8364],[79.4474,29.8318],[79.4455,29.8275],[79.447,29.8245],[79.4493,29.8167],[79.4483,29.8124],[79.4502,29.8094],[79.4513,29.8034],[79.4505,29.8013],[79.4508,29.7966],[79.4453,29.7967],[79.4438,29.7954],[79.4386,29.7937],[79.4293,29.7939],[79.4239,29.7925],[79.4196,29.7907],[79.416,29.791],[79.4107,29.7953],[79.4088,29.7995],[79.4049,29.8028],[79.403,29.806],[79.3967,29.8106],[79.3933,29.8094],[79.3878,29.81],[79.3848,29.8117],[79.3809,29.8118],[79.3747,29.8129],[79.368,29.816],[79.3636,29.819],[79.3591,29.8205],[79.3524,29.8244],[79.3475,29.823],[79.3455,29.8206],[79.3424,29.8189],[79.3349,29.8192],[79.3306,29.8182],[79.3238,29.8155],[79.3107,29.8067],[79.3121,29.8021],[79.3115,29.7997],[79.3082,29.7989],[79.3054,29.7956],[79.3051,29.7919],[79.3062,29.7892],[79.3055,29.7847],[79.3083,29.7802],[79.3046,29.7781],[79.3031,29.7759],[79.2989,29.7751],[79.2936,29.7727],[79.2938,29.7695],[79.2966,29.7674],[79.3039,29.7686],[79.3073,29.7671],[79.3091,29.7647],[79.3092,29.762],[79.3045,29.7535],[79.306,29.7525],[79.305,29.7496],[79.3075,29.7462],[79.3124,29.7452],[79.3186,29.7431],[79.3228,29.7442],[79.3331,29.7371],[79.3324,29.7296],[79.3361,29.7283],[79.3377,29.7226],[79.3361,29.7189],[79.3394,29.7121],[79.3395,29.7083],[79.3433,29.7071],[79.3469,29.7079],[79.3495,29.7065],[79.3549,29.7097],[79.3585,29.7101],[79.3606,29.7091],[79.3652,29.7008],[79.3654,29.6965],[79.371,29.692],[79.3717,29.6831],[79.3742,29.6824],[79.3764,29.6858],[79.3832,29.6898],[79.3904,29.6897],[79.3936,29.6923],[79.3987,29.692],[79.4091,29.697],[79.4135,29.6983],[79.4156,29.6977],[79.4174,29.6949],[79.4196,29.6938],[79.4252,29.6944],[79.433,29.69],[79.4358,29.6894],[79.4381,29.6911],[79.4397,29.6894],[79.4435,29.6903],[79.444,29.6886],[79.4484,29.6894],[79.4517,29.6914],[79.4543,29.6903],[79.4623,29.6935],[79.4655,29.6962],[79.474,29.6976],[79.4749,29.702],[79.4802,29.7053],[79.4839,29.7092],[79.4861,29.7147],[79.4877,29.7167],[79.4952,29.7191],[79.4976,29.7223],[79.4974,29.7268],[79.4985,29.7278],[79.5061,29.7292],[79.5099,29.7325],[79.5161,29.7336],[79.5196,29.7336],[79.5237,29.7349],[79.5268,29.7453],[79.527,29.7515],[79.5289,29.7548],[79.5339,29.7565],[79.5386,29.7601],[79.5442,29.7613],[79.5488,29.7642],[79.5498,29.7658],[79.5498,29.7681],[79.5437,29.7743],[79.538,29.7758],[79.533,29.7782],[79.5253,29.7801],[79.5237,29.7846],[79.5219,29.7868],[79.5229,29.7924],[79.5271,29.8007],[79.5292,29.8025],[79.53,29.8052],[79.5294,29.8094],[79.5268,29.8131],[79.5263,29.816],[79.5311,29.8232],[79.5295,29.8267],[79.5225,29.8298],[79.5219,29.833],[79.5155,29.8381]]]},"properties":{"id":"in:subdistrict:329","level":"subdistrict","name":"Dwarahat","code":329,"parent":"in:district:45","state":"in:state:5"}},{"type":"Feature","geometry":{"type":"Polygon","coordinates":[[[79.2823,29.9256],[79.2823,29.9233],[79.2792,29.92],[79.2789,29.9163],[79.2766,29.9112],[79.2766,29.9029],[79.2823,29.8923],[79.2804,29.8875],[79.2725,29.8769],[79.2731,29.8711],[79.2709,29.8698],[79.2684,29.8705],[79.2607,29.8662],[79.2562,29.8629],[79.2527,29.8591],[79.256,29.8549],[79.2558,29.8408],[79.259,29.8342],[79.2541,29.8325],[79.2513,29.8305],[79.2543,29.8251],[79.2546,29.8224],[79.2567,29.8182],[79.2564,29.8136],[79.2573,29.809],[79.2559,29.8063],[79.2564,29.8025],[79.2615,29.801],[79.2638,29.8026],[79.2728,29.8],[79.2725,29.7959],[79.2703,29.7938],[79.2674,29.7929],[79.2654,29.7906],[79.2667,29.7886],[79.2704,29.7865],[79.2704,29.7844],[79.2728,29.7833],[79.2768,29.7832],[79.2812,29.7787],[79.2878,29.7746],[79.2909,29.7749],[79.2936,29.7727],[79.2989,29.7751],[79.3031,29.7759],[79.3046,29.7781],[79.3083,29.7802],[79.3055,29.7847],[79.3062,29.7892],[79.3051,29.7919],[79.3054,29.7956],[79.3082,29.7989],[79.3115,29.7997],[79.3121,29.8021],[79.3107,29.8067],[79.3238,29.8155],[79.3306,29.8182],[79.3349,29.8192],[79.3424,29.8189],[79.3455,29.8206],[79.3475,29.823],[79.3524,29.8244],[79.3591,29.8205],[79.3636,29.819],[79.368,29.816],[79.3747,29.8129],[79.3809,29.8118],[79.3848,29.8117],[79.3878,29.81],[79.3933,29.8094],[79.3967,29.8106],[79.403,29.806],[79.4049,29.8028],[79.4088,29.7995],[79.4107,29.7953],[79.416,29.791],[79.4196,29.7907],[79.4239,29.7925],[79.4293,29.7939],[79.4386,29.7937],[79.4438,29.7954],[79.4453,29.7967],[79.4508,29.7966],[79.4505,29.8013],[79.4513,29.8034],[79.4502,29.8094],[79.4483,29.8124],[79.4493,29.8167],[79.447,29.8245],[79.4455,29.8275],[79.4474,29.8318],[79.4474,29.8364],[79.4514,29.8399],[79.4519,29.8416],[79.4613,29.8437],[79.4649,29.8421],[79.4679,29.8389],[79.4729,29.8361],[79.4773,29.8379],[79.4856,29.8395],[79.4961,29.8395],[79.4999,29.8372],[79.5033,29.8334],[79.5049,29.8328],[79.5097,29.8347],[79.5108,29.8361],[79.5155,29.8381],[79.5151,29.8394],[79.5171,29.8439],[79.5205,29.8466],[79.5179,29.8531],[79.5142,29.8555],[79.513,29.8633],[79.5087,29.8666],[79.5083,29.8687],[79.5102,29.8726],[79.507,29.8748],[79.5053,29.8793],[79.5036,29.8813],[79.4995,29.8888],[79.4942,29.8962],[79.4915,29.9266],[79.4923,29.9467],[79.4921,29.9492],[79.4885,29.954],[79.4827,29.9586],[79.4862,29.9611],[79.4886,29.9702],[79.4847,29.975],[79.4788,29.9756],[79.4775,29.9776],[79.4716,29.9795],[79.4667,29.9782],[79.4671,29.9755],[79.4641,29.9718],[79.4611,29.9718],[79.4579,29.9701],[79.4538,29.9661],[79.4509,29.9656],[79.4483,29.9632],[79.4494,29.9588],[79.4471,29.956],[79.4364,29.9525],[79.4336,29.9468],[79.4329,29.9436],[79.4285,29.9368],[79.4245,29.9346],[79.4203,29.9352],[79.4195,29.939],[79.4171,29.9432],[79.4111,29.9431],[79.4037,29.9421],[79.3994,29.9373],[79.3957,29.9377],[79.3928,29.9343],[79.3897,29.9328],[79.3864,29.9291],[79.3838,29.9284],[79.3787,29.9292],[79.374,29.9269],[79.3687,29.9329],[79.3668,29.9385],[79.3603,29.9403],[79.3574,29.9432],[79.3562,29.9496],[79.3518,29.9525],[79.3503,29.9569],[79.3457,29.9602],[79.3409,29.9682],[79.3389,29.9704],[79.3389,29.9726],[79.3352,29.9733],[79.3271,29.9722],[79.3249,29.9729],[79.3248,29.969],[79.326,29.9682],[79.3282,29.9634],[79.3301,29.9542],[79.3303,29.9507],[79.3339,29.9464],[79.3351,29.9435],[79.3327,29.9407],[79.3259,29.9387],[79.3249,29.9344],[79.3255,29.9319],[79.324,29.9295],[79.3172,29.9278],[79.314,29.9305],[79.3099,29.9318],[79.3048,29.9302],[79.3018,29.9284],[79.2973,29.9287],[79.2903,29.9276],[79.2823,29.9256]]]},"properties":{"id":"in:subdistrict:326","level":"subdistrict","name":"Chaukhutiya","code":326,"parent":"in:district:45","state":"in:state:5"}},{"type":"Feature","geometry":{"type":"Polygon","coordinates":[[[79.1706,29.9105],[79.1694,29.9063],[79.1723,29.9032],[79.177,29.8949],[79.1758,29.8895],[79.1734,29.8894],[79.1717,29.8862],[79.1775,29.884],[79.173,29.8802],[79.172,29.8774],[79.163,29.8751],[79.1554,29.8757],[79.1568,29.8701],[79.153,29.8685],[79.147,29.8715],[79.1449,29.8679],[79.1414,29.8677],[79.1377,29.8664],[79.1373,29.8636],[79.1347,29.8625],[79.131,29.8628],[79.1331,29.8594],[79.1361,29.8576],[79.1338,29.8553],[79.1292,29.8525],[79.1284,29.8499],[79.1344,29.8463],[79.1393,29.8452],[79.1426,29.8417],[79.1452,29.8424],[79.1497,29.8404],[79.1553,29.8417],[79.1578,29.8389],[79.1585,29.835],[79.1611,29.8356],[79.1639,29.8347],[79.1655,29.832],[79.1677,29.8337],[79.1735,29.8315],[79.1744,29.8292],[79.1712,29.8255],[79.1723,29.8234],[79.1692,29.8151],[79.17,29.8105],[79.166,29.8076],[79.1652,29.8043],[79.1626,29.8047],[79.1581,29.8027],[79.1596,29.8012],[79.1591,29.7974],[79.1604,29.7934],[79.1621,29.7925],[79.1621,29.7839],[79.1643,29.7857],[79.1713,29.7894],[79.1733,29.7912],[79.1756,29.7905],[79.185,29.7909],[79.1882,29.7921],[79.1911,29.7944],[79.1967,29.7918],[79.2008,29.793],[79.2035,29.7898],[79.205,29.7853],[79.2037,29.7824],[79.2054,29.7804],[79.2034,29.7774],[79.1987,29.7772],[79.1945,29.7728],[79.1916,29.7722],[79.191,29.7752],[79.1842,29.7774],[79.1814,29.7741],[79.1804,29.7709],[79.1836,29.7699],[79.1847,29.7679],[79.1831,29.763],[79.1792,29.7601],[79.1774,29.7556],[79.1743,29.7513],[79.1772,29.7477],[79.176,29.7451],[79.1766,29.7418],[79.1788,29.7369],[79.1786,29.7344],[79.1817,29.7291],[79.1848,29.7297],[79.1882,29.724],[79.1881,29.7229],[79.1932,29.72],[79.1915,29.7183],[79.1918,29.7137],[79.1936,29.7106],[79.1972,29.7087],[79.1953,29.7036],[79.1982,29.6984],[79.1988,29.6957],[79.1962,29.6922],[79.1981,29.6908],[79.1985,29.6875],[79.2021,29.6826],[79.202,29.6802],[79.2048,29.6715],[79.2037,29.6669],[79.2048,29.6615],[79.202,29.6583],[79.1954,29.6562],[79.1923,29.654],[79.1946,29.6491],[79.194,29.6453],[79.1965,29.6428],[79.1964,29.6404],[79.2012,29.6357],[79.2,29.6334],[79.2032,29.6327],[79.2028,29.6301],[79.2088,29.6274],[79.2094,29.6247],[79.2075,29.6208],[79.2109,29.6186],[79.2133,29.619],[79.2168,29.6231],[79.2221,29.6266],[79.2217,29.6294],[79.2189,29.6334],[79.2198,29.6378],[79.2179,29.6414],[79.219,29.6444],[79.2278,29.6475],[79.2285,29.6533],[79.226,29.6561],[79.2267,29.6625],[79.2364,29.6618],[79.2411,29.6593],[79.2485,29.6593],[79.2528,29.6568],[79.2549,29.6543],[79.254,29.652],[79.2546,29.6489],[79.2585,29.6465],[79.2583,29.6437],[79.2509,29.636],[79.2483,29.628],[79.2503,29.625],[79.2547,29.6264],[79.2582,29.6233],[79.2589,29.6187],[79.2645,29.613],[79.263,29.6067],[79.2637,29.6035],[79.2579,29.6024],[79.2625,29.6007],[79.2642,29.5965],[79.2603,29.5947],[79.2541,29.5944],[79.2506,29.5905],[79.2479,29.5836],[79.2487,29.5781],[79.2512,29.5766],[79.2507,29.5707],[79.2527,29.5676],[79.2549,29.5692],[79.2575,29.5679],[79.2607,29.5692],[79.2605,29.5656],[79.2564,29.5656],[79.2576,29.5601],[79.2587,29.5582],[79.268,29.5668],[79.2749,29.5738],[79.2827,29.5761],[79.2866,29.5783],[79.2865,29.5871],[79.2871,29.5901],[79.2932,29.5891],[79.2997,29.5905],[79.3012,29.594],[79.3058,29.5972],[79.3078,29.6012],[79.3135,29.6017],[79.3103,29.6057],[79.3093,29.6084],[79.3168,29.6092],[79.3235,29.6119],[79.3271,29.6108],[79.3304,29.6131],[79.3319,29.6165],[79.3312,29.6199],[79.3259,29.6251],[79.3235,29.6287],[79.3192,29.6294],[79.3165,29.6372],[79.3122,29.6435],[79.3133,29.6498],[79.3151,29.6522],[79.3163,29.6562],[79.3181,29.6578],[79.312,29.6647],[79.3095,29.6719],[79.3053,29.6766],[79.3039,29.6822],[79.3052,29.6875],[79.3021,29.6999],[79.3048,29.7028],[79.3077,29.7033],[79.3123,29.7027],[79.3156,29.7058],[79.3193,29.7063],[79.3235,29.7037],[79.3264,29.7032],[79.3298,29.7047],[79.3334,29.7012],[79.3379,29.7012],[79.3413,29.7028],[79.3433,29.7071],[79.3395,29.7083],[79.3394,29.7121],[79.3361,29.7189],[79.3377,29.7226],[79.3361,29.7283],[79.3324,29.7296],[79.3331,29.7371],[79.3228,29.7442],[79.3186,29.7431],[79.3124,29.7452],[79.3075,29.7462],[79.305,29.7496],[79.306,29.7525],[79.3045,29.7535],[79.3092,29.762],[79.3091,29.7647],[79.3073,29.7671],[79.3039,29.7686],[79.2966,29.7674],[79.2938,29.7695],[79.2936,29.7727],[79.2909,29.7749],[79.2878,29.7746],[79.2812,29.7787],[79.2768,29.7832],[79.2728,29.7833],[79.2704,29.7844],[79.2704,29.7865],[79.2667,29.7886],[79.2654,29.7906],[79.2674,29.7929],[79.2703,29.7938],[79.2725,29.7959],[79.2728,29.8],[79.2638,29.8026],[79.2615,29.801],[79.2564,29.8025],[79.2559,29.8063],[79.2573,29.809],[79.2564,29.8136],[79.2567,29.8182],[79.2546,29.8224],[79.2543,29.8251],[79.2513,29.8305],[79.2541,29.8325],[79.259,29.8342],[79.2558,29.8408],[79.256,29.8549],[79.2527,29.8591],[79.2562,29.8629],[79.2607,29.8662],[79.2684,29.8705],[79.2709,29.8698],[79.2731,29.8711],[79.2725,29.8769],[79.2804,29.8875],[79.2823,29.8923],[79.2766,29.9029],[79.2766,29.9112],[79.2789,29.9163],[79.2792,29.92],[79.2823,29.9233],[79.2823,29.9256],[79.2835,29.9347],[79.286,29.9386],[79.284,29.9428],[79.2851,29.9479],[79.2846,29.9517],[79.2798,29.9537],[79.2776,29.9565],[79.2726,29.9603],[79.2677,29.9601],[79.2609,29.9617],[79.258,29.963],[79.2542,29.9627],[79.2508,29.9607],[79.2472,29.966],[79.2451,29.9707],[79.2385,29.9752],[79.2355,29.9756],[79.2304,29.9791],[79.2248,29.978],[79.23,29.9722],[79.2313,29.9699],[79.2307,29.9655],[79.2318,29.9632],[79.2313,29.96],[79.2292,29.9582],[79.2285,29.9548],[79.2265,29.9511],[79.229,29.9484],[79.2276,29.9458],[79.2255,29.9451],[79.2215,29.9462],[79.2183,29.942],[79.2148,29.9406],[79.2083,29.9433],[79.2048,29.9393],[79.1969,29.9462],[79.193,29.9449],[79.1915,29.943],[79.1909,29.9389],[79.1917,29.9349],[79.1907,29.9327],[79.1894,29.9234],[79.1836,29.9175],[79.1768,29.9076],[79.1725,29.908],[79.1706,29.9105]]]},"properties":{"id":"in:subdistrict:325","level":"subdistrict","name":"Bhikiasain","code":325,"parent":"in:district:45","state":"in:state:5"}},{"type":"Feature","geometry":{"type":"Polygon","coordinates":[[[79.0371,29.5845],[79.0412,29.5849],[79.0496,29.5812],[79.0565,29.5795],[79.0598,29.582],[79.0625,29.5804],[79.0662,29.5798],[79.073,29.5808],[79.0764,29.5821],[79.0855,29.5773],[79.0903,29.5732],[79.0905,29.5682],[79.0932,29.5679],[79.0989,29.5628],[79.1041,29.5601],[79.1096,29.5588],[79.1112,29.5561],[79.1093,29.5534],[79.1086,29.5441],[79.1094,29.545],[79.1185,29.5484],[79.1242,29.5496],[79.1293,29.5481],[79.1328,29.5484],[79.1376,29.5524],[79.1408,29.5527],[79.1432,29.5505],[79.1455,29.5444],[79.1437,29.5421],[79.1484,29.5394],[79.1587,29.5381],[79.1679,29.5346],[79.1762,29.535],[79.1885,29.5302],[79.197,29.5238],[79.2022,29.5228],[79.2062,29.524],[79.21,29.5239],[79.2119,29.5254],[79.2147,29.5252],[79.2162,29.5219],[79.2231,29.5221],[79.227,29.5249],[79.2276,29.5272],[79.2313,29.5294],[79.2341,29.5357],[79.2331,29.5375],[79.2406,29.5364],[79.2454,29.5422],[79.2469,29.5491],[79.2501,29.5498],[79.2534,29.5548],[79.2587,29.5582],[79.2576,29.5601],[79.2564,29.5656],[79.2605,29.5656],[79.2607,29.5692],[79.2575,29.5679],[79.2549,29.5692],[79.2527,29.5676],[79.2507,29.5707],[79.2512,29.5766],[79.2487,29.5781],[79.2479,29.5836],[79.2506,29.5905],[79.2541,29.5944],[79.2603,29.5947],[79.2642,29.5965],[79.2625,29.6007],[79.2579,29.6024],[79.2637,29.6035],[79.263,29.6067],[79.2645,29.613],[79.2589,29.6187],[79.2582,29.6233],[79.2547,29.6264],[79.2503,29.625],[79.2483,29.628],[79.2509,29.636],[79.2583,29.6437],[79.2585,29.6465],[79.2546,29.6489],[79.254,29.652],[79.2549,29.6543],[79.2528,29.6568],[79.2485,29.6593],[79.2411,29.6593],[79.2364,29.6618],[79.2267,29.6625],[79.226,29.6561],[79.2285,29.6533],[79.2278,29.6475],[79.219,29.6444],[79.2179,29.6414],[79.2198,29.6378],[79.2189,29.6334],[79.2217,29.6294],[79.2221,29.6266],[79.2168,29.6231],[79.2133,29.619],[79.2109,29.6186],[79.2075,29.6208],[79.2094,29.6247],[79.2088,29.6274],[79.2028,29.6301],[79.2032,29.6327],[79.2,29.6334],[79.2012,29.6357],[79.1964,29.6404],[79.1965,29.6428],[79.194,29.6453],[79.1946,29.6491],[79.1923,29.654],[79.1954,29.6562],[79.202,29.6583],[79.2048,29.6615],[79.2037,29.6669],[79.2048,29.6715],[79.202,29.6802],[79.2021,29.6826],[79.1985,29.6875],[79.1981,29.6908],[79.1962,29.6922],[79.1988,29.6957],[79.1982,29.6984],[79.1953,29.7036],[79.1972,29.7087],[79.1936,29.7106],[79.1918,29.7137],[79.1915,29.7183],[79.1932,29.72],[79.1881,29.7229],[79.1882,29.724],[79.1848,29.7297],[79.1817,29.7291],[79.1786,29.7344],[79.1788,29.7369],[79.1766,29.7418],[79.176,29.7451],[79.1772,29.7477],[79.1743,29.7513],[79.1774,29.7556],[79.1792,29.7601],[79.1831,29.763],[79.1847,29.7679],[79.1836,29.7699],[79.1804,29.7709],[79.1814,29.7741],[79.1842,29.7774],[79.191,29.7752],[79.1916,29.7722],[79.1945,29.7728],[79.1987,29.7772],[79.2034,29.7774],[79.2054,29.7804],[79.2037,29.7824],[79.205,29.7853],[79.2035,29.7898],[79.2008,29.793],[79.1967,29.7918],[79.1911,29.7944],[79.1882,29.7921],[79.185,29.7909],[79.1756,29.7905],[79.1733,29.7912],[79.1713,29.7894],[79.1643,29.7857],[79.1621,29.7839],[79.1621,29.7925],[79.1604,29.7934],[79.1591,29.7974],[79.1596,29.8012],[79.1581,29.8027],[79.1626,29.8047],[79.1652,29.8043],[79.166,29.8076],[79.17,29.8105],[79.1692,29.8151],[79.1723,29.8234],[79.1712,29.8255],[79.1744,29.8292],[79.1735,29.8315],[79.1677,29.8337],[79.1655,29.832],[79.1639,29.8347],[79.1611,29.8356],[79.1585,29.835],[79.1578,29.8389],[79.1553,29.8417],[79.1497,29.8404],[79.1452,29.8424],[79.1426,29.8417],[79.1393,29.8452],[79.1344,29.8463],[79.1284,29.8499],[79.1292,29.8525],[79.1338,29.8553],[79.1361,29.8576],[79.1331,29.8594],[79.131,29.8628],[79.1347,29.8625],[79.1373,29.8636],[79.1377,29.8664],[79.1414,29.8677],[79.1449,29.8679],[79.147,29.8715],[79.153,29.8685],[79.1568,29.8701],[79.1554,29.8757],[79.163,29.8751],[79.172,29.8774],[79.173,29.8802],[79.1775,29.884],[79.1717,29.8862],[79.1734,29.8894],[79.1758,29.8895],[79.177,29.8949],[79.1723,29.9032],[79.1694,29.9063],[79.1706,29.9105],[79.166,29.9131],[79.1642,29.9154],[79.1588,29.9155],[79.1552,29.9127],[79.1515,29.9118],[79.1481,29.9094],[79.1369,29.9057],[79.1276,29.9056],[79.1268,29.9022],[79.1232,29.8984],[79.1188,29.8949],[79.1146,29.894],[79.1063,29.8938],[79.1042,29.8915],[79.1008,29.8903],[79.0965,29.891],[79.0938,29.8932],[79.0877,29.8925],[79.0838,29.8909],[79.0828,29.8888],[79.0786,29.8859],[79.077,29.8769],[79.0709,29.8728],[79.0718,29.8714],[79.0685,29.8657],[79.069,29.8622],[79.0729,29.8595],[79.0757,29.8602],[79.0801,29.8592],[79.0875,29.8559],[79.0911,29.8501],[79.0958,29.8492],[79.0965,29.8472],[79.1005,29.843],[79.1001,29.841],[79.1022,29.8366],[79.1103,29.8326],[79.1119,29.8284],[79.1114,29.8258],[79.1144,29.8184],[79.1166,29.8169],[79.1162,29.8142],[79.12,29.8093],[79.1179,29.8061],[79.1184,29.8026],[79.1227,29.798],[79.1234,29.7922],[79.1249,29.7899],[79.1243,29.7874],[79.1269,29.7853],[79.1271,29.7815],[79.1248,29.7795],[79.1239,29.7763],[79.1209,29.7728],[79.1146,29.7714],[79.1131,29.7733],[79.1092,29.7752],[79.111,29.7683],[79.1124,29.7648],[79.1122,29.7596],[79.11,29.7523],[79.1115,29.7498],[79.1102,29.742],[79.108,29.739],[79.1093,29.738],[79.1081,29.7331],[79.1107,29.7314],[79.1122,29.7278],[79.1161,29.726],[79.1152,29.7246],[79.1157,29.7193],[79.1189,29.7204],[79.121,29.7192],[79.1197,29.7151],[79.1204,29.714],[79.1192,29.7092],[79.1157,29.7097],[79.1119,29.7059],[79.1129,29.7045],[79.109,29.703],[79.1078,29.7004],[79.1048,29.6986],[79.1069,29.6957],[79.1066,29.694],[79.1098,29.6911],[79.1118,29.6925],[79.1148,29.6909],[79.1135,29.6865],[79.1143,29.6833],[79.1162,29.6828],[79.1132,29.6793],[79.1092,29.6765],[79.1101,29.6735],[79.1082,29.6673],[79.1089,29.665],[79.1053,29.6606],[79.1014,29.6617],[79.1006,29.6647],[79.1034,29.6674],[79.1014,29.6719],[79.0983,29.6738],[79.0962,29.6736],[79.0926,29.6665],[79.0905,29.6641],[79.0871,29.6627],[79.0858,29.6571],[79.0833,29.6545],[79.0843,29.6521],[79.0813,29.6505],[79.0812,29.6469],[79.0792,29.6444],[79.078,29.6393],[79.0785,29.6365],[79.0808,29.6331],[79.0846,29.6327],[79.0856,29.6299],[79.0891,29.6291],[79.0929,29.6265],[79.0857,29.6216],[79.0823,29.6198],[79.0811,29.6162],[79.0762,29.6166],[79.0715,29.6218],[79.0671,29.6205],[79.0677,29.6176],[79.0653,29.6124],[79.0621,29.61],[79.0623,29.6055],[79.0598,29.6048],[79.0597,29.6026],[79.0632,29.5994],[79.0613,29.593],[79.0613,29.5898],[79.0601,29.5876],[79.0564,29.5865],[79.0491,29.5881],[79.0465,29.5911],[79.0419,29.5912],[79.0389,29.5884],[79.0371,29.5845]]]},"properties":{"id":"in:subdistrict:327","level":"subdistrict","name":"Sult","code":327,"parent":"in:district:45","state":"in:state:5"}},{"type":"Feature","geometry":{"type":"Polygon","coordinates":[[[79.2587,29.5582],[79.2534,29.5548],[79.2501,29.5498],[79.2469,29.5491],[79.2454,29.5422],[79.2406,29.5364],[79.2331,29.5375],[79.2341,29.5357],[79.2313,29.5294],[79.2343,29.5278],[79.2375,29.5238],[79.2416,29.5209],[79.2436,29.5169],[79.2438,29.5129],[79.242,29.5108],[79.2417,29.5043],[79.2485,29.5038],[79.2516,29.5023],[79.2517,29.5004],[79.2553,29.4967],[79.2571,29.4981],[79.2614,29.4959],[79.2638,29.4889],[79.2684,29.4871],[79.2692,29.4834],[79.2748,29.4794],[79.2761,29.4773],[79.2796,29.4751],[79.2828,29.4748],[79.2861,29.478],[79.2883,29.4767],[79.2864,29.4726],[79.2874,29.4712],[79.294,29.4666],[79.2968,29.4658],[79.3002,29.4633],[79.3029,29.4638],[79.3046,29.4664],[79.3036,29.4679],[79.3087,29.4722],[79.3166,29.4753],[79.3228,29.4762],[79.3299,29.4758],[79.3287,29.4806],[79.3264,29.4837],[79.3244,29.4881],[79.327,29.4917],[79.3272,29.4935],[79.3232,29.5],[79.3226,29.5025],[79.3249,29.5034],[79.3293,29.4987],[79.3347,29.4959],[79.3395,29.4966],[79.3496,29.486],[79.3576,29.4868],[79.3656,29.49],[79.3689,29.4895],[79.3729,29.485],[79.3779,29.4823],[79.3802,29.4777],[79.3894,29.4726],[79.3922,29.4706],[79.3958,29.4716],[79.4003,29.4762],[79.4048,29.4799],[79.4084,29.482],[79.4098,29.4847],[79.4074,29.4872],[79.4081,29.4904],[79.4123,29.4898],[79.413,29.4886],[79.4175,29.4871],[79.4211,29.4889],[79.4215,29.4859],[79.4259,29.4887],[79.427,29.4914],[79.4258,29.493],[79.4213,29.4933],[79.4176,29.4917],[79.4099,29.493],[79.4067,29.4915],[79.4052,29.4926],[79.4058,29.4953],[79.4088,29.4979],[79.405,29.5005],[79.4101,29.5013],[79.417,29.5005],[79.4213,29.4976],[79.4254,29.4985],[79.4217,29.5033],[79.4188,29.5051],[79.417,29.5105],[79.4152,29.5114],[79.4129,29.5092],[79.4069,29.5055],[79.4038,29.5067],[79.4016,29.5053],[79.3967,29.5103],[79.3969,29.5131],[79.4005,29.5168],[79.4036,29.5176],[79.4026,29.5215],[79.4055,29.5313],[79.4087,29.5304],[79.4096,29.5347],[79.4141,29.5342],[79.4191,29.5304],[79.4254,29.5276],[79.4299,29.5225],[79.4327,29.5183],[79.4376,29.5131],[79.4417,29.5055],[79.445,29.5063],[79.4508,29.5092],[79.453,29.5067],[79.4576,29.5077],[79.4617,29.5075],[79.4669,29.5102],[79.4648,29.5147],[79.4604,29.5173],[79.4513,29.5164],[79.4499,29.5188],[79.4441,29.5233],[79.4433,29.5247],[79.4417,29.5332],[79.4389,29.5385],[79.4344,29.5395],[79.4315,29.5447],[79.424,29.5511],[79.421,29.5519],[79.4148,29.5566],[79.4124,29.5567],[79.4094,29.5623],[79.4038,29.5619],[79.4026,29.564],[79.3999,29.5635],[79.3982,29.5654],[79.397,29.569],[79.3949,29.5697],[79.3919,29.5754],[79.3892,29.5749],[79.3876,29.5766],[79.3857,29.5823],[79.3804,29.588],[79.3697,29.5898],[79.3655,29.5921],[79.3586,29.598],[79.3509,29.5939],[79.3487,29.5969],[79.3537,29.5999],[79.3488,29.6053],[79.3486,29.6067],[79.3421,29.6065],[79.3393,29.6078],[79.3359,29.6117],[79.3322,29.6119],[79.3272,29.6082],[79.3227,29.6038],[79.3161,29.6032],[79.3135,29.6017],[79.3078,29.6012],[79.3058,29.5972],[79.3012,29.594],[79.2997,29.5905],[79.2932,29.5891],[79.2871,29.5901],[79.2865,29.5871],[79.2866,29.5783],[79.2827,29.5761],[79.2749,29.5738],[79.268,29.5668],[79.2587,29.5582]]]},"properties":{"id":"in:subdistrict:339","level":"subdistrict","name":"Betalghat","code":339,"parent":"in:district:51","state":"in:state:5"}},{"type":"Feature","geometry":{"type":"Polygon","coordinates":[[[79.3433,29.7071],[79.3413,29.7028],[79.3379,29.7012],[79.3334,29.7012],[79.3298,29.7047],[79.3264,29.7032],[79.3235,29.7037],[79.3193,29.7063],[79.3156,29.7058],[79.3123,29.7027],[79.3077,29.7033],[79.3048,29.7028],[79.3021,29.6999],[79.3052,29.6875],[79.3039,29.6822],[79.3053,29.6766],[79.3095,29.6719],[79.312,29.6647],[79.3181,29.6578],[79.3163,29.6562],[79.3151,29.6522],[79.3133,29.6498],[79.3122,29.6435],[79.3165,29.6372],[79.3192,29.6294],[79.3235,29.6287],[79.3259,29.6251],[79.3312,29.6199],[79.3319,29.6165],[79.3304,29.6131],[79.3271,29.6108],[79.3235,29.6119],[79.3168,29.6092],[79.3093,29.6084],[79.3103,29.6057],[79.3135,29.6017],[79.3161,29.6032],[79.3227,29.6038],[79.3272,29.6082],[79.3322,29.6119],[79.3359,29.6117],[79.3393,29.6078],[79.3421,29.6065],[79.3486,29.6067],[79.3488,29.6053],[79.3537,29.5999],[79.3487,29.5969],[79.3509,29.5939],[79.3586,29.598],[79.3655,29.5921],[79.3697,29.5898],[79.3804,29.588],[79.3857,29.5823],[79.3876,29.5766],[79.3892,29.5749],[79.3919,29.5754],[79.3949,29.5697],[79.397,29.569],[79.3982,29.5654],[79.3999,29.5635],[79.4026,29.564],[79.4038,29.5619],[79.4094,29.5623],[79.4124,29.5567],[79.4148,29.5566],[79.421,29.5519],[79.424,29.5511],[79.4315,29.5447],[79.4344,29.5395],[79.4389,29.5385],[79.4417,29.5332],[79.4433,29.5247],[79.4441,29.5233],[79.4499,29.5188],[79.4513,29.5164],[79.4604,29.5173],[79.4648,29.5147],[79.4669,29.5102],[79.4732,29.5108],[79.4754,29.5094],[79.4803,29.5043],[79.4808,29.4976],[79.4854,29.4981],[79.4918,29.5025],[79.4965,29.5023],[79.499,29.4977],[79.5033,29.498],[79.504,29.5012],[79.5108,29.5054],[79.5166,29.512],[79.5212,29.5192],[79.5234,29.5239],[79.5258,29.5345],[79.5268,29.5477],[79.5301,29.5488],[79.5334,29.5462],[79.5366,29.5457],[79.5388,29.5492],[79.5426,29.5509],[79.5444,29.5583],[79.5493,29.5678],[79.5488,29.5732],[79.5525,29.5768],[79.5493,29.5784],[79.5425,29.5856],[79.5436,29.5909],[79.5457,29.5933],[79.5414,29.5952],[79.538,29.5977],[79.536,29.6018],[79.5267,29.6129],[79.5227,29.6146],[79.5234,29.619],[79.5247,29.6209],[79.5233,29.6232],[79.5251,29.6279],[79.5231,29.6317],[79.5261,29.6385],[79.5292,29.64],[79.5346,29.6405],[79.5363,29.6419],[79.5371,29.6458],[79.5399,29.6488],[79.5449,29.6484],[79.548,29.6455],[79.5536,29.6447],[79.5625,29.6466],[79.5571,29.6476],[79.5576,29.6501],[79.5565,29.6533],[79.5574,29.6578],[79.5655,29.66],[79.5607,29.6622],[79.5543,29.663],[79.5457,29.6604],[79.5434,29.662],[79.5421,29.667],[79.5384,29.6679],[79.5377,29.6707],[79.5313,29.6737],[79.5294,29.6773],[79.5306,29.6801],[79.5365,29.6831],[79.5381,29.6862],[79.5404,29.6932],[79.5412,29.6982],[79.5431,29.6996],[79.5497,29.7002],[79.5524,29.7028],[79.5533,29.7057],[79.5616,29.7184],[79.5646,29.7219],[79.5696,29.7247],[79.5688,29.7273],[79.5698,29.7294],[79.5674,29.7333],[79.569,29.7351],[79.575,29.7383],[79.5735,29.7405],[79.5748,29.7468],[79.5743,29.7526],[79.5686,29.754],[79.5672,29.7574],[79.5642,29.7606],[79.5565,29.7626],[79.5498,29.7658],[79.5488,29.7642],[79.5442,29.7613],[79.5386,29.7601],[79.5339,29.7565],[79.5289,29.7548],[79.527,29.7515],[79.5268,29.7453],[79.5237,29.7349],[79.5196,29.7336],[79.5161,29.7336],[79.5099,29.7325],[79.5061,29.7292],[79.4985,29.7278],[79.4974,29.7268],[79.4976,29.7223],[79.4952,29.7191],[79.4877,29.7167],[79.4861,29.7147],[79.4839,29.7092],[79.4802,29.7053],[79.4749,29.702],[79.474,29.6976],[79.4655,29.6962],[79.4623,29.6935],[79.4543,29.6903],[79.4517,29.6914],[79.4484,29.6894],[79.444,29.6886],[79.4435,29.6903],[79.4397,29.6894],[79.4381,29.6911],[79.4358,29.6894],[79.433,29.69],[79.4252,29.6944],[79.4196,29.6938],[79.4174,29.6949],[79.4156,29.6977],[79.4135,29.6983],[79.4091,29.697],[79.3987,29.692],[79.3936,29.6923],[79.3904,29.6897],[79.3832,29.6898],[79.3764,29.6858],[79.3742,29.6824],[79.3717,29.6831],[79.371,29.692],[79.3654,29.6965],[79.3652,29.7008],[79.3606,29.7091],[79.3585,29.7101],[79.3549,29.7097],[79.3495,29.7065],[79.3469,29.7079],[79.3433,29.7071]]]},"properties":{"id":"in:subdistrict:328","level":"subdistrict","name":"Ranikhet","code":328,"parent":"in:district:45","state":"in:state:5"}},{"type":"Feature","geometry":{"type":"Polygon","coordinates":[[[79.5426,29.5509],[79.547,29.5498],[79.5513,29.5507],[79.552,29.5475],[79.5494,29.5419],[79.5522,29.5397],[79.5577,29.5395],[79.5633,29.5405],[79.5665,29.5397],[79.5741,29.5401],[79.5771,29.5432],[79.584,29.5451],[79.5869,29.5489],[79.5897,29.5502],[79.5934,29.5496],[79.5977,29.5502],[79.6009,29.5528],[79.6079,29.5537],[79.6127,29.5569],[79.6212,29.5558],[79.6243,29.554],[79.6264,29.554],[79.6314,29.5485],[79.6324,29.5445],[79.6347,29.5428],[79.6446,29.5476],[79.6481,29.5477],[79.6565,29.5417],[79.6619,29.5426],[79.6654,29.5412],[79.6651,29.5342],[79.6671,29.5331],[79.6728,29.5321],[79.6784,29.5359],[79.686,29.5365],[79.6893,29.5336],[79.6854,29.5301],[79.6864,29.5275],[79.692,29.5259],[79.6943,29.5243],[79.7016,29.5221],[79.7089,29.5231],[79.7118,29.5248],[79.7157,29.5245],[79.721,29.5222],[79.7275,29.5261],[79.7291,29.5282],[79.7317,29.5255],[79.7353,29.5271],[79.7378,29.5267],[79.741,29.5302],[79.7478,29.5311],[79.7478,29.5372],[79.7511,29.5383],[79.7545,29.5373],[79.7609,29.5375],[79.764,29.5361],[79.768,29.5382],[79.7715,29.5388],[79.7728,29.5405],[79.7789,29.5448],[79.7784,29.546],[79.7798,29.5517],[79.7829,29.5542],[79.7835,29.556],[79.7812,29.561],[79.7849,29.5642],[79.7863,29.5722],[79.7824,29.5758],[79.7938,29.5808],[79.795,29.5884],[79.7929,29.5917],[79.7929,29.5971],[79.7908,29.5988],[79.7924,29.6015],[79.7954,29.603],[79.7966,29.6075],[79.803,29.6109],[79.8047,29.614],[79.8075,29.6142],[79.81,29.6171],[79.8103,29.6237],[79.8116,29.6264],[79.815,29.63],[79.815,29.6328],[79.813,29.6352],[79.8122,29.6389],[79.8128,29.6427],[79.8086,29.6428],[79.8054,29.6439],[79.8026,29.6488],[79.8069,29.6482],[79.8099,29.6514],[79.8132,29.6516],[79.813,29.6475],[79.8165,29.6433],[79.8225,29.6475],[79.8278,29.6484],[79.828,29.65],[79.8317,29.6522],[79.8368,29.6564],[79.8439,29.6562],[79.8483,29.6543],[79.8527,29.6548],[79.86,29.6539],[79.8665,29.6515],[79.8715,29.6518],[79.88,29.6515],[79.8912,29.654],[79.8942,29.6564],[79.8977,29.6629],[79.8996,29.6639],[79.9038,29.6626],[79.9058,29.6648],[79.9104,29.6634],[79.9105,29.6599],[79.9148,29.6583],[79.9173,29.6604],[79.9193,29.6572],[79.9209,29.6602],[79.9234,29.657],[79.9275,29.6564],[79.9324,29.6568],[79.9347,29.6552],[79.9353,29.6496],[79.9398,29.6451],[79.9418,29.641],[79.9478,29.636],[79.9488,29.6386],[79.9481,29.6415],[79.9538,29.6427],[79.9611,29.6407],[79.966,29.6411],[79.9667,29.6431],[79.9704,29.6425],[79.9687,29.6497],[79.9658,29.6511],[79.9634,29.6538],[79.959,29.6567],[79.9596,29.6596],[79.9633,29.6629],[79.9634,29.6649],[79.9582,29.6691],[79.9583,29.6765],[79.9564,29.679],[79.9509,29.6833],[79.9474,29.685],[79.9448,29.6848],[79.9419,29.6822],[79.9405,29.6867],[79.9374,29.6894],[79.9273,29.6951],[79.9238,29.6989],[79.919,29.696],[79.9146,29.698],[79.9073,29.6982],[79.9027,29.6977],[79.8995,29.6999],[79.8962,29.7039],[79.891,29.7036],[79.8895,29.7065],[79.894,29.7122],[79.8858,29.7125],[79.8765,29.7152],[79.8688,29.7146],[79.8648,29.7109],[79.8629,29.7137],[79.8591,29.7148],[79.852,29.7146],[79.8452,29.7169],[79.8403,29.7172],[79.8355,29.7134],[79.8339,29.7107],[79.8245,29.7117],[79.8194,29.7109],[79.8172,29.7138],[79.8147,29.7116],[79.807,29.7123],[79.8064,29.7151],[79.8046,29.716],[79.7999,29.7129],[79.797,29.7094],[79.7933,29.707],[79.7856,29.7102],[79.7803,29.7115],[79.7732,29.7062],[79.7712,29.7064],[79.7646,29.7039],[79.7596,29.701],[79.7569,29.7018],[79.7523,29.7083],[79.7484,29.7086],[79.7459,29.7098],[79.741,29.7147],[79.7363,29.7174],[79.7316,29.7223],[79.7291,29.7278],[79.7217,29.7306],[79.7206,29.7342],[79.7206,29.7378],[79.7169,29.7386],[79.7115,29.7425],[79.7085,29.7466],[79.7084,29.7523],[79.7076,29.7544],[79.7047,29.757],[79.7032,29.7623],[79.6972,29.7644],[79.6962,29.7655],[79.6955,29.7738],[79.6973,29.7769],[79.6963,29.7826],[79.6968,29.7838],[79.7018,29.7872],[79.7031,29.7915],[79.7038,29.7972],[79.7013,29.8003],[79.6972,29.807],[79.6929,29.8077],[79.689,29.8097],[79.6854,29.8089],[79.6784,29.805],[79.6769,29.8017],[79.6782,29.7974],[79.6729,29.7935],[79.6699,29.7903],[79.6712,29.7886],[79.6693,29.7797],[79.6707,29.7753],[79.6727,29.7718],[79.6712,29.7669],[79.6682,29.76],[79.6659,29.7564],[79.6658,29.7526],[79.667,29.747],[79.6679,29.736],[79.6641,29.7308],[79.6596,29.7321],[79.6527,29.7305],[79.6522,29.7291],[79.6578,29.7228],[79.6558,29.7172],[79.6521,29.7138],[79.6489,29.7134],[79.646,29.7144],[79.643,29.7103],[79.6435,29.7089],[79.6481,29.7067],[79.6619,29.7062],[79.6643,29.7015],[79.6617,29.6955],[79.6653,29.6954],[79.6652,29.69],[79.6662,29.6879],[79.664,29.684],[79.6587,29.6832],[79.6571,29.681],[79.6587,29.6767],[79.6543,29.6753],[79.6487,29.6746],[79.6447,29.6717],[79.6435,29.6687],[79.643,29.6641],[79.6383,29.6597],[79.6346,29.6582],[79.6341,29.6535],[79.6281,29.6603],[79.6261,29.6647],[79.6223,29.6703],[79.6196,29.6775],[79.617,29.6787],[79.6145,29.6842],[79.61,29.6857],[79.6089,29.6878],[79.6133,29.6943],[79.6134,29.6972],[79.6101,29.7003],[79.6046,29.7042],[79.595,29.7048],[79.5896,29.7088],[79.5831,29.7123],[79.5826,29.7164],[79.5771,29.7218],[79.5756,29.7247],[79.5722,29.7257],[79.5698,29.7294],[79.5688,29.7273],[79.5696,29.7247],[79.5646,29.7219],[79.5616,29.7184],[79.5533,29.7057],[79.5524,29.7028],[79.5497,29.7002],[79.5431,29.6996],[79.5412,29.6982],[79.5404,29.6932],[79.5381,29.6862],[79.5365,29.6831],[79.5306,29.6801],[79.5294,29.6773],[79.5313,29.6737],[79.5377,29.6707],[79.5384,29.6679],[79.5421,29.667],[79.5434,29.662],[79.5457,29.6604],[79.5543,29.663],[79.5607,29.6622],[79.5655,29.66],[79.5574,29.6578],[79.5565,29.6533],[79.5576,29.6501],[79.5571,29.6476],[79.5625,29.6466],[79.5536,29.6447],[79.548,29.6455],[79.5449,29.6484],[79.5399,29.6488],[79.5371,29.6458],[79.5363,29.6419],[79.5346,29.6405],[79.5292,29.64],[79.5261,29.6385],[79.5231,29.6317],[79.5251,29.6279],[79.5233,29.6232],[79.5247,29.6209],[79.5234,29.619],[79.5227,29.6146],[79.5267,29.6129],[79.536,29.6018],[79.538,29.5977],[79.5414,29.5952],[79.5457,29.5933],[79.5436,29.5909],[79.5425,29.5856],[79.5493,29.5784],[79.5525,29.5768],[79.5488,29.5732],[79.5493,29.5678],[79.5444,29.5583],[79.5426,29.5509]]]},"properties":{"id":"in:subdistrict:330","level":"subdistrict","name":"Almora","code":330,"parent":"in:district:45","state":"in:state:5"}},{"type":"Feature","geometry":{"type":"Polygon","coordinates":[[[79.5498,29.7658],[79.5565,29.7626],[79.5642,29.7606],[79.5672,29.7574],[79.5686,29.754],[79.5743,29.7526],[79.5748,29.7468],[79.5735,29.7405],[79.575,29.7383],[79.569,29.7351],[79.5674,29.7333],[79.5698,29.7294],[79.5722,29.7257],[79.5756,29.7247],[79.5771,29.7218],[79.5826,29.7164],[79.5831,29.7123],[79.5896,29.7088],[79.595,29.7048],[79.6046,29.7042],[79.6101,29.7003],[79.6134,29.6972],[79.6133,29.6943],[79.6089,29.6878],[79.61,29.6857],[79.6145,29.6842],[79.617,29.6787],[79.6196,29.6775],[79.6223,29.6703],[79.6261,29.6647],[79.6281,29.6603],[79.6341,29.6535],[79.6346,29.6582],[79.6383,29.6597],[79.643,29.6641],[79.6435,29.6687],[79.6447,29.6717],[79.6487,29.6746],[79.6543,29.6753],[79.6587,29.6767],[79.6571,29.681],[79.6587,29.6832],[79.664,29.684],[79.6662,29.6879],[79.6652,29.69],[79.6653,29.6954],[79.6617,29.6955],[79.6643,29.7015],[79.6619,29.7062],[79.6481,29.7067],[79.6435,29.7089],[79.643,29.7103],[79.646,29.7144],[79.6489,29.7134],[79.6521,29.7138],[79.6558,29.7172],[79.6578,29.7228],[79.6522,29.7291],[79.6527,29.7305],[79.6596,29.7321],[79.6641,29.7308],[79.6679,29.736],[79.667,29.747],[79.6658,29.7526],[79.6659,29.7564],[79.6682,29.76],[79.6712,29.7669],[79.6727,29.7718],[79.6707,29.7753],[79.6693,29.7797],[79.6712,29.7886],[79.6699,29.7903],[79.6729,29.7935],[79.6782,29.7974],[79.6769,29.8017],[79.6784,29.805],[79.6854,29.8089],[79.689,29.8097],[79.6897,29.8124],[79.6918,29.8146],[79.6973,29.8149],[79.7085,29.8253],[79.7057,29.8274],[79.6949,29.8273],[79.6827,29.8326],[79.6763,29.8345],[79.6721,29.8423],[79.6687,29.8433],[79.6637,29.8405],[79.6596,29.8389],[79.6562,29.841],[79.65,29.8413],[79.6439,29.8406],[79.6393,29.8411],[79.6395,29.8484],[79.6353,29.8496],[79.6314,29.8465],[79.6278,29.8466],[79.6228,29.8428],[79.6184,29.8453],[79.6117,29.8415],[79.6078,29.8428],[79.605,29.8451],[79.5995,29.8462],[79.5957,29.8491],[79.5894,29.8501],[79.5852,29.8516],[79.5795,29.8562],[79.5767,29.8603],[79.5751,29.8639],[79.5684,29.8633],[79.5614,29.8594],[79.5571,29.8611],[79.5523,29.8651],[79.5464,29.866],[79.5436,29.8678],[79.5373,29.8689],[79.5282,29.8679],[79.5227,29.8692],[79.5196,29.8717],[79.5117,29.872],[79.5102,29.8726],[79.5083,29.8687],[79.5087,29.8666],[79.513,29.8633],[79.5142,29.8555],[79.5179,29.8531],[79.5205,29.8466],[79.5171,29.8439],[79.5151,29.8394],[79.5155,29.8381],[79.5219,29.833],[79.5225,29.8298],[79.5295,29.8267],[79.5311,29.8232],[79.5263,29.816],[79.5268,29.8131],[79.5294,29.8094],[79.53,29.8052],[79.5292,29.8025],[79.5271,29.8007],[79.5229,29.7924],[79.5219,29.7868],[79.5237,29.7846],[79.5253,29.7801],[79.533,29.7782],[79.538,29.7758],[79.5437,29.7743],[79.5498,29.7681],[79.5498,29.7658]]]},"properties":{"id":"in:subdistrict:331","level":"subdistrict","name":"Someshwar","code":331,"parent":"in:district:45","state":"in:state:5"}},{"type":"Feature","geometry":{"type":"Polygon","coordinates":[[[79.7481,30.0048],[79.742,30.004],[79.7384,30.0058],[79.7315,30.0039],[79.7286,30.0019],[79.7207,30.0013],[79.7118,30.0029],[79.7088,30.0042],[79.7064,30.0038],[79.6988,30.0046],[79.6953,30.0042],[79.6909,30.0059],[79.688,30.0081],[79.6821,30.0093],[79.6783,30.0094],[79.6763,30.0083],[79.6687,30.0087],[79.6655,30.0048],[79.6631,30.0048],[79.6569,30.0092],[79.6547,30.0121],[79.6508,30.0136],[79.6459,30.0144],[79.6423,30.0177],[79.6378,30.0198],[79.6311,30.0199],[79.6263,30.0174],[79.6224,30.0174],[79.6174,30.0189],[79.6152,30.0203],[79.6101,30.0201],[79.6044,30.0172],[79.6029,30.0151],[79.5973,30.0136],[79.5953,30.0101],[79.5884,30.0068],[79.5874,30.0045],[79.5812,30.005],[79.5713,30.0044],[79.5661,30.0024],[79.5625,30.0034],[79.5498,29.9981],[79.5477,29.9958],[79.5441,29.9972],[79.5401,29.9972],[79.5364,29.9994],[79.5329,29.9999],[79.5269,30.0053],[79.5238,30.013],[79.5221,30.0136],[79.5086,30.0137],[79.4985,30.0154],[79.494,30.0197],[79.4926,30.0221],[79.4878,30.022],[79.484,30.0231],[79.4825,30.0183],[79.48,30.0165],[79.4721,29.9976],[79.4706,29.9892],[79.4718,29.9857],[79.4716,29.9795],[79.4775,29.9776],[79.4788,29.9756],[79.4847,29.975],[79.4886,29.9702],[79.4862,29.9611],[79.4827,29.9586],[79.4885,29.954],[79.4921,29.9492],[79.4923,29.9467],[79.4915,29.9266],[79.4942,29.8962],[79.4995,29.8888],[79.5036,29.8813],[79.5053,29.8793],[79.507,29.8748],[79.5102,29.8726],[79.5117,29.872],[79.5196,29.8717],[79.5227,29.8692],[79.5282,29.8679],[79.5373,29.8689],[79.5436,29.8678],[79.5464,29.866],[79.5523,29.8651],[79.5571,29.8611],[79.5614,29.8594],[79.5684,29.8633],[79.5751,29.8639],[79.5767,29.8603],[79.5795,29.8562],[79.5852,29.8516],[79.5894,29.8501],[79.5957,29.8491],[79.5995,29.8462],[79.605,29.8451],[79.6078,29.8428],[79.6117,29.8415],[79.6184,29.8453],[79.6228,29.8428],[79.6278,29.8466],[79.6314,29.8465],[79.6353,29.8496],[79.6395,29.8484],[79.6393,29.8411],[79.6439,29.8406],[79.65,29.8413],[79.6562,29.841],[79.6569,29.8439],[79.6548,29.8466],[79.654,29.8532],[79.6527,29.8553],[79.6551,29.8566],[79.6566,29.859],[79.6599,29.86],[79.6607,29.8652],[79.6584,29.8699],[79.6584,29.8725],[79.6604,29.8775],[79.6618,29.8781],[79.6644,29.8832],[79.6679,29.8841],[79.6732,29.8828],[79.6745,29.8856],[79.6803,29.8876],[79.6861,29.8879],[79.6872,29.8911],[79.69,29.8946],[79.698,29.8975],[79.7002,29.9002],[79.7026,29.9009],[79.7066,29.9044],[79.7128,29.9059],[79.7158,29.9051],[79.7223,29.8988],[79.7341,29.8956],[79.7391,29.8909],[79.7446,29.8911],[79.7485,29.8955],[79.7517,29.9027],[79.7545,29.9047],[79.7565,29.9091],[79.7557,29.9104],[79.754,29.9135],[79.7545,29.9181],[79.7475,29.9242],[79.7467,29.9264],[79.7483,29.9339],[79.7422,29.9412],[79.7348,29.9488],[79.7302,29.9516],[79.727,29.9549],[79.7245,29.9562],[79.7235,29.9586],[79.7195,29.9619],[79.719,29.9678],[79.7151,29.9728],[79.7162,29.9797],[79.718,29.9855],[79.7205,29.9882],[79.7179,29.9914],[79.7196,29.9944],[79.7274,29.9971],[79.7318,29.9953],[79.7408,29.9974],[79.746,30],[79.7481,30.0048]]]},"properties":{"id":"in:subdistrict:324","level":"subdistrict","name":"Garud","code":324,"parent":"in:district:46","state":"in:state:5"}},{"type":"Feature","geometry":{"type":"Polygon","coordinates":[[[79.7557,29.9104],[79.7565,29.9091],[79.7545,29.9047],[79.7517,29.9027],[79.7485,29.8955],[79.7446,29.8911],[79.7391,29.8909],[79.7341,29.8956],[79.7223,29.8988],[79.7158,29.9051],[79.7128,29.9059],[79.7066,29.9044],[79.7026,29.9009],[79.7002,29.9002],[79.698,29.8975],[79.69,29.8946],[79.6872,29.8911],[79.6861,29.8879],[79.6803,29.8876],[79.6745,29.8856],[79.6732,29.8828],[79.6679,29.8841],[79.6644,29.8832],[79.6618,29.8781],[79.6604,29.8775],[79.6584,29.8725],[79.6584,29.8699],[79.6607,29.8652],[79.6599,29.86],[79.6566,29.859],[79.6551,29.8566],[79.6527,29.8553],[79.654,29.8532],[79.6548,29.8466],[79.6569,29.8439],[79.6562,29.841],[79.6596,29.8389],[79.6637,29.8405],[79.6687,29.8433],[79.6721,29.8423],[79.6763,29.8345],[79.6827,29.8326],[79.6949,29.8273],[79.7057,29.8274],[79.7085,29.8253],[79.6973,29.8149],[79.6918,29.8146],[79.6897,29.8124],[79.689,29.8097],[79.6929,29.8077],[79.6972,29.807],[79.7013,29.8003],[79.7038,29.7972],[79.7074,29.7952],[79.7121,29.7942],[79.714,29.7913],[79.7202,29.7902],[79.7248,29.7908],[79.7234,29.7945],[79.7275,29.7972],[79.7288,29.7998],[79.7311,29.8014],[79.7382,29.8027],[79.7431,29.8042],[79.7527,29.8085],[79.7564,29.8078],[79.7591,29.8033],[79.7634,29.8051],[79.7678,29.8054],[79.7725,29.811],[79.7699,29.8131],[79.7698,29.8159],[79.7712,29.8179],[79.7696,29.823],[79.7742,29.822],[79.7766,29.8188],[79.7775,29.8155],[79.7824,29.8086],[79.783,29.8042],[79.79,29.8001],[79.7933,29.7977],[79.8008,29.7972],[79.7993,29.7941],[79.8046,29.7925],[79.8082,29.79],[79.813,29.7882],[79.8221,29.7815],[79.8245,29.7817],[79.8373,29.7789],[79.8463,29.7765],[79.8503,29.7714],[79.8532,29.7694],[79.8573,29.768],[79.8591,29.7691],[79.8627,29.7682],[79.8675,29.7684],[79.8699,29.7675],[79.8742,29.7727],[79.8779,29.7744],[79.8811,29.7737],[79.8846,29.7759],[79.886,29.7753],[79.8884,29.7785],[79.888,29.7815],[79.8898,29.7863],[79.8843,29.7898],[79.8827,29.7947],[79.8809,29.7952],[79.8815,29.7984],[79.8799,29.8038],[79.8769,29.8044],[79.8749,29.8065],[79.871,29.8083],[79.8652,29.8135],[79.8624,29.8201],[79.8698,29.821],[79.872,29.825],[79.8767,29.8291],[79.8791,29.8303],[79.8835,29.8348],[79.8844,29.8386],[79.8912,29.844],[79.895,29.8463],[79.8987,29.8459],[79.9017,29.8511],[79.9057,29.8559],[79.9049,29.8586],[79.9022,29.8593],[79.9022,29.8625],[79.8994,29.863],[79.895,29.869],[79.8913,29.8698],[79.8837,29.87],[79.8805,29.872],[79.8804,29.8789],[79.8828,29.8816],[79.8833,29.8849],[79.8806,29.8868],[79.8793,29.8903],[79.8802,29.8926],[79.8788,29.8977],[79.8763,29.9013],[79.8728,29.8985],[79.8659,29.8977],[79.8631,29.8968],[79.8574,29.8989],[79.8539,29.9021],[79.8505,29.9022],[79.8464,29.8979],[79.8402,29.8976],[79.8332,29.896],[79.8266,29.8968],[79.8232,29.9001],[79.8203,29.901],[79.8106,29.9019],[79.8092,29.9048],[79.8129,29.9065],[79.8128,29.9099],[79.8079,29.9114],[79.8065,29.9132],[79.8014,29.9156],[79.8006,29.9145],[79.795,29.9165],[79.7892,29.9168],[79.7808,29.9157],[79.7781,29.9162],[79.7701,29.9161],[79.7667,29.9174],[79.7639,29.9172],[79.7602,29.9149],[79.7557,29.9104]]]},"properties":{"id":"in:subdistrict:323","level":"subdistrict","name":"Bageshwar","code":323,"parent":"in:district:46","state":"in:state:5"}},{"type":"Feature","geometry":{"type":"Polygon","coordinates":[[[79.894,29.7122],[79.8938,29.7142],[79.8914,29.7177],[79.8859,29.7205],[79.8791,29.728],[79.8774,29.7314],[79.8729,29.734],[79.8698,29.7379],[79.8662,29.7396],[79.8563,29.7416],[79.8502,29.7443],[79.8453,29.7447],[79.8406,29.748],[79.8326,29.7499],[79.8319,29.7523],[79.8266,29.7595],[79.8275,29.7684],[79.827,29.7695],[79.8209,29.7732],[79.8233,29.7759],[79.8234,29.7798],[79.8221,29.7815],[79.813,29.7882],[79.8082,29.79],[79.8046,29.7925],[79.7993,29.7941],[79.8008,29.7972],[79.7933,29.7977],[79.79,29.8001],[79.783,29.8042],[79.7824,29.8086],[79.7775,29.8155],[79.7766,29.8188],[79.7742,29.822],[79.7696,29.823],[79.7712,29.8179],[79.7698,29.8159],[79.7699,29.8131],[79.7725,29.811],[79.7678,29.8054],[79.7634,29.8051],[79.7591,29.8033],[79.7564,29.8078],[79.7527,29.8085],[79.7431,29.8042],[79.7382,29.8027],[79.7311,29.8014],[79.7288,29.7998],[79.7275,29.7972],[79.7234,29.7945],[79.7248,29.7908],[79.7202,29.7902],[79.714,29.7913],[79.7121,29.7942],[79.7074,29.7952],[79.7038,29.7972],[79.7031,29.7915],[79.7018,29.7872],[79.6968,29.7838],[79.6963,29.7826],[79.6973,29.7769],[79.6955,29.7738],[79.6962,29.7655],[79.6972,29.7644],[79.7032,29.7623],[79.7047,29.757],[79.7076,29.7544],[79.7084,29.7523],[79.7085,29.7466],[79.7115,29.7425],[79.7169,29.7386],[79.7206,29.7378],[79.7206,29.7342],[79.7217,29.7306],[79.7291,29.7278],[79.7316,29.7223],[79.7363,29.7174],[79.741,29.7147],[79.7459,29.7098],[79.7484,29.7086],[79.7523,29.7083],[79.7569,29.7018],[79.7596,29.701],[79.7646,29.7039],[79.7712,29.7064],[79.7732,29.7062],[79.7803,29.7115],[79.7856,29.7102],[79.7933,29.707],[79.797,29.7094],[79.7999,29.7129],[79.8046,29.716],[79.8064,29.7151],[79.807,29.7123],[79.8147,29.7116],[79.8172,29.7138],[79.8194,29.7109],[79.8245,29.7117],[79.8339,29.7107],[79.8355,29.7134],[79.8403,29.7172],[79.8452,29.7169],[79.852,29.7146],[79.8591,29.7148],[79.8629,29.7137],[79.8648,29.7109],[79.8688,29.7146],[79.8765,29.7152],[79.8858,29.7125],[79.894,29.7122]]]},"properties":{"id":"in:subdistrict:6332","level":"subdistrict","name":"Kafligair","code":6332,"parent":"in:district:46","state":"in:state:5"}},{"type":"Feature","geometry":{"type":"Polygon","coordinates":[[[79.8833,29.8849],[79.8828,29.8816],[79.8804,29.8789],[79.8805,29.872],[79.8837,29.87],[79.8913,29.8698],[79.895,29.869],[79.8994,29.863],[79.9022,29.8625],[79.9022,29.8593],[79.9049,29.8586],[79.9057,29.8559],[79.9017,29.8511],[79.8987,29.8459],[79.895,29.8463],[79.8912,29.844],[79.8844,29.8386],[79.8835,29.8348],[79.8791,29.8303],[79.8767,29.8291],[79.872,29.825],[79.8698,29.821],[79.8624,29.8201],[79.8652,29.8135],[79.871,29.8083],[79.8749,29.8065],[79.8769,29.8044],[79.8799,29.8038],[79.8815,29.7984],[79.8809,29.7952],[79.8827,29.7947],[79.8843,29.7898],[79.8898,29.7863],[79.8926,29.7893],[79.8921,29.7936],[79.8939,29.7948],[79.8975,29.792],[79.9001,29.793],[79.9037,29.7981],[79.9063,29.7981],[79.9087,29.7965],[79.909,29.7905],[79.9139,29.7928],[79.9168,29.7911],[79.924,29.7916],[79.9294,29.7911],[79.9314,29.79],[79.9292,29.7861],[79.9294,29.7812],[79.9322,29.7738],[79.9316,29.7665],[79.9351,29.7669],[79.9389,29.7649],[79.9457,29.764],[79.9537,29.7642],[79.9566,29.7636],[79.964,29.7643],[79.9708,29.7607],[79.9752,29.7596],[79.9942,29.7654],[79.9984,29.7643],[79.9989,29.7693],[80.0003,29.7723],[79.9998,29.7744],[80.0034,29.7779],[80.0052,29.7769],[80.0102,29.7763],[80.0139,29.7746],[80.0175,29.7822],[80.0201,29.783],[80.0222,29.7819],[80.0245,29.7834],[80.0273,29.7823],[80.0331,29.7822],[80.0401,29.7874],[80.0387,29.7902],[80.0387,29.795],[80.0339,29.7961],[80.0328,29.8007],[80.0324,29.8065],[80.0297,29.8068],[80.0233,29.8114],[80.0188,29.8107],[80.0165,29.8204],[80.0203,29.8264],[80.0186,29.8295],[80.0117,29.832],[80.0088,29.8321],[80.0021,29.8355],[79.9981,29.8352],[79.9946,29.8382],[79.9939,29.8447],[79.9925,29.8452],[79.9856,29.8431],[79.9813,29.8409],[79.9798,29.8431],[79.9769,29.8416],[79.9768,29.8516],[79.979,29.8524],[79.9821,29.8514],[79.9873,29.8516],[79.9956,29.8501],[80.0001,29.8515],[80.0062,29.8507],[80.0077,29.8535],[80.0078,29.8578],[80.0065,29.8648],[80.0071,29.8679],[80.0057,29.8702],[80.0055,29.8738],[80.0122,29.8869],[80.0255,29.8941],[80.0267,29.8963],[80.0253,29.8986],[80.0201,29.9015],[80.0224,29.9083],[80.0258,29.9114],[80.0256,29.9156],[80.0234,29.9232],[80.0205,29.9254],[80.0174,29.9262],[80.0151,29.9307],[80.0091,29.9332],[80.0055,29.931],[80.0008,29.9299],[79.9939,29.9309],[79.9904,29.9331],[79.9883,29.932],[79.9857,29.9277],[79.9858,29.9238],[79.9869,29.9198],[79.9806,29.9159],[79.9738,29.9165],[79.97,29.9185],[79.9669,29.9163],[79.9632,29.9188],[79.9594,29.9179],[79.9553,29.9215],[79.9509,29.9204],[79.9462,29.9232],[79.9398,29.9253],[79.9382,29.9207],[79.9332,29.9181],[79.9272,29.9162],[79.9209,29.9133],[79.9124,29.9102],[79.909,29.9017],[79.91,29.8998],[79.8999,29.8944],[79.8957,29.8907],[79.8949,29.8871],[79.8912,29.89],[79.8874,29.8898],[79.8887,29.885],[79.8849,29.8836],[79.8833,29.8849]]]},"properties":{"id":"in:subdistrict:322","level":"subdistrict","name":"Kanda","code":322,"parent":"in:district:46","state":"in:state:5"}},{"type":"Feature","geometry":{"type":"Polygon","coordinates":[[[79.9704,29.6425],[79.9722,29.6403],[79.977,29.6295],[79.9814,29.624],[79.9827,29.621],[79.9829,29.6177],[79.9886,29.6138],[79.9892,29.6074],[79.9908,29.6036],[79.9915,29.5973],[79.994,29.5938],[79.9932,29.5877],[79.9947,29.5865],[79.997,29.5802],[79.9967,29.5773],[79.9981,29.5742],[79.9989,29.5603],[80.0046,29.558],[80.0111,29.5512],[80.0188,29.5498],[80.0312,29.551],[80.0359,29.5486],[80.0478,29.5459],[80.0505,29.5449],[80.0613,29.5386],[80.0656,29.5379],[80.0676,29.5361],[80.0652,29.5322],[80.0648,29.5292],[80.0662,29.5269],[80.0716,29.5253],[80.0735,29.5226],[80.0779,29.5209],[80.0814,29.5218],[80.0872,29.5214],[80.092,29.5194],[80.0953,29.5198],[80.1008,29.523],[80.1043,29.5236],[80.103,29.5264],[80.1036,29.5289],[80.1085,29.5313],[80.109,29.5339],[80.1068,29.5354],[80.1057,29.5413],[80.0982,29.5474],[80.0973,29.5524],[80.0995,29.5563],[80.0972,29.5623],[80.0978,29.5669],[80.1014,29.5723],[80.1047,29.5755],[80.1059,29.5804],[80.1031,29.5857],[80.1024,29.593],[80.1027,29.5978],[80.1,29.603],[80.1058,29.6157],[80.1082,29.6168],[80.1099,29.6231],[80.1125,29.6267],[80.1175,29.6257],[80.1232,29.6264],[80.1215,29.6314],[80.1199,29.6334],[80.1225,29.6363],[80.1258,29.6385],[80.1294,29.6424],[80.1347,29.6437],[80.1358,29.6474],[80.1401,29.6491],[80.1408,29.6563],[80.1436,29.6582],[80.1461,29.6618],[80.1484,29.6642],[80.1476,29.6662],[80.142,29.6658],[80.1369,29.6681],[80.126,29.668],[80.1188,29.6706],[80.1135,29.6693],[80.1082,29.6707],[80.0967,29.6721],[80.0922,29.6782],[80.089,29.6779],[80.0844,29.679],[80.0799,29.6793],[80.075,29.6811],[80.0723,29.6835],[80.0664,29.6861],[80.0653,29.6884],[80.0547,29.6901],[80.0517,29.6929],[80.0462,29.6997],[80.0426,29.7002],[80.0392,29.7072],[80.0404,29.7097],[80.0463,29.7153],[80.038,29.7208],[80.0343,29.7269],[80.0349,29.7312],[80.0311,29.7329],[80.0268,29.732],[80.0235,29.7343],[80.0232,29.7406],[80.0279,29.7409],[80.03,29.7425],[80.024,29.744],[80.023,29.7506],[80.0214,29.7534],[80.0215,29.7566],[80.0191,29.7606],[80.0123,29.7655],[80.0072,29.7604],[80.0045,29.7597],[79.9984,29.7643],[79.9942,29.7654],[79.9752,29.7596],[79.9708,29.7607],[79.964,29.7643],[79.9566,29.7636],[79.9537,29.7642],[79.9457,29.764],[79.9389,29.7649],[79.9351,29.7669],[79.9316,29.7665],[79.9322,29.7738],[79.9294,29.7812],[79.9292,29.7861],[79.9314,29.79],[79.9294,29.7911],[79.924,29.7916],[79.9168,29.7911],[79.9139,29.7928],[79.909,29.7905],[79.9087,29.7965],[79.9063,29.7981],[79.9037,29.7981],[79.9001,29.793],[79.8975,29.792],[79.8939,29.7948],[79.8921,29.7936],[79.8926,29.7893],[79.8898,29.7863],[79.888,29.7815],[79.8884,29.7785],[79.886,29.7753],[79.8846,29.7759],[79.8811,29.7737],[79.8779,29.7744],[79.8742,29.7727],[79.8699,29.7675],[79.8675,29.7684],[79.8627,29.7682],[79.8591,29.7691],[79.8573,29.768],[79.8532,29.7694],[79.8503,29.7714],[79.8463,29.7765],[79.8373,29.7789],[79.8245,29.7817],[79.8221,29.7815],[79.8234,29.7798],[79.8233,29.7759],[79.8209,29.7732],[79.827,29.7695],[79.8275,29.7684],[79.8266,29.7595],[79.8319,29.7523],[79.8326,29.7499],[79.8406,29.748],[79.8453,29.7447],[79.8502,29.7443],[79.8563,29.7416],[79.8662,29.7396],[79.8698,29.7379],[79.8729,29.734],[79.8774,29.7314],[79.8791,29.728],[79.8859,29.7205],[79.8914,29.7177],[79.8938,29.7142],[79.894,29.7122],[79.8895,29.7065],[79.891,29.7036],[79.8962,29.7039],[79.8995,29.6999],[79.9027,29.6977],[79.9073,29.6982],[79.9146,29.698],[79.919,29.696],[79.9238,29.6989],[79.9273,29.6951],[79.9374,29.6894],[79.9405,29.6867],[79.9419,29.6822],[79.9448,29.6848],[79.9474,29.685],[79.9509,29.6833],[79.9564,29.679],[79.9583,29.6765],[79.9582,29.6691],[79.9634,29.6649],[79.9633,29.6629],[79.9596,29.6596],[79.959,29.6567],[79.9634,29.6538],[79.9658,29.6511],[79.9687,29.6497],[79.9704,29.6425]]]},"properties":{"id":"in:subdistrict:319","level":"subdistrict","name":"Gangolihat","code":319,"parent":"in:district:53","state":"in:state:5"}},{"type":"Feature","geometry":{"type":"Polygon","coordinates":[[[79.7829,29.5542],[79.7834,29.5531],[79.7929,29.5536],[79.7991,29.5506],[79.7991,29.547],[79.8028,29.5448],[79.806,29.5416],[79.8085,29.543],[79.8058,29.5476],[79.8065,29.5514],[79.8055,29.554],[79.8111,29.5561],[79.8152,29.5544],[79.8163,29.5554],[79.821,29.5515],[79.8222,29.5495],[79.8248,29.5502],[79.8241,29.5541],[79.8298,29.5568],[79.8343,29.5578],[79.837,29.555],[79.842,29.5551],[79.8446,29.5514],[79.8485,29.5476],[79.8519,29.5456],[79.8523,29.5399],[79.847,29.5349],[79.8413,29.5309],[79.8396,29.5286],[79.8366,29.5271],[79.8342,29.5232],[79.8257,29.5223],[79.8258,29.5182],[79.8273,29.5115],[79.8321,29.509],[79.8354,29.5099],[79.8383,29.5082],[79.8409,29.5082],[79.8441,29.5063],[79.847,29.5064],[79.8519,29.5043],[79.8563,29.5076],[79.8586,29.5058],[79.8603,29.5087],[79.8632,29.5107],[79.868,29.5099],[79.8725,29.5105],[79.8746,29.5082],[79.8762,29.5047],[79.8793,29.5048],[79.8836,29.501],[79.8857,29.4961],[79.8916,29.4945],[79.8914,29.4896],[79.8943,29.486],[79.8963,29.4845],[79.8988,29.4851],[79.9008,29.4876],[79.9095,29.4898],[79.9113,29.4866],[79.9146,29.4879],[79.914,29.4842],[79.9175,29.4817],[79.9172,29.4787],[79.9196,29.477],[79.92,29.4739],[79.927,29.4724],[79.9306,29.4763],[79.9329,29.4759],[79.9363,29.4773],[79.9377,29.4762],[79.9431,29.4774],[79.9459,29.4769],[79.947,29.4815],[79.9462,29.4874],[79.9472,29.4996],[79.9531,29.4992],[79.9563,29.4964],[79.9583,29.4971],[79.9609,29.4945],[79.958,29.4897],[79.9557,29.4836],[79.952,29.4784],[79.9534,29.4748],[79.9569,29.4741],[79.9593,29.4767],[79.9629,29.4772],[79.9666,29.476],[79.9682,29.4781],[79.9717,29.4773],[79.9766,29.4827],[79.9775,29.4857],[79.9836,29.4848],[79.9865,29.4854],[79.9871,29.4877],[79.9902,29.4889],[79.9916,29.4868],[79.9947,29.4876],[80.0013,29.4859],[80.0032,29.4898],[80.0077,29.4893],[80.0126,29.4928],[80.0196,29.4932],[80.0235,29.4985],[80.0301,29.5],[80.0297,29.5048],[80.0308,29.5082],[80.0374,29.5077],[80.0433,29.5086],[80.0466,29.5101],[80.0518,29.5109],[80.0536,29.5127],[80.0588,29.5129],[80.0626,29.5153],[80.069,29.5176],[80.0734,29.5185],[80.0779,29.5209],[80.0735,29.5226],[80.0716,29.5253],[80.0662,29.5269],[80.0648,29.5292],[80.0652,29.5322],[80.0676,29.5361],[80.0656,29.5379],[80.0613,29.5386],[80.0505,29.5449],[80.0478,29.5459],[80.0359,29.5486],[80.0312,29.551],[80.0188,29.5498],[80.0111,29.5512],[80.0046,29.558],[79.9989,29.5603],[79.9981,29.5742],[79.9967,29.5773],[79.997,29.5802],[79.9947,29.5865],[79.9932,29.5877],[79.994,29.5938],[79.9915,29.5973],[79.9908,29.6036],[79.9892,29.6074],[79.9886,29.6138],[79.9829,29.6177],[79.9827,29.621],[79.9814,29.624],[79.977,29.6295],[79.9722,29.6403],[79.9704,29.6425],[79.9667,29.6431],[79.966,29.6411],[79.9611,29.6407],[79.9538,29.6427],[79.9481,29.6415],[79.9488,29.6386],[79.9478,29.636],[79.9418,29.641],[79.9398,29.6451],[79.9353,29.6496],[79.9347,29.6552],[79.9324,29.6568],[79.9275,29.6564],[79.9234,29.657],[79.9209,29.6602],[79.9193,29.6572],[79.9173,29.6604],[79.9148,29.6583],[79.9105,29.6599],[79.9104,29.6634],[79.9058,29.6648],[79.9038,29.6626],[79.8996,29.6639],[79.8977,29.6629],[79.8942,29.6564],[79.8912,29.654],[79.88,29.6515],[79.8715,29.6518],[79.8665,29.6515],[79.86,29.6539],[79.8527,29.6548],[79.8483,29.6543],[79.8439,29.6562],[79.8368,29.6564],[79.8317,29.6522],[79.828,29.65],[79.8278,29.6484],[79.8225,29.6475],[79.8165,29.6433],[79.813,29.6475],[79.8132,29.6516],[79.8099,29.6514],[79.8069,29.6482],[79.8026,29.6488],[79.8054,29.6439],[79.8086,29.6428],[79.8128,29.6427],[79.8122,29.6389],[79.813,29.6352],[79.815,29.6328],[79.815,29.63],[79.8116,29.6264],[79.8103,29.6237],[79.81,29.6171],[79.8075,29.6142],[79.8047,29.614],[79.803,29.6109],[79.7966,29.6075],[79.7954,29.603],[79.7924,29.6015],[79.7908,29.5988],[79.7929,29.5971],[79.7929,29.5917],[79.795,29.5884],[79.7938,29.5808],[79.7824,29.5758],[79.7863,29.5722],[79.7849,29.5642],[79.7812,29.561],[79.7835,29.556],[79.7829,29.5542]]]},"properties":{"id":"in:subdistrict:333","level":"subdistrict","name":"Bhanoli","code":333,"parent":"in:district:45","state":"in:state:5"}},{"type":"Feature","geometry":{"type":"Polygon","coordinates":[[[80.1043,29.5236],[80.107,29.5222],[80.1125,29.5146],[80.1239,29.5098],[80.1276,29.5074],[80.1301,29.5032],[80.1293,29.501],[80.1255,29.4967],[80.1254,29.4955],[80.1326,29.489],[80.1395,29.488],[80.1414,29.484],[80.1475,29.4802],[80.149,29.4776],[80.1499,29.4712],[80.1545,29.4724],[80.16,29.4748],[80.1631,29.4724],[80.1619,29.4687],[80.1656,29.4676],[80.1669,29.4649],[80.1705,29.4642],[80.1762,29.4656],[80.182,29.4645],[80.1826,29.4585],[80.1839,29.4575],[80.1882,29.4576],[80.1934,29.4589],[80.1971,29.4587],[80.2006,29.4552],[80.205,29.4518],[80.2111,29.4532],[80.2182,29.452],[80.2218,29.4504],[80.2283,29.4485],[80.2324,29.4467],[80.2367,29.4461],[80.2424,29.4438],[80.2461,29.4472],[80.2548,29.448],[80.2573,29.4517],[80.2661,29.4493],[80.2688,29.4502],[80.2728,29.4497],[80.2745,29.4523],[80.2692,29.4542],[80.2705,29.4569],[80.2783,29.4587],[80.28,29.4563],[80.2789,29.4539],[80.2803,29.4518],[80.288,29.4512],[80.2942,29.4539],[80.2978,29.4517],[80.3007,29.452],[80.3026,29.4541],[80.2932,29.4655],[80.2906,29.4698],[80.2872,29.4736],[80.2872,29.4774],[80.2931,29.4791],[80.2967,29.4853],[80.2962,29.4878],[80.2987,29.4906],[80.3021,29.4893],[80.3037,29.4867],[80.3131,29.4848],[80.314,29.4866],[80.3145,29.4919],[80.3133,29.4981],[80.3156,29.5005],[80.3292,29.5058],[80.3321,29.5129],[80.3362,29.5125],[80.3384,29.5107],[80.3417,29.5103],[80.3447,29.513],[80.3497,29.5193],[80.3487,29.523],[80.3494,29.5252],[80.3549,29.5274],[80.3578,29.5313],[80.3577,29.5332],[80.3528,29.5358],[80.3486,29.5404],[80.3421,29.5401],[80.3416,29.5428],[80.3456,29.5486],[80.3423,29.5524],[80.3492,29.5554],[80.3571,29.5551],[80.3638,29.5566],[80.3623,29.56],[80.3622,29.5631],[80.3649,29.5639],[80.3671,29.5628],[80.3716,29.5631],[80.3768,29.5609],[80.379,29.5622],[80.3784,29.569],[80.3791,29.5716],[80.3874,29.5712],[80.3898,29.5739],[80.391,29.5811],[80.3964,29.5845],[80.4024,29.589],[80.4074,29.5949],[80.4085,29.5982],[80.4089,29.6042],[80.4079,29.6102],[80.4059,29.612],[80.4081,29.6152],[80.4081,29.6197],[80.404,29.6206],[80.3982,29.6244],[80.3917,29.6222],[80.3831,29.6225],[80.3774,29.6201],[80.3744,29.62],[80.3699,29.6219],[80.3689,29.6259],[80.3735,29.6335],[80.3692,29.6394],[80.3639,29.6442],[80.3597,29.655],[80.3502,29.655],[80.345,29.6572],[80.3361,29.6584],[80.3335,29.6592],[80.328,29.658],[80.3224,29.6515],[80.3198,29.6477],[80.3158,29.6466],[80.3128,29.6503],[80.3115,29.6503],[80.306,29.6464],[80.302,29.6445],[80.298,29.6447],[80.2933,29.6475],[80.2867,29.6489],[80.2832,29.6523],[80.276,29.6552],[80.271,29.6556],[80.2632,29.6594],[80.257,29.6631],[80.2533,29.6643],[80.2486,29.6671],[80.2433,29.6661],[80.2386,29.6599],[80.236,29.6604],[80.2305,29.6576],[80.2281,29.6618],[80.2259,29.6635],[80.2196,29.6651],[80.2129,29.6625],[80.2102,29.6641],[80.2078,29.6701],[80.2021,29.6697],[80.1993,29.6687],[80.1941,29.6689],[80.1928,29.6678],[80.192,29.6622],[80.1862,29.6624],[80.1845,29.6613],[80.1796,29.6607],[80.1761,29.6592],[80.1717,29.6562],[80.167,29.6569],[80.1665,29.6549],[80.1611,29.6542],[80.1613,29.6575],[80.1536,29.6569],[80.1501,29.6552],[80.1461,29.6618],[80.1436,29.6582],[80.1408,29.6563],[80.1401,29.6491],[80.1358,29.6474],[80.1347,29.6437],[80.1294,29.6424],[80.1258,29.6385],[80.1225,29.6363],[80.1199,29.6334],[80.1215,29.6314],[80.1232,29.6264],[80.1175,29.6257],[80.1125,29.6267],[80.1099,29.6231],[80.1082,29.6168],[80.1058,29.6157],[80.1,29.603],[80.1027,29.5978],[80.1024,29.593],[80.1031,29.5857],[80.1059,29.5804],[80.1047,29.5755],[80.1014,29.5723],[80.0978,29.5669],[80.0972,29.5623],[80.0995,29.5563],[80.0973,29.5524],[80.0982,29.5474],[80.1057,29.5413],[80.1068,29.5354],[80.109,29.5339],[80.1085,29.5313],[80.1036,29.5289],[80.103,29.5264],[80.1043,29.5236]]]},"properties":{"id":"in:subdistrict:320","level":"subdistrict","name":"Pithoragarh","code":320,"parent":"in:district:53","state":"in:state:5"}},{"type":"Feature","geometry":{"type":"Polygon","coordinates":[[[80.1461,29.6618],[80.1501,29.6552],[80.1536,29.6569],[80.1613,29.6575],[80.1611,29.6542],[80.1665,29.6549],[80.167,29.6569],[80.1717,29.6562],[80.1761,29.6592],[80.1796,29.6607],[80.1845,29.6613],[80.1862,29.6624],[80.192,29.6622],[80.1928,29.6678],[80.1941,29.6689],[80.1993,29.6687],[80.2021,29.6697],[80.2078,29.6701],[80.2102,29.6641],[80.2129,29.6625],[80.2196,29.6651],[80.2259,29.6635],[80.2281,29.6618],[80.2305,29.6576],[80.236,29.6604],[80.2386,29.6599],[80.2433,29.6661],[80.2486,29.6671],[80.2533,29.6643],[80.257,29.6631],[80.2632,29.6594],[80.271,29.6556],[80.276,29.6552],[80.2832,29.6523],[80.2867,29.6489],[80.2933,29.6475],[80.298,29.6447],[80.302,29.6445],[80.306,29.6464],[80.3115,29.6503],[80.3128,29.6503],[80.3158,29.6466],[80.3198,29.6477],[80.3224,29.6515],[80.328,29.658],[80.3335,29.6592],[80.3361,29.6584],[80.345,29.6572],[80.3502,29.655],[80.3597,29.655],[80.3639,29.6442],[80.3692,29.6394],[80.3735,29.6335],[80.3689,29.6259],[80.3699,29.6219],[80.3744,29.62],[80.3774,29.6201],[80.3831,29.6225],[80.3917,29.6222],[80.3982,29.6244],[80.404,29.6206],[80.4081,29.6197],[80.4095,29.6234],[80.4119,29.6261],[80.4187,29.627],[80.4209,29.6299],[80.4193,29.6337],[80.4199,29.6393],[80.4158,29.6415],[80.414,29.6446],[80.4164,29.6507],[80.4136,29.6544],[80.4101,29.6538],[80.409,29.6567],[80.4052,29.6601],[80.3997,29.6585],[80.3972,29.6629],[80.3907,29.6643],[80.3897,29.6658],[80.3899,29.6712],[80.3855,29.6737],[80.3835,29.6774],[80.3849,29.6841],[80.3843,29.6863],[80.3808,29.6885],[80.38,29.6907],[80.3801,29.6958],[80.3792,29.7014],[80.3769,29.7031],[80.3745,29.71],[80.374,29.7137],[80.372,29.716],[80.375,29.7181],[80.3748,29.7212],[80.3686,29.7218],[80.3667,29.7235],[80.3655,29.727],[80.3666,29.7312],[80.3694,29.7348],[80.3652,29.7387],[80.3651,29.7469],[80.3687,29.751],[80.3731,29.7494],[80.3759,29.7498],[80.3752,29.7543],[80.3727,29.7584],[80.3677,29.7618],[80.3664,29.7643],[80.3665,29.7686],[80.3643,29.7711],[80.3594,29.7702],[80.3575,29.7709],[80.3538,29.7794],[80.3556,29.784],[80.3587,29.7873],[80.3581,29.7933],[80.3556,29.7964],[80.356,29.8001],[80.3578,29.8009],[80.3629,29.7981],[80.3645,29.7992],[80.3641,29.8025],[80.3679,29.8072],[80.3675,29.809],[80.3633,29.8136],[80.3658,29.8193],[80.3625,29.8222],[80.3659,29.8287],[80.3655,29.8307],[80.362,29.8318],[80.3568,29.8367],[80.3546,29.8397],[80.3527,29.8442],[80.3528,29.8467],[80.3513,29.8498],[80.3513,29.8547],[80.3502,29.8578],[80.3445,29.8591],[80.3399,29.8635],[80.3347,29.865],[80.332,29.8699],[80.3292,29.8722],[80.3236,29.8749],[80.3239,29.8763],[80.319,29.8771],[80.3142,29.8743],[80.3066,29.8748],[80.3008,29.8782],[80.2969,29.8781],[80.2929,29.8791],[80.2907,29.8822],[80.2806,29.8839],[80.2762,29.8828],[80.2728,29.8848],[80.2693,29.8835],[80.2691,29.878],[80.2662,29.8714],[80.2641,29.8691],[80.2633,29.8632],[80.2608,29.8616],[80.2568,29.8616],[80.2534,29.8607],[80.2494,29.8614],[80.247,29.8641],[80.2413,29.8641],[80.2389,29.867],[80.2393,29.8705],[80.2377,29.8742],[80.2368,29.8798],[80.24,29.8865],[80.2439,29.8887],[80.2517,29.8892],[80.2556,29.8916],[80.2619,29.8933],[80.2609,29.8961],[80.2526,29.897],[80.2488,29.8969],[80.2448,29.8991],[80.2391,29.8943],[80.2298,29.8914],[80.2279,29.8844],[80.2272,29.878],[80.2276,29.8712],[80.2179,29.8681],[80.2122,29.8687],[80.2114,29.864],[80.2078,29.8622],[80.2026,29.8634],[80.1922,29.8614],[80.1843,29.8607],[80.1756,29.8619],[80.1696,29.8574],[80.1622,29.8594],[80.1595,29.8566],[80.1535,29.8565],[80.1549,29.8532],[80.1525,29.8494],[80.1516,29.8463],[80.1472,29.8458],[80.1476,29.8408],[80.1451,29.8402],[80.1428,29.8359],[80.1442,29.832],[80.14,29.8265],[80.1399,29.8239],[80.1372,29.8193],[80.1349,29.8114],[80.1353,29.8072],[80.1329,29.7991],[80.1344,29.7934],[80.1325,29.7882],[80.1346,29.7833],[80.132,29.775],[80.1289,29.7724],[80.1312,29.7672],[80.1261,29.7597],[80.1228,29.7567],[80.1265,29.753],[80.1275,29.7481],[80.1296,29.7428],[80.1271,29.7392],[80.1296,29.7366],[80.1294,29.7329],[80.1261,29.7283],[80.1283,29.7252],[80.1273,29.7215],[80.1314,29.7192],[80.13,29.718],[80.1258,29.7195],[80.1236,29.7192],[80.1198,29.7133],[80.1235,29.7114],[80.1233,29.7084],[80.1251,29.7053],[80.1229,29.7038],[80.1251,29.701],[80.1289,29.6996],[80.1268,29.6924],[80.1323,29.6898],[80.1362,29.6894],[80.1366,29.6871],[80.1329,29.684],[80.1318,29.6805],[80.1339,29.6777],[80.1328,29.6735],[80.1364,29.6724],[80.1368,29.6701],[80.1394,29.6682],[80.1444,29.6676],[80.1476,29.6662],[80.1484,29.6642],[80.1461,29.6618]]]},"properties":{"id":"in:subdistrict:317","level":"subdistrict","name":"Didihat","code":317,"parent":"in:district:53","state":"in:state:5"}},{"type":"Feature","geometry":{"type":"Polygon","coordinates":[[[80.0267,29.8963],[80.0255,29.8941],[80.0122,29.8869],[80.0055,29.8738],[80.0057,29.8702],[80.0071,29.8679],[80.0065,29.8648],[80.0078,29.8578],[80.0077,29.8535],[80.0062,29.8507],[80.0001,29.8515],[79.9956,29.8501],[79.9873,29.8516],[79.9821,29.8514],[79.979,29.8524],[79.9768,29.8516],[79.9769,29.8416],[79.9798,29.8431],[79.9813,29.8409],[79.9856,29.8431],[79.9925,29.8452],[79.9939,29.8447],[79.9946,29.8382],[79.9981,29.8352],[80.0021,29.8355],[80.0088,29.8321],[80.0117,29.832],[80.0186,29.8295],[80.0203,29.8264],[80.0165,29.8204],[80.0188,29.8107],[80.0233,29.8114],[80.0297,29.8068],[80.0324,29.8065],[80.0328,29.8007],[80.0339,29.7961],[80.0387,29.795],[80.0387,29.7902],[80.0401,29.7874],[80.0331,29.7822],[80.0273,29.7823],[80.0245,29.7834],[80.0222,29.7819],[80.0201,29.783],[80.0175,29.7822],[80.0139,29.7746],[80.0102,29.7763],[80.0052,29.7769],[80.0034,29.7779],[79.9998,29.7744],[80.0003,29.7723],[79.9989,29.7693],[79.9984,29.7643],[80.0045,29.7597],[80.0072,29.7604],[80.0123,29.7655],[80.0191,29.7606],[80.0215,29.7566],[80.0214,29.7534],[80.023,29.7506],[80.024,29.744],[80.03,29.7425],[80.0279,29.7409],[80.0232,29.7406],[80.0235,29.7343],[80.0268,29.732],[80.0311,29.7329],[80.0349,29.7312],[80.0343,29.7269],[80.038,29.7208],[80.0463,29.7153],[80.0404,29.7097],[80.0392,29.7072],[80.0426,29.7002],[80.0462,29.6997],[80.0517,29.6929],[80.0547,29.6901],[80.0653,29.6884],[80.0664,29.6861],[80.0723,29.6835],[80.075,29.6811],[80.0799,29.6793],[80.0844,29.679],[80.089,29.6779],[80.0922,29.6782],[80.0967,29.6721],[80.1082,29.6707],[80.1135,29.6693],[80.1188,29.6706],[80.126,29.668],[80.1369,29.6681],[80.142,29.6658],[80.1476,29.6662],[80.1444,29.6676],[80.1394,29.6682],[80.1368,29.6701],[80.1364,29.6724],[80.1328,29.6735],[80.1339,29.6777],[80.1318,29.6805],[80.1329,29.684],[80.1366,29.6871],[80.1362,29.6894],[80.1323,29.6898],[80.1268,29.6924],[80.1289,29.6996],[80.1251,29.701],[80.1229,29.7038],[80.1251,29.7053],[80.1233,29.7084],[80.1235,29.7114],[80.1198,29.7133],[80.1236,29.7192],[80.1258,29.7195],[80.13,29.718],[80.1314,29.7192],[80.1273,29.7215],[80.1283,29.7252],[80.1261,29.7283],[80.1294,29.7329],[80.1296,29.7366],[80.1271,29.7392],[80.1296,29.7428],[80.1275,29.7481],[80.1265,29.753],[80.1228,29.7567],[80.1261,29.7597],[80.1312,29.7672],[80.1289,29.7724],[80.132,29.775],[80.1346,29.7833],[80.1325,29.7882],[80.1344,29.7934],[80.1329,29.7991],[80.1353,29.8072],[80.1349,29.8114],[80.1372,29.8193],[80.1399,29.8239],[80.14,29.8265],[80.1442,29.832],[80.1428,29.8359],[80.1451,29.8402],[80.1476,29.8408],[80.1472,29.8458],[80.1516,29.8463],[80.1525,29.8494],[80.1549,29.8532],[80.1535,29.8565],[80.1595,29.8566],[80.1622,29.8594],[80.1621,29.861],[80.1584,29.8672],[80.1593,29.8717],[80.1614,29.8747],[80.1593,29.8807],[80.1556,29.8844],[80.1484,29.889],[80.1459,29.8937],[80.1486,29.8978],[80.1434,29.9021],[80.1383,29.9013],[80.1344,29.8995],[80.1252,29.8996],[80.1194,29.9026],[80.1162,29.9055],[80.113,29.9049],[80.108,29.9065],[80.0988,29.8985],[80.0959,29.8973],[80.096,29.8936],[80.0936,29.8924],[80.0903,29.8883],[80.0832,29.887],[80.0777,29.8906],[80.0751,29.8958],[80.0713,29.9008],[80.0666,29.902],[80.0631,29.9017],[80.0615,29.9031],[80.0525,29.9023],[80.0512,29.9],[80.045,29.8956],[80.0425,29.8954],[80.0377,29.8969],[80.0322,29.8954],[80.0267,29.8963]]]},"properties":{"id":"in:subdistrict:318","level":"subdistrict","name":"Berinag","code":318,"parent":"in:district:53","state":"in:state:5"}},{"type":"Feature","geometry":{"type":"Polygon","coordinates":[[[79.9869,30.3165],[79.996,30.3167],[80.0107,30.3145],[80.0144,30.3144],[80.0201,30.3154],[80.025,30.3139],[80.0287,30.3089],[80.036,30.3027],[80.0388,30.2981],[80.0407,30.2924],[80.0457,30.2896],[80.0489,30.2869],[80.0588,30.2837],[80.0644,30.2828],[80.0675,30.2807],[80.0642,30.2781],[80.0622,30.2725],[80.0607,30.2708],[80.0626,30.2662],[80.0671,30.267],[80.0709,30.2655],[80.0731,30.2628],[80.0714,30.2582],[80.0745,30.2533],[80.0731,30.2499],[80.0731,30.2432],[80.0776,30.2377],[80.0838,30.2342],[80.093,30.2266],[80.0971,30.226],[80.1008,30.2271],[80.1104,30.2282],[80.1161,30.2266],[80.1175,30.2202],[80.1132,30.208],[80.1084,30.2007],[80.1082,30.197],[80.1112,30.1929],[80.1111,30.1909],[80.1088,30.1875],[80.1073,30.1833],[80.1078,30.1787],[80.1056,30.1749],[80.1031,30.1629],[80.1034,30.1541],[80.105,30.1524],[80.1042,30.1484],[80.1009,30.1445],[80.0991,30.1394],[80.0967,30.1364],[80.0962,30.1321],[80.0943,30.1282],[80.0884,30.1249],[80.087,30.1195],[80.0824,30.1115],[80.0832,30.1067],[80.0822,30.1047],[80.0823,30.0999],[80.0844,30.097],[80.0819,30.0879],[80.0798,30.083],[80.0822,30.0797],[80.0816,30.0769],[80.0849,30.0733],[80.0858,30.0684],[80.0847,30.0624],[80.0822,30.0601],[80.0795,30.0535],[80.0754,30.0469],[80.0757,30.0422],[80.0737,30.0361],[80.0717,30.0344],[80.0716,30.0296],[80.0697,30.0263],[80.0694,30.0197],[80.0676,30.0186],[80.0711,30.0138],[80.0703,30.0118],[80.0732,30.0098],[80.0715,30.0004],[80.076,29.9975],[80.076,29.9942],[80.0793,29.99],[80.0812,29.9888],[80.0826,29.9838],[80.0857,29.9796],[80.0899,29.9718],[80.091,29.969],[80.0954,29.9673],[80.0979,29.9625],[80.1026,29.9596],[80.1079,29.9588],[80.1098,29.956],[80.115,29.9547],[80.1179,29.9515],[80.1277,29.9462],[80.132,29.9427],[80.1361,29.9428],[80.1405,29.939],[80.1423,29.9329],[80.1452,29.9304],[80.1468,29.9265],[80.1502,29.9216],[80.1516,29.9175],[80.1567,29.9118],[80.1586,29.9044],[80.1539,29.8999],[80.1486,29.8978],[80.1459,29.8937],[80.1484,29.889],[80.1556,29.8844],[80.1593,29.8807],[80.1614,29.8747],[80.1593,29.8717],[80.1584,29.8672],[80.1621,29.861],[80.1622,29.8594],[80.1696,29.8574],[80.1756,29.8619],[80.1843,29.8607],[80.1922,29.8614],[80.2026,29.8634],[80.2078,29.8622],[80.2114,29.864],[80.2122,29.8687],[80.2179,29.8681],[80.2276,29.8712],[80.2272,29.878],[80.2279,29.8844],[80.2298,29.8914],[80.2391,29.8943],[80.2448,29.8991],[80.2488,29.8969],[80.2526,29.897],[80.2609,29.8961],[80.2619,29.8933],[80.2556,29.8916],[80.2517,29.8892],[80.2439,29.8887],[80.24,29.8865],[80.2368,29.8798],[80.2377,29.8742],[80.2393,29.8705],[80.2389,29.867],[80.2413,29.8641],[80.247,29.8641],[80.2494,29.8614],[80.2534,29.8607],[80.2568,29.8616],[80.2608,29.8616],[80.2633,29.8632],[80.2641,29.8691],[80.2662,29.8714],[80.2691,29.878],[80.2693,29.8835],[80.2728,29.8848],[80.2762,29.8828],[80.2806,29.8839],[80.2907,29.8822],[80.2929,29.8791],[80.2969,29.8781],[80.3008,29.8782],[80.3066,29.8748],[80.3142,29.8743],[80.319,29.8771],[80.3239,29.8763],[80.324,29.8795],[80.321,29.8806],[80.3192,29.8846],[80.3197,29.8875],[80.3157,29.8933],[80.3165,29.8986],[80.315,29.902],[80.31,29.9039],[80.3089,29.9056],[80.3113,29.9127],[80.3109,29.9156],[80.3071,29.9231],[80.3041,29.9262],[80.3011,29.9276],[80.3003,29.9298],[80.3006,29.9353],[80.2976,29.9367],[80.3009,29.9457],[80.302,29.9543],[80.3021,29.9588],[80.3058,29.9607],[80.3116,29.9577],[80.3164,29.9576],[80.3274,29.9559],[80.332,29.9507],[80.3407,29.9453],[80.3436,29.945],[80.348,29.9464],[80.3516,29.9452],[80.3533,29.9474],[80.3581,29.9491],[80.36,29.9489],[80.3711,29.9447],[80.3748,29.9401],[80.379,29.9388],[80.3835,29.9409],[80.3919,29.9435],[80.3961,29.9458],[80.3986,29.949],[80.4016,29.9499],[80.4071,29.9531],[80.4113,29.9575],[80.417,29.9601],[80.4198,29.96],[80.4293,29.957],[80.434,29.9597],[80.4358,29.9597],[80.4379,29.9628],[80.4458,29.9717],[80.4476,29.973],[80.4549,29.974],[80.4592,29.979],[80.4636,29.9829],[80.47,29.9849],[80.4698,29.9881],[80.4711,29.9914],[80.4756,29.9959],[80.4773,29.9992],[80.4755,30.0005],[80.4739,30.0041],[80.4704,30.0081],[80.4724,30.0106],[80.4728,30.0132],[80.4715,30.0171],[80.4713,30.0221],[80.4736,30.0256],[80.4763,30.0258],[80.4798,30.0293],[80.4803,30.0352],[80.4761,30.0389],[80.4756,30.0438],[80.4772,30.0453],[80.4774,30.0509],[80.4731,30.0595],[80.4732,30.0662],[80.4766,30.0705],[80.4808,30.0736],[80.4828,30.0786],[80.4873,30.086],[80.4899,30.0883],[80.491,30.0915],[80.4885,30.0958],[80.4872,30.0996],[80.4897,30.1086],[80.4883,30.1102],[80.484,30.1178],[80.4814,30.1199],[80.4748,30.1228],[80.473,30.1288],[80.4705,30.1319],[80.4722,30.1371],[80.4769,30.1427],[80.4776,30.1462],[80.4735,30.1496],[80.4687,30.1522],[80.4631,30.1593],[80.4618,30.1626],[80.4666,30.1648],[80.4686,30.1687],[80.4695,30.1745],[80.4688,30.1766],[80.4703,30.1817],[80.4688,30.1847],[80.4693,30.1876],[80.4639,30.1907],[80.4588,30.1946],[80.4539,30.1951],[80.4496,30.1979],[80.4455,30.1993],[80.4427,30.2026],[80.4343,30.2027],[80.4295,30.206],[80.4259,30.2115],[80.426,30.2178],[80.4237,30.2221],[80.4216,30.2233],[80.4221,30.2284],[80.4233,30.2312],[80.4269,30.2347],[80.4324,30.238],[80.4323,30.2429],[80.4273,30.246],[80.4246,30.246],[80.418,30.2438],[80.4068,30.2435],[80.4052,30.2443],[80.3996,30.2435],[80.396,30.2467],[80.3935,30.2478],[80.3833,30.2472],[80.378,30.2503],[80.3756,30.2538],[80.3788,30.2601],[80.3739,30.2643],[80.3719,30.2676],[80.3716,30.2716],[80.3743,30.2787],[80.3781,30.2837],[80.3829,30.2887],[80.3898,30.2932],[80.3906,30.296],[80.3889,30.3006],[80.3887,30.3079],[80.3893,30.3132],[80.3859,30.315],[80.3844,30.3195],[80.3844,30.3244],[80.3822,30.3255],[80.3816,30.3315],[80.3793,30.3364],[80.3778,30.3436],[80.3782,30.351],[80.3793,30.3556],[80.377,30.36],[80.3796,30.3645],[80.3836,30.3683],[80.3843,30.3732],[80.3782,30.3761],[80.3774,30.3797],[80.3759,30.3818],[80.3697,30.3815],[80.3644,30.3803],[80.36,30.3803],[80.3537,30.3789],[80.3455,30.3803],[80.3409,30.3827],[80.3366,30.3861],[80.3352,30.3903],[80.3308,30.393],[80.3283,30.3965],[80.329,30.4003],[80.3242,30.4043],[80.3265,30.41],[80.3275,30.4141],[80.3236,30.4162],[80.3196,30.4151],[80.3093,30.416],[80.3056,30.4174],[80.302,30.4207],[80.3019,30.4242],[80.2984,30.427],[80.3016,30.4323],[80.2955,30.4353],[80.2893,30.4395],[80.2851,30.4411],[80.28,30.44],[80.2777,30.4387],[80.2741,30.4392],[80.2753,30.4422],[80.2718,30.4484],[80.266,30.453],[80.2607,30.4544],[80.2633,30.4587],[80.2618,30.4632],[80.2582,30.4652],[80.253,30.4666],[80.2473,30.4704],[80.2479,30.4745],[80.2523,30.4792],[80.247,30.4819],[80.2475,30.4871],[80.255,30.4915],[80.2646,30.4947],[80.2657,30.4984],[80.2674,30.4995],[80.273,30.4992],[80.2766,30.4977],[80.2808,30.4998],[80.2793,30.5118],[80.2814,30.5142],[80.2797,30.5191],[80.2809,30.5219],[80.2749,30.53],[80.2745,30.5326],[80.2691,30.5365],[80.2691,30.541],[80.2677,30.5443],[80.2632,30.5476],[80.2633,30.5513],[80.261,30.5546],[80.2561,30.5572],[80.2569,30.5602],[80.2533,30.5654],[80.2489,30.5687],[80.241,30.573],[80.2268,30.5789],[80.2268,30.5848],[80.2274,30.5934],[80.2296,30.6009],[80.2288,30.6035],[80.2228,30.6067],[80.2171,30.6084],[80.2143,30.6158],[80.2124,30.6184],[80.2119,30.6248],[80.2151,30.6257],[80.2187,30.6286],[80.2218,30.6333],[80.2223,30.6375],[80.2212,30.6418],[80.2171,30.6454],[80.2054,30.6544],[80.1972,30.6621],[80.197,30.6651],[80.1979,30.6727],[80.1976,30.68],[80.1997,30.683],[80.2041,30.6849],[80.2125,30.6843],[80.2249,30.6868],[80.2346,30.6883],[80.2364,30.6904],[80.2373,30.6994],[80.2369,30.7075],[80.2406,30.7124],[80.2476,30.7178],[80.2484,30.7206],[80.249,30.7288],[80.2502,30.7326],[80.2504,30.7424],[80.2429,30.7466],[80.2411,30.7508],[80.2399,30.7572],[80.2397,30.7621],[80.2385,30.7623],[80.2302,30.7592],[80.2247,30.7554],[80.2198,30.7504],[80.2168,30.7489],[80.2131,30.7507],[80.2083,30.7565],[80.2034,30.7604],[80.2001,30.7647],[80.1993,30.7686],[80.2003,30.7727],[80.2032,30.7765],[80.1984,30.7788],[80.1927,30.785],[80.1876,30.7899],[80.1845,30.7972],[80.181,30.802],[80.1778,30.8041],[80.1581,30.8059],[80.156,30.8049],[80.1542,30.7997],[80.1574,30.7887],[80.1538,30.7874],[80.1482,30.7894],[80.1435,30.7898],[80.1413,30.7869],[80.1377,30.7841],[80.1341,30.7836],[80.13,30.782],[80.1263,30.7786],[80.1224,30.7774],[80.1188,30.7786],[80.1158,30.7782],[80.1109,30.7793],[80.1001,30.7874],[80.0916,30.7827],[80.0894,30.7795],[80.0853,30.7763],[80.0834,30.7737],[80.0835,30.769],[80.0863,30.7639],[80.0868,30.7579],[80.0923,30.7505],[80.0967,30.747],[80.0973,30.7444],[80.0956,30.742],[80.0991,30.7361],[80.102,30.7298],[80.1005,30.725],[80.0947,30.7234],[80.0914,30.7243],[80.0877,30.7277],[80.0863,30.7271],[80.0804,30.7293],[80.0716,30.7285],[80.0544,30.7286],[80.0509,30.7304],[80.0443,30.7327],[80.035,30.733],[80.0277,30.7345],[80.0178,30.7275],[80.0156,30.7273],[80.009,30.7242],[80.0047,30.7207],[79.9999,30.7186],[79.9936,30.7168],[79.9881,30.712],[79.9852,30.7086],[79.9819,30.7098],[79.9795,30.7093],[79.9796,30.7063],[79.9833,30.7004],[79.9829,30.6964],[79.9852,30.6927],[79.9829,30.6898],[79.9874,30.6868],[79.9909,30.6828],[79.9946,30.6809],[80.0012,30.6756],[80.002,30.6731],[80.0056,30.6696],[80.0076,30.6664],[80.0132,30.6657],[80.0157,30.6614],[80.017,30.6571],[80.0151,30.6528],[80.0152,30.6483],[80.0175,30.6477],[80.0197,30.6451],[80.0212,30.6404],[80.0255,30.6389],[80.0292,30.6386],[80.0333,30.6359],[80.0338,30.6333],[80.0304,30.6283],[80.0353,30.6249],[80.036,30.6205],[80.03,30.6165],[80.0308,30.6135],[80.0393,30.6091],[80.0418,30.6043],[80.0428,30.5983],[80.0411,30.596],[80.0339,30.5917],[80.0274,30.5901],[80.0234,30.5874],[80.0204,30.5835],[80.0197,30.5788],[80.0133,30.5763],[80.0116,30.5736],[80.0107,30.5691],[80.0117,30.5608],[80.0089,30.5572],[80.0075,30.5537],[80.0015,30.5487],[80.0001,30.545],[79.9978,30.5441],[79.995,30.5374],[79.9963,30.5319],[79.9996,30.5305],[80.0037,30.5273],[80.0041,30.5238],[80.0063,30.5219],[80.0074,30.5159],[80.0066,30.5121],[80.0071,30.5063],[80.0123,30.5033],[80.0126,30.4994],[80.0097,30.4966],[80.0092,30.4944],[80.0158,30.4918],[80.0155,30.4855],[80.0202,30.4811],[80.0174,30.4783],[80.0106,30.4752],[80.0084,30.4727],[80.0091,30.4685],[80.0152,30.4648],[80.0196,30.4601],[80.0227,30.4536],[80.02,30.4489],[80.0279,30.446],[80.0349,30.4451],[80.0376,30.4439],[80.0377,30.4409],[80.0327,30.4328],[80.0341,30.43],[80.0339,30.4257],[80.0309,30.4217],[80.0319,30.4195],[80.0299,30.4143],[80.0307,30.4125],[80.0375,30.4096],[80.0373,30.4048],[80.0314,30.3968],[80.033,30.3928],[80.0299,30.392],[80.0245,30.3868],[80.0208,30.3849],[80.0166,30.3815],[80.0082,30.3691],[80.0045,30.3682],[80.0007,30.366],[79.9978,30.3662],[79.997,30.3631],[79.9991,30.3576],[79.9964,30.3517],[79.9966,30.3429],[79.996,30.3349],[79.9937,30.3298],[79.9919,30.3287],[79.9872,30.3192],[79.9869,30.3165]]]},"properties":{"id":"in:subdistrict:315","level":"subdistrict","name":"Munsiari","code":315,"parent":"in:district:53","state":"in:state:5"}},{"type":"Feature","geometry":{"type":"Polygon","coordinates":[[[80.3759,29.7498],[80.3846,29.7503],[80.3863,29.7515],[80.3851,29.7583],[80.3901,29.7605],[80.3938,29.7584],[80.398,29.7597],[80.3963,29.7634],[80.4,29.7736],[80.4048,29.7782],[80.4036,29.7811],[80.4072,29.7841],[80.4061,29.7886],[80.4077,29.7932],[80.4127,29.7916],[80.4159,29.7956],[80.4219,29.7961],[80.4282,29.7977],[80.4309,29.8014],[80.4331,29.8027],[80.4339,29.8052],[80.4366,29.8061],[80.4395,29.8018],[80.4424,29.7997],[80.4459,29.7989],[80.4503,29.7998],[80.4532,29.8022],[80.4643,29.8024],[80.471,29.7995],[80.4771,29.7976],[80.48,29.7954],[80.4831,29.7964],[80.4902,29.796],[80.4943,29.7966],[80.494,29.7995],[80.496,29.8053],[80.4989,29.8071],[80.4997,29.8091],[80.4976,29.8105],[80.5005,29.8165],[80.5051,29.82],[80.5078,29.8238],[80.5168,29.8256],[80.522,29.8274],[80.5238,29.8295],[80.5233,29.8322],[80.5271,29.8332],[80.5314,29.8387],[80.5355,29.8387],[80.5362,29.8424],[80.5384,29.8473],[80.5443,29.8469],[80.5488,29.8505],[80.5521,29.8502],[80.5533,29.8533],[80.5514,29.8556],[80.5542,29.8595],[80.5543,29.8616],[80.5609,29.8658],[80.561,29.8672],[80.5568,29.8695],[80.56,29.8749],[80.5627,29.8761],[80.5655,29.8793],[80.5702,29.8918],[80.5724,29.8949],[80.5709,29.9025],[80.5709,29.9059],[80.5697,29.9087],[80.5709,29.9154],[80.5727,29.9185],[80.5744,29.9246],[80.5779,29.9277],[80.5788,29.9324],[80.5813,29.937],[80.5842,29.9393],[80.5897,29.9479],[80.595,29.953],[80.6018,29.9581],[80.6045,29.9593],[80.6087,29.9588],[80.6164,29.9619],[80.6185,29.9633],[80.6227,29.9644],[80.6253,29.9641],[80.6296,29.9654],[80.6332,29.9648],[80.6385,29.9627],[80.6399,29.9601],[80.6491,29.9557],[80.6571,29.9555],[80.6626,29.9567],[80.6701,29.9575],[80.6742,29.9571],[80.678,29.959],[80.6822,29.9622],[80.6843,29.9673],[80.6874,29.97],[80.6881,29.972],[80.6911,29.9752],[80.6957,29.9778],[80.697,29.9797],[80.7,29.9797],[80.7038,29.9846],[80.709,29.9891],[80.7126,29.991],[80.7152,29.9959],[80.7193,30.0008],[80.7237,29.9999],[80.7288,30.0005],[80.7374,29.9994],[80.7421,30.0033],[80.7446,30.0039],[80.7498,30.0095],[80.7533,30.0168],[80.7539,30.0198],[80.7577,30.0242],[80.7581,30.0277],[80.7559,30.0309],[80.756,30.0403],[80.7585,30.0418],[80.7585,30.0451],[80.761,30.0495],[80.7663,30.0521],[80.7729,30.0543],[80.7761,30.0543],[80.7795,30.0568],[80.7821,30.0606],[80.7839,30.0616],[80.7867,30.0669],[80.789,30.0691],[80.789,30.072],[80.7927,30.0745],[80.7947,30.0776],[80.7998,30.0812],[80.8014,30.0854],[80.8056,30.09],[80.8093,30.0909],[80.8137,30.0931],[80.8142,30.0955],[80.8165,30.0971],[80.8195,30.0971],[80.8203,30.0993],[80.826,30.1],[80.8292,30.0973],[80.8328,30.098],[80.8368,30.0975],[80.8446,30.1019],[80.846,30.1044],[80.8457,30.1072],[80.8435,30.1086],[80.8419,30.1115],[80.8447,30.1162],[80.8516,30.118],[80.8594,30.1214],[80.8628,30.1212],[80.8688,30.1263],[80.8748,30.1265],[80.8763,30.1287],[80.8768,30.1344],[80.8749,30.1399],[80.8715,30.1476],[80.8702,30.1529],[80.8704,30.1592],[80.8672,30.1703],[80.8678,30.1739],[80.8706,30.1766],[80.8765,30.1793],[80.882,30.1837],[80.8877,30.1906],[80.891,30.1964],[80.8927,30.2032],[80.8956,30.2084],[80.9027,30.2154],[80.9079,30.2154],[80.9197,30.2142],[80.9217,30.2052],[80.9213,30.1983],[80.9183,30.1898],[80.927,30.1859],[80.9444,30.1787],[80.95,30.1783],[80.96,30.179],[80.9691,30.1817],[80.9807,30.1866],[80.9947,30.1914],[80.9996,30.1925],[81.0075,30.1918],[81.0132,30.1941],[81.0249,30.1959],[81.029,30.1958],[81.035,30.1981],[81.0363,30.2016],[81.0433,30.2046],[81.0454,30.207],[81.0466,30.2109],[81.0433,30.2119],[81.0425,30.214],[81.0368,30.2175],[81.0311,30.2202],[81.03,30.2218],[81.0314,30.2261],[81.0277,30.2274],[81.028,30.2312],[81.0298,30.234],[81.0311,30.2421],[81.0332,30.2464],[81.0298,30.2489],[81.0215,30.2505],[81.0168,30.2523],[81.0124,30.2549],[81.0091,30.2598],[81.0055,30.2631],[80.9955,30.2639],[80.9884,30.2654],[80.98,30.2682],[80.9575,30.2751],[80.9476,30.2776],[80.9331,30.2801],[80.9198,30.2843],[80.9068,30.29],[80.8963,30.294],[80.8866,30.2957],[80.8706,30.2978],[80.8627,30.2995],[80.8459,30.3052],[80.8349,30.3096],[80.8216,30.3156],[80.811,30.3225],[80.8007,30.3296],[80.7926,30.3385],[80.7873,30.3426],[80.7853,30.346],[80.7846,30.3499],[80.7857,30.3541],[80.7836,30.3578],[80.7796,30.3621],[80.758,30.3876],[80.752,30.3935],[80.7457,30.3974],[80.7378,30.4],[80.7237,30.4037],[80.7135,30.4082],[80.7072,30.4125],[80.7037,30.4163],[80.6871,30.431],[80.6781,30.4374],[80.674,30.4391],[80.6646,30.4403],[80.6559,30.4425],[80.652,30.4443],[80.6459,30.4488],[80.6379,30.4537],[80.6233,30.4608],[80.6161,30.4652],[80.6115,30.4694],[80.604,30.4753],[80.598,30.4788],[80.5917,30.4812],[80.5856,30.4821],[80.5802,30.4809],[80.5766,30.4782],[80.5709,30.4681],[80.5688,30.4662],[80.5601,30.4664],[80.5555,30.4649],[80.5514,30.4609],[80.5493,30.4565],[80.5476,30.4486],[80.5391,30.4492],[80.5307,30.4579],[80.5246,30.4626],[80.5208,30.4688],[80.5171,30.4732],[80.5095,30.4755],[80.5033,30.4812],[80.4983,30.4842],[80.4932,30.4856],[80.4856,30.4866],[80.4746,30.4901],[80.4646,30.4928],[80.456,30.4942],[80.4477,30.4977],[80.443,30.5008],[80.4313,30.5072],[80.4292,30.511],[80.4195,30.5152],[80.4182,30.5171],[80.4167,30.5239],[80.4127,30.5252],[80.4069,30.5205],[80.3983,30.5168],[80.3911,30.5153],[80.3856,30.515],[80.3828,30.5161],[80.3814,30.5201],[80.3783,30.5219],[80.3739,30.5215],[80.3606,30.5273],[80.3528,30.5333],[80.337,30.5443],[80.3244,30.5542],[80.3189,30.5594],[80.3124,30.5621],[80.3043,30.5643],[80.2939,30.5678],[80.2831,30.5722],[80.2799,30.5681],[80.277,30.5658],[80.2736,30.565],[80.2662,30.5666],[80.2617,30.5651],[80.2578,30.5588],[80.2569,30.5602],[80.2561,30.5572],[80.261,30.5546],[80.2633,30.5513],[80.2632,30.5476],[80.2677,30.5443],[80.2691,30.541],[80.2691,30.5365],[80.2745,30.5326],[80.2749,30.53],[80.2809,30.5219],[80.2797,30.5191],[80.2814,30.5142],[80.2793,30.5118],[80.2808,30.4998],[80.2766,30.4977],[80.273,30.4992],[80.2674,30.4995],[80.2657,30.4984],[80.2646,30.4947],[80.255,30.4915],[80.2475,30.4871],[80.247,30.4819],[80.2523,30.4792],[80.2479,30.4745],[80.2473,30.4704],[80.253,30.4666],[80.2582,30.4652],[80.2618,30.4632],[80.2633,30.4587],[80.2607,30.4544],[80.266,30.453],[80.2718,30.4484],[80.2753,30.4422],[80.2741,30.4392],[80.2777,30.4387],[80.28,30.44],[80.2851,30.4411],[80.2893,30.4395],[80.2955,30.4353],[80.3016,30.4323],[80.2984,30.427],[80.3019,30.4242],[80.302,30.4207],[80.3056,30.4174],[80.3093,30.416],[80.3196,30.4151],[80.3236,30.4162],[80.3275,30.4141],[80.3265,30.41],[80.3242,30.4043],[80.329,30.4003],[80.3283,30.3965],[80.3308,30.393],[80.3352,30.3903],[80.3366,30.3861],[80.3409,30.3827],[80.3455,30.3803],[80.3537,30.3789],[80.36,30.3803],[80.3644,30.3803],[80.3697,30.3815],[80.3759,30.3818],[80.3774,30.3797],[80.3782,30.3761],[80.3843,30.3732],[80.3836,30.3683],[80.3796,30.3645],[80.377,30.36],[80.3793,30.3556],[80.3782,30.351],[80.3778,30.3436],[80.3793,30.3364],[80.3816,30.3315],[80.3822,30.3255],[80.3844,30.3244],[80.3844,30.3195],[80.3859,30.315],[80.3893,30.3132],[80.3887,30.3079],[80.3889,30.3006],[80.3906,30.296],[80.3898,30.2932],[80.3829,30.2887],[80.3781,30.2837],[80.3743,30.2787],[80.3716,30.2716],[80.3719,30.2676],[80.3739,30.2643],[80.3788,30.2601],[80.3756,30.2538],[80.378,30.2503],[80.3833,30.2472],[80.3935,30.2478],[80.396,30.2467],[80.3996,30.2435],[80.4052,30.2443],[80.4068,30.2435],[80.418,30.2438],[80.4246,30.246],[80.4273,30.246],[80.4323,30.2429],[80.4324,30.238],[80.4269,30.2347],[80.4233,30.2312],[80.4221,30.2284],[80.4216,30.2233],[80.4237,30.2221],[80.426,30.2178],[80.4259,30.2115],[80.4295,30.206],[80.4343,30.2027],[80.4427,30.2026],[80.4455,30.1993],[80.4496,30.1979],[80.4539,30.1951],[80.4588,30.1946],[80.4639,30.1907],[80.4693,30.1876],[80.4688,30.1847],[80.4703,30.1817],[80.4688,30.1766],[80.4695,30.1745],[80.4686,30.1687],[80.4666,30.1648],[80.4618,30.1626],[80.4631,30.1593],[80.4687,30.1522],[80.4735,30.1496],[80.4776,30.1462],[80.4769,30.1427],[80.4722,30.1371],[80.4705,30.1319],[80.473,30.1288],[80.4748,30.1228],[80.4814,30.1199],[80.484,30.1178],[80.4883,30.1102],[80.4897,30.1086],[80.4872,30.0996],[80.4885,30.0958],[80.491,30.0915],[80.4899,30.0883],[80.4873,30.086],[80.4828,30.0786],[80.4808,30.0736],[80.4766,30.0705],[80.4732,30.0662],[80.4731,30.0595],[80.4774,30.0509],[80.4772,30.0453],[80.4756,30.0438],[80.4761,30.0389],[80.4803,30.0352],[80.4798,30.0293],[80.4763,30.0258],[80.4736,30.0256],[80.4713,30.0221],[80.4715,30.0171],[80.4728,30.0132],[80.4724,30.0106],[80.4704,30.0081],[80.4739,30.0041],[80.4755,30.0005],[80.4773,29.9992],[80.4756,29.9959],[80.4711,29.9914],[80.4698,29.9881],[80.47,29.9849],[80.4636,29.9829],[80.4592,29.979],[80.4549,29.974],[80.4476,29.973],[80.4458,29.9717],[80.4379,29.9628],[80.4358,29.9597],[80.434,29.9597],[80.4293,29.957],[80.4198,29.96],[80.417,29.9601],[80.4113,29.9575],[80.4071,29.9531],[80.4016,29.9499],[80.3986,29.949],[80.3961,29.9458],[80.3919,29.9435],[80.3835,29.9409],[80.379,29.9388],[80.3748,29.9401],[80.3711,29.9447],[80.36,29.9489],[80.3581,29.9491],[80.3533,29.9474],[80.3516,29.9452],[80.348,29.9464],[80.3436,29.945],[80.3407,29.9453],[80.332,29.9507],[80.3274,29.9559],[80.3164,29.9576],[80.3116,29.9577],[80.3058,29.9607],[80.3021,29.9588],[80.302,29.9543],[80.3009,29.9457],[80.2976,29.9367],[80.3006,29.9353],[80.3003,29.9298],[80.3011,29.9276],[80.3041,29.9262],[80.3071,29.9231],[80.3109,29.9156],[80.3113,29.9127],[80.3089,29.9056],[80.31,29.9039],[80.315,29.902],[80.3165,29.8986],[80.3157,29.8933],[80.3197,29.8875],[80.3192,29.8846],[80.321,29.8806],[80.324,29.8795],[80.3239,29.8763],[80.3236,29.8749],[80.3292,29.8722],[80.332,29.8699],[80.3347,29.865],[80.3399,29.8635],[80.3445,29.8591],[80.3502,29.8578],[80.3513,29.8547],[80.3513,29.8498],[80.3528,29.8467],[80.3527,29.8442],[80.3546,29.8397],[80.3568,29.8367],[80.362,29.8318],[80.3655,29.8307],[80.3659,29.8287],[80.3625,29.8222],[80.3658,29.8193],[80.3633,29.8136],[80.3675,29.809],[80.3679,29.8072],[80.3641,29.8025],[80.3645,29.7992],[80.3629,29.7981],[80.3578,29.8009],[80.356,29.8001],[80.3556,29.7964],[80.3581,29.7933],[80.3587,29.7873],[80.3556,29.784],[80.3538,29.7794],[80.3575,29.7709],[80.3594,29.7702],[80.3643,29.7711],[80.3665,29.7686],[80.3664,29.7643],[80.3677,29.7618],[80.3727,29.7584],[80.3752,29.7543],[80.3759,29.7498]]]},"properties":{"id":"in:subdistrict:316","level":"subdistrict","name":"Dharchula","code":316,"parent":"in:district:53","state":"in:state:5"}},{"type":"Feature","geometry":{"type":"Polygon","coordinates":[[[80.2419,29.2005],[80.2401,29.1984],[80.2365,29.1964],[80.2314,29.1965],[80.2273,29.1984],[80.2259,29.2025],[80.2228,29.2047],[80.2137,29.205],[80.2077,29.2067],[80.2011,29.2079],[80.1961,29.2107],[80.1884,29.21],[80.1824,29.2166],[80.1748,29.2208],[80.1717,29.2213],[80.1675,29.2239],[80.1624,29.2237],[80.1565,29.2218],[80.1572,29.2167],[80.1511,29.2185],[80.1456,29.2174],[80.141,29.2267],[80.1386,29.2285],[80.1391,29.2313],[80.1368,29.2321],[80.134,29.239],[80.1278,29.2371],[80.1262,29.2351],[80.1213,29.2351],[80.1133,29.2332],[80.1127,29.2292],[80.1101,29.2273],[80.108,29.2275],[80.1033,29.2246],[80.0993,29.2234],[80.0972,29.2251],[80.0968,29.2285],[80.0896,29.2327],[80.0881,29.2343],[80.0883,29.2416],[80.0847,29.243],[80.0793,29.2425],[80.0852,29.2492],[80.0799,29.2529],[80.0735,29.2523],[80.0776,29.2556],[80.073,29.2557],[80.0651,29.2619],[80.0538,29.2547],[80.0508,29.2559],[80.0467,29.2562],[80.046,29.2528],[80.0424,29.2524],[80.0349,29.2528],[80.0291,29.2464],[80.0236,29.2431],[80.0208,29.2385],[80.0171,29.2391],[80.0121,29.2426],[80.0084,29.2478],[80.0034,29.25],[80.0034,29.2528],[79.9973,29.2502],[79.9925,29.2514],[79.9895,29.2452],[79.9866,29.2423],[79.9848,29.2433],[79.9791,29.2415],[79.979,29.2347],[79.9807,29.2329],[79.9872,29.2292],[79.988,29.2281],[79.9849,29.2249],[79.9849,29.223],[79.9871,29.2183],[79.9838,29.2138],[79.9798,29.2109],[79.9755,29.2093],[79.9704,29.2065],[79.967,29.2083],[79.9657,29.2127],[79.9598,29.2086],[79.9525,29.2085],[79.9487,29.2057],[79.946,29.2071],[79.9354,29.2108],[79.9321,29.2109],[79.9267,29.2142],[79.9251,29.2106],[79.9224,29.2084],[79.9173,29.2067],[79.9156,29.2029],[79.9123,29.2001],[79.9098,29.1997],[79.9036,29.1942],[79.9035,29.1916],[79.9016,29.1877],[79.9009,29.1826],[79.8971,29.1801],[79.8955,29.1778],[79.891,29.1744],[79.8847,29.1752],[79.8804,29.1734],[79.879,29.1715],[79.8779,29.1663],[79.8785,29.1637],[79.8779,29.1593],[79.8786,29.1568],[79.8827,29.1539],[79.8926,29.1519],[79.8948,29.1492],[79.8961,29.1457],[79.8959,29.1381],[79.8973,29.1351],[79.9021,29.1351],[79.9059,29.1341],[79.9075,29.1306],[79.9118,29.1282],[79.9153,29.1288],[79.9172,29.1321],[79.9194,29.1334],[79.9248,29.1338],[79.9361,29.1321],[79.9405,29.1327],[79.9443,29.1313],[79.9492,29.1284],[79.9576,29.1258],[79.9661,29.1255],[79.9748,29.1206],[79.9767,29.117],[79.9697,29.1129],[79.9639,29.1115],[79.9618,29.1099],[79.9595,29.1025],[79.9578,29.0989],[79.957,29.0944],[79.9579,29.0925],[79.955,29.0868],[79.954,29.0815],[79.9546,29.0764],[79.9541,29.0692],[79.9571,29.0674],[79.9602,29.0633],[79.9625,29.0586],[79.9694,29.0537],[79.9724,29.0548],[79.9789,29.0626],[79.983,29.0657],[79.9882,29.0659],[79.9966,29.0671],[80.0033,29.071],[80.0091,29.0764],[80.0133,29.0891],[80.0151,29.0929],[80.0171,29.0864],[80.0203,29.0786],[80.0305,29.0616],[80.0326,29.056],[80.0329,29.0519],[80.0386,29.0423],[80.0429,29.0334],[80.0482,29.0238],[80.0498,29.0164],[80.0524,29.0078],[80.0583,29.0044],[80.0546,28.9977],[80.0551,28.9948],[80.0515,28.993],[80.0516,28.9869],[80.0507,28.9827],[80.053,28.9826],[80.0531,28.9791],[80.0556,28.9761],[80.0572,28.9701],[80.0596,28.9682],[80.0594,28.961],[80.061,28.9595],[80.0649,28.9599],[80.0666,28.9584],[80.0679,28.9542],[80.0705,28.9527],[80.0741,28.9531],[80.0741,28.9497],[80.0768,28.9478],[80.0765,28.9449],[80.0963,28.9757],[80.1005,28.9869],[80.1179,28.9815],[80.1267,29.0061],[80.1354,29.0074],[80.1362,29.0096],[80.1245,29.0131],[80.1312,29.0305],[80.1264,29.0319],[80.1372,29.0605],[80.1294,29.0627],[80.143,29.0986],[80.1429,29.0995],[80.1469,29.1045],[80.1513,29.1073],[80.1539,29.11],[80.1581,29.1127],[80.1651,29.1185],[80.1663,29.1247],[80.1687,29.1265],[80.1741,29.1268],[80.1791,29.1302],[80.1799,29.1329],[80.1829,29.1371],[80.1858,29.1371],[80.1927,29.1325],[80.1972,29.1306],[80.2031,29.1297],[80.2055,29.1256],[80.2087,29.1224],[80.2132,29.1219],[80.2208,29.1203],[80.2238,29.1204],[80.2261,29.1191],[80.2328,29.1185],[80.2387,29.1212],[80.2434,29.1266],[80.2486,29.1283],[80.2502,29.1319],[80.2535,29.1361],[80.2601,29.1398],[80.2678,29.1404],[80.2721,29.1413],[80.2729,29.1432],[80.2714,29.1475],[80.2684,29.1498],[80.2652,29.1535],[80.2582,29.1648],[80.2577,29.1694],[80.2601,29.1725],[80.2599,29.1793],[80.258,29.1847],[80.2587,29.187],[80.2533,29.1913],[80.2494,29.1962],[80.2419,29.2005]]]},"properties":{"id":"in:subdistrict:337","level":"subdistrict","name":"Poornagiri","code":337,"parent":"in:district:48","state":"in:state:5"}},{"type":"Feature","geometry":{"type":"Polygon","coordinates":[[[80.1839,29.4575],[80.1825,29.4557],[80.1847,29.4538],[80.186,29.4475],[80.1869,29.4465],[80.187,29.4413],[80.1863,29.4393],[80.181,29.4351],[80.1801,29.4308],[80.1817,29.4281],[80.1823,29.4245],[80.1855,29.4203],[80.1816,29.4198],[80.1725,29.4174],[80.1699,29.418],[80.1676,29.4157],[80.1637,29.4154],[80.1558,29.4177],[80.1463,29.416],[80.1421,29.4165],[80.1377,29.4183],[80.1362,29.4205],[80.1347,29.4263],[80.1361,29.4282],[80.1243,29.4328],[80.1216,29.4322],[80.118,29.4296],[80.1088,29.4293],[80.1054,29.4311],[80.0967,29.4308],[80.092,29.4336],[80.0896,29.4332],[80.085,29.4303],[80.0782,29.4307],[80.061,29.4306],[80.055,29.4294],[80.0495,29.4263],[80.0411,29.4262],[80.0378,29.4278],[80.0329,29.4288],[80.029,29.4311],[80.0245,29.4305],[80.0224,29.4286],[80.0205,29.431],[80.0166,29.433],[80.0137,29.4335],[80.012,29.4361],[80.0041,29.4358],[80.0004,29.4388],[79.9994,29.4357],[79.9951,29.4327],[79.9955,29.4309],[79.9933,29.4282],[79.9883,29.4244],[79.9898,29.4224],[79.9897,29.4198],[79.987,29.4147],[79.9812,29.4082],[79.9833,29.4042],[79.9823,29.4016],[79.9799,29.4001],[79.9802,29.396],[79.9854,29.3948],[79.9791,29.3924],[79.9813,29.39],[79.9844,29.3928],[79.9877,29.3921],[79.9891,29.3889],[79.9941,29.3915],[80.0028,29.3946],[80.005,29.392],[80.0115,29.3943],[80.0195,29.3869],[80.0193,29.3839],[80.0148,29.3851],[80.01,29.3812],[80.0032,29.3818],[80.0015,29.384],[79.9987,29.3831],[79.9937,29.376],[79.9888,29.3742],[79.9862,29.37],[79.9882,29.3647],[79.9911,29.3622],[79.992,29.3598],[79.9914,29.3555],[79.9885,29.3499],[79.9924,29.3497],[79.995,29.351],[80.0011,29.3499],[80.0074,29.3537],[80.0116,29.358],[80.0165,29.3618],[80.0191,29.3623],[80.0265,29.3609],[80.0311,29.3652],[80.0393,29.37],[80.0424,29.3724],[80.0449,29.3756],[80.0485,29.3751],[80.0546,29.365],[80.0603,29.3607],[80.0634,29.3541],[80.0683,29.3537],[80.0723,29.35],[80.0769,29.3506],[80.0786,29.3552],[80.0767,29.358],[80.0846,29.3582],[80.0887,29.3639],[80.0961,29.3641],[80.0977,29.3655],[80.1043,29.3654],[80.1061,29.3642],[80.1135,29.3659],[80.1156,29.367],[80.1201,29.3723],[80.1227,29.3712],[80.124,29.3655],[80.1221,29.3623],[80.1262,29.3577],[80.1335,29.3557],[80.1365,29.3578],[80.1393,29.3564],[80.139,29.3542],[80.1453,29.3499],[80.1466,29.3471],[80.1473,29.3424],[80.1527,29.3426],[80.1598,29.3459],[80.167,29.3431],[80.1695,29.3415],[80.1733,29.3443],[80.1762,29.3436],[80.1774,29.3398],[80.1795,29.3384],[80.1835,29.3386],[80.1848,29.337],[80.1841,29.3337],[80.188,29.3347],[80.1907,29.3343],[80.1911,29.33],[80.1975,29.329],[80.1985,29.3257],[80.2011,29.3261],[80.2035,29.3288],[80.2067,29.3295],[80.2124,29.3248],[80.2116,29.3222],[80.213,29.3198],[80.2166,29.3212],[80.2182,29.3193],[80.2217,29.3183],[80.2224,29.3124],[80.2262,29.3147],[80.2263,29.3112],[80.2278,29.308],[80.2307,29.3094],[80.2331,29.3086],[80.2317,29.3055],[80.229,29.3025],[80.225,29.2998],[80.2255,29.2973],[80.2298,29.2978],[80.2322,29.3],[80.2383,29.2976],[80.2457,29.303],[80.2488,29.3017],[80.2498,29.2993],[80.2525,29.2972],[80.2523,29.295],[80.256,29.291],[80.2623,29.2921],[80.2637,29.2948],[80.2665,29.2964],[80.2689,29.3006],[80.2701,29.3044],[80.2747,29.3092],[80.2759,29.3126],[80.2776,29.3136],[80.2815,29.3125],[80.2857,29.3128],[80.2868,29.3146],[80.2899,29.3149],[80.2995,29.3204],[80.3003,29.3238],[80.2958,29.3245],[80.2909,29.3311],[80.2911,29.336],[80.2847,29.3403],[80.2798,29.3476],[80.28,29.3591],[80.2737,29.362],[80.2714,29.3647],[80.2723,29.3691],[80.2716,29.3738],[80.2792,29.3788],[80.2733,29.3853],[80.2731,29.3869],[80.2759,29.3914],[80.2747,29.3934],[80.2717,29.3952],[80.2629,29.398],[80.2536,29.4042],[80.246,29.4075],[80.242,29.4117],[80.2457,29.4152],[80.2442,29.4201],[80.2444,29.425],[80.2473,29.4316],[80.2476,29.4361],[80.2465,29.4384],[80.2426,29.442],[80.2424,29.4438],[80.2367,29.4461],[80.2324,29.4467],[80.2283,29.4485],[80.2218,29.4504],[80.2182,29.452],[80.2111,29.4532],[80.205,29.4518],[80.2006,29.4552],[80.1971,29.4587],[80.1934,29.4589],[80.1882,29.4576],[80.1839,29.4575]]]},"properties":{"id":"in:subdistrict:336","level":"subdistrict","name":"Lohaghat","code":336,"parent":"in:district:48","state":"in:state:5"}},{"type":"Feature","geometry":{"type":"Polygon","coordinates":[[[80.2419,29.2005],[80.2405,29.2025],[80.2443,29.2097],[80.2445,29.2125],[80.2477,29.2163],[80.2479,29.2205],[80.253,29.2214],[80.2574,29.218],[80.258,29.2106],[80.2604,29.2069],[80.2632,29.2061],[80.2699,29.2071],[80.2748,29.207],[80.2815,29.202],[80.284,29.1972],[80.286,29.1958],[80.2905,29.1955],[80.2937,29.1978],[80.2974,29.2067],[80.2943,29.2104],[80.2942,29.2143],[80.2959,29.2187],[80.2953,29.2231],[80.2909,29.2295],[80.291,29.2325],[80.2957,29.2382],[80.3002,29.2416],[80.3,29.2458],[80.2985,29.251],[80.3001,29.2546],[80.2992,29.2586],[80.3003,29.2637],[80.3023,29.2661],[80.3047,29.2752],[80.3042,29.2847],[80.3071,29.2897],[80.311,29.2909],[80.3148,29.2964],[80.3185,29.3035],[80.3161,29.3081],[80.3169,29.3152],[80.3118,29.3204],[80.3081,29.3229],[80.3003,29.3238],[80.2995,29.3204],[80.2899,29.3149],[80.2868,29.3146],[80.2857,29.3128],[80.2815,29.3125],[80.2776,29.3136],[80.2759,29.3126],[80.2747,29.3092],[80.2701,29.3044],[80.2689,29.3006],[80.2665,29.2964],[80.2637,29.2948],[80.2623,29.2921],[80.256,29.291],[80.2523,29.295],[80.2525,29.2972],[80.2498,29.2993],[80.2488,29.3017],[80.2457,29.303],[80.2383,29.2976],[80.2322,29.3],[80.2298,29.2978],[80.2255,29.2973],[80.225,29.2998],[80.229,29.3025],[80.2317,29.3055],[80.2331,29.3086],[80.2307,29.3094],[80.2278,29.308],[80.2263,29.3112],[80.2262,29.3147],[80.2224,29.3124],[80.2217,29.3183],[80.2182,29.3193],[80.2166,29.3212],[80.213,29.3198],[80.2116,29.3222],[80.2124,29.3248],[80.2067,29.3295],[80.2035,29.3288],[80.2011,29.3261],[80.1985,29.3257],[80.1975,29.329],[80.1911,29.33],[80.1907,29.3343],[80.188,29.3347],[80.1841,29.3337],[80.1848,29.337],[80.1835,29.3386],[80.1795,29.3384],[80.1774,29.3398],[80.1762,29.3436],[80.1733,29.3443],[80.1695,29.3415],[80.167,29.3431],[80.1598,29.3459],[80.1527,29.3426],[80.1473,29.3424],[80.1466,29.3471],[80.1453,29.3499],[80.139,29.3542],[80.1393,29.3564],[80.1365,29.3578],[80.1335,29.3557],[80.1262,29.3577],[80.1221,29.3623],[80.124,29.3655],[80.1227,29.3712],[80.1201,29.3723],[80.1156,29.367],[80.1135,29.3659],[80.1061,29.3642],[80.1043,29.3654],[80.0977,29.3655],[80.0961,29.3641],[80.0887,29.3639],[80.0846,29.3582],[80.0767,29.358],[80.0786,29.3552],[80.0769,29.3506],[80.0723,29.35],[80.0683,29.3537],[80.0634,29.3541],[80.0603,29.3607],[80.0546,29.365],[80.0485,29.3751],[80.0449,29.3756],[80.0424,29.3724],[80.0393,29.37],[80.0311,29.3652],[80.0265,29.3609],[80.0191,29.3623],[80.0165,29.3618],[80.0116,29.358],[80.0074,29.3537],[80.0011,29.3499],[79.995,29.351],[79.9924,29.3497],[79.9885,29.3499],[79.9831,29.3442],[79.9752,29.3496],[79.9686,29.3471],[79.968,29.3438],[79.9635,29.3389],[79.961,29.335],[79.9539,29.3334],[79.9501,29.331],[79.9519,29.3227],[79.951,29.3216],[79.9531,29.3181],[79.9559,29.3169],[79.9581,29.3145],[79.9509,29.3159],[79.9476,29.3147],[79.9485,29.3103],[79.9469,29.3082],[79.9524,29.3047],[79.9486,29.3043],[79.9469,29.3028],[79.9442,29.2956],[79.9366,29.2982],[79.9343,29.3011],[79.9376,29.3027],[79.9352,29.3048],[79.9301,29.3049],[79.9269,29.3036],[79.9312,29.3015],[79.9276,29.2958],[79.9277,29.2937],[79.9247,29.2935],[79.9226,29.2897],[79.9221,29.287],[79.92,29.2836],[79.921,29.2801],[79.9206,29.2757],[79.919,29.2727],[79.9193,29.2682],[79.9206,29.2637],[79.9198,29.2613],[79.9129,29.257],[79.9168,29.2553],[79.9249,29.2557],[79.9276,29.2552],[79.9305,29.2477],[79.9372,29.2472],[79.9383,29.2446],[79.9356,29.2411],[79.9405,29.2394],[79.9432,29.235],[79.9472,29.2328],[79.9494,29.2299],[79.9532,29.2272],[79.959,29.2255],[79.9629,29.2197],[79.9657,29.2127],[79.967,29.2083],[79.9704,29.2065],[79.9755,29.2093],[79.9798,29.2109],[79.9838,29.2138],[79.9871,29.2183],[79.9849,29.223],[79.9849,29.2249],[79.988,29.2281],[79.9872,29.2292],[79.9807,29.2329],[79.979,29.2347],[79.9791,29.2415],[79.9848,29.2433],[79.9866,29.2423],[79.9895,29.2452],[79.9925,29.2514],[79.9973,29.2502],[80.0034,29.2528],[80.0034,29.25],[80.0084,29.2478],[80.0121,29.2426],[80.0171,29.2391],[80.0208,29.2385],[80.0236,29.2431],[80.0291,29.2464],[80.0349,29.2528],[80.0424,29.2524],[80.046,29.2528],[80.0467,29.2562],[80.0508,29.2559],[80.0538,29.2547],[80.0651,29.2619],[80.073,29.2557],[80.0776,29.2556],[80.0735,29.2523],[80.0799,29.2529],[80.0852,29.2492],[80.0793,29.2425],[80.0847,29.243],[80.0883,29.2416],[80.0881,29.2343],[80.0896,29.2327],[80.0968,29.2285],[80.0972,29.2251],[80.0993,29.2234],[80.1033,29.2246],[80.108,29.2275],[80.1101,29.2273],[80.1127,29.2292],[80.1133,29.2332],[80.1213,29.2351],[80.1262,29.2351],[80.1278,29.2371],[80.134,29.239],[80.1368,29.2321],[80.1391,29.2313],[80.1386,29.2285],[80.141,29.2267],[80.1456,29.2174],[80.1511,29.2185],[80.1572,29.2167],[80.1565,29.2218],[80.1624,29.2237],[80.1675,29.2239],[80.1717,29.2213],[80.1748,29.2208],[80.1824,29.2166],[80.1884,29.21],[80.1961,29.2107],[80.2011,29.2079],[80.2077,29.2067],[80.2137,29.205],[80.2228,29.2047],[80.2259,29.2025],[80.2273,29.1984],[80.2314,29.1965],[80.2365,29.1964],[80.2401,29.1984],[80.2419,29.2005]]]},"properties":{"id":"in:subdistrict:334","level":"subdistrict","name":"Champawat","code":334,"parent":"in:district:48","state":"in:state:5"}},{"type":"Feature","geometry":{"type":"Polygon","coordinates":[[[80.0779,29.5209],[80.0734,29.5185],[80.069,29.5176],[80.0626,29.5153],[80.0588,29.5129],[80.0536,29.5127],[80.0518,29.5109],[80.0466,29.5101],[80.0433,29.5086],[80.0374,29.5077],[80.0308,29.5082],[80.0297,29.5048],[80.0301,29.5],[80.0235,29.4985],[80.0196,29.4932],[80.0126,29.4928],[80.0077,29.4893],[80.0032,29.4898],[80.0013,29.4859],[79.9947,29.4876],[79.9916,29.4868],[79.9902,29.4889],[79.9871,29.4877],[79.9865,29.4854],[79.9836,29.4848],[79.985,29.4811],[79.9822,29.4768],[79.9817,29.4696],[79.9829,29.4663],[79.9856,29.462],[79.991,29.4594],[79.9916,29.457],[79.9971,29.4518],[79.9954,29.4462],[79.9962,29.442],[80.0004,29.4388],[80.0041,29.4358],[80.012,29.4361],[80.0137,29.4335],[80.0166,29.433],[80.0205,29.431],[80.0224,29.4286],[80.0245,29.4305],[80.029,29.4311],[80.0329,29.4288],[80.0378,29.4278],[80.0411,29.4262],[80.0495,29.4263],[80.055,29.4294],[80.061,29.4306],[80.0782,29.4307],[80.085,29.4303],[80.0896,29.4332],[80.092,29.4336],[80.0967,29.4308],[80.1054,29.4311],[80.1088,29.4293],[80.118,29.4296],[80.1216,29.4322],[80.1243,29.4328],[80.1361,29.4282],[80.1347,29.4263],[80.1362,29.4205],[80.1377,29.4183],[80.1421,29.4165],[80.1463,29.416],[80.1558,29.4177],[80.1637,29.4154],[80.1676,29.4157],[80.1699,29.418],[80.1725,29.4174],[80.1816,29.4198],[80.1855,29.4203],[80.1823,29.4245],[80.1817,29.4281],[80.1801,29.4308],[80.181,29.4351],[80.1863,29.4393],[80.187,29.4413],[80.1869,29.4465],[80.186,29.4475],[80.1847,29.4538],[80.1825,29.4557],[80.1839,29.4575],[80.1826,29.4585],[80.182,29.4645],[80.1762,29.4656],[80.1705,29.4642],[80.1669,29.4649],[80.1656,29.4676],[80.1619,29.4687],[80.1631,29.4724],[80.16,29.4748],[80.1545,29.4724],[80.1499,29.4712],[80.149,29.4776],[80.1475,29.4802],[80.1414,29.484],[80.1395,29.488],[80.1326,29.489],[80.1254,29.4955],[80.1255,29.4967],[80.1293,29.501],[80.1301,29.5032],[80.1276,29.5074],[80.1239,29.5098],[80.1125,29.5146],[80.107,29.5222],[80.1043,29.5236],[80.1008,29.523],[80.0953,29.5198],[80.092,29.5194],[80.0872,29.5214],[80.0814,29.5218],[80.0779,29.5209]]]},"properties":{"id":"in:subdistrict:6377","level":"subdistrict","name":"Barakot","code":6377,"parent":"in:district:48","state":"in:state:5"}},{"type":"Feature","geometry":{"type":"Polygon","coordinates":[[[79.8943,29.486],[79.891,29.4825],[79.8868,29.4836],[79.8843,29.4786],[79.8804,29.477],[79.8782,29.4735],[79.8763,29.4726],[79.8751,29.4681],[79.8717,29.4652],[79.8716,29.4621],[79.8684,29.4576],[79.8673,29.4545],[79.8633,29.4502],[79.8601,29.448],[79.8571,29.4505],[79.8582,29.4546],[79.8563,29.456],[79.8515,29.4527],[79.8485,29.4472],[79.8475,29.4418],[79.8503,29.4362],[79.8486,29.4321],[79.8519,29.4331],[79.8558,29.433],[79.8517,29.4237],[79.8476,29.4182],[79.8428,29.4141],[79.8384,29.4094],[79.8334,29.4059],[79.8345,29.3974],[79.8377,29.3953],[79.8415,29.3973],[79.8472,29.389],[79.8484,29.3851],[79.8558,29.381],[79.8592,29.38],[79.8591,29.3753],[79.8575,29.3703],[79.8613,29.3691],[79.8709,29.3706],[79.8729,29.3695],[79.8757,29.3709],[79.8777,29.3687],[79.8808,29.3676],[79.8844,29.368],[79.8872,29.3663],[79.8915,29.3697],[79.8931,29.3659],[79.8948,29.3646],[79.8962,29.3592],[79.8993,29.3592],[79.902,29.3557],[79.9024,29.3532],[79.8986,29.3492],[79.8985,29.3474],[79.894,29.3477],[79.8913,29.3508],[79.8874,29.3497],[79.8841,29.35],[79.876,29.3477],[79.8735,29.3452],[79.8705,29.3441],[79.8688,29.3401],[79.8676,29.3346],[79.8679,29.3322],[79.8643,29.3301],[79.8633,29.3274],[79.863,29.3172],[79.8613,29.3122],[79.8577,29.3111],[79.8551,29.3131],[79.8501,29.3142],[79.8499,29.3166],[79.8455,29.3212],[79.8414,29.3225],[79.8353,29.322],[79.8319,29.3232],[79.8301,29.3266],[79.8319,29.3283],[79.8324,29.332],[79.8321,29.3379],[79.8278,29.3385],[79.8253,29.3377],[79.8198,29.3385],[79.8168,29.3399],[79.8155,29.3382],[79.812,29.3383],[79.8072,29.3404],[79.7998,29.3367],[79.7955,29.3359],[79.797,29.3334],[79.7994,29.3327],[79.8033,29.3287],[79.8054,29.3281],[79.8063,29.3231],[79.8058,29.3147],[79.8095,29.3142],[79.8174,29.3091],[79.8184,29.3064],[79.8174,29.3006],[79.8152,29.2933],[79.8128,29.2931],[79.8132,29.2894],[79.8174,29.2859],[79.8128,29.2818],[79.8138,29.2781],[79.819,29.2714],[79.8224,29.2694],[79.8251,29.269],[79.8399,29.2728],[79.8435,29.2708],[79.8456,29.2726],[79.8452,29.2757],[79.8472,29.2774],[79.8486,29.2738],[79.8508,29.2722],[79.8559,29.2768],[79.8594,29.2714],[79.8626,29.2709],[79.8667,29.2664],[79.8672,29.2613],[79.8707,29.2594],[79.8756,29.2598],[79.8794,29.2583],[79.8853,29.2546],[79.8893,29.2535],[79.8898,29.2556],[79.8933,29.2554],[79.8968,29.2571],[79.9002,29.2519],[79.9033,29.2531],[79.9067,29.25],[79.9069,29.2446],[79.9095,29.2393],[79.9108,29.233],[79.9143,29.229],[79.9218,29.2238],[79.9229,29.2211],[79.9263,29.2161],[79.9267,29.2142],[79.9321,29.2109],[79.9354,29.2108],[79.946,29.2071],[79.9487,29.2057],[79.9525,29.2085],[79.9598,29.2086],[79.9657,29.2127],[79.9629,29.2197],[79.959,29.2255],[79.9532,29.2272],[79.9494,29.2299],[79.9472,29.2328],[79.9432,29.235],[79.9405,29.2394],[79.9356,29.2411],[79.9383,29.2446],[79.9372,29.2472],[79.9305,29.2477],[79.9276,29.2552],[79.9249,29.2557],[79.9168,29.2553],[79.9129,29.257],[79.9198,29.2613],[79.9206,29.2637],[79.9193,29.2682],[79.919,29.2727],[79.9206,29.2757],[79.921,29.2801],[79.92,29.2836],[79.9221,29.287],[79.9226,29.2897],[79.9247,29.2935],[79.9277,29.2937],[79.9276,29.2958],[79.9312,29.3015],[79.9269,29.3036],[79.9301,29.3049],[79.9352,29.3048],[79.9376,29.3027],[79.9343,29.3011],[79.9366,29.2982],[79.9442,29.2956],[79.9469,29.3028],[79.9486,29.3043],[79.9524,29.3047],[79.9469,29.3082],[79.9485,29.3103],[79.9476,29.3147],[79.9509,29.3159],[79.9581,29.3145],[79.9559,29.3169],[79.9531,29.3181],[79.951,29.3216],[79.9519,29.3227],[79.9501,29.331],[79.9539,29.3334],[79.961,29.335],[79.9635,29.3389],[79.968,29.3438],[79.9686,29.3471],[79.9752,29.3496],[79.9831,29.3442],[79.9885,29.3499],[79.9914,29.3555],[79.992,29.3598],[79.9911,29.3622],[79.9882,29.3647],[79.9862,29.37],[79.9888,29.3742],[79.9937,29.376],[79.9987,29.3831],[80.0015,29.384],[80.0032,29.3818],[80.01,29.3812],[80.0148,29.3851],[80.0193,29.3839],[80.0195,29.3869],[80.0115,29.3943],[80.005,29.392],[80.0028,29.3946],[79.9941,29.3915],[79.9891,29.3889],[79.9877,29.3921],[79.9844,29.3928],[79.9813,29.39],[79.9791,29.3924],[79.9854,29.3948],[79.9802,29.396],[79.9799,29.4001],[79.9823,29.4016],[79.9833,29.4042],[79.9812,29.4082],[79.987,29.4147],[79.9897,29.4198],[79.9898,29.4224],[79.9883,29.4244],[79.9933,29.4282],[79.9955,29.4309],[79.9951,29.4327],[79.9994,29.4357],[80.0004,29.4388],[79.9962,29.442],[79.9954,29.4462],[79.9971,29.4518],[79.9916,29.457],[79.991,29.4594],[79.9856,29.462],[79.9829,29.4663],[79.9817,29.4696],[79.9822,29.4768],[79.985,29.4811],[79.9836,29.4848],[79.9775,29.4857],[79.9766,29.4827],[79.9717,29.4773],[79.9682,29.4781],[79.9666,29.476],[79.9629,29.4772],[79.9593,29.4767],[79.9569,29.4741],[79.9534,29.4748],[79.952,29.4784],[79.9557,29.4836],[79.958,29.4897],[79.9609,29.4945],[79.9583,29.4971],[79.9563,29.4964],[79.9531,29.4992],[79.9472,29.4996],[79.9462,29.4874],[79.947,29.4815],[79.9459,29.4769],[79.9431,29.4774],[79.9377,29.4762],[79.9363,29.4773],[79.9329,29.4759],[79.9306,29.4763],[79.927,29.4724],[79.92,29.4739],[79.9196,29.477],[79.9172,29.4787],[79.9175,29.4817],[79.914,29.4842],[79.9146,29.4879],[79.9113,29.4866],[79.9095,29.4898],[79.9008,29.4876],[79.8988,29.4851],[79.8963,29.4845],[79.8943,29.486]]]},"properties":{"id":"in:subdistrict:335","level":"subdistrict","name":"Pati","code":335,"parent":"in:district:48","state":"in:state:5"}},{"type":"Feature","geometry":{"type":"Polygon","coordinates":[[[79.6728,29.5321],[79.6727,29.53],[79.6798,29.5273],[79.6824,29.5236],[79.681,29.5166],[79.6821,29.5124],[79.6812,29.5074],[79.6818,29.505],[79.6794,29.5],[79.681,29.492],[79.6837,29.4878],[79.6866,29.4809],[79.6867,29.4791],[79.6914,29.4735],[79.6926,29.4695],[79.6959,29.4699],[79.7032,29.4667],[79.7047,29.4645],[79.71,29.4596],[79.7122,29.46],[79.7148,29.4623],[79.7159,29.4583],[79.7219,29.4574],[79.7329,29.46],[79.7316,29.4538],[79.7274,29.4492],[79.7267,29.4467],[79.7291,29.4406],[79.7339,29.4356],[79.7358,29.4315],[79.7384,29.4337],[79.7417,29.4298],[79.7456,29.4305],[79.7488,29.4341],[79.7578,29.433],[79.7593,29.435],[79.7639,29.4334],[79.7672,29.4372],[79.7676,29.4472],[79.7722,29.4482],[79.7741,29.4502],[79.7781,29.4513],[79.7808,29.449],[79.7871,29.4492],[79.7916,29.4427],[79.7956,29.4411],[79.7958,29.4389],[79.7984,29.4372],[79.8009,29.4386],[79.8065,29.4386],[79.8086,29.4396],[79.8158,29.4351],[79.8232,29.4329],[79.8246,29.4276],[79.8259,29.4262],[79.8304,29.4255],[79.8388,29.4267],[79.8419,29.4276],[79.8486,29.4321],[79.8503,29.4362],[79.8475,29.4418],[79.8485,29.4472],[79.8515,29.4527],[79.8563,29.456],[79.8582,29.4546],[79.8571,29.4505],[79.8601,29.448],[79.8633,29.4502],[79.8673,29.4545],[79.8684,29.4576],[79.8716,29.4621],[79.8717,29.4652],[79.8751,29.4681],[79.8763,29.4726],[79.8782,29.4735],[79.8804,29.477],[79.8843,29.4786],[79.8868,29.4836],[79.891,29.4825],[79.8943,29.486],[79.8914,29.4896],[79.8916,29.4945],[79.8857,29.4961],[79.8836,29.501],[79.8793,29.5048],[79.8762,29.5047],[79.8746,29.5082],[79.8725,29.5105],[79.868,29.5099],[79.8632,29.5107],[79.8603,29.5087],[79.8586,29.5058],[79.8563,29.5076],[79.8519,29.5043],[79.847,29.5064],[79.8441,29.5063],[79.8409,29.5082],[79.8383,29.5082],[79.8354,29.5099],[79.8321,29.509],[79.8273,29.5115],[79.8258,29.5182],[79.8257,29.5223],[79.8342,29.5232],[79.8366,29.5271],[79.8396,29.5286],[79.8413,29.5309],[79.847,29.5349],[79.8523,29.5399],[79.8519,29.5456],[79.8485,29.5476],[79.8446,29.5514],[79.842,29.5551],[79.837,29.555],[79.8343,29.5578],[79.8298,29.5568],[79.8241,29.5541],[79.8248,29.5502],[79.8222,29.5495],[79.821,29.5515],[79.8163,29.5554],[79.8152,29.5544],[79.8111,29.5561],[79.8055,29.554],[79.8065,29.5514],[79.8058,29.5476],[79.8085,29.543],[79.806,29.5416],[79.8028,29.5448],[79.7991,29.547],[79.7991,29.5506],[79.7929,29.5536],[79.7834,29.5531],[79.7829,29.5542],[79.7798,29.5517],[79.7784,29.546],[79.7789,29.5448],[79.7728,29.5405],[79.7715,29.5388],[79.768,29.5382],[79.764,29.5361],[79.7609,29.5375],[79.7545,29.5373],[79.7511,29.5383],[79.7478,29.5372],[79.7478,29.5311],[79.741,29.5302],[79.7378,29.5267],[79.7353,29.5271],[79.7317,29.5255],[79.7291,29.5282],[79.7275,29.5261],[79.721,29.5222],[79.7157,29.5245],[79.7118,29.5248],[79.7089,29.5231],[79.7016,29.5221],[79.6943,29.5243],[79.692,29.5259],[79.6864,29.5275],[79.6854,29.5301],[79.6893,29.5336],[79.686,29.5365],[79.6784,29.5359],[79.6728,29.5321]]]},"properties":{"id":"in:subdistrict:332","level":"subdistrict","name":"Jainti","code":332,"parent":"in:district:45","state":"in:state:5"}},{"type":"Feature","geometry":{"type":"Polygon","coordinates":[[[79.9267,29.2142],[79.9263,29.2161],[79.9229,29.2211],[79.9218,29.2238],[79.9143,29.229],[79.9108,29.233],[79.9095,29.2393],[79.9069,29.2446],[79.9067,29.25],[79.9033,29.2531],[79.9002,29.2519],[79.8968,29.2571],[79.8933,29.2554],[79.8898,29.2556],[79.8893,29.2535],[79.8853,29.2546],[79.8794,29.2583],[79.8756,29.2598],[79.8707,29.2594],[79.8672,29.2613],[79.8667,29.2664],[79.8626,29.2709],[79.8594,29.2714],[79.8559,29.2768],[79.8508,29.2722],[79.8486,29.2738],[79.8472,29.2774],[79.8452,29.2757],[79.8456,29.2726],[79.8435,29.2708],[79.8399,29.2728],[79.8251,29.269],[79.8224,29.2694],[79.819,29.2714],[79.8138,29.2781],[79.8128,29.2818],[79.8174,29.2859],[79.8132,29.2894],[79.8128,29.2931],[79.8152,29.2933],[79.8174,29.3006],[79.8184,29.3064],[79.8174,29.3091],[79.8095,29.3142],[79.8058,29.3147],[79.8063,29.3231],[79.8054,29.3281],[79.8033,29.3287],[79.7994,29.3327],[79.797,29.3334],[79.7955,29.3359],[79.7998,29.3367],[79.8072,29.3404],[79.812,29.3383],[79.8155,29.3382],[79.8168,29.3399],[79.8198,29.3385],[79.8253,29.3377],[79.8278,29.3385],[79.8321,29.3379],[79.8324,29.332],[79.8319,29.3283],[79.8301,29.3266],[79.8319,29.3232],[79.8353,29.322],[79.8414,29.3225],[79.8455,29.3212],[79.8499,29.3166],[79.8501,29.3142],[79.8551,29.3131],[79.8577,29.3111],[79.8613,29.3122],[79.863,29.3172],[79.8633,29.3274],[79.8643,29.3301],[79.8679,29.3322],[79.8676,29.3346],[79.8688,29.3401],[79.8705,29.3441],[79.8735,29.3452],[79.876,29.3477],[79.8841,29.35],[79.8874,29.3497],[79.8913,29.3508],[79.894,29.3477],[79.8985,29.3474],[79.8986,29.3492],[79.9024,29.3532],[79.902,29.3557],[79.8993,29.3592],[79.8962,29.3592],[79.8948,29.3646],[79.8931,29.3659],[79.8915,29.3697],[79.8872,29.3663],[79.8844,29.368],[79.8808,29.3676],[79.8777,29.3687],[79.8757,29.3709],[79.8729,29.3695],[79.8709,29.3706],[79.8613,29.3691],[79.8575,29.3703],[79.8591,29.3753],[79.8592,29.38],[79.8558,29.381],[79.8484,29.3851],[79.8472,29.389],[79.8415,29.3973],[79.8377,29.3953],[79.8345,29.3974],[79.8334,29.4059],[79.8384,29.4094],[79.8428,29.4141],[79.8476,29.4182],[79.8517,29.4237],[79.8558,29.433],[79.8519,29.4331],[79.8486,29.4321],[79.8419,29.4276],[79.8388,29.4267],[79.8304,29.4255],[79.8259,29.4262],[79.8246,29.4276],[79.8232,29.4329],[79.8158,29.4351],[79.8086,29.4396],[79.8065,29.4386],[79.8009,29.4386],[79.7984,29.4372],[79.7958,29.4389],[79.7956,29.4411],[79.7916,29.4427],[79.7871,29.4492],[79.7808,29.449],[79.7781,29.4513],[79.7741,29.4502],[79.7722,29.4482],[79.7676,29.4472],[79.7672,29.4372],[79.7639,29.4334],[79.7593,29.435],[79.7578,29.433],[79.7488,29.4341],[79.7456,29.4305],[79.7417,29.4298],[79.7384,29.4337],[79.7358,29.4315],[79.7339,29.4356],[79.7291,29.4406],[79.7267,29.4467],[79.7274,29.4492],[79.7316,29.4538],[79.7329,29.46],[79.7219,29.4574],[79.7159,29.4583],[79.7148,29.4623],[79.7122,29.46],[79.71,29.4596],[79.7047,29.4645],[79.7032,29.4667],[79.6959,29.4699],[79.6966,29.4668],[79.6925,29.4659],[79.6886,29.4639],[79.6855,29.4612],[79.6838,29.4574],[79.6816,29.4557],[79.6792,29.4516],[79.6804,29.4498],[79.6797,29.4446],[79.6809,29.4409],[79.6839,29.441],[79.6805,29.4367],[79.6782,29.4378],[79.6716,29.4393],[79.6671,29.4418],[79.6622,29.4393],[79.6597,29.4457],[79.6572,29.4485],[79.6548,29.453],[79.6542,29.4626],[79.6519,29.4621],[79.6493,29.4652],[79.6477,29.4713],[79.6432,29.4721],[79.6367,29.4745],[79.6354,29.4731],[79.6312,29.4756],[79.625,29.4753],[79.6232,29.4726],[79.6162,29.4744],[79.6186,29.4695],[79.6178,29.4657],[79.619,29.4607],[79.6165,29.4593],[79.617,29.4554],[79.6205,29.4517],[79.6194,29.4472],[79.6224,29.4419],[79.6229,29.4374],[79.6251,29.4358],[79.6283,29.4354],[79.632,29.4298],[79.6324,29.422],[79.6317,29.4185],[79.6288,29.4169],[79.6259,29.4193],[79.6232,29.4188],[79.6216,29.4167],[79.615,29.4232],[79.6128,29.4237],[79.6106,29.4208],[79.6063,29.4209],[79.6023,29.419],[79.6004,29.4161],[79.6041,29.4102],[79.6034,29.4012],[79.6041,29.3961],[79.6013,29.3935],[79.5981,29.3864],[79.5994,29.3836],[79.5989,29.38],[79.606,29.3731],[79.605,29.3694],[79.6116,29.3669],[79.613,29.3651],[79.6117,29.3625],[79.6156,29.3592],[79.6153,29.3578],[79.6082,29.3565],[79.6023,29.3588],[79.6019,29.3539],[79.606,29.3474],[79.6095,29.3462],[79.6179,29.3466],[79.6253,29.3439],[79.6258,29.3398],[79.6291,29.3389],[79.6302,29.3361],[79.6338,29.3349],[79.6397,29.3308],[79.6473,29.327],[79.6495,29.3242],[79.6504,29.3194],[79.654,29.3138],[79.6525,29.3097],[79.6534,29.3004],[79.6525,29.2963],[79.6552,29.2946],[79.6593,29.2892],[79.6603,29.2857],[79.6706,29.28],[79.6717,29.2752],[79.6754,29.2727],[79.6761,29.2702],[79.6755,29.2668],[79.6696,29.258],[79.6724,29.2559],[79.6731,29.2535],[79.6695,29.25],[79.67,29.2456],[79.6775,29.2385],[79.6763,29.2373],[79.6745,29.2318],[79.6692,29.2252],[79.6682,29.2207],[79.6682,29.2161],[79.6657,29.212],[79.672,29.2021],[79.6778,29.2029],[79.68,29.2071],[79.6821,29.209],[79.6904,29.213],[79.6929,29.2086],[79.7008,29.2008],[79.7029,29.1959],[79.7024,29.1929],[79.708,29.1906],[79.713,29.1863],[79.7222,29.1876],[79.725,29.187],[79.7276,29.1848],[79.7343,29.1842],[79.737,29.1829],[79.7382,29.1795],[79.7423,29.1772],[79.7453,29.1772],[79.7485,29.179],[79.7534,29.18],[79.7562,29.1829],[79.7593,29.1907],[79.7683,29.1927],[79.7723,29.1927],[79.777,29.1968],[79.7794,29.1947],[79.7885,29.1905],[79.7946,29.1899],[79.8035,29.1841],[79.8098,29.1774],[79.8188,29.1717],[79.8215,29.1691],[79.8222,29.1626],[79.8231,29.1597],[79.827,29.1572],[79.8321,29.1581],[79.8386,29.158],[79.8394,29.1545],[79.8422,29.1535],[79.8469,29.1496],[79.8505,29.1506],[79.8629,29.15],[79.8685,29.1516],[79.8779,29.1593],[79.8785,29.1637],[79.8779,29.1663],[79.879,29.1715],[79.8804,29.1734],[79.8847,29.1752],[79.891,29.1744],[79.8955,29.1778],[79.8971,29.1801],[79.9009,29.1826],[79.9016,29.1877],[79.9035,29.1916],[79.9036,29.1942],[79.9098,29.1997],[79.9123,29.2001],[79.9156,29.2029],[79.9173,29.2067],[79.9224,29.2084],[79.9251,29.2106],[79.9267,29.2142]]]},"properties":{"id":"in:subdistrict:341","level":"subdistrict","name":"Dhari","code":341,"parent":"in:district:51","state":"in:state:5"}},{"type":"Feature","geometry":{"type":"Polygon","coordinates":[[[79.8779,29.1593],[79.8685,29.1516],[79.8629,29.15],[79.8505,29.1506],[79.8469,29.1496],[79.8422,29.1535],[79.8394,29.1545],[79.8386,29.158],[79.8321,29.1581],[79.827,29.1572],[79.8231,29.1597],[79.8222,29.1626],[79.8215,29.1691],[79.8188,29.1717],[79.8098,29.1774],[79.8035,29.1841],[79.7946,29.1899],[79.7885,29.1905],[79.7794,29.1947],[79.777,29.1968],[79.7723,29.1927],[79.7683,29.1927],[79.7593,29.1907],[79.7562,29.1829],[79.7534,29.18],[79.7485,29.179],[79.7453,29.1772],[79.7423,29.1772],[79.7382,29.1795],[79.737,29.1829],[79.7343,29.1842],[79.7276,29.1848],[79.725,29.187],[79.7222,29.1876],[79.713,29.1863],[79.708,29.1906],[79.7024,29.1929],[79.7029,29.1959],[79.7008,29.2008],[79.6929,29.2086],[79.6904,29.213],[79.6821,29.209],[79.68,29.2071],[79.6778,29.2029],[79.672,29.2021],[79.6657,29.212],[79.6682,29.2161],[79.6682,29.2207],[79.6692,29.2252],[79.6645,29.229],[79.6576,29.2302],[79.649,29.2312],[79.645,29.2262],[79.6389,29.2276],[79.6343,29.2256],[79.6318,29.2261],[79.6296,29.2291],[79.6267,29.2292],[79.6233,29.2322],[79.6166,29.2321],[79.6175,29.2364],[79.6171,29.2399],[79.6137,29.2463],[79.6114,29.2472],[79.6037,29.2481],[79.6024,29.2534],[79.5986,29.2583],[79.5935,29.2578],[79.5914,29.2614],[79.5929,29.2639],[79.5915,29.2663],[79.589,29.2661],[79.5889,29.2707],[79.5833,29.2717],[79.5796,29.275],[79.5758,29.274],[79.5711,29.277],[79.5638,29.2787],[79.5602,29.2736],[79.5548,29.2724],[79.552,29.2699],[79.5492,29.2688],[79.5464,29.2635],[79.5464,29.2572],[79.5496,29.2496],[79.5502,29.2428],[79.548,29.2377],[79.5452,29.2332],[79.5417,29.2289],[79.5395,29.223],[79.5373,29.2202],[79.5362,29.2165],[79.5356,29.2102],[79.5342,29.2073],[79.534,29.2031],[79.5317,29.1969],[79.5322,29.1848],[79.5303,29.1802],[79.5285,29.1783],[79.5254,29.1777],[79.5248,29.1704],[79.5188,29.171],[79.5194,29.1691],[79.5209,29.1587],[79.5109,29.1606],[79.5113,29.1562],[79.5053,29.1563],[79.4961,29.1498],[79.4891,29.146],[79.4832,29.1419],[79.479,29.1403],[79.4677,29.1317],[79.4645,29.1301],[79.4469,29.1189],[79.4435,29.1106],[79.4406,29.1018],[79.4381,29.0959],[79.4359,29.087],[79.4356,29.0835],[79.416,29.0514],[79.4317,29.0515],[79.4546,29.0512],[79.4777,29.0514],[79.4985,29.0513],[79.5112,29.0518],[79.5407,29.0517],[79.5547,29.0528],[79.5678,29.0523],[79.5713,29.0514],[79.5793,29.051],[79.6168,29.0514],[79.6275,29.05],[79.6311,29.0543],[79.6326,29.0547],[79.6341,29.0615],[79.6387,29.0629],[79.6429,29.0662],[79.6455,29.0703],[79.6479,29.0694],[79.6487,29.0728],[79.6519,29.0774],[79.6534,29.0742],[79.6569,29.0729],[79.6648,29.0683],[79.6738,29.0695],[79.6828,29.063],[79.6838,29.0613],[79.6889,29.058],[79.6937,29.0518],[79.6943,29.0454],[79.7024,29.0392],[79.7083,29.0328],[79.7106,29.031],[79.7201,29.031],[79.7248,29.0269],[79.7454,29.0255],[79.7505,29.0263],[79.7474,29.0321],[79.7542,29.0318],[79.7575,29.0345],[79.761,29.0351],[79.7637,29.0369],[79.7689,29.0354],[79.7705,29.0324],[79.7729,29.0309],[79.7772,29.0303],[79.7765,29.0277],[79.773,29.0278],[79.7743,29.025],[79.7777,29.0261],[79.7835,29.027],[79.7897,29.027],[79.7892,29.0239],[79.7919,29.0229],[79.7979,29.0249],[79.8003,29.0249],[79.8026,29.0225],[79.8064,29.0163],[79.8021,29.0162],[79.7983,29.0149],[79.797,29.0117],[79.7951,29.003],[79.7931,28.9993],[79.7945,28.9979],[79.7992,28.9996],[79.8014,28.9986],[79.808,28.9902],[79.8099,28.9936],[79.813,28.9923],[79.8128,28.9881],[79.8138,28.985],[79.8242,28.9901],[79.8275,28.9899],[79.8267,28.9943],[79.8299,28.9953],[79.8342,28.9977],[79.8395,28.9985],[79.8382,28.9944],[79.8422,28.9963],[79.8438,28.9995],[79.8465,29.0018],[79.8452,29.0044],[79.848,29.006],[79.8505,29.0102],[79.8542,29.0107],[79.8561,29.013],[79.8626,29.0102],[79.8637,29.0053],[79.8657,29],[79.8691,28.996],[79.8761,28.9915],[79.8731,28.9877],[79.8737,28.9836],[79.8716,28.984],[79.8702,28.9816],[79.8732,28.9789],[79.8781,28.979],[79.8805,28.9833],[79.8811,28.9866],[79.8785,28.989],[79.879,28.9929],[79.8806,28.994],[79.8868,28.9952],[79.8908,28.9923],[79.8937,28.9923],[79.8934,28.9954],[79.896,28.9972],[79.8936,29.001],[79.8966,29.0045],[79.9017,29.0059],[79.9016,29.0084],[79.897,29.009],[79.9011,29.0118],[79.9009,29.0152],[79.9026,29.0177],[79.9063,29.0198],[79.9062,29.0235],[79.9074,29.026],[79.9116,29.028],[79.9123,29.0333],[79.916,29.0299],[79.9208,29.0309],[79.9233,29.0326],[79.9263,29.0368],[79.9295,29.0382],[79.9338,29.0423],[79.9379,29.0442],[79.9459,29.0433],[79.9487,29.0448],[79.9542,29.0451],[79.9569,29.0468],[79.9604,29.0464],[79.9665,29.0489],[79.9685,29.052],[79.9724,29.0548],[79.9694,29.0537],[79.9625,29.0586],[79.9602,29.0633],[79.9571,29.0674],[79.9541,29.0692],[79.9546,29.0764],[79.954,29.0815],[79.955,29.0868],[79.9579,29.0925],[79.957,29.0944],[79.9578,29.0989],[79.9595,29.1025],[79.9618,29.1099],[79.9639,29.1115],[79.9697,29.1129],[79.9767,29.117],[79.9748,29.1206],[79.9661,29.1255],[79.9576,29.1258],[79.9492,29.1284],[79.9443,29.1313],[79.9405,29.1327],[79.9361,29.1321],[79.9248,29.1338],[79.9194,29.1334],[79.9172,29.1321],[79.9153,29.1288],[79.9118,29.1282],[79.9075,29.1306],[79.9059,29.1341],[79.9021,29.1351],[79.8973,29.1351],[79.8959,29.1381],[79.8961,29.1457],[79.8948,29.1492],[79.8926,29.1519],[79.8827,29.1539],[79.8786,29.1568],[79.8779,29.1593]]]},"properties":{"id":"in:subdistrict:345","level":"subdistrict","name":"Lalkuan","code":345,"parent":"in:district:51","state":"in:state:5"}},{"type":"Feature","geometry":{"type":"Polygon","coordinates":[[[80.0654,28.8369],[80.0648,28.8377],[80.0585,28.9166],[80.0765,28.9449],[80.0768,28.9478],[80.0741,28.9497],[80.0741,28.9531],[80.0705,28.9527],[80.0679,28.9542],[80.0666,28.9584],[80.0649,28.9599],[80.061,28.9595],[80.0594,28.961],[80.0596,28.9682],[80.0572,28.9701],[80.0556,28.9761],[80.0531,28.9791],[80.053,28.9826],[80.0507,28.9827],[80.0516,28.9869],[80.0515,28.993],[80.0551,28.9948],[80.0546,28.9977],[80.0583,29.0044],[80.0524,29.0078],[80.0498,29.0164],[80.0482,29.0238],[80.0429,29.0334],[80.0386,29.0423],[80.0329,29.0519],[80.0326,29.056],[80.0305,29.0616],[80.0203,29.0786],[80.0171,29.0864],[80.0151,29.0929],[80.0133,29.0891],[80.0091,29.0764],[80.0033,29.071],[79.9966,29.0671],[79.9882,29.0659],[79.983,29.0657],[79.9789,29.0626],[79.9724,29.0548],[79.9685,29.052],[79.9665,29.0489],[79.9604,29.0464],[79.9569,29.0468],[79.9542,29.0451],[79.9487,29.0448],[79.9459,29.0433],[79.9379,29.0442],[79.9338,29.0423],[79.9295,29.0382],[79.9263,29.0368],[79.9233,29.0326],[79.9208,29.0309],[79.916,29.0299],[79.9123,29.0333],[79.9116,29.028],[79.9074,29.026],[79.9062,29.0235],[79.9063,29.0198],[79.9026,29.0177],[79.9009,29.0152],[79.9011,29.0118],[79.897,29.009],[79.9016,29.0084],[79.9017,29.0059],[79.8966,29.0045],[79.8936,29.001],[79.896,28.9972],[79.8934,28.9954],[79.8937,28.9923],[79.8908,28.9923],[79.8868,28.9952],[79.8806,28.994],[79.879,28.9929],[79.8785,28.989],[79.8811,28.9866],[79.8805,28.9833],[79.8781,28.979],[79.8732,28.9789],[79.873,28.9785],[79.8437,28.9456],[79.8367,28.938],[79.8357,28.935],[79.842,28.9332],[79.844,28.9297],[79.8439,28.9264],[79.842,28.9227],[79.8388,28.9205],[79.8351,28.9166],[79.8299,28.9168],[79.8295,28.9142],[79.8338,28.9121],[79.8373,28.9094],[79.8396,28.9092],[79.8411,28.907],[79.839,28.9025],[79.8404,28.901],[79.8468,28.8972],[79.8461,28.8906],[79.8434,28.8877],[79.8394,28.8893],[79.8388,28.8932],[79.8355,28.8953],[79.8317,28.8919],[79.8316,28.8871],[79.8352,28.8832],[79.8293,28.8845],[79.8289,28.8768],[79.8342,28.8705],[79.8357,28.8723],[79.8351,28.8746],[79.841,28.876],[79.8441,28.8755],[79.846,28.8732],[79.8459,28.8633],[79.8492,28.8606],[79.8489,28.858],[79.8455,28.856],[79.8446,28.8533],[79.8453,28.8511],[79.8423,28.8486],[79.838,28.8483],[79.8361,28.8522],[79.8329,28.8553],[79.8298,28.8535],[79.8317,28.85],[79.8327,28.8453],[79.8361,28.8432],[79.8368,28.8399],[79.8314,28.8377],[79.8292,28.8407],[79.8268,28.8416],[79.8239,28.8394],[79.8287,28.8357],[79.8293,28.8328],[79.8313,28.8308],[79.8369,28.8318],[79.8318,28.823],[79.8292,28.8214],[79.8291,28.8174],[79.8263,28.8152],[79.8243,28.8073],[79.8216,28.8054],[79.8192,28.809],[79.8198,28.8124],[79.8178,28.8162],[79.8143,28.8148],[79.8128,28.8111],[79.8077,28.8065],[79.8067,28.8035],[79.8102,28.7983],[79.8146,28.8026],[79.8181,28.7976],[79.8222,28.7955],[79.8249,28.7979],[79.8269,28.795],[79.8298,28.7961],[79.8385,28.7977],[79.8394,28.8027],[79.8452,28.8048],[79.846,28.8003],[79.8496,28.7999],[79.8506,28.8033],[79.8503,28.8063],[79.8513,28.81],[79.847,28.8109],[79.8529,28.8137],[79.8522,28.8156],[79.8469,28.8172],[79.8479,28.8195],[79.8462,28.8229],[79.8487,28.8251],[79.8504,28.824],[79.8541,28.8241],[79.8543,28.8271],[79.8572,28.8294],[79.859,28.8341],[79.8632,28.838],[79.8735,28.8388],[79.8746,28.8363],[79.8735,28.8322],[79.8816,28.8343],[79.883,28.8373],[79.8881,28.8366],[79.889,28.834],[79.8939,28.8315],[79.892,28.8256],[79.894,28.8238],[79.8941,28.8204],[79.9009,28.8195],[79.908,28.8192],[79.914,28.8178],[79.9106,28.8119],[79.9117,28.8079],[79.9155,28.8043],[79.9104,28.8031],[79.9055,28.803],[79.9017,28.8048],[79.899,28.805],[79.8961,28.808],[79.8785,28.8148],[79.8772,28.8124],[79.8731,28.8092],[79.8696,28.8083],[79.8701,28.8058],[79.8747,28.8024],[79.8723,28.7994],[79.8741,28.7962],[79.8777,28.796],[79.8833,28.7945],[79.8827,28.7926],[79.8843,28.79],[79.8973,28.7862],[79.9033,28.7825],[79.9065,28.782],[79.9103,28.7848],[79.914,28.7828],[79.9178,28.7824],[79.9192,28.7867],[79.9234,28.7866],[79.9265,28.79],[79.9398,28.7877],[79.9295,28.7799],[79.9246,28.775],[79.9241,28.7732],[79.9267,28.7713],[79.9273,28.7687],[79.9306,28.768],[79.9326,28.7627],[79.9432,28.76],[79.9431,28.758],[79.9387,28.7531],[79.9388,28.7503],[79.9424,28.7494],[79.9443,28.7475],[79.9465,28.7424],[79.9438,28.7343],[79.9464,28.7292],[79.9524,28.725],[79.9544,28.7229],[79.9932,28.7361],[80.021,28.7451],[80.0301,28.7486],[80.0445,28.7672],[80.0472,28.7717],[80.0523,28.7783],[80.0555,28.7812],[80.0617,28.7832],[80.0587,28.7878],[80.0625,28.7931],[80.0649,28.7944],[80.0666,28.7979],[80.0662,28.8003],[80.0681,28.8028],[80.0646,28.8084],[80.0601,28.814],[80.0592,28.8168],[80.0525,28.8196],[80.0589,28.8245],[80.062,28.8291],[80.0623,28.8332],[80.0654,28.8369]]]},"properties":{"id":"in:subdistrict:352","level":"subdistrict","name":"Khatima","code":352,"parent":"in:district:56","state":"in:state:5"}},{"type":"Feature","geometry":{"type":"Polygon","coordinates":[[[79.6275,29.05],[79.6283,29.0468],[79.6275,29.0447],[79.6272,29.0379],[79.6284,29.0358],[79.6269,29.0301],[79.6278,29.0278],[79.625,29.0255],[79.6245,29.0214],[79.6297,29.0111],[79.6247,29.0112],[79.6207,29.009],[79.6202,29.0043],[79.617,28.9987],[79.6115,28.9943],[79.6112,28.9904],[79.6087,28.9873],[79.6093,28.986],[79.607,28.9832],[79.6017,28.9808],[79.6047,28.9748],[79.604,28.9711],[79.6056,28.9645],[79.6034,28.9618],[79.5979,28.9627],[79.5973,28.9603],[79.5994,28.9588],[79.5982,28.9555],[79.5999,28.9492],[79.6002,28.946],[79.5963,28.9475],[79.5963,28.9511],[79.5915,28.9542],[79.5894,28.9526],[79.5917,28.9507],[79.5906,28.9463],[79.5865,28.9447],[79.5857,28.9405],[79.5802,28.9423],[79.5814,28.9384],[79.5764,28.9328],[79.5762,28.93],[79.5723,28.9301],[79.5739,28.9266],[79.5731,28.9249],[79.5739,28.9217],[79.5773,28.922],[79.5806,28.924],[79.5819,28.9267],[79.5843,28.9281],[79.5922,28.9237],[79.5963,28.9228],[79.5958,28.9107],[79.6008,28.91],[79.5953,28.9016],[79.6073,28.8889],[79.6111,28.8875],[79.6152,28.8788],[79.6213,28.8779],[79.6236,28.8827],[79.6314,28.8816],[79.6288,28.8725],[79.6282,28.8682],[79.6306,28.8677],[79.6326,28.8642],[79.636,28.8668],[79.6399,28.866],[79.6449,28.8634],[79.6474,28.867],[79.656,28.8698],[79.6604,28.8684],[79.6657,28.8656],[79.6634,28.8619],[79.6721,28.858],[79.6774,28.8593],[79.6837,28.8553],[79.6823,28.8535],[79.6832,28.85],[79.6912,28.8483],[79.6929,28.8459],[79.6971,28.844],[79.7067,28.841],[79.7062,28.8444],[79.7096,28.8511],[79.7188,28.8484],[79.721,28.8495],[79.7234,28.8539],[79.7227,28.8552],[79.7264,28.861],[79.732,28.8588],[79.7365,28.8563],[79.7381,28.8586],[79.7456,28.8599],[79.7491,28.8718],[79.7601,28.8718],[79.7668,28.8749],[79.7808,28.8714],[79.7834,28.8712],[79.7863,28.8734],[79.7886,28.8727],[79.7928,28.8815],[79.7951,28.8853],[79.7998,28.8875],[79.8147,28.8837],[79.8138,28.8866],[79.818,28.8878],[79.8277,28.8845],[79.8293,28.8845],[79.8352,28.8832],[79.8316,28.8871],[79.8317,28.8919],[79.8355,28.8953],[79.8388,28.8932],[79.8394,28.8893],[79.8434,28.8877],[79.8461,28.8906],[79.8468,28.8972],[79.8404,28.901],[79.839,28.9025],[79.8411,28.907],[79.8396,28.9092],[79.8373,28.9094],[79.8338,28.9121],[79.8295,28.9142],[79.8299,28.9168],[79.8351,28.9166],[79.8388,28.9205],[79.842,28.9227],[79.8439,28.9264],[79.844,28.9297],[79.842,28.9332],[79.8357,28.935],[79.8367,28.938],[79.8437,28.9456],[79.873,28.9785],[79.8732,28.9789],[79.8702,28.9816],[79.8716,28.984],[79.8737,28.9836],[79.8731,28.9877],[79.8761,28.9915],[79.8691,28.996],[79.8657,29],[79.8637,29.0053],[79.8626,29.0102],[79.8561,29.013],[79.8542,29.0107],[79.8505,29.0102],[79.848,29.006],[79.8452,29.0044],[79.8465,29.0018],[79.8438,28.9995],[79.8422,28.9963],[79.8382,28.9944],[79.8395,28.9985],[79.8342,28.9977],[79.8299,28.9953],[79.8267,28.9943],[79.8275,28.9899],[79.8242,28.9901],[79.8138,28.985],[79.8128,28.9881],[79.813,28.9923],[79.8099,28.9936],[79.808,28.9902],[79.8014,28.9986],[79.7992,28.9996],[79.7945,28.9979],[79.7931,28.9993],[79.7951,29.003],[79.797,29.0117],[79.7983,29.0149],[79.8021,29.0162],[79.8064,29.0163],[79.8026,29.0225],[79.8003,29.0249],[79.7979,29.0249],[79.7919,29.0229],[79.7892,29.0239],[79.7897,29.027],[79.7835,29.027],[79.7777,29.0261],[79.7743,29.025],[79.773,29.0278],[79.7765,29.0277],[79.7772,29.0303],[79.7729,29.0309],[79.7705,29.0324],[79.7689,29.0354],[79.7637,29.0369],[79.761,29.0351],[79.7575,29.0345],[79.7542,29.0318],[79.7474,29.0321],[79.7505,29.0263],[79.7454,29.0255],[79.7248,29.0269],[79.7201,29.031],[79.7106,29.031],[79.7083,29.0328],[79.7024,29.0392],[79.6943,29.0454],[79.6937,29.0518],[79.6889,29.058],[79.6838,29.0613],[79.6828,29.063],[79.6738,29.0695],[79.6648,29.0683],[79.6569,29.0729],[79.6534,29.0742],[79.6519,29.0774],[79.6487,29.0728],[79.6479,29.0694],[79.6455,29.0703],[79.6429,29.0662],[79.6387,29.0629],[79.6341,29.0615],[79.6326,29.0547],[79.6311,29.0543],[79.6275,29.05]]]},"properties":{"id":"in:subdistrict:351","level":"subdistrict","name":"Sitarganj","code":351,"parent":"in:district:56","state":"in:state:5"}},{"type":"Feature","geometry":{"type":"Polygon","coordinates":[[[79.4356,29.0835],[79.4206,29.0972],[79.418,29.0936],[79.4148,29.084],[79.4083,29.0775],[79.4055,29.0732],[79.4053,29.0691],[79.4085,29.0673],[79.4066,29.0644],[79.397,29.0572],[79.3961,29.0558],[79.3976,29.0505],[79.3968,29.0474],[79.3929,29.0448],[79.3909,29.0424],[79.3884,29.0351],[79.3833,29.0338],[79.3799,29.0317],[79.3745,29.03],[79.3727,29.0279],[79.3734,29.0241],[79.367,29.0202],[79.3649,29.0175],[79.3608,29.0159],[79.3595,29.0135],[79.3556,29.0113],[79.3523,29.011],[79.3436,29.0065],[79.3404,29.0024],[79.3383,29.002],[79.3362,28.9994],[79.3386,28.9983],[79.3388,28.9947],[79.335,28.9942],[79.3345,28.9873],[79.3283,28.986],[79.3246,28.984],[79.3217,28.9846],[79.3209,28.9799],[79.3169,28.9786],[79.3147,28.9789],[79.3131,28.9767],[79.3215,28.9718],[79.3372,28.9721],[79.3503,28.9701],[79.3563,28.9677],[79.3647,28.9681],[79.3609,28.973],[79.3631,28.978],[79.3621,28.9814],[79.3678,28.9867],[79.372,28.9857],[79.3764,28.9764],[79.3777,28.9757],[79.3771,28.9714],[79.3818,28.9698],[79.3821,28.9622],[79.3841,28.9569],[79.3863,28.9532],[79.3853,28.9518],[79.3906,28.9474],[79.396,28.9489],[79.4043,28.9504],[79.408,28.9519],[79.4158,28.9438],[79.4184,28.939],[79.419,28.9343],[79.4162,28.9275],[79.4253,28.923],[79.4272,28.9211],[79.4276,28.9179],[79.4256,28.915],[79.4276,28.9127],[79.4258,28.9095],[79.4241,28.9035],[79.4222,28.9003],[79.4243,28.8988],[79.4242,28.8938],[79.4272,28.8932],[79.4303,28.8898],[79.431,28.8869],[79.4301,28.8833],[79.426,28.8742],[79.4248,28.8691],[79.4256,28.8664],[79.4371,28.8632],[79.4392,28.8621],[79.4453,28.8641],[79.4462,28.8678],[79.4502,28.8677],[79.4501,28.8711],[79.464,28.8666],[79.4661,28.8678],[79.4706,28.8654],[79.4772,28.8646],[79.4791,28.8692],[79.4819,28.8717],[79.4973,28.8728],[79.5025,28.8705],[79.5099,28.8645],[79.5114,28.8672],[79.5215,28.8648],[79.5235,28.8671],[79.533,28.8697],[79.5366,28.874],[79.5375,28.8773],[79.5417,28.8804],[79.5405,28.8819],[79.5434,28.8857],[79.5453,28.8848],[79.5494,28.8901],[79.5549,28.8938],[79.5528,28.8958],[79.5565,28.8993],[79.5619,28.8959],[79.5706,28.8925],[79.5701,28.8874],[79.5712,28.8865],[79.577,28.8889],[79.5791,28.8867],[79.5784,28.8835],[79.5821,28.8816],[79.5843,28.8792],[79.5804,28.871],[79.5806,28.8657],[79.5793,28.8647],[79.5753,28.859],[79.5738,28.8531],[79.5756,28.8504],[79.5844,28.8463],[79.5875,28.85],[79.5915,28.8495],[79.5936,28.852],[79.5971,28.8513],[79.6039,28.8568],[79.6133,28.8528],[79.6206,28.8635],[79.6266,28.8666],[79.6291,28.8618],[79.6309,28.8611],[79.6326,28.8642],[79.6306,28.8677],[79.6282,28.8682],[79.6288,28.8725],[79.6314,28.8816],[79.6236,28.8827],[79.6213,28.8779],[79.6152,28.8788],[79.6111,28.8875],[79.6073,28.8889],[79.5953,28.9016],[79.6008,28.91],[79.5958,28.9107],[79.5963,28.9228],[79.5922,28.9237],[79.5843,28.9281],[79.5819,28.9267],[79.5806,28.924],[79.5773,28.922],[79.5739,28.9217],[79.5731,28.9249],[79.5739,28.9266],[79.5723,28.9301],[79.5762,28.93],[79.5764,28.9328],[79.5814,28.9384],[79.5802,28.9423],[79.5857,28.9405],[79.5865,28.9447],[79.5906,28.9463],[79.5917,28.9507],[79.5894,28.9526],[79.5915,28.9542],[79.5963,28.9511],[79.5963,28.9475],[79.6002,28.946],[79.5999,28.9492],[79.5982,28.9555],[79.5994,28.9588],[79.5973,28.9603],[79.5979,28.9627],[79.6034,28.9618],[79.6056,28.9645],[79.604,28.9711],[79.6047,28.9748],[79.6017,28.9808],[79.607,28.9832],[79.6093,28.986],[79.6087,28.9873],[79.6112,28.9904],[79.6115,28.9943],[79.617,28.9987],[79.6202,29.0043],[79.6207,29.009],[79.6247,29.0112],[79.6297,29.0111],[79.6245,29.0214],[79.625,29.0255],[79.6278,29.0278],[79.6269,29.0301],[79.6284,29.0358],[79.6272,29.0379],[79.6275,29.0447],[79.6283,29.0468],[79.6275,29.05],[79.6168,29.0514],[79.5793,29.051],[79.5713,29.0514],[79.5678,29.0523],[79.5547,29.0528],[79.5407,29.0517],[79.5112,29.0518],[79.4985,29.0513],[79.4777,29.0514],[79.4546,29.0512],[79.4317,29.0515],[79.416,29.0514],[79.4356,29.0835]]]},"properties":{"id":"in:subdistrict:349","level":"subdistrict","name":"Kichha","code":349,"parent":"in:district:56","state":"in:state:5"}},{"type":"Feature","geometry":{"type":"Polygon","coordinates":[[[79.2951,29.2226],[79.287,29.2296],[79.2771,29.2396],[79.2711,29.24],[79.2595,29.2422],[79.2516,29.2418],[79.2202,29.248],[79.1683,29.2618],[79.1621,29.2638],[79.1579,29.2664],[79.1545,29.2673],[79.1483,29.2713],[79.1344,29.2753],[79.1308,29.2745],[79.12,29.2692],[79.1148,29.2642],[79.113,29.2607],[79.1088,29.2553],[79.1064,29.2554],[79.1002,29.2579],[79.0934,29.2594],[79.0959,29.263],[79.0916,29.2681],[79.0902,29.2737],[79.0798,29.2719],[79.079,29.2691],[79.0767,29.2664],[79.0742,29.2602],[79.0723,29.2594],[79.076,29.2566],[79.074,29.2534],[79.0759,29.2506],[79.0718,29.2468],[79.0735,29.2435],[79.072,29.2403],[79.0716,29.2332],[79.0683,29.2276],[79.0674,29.2246],[79.0583,29.2023],[79.0555,29.1994],[79.0499,29.197],[79.0487,29.1921],[79.0453,29.1867],[79.0422,29.1798],[79.0394,29.1748],[79.0317,29.1773],[79.0299,29.1736],[79.036,29.1707],[79.0344,29.1693],[79.0394,29.1686],[79.0454,29.1642],[79.0505,29.1569],[79.0548,29.1547],[79.0594,29.1554],[79.0674,29.1531],[79.0749,29.1516],[79.0841,29.1471],[79.0906,29.1434],[79.0964,29.1391],[79.1014,29.1341],[79.1073,29.1313],[79.1119,29.1279],[79.1147,29.128],[79.1193,29.1258],[79.1265,29.1329],[79.1419,29.1243],[79.1408,29.1223],[79.1436,29.1201],[79.1455,29.1207],[79.1502,29.1187],[79.1529,29.114],[79.1513,29.1108],[79.1509,29.103],[79.1523,29.1005],[79.1483,29.099],[79.1515,29.096],[79.1502,29.0922],[79.1477,29.0909],[79.1434,29.0868],[79.1434,29.0829],[79.1418,29.0776],[79.1441,29.0726],[79.1425,29.0669],[79.1457,29.0648],[79.1489,29.0583],[79.1533,29.0569],[79.1553,29.0542],[79.1577,29.0531],[79.1622,29.0488],[79.168,29.0474],[79.1703,29.0486],[79.1751,29.0462],[79.1794,29.0513],[79.1766,29.0531],[79.1738,29.0592],[79.1786,29.0604],[79.1786,29.0644],[79.1812,29.0667],[79.181,29.0701],[79.1833,29.0711],[79.1821,29.0748],[79.179,29.0775],[79.1881,29.0825],[79.1919,29.0821],[79.1968,29.0867],[79.201,29.0946],[79.2058,29.1004],[79.2064,29.1034],[79.2087,29.1055],[79.2093,29.1104],[79.2125,29.1126],[79.2203,29.1085],[79.2268,29.1081],[79.2315,29.1127],[79.2359,29.1186],[79.2405,29.1183],[79.2414,29.122],[79.2468,29.1297],[79.2485,29.1308],[79.2546,29.132],[79.2566,29.1336],[79.2539,29.1378],[79.2541,29.1397],[79.2595,29.1477],[79.2639,29.1526],[79.2649,29.155],[79.2694,29.1615],[79.2731,29.165],[79.2745,29.1679],[79.2715,29.1705],[79.2748,29.1732],[79.2738,29.1752],[79.2698,29.1763],[79.2709,29.1842],[79.2766,29.1895],[79.2793,29.1951],[79.2859,29.2037],[79.293,29.2187],[79.2951,29.2226]]]},"properties":{"id":"in:subdistrict:348","level":"subdistrict","name":"Bajpur","code":348,"parent":"in:district:56","state":"in:state:5"}},{"type":"Feature","geometry":{"type":"Polygon","coordinates":[[[79.4206,29.0972],[79.4013,29.1146],[79.3925,29.1274],[79.3868,29.139],[79.3836,29.1442],[79.3753,29.1519],[79.3663,29.155],[79.3632,29.1562],[79.3521,29.1689],[79.3295,29.1891],[79.3234,29.1959],[79.3104,29.2069],[79.3012,29.2151],[79.2951,29.2226],[79.293,29.2187],[79.2859,29.2037],[79.2793,29.1951],[79.2766,29.1895],[79.2709,29.1842],[79.2698,29.1763],[79.2738,29.1752],[79.2748,29.1732],[79.2715,29.1705],[79.2745,29.1679],[79.2731,29.165],[79.2694,29.1615],[79.2649,29.155],[79.2639,29.1526],[79.2595,29.1477],[79.2541,29.1397],[79.2539,29.1378],[79.2566,29.1336],[79.2546,29.132],[79.2485,29.1308],[79.2468,29.1297],[79.2414,29.122],[79.2405,29.1183],[79.2359,29.1186],[79.2315,29.1127],[79.2268,29.1081],[79.2203,29.1085],[79.2125,29.1126],[79.2093,29.1104],[79.2087,29.1055],[79.2064,29.1034],[79.2058,29.1004],[79.201,29.0946],[79.1968,29.0867],[79.1919,29.0821],[79.1881,29.0825],[79.179,29.0775],[79.1821,29.0748],[79.1833,29.0711],[79.181,29.0701],[79.1812,29.0667],[79.1786,29.0644],[79.1786,29.0604],[79.1738,29.0592],[79.1766,29.0531],[79.1794,29.0513],[79.1751,29.0462],[79.1719,29.0451],[79.1709,29.0399],[79.168,29.0382],[79.1688,29.0354],[79.1672,29.0317],[79.1624,29.0292],[79.1622,29.0254],[79.1639,29.021],[79.1665,29.0177],[79.1727,29.018],[79.1758,29.0157],[79.172,29.012],[79.1782,29.0134],[79.1813,29.0131],[79.1837,29.0168],[79.1873,29.0176],[79.1921,29.0155],[79.1901,29.0224],[79.1921,29.0233],[79.1937,29.0201],[79.1974,29.0214],[79.1991,29.0206],[79.2045,29.0209],[79.206,29.0238],[79.2117,29.0276],[79.2145,29.026],[79.2169,29.0231],[79.222,29.0194],[79.2316,29.0151],[79.2449,29.0101],[79.251,29.0102],[79.248,29.0044],[79.2478,29.0033],[79.2542,28.9977],[79.2576,28.9937],[79.2607,28.9913],[79.2778,28.9818],[79.2831,28.9796],[79.2929,28.9736],[79.298,28.9732],[79.3032,28.9698],[79.3068,28.9667],[79.3103,28.968],[79.3114,28.9712],[79.3106,28.9738],[79.3131,28.9767],[79.3147,28.9789],[79.3169,28.9786],[79.3209,28.9799],[79.3217,28.9846],[79.3246,28.984],[79.3283,28.986],[79.3345,28.9873],[79.335,28.9942],[79.3388,28.9947],[79.3386,28.9983],[79.3362,28.9994],[79.3383,29.002],[79.3404,29.0024],[79.3436,29.0065],[79.3523,29.011],[79.3556,29.0113],[79.3595,29.0135],[79.3608,29.0159],[79.3649,29.0175],[79.367,29.0202],[79.3734,29.0241],[79.3727,29.0279],[79.3745,29.03],[79.3799,29.0317],[79.3833,29.0338],[79.3884,29.0351],[79.3909,29.0424],[79.3929,29.0448],[79.3968,29.0474],[79.3976,29.0505],[79.3961,29.0558],[79.397,29.0572],[79.4066,29.0644],[79.4085,29.0673],[79.4053,29.0691],[79.4055,29.0732],[79.4083,29.0775],[79.4148,29.084],[79.418,29.0936],[79.4206,29.0972]]]},"properties":{"id":"in:subdistrict:350","level":"subdistrict","name":"Gadarpur","code":350,"parent":"in:district:56","state":"in:state:5"}},{"type":"Feature","geometry":{"type":"Polygon","coordinates":[[[79.5492,29.2688],[79.5433,29.27],[79.54,29.2679],[79.5385,29.2653],[79.5363,29.2573],[79.5326,29.2536],[79.5224,29.2478],[79.519,29.2478],[79.515,29.2446],[79.5047,29.2409],[79.4962,29.2385],[79.4915,29.2389],[79.4897,29.2407],[79.4913,29.2444],[79.4896,29.2474],[79.4873,29.2443],[79.4796,29.2417],[79.4662,29.2417],[79.459,29.25],[79.4598,29.2527],[79.4602,29.2633],[79.4593,29.2643],[79.4527,29.2636],[79.4509,29.2621],[79.4459,29.2609],[79.4454,29.2625],[79.4489,29.2673],[79.4497,29.2711],[79.4487,29.2741],[79.4488,29.2786],[79.4477,29.2848],[79.445,29.2895],[79.4452,29.293],[79.4484,29.2954],[79.4449,29.2983],[79.4413,29.2986],[79.4388,29.2956],[79.4352,29.2944],[79.4307,29.286],[79.4297,29.2851],[79.4248,29.2748],[79.4223,29.2748],[79.4173,29.272],[79.412,29.2708],[79.4127,29.2706],[79.4152,29.2612],[79.4165,29.2581],[79.4122,29.2515],[79.4099,29.25],[79.4145,29.2439],[79.4149,29.241],[79.4138,29.2373],[79.4111,29.2353],[79.4022,29.2192],[79.4004,29.2176],[79.3946,29.209],[79.3908,29.2019],[79.3845,29.1957],[79.3807,29.191],[79.3753,29.1857],[79.3699,29.1773],[79.3679,29.1718],[79.3663,29.155],[79.3753,29.1519],[79.3836,29.1442],[79.3868,29.139],[79.3925,29.1274],[79.4013,29.1146],[79.4206,29.0972],[79.4356,29.0835],[79.4359,29.087],[79.4381,29.0959],[79.4406,29.1018],[79.4435,29.1106],[79.4469,29.1189],[79.4645,29.1301],[79.4677,29.1317],[79.479,29.1403],[79.4832,29.1419],[79.4891,29.146],[79.4961,29.1498],[79.5053,29.1563],[79.5113,29.1562],[79.5109,29.1606],[79.5209,29.1587],[79.5194,29.1691],[79.5188,29.171],[79.5248,29.1704],[79.5254,29.1777],[79.5285,29.1783],[79.5303,29.1802],[79.5322,29.1848],[79.5317,29.1969],[79.534,29.2031],[79.5342,29.2073],[79.5356,29.2102],[79.5362,29.2165],[79.5373,29.2202],[79.5395,29.223],[79.5417,29.2289],[79.5452,29.2332],[79.548,29.2377],[79.5502,29.2428],[79.5496,29.2496],[79.5464,29.2572],[79.5464,29.2635],[79.5492,29.2688]]]},"properties":{"id":"in:subdistrict:342","level":"subdistrict","name":"Haldwani","code":342,"parent":"in:district:51","state":"in:state:5"}},{"type":"Feature","geometry":{"type":"Polygon","coordinates":[[[79.4084,29.482],[79.4072,29.4793],[79.4093,29.4759],[79.4096,29.4721],[79.4144,29.4716],[79.4181,29.4723],[79.4208,29.4738],[79.4225,29.4765],[79.4267,29.475],[79.427,29.4724],[79.4324,29.4731],[79.4418,29.473],[79.4431,29.4689],[79.4372,29.4662],[79.4328,29.4598],[79.4334,29.4582],[79.437,29.4586],[79.4453,29.4656],[79.4483,29.4698],[79.4529,29.4719],[79.4556,29.4717],[79.4566,29.4683],[79.4536,29.4688],[79.45,29.4673],[79.4506,29.4658],[79.4456,29.4605],[79.4454,29.4581],[79.4493,29.4576],[79.4494,29.4539],[79.4458,29.4524],[79.4409,29.4477],[79.4367,29.4466],[79.4305,29.4462],[79.4268,29.4469],[79.4159,29.4523],[79.411,29.4497],[79.4148,29.4476],[79.4173,29.4421],[79.4183,29.4356],[79.4132,29.4303],[79.4105,29.4262],[79.4088,29.4207],[79.4068,29.417],[79.4038,29.4144],[79.4025,29.4114],[79.4037,29.4074],[79.4054,29.4059],[79.4109,29.4083],[79.4178,29.4099],[79.4277,29.4107],[79.4323,29.4089],[79.4421,29.403],[79.4449,29.4025],[79.4521,29.3998],[79.4563,29.4015],[79.4616,29.4023],[79.4666,29.3984],[79.4655,29.3953],[79.4672,29.3925],[79.4701,29.392],[79.4788,29.3972],[79.4818,29.3968],[79.4897,29.3926],[79.4956,29.3904],[79.4931,29.3973],[79.4954,29.4009],[79.501,29.4034],[79.5051,29.4034],[79.5075,29.3997],[79.5108,29.3969],[79.512,29.3914],[79.5153,29.3896],[79.5183,29.3899],[79.5222,29.388],[79.5241,29.39],[79.5215,29.3939],[79.5283,29.3988],[79.5309,29.4012],[79.5362,29.4113],[79.5394,29.4183],[79.544,29.4143],[79.5452,29.412],[79.5517,29.4096],[79.5537,29.4078],[79.559,29.4049],[79.5598,29.4026],[79.5623,29.4011],[79.5638,29.3979],[79.5685,29.3962],[79.5709,29.3925],[79.5746,29.384],[79.5729,29.3748],[79.5744,29.3713],[79.5781,29.3727],[79.5786,29.3768],[79.5825,29.379],[79.5846,29.378],[79.5826,29.3733],[79.5831,29.3716],[79.5928,29.364],[79.6018,29.3602],[79.6023,29.3588],[79.6082,29.3565],[79.6153,29.3578],[79.6156,29.3592],[79.6117,29.3625],[79.613,29.3651],[79.6116,29.3669],[79.605,29.3694],[79.606,29.3731],[79.5989,29.38],[79.5994,29.3836],[79.5981,29.3864],[79.6013,29.3935],[79.6041,29.3961],[79.6034,29.4012],[79.6041,29.4102],[79.6004,29.4161],[79.6023,29.419],[79.6063,29.4209],[79.6106,29.4208],[79.6128,29.4237],[79.615,29.4232],[79.6216,29.4167],[79.6232,29.4188],[79.6259,29.4193],[79.6288,29.4169],[79.6317,29.4185],[79.6324,29.422],[79.632,29.4298],[79.6283,29.4354],[79.6251,29.4358],[79.6229,29.4374],[79.6224,29.4419],[79.6194,29.4472],[79.6205,29.4517],[79.617,29.4554],[79.6165,29.4593],[79.619,29.4607],[79.6178,29.4657],[79.6186,29.4695],[79.6162,29.4744],[79.6232,29.4726],[79.625,29.4753],[79.6312,29.4756],[79.6354,29.4731],[79.6367,29.4745],[79.6432,29.4721],[79.6477,29.4713],[79.6493,29.4652],[79.6519,29.4621],[79.6542,29.4626],[79.6548,29.453],[79.6572,29.4485],[79.6597,29.4457],[79.6622,29.4393],[79.6671,29.4418],[79.6716,29.4393],[79.6782,29.4378],[79.6805,29.4367],[79.6839,29.441],[79.6809,29.4409],[79.6797,29.4446],[79.6804,29.4498],[79.6792,29.4516],[79.6816,29.4557],[79.6838,29.4574],[79.6855,29.4612],[79.6886,29.4639],[79.6925,29.4659],[79.6966,29.4668],[79.6959,29.4699],[79.6926,29.4695],[79.6914,29.4735],[79.6867,29.4791],[79.6866,29.4809],[79.6837,29.4878],[79.681,29.492],[79.6794,29.5],[79.6818,29.505],[79.6812,29.5074],[79.6821,29.5124],[79.681,29.5166],[79.6824,29.5236],[79.6798,29.5273],[79.6727,29.53],[79.6728,29.5321],[79.6671,29.5331],[79.6651,29.5342],[79.6654,29.5412],[79.6619,29.5426],[79.6565,29.5417],[79.6481,29.5477],[79.6446,29.5476],[79.6347,29.5428],[79.6324,29.5445],[79.6314,29.5485],[79.6264,29.554],[79.6243,29.554],[79.6212,29.5558],[79.6127,29.5569],[79.6079,29.5537],[79.6009,29.5528],[79.5977,29.5502],[79.5934,29.5496],[79.5897,29.5502],[79.5869,29.5489],[79.584,29.5451],[79.5771,29.5432],[79.5741,29.5401],[79.5665,29.5397],[79.5633,29.5405],[79.5577,29.5395],[79.5522,29.5397],[79.5494,29.5419],[79.552,29.5475],[79.5513,29.5507],[79.547,29.5498],[79.5426,29.5509],[79.5388,29.5492],[79.5366,29.5457],[79.5334,29.5462],[79.5301,29.5488],[79.5268,29.5477],[79.5258,29.5345],[79.5234,29.5239],[79.5212,29.5192],[79.5166,29.512],[79.5108,29.5054],[79.504,29.5012],[79.5033,29.498],[79.499,29.4977],[79.4965,29.5023],[79.4918,29.5025],[79.4854,29.4981],[79.4808,29.4976],[79.4803,29.5043],[79.4754,29.5094],[79.4732,29.5108],[79.4669,29.5102],[79.4617,29.5075],[79.4576,29.5077],[79.453,29.5067],[79.4508,29.5092],[79.445,29.5063],[79.4417,29.5055],[79.4376,29.5131],[79.4327,29.5183],[79.4299,29.5225],[79.4254,29.5276],[79.4191,29.5304],[79.4141,29.5342],[79.4096,29.5347],[79.4087,29.5304],[79.4055,29.5313],[79.4026,29.5215],[79.4036,29.5176],[79.4005,29.5168],[79.3969,29.5131],[79.3967,29.5103],[79.4016,29.5053],[79.4038,29.5067],[79.4069,29.5055],[79.4129,29.5092],[79.4152,29.5114],[79.417,29.5105],[79.4188,29.5051],[79.4217,29.5033],[79.4254,29.4985],[79.4213,29.4976],[79.417,29.5005],[79.4101,29.5013],[79.405,29.5005],[79.4088,29.4979],[79.4058,29.4953],[79.4052,29.4926],[79.4067,29.4915],[79.4099,29.493],[79.4176,29.4917],[79.4213,29.4933],[79.4258,29.493],[79.427,29.4914],[79.4259,29.4887],[79.4215,29.4859],[79.4211,29.4889],[79.4175,29.4871],[79.413,29.4886],[79.4123,29.4898],[79.4081,29.4904],[79.4074,29.4872],[79.4098,29.4847],[79.4084,29.482]]]},"properties":{"id":"in:subdistrict:338","level":"subdistrict","name":"Kosya Kutauli","code":338,"parent":"in:district:51","state":"in:state:5"}},{"type":"Feature","geometry":{"type":"Polygon","coordinates":[[[79.1086,29.5441],[79.1104,29.5386],[79.1127,29.5364],[79.1135,29.5327],[79.1126,29.5296],[79.1126,29.5238],[79.1104,29.5208],[79.1139,29.5159],[79.1184,29.5119],[79.1257,29.5073],[79.1375,29.4987],[79.142,29.494],[79.1417,29.4885],[79.1435,29.4867],[79.1493,29.4835],[79.1502,29.4819],[79.1541,29.4877],[79.1602,29.4899],[79.1688,29.4882],[79.174,29.4933],[79.1777,29.4943],[79.1787,29.4966],[79.182,29.4981],[79.1827,29.5026],[79.1854,29.5067],[79.1913,29.5066],[79.1952,29.5073],[79.197,29.5041],[79.1998,29.5013],[79.2013,29.5015],[79.2055,29.4986],[79.2092,29.4983],[79.2117,29.4962],[79.2113,29.4927],[79.218,29.4853],[79.2199,29.4803],[79.2235,29.4799],[79.2293,29.4817],[79.2305,29.48],[79.2295,29.4766],[79.2259,29.4726],[79.2303,29.4712],[79.2377,29.4734],[79.243,29.4709],[79.2456,29.4684],[79.2497,29.4711],[79.2539,29.4704],[79.2552,29.4671],[79.2589,29.4654],[79.2615,29.4631],[79.2668,29.4637],[79.2703,29.4632],[79.272,29.4579],[79.2737,29.4554],[79.2751,29.447],[79.2786,29.4459],[79.2774,29.444],[79.2686,29.4415],[79.2704,29.4392],[79.2735,29.4317],[79.2719,29.4282],[79.2689,29.4262],[79.2657,29.4213],[79.266,29.4202],[79.2725,29.4175],[79.2775,29.4118],[79.2853,29.4103],[79.29,29.411],[79.2996,29.4101],[79.3033,29.411],[79.3113,29.4157],[79.3145,29.4143],[79.3157,29.4047],[79.3178,29.4013],[79.3166,29.3964],[79.3241,29.3902],[79.3272,29.3872],[79.3318,29.3883],[79.3345,29.3877],[79.3337,29.3844],[79.3321,29.3829],[79.3326,29.3764],[79.3352,29.3755],[79.3397,29.3716],[79.3454,29.3694],[79.3452,29.368],[79.3418,29.3667],[79.3373,29.3662],[79.3355,29.3648],[79.3363,29.3596],[79.3325,29.3536],[79.3326,29.3412],[79.3324,29.3258],[79.3332,29.3167],[79.3376,29.3111],[79.3385,29.3061],[79.3427,29.3017],[79.348,29.3028],[79.3545,29.3032],[79.3629,29.2998],[79.3668,29.2996],[79.3749,29.3032],[79.3787,29.3028],[79.3842,29.3052],[79.3888,29.3083],[79.3949,29.3113],[79.4024,29.319],[79.4051,29.3238],[79.4079,29.3236],[79.4115,29.3208],[79.4096,29.3156],[79.4059,29.3094],[79.4013,29.3037],[79.4003,29.2951],[79.399,29.2915],[79.3978,29.2824],[79.3983,29.2779],[79.4006,29.2739],[79.4077,29.271],[79.412,29.2708],[79.4173,29.272],[79.4223,29.2748],[79.4248,29.2748],[79.4297,29.2851],[79.4307,29.286],[79.4352,29.2944],[79.4388,29.2956],[79.4413,29.2986],[79.4449,29.2983],[79.4484,29.2954],[79.4452,29.293],[79.445,29.2895],[79.4477,29.2848],[79.4488,29.2786],[79.4487,29.2741],[79.4497,29.2711],[79.4489,29.2673],[79.4454,29.2625],[79.4459,29.2609],[79.4509,29.2621],[79.4527,29.2636],[79.4593,29.2643],[79.4602,29.2633],[79.4598,29.2527],[79.459,29.25],[79.4662,29.2417],[79.4796,29.2417],[79.4873,29.2443],[79.4896,29.2474],[79.4913,29.2444],[79.4897,29.2407],[79.4915,29.2389],[79.4962,29.2385],[79.5047,29.2409],[79.515,29.2446],[79.519,29.2478],[79.5224,29.2478],[79.5326,29.2536],[79.5363,29.2573],[79.5385,29.2653],[79.54,29.2679],[79.5433,29.27],[79.5492,29.2688],[79.552,29.2699],[79.5548,29.2724],[79.5602,29.2736],[79.5638,29.2787],[79.5711,29.277],[79.5758,29.274],[79.5796,29.275],[79.5833,29.2717],[79.5889,29.2707],[79.589,29.2661],[79.5915,29.2663],[79.5929,29.2639],[79.5914,29.2614],[79.5935,29.2578],[79.5986,29.2583],[79.6024,29.2534],[79.6037,29.2481],[79.6114,29.2472],[79.6137,29.2463],[79.6171,29.2399],[79.6175,29.2364],[79.6166,29.2321],[79.6233,29.2322],[79.6267,29.2292],[79.6296,29.2291],[79.6318,29.2261],[79.6343,29.2256],[79.6389,29.2276],[79.645,29.2262],[79.649,29.2312],[79.6576,29.2302],[79.6645,29.229],[79.6692,29.2252],[79.6745,29.2318],[79.6763,29.2373],[79.6775,29.2385],[79.67,29.2456],[79.6695,29.25],[79.6731,29.2535],[79.6724,29.2559],[79.6696,29.258],[79.6755,29.2668],[79.6761,29.2702],[79.6754,29.2727],[79.6717,29.2752],[79.6706,29.28],[79.6603,29.2857],[79.6593,29.2892],[79.6552,29.2946],[79.6525,29.2963],[79.6534,29.3004],[79.6525,29.3097],[79.654,29.3138],[79.6504,29.3194],[79.6495,29.3242],[79.6473,29.327],[79.6397,29.3308],[79.6338,29.3349],[79.6302,29.3361],[79.6291,29.3389],[79.6258,29.3398],[79.6253,29.3439],[79.6179,29.3466],[79.6095,29.3462],[79.606,29.3474],[79.6019,29.3539],[79.6023,29.3588],[79.6018,29.3602],[79.5928,29.364],[79.5831,29.3716],[79.5826,29.3733],[79.5846,29.378],[79.5825,29.379],[79.5786,29.3768],[79.5781,29.3727],[79.5744,29.3713],[79.5729,29.3748],[79.5746,29.384],[79.5709,29.3925],[79.5685,29.3962],[79.5638,29.3979],[79.5623,29.4011],[79.5598,29.4026],[79.559,29.4049],[79.5537,29.4078],[79.5517,29.4096],[79.5452,29.412],[79.544,29.4143],[79.5394,29.4183],[79.5362,29.4113],[79.5309,29.4012],[79.5283,29.3988],[79.5215,29.3939],[79.5241,29.39],[79.5222,29.388],[79.5183,29.3899],[79.5153,29.3896],[79.512,29.3914],[79.5108,29.3969],[79.5075,29.3997],[79.5051,29.4034],[79.501,29.4034],[79.4954,29.4009],[79.4931,29.3973],[79.4956,29.3904],[79.4897,29.3926],[79.4818,29.3968],[79.4788,29.3972],[79.4701,29.392],[79.4672,29.3925],[79.4655,29.3953],[79.4666,29.3984],[79.4616,29.4023],[79.4563,29.4015],[79.4521,29.3998],[79.4449,29.4025],[79.4421,29.403],[79.4323,29.4089],[79.4277,29.4107],[79.4178,29.4099],[79.4109,29.4083],[79.4054,29.4059],[79.4037,29.4074],[79.4025,29.4114],[79.4038,29.4144],[79.4068,29.417],[79.4088,29.4207],[79.4105,29.4262],[79.4132,29.4303],[79.4183,29.4356],[79.4173,29.4421],[79.4148,29.4476],[79.411,29.4497],[79.4159,29.4523],[79.4268,29.4469],[79.4305,29.4462],[79.4367,29.4466],[79.4409,29.4477],[79.4458,29.4524],[79.4494,29.4539],[79.4493,29.4576],[79.4454,29.4581],[79.4456,29.4605],[79.4506,29.4658],[79.45,29.4673],[79.4536,29.4688],[79.4566,29.4683],[79.4556,29.4717],[79.4529,29.4719],[79.4483,29.4698],[79.4453,29.4656],[79.437,29.4586],[79.4334,29.4582],[79.4328,29.4598],[79.4372,29.4662],[79.4431,29.4689],[79.4418,29.473],[79.4324,29.4731],[79.427,29.4724],[79.4267,29.475],[79.4225,29.4765],[79.4208,29.4738],[79.4181,29.4723],[79.4144,29.4716],[79.4096,29.4721],[79.4093,29.4759],[79.4072,29.4793],[79.4084,29.482],[79.4048,29.4799],[79.4003,29.4762],[79.3958,29.4716],[79.3922,29.4706],[79.3894,29.4726],[79.3802,29.4777],[79.3779,29.4823],[79.3729,29.485],[79.3689,29.4895],[79.3656,29.49],[79.3576,29.4868],[79.3496,29.486],[79.3395,29.4966],[79.3347,29.4959],[79.3293,29.4987],[79.3249,29.5034],[79.3226,29.5025],[79.3232,29.5],[79.3272,29.4935],[79.327,29.4917],[79.3244,29.4881],[79.3264,29.4837],[79.3287,29.4806],[79.3299,29.4758],[79.3228,29.4762],[79.3166,29.4753],[79.3087,29.4722],[79.3036,29.4679],[79.3046,29.4664],[79.3029,29.4638],[79.3002,29.4633],[79.2968,29.4658],[79.294,29.4666],[79.2874,29.4712],[79.2864,29.4726],[79.2883,29.4767],[79.2861,29.478],[79.2828,29.4748],[79.2796,29.4751],[79.2761,29.4773],[79.2748,29.4794],[79.2692,29.4834],[79.2684,29.4871],[79.2638,29.4889],[79.2614,29.4959],[79.2571,29.4981],[79.2553,29.4967],[79.2517,29.5004],[79.2516,29.5023],[79.2485,29.5038],[79.2417,29.5043],[79.242,29.5108],[79.2438,29.5129],[79.2436,29.5169],[79.2416,29.5209],[79.2375,29.5238],[79.2343,29.5278],[79.2313,29.5294],[79.2276,29.5272],[79.227,29.5249],[79.2231,29.5221],[79.2162,29.5219],[79.2147,29.5252],[79.2119,29.5254],[79.21,29.5239],[79.2062,29.524],[79.2022,29.5228],[79.197,29.5238],[79.1885,29.5302],[79.1762,29.535],[79.1679,29.5346],[79.1587,29.5381],[79.1484,29.5394],[79.1437,29.5421],[79.1455,29.5444],[79.1432,29.5505],[79.1408,29.5527],[79.1376,29.5524],[79.1328,29.5484],[79.1293,29.5481],[79.1242,29.5496],[79.1185,29.5484],[79.1094,29.545],[79.1086,29.5441]]]},"properties":{"id":"in:subdistrict:340","level":"subdistrict","name":"Nainital","code":340,"parent":"in:district:51","state":"in:state:5"}},{"type":"Feature","geometry":{"type":"Polygon","coordinates":[[[79.2951,29.2226],[79.3012,29.2151],[79.3104,29.2069],[79.3234,29.1959],[79.3295,29.1891],[79.3521,29.1689],[79.3632,29.1562],[79.3663,29.155],[79.3679,29.1718],[79.3699,29.1773],[79.3753,29.1857],[79.3807,29.191],[79.3845,29.1957],[79.3908,29.2019],[79.3946,29.209],[79.4004,29.2176],[79.4022,29.2192],[79.4111,29.2353],[79.4138,29.2373],[79.4149,29.241],[79.4145,29.2439],[79.4099,29.25],[79.4122,29.2515],[79.4165,29.2581],[79.4152,29.2612],[79.4127,29.2706],[79.412,29.2708],[79.4077,29.271],[79.4006,29.2739],[79.3983,29.2779],[79.3978,29.2824],[79.399,29.2915],[79.4003,29.2951],[79.4013,29.3037],[79.4059,29.3094],[79.4096,29.3156],[79.4115,29.3208],[79.4079,29.3236],[79.4051,29.3238],[79.4024,29.319],[79.3949,29.3113],[79.3888,29.3083],[79.3842,29.3052],[79.3787,29.3028],[79.3749,29.3032],[79.3668,29.2996],[79.3629,29.2998],[79.3545,29.3032],[79.348,29.3028],[79.3427,29.3017],[79.3385,29.3061],[79.3376,29.3111],[79.3332,29.3167],[79.3324,29.3258],[79.3326,29.3412],[79.3325,29.3536],[79.3363,29.3596],[79.3355,29.3648],[79.3373,29.3662],[79.3418,29.3667],[79.3452,29.368],[79.3454,29.3694],[79.3397,29.3716],[79.3352,29.3755],[79.3326,29.3764],[79.3321,29.3829],[79.3337,29.3844],[79.3345,29.3877],[79.3318,29.3883],[79.3272,29.3872],[79.3241,29.3902],[79.3166,29.3964],[79.3178,29.4013],[79.3157,29.4047],[79.3145,29.4143],[79.3123,29.414],[79.3033,29.4098],[79.2945,29.4071],[79.2877,29.4031],[79.2826,29.4007],[79.2753,29.3983],[79.274,29.3973],[79.2645,29.3934],[79.2588,29.3887],[79.2564,29.3852],[79.2534,29.376],[79.2513,29.373],[79.2384,29.3686],[79.2361,29.3667],[79.2341,29.3632],[79.2305,29.3603],[79.2243,29.3583],[79.2181,29.3579],[79.2113,29.3583],[79.2022,29.3597],[79.1982,29.3593],[79.1935,29.3576],[79.1829,29.3607],[79.1774,29.3604],[79.172,29.3581],[79.1636,29.3563],[79.1571,29.3509],[79.1568,29.3483],[79.1526,29.3454],[79.1476,29.3402],[79.146,29.3352],[79.1452,29.3293],[79.146,29.3256],[79.1452,29.3224],[79.1426,29.3183],[79.1382,29.3148],[79.1363,29.3099],[79.1357,29.3062],[79.1328,29.3011],[79.1326,29.2927],[79.1344,29.2885],[79.135,29.2838],[79.1341,29.2803],[79.1316,29.2761],[79.1344,29.2753],[79.1483,29.2713],[79.1545,29.2673],[79.1579,29.2664],[79.1621,29.2638],[79.1683,29.2618],[79.2202,29.248],[79.2516,29.2418],[79.2595,29.2422],[79.2711,29.24],[79.2771,29.2396],[79.287,29.2296],[79.2951,29.2226]]]},"properties":{"id":"in:subdistrict:344","level":"subdistrict","name":"Kaladhungi","code":344,"parent":"in:district:51","state":"in:state:5"}},{"type":"Feature","geometry":{"type":"Polygon","coordinates":[[[78.921,29.4343],[78.9253,29.4338],[78.9363,29.4382],[78.9404,29.4376],[78.9397,29.4346],[78.9314,29.4302],[78.9255,29.4255],[78.924,29.4188],[78.9215,29.4159],[78.9216,29.4137],[78.9187,29.4099],[78.9184,29.4035],[78.9126,29.4012],[78.9112,29.3988],[78.9122,29.3942],[78.9053,29.3897],[78.9026,29.3853],[78.8981,29.3829],[78.8922,29.381],[78.8873,29.3731],[78.8811,29.3752],[78.8777,29.375],[78.876,29.3732],[78.8766,29.3702],[78.8796,29.3694],[78.8798,29.3676],[78.8717,29.3622],[78.8647,29.3605],[78.8618,29.3586],[78.8584,29.3583],[78.8524,29.3605],[78.8509,29.3575],[78.853,29.3519],[78.856,29.3497],[78.8587,29.3504],[78.8612,29.349],[78.8637,29.3499],[78.8689,29.3467],[78.8697,29.345],[78.8763,29.3471],[78.879,29.3515],[78.8854,29.3425],[78.8895,29.3426],[78.8929,29.3455],[78.9055,29.3452],[78.9132,29.3441],[78.9177,29.3417],[78.9232,29.341],[78.927,29.3412],[78.9288,29.3402],[78.9299,29.336],[78.9364,29.334],[78.9395,29.3315],[78.9476,29.3294],[78.9534,29.3241],[78.9551,29.3245],[78.9582,29.3212],[78.9564,29.3179],[78.9738,29.3169],[78.9788,29.316],[78.9859,29.3165],[78.989,29.3196],[78.989,29.3216],[78.9926,29.3235],[78.9953,29.3227],[78.9995,29.3184],[79.0038,29.3208],[79.0065,29.3238],[79.0091,29.3252],[79.0145,29.3226],[79.0187,29.3254],[79.0268,29.3182],[79.0285,29.3132],[79.023,29.3086],[79.0295,29.3054],[79.0172,29.2955],[79.0125,29.2897],[79.0166,29.2852],[79.0224,29.2813],[79.0225,29.2755],[79.0272,29.2702],[79.03,29.2652],[79.0323,29.2638],[79.0379,29.2631],[79.0438,29.2579],[79.0466,29.2591],[79.0495,29.2617],[79.0532,29.261],[79.0552,29.2619],[79.0588,29.2665],[79.0592,29.2685],[79.063,29.2699],[79.0688,29.2698],[79.0725,29.2725],[79.077,29.278],[79.0885,29.2753],[79.0902,29.2737],[79.0916,29.2681],[79.0959,29.263],[79.0934,29.2594],[79.1002,29.2579],[79.1064,29.2554],[79.1088,29.2553],[79.113,29.2607],[79.1148,29.2642],[79.12,29.2692],[79.1308,29.2745],[79.1344,29.2753],[79.1316,29.2761],[79.1341,29.2803],[79.135,29.2838],[79.1344,29.2885],[79.1326,29.2927],[79.1328,29.3011],[79.1357,29.3062],[79.1363,29.3099],[79.1382,29.3148],[79.1426,29.3183],[79.1452,29.3224],[79.146,29.3256],[79.1452,29.3293],[79.146,29.3352],[79.1476,29.3402],[79.1526,29.3454],[79.1568,29.3483],[79.1571,29.3509],[79.1636,29.3563],[79.172,29.3581],[79.1774,29.3604],[79.1829,29.3607],[79.1935,29.3576],[79.1982,29.3593],[79.2022,29.3597],[79.2113,29.3583],[79.2181,29.3579],[79.2243,29.3583],[79.2305,29.3603],[79.2341,29.3632],[79.2361,29.3667],[79.2384,29.3686],[79.2513,29.373],[79.2534,29.376],[79.2564,29.3852],[79.2588,29.3887],[79.2645,29.3934],[79.274,29.3973],[79.2753,29.3983],[79.2826,29.4007],[79.2877,29.4031],[79.2945,29.4071],[79.3033,29.4098],[79.3123,29.414],[79.3145,29.4143],[79.3113,29.4157],[79.3033,29.411],[79.2996,29.4101],[79.29,29.411],[79.2853,29.4103],[79.2775,29.4118],[79.2725,29.4175],[79.266,29.4202],[79.2657,29.4213],[79.2689,29.4262],[79.2719,29.4282],[79.2735,29.4317],[79.2704,29.4392],[79.2686,29.4415],[79.2774,29.444],[79.2786,29.4459],[79.2751,29.447],[79.2737,29.4554],[79.272,29.4579],[79.2703,29.4632],[79.2668,29.4637],[79.2615,29.4631],[79.2589,29.4654],[79.2552,29.4671],[79.2539,29.4704],[79.2497,29.4711],[79.2456,29.4684],[79.243,29.4709],[79.2377,29.4734],[79.2303,29.4712],[79.2259,29.4726],[79.2295,29.4766],[79.2305,29.48],[79.2293,29.4817],[79.2235,29.4799],[79.2199,29.4803],[79.218,29.4853],[79.2113,29.4927],[79.2117,29.4962],[79.2092,29.4983],[79.2055,29.4986],[79.2013,29.5015],[79.1998,29.5013],[79.197,29.5041],[79.1952,29.5073],[79.1913,29.5066],[79.1854,29.5067],[79.1827,29.5026],[79.182,29.4981],[79.1787,29.4966],[79.1777,29.4943],[79.174,29.4933],[79.1688,29.4882],[79.1602,29.4899],[79.1541,29.4877],[79.1502,29.4819],[79.1493,29.4835],[79.1435,29.4867],[79.1417,29.4885],[79.142,29.494],[79.1375,29.4987],[79.1257,29.5073],[79.1184,29.5119],[79.1139,29.5159],[79.1104,29.5208],[79.1126,29.5238],[79.1126,29.5296],[79.1135,29.5327],[79.1127,29.5364],[79.1104,29.5386],[79.1086,29.5441],[79.1093,29.5534],[79.1112,29.5561],[79.1096,29.5588],[79.1041,29.5601],[79.0989,29.5628],[79.0932,29.5679],[79.0905,29.5682],[79.0903,29.5732],[79.0855,29.5773],[79.0764,29.5821],[79.073,29.5808],[79.0662,29.5798],[79.0625,29.5804],[79.0598,29.582],[79.0565,29.5795],[79.0496,29.5812],[79.0412,29.5849],[79.0371,29.5845],[79.0346,29.5851],[79.0299,29.5884],[79.025,29.5886],[79.0229,29.5844],[79.0203,29.5836],[79.0178,29.585],[79.0105,29.5863],[79.0085,29.5853],[79.0097,29.5827],[79.0088,29.581],[79.0091,29.5746],[79.0074,29.5706],[79.0023,29.5672],[78.9985,29.5625],[79.0012,29.5586],[79.0064,29.5564],[79.004,29.5524],[78.9986,29.5515],[78.9961,29.5531],[78.993,29.5527],[78.9859,29.5469],[78.9768,29.5413],[78.9709,29.5392],[78.9693,29.5366],[78.9668,29.5297],[78.9667,29.5278],[78.9708,29.5234],[78.9705,29.5213],[78.9663,29.5194],[78.9635,29.5209],[78.9624,29.5167],[78.9632,29.5121],[78.9617,29.5086],[78.9631,29.5051],[78.9601,29.498],[78.9605,29.4943],[78.963,29.4933],[78.9606,29.4891],[78.9582,29.4815],[78.9564,29.4807],[78.9557,29.476],[78.9523,29.4687],[78.9515,29.4642],[78.9498,29.4617],[78.9523,29.4589],[78.9471,29.4587],[78.9381,29.4485],[78.9355,29.4491],[78.9332,29.4451],[78.9313,29.445],[78.9245,29.4421],[78.9231,29.4422],[78.921,29.4343]]]},"properties":{"id":"in:subdistrict:343","level":"subdistrict","name":"Ramnagar","code":343,"parent":"in:district:51","state":"in:state:5"}},{"type":"Feature","geometry":{"type":"Polygon","coordinates":[[[79.0902,29.2737],[79.0885,29.2753],[79.077,29.278],[79.0725,29.2725],[79.0688,29.2698],[79.063,29.2699],[79.0592,29.2685],[79.0588,29.2665],[79.0552,29.2619],[79.0532,29.261],[79.0495,29.2617],[79.0466,29.2591],[79.0438,29.2579],[79.0379,29.2631],[79.0323,29.2638],[79.03,29.2652],[79.0272,29.2702],[79.0225,29.2755],[79.0224,29.2813],[79.0166,29.2852],[79.0125,29.2897],[79.0172,29.2955],[79.0295,29.3054],[79.023,29.3086],[79.0285,29.3132],[79.0268,29.3182],[79.0187,29.3254],[79.0145,29.3226],[79.0091,29.3252],[79.0065,29.3238],[79.0038,29.3208],[78.9995,29.3184],[78.9953,29.3227],[78.9926,29.3235],[78.989,29.3216],[78.989,29.3196],[78.9859,29.3165],[78.9788,29.316],[78.9738,29.3169],[78.9716,29.3135],[78.9762,29.3085],[78.9693,29.3042],[78.9746,29.2955],[78.974,29.2926],[78.9674,29.2914],[78.9644,29.2886],[78.9645,29.2836],[78.9737,29.2778],[78.9696,29.2758],[78.9662,29.2751],[78.9644,29.2735],[78.9645,29.2687],[78.963,29.2665],[78.9573,29.2639],[78.9556,29.2615],[78.9544,29.2512],[78.9506,29.2523],[78.949,29.2505],[78.9492,29.2419],[78.9511,29.2357],[78.9536,29.232],[78.9559,29.2303],[78.9474,29.2192],[78.9486,29.2139],[78.947,29.2096],[78.9444,29.2072],[78.9462,29.2053],[78.9455,29.2033],[78.9503,29.2011],[78.9464,29.2],[78.9349,29.1942],[78.9304,29.196],[78.9246,29.1953],[78.9246,29.1934],[78.9174,29.1899],[78.9113,29.1835],[78.9099,29.1826],[78.9053,29.1829],[78.9029,29.1841],[78.9,29.1821],[78.9036,29.1798],[78.9068,29.1801],[78.9087,29.1773],[78.9017,29.1696],[78.906,29.1654],[78.9086,29.1643],[78.908,29.1607],[78.9093,29.1585],[78.9086,29.1558],[78.9064,29.1532],[78.9076,29.1514],[78.9105,29.1539],[78.9141,29.1541],[78.9156,29.1502],[78.9124,29.1477],[78.9115,29.1436],[78.9162,29.1407],[78.9166,29.1372],[78.9187,29.1354],[78.9117,29.1296],[78.9067,29.127],[78.9063,29.125],[78.9156,29.1219],[78.927,29.1181],[78.9346,29.1296],[78.9429,29.1262],[78.9437,29.1275],[78.9564,29.1199],[78.9579,29.1214],[78.9642,29.1305],[78.9656,29.1294],[78.9727,29.1268],[78.9746,29.1298],[78.9747,29.1359],[78.9799,29.1418],[78.9823,29.143],[78.9854,29.1422],[78.9898,29.1395],[78.9913,29.1307],[78.9966,29.1301],[78.9987,29.1281],[79.0044,29.1254],[79.0017,29.1231],[79.0035,29.1192],[79.0063,29.1183],[79.0077,29.1132],[79.0097,29.1135],[79.0131,29.1163],[79.0174,29.1162],[79.0248,29.1124],[79.0288,29.1135],[79.0346,29.1177],[79.0397,29.1252],[79.0405,29.1278],[79.0318,29.1281],[79.0281,29.1321],[79.0192,29.1293],[79.0152,29.1329],[79.0155,29.1354],[79.0208,29.144],[79.0206,29.149],[79.018,29.1522],[79.0191,29.1557],[79.0228,29.1558],[79.0256,29.1538],[79.0286,29.1482],[79.0346,29.1441],[79.0378,29.1455],[79.0359,29.1531],[79.0392,29.1575],[79.0383,29.1591],[79.0324,29.1591],[79.0293,29.1632],[79.0292,29.1651],[79.0321,29.1684],[79.0344,29.1693],[79.036,29.1707],[79.0299,29.1736],[79.0317,29.1773],[79.0394,29.1748],[79.0422,29.1798],[79.0453,29.1867],[79.0487,29.1921],[79.0499,29.197],[79.0555,29.1994],[79.0583,29.2023],[79.0674,29.2246],[79.0683,29.2276],[79.0716,29.2332],[79.072,29.2403],[79.0735,29.2435],[79.0718,29.2468],[79.0759,29.2506],[79.074,29.2534],[79.076,29.2566],[79.0723,29.2594],[79.0742,29.2602],[79.0767,29.2664],[79.079,29.2691],[79.0798,29.2719],[79.0902,29.2737]]]},"properties":{"id":"in:subdistrict:346","level":"subdistrict","name":"Kashipur","code":346,"parent":"in:district:56","state":"in:state:5"}},{"type":"Feature","geometry":{"type":"Polygon","coordinates":[[[78.856,29.3497],[78.8541,29.3477],[78.849,29.3444],[78.8456,29.3442],[78.8402,29.346],[78.8358,29.3505],[78.8307,29.3515],[78.8275,29.3542],[78.8276,29.3638],[78.8247,29.3671],[78.823,29.3642],[78.8222,29.3591],[78.8146,29.3467],[78.8099,29.3394],[78.8013,29.3356],[78.8031,29.3291],[78.8012,29.3252],[78.8047,29.3192],[78.7997,29.3195],[78.7978,29.3186],[78.7954,29.3147],[78.7959,29.3118],[78.7896,29.3153],[78.7905,29.3189],[78.7954,29.325],[78.7939,29.3277],[78.7905,29.3306],[78.7868,29.3261],[78.7852,29.3272],[78.7816,29.3255],[78.7772,29.3258],[78.7733,29.3285],[78.7743,29.332],[78.7669,29.3365],[78.7608,29.3329],[78.7543,29.3314],[78.7529,29.3296],[78.753,29.3264],[78.7496,29.3232],[78.7497,29.3172],[78.7451,29.3179],[78.7429,29.3158],[78.7407,29.3204],[78.7349,29.3217],[78.7345,29.3175],[78.7319,29.3174],[78.7313,29.3135],[78.7332,29.3085],[78.7352,29.3065],[78.7345,29.3029],[78.7294,29.3041],[78.7272,29.3055],[78.723,29.3034],[78.7203,29.3064],[78.7184,29.3034],[78.7206,29.3011],[78.7268,29.2978],[78.7284,29.2992],[78.7317,29.2994],[78.7357,29.2986],[78.7361,29.2968],[78.7507,29.2878],[78.7537,29.2871],[78.7568,29.2842],[78.765,29.2793],[78.7683,29.2755],[78.7732,29.271],[78.7702,29.267],[78.7714,29.2647],[78.7749,29.2611],[78.7787,29.2589],[78.7851,29.2536],[78.7882,29.2534],[78.7898,29.255],[78.7919,29.2523],[78.7901,29.2476],[78.7932,29.2445],[78.7984,29.2444],[78.7999,29.242],[78.8078,29.2367],[78.8201,29.2321],[78.8247,29.2355],[78.8279,29.2353],[78.8323,29.2367],[78.8382,29.2411],[78.8413,29.2397],[78.8395,29.2368],[78.8419,29.2348],[78.8455,29.2368],[78.8493,29.2328],[78.8526,29.2384],[78.8554,29.2385],[78.8583,29.2418],[78.8621,29.2399],[78.8609,29.2364],[78.8585,29.2334],[78.8617,29.2326],[78.8633,29.2303],[78.8677,29.2279],[78.8727,29.2278],[78.8762,29.2263],[78.8756,29.2245],[78.872,29.2237],[78.8758,29.219],[78.8791,29.219],[78.8781,29.2157],[78.8815,29.2107],[78.8783,29.2064],[78.8752,29.2052],[78.8785,29.2015],[78.8821,29.2],[78.8852,29.203],[78.8903,29.2013],[78.8913,29.1981],[78.8872,29.196],[78.8901,29.1922],[78.895,29.1922],[78.8964,29.1936],[78.8996,29.1886],[78.8996,29.1856],[78.8943,29.1861],[78.9,29.1821],[78.9029,29.1841],[78.9053,29.1829],[78.9099,29.1826],[78.9113,29.1835],[78.9174,29.1899],[78.9246,29.1934],[78.9246,29.1953],[78.9304,29.196],[78.9349,29.1942],[78.9464,29.2],[78.9503,29.2011],[78.9455,29.2033],[78.9462,29.2053],[78.9444,29.2072],[78.947,29.2096],[78.9486,29.2139],[78.9474,29.2192],[78.9559,29.2303],[78.9536,29.232],[78.9511,29.2357],[78.9492,29.2419],[78.949,29.2505],[78.9506,29.2523],[78.9544,29.2512],[78.9556,29.2615],[78.9573,29.2639],[78.963,29.2665],[78.9645,29.2687],[78.9644,29.2735],[78.9662,29.2751],[78.9696,29.2758],[78.9737,29.2778],[78.9645,29.2836],[78.9644,29.2886],[78.9674,29.2914],[78.974,29.2926],[78.9746,29.2955],[78.9693,29.3042],[78.9762,29.3085],[78.9716,29.3135],[78.9738,29.3169],[78.9564,29.3179],[78.9582,29.3212],[78.9551,29.3245],[78.9534,29.3241],[78.9476,29.3294],[78.9395,29.3315],[78.9364,29.334],[78.9299,29.336],[78.9288,29.3402],[78.927,29.3412],[78.9232,29.341],[78.9177,29.3417],[78.9132,29.3441],[78.9055,29.3452],[78.8929,29.3455],[78.8895,29.3426],[78.8854,29.3425],[78.879,29.3515],[78.8763,29.3471],[78.8697,29.345],[78.8689,29.3467],[78.8637,29.3499],[78.8612,29.349],[78.8587,29.3504],[78.856,29.3497]]]},"properties":{"id":"in:subdistrict:347","level":"subdistrict","name":"Jaspur","code":347,"parent":"in:district:56","state":"in:state:5"}}]}