{"type":"FeatureCollection","features":[{"type":"Feature","geometry":{"type":"Polygon","coordinates":[[[75.4022,29.1279],[75.404,29.1314],[75.4047,29.1373],[75.4107,29.1396],[75.415,29.1401],[75.4193,29.1418],[75.423,29.1412],[75.4332,29.141],[75.4381,29.1448],[75.4417,29.1427],[75.4487,29.1427],[75.4496,29.1447],[75.4548,29.1513],[75.4548,29.1585],[75.4536,29.1611],[75.4538,29.1658],[75.4641,29.166],[75.4661,29.1681],[75.4711,29.1703],[75.4833,29.1703],[75.4856,29.163],[75.4878,29.1604],[75.493,29.1603],[75.4948,29.162],[75.4985,29.162],[75.5022,29.1644],[75.5086,29.1644],[75.5118,29.1656],[75.52,29.1652],[75.5199,29.1675],[75.5222,29.1706],[75.5223,29.1732],[75.5249,29.1748],[75.5257,29.1798],[75.5297,29.1834],[75.5295,29.1943],[75.5248,29.197],[75.5246,29.1994],[75.5301,29.202],[75.5331,29.202],[75.5337,29.2039],[75.542,29.2036],[75.5453,29.202],[75.5503,29.2013],[75.557,29.1982],[75.562,29.1969],[75.5651,29.1987],[75.5661,29.2009],[75.5834,29.201],[75.5845,29.2025],[75.5895,29.201],[75.5965,29.2],[75.5986,29.1979],[75.6034,29.2006],[75.6186,29.2014],[75.6295,29.2014],[75.6333,29.2071],[75.6289,29.2094],[75.6326,29.2159],[75.633,29.2188],[75.6333,29.2343],[75.6318,29.2371],[75.6318,29.244],[75.6309,29.2533],[75.6287,29.2562],[75.6253,29.2561],[75.6253,29.2594],[75.622,29.2593],[75.6181,29.2616],[75.6173,29.2632],[75.609,29.2679],[75.6091,29.2727],[75.6076,29.2738],[75.6094,29.286],[75.6107,29.287],[75.6107,29.2906],[75.612,29.2929],[75.5951,29.2939],[75.5934,29.2951],[75.5936,29.2994],[75.5907,29.3026],[75.5909,29.3053],[75.5888,29.3101],[75.5941,29.3106],[75.5942,29.313],[75.5974,29.3146],[75.6089,29.3157],[75.6087,29.3181],[75.606,29.3197],[75.6047,29.3251],[75.5987,29.3355],[75.5983,29.3376],[75.5904,29.3369],[75.5876,29.3377],[75.5855,29.3402],[75.5838,29.346],[75.5844,29.3533],[75.5837,29.3553],[75.5805,29.3583],[75.5724,29.3598],[75.5597,29.3572],[75.5599,29.3607],[75.549,29.3607],[75.5341,29.3619],[75.5297,29.3626],[75.5245,29.3708],[75.5198,29.3873],[75.5185,29.3931],[75.5166,29.398],[75.5093,29.3964],[75.4981,29.395],[75.4908,29.3932],[75.482,29.3897],[75.4817,29.3888],[75.476,29.3837],[75.4713,29.3766],[75.4709,29.3743],[75.4674,29.3666],[75.4687,29.3626],[75.4738,29.3588],[75.4693,29.3572],[75.459,29.3554],[75.4563,29.3553],[75.4497,29.3532],[75.4465,29.3589],[75.4424,29.3625],[75.4403,29.3655],[75.4389,29.3698],[75.435,29.369],[75.4278,29.3686],[75.4269,29.3619],[75.4236,29.3554],[75.4201,29.3511],[75.4168,29.3483],[75.4152,29.3457],[75.4063,29.3427],[75.4011,29.3426],[75.3985,29.3367],[75.399,29.3341],[75.3984,29.3298],[75.3985,29.3178],[75.3942,29.317],[75.391,29.3154],[75.384,29.3138],[75.3815,29.3126],[75.3694,29.3111],[75.365,29.3098],[75.3578,29.3099],[75.3547,29.3072],[75.3552,29.3041],[75.3536,29.2996],[75.3505,29.2974],[75.3479,29.2917],[75.3481,29.2886],[75.3471,29.2829],[75.3406,29.2808],[75.3403,29.2735],[75.3385,29.2711],[75.3397,29.2681],[75.3399,29.2635],[75.3383,29.2577],[75.3396,29.2569],[75.3386,29.2518],[75.3353,29.2468],[75.3342,29.2416],[75.3319,29.2387],[75.3281,29.2363],[75.3296,29.2326],[75.3427,29.2293],[75.347,29.2253],[75.3533,29.2229],[75.3562,29.2231],[75.3613,29.2294],[75.3608,29.2387],[75.3615,29.243],[75.3648,29.247],[75.3754,29.2554],[75.378,29.2568],[75.3852,29.258],[75.3886,29.2612],[75.4019,29.2602],[75.4042,29.2608],[75.4107,29.2555],[75.412,29.2469],[75.4119,29.2424],[75.4087,29.2419],[75.4078,29.2358],[75.4053,29.2315],[75.4052,29.2286],[75.4024,29.2274],[75.4025,29.2227],[75.398,29.2235],[75.3968,29.2175],[75.4029,29.2132],[75.4054,29.214],[75.411,29.2075],[75.4104,29.2048],[75.4122,29.1965],[75.4118,29.1911],[75.4144,29.1843],[75.4127,29.1816],[75.4094,29.1802],[75.4059,29.1719],[75.4068,29.1697],[75.3953,29.1677],[75.3915,29.1684],[75.3813,29.169],[75.3821,29.1676],[75.3811,29.1511],[75.3797,29.1509],[75.3787,29.1422],[75.3744,29.1428],[75.3712,29.1416],[75.375,29.1352],[75.3833,29.1299],[75.3858,29.1292],[75.4022,29.1279]]]},"properties":{"id":"in:subdistrict:393","level":"subdistrict","name":"Adampur","code":393,"parent":"in:district:63","state":"in:state:6"}},{"type":"Feature","geometry":{"type":"Polygon","coordinates":[[[75.2452,29.2502],[75.2434,29.2539],[75.2384,29.2603],[75.2341,29.2687],[75.2374,29.278],[75.2382,29.2868],[75.2411,29.2972],[75.2354,29.3101],[75.2283,29.3198],[75.2263,29.3248],[75.2341,29.3327],[75.2356,29.3357],[75.2468,29.3356],[75.254,29.336],[75.2559,29.3367],[75.2578,29.34],[75.2652,29.3457],[75.2634,29.3603],[75.2572,29.3651],[75.2539,29.3667],[75.25,29.3708],[75.243,29.3764],[75.2422,29.3759],[75.2281,29.3795],[75.227,29.3808],[75.2212,29.3957],[75.22,29.3976],[75.2243,29.4026],[75.2268,29.4045],[75.2339,29.4122],[75.235,29.4187],[75.2381,29.4182],[75.2464,29.4197],[75.2587,29.4213],[75.266,29.4226],[75.2762,29.4232],[75.2857,29.4229],[75.2957,29.4328],[75.3011,29.4393],[75.3021,29.4422],[75.2984,29.4449],[75.2921,29.4526],[75.2868,29.4614],[75.281,29.4737],[75.2811,29.4799],[75.2877,29.4937],[75.2803,29.5],[75.2781,29.5045],[75.274,29.5092],[75.2645,29.5042],[75.2535,29.5001],[75.2545,29.513],[75.2491,29.5163],[75.2423,29.513],[75.2382,29.5122],[75.2379,29.5177],[75.24,29.5179],[75.2399,29.5217],[75.2351,29.5231],[75.235,29.5205],[75.2315,29.5187],[75.2308,29.5215],[75.2287,29.5223],[75.2282,29.5248],[75.2155,29.5253],[75.2079,29.5243],[75.2047,29.5229],[75.2015,29.5184],[75.1989,29.5105],[75.1992,29.5045],[75.1986,29.502],[75.1992,29.494],[75.1927,29.4882],[75.1925,29.4853],[75.1938,29.4802],[75.1964,29.4764],[75.1935,29.4732],[75.1891,29.4713],[75.1819,29.4701],[75.1815,29.4731],[75.1786,29.4719],[75.1725,29.4742],[75.1677,29.47],[75.1632,29.4684],[75.1574,29.4704],[75.1537,29.4691],[75.1466,29.4678],[75.1389,29.4611],[75.1335,29.4606],[75.1306,29.4593],[75.129,29.4635],[75.1264,29.468],[75.1178,29.4674],[75.1123,29.4713],[75.1079,29.473],[75.1003,29.4718],[75.0928,29.4712],[75.093,29.4754],[75.0837,29.4746],[75.0734,29.4704],[75.0706,29.467],[75.0666,29.4605],[75.0658,29.4576],[75.07,29.4499],[75.062,29.4499],[75.0547,29.453],[75.0469,29.4532],[75.0442,29.4523],[75.0315,29.4496],[75.0316,29.4448],[75.0309,29.4326],[75.0301,29.429],[75.0259,29.4285],[75.0142,29.4281],[75.0093,29.4285],[75.0053,29.4262],[75.002,29.4269],[74.9904,29.4254],[74.989,29.4197],[74.9896,29.4171],[74.9918,29.4138],[74.9872,29.4099],[74.9817,29.4043],[74.9788,29.4001],[74.9751,29.3985],[74.9591,29.3956],[74.949,29.3948],[74.9391,29.3923],[74.9293,29.3913],[74.9056,29.3899],[74.9021,29.3893],[74.9017,29.3841],[74.9078,29.3796],[74.912,29.3751],[74.9185,29.3704],[74.9267,29.3676],[74.9351,29.3642],[74.9385,29.3618],[74.939,29.3555],[74.9381,29.3513],[74.9393,29.3481],[74.9399,29.34],[74.9507,29.3351],[74.9545,29.3327],[74.9585,29.3273],[74.9609,29.3203],[74.9608,29.318],[74.9567,29.3124],[74.9546,29.308],[74.9484,29.3015],[74.9515,29.2958],[74.9558,29.2862],[74.9585,29.2828],[74.9617,29.2803],[74.971,29.2791],[74.9833,29.2806],[74.9895,29.2771],[74.9992,29.2703],[75.0003,29.2719],[75.0079,29.2765],[75.0166,29.2843],[75.0191,29.2859],[75.0238,29.2868],[75.036,29.2876],[75.05,29.2861],[75.0535,29.2833],[75.0587,29.2771],[75.0605,29.2758],[75.0602,29.273],[75.0609,29.2652],[75.0621,29.2626],[75.0676,29.2558],[75.0706,29.2528],[75.0741,29.2447],[75.0729,29.2378],[75.074,29.2356],[75.0741,29.2319],[75.0753,29.2298],[75.0821,29.228],[75.0922,29.2266],[75.1046,29.2245],[75.1196,29.2229],[75.1213,29.2267],[75.1244,29.2399],[75.1293,29.2399],[75.1378,29.2387],[75.1586,29.2424],[75.1628,29.244],[75.172,29.25],[75.1743,29.2511],[75.1686,29.2587],[75.1762,29.2632],[75.1809,29.2635],[75.1828,29.2662],[75.188,29.2682],[75.1935,29.2641],[75.1957,29.2633],[75.1964,29.259],[75.1985,29.2533],[75.2101,29.2347],[75.218,29.2319],[75.2246,29.2322],[75.2309,29.2309],[75.2384,29.2302],[75.2391,29.2324],[75.2421,29.2364],[75.2424,29.2454],[75.2452,29.2502]]]},"properties":{"id":"in:subdistrict:6470","level":"subdistrict","name":"Nathusari Chopta","code":6470,"parent":"in:district:74","state":"in:state:6"}},{"type":"Feature","geometry":{"type":"Polygon","coordinates":[[[74.9021,29.3893],[74.9021,29.3928],[74.9093,29.4048],[74.9092,29.4111],[74.9074,29.4162],[74.9071,29.4265],[74.904,29.4336],[74.9013,29.4378],[74.8973,29.4471],[74.8925,29.4534],[74.8954,29.4553],[74.8973,29.4584],[74.8968,29.4621],[74.8981,29.4683],[74.8945,29.4703],[74.8893,29.4693],[74.8808,29.4714],[74.873,29.4714],[74.8625,29.4705],[74.8437,29.47],[74.8393,29.4766],[74.8383,29.4829],[74.8289,29.4836],[74.8292,29.4804],[74.8246,29.4781],[74.8216,29.4792],[74.8122,29.4803],[74.7976,29.4825],[74.7951,29.4862],[74.7966,29.4896],[74.7934,29.4936],[74.7892,29.4934],[74.7886,29.4918],[74.7831,29.4923],[74.7815,29.4914],[74.7747,29.4929],[74.7728,29.4943],[74.7734,29.4995],[74.7655,29.5027],[74.7623,29.5026],[74.7583,29.5043],[74.7546,29.5042],[74.7519,29.5074],[74.7492,29.508],[74.7486,29.5043],[74.7452,29.4952],[74.7426,29.4975],[74.7325,29.4975],[74.727,29.4986],[74.725,29.4969],[74.7218,29.4987],[74.7202,29.5011],[74.716,29.5097],[74.7094,29.5123],[74.7053,29.5147],[74.7065,29.5186],[74.7095,29.5243],[74.7034,29.5286],[74.6945,29.5334],[74.6815,29.5388],[74.6774,29.5297],[74.6744,29.528],[74.6689,29.5232],[74.667,29.5205],[74.6621,29.5187],[74.6615,29.5221],[74.6622,29.5291],[74.6554,29.5298],[74.6489,29.5293],[74.6404,29.5313],[74.6352,29.533],[74.6231,29.531],[74.6219,29.5222],[74.6166,29.518],[74.6148,29.5156],[74.6098,29.5117],[74.604,29.5026],[74.601,29.5011],[74.6,29.4986],[74.5997,29.494],[74.5966,29.4916],[74.5953,29.4887],[74.5964,29.482],[74.5923,29.4736],[74.5873,29.4665],[74.5846,29.4611],[74.5847,29.4585],[74.5747,29.4646],[74.5703,29.4655],[74.5587,29.4661],[74.5527,29.4669],[74.5479,29.4683],[74.5432,29.4678],[74.539,29.4637],[74.5359,29.4569],[74.5355,29.4499],[74.5347,29.4477],[74.5364,29.4432],[74.5346,29.4353],[74.5363,29.4291],[74.5366,29.4245],[74.5493,29.4247],[74.5626,29.4223],[74.5662,29.4206],[74.5696,29.4126],[74.5737,29.4065],[74.5739,29.3999],[74.5779,29.3885],[74.5853,29.3785],[74.5897,29.3766],[74.5952,29.3705],[74.6029,29.3649],[74.6036,29.3626],[74.6069,29.3573],[74.6071,29.3545],[74.6037,29.3463],[74.602,29.3406],[74.6002,29.3291],[74.5993,29.3275],[74.6043,29.3273],[74.6093,29.3283],[74.6246,29.3296],[74.6344,29.3296],[74.6436,29.3317],[74.6545,29.3329],[74.6538,29.3399],[74.6522,29.3456],[74.6521,29.3513],[74.6549,29.3626],[74.6563,29.3652],[74.6582,29.372],[74.6664,29.3704],[74.6798,29.3693],[74.6895,29.3661],[74.6966,29.3659],[74.7081,29.3668],[74.7195,29.37],[74.7232,29.3662],[74.7312,29.3594],[74.7397,29.354],[74.7564,29.354],[74.7622,29.3544],[74.77,29.3569],[74.7787,29.3576],[74.7819,29.3579],[74.7876,29.3614],[74.7919,29.3655],[74.795,29.3705],[74.7984,29.3729],[74.8019,29.3772],[74.8063,29.3812],[74.8125,29.3883],[74.8155,29.3925],[74.8204,29.3972],[74.8253,29.3979],[74.8336,29.3979],[74.8415,29.399],[74.8497,29.4015],[74.8506,29.4036],[74.8623,29.3988],[74.8668,29.3977],[74.8714,29.3949],[74.8743,29.3916],[74.8761,29.3846],[74.8777,29.3835],[74.8946,29.3838],[74.8996,29.3848],[74.9017,29.3841],[74.9021,29.3893]]]},"properties":{"id":"in:subdistrict:392","level":"subdistrict","name":"Ellenabad","code":392,"parent":"in:district:74","state":"in:state:6"}},{"type":"Feature","geometry":{"type":"Polygon","coordinates":[[[74.4923,29.7447],[74.5,29.7432],[74.508,29.7422],[74.5162,29.7424],[74.5228,29.7421],[74.5331,29.7404],[74.5351,29.7408],[74.5414,29.75],[74.5473,29.7553],[74.5524,29.7557],[74.5697,29.7551],[74.5773,29.7541],[74.5748,29.7488],[74.5793,29.749],[74.5788,29.7523],[74.5814,29.7525],[74.5875,29.7669],[74.5963,29.7674],[74.6007,29.7661],[74.6033,29.7579],[74.6097,29.7559],[74.6158,29.7524],[74.612,29.748],[74.6098,29.744],[74.6086,29.7385],[74.6081,29.7319],[74.6098,29.7218],[74.6067,29.7105],[74.6047,29.7049],[74.6008,29.7005],[74.6001,29.6972],[74.6013,29.691],[74.5989,29.687],[74.6124,29.6828],[74.6165,29.6822],[74.6294,29.6836],[74.6468,29.6828],[74.6561,29.6832],[74.6594,29.6842],[74.6607,29.6883],[74.6632,29.6928],[74.6756,29.6911],[74.6871,29.6869],[74.6924,29.6854],[74.6997,29.6826],[74.7053,29.6893],[74.7139,29.6911],[74.7364,29.6913],[74.7397,29.6853],[74.7445,29.6816],[74.7491,29.6747],[74.752,29.6726],[74.7575,29.6723],[74.7654,29.6707],[74.7681,29.6708],[74.768,29.6809],[74.7706,29.6903],[74.7726,29.6929],[74.7754,29.6946],[74.7822,29.6963],[74.7878,29.6879],[74.7921,29.6842],[74.804,29.6842],[74.8148,29.6855],[74.8275,29.6897],[74.833,29.6919],[74.8407,29.6895],[74.8481,29.6881],[74.8558,29.6875],[74.8611,29.686],[74.8672,29.6854],[74.8679,29.6874],[74.8738,29.6949],[74.8751,29.7004],[74.8777,29.706],[74.881,29.7115],[74.8849,29.7241],[74.8864,29.7318],[74.8973,29.7261],[74.9028,29.7249],[74.906,29.7234],[74.9095,29.7297],[74.9237,29.741],[74.9329,29.7499],[74.9294,29.7593],[74.9279,29.7645],[74.9273,29.7694],[74.9274,29.7751],[74.9196,29.7754],[74.9101,29.782],[74.904,29.7874],[74.8947,29.7847],[74.888,29.7848],[74.8819,29.7893],[74.8778,29.7909],[74.8749,29.7934],[74.8706,29.8034],[74.8714,29.813],[74.8724,29.8153],[74.8753,29.818],[74.8932,29.8255],[74.9057,29.8245],[74.9092,29.8235],[74.9228,29.8161],[74.9288,29.8256],[74.9305,29.8326],[74.935,29.8402],[74.9379,29.8424],[74.9345,29.8471],[74.9307,29.8567],[74.9249,29.8605],[74.9315,29.874],[74.9371,29.8817],[74.9467,29.8863],[74.9489,29.8881],[74.9553,29.8909],[74.9562,29.8941],[74.9551,29.9012],[74.9513,29.9032],[74.9471,29.9088],[74.9461,29.9121],[74.9433,29.9173],[74.9417,29.9177],[74.939,29.9228],[74.9352,29.9319],[74.927,29.9459],[74.9267,29.9505],[74.9229,29.9521],[74.919,29.9471],[74.9129,29.9434],[74.9071,29.9406],[74.8978,29.9395],[74.8955,29.9407],[74.9007,29.9455],[74.9033,29.9523],[74.9024,29.9545],[74.8984,29.958],[74.8921,29.9622],[74.8883,29.9664],[74.8843,29.9631],[74.8779,29.9597],[74.8758,29.9576],[74.8689,29.9603],[74.8637,29.96],[74.8554,29.9565],[74.8506,29.962],[74.8477,29.9625],[74.8435,29.9646],[74.8412,29.9688],[74.8385,29.9711],[74.8343,29.9716],[74.8248,29.9748],[74.8264,29.9772],[74.8243,29.9858],[74.8211,29.9892],[74.816,29.992],[74.8114,29.9924],[74.8061,29.992],[74.7901,29.9805],[74.7816,29.9734],[74.7785,29.9717],[74.7742,29.9732],[74.7724,29.972],[74.7665,29.9723],[74.7638,29.9733],[74.7586,29.9724],[74.7583,29.97],[74.754,29.9696],[74.7532,29.9673],[74.7502,29.968],[74.7404,29.9684],[74.7375,29.967],[74.7342,29.9634],[74.731,29.9615],[74.7249,29.963],[74.7218,29.9654],[74.7068,29.9706],[74.7069,29.977],[74.7019,29.9716],[74.7001,29.9727],[74.6968,29.9688],[74.6941,29.9673],[74.6938,29.9655],[74.6891,29.9591],[74.6866,29.9524],[74.6862,29.9493],[74.6821,29.9435],[74.678,29.9431],[74.6703,29.9396],[74.6597,29.9333],[74.6515,29.9263],[74.6482,29.9197],[74.6468,29.9113],[74.6501,29.9072],[74.648,29.9047],[74.6418,29.9045],[74.6303,29.905],[74.6192,29.9085],[74.6101,29.9098],[74.6072,29.911],[74.5973,29.9128],[74.594,29.9143],[74.5883,29.9181],[74.5827,29.9243],[74.5799,29.9257],[74.5728,29.9274],[74.5677,29.9278],[74.559,29.9273],[74.5607,29.9295],[74.5549,29.9336],[74.5421,29.9403],[74.5391,29.9426],[74.5316,29.9497],[74.5272,29.9429],[74.5186,29.9296],[74.5155,29.9159],[74.5099,29.9083],[74.5115,29.9071],[74.5221,29.9025],[74.5359,29.9022],[74.5437,29.9017],[74.5454,29.8965],[74.5477,29.8922],[74.5486,29.8881],[74.5512,29.8827],[74.5572,29.8763],[74.5603,29.8724],[74.5611,29.8698],[74.5576,29.8626],[74.5514,29.8528],[74.5458,29.8458],[74.5381,29.8403],[74.5302,29.8379],[74.5172,29.8357],[74.509,29.8337],[74.4996,29.8274],[74.4846,29.8149],[74.4822,29.8116],[74.475,29.7929],[74.4735,29.7863],[74.4733,29.7701],[74.4747,29.7592],[74.4779,29.7468],[74.4878,29.7449],[74.4923,29.7447]]]},"properties":{"id":"in:subdistrict:389","level":"subdistrict","name":"Dabwali","code":389,"parent":"in:district:74","state":"in:state:6"}},{"type":"Feature","geometry":{"type":"Polygon","coordinates":[[[74.8981,29.4683],[74.9003,29.4704],[74.8996,29.4738],[74.9008,29.4766],[74.9,29.4804],[74.8975,29.4836],[74.9009,29.4845],[74.9012,29.4882],[74.9029,29.4912],[74.9079,29.4975],[74.909,29.5006],[74.9164,29.5112],[74.9202,29.5089],[74.9272,29.5119],[74.9287,29.5173],[74.9319,29.5251],[74.9361,29.5269],[74.9323,29.5299],[74.926,29.5333],[74.9244,29.5325],[74.9203,29.5334],[74.9173,29.5322],[74.914,29.5338],[74.9097,29.5435],[74.9123,29.547],[74.9136,29.5542],[74.9117,29.5619],[74.9079,29.5641],[74.9118,29.5743],[74.9139,29.5841],[74.9143,29.5909],[74.9166,29.5979],[74.9201,29.6046],[74.9204,29.6075],[74.9195,29.6169],[74.9197,29.6222],[74.9207,29.6248],[74.9293,29.6256],[74.9321,29.6277],[74.9339,29.6319],[74.934,29.6357],[74.9315,29.6398],[74.9223,29.6496],[74.9204,29.6535],[74.9169,29.6539],[74.9029,29.6536],[74.8976,29.6542],[74.8859,29.6521],[74.8855,29.6567],[74.88,29.6584],[74.8759,29.6618],[74.8724,29.6636],[74.8651,29.6654],[74.8665,29.6702],[74.8663,29.6768],[74.8672,29.6854],[74.8611,29.686],[74.8558,29.6875],[74.8481,29.6881],[74.8407,29.6895],[74.833,29.6919],[74.8275,29.6897],[74.8148,29.6855],[74.804,29.6842],[74.7921,29.6842],[74.7878,29.6879],[74.7822,29.6963],[74.7754,29.6946],[74.7726,29.6929],[74.7706,29.6903],[74.768,29.6809],[74.7681,29.6708],[74.7654,29.6707],[74.7575,29.6723],[74.752,29.6726],[74.7491,29.6747],[74.7445,29.6816],[74.7397,29.6853],[74.7364,29.6913],[74.7139,29.6911],[74.7053,29.6893],[74.6997,29.6826],[74.6924,29.6854],[74.6871,29.6869],[74.6756,29.6911],[74.6632,29.6928],[74.6607,29.6883],[74.6594,29.6842],[74.6561,29.6832],[74.6468,29.6828],[74.6294,29.6836],[74.6165,29.6822],[74.6124,29.6828],[74.5989,29.687],[74.5924,29.6749],[74.5854,29.6539],[74.5865,29.6473],[74.5914,29.6402],[74.5901,29.6336],[74.5887,29.6312],[74.5821,29.6283],[74.5814,29.6259],[74.5828,29.6233],[74.5804,29.6175],[74.5789,29.6073],[74.5788,29.6033],[74.5776,29.6],[74.5776,29.5893],[74.5769,29.588],[74.577,29.5718],[74.575,29.5652],[74.5759,29.5601],[74.5811,29.5568],[74.5879,29.5495],[74.5952,29.545],[74.6023,29.5439],[74.6075,29.539],[74.6118,29.5385],[74.6147,29.534],[74.6147,29.5313],[74.6197,29.5325],[74.6231,29.531],[74.6352,29.533],[74.6404,29.5313],[74.6489,29.5293],[74.6554,29.5298],[74.6622,29.5291],[74.6615,29.5221],[74.6621,29.5187],[74.667,29.5205],[74.6689,29.5232],[74.6744,29.528],[74.6774,29.5297],[74.6815,29.5388],[74.6945,29.5334],[74.7034,29.5286],[74.7095,29.5243],[74.7065,29.5186],[74.7053,29.5147],[74.7094,29.5123],[74.716,29.5097],[74.7202,29.5011],[74.7218,29.4987],[74.725,29.4969],[74.727,29.4986],[74.7325,29.4975],[74.7426,29.4975],[74.7452,29.4952],[74.7486,29.5043],[74.7492,29.508],[74.7519,29.5074],[74.7546,29.5042],[74.7583,29.5043],[74.7623,29.5026],[74.7655,29.5027],[74.7734,29.4995],[74.7728,29.4943],[74.7747,29.4929],[74.7815,29.4914],[74.7831,29.4923],[74.7886,29.4918],[74.7892,29.4934],[74.7934,29.4936],[74.7966,29.4896],[74.7951,29.4862],[74.7976,29.4825],[74.8122,29.4803],[74.8216,29.4792],[74.8246,29.4781],[74.8292,29.4804],[74.8289,29.4836],[74.8383,29.4829],[74.8393,29.4766],[74.8437,29.47],[74.8625,29.4705],[74.873,29.4714],[74.8808,29.4714],[74.8893,29.4693],[74.8945,29.4703],[74.8981,29.4683]]]},"properties":{"id":"in:subdistrict:391","level":"subdistrict","name":"Rania","code":391,"parent":"in:district:74","state":"in:state:6"}},{"type":"Feature","geometry":{"type":"Polygon","coordinates":[[[75.274,29.5092],[75.278,29.515],[75.2878,29.5179],[75.2933,29.521],[75.296,29.5237],[75.3009,29.5235],[75.2986,29.5274],[75.2961,29.5299],[75.2949,29.5338],[75.2969,29.5381],[75.3028,29.5419],[75.3027,29.5457],[75.3039,29.5493],[75.301,29.556],[75.303,29.5597],[75.2958,29.5588],[75.2812,29.5615],[75.2803,29.5588],[75.2804,29.554],[75.2767,29.5517],[75.2711,29.5492],[75.2681,29.5487],[75.258,29.5491],[75.2515,29.5476],[75.2445,29.5467],[75.2368,29.5441],[75.2393,29.5523],[75.2384,29.5589],[75.2338,29.5643],[75.2332,29.5662],[75.2345,29.5698],[75.2334,29.5727],[75.2303,29.5766],[75.2254,29.5796],[75.2217,29.5803],[75.2274,29.5872],[75.2292,29.5914],[75.2337,29.5983],[75.2353,29.6021],[75.2284,29.6054],[75.2222,29.6104],[75.2191,29.6158],[75.2068,29.6219],[75.2005,29.6195],[75.1975,29.6192],[75.1887,29.624],[75.1825,29.6293],[75.1824,29.6367],[75.1847,29.6416],[75.1852,29.6477],[75.1876,29.6518],[75.18,29.6529],[75.1747,29.6556],[75.1714,29.6621],[75.168,29.667],[75.1676,29.6704],[75.1725,29.6714],[75.1764,29.6705],[75.1797,29.6745],[75.1839,29.6733],[75.1873,29.6759],[75.1881,29.6813],[75.191,29.6819],[75.1988,29.68],[75.2007,29.681],[75.2068,29.6875],[75.2083,29.6983],[75.2073,29.7018],[75.2,29.7011],[75.1978,29.7032],[75.197,29.7161],[75.2006,29.7265],[75.2039,29.7319],[75.2082,29.7375],[75.2103,29.7388],[75.2156,29.7381],[75.2187,29.7364],[75.2208,29.7331],[75.2242,29.7314],[75.2264,29.7289],[75.2293,29.7324],[75.2317,29.7338],[75.2382,29.74],[75.2414,29.7505],[75.2416,29.7546],[75.2357,29.7597],[75.2302,29.7704],[75.2281,29.7733],[75.2244,29.7807],[75.2263,29.7853],[75.2263,29.7891],[75.2163,29.7877],[75.2157,29.7902],[75.2127,29.7923],[75.2085,29.7927],[75.2098,29.8016],[75.2087,29.8047],[75.21,29.8102],[75.2093,29.8124],[75.2097,29.8173],[75.214,29.824],[75.2123,29.8293],[75.2103,29.8329],[75.2011,29.8361],[75.1993,29.8378],[75.1968,29.8377],[75.191,29.8414],[75.1839,29.8336],[75.1801,29.8315],[75.1759,29.8281],[75.1703,29.828],[75.1673,29.8271],[75.1641,29.8241],[75.1638,29.8207],[75.1621,29.8154],[75.1602,29.8128],[75.1607,29.8064],[75.1591,29.8013],[75.162,29.7956],[75.1666,29.7882],[75.1666,29.7843],[75.1649,29.7824],[75.1555,29.7769],[75.151,29.7755],[75.1465,29.7818],[75.1412,29.7847],[75.1401,29.7865],[75.1384,29.7967],[75.1382,29.8003],[75.1369,29.806],[75.132,29.8079],[75.1267,29.8069],[75.1191,29.8027],[75.1045,29.8048],[75.1008,29.8068],[75.1003,29.8194],[75.1049,29.8244],[75.1139,29.829],[75.1187,29.8309],[75.1181,29.8336],[75.1144,29.8387],[75.1111,29.842],[75.1069,29.8411],[75.1029,29.8419],[75.0908,29.8526],[75.0898,29.8586],[75.0934,29.858],[75.1001,29.8641],[75.1072,29.8683],[75.1103,29.872],[75.1147,29.8787],[75.112,29.8865],[75.1117,29.891],[75.1104,29.8927],[75.1104,29.9019],[75.1051,29.9065],[75.099,29.9111],[75.0989,29.9127],[75.0888,29.9172],[75.0821,29.9073],[75.0812,29.9022],[75.0786,29.8988],[75.0753,29.8963],[75.0761,29.8936],[75.0744,29.882],[75.07,29.877],[75.0653,29.8788],[75.0561,29.8781],[75.0519,29.8841],[75.0484,29.8852],[75.0451,29.8847],[75.0385,29.8824],[75.0329,29.8798],[75.029,29.874],[75.0225,29.8663],[75.0053,29.8689],[74.9981,29.8662],[74.9907,29.8681],[74.9811,29.8821],[74.9769,29.8894],[74.9788,29.8917],[74.9789,29.8943],[74.9705,29.8977],[74.9615,29.9002],[74.9551,29.9012],[74.9562,29.8941],[74.9553,29.8909],[74.9489,29.8881],[74.9467,29.8863],[74.9371,29.8817],[74.9315,29.874],[74.9249,29.8605],[74.9307,29.8567],[74.9345,29.8471],[74.9379,29.8424],[74.935,29.8402],[74.9305,29.8326],[74.9288,29.8256],[74.9228,29.8161],[74.9092,29.8235],[74.9057,29.8245],[74.8932,29.8255],[74.8753,29.818],[74.8724,29.8153],[74.8714,29.813],[74.8706,29.8034],[74.8749,29.7934],[74.8778,29.7909],[74.8819,29.7893],[74.888,29.7848],[74.8947,29.7847],[74.904,29.7874],[74.9101,29.782],[74.9196,29.7754],[74.9274,29.7751],[74.9273,29.7694],[74.9279,29.7645],[74.9294,29.7593],[74.9329,29.7499],[74.9237,29.741],[74.9095,29.7297],[74.906,29.7234],[74.9028,29.7249],[74.8973,29.7261],[74.8864,29.7318],[74.8849,29.7241],[74.881,29.7115],[74.8777,29.706],[74.8751,29.7004],[74.8738,29.6949],[74.8679,29.6874],[74.8672,29.6854],[74.8663,29.6768],[74.8665,29.6702],[74.8651,29.6654],[74.8724,29.6636],[74.8759,29.6618],[74.88,29.6584],[74.8855,29.6567],[74.8859,29.6521],[74.8976,29.6542],[74.9029,29.6536],[74.9169,29.6539],[74.9204,29.6535],[74.9223,29.6496],[74.9315,29.6398],[74.934,29.6357],[74.9339,29.6319],[74.9321,29.6277],[74.9293,29.6256],[74.9207,29.6248],[74.9197,29.6222],[74.9195,29.6169],[74.9204,29.6075],[74.9201,29.6046],[74.9166,29.5979],[74.9143,29.5909],[74.9139,29.5841],[74.9118,29.5743],[74.9079,29.5641],[74.9117,29.5619],[74.9136,29.5542],[74.9123,29.547],[74.9097,29.5435],[74.914,29.5338],[74.9173,29.5322],[74.9203,29.5334],[74.9244,29.5325],[74.926,29.5333],[74.9323,29.5299],[74.9361,29.5269],[74.9319,29.5251],[74.9287,29.5173],[74.9272,29.5119],[74.9202,29.5089],[74.9164,29.5112],[74.909,29.5006],[74.9079,29.4975],[74.9029,29.4912],[74.9012,29.4882],[74.9009,29.4845],[74.8975,29.4836],[74.9,29.4804],[74.9008,29.4766],[74.8996,29.4738],[74.9003,29.4704],[74.8981,29.4683],[74.8968,29.4621],[74.8973,29.4584],[74.8954,29.4553],[74.8925,29.4534],[74.8973,29.4471],[74.9013,29.4378],[74.904,29.4336],[74.9071,29.4265],[74.9074,29.4162],[74.9092,29.4111],[74.9093,29.4048],[74.9021,29.3928],[74.9021,29.3893],[74.9056,29.3899],[74.9293,29.3913],[74.9391,29.3923],[74.949,29.3948],[74.9591,29.3956],[74.9751,29.3985],[74.9788,29.4001],[74.9817,29.4043],[74.9872,29.4099],[74.9918,29.4138],[74.9896,29.4171],[74.989,29.4197],[74.9904,29.4254],[75.002,29.4269],[75.0053,29.4262],[75.0093,29.4285],[75.0142,29.4281],[75.0259,29.4285],[75.0301,29.429],[75.0309,29.4326],[75.0316,29.4448],[75.0315,29.4496],[75.0442,29.4523],[75.0469,29.4532],[75.0547,29.453],[75.062,29.4499],[75.07,29.4499],[75.0658,29.4576],[75.0666,29.4605],[75.0706,29.467],[75.0734,29.4704],[75.0837,29.4746],[75.093,29.4754],[75.0928,29.4712],[75.1003,29.4718],[75.1079,29.473],[75.1123,29.4713],[75.1178,29.4674],[75.1264,29.468],[75.129,29.4635],[75.1306,29.4593],[75.1335,29.4606],[75.1389,29.4611],[75.1466,29.4678],[75.1537,29.4691],[75.1574,29.4704],[75.1632,29.4684],[75.1677,29.47],[75.1725,29.4742],[75.1786,29.4719],[75.1815,29.4731],[75.1819,29.4701],[75.1891,29.4713],[75.1935,29.4732],[75.1964,29.4764],[75.1938,29.4802],[75.1925,29.4853],[75.1927,29.4882],[75.1992,29.494],[75.1986,29.502],[75.1992,29.5045],[75.1989,29.5105],[75.2015,29.5184],[75.2047,29.5229],[75.2079,29.5243],[75.2155,29.5253],[75.2282,29.5248],[75.2287,29.5223],[75.2308,29.5215],[75.2315,29.5187],[75.235,29.5205],[75.2351,29.5231],[75.2399,29.5217],[75.24,29.5179],[75.2379,29.5177],[75.2382,29.5122],[75.2423,29.513],[75.2491,29.5163],[75.2545,29.513],[75.2535,29.5001],[75.2645,29.5042],[75.274,29.5092]]]},"properties":{"id":"in:subdistrict:390","level":"subdistrict","name":"Sirsa","code":390,"parent":"in:district:74","state":"in:state:6"}},{"type":"Feature","geometry":{"type":"Polygon","coordinates":[[[75.3582,29.6607],[75.3574,29.6567],[75.3594,29.652],[75.3576,29.6497],[75.3583,29.6457],[75.3572,29.6411],[75.3637,29.6348],[75.3663,29.6302],[75.3666,29.6254],[75.3656,29.6173],[75.3673,29.6129],[75.3717,29.6095],[75.3744,29.6061],[75.3843,29.6041],[75.387,29.6043],[75.391,29.6061],[75.3901,29.6131],[75.3937,29.6267],[75.3937,29.6299],[75.3973,29.6353],[75.3981,29.6385],[75.3927,29.6526],[75.3905,29.6602],[75.388,29.6668],[75.3914,29.6722],[75.3951,29.6733],[75.3977,29.6758],[75.3983,29.6784],[75.4031,29.6818],[75.4094,29.6838],[75.4118,29.6868],[75.4166,29.6864],[75.4202,29.6838],[75.425,29.6815],[75.4335,29.6746],[75.4418,29.6711],[75.4401,29.6613],[75.4371,29.6504],[75.4367,29.6444],[75.4449,29.6365],[75.4546,29.6313],[75.4573,29.6293],[75.4603,29.6256],[75.464,29.616],[75.4678,29.6076],[75.4701,29.6037],[75.4725,29.5979],[75.4751,29.5938],[75.4783,29.5952],[75.488,29.5978],[75.4901,29.6035],[75.4906,29.6131],[75.4938,29.6165],[75.4941,29.6214],[75.4955,29.6314],[75.4971,29.6359],[75.4982,29.6425],[75.499,29.6518],[75.4984,29.6564],[75.4994,29.6586],[75.5049,29.6533],[75.5098,29.6499],[75.5121,29.6492],[75.5176,29.6448],[75.526,29.644],[75.5289,29.6449],[75.5284,29.6367],[75.5244,29.6299],[75.522,29.6228],[75.5197,29.6183],[75.5148,29.6137],[75.514,29.6092],[75.5181,29.6046],[75.5191,29.5963],[75.5206,29.5934],[75.5207,29.5903],[75.5222,29.5884],[75.5265,29.5882],[75.5307,29.586],[75.5342,29.587],[75.5364,29.5899],[75.5453,29.5908],[75.5492,29.5886],[75.5562,29.587],[75.5568,29.5847],[75.5651,29.5826],[75.569,29.5846],[75.5708,29.5899],[75.5845,29.5924],[75.5881,29.5938],[75.5927,29.5924],[75.596,29.589],[75.5993,29.5871],[75.6057,29.5918],[75.6072,29.5872],[75.6095,29.587],[75.6129,29.5843],[75.615,29.5805],[75.6209,29.576],[75.6271,29.5793],[75.6326,29.5852],[75.6353,29.5895],[75.6354,29.5957],[75.6338,29.6003],[75.6364,29.6045],[75.639,29.6103],[75.6418,29.6085],[75.6474,29.6096],[75.6484,29.6151],[75.6525,29.619],[75.6563,29.6163],[75.6618,29.6166],[75.6622,29.6191],[75.6688,29.626],[75.6717,29.6303],[75.6724,29.6343],[75.6773,29.6369],[75.6773,29.6395],[75.6797,29.6415],[75.6816,29.6456],[75.6856,29.652],[75.6807,29.6552],[75.6724,29.6555],[75.6723,29.6623],[75.6715,29.6648],[75.672,29.6714],[75.6801,29.6724],[75.6839,29.674],[75.6867,29.6772],[75.693,29.6797],[75.6925,29.6898],[75.6915,29.6936],[75.6895,29.6959],[75.6889,29.6985],[75.6837,29.6991],[75.6818,29.7004],[75.6821,29.7066],[75.683,29.7083],[75.68,29.7153],[75.6803,29.725],[75.6848,29.7262],[75.6861,29.7292],[75.6864,29.7362],[75.6904,29.739],[75.6932,29.7434],[75.6956,29.7446],[75.698,29.7495],[75.6971,29.7518],[75.6996,29.7538],[75.692,29.7556],[75.6904,29.7586],[75.6825,29.7674],[75.6817,29.7723],[75.6783,29.7761],[75.6681,29.7774],[75.6637,29.7753],[75.661,29.7768],[75.6551,29.7739],[75.6522,29.7753],[75.6425,29.7751],[75.6403,29.7725],[75.6378,29.7739],[75.6352,29.7723],[75.6345,29.7664],[75.6354,29.762],[75.6344,29.759],[75.6345,29.7553],[75.6299,29.75],[75.6258,29.7476],[75.6206,29.7467],[75.6182,29.7443],[75.6148,29.7453],[75.6069,29.7489],[75.605,29.7519],[75.5996,29.7491],[75.5911,29.7478],[75.5859,29.7449],[75.5801,29.7391],[75.5721,29.7433],[75.5715,29.75],[75.5697,29.7568],[75.5672,29.7612],[75.5651,29.7667],[75.5611,29.7707],[75.5563,29.7711],[75.5449,29.7708],[75.5407,29.7736],[75.5352,29.7724],[75.5327,29.7706],[75.5272,29.7616],[75.5249,29.7619],[75.522,29.7598],[75.5233,29.7679],[75.5227,29.7701],[75.5195,29.7732],[75.5189,29.7756],[75.5154,29.7764],[75.5065,29.7768],[75.5028,29.7779],[75.5004,29.7819],[75.4963,29.785],[75.4922,29.7858],[75.4855,29.7915],[75.4796,29.7928],[75.4751,29.7964],[75.4728,29.7995],[75.4675,29.8028],[75.4616,29.8077],[75.4567,29.8066],[75.4529,29.8018],[75.4562,29.7966],[75.4582,29.7947],[75.4561,29.7905],[75.4563,29.7862],[75.454,29.782],[75.4508,29.7815],[75.4479,29.7838],[75.4384,29.78],[75.4299,29.7737],[75.4281,29.7711],[75.4204,29.7731],[75.4196,29.7705],[75.4163,29.7691],[75.4141,29.77],[75.4081,29.7623],[75.406,29.7607],[75.4052,29.7576],[75.4057,29.7523],[75.4048,29.739],[75.4013,29.7402],[75.3964,29.7395],[75.3952,29.7333],[75.3914,29.7328],[75.3883,29.7302],[75.3881,29.7282],[75.392,29.7246],[75.3932,29.7209],[75.3909,29.7193],[75.3918,29.7131],[75.3864,29.7131],[75.384,29.7122],[75.3802,29.7142],[75.3786,29.7129],[75.3757,29.7141],[75.3699,29.7109],[75.3711,29.7073],[75.3708,29.7045],[75.3647,29.7039],[75.3591,29.7055],[75.3579,29.7039],[75.3586,29.6997],[75.3519,29.6972],[75.3511,29.696],[75.3457,29.696],[75.3489,29.6863],[75.35,29.6861],[75.3537,29.6793],[75.3543,29.6749],[75.3598,29.6681],[75.3608,29.6645],[75.3582,29.6607]]]},"properties":{"id":"in:subdistrict:386","level":"subdistrict","name":"Ratia","code":386,"parent":"in:district:61","state":"in:state:6"}},{"type":"Feature","geometry":{"type":"Polygon","coordinates":[[[75.6773,29.6369],[75.678,29.6301],[75.6801,29.6297],[75.6832,29.6316],[75.6914,29.6312],[75.6959,29.6297],[75.6995,29.6267],[75.6993,29.6204],[75.6975,29.6166],[75.696,29.616],[75.6955,29.6116],[75.6978,29.6088],[75.7045,29.6123],[75.7067,29.6141],[75.7096,29.6138],[75.7119,29.6157],[75.7121,29.6187],[75.7148,29.6202],[75.7176,29.6189],[75.7212,29.6188],[75.7222,29.6202],[75.7199,29.6226],[75.721,29.6281],[75.7233,29.634],[75.723,29.6388],[75.7247,29.6419],[75.7297,29.6423],[75.7314,29.6408],[75.7363,29.6393],[75.7404,29.6396],[75.7485,29.6365],[75.756,29.6359],[75.7585,29.6301],[75.7591,29.6231],[75.7612,29.6179],[75.774,29.6173],[75.7829,29.6182],[75.7869,29.6192],[75.7901,29.6188],[75.7958,29.6159],[75.8016,29.6117],[75.7997,29.6074],[75.8008,29.5987],[75.7942,29.592],[75.7905,29.5897],[75.7882,29.5895],[75.7774,29.5859],[75.7703,29.5899],[75.7662,29.5911],[75.7651,29.5936],[75.7594,29.5978],[75.757,29.6015],[75.7552,29.6023],[75.7515,29.6008],[75.7501,29.5979],[75.7501,29.5938],[75.7521,29.578],[75.7506,29.5723],[75.7512,29.565],[75.7486,29.5553],[75.7496,29.553],[75.7497,29.547],[75.7534,29.5468],[75.7632,29.5503],[75.7674,29.55],[75.7764,29.5421],[75.7835,29.5372],[75.7899,29.5367],[75.7887,29.5311],[75.7897,29.5275],[75.7878,29.5181],[75.7946,29.516],[75.7989,29.5156],[75.8014,29.5205],[75.8069,29.5214],[75.8164,29.5181],[75.8224,29.5122],[75.8342,29.5085],[75.8398,29.5098],[75.8442,29.516],[75.8484,29.5208],[75.8539,29.5248],[75.8549,29.5291],[75.8551,29.5363],[75.8523,29.5392],[75.8536,29.5448],[75.8587,29.5507],[75.8719,29.5558],[75.8717,29.5482],[75.873,29.5438],[75.8769,29.5377],[75.8883,29.5371],[75.8943,29.5364],[75.895,29.5374],[75.897,29.5457],[75.8942,29.5535],[75.8951,29.5579],[75.9005,29.5573],[75.9096,29.5544],[75.9164,29.554],[75.9195,29.5581],[75.921,29.5616],[75.9236,29.5647],[75.9248,29.5727],[75.9281,29.5776],[75.9348,29.5802],[75.9396,29.58],[75.9419,29.5761],[75.9457,29.5754],[75.9497,29.5702],[75.9539,29.5693],[75.9561,29.5669],[75.959,29.566],[75.9632,29.5627],[75.9643,29.5645],[75.9609,29.5702],[75.9601,29.5758],[75.9605,29.582],[75.9624,29.5857],[75.961,29.5918],[75.9567,29.5938],[75.9488,29.5938],[75.952,29.5986],[75.9526,29.6013],[75.9516,29.6059],[75.9553,29.612],[75.9549,29.6138],[75.9571,29.621],[75.9567,29.627],[75.9518,29.6337],[75.9444,29.6408],[75.9414,29.6414],[75.9435,29.6474],[75.9485,29.6546],[75.9486,29.6605],[75.9516,29.6693],[75.9508,29.6724],[75.9467,29.6778],[75.9422,29.6823],[75.9364,29.6818],[75.9336,29.6846],[75.9398,29.6919],[75.9402,29.6949],[75.9437,29.7],[75.9448,29.703],[75.9457,29.7103],[75.9472,29.7167],[75.9476,29.7266],[75.9473,29.7294],[75.9411,29.7315],[75.9387,29.7307],[75.9312,29.7347],[75.9224,29.7377],[75.9191,29.7416],[75.9152,29.7428],[75.9153,29.7471],[75.9063,29.7533],[75.9027,29.7516],[75.9047,29.75],[75.8989,29.7479],[75.8988,29.7462],[75.886,29.7454],[75.8845,29.7495],[75.881,29.7505],[75.8764,29.7504],[75.8703,29.7493],[75.8693,29.752],[75.8703,29.7549],[75.8701,29.7583],[75.8682,29.7604],[75.8667,29.7665],[75.8597,29.768],[75.8578,29.771],[75.8529,29.7716],[75.8511,29.7731],[75.8536,29.7764],[75.8529,29.778],[75.8458,29.7823],[75.8437,29.7898],[75.8405,29.7886],[75.837,29.7942],[75.838,29.7971],[75.8354,29.8032],[75.835,29.81],[75.8378,29.813],[75.8352,29.8143],[75.8303,29.8118],[75.8259,29.8145],[75.8245,29.8138],[75.8232,29.8087],[75.8158,29.8042],[75.8099,29.8056],[75.8065,29.8047],[75.8004,29.8073],[75.7967,29.808],[75.7888,29.8111],[75.7871,29.8161],[75.783,29.8208],[75.7794,29.8223],[75.772,29.8183],[75.7675,29.8138],[75.7631,29.8114],[75.7579,29.8056],[75.755,29.8052],[75.7506,29.8076],[75.7469,29.8073],[75.7413,29.8108],[75.7378,29.814],[75.7326,29.8125],[75.7241,29.8126],[75.7181,29.8086],[75.718,29.803],[75.7142,29.8018],[75.7142,29.7944],[75.7128,29.7926],[75.7166,29.789],[75.7142,29.7841],[75.7103,29.7808],[75.71,29.7778],[75.7124,29.7741],[75.71,29.7704],[75.7076,29.7695],[75.7048,29.7641],[75.7057,29.7597],[75.709,29.7572],[75.7064,29.7532],[75.7031,29.7523],[75.6996,29.7538],[75.6971,29.7518],[75.698,29.7495],[75.6956,29.7446],[75.6932,29.7434],[75.6904,29.739],[75.6864,29.7362],[75.6861,29.7292],[75.6848,29.7262],[75.6803,29.725],[75.68,29.7153],[75.683,29.7083],[75.6821,29.7066],[75.6818,29.7004],[75.6837,29.6991],[75.6889,29.6985],[75.6895,29.6959],[75.6915,29.6936],[75.6925,29.6898],[75.693,29.6797],[75.6867,29.6772],[75.6839,29.674],[75.6801,29.6724],[75.672,29.6714],[75.6715,29.6648],[75.6723,29.6623],[75.6724,29.6555],[75.6807,29.6552],[75.6856,29.652],[75.6816,29.6456],[75.6797,29.6415],[75.6773,29.6395],[75.6773,29.6369]]]},"properties":{"id":"in:subdistrict:387","level":"subdistrict","name":"Tohana","code":387,"parent":"in:district:61","state":"in:state:6"}},{"type":"Feature","geometry":{"type":"Polygon","coordinates":[[[75.9632,29.5627],[75.9637,29.5541],[75.963,29.5509],[75.9607,29.5466],[75.9594,29.542],[75.9604,29.5389],[75.958,29.5346],[75.9559,29.529],[75.9509,29.5206],[75.9495,29.5174],[75.9427,29.5156],[75.9383,29.5128],[75.935,29.5082],[75.9339,29.5052],[75.933,29.4991],[75.9351,29.4978],[75.9399,29.4972],[75.9498,29.4941],[75.9574,29.4973],[75.9606,29.4972],[75.9651,29.4952],[75.9755,29.492],[75.9815,29.492],[75.9882,29.4888],[76.0063,29.4862],[76.014,29.4796],[76.012,29.4774],[76.009,29.4714],[76.0074,29.4668],[76.0045,29.4625],[75.9988,29.4607],[75.9983,29.4556],[75.996,29.4471],[76.0008,29.4469],[76.0057,29.445],[76.0059,29.4423],[76.0119,29.4425],[76.0166,29.4397],[76.0197,29.4368],[76.0199,29.4274],[76.0231,29.4261],[76.0246,29.4237],[76.0273,29.4226],[76.0298,29.4274],[76.0339,29.4265],[76.036,29.4271],[76.0394,29.4304],[76.0447,29.4323],[76.0511,29.4399],[76.0646,29.44],[76.071,29.4412],[76.0762,29.4415],[76.0807,29.4401],[76.0801,29.4386],[76.0829,29.4366],[76.0803,29.4296],[76.0824,29.4248],[76.0811,29.4236],[76.0821,29.4193],[76.0841,29.4143],[76.0844,29.4113],[76.086,29.4092],[76.0904,29.4067],[76.0932,29.4041],[76.0962,29.4035],[76.1075,29.4071],[76.1122,29.4064],[76.1165,29.4045],[76.1218,29.3998],[76.1265,29.3934],[76.1318,29.3901],[76.1346,29.3948],[76.1358,29.4],[76.1386,29.4018],[76.1429,29.4073],[76.1447,29.4111],[76.153,29.4143],[76.154,29.4186],[76.1573,29.42],[76.1614,29.4185],[76.1641,29.4149],[76.1674,29.4134],[76.1738,29.4125],[76.1852,29.4129],[76.1916,29.4101],[76.1936,29.4066],[76.1985,29.4029],[76.1991,29.3976],[76.2022,29.3965],[76.204,29.3969],[76.2059,29.4001],[76.2111,29.4008],[76.2226,29.3988],[76.2281,29.3956],[76.2332,29.3943],[76.2383,29.3885],[76.2438,29.3877],[76.2466,29.3852],[76.2507,29.3832],[76.2556,29.3842],[76.2623,29.3879],[76.2711,29.3906],[76.2871,29.3973],[76.2898,29.3978],[76.3053,29.4039],[76.3071,29.4034],[76.3123,29.4048],[76.3138,29.4089],[76.3176,29.4131],[76.3245,29.4164],[76.3292,29.4218],[76.3323,29.4235],[76.3304,29.4268],[76.3305,29.4297],[76.3279,29.4348],[76.3243,29.4353],[76.3225,29.4376],[76.313,29.4464],[76.3124,29.4479],[76.3133,29.4591],[76.3086,29.4627],[76.3062,29.4653],[76.3,29.4665],[76.2971,29.468],[76.2975,29.4711],[76.2945,29.4731],[76.2877,29.4738],[76.2788,29.4798],[76.2718,29.4832],[76.27,29.4854],[76.2741,29.4893],[76.2727,29.4931],[76.2745,29.4974],[76.2797,29.4987],[76.2866,29.4976],[76.2896,29.4963],[76.2974,29.4987],[76.3006,29.4981],[76.302,29.4957],[76.3068,29.4906],[76.3098,29.489],[76.3155,29.4872],[76.3151,29.4785],[76.3155,29.4751],[76.3174,29.4725],[76.321,29.4752],[76.3201,29.4794],[76.3212,29.4859],[76.324,29.4885],[76.3275,29.4944],[76.3267,29.4956],[76.3295,29.5038],[76.3329,29.5044],[76.3339,29.5068],[76.3376,29.5089],[76.3374,29.5127],[76.3336,29.5187],[76.3303,29.5214],[76.3283,29.5267],[76.3262,29.5293],[76.3236,29.5364],[76.321,29.5397],[76.3191,29.5463],[76.3194,29.5519],[76.3164,29.5578],[76.3213,29.5571],[76.3203,29.5617],[76.3215,29.5696],[76.3236,29.5723],[76.3247,29.5791],[76.3242,29.5824],[76.3198,29.5846],[76.3148,29.5861],[76.3118,29.5846],[76.3097,29.5849],[76.2978,29.5899],[76.2945,29.5824],[76.2907,29.5781],[76.2932,29.5731],[76.2964,29.5644],[76.3011,29.5578],[76.2987,29.5548],[76.2924,29.5511],[76.2842,29.5483],[76.2814,29.5469],[76.2773,29.547],[76.2701,29.5509],[76.2683,29.5552],[76.2662,29.5575],[76.2684,29.5726],[76.2662,29.5733],[76.2661,29.5764],[76.2614,29.5804],[76.2599,29.5847],[76.25,29.5851],[76.2487,29.588],[76.2424,29.5888],[76.2385,29.5934],[76.2418,29.5962],[76.2422,29.6015],[76.2406,29.604],[76.2409,29.6088],[76.2364,29.6142],[76.2346,29.6182],[76.2326,29.6197],[76.224,29.6201],[76.2209,29.6226],[76.218,29.6228],[76.217,29.6258],[76.2127,29.6297],[76.1993,29.6368],[76.1941,29.6407],[76.198,29.6452],[76.199,29.6505],[76.2005,29.6542],[76.2003,29.6581],[76.2022,29.6622],[76.2017,29.6659],[76.1999,29.6668],[76.1935,29.6733],[76.1916,29.6801],[76.1839,29.6835],[76.1805,29.6835],[76.1756,29.6855],[76.1696,29.6858],[76.1684,29.6888],[76.1687,29.6927],[76.1738,29.7017],[76.175,29.7081],[76.1781,29.7133],[76.182,29.7186],[76.1837,29.7197],[76.1808,29.727],[76.1821,29.7334],[76.1797,29.7369],[76.1843,29.7388],[76.1912,29.7446],[76.1984,29.7487],[76.1982,29.7543],[76.1989,29.7562],[76.2031,29.7576],[76.2007,29.7606],[76.1962,29.7639],[76.2009,29.7659],[76.2054,29.7711],[76.2065,29.7742],[76.2099,29.7763],[76.2101,29.7809],[76.2069,29.7877],[76.2103,29.7894],[76.2142,29.7932],[76.2171,29.7951],[76.2154,29.798],[76.2182,29.8028],[76.2175,29.8054],[76.219,29.8071],[76.22,29.8111],[76.216,29.8133],[76.2188,29.8184],[76.2144,29.8204],[76.2093,29.8236],[76.2111,29.8302],[76.2123,29.8368],[76.2153,29.8408],[76.212,29.843],[76.2027,29.843],[76.1978,29.8448],[76.1958,29.8422],[76.1849,29.8227],[76.178,29.8206],[76.1722,29.8175],[76.1669,29.8181],[76.1645,29.8176],[76.1609,29.8194],[76.1533,29.82],[76.148,29.8199],[76.1455,29.8191],[76.1416,29.8155],[76.1418,29.8116],[76.1397,29.8088],[76.1367,29.8074],[76.1332,29.8044],[76.1293,29.7969],[76.1247,29.7935],[76.124,29.7909],[76.1197,29.7923],[76.1203,29.8002],[76.1158,29.8023],[76.1126,29.8064],[76.1098,29.8073],[76.1051,29.8118],[76.102,29.8106],[76.0981,29.8106],[76.0961,29.8092],[76.0895,29.8011],[76.085,29.8007],[76.083,29.788],[76.0847,29.7845],[76.0792,29.7772],[76.0768,29.7749],[76.0738,29.7762],[76.0728,29.7787],[76.0697,29.7751],[76.0669,29.7737],[76.0663,29.7713],[76.0621,29.7681],[76.0598,29.7643],[76.0568,29.7654],[76.0548,29.7586],[76.0493,29.7514],[76.0496,29.7481],[76.0438,29.7427],[76.0363,29.7437],[76.0311,29.7474],[76.0307,29.7547],[76.0268,29.7563],[76.0251,29.7547],[76.0241,29.749],[76.0194,29.7477],[76.0168,29.743],[76.014,29.7419],[76.0071,29.7407],[76.0005,29.7403],[75.9943,29.7388],[75.9886,29.7336],[75.9844,29.7271],[75.9754,29.7286],[75.9748,29.7301],[75.9712,29.7306],[75.9676,29.7294],[75.9575,29.7306],[75.9549,29.7319],[75.9507,29.7319],[75.9473,29.7294],[75.9476,29.7266],[75.9472,29.7167],[75.9457,29.7103],[75.9448,29.703],[75.9437,29.7],[75.9402,29.6949],[75.9398,29.6919],[75.9336,29.6846],[75.9364,29.6818],[75.9422,29.6823],[75.9467,29.6778],[75.9508,29.6724],[75.9516,29.6693],[75.9486,29.6605],[75.9485,29.6546],[75.9435,29.6474],[75.9414,29.6414],[75.9444,29.6408],[75.9518,29.6337],[75.9567,29.627],[75.9571,29.621],[75.9549,29.6138],[75.9553,29.612],[75.9516,29.6059],[75.9526,29.6013],[75.952,29.5986],[75.9488,29.5938],[75.9567,29.5938],[75.961,29.5918],[75.9624,29.5857],[75.9605,29.582],[75.9601,29.5758],[75.9609,29.5702],[75.9643,29.5645],[75.9632,29.5627]]]},"properties":{"id":"in:subdistrict:382","level":"subdistrict","name":"Narwana","code":382,"parent":"in:district:65","state":"in:state:6"}},{"type":"Feature","geometry":{"type":"Polygon","coordinates":[[[76.3242,29.5824],[76.3284,29.5798],[76.3349,29.5796],[76.3424,29.5801],[76.3461,29.5824],[76.3483,29.5875],[76.3507,29.5901],[76.3567,29.6017],[76.3571,29.6035],[76.3618,29.6104],[76.3672,29.6128],[76.3844,29.6152],[76.3905,29.6169],[76.3905,29.6222],[76.3924,29.6299],[76.3922,29.6331],[76.3933,29.64],[76.3925,29.6441],[76.3932,29.656],[76.3919,29.6597],[76.3923,29.668],[76.3953,29.6721],[76.3923,29.6743],[76.3904,29.6772],[76.3898,29.6823],[76.3897,29.6915],[76.3884,29.6947],[76.39,29.7011],[76.3901,29.7044],[76.3925,29.7076],[76.3819,29.7141],[76.381,29.7151],[76.3861,29.7209],[76.3824,29.7253],[76.3759,29.7283],[76.375,29.7295],[76.3674,29.7347],[76.3582,29.7337],[76.3503,29.7324],[76.3445,29.7342],[76.3416,29.739],[76.3398,29.7455],[76.3368,29.7489],[76.3316,29.7519],[76.3283,29.7528],[76.3255,29.7511],[76.3136,29.7423],[76.3103,29.7407],[76.3004,29.7439],[76.2996,29.7371],[76.2943,29.732],[76.2913,29.7246],[76.2882,29.7219],[76.2844,29.7212],[76.2778,29.7234],[76.2706,29.7233],[76.2693,29.7204],[76.2621,29.7209],[76.2439,29.7259],[76.2419,29.7281],[76.2451,29.7382],[76.2488,29.7444],[76.2531,29.7467],[76.2469,29.7523],[76.2337,29.7607],[76.2342,29.7678],[76.2371,29.7766],[76.2425,29.7801],[76.2437,29.7829],[76.249,29.7846],[76.2464,29.7872],[76.2447,29.7861],[76.2417,29.7872],[76.2391,29.793],[76.2332,29.7912],[76.2234,29.7892],[76.2204,29.7906],[76.2171,29.7951],[76.2142,29.7932],[76.2103,29.7894],[76.2069,29.7877],[76.2101,29.7809],[76.2099,29.7763],[76.2065,29.7742],[76.2054,29.7711],[76.2009,29.7659],[76.1962,29.7639],[76.2007,29.7606],[76.2031,29.7576],[76.1989,29.7562],[76.1982,29.7543],[76.1984,29.7487],[76.1912,29.7446],[76.1843,29.7388],[76.1797,29.7369],[76.1821,29.7334],[76.1808,29.727],[76.1837,29.7197],[76.182,29.7186],[76.1781,29.7133],[76.175,29.7081],[76.1738,29.7017],[76.1687,29.6927],[76.1684,29.6888],[76.1696,29.6858],[76.1756,29.6855],[76.1805,29.6835],[76.1839,29.6835],[76.1916,29.6801],[76.1935,29.6733],[76.1999,29.6668],[76.2017,29.6659],[76.2022,29.6622],[76.2003,29.6581],[76.2005,29.6542],[76.199,29.6505],[76.198,29.6452],[76.1941,29.6407],[76.1993,29.6368],[76.2127,29.6297],[76.217,29.6258],[76.218,29.6228],[76.2209,29.6226],[76.224,29.6201],[76.2326,29.6197],[76.2346,29.6182],[76.2364,29.6142],[76.2409,29.6088],[76.2406,29.604],[76.2422,29.6015],[76.2418,29.5962],[76.2385,29.5934],[76.2424,29.5888],[76.2487,29.588],[76.25,29.5851],[76.2599,29.5847],[76.2614,29.5804],[76.2661,29.5764],[76.2662,29.5733],[76.2684,29.5726],[76.2662,29.5575],[76.2683,29.5552],[76.2701,29.5509],[76.2773,29.547],[76.2814,29.5469],[76.2842,29.5483],[76.2924,29.5511],[76.2987,29.5548],[76.3011,29.5578],[76.2964,29.5644],[76.2932,29.5731],[76.2907,29.5781],[76.2945,29.5824],[76.2978,29.5899],[76.3097,29.5849],[76.3118,29.5846],[76.3148,29.5861],[76.3198,29.5846],[76.3242,29.5824]]]},"properties":{"id":"in:subdistrict:6446","level":"subdistrict","name":"Kalayat","code":6446,"parent":"in:district:66","state":"in:state:6"}},{"type":"Feature","geometry":{"type":"Polygon","coordinates":[[[76.2171,29.7951],[76.2204,29.7906],[76.2234,29.7892],[76.2332,29.7912],[76.2391,29.793],[76.2417,29.7872],[76.2447,29.7861],[76.2464,29.7872],[76.249,29.7846],[76.2437,29.7829],[76.2425,29.7801],[76.2371,29.7766],[76.2342,29.7678],[76.2337,29.7607],[76.2469,29.7523],[76.2531,29.7467],[76.2488,29.7444],[76.2451,29.7382],[76.2419,29.7281],[76.2439,29.7259],[76.2621,29.7209],[76.2693,29.7204],[76.2706,29.7233],[76.2778,29.7234],[76.2844,29.7212],[76.2882,29.7219],[76.2913,29.7246],[76.2943,29.732],[76.2996,29.7371],[76.3004,29.7439],[76.3103,29.7407],[76.3136,29.7423],[76.3255,29.7511],[76.3283,29.7528],[76.3316,29.7519],[76.3368,29.7489],[76.3398,29.7455],[76.3416,29.739],[76.3445,29.7342],[76.3503,29.7324],[76.3582,29.7337],[76.3674,29.7347],[76.375,29.7295],[76.3759,29.7283],[76.3824,29.7253],[76.3861,29.7209],[76.381,29.7151],[76.3819,29.7141],[76.3925,29.7076],[76.3901,29.7044],[76.39,29.7011],[76.3884,29.6947],[76.3897,29.6915],[76.3898,29.6823],[76.3904,29.6772],[76.3923,29.6743],[76.3953,29.6721],[76.3923,29.668],[76.3919,29.6597],[76.3932,29.656],[76.3925,29.6441],[76.3933,29.64],[76.3922,29.6331],[76.3924,29.6299],[76.3905,29.6222],[76.3905,29.6169],[76.3844,29.6152],[76.3672,29.6128],[76.3618,29.6104],[76.3571,29.6035],[76.3567,29.6017],[76.3507,29.5901],[76.3483,29.5875],[76.3461,29.5824],[76.3521,29.5788],[76.3554,29.5748],[76.3586,29.5694],[76.357,29.5668],[76.353,29.5636],[76.3491,29.5579],[76.3501,29.5547],[76.3527,29.5541],[76.3599,29.5484],[76.3615,29.5437],[76.3602,29.5393],[76.3636,29.5336],[76.3674,29.5305],[76.3733,29.5276],[76.3785,29.5269],[76.3852,29.5287],[76.3919,29.5295],[76.3953,29.5315],[76.3987,29.5318],[76.4052,29.5305],[76.4156,29.5343],[76.4164,29.5365],[76.414,29.5408],[76.4213,29.5417],[76.4289,29.5448],[76.4316,29.5447],[76.4349,29.5397],[76.4368,29.5346],[76.4369,29.5292],[76.4448,29.5312],[76.4476,29.5313],[76.452,29.5369],[76.4519,29.5403],[76.4538,29.547],[76.4603,29.5488],[76.464,29.5487],[76.4693,29.5463],[76.4858,29.5418],[76.486,29.5366],[76.4889,29.5309],[76.4873,29.5264],[76.4913,29.5229],[76.4953,29.5164],[76.5055,29.5144],[76.5063,29.5177],[76.5054,29.5206],[76.5058,29.5242],[76.5115,29.5246],[76.5094,29.5281],[76.511,29.5317],[76.5217,29.5333],[76.5261,29.5367],[76.5237,29.5417],[76.5232,29.548],[76.5245,29.5531],[76.5273,29.5591],[76.5276,29.5637],[76.5302,29.5703],[76.5344,29.5708],[76.5434,29.5753],[76.544,29.5774],[76.5472,29.5805],[76.548,29.5868],[76.5499,29.5905],[76.5471,29.5927],[76.5465,29.596],[76.5425,29.5976],[76.539,29.6007],[76.5375,29.6043],[76.5254,29.6109],[76.5219,29.6147],[76.5195,29.6166],[76.5144,29.6178],[76.5111,29.6173],[76.5129,29.6219],[76.5143,29.6235],[76.5183,29.6312],[76.5185,29.6432],[76.5083,29.6457],[76.5014,29.6464],[76.496,29.6479],[76.4903,29.6505],[76.4936,29.6545],[76.4935,29.6576],[76.4906,29.6602],[76.4911,29.6681],[76.4927,29.6742],[76.4965,29.6822],[76.4965,29.6849],[76.494,29.6897],[76.4896,29.694],[76.4872,29.6974],[76.481,29.6977],[76.4846,29.7008],[76.4887,29.7026],[76.4931,29.7071],[76.4928,29.7121],[76.4941,29.7155],[76.4935,29.7193],[76.4917,29.72],[76.4891,29.7251],[76.4858,29.7286],[76.4842,29.7357],[76.4867,29.7367],[76.4895,29.7359],[76.4934,29.7382],[76.4975,29.7433],[76.5038,29.7422],[76.5116,29.7434],[76.514,29.7452],[76.5229,29.7468],[76.5262,29.7483],[76.5263,29.7515],[76.5239,29.7567],[76.5211,29.7598],[76.5215,29.7636],[76.5237,29.7671],[76.5286,29.7692],[76.5294,29.7706],[76.5231,29.7727],[76.5207,29.7774],[76.52,29.781],[76.5287,29.7817],[76.5354,29.785],[76.5505,29.799],[76.5515,29.7996],[76.5718,29.8051],[76.5647,29.8079],[76.5575,29.8091],[76.5521,29.8127],[76.5497,29.8128],[76.5458,29.8211],[76.5449,29.8253],[76.547,29.8255],[76.5521,29.8284],[76.555,29.8335],[76.5565,29.8343],[76.5577,29.8383],[76.5594,29.8535],[76.5563,29.8585],[76.5504,29.8625],[76.546,29.8636],[76.5385,29.8675],[76.5357,29.8707],[76.5349,29.8739],[76.5327,29.875],[76.5287,29.8816],[76.5236,29.8925],[76.5159,29.8998],[76.5153,29.9012],[76.5126,29.898],[76.5099,29.8978],[76.5061,29.9008],[76.5045,29.9033],[76.5017,29.9048],[76.4943,29.9056],[76.4912,29.9038],[76.4779,29.9068],[76.4712,29.9098],[76.4659,29.9129],[76.471,29.9185],[76.4744,29.9256],[76.479,29.9328],[76.4831,29.9366],[76.4842,29.9393],[76.4815,29.9459],[76.482,29.9482],[76.4812,29.9526],[76.4866,29.9554],[76.4843,29.9596],[76.4763,29.9651],[76.4753,29.9696],[76.471,29.9704],[76.4674,29.9735],[76.4638,29.972],[76.4566,29.9639],[76.4486,29.9682],[76.4479,29.9648],[76.4519,29.9633],[76.4515,29.9616],[76.4449,29.9629],[76.4454,29.9597],[76.4409,29.9585],[76.4402,29.955],[76.4372,29.9549],[76.4326,29.9531],[76.4321,29.9478],[76.4354,29.9456],[76.4379,29.9417],[76.4367,29.9376],[76.439,29.9317],[76.4409,29.9292],[76.4427,29.921],[76.4431,29.915],[76.4383,29.91],[76.4356,29.9047],[76.4349,29.8989],[76.4329,29.8986],[76.4213,29.9001],[76.4178,29.8985],[76.4104,29.8987],[76.4048,29.9006],[76.4045,29.9042],[76.3998,29.9067],[76.3914,29.914],[76.3861,29.9161],[76.3838,29.9157],[76.3808,29.9123],[76.3763,29.912],[76.3699,29.9144],[76.3716,29.9231],[76.3717,29.929],[76.3711,29.9374],[76.3749,29.9394],[76.3714,29.9487],[76.3713,29.9524],[76.3689,29.9533],[76.3608,29.9469],[76.3532,29.9391],[76.3511,29.9386],[76.3487,29.9343],[76.3501,29.9319],[76.3484,29.9297],[76.3501,29.9253],[76.3508,29.9165],[76.3472,29.9146],[76.3403,29.9092],[76.3337,29.909],[76.333,29.9104],[76.3271,29.9133],[76.3252,29.9163],[76.318,29.9179],[76.3163,29.9219],[76.312,29.9211],[76.3114,29.9234],[76.3086,29.9261],[76.3072,29.9233],[76.3027,29.9268],[76.2956,29.9254],[76.2909,29.9254],[76.2877,29.9271],[76.2771,29.9239],[76.2721,29.9186],[76.2711,29.9138],[76.2718,29.9106],[76.2741,29.9077],[76.2685,29.9054],[76.2612,29.9012],[76.2562,29.8997],[76.2541,29.8969],[76.2518,29.8902],[76.2473,29.8873],[76.2469,29.8842],[76.244,29.8831],[76.2417,29.8785],[76.2451,29.8771],[76.2467,29.8744],[76.2439,29.8689],[76.2434,29.8591],[76.2445,29.855],[76.2438,29.8524],[76.2382,29.852],[76.2325,29.8537],[76.2305,29.8515],[76.2272,29.8518],[76.2206,29.8467],[76.2206,29.8378],[76.2153,29.8408],[76.2123,29.8368],[76.2111,29.8302],[76.2093,29.8236],[76.2144,29.8204],[76.2188,29.8184],[76.216,29.8133],[76.22,29.8111],[76.219,29.8071],[76.2175,29.8054],[76.2182,29.8028],[76.2154,29.798],[76.2171,29.7951]]]},"properties":{"id":"in:subdistrict:368","level":"subdistrict","name":"Kaithal","code":368,"parent":"in:district:66","state":"in:state:6"}},{"type":"Feature","geometry":{"type":"Polygon","coordinates":[[[76.4486,29.9682],[76.4462,29.9701],[76.438,29.9738],[76.4366,29.9792],[76.4335,29.9867],[76.4325,29.9935],[76.4332,30.0004],[76.4399,30.0041],[76.4426,30.0071],[76.4407,30.0093],[76.4396,30.0145],[76.4346,30.0163],[76.4284,30.0176],[76.4283,30.0198],[76.4258,30.0259],[76.4222,30.029],[76.4217,30.0307],[76.4229,30.0352],[76.4256,30.0375],[76.4294,30.0421],[76.4295,30.0457],[76.433,30.0485],[76.4359,30.0486],[76.4383,30.0507],[76.4385,30.0529],[76.4415,30.0605],[76.4426,30.0616],[76.4446,30.0672],[76.4528,30.0781],[76.4535,30.0814],[76.4571,30.087],[76.4605,30.0884],[76.4648,30.0933],[76.4657,30.0965],[76.4679,30.0988],[76.4625,30.101],[76.4571,30.1101],[76.4563,30.1154],[76.46,30.1294],[76.4572,30.1311],[76.4548,30.1306],[76.4509,30.1322],[76.4453,30.1306],[76.4413,30.1309],[76.4385,30.1331],[76.4375,30.1357],[76.4377,30.1422],[76.4398,30.1437],[76.4335,30.1463],[76.4299,30.1485],[76.4286,30.151],[76.4335,30.1558],[76.4365,30.1559],[76.4404,30.164],[76.4406,30.1658],[76.4359,30.1724],[76.4349,30.1755],[76.4308,30.1788],[76.4339,30.1809],[76.4343,30.1831],[76.4267,30.1885],[76.4219,30.1924],[76.4123,30.1917],[76.4096,30.1903],[76.4064,30.1903],[76.4036,30.1867],[76.403,30.1821],[76.3997,30.1801],[76.3964,30.1796],[76.3931,30.1762],[76.3905,30.1751],[76.3872,30.1706],[76.3935,30.1669],[76.3914,30.1643],[76.395,30.158],[76.4012,30.1542],[76.4091,30.1468],[76.4031,30.1417],[76.4014,30.1392],[76.3977,30.1402],[76.3911,30.1348],[76.396,30.1261],[76.3949,30.122],[76.3984,30.1206],[76.3988,30.1159],[76.394,30.1152],[76.393,30.1136],[76.3889,30.1132],[76.3802,30.1156],[76.3739,30.1163],[76.3679,30.1176],[76.3622,30.1201],[76.3604,30.1218],[76.3627,30.1239],[76.3662,30.1249],[76.3613,30.1297],[76.3598,30.133],[76.3601,30.1378],[76.3589,30.1402],[76.3531,30.143],[76.3505,30.1468],[76.3447,30.1428],[76.3378,30.1433],[76.334,30.142],[76.3335,30.1382],[76.3384,30.1329],[76.3421,30.1266],[76.3483,30.1232],[76.3532,30.1215],[76.3602,30.1202],[76.3544,30.1169],[76.3533,30.1149],[76.3447,30.1047],[76.3442,30.1008],[76.3399,30.0987],[76.3342,30.1],[76.3297,30.0992],[76.325,30.0973],[76.3223,30.0953],[76.3187,30.0972],[76.3137,30.1021],[76.309,30.1075],[76.3058,30.11],[76.2966,30.1144],[76.2913,30.1083],[76.2853,30.1062],[76.2785,30.1103],[76.2745,30.1148],[76.2681,30.1144],[76.2622,30.1176],[76.2537,30.1216],[76.2556,30.1261],[76.2469,30.1305],[76.2456,30.1283],[76.2424,30.1298],[76.2432,30.1324],[76.2325,30.1398],[76.2342,30.145],[76.2304,30.1455],[76.2272,30.1445],[76.2249,30.1467],[76.2193,30.1476],[76.2147,30.1532],[76.214,30.1564],[76.2079,30.1571],[76.2086,30.155],[76.2084,30.1476],[76.2077,30.1443],[76.212,30.1421],[76.2154,30.1392],[76.2152,30.1349],[76.2174,30.1323],[76.2214,30.1307],[76.2242,30.1272],[76.2192,30.126],[76.2159,30.1237],[76.2132,30.1289],[76.2091,30.1316],[76.2083,30.1337],[76.2047,30.1331],[76.2024,30.136],[76.1981,30.1339],[76.1969,30.1325],[76.1964,30.1235],[76.2111,30.1206],[76.2161,30.1228],[76.2177,30.1221],[76.2203,30.1153],[76.2164,30.1129],[76.2172,30.11],[76.223,30.1117],[76.2251,30.1108],[76.2298,30.1067],[76.2348,30.105],[76.2408,30.102],[76.242,30.1005],[76.2478,30.103],[76.2506,30.1054],[76.2535,30.1023],[76.2581,30.1013],[76.2653,30.0988],[76.2601,30.0874],[76.2535,30.0894],[76.2489,30.0851],[76.2493,30.0823],[76.2467,30.0821],[76.2367,30.0679],[76.2339,30.0655],[76.229,30.0598],[76.2262,30.0584],[76.2283,30.0533],[76.2279,30.0522],[76.222,30.0483],[76.2224,30.037],[76.2208,30.0346],[76.214,30.0317],[76.2146,30.0295],[76.214,30.0232],[76.2132,30.0221],[76.2191,30.0198],[76.2318,30.0154],[76.2308,30.0123],[76.2256,30.0077],[76.216,30.0071],[76.2091,30.0038],[76.2109,30.0017],[76.21,29.9982],[76.2115,29.9954],[76.2067,29.9938],[76.2107,29.9882],[76.2077,29.9862],[76.2038,29.9896],[76.2025,29.9895],[76.2018,29.9848],[76.2059,29.9804],[76.2048,29.9773],[76.2057,29.9743],[76.2012,29.9716],[76.1981,29.9683],[76.2011,29.9672],[76.2075,29.9583],[76.2127,29.9471],[76.2131,29.9451],[76.2102,29.9396],[76.2076,29.942],[76.2035,29.9443],[76.1892,29.949],[76.1838,29.9483],[76.1799,29.9452],[76.1783,29.9422],[76.1781,29.9334],[76.1725,29.9288],[76.172,29.9263],[76.1755,29.9238],[76.1792,29.9226],[76.1814,29.9236],[76.1871,29.9189],[76.1884,29.917],[76.1893,29.9087],[76.1863,29.8992],[76.1857,29.8924],[76.1863,29.8908],[76.1896,29.8905],[76.1935,29.8856],[76.1998,29.8884],[76.1994,29.8845],[76.2029,29.884],[76.2087,29.8874],[76.2107,29.8913],[76.2129,29.887],[76.2187,29.8836],[76.2223,29.8849],[76.2264,29.8838],[76.2268,29.8863],[76.2301,29.8854],[76.2381,29.8797],[76.2417,29.8785],[76.244,29.8831],[76.2469,29.8842],[76.2473,29.8873],[76.2518,29.8902],[76.2541,29.8969],[76.2562,29.8997],[76.2612,29.9012],[76.2685,29.9054],[76.2741,29.9077],[76.2718,29.9106],[76.2711,29.9138],[76.2721,29.9186],[76.2771,29.9239],[76.2877,29.9271],[76.2909,29.9254],[76.2956,29.9254],[76.3027,29.9268],[76.3072,29.9233],[76.3086,29.9261],[76.3114,29.9234],[76.312,29.9211],[76.3163,29.9219],[76.318,29.9179],[76.3252,29.9163],[76.3271,29.9133],[76.333,29.9104],[76.3337,29.909],[76.3403,29.9092],[76.3472,29.9146],[76.3508,29.9165],[76.3501,29.9253],[76.3484,29.9297],[76.3501,29.9319],[76.3487,29.9343],[76.3511,29.9386],[76.3532,29.9391],[76.3608,29.9469],[76.3689,29.9533],[76.3713,29.9524],[76.3714,29.9487],[76.3749,29.9394],[76.3711,29.9374],[76.3717,29.929],[76.3716,29.9231],[76.3699,29.9144],[76.3763,29.912],[76.3808,29.9123],[76.3838,29.9157],[76.3861,29.9161],[76.3914,29.914],[76.3998,29.9067],[76.4045,29.9042],[76.4048,29.9006],[76.4104,29.8987],[76.4178,29.8985],[76.4213,29.9001],[76.4329,29.8986],[76.4349,29.8989],[76.4356,29.9047],[76.4383,29.91],[76.4431,29.915],[76.4427,29.921],[76.4409,29.9292],[76.439,29.9317],[76.4367,29.9376],[76.4379,29.9417],[76.4354,29.9456],[76.4321,29.9478],[76.4326,29.9531],[76.4372,29.9549],[76.4402,29.955],[76.4409,29.9585],[76.4454,29.9597],[76.4449,29.9629],[76.4515,29.9616],[76.4519,29.9633],[76.4479,29.9648],[76.4486,29.9682]]]},"properties":{"id":"in:subdistrict:367","level":"subdistrict","name":"Guhla","code":367,"parent":"in:district:66","state":"in:state:6"}},{"type":"Feature","geometry":{"type":"Polygon","coordinates":[[[76.8544,30.7873],[76.856,30.7859],[76.8601,30.7786],[76.8639,30.7734],[76.874,30.7637],[76.8763,30.7622],[76.8824,30.7619],[76.8848,30.7639],[76.8899,30.766],[76.8929,30.7654],[76.8963,30.7614],[76.9033,30.7579],[76.9065,30.757],[76.9093,30.75],[76.9121,30.7462],[76.9149,30.7437],[76.9074,30.74],[76.9007,30.7343],[76.8985,30.7314],[76.8944,30.7235],[76.8934,30.7168],[76.8887,30.7115],[76.8892,30.7103],[76.8945,30.7088],[76.8949,30.7071],[76.9007,30.7056],[76.9065,30.7055],[76.9069,30.7082],[76.9117,30.7105],[76.9109,30.706],[76.9075,30.7044],[76.9008,30.7038],[76.8972,30.7044],[76.8928,30.708],[76.8868,30.7081],[76.8852,30.7072],[76.8802,30.6979],[76.8815,30.695],[76.8852,30.6983],[76.8868,30.6957],[76.8901,30.6934],[76.8942,30.693],[76.8968,30.6939],[76.9061,30.6926],[76.9113,30.6951],[76.913,30.6931],[76.907,30.6891],[76.9015,30.6905],[76.8973,30.6893],[76.8906,30.6893],[76.8867,30.6918],[76.8837,30.6902],[76.8847,30.6861],[76.8845,30.6793],[76.8876,30.6807],[76.8928,30.6772],[76.896,30.6784],[76.8991,30.6819],[76.9035,30.6848],[76.9197,30.6941],[76.9228,30.6991],[76.9242,30.6996],[76.9296,30.7058],[76.9318,30.7057],[76.9384,30.7119],[76.9431,30.7121],[76.9464,30.7149],[76.9502,30.713],[76.9522,30.7139],[76.9558,30.7128],[76.9597,30.7136],[76.962,30.7165],[76.9625,30.7223],[76.9671,30.7287],[76.9732,30.7291],[76.9753,30.7325],[76.9762,30.7388],[76.9858,30.7394],[76.9933,30.7408],[76.9955,30.7441],[77,30.7444],[77.0051,30.7478],[77.0125,30.7517],[77.0162,30.7503],[77.0189,30.7547],[77.0187,30.765],[77.0147,30.7679],[77.01,30.7672],[77.0079,30.7692],[77.0033,30.7694],[77.006,30.7742],[77.0106,30.7739],[77.0157,30.7766],[77.0175,30.7787],[77.0155,30.7807],[77.0166,30.7857],[77.0151,30.7876],[77.0124,30.788],[77.0151,30.7931],[77.0127,30.7968],[77.0115,30.8051],[77.0125,30.8092],[77.0093,30.809],[77.0046,30.8056],[77.0028,30.8056],[77.0002,30.8107],[76.9972,30.8122],[76.9866,30.814],[76.9845,30.8123],[76.9776,30.8124],[76.9782,30.8169],[76.973,30.8195],[76.9719,30.8232],[76.9684,30.8254],[76.9651,30.8256],[76.9579,30.8235],[76.9531,30.8193],[76.9511,30.8142],[76.9486,30.8167],[76.9433,30.8192],[76.949,30.8244],[76.9481,30.8285],[76.9459,30.8314],[76.944,30.8377],[76.9448,30.8408],[76.9477,30.8426],[76.9513,30.8505],[76.9478,30.8534],[76.9438,30.8529],[76.9429,30.8552],[76.9438,30.8583],[76.9414,30.863],[76.9366,30.869],[76.9384,30.8714],[76.9364,30.8746],[76.9337,30.8746],[76.9313,30.8726],[76.9302,30.8762],[76.9361,30.8778],[76.9363,30.885],[76.931,30.8877],[76.9284,30.8915],[76.926,30.8901],[76.9275,30.886],[76.9257,30.8848],[76.9214,30.8851],[76.9206,30.8872],[76.9171,30.8912],[76.9164,30.8966],[76.9169,30.9008],[76.9098,30.8971],[76.9086,30.8942],[76.9067,30.8934],[76.8991,30.8927],[76.895,30.8904],[76.8953,30.887],[76.8861,30.8848],[76.8841,30.8826],[76.8759,30.8809],[76.8784,30.8757],[76.8696,30.8731],[76.8672,30.876],[76.8654,30.8759],[76.8618,30.8795],[76.8604,30.8837],[76.8561,30.8842],[76.8511,30.89],[76.8446,30.8893],[76.841,30.8917],[76.8386,30.8957],[76.8371,30.9],[76.834,30.9045],[76.83,30.9071],[76.8297,30.9095],[76.8267,30.9127],[76.8293,30.9166],[76.8261,30.9207],[76.8274,30.9212],[76.8247,30.9272],[76.8224,30.9285],[76.8189,30.9262],[76.8111,30.924],[76.8037,30.9183],[76.7982,30.9152],[76.7868,30.9133],[76.783,30.9097],[76.7761,30.906],[76.7767,30.9053],[76.7774,30.8969],[76.7808,30.8856],[76.7841,30.8783],[76.7907,30.8703],[76.8018,30.8658],[76.8047,30.8606],[76.8061,30.8603],[76.8114,30.856],[76.8147,30.8524],[76.8132,30.8482],[76.814,30.843],[76.8177,30.8429],[76.823,30.8448],[76.8261,30.8408],[76.8298,30.8391],[76.8338,30.8385],[76.8374,30.8361],[76.8429,30.8361],[76.8467,30.8339],[76.8458,30.8316],[76.8481,30.8287],[76.8488,30.8141],[76.8453,30.8072],[76.8469,30.8037],[76.8542,30.7992],[76.857,30.7947],[76.8527,30.7935],[76.8507,30.7911],[76.8544,30.7873]]]},"properties":{"id":"in:subdistrict:356","level":"subdistrict","name":"Kalka","code":356,"parent":"in:district:70","state":"in:state:6"}},{"type":"Feature","geometry":{"type":"Polygon","coordinates":[[[76.9311,30.5013],[76.9401,30.4932],[76.9486,30.4861],[76.9464,30.4819],[76.9504,30.4753],[76.9541,30.4746],[76.9583,30.4707],[76.9617,30.4732],[76.9627,30.4759],[76.967,30.4816],[76.9714,30.4858],[76.9753,30.4855],[76.9771,30.4837],[76.9804,30.483],[76.9824,30.4802],[76.9898,30.4742],[76.9954,30.4799],[76.9981,30.485],[77.0058,30.4905],[77.0081,30.4914],[77.0125,30.5],[77.0102,30.5025],[77.0189,30.5046],[77.0203,30.5058],[77.024,30.5034],[77.0292,30.5058],[77.0295,30.5082],[77.0385,30.5093],[77.0381,30.5132],[77.0425,30.5186],[77.0446,30.5187],[77.0483,30.5222],[77.0456,30.5293],[77.0402,30.5304],[77.0391,30.5338],[77.037,30.534],[77.0353,30.5368],[77.0367,30.54],[77.0376,30.5504],[77.0396,30.5514],[77.0514,30.5487],[77.0523,30.5442],[77.0561,30.5425],[77.0598,30.5439],[77.0625,30.5432],[77.0688,30.5436],[77.071,30.5414],[77.0745,30.541],[77.0798,30.5491],[77.0814,30.55],[77.0829,30.5552],[77.085,30.557],[77.0896,30.5573],[77.0929,30.5566],[77.0978,30.5579],[77.1019,30.5561],[77.1057,30.5598],[77.1118,30.5552],[77.1138,30.5522],[77.1172,30.5554],[77.1217,30.5629],[77.1245,30.5652],[77.1357,30.5699],[77.1376,30.5714],[77.1395,30.5768],[77.1413,30.5781],[77.1448,30.5768],[77.1473,30.577],[77.1528,30.583],[77.1573,30.5839],[77.1611,30.5866],[77.1594,30.5889],[77.1646,30.5906],[77.1639,30.5937],[77.167,30.5954],[77.1738,30.6006],[77.1708,30.6044],[77.1727,30.6111],[77.1706,30.6132],[77.1716,30.6152],[77.1724,30.6227],[77.1714,30.6275],[77.1733,30.6333],[77.177,30.636],[77.1755,30.6388],[77.1707,30.6396],[77.1679,30.6422],[77.1654,30.6468],[77.1648,30.6513],[77.1629,30.6549],[77.1645,30.6566],[77.168,30.6636],[77.1685,30.6677],[77.1668,30.6745],[77.1605,30.6819],[77.1617,30.683],[77.1671,30.684],[77.1641,30.686],[77.1612,30.6909],[77.1585,30.6909],[77.1548,30.6926],[77.1479,30.6995],[77.1422,30.6995],[77.1391,30.7025],[77.1376,30.7062],[77.1317,30.7098],[77.1288,30.7107],[77.128,30.7161],[77.1233,30.7213],[77.1192,30.7184],[77.114,30.718],[77.1135,30.7208],[77.1154,30.7262],[77.1136,30.7289],[77.1095,30.7292],[77.1036,30.7336],[77.1017,30.7338],[77.0951,30.7415],[77.0884,30.7427],[77.086,30.7438],[77.0818,30.7426],[77.078,30.744],[77.067,30.7413],[77.0626,30.7457],[77.0594,30.7448],[77.0555,30.7454],[77.053,30.7489],[77.0485,30.7528],[77.0471,30.7501],[77.0448,30.7516],[77.0416,30.7502],[77.0438,30.7469],[77.0443,30.7436],[77.0436,30.7407],[77.0335,30.7403],[77.0331,30.7386],[77.027,30.7369],[77.0202,30.7415],[77.0175,30.7434],[77.0179,30.7478],[77.0209,30.7495],[77.0199,30.7523],[77.0162,30.7503],[77.0125,30.7517],[77.0051,30.7478],[77,30.7444],[76.9955,30.7441],[76.9933,30.7408],[76.9858,30.7394],[76.9762,30.7388],[76.9753,30.7325],[76.9732,30.7291],[76.9671,30.7287],[76.9625,30.7223],[76.962,30.7165],[76.9597,30.7136],[76.9558,30.7128],[76.9522,30.7139],[76.9502,30.713],[76.9464,30.7149],[76.9431,30.7121],[76.9384,30.7119],[76.9318,30.7057],[76.9296,30.7058],[76.9242,30.6996],[76.9228,30.6991],[76.9197,30.6941],[76.9035,30.6848],[76.8991,30.6819],[76.896,30.6784],[76.8928,30.6772],[76.8876,30.6807],[76.8845,30.6793],[76.8847,30.6861],[76.8837,30.6902],[76.8867,30.6918],[76.8906,30.6893],[76.8973,30.6893],[76.9015,30.6905],[76.907,30.6891],[76.913,30.6931],[76.9113,30.6951],[76.9061,30.6926],[76.8968,30.6939],[76.8942,30.693],[76.8901,30.6934],[76.8868,30.6957],[76.8852,30.6983],[76.8815,30.695],[76.8802,30.6979],[76.8852,30.7072],[76.8868,30.7081],[76.8928,30.708],[76.8972,30.7044],[76.9008,30.7038],[76.9075,30.7044],[76.9109,30.706],[76.9117,30.7105],[76.9069,30.7082],[76.9065,30.7055],[76.9007,30.7056],[76.8949,30.7071],[76.8945,30.7088],[76.8892,30.7103],[76.8887,30.7115],[76.8934,30.7168],[76.8944,30.7235],[76.8985,30.7314],[76.9007,30.7343],[76.9074,30.74],[76.9149,30.7437],[76.9121,30.7462],[76.9093,30.75],[76.9065,30.757],[76.9033,30.7579],[76.8963,30.7614],[76.8929,30.7654],[76.8899,30.766],[76.8848,30.7639],[76.8824,30.7619],[76.8763,30.7622],[76.874,30.7637],[76.8639,30.7734],[76.8601,30.7786],[76.856,30.7859],[76.8544,30.7873],[76.848,30.7799],[76.8454,30.7788],[76.8418,30.7745],[76.8403,30.7706],[76.8388,30.7637],[76.8401,30.7589],[76.8375,30.7541],[76.8381,30.7518],[76.8338,30.7498],[76.8334,30.7466],[76.8349,30.7418],[76.833,30.7388],[76.8372,30.7335],[76.8456,30.7317],[76.8494,30.7234],[76.8461,30.7223],[76.8436,30.7192],[76.8468,30.7169],[76.8484,30.7145],[76.8439,30.708],[76.8387,30.7059],[76.8357,30.7037],[76.8353,30.7016],[76.8286,30.6947],[76.8274,30.692],[76.8276,30.6877],[76.8319,30.6832],[76.8291,30.6809],[76.8313,30.679],[76.83,30.6763],[76.832,30.6709],[76.8326,30.6631],[76.8383,30.6649],[76.8413,30.6678],[76.8458,30.6686],[76.8481,30.6659],[76.8447,30.6624],[76.845,30.659],[76.8469,30.6567],[76.8548,30.6589],[76.8592,30.661],[76.862,30.6636],[76.8683,30.6735],[76.8752,30.6792],[76.8759,30.6777],[76.8743,30.6739],[76.8712,30.6421],[76.8756,30.6411],[76.8772,30.644],[76.8809,30.6454],[76.8858,30.6441],[76.8945,30.6377],[76.8965,30.6358],[76.8959,30.633],[76.8928,30.631],[76.8959,30.6287],[76.8997,30.6281],[76.9028,30.6244],[76.9052,30.6243],[76.9101,30.6261],[76.9131,30.6169],[76.9118,30.613],[76.9159,30.6099],[76.9196,30.6117],[76.9225,30.6117],[76.926,30.61],[76.9224,30.6057],[76.9272,30.6036],[76.9233,30.597],[76.9202,30.5932],[76.9169,30.5922],[76.9114,30.5922],[76.9152,30.5883],[76.9197,30.5851],[76.9151,30.5822],[76.9149,30.5784],[76.9177,30.5762],[76.915,30.5721],[76.9103,30.5673],[76.909,30.5647],[76.9112,30.5628],[76.9153,30.5619],[76.9181,30.5582],[76.9164,30.5541],[76.9088,30.5471],[76.9049,30.543],[76.894,30.5486],[76.8872,30.551],[76.8867,30.5486],[76.8889,30.545],[76.8936,30.5398],[76.8964,30.5379],[76.8994,30.538],[76.9022,30.5364],[76.9068,30.537],[76.9129,30.5336],[76.9128,30.5293],[76.9156,30.5257],[76.9215,30.5262],[76.932,30.5222],[76.9297,30.5183],[76.9289,30.5146],[76.9286,30.5076],[76.9311,30.5013]]]},"properties":{"id":"in:subdistrict:357","level":"subdistrict","name":"Panchkula","code":357,"parent":"in:district:70","state":"in:state:6"}},{"type":"Feature","geometry":{"type":"Polygon","coordinates":[[[77.2754,30.2655],[77.2689,30.2684],[77.263,30.2728],[77.2609,30.2771],[77.2618,30.2799],[77.2582,30.2839],[77.2528,30.2818],[77.2448,30.2816],[77.2428,30.2824],[77.2394,30.2798],[77.2338,30.2801],[77.2286,30.2829],[77.2289,30.2851],[77.2268,30.2898],[77.2323,30.2882],[77.2374,30.2894],[77.2325,30.2923],[77.2379,30.2979],[77.2415,30.3005],[77.2377,30.3052],[77.2411,30.3093],[77.2425,30.3084],[77.245,30.3124],[77.2534,30.3136],[77.2545,30.3171],[77.253,30.3191],[77.2526,30.3224],[77.2447,30.3206],[77.241,30.3222],[77.2374,30.3187],[77.2375,30.3138],[77.235,30.3091],[77.23,30.3057],[77.2263,30.3065],[77.2222,30.309],[77.2167,30.3078],[77.2119,30.311],[77.2082,30.3155],[77.2052,30.3167],[77.2017,30.3194],[77.1983,30.3206],[77.1971,30.3175],[77.1934,30.319],[77.1839,30.3182],[77.1862,30.3162],[77.1916,30.317],[77.1898,30.3137],[77.1921,30.3123],[77.1904,30.308],[77.1868,30.3079],[77.1846,30.3066],[77.1801,30.3075],[77.1777,30.3053],[77.1729,30.3054],[77.1683,30.3072],[77.1679,30.302],[77.1657,30.2965],[77.1657,30.2939],[77.1608,30.2957],[77.1563,30.2925],[77.1472,30.2888],[77.1457,30.2852],[77.1416,30.286],[77.1384,30.2816],[77.1352,30.2709],[77.1332,30.2679],[77.1376,30.2649],[77.1357,30.2618],[77.1381,30.26],[77.1332,30.2542],[77.1321,30.2515],[77.1338,30.249],[77.1321,30.2467],[77.139,30.242],[77.1416,30.2408],[77.1449,30.2442],[77.1496,30.2465],[77.1523,30.2461],[77.1587,30.2422],[77.1598,30.2396],[77.1636,30.2365],[77.1581,30.2299],[77.1574,30.2264],[77.1546,30.2205],[77.1502,30.214],[77.1437,30.2164],[77.141,30.219],[77.1414,30.2257],[77.1345,30.2291],[77.1302,30.2323],[77.1268,30.2283],[77.121,30.2322],[77.116,30.2324],[77.1137,30.227],[77.1058,30.225],[77.0944,30.227],[77.0843,30.2168],[77.0776,30.217],[77.0747,30.2116],[77.074,30.2057],[77.0777,30.2025],[77.0767,30.1997],[77.09,30.1936],[77.0931,30.1901],[77.0985,30.1874],[77.1035,30.186],[77.1079,30.1835],[77.1101,30.1787],[77.1092,30.1756],[77.1037,30.1696],[77.0999,30.1641],[77.0972,30.1566],[77.084,30.1633],[77.0802,30.1657],[77.0709,30.169],[77.0687,30.1643],[77.0715,30.1614],[77.0714,30.1554],[77.0653,30.1424],[77.0668,30.1371],[77.0683,30.1353],[77.0693,30.1313],[77.0715,30.1299],[77.0707,30.1263],[77.0776,30.119],[77.0794,30.1195],[77.0821,30.1178],[77.0837,30.1145],[77.0879,30.1125],[77.0859,30.1169],[77.0876,30.1271],[77.085,30.1297],[77.0838,30.1382],[77.0819,30.14],[77.0832,30.1422],[77.0897,30.1468],[77.0996,30.1467],[77.0952,30.1403],[77.0972,30.1328],[77.1022,30.1325],[77.1005,30.1298],[77.1,30.1265],[77.1033,30.1229],[77.1076,30.1205],[77.1099,30.122],[77.1139,30.1221],[77.1218,30.1165],[77.125,30.1173],[77.1278,30.1216],[77.1329,30.125],[77.1334,30.1295],[77.1326,30.1328],[77.1292,30.1381],[77.1305,30.1398],[77.1419,30.1357],[77.1474,30.1327],[77.1502,30.1357],[77.1567,30.1393],[77.1616,30.14],[77.1712,30.1365],[77.1733,30.1376],[77.1744,30.1331],[77.1763,30.1307],[77.1807,30.1271],[77.1828,30.1202],[77.178,30.1153],[77.1769,30.1128],[77.1817,30.1102],[77.1787,30.1047],[77.1754,30.1044],[77.1743,30.1019],[77.1716,30.1008],[77.1686,30.0962],[77.1704,30.0931],[77.177,30.0871],[77.1834,30.084],[77.1778,30.0774],[77.1783,30.0738],[77.1715,30.0689],[77.171,30.0665],[77.1826,30.0606],[77.1935,30.0538],[77.1973,30.051],[77.2014,30.0469],[77.2028,30.0476],[77.2046,30.052],[77.2097,30.0519],[77.2142,30.0538],[77.2145,30.0562],[77.2104,30.0593],[77.2121,30.0605],[77.2153,30.0598],[77.2174,30.0529],[77.2236,30.053],[77.2258,30.05],[77.2276,30.0451],[77.2243,30.0419],[77.2278,30.0391],[77.2358,30.0406],[77.2393,30.0381],[77.2447,30.0387],[77.25,30.0363],[77.2593,30.0359],[77.2641,30.0339],[77.2682,30.0334],[77.276,30.0341],[77.2779,30.0359],[77.2762,30.0398],[77.2786,30.0421],[77.2849,30.0424],[77.2879,30.0445],[77.2969,30.0533],[77.3002,30.0525],[77.3023,30.0549],[77.3084,30.0551],[77.3189,30.0565],[77.3278,30.0543],[77.3295,30.0532],[77.3343,30.0537],[77.3363,30.0556],[77.3393,30.0604],[77.3415,30.0624],[77.3452,30.0693],[77.3482,30.0698],[77.3586,30.0755],[77.3614,30.0757],[77.3645,30.0779],[77.3685,30.0836],[77.3775,30.09],[77.3824,30.0916],[77.3885,30.0869],[77.3915,30.0899],[77.4003,30.0886],[77.403,30.0876],[77.4062,30.0883],[77.41,30.0919],[77.4157,30.0955],[77.4239,30.1032],[77.4169,30.1054],[77.4102,30.1047],[77.4037,30.1099],[77.4032,30.1117],[77.4056,30.1139],[77.4135,30.1129],[77.4191,30.124],[77.4214,30.1263],[77.4219,30.1286],[77.4251,30.1315],[77.4198,30.1352],[77.4226,30.1395],[77.4165,30.138],[77.4104,30.1355],[77.4111,30.1391],[77.4114,30.1463],[77.4131,30.1537],[77.401,30.1567],[77.3975,30.1521],[77.3953,30.1521],[77.3929,30.154],[77.3888,30.1537],[77.3863,30.1522],[77.385,30.1576],[77.3812,30.1588],[77.3906,30.1621],[77.3938,30.1642],[77.3998,30.1646],[77.4004,30.1676],[77.3952,30.1705],[77.3978,30.1726],[77.3925,30.1782],[77.3915,30.1812],[77.3885,30.1828],[77.387,30.1893],[77.3868,30.1967],[77.3893,30.2008],[77.3946,30.2047],[77.3965,30.2076],[77.3974,30.2115],[77.3935,30.2179],[77.3952,30.2234],[77.3935,30.2245],[77.3934,30.2281],[77.39,30.2292],[77.3835,30.2332],[77.3754,30.2349],[77.3724,30.2363],[77.366,30.2361],[77.361,30.2346],[77.3566,30.2302],[77.3527,30.2308],[77.3456,30.2259],[77.3458,30.2245],[77.3559,30.2191],[77.3503,30.2145],[77.3488,30.2149],[77.3447,30.2076],[77.3426,30.2059],[77.3423,30.2012],[77.3395,30.1996],[77.3369,30.1957],[77.3339,30.1968],[77.3304,30.2011],[77.329,30.1987],[77.325,30.2006],[77.3225,30.1989],[77.3141,30.2049],[77.3135,30.2076],[77.3114,30.2092],[77.3158,30.2114],[77.3195,30.2116],[77.322,30.2151],[77.3211,30.2173],[77.3134,30.2237],[77.3164,30.2271],[77.3163,30.2314],[77.3223,30.2363],[77.3236,30.2401],[77.3155,30.2447],[77.3109,30.2393],[77.3078,30.2342],[77.3064,30.2342],[77.3002,30.2385],[77.295,30.2401],[77.293,30.2332],[77.2921,30.2325],[77.2807,30.2365],[77.2784,30.2342],[77.2692,30.2421],[77.2713,30.245],[77.2733,30.2501],[77.2727,30.2527],[77.2763,30.2601],[77.2738,30.262],[77.2754,30.2655]]]},"properties":{"id":"in:subdistrict:361","level":"subdistrict","name":"Jagadhri","code":361,"parent":"in:district:76","state":"in:state:6"}},{"type":"Feature","geometry":{"type":"Polygon","coordinates":[[[77.0879,30.1125],[77.0884,30.1105],[77.0856,30.1037],[77.0857,30.1017],[77.0822,30.1017],[77.0783,30.0996],[77.0763,30.1002],[77.0715,30.0989],[77.0689,30.0973],[77.068,30.0919],[77.0701,30.088],[77.0694,30.0824],[77.0697,30.0785],[77.0683,30.0727],[77.0769,30.0663],[77.0794,30.067],[77.084,30.0614],[77.0885,30.0573],[77.0866,30.0508],[77.0929,30.0464],[77.0982,30.0414],[77.0944,30.0373],[77.0992,30.0335],[77.1051,30.0301],[77.1055,30.0273],[77.1006,30.0193],[77.103,30.0154],[77.1088,30.0106],[77.109,30.0072],[77.1145,30.0049],[77.1164,30.0021],[77.1185,30.003],[77.1224,29.9955],[77.1174,29.9934],[77.1251,29.9865],[77.1271,29.9865],[77.1344,29.9791],[77.1357,29.9742],[77.1344,29.9694],[77.1315,29.9659],[77.1368,29.9632],[77.1387,29.9632],[77.1487,29.9688],[77.1568,29.9702],[77.1606,29.9678],[77.1649,29.9672],[77.1688,29.9695],[77.1713,29.9697],[77.173,29.9667],[77.1752,29.9655],[77.1789,29.9656],[77.1842,29.9609],[77.183,29.9575],[77.1861,29.9568],[77.1892,29.9547],[77.1893,29.9532],[77.1838,29.9472],[77.1867,29.9445],[77.1958,29.9377],[77.1982,29.9388],[77.2011,29.9366],[77.2045,29.9371],[77.209,29.9351],[77.2174,29.9374],[77.2293,29.9396],[77.235,29.9496],[77.2366,29.9516],[77.2375,29.9552],[77.2413,29.9569],[77.244,29.9598],[77.2469,29.9683],[77.247,29.9766],[77.2562,29.9802],[77.2615,29.9829],[77.2695,29.9929],[77.2759,29.998],[77.2777,30.0006],[77.2756,30.0063],[77.2793,30.0122],[77.2802,30.0194],[77.2794,30.02],[77.2823,30.0294],[77.2779,30.0359],[77.276,30.0341],[77.2682,30.0334],[77.2641,30.0339],[77.2593,30.0359],[77.25,30.0363],[77.2447,30.0387],[77.2393,30.0381],[77.2358,30.0406],[77.2278,30.0391],[77.2243,30.0419],[77.2276,30.0451],[77.2258,30.05],[77.2236,30.053],[77.2174,30.0529],[77.2153,30.0598],[77.2121,30.0605],[77.2104,30.0593],[77.2145,30.0562],[77.2142,30.0538],[77.2097,30.0519],[77.2046,30.052],[77.2028,30.0476],[77.2014,30.0469],[77.1973,30.051],[77.1935,30.0538],[77.1826,30.0606],[77.171,30.0665],[77.1715,30.0689],[77.1783,30.0738],[77.1778,30.0774],[77.1834,30.084],[77.177,30.0871],[77.1704,30.0931],[77.1686,30.0962],[77.1716,30.1008],[77.1743,30.1019],[77.1754,30.1044],[77.1787,30.1047],[77.1817,30.1102],[77.1769,30.1128],[77.178,30.1153],[77.1828,30.1202],[77.1807,30.1271],[77.1763,30.1307],[77.1744,30.1331],[77.1733,30.1376],[77.1712,30.1365],[77.1616,30.14],[77.1567,30.1393],[77.1502,30.1357],[77.1474,30.1327],[77.1419,30.1357],[77.1305,30.1398],[77.1292,30.1381],[77.1326,30.1328],[77.1334,30.1295],[77.1329,30.125],[77.1278,30.1216],[77.125,30.1173],[77.1218,30.1165],[77.1139,30.1221],[77.1099,30.122],[77.1076,30.1205],[77.1033,30.1229],[77.1,30.1265],[77.1005,30.1298],[77.1022,30.1325],[77.0972,30.1328],[77.0952,30.1403],[77.0996,30.1467],[77.0897,30.1468],[77.0832,30.1422],[77.0819,30.14],[77.0838,30.1382],[77.085,30.1297],[77.0876,30.1271],[77.0859,30.1169],[77.0879,30.1125]]]},"properties":{"id":"in:subdistrict:6474","level":"subdistrict","name":"Radaur","code":6474,"parent":"in:district:76","state":"in:state:6"}},{"type":"Feature","geometry":{"type":"Polygon","coordinates":[[[77.0693,30.1313],[77.0645,30.1274],[77.0626,30.1245],[77.0598,30.1236],[77.0567,30.1245],[77.0566,30.12],[77.0511,30.1168],[77.0465,30.1151],[77.0415,30.1153],[77.0416,30.1115],[77.0436,30.1068],[77.0401,30.1018],[77.036,30.101],[77.0296,30.0941],[77.03,30.0906],[77.0334,30.0865],[77.032,30.0837],[77.0374,30.0812],[77.0405,30.0784],[77.0407,30.0733],[77.0343,30.0683],[77.0372,30.0668],[77.0389,30.062],[77.0368,30.0573],[77.0323,30.0527],[77.031,30.0478],[77.0284,30.0451],[77.0262,30.0453],[77.0201,30.0484],[77.0171,30.0469],[77.0124,30.0458],[77.0109,30.0439],[77.0108,30.0409],[77.0137,30.0392],[77.0189,30.0346],[77.0116,30.0315],[77.0072,30.0281],[77.0035,30.0287],[77.0004,30.0276],[76.9893,30.0384],[76.9852,30.044],[76.9823,30.0448],[76.9811,30.0419],[76.9819,30.0359],[76.9795,30.0322],[76.9804,30.0265],[76.9858,30.0245],[76.9903,30.0236],[76.9988,30.0192],[76.9967,30.015],[76.9961,30.0114],[76.9904,30.0094],[76.9862,30.0089],[76.9816,30.0115],[76.983,30.0159],[76.9775,30.0162],[76.9758,30.0196],[76.9607,30.0211],[76.9568,30.0223],[76.9548,30.0198],[76.9595,30.0179],[76.9653,30.0167],[76.9689,30.014],[76.9689,30.0122],[76.9656,30.0058],[76.9632,30.0031],[76.9673,30.0007],[76.9728,29.9989],[76.9743,29.9967],[76.9724,29.9941],[76.9726,29.9907],[76.9687,29.9912],[76.9634,29.9891],[76.96,29.9887],[76.9534,29.9922],[76.9473,29.9934],[76.9397,29.9995],[76.9471,30.0016],[76.9484,30.0056],[76.9513,30.0102],[76.9526,30.0157],[76.9498,30.0213],[76.9393,30.0257],[76.9401,30.0289],[76.9449,30.0335],[76.9465,30.0371],[76.9438,30.0386],[76.936,30.0446],[76.9367,30.0473],[76.933,30.0495],[76.9288,30.0531],[76.9241,30.0542],[76.9261,30.0578],[76.9309,30.0599],[76.9328,30.063],[76.9374,30.063],[76.9356,30.0666],[76.9361,30.0688],[76.9356,30.077],[76.9408,30.0761],[76.9318,30.0846],[76.9194,30.0839],[76.9158,30.0818],[76.9077,30.0793],[76.9089,30.073],[76.9082,30.071],[76.9007,30.0662],[76.8985,30.0635],[76.8948,30.057],[76.8906,30.0726],[76.8872,30.073],[76.8835,30.0706],[76.8788,30.0694],[76.8777,30.0672],[76.8738,30.0637],[76.8712,30.0594],[76.8666,30.06],[76.8612,30.0547],[76.859,30.0509],[76.8523,30.048],[76.8503,30.0486],[76.8457,30.0522],[76.8431,30.0518],[76.8393,30.0534],[76.8343,30.0526],[76.8298,30.056],[76.8323,30.0622],[76.8358,30.0666],[76.8408,30.0741],[76.8342,30.0797],[76.8356,30.0845],[76.8304,30.0891],[76.8273,30.0907],[76.8229,30.096],[76.8221,30.1004],[76.8186,30.1019],[76.8181,30.1042],[76.8147,30.1051],[76.8119,30.1092],[76.8048,30.1118],[76.8016,30.1104],[76.7922,30.1111],[76.7893,30.1103],[76.7857,30.1109],[76.7851,30.1131],[76.7876,30.1166],[76.7764,30.1229],[76.7715,30.1231],[76.766,30.1201],[76.7623,30.1198],[76.7605,30.1166],[76.7522,30.1066],[76.7508,30.1021],[76.7514,30.0973],[76.7511,30.0931],[76.7435,30.0956],[76.7369,30.0928],[76.7401,30.0884],[76.7382,30.0857],[76.7365,30.0794],[76.7343,30.0763],[76.7343,30.0684],[76.7333,30.0651],[76.7297,30.0652],[76.7286,30.0634],[76.7234,30.0642],[76.7203,30.0596],[76.7152,30.0564],[76.7116,30.0552],[76.7057,30.0481],[76.697,30.0426],[76.6941,30.0431],[76.6878,30.0368],[76.6894,30.0324],[76.6911,30.0238],[76.6989,30.022],[76.7028,30.0183],[76.7097,30.0154],[76.7088,30.0117],[76.7036,30.0106],[76.7062,30.0039],[76.7098,29.9984],[76.7143,29.9964],[76.7146,29.9944],[76.7205,29.9944],[76.7285,29.9898],[76.7233,29.9822],[76.7199,29.9806],[76.7202,29.9766],[76.7229,29.9708],[76.7255,29.9678],[76.7284,29.9683],[76.7316,29.9669],[76.7374,29.9685],[76.7371,29.9656],[76.7386,29.9613],[76.7369,29.9588],[76.7381,29.9541],[76.7461,29.9544],[76.7469,29.949],[76.7485,29.9473],[76.7476,29.9451],[76.7546,29.9406],[76.7621,29.9433],[76.7673,29.9408],[76.7738,29.94],[76.7774,29.9358],[76.7701,29.9345],[76.756,29.9288],[76.7541,29.9254],[76.7463,29.9256],[76.7338,29.9241],[76.7195,29.9251],[76.7156,29.9298],[76.7111,29.9218],[76.702,29.9265],[76.6971,29.9276],[76.6891,29.9188],[76.6886,29.9143],[76.6857,29.9109],[76.6852,29.9085],[76.688,29.9041],[76.6949,29.8994],[76.7046,29.8928],[76.7054,29.8895],[76.7125,29.8831],[76.7243,29.8813],[76.7297,29.8773],[76.7325,29.8717],[76.737,29.872],[76.7419,29.8714],[76.751,29.8693],[76.7551,29.8668],[76.76,29.8722],[76.7633,29.8729],[76.7663,29.8762],[76.7726,29.8775],[76.7765,29.8764],[76.7816,29.8734],[76.7862,29.8765],[76.7899,29.877],[76.7934,29.8763],[76.7941,29.8793],[76.7969,29.8809],[76.8002,29.8812],[76.8039,29.8828],[76.8063,29.8863],[76.8024,29.8881],[76.803,29.894],[76.8076,29.8953],[76.807,29.8988],[76.8098,29.9019],[76.8148,29.9018],[76.8206,29.8994],[76.8195,29.8958],[76.8227,29.8941],[76.829,29.8946],[76.8296,29.8969],[76.835,29.9005],[76.8381,29.8944],[76.8375,29.8936],[76.8397,29.8873],[76.8458,29.8846],[76.8487,29.8812],[76.8569,29.8787],[76.8618,29.8793],[76.8653,29.8812],[76.8715,29.8795],[76.8755,29.8809],[76.8809,29.8805],[76.883,29.8839],[76.884,29.8873],[76.8902,29.8968],[76.8972,29.8997],[76.8966,29.9046],[76.8988,29.9133],[76.8987,29.9185],[76.9015,29.9207],[76.905,29.9185],[76.9125,29.9149],[76.9174,29.9141],[76.9218,29.9156],[76.9253,29.9156],[76.928,29.9174],[76.9325,29.9247],[76.9389,29.9189],[76.9411,29.9187],[76.95,29.9137],[76.9534,29.9132],[76.9568,29.9146],[76.9577,29.9165],[76.9568,29.9194],[76.9531,29.9224],[76.9541,29.9239],[76.9502,29.9285],[76.9491,29.9318],[76.9525,29.9328],[76.9526,29.9358],[76.9571,29.9372],[76.9585,29.9392],[76.9611,29.9382],[76.9659,29.9395],[76.9649,29.9421],[76.9664,29.9435],[76.9713,29.945],[76.9791,29.9517],[76.9834,29.9533],[76.9849,29.9563],[76.9898,29.9558],[76.9927,29.9515],[76.9949,29.9531],[76.9987,29.9521],[76.9998,29.9499],[77.004,29.9521],[77.0063,29.9566],[77.0088,29.9533],[77.0152,29.9492],[77.0228,29.9471],[77.0245,29.9496],[77.0278,29.9508],[77.0324,29.9549],[77.0366,29.9553],[77.0411,29.9533],[77.0487,29.9521],[77.053,29.9464],[77.059,29.9462],[77.0647,29.9521],[77.0677,29.9513],[77.0744,29.9509],[77.0809,29.9482],[77.0848,29.952],[77.0869,29.9498],[77.0915,29.9497],[77.096,29.9506],[77.0992,29.9545],[77.0987,29.956],[77.1026,29.9603],[77.1039,29.9631],[77.1026,29.9644],[77.1045,29.9684],[77.1119,29.9691],[77.1139,29.9711],[77.1136,29.9751],[77.1152,29.9755],[77.1157,29.9788],[77.1135,29.9805],[77.1146,29.984],[77.112,29.985],[77.1123,29.9903],[77.1174,29.9934],[77.1224,29.9955],[77.1185,30.003],[77.1164,30.0021],[77.1145,30.0049],[77.109,30.0072],[77.1088,30.0106],[77.103,30.0154],[77.1006,30.0193],[77.1055,30.0273],[77.1051,30.0301],[77.0992,30.0335],[77.0944,30.0373],[77.0982,30.0414],[77.0929,30.0464],[77.0866,30.0508],[77.0885,30.0573],[77.084,30.0614],[77.0794,30.067],[77.0769,30.0663],[77.0683,30.0727],[77.0697,30.0785],[77.0694,30.0824],[77.0701,30.088],[77.068,30.0919],[77.0689,30.0973],[77.0715,30.0989],[77.0763,30.1002],[77.0783,30.0996],[77.0822,30.1017],[77.0857,30.1017],[77.0856,30.1037],[77.0884,30.1105],[77.0879,30.1125],[77.0837,30.1145],[77.0821,30.1178],[77.0794,30.1195],[77.0776,30.119],[77.0707,30.1263],[77.0715,30.1299],[77.0693,30.1313]]]},"properties":{"id":"in:subdistrict:366","level":"subdistrict","name":"Thanesar","code":366,"parent":"in:district:68","state":"in:state:6"}},{"type":"Feature","geometry":{"type":"Polygon","coordinates":[[[77.0567,30.1245],[77.0494,30.1275],[77.046,30.1295],[77.0359,30.1364],[77.0371,30.1401],[77.037,30.1436],[77.0312,30.1444],[77.0225,30.148],[77.0228,30.1493],[77.0189,30.1523],[77.0116,30.1565],[77.0079,30.162],[77,30.1626],[76.9964,30.1654],[76.9921,30.1673],[76.9817,30.1694],[76.9804,30.1665],[76.974,30.1613],[76.9698,30.1594],[76.9637,30.158],[76.9633,30.1547],[76.9616,30.1526],[76.9591,30.1544],[76.9574,30.1574],[76.9511,30.1593],[76.9485,30.1612],[76.9453,30.1647],[76.9406,30.1663],[76.9398,30.1722],[76.941,30.1781],[76.9461,30.1841],[76.9479,30.1827],[76.9562,30.1832],[76.9602,30.1896],[76.9608,30.1931],[76.9524,30.1949],[76.948,30.1979],[76.9469,30.1972],[76.9378,30.1978],[76.9357,30.1989],[76.93,30.2018],[76.9251,30.2055],[76.9198,30.2022],[76.9159,30.2055],[76.9097,30.2006],[76.9069,30.1973],[76.9038,30.1902],[76.8976,30.1918],[76.8974,30.1931],[76.8901,30.1964],[76.8852,30.198],[76.8824,30.1998],[76.8824,30.2044],[76.8841,30.2089],[76.8882,30.2094],[76.8903,30.2118],[76.8816,30.217],[76.8759,30.2198],[76.8735,30.2226],[76.8663,30.2288],[76.8618,30.2304],[76.8586,30.233],[76.8598,30.2355],[76.8647,30.2402],[76.8675,30.2441],[76.8644,30.2472],[76.8644,30.2497],[76.859,30.2513],[76.8511,30.2547],[76.8469,30.251],[76.8428,30.2458],[76.8409,30.25],[76.8377,30.254],[76.8333,30.2518],[76.8258,30.253],[76.8225,30.2511],[76.8194,30.2449],[76.8189,30.2419],[76.8218,30.2403],[76.8254,30.2359],[76.8231,30.2348],[76.823,30.2324],[76.8199,30.2286],[76.819,30.2242],[76.8169,30.2225],[76.8194,30.2205],[76.817,30.2174],[76.8119,30.2197],[76.8044,30.2128],[76.8,30.2112],[76.7989,30.2135],[76.7962,30.2148],[76.7924,30.2135],[76.788,30.2134],[76.7847,30.2148],[76.782,30.2106],[76.7728,30.1997],[76.7692,30.2001],[76.7648,30.1974],[76.764,30.1921],[76.7602,30.1919],[76.7541,30.1964],[76.7489,30.1964],[76.7456,30.1971],[76.7364,30.1979],[76.7346,30.1961],[76.7314,30.1965],[76.7277,30.1949],[76.7254,30.1957],[76.7217,30.1951],[76.7171,30.1961],[76.7131,30.1918],[76.7104,30.1898],[76.7104,30.1852],[76.7158,30.1843],[76.7263,30.1769],[76.7176,30.1736],[76.709,30.1753],[76.707,30.1734],[76.7165,30.1708],[76.7233,30.1661],[76.7296,30.1682],[76.7274,30.1723],[76.7287,30.177],[76.7332,30.1788],[76.7366,30.1789],[76.7399,30.1765],[76.745,30.1759],[76.7517,30.1792],[76.7545,30.1828],[76.7574,30.1837],[76.7602,30.1819],[76.7596,30.1736],[76.7548,30.1679],[76.7548,30.1625],[76.7535,30.157],[76.7524,30.1555],[76.752,30.1497],[76.7526,30.1475],[76.758,30.1428],[76.7574,30.1386],[76.7559,30.1359],[76.7574,30.1325],[76.7564,30.1276],[76.7586,30.1238],[76.7623,30.1198],[76.766,30.1201],[76.7715,30.1231],[76.7764,30.1229],[76.7876,30.1166],[76.7851,30.1131],[76.7857,30.1109],[76.7893,30.1103],[76.7922,30.1111],[76.8016,30.1104],[76.8048,30.1118],[76.8119,30.1092],[76.8147,30.1051],[76.8181,30.1042],[76.8186,30.1019],[76.8221,30.1004],[76.8229,30.096],[76.8273,30.0907],[76.8304,30.0891],[76.8356,30.0845],[76.8342,30.0797],[76.8408,30.0741],[76.8358,30.0666],[76.8323,30.0622],[76.8298,30.056],[76.8343,30.0526],[76.8393,30.0534],[76.8431,30.0518],[76.8457,30.0522],[76.8503,30.0486],[76.8523,30.048],[76.859,30.0509],[76.8612,30.0547],[76.8666,30.06],[76.8712,30.0594],[76.8738,30.0637],[76.8777,30.0672],[76.8788,30.0694],[76.8835,30.0706],[76.8872,30.073],[76.8906,30.0726],[76.8948,30.057],[76.8985,30.0635],[76.9007,30.0662],[76.9082,30.071],[76.9089,30.073],[76.9077,30.0793],[76.9158,30.0818],[76.9194,30.0839],[76.9318,30.0846],[76.9408,30.0761],[76.9356,30.077],[76.9361,30.0688],[76.9356,30.0666],[76.9374,30.063],[76.9328,30.063],[76.9309,30.0599],[76.9261,30.0578],[76.9241,30.0542],[76.9288,30.0531],[76.933,30.0495],[76.9367,30.0473],[76.936,30.0446],[76.9438,30.0386],[76.9465,30.0371],[76.9449,30.0335],[76.9401,30.0289],[76.9393,30.0257],[76.9498,30.0213],[76.9526,30.0157],[76.9513,30.0102],[76.9484,30.0056],[76.9471,30.0016],[76.9397,29.9995],[76.9473,29.9934],[76.9534,29.9922],[76.96,29.9887],[76.9634,29.9891],[76.9687,29.9912],[76.9726,29.9907],[76.9724,29.9941],[76.9743,29.9967],[76.9728,29.9989],[76.9673,30.0007],[76.9632,30.0031],[76.9656,30.0058],[76.9689,30.0122],[76.9689,30.014],[76.9653,30.0167],[76.9595,30.0179],[76.9548,30.0198],[76.9568,30.0223],[76.9607,30.0211],[76.9758,30.0196],[76.9775,30.0162],[76.983,30.0159],[76.9816,30.0115],[76.9862,30.0089],[76.9904,30.0094],[76.9961,30.0114],[76.9967,30.015],[76.9988,30.0192],[76.9903,30.0236],[76.9858,30.0245],[76.9804,30.0265],[76.9795,30.0322],[76.9819,30.0359],[76.9811,30.0419],[76.9823,30.0448],[76.9852,30.044],[76.9893,30.0384],[77.0004,30.0276],[77.0035,30.0287],[77.0072,30.0281],[77.0116,30.0315],[77.0189,30.0346],[77.0137,30.0392],[77.0108,30.0409],[77.0109,30.0439],[77.0124,30.0458],[77.0171,30.0469],[77.0201,30.0484],[77.0262,30.0453],[77.0284,30.0451],[77.031,30.0478],[77.0323,30.0527],[77.0368,30.0573],[77.0389,30.062],[77.0372,30.0668],[77.0343,30.0683],[77.0407,30.0733],[77.0405,30.0784],[77.0374,30.0812],[77.032,30.0837],[77.0334,30.0865],[77.03,30.0906],[77.0296,30.0941],[77.036,30.101],[77.0401,30.1018],[77.0436,30.1068],[77.0416,30.1115],[77.0415,30.1153],[77.0465,30.1151],[77.0511,30.1168],[77.0566,30.12],[77.0567,30.1245]]]},"properties":{"id":"in:subdistrict:364","level":"subdistrict","name":"Shahbad","code":364,"parent":"in:district:68","state":"in:state:6"}},{"type":"Feature","geometry":{"type":"Polygon","coordinates":[[[77.1839,30.3182],[77.1816,30.3216],[77.1797,30.3222],[77.1803,30.3253],[77.1826,30.3286],[77.1813,30.3308],[77.1812,30.3345],[77.1774,30.3382],[77.1735,30.3389],[77.1711,30.3424],[77.1731,30.3506],[77.1704,30.3567],[77.1698,30.3599],[77.1655,30.3536],[77.1618,30.3562],[77.1619,30.3607],[77.1598,30.3605],[77.1503,30.3539],[77.1384,30.3599],[77.1349,30.3607],[77.1292,30.3574],[77.1266,30.3538],[77.1315,30.351],[77.1295,30.3472],[77.1255,30.348],[77.1238,30.3446],[77.1286,30.3416],[77.131,30.341],[77.1283,30.3377],[77.1243,30.3389],[77.1187,30.3389],[77.1139,30.3424],[77.1114,30.3393],[77.1068,30.3355],[77.1032,30.3301],[77.1005,30.3273],[77.0941,30.3303],[77.092,30.3337],[77.0951,30.341],[77.0933,30.3427],[77.0912,30.3416],[77.0814,30.348],[77.0761,30.3505],[77.0745,30.3501],[77.0698,30.3446],[77.0662,30.343],[77.0578,30.3449],[77.0564,30.3414],[77.0549,30.3409],[77.0478,30.3356],[77.0458,30.3321],[77.0462,30.329],[77.0442,30.324],[77.0371,30.3141],[77.0318,30.308],[77.0292,30.3025],[77.0257,30.2992],[77.0217,30.2934],[77.018,30.2913],[77.015,30.2929],[77.0098,30.2884],[77.0057,30.2863],[77.0031,30.2828],[76.9951,30.2822],[76.9929,30.2807],[76.9951,30.2781],[77.0028,30.278],[77.0051,30.276],[77.0036,30.2724],[76.9904,30.2712],[76.9844,30.2661],[76.9896,30.2606],[76.9777,30.256],[76.9705,30.2526],[76.9677,30.2528],[76.9646,30.2548],[76.9615,30.2538],[76.9599,30.2562],[76.9573,30.2537],[76.9595,30.2499],[76.9537,30.2449],[76.956,30.2429],[76.9544,30.2397],[76.9563,30.2358],[76.9664,30.2318],[76.9658,30.226],[76.9619,30.2253],[76.9611,30.221],[76.955,30.2164],[76.9604,30.2123],[76.9572,30.211],[76.9553,30.209],[76.9495,30.2062],[76.9464,30.2085],[76.9409,30.2092],[76.9394,30.2074],[76.9357,30.1989],[76.9378,30.1978],[76.9469,30.1972],[76.948,30.1979],[76.9524,30.1949],[76.9608,30.1931],[76.9602,30.1896],[76.9562,30.1832],[76.9479,30.1827],[76.9461,30.1841],[76.941,30.1781],[76.9398,30.1722],[76.9406,30.1663],[76.9453,30.1647],[76.9485,30.1612],[76.9511,30.1593],[76.9574,30.1574],[76.9591,30.1544],[76.9616,30.1526],[76.9633,30.1547],[76.9637,30.158],[76.9698,30.1594],[76.974,30.1613],[76.9804,30.1665],[76.9817,30.1694],[76.9921,30.1673],[76.9964,30.1654],[77,30.1626],[77.0079,30.162],[77.0116,30.1565],[77.0189,30.1523],[77.0228,30.1493],[77.0225,30.148],[77.0312,30.1444],[77.037,30.1436],[77.0371,30.1401],[77.0359,30.1364],[77.046,30.1295],[77.0494,30.1275],[77.0567,30.1245],[77.0598,30.1236],[77.0626,30.1245],[77.0645,30.1274],[77.0693,30.1313],[77.0683,30.1353],[77.0668,30.1371],[77.0653,30.1424],[77.0714,30.1554],[77.0715,30.1614],[77.0687,30.1643],[77.0709,30.169],[77.0802,30.1657],[77.084,30.1633],[77.0972,30.1566],[77.0999,30.1641],[77.1037,30.1696],[77.1092,30.1756],[77.1101,30.1787],[77.1079,30.1835],[77.1035,30.186],[77.0985,30.1874],[77.0931,30.1901],[77.09,30.1936],[77.0767,30.1997],[77.0777,30.2025],[77.074,30.2057],[77.0747,30.2116],[77.0776,30.217],[77.0843,30.2168],[77.0944,30.227],[77.1058,30.225],[77.1137,30.227],[77.116,30.2324],[77.121,30.2322],[77.1268,30.2283],[77.1302,30.2323],[77.1345,30.2291],[77.1414,30.2257],[77.141,30.219],[77.1437,30.2164],[77.1502,30.214],[77.1546,30.2205],[77.1574,30.2264],[77.1581,30.2299],[77.1636,30.2365],[77.1598,30.2396],[77.1587,30.2422],[77.1523,30.2461],[77.1496,30.2465],[77.1449,30.2442],[77.1416,30.2408],[77.139,30.242],[77.1321,30.2467],[77.1338,30.249],[77.1321,30.2515],[77.1332,30.2542],[77.1381,30.26],[77.1357,30.2618],[77.1376,30.2649],[77.1332,30.2679],[77.1352,30.2709],[77.1384,30.2816],[77.1416,30.286],[77.1457,30.2852],[77.1472,30.2888],[77.1563,30.2925],[77.1608,30.2957],[77.1657,30.2939],[77.1657,30.2965],[77.1679,30.302],[77.1683,30.3072],[77.1729,30.3054],[77.1777,30.3053],[77.1801,30.3075],[77.1846,30.3066],[77.1868,30.3079],[77.1904,30.308],[77.1921,30.3123],[77.1898,30.3137],[77.1916,30.317],[77.1862,30.3162],[77.1839,30.3182]]]},"properties":{"id":"in:subdistrict:360","level":"subdistrict","name":"Barara","code":360,"parent":"in:district:58","state":"in:state:6"}},{"type":"Feature","geometry":{"type":"Polygon","coordinates":[[[76.9333,30.3815],[76.9374,30.379],[76.945,30.3761],[76.947,30.3764],[76.9548,30.3756],[76.9594,30.3734],[76.9637,30.368],[76.9622,30.3648],[76.9585,30.36],[76.9621,30.3565],[76.9633,30.3576],[76.9676,30.3554],[76.9751,30.3645],[76.9785,30.3623],[76.9826,30.3631],[76.9882,30.3607],[76.9867,30.3553],[76.9947,30.3522],[77.0026,30.3522],[77.0092,30.3574],[77.015,30.3603],[77.0167,30.3553],[77.0163,30.3533],[77.0178,30.3504],[77.0222,30.3501],[77.0255,30.3508],[77.0315,30.3484],[77.0357,30.3482],[77.0379,30.3465],[77.0375,30.343],[77.0437,30.3367],[77.0478,30.3356],[77.0549,30.3409],[77.0564,30.3414],[77.0578,30.3449],[77.0662,30.343],[77.0698,30.3446],[77.0745,30.3501],[77.0761,30.3505],[77.0814,30.348],[77.0912,30.3416],[77.0933,30.3427],[77.0951,30.341],[77.092,30.3337],[77.0941,30.3303],[77.1005,30.3273],[77.1032,30.3301],[77.1068,30.3355],[77.1114,30.3393],[77.1139,30.3424],[77.1187,30.3389],[77.1243,30.3389],[77.1283,30.3377],[77.131,30.341],[77.1286,30.3416],[77.1238,30.3446],[77.1255,30.348],[77.1295,30.3472],[77.1315,30.351],[77.1266,30.3538],[77.1292,30.3574],[77.1349,30.3607],[77.1384,30.3599],[77.1503,30.3539],[77.1598,30.3605],[77.1619,30.3607],[77.1699,30.3672],[77.1726,30.3689],[77.1796,30.3652],[77.1838,30.3692],[77.1812,30.3716],[77.1826,30.3759],[77.1876,30.3827],[77.1837,30.3847],[77.1871,30.3941],[77.1867,30.3969],[77.1843,30.401],[77.178,30.406],[77.1748,30.4115],[77.1741,30.4175],[77.1703,30.4217],[77.1739,30.4245],[77.1735,30.4297],[77.1744,30.4315],[77.1705,30.4375],[77.1691,30.4415],[77.1727,30.4412],[77.1736,30.4427],[77.1735,30.4486],[77.1743,30.4522],[77.1738,30.4576],[77.1791,30.4581],[77.1801,30.4621],[77.1836,30.4644],[77.1835,30.4661],[77.1868,30.4721],[77.188,30.4721],[77.1946,30.4805],[77.1976,30.4819],[77.2023,30.4791],[77.2048,30.4836],[77.2062,30.4885],[77.2076,30.4893],[77.2125,30.4968],[77.2094,30.5],[77.2093,30.5022],[77.2018,30.5136],[77.2013,30.5153],[77.1968,30.5173],[77.1979,30.5194],[77.195,30.5226],[77.1905,30.524],[77.1872,30.5237],[77.1851,30.5259],[77.1812,30.5279],[77.177,30.5284],[77.1726,30.5302],[77.1703,30.5334],[77.1662,30.5328],[77.1626,30.5343],[77.1523,30.5343],[77.1458,30.5362],[77.1357,30.543],[77.13,30.5521],[77.1297,30.554],[77.1264,30.5582],[77.1236,30.5599],[77.1217,30.5629],[77.1172,30.5554],[77.1138,30.5522],[77.1118,30.5552],[77.1057,30.5598],[77.1019,30.5561],[77.0978,30.5579],[77.0929,30.5566],[77.0896,30.5573],[77.085,30.557],[77.0829,30.5552],[77.0814,30.55],[77.0798,30.5491],[77.0745,30.541],[77.071,30.5414],[77.0688,30.5436],[77.0625,30.5432],[77.0598,30.5439],[77.0561,30.5425],[77.0523,30.5442],[77.0514,30.5487],[77.0396,30.5514],[77.0376,30.5504],[77.0367,30.54],[77.0353,30.5368],[77.037,30.534],[77.0391,30.5338],[77.0402,30.5304],[77.0456,30.5293],[77.0483,30.5222],[77.0446,30.5187],[77.0425,30.5186],[77.0381,30.5132],[77.0385,30.5093],[77.0295,30.5082],[77.0292,30.5058],[77.024,30.5034],[77.0203,30.5058],[77.0189,30.5046],[77.0102,30.5025],[77.0125,30.5],[77.0081,30.4914],[77.0058,30.4905],[76.9981,30.485],[76.9954,30.4799],[76.9898,30.4742],[76.9824,30.4802],[76.9804,30.483],[76.9771,30.4837],[76.9753,30.4855],[76.9714,30.4858],[76.967,30.4816],[76.9627,30.4759],[76.9617,30.4732],[76.9583,30.4707],[76.9541,30.4746],[76.9504,30.4753],[76.9464,30.4819],[76.9486,30.4861],[76.9401,30.4932],[76.9311,30.5013],[76.9199,30.4901],[76.9177,30.4899],[76.9134,30.4932],[76.9108,30.4943],[76.9039,30.4914],[76.899,30.4888],[76.8994,30.4868],[76.8977,30.4844],[76.8994,30.4825],[76.9084,30.4774],[76.9137,30.4714],[76.9138,30.4677],[76.9081,30.4614],[76.9056,30.4561],[76.903,30.4541],[76.8996,30.4486],[76.9024,30.4465],[76.9028,30.4441],[76.8976,30.4371],[76.9025,30.4347],[76.9104,30.4318],[76.9165,30.4262],[76.9124,30.4205],[76.9171,30.416],[76.9179,30.4107],[76.9193,30.4074],[76.9157,30.4044],[76.9124,30.4006],[76.9197,30.3987],[76.9226,30.401],[76.9327,30.4017],[76.9382,30.3973],[76.9415,30.3954],[76.9399,30.3881],[76.9349,30.3819],[76.9333,30.3815]]]},"properties":{"id":"in:subdistrict:358","level":"subdistrict","name":"Naraingarh","code":358,"parent":"in:district:58","state":"in:state:6"}},{"type":"Feature","geometry":{"type":"MultiPolygon","coordinates":[[[[76.6383,30.1476],[76.6353,30.1466],[76.6328,30.1428],[76.6235,30.1402],[76.6165,30.1324],[76.6127,30.1267],[76.6031,30.1186],[76.5989,30.1121],[76.5955,30.1125],[76.5865,30.1107],[76.5823,30.1079],[76.5798,30.1046],[76.5752,30.1008],[76.5762,30.0954],[76.5775,30.0941],[76.5858,30.0885],[76.5856,30.0843],[76.587,30.0833],[76.5948,30.0837],[76.5984,30.0824],[76.5946,30.077],[76.5923,30.0756],[76.5868,30.0691],[76.5922,30.0662],[76.5955,30.0697],[76.5967,30.0727],[76.6013,30.0729],[76.6045,30.0745],[76.6153,30.073],[76.6159,30.0766],[76.6195,30.0818],[76.6209,30.0867],[76.6264,30.0903],[76.6317,30.0917],[76.636,30.0962],[76.6425,30.0987],[76.6448,30.1019],[76.6438,30.1078],[76.6356,30.1116],[76.6394,30.1159],[76.6433,30.1219],[76.6423,30.1228],[76.6453,30.1279],[76.6392,30.1308],[76.6395,30.1335],[76.6364,30.1392],[76.6383,30.1476]]],[[[76.6354,30.2896],[76.6322,30.2839],[76.6304,30.2777],[76.6314,30.2761],[76.6256,30.2712],[76.6272,30.2694],[76.6234,30.2646],[76.6205,30.265],[76.6198,30.2668],[76.6139,30.2722],[76.6087,30.2679],[76.6041,30.2689],[76.6011,30.2703],[76.5929,30.2617],[76.588,30.2648],[76.5865,30.2685],[76.5838,30.2702],[76.5806,30.2652],[76.5751,30.2619],[76.5719,30.2652],[76.5694,30.2641],[76.5657,30.264],[76.5618,30.2622],[76.5596,30.2648],[76.5566,30.2622],[76.5579,30.2583],[76.5571,30.2564],[76.5583,30.2486],[76.56,30.2452],[76.5583,30.2407],[76.555,30.2357],[76.5536,30.2301],[76.5452,30.23],[76.5431,30.2284],[76.5457,30.2255],[76.5516,30.2267],[76.5555,30.2267],[76.5575,30.2288],[76.5609,30.229],[76.5638,30.2353],[76.5662,30.2353],[76.5679,30.2381],[76.5827,30.2478],[76.5865,30.2513],[76.5879,30.254],[76.5907,30.2534],[76.5963,30.2552],[76.6037,30.2519],[76.606,30.2457],[76.6029,30.2413],[76.6065,30.2392],[76.6099,30.2382],[76.6148,30.2354],[76.6239,30.231],[76.6275,30.2272],[76.6247,30.2216],[76.6164,30.2163],[76.6148,30.2135],[76.6166,30.2108],[76.6205,30.2079],[76.6357,30.2068],[76.6393,30.2088],[76.6471,30.2051],[76.6543,30.2035],[76.652,30.1983],[76.6506,30.1931],[76.6544,30.1906],[76.6571,30.1871],[76.654,30.184],[76.6527,30.1785],[76.648,30.1754],[76.6456,30.1754],[76.6428,30.1735],[76.6419,30.171],[76.6383,30.1708],[76.6368,30.1728],[76.6383,30.1781],[76.6361,30.1814],[76.6355,30.1845],[76.6395,30.1862],[76.6452,30.1871],[76.645,30.1885],[76.6394,30.1944],[76.6303,30.1985],[76.6241,30.1988],[76.6173,30.2014],[76.6142,30.2044],[76.6101,30.1985],[76.6112,30.197],[76.6073,30.1918],[76.6185,30.1833],[76.6234,30.1802],[76.6237,30.175],[76.6289,30.1689],[76.6327,30.1694],[76.636,30.1629],[76.6354,30.1608],[76.6392,30.1551],[76.6403,30.151],[76.6437,30.1502],[76.6525,30.1518],[76.656,30.1543],[76.6641,30.1618],[76.6697,30.1684],[76.6715,30.1669],[76.6744,30.1689],[76.6804,30.1779],[76.683,30.1802],[76.6854,30.1887],[76.6894,30.1907],[76.6919,30.19],[76.6935,30.193],[76.6985,30.1939],[76.7035,30.1924],[76.706,30.1927],[76.7131,30.1918],[76.7171,30.1961],[76.7217,30.1951],[76.7254,30.1957],[76.7277,30.1949],[76.7314,30.1965],[76.7346,30.1961],[76.7364,30.1979],[76.7456,30.1971],[76.7489,30.1964],[76.7541,30.1964],[76.7602,30.1919],[76.764,30.1921],[76.7648,30.1974],[76.7692,30.2001],[76.7728,30.1997],[76.782,30.2106],[76.7847,30.2148],[76.788,30.2134],[76.7924,30.2135],[76.7962,30.2148],[76.7989,30.2135],[76.8,30.2112],[76.8044,30.2128],[76.8119,30.2197],[76.817,30.2174],[76.8194,30.2205],[76.8169,30.2225],[76.819,30.2242],[76.8199,30.2286],[76.823,30.2324],[76.8231,30.2348],[76.8254,30.2359],[76.8218,30.2403],[76.8189,30.2419],[76.8194,30.2449],[76.8225,30.2511],[76.8258,30.253],[76.8333,30.2518],[76.8377,30.254],[76.8409,30.25],[76.8428,30.2458],[76.8469,30.251],[76.8511,30.2547],[76.859,30.2513],[76.8644,30.2497],[76.8644,30.2472],[76.8675,30.2441],[76.8647,30.2402],[76.8598,30.2355],[76.8586,30.233],[76.8618,30.2304],[76.8663,30.2288],[76.8735,30.2226],[76.8759,30.2198],[76.8816,30.217],[76.8903,30.2118],[76.8882,30.2094],[76.8841,30.2089],[76.8824,30.2044],[76.8824,30.1998],[76.8852,30.198],[76.8901,30.1964],[76.8974,30.1931],[76.8976,30.1918],[76.9038,30.1902],[76.9069,30.1973],[76.9097,30.2006],[76.9159,30.2055],[76.9198,30.2022],[76.9251,30.2055],[76.93,30.2018],[76.9357,30.1989],[76.9394,30.2074],[76.9409,30.2092],[76.9464,30.2085],[76.9495,30.2062],[76.9553,30.209],[76.9572,30.211],[76.9604,30.2123],[76.955,30.2164],[76.9611,30.221],[76.9619,30.2253],[76.9658,30.226],[76.9664,30.2318],[76.9563,30.2358],[76.9544,30.2397],[76.956,30.2429],[76.9537,30.2449],[76.9595,30.2499],[76.9573,30.2537],[76.9599,30.2562],[76.9615,30.2538],[76.9646,30.2548],[76.9677,30.2528],[76.9705,30.2526],[76.9777,30.256],[76.9896,30.2606],[76.9844,30.2661],[76.9904,30.2712],[77.0036,30.2724],[77.0051,30.276],[77.0028,30.278],[76.9951,30.2781],[76.9929,30.2807],[76.9951,30.2822],[77.0031,30.2828],[77.0057,30.2863],[77.0098,30.2884],[77.015,30.2929],[77.018,30.2913],[77.0217,30.2934],[77.0257,30.2992],[77.0292,30.3025],[77.0318,30.308],[77.0371,30.3141],[77.0442,30.324],[77.0462,30.329],[77.0458,30.3321],[77.0478,30.3356],[77.0437,30.3367],[77.0375,30.343],[77.0379,30.3465],[77.0357,30.3482],[77.0315,30.3484],[77.0255,30.3508],[77.0222,30.3501],[77.0178,30.3504],[77.0163,30.3533],[77.0167,30.3553],[77.015,30.3603],[77.0092,30.3574],[77.0026,30.3522],[76.9947,30.3522],[76.9867,30.3553],[76.9882,30.3607],[76.9826,30.3631],[76.9785,30.3623],[76.9751,30.3645],[76.9676,30.3554],[76.9633,30.3576],[76.9621,30.3565],[76.9585,30.36],[76.9622,30.3648],[76.9637,30.368],[76.9594,30.3734],[76.9548,30.3756],[76.947,30.3764],[76.945,30.3761],[76.9374,30.379],[76.9333,30.3815],[76.9297,30.3785],[76.9226,30.3746],[76.9209,30.371],[76.9169,30.3649],[76.9121,30.3633],[76.9027,30.3619],[76.8983,30.3588],[76.8961,30.3627],[76.8941,30.3639],[76.8907,30.3691],[76.8906,30.3723],[76.898,30.3821],[76.8951,30.3847],[76.8937,30.3877],[76.8858,30.3942],[76.8835,30.3922],[76.8807,30.3939],[76.8839,30.3975],[76.8821,30.4008],[76.8843,30.4044],[76.8809,30.4062],[76.8834,30.4086],[76.8775,30.4097],[76.8744,30.4095],[76.8683,30.4139],[76.8633,30.415],[76.8561,30.4176],[76.8542,30.4212],[76.8544,30.4255],[76.8529,30.4272],[76.8519,30.4314],[76.85,30.4335],[76.851,30.4353],[76.8468,30.4381],[76.8437,30.4374],[76.8424,30.4348],[76.8381,30.4319],[76.8362,30.4296],[76.8382,30.4276],[76.835,30.425],[76.8275,30.4161],[76.8218,30.4127],[76.8181,30.4129],[76.814,30.4144],[76.8091,30.4176],[76.8018,30.4137],[76.7972,30.4178],[76.7951,30.4187],[76.7903,30.4146],[76.7853,30.4181],[76.7776,30.4245],[76.7743,30.4264],[76.7773,30.4311],[76.7849,30.4354],[76.7813,30.4398],[76.7735,30.4434],[76.7688,30.4359],[76.7656,30.4325],[76.7579,30.4298],[76.754,30.4292],[76.7502,30.4299],[76.7482,30.4288],[76.741,30.4262],[76.741,30.4242],[76.735,30.4191],[76.7398,30.4111],[76.7357,30.4061],[76.7282,30.4004],[76.7251,30.4022],[76.7222,30.399],[76.7152,30.4028],[76.7152,30.3991],[76.7134,30.388],[76.7186,30.3825],[76.7176,30.38],[76.7199,30.3786],[76.7296,30.3823],[76.7312,30.3797],[76.7297,30.3774],[76.7237,30.372],[76.7191,30.3663],[76.72,30.3641],[76.7254,30.3618],[76.7295,30.3647],[76.7334,30.3688],[76.7352,30.3678],[76.7376,30.3704],[76.7461,30.3672],[76.7495,30.3609],[76.7489,30.357],[76.7511,30.3553],[76.7484,30.3525],[76.7385,30.3463],[76.7349,30.3467],[76.7326,30.3483],[76.7274,30.3411],[76.7298,30.3388],[76.7266,30.3361],[76.7249,30.336],[76.7223,30.3332],[76.7164,30.336],[76.7115,30.3275],[76.711,30.3258],[76.7049,30.3259],[76.7,30.3281],[76.6989,30.3251],[76.6954,30.3217],[76.6906,30.3263],[76.688,30.3269],[76.6825,30.3194],[76.6856,30.3175],[76.6865,30.3154],[76.6815,30.3087],[76.678,30.3058],[76.6802,30.3035],[76.6749,30.2994],[76.6677,30.3028],[76.6654,30.3059],[76.6596,30.2999],[76.6557,30.2984],[76.65,30.2907],[76.6486,30.2906],[76.6385,30.2843],[76.6369,30.2887],[76.6354,30.2896]]]]},"properties":{"id":"in:subdistrict:359","level":"subdistrict","name":"Ambala","code":359,"parent":"in:district:58","state":"in:state:6"}},{"type":"Feature","geometry":{"type":"Polygon","coordinates":[[[76.5153,29.9012],[76.5169,29.9067],[76.5171,29.9132],[76.5186,29.9196],[76.5241,29.9231],[76.5311,29.9262],[76.5335,29.9261],[76.5408,29.9205],[76.5404,29.9168],[76.5351,29.9073],[76.5307,29.9017],[76.5384,29.8998],[76.5457,29.9034],[76.5475,29.9071],[76.5516,29.9076],[76.5534,29.9112],[76.5582,29.9164],[76.5612,29.9175],[76.5703,29.9107],[76.5721,29.909],[76.578,29.9152],[76.5885,29.9204],[76.5936,29.9165],[76.5938,29.9141],[76.6062,29.9128],[76.6098,29.9141],[76.6154,29.9177],[76.6189,29.9218],[76.6296,29.9192],[76.6443,29.9116],[76.6478,29.9112],[76.6551,29.9148],[76.6634,29.9164],[76.6673,29.9161],[76.6706,29.9187],[76.6743,29.919],[76.6781,29.9182],[76.6848,29.9211],[76.6891,29.9188],[76.6971,29.9276],[76.702,29.9265],[76.7111,29.9218],[76.7156,29.9298],[76.7195,29.9251],[76.7338,29.9241],[76.7463,29.9256],[76.7541,29.9254],[76.756,29.9288],[76.7701,29.9345],[76.7774,29.9358],[76.7738,29.94],[76.7673,29.9408],[76.7621,29.9433],[76.7546,29.9406],[76.7476,29.9451],[76.7485,29.9473],[76.7469,29.949],[76.7461,29.9544],[76.7381,29.9541],[76.7369,29.9588],[76.7386,29.9613],[76.7371,29.9656],[76.7374,29.9685],[76.7316,29.9669],[76.7284,29.9683],[76.7255,29.9678],[76.7229,29.9708],[76.7202,29.9766],[76.7199,29.9806],[76.7233,29.9822],[76.7285,29.9898],[76.7205,29.9944],[76.7146,29.9944],[76.7143,29.9964],[76.7098,29.9984],[76.7062,30.0039],[76.7036,30.0106],[76.7088,30.0117],[76.7097,30.0154],[76.7028,30.0183],[76.6989,30.022],[76.6911,30.0238],[76.6894,30.0324],[76.6878,30.0368],[76.6941,30.0431],[76.697,30.0426],[76.7057,30.0481],[76.7116,30.0552],[76.7152,30.0564],[76.7203,30.0596],[76.7234,30.0642],[76.7286,30.0634],[76.7297,30.0652],[76.7333,30.0651],[76.7343,30.0684],[76.7343,30.0763],[76.7365,30.0794],[76.7382,30.0857],[76.7401,30.0884],[76.7369,30.0928],[76.7435,30.0956],[76.7511,30.0931],[76.7514,30.0973],[76.7508,30.1021],[76.7522,30.1066],[76.7605,30.1166],[76.7623,30.1198],[76.7586,30.1238],[76.7564,30.1276],[76.7574,30.1325],[76.7559,30.1359],[76.7574,30.1386],[76.758,30.1428],[76.7526,30.1475],[76.752,30.1497],[76.7524,30.1555],[76.7535,30.157],[76.7548,30.1625],[76.7548,30.1679],[76.7596,30.1736],[76.7602,30.1819],[76.7574,30.1837],[76.7545,30.1828],[76.7517,30.1792],[76.745,30.1759],[76.7399,30.1765],[76.7366,30.1789],[76.7332,30.1788],[76.7287,30.177],[76.7274,30.1723],[76.7296,30.1682],[76.7233,30.1661],[76.7165,30.1708],[76.707,30.1734],[76.709,30.1753],[76.7176,30.1736],[76.7263,30.1769],[76.7158,30.1843],[76.7104,30.1852],[76.7104,30.1898],[76.7131,30.1918],[76.706,30.1927],[76.7035,30.1924],[76.6985,30.1939],[76.6935,30.193],[76.6919,30.19],[76.6894,30.1907],[76.6854,30.1887],[76.683,30.1802],[76.6804,30.1779],[76.6744,30.1689],[76.6715,30.1669],[76.6697,30.1684],[76.6641,30.1618],[76.656,30.1543],[76.6525,30.1518],[76.6437,30.1502],[76.6383,30.1476],[76.6364,30.1392],[76.6395,30.1335],[76.6392,30.1308],[76.6453,30.1279],[76.6423,30.1228],[76.6433,30.1219],[76.6394,30.1159],[76.6356,30.1116],[76.6438,30.1078],[76.6448,30.1019],[76.6425,30.0987],[76.636,30.0962],[76.6317,30.0917],[76.6264,30.0903],[76.6209,30.0867],[76.6195,30.0818],[76.6159,30.0766],[76.6153,30.073],[76.6045,30.0745],[76.6013,30.0729],[76.5967,30.0727],[76.5955,30.0697],[76.5922,30.0662],[76.5868,30.0691],[76.5923,30.0756],[76.5946,30.077],[76.5984,30.0824],[76.5948,30.0837],[76.587,30.0833],[76.5856,30.0843],[76.5858,30.0885],[76.5775,30.0941],[76.5762,30.0954],[76.5752,30.1008],[76.5677,30.0959],[76.5605,30.0934],[76.5582,30.0851],[76.5555,30.0817],[76.5498,30.0789],[76.5456,30.0792],[76.546,30.0768],[76.5445,30.0747],[76.541,30.0745],[76.5364,30.0732],[76.5326,30.0735],[76.5287,30.0768],[76.5269,30.077],[76.5225,30.0741],[76.5194,30.0741],[76.5128,30.0712],[76.5083,30.0703],[76.5092,30.0738],[76.5087,30.079],[76.5104,30.0823],[76.5093,30.0847],[76.5028,30.0913],[76.498,30.0945],[76.4913,30.0946],[76.4821,30.0975],[76.4728,30.0977],[76.4679,30.0988],[76.4657,30.0965],[76.4648,30.0933],[76.4605,30.0884],[76.4571,30.087],[76.4535,30.0814],[76.4528,30.0781],[76.4446,30.0672],[76.4426,30.0616],[76.4415,30.0605],[76.4385,30.0529],[76.4383,30.0507],[76.4359,30.0486],[76.433,30.0485],[76.4295,30.0457],[76.4294,30.0421],[76.4256,30.0375],[76.4229,30.0352],[76.4217,30.0307],[76.4222,30.029],[76.4258,30.0259],[76.4283,30.0198],[76.4284,30.0176],[76.4346,30.0163],[76.4396,30.0145],[76.4407,30.0093],[76.4426,30.0071],[76.4399,30.0041],[76.4332,30.0004],[76.4325,29.9935],[76.4335,29.9867],[76.4366,29.9792],[76.438,29.9738],[76.4462,29.9701],[76.4486,29.9682],[76.4566,29.9639],[76.4638,29.972],[76.4674,29.9735],[76.471,29.9704],[76.4753,29.9696],[76.4763,29.9651],[76.4843,29.9596],[76.4866,29.9554],[76.4812,29.9526],[76.482,29.9482],[76.4815,29.9459],[76.4842,29.9393],[76.4831,29.9366],[76.479,29.9328],[76.4744,29.9256],[76.471,29.9185],[76.4659,29.9129],[76.4712,29.9098],[76.4779,29.9068],[76.4912,29.9038],[76.4943,29.9056],[76.5017,29.9048],[76.5045,29.9033],[76.5061,29.9008],[76.5099,29.8978],[76.5126,29.898],[76.5153,29.9012]]]},"properties":{"id":"in:subdistrict:365","level":"subdistrict","name":"Pehowa","code":365,"parent":"in:district:68","state":"in:state:6"}},{"type":"Feature","geometry":{"type":"Polygon","coordinates":[[[76.6949,29.8994],[76.6933,29.8864],[76.689,29.8801],[76.6874,29.8754],[76.6879,29.8731],[76.6836,29.8657],[76.6802,29.8668],[76.6771,29.8656],[76.6763,29.8637],[76.6882,29.8594],[76.6934,29.8545],[76.6889,29.8437],[76.6888,29.8347],[76.6862,29.8302],[76.6878,29.827],[76.694,29.8253],[76.7011,29.8251],[76.7043,29.8256],[76.7094,29.8212],[76.7103,29.8173],[76.717,29.8132],[76.7146,29.8097],[76.7142,29.8071],[76.7101,29.8056],[76.704,29.8017],[76.6983,29.7959],[76.699,29.7912],[76.6986,29.786],[76.7002,29.7839],[76.7054,29.7831],[76.7053,29.7813],[76.7102,29.781],[76.7134,29.7826],[76.7215,29.7825],[76.7249,29.7836],[76.7364,29.7814],[76.7419,29.7841],[76.7471,29.7837],[76.7518,29.7808],[76.7598,29.778],[76.7645,29.7777],[76.7656,29.7766],[76.7723,29.7775],[76.7775,29.7791],[76.7802,29.7814],[76.7846,29.7834],[76.7899,29.7902],[76.7951,29.7921],[76.796,29.7876],[76.8003,29.786],[76.8028,29.7862],[76.8122,29.7813],[76.8189,29.7808],[76.8262,29.7796],[76.8256,29.7776],[76.8219,29.7735],[76.8204,29.7708],[76.819,29.7648],[76.8163,29.7594],[76.8215,29.7593],[76.8288,29.7584],[76.8294,29.7547],[76.8289,29.7481],[76.8342,29.7434],[76.8383,29.743],[76.8433,29.7436],[76.8484,29.7432],[76.8522,29.7436],[76.8581,29.7409],[76.864,29.7479],[76.8664,29.7495],[76.8702,29.7503],[76.8757,29.7497],[76.8856,29.7493],[76.8894,29.7509],[76.8963,29.7497],[76.896,29.7528],[76.8985,29.7562],[76.8987,29.7594],[76.9017,29.7675],[76.9052,29.7695],[76.91,29.7698],[76.9122,29.768],[76.9181,29.7651],[76.9243,29.7611],[76.9178,29.7539],[76.9133,29.7511],[76.9155,29.7469],[76.9127,29.7435],[76.9152,29.7418],[76.916,29.7391],[76.9206,29.738],[76.9289,29.7377],[76.9346,29.7402],[76.9349,29.7434],[76.9404,29.747],[76.9429,29.744],[76.9443,29.739],[76.9482,29.7396],[76.9533,29.7459],[76.9544,29.7483],[76.9614,29.7478],[76.9698,29.7489],[76.9753,29.7486],[76.9776,29.75],[76.9806,29.7586],[76.9793,29.7596],[76.9803,29.7652],[76.9806,29.7741],[76.9799,29.7789],[76.9779,29.7821],[76.976,29.7821],[76.9657,29.788],[76.9575,29.7938],[76.9542,29.7932],[76.9527,29.7983],[76.9535,29.8025],[76.9557,29.8059],[76.9605,29.8075],[76.9654,29.8074],[76.9723,29.8028],[76.9747,29.8062],[76.9759,29.811],[76.9792,29.8109],[76.9817,29.8155],[76.9789,29.8196],[76.9845,29.8256],[76.99,29.8292],[76.9931,29.8356],[76.9988,29.8417],[77.0006,29.843],[76.9989,29.8454],[76.9993,29.8473],[76.9966,29.8491],[76.9982,29.8516],[77.0036,29.8554],[77.0105,29.8613],[77.0122,29.8696],[77.0082,29.8685],[77.0005,29.8707],[76.9951,29.8747],[76.9904,29.8798],[76.9954,29.883],[76.9968,29.8861],[76.9921,29.8929],[76.9939,29.895],[76.9939,29.8996],[76.9926,29.9015],[76.9806,29.9014],[76.975,29.9006],[76.9702,29.9018],[76.9661,29.9085],[76.9601,29.9118],[76.9568,29.9146],[76.9534,29.9132],[76.95,29.9137],[76.9411,29.9187],[76.9389,29.9189],[76.9325,29.9247],[76.928,29.9174],[76.9253,29.9156],[76.9218,29.9156],[76.9174,29.9141],[76.9125,29.9149],[76.905,29.9185],[76.9015,29.9207],[76.8987,29.9185],[76.8988,29.9133],[76.8966,29.9046],[76.8972,29.8997],[76.8902,29.8968],[76.884,29.8873],[76.883,29.8839],[76.8809,29.8805],[76.8755,29.8809],[76.8715,29.8795],[76.8653,29.8812],[76.8618,29.8793],[76.8569,29.8787],[76.8487,29.8812],[76.8458,29.8846],[76.8397,29.8873],[76.8375,29.8936],[76.8381,29.8944],[76.835,29.9005],[76.8296,29.8969],[76.829,29.8946],[76.8227,29.8941],[76.8195,29.8958],[76.8206,29.8994],[76.8148,29.9018],[76.8098,29.9019],[76.807,29.8988],[76.8076,29.8953],[76.803,29.894],[76.8024,29.8881],[76.8063,29.8863],[76.8039,29.8828],[76.8002,29.8812],[76.7969,29.8809],[76.7941,29.8793],[76.7934,29.8763],[76.7899,29.877],[76.7862,29.8765],[76.7816,29.8734],[76.7765,29.8764],[76.7726,29.8775],[76.7663,29.8762],[76.7633,29.8729],[76.76,29.8722],[76.7551,29.8668],[76.751,29.8693],[76.7419,29.8714],[76.737,29.872],[76.7325,29.8717],[76.7297,29.8773],[76.7243,29.8813],[76.7125,29.8831],[76.7054,29.8895],[76.7046,29.8928],[76.6949,29.8994]]]},"properties":{"id":"in:subdistrict:370","level":"subdistrict","name":"Nilokheri","code":370,"parent":"in:district:67","state":"in:state:6"}},{"type":"Feature","geometry":{"type":"Polygon","coordinates":[[[76.5219,29.6147],[76.5284,29.6154],[76.5382,29.6133],[76.5414,29.6144],[76.5454,29.62],[76.55,29.6227],[76.5538,29.623],[76.5577,29.626],[76.5582,29.6281],[76.5642,29.63],[76.5768,29.6257],[76.5838,29.6286],[76.5868,29.6274],[76.5975,29.6268],[76.6033,29.6279],[76.6063,29.6322],[76.6136,29.6342],[76.616,29.6363],[76.6162,29.6431],[76.6206,29.6431],[76.6275,29.6454],[76.6304,29.6456],[76.6385,29.6492],[76.64,29.6529],[76.6428,29.6544],[76.6425,29.6585],[76.6442,29.6624],[76.6497,29.6662],[76.6529,29.6701],[76.6563,29.6713],[76.6588,29.67],[76.6662,29.6708],[76.6727,29.6699],[76.6772,29.6741],[76.6846,29.6757],[76.6946,29.6693],[76.7012,29.667],[76.7032,29.6677],[76.7044,29.675],[76.7085,29.6799],[76.7098,29.6836],[76.7098,29.6871],[76.7116,29.6886],[76.7125,29.695],[76.7049,29.6953],[76.697,29.6992],[76.6916,29.7014],[76.6872,29.7021],[76.68,29.7051],[76.6752,29.7078],[76.6682,29.7091],[76.669,29.7118],[76.6754,29.717],[76.6789,29.7183],[76.6837,29.7231],[76.6895,29.7266],[76.6951,29.7273],[76.6947,29.7342],[76.6951,29.7432],[76.6941,29.7457],[76.697,29.7508],[76.6898,29.7535],[76.6862,29.7603],[76.6859,29.7629],[76.6832,29.7646],[76.6835,29.7686],[76.687,29.7705],[76.6881,29.773],[76.6933,29.7763],[76.6962,29.7806],[76.7002,29.7839],[76.6986,29.786],[76.699,29.7912],[76.6983,29.7959],[76.704,29.8017],[76.7101,29.8056],[76.7142,29.8071],[76.7146,29.8097],[76.717,29.8132],[76.7103,29.8173],[76.7094,29.8212],[76.7043,29.8256],[76.7011,29.8251],[76.694,29.8253],[76.6878,29.827],[76.6862,29.8302],[76.6888,29.8347],[76.6889,29.8437],[76.6934,29.8545],[76.6882,29.8594],[76.6763,29.8637],[76.6771,29.8656],[76.6802,29.8668],[76.6836,29.8657],[76.6879,29.8731],[76.6874,29.8754],[76.689,29.8801],[76.6933,29.8864],[76.6949,29.8994],[76.688,29.9041],[76.6852,29.9085],[76.6857,29.9109],[76.6886,29.9143],[76.6891,29.9188],[76.6848,29.9211],[76.6781,29.9182],[76.6743,29.919],[76.6706,29.9187],[76.6673,29.9161],[76.6634,29.9164],[76.6551,29.9148],[76.6478,29.9112],[76.6443,29.9116],[76.6296,29.9192],[76.6189,29.9218],[76.6154,29.9177],[76.6098,29.9141],[76.6062,29.9128],[76.5938,29.9141],[76.5936,29.9165],[76.5885,29.9204],[76.578,29.9152],[76.5721,29.909],[76.5703,29.9107],[76.5612,29.9175],[76.5582,29.9164],[76.5534,29.9112],[76.5516,29.9076],[76.5475,29.9071],[76.5457,29.9034],[76.5384,29.8998],[76.5307,29.9017],[76.5351,29.9073],[76.5404,29.9168],[76.5408,29.9205],[76.5335,29.9261],[76.5311,29.9262],[76.5241,29.9231],[76.5186,29.9196],[76.5171,29.9132],[76.5169,29.9067],[76.5153,29.9012],[76.5159,29.8998],[76.5236,29.8925],[76.5287,29.8816],[76.5327,29.875],[76.5349,29.8739],[76.5357,29.8707],[76.5385,29.8675],[76.546,29.8636],[76.5504,29.8625],[76.5563,29.8585],[76.5594,29.8535],[76.5577,29.8383],[76.5565,29.8343],[76.555,29.8335],[76.5521,29.8284],[76.547,29.8255],[76.5449,29.8253],[76.5458,29.8211],[76.5497,29.8128],[76.5521,29.8127],[76.5575,29.8091],[76.5647,29.8079],[76.5718,29.8051],[76.5515,29.7996],[76.5505,29.799],[76.5354,29.785],[76.5287,29.7817],[76.52,29.781],[76.5207,29.7774],[76.5231,29.7727],[76.5294,29.7706],[76.5286,29.7692],[76.5237,29.7671],[76.5215,29.7636],[76.5211,29.7598],[76.5239,29.7567],[76.5263,29.7515],[76.5262,29.7483],[76.5229,29.7468],[76.514,29.7452],[76.5116,29.7434],[76.5038,29.7422],[76.4975,29.7433],[76.4934,29.7382],[76.4895,29.7359],[76.4867,29.7367],[76.4842,29.7357],[76.4858,29.7286],[76.4891,29.7251],[76.4917,29.72],[76.4935,29.7193],[76.4941,29.7155],[76.4928,29.7121],[76.4931,29.7071],[76.4887,29.7026],[76.4846,29.7008],[76.481,29.6977],[76.4872,29.6974],[76.4896,29.694],[76.494,29.6897],[76.4965,29.6849],[76.4965,29.6822],[76.4927,29.6742],[76.4911,29.6681],[76.4906,29.6602],[76.4935,29.6576],[76.4936,29.6545],[76.4903,29.6505],[76.496,29.6479],[76.5014,29.6464],[76.5083,29.6457],[76.5185,29.6432],[76.5183,29.6312],[76.5143,29.6235],[76.5129,29.6219],[76.5111,29.6173],[76.5144,29.6178],[76.5195,29.6166],[76.5219,29.6147]]]},"properties":{"id":"in:subdistrict:369","level":"subdistrict","name":"Fatehpur Pundri","code":369,"parent":"in:district:66","state":"in:state:6"}},{"type":"Feature","geometry":{"type":"Polygon","coordinates":[[[76.4953,29.5164],[76.4964,29.5145],[76.4978,29.5081],[76.4981,29.5028],[76.5003,29.5013],[76.5039,29.4913],[76.503,29.487],[76.5034,29.4836],[76.4978,29.4807],[76.4959,29.4789],[76.4923,29.4801],[76.484,29.4805],[76.4838,29.478],[76.4816,29.4767],[76.4815,29.4713],[76.4782,29.4603],[76.4758,29.4564],[76.471,29.4455],[76.4709,29.4365],[76.4631,29.4281],[76.4637,29.4243],[76.4659,29.4226],[76.4696,29.4176],[76.4746,29.4165],[76.4768,29.4225],[76.4812,29.4286],[76.4814,29.4322],[76.4839,29.4337],[76.4988,29.4272],[76.5,29.4254],[76.505,29.4282],[76.5106,29.4304],[76.5226,29.433],[76.527,29.4409],[76.5295,29.4436],[76.5315,29.4487],[76.5321,29.4531],[76.5348,29.4565],[76.5402,29.4583],[76.5434,29.4581],[76.5492,29.4591],[76.5564,29.4615],[76.5634,29.4616],[76.5698,29.4623],[76.5725,29.4656],[76.583,29.4659],[76.5842,29.4647],[76.5885,29.4695],[76.5903,29.4701],[76.5932,29.4742],[76.5961,29.476],[76.6051,29.4753],[76.6047,29.4788],[76.6078,29.4807],[76.6123,29.4795],[76.6162,29.4768],[76.625,29.4734],[76.6331,29.4693],[76.6422,29.4743],[76.6461,29.4831],[76.6491,29.4882],[76.6524,29.4908],[76.6563,29.4911],[76.6619,29.4889],[76.6657,29.4856],[76.6773,29.4821],[76.6807,29.4828],[76.6878,29.4769],[76.6951,29.4764],[76.7094,29.4744],[76.715,29.4778],[76.7176,29.4823],[76.7212,29.4826],[76.7344,29.4811],[76.7457,29.4777],[76.7456,29.4753],[76.7477,29.4719],[76.7556,29.4652],[76.7625,29.4658],[76.7654,29.4662],[76.7709,29.4707],[76.7734,29.4735],[76.7754,29.4739],[76.7806,29.4693],[76.7848,29.4672],[76.7905,29.4658],[76.7952,29.4667],[76.795,29.4694],[76.7982,29.4745],[76.8008,29.48],[76.8023,29.4806],[76.8057,29.4849],[76.8106,29.4896],[76.8187,29.5074],[76.8183,29.514],[76.8225,29.5138],[76.8289,29.5121],[76.8356,29.5056],[76.8378,29.5029],[76.8445,29.5008],[76.8468,29.4988],[76.8481,29.4954],[76.852,29.4933],[76.8558,29.49],[76.8588,29.4901],[76.862,29.4884],[76.8632,29.4897],[76.8674,29.4902],[76.8711,29.4918],[76.8742,29.49],[76.8754,29.4916],[76.8813,29.4921],[76.8862,29.4962],[76.8876,29.5],[76.8879,29.5048],[76.8866,29.5088],[76.8879,29.5124],[76.8855,29.5155],[76.8777,29.5198],[76.8798,29.5241],[76.8828,29.534],[76.8781,29.5328],[76.8725,29.5332],[76.8662,29.5355],[76.8629,29.5376],[76.8641,29.5399],[76.8632,29.5428],[76.8596,29.5434],[76.8556,29.5455],[76.8532,29.5498],[76.8547,29.5562],[76.8543,29.5598],[76.855,29.5652],[76.8565,29.5703],[76.8532,29.5753],[76.8548,29.5838],[76.8541,29.5847],[76.8506,29.5827],[76.843,29.5811],[76.8372,29.5777],[76.8342,29.5767],[76.8288,29.5802],[76.8249,29.5817],[76.8169,29.583],[76.8086,29.5901],[76.8084,29.5924],[76.8053,29.5993],[76.8038,29.6006],[76.8061,29.6052],[76.798,29.6112],[76.7887,29.6127],[76.7876,29.6135],[76.7789,29.616],[76.7773,29.6191],[76.7817,29.6239],[76.782,29.6258],[76.7802,29.6285],[76.7739,29.6302],[76.7708,29.6323],[76.7687,29.6265],[76.7642,29.6216],[76.759,29.6195],[76.7563,29.6208],[76.7505,29.6196],[76.7445,29.6197],[76.7354,29.6138],[76.7293,29.6142],[76.7193,29.6128],[76.717,29.6132],[76.7063,29.6087],[76.7019,29.6083],[76.6928,29.6054],[76.6919,29.6065],[76.6823,29.6135],[76.6886,29.6189],[76.6885,29.621],[76.6863,29.623],[76.6873,29.6264],[76.6812,29.635],[76.682,29.6433],[76.6805,29.6462],[76.6764,29.6488],[76.6769,29.6537],[76.6849,29.6521],[76.6869,29.6526],[76.6891,29.6557],[76.6937,29.6591],[76.6963,29.6638],[76.7012,29.667],[76.6946,29.6693],[76.6846,29.6757],[76.6772,29.6741],[76.6727,29.6699],[76.6662,29.6708],[76.6588,29.67],[76.6563,29.6713],[76.6529,29.6701],[76.6497,29.6662],[76.6442,29.6624],[76.6425,29.6585],[76.6428,29.6544],[76.64,29.6529],[76.6385,29.6492],[76.6304,29.6456],[76.6275,29.6454],[76.6206,29.6431],[76.6162,29.6431],[76.616,29.6363],[76.6136,29.6342],[76.6063,29.6322],[76.6033,29.6279],[76.5975,29.6268],[76.5868,29.6274],[76.5838,29.6286],[76.5768,29.6257],[76.5642,29.63],[76.5582,29.6281],[76.5577,29.626],[76.5538,29.623],[76.55,29.6227],[76.5454,29.62],[76.5414,29.6144],[76.5382,29.6133],[76.5284,29.6154],[76.5219,29.6147],[76.5254,29.6109],[76.5375,29.6043],[76.539,29.6007],[76.5425,29.5976],[76.5465,29.596],[76.5471,29.5927],[76.5499,29.5905],[76.548,29.5868],[76.5472,29.5805],[76.544,29.5774],[76.5434,29.5753],[76.5344,29.5708],[76.5302,29.5703],[76.5276,29.5637],[76.5273,29.5591],[76.5245,29.5531],[76.5232,29.548],[76.5237,29.5417],[76.5261,29.5367],[76.5217,29.5333],[76.511,29.5317],[76.5094,29.5281],[76.5115,29.5246],[76.5058,29.5242],[76.5054,29.5206],[76.5063,29.5177],[76.5055,29.5144],[76.4953,29.5164]]]},"properties":{"id":"in:subdistrict:373","level":"subdistrict","name":"Assandh","code":373,"parent":"in:district:67","state":"in:state:6"}},{"type":"Feature","geometry":{"type":"Polygon","coordinates":[[[76.8828,29.534],[76.8857,29.532],[76.8832,29.5288],[76.8838,29.5268],[76.8883,29.5247],[76.8993,29.5247],[76.9,29.5219],[76.906,29.5187],[76.915,29.5185],[76.9146,29.5132],[76.9119,29.5098],[76.9086,29.5097],[76.9069,29.5082],[76.9028,29.5068],[76.9031,29.496],[76.9012,29.4958],[76.8982,29.4892],[76.9011,29.4872],[76.8995,29.4827],[76.9037,29.4806],[76.9056,29.481],[76.9085,29.4773],[76.9116,29.4762],[76.9142,29.4812],[76.9161,29.4827],[76.9228,29.4833],[76.9286,29.4822],[76.9338,29.4783],[76.9366,29.4809],[76.9466,29.4803],[76.9499,29.4786],[76.9521,29.4787],[76.9563,29.4812],[76.9615,29.4835],[76.9655,29.4838],[76.972,29.4796],[76.9792,29.4792],[76.9817,29.4754],[76.9836,29.4772],[76.9911,29.4734],[77,29.4667],[77.0074,29.4662],[77.014,29.464],[77.0179,29.464],[77.0218,29.4689],[77.0242,29.4683],[77.0347,29.4692],[77.0421,29.4683],[77.0456,29.4694],[77.0553,29.4673],[77.0575,29.4692],[77.0639,29.4702],[77.0691,29.4726],[77.0735,29.4725],[77.0781,29.4687],[77.0799,29.464],[77.08,29.4603],[77.0873,29.458],[77.0964,29.4633],[77.1094,29.4656],[77.1168,29.4694],[77.1203,29.4723],[77.132,29.4849],[77.1296,29.4898],[77.126,29.4916],[77.1246,29.4937],[77.1208,29.4961],[77.1197,29.499],[77.113,29.5066],[77.1067,29.5063],[77.1036,29.5073],[77.1012,29.5149],[77.0975,29.5178],[77.0783,29.5165],[77.0689,29.5173],[77.0619,29.5188],[77.0397,29.5333],[77.0335,29.5401],[77.0129,29.5577],[77.0062,29.56],[77,29.5611],[76.9972,29.5634],[76.9984,29.5708],[76.9944,29.5767],[76.9965,29.58],[76.9957,29.5814],[76.9898,29.5827],[76.9859,29.5807],[76.9824,29.5823],[76.9797,29.585],[76.9712,29.5874],[76.9702,29.5903],[76.9702,29.5944],[76.9755,29.5997],[76.9791,29.6024],[76.9781,29.6061],[76.9761,29.6089],[76.9709,29.6065],[76.9679,29.6078],[76.963,29.6027],[76.9587,29.6041],[76.9497,29.6059],[76.9431,29.6113],[76.9385,29.6141],[76.9349,29.6151],[76.932,29.6171],[76.9268,29.6192],[76.9239,29.6154],[76.9235,29.609],[76.9253,29.6089],[76.9154,29.5944],[76.9097,29.5873],[76.9004,29.5887],[76.8955,29.5936],[76.8919,29.5996],[76.8836,29.5897],[76.882,29.5905],[76.871,29.5923],[76.8632,29.5931],[76.8578,29.5952],[76.8549,29.592],[76.8541,29.5847],[76.8548,29.5838],[76.8532,29.5753],[76.8565,29.5703],[76.855,29.5652],[76.8543,29.5598],[76.8547,29.5562],[76.8532,29.5498],[76.8556,29.5455],[76.8596,29.5434],[76.8632,29.5428],[76.8641,29.5399],[76.8629,29.5376],[76.8662,29.5355],[76.8725,29.5332],[76.8781,29.5328],[76.8828,29.534]]]},"properties":{"id":"in:subdistrict:374","level":"subdistrict","name":"Gharaunda","code":374,"parent":"in:district:67","state":"in:state:6"}},{"type":"Feature","geometry":{"type":"Polygon","coordinates":[[[76.7002,29.7839],[76.6962,29.7806],[76.6933,29.7763],[76.6881,29.773],[76.687,29.7705],[76.6835,29.7686],[76.6832,29.7646],[76.6859,29.7629],[76.6862,29.7603],[76.6898,29.7535],[76.697,29.7508],[76.6941,29.7457],[76.6951,29.7432],[76.6947,29.7342],[76.6951,29.7273],[76.6895,29.7266],[76.6837,29.7231],[76.6789,29.7183],[76.6754,29.717],[76.669,29.7118],[76.6682,29.7091],[76.6752,29.7078],[76.68,29.7051],[76.6872,29.7021],[76.6916,29.7014],[76.697,29.6992],[76.7049,29.6953],[76.7125,29.695],[76.7116,29.6886],[76.7098,29.6871],[76.7098,29.6836],[76.7085,29.6799],[76.7044,29.675],[76.7032,29.6677],[76.7012,29.667],[76.6963,29.6638],[76.6937,29.6591],[76.6891,29.6557],[76.6869,29.6526],[76.6849,29.6521],[76.6769,29.6537],[76.6764,29.6488],[76.6805,29.6462],[76.682,29.6433],[76.6812,29.635],[76.6873,29.6264],[76.6863,29.623],[76.6885,29.621],[76.6886,29.6189],[76.6823,29.6135],[76.6919,29.6065],[76.6928,29.6054],[76.7019,29.6083],[76.7063,29.6087],[76.717,29.6132],[76.7193,29.6128],[76.7293,29.6142],[76.7354,29.6138],[76.7445,29.6197],[76.7505,29.6196],[76.7563,29.6208],[76.759,29.6195],[76.7642,29.6216],[76.7687,29.6265],[76.7708,29.6323],[76.7739,29.6302],[76.7802,29.6285],[76.782,29.6258],[76.7817,29.6239],[76.7773,29.6191],[76.7789,29.616],[76.7876,29.6135],[76.7887,29.6127],[76.798,29.6112],[76.8061,29.6052],[76.8038,29.6006],[76.8053,29.5993],[76.8084,29.5924],[76.8086,29.5901],[76.8169,29.583],[76.8249,29.5817],[76.8288,29.5802],[76.8342,29.5767],[76.8372,29.5777],[76.843,29.5811],[76.8506,29.5827],[76.8541,29.5847],[76.8549,29.592],[76.8578,29.5952],[76.8632,29.5931],[76.871,29.5923],[76.882,29.5905],[76.8836,29.5897],[76.8919,29.5996],[76.8955,29.5936],[76.9004,29.5887],[76.9097,29.5873],[76.9154,29.5944],[76.9253,29.6089],[76.9235,29.609],[76.9239,29.6154],[76.9268,29.6192],[76.932,29.6171],[76.9349,29.6151],[76.9385,29.6141],[76.9431,29.6113],[76.9497,29.6059],[76.9587,29.6041],[76.963,29.6027],[76.9679,29.6078],[76.9709,29.6065],[76.9761,29.6089],[76.9781,29.6061],[76.9791,29.6024],[76.9755,29.5997],[76.9702,29.5944],[76.9702,29.5903],[76.9712,29.5874],[76.9797,29.585],[76.9824,29.5823],[76.9859,29.5807],[76.9898,29.5827],[76.9957,29.5814],[76.9965,29.58],[76.9944,29.5767],[76.9984,29.5708],[76.9972,29.5634],[77,29.5611],[77.0062,29.56],[77.0129,29.5577],[77.0335,29.5401],[77.0397,29.5333],[77.0619,29.5188],[77.0689,29.5173],[77.0783,29.5165],[77.0975,29.5178],[77.0962,29.5223],[77.0975,29.5273],[77.1025,29.5323],[77.1024,29.5377],[77.1071,29.5445],[77.1083,29.5478],[77.1144,29.5504],[77.1185,29.5504],[77.1249,29.5544],[77.1271,29.5577],[77.1268,29.5595],[77.1237,29.5609],[77.1208,29.5637],[77.121,29.5665],[77.1175,29.5676],[77.1159,29.5693],[77.1124,29.5693],[77.1102,29.5714],[77.105,29.5722],[77.0997,29.5766],[77.0992,29.5791],[77.0958,29.5825],[77.0901,29.5847],[77.0862,29.5844],[77.084,29.5872],[77.0842,29.5909],[77.0867,29.5934],[77.0951,29.5954],[77.0987,29.5939],[77.1064,29.5952],[77.109,29.5968],[77.1085,29.6],[77.1109,29.6037],[77.1131,29.6096],[77.1126,29.6113],[77.1086,29.6134],[77.1053,29.6134],[77.1019,29.6186],[77.1017,29.6215],[77.1047,29.6231],[77.1047,29.627],[77.1062,29.6323],[77.1148,29.6383],[77.1188,29.6355],[77.1238,29.6381],[77.1282,29.6392],[77.1315,29.6418],[77.1334,29.6483],[77.1372,29.6494],[77.141,29.655],[77.1395,29.6618],[77.1381,29.6642],[77.1385,29.6671],[77.1426,29.6684],[77.1465,29.6722],[77.1429,29.676],[77.1425,29.6804],[77.1468,29.6827],[77.1497,29.6884],[77.1511,29.6905],[77.1561,29.6922],[77.1548,29.6959],[77.1559,29.6983],[77.154,29.7021],[77.1494,29.7057],[77.1495,29.7095],[77.1457,29.711],[77.145,29.7137],[77.1405,29.7144],[77.1369,29.7179],[77.1342,29.7184],[77.1329,29.7231],[77.1341,29.727],[77.1393,29.7327],[77.1391,29.7382],[77.1364,29.7405],[77.1363,29.7433],[77.1313,29.7467],[77.1272,29.7473],[77.1225,29.7512],[77.1202,29.7549],[77.1198,29.7601],[77.1226,29.7673],[77.1253,29.7695],[77.1298,29.7689],[77.1351,29.7698],[77.1389,29.7696],[77.1404,29.7709],[77.1436,29.7706],[77.1466,29.7718],[77.148,29.7753],[77.1475,29.7788],[77.1495,29.7849],[77.1514,29.7882],[77.1559,29.7898],[77.1596,29.7925],[77.1621,29.791],[77.168,29.7956],[77.1698,29.7996],[77.1726,29.8016],[77.1737,29.8051],[77.1709,29.806],[77.1658,29.8033],[77.1622,29.8093],[77.1548,29.8065],[77.1382,29.798],[77.1328,29.8012],[77.1264,29.8007],[77.1204,29.7974],[77.1139,29.8002],[77.1125,29.7991],[77.1053,29.8048],[77.1004,29.8043],[77.0886,29.8001],[77.081,29.7996],[77.0711,29.8043],[77.0692,29.802],[77.0657,29.8028],[77.0632,29.7991],[77.0579,29.7984],[77.0577,29.7954],[77.0624,29.7965],[77.0605,29.7906],[77.0582,29.7933],[77.0544,29.7937],[77.0493,29.7961],[77.047,29.8005],[77.0444,29.7989],[77.0419,29.7995],[77.0381,29.8028],[77.0384,29.8073],[77.0377,29.8098],[77.0416,29.8121],[77.0404,29.8143],[77.0355,29.8139],[77.028,29.8205],[77.0248,29.8191],[77.0255,29.817],[77.0245,29.8139],[77.0169,29.8133],[77.0129,29.809],[77.0111,29.8122],[77.0079,29.8141],[77.0075,29.8159],[76.9988,29.8092],[76.996,29.8103],[76.9895,29.8116],[76.9868,29.8112],[76.9835,29.8124],[76.9817,29.8155],[76.9792,29.8109],[76.9759,29.811],[76.9747,29.8062],[76.9723,29.8028],[76.9654,29.8074],[76.9605,29.8075],[76.9557,29.8059],[76.9535,29.8025],[76.9527,29.7983],[76.9542,29.7932],[76.9575,29.7938],[76.9657,29.788],[76.976,29.7821],[76.9779,29.7821],[76.9799,29.7789],[76.9806,29.7741],[76.9803,29.7652],[76.9793,29.7596],[76.9806,29.7586],[76.9776,29.75],[76.9753,29.7486],[76.9698,29.7489],[76.9614,29.7478],[76.9544,29.7483],[76.9533,29.7459],[76.9482,29.7396],[76.9443,29.739],[76.9429,29.744],[76.9404,29.747],[76.9349,29.7434],[76.9346,29.7402],[76.9289,29.7377],[76.9206,29.738],[76.916,29.7391],[76.9152,29.7418],[76.9127,29.7435],[76.9155,29.7469],[76.9133,29.7511],[76.9178,29.7539],[76.9243,29.7611],[76.9181,29.7651],[76.9122,29.768],[76.91,29.7698],[76.9052,29.7695],[76.9017,29.7675],[76.8987,29.7594],[76.8985,29.7562],[76.896,29.7528],[76.8963,29.7497],[76.8894,29.7509],[76.8856,29.7493],[76.8757,29.7497],[76.8702,29.7503],[76.8664,29.7495],[76.864,29.7479],[76.8581,29.7409],[76.8522,29.7436],[76.8484,29.7432],[76.8433,29.7436],[76.8383,29.743],[76.8342,29.7434],[76.8289,29.7481],[76.8294,29.7547],[76.8288,29.7584],[76.8215,29.7593],[76.8163,29.7594],[76.819,29.7648],[76.8204,29.7708],[76.8219,29.7735],[76.8256,29.7776],[76.8262,29.7796],[76.8189,29.7808],[76.8122,29.7813],[76.8028,29.7862],[76.8003,29.786],[76.796,29.7876],[76.7951,29.7921],[76.7899,29.7902],[76.7846,29.7834],[76.7802,29.7814],[76.7775,29.7791],[76.7723,29.7775],[76.7656,29.7766],[76.7645,29.7777],[76.7598,29.778],[76.7518,29.7808],[76.7471,29.7837],[76.7419,29.7841],[76.7364,29.7814],[76.7249,29.7836],[76.7215,29.7825],[76.7134,29.7826],[76.7102,29.781],[76.7053,29.7813],[76.7054,29.7831],[76.7002,29.7839]]]},"properties":{"id":"in:subdistrict:372","level":"subdistrict","name":"Karnal","code":372,"parent":"in:district:67","state":"in:state:6"}},{"type":"Feature","geometry":{"type":"Polygon","coordinates":[[[77.1174,29.9934],[77.1123,29.9903],[77.112,29.985],[77.1146,29.984],[77.1135,29.9805],[77.1157,29.9788],[77.1152,29.9755],[77.1136,29.9751],[77.1139,29.9711],[77.1119,29.9691],[77.1045,29.9684],[77.1026,29.9644],[77.1039,29.9631],[77.1026,29.9603],[77.0987,29.956],[77.0992,29.9545],[77.096,29.9506],[77.0915,29.9497],[77.0869,29.9498],[77.0848,29.952],[77.0809,29.9482],[77.0744,29.9509],[77.0677,29.9513],[77.0647,29.9521],[77.059,29.9462],[77.053,29.9464],[77.0487,29.9521],[77.0411,29.9533],[77.0366,29.9553],[77.0324,29.9549],[77.0278,29.9508],[77.0245,29.9496],[77.0228,29.9471],[77.0152,29.9492],[77.0088,29.9533],[77.0063,29.9566],[77.004,29.9521],[76.9998,29.9499],[76.9987,29.9521],[76.9949,29.9531],[76.9927,29.9515],[76.9898,29.9558],[76.9849,29.9563],[76.9834,29.9533],[76.9791,29.9517],[76.9713,29.945],[76.9664,29.9435],[76.9649,29.9421],[76.9659,29.9395],[76.9611,29.9382],[76.9585,29.9392],[76.9571,29.9372],[76.9526,29.9358],[76.9525,29.9328],[76.9491,29.9318],[76.9502,29.9285],[76.9541,29.9239],[76.9531,29.9224],[76.9568,29.9194],[76.9577,29.9165],[76.9568,29.9146],[76.9601,29.9118],[76.9661,29.9085],[76.9702,29.9018],[76.975,29.9006],[76.9806,29.9014],[76.9926,29.9015],[76.9939,29.8996],[76.9939,29.895],[76.9921,29.8929],[76.9968,29.8861],[76.9954,29.883],[76.9904,29.8798],[76.9951,29.8747],[77.0005,29.8707],[77.0082,29.8685],[77.0122,29.8696],[77.0105,29.8613],[77.0036,29.8554],[76.9982,29.8516],[76.9966,29.8491],[76.9993,29.8473],[76.9989,29.8454],[77.0006,29.843],[76.9988,29.8417],[76.9931,29.8356],[76.99,29.8292],[76.9845,29.8256],[76.9789,29.8196],[76.9817,29.8155],[76.9835,29.8124],[76.9868,29.8112],[76.9895,29.8116],[76.996,29.8103],[76.9988,29.8092],[77.0075,29.8159],[77.0079,29.8141],[77.0111,29.8122],[77.0129,29.809],[77.0169,29.8133],[77.0245,29.8139],[77.0255,29.817],[77.0248,29.8191],[77.028,29.8205],[77.0355,29.8139],[77.0404,29.8143],[77.0416,29.8121],[77.0377,29.8098],[77.0384,29.8073],[77.0381,29.8028],[77.0419,29.7995],[77.0444,29.7989],[77.047,29.8005],[77.0493,29.7961],[77.0544,29.7937],[77.0582,29.7933],[77.0605,29.7906],[77.0624,29.7965],[77.0577,29.7954],[77.0579,29.7984],[77.0632,29.7991],[77.0657,29.8028],[77.0692,29.802],[77.0711,29.8043],[77.081,29.7996],[77.0886,29.8001],[77.1004,29.8043],[77.1053,29.8048],[77.1125,29.7991],[77.1139,29.8002],[77.1204,29.7974],[77.1264,29.8007],[77.1328,29.8012],[77.1382,29.798],[77.1548,29.8065],[77.1622,29.8093],[77.1658,29.8033],[77.1709,29.806],[77.1737,29.8051],[77.1724,29.8073],[77.1742,29.8098],[77.1792,29.8127],[77.1796,29.8176],[77.1787,29.8251],[77.1789,29.8308],[77.1776,29.8417],[77.1782,29.8458],[77.1832,29.8545],[77.1869,29.8578],[77.1895,29.8585],[77.1936,29.8568],[77.1967,29.8582],[77.1997,29.8636],[77.2014,29.8642],[77.2021,29.8704],[77.2013,29.873],[77.2013,29.8793],[77.2001,29.8895],[77.1936,29.8908],[77.1883,29.8941],[77.1863,29.8981],[77.1858,29.9075],[77.188,29.9114],[77.1905,29.9135],[77.1943,29.9144],[77.1994,29.9142],[77.201,29.9166],[77.204,29.9181],[77.2069,29.9177],[77.2112,29.9187],[77.218,29.924],[77.2206,29.9297],[77.2211,29.9329],[77.2249,29.9336],[77.2264,29.9366],[77.2293,29.9396],[77.2174,29.9374],[77.209,29.9351],[77.2045,29.9371],[77.2011,29.9366],[77.1982,29.9388],[77.1958,29.9377],[77.1867,29.9445],[77.1838,29.9472],[77.1893,29.9532],[77.1892,29.9547],[77.1861,29.9568],[77.183,29.9575],[77.1842,29.9609],[77.1789,29.9656],[77.1752,29.9655],[77.173,29.9667],[77.1713,29.9697],[77.1688,29.9695],[77.1649,29.9672],[77.1606,29.9678],[77.1568,29.9702],[77.1487,29.9688],[77.1387,29.9632],[77.1368,29.9632],[77.1315,29.9659],[77.1344,29.9694],[77.1357,29.9742],[77.1344,29.9791],[77.1271,29.9865],[77.1251,29.9865],[77.1174,29.9934]]]},"properties":{"id":"in:subdistrict:371","level":"subdistrict","name":"Indri","code":371,"parent":"in:district:67","state":"in:state:6"}},{"type":"Feature","geometry":{"type":"Polygon","coordinates":[[[77.3821,30.4417],[77.3777,30.4409],[77.3672,30.4422],[77.3653,30.4362],[77.3636,30.4376],[77.3635,30.4432],[77.3568,30.4544],[77.3548,30.4557],[77.3549,30.4593],[77.3536,30.4607],[77.3467,30.4578],[77.3419,30.4599],[77.3282,30.4557],[77.3259,30.4517],[77.3211,30.4481],[77.3167,30.4481],[77.3087,30.4492],[77.3067,30.4507],[77.2996,30.4535],[77.2944,30.4545],[77.2918,30.4571],[77.2833,30.4578],[77.2797,30.4603],[77.2783,30.4585],[77.2733,30.4597],[77.2741,30.4649],[77.2727,30.4689],[77.2701,30.4723],[77.2661,30.4743],[77.2654,30.4768],[77.261,30.4777],[77.2586,30.4768],[77.251,30.477],[77.2415,30.4831],[77.2375,30.4827],[77.2324,30.4845],[77.2303,30.4833],[77.2281,30.4854],[77.221,30.4799],[77.2172,30.4718],[77.2151,30.4684],[77.2135,30.4684],[77.2114,30.4719],[77.2091,30.4827],[77.2107,30.4883],[77.2109,30.492],[77.2125,30.4968],[77.2076,30.4893],[77.2062,30.4885],[77.2048,30.4836],[77.2023,30.4791],[77.1976,30.4819],[77.1946,30.4805],[77.188,30.4721],[77.1868,30.4721],[77.1835,30.4661],[77.1836,30.4644],[77.1801,30.4621],[77.1791,30.4581],[77.1738,30.4576],[77.1743,30.4522],[77.1735,30.4486],[77.1736,30.4427],[77.1727,30.4412],[77.1691,30.4415],[77.1705,30.4375],[77.1744,30.4315],[77.1735,30.4297],[77.1739,30.4245],[77.1703,30.4217],[77.1741,30.4175],[77.1748,30.4115],[77.178,30.406],[77.1843,30.401],[77.1867,30.3969],[77.1871,30.3941],[77.1837,30.3847],[77.1876,30.3827],[77.1826,30.3759],[77.1812,30.3716],[77.1838,30.3692],[77.1796,30.3652],[77.1726,30.3689],[77.1699,30.3672],[77.1619,30.3607],[77.1618,30.3562],[77.1655,30.3536],[77.1698,30.3599],[77.1704,30.3567],[77.1731,30.3506],[77.1711,30.3424],[77.1735,30.3389],[77.1774,30.3382],[77.1812,30.3345],[77.1813,30.3308],[77.1826,30.3286],[77.1803,30.3253],[77.1797,30.3222],[77.1816,30.3216],[77.1839,30.3182],[77.1934,30.319],[77.1971,30.3175],[77.1983,30.3206],[77.2017,30.3194],[77.2052,30.3167],[77.2082,30.3155],[77.2119,30.311],[77.2167,30.3078],[77.2222,30.309],[77.2263,30.3065],[77.23,30.3057],[77.235,30.3091],[77.2375,30.3138],[77.2374,30.3187],[77.241,30.3222],[77.2447,30.3206],[77.2526,30.3224],[77.253,30.3191],[77.2545,30.3171],[77.2534,30.3136],[77.245,30.3124],[77.2425,30.3084],[77.2411,30.3093],[77.2377,30.3052],[77.2415,30.3005],[77.2379,30.2979],[77.2325,30.2923],[77.2374,30.2894],[77.2323,30.2882],[77.2268,30.2898],[77.2289,30.2851],[77.2286,30.2829],[77.2338,30.2801],[77.2394,30.2798],[77.2428,30.2824],[77.2448,30.2816],[77.2528,30.2818],[77.2582,30.2839],[77.2618,30.2799],[77.2609,30.2771],[77.263,30.2728],[77.2689,30.2684],[77.2754,30.2655],[77.2797,30.2729],[77.2842,30.277],[77.2835,30.2788],[77.28,30.2818],[77.2828,30.2849],[77.2915,30.2814],[77.2982,30.2801],[77.3006,30.2817],[77.3019,30.2791],[77.3065,30.2781],[77.3087,30.2802],[77.314,30.2785],[77.3182,30.2759],[77.3222,30.2761],[77.3267,30.269],[77.3342,30.265],[77.3422,30.2705],[77.3506,30.2745],[77.3523,30.2712],[77.3594,30.2749],[77.363,30.2776],[77.3686,30.2843],[77.3651,30.2894],[77.3665,30.2946],[77.3715,30.3001],[77.3732,30.3051],[77.3754,30.3043],[77.3784,30.3058],[77.3806,30.3095],[77.378,30.3127],[77.3807,30.316],[77.3822,30.3162],[77.3858,30.3199],[77.3884,30.3237],[77.3875,30.3268],[77.3925,30.3286],[77.3948,30.3313],[77.3987,30.3403],[77.3965,30.3416],[77.3983,30.3471],[77.398,30.349],[77.4012,30.3509],[77.4059,30.3555],[77.4053,30.3589],[77.399,30.3604],[77.395,30.3649],[77.3973,30.3671],[77.4,30.3727],[77.4219,30.3841],[77.4276,30.3882],[77.4306,30.3886],[77.4385,30.3926],[77.4417,30.3948],[77.4453,30.396],[77.4414,30.4016],[77.4385,30.404],[77.431,30.4032],[77.4249,30.4043],[77.4236,30.4061],[77.4238,30.4108],[77.4267,30.4119],[77.4304,30.4117],[77.4323,30.4132],[77.4338,30.417],[77.4388,30.417],[77.445,30.4187],[77.4464,30.4229],[77.4514,30.429],[77.4537,30.4303],[77.454,30.4337],[77.4555,30.4348],[77.4616,30.4346],[77.4611,30.4394],[77.4614,30.4439],[77.4649,30.4477],[77.4658,30.4512],[77.462,30.4547],[77.4606,30.4573],[77.4561,30.4585],[77.4516,30.4483],[77.4496,30.4485],[77.4454,30.4448],[77.4423,30.4392],[77.4384,30.4359],[77.436,30.4328],[77.4284,30.4289],[77.422,30.4251],[77.4174,30.4254],[77.4151,30.4182],[77.4118,30.4176],[77.4095,30.4153],[77.4095,30.413],[77.4072,30.41],[77.4044,30.4111],[77.4037,30.4132],[77.3986,30.4174],[77.4043,30.4221],[77.404,30.4253],[77.4061,30.4256],[77.4058,30.4295],[77.4035,30.4309],[77.4006,30.4288],[77.3994,30.4312],[77.3957,30.432],[77.3914,30.4317],[77.3898,30.4342],[77.3895,30.4416],[77.3821,30.4417]]]},"properties":{"id":"in:subdistrict:362","level":"subdistrict","name":"Bilaspur","code":362,"parent":"in:district:76","state":"in:state:6"}},{"type":"Feature","geometry":{"type":"Polygon","coordinates":[[[77.4226,30.1395],[77.4227,30.1441],[77.4219,30.1473],[77.4228,30.1503],[77.4258,30.1549],[77.4257,30.1581],[77.4298,30.164],[77.4348,30.164],[77.4367,30.1605],[77.4407,30.165],[77.4496,30.1658],[77.4568,30.1623],[77.4583,30.1632],[77.4603,30.1677],[77.4642,30.1712],[77.4718,30.1819],[77.4754,30.1791],[77.478,30.1825],[77.4805,30.1842],[77.4817,30.1874],[77.4867,30.1953],[77.4948,30.204],[77.4976,30.2096],[77.4998,30.2127],[77.5011,30.2195],[77.5033,30.2234],[77.5091,30.2309],[77.5169,30.239],[77.5205,30.2447],[77.5282,30.2488],[77.5302,30.2505],[77.5337,30.2648],[77.5365,30.2716],[77.5382,30.278],[77.5419,30.2786],[77.5466,30.2815],[77.5674,30.297],[77.5685,30.299],[77.5819,30.3063],[77.5864,30.313],[77.5854,30.3165],[77.5823,30.3194],[77.5786,30.3252],[77.578,30.3308],[77.581,30.3338],[77.5834,30.3374],[77.5866,30.3401],[77.5885,30.3457],[77.5909,30.3478],[77.5917,30.3535],[77.5937,30.356],[77.6012,30.3608],[77.6042,30.3647],[77.6046,30.3674],[77.5964,30.3722],[77.5897,30.3746],[77.5867,30.3769],[77.5856,30.3795],[77.584,30.3798],[77.5812,30.3776],[77.5787,30.3778],[77.5752,30.3798],[77.5712,30.3808],[77.5616,30.3864],[77.5532,30.3903],[77.5517,30.3925],[77.5467,30.3965],[77.548,30.4004],[77.5401,30.4072],[77.5362,30.4114],[77.534,30.4153],[77.5288,30.4224],[77.5255,30.4339],[77.5263,30.4348],[77.5256,30.4405],[77.5201,30.4453],[77.516,30.4444],[77.5051,30.4332],[77.5019,30.4271],[77.5,30.4185],[77.5016,30.4087],[77.4987,30.4058],[77.4934,30.4117],[77.4867,30.4082],[77.4793,30.4059],[77.4757,30.402],[77.4709,30.4005],[77.4662,30.4024],[77.4627,30.401],[77.4544,30.4008],[77.4513,30.3999],[77.4453,30.396],[77.4417,30.3948],[77.4385,30.3926],[77.4306,30.3886],[77.4276,30.3882],[77.4219,30.3841],[77.4,30.3727],[77.3973,30.3671],[77.395,30.3649],[77.399,30.3604],[77.4053,30.3589],[77.4059,30.3555],[77.4012,30.3509],[77.398,30.349],[77.3983,30.3471],[77.3965,30.3416],[77.3987,30.3403],[77.3948,30.3313],[77.3925,30.3286],[77.3875,30.3268],[77.3884,30.3237],[77.3858,30.3199],[77.3822,30.3162],[77.3807,30.316],[77.378,30.3127],[77.3806,30.3095],[77.3784,30.3058],[77.3754,30.3043],[77.3732,30.3051],[77.3715,30.3001],[77.3665,30.2946],[77.3651,30.2894],[77.3686,30.2843],[77.363,30.2776],[77.3594,30.2749],[77.3523,30.2712],[77.3506,30.2745],[77.3422,30.2705],[77.3342,30.265],[77.3267,30.269],[77.3222,30.2761],[77.3182,30.2759],[77.314,30.2785],[77.3087,30.2802],[77.3065,30.2781],[77.3019,30.2791],[77.3006,30.2817],[77.2982,30.2801],[77.2915,30.2814],[77.2828,30.2849],[77.28,30.2818],[77.2835,30.2788],[77.2842,30.277],[77.2797,30.2729],[77.2754,30.2655],[77.2738,30.262],[77.2763,30.2601],[77.2727,30.2527],[77.2733,30.2501],[77.2713,30.245],[77.2692,30.2421],[77.2784,30.2342],[77.2807,30.2365],[77.2921,30.2325],[77.293,30.2332],[77.295,30.2401],[77.3002,30.2385],[77.3064,30.2342],[77.3078,30.2342],[77.3109,30.2393],[77.3155,30.2447],[77.3236,30.2401],[77.3223,30.2363],[77.3163,30.2314],[77.3164,30.2271],[77.3134,30.2237],[77.3211,30.2173],[77.322,30.2151],[77.3195,30.2116],[77.3158,30.2114],[77.3114,30.2092],[77.3135,30.2076],[77.3141,30.2049],[77.3225,30.1989],[77.325,30.2006],[77.329,30.1987],[77.3304,30.2011],[77.3339,30.1968],[77.3369,30.1957],[77.3395,30.1996],[77.3423,30.2012],[77.3426,30.2059],[77.3447,30.2076],[77.3488,30.2149],[77.3503,30.2145],[77.3559,30.2191],[77.3458,30.2245],[77.3456,30.2259],[77.3527,30.2308],[77.3566,30.2302],[77.361,30.2346],[77.366,30.2361],[77.3724,30.2363],[77.3754,30.2349],[77.3835,30.2332],[77.39,30.2292],[77.3934,30.2281],[77.3935,30.2245],[77.3952,30.2234],[77.3935,30.2179],[77.3974,30.2115],[77.3965,30.2076],[77.3946,30.2047],[77.3893,30.2008],[77.3868,30.1967],[77.387,30.1893],[77.3885,30.1828],[77.3915,30.1812],[77.3925,30.1782],[77.3978,30.1726],[77.3952,30.1705],[77.4004,30.1676],[77.3998,30.1646],[77.3938,30.1642],[77.3906,30.1621],[77.3812,30.1588],[77.385,30.1576],[77.3863,30.1522],[77.3888,30.1537],[77.3929,30.154],[77.3953,30.1521],[77.3975,30.1521],[77.401,30.1567],[77.4131,30.1537],[77.4114,30.1463],[77.4111,30.1391],[77.4104,30.1355],[77.4165,30.138],[77.4226,30.1395]]]},"properties":{"id":"in:subdistrict:363","level":"subdistrict","name":"Chhachhrauli","code":363,"parent":"in:district:76","state":"in:state:6"}},{"type":"Feature","geometry":{"type":"Polygon","coordinates":[[[77.524,28.0035],[77.5185,28.0023],[77.5151,28.0033],[77.512,27.9983],[77.5118,27.9926],[77.5134,27.9898],[77.5051,27.9898],[77.4985,27.9904],[77.4957,27.9936],[77.4967,27.9967],[77.4899,27.9972],[77.4853,27.9988],[77.48,28.0026],[77.4794,28.0105],[77.4722,28.0152],[77.4628,28.0184],[77.458,28.0213],[77.4504,28.0238],[77.4453,28.0243],[77.4413,28.0237],[77.44,28.0193],[77.4395,28.0145],[77.4376,28.0093],[77.4339,28.0072],[77.4265,28.0077],[77.4243,28.0071],[77.4193,28.0102],[77.4146,28.0122],[77.41,28.0118],[77.3993,28.0223],[77.3947,28.0248],[77.3925,28.0269],[77.3875,28.0371],[77.3791,28.0442],[77.371,28.0497],[77.3672,28.0547],[77.3637,28.056],[77.3527,28.0482],[77.3508,28.0475],[77.3461,28.0494],[77.3352,28.056],[77.3297,28.0561],[77.3192,28.0608],[77.3139,28.0668],[77.3067,28.0706],[77.3061,28.0751],[77.3046,28.0774],[77.3015,28.0771],[77.2979,28.0743],[77.2991,28.064],[77.2947,28.056],[77.2968,28.0526],[77.3034,28.0453],[77.3012,28.0411],[77.3033,28.0357],[77.3056,28.0317],[77.3045,28.0281],[77.2999,28.0247],[77.3003,28.0225],[77.2987,28.0184],[77.2997,28.0151],[77.2976,28.0088],[77.299,28.007],[77.3034,28.0044],[77.3074,28.0033],[77.3091,27.9976],[77.308,27.9939],[77.2977,27.9899],[77.2932,27.9875],[77.2907,27.984],[77.2913,27.979],[77.2905,27.9759],[77.2929,27.9749],[77.2957,27.9657],[77.2992,27.9614],[77.3023,27.959],[77.3004,27.9522],[77.2969,27.9474],[77.2924,27.9428],[77.2892,27.9374],[77.2882,27.9329],[77.2812,27.925],[77.2835,27.9209],[77.2876,27.9159],[77.2906,27.9014],[77.2938,27.8978],[77.2966,27.8916],[77.3051,27.8869],[77.3115,27.8843],[77.3178,27.8779],[77.3224,27.8746],[77.3247,27.8711],[77.3249,27.8672],[77.3234,27.8638],[77.3236,27.8595],[77.3218,27.8577],[77.3288,27.853],[77.3352,27.8474],[77.3493,27.8557],[77.3537,27.8528],[77.3561,27.8535],[77.3609,27.8508],[77.3653,27.8538],[77.3674,27.8535],[77.3723,27.856],[77.377,27.8571],[77.377,27.8589],[77.3829,27.8575],[77.39,27.8573],[77.397,27.8534],[77.4003,27.8537],[77.4104,27.8518],[77.4132,27.8517],[77.4219,27.8544],[77.4223,27.8578],[77.4205,27.8598],[77.4142,27.8642],[77.4115,27.8668],[77.4128,27.8694],[77.4093,27.8742],[77.4104,27.8798],[77.4158,27.8835],[77.4179,27.8886],[77.422,27.8907],[77.4278,27.8898],[77.4333,27.8873],[77.4367,27.884],[77.4394,27.8796],[77.4457,27.8759],[77.4461,27.8736],[77.4505,27.871],[77.4609,27.8762],[77.4656,27.8803],[77.4722,27.8836],[77.4774,27.8905],[77.4795,27.8979],[77.4792,27.9057],[77.4807,27.9079],[77.4788,27.9109],[77.4805,27.915],[77.4771,27.9163],[77.4797,27.9217],[77.4776,27.9241],[77.4753,27.9293],[77.4842,27.9341],[77.4847,27.9349],[77.4922,27.9385],[77.4973,27.9298],[77.5015,27.9253],[77.507,27.9255],[77.5106,27.9286],[77.5168,27.9331],[77.5258,27.9273],[77.5261,27.9255],[77.5262,27.9254],[77.5293,27.9253],[77.5335,27.9292],[77.5366,27.934],[77.537,27.938],[77.5401,27.9427],[77.545,27.9533],[77.5461,27.9579],[77.5442,27.9622],[77.5378,27.963],[77.5328,27.9615],[77.5187,27.9621],[77.5186,27.9657],[77.517,27.9712],[77.5212,27.9765],[77.5295,27.9761],[77.5378,27.979],[77.5412,27.9818],[77.5426,27.985],[77.5424,27.9891],[77.5242,28],[77.524,28.0035]]]},"properties":{"id":"in:subdistrict:429","level":"subdistrict","name":"Hodal","code":429,"parent":"in:district:619","state":"in:state:6"}},{"type":"Feature","geometry":{"type":"Polygon","coordinates":[[[77.4756,28.0851],[77.4743,28.0874],[77.4772,28.0892],[77.4787,28.0916],[77.4789,28.0954],[77.4811,28.0975],[77.4822,28.1015],[77.4821,28.107],[77.4881,28.1069],[77.4902,28.1048],[77.4907,28.0972],[77.4936,28.0944],[77.4991,28.0944],[77.5005,28.097],[77.4979,28.1045],[77.4985,28.1089],[77.5002,28.1128],[77.5053,28.1175],[77.5094,28.1199],[77.5124,28.1248],[77.5113,28.1286],[77.5073,28.1311],[77.5014,28.1323],[77.4972,28.132],[77.4935,28.1329],[77.4914,28.1365],[77.493,28.1392],[77.4966,28.1403],[77.5024,28.1432],[77.5051,28.1476],[77.5041,28.1509],[77.5005,28.1548],[77.5021,28.1612],[77.5112,28.1668],[77.5131,28.1665],[77.5157,28.1634],[77.5223,28.1612],[77.5284,28.1624],[77.537,28.1656],[77.5426,28.1687],[77.5459,28.1719],[77.5486,28.1759],[77.5496,28.1798],[77.548,28.1871],[77.5452,28.1909],[77.5407,28.1911],[77.535,28.1893],[77.5319,28.1861],[77.528,28.1867],[77.5198,28.1925],[77.5175,28.1931],[77.5134,28.1918],[77.5085,28.1864],[77.5066,28.1817],[77.5033,28.1808],[77.5,28.1825],[77.4984,28.1845],[77.4986,28.1906],[77.4996,28.195],[77.497,28.2037],[77.4976,28.2066],[77.5021,28.2096],[77.5084,28.2087],[77.5162,28.2054],[77.5187,28.2032],[77.5206,28.1983],[77.524,28.1957],[77.5263,28.1963],[77.5325,28.2005],[77.5347,28.2037],[77.5356,28.2077],[77.5352,28.2103],[77.5329,28.2144],[77.5257,28.2183],[77.5225,28.2194],[77.5208,28.2219],[77.5213,28.2244],[77.5258,28.229],[77.5317,28.2319],[77.5395,28.2346],[77.5468,28.238],[77.5495,28.24],[77.5498,28.2442],[77.5459,28.2482],[77.5423,28.2477],[77.5374,28.2483],[77.5324,28.2449],[77.5247,28.2457],[77.522,28.2423],[77.5188,28.2425],[77.5133,28.2472],[77.5082,28.2468],[77.5095,28.2495],[77.5015,28.2524],[77.498,28.248],[77.4949,28.2469],[77.4933,28.2436],[77.4936,28.2358],[77.4978,28.2317],[77.4978,28.2296],[77.4937,28.2282],[77.4917,28.2247],[77.4891,28.2222],[77.4902,28.219],[77.4872,28.2186],[77.4843,28.221],[77.4829,28.2182],[77.4786,28.2184],[77.4786,28.2143],[77.471,28.2155],[77.4699,28.2125],[77.466,28.2085],[77.4599,28.2104],[77.4554,28.2055],[77.449,28.2074],[77.4454,28.2069],[77.4421,28.2075],[77.4424,28.2097],[77.4342,28.2139],[77.4249,28.2059],[77.4237,28.2072],[77.4198,28.2053],[77.4158,28.2004],[77.4118,28.203],[77.4141,28.2069],[77.4115,28.2092],[77.4083,28.2143],[77.4055,28.2112],[77.397,28.2151],[77.3917,28.2161],[77.3803,28.221],[77.3752,28.2265],[77.3734,28.2355],[77.3679,28.2369],[77.3649,28.2324],[77.3553,28.236],[77.3516,28.2349],[77.3449,28.2351],[77.3443,28.24],[77.3422,28.2412],[77.341,28.2455],[77.3318,28.2501],[77.3269,28.2573],[77.322,28.2603],[77.3177,28.2606],[77.3144,28.2598],[77.3083,28.2553],[77.307,28.2574],[77.301,28.2624],[77.2981,28.2633],[77.2934,28.2628],[77.2861,28.2651],[77.2861,28.266],[77.279,28.2696],[77.2734,28.2666],[77.2703,28.2689],[77.2617,28.2715],[77.2571,28.2723],[77.2561,28.2682],[77.2569,28.2598],[77.2556,28.2581],[77.2461,28.2626],[77.2417,28.2668],[77.2372,28.2701],[77.2321,28.2695],[77.2238,28.2659],[77.2204,28.263],[77.2191,28.2637],[77.2138,28.2617],[77.2132,28.2565],[77.211,28.2532],[77.2098,28.2496],[77.2052,28.2511],[77.1957,28.245],[77.1969,28.243],[77.194,28.2392],[77.1943,28.2377],[77.1915,28.2348],[77.2018,28.2289],[77.1979,28.2224],[77.204,28.2193],[77.201,28.2118],[77.1986,28.2101],[77.1918,28.2086],[77.19,28.208],[77.1894,28.2051],[77.1941,28.1993],[77.1985,28.1963],[77.1949,28.1908],[77.1921,28.1836],[77.1974,28.1775],[77.1978,28.1749],[77.1963,28.1689],[77.1993,28.1655],[77.2068,28.1602],[77.2146,28.1563],[77.2194,28.1561],[77.227,28.1575],[77.2289,28.1546],[77.2297,28.149],[77.2289,28.1476],[77.2242,28.147],[77.2198,28.1425],[77.2208,28.1388],[77.2223,28.1378],[77.2207,28.1347],[77.2152,28.1299],[77.2073,28.1291],[77.2058,28.1269],[77.2049,28.1222],[77.2055,28.1151],[77.2077,28.1133],[77.2219,28.1091],[77.2246,28.1094],[77.2274,28.1058],[77.2256,28.1026],[77.2333,28.0991],[77.2344,28.0973],[77.238,28.0993],[77.2425,28.0959],[77.2456,28.0906],[77.2527,28.0888],[77.262,28.0969],[77.2739,28.0914],[77.2769,28.0886],[77.2871,28.0859],[77.2928,28.084],[77.294,28.0797],[77.2979,28.0743],[77.3015,28.0771],[77.3046,28.0774],[77.3061,28.0751],[77.3067,28.0706],[77.3139,28.0668],[77.3192,28.0608],[77.3297,28.0561],[77.3352,28.056],[77.3461,28.0494],[77.3508,28.0475],[77.3527,28.0482],[77.3637,28.056],[77.3672,28.0547],[77.371,28.0497],[77.3791,28.0442],[77.3875,28.0371],[77.3925,28.0269],[77.3947,28.0248],[77.3993,28.0223],[77.41,28.0118],[77.4146,28.0122],[77.4193,28.0102],[77.4243,28.0071],[77.4265,28.0077],[77.4339,28.0072],[77.4376,28.0093],[77.4395,28.0145],[77.44,28.0193],[77.4413,28.0237],[77.4453,28.0243],[77.4504,28.0238],[77.458,28.0213],[77.4628,28.0184],[77.4722,28.0152],[77.4794,28.0105],[77.48,28.0026],[77.4853,27.9988],[77.4899,27.9972],[77.4967,27.9967],[77.4957,27.9936],[77.4985,27.9904],[77.5051,27.9898],[77.5134,27.9898],[77.5118,27.9926],[77.512,27.9983],[77.5151,28.0033],[77.5185,28.0023],[77.524,28.0035],[77.524,28.007],[77.5228,28.0118],[77.5197,28.0158],[77.5183,28.016],[77.5084,28.0228],[77.5082,28.0252],[77.5119,28.0278],[77.5128,28.0319],[77.5101,28.0333],[77.5,28.035],[77.496,28.0352],[77.4884,28.0367],[77.4836,28.0405],[77.4853,28.0446],[77.4901,28.0466],[77.4936,28.0471],[77.4959,28.0507],[77.4986,28.0523],[77.5013,28.0567],[77.5002,28.0625],[77.4897,28.0726],[77.4866,28.0735],[77.4782,28.0804],[77.4756,28.0851]]]},"properties":{"id":"in:subdistrict:427","level":"subdistrict","name":"Palwal","code":427,"parent":"in:district:619","state":"in:state:6"}},{"type":"Feature","geometry":{"type":"Polygon","coordinates":[[[77.498,28.248],[77.4927,28.252],[77.4914,28.258],[77.4923,28.2624],[77.4908,28.2713],[77.4947,28.2728],[77.4998,28.279],[77.5017,28.2839],[77.5017,28.287],[77.5029,28.2891],[77.5062,28.3041],[77.5071,28.3057],[77.5024,28.308],[77.5005,28.3105],[77.488,28.3203],[77.4857,28.3216],[77.4849,28.3257],[77.4819,28.3251],[77.4717,28.3281],[77.4732,28.3325],[77.4712,28.3348],[77.4725,28.3367],[77.4817,28.3405],[77.4869,28.3432],[77.4901,28.3435],[77.4963,28.3491],[77.5022,28.3594],[77.5052,28.3626],[77.5001,28.3656],[77.5034,28.3686],[77.502,28.372],[77.4983,28.3749],[77.4912,28.3852],[77.4886,28.3854],[77.4828,28.3878],[77.481,28.3847],[77.472,28.3834],[77.4687,28.382],[77.464,28.381],[77.4596,28.3792],[77.4565,28.3756],[77.4532,28.3766],[77.4516,28.3751],[77.4471,28.3774],[77.4447,28.3768],[77.4376,28.3796],[77.4345,28.3746],[77.4295,28.3709],[77.4268,28.3727],[77.4226,28.3741],[77.42,28.3766],[77.4165,28.3739],[77.4141,28.3707],[77.41,28.3666],[77.4104,28.3651],[77.4147,28.3609],[77.4198,28.3576],[77.4178,28.3526],[77.4143,28.3471],[77.4107,28.3486],[77.4053,28.3428],[77.4048,28.3348],[77.4052,28.3309],[77.404,28.3262],[77.3983,28.329],[77.3907,28.3297],[77.3916,28.3329],[77.3881,28.337],[77.3852,28.3389],[77.3861,28.3413],[77.381,28.3468],[77.3762,28.3505],[77.3738,28.3473],[77.3688,28.3428],[77.3589,28.3472],[77.3557,28.3494],[77.3521,28.3444],[77.3489,28.3422],[77.3449,28.3371],[77.3465,28.3332],[77.3423,28.3286],[77.34,28.3242],[77.3393,28.32],[77.3344,28.3135],[77.3337,28.3101],[77.3297,28.3107],[77.3247,28.313],[77.3222,28.3106],[77.3171,28.3039],[77.3142,28.2985],[77.3108,28.2988],[77.3049,28.296],[77.2989,28.3004],[77.2964,28.3011],[77.2915,28.3063],[77.2861,28.3113],[77.2888,28.3185],[77.2925,28.3223],[77.2895,28.3249],[77.2841,28.3264],[77.274,28.3303],[77.2741,28.341],[77.2729,28.3501],[77.2713,28.3519],[77.2674,28.3525],[77.2631,28.3503],[77.2582,28.3513],[77.2584,28.3467],[77.2511,28.337],[77.2595,28.3306],[77.2618,28.3303],[77.2659,28.3276],[77.2643,28.3266],[77.2614,28.3223],[77.256,28.3197],[77.2523,28.3198],[77.2501,28.3134],[77.2466,28.3111],[77.2418,28.3189],[77.2369,28.3207],[77.2307,28.324],[77.2278,28.3234],[77.2214,28.3201],[77.2198,28.3184],[77.2143,28.3236],[77.2081,28.3199],[77.2005,28.3174],[77.1986,28.3145],[77.1935,28.3094],[77.1951,28.3084],[77.1942,28.3046],[77.197,28.3014],[77.1915,28.2967],[77.2008,28.2894],[77.2038,28.2921],[77.2072,28.2983],[77.2082,28.2989],[77.214,28.2943],[77.2211,28.2898],[77.2237,28.2876],[77.2283,28.2895],[77.2419,28.2793],[77.2372,28.2701],[77.2417,28.2668],[77.2461,28.2626],[77.2556,28.2581],[77.2569,28.2598],[77.2561,28.2682],[77.2571,28.2723],[77.2617,28.2715],[77.2703,28.2689],[77.2734,28.2666],[77.279,28.2696],[77.2861,28.266],[77.2861,28.2651],[77.2934,28.2628],[77.2981,28.2633],[77.301,28.2624],[77.307,28.2574],[77.3083,28.2553],[77.3144,28.2598],[77.3177,28.2606],[77.322,28.2603],[77.3269,28.2573],[77.3318,28.2501],[77.341,28.2455],[77.3422,28.2412],[77.3443,28.24],[77.3449,28.2351],[77.3516,28.2349],[77.3553,28.236],[77.3649,28.2324],[77.3679,28.2369],[77.3734,28.2355],[77.3752,28.2265],[77.3803,28.221],[77.3917,28.2161],[77.397,28.2151],[77.4055,28.2112],[77.4083,28.2143],[77.4115,28.2092],[77.4141,28.2069],[77.4118,28.203],[77.4158,28.2004],[77.4198,28.2053],[77.4237,28.2072],[77.4249,28.2059],[77.4342,28.2139],[77.4424,28.2097],[77.4421,28.2075],[77.4454,28.2069],[77.449,28.2074],[77.4554,28.2055],[77.4599,28.2104],[77.466,28.2085],[77.4699,28.2125],[77.471,28.2155],[77.4786,28.2143],[77.4786,28.2184],[77.4829,28.2182],[77.4843,28.221],[77.4872,28.2186],[77.4902,28.219],[77.4891,28.2222],[77.4917,28.2247],[77.4937,28.2282],[77.4978,28.2296],[77.4978,28.2317],[77.4936,28.2358],[77.4933,28.2436],[77.4949,28.2469],[77.498,28.248]]]},"properties":{"id":"in:subdistrict:426","level":"subdistrict","name":"Ballabgarh","code":426,"parent":"in:district:60","state":"in:state:6"}},{"type":"Feature","geometry":{"type":"Polygon","coordinates":[[[77.4828,28.3878],[77.4734,28.397],[77.4757,28.3996],[77.4799,28.3985],[77.4813,28.4049],[77.4832,28.4062],[77.4838,28.4091],[77.4814,28.412],[77.4776,28.4191],[77.4752,28.4192],[77.4727,28.4169],[77.4704,28.4174],[77.4636,28.4152],[77.4611,28.4177],[77.462,28.4239],[77.4516,28.4247],[77.4522,28.4269],[77.4464,28.4273],[77.4413,28.4287],[77.4421,28.4308],[77.4364,28.431],[77.4379,28.4342],[77.4361,28.4373],[77.4383,28.4387],[77.4334,28.4549],[77.4225,28.4526],[77.419,28.4522],[77.4154,28.4533],[77.4139,28.4525],[77.4001,28.4556],[77.4032,28.4617],[77.4063,28.4644],[77.4058,28.4658],[77.3995,28.4683],[77.3921,28.472],[77.3863,28.468],[77.3805,28.4703],[77.3781,28.4728],[77.3783,28.4745],[77.3747,28.4765],[77.3729,28.4814],[77.3701,28.4857],[77.371,28.4869],[77.3701,28.4927],[77.3717,28.4984],[77.3678,28.5002],[77.3642,28.4985],[77.3619,28.4992],[77.3581,28.5018],[77.3556,28.4992],[77.3528,28.4995],[77.3495,28.5021],[77.3473,28.5058],[77.3476,28.5105],[77.3454,28.5132],[77.3361,28.5052],[77.3353,28.5022],[77.3301,28.4956],[77.3268,28.4901],[77.3168,28.4865],[77.3141,28.4836],[77.3065,28.4894],[77.3008,28.4899],[77.3007,28.494],[77.2953,28.4959],[77.2903,28.4965],[77.283,28.4945],[77.2765,28.4933],[77.2721,28.4908],[77.2695,28.4866],[77.262,28.485],[77.2497,28.4808],[77.2481,28.4807],[77.2433,28.4788],[77.2356,28.4711],[77.2329,28.4581],[77.2344,28.4547],[77.2418,28.4562],[77.2458,28.4542],[77.2489,28.447],[77.2499,28.4379],[77.2491,28.4329],[77.2526,28.4329],[77.2495,28.4245],[77.2384,28.4208],[77.2285,28.4139],[77.222,28.4124],[77.2183,28.4109],[77.2139,28.4108],[77.2071,28.4098],[77.2,28.4082],[77.1938,28.4084],[77.1905,28.4072],[77.1844,28.4104],[77.1779,28.4077],[77.1745,28.4047],[77.1714,28.3969],[77.1683,28.3952],[77.1609,28.3941],[77.1545,28.3905],[77.153,28.3885],[77.1509,28.3801],[77.1536,28.3795],[77.1492,28.3639],[77.1516,28.3628],[77.1524,28.356],[77.1522,28.3521],[77.1507,28.3494],[77.1512,28.3401],[77.1543,28.3294],[77.1561,28.3177],[77.1582,28.3159],[77.1624,28.3151],[77.162,28.3127],[77.1667,28.3109],[77.1662,28.3083],[77.1795,28.3044],[77.1828,28.3027],[77.1885,28.2983],[77.1915,28.2967],[77.197,28.3014],[77.1942,28.3046],[77.1951,28.3084],[77.1935,28.3094],[77.1986,28.3145],[77.2005,28.3174],[77.2081,28.3199],[77.2143,28.3236],[77.2198,28.3184],[77.2214,28.3201],[77.2278,28.3234],[77.2307,28.324],[77.2369,28.3207],[77.2418,28.3189],[77.2466,28.3111],[77.2501,28.3134],[77.2523,28.3198],[77.256,28.3197],[77.2614,28.3223],[77.2643,28.3266],[77.2659,28.3276],[77.2618,28.3303],[77.2595,28.3306],[77.2511,28.337],[77.2584,28.3467],[77.2582,28.3513],[77.2631,28.3503],[77.2674,28.3525],[77.2713,28.3519],[77.2729,28.3501],[77.2741,28.341],[77.274,28.3303],[77.2841,28.3264],[77.2895,28.3249],[77.2925,28.3223],[77.2888,28.3185],[77.2861,28.3113],[77.2915,28.3063],[77.2964,28.3011],[77.2989,28.3004],[77.3049,28.296],[77.3108,28.2988],[77.3142,28.2985],[77.3171,28.3039],[77.3222,28.3106],[77.3247,28.313],[77.3297,28.3107],[77.3337,28.3101],[77.3344,28.3135],[77.3393,28.32],[77.34,28.3242],[77.3423,28.3286],[77.3465,28.3332],[77.3449,28.3371],[77.3489,28.3422],[77.3521,28.3444],[77.3557,28.3494],[77.3589,28.3472],[77.3688,28.3428],[77.3738,28.3473],[77.3762,28.3505],[77.381,28.3468],[77.3861,28.3413],[77.3852,28.3389],[77.3881,28.337],[77.3916,28.3329],[77.3907,28.3297],[77.3983,28.329],[77.404,28.3262],[77.4052,28.3309],[77.4048,28.3348],[77.4053,28.3428],[77.4107,28.3486],[77.4143,28.3471],[77.4178,28.3526],[77.4198,28.3576],[77.4147,28.3609],[77.4104,28.3651],[77.41,28.3666],[77.4141,28.3707],[77.4165,28.3739],[77.42,28.3766],[77.4226,28.3741],[77.4268,28.3727],[77.4295,28.3709],[77.4345,28.3746],[77.4376,28.3796],[77.4447,28.3768],[77.4471,28.3774],[77.4516,28.3751],[77.4532,28.3766],[77.4565,28.3756],[77.4596,28.3792],[77.464,28.381],[77.4687,28.382],[77.472,28.3834],[77.481,28.3847],[77.4828,28.3878]]]},"properties":{"id":"in:subdistrict:425","level":"subdistrict","name":"Faridabad","code":425,"parent":"in:district:60","state":"in:state:6"}},{"type":"Feature","geometry":{"type":"Polygon","coordinates":[[[76.7625,29.4658],[76.7569,29.4598],[76.7547,29.4581],[76.7478,29.4437],[76.7481,29.4401],[76.7501,29.4382],[76.7463,29.4357],[76.7458,29.4334],[76.741,29.432],[76.7419,29.4289],[76.7388,29.4253],[76.734,29.418],[76.731,29.412],[76.7328,29.4098],[76.7405,29.4067],[76.7394,29.4028],[76.7363,29.3976],[76.7351,29.3943],[76.7346,29.3881],[76.7177,29.3866],[76.7117,29.383],[76.6983,29.3826],[76.6938,29.3829],[76.6919,29.3841],[76.687,29.3816],[76.6877,29.3791],[76.6856,29.3768],[76.678,29.3753],[76.6717,29.3756],[76.6659,29.3723],[76.6611,29.3706],[76.6512,29.369],[76.6494,29.3667],[76.6478,29.3611],[76.6476,29.3496],[76.6483,29.3389],[76.6517,29.3412],[76.655,29.3413],[76.66,29.3388],[76.6634,29.3339],[76.6701,29.3281],[76.6812,29.3257],[76.6937,29.3174],[76.6948,29.3149],[76.6991,29.3152],[76.7061,29.3166],[76.714,29.3167],[76.7197,29.3175],[76.7286,29.3158],[76.7308,29.3146],[76.7329,29.3169],[76.7406,29.3165],[76.743,29.3191],[76.7483,29.3191],[76.75,29.3216],[76.7535,29.3204],[76.7617,29.3152],[76.765,29.3094],[76.7687,29.3054],[76.7837,29.2997],[76.7876,29.3001],[76.7898,29.3014],[76.7996,29.3027],[76.7996,29.3082],[76.8013,29.3133],[76.8045,29.3164],[76.8009,29.3198],[76.8,29.3228],[76.8018,29.3277],[76.8002,29.3307],[76.8052,29.3299],[76.815,29.3338],[76.819,29.3381],[76.8218,29.3359],[76.8244,29.3354],[76.8286,29.3279],[76.8326,29.324],[76.8399,29.3195],[76.8411,29.3131],[76.8437,29.3129],[76.8475,29.3107],[76.8533,29.3095],[76.8619,29.3104],[76.8684,29.308],[76.87,29.311],[76.87,29.3144],[76.8717,29.3159],[76.8729,29.3196],[76.8776,29.3256],[76.883,29.3286],[76.8897,29.3248],[76.8947,29.3291],[76.8956,29.3341],[76.8998,29.338],[76.9023,29.3417],[76.9035,29.3459],[76.9091,29.349],[76.9149,29.3435],[76.9139,29.3413],[76.9142,29.3375],[76.9131,29.3344],[76.9138,29.3295],[76.9131,29.3262],[76.9163,29.3217],[76.9208,29.313],[76.923,29.3103],[76.9291,29.3051],[76.9282,29.3036],[76.9354,29.299],[76.9433,29.2911],[76.9432,29.2893],[76.9482,29.2887],[76.956,29.2909],[76.9611,29.2904],[76.9624,29.2914],[76.974,29.2822],[76.9778,29.2865],[76.9805,29.2858],[76.983,29.2912],[76.9835,29.2969],[76.9804,29.3005],[76.9821,29.3013],[76.987,29.3081],[76.9902,29.314],[76.9922,29.3158],[76.997,29.3227],[77.0014,29.3248],[77.006,29.332],[77.0159,29.3315],[77.0167,29.3342],[77.0149,29.3381],[77.0155,29.3402],[77.0143,29.3451],[77.0158,29.3486],[77.0107,29.3529],[77.0119,29.3561],[77.0135,29.3568],[77.015,29.3676],[77.0118,29.3696],[77.0182,29.3747],[77.0238,29.3723],[77.0291,29.3721],[77.0321,29.3744],[77.0379,29.3763],[77.0419,29.3769],[77.0403,29.3792],[77.042,29.3817],[77.0391,29.3866],[77.0425,29.3899],[77.0407,29.3925],[77.0366,29.3937],[77.0317,29.3981],[77.0317,29.3999],[77.0345,29.4013],[77.0361,29.4036],[77.0362,29.4078],[77.0341,29.4133],[77.0396,29.4208],[77.046,29.4216],[77.0522,29.4203],[77.0558,29.425],[77.0568,29.4284],[77.0622,29.4333],[77.0619,29.4393],[77.068,29.4409],[77.0773,29.4453],[77.0796,29.4504],[77.0857,29.4538],[77.0873,29.458],[77.08,29.4603],[77.0799,29.464],[77.0781,29.4687],[77.0735,29.4725],[77.0691,29.4726],[77.0639,29.4702],[77.0575,29.4692],[77.0553,29.4673],[77.0456,29.4694],[77.0421,29.4683],[77.0347,29.4692],[77.0242,29.4683],[77.0218,29.4689],[77.0179,29.464],[77.014,29.464],[77.0074,29.4662],[77,29.4667],[76.9911,29.4734],[76.9836,29.4772],[76.9817,29.4754],[76.9792,29.4792],[76.972,29.4796],[76.9655,29.4838],[76.9615,29.4835],[76.9563,29.4812],[76.9521,29.4787],[76.9499,29.4786],[76.9466,29.4803],[76.9366,29.4809],[76.9338,29.4783],[76.9286,29.4822],[76.9228,29.4833],[76.9161,29.4827],[76.9142,29.4812],[76.9116,29.4762],[76.9085,29.4773],[76.9056,29.481],[76.9037,29.4806],[76.8995,29.4827],[76.9011,29.4872],[76.8982,29.4892],[76.9012,29.4958],[76.9031,29.496],[76.9028,29.5068],[76.9069,29.5082],[76.9086,29.5097],[76.9119,29.5098],[76.9146,29.5132],[76.915,29.5185],[76.906,29.5187],[76.9,29.5219],[76.8993,29.5247],[76.8883,29.5247],[76.8838,29.5268],[76.8832,29.5288],[76.8857,29.532],[76.8828,29.534],[76.8798,29.5241],[76.8777,29.5198],[76.8855,29.5155],[76.8879,29.5124],[76.8866,29.5088],[76.8879,29.5048],[76.8876,29.5],[76.8862,29.4962],[76.8813,29.4921],[76.8754,29.4916],[76.8742,29.49],[76.8711,29.4918],[76.8674,29.4902],[76.8632,29.4897],[76.862,29.4884],[76.8588,29.4901],[76.8558,29.49],[76.852,29.4933],[76.8481,29.4954],[76.8468,29.4988],[76.8445,29.5008],[76.8378,29.5029],[76.8356,29.5056],[76.8289,29.5121],[76.8225,29.5138],[76.8183,29.514],[76.8187,29.5074],[76.8106,29.4896],[76.8057,29.4849],[76.8023,29.4806],[76.8008,29.48],[76.7982,29.4745],[76.795,29.4694],[76.7952,29.4667],[76.7905,29.4658],[76.7848,29.4672],[76.7806,29.4693],[76.7754,29.4739],[76.7734,29.4735],[76.7709,29.4707],[76.7654,29.4662],[76.7625,29.4658]]]},"properties":{"id":"in:subdistrict:375","level":"subdistrict","name":"Panipat","code":375,"parent":"in:district:71","state":"in:state:6"}},{"type":"Feature","geometry":{"type":"Polygon","coordinates":[[[77.0873,29.458],[77.0857,29.4538],[77.0796,29.4504],[77.0773,29.4453],[77.068,29.4409],[77.0619,29.4393],[77.0622,29.4333],[77.0568,29.4284],[77.0558,29.425],[77.0522,29.4203],[77.046,29.4216],[77.0396,29.4208],[77.0341,29.4133],[77.0362,29.4078],[77.0361,29.4036],[77.0345,29.4013],[77.0317,29.3999],[77.0317,29.3981],[77.0366,29.3937],[77.0407,29.3925],[77.0425,29.3899],[77.0391,29.3866],[77.042,29.3817],[77.0403,29.3792],[77.0419,29.3769],[77.0379,29.3763],[77.0321,29.3744],[77.0291,29.3721],[77.0238,29.3723],[77.0182,29.3747],[77.0118,29.3696],[77.015,29.3676],[77.0135,29.3568],[77.0119,29.3561],[77.0107,29.3529],[77.0158,29.3486],[77.0143,29.3451],[77.0155,29.3402],[77.0149,29.3381],[77.0167,29.3342],[77.0159,29.3315],[77.006,29.332],[77.0014,29.3248],[76.997,29.3227],[76.9922,29.3158],[76.9991,29.3065],[77.0101,29.3045],[77.0191,29.3014],[77.0231,29.3027],[77.0292,29.3032],[77.0313,29.3023],[77.0379,29.3059],[77.0425,29.307],[77.0436,29.3091],[77.0468,29.3104],[77.0644,29.3051],[77.0704,29.3041],[77.0707,29.303],[77.0643,29.3009],[77.0588,29.2971],[77.057,29.2937],[77.0526,29.2881],[77.0532,29.2863],[77.058,29.2881],[77.0606,29.2881],[77.0634,29.2856],[77.0743,29.2905],[77.076,29.2932],[77.0822,29.2892],[77.0811,29.2831],[77.0831,29.2796],[77.0818,29.2785],[77.078,29.2717],[77.078,29.2656],[77.0805,29.2622],[77.0884,29.2588],[77.0914,29.2586],[77.1001,29.2611],[77.1055,29.2607],[77.1066,29.2521],[77.1085,29.2503],[77.115,29.2471],[77.1198,29.2477],[77.1251,29.2493],[77.1409,29.248],[77.1496,29.2478],[77.1479,29.253],[77.1454,29.2576],[77.1427,29.2583],[77.1399,29.2614],[77.1388,29.2663],[77.1393,29.269],[77.1413,29.2708],[77.145,29.2802],[77.145,29.2833],[77.1495,29.2881],[77.1499,29.293],[77.1527,29.2981],[77.1583,29.3029],[77.1586,29.3078],[77.1606,29.3123],[77.1603,29.3158],[77.1565,29.3193],[77.1571,29.3259],[77.1599,29.3277],[77.1612,29.3324],[77.1598,29.3368],[77.1545,29.34],[77.1488,29.3414],[77.1438,29.3398],[77.1347,29.34],[77.1313,29.3413],[77.128,29.3445],[77.1259,29.3506],[77.127,29.3549],[77.129,29.357],[77.1271,29.3595],[77.127,29.3625],[77.1233,29.3703],[77.1284,29.3759],[77.1308,29.3767],[77.1338,29.3759],[77.1398,29.3764],[77.1431,29.3777],[77.1543,29.3843],[77.1574,29.3873],[77.1535,29.3907],[77.151,29.3899],[77.1509,29.3872],[77.1474,29.3879],[77.1426,29.3907],[77.1406,29.3935],[77.1367,29.3968],[77.1342,29.4023],[77.1343,29.4048],[77.1325,29.4089],[77.1318,29.413],[77.1331,29.4188],[77.1366,29.4215],[77.138,29.4213],[77.1419,29.4251],[77.1444,29.4265],[77.1476,29.4314],[77.1484,29.4341],[77.1476,29.4393],[77.1458,29.444],[77.1427,29.446],[77.1382,29.4472],[77.1339,29.4475],[77.1324,29.4492],[77.1286,29.4508],[77.1232,29.4554],[77.1222,29.4642],[77.123,29.4697],[77.1284,29.4734],[77.1331,29.4797],[77.1334,29.4826],[77.132,29.4849],[77.1203,29.4723],[77.1168,29.4694],[77.1094,29.4656],[77.0964,29.4633],[77.0873,29.458]]]},"properties":{"id":"in:subdistrict:6462","level":"subdistrict","name":"Bapoli","code":6462,"parent":"in:district:71","state":"in:state:6"}},{"type":"Feature","geometry":{"type":"Polygon","coordinates":[[[77.1496,29.2478],[77.1409,29.248],[77.1251,29.2493],[77.1198,29.2477],[77.115,29.2471],[77.1085,29.2503],[77.1066,29.2521],[77.1055,29.2607],[77.1001,29.2611],[77.0914,29.2586],[77.0884,29.2588],[77.0805,29.2622],[77.078,29.2656],[77.078,29.2717],[77.0818,29.2785],[77.0831,29.2796],[77.0811,29.2831],[77.0822,29.2892],[77.076,29.2932],[77.0743,29.2905],[77.0634,29.2856],[77.0606,29.2881],[77.058,29.2881],[77.0532,29.2863],[77.0526,29.2881],[77.057,29.2937],[77.0588,29.2971],[77.0643,29.3009],[77.0707,29.303],[77.0704,29.3041],[77.0644,29.3051],[77.0468,29.3104],[77.0436,29.3091],[77.0425,29.307],[77.0379,29.3059],[77.0313,29.3023],[77.0292,29.3032],[77.0231,29.3027],[77.0191,29.3014],[77.0101,29.3045],[76.9991,29.3065],[76.9922,29.3158],[76.9902,29.314],[76.987,29.3081],[76.9821,29.3013],[76.9804,29.3005],[76.9835,29.2969],[76.983,29.2912],[76.9805,29.2858],[76.9778,29.2865],[76.974,29.2822],[76.9624,29.2914],[76.9611,29.2904],[76.956,29.2909],[76.9482,29.2887],[76.9432,29.2893],[76.9402,29.2865],[76.9377,29.2809],[76.9329,29.2752],[76.9343,29.2676],[76.934,29.2592],[76.9385,29.2565],[76.9412,29.2539],[76.9421,29.25],[76.9402,29.2495],[76.9383,29.2464],[76.9381,29.2415],[76.9355,29.2322],[76.9357,29.2293],[76.9345,29.2216],[76.9312,29.2177],[76.9309,29.2142],[76.9383,29.2089],[76.948,29.2089],[76.9534,29.2072],[76.9568,29.2054],[76.9596,29.2051],[76.9608,29.2026],[76.9674,29.197],[76.964,29.1936],[76.97,29.1917],[76.9822,29.1884],[76.987,29.1879],[76.9916,29.1902],[76.9987,29.1853],[77.0011,29.1876],[77.007,29.189],[77.0074,29.1857],[77.018,29.1854],[77.0224,29.1818],[77.0289,29.1776],[77.033,29.1784],[77.0407,29.1818],[77.0503,29.1844],[77.0526,29.1815],[77.052,29.1763],[77.0599,29.1728],[77.0614,29.1758],[77.0661,29.1749],[77.0705,29.175],[77.0741,29.1759],[77.0783,29.1797],[77.081,29.1788],[77.0875,29.1752],[77.0917,29.1677],[77.0973,29.1618],[77.1069,29.1662],[77.11,29.1687],[77.1155,29.1697],[77.1218,29.1694],[77.1433,29.1669],[77.1454,29.1752],[77.1473,29.1796],[77.1438,29.1831],[77.1402,29.1921],[77.1433,29.1943],[77.1422,29.2041],[77.1392,29.2073],[77.1343,29.21],[77.1319,29.2138],[77.1314,29.2175],[77.1325,29.2224],[77.1378,29.2262],[77.1402,29.2268],[77.15,29.2328],[77.1487,29.2396],[77.1495,29.2412],[77.1496,29.2478]]]},"properties":{"id":"in:subdistrict:377","level":"subdistrict","name":"Samalkha","code":377,"parent":"in:district:71","state":"in:state:6"}},{"type":"Feature","geometry":{"type":"Polygon","coordinates":[[[77.1433,29.1669],[77.1218,29.1694],[77.1155,29.1697],[77.11,29.1687],[77.1069,29.1662],[77.0973,29.1618],[77.0917,29.1677],[77.0875,29.1752],[77.081,29.1788],[77.0783,29.1797],[77.0741,29.1759],[77.0705,29.175],[77.0661,29.1749],[77.0614,29.1758],[77.0599,29.1728],[77.052,29.1763],[77.0526,29.1815],[77.0503,29.1844],[77.0407,29.1818],[77.033,29.1784],[77.0289,29.1776],[77.0224,29.1818],[77.018,29.1854],[77.0074,29.1857],[77.007,29.189],[77.0011,29.1876],[76.9987,29.1853],[76.9916,29.1902],[76.987,29.1879],[76.9822,29.1884],[76.97,29.1917],[76.964,29.1936],[76.9674,29.197],[76.9608,29.2026],[76.9596,29.2051],[76.9568,29.2054],[76.9534,29.2072],[76.948,29.2089],[76.9383,29.2089],[76.9309,29.2142],[76.9278,29.2135],[76.9231,29.2154],[76.9181,29.2193],[76.9094,29.214],[76.9051,29.2146],[76.9034,29.2123],[76.9006,29.2127],[76.8961,29.2113],[76.8933,29.2093],[76.8901,29.204],[76.8891,29.1982],[76.8847,29.1939],[76.8754,29.1919],[76.8731,29.1934],[76.8685,29.1944],[76.861,29.1982],[76.8591,29.1934],[76.8573,29.1848],[76.8562,29.1826],[76.8534,29.1813],[76.837,29.1708],[76.8365,29.1698],[76.8313,29.1708],[76.8309,29.1629],[76.8343,29.1622],[76.8453,29.1563],[76.8483,29.1469],[76.8521,29.1419],[76.8555,29.1394],[76.8653,29.1365],[76.8681,29.1351],[76.8722,29.1348],[76.8759,29.1332],[76.8786,29.1364],[76.8833,29.1404],[76.8866,29.1453],[76.8911,29.1438],[76.8947,29.1436],[76.8935,29.1405],[76.8961,29.1384],[76.8984,29.1382],[76.8995,29.1347],[76.9015,29.1319],[76.9019,29.1274],[76.9004,29.1216],[76.8988,29.1189],[76.9017,29.115],[76.9062,29.1152],[76.909,29.114],[76.9143,29.1141],[76.9196,29.1134],[76.9202,29.1109],[76.918,29.1017],[76.919,29.0964],[76.923,29.0928],[76.9266,29.0885],[76.9289,29.0882],[76.9335,29.0937],[76.9376,29.0933],[76.9417,29.0943],[76.9462,29.0937],[76.9514,29.0917],[76.9521,29.0885],[76.9557,29.0799],[76.9568,29.0732],[76.9604,29.071],[76.9626,29.0597],[76.9676,29.0589],[76.9749,29.0557],[76.9837,29.0565],[76.9874,29.056],[76.99,29.0569],[76.9941,29.0566],[77.0002,29.0551],[77.0043,29.0581],[77.0066,29.0558],[77.0114,29.0547],[77.0116,29.0595],[77.0241,29.0667],[77.0286,29.0642],[77.0323,29.0611],[77.0352,29.0601],[77.0405,29.0566],[77.0475,29.0597],[77.0559,29.0624],[77.0635,29.0597],[77.0681,29.0636],[77.0684,29.0682],[77.0633,29.0759],[77.0664,29.079],[77.0655,29.0836],[77.0664,29.0887],[77.0693,29.0904],[77.0802,29.0889],[77.0861,29.0844],[77.088,29.087],[77.0934,29.0905],[77.0979,29.0913],[77.1013,29.0899],[77.1042,29.0926],[77.1089,29.0905],[77.1134,29.0894],[77.1126,29.0937],[77.1175,29.0937],[77.1248,29.0929],[77.1298,29.0908],[77.1358,29.0897],[77.138,29.0903],[77.1341,29.0951],[77.136,29.0997],[77.1363,29.103],[77.139,29.108],[77.1405,29.1093],[77.144,29.109],[77.1482,29.113],[77.149,29.1168],[77.1471,29.1286],[77.1478,29.1327],[77.1444,29.1366],[77.1429,29.137],[77.136,29.142],[77.1362,29.1495],[77.1392,29.1517],[77.1429,29.1562],[77.1435,29.1589],[77.1433,29.1669]]]},"properties":{"id":"in:subdistrict:379","level":"subdistrict","name":"Ganaur","code":379,"parent":"in:district:75","state":"in:state:6"}},{"type":"Feature","geometry":{"type":"Polygon","coordinates":[[[76.9618,28.8149],[76.9649,28.8204],[76.9635,28.8223],[76.967,28.8281],[76.9723,28.8272],[76.9748,28.8253],[76.9767,28.8222],[76.9797,28.8212],[76.9828,28.8241],[76.9859,28.8294],[76.9872,28.8353],[76.9948,28.8395],[76.9993,28.8379],[77.0021,28.8394],[77.0074,28.8407],[77.0233,28.8394],[77.0281,28.8368],[77.0331,28.8354],[77.0402,28.8321],[77.0426,28.8343],[77.0418,28.8379],[77.0451,28.8409],[77.0451,28.8449],[77.0386,28.8454],[77.035,28.847],[77.0318,28.8474],[77.03,28.8461],[77.0255,28.8502],[77.0207,28.8531],[77.0086,28.854],[77.0023,28.854],[76.9985,28.8548],[76.9931,28.8549],[76.9936,28.857],[76.9899,28.8593],[76.9851,28.8612],[76.9866,28.8649],[76.9939,28.8704],[76.9972,28.875],[76.9987,28.8785],[76.9968,28.8818],[77.001,28.8844],[77.0052,28.8861],[77.0113,28.8913],[77.0157,28.8969],[77.0163,28.9009],[77.0154,28.904],[77.0132,28.9056],[77.0087,28.9071],[77.0044,28.9063],[77.0009,28.9038],[76.9867,28.9016],[76.9844,28.8997],[76.9784,28.9064],[76.9753,28.9132],[76.9616,28.921],[76.9608,28.9221],[76.9537,28.9243],[76.9519,28.9272],[76.9535,28.9318],[76.9531,28.936],[76.9517,28.9397],[76.9493,28.9402],[76.9468,28.9389],[76.9391,28.9406],[76.9321,28.9372],[76.9303,28.9385],[76.9288,28.9422],[76.9209,28.95],[76.9207,28.9532],[76.9244,28.9633],[76.9186,28.967],[76.9141,28.9691],[76.908,28.9736],[76.9025,28.9656],[76.8954,28.9695],[76.8926,28.9693],[76.886,28.9721],[76.8797,28.9735],[76.8753,28.9782],[76.8713,28.9802],[76.8697,28.9765],[76.8651,28.9748],[76.8596,28.9735],[76.8555,28.9762],[76.849,28.9787],[76.8431,28.9792],[76.838,28.9822],[76.8327,28.9871],[76.8399,28.989],[76.8434,28.991],[76.8487,28.9918],[76.8536,28.9911],[76.8545,28.9974],[76.8495,28.9982],[76.8437,28.9977],[76.8397,28.9985],[76.8338,28.9986],[76.8281,28.9999],[76.816,29.0036],[76.8082,29.0077],[76.8045,29.0123],[76.804,29.0088],[76.8018,29.0059],[76.7969,29.0029],[76.7831,28.9903],[76.7781,28.9863],[76.7771,28.9812],[76.7774,28.9784],[76.7815,28.9746],[76.7853,28.9723],[76.7886,28.9685],[76.7882,28.9654],[76.7909,28.9598],[76.7844,28.954],[76.7789,28.9474],[76.775,28.9486],[76.7733,28.9441],[76.7712,28.941],[76.7717,28.9381],[76.7778,28.9334],[76.7787,28.9304],[76.7839,28.9292],[76.7897,28.9254],[76.7949,28.9245],[76.801,28.9277],[76.8082,28.9294],[76.8144,28.9316],[76.8191,28.9311],[76.8221,28.9256],[76.822,28.9244],[76.8252,28.9208],[76.8273,28.9149],[76.8258,28.9064],[76.826,28.9017],[76.8243,28.8974],[76.8194,28.8881],[76.818,28.8822],[76.8153,28.876],[76.8116,28.87],[76.8092,28.8677],[76.8116,28.8657],[76.8233,28.8601],[76.8253,28.8612],[76.8326,28.8602],[76.8377,28.8607],[76.8413,28.8622],[76.8472,28.8608],[76.8487,28.8578],[76.8529,28.853],[76.8594,28.8493],[76.8625,28.8468],[76.8653,28.8408],[76.8659,28.8378],[76.8684,28.833],[76.8687,28.8233],[76.8696,28.8237],[76.8762,28.8195],[76.8786,28.8195],[76.884,28.8166],[76.887,28.8126],[76.8878,28.8033],[76.89,28.7992],[76.8965,28.7952],[76.8982,28.7973],[76.9018,28.796],[76.9121,28.7935],[76.9154,28.796],[76.9184,28.7969],[76.9233,28.801],[76.9364,28.7989],[76.9419,28.7987],[76.9449,28.8036],[76.9464,28.8075],[76.9458,28.8107],[76.9484,28.8154],[76.951,28.8182],[76.9618,28.8149]]]},"properties":{"id":"in:subdistrict:381","level":"subdistrict","name":"Kharkhoda","code":381,"parent":"in:district:75","state":"in:state:6"}},{"type":"Feature","geometry":{"type":"Polygon","coordinates":[[[77.167,29.0619],[77.1657,29.0681],[77.1659,29.0719],[77.1651,29.0766],[77.1623,29.0809],[77.1567,29.0792],[77.1468,29.0806],[77.1435,29.0827],[77.138,29.0903],[77.1358,29.0897],[77.1298,29.0908],[77.1248,29.0929],[77.1175,29.0937],[77.1126,29.0937],[77.1134,29.0894],[77.1089,29.0905],[77.1042,29.0926],[77.1013,29.0899],[77.0979,29.0913],[77.0934,29.0905],[77.088,29.087],[77.0861,29.0844],[77.0802,29.0889],[77.0693,29.0904],[77.0664,29.0887],[77.0655,29.0836],[77.0664,29.079],[77.0633,29.0759],[77.0684,29.0682],[77.0681,29.0636],[77.0635,29.0597],[77.0559,29.0624],[77.0475,29.0597],[77.0405,29.0566],[77.0352,29.0601],[77.0323,29.0611],[77.0286,29.0642],[77.0241,29.0667],[77.0116,29.0595],[77.0114,29.0547],[77.0066,29.0558],[77.0043,29.0581],[77.0002,29.0551],[76.9941,29.0566],[76.99,29.0569],[76.9874,29.056],[76.9837,29.0565],[76.9749,29.0557],[76.9676,29.0589],[76.9626,29.0597],[76.9604,29.071],[76.9568,29.0732],[76.9557,29.0799],[76.9521,29.0885],[76.9514,29.0917],[76.9462,29.0937],[76.9417,29.0943],[76.9376,29.0933],[76.9335,29.0937],[76.9289,29.0882],[76.9266,29.0885],[76.923,29.0928],[76.919,29.0964],[76.918,29.1017],[76.9202,29.1109],[76.9196,29.1134],[76.9143,29.1141],[76.909,29.114],[76.9062,29.1152],[76.9017,29.115],[76.8988,29.1189],[76.9004,29.1216],[76.9019,29.1274],[76.9015,29.1319],[76.8995,29.1347],[76.8984,29.1382],[76.8961,29.1384],[76.8935,29.1405],[76.8947,29.1436],[76.8911,29.1438],[76.8866,29.1453],[76.8833,29.1404],[76.8786,29.1364],[76.8759,29.1332],[76.8722,29.1348],[76.8681,29.1351],[76.8653,29.1365],[76.8555,29.1394],[76.8478,29.1293],[76.8488,29.1255],[76.8519,29.1211],[76.8544,29.1197],[76.8548,29.1176],[76.8594,29.1139],[76.8597,29.1115],[76.8506,29.1077],[76.8486,29.1037],[76.8438,29.1056],[76.84,29.1043],[76.8319,29.1034],[76.828,29.0988],[76.8254,29.0926],[76.8217,29.0882],[76.8234,29.0861],[76.8299,29.0837],[76.8284,29.0801],[76.8263,29.0779],[76.8244,29.0734],[76.8207,29.0701],[76.8209,29.0677],[76.8154,29.0654],[76.8118,29.061],[76.8101,29.0559],[76.8077,29.0536],[76.8105,29.0502],[76.8137,29.0477],[76.8199,29.0444],[76.8266,29.0485],[76.8332,29.0519],[76.8376,29.0519],[76.84,29.051],[76.8439,29.054],[76.8474,29.0548],[76.8528,29.0536],[76.8456,29.0469],[76.8437,29.0426],[76.8426,29.037],[76.841,29.0324],[76.8373,29.0287],[76.8348,29.0243],[76.8271,29.0259],[76.82,29.0295],[76.8177,29.0299],[76.8134,29.0249],[76.8045,29.0123],[76.8082,29.0077],[76.816,29.0036],[76.8281,28.9999],[76.8338,28.9986],[76.8397,28.9985],[76.8437,28.9977],[76.8495,28.9982],[76.8545,28.9974],[76.8536,28.9911],[76.8487,28.9918],[76.8434,28.991],[76.8399,28.989],[76.8327,28.9871],[76.838,28.9822],[76.8431,28.9792],[76.849,28.9787],[76.8555,28.9762],[76.8596,28.9735],[76.8651,28.9748],[76.8697,28.9765],[76.8713,28.9802],[76.8753,28.9782],[76.8797,28.9735],[76.886,28.9721],[76.8926,28.9693],[76.8954,28.9695],[76.9025,28.9656],[76.908,28.9736],[76.9141,28.9691],[76.9186,28.967],[76.9244,28.9633],[76.9207,28.9532],[76.9209,28.95],[76.9288,28.9422],[76.9303,28.9385],[76.9321,28.9372],[76.9391,28.9406],[76.9468,28.9389],[76.9493,28.9402],[76.9517,28.9397],[76.9531,28.936],[76.9535,28.9318],[76.9519,28.9272],[76.9537,28.9243],[76.9608,28.9221],[76.9616,28.921],[76.9753,28.9132],[76.9784,28.9064],[76.9844,28.8997],[76.9867,28.9016],[77.0009,28.9038],[77.0044,28.9063],[77.0087,28.9071],[77.0132,28.9056],[77.0154,28.904],[77.0163,28.9009],[77.0157,28.8969],[77.0113,28.8913],[77.0052,28.8861],[77.001,28.8844],[76.9968,28.8818],[76.9987,28.8785],[76.9972,28.875],[76.9939,28.8704],[76.9866,28.8649],[76.9851,28.8612],[76.9899,28.8593],[76.9936,28.857],[76.9931,28.8549],[76.9985,28.8548],[77.0023,28.854],[77.0086,28.854],[77.0207,28.8531],[77.0255,28.8502],[77.03,28.8461],[77.0318,28.8474],[77.035,28.847],[77.0386,28.8454],[77.0451,28.8449],[77.0457,28.8475],[77.051,28.8547],[77.0545,28.863],[77.0581,28.8681],[77.0617,28.8708],[77.0692,28.8672],[77.0717,28.8689],[77.0744,28.8675],[77.0792,28.872],[77.0776,28.8772],[77.0822,28.8821],[77.0868,28.8809],[77.0881,28.8769],[77.0874,28.8756],[77.0938,28.8715],[77.0972,28.8708],[77.1098,28.8701],[77.1125,28.8665],[77.1157,28.865],[77.1164,28.8632],[77.1209,28.8583],[77.1241,28.8576],[77.1255,28.8599],[77.132,28.8629],[77.1405,28.8619],[77.1425,28.8597],[77.1419,28.8568],[77.1452,28.8539],[77.1452,28.8522],[77.1422,28.8479],[77.1417,28.8447],[77.1424,28.8389],[77.1455,28.838],[77.1542,28.8374],[77.1597,28.8413],[77.1653,28.8484],[77.1692,28.8503],[77.1721,28.8499],[77.1731,28.8572],[77.1754,28.8583],[77.1814,28.8575],[77.1926,28.8584],[77.1971,28.8592],[77.2099,28.8577],[77.2091,28.8612],[77.2026,28.8626],[77.1905,28.8665],[77.1894,28.8677],[77.1899,28.8717],[77.192,28.875],[77.1887,28.8801],[77.1925,28.8839],[77.1982,28.8875],[77.206,28.8883],[77.2104,28.8877],[77.2154,28.8847],[77.2191,28.8796],[77.2235,28.8786],[77.2281,28.8812],[77.2274,28.8878],[77.228,28.8944],[77.2325,28.8979],[77.2325,28.9024],[77.2347,28.9091],[77.2343,28.9112],[77.2326,28.918],[77.2308,28.9211],[77.2265,28.9222],[77.224,28.9239],[77.222,28.9282],[77.2154,28.9309],[77.214,28.9325],[77.2073,28.9349],[77.2029,28.9335],[77.1989,28.9356],[77.1964,28.9382],[77.1956,28.9415],[77.197,28.9473],[77.1951,28.9507],[77.193,28.9584],[77.1944,28.9608],[77.1951,28.9661],[77.2011,28.9728],[77.2024,28.9794],[77.2027,28.9853],[77.2019,28.9885],[77.198,28.9903],[77.1966,28.9953],[77.191,29.0059],[77.1907,29.0094],[77.1931,29.0132],[77.1914,29.0197],[77.189,29.0235],[77.1891,29.0277],[77.188,29.0299],[77.1829,29.0316],[77.1791,29.0297],[77.1682,29.0329],[77.1665,29.036],[77.1699,29.0397],[77.172,29.0468],[77.1688,29.0521],[77.167,29.0619]]]},"properties":{"id":"in:subdistrict:380","level":"subdistrict","name":"Sonipat","code":380,"parent":"in:district:75","state":"in:state:6"}},{"type":"Feature","geometry":{"type":"Polygon","coordinates":[[[76.8092,28.8677],[76.8065,28.8707],[76.7979,28.8694],[76.7925,28.8678],[76.7817,28.866],[76.7745,28.8691],[76.7657,28.8741],[76.7631,28.8786],[76.7601,28.8822],[76.7485,28.8886],[76.7466,28.8864],[76.7346,28.8866],[76.7294,28.885],[76.7253,28.8813],[76.7231,28.8804],[76.7173,28.8803],[76.7132,28.8827],[76.7103,28.8865],[76.7106,28.8881],[76.7037,28.892],[76.6978,28.8942],[76.6951,28.8965],[76.69,28.8994],[76.6808,28.9016],[76.677,28.9035],[76.675,28.9003],[76.6696,28.8858],[76.6686,28.8847],[76.6686,28.8797],[76.6674,28.8762],[76.6677,28.8736],[76.6655,28.8701],[76.6635,28.8713],[76.6571,28.8634],[76.6485,28.8638],[76.6447,28.8632],[76.6377,28.8644],[76.6367,28.8627],[76.6273,28.8654],[76.6234,28.8648],[76.6196,28.8588],[76.6183,28.8541],[76.6195,28.8493],[76.6185,28.8459],[76.6179,28.8373],[76.6242,28.834],[76.6324,28.8316],[76.6322,28.8313],[76.6319,28.8308],[76.6316,28.829],[76.6318,28.8251],[76.6322,28.8313],[76.6329,28.8321],[76.6338,28.8329],[76.6357,28.8344],[76.6434,28.8396],[76.6454,28.8391],[76.6507,28.8329],[76.6544,28.8266],[76.6556,28.8183],[76.6624,28.8157],[76.6661,28.8152],[76.6696,28.8132],[76.6689,28.8049],[76.6706,28.7961],[76.6751,28.7941],[76.6845,28.7911],[76.6951,28.7891],[76.7003,28.7875],[76.7089,28.7871],[76.7102,28.7783],[76.7093,28.7714],[76.7062,28.7661],[76.7044,28.7665],[76.6979,28.7639],[76.6929,28.7635],[76.6913,28.7592],[76.6905,28.7516],[76.6882,28.7476],[76.6869,28.7435],[76.6942,28.7378],[76.7002,28.7359],[76.7051,28.7356],[76.7091,28.7362],[76.7107,28.7423],[76.7138,28.75],[76.7154,28.753],[76.7144,28.7581],[76.7206,28.7602],[76.7294,28.7585],[76.7356,28.7589],[76.7406,28.7568],[76.75,28.7673],[76.7576,28.7693],[76.764,28.7661],[76.7676,28.7624],[76.7679,28.7594],[76.7668,28.7547],[76.7644,28.7511],[76.7717,28.7482],[76.7747,28.7456],[76.7796,28.743],[76.786,28.7484],[76.7907,28.7554],[76.7954,28.7611],[76.8026,28.7683],[76.8065,28.7714],[76.8124,28.7789],[76.819,28.7838],[76.8204,28.7912],[76.8237,28.7964],[76.8276,28.8005],[76.8341,28.8104],[76.8392,28.8089],[76.8495,28.8076],[76.8511,28.8086],[76.8543,28.8133],[76.8627,28.8155],[76.866,28.8188],[76.8687,28.8233],[76.8684,28.833],[76.8659,28.8378],[76.8653,28.8408],[76.8625,28.8468],[76.8594,28.8493],[76.8529,28.853],[76.8487,28.8578],[76.8472,28.8608],[76.8413,28.8622],[76.8377,28.8607],[76.8326,28.8602],[76.8253,28.8612],[76.8233,28.8601],[76.8116,28.8657],[76.8092,28.8677]]]},"properties":{"id":"in:subdistrict:406","level":"subdistrict","name":"Sampla","code":406,"parent":"in:district:73","state":"in:state:6"}},{"type":"Feature","geometry":{"type":"Polygon","coordinates":[[[76.9419,28.7987],[76.9364,28.7989],[76.9233,28.801],[76.9184,28.7969],[76.9154,28.796],[76.9121,28.7935],[76.9018,28.796],[76.8982,28.7973],[76.8965,28.7952],[76.89,28.7992],[76.8878,28.8033],[76.887,28.8126],[76.884,28.8166],[76.8786,28.8195],[76.8762,28.8195],[76.8696,28.8237],[76.8687,28.8233],[76.866,28.8188],[76.8627,28.8155],[76.8543,28.8133],[76.8511,28.8086],[76.8495,28.8076],[76.8392,28.8089],[76.8341,28.8104],[76.8276,28.8005],[76.8237,28.7964],[76.8204,28.7912],[76.819,28.7838],[76.8124,28.7789],[76.8065,28.7714],[76.8026,28.7683],[76.7954,28.7611],[76.7907,28.7554],[76.786,28.7484],[76.7796,28.743],[76.7747,28.7456],[76.7717,28.7482],[76.7644,28.7511],[76.7668,28.7547],[76.7679,28.7594],[76.7676,28.7624],[76.764,28.7661],[76.7576,28.7693],[76.75,28.7673],[76.7406,28.7568],[76.7356,28.7589],[76.7294,28.7585],[76.7206,28.7602],[76.7144,28.7581],[76.7154,28.753],[76.7138,28.75],[76.7107,28.7423],[76.7091,28.7362],[76.7051,28.7356],[76.7002,28.7359],[76.6965,28.7307],[76.6935,28.7222],[76.6893,28.7143],[76.6827,28.7083],[76.6807,28.7057],[76.6851,28.7044],[76.6851,28.6981],[76.6863,28.6979],[76.6862,28.6902],[76.6866,28.681],[76.6857,28.6774],[76.6873,28.6755],[76.6872,28.6702],[76.692,28.6698],[76.6926,28.6686],[76.7011,28.6651],[76.7094,28.6597],[76.7147,28.659],[76.7168,28.66],[76.7182,28.663],[76.7242,28.6697],[76.7327,28.668],[76.7337,28.6688],[76.7396,28.6638],[76.7311,28.6514],[76.7345,28.6498],[76.7381,28.6451],[76.7459,28.6369],[76.753,28.633],[76.7573,28.6315],[76.7598,28.6274],[76.7608,28.6222],[76.7622,28.6202],[76.7663,28.6172],[76.7671,28.6128],[76.767,28.6068],[76.7696,28.6074],[76.7774,28.607],[76.7815,28.6055],[76.788,28.6044],[76.7921,28.6047],[76.7898,28.5983],[76.7898,28.5946],[76.7882,28.5935],[76.7862,28.5895],[76.7827,28.5906],[76.778,28.5901],[76.7751,28.5873],[76.7743,28.5816],[76.7758,28.5794],[76.7788,28.5786],[76.78,28.5714],[76.7802,28.5653],[76.7853,28.5647],[76.7861,28.5632],[76.7908,28.5613],[76.7927,28.5576],[76.7947,28.5575],[76.7891,28.549],[76.7941,28.5463],[76.8025,28.5435],[76.8063,28.5427],[76.8104,28.5375],[76.8115,28.5317],[76.811,28.5253],[76.8083,28.5195],[76.8087,28.5146],[76.8076,28.5101],[76.816,28.5083],[76.8243,28.5046],[76.8279,28.5048],[76.8418,28.5008],[76.8462,28.5001],[76.8498,28.502],[76.8601,28.501],[76.8612,28.5014],[76.875,28.498],[76.8787,28.4997],[76.883,28.4997],[76.8854,28.5011],[76.8857,28.5024],[76.8807,28.5055],[76.8815,28.5099],[76.884,28.5137],[76.8869,28.5199],[76.8829,28.5225],[76.877,28.5244],[76.8746,28.527],[76.8714,28.5331],[76.8678,28.5361],[76.8647,28.5435],[76.8618,28.5453],[76.8562,28.5472],[76.8477,28.5493],[76.8424,28.5563],[76.8424,28.5633],[76.8406,28.5696],[76.839,28.573],[76.8395,28.5828],[76.8461,28.5848],[76.8562,28.5855],[76.8631,28.5854],[76.8679,28.5906],[76.8718,28.6029],[76.8773,28.6088],[76.8802,28.615],[76.8824,28.6228],[76.8858,28.6296],[76.8883,28.632],[76.8929,28.6318],[76.9065,28.6238],[76.9101,28.6286],[76.9143,28.6323],[76.9206,28.6313],[76.9243,28.6281],[76.9266,28.6244],[76.9346,28.6184],[76.9372,28.622],[76.941,28.6253],[76.943,28.628],[76.9445,28.6333],[76.9402,28.6349],[76.9365,28.6378],[76.931,28.6432],[76.9283,28.647],[76.925,28.6501],[76.9308,28.6585],[76.9335,28.6654],[76.9353,28.6679],[76.9434,28.6684],[76.9489,28.6702],[76.9524,28.6696],[76.9538,28.6677],[76.9559,28.6724],[76.9561,28.677],[76.9585,28.6857],[76.9633,28.6924],[76.9634,28.694],[76.9677,28.6995],[76.9489,28.7122],[76.9483,28.7136],[76.952,28.7194],[76.956,28.724],[76.9594,28.7293],[76.9601,28.7327],[76.9559,28.7382],[76.9583,28.7432],[76.9506,28.7501],[76.9445,28.7541],[76.946,28.7581],[76.9506,28.7635],[76.9556,28.7678],[76.9498,28.7771],[76.9501,28.7833],[76.9521,28.7882],[76.9539,28.7907],[76.946,28.798],[76.9419,28.7987]]]},"properties":{"id":"in:subdistrict:408","level":"subdistrict","name":"Bahadurgarh","code":408,"parent":"in:district:64","state":"in:state:6"}},{"type":"Feature","geometry":{"type":"Polygon","coordinates":[[[76.6318,28.8251],[76.6328,28.8209],[76.6453,28.8085],[76.6447,28.8039],[76.6399,28.8039],[76.639,28.8016],[76.6365,28.7996],[76.6328,28.7935],[76.6274,28.7896],[76.6201,28.7888],[76.6151,28.7893],[76.6059,28.7914],[76.6039,28.7886],[76.5993,28.7844],[76.5957,28.782],[76.5962,28.7752],[76.5951,28.7551],[76.5908,28.7474],[76.5877,28.7432],[76.5804,28.736],[76.5775,28.7339],[76.5644,28.7404],[76.5574,28.7423],[76.5503,28.7452],[76.5428,28.7462],[76.5317,28.75],[76.5298,28.75],[76.5236,28.738],[76.5117,28.7408],[76.5083,28.7411],[76.5039,28.7428],[76.5017,28.7428],[76.4968,28.7386],[76.4932,28.7368],[76.4907,28.7391],[76.487,28.7394],[76.4755,28.7416],[76.471,28.7412],[76.4658,28.7393],[76.4608,28.7387],[76.4524,28.7366],[76.4447,28.7356],[76.4414,28.7301],[76.4363,28.7281],[76.4297,28.7264],[76.4252,28.7224],[76.4201,28.7243],[76.4153,28.7235],[76.4145,28.7188],[76.4174,28.714],[76.4201,28.7037],[76.4192,28.7005],[76.4119,28.6895],[76.4062,28.6826],[76.4034,28.6783],[76.4021,28.675],[76.4011,28.6664],[76.4067,28.6658],[76.4176,28.6665],[76.4255,28.6658],[76.433,28.6658],[76.439,28.6648],[76.4442,28.6628],[76.4497,28.6595],[76.4507,28.6548],[76.4482,28.6451],[76.4467,28.6436],[76.438,28.6412],[76.4399,28.6379],[76.4457,28.6364],[76.4541,28.6259],[76.4595,28.6207],[76.4626,28.6169],[76.4657,28.6154],[76.4635,28.6119],[76.4742,28.6064],[76.4831,28.6032],[76.4876,28.5999],[76.4948,28.6088],[76.4957,28.6116],[76.5002,28.6091],[76.5037,28.6101],[76.5075,28.6069],[76.51,28.6073],[76.517,28.6133],[76.5241,28.6266],[76.5278,28.6313],[76.5289,28.6368],[76.5326,28.6357],[76.5353,28.632],[76.5456,28.6295],[76.5493,28.6269],[76.5553,28.6222],[76.5563,28.6194],[76.5603,28.6175],[76.571,28.6173],[76.5741,28.6166],[76.5784,28.6241],[76.5827,28.6275],[76.585,28.628],[76.5865,28.6321],[76.5898,28.6346],[76.5952,28.6402],[76.6025,28.6388],[76.6139,28.6383],[76.6221,28.6392],[76.621,28.6415],[76.6221,28.6445],[76.6252,28.6495],[76.6255,28.6515],[76.6289,28.6581],[76.6292,28.6615],[76.6383,28.662],[76.6383,28.6647],[76.6403,28.6703],[76.6444,28.68],[76.6419,28.6803],[76.6424,28.687],[76.642,28.6934],[76.6425,28.6968],[76.6456,28.7011],[76.6548,28.7077],[76.6566,28.7096],[76.6593,28.7095],[76.663,28.7128],[76.6649,28.7119],[76.6739,28.71],[76.6807,28.7057],[76.6827,28.7083],[76.6893,28.7143],[76.6935,28.7222],[76.6965,28.7307],[76.7002,28.7359],[76.6942,28.7378],[76.6869,28.7435],[76.6882,28.7476],[76.6905,28.7516],[76.6913,28.7592],[76.6929,28.7635],[76.6979,28.7639],[76.7044,28.7665],[76.7062,28.7661],[76.7093,28.7714],[76.7102,28.7783],[76.7089,28.7871],[76.7003,28.7875],[76.6951,28.7891],[76.6845,28.7911],[76.6751,28.7941],[76.6706,28.7961],[76.6689,28.8049],[76.6696,28.8132],[76.6661,28.8152],[76.6624,28.8157],[76.6556,28.8183],[76.6544,28.8266],[76.6507,28.8329],[76.6454,28.8391],[76.6434,28.8396],[76.6357,28.8344],[76.6338,28.8329],[76.6329,28.8321],[76.6322,28.8313],[76.6318,28.8251]]]},"properties":{"id":"in:subdistrict:407","level":"subdistrict","name":"Beri","code":407,"parent":"in:district:64","state":"in:state:6"}},{"type":"Feature","geometry":{"type":"Polygon","coordinates":[[[76.775,28.9486],[76.7691,28.9529],[76.7618,28.9606],[76.7597,28.9655],[76.7527,28.965],[76.75,28.9614],[76.7414,28.9616],[76.7338,28.9659],[76.7281,28.9708],[76.7261,28.9718],[76.7325,28.9856],[76.7368,28.9896],[76.7343,28.9971],[76.7366,29.0074],[76.7308,29.0101],[76.7263,29.0111],[76.722,29.0159],[76.7214,29.0201],[76.718,29.0231],[76.7135,29.0257],[76.7066,29.0284],[76.7024,29.0316],[76.6982,29.0388],[76.6901,29.0372],[76.6771,29.0403],[76.6628,29.0476],[76.6526,29.0551],[76.6511,29.0536],[76.6466,29.0521],[76.6371,29.0526],[76.6339,29.0545],[76.6251,29.054],[76.6231,29.0552],[76.6196,29.0546],[76.6181,29.0556],[76.6075,29.0561],[76.6016,29.0579],[76.5987,29.0574],[76.5942,29.0605],[76.5847,29.0602],[76.5796,29.058],[76.5766,29.0584],[76.5716,29.0577],[76.5663,29.0593],[76.5637,29.0622],[76.5641,29.0637],[76.5614,29.0691],[76.5613,29.071],[76.5543,29.0779],[76.5507,29.0802],[76.5485,29.0849],[76.5461,29.092],[76.5422,29.0945],[76.5402,29.0974],[76.5372,29.0981],[76.5342,29.0946],[76.532,29.0947],[76.53,29.0922],[76.5269,29.0924],[76.5252,29.0888],[76.5234,29.0882],[76.5205,29.0843],[76.516,29.0857],[76.5107,29.0791],[76.5077,29.0783],[76.5014,29.0799],[76.4924,29.084],[76.4902,29.086],[76.4775,29.0921],[76.4732,29.0831],[76.476,29.0795],[76.4814,29.0751],[76.4865,29.0723],[76.4932,29.0648],[76.4928,29.0602],[76.4945,29.0551],[76.4994,29.0538],[76.502,29.0552],[76.5048,29.0644],[76.5045,29.0684],[76.5066,29.0708],[76.5096,29.0706],[76.5111,29.0682],[76.513,29.061],[76.5157,29.0581],[76.5157,29.0538],[76.5199,29.0495],[76.5223,29.0489],[76.5285,29.0443],[76.5293,29.0419],[76.5279,29.0332],[76.5259,29.0272],[76.5231,29.0215],[76.5206,29.0143],[76.519,29.0057],[76.5178,29.0024],[76.5138,29.0026],[76.505,28.9998],[76.5006,28.999],[76.4909,28.9949],[76.4914,28.9886],[76.4897,28.9857],[76.4878,28.9781],[76.4855,28.9722],[76.4882,28.9685],[76.4923,28.9642],[76.4935,28.9569],[76.4946,28.9554],[76.4952,28.9463],[76.4899,28.9368],[76.4892,28.9337],[76.4842,28.9357],[76.469,28.9373],[76.4675,28.929],[76.4656,28.9249],[76.458,28.9198],[76.4526,28.9114],[76.4489,28.9081],[76.4505,28.9044],[76.458,28.891],[76.471,28.8809],[76.476,28.8777],[76.4734,28.8707],[76.4715,28.8692],[76.4569,28.8705],[76.4512,28.8684],[76.4486,28.8683],[76.4451,28.8648],[76.4393,28.8622],[76.4355,28.8584],[76.4328,28.8546],[76.4333,28.8517],[76.4267,28.8527],[76.4227,28.8545],[76.4146,28.855],[76.4073,28.8578],[76.4005,28.8595],[76.3956,28.8624],[76.3843,28.8652],[76.3808,28.8746],[76.3778,28.8783],[76.3793,28.89],[76.3805,28.8926],[76.3818,28.9023],[76.3808,28.9058],[76.376,28.9091],[76.3658,28.9116],[76.3569,28.9046],[76.3489,28.8961],[76.3527,28.8953],[76.351,28.8932],[76.3522,28.8911],[76.3582,28.8864],[76.3583,28.884],[76.3626,28.879],[76.3624,28.8763],[76.3591,28.8711],[76.3528,28.8628],[76.3487,28.8564],[76.344,28.845],[76.3455,28.8395],[76.3472,28.8387],[76.3444,28.8338],[76.3441,28.8313],[76.3411,28.8239],[76.3363,28.8191],[76.3337,28.8135],[76.3347,28.8081],[76.3409,28.8049],[76.3496,28.8018],[76.3596,28.7995],[76.3592,28.7955],[76.3674,28.7877],[76.379,28.7833],[76.3832,28.7841],[76.3856,28.7827],[76.3869,28.7752],[76.3869,28.7703],[76.3992,28.7627],[76.4061,28.7562],[76.404,28.752],[76.403,28.7424],[76.3998,28.7343],[76.3938,28.7315],[76.3888,28.7264],[76.3872,28.7214],[76.3805,28.7148],[76.3798,28.7128],[76.3795,28.7051],[76.3803,28.7018],[76.3937,28.6903],[76.3974,28.6868],[76.4062,28.6826],[76.4119,28.6895],[76.4192,28.7005],[76.4201,28.7037],[76.4174,28.714],[76.4145,28.7188],[76.4153,28.7235],[76.4201,28.7243],[76.4252,28.7224],[76.4297,28.7264],[76.4363,28.7281],[76.4414,28.7301],[76.4447,28.7356],[76.4524,28.7366],[76.4608,28.7387],[76.4658,28.7393],[76.471,28.7412],[76.4755,28.7416],[76.487,28.7394],[76.4907,28.7391],[76.4932,28.7368],[76.4968,28.7386],[76.5017,28.7428],[76.5039,28.7428],[76.5083,28.7411],[76.5117,28.7408],[76.5236,28.738],[76.5298,28.75],[76.5317,28.75],[76.5428,28.7462],[76.5503,28.7452],[76.5574,28.7423],[76.5644,28.7404],[76.5775,28.7339],[76.5804,28.736],[76.5877,28.7432],[76.5908,28.7474],[76.5951,28.7551],[76.5962,28.7752],[76.5957,28.782],[76.5993,28.7844],[76.6039,28.7886],[76.6059,28.7914],[76.6151,28.7893],[76.6201,28.7888],[76.6274,28.7896],[76.6328,28.7935],[76.6365,28.7996],[76.639,28.8016],[76.6399,28.8039],[76.6447,28.8039],[76.6453,28.8085],[76.6328,28.8209],[76.6318,28.8251],[76.6316,28.829],[76.6319,28.8308],[76.6322,28.8313],[76.6324,28.8316],[76.6242,28.834],[76.6179,28.8373],[76.6185,28.8459],[76.6195,28.8493],[76.6183,28.8541],[76.6196,28.8588],[76.6234,28.8648],[76.6273,28.8654],[76.6367,28.8627],[76.6377,28.8644],[76.6447,28.8632],[76.6485,28.8638],[76.6571,28.8634],[76.6635,28.8713],[76.6655,28.8701],[76.6677,28.8736],[76.6674,28.8762],[76.6686,28.8797],[76.6686,28.8847],[76.6696,28.8858],[76.675,28.9003],[76.677,28.9035],[76.6808,28.9016],[76.69,28.8994],[76.6951,28.8965],[76.6978,28.8942],[76.7037,28.892],[76.7106,28.8881],[76.7103,28.8865],[76.7132,28.8827],[76.7173,28.8803],[76.7231,28.8804],[76.7253,28.8813],[76.7294,28.885],[76.7346,28.8866],[76.7466,28.8864],[76.7485,28.8886],[76.7601,28.8822],[76.7631,28.8786],[76.7657,28.8741],[76.7745,28.8691],[76.7817,28.866],[76.7925,28.8678],[76.7979,28.8694],[76.8065,28.8707],[76.8092,28.8677],[76.8116,28.87],[76.8153,28.876],[76.818,28.8822],[76.8194,28.8881],[76.8243,28.8974],[76.826,28.9017],[76.8258,28.9064],[76.8273,28.9149],[76.8252,28.9208],[76.822,28.9244],[76.8221,28.9256],[76.8191,28.9311],[76.8144,28.9316],[76.8082,28.9294],[76.801,28.9277],[76.7949,28.9245],[76.7897,28.9254],[76.7839,28.9292],[76.7787,28.9304],[76.7778,28.9334],[76.7717,28.9381],[76.7712,28.941],[76.7733,28.9441],[76.775,28.9486]]]},"properties":{"id":"in:subdistrict:405","level":"subdistrict","name":"Rohtak","code":405,"parent":"in:district:73","state":"in:state:6"}},{"type":"Feature","geometry":{"type":"Polygon","coordinates":[[[76.861,29.1982],[76.8548,29.2058],[76.8467,29.2049],[76.8417,29.2055],[76.8321,29.2093],[76.8238,29.2117],[76.8192,29.2139],[76.8178,29.2162],[76.8111,29.2176],[76.8113,29.2218],[76.8023,29.2276],[76.8012,29.2341],[76.8014,29.2381],[76.7995,29.2418],[76.7955,29.2463],[76.7968,29.2487],[76.7931,29.251],[76.7973,29.2585],[76.797,29.2661],[76.7963,29.2725],[76.79,29.274],[76.7821,29.2774],[76.7795,29.282],[76.7721,29.2812],[76.7648,29.2761],[76.7612,29.2715],[76.7599,29.2685],[76.7568,29.267],[76.756,29.2645],[76.75,29.2612],[76.7396,29.2581],[76.7336,29.2552],[76.7278,29.2568],[76.7252,29.2528],[76.7183,29.2509],[76.714,29.2513],[76.7137,29.2582],[76.7088,29.261],[76.6988,29.2636],[76.694,29.2661],[76.6865,29.2679],[76.6821,29.2695],[76.6786,29.2647],[76.6729,29.2658],[76.6683,29.2639],[76.6602,29.2645],[76.6536,29.2663],[76.6486,29.2695],[76.6468,29.273],[76.6451,29.274],[76.6343,29.2748],[76.6289,29.2796],[76.6209,29.2847],[76.6147,29.287],[76.6108,29.2892],[76.6065,29.2889],[76.6042,29.2878],[76.5997,29.2818],[76.5974,29.2802],[76.5912,29.2824],[76.5875,29.2844],[76.5826,29.2853],[76.5778,29.2847],[76.5749,29.283],[76.5673,29.2812],[76.5609,29.2809],[76.5603,29.2768],[76.5616,29.2712],[76.5586,29.2667],[76.5542,29.2567],[76.5577,29.2533],[76.563,29.243],[76.5642,29.2393],[76.5626,29.2362],[76.5651,29.2304],[76.5684,29.2267],[76.5673,29.2232],[76.5641,29.2182],[76.5639,29.2166],[76.5598,29.2087],[76.552,29.2102],[76.5436,29.2096],[76.5341,29.214],[76.5324,29.2158],[76.5259,29.2201],[76.5239,29.2233],[76.5256,29.2316],[76.5121,29.2323],[76.5038,29.2349],[76.4931,29.239],[76.4876,29.2401],[76.4831,29.2425],[76.4812,29.2407],[76.4745,29.238],[76.4767,29.2355],[76.4767,29.2286],[76.478,29.2222],[76.4826,29.2163],[76.4857,29.2134],[76.4889,29.2103],[76.4906,29.2067],[76.4934,29.1957],[76.4932,29.1904],[76.4957,29.1847],[76.495,29.1838],[76.4956,29.1781],[76.4972,29.1754],[76.5013,29.1729],[76.51,29.1649],[76.5116,29.1625],[76.5109,29.156],[76.5082,29.1566],[76.5,29.152],[76.4982,29.1486],[76.4929,29.1433],[76.4894,29.1368],[76.4867,29.1305],[76.4863,29.1225],[76.4855,29.1204],[76.4857,29.1157],[76.4811,29.1071],[76.4807,29.101],[76.4775,29.0921],[76.4902,29.086],[76.4924,29.084],[76.5014,29.0799],[76.5077,29.0783],[76.5107,29.0791],[76.516,29.0857],[76.5205,29.0843],[76.5234,29.0882],[76.5252,29.0888],[76.5269,29.0924],[76.53,29.0922],[76.532,29.0947],[76.5342,29.0946],[76.5372,29.0981],[76.5402,29.0974],[76.5422,29.0945],[76.5461,29.092],[76.5485,29.0849],[76.5507,29.0802],[76.5543,29.0779],[76.5613,29.071],[76.5614,29.0691],[76.5641,29.0637],[76.5637,29.0622],[76.5663,29.0593],[76.5716,29.0577],[76.5766,29.0584],[76.5796,29.058],[76.5847,29.0602],[76.5942,29.0605],[76.5987,29.0574],[76.6016,29.0579],[76.6075,29.0561],[76.6181,29.0556],[76.6196,29.0546],[76.6231,29.0552],[76.6251,29.054],[76.6339,29.0545],[76.6371,29.0526],[76.6466,29.0521],[76.6511,29.0536],[76.6526,29.0551],[76.6628,29.0476],[76.6771,29.0403],[76.6901,29.0372],[76.6982,29.0388],[76.7024,29.0316],[76.7066,29.0284],[76.7135,29.0257],[76.718,29.0231],[76.7214,29.0201],[76.722,29.0159],[76.7263,29.0111],[76.7308,29.0101],[76.7366,29.0074],[76.7343,28.9971],[76.7368,28.9896],[76.7325,28.9856],[76.7261,28.9718],[76.7281,28.9708],[76.7338,28.9659],[76.7414,28.9616],[76.75,28.9614],[76.7527,28.965],[76.7597,28.9655],[76.7618,28.9606],[76.7691,28.9529],[76.775,28.9486],[76.7789,28.9474],[76.7844,28.954],[76.7909,28.9598],[76.7882,28.9654],[76.7886,28.9685],[76.7853,28.9723],[76.7815,28.9746],[76.7774,28.9784],[76.7771,28.9812],[76.7781,28.9863],[76.7831,28.9903],[76.7969,29.0029],[76.8018,29.0059],[76.804,29.0088],[76.8045,29.0123],[76.8134,29.0249],[76.8177,29.0299],[76.82,29.0295],[76.8271,29.0259],[76.8348,29.0243],[76.8373,29.0287],[76.841,29.0324],[76.8426,29.037],[76.8437,29.0426],[76.8456,29.0469],[76.8528,29.0536],[76.8474,29.0548],[76.8439,29.054],[76.84,29.051],[76.8376,29.0519],[76.8332,29.0519],[76.8266,29.0485],[76.8199,29.0444],[76.8137,29.0477],[76.8105,29.0502],[76.8077,29.0536],[76.8101,29.0559],[76.8118,29.061],[76.8154,29.0654],[76.8209,29.0677],[76.8207,29.0701],[76.8244,29.0734],[76.8263,29.0779],[76.8284,29.0801],[76.8299,29.0837],[76.8234,29.0861],[76.8217,29.0882],[76.8254,29.0926],[76.828,29.0988],[76.8319,29.1034],[76.84,29.1043],[76.8438,29.1056],[76.8486,29.1037],[76.8506,29.1077],[76.8597,29.1115],[76.8594,29.1139],[76.8548,29.1176],[76.8544,29.1197],[76.8519,29.1211],[76.8488,29.1255],[76.8478,29.1293],[76.8555,29.1394],[76.8521,29.1419],[76.8483,29.1469],[76.8453,29.1563],[76.8343,29.1622],[76.8309,29.1629],[76.8313,29.1708],[76.8365,29.1698],[76.837,29.1708],[76.8534,29.1813],[76.8562,29.1826],[76.8573,29.1848],[76.8591,29.1934],[76.861,29.1982]]]},"properties":{"id":"in:subdistrict:378","level":"subdistrict","name":"Gohana","code":378,"parent":"in:district:75","state":"in:state:6"}},{"type":"Feature","geometry":{"type":"Polygon","coordinates":[[[76.6483,29.3389],[76.646,29.3326],[76.6418,29.3313],[76.6404,29.3274],[76.6372,29.321],[76.6319,29.3146],[76.6418,29.3053],[76.6367,29.2975],[76.6434,29.289],[76.6547,29.2836],[76.6692,29.2793],[76.6736,29.2788],[76.6769,29.2805],[76.6825,29.2741],[76.6821,29.2695],[76.6865,29.2679],[76.694,29.2661],[76.6988,29.2636],[76.7088,29.261],[76.7137,29.2582],[76.714,29.2513],[76.7183,29.2509],[76.7252,29.2528],[76.7278,29.2568],[76.7336,29.2552],[76.7396,29.2581],[76.75,29.2612],[76.756,29.2645],[76.7568,29.267],[76.7599,29.2685],[76.7612,29.2715],[76.7648,29.2761],[76.7721,29.2812],[76.7795,29.282],[76.7821,29.2774],[76.79,29.274],[76.7963,29.2725],[76.797,29.2661],[76.7973,29.2585],[76.7931,29.251],[76.7968,29.2487],[76.7955,29.2463],[76.7995,29.2418],[76.8014,29.2381],[76.8012,29.2341],[76.8023,29.2276],[76.8113,29.2218],[76.8111,29.2176],[76.8178,29.2162],[76.8192,29.2139],[76.8238,29.2117],[76.8321,29.2093],[76.8417,29.2055],[76.8467,29.2049],[76.8548,29.2058],[76.861,29.1982],[76.8685,29.1944],[76.8731,29.1934],[76.8754,29.1919],[76.8847,29.1939],[76.8891,29.1982],[76.8901,29.204],[76.8933,29.2093],[76.8961,29.2113],[76.9006,29.2127],[76.9034,29.2123],[76.9051,29.2146],[76.9094,29.214],[76.9181,29.2193],[76.9231,29.2154],[76.9278,29.2135],[76.9309,29.2142],[76.9312,29.2177],[76.9345,29.2216],[76.9357,29.2293],[76.9355,29.2322],[76.9381,29.2415],[76.9383,29.2464],[76.9402,29.2495],[76.9421,29.25],[76.9412,29.2539],[76.9385,29.2565],[76.934,29.2592],[76.9343,29.2676],[76.9329,29.2752],[76.9377,29.2809],[76.9402,29.2865],[76.9432,29.2893],[76.9433,29.2911],[76.9354,29.299],[76.9282,29.3036],[76.9291,29.3051],[76.923,29.3103],[76.9208,29.313],[76.9163,29.3217],[76.9131,29.3262],[76.9138,29.3295],[76.9131,29.3344],[76.9142,29.3375],[76.9139,29.3413],[76.9149,29.3435],[76.9091,29.349],[76.9035,29.3459],[76.9023,29.3417],[76.8998,29.338],[76.8956,29.3341],[76.8947,29.3291],[76.8897,29.3248],[76.883,29.3286],[76.8776,29.3256],[76.8729,29.3196],[76.8717,29.3159],[76.87,29.3144],[76.87,29.311],[76.8684,29.308],[76.8619,29.3104],[76.8533,29.3095],[76.8475,29.3107],[76.8437,29.3129],[76.8411,29.3131],[76.8399,29.3195],[76.8326,29.324],[76.8286,29.3279],[76.8244,29.3354],[76.8218,29.3359],[76.819,29.3381],[76.815,29.3338],[76.8052,29.3299],[76.8002,29.3307],[76.8018,29.3277],[76.8,29.3228],[76.8009,29.3198],[76.8045,29.3164],[76.8013,29.3133],[76.7996,29.3082],[76.7996,29.3027],[76.7898,29.3014],[76.7876,29.3001],[76.7837,29.2997],[76.7687,29.3054],[76.765,29.3094],[76.7617,29.3152],[76.7535,29.3204],[76.75,29.3216],[76.7483,29.3191],[76.743,29.3191],[76.7406,29.3165],[76.7329,29.3169],[76.7308,29.3146],[76.7286,29.3158],[76.7197,29.3175],[76.714,29.3167],[76.7061,29.3166],[76.6991,29.3152],[76.6948,29.3149],[76.6937,29.3174],[76.6812,29.3257],[76.6701,29.3281],[76.6634,29.3339],[76.66,29.3388],[76.655,29.3413],[76.6517,29.3412],[76.6483,29.3389]]]},"properties":{"id":"in:subdistrict:376","level":"subdistrict","name":"Israna","code":376,"parent":"in:district:71","state":"in:state:6"}},{"type":"Feature","geometry":{"type":"Polygon","coordinates":[[[76.4637,29.4243],[76.4542,29.4258],[76.4517,29.4269],[76.4508,29.4242],[76.4485,29.4234],[76.4371,29.4269],[76.4291,29.4302],[76.4251,29.4307],[76.42,29.4301],[76.4208,29.4261],[76.4243,29.4208],[76.4241,29.4162],[76.4292,29.409],[76.4278,29.4065],[76.4287,29.4042],[76.4279,29.3982],[76.4273,29.3874],[76.4234,29.3849],[76.423,29.3749],[76.4259,29.3708],[76.4342,29.3688],[76.4376,29.3688],[76.4461,29.3661],[76.4516,29.3677],[76.4585,29.3663],[76.4663,29.3697],[76.4695,29.3715],[76.4752,29.3706],[76.4778,29.3622],[76.4763,29.3579],[76.4761,29.3531],[76.4732,29.3494],[76.4712,29.3438],[76.4715,29.3301],[76.4731,29.329],[76.48,29.3287],[76.4781,29.3252],[76.4797,29.3236],[76.4815,29.3165],[76.482,29.309],[76.4795,29.297],[76.4782,29.293],[76.4727,29.2928],[76.4709,29.2873],[76.4707,29.2811],[76.4722,29.2769],[76.476,29.2785],[76.4818,29.2699],[76.4915,29.2602],[76.4876,29.2401],[76.4931,29.239],[76.5038,29.2349],[76.5121,29.2323],[76.5256,29.2316],[76.5239,29.2233],[76.5259,29.2201],[76.5324,29.2158],[76.5341,29.214],[76.5436,29.2096],[76.552,29.2102],[76.5598,29.2087],[76.5639,29.2166],[76.5641,29.2182],[76.5673,29.2232],[76.5684,29.2267],[76.5651,29.2304],[76.5626,29.2362],[76.5642,29.2393],[76.563,29.243],[76.5577,29.2533],[76.5542,29.2567],[76.5586,29.2667],[76.5616,29.2712],[76.5603,29.2768],[76.5609,29.2809],[76.5673,29.2812],[76.5749,29.283],[76.5778,29.2847],[76.5826,29.2853],[76.5875,29.2844],[76.5912,29.2824],[76.5974,29.2802],[76.5997,29.2818],[76.6042,29.2878],[76.6065,29.2889],[76.6108,29.2892],[76.6147,29.287],[76.6209,29.2847],[76.6289,29.2796],[76.6343,29.2748],[76.6451,29.274],[76.6468,29.273],[76.6486,29.2695],[76.6536,29.2663],[76.6602,29.2645],[76.6683,29.2639],[76.6729,29.2658],[76.6786,29.2647],[76.6821,29.2695],[76.6825,29.2741],[76.6769,29.2805],[76.6736,29.2788],[76.6692,29.2793],[76.6547,29.2836],[76.6434,29.289],[76.6367,29.2975],[76.6418,29.3053],[76.6319,29.3146],[76.6372,29.321],[76.6404,29.3274],[76.6418,29.3313],[76.646,29.3326],[76.6483,29.3389],[76.6476,29.3496],[76.6478,29.3611],[76.6494,29.3667],[76.6512,29.369],[76.6611,29.3706],[76.6659,29.3723],[76.6717,29.3756],[76.678,29.3753],[76.6856,29.3768],[76.6877,29.3791],[76.687,29.3816],[76.6919,29.3841],[76.6938,29.3829],[76.6983,29.3826],[76.7117,29.383],[76.7177,29.3866],[76.7346,29.3881],[76.7351,29.3943],[76.7363,29.3976],[76.7394,29.4028],[76.7405,29.4067],[76.7328,29.4098],[76.731,29.412],[76.734,29.418],[76.7388,29.4253],[76.7419,29.4289],[76.741,29.432],[76.7458,29.4334],[76.7463,29.4357],[76.7501,29.4382],[76.7481,29.4401],[76.7478,29.4437],[76.7547,29.4581],[76.7569,29.4598],[76.7625,29.4658],[76.7556,29.4652],[76.7477,29.4719],[76.7456,29.4753],[76.7457,29.4777],[76.7344,29.4811],[76.7212,29.4826],[76.7176,29.4823],[76.715,29.4778],[76.7094,29.4744],[76.6951,29.4764],[76.6878,29.4769],[76.6807,29.4828],[76.6773,29.4821],[76.6657,29.4856],[76.6619,29.4889],[76.6563,29.4911],[76.6524,29.4908],[76.6491,29.4882],[76.6461,29.4831],[76.6422,29.4743],[76.6331,29.4693],[76.625,29.4734],[76.6162,29.4768],[76.6123,29.4795],[76.6078,29.4807],[76.6047,29.4788],[76.6051,29.4753],[76.5961,29.476],[76.5932,29.4742],[76.5903,29.4701],[76.5885,29.4695],[76.5842,29.4647],[76.583,29.4659],[76.5725,29.4656],[76.5698,29.4623],[76.5634,29.4616],[76.5564,29.4615],[76.5492,29.4591],[76.5434,29.4581],[76.5402,29.4583],[76.5348,29.4565],[76.5321,29.4531],[76.5315,29.4487],[76.5295,29.4436],[76.527,29.4409],[76.5226,29.433],[76.5106,29.4304],[76.505,29.4282],[76.5,29.4254],[76.4988,29.4272],[76.4839,29.4337],[76.4814,29.4322],[76.4812,29.4286],[76.4768,29.4225],[76.4746,29.4165],[76.4696,29.4176],[76.4659,29.4226],[76.4637,29.4243]]]},"properties":{"id":"in:subdistrict:385","level":"subdistrict","name":"Safidon","code":385,"parent":"in:district:65","state":"in:state:6"}},{"type":"Feature","geometry":{"type":"Polygon","coordinates":[[[76.2022,29.3965],[76.2031,29.3959],[76.203,29.3859],[76.2065,29.3811],[76.2056,29.3784],[76.206,29.3717],[76.2069,29.3716],[76.2067,29.3645],[76.1981,29.3601],[76.1937,29.3553],[76.1861,29.3497],[76.1817,29.3437],[76.1781,29.3403],[76.1828,29.3366],[76.1914,29.331],[76.2018,29.3268],[76.204,29.3232],[76.2093,29.3196],[76.2062,29.3162],[76.2017,29.3093],[76.1985,29.3056],[76.196,29.2994],[76.1927,29.2967],[76.191,29.2935],[76.1883,29.2918],[76.1867,29.2861],[76.1971,29.2789],[76.2021,29.2702],[76.2071,29.2652],[76.2028,29.2635],[76.2062,29.2594],[76.2098,29.2585],[76.2136,29.2562],[76.2147,29.2533],[76.2114,29.2482],[76.2158,29.2454],[76.2281,29.2388],[76.2243,29.2278],[76.2233,29.2226],[76.2259,29.2184],[76.2319,29.2161],[76.2369,29.2136],[76.2411,29.2124],[76.248,29.2126],[76.2553,29.2095],[76.258,29.2077],[76.2619,29.2072],[76.2707,29.2089],[76.2731,29.2092],[76.2812,29.2159],[76.2883,29.2121],[76.2953,29.221],[76.3041,29.2159],[76.313,29.2143],[76.3212,29.21],[76.33,29.2063],[76.3376,29.2045],[76.3384,29.215],[76.344,29.2114],[76.3454,29.2122],[76.3512,29.2215],[76.3533,29.2221],[76.3566,29.2254],[76.3615,29.2248],[76.367,29.2231],[76.3713,29.2194],[76.3747,29.2176],[76.3748,29.216],[76.3718,29.2128],[76.3721,29.2096],[76.3934,29.1974],[76.3975,29.1926],[76.401,29.1919],[76.4103,29.1872],[76.4147,29.1857],[76.4144,29.1837],[76.4195,29.1793],[76.4229,29.1787],[76.4241,29.1805],[76.426,29.1865],[76.429,29.1902],[76.432,29.1959],[76.435,29.1969],[76.4426,29.1976],[76.4526,29.1979],[76.4557,29.201],[76.4579,29.2054],[76.4625,29.2067],[76.4691,29.2074],[76.4776,29.2102],[76.4857,29.2134],[76.4826,29.2163],[76.478,29.2222],[76.4767,29.2286],[76.4767,29.2355],[76.4745,29.238],[76.4812,29.2407],[76.4831,29.2425],[76.4876,29.2401],[76.4915,29.2602],[76.4818,29.2699],[76.476,29.2785],[76.4722,29.2769],[76.4707,29.2811],[76.4709,29.2873],[76.4727,29.2928],[76.4782,29.293],[76.4795,29.297],[76.482,29.309],[76.4815,29.3165],[76.4797,29.3236],[76.4781,29.3252],[76.48,29.3287],[76.4731,29.329],[76.4715,29.3301],[76.4712,29.3438],[76.4732,29.3494],[76.4761,29.3531],[76.4763,29.3579],[76.4778,29.3622],[76.4752,29.3706],[76.4695,29.3715],[76.4663,29.3697],[76.4585,29.3663],[76.4516,29.3677],[76.4461,29.3661],[76.4376,29.3688],[76.4342,29.3688],[76.4259,29.3708],[76.423,29.3749],[76.4234,29.3849],[76.4273,29.3874],[76.4279,29.3982],[76.4287,29.4042],[76.4278,29.4065],[76.4292,29.409],[76.4241,29.4162],[76.4243,29.4208],[76.4208,29.4261],[76.42,29.4301],[76.4251,29.4307],[76.4291,29.4302],[76.4371,29.4269],[76.4485,29.4234],[76.4508,29.4242],[76.4517,29.4269],[76.4542,29.4258],[76.4637,29.4243],[76.4631,29.4281],[76.4709,29.4365],[76.471,29.4455],[76.4758,29.4564],[76.4782,29.4603],[76.4815,29.4713],[76.4816,29.4767],[76.4838,29.478],[76.484,29.4805],[76.4923,29.4801],[76.4959,29.4789],[76.4978,29.4807],[76.5034,29.4836],[76.503,29.487],[76.5039,29.4913],[76.5003,29.5013],[76.4981,29.5028],[76.4978,29.5081],[76.4964,29.5145],[76.4953,29.5164],[76.4913,29.5229],[76.4873,29.5264],[76.4889,29.5309],[76.486,29.5366],[76.4858,29.5418],[76.4693,29.5463],[76.464,29.5487],[76.4603,29.5488],[76.4538,29.547],[76.4519,29.5403],[76.452,29.5369],[76.4476,29.5313],[76.4448,29.5312],[76.4369,29.5292],[76.4368,29.5346],[76.4349,29.5397],[76.4316,29.5447],[76.4289,29.5448],[76.4213,29.5417],[76.414,29.5408],[76.4164,29.5365],[76.4156,29.5343],[76.4052,29.5305],[76.3987,29.5318],[76.3953,29.5315],[76.3919,29.5295],[76.3852,29.5287],[76.3785,29.5269],[76.3733,29.5276],[76.3674,29.5305],[76.3636,29.5336],[76.3602,29.5393],[76.3615,29.5437],[76.3599,29.5484],[76.3527,29.5541],[76.3501,29.5547],[76.3491,29.5579],[76.353,29.5636],[76.357,29.5668],[76.3586,29.5694],[76.3554,29.5748],[76.3521,29.5788],[76.3461,29.5824],[76.3424,29.5801],[76.3349,29.5796],[76.3284,29.5798],[76.3242,29.5824],[76.3247,29.5791],[76.3236,29.5723],[76.3215,29.5696],[76.3203,29.5617],[76.3213,29.5571],[76.3164,29.5578],[76.3194,29.5519],[76.3191,29.5463],[76.321,29.5397],[76.3236,29.5364],[76.3262,29.5293],[76.3283,29.5267],[76.3303,29.5214],[76.3336,29.5187],[76.3374,29.5127],[76.3376,29.5089],[76.3339,29.5068],[76.3329,29.5044],[76.3295,29.5038],[76.3267,29.4956],[76.3275,29.4944],[76.324,29.4885],[76.3212,29.4859],[76.3201,29.4794],[76.321,29.4752],[76.3174,29.4725],[76.3155,29.4751],[76.3151,29.4785],[76.3155,29.4872],[76.3098,29.489],[76.3068,29.4906],[76.302,29.4957],[76.3006,29.4981],[76.2974,29.4987],[76.2896,29.4963],[76.2866,29.4976],[76.2797,29.4987],[76.2745,29.4974],[76.2727,29.4931],[76.2741,29.4893],[76.27,29.4854],[76.2718,29.4832],[76.2788,29.4798],[76.2877,29.4738],[76.2945,29.4731],[76.2975,29.4711],[76.2971,29.468],[76.3,29.4665],[76.3062,29.4653],[76.3086,29.4627],[76.3133,29.4591],[76.3124,29.4479],[76.313,29.4464],[76.3225,29.4376],[76.3243,29.4353],[76.3279,29.4348],[76.3305,29.4297],[76.3304,29.4268],[76.3323,29.4235],[76.3292,29.4218],[76.3245,29.4164],[76.3176,29.4131],[76.3138,29.4089],[76.3123,29.4048],[76.3071,29.4034],[76.3053,29.4039],[76.2898,29.3978],[76.2871,29.3973],[76.2711,29.3906],[76.2623,29.3879],[76.2556,29.3842],[76.2507,29.3832],[76.2466,29.3852],[76.2438,29.3877],[76.2383,29.3885],[76.2332,29.3943],[76.2281,29.3956],[76.2226,29.3988],[76.2111,29.4008],[76.2059,29.4001],[76.204,29.3969],[76.2022,29.3965]]]},"properties":{"id":"in:subdistrict:383","level":"subdistrict","name":"Jind","code":383,"parent":"in:district:65","state":"in:state:6"}},{"type":"Feature","geometry":{"type":"Polygon","coordinates":[[[76.4775,29.0921],[76.4807,29.101],[76.4811,29.1071],[76.4857,29.1157],[76.4855,29.1204],[76.4863,29.1225],[76.4867,29.1305],[76.4894,29.1368],[76.4929,29.1433],[76.4982,29.1486],[76.5,29.152],[76.5082,29.1566],[76.5109,29.156],[76.5116,29.1625],[76.51,29.1649],[76.5013,29.1729],[76.4972,29.1754],[76.4956,29.1781],[76.495,29.1838],[76.4957,29.1847],[76.4932,29.1904],[76.4934,29.1957],[76.4906,29.2067],[76.4889,29.2103],[76.4857,29.2134],[76.4776,29.2102],[76.4691,29.2074],[76.4625,29.2067],[76.4579,29.2054],[76.4557,29.201],[76.4526,29.1979],[76.4426,29.1976],[76.435,29.1969],[76.432,29.1959],[76.429,29.1902],[76.426,29.1865],[76.4241,29.1805],[76.4229,29.1787],[76.4195,29.1793],[76.4144,29.1837],[76.4147,29.1857],[76.4103,29.1872],[76.401,29.1919],[76.3975,29.1926],[76.3934,29.1974],[76.3721,29.2096],[76.3718,29.2128],[76.3748,29.216],[76.3747,29.2176],[76.3713,29.2194],[76.367,29.2231],[76.3615,29.2248],[76.3566,29.2254],[76.3533,29.2221],[76.3512,29.2215],[76.3454,29.2122],[76.344,29.2114],[76.3384,29.215],[76.3376,29.2045],[76.33,29.2063],[76.3212,29.21],[76.313,29.2143],[76.3041,29.2159],[76.2953,29.221],[76.2883,29.2121],[76.2812,29.2159],[76.2731,29.2092],[76.2707,29.2089],[76.2744,29.2072],[76.2801,29.2089],[76.2832,29.2071],[76.285,29.2031],[76.2868,29.2024],[76.2908,29.198],[76.2918,29.1937],[76.2944,29.1913],[76.3001,29.1881],[76.2992,29.1842],[76.2989,29.1781],[76.2954,29.1774],[76.2974,29.1661],[76.2971,29.1626],[76.299,29.1542],[76.3022,29.1486],[76.3034,29.1445],[76.3053,29.1441],[76.3062,29.1363],[76.3051,29.1296],[76.306,29.1254],[76.3102,29.1203],[76.3181,29.1171],[76.3174,29.1127],[76.3152,29.1093],[76.3058,29.1007],[76.3015,29.0947],[76.3014,29.086],[76.3085,29.0849],[76.3138,29.0833],[76.3212,29.0874],[76.3305,29.084],[76.3374,29.0828],[76.3459,29.0826],[76.3501,29.0832],[76.3522,29.0822],[76.3567,29.0774],[76.361,29.0748],[76.3712,29.0707],[76.3795,29.0656],[76.3878,29.0685],[76.3948,29.0726],[76.3988,29.0756],[76.4028,29.0757],[76.4113,29.0726],[76.4144,29.0704],[76.4251,29.0654],[76.4306,29.0605],[76.4349,29.0585],[76.4436,29.0554],[76.4474,29.0614],[76.4493,29.0618],[76.4546,29.0608],[76.4591,29.0637],[76.4625,29.0669],[76.4686,29.0793],[76.4689,29.0817],[76.4708,29.0836],[76.4732,29.0831],[76.4775,29.0921]]]},"properties":{"id":"in:subdistrict:384","level":"subdistrict","name":"Julana","code":384,"parent":"in:district:65","state":"in:state:6"}},{"type":"Feature","geometry":{"type":"Polygon","coordinates":[[[76.2233,29.2226],[76.2182,29.2211],[76.2134,29.2205],[76.2095,29.2211],[76.2113,29.2167],[76.2107,29.2151],[76.2045,29.2135],[76.2024,29.212],[76.1959,29.2002],[76.1925,29.1977],[76.1968,29.1924],[76.1983,29.1884],[76.2007,29.1848],[76.2016,29.1781],[76.2035,29.1717],[76.2065,29.1706],[76.2089,29.1676],[76.2045,29.1647],[76.1989,29.1526],[76.1987,29.1489],[76.1914,29.1463],[76.1899,29.1444],[76.1802,29.1405],[76.1727,29.1406],[76.1704,29.1349],[76.1663,29.1332],[76.1599,29.1361],[76.1567,29.1367],[76.1556,29.1352],[76.1501,29.1334],[76.1431,29.1296],[76.1399,29.1272],[76.1343,29.1244],[76.1304,29.1241],[76.1283,29.1207],[76.1235,29.1221],[76.1174,29.1227],[76.1038,29.1231],[76.1023,29.1244],[76.1017,29.1354],[76.0987,29.1399],[76.0983,29.1444],[76.0932,29.1464],[76.0883,29.1467],[76.0797,29.1463],[76.071,29.1482],[76.0659,29.1442],[76.0533,29.1451],[76.0529,29.149],[76.0495,29.154],[76.0457,29.1563],[76.0453,29.1609],[76.0418,29.1631],[76.0431,29.1649],[76.0452,29.1838],[76.0504,29.1849],[76.0555,29.1841],[76.0583,29.1878],[76.0615,29.1904],[76.0627,29.1938],[76.0653,29.1964],[76.0687,29.1968],[76.071,29.2007],[76.0712,29.2073],[76.066,29.2077],[76.0634,29.209],[76.0562,29.2102],[76.0517,29.2131],[76.0492,29.2133],[76.0482,29.2176],[76.0488,29.2232],[76.0471,29.2256],[76.0442,29.2271],[76.0439,29.2323],[76.0383,29.2341],[76.0342,29.2379],[76.0305,29.2422],[76.027,29.2443],[76.0215,29.25],[76.0214,29.2576],[76.0243,29.2612],[76.0297,29.2703],[76.0303,29.2758],[76.0284,29.2833],[76.029,29.2887],[76.0263,29.2922],[76.027,29.2953],[76.0218,29.2991],[76.0198,29.2991],[76.0093,29.303],[75.9979,29.3043],[75.9922,29.3081],[75.9897,29.3081],[75.9805,29.3124],[75.9804,29.314],[75.9731,29.3146],[75.969,29.3197],[75.9648,29.3204],[75.9505,29.3203],[75.9463,29.3188],[75.9382,29.3183],[75.9369,29.3203],[75.9342,29.3203],[75.9308,29.3183],[75.9279,29.3184],[75.922,29.3152],[75.9164,29.3144],[75.9141,29.3105],[75.9137,29.3024],[75.9151,29.3018],[75.9152,29.292],[75.9116,29.2925],[75.9099,29.2879],[75.9097,29.2845],[75.906,29.2774],[75.9011,29.2735],[75.8953,29.2718],[75.8894,29.2714],[75.875,29.2639],[75.8707,29.2638],[75.8661,29.2627],[75.8647,29.2595],[75.864,29.252],[75.8602,29.2469],[75.8583,29.2401],[75.8547,29.2359],[75.8535,29.2314],[75.8507,29.2288],[75.8548,29.2282],[75.8613,29.2283],[75.8684,29.2267],[75.8734,29.2235],[75.876,29.2229],[75.8773,29.2188],[75.8854,29.2138],[75.8869,29.209],[75.8936,29.2082],[75.892,29.2048],[75.8913,29.2009],[75.8898,29.1978],[75.8957,29.1943],[75.9031,29.1911],[75.9025,29.1862],[75.9007,29.1822],[75.9006,29.1744],[75.8995,29.1743],[75.8978,29.1669],[75.894,29.162],[75.8935,29.1595],[75.9018,29.154],[75.9048,29.1453],[75.9068,29.1437],[75.9088,29.1391],[75.907,29.1319],[75.9032,29.1215],[75.8986,29.1131],[75.889,29.1103],[75.884,29.1074],[75.881,29.1047],[75.8789,29.1011],[75.8779,29.0967],[75.8755,29.0928],[75.871,29.0894],[75.8641,29.0864],[75.8626,29.0844],[75.8701,29.0795],[75.8724,29.0767],[75.8724,29.0715],[75.8694,29.0683],[75.8701,29.067],[75.8683,29.0601],[75.864,29.0604],[75.8617,29.0569],[75.8577,29.0545],[75.8535,29.0531],[75.8495,29.0504],[75.8443,29.0498],[75.8363,29.0518],[75.8327,29.0476],[75.8301,29.0378],[75.8297,29.0336],[75.8276,29.0273],[75.826,29.025],[75.8238,29.0195],[75.8165,29.0226],[75.814,29.0185],[75.8134,29.016],[75.8093,29.0089],[75.8029,29.0055],[75.7996,29.0002],[75.7976,28.9993],[75.7977,28.9962],[75.7937,28.987],[75.7942,28.9714],[75.7957,28.9647],[75.8064,28.9643],[75.8088,28.9637],[75.817,28.9647],[75.8251,28.9643],[75.83,28.9649],[75.8393,28.9648],[75.8425,28.9625],[75.8476,28.9565],[75.8506,28.9559],[75.8532,28.9526],[75.8569,28.9557],[75.8622,28.959],[75.867,28.9643],[75.8737,28.9691],[75.8779,28.971],[75.884,28.9814],[75.8869,28.9882],[75.8931,28.986],[75.8957,28.986],[75.8968,28.9881],[75.8968,28.9919],[75.8984,28.9974],[75.8975,29.004],[75.8998,29.0071],[75.9045,29.0172],[75.912,29.0215],[75.9223,29.0231],[75.9304,29.0194],[75.9359,29.0152],[75.9467,29.0094],[75.9505,29.0045],[75.9553,29.0045],[75.959,29],[75.9664,28.9975],[75.9791,28.9953],[75.9797,28.998],[75.9784,29],[75.9781,29.0114],[75.9772,29.0139],[75.9778,29.0179],[75.9775,29.0274],[75.9784,29.0309],[75.9746,29.032],[75.9734,29.043],[75.9717,29.0489],[75.9678,29.0582],[75.9689,29.0602],[75.968,29.0626],[75.9759,29.0672],[75.9788,29.0713],[75.9834,29.0805],[75.9844,29.0808],[75.9904,29.077],[75.9945,29.0718],[76,29.0673],[76.0102,29.061],[76.0128,29.0602],[76.0224,29.062],[76.0275,29.0644],[76.0314,29.0644],[76.0393,29.0613],[76.044,29.066],[76.0453,29.0622],[76.0437,29.0579],[76.0436,29.0454],[76.044,29.0419],[76.0456,29.0372],[76.0523,29.0299],[76.0591,29.0269],[76.0648,29.0235],[76.0685,29.0228],[76.075,29.0229],[76.0759,29.0306],[76.0756,29.0333],[76.0778,29.0379],[76.0803,29.0411],[76.0877,29.0449],[76.0922,29.0449],[76.1002,29.0463],[76.1158,29.0411],[76.1183,29.0409],[76.1316,29.0351],[76.1331,29.0397],[76.1372,29.0454],[76.1418,29.0443],[76.1504,29.0441],[76.1521,29.0458],[76.1666,29.0507],[76.177,29.0507],[76.1799,29.052],[76.1817,29.051],[76.1875,29.0506],[76.1911,29.051],[76.1931,29.0483],[76.2011,29.0408],[76.2015,29.0344],[76.2066,29.0299],[76.203,29.0281],[76.2001,29.0247],[76.1996,29.0221],[76.1969,29.0182],[76.1971,29.0168],[76.2006,29.0156],[76.2028,29.0098],[76.2015,29.0069],[76.2091,29.0027],[76.2096,29],[76.2117,28.999],[76.2171,28.9945],[76.2251,28.9914],[76.2287,28.9893],[76.2355,28.9976],[76.2353,29],[76.2394,29.0006],[76.2441,29.0039],[76.246,29.0042],[76.2451,29.0104],[76.2483,29.0191],[76.2506,29.0228],[76.2491,29.0289],[76.2438,29.0373],[76.2427,29.0429],[76.2394,29.0464],[76.2396,29.0523],[76.2448,29.061],[76.2531,29.0599],[76.2563,29.0639],[76.2592,29.0636],[76.2656,29.065],[76.2713,29.0649],[76.2755,29.0634],[76.2783,29.0658],[76.2833,29.0644],[76.2855,29.0688],[76.2896,29.0709],[76.2923,29.0734],[76.2968,29.0821],[76.2994,29.0856],[76.3014,29.086],[76.3015,29.0947],[76.3058,29.1007],[76.3152,29.1093],[76.3174,29.1127],[76.3181,29.1171],[76.3102,29.1203],[76.306,29.1254],[76.3051,29.1296],[76.3062,29.1363],[76.3053,29.1441],[76.3034,29.1445],[76.3022,29.1486],[76.299,29.1542],[76.2971,29.1626],[76.2974,29.1661],[76.2954,29.1774],[76.2989,29.1781],[76.2992,29.1842],[76.3001,29.1881],[76.2944,29.1913],[76.2918,29.1937],[76.2908,29.198],[76.2868,29.2024],[76.285,29.2031],[76.2832,29.2071],[76.2801,29.2089],[76.2744,29.2072],[76.2707,29.2089],[76.2619,29.2072],[76.258,29.2077],[76.2553,29.2095],[76.248,29.2126],[76.2411,29.2124],[76.2369,29.2136],[76.2319,29.2161],[76.2259,29.2184],[76.2233,29.2226]]]},"properties":{"id":"in:subdistrict:396","level":"subdistrict","name":"Hansi","code":396,"parent":"in:district:63","state":"in:state:6"}},{"type":"Feature","geometry":{"type":"Polygon","coordinates":[[[76.0932,29.4041],[76.087,29.4016],[76.0849,29.3984],[76.0823,29.3969],[76.0821,29.3941],[76.0794,29.3919],[76.0807,29.3885],[76.0807,29.3836],[76.0821,29.381],[76.0808,29.3748],[76.0771,29.3717],[76.075,29.3712],[76.0742,29.3662],[76.0771,29.3647],[76.0805,29.3581],[76.0853,29.3527],[76.0858,29.349],[76.0836,29.3474],[76.078,29.3468],[76.0738,29.343],[76.0731,29.3403],[76.069,29.3344],[76.0671,29.3336],[76.0612,29.3289],[76.0604,29.3241],[76.0584,29.3209],[76.0551,29.3203],[76.053,29.3171],[76.0527,29.3101],[76.0478,29.3004],[76.0441,29.2997],[76.0405,29.3024],[76.0367,29.3028],[76.0325,29.3012],[76.027,29.2953],[76.0263,29.2922],[76.029,29.2887],[76.0284,29.2833],[76.0303,29.2758],[76.0297,29.2703],[76.0243,29.2612],[76.0214,29.2576],[76.0215,29.25],[76.027,29.2443],[76.0305,29.2422],[76.0342,29.2379],[76.0383,29.2341],[76.0439,29.2323],[76.0442,29.2271],[76.0471,29.2256],[76.0488,29.2232],[76.0482,29.2176],[76.0492,29.2133],[76.0517,29.2131],[76.0562,29.2102],[76.0634,29.209],[76.066,29.2077],[76.0712,29.2073],[76.071,29.2007],[76.0687,29.1968],[76.0653,29.1964],[76.0627,29.1938],[76.0615,29.1904],[76.0583,29.1878],[76.0555,29.1841],[76.0504,29.1849],[76.0452,29.1838],[76.0431,29.1649],[76.0418,29.1631],[76.0453,29.1609],[76.0457,29.1563],[76.0495,29.154],[76.0529,29.149],[76.0533,29.1451],[76.0659,29.1442],[76.071,29.1482],[76.0797,29.1463],[76.0883,29.1467],[76.0932,29.1464],[76.0983,29.1444],[76.0987,29.1399],[76.1017,29.1354],[76.1023,29.1244],[76.1038,29.1231],[76.1174,29.1227],[76.1235,29.1221],[76.1283,29.1207],[76.1304,29.1241],[76.1343,29.1244],[76.1399,29.1272],[76.1431,29.1296],[76.1501,29.1334],[76.1556,29.1352],[76.1567,29.1367],[76.1599,29.1361],[76.1663,29.1332],[76.1704,29.1349],[76.1727,29.1406],[76.1802,29.1405],[76.1899,29.1444],[76.1914,29.1463],[76.1987,29.1489],[76.1989,29.1526],[76.2045,29.1647],[76.2089,29.1676],[76.2065,29.1706],[76.2035,29.1717],[76.2016,29.1781],[76.2007,29.1848],[76.1983,29.1884],[76.1968,29.1924],[76.1925,29.1977],[76.1959,29.2002],[76.2024,29.212],[76.2045,29.2135],[76.2107,29.2151],[76.2113,29.2167],[76.2095,29.2211],[76.2134,29.2205],[76.2182,29.2211],[76.2233,29.2226],[76.2243,29.2278],[76.2281,29.2388],[76.2158,29.2454],[76.2114,29.2482],[76.2147,29.2533],[76.2136,29.2562],[76.2098,29.2585],[76.2062,29.2594],[76.2028,29.2635],[76.2071,29.2652],[76.2021,29.2702],[76.1971,29.2789],[76.1867,29.2861],[76.1883,29.2918],[76.191,29.2935],[76.1927,29.2967],[76.196,29.2994],[76.1985,29.3056],[76.2017,29.3093],[76.2062,29.3162],[76.2093,29.3196],[76.204,29.3232],[76.2018,29.3268],[76.1914,29.331],[76.1828,29.3366],[76.1781,29.3403],[76.1817,29.3437],[76.1861,29.3497],[76.1937,29.3553],[76.1981,29.3601],[76.2067,29.3645],[76.2069,29.3716],[76.206,29.3717],[76.2056,29.3784],[76.2065,29.3811],[76.203,29.3859],[76.2031,29.3959],[76.2022,29.3965],[76.1991,29.3976],[76.1985,29.4029],[76.1936,29.4066],[76.1916,29.4101],[76.1852,29.4129],[76.1738,29.4125],[76.1674,29.4134],[76.1641,29.4149],[76.1614,29.4185],[76.1573,29.42],[76.154,29.4186],[76.153,29.4143],[76.1447,29.4111],[76.1429,29.4073],[76.1386,29.4018],[76.1358,29.4],[76.1346,29.3948],[76.1318,29.3901],[76.1265,29.3934],[76.1218,29.3998],[76.1165,29.4045],[76.1122,29.4064],[76.1075,29.4071],[76.0962,29.4035],[76.0932,29.4041]]]},"properties":{"id":"in:subdistrict:395","level":"subdistrict","name":"Narnaund","code":395,"parent":"in:district:63","state":"in:state:6"}},{"type":"Feature","geometry":{"type":"Polygon","coordinates":[[[75.3406,29.2808],[75.3471,29.2829],[75.3481,29.2886],[75.3479,29.2917],[75.3505,29.2974],[75.3536,29.2996],[75.3552,29.3041],[75.3547,29.3072],[75.3578,29.3099],[75.365,29.3098],[75.3694,29.3111],[75.3815,29.3126],[75.384,29.3138],[75.391,29.3154],[75.3942,29.317],[75.3985,29.3178],[75.3984,29.3298],[75.399,29.3341],[75.3985,29.3367],[75.4011,29.3426],[75.4063,29.3427],[75.4152,29.3457],[75.4168,29.3483],[75.4201,29.3511],[75.4236,29.3554],[75.4269,29.3619],[75.4278,29.3686],[75.435,29.369],[75.4389,29.3698],[75.4403,29.3655],[75.4424,29.3625],[75.4465,29.3589],[75.4497,29.3532],[75.4563,29.3553],[75.459,29.3554],[75.4693,29.3572],[75.4738,29.3588],[75.4687,29.3626],[75.4674,29.3666],[75.4709,29.3743],[75.4713,29.3766],[75.476,29.3837],[75.4817,29.3888],[75.482,29.3897],[75.4908,29.3932],[75.4981,29.395],[75.5093,29.3964],[75.5166,29.398],[75.5185,29.3931],[75.5198,29.3873],[75.5245,29.3708],[75.5297,29.3626],[75.5341,29.3619],[75.549,29.3607],[75.5599,29.3607],[75.5597,29.3572],[75.5724,29.3598],[75.5805,29.3583],[75.5837,29.3553],[75.5844,29.3533],[75.5838,29.346],[75.5855,29.3402],[75.5876,29.3377],[75.5904,29.3369],[75.5983,29.3376],[75.6006,29.338],[75.605,29.3445],[75.6046,29.3534],[75.5992,29.359],[75.5955,29.3606],[75.6026,29.3694],[75.6099,29.3717],[75.6154,29.3714],[75.6166,29.3845],[75.6143,29.3861],[75.6153,29.3924],[75.6153,29.3991],[75.6161,29.4032],[75.6201,29.4033],[75.6216,29.4079],[75.624,29.4094],[75.6309,29.4167],[75.6372,29.4162],[75.6385,29.4146],[75.6445,29.4197],[75.6479,29.4211],[75.6603,29.425],[75.673,29.4243],[75.6784,29.4254],[75.6891,29.4252],[75.6956,29.4256],[75.6998,29.4245],[75.7028,29.4247],[75.7105,29.4304],[75.7162,29.4293],[75.7195,29.425],[75.7308,29.417],[75.7248,29.4073],[75.7242,29.405],[75.7262,29.4028],[75.7323,29.3989],[75.7381,29.3964],[75.7456,29.4014],[75.7495,29.4026],[75.7551,29.4058],[75.7557,29.4078],[75.7595,29.4095],[75.7685,29.4151],[75.7716,29.415],[75.776,29.4243],[75.781,29.4375],[75.7792,29.4407],[75.7761,29.4418],[75.7723,29.4472],[75.7683,29.4553],[75.7608,29.4668],[75.7549,29.4783],[75.7518,29.4803],[75.7527,29.4858],[75.7549,29.4946],[75.7574,29.5],[75.7619,29.5066],[75.7703,29.5093],[75.7775,29.5105],[75.7838,29.5133],[75.7878,29.5181],[75.7897,29.5275],[75.7887,29.5311],[75.7899,29.5367],[75.7835,29.5372],[75.7764,29.5421],[75.7674,29.55],[75.7632,29.5503],[75.7534,29.5468],[75.7497,29.547],[75.7496,29.553],[75.7486,29.5553],[75.7512,29.565],[75.7506,29.5723],[75.7521,29.578],[75.7501,29.5938],[75.7501,29.5979],[75.7515,29.6008],[75.7552,29.6023],[75.757,29.6015],[75.7594,29.5978],[75.7651,29.5936],[75.7662,29.5911],[75.7703,29.5899],[75.7774,29.5859],[75.7882,29.5895],[75.7905,29.5897],[75.7942,29.592],[75.8008,29.5987],[75.7997,29.6074],[75.8016,29.6117],[75.7958,29.6159],[75.7901,29.6188],[75.7869,29.6192],[75.7829,29.6182],[75.774,29.6173],[75.7612,29.6179],[75.7591,29.6231],[75.7585,29.6301],[75.756,29.6359],[75.7485,29.6365],[75.7404,29.6396],[75.7363,29.6393],[75.7314,29.6408],[75.7297,29.6423],[75.7247,29.6419],[75.723,29.6388],[75.7233,29.634],[75.721,29.6281],[75.7199,29.6226],[75.7222,29.6202],[75.7212,29.6188],[75.7176,29.6189],[75.7148,29.6202],[75.7121,29.6187],[75.7119,29.6157],[75.7096,29.6138],[75.7067,29.6141],[75.7045,29.6123],[75.6978,29.6088],[75.6955,29.6116],[75.696,29.616],[75.6975,29.6166],[75.6993,29.6204],[75.6995,29.6267],[75.6959,29.6297],[75.6914,29.6312],[75.6832,29.6316],[75.6801,29.6297],[75.678,29.6301],[75.6773,29.6369],[75.6724,29.6343],[75.6717,29.6303],[75.6688,29.626],[75.6622,29.6191],[75.6618,29.6166],[75.6563,29.6163],[75.6525,29.619],[75.6484,29.6151],[75.6474,29.6096],[75.6418,29.6085],[75.639,29.6103],[75.6364,29.6045],[75.6338,29.6003],[75.6354,29.5957],[75.6353,29.5895],[75.6326,29.5852],[75.6271,29.5793],[75.6209,29.576],[75.615,29.5805],[75.6129,29.5843],[75.6095,29.587],[75.6072,29.5872],[75.6057,29.5918],[75.5993,29.5871],[75.596,29.589],[75.5927,29.5924],[75.5881,29.5938],[75.5845,29.5924],[75.5708,29.5899],[75.569,29.5846],[75.5651,29.5826],[75.5568,29.5847],[75.5562,29.587],[75.5492,29.5886],[75.5453,29.5908],[75.5364,29.5899],[75.5342,29.587],[75.5307,29.586],[75.5265,29.5882],[75.5222,29.5884],[75.5207,29.5903],[75.5206,29.5934],[75.5191,29.5963],[75.5181,29.6046],[75.514,29.6092],[75.5148,29.6137],[75.5197,29.6183],[75.522,29.6228],[75.5244,29.6299],[75.5284,29.6367],[75.5289,29.6449],[75.526,29.644],[75.5176,29.6448],[75.5121,29.6492],[75.5098,29.6499],[75.5049,29.6533],[75.4994,29.6586],[75.4984,29.6564],[75.499,29.6518],[75.4982,29.6425],[75.4971,29.6359],[75.4955,29.6314],[75.4941,29.6214],[75.4938,29.6165],[75.4906,29.6131],[75.4901,29.6035],[75.488,29.5978],[75.4783,29.5952],[75.4751,29.5938],[75.4725,29.5979],[75.4701,29.6037],[75.4678,29.6076],[75.464,29.616],[75.4603,29.6256],[75.4573,29.6293],[75.4546,29.6313],[75.4449,29.6365],[75.4367,29.6444],[75.4371,29.6504],[75.4401,29.6613],[75.4418,29.6711],[75.4335,29.6746],[75.425,29.6815],[75.4202,29.6838],[75.4166,29.6864],[75.4118,29.6868],[75.4094,29.6838],[75.4031,29.6818],[75.3983,29.6784],[75.3977,29.6758],[75.3951,29.6733],[75.3914,29.6722],[75.388,29.6668],[75.3905,29.6602],[75.3927,29.6526],[75.3981,29.6385],[75.3973,29.6353],[75.3937,29.6299],[75.3937,29.6267],[75.3901,29.6131],[75.391,29.6061],[75.387,29.6043],[75.3843,29.6041],[75.3744,29.6061],[75.3717,29.6095],[75.3673,29.6129],[75.3656,29.6173],[75.3666,29.6254],[75.3663,29.6302],[75.3637,29.6348],[75.3572,29.6411],[75.3583,29.6457],[75.3576,29.6497],[75.3594,29.652],[75.3574,29.6567],[75.3582,29.6607],[75.3541,29.6638],[75.3487,29.6666],[75.3435,29.6735],[75.3411,29.6752],[75.3343,29.6737],[75.3329,29.6726],[75.3319,29.6632],[75.3286,29.6589],[75.3253,29.656],[75.3223,29.6516],[75.3212,29.6466],[75.3235,29.6425],[75.3209,29.639],[75.3193,29.6345],[75.3166,29.6306],[75.3112,29.6295],[75.3094,29.6264],[75.3058,29.6245],[75.297,29.6255],[75.2959,29.6241],[75.2955,29.6187],[75.2944,29.6148],[75.2898,29.609],[75.2901,29.6073],[75.2978,29.6037],[75.3035,29.6026],[75.3041,29.5981],[75.3053,29.596],[75.3109,29.5924],[75.314,29.5893],[75.3165,29.5903],[75.3198,29.5876],[75.3126,29.5818],[75.3113,29.5801],[75.3104,29.5761],[75.3095,29.5608],[75.303,29.5597],[75.301,29.556],[75.3039,29.5493],[75.3027,29.5457],[75.3028,29.5419],[75.2969,29.5381],[75.2949,29.5338],[75.2961,29.5299],[75.2986,29.5274],[75.3009,29.5235],[75.296,29.5237],[75.2933,29.521],[75.2878,29.5179],[75.278,29.515],[75.274,29.5092],[75.2781,29.5045],[75.2803,29.5],[75.2877,29.4937],[75.2811,29.4799],[75.281,29.4737],[75.2868,29.4614],[75.2921,29.4526],[75.2984,29.4449],[75.3021,29.4422],[75.3011,29.4393],[75.2957,29.4328],[75.2857,29.4229],[75.2762,29.4232],[75.266,29.4226],[75.2587,29.4213],[75.2464,29.4197],[75.2381,29.4182],[75.235,29.4187],[75.2339,29.4122],[75.2268,29.4045],[75.2243,29.4026],[75.22,29.3976],[75.2212,29.3957],[75.227,29.3808],[75.2281,29.3795],[75.2422,29.3759],[75.243,29.3764],[75.25,29.3708],[75.2539,29.3667],[75.2572,29.3651],[75.2634,29.3603],[75.2652,29.3457],[75.2578,29.34],[75.2559,29.3367],[75.254,29.336],[75.2468,29.3356],[75.2356,29.3357],[75.2341,29.3327],[75.2263,29.3248],[75.2283,29.3198],[75.2354,29.3101],[75.2411,29.2972],[75.2382,29.2868],[75.2374,29.278],[75.2341,29.2687],[75.2384,29.2603],[75.2434,29.2539],[75.2452,29.2502],[75.25,29.2516],[75.2718,29.2515],[75.2773,29.2508],[75.2792,29.2496],[75.2839,29.2499],[75.2831,29.2546],[75.2853,29.2588],[75.285,29.2691],[75.2878,29.2735],[75.2906,29.2736],[75.2974,29.2718],[75.3058,29.2746],[75.3129,29.279],[75.3184,29.2838],[75.322,29.2895],[75.3293,29.2886],[75.335,29.2869],[75.34,29.2828],[75.3406,29.2808]]]},"properties":{"id":"in:subdistrict:388","level":"subdistrict","name":"Fatehabad","code":388,"parent":"in:district:61","state":"in:state:6"}},{"type":"Feature","geometry":{"type":"Polygon","coordinates":[[[75.5273,28.9705],[75.5377,28.968],[75.5481,28.9664],[75.5582,28.9754],[75.5649,28.9805],[75.5792,28.9817],[75.5799,28.9842],[75.5865,28.9827],[75.5899,28.984],[75.5944,28.9891],[75.5998,28.9899],[75.6083,28.9882],[75.6159,28.9856],[75.6202,28.9836],[75.6282,28.9762],[75.6306,28.9759],[75.6297,28.9731],[75.6323,28.9708],[75.6356,28.9693],[75.6368,28.9674],[75.6361,28.9627],[75.6393,28.9615],[75.6397,28.9571],[75.6382,28.9552],[75.6402,28.9508],[75.6427,28.9496],[75.6434,28.9466],[75.6462,28.9459],[75.6481,28.9417],[75.6479,28.9377],[75.6496,28.9363],[75.6546,28.9367],[75.658,28.9384],[75.6624,28.938],[75.6645,28.9356],[75.6679,28.9293],[75.6719,28.9274],[75.6718,28.9248],[75.674,28.9193],[75.6786,28.9156],[75.6803,28.9122],[75.685,28.9108],[75.6911,28.9072],[75.6952,28.9059],[75.7048,28.9045],[75.7093,28.9043],[75.7142,28.9032],[75.7245,28.9049],[75.7306,28.9052],[75.744,28.9052],[75.7538,28.9048],[75.7678,28.8988],[75.7705,28.8989],[75.7776,28.9121],[75.7779,28.9181],[75.7855,28.9213],[75.7917,28.9252],[75.7997,28.9258],[75.8113,28.9191],[75.8138,28.9156],[75.8226,28.9144],[75.829,28.913],[75.8321,28.9115],[75.8373,28.9126],[75.8476,28.9209],[75.8509,28.9255],[75.8581,28.9344],[75.8587,28.9394],[75.8532,28.9526],[75.8506,28.9559],[75.8476,28.9565],[75.8425,28.9625],[75.8393,28.9648],[75.83,28.9649],[75.8251,28.9643],[75.817,28.9647],[75.8088,28.9637],[75.8064,28.9643],[75.7957,28.9647],[75.7942,28.9714],[75.7937,28.987],[75.7977,28.9962],[75.7976,28.9993],[75.7996,29.0002],[75.8029,29.0055],[75.8093,29.0089],[75.8134,29.016],[75.814,29.0185],[75.8165,29.0226],[75.8238,29.0195],[75.826,29.025],[75.8276,29.0273],[75.8297,29.0336],[75.8301,29.0378],[75.8327,29.0476],[75.8363,29.0518],[75.8443,29.0498],[75.8495,29.0504],[75.8535,29.0531],[75.8577,29.0545],[75.8617,29.0569],[75.864,29.0604],[75.8683,29.0601],[75.8701,29.067],[75.8694,29.0683],[75.8724,29.0715],[75.8724,29.0767],[75.8701,29.0795],[75.8626,29.0844],[75.8641,29.0864],[75.871,29.0894],[75.8755,29.0928],[75.8779,29.0967],[75.8789,29.1011],[75.881,29.1047],[75.884,29.1074],[75.889,29.1103],[75.8986,29.1131],[75.9032,29.1215],[75.907,29.1319],[75.9088,29.1391],[75.9068,29.1437],[75.9048,29.1453],[75.9018,29.154],[75.8935,29.1595],[75.894,29.162],[75.8978,29.1669],[75.8995,29.1743],[75.9006,29.1744],[75.9007,29.1822],[75.9025,29.1862],[75.9031,29.1911],[75.8957,29.1943],[75.8898,29.1978],[75.8913,29.2009],[75.892,29.2048],[75.8936,29.2082],[75.8869,29.209],[75.8854,29.2138],[75.8773,29.2188],[75.876,29.2229],[75.8734,29.2235],[75.8684,29.2267],[75.8613,29.2283],[75.8548,29.2282],[75.8507,29.2288],[75.8535,29.2314],[75.8547,29.2359],[75.8583,29.2401],[75.8602,29.2469],[75.864,29.252],[75.8647,29.2595],[75.8661,29.2627],[75.8707,29.2638],[75.875,29.2639],[75.8894,29.2714],[75.8953,29.2718],[75.9011,29.2735],[75.906,29.2774],[75.9097,29.2845],[75.9099,29.2879],[75.9116,29.2925],[75.9152,29.292],[75.9151,29.3018],[75.9137,29.3024],[75.9141,29.3105],[75.9164,29.3144],[75.922,29.3152],[75.9279,29.3184],[75.9308,29.3183],[75.9342,29.3203],[75.9369,29.3203],[75.9382,29.3183],[75.9463,29.3188],[75.9505,29.3203],[75.9648,29.3204],[75.969,29.3197],[75.9731,29.3146],[75.9804,29.314],[75.9805,29.3124],[75.9897,29.3081],[75.9922,29.3081],[75.9979,29.3043],[76.0093,29.303],[76.0198,29.2991],[76.0218,29.2991],[76.027,29.2953],[76.0325,29.3012],[76.0367,29.3028],[76.0405,29.3024],[76.0441,29.2997],[76.0478,29.3004],[76.0527,29.3101],[76.053,29.3171],[76.0551,29.3203],[76.0584,29.3209],[76.0604,29.3241],[76.0612,29.3289],[76.0671,29.3336],[76.069,29.3344],[76.0731,29.3403],[76.0738,29.343],[76.078,29.3468],[76.0836,29.3474],[76.0858,29.349],[76.0853,29.3527],[76.0805,29.3581],[76.0771,29.3647],[76.0742,29.3662],[76.075,29.3712],[76.0771,29.3717],[76.0808,29.3748],[76.0821,29.381],[76.0807,29.3836],[76.0807,29.3885],[76.0794,29.3919],[76.0821,29.3941],[76.0823,29.3969],[76.0849,29.3984],[76.087,29.4016],[76.0932,29.4041],[76.0904,29.4067],[76.086,29.4092],[76.0844,29.4113],[76.0841,29.4143],[76.0821,29.4193],[76.0811,29.4236],[76.0824,29.4248],[76.0803,29.4296],[76.0829,29.4366],[76.0801,29.4386],[76.0807,29.4401],[76.0762,29.4415],[76.071,29.4412],[76.0646,29.44],[76.0511,29.4399],[76.0447,29.4323],[76.0394,29.4304],[76.036,29.4271],[76.0339,29.4265],[76.0298,29.4274],[76.0273,29.4226],[76.0246,29.4237],[76.0231,29.4261],[76.0199,29.4274],[76.0197,29.4368],[76.0166,29.4397],[76.0119,29.4425],[76.0059,29.4423],[76.0057,29.445],[76.0008,29.4469],[75.996,29.4471],[75.9983,29.4556],[75.9988,29.4607],[76.0045,29.4625],[76.0074,29.4668],[76.009,29.4714],[76.012,29.4774],[76.014,29.4796],[76.0063,29.4862],[75.9882,29.4888],[75.9815,29.492],[75.9755,29.492],[75.9651,29.4952],[75.9606,29.4972],[75.9574,29.4973],[75.9498,29.4941],[75.9399,29.4972],[75.9351,29.4978],[75.933,29.4991],[75.9339,29.5052],[75.935,29.5082],[75.9383,29.5128],[75.9427,29.5156],[75.9495,29.5174],[75.9509,29.5206],[75.9559,29.529],[75.958,29.5346],[75.9604,29.5389],[75.9594,29.542],[75.9607,29.5466],[75.963,29.5509],[75.9637,29.5541],[75.9632,29.5627],[75.959,29.566],[75.9561,29.5669],[75.9539,29.5693],[75.9497,29.5702],[75.9457,29.5754],[75.9419,29.5761],[75.9396,29.58],[75.9348,29.5802],[75.9281,29.5776],[75.9248,29.5727],[75.9236,29.5647],[75.921,29.5616],[75.9195,29.5581],[75.9164,29.554],[75.9096,29.5544],[75.9005,29.5573],[75.8951,29.5579],[75.8942,29.5535],[75.897,29.5457],[75.895,29.5374],[75.8943,29.5364],[75.8883,29.5371],[75.8769,29.5377],[75.873,29.5438],[75.8717,29.5482],[75.8719,29.5558],[75.8587,29.5507],[75.8536,29.5448],[75.8523,29.5392],[75.8551,29.5363],[75.8549,29.5291],[75.8539,29.5248],[75.8484,29.5208],[75.8442,29.516],[75.8398,29.5098],[75.8342,29.5085],[75.8224,29.5122],[75.8164,29.5181],[75.8069,29.5214],[75.8014,29.5205],[75.7989,29.5156],[75.7946,29.516],[75.7878,29.5181],[75.7838,29.5133],[75.7775,29.5105],[75.7703,29.5093],[75.7619,29.5066],[75.7574,29.5],[75.7549,29.4946],[75.7527,29.4858],[75.7518,29.4803],[75.7549,29.4783],[75.7608,29.4668],[75.7683,29.4553],[75.7723,29.4472],[75.7761,29.4418],[75.7792,29.4407],[75.781,29.4375],[75.776,29.4243],[75.7716,29.415],[75.7685,29.4151],[75.7595,29.4095],[75.7557,29.4078],[75.7551,29.4058],[75.7495,29.4026],[75.7456,29.4014],[75.7381,29.3964],[75.7323,29.3989],[75.7262,29.4028],[75.7242,29.405],[75.7248,29.4073],[75.7308,29.417],[75.7195,29.425],[75.7162,29.4293],[75.7105,29.4304],[75.7028,29.4247],[75.6998,29.4245],[75.6956,29.4256],[75.6891,29.4252],[75.6784,29.4254],[75.673,29.4243],[75.6603,29.425],[75.6479,29.4211],[75.6445,29.4197],[75.6385,29.4146],[75.6372,29.4162],[75.6309,29.4167],[75.624,29.4094],[75.6216,29.4079],[75.6201,29.4033],[75.6161,29.4032],[75.6153,29.3991],[75.6153,29.3924],[75.6143,29.3861],[75.6166,29.3845],[75.6154,29.3714],[75.6099,29.3717],[75.6026,29.3694],[75.5955,29.3606],[75.5992,29.359],[75.6046,29.3534],[75.605,29.3445],[75.6006,29.338],[75.5983,29.3376],[75.5987,29.3355],[75.6047,29.3251],[75.606,29.3197],[75.6087,29.3181],[75.6089,29.3157],[75.5974,29.3146],[75.5942,29.313],[75.5941,29.3106],[75.5888,29.3101],[75.5909,29.3053],[75.5907,29.3026],[75.5936,29.2994],[75.5934,29.2951],[75.5951,29.2939],[75.612,29.2929],[75.6107,29.2906],[75.6107,29.287],[75.6094,29.286],[75.6076,29.2738],[75.6091,29.2727],[75.609,29.2679],[75.6173,29.2632],[75.6181,29.2616],[75.622,29.2593],[75.6253,29.2594],[75.6253,29.2561],[75.6287,29.2562],[75.6309,29.2533],[75.6318,29.244],[75.6318,29.2371],[75.6333,29.2343],[75.633,29.2188],[75.6326,29.2159],[75.6289,29.2094],[75.6333,29.2071],[75.6295,29.2014],[75.6186,29.2014],[75.6034,29.2006],[75.5986,29.1979],[75.5965,29.2],[75.5895,29.201],[75.5845,29.2025],[75.5834,29.201],[75.5661,29.2009],[75.5651,29.1987],[75.562,29.1969],[75.557,29.1982],[75.5503,29.2013],[75.5453,29.202],[75.542,29.2036],[75.5337,29.2039],[75.5331,29.202],[75.5301,29.202],[75.5246,29.1994],[75.5248,29.197],[75.5295,29.1943],[75.5297,29.1834],[75.5257,29.1798],[75.5249,29.1748],[75.5223,29.1732],[75.5222,29.1706],[75.5199,29.1675],[75.52,29.1652],[75.5118,29.1656],[75.5086,29.1644],[75.5022,29.1644],[75.4985,29.162],[75.4948,29.162],[75.493,29.1603],[75.4878,29.1604],[75.4856,29.163],[75.4833,29.1703],[75.4711,29.1703],[75.4661,29.1681],[75.4641,29.166],[75.4538,29.1658],[75.4536,29.1611],[75.4548,29.1585],[75.4548,29.1513],[75.4496,29.1447],[75.4487,29.1427],[75.4417,29.1427],[75.4381,29.1448],[75.4332,29.141],[75.423,29.1412],[75.4193,29.1418],[75.415,29.1401],[75.4107,29.1396],[75.4047,29.1373],[75.404,29.1314],[75.4022,29.1279],[75.4058,29.1202],[75.3962,29.1125],[75.3942,29.1091],[75.3921,29.102],[75.3938,29.0982],[75.3969,29.0976],[75.3927,29.0922],[75.3924,29.0852],[75.3942,29.0782],[75.3944,29.0726],[75.3913,29.0627],[75.3947,29.0618],[75.4106,29.0622],[75.4207,29.0586],[75.4318,29.0564],[75.4383,29.0578],[75.4418,29.0575],[75.4439,29.0522],[75.4422,29.051],[75.4441,29.0476],[75.4503,29.0424],[75.4518,29.038],[75.4501,29.0353],[75.4471,29.0352],[75.4478,29.031],[75.4462,29.0297],[75.4449,29.0244],[75.4429,29.0209],[75.4457,29.018],[75.4451,29.0143],[75.4456,29.0085],[75.4505,29.0098],[75.4534,29.012],[75.4582,29.0135],[75.4629,29.0125],[75.4677,29.0138],[75.4752,29.0141],[75.4884,29.0119],[75.4955,29.0121],[75.497,29.0128],[75.5052,29.0118],[75.5156,29.0083],[75.5206,29.0044],[75.5208,29],[75.5224,28.9939],[75.5269,28.9853],[75.528,28.9772],[75.5273,28.9705]]]},"properties":{"id":"in:subdistrict:394","level":"subdistrict","name":"Hisar","code":394,"parent":"in:district:63","state":"in:state:6"}},{"type":"Feature","geometry":{"type":"Polygon","coordinates":[[[75.5451,28.6594],[75.5519,28.6571],[75.5602,28.6556],[75.567,28.653],[75.5698,28.653],[75.5817,28.6577],[75.5878,28.6582],[75.5913,28.6598],[75.5903,28.6696],[75.591,28.6773],[75.5905,28.6805],[75.591,28.6878],[75.5965,28.6883],[75.6004,28.6921],[75.6063,28.6953],[75.6085,28.6989],[75.6096,28.7063],[75.6086,28.7108],[75.6059,28.7172],[75.6111,28.7191],[75.6142,28.7212],[75.6179,28.722],[75.6188,28.7277],[75.6179,28.7318],[75.6188,28.7345],[75.6186,28.739],[75.6274,28.7435],[75.6343,28.7442],[75.6529,28.748],[75.655,28.7502],[75.6582,28.7504],[75.6595,28.7483],[75.6694,28.748],[75.6737,28.7473],[75.6817,28.7469],[75.683,28.7523],[75.6862,28.7593],[75.6886,28.7596],[75.6887,28.764],[75.6854,28.7641],[75.6856,28.7699],[75.6778,28.7696],[75.6743,28.7683],[75.6676,28.7673],[75.6548,28.7664],[75.654,28.7697],[75.6544,28.7764],[75.656,28.7772],[75.6581,28.782],[75.6607,28.7841],[75.6618,28.787],[75.6647,28.7882],[75.6654,28.7924],[75.6695,28.7927],[75.6733,28.7949],[75.6744,28.8016],[75.6768,28.8071],[75.6768,28.8121],[75.6746,28.8138],[75.6711,28.8193],[75.6723,28.8201],[75.671,28.8244],[75.6731,28.8305],[75.6713,28.838],[75.6725,28.8392],[75.6719,28.846],[75.672,28.8545],[75.6777,28.8549],[75.6819,28.8596],[75.6843,28.8665],[75.6886,28.8735],[75.6896,28.877],[75.694,28.8812],[75.6986,28.882],[75.7022,28.8846],[75.7031,28.8891],[75.7022,28.8983],[75.7048,28.9045],[75.6952,28.9059],[75.6911,28.9072],[75.685,28.9108],[75.6803,28.9122],[75.6786,28.9156],[75.674,28.9193],[75.6718,28.9248],[75.6719,28.9274],[75.6679,28.9293],[75.6645,28.9356],[75.6624,28.938],[75.658,28.9384],[75.6546,28.9367],[75.6496,28.9363],[75.6479,28.9377],[75.6481,28.9417],[75.6462,28.9459],[75.6434,28.9466],[75.6427,28.9496],[75.6402,28.9508],[75.6382,28.9552],[75.6397,28.9571],[75.6393,28.9615],[75.6361,28.9627],[75.6368,28.9674],[75.6356,28.9693],[75.6323,28.9708],[75.6297,28.9731],[75.6306,28.9759],[75.6282,28.9762],[75.6202,28.9836],[75.6159,28.9856],[75.6083,28.9882],[75.5998,28.9899],[75.5944,28.9891],[75.5899,28.984],[75.5865,28.9827],[75.5799,28.9842],[75.5792,28.9817],[75.5649,28.9805],[75.5582,28.9754],[75.5481,28.9664],[75.5377,28.968],[75.5273,28.9705],[75.5244,28.9695],[75.5212,28.9629],[75.5147,28.9607],[75.5123,28.9573],[75.5127,28.9553],[75.51,28.9539],[75.5089,28.9503],[75.5091,28.9463],[75.5119,28.9437],[75.5087,28.9422],[75.5077,28.9381],[75.5057,28.9359],[75.5005,28.9359],[75.5008,28.9339],[75.4943,28.9346],[75.4842,28.9346],[75.4805,28.9332],[75.4772,28.9347],[75.4763,28.9321],[75.4734,28.9234],[75.4743,28.9211],[75.4817,28.9113],[75.486,28.9075],[75.4876,28.9032],[75.4898,28.901],[75.4929,28.9011],[75.4943,28.8973],[75.4965,28.8963],[75.4974,28.8917],[75.4969,28.8853],[75.4981,28.8792],[75.4978,28.8769],[75.4986,28.8704],[75.4971,28.8549],[75.4985,28.849],[75.502,28.8509],[75.5053,28.8513],[75.5051,28.8444],[75.5077,28.8428],[75.5078,28.8392],[75.5153,28.8398],[75.5164,28.8383],[75.5151,28.8354],[75.5159,28.8339],[75.5196,28.8345],[75.5203,28.83],[75.519,28.8263],[75.5185,28.8167],[75.5195,28.8134],[75.5148,28.8107],[75.5144,28.8081],[75.5119,28.8043],[75.509,28.8028],[75.5087,28.7956],[75.5113,28.7936],[75.5047,28.7877],[75.5033,28.7835],[75.5091,28.7805],[75.5106,28.7811],[75.5151,28.7743],[75.518,28.7731],[75.5165,28.7708],[75.5181,28.7692],[75.521,28.7689],[75.523,28.7659],[75.5216,28.7646],[75.5221,28.761],[75.524,28.761],[75.5239,28.7572],[75.5259,28.7539],[75.5286,28.7522],[75.5291,28.7486],[75.5313,28.7468],[75.5354,28.7462],[75.5358,28.744],[75.533,28.7427],[75.5324,28.74],[75.5305,28.7383],[75.538,28.7266],[75.54,28.7249],[75.5399,28.7213],[75.5374,28.718],[75.5388,28.6997],[75.5399,28.6967],[75.5389,28.6948],[75.5441,28.6838],[75.5444,28.6815],[75.5436,28.6702],[75.5412,28.6605],[75.5451,28.6594]]]},"properties":{"id":"in:subdistrict:400","level":"subdistrict","name":"Siwani","code":400,"parent":"in:district:59","state":"in:state:6"}},{"type":"Feature","geometry":{"type":"Polygon","coordinates":[[[75.6281,28.5601],[75.6287,28.5602],[75.6357,28.5617],[75.6369,28.5635],[75.6409,28.5635],[75.6463,28.5694],[75.6491,28.5702],[75.6494,28.572],[75.6553,28.5771],[75.653,28.5796],[75.6511,28.5835],[75.6521,28.586],[75.6487,28.5871],[75.6477,28.5901],[75.6476,28.5993],[75.6435,28.6003],[75.644,28.6047],[75.6414,28.6085],[75.6438,28.613],[75.6475,28.6223],[75.6497,28.6229],[75.6541,28.6217],[75.661,28.6224],[75.6628,28.6216],[75.6636,28.6187],[75.6658,28.6178],[75.6676,28.6137],[75.6699,28.613],[75.6745,28.609],[75.6767,28.6058],[75.6804,28.5954],[75.6801,28.5868],[75.6788,28.583],[75.6865,28.5789],[75.6973,28.5777],[75.6993,28.5784],[75.7006,28.5812],[75.7032,28.5833],[75.711,28.5822],[75.7158,28.584],[75.7231,28.5858],[75.7329,28.5868],[75.7356,28.5882],[75.743,28.5889],[75.7502,28.5928],[75.7512,28.5961],[75.758,28.5968],[75.7655,28.5994],[75.769,28.6018],[75.7695,28.6075],[75.7715,28.6131],[75.7785,28.6131],[75.7827,28.6142],[75.7828,28.6189],[75.7895,28.6195],[75.7883,28.6254],[75.7888,28.6294],[75.7876,28.6341],[75.791,28.6383],[75.7934,28.6399],[75.7917,28.6423],[75.7819,28.6429],[75.7782,28.6419],[75.773,28.6426],[75.7726,28.6453],[75.7695,28.6461],[75.7642,28.6421],[75.7618,28.6422],[75.7606,28.6372],[75.7577,28.6374],[75.7558,28.6354],[75.7546,28.6314],[75.7513,28.6313],[75.7484,28.6284],[75.7426,28.629],[75.7446,28.6362],[75.748,28.6434],[75.7478,28.6472],[75.7391,28.65],[75.7319,28.6494],[75.7309,28.6448],[75.7292,28.6405],[75.7285,28.6341],[75.7249,28.6265],[75.7227,28.619],[75.7153,28.6208],[75.7152,28.6223],[75.705,28.6237],[75.7026,28.626],[75.7018,28.6289],[75.7018,28.6386],[75.7041,28.6416],[75.7029,28.6429],[75.7027,28.6498],[75.6993,28.6528],[75.6998,28.6549],[75.703,28.6607],[75.7063,28.664],[75.7115,28.6721],[75.7164,28.6706],[75.7214,28.673],[75.7302,28.6735],[75.7298,28.6637],[75.7475,28.6621],[75.7503,28.663],[75.7528,28.6658],[75.7559,28.6667],[75.7565,28.669],[75.76,28.6687],[75.7606,28.672],[75.7576,28.6743],[75.7535,28.6735],[75.7518,28.6745],[75.7505,28.6833],[75.7494,28.6866],[75.7512,28.6924],[75.7511,28.6942],[75.7543,28.6979],[75.7579,28.6981],[75.7645,28.7004],[75.7734,28.7022],[75.7734,28.7046],[75.7713,28.7141],[75.7627,28.7141],[75.7543,28.7134],[75.7581,28.7161],[75.7508,28.7255],[75.7451,28.728],[75.7422,28.7333],[75.7404,28.7378],[75.7304,28.7398],[75.7251,28.7421],[75.7195,28.7433],[75.7116,28.743],[75.7085,28.7435],[75.6982,28.7434],[75.6899,28.7466],[75.6869,28.7462],[75.6817,28.7469],[75.6737,28.7473],[75.6694,28.748],[75.6595,28.7483],[75.6582,28.7504],[75.655,28.7502],[75.6529,28.748],[75.6343,28.7442],[75.6274,28.7435],[75.6186,28.739],[75.6188,28.7345],[75.6179,28.7318],[75.6188,28.7277],[75.6179,28.722],[75.6142,28.7212],[75.6111,28.7191],[75.6059,28.7172],[75.6086,28.7108],[75.6096,28.7063],[75.6085,28.6989],[75.6063,28.6953],[75.6004,28.6921],[75.5965,28.6883],[75.591,28.6878],[75.5905,28.6805],[75.591,28.6773],[75.5903,28.6696],[75.5913,28.6598],[75.5878,28.6582],[75.5817,28.6577],[75.5698,28.653],[75.567,28.653],[75.5602,28.6556],[75.5519,28.6571],[75.5451,28.6594],[75.5443,28.6541],[75.5469,28.6496],[75.5471,28.646],[75.5498,28.641],[75.5549,28.6438],[75.5607,28.6359],[75.5603,28.6278],[75.5608,28.6252],[75.5615,28.6132],[75.5659,28.6129],[75.5784,28.6137],[75.5866,28.613],[75.5881,28.6075],[75.5911,28.6056],[75.5947,28.6058],[75.6013,28.604],[75.6107,28.6039],[75.6189,28.6033],[75.6224,28.6014],[75.6241,28.5956],[75.6232,28.589],[75.6242,28.5818],[75.6258,28.5752],[75.6258,28.5654],[75.6281,28.5601]]]},"properties":{"id":"in:subdistrict:401","level":"subdistrict","name":"Loharu","code":401,"parent":"in:district:59","state":"in:state:6"}},{"type":"Feature","geometry":{"type":"Polygon","coordinates":[[[75.7048,28.9045],[75.7022,28.8983],[75.7031,28.8891],[75.7022,28.8846],[75.6986,28.882],[75.694,28.8812],[75.6896,28.877],[75.6886,28.8735],[75.6843,28.8665],[75.6819,28.8596],[75.6777,28.8549],[75.672,28.8545],[75.6719,28.846],[75.6725,28.8392],[75.6713,28.838],[75.6731,28.8305],[75.671,28.8244],[75.6723,28.8201],[75.6711,28.8193],[75.6746,28.8138],[75.6768,28.8121],[75.6768,28.8071],[75.6744,28.8016],[75.6733,28.7949],[75.6695,28.7927],[75.6654,28.7924],[75.6647,28.7882],[75.6618,28.787],[75.6607,28.7841],[75.6581,28.782],[75.656,28.7772],[75.6544,28.7764],[75.654,28.7697],[75.6548,28.7664],[75.6676,28.7673],[75.6743,28.7683],[75.6778,28.7696],[75.6856,28.7699],[75.6854,28.7641],[75.6887,28.764],[75.6886,28.7596],[75.6862,28.7593],[75.683,28.7523],[75.6817,28.7469],[75.6869,28.7462],[75.6899,28.7466],[75.6982,28.7434],[75.7085,28.7435],[75.7116,28.743],[75.7195,28.7433],[75.7251,28.7421],[75.7304,28.7398],[75.7404,28.7378],[75.7422,28.7333],[75.7451,28.728],[75.7508,28.7255],[75.7581,28.7161],[75.7543,28.7134],[75.7627,28.7141],[75.7713,28.7141],[75.7734,28.7046],[75.7734,28.7022],[75.7751,28.702],[75.7777,28.6967],[75.7804,28.6928],[75.7821,28.6877],[75.7849,28.6859],[75.7871,28.6826],[75.7891,28.6765],[75.7895,28.6693],[75.7919,28.6647],[75.8001,28.6625],[75.8048,28.6606],[75.8063,28.6576],[75.8143,28.6585],[75.8191,28.6567],[75.8232,28.6559],[75.8279,28.6539],[75.8291,28.6521],[75.8292,28.6485],[75.8342,28.6437],[75.8356,28.6406],[75.8384,28.6377],[75.8449,28.6352],[75.8456,28.6338],[75.8505,28.6334],[75.8538,28.6317],[75.8641,28.6345],[75.8638,28.6367],[75.8653,28.6422],[75.8654,28.6453],[75.8668,28.6502],[75.8701,28.6661],[75.8694,28.6704],[75.8752,28.6741],[75.8797,28.6728],[75.8803,28.6638],[75.8825,28.6634],[75.8832,28.6697],[75.8862,28.6697],[75.8859,28.6723],[75.8887,28.6727],[75.891,28.6703],[75.8943,28.6706],[75.8919,28.6737],[75.8934,28.6771],[75.896,28.6766],[75.8971,28.6788],[75.902,28.6761],[75.9036,28.6788],[75.9006,28.6797],[75.904,28.6821],[75.9085,28.6806],[75.9075,28.6763],[75.917,28.6701],[75.9199,28.6731],[75.9269,28.6764],[75.9269,28.6799],[75.9316,28.68],[75.9319,28.6857],[75.9277,28.6871],[75.9283,28.694],[75.9307,28.6946],[75.9313,28.7017],[75.93,28.7083],[75.9284,28.7107],[75.9279,28.7142],[75.9286,28.7186],[75.9268,28.7191],[75.9266,28.7235],[75.9243,28.7274],[75.927,28.7275],[75.9319,28.7291],[75.9371,28.7286],[75.9476,28.7355],[75.9513,28.737],[75.9592,28.7346],[75.963,28.7413],[75.9709,28.7404],[75.9753,28.7388],[75.9793,28.7389],[75.985,28.7446],[75.9856,28.761],[75.9888,28.7686],[75.9942,28.7745],[76.0046,28.7841],[76.0022,28.7862],[75.9994,28.7862],[76.0014,28.7935],[76.0002,28.7999],[75.9989,28.8014],[75.9982,28.8056],[75.9949,28.8086],[75.994,28.812],[75.9911,28.8114],[75.9879,28.8121],[75.9851,28.8144],[75.9772,28.818],[75.9728,28.8223],[75.9736,28.8262],[75.9721,28.8298],[75.9775,28.8383],[75.9806,28.8383],[75.9844,28.8366],[75.9896,28.8366],[75.9916,28.8383],[76.0014,28.8445],[76.0029,28.8449],[76.0077,28.8433],[76.0234,28.8507],[76.0232,28.8546],[76.024,28.8583],[76.0235,28.8684],[76.0174,28.8702],[76.0162,28.8752],[76.0123,28.8755],[75.9999,28.8751],[75.9959,28.8722],[75.9892,28.8702],[75.9869,28.8673],[75.9838,28.8657],[75.9795,28.8689],[75.977,28.8734],[75.9766,28.8761],[75.9726,28.881],[75.9696,28.8891],[75.9687,28.8945],[75.9695,28.9105],[75.9728,28.9211],[75.9724,28.9246],[75.9794,28.9321],[75.9822,28.9384],[75.9826,28.9406],[75.9774,28.9436],[75.9748,28.938],[75.9715,28.9343],[75.9651,28.9343],[75.9631,28.9331],[75.9503,28.9331],[75.9417,28.932],[75.9406,28.9297],[75.9369,28.9389],[75.931,28.9418],[75.9194,28.9468],[75.9117,28.954],[75.9106,28.9504],[75.9061,28.9504],[75.9004,28.9408],[75.8974,28.938],[75.896,28.9338],[75.8935,28.9297],[75.8902,28.9299],[75.8796,28.9319],[75.8776,28.9335],[75.8624,28.9332],[75.8581,28.9344],[75.8509,28.9255],[75.8476,28.9209],[75.8373,28.9126],[75.8321,28.9115],[75.829,28.913],[75.8226,28.9144],[75.8138,28.9156],[75.8113,28.9191],[75.7997,28.9258],[75.7917,28.9252],[75.7855,28.9213],[75.7779,28.9181],[75.7776,28.9121],[75.7705,28.8989],[75.7678,28.8988],[75.7538,28.9048],[75.744,28.9052],[75.7306,28.9052],[75.7245,28.9049],[75.7142,28.9032],[75.7093,28.9043],[75.7048,28.9045]]]},"properties":{"id":"in:subdistrict:399","level":"subdistrict","name":"Tosham","code":399,"parent":"in:district:59","state":"in:state:6"}},{"type":"Feature","geometry":{"type":"Polygon","coordinates":[[[76.3489,28.8961],[76.3476,28.8948],[76.3408,28.8964],[76.3333,28.8962],[76.3259,28.8969],[76.3193,28.8987],[76.3178,28.8997],[76.3101,28.9009],[76.307,28.8984],[76.3044,28.9013],[76.2965,28.9036],[76.289,28.9064],[76.2825,28.9071],[76.2779,28.9083],[76.2775,28.9059],[76.2709,28.9033],[76.2677,28.903],[76.2595,28.9049],[76.2559,28.9051],[76.2537,28.9038],[76.2437,28.9094],[76.238,28.9104],[76.2357,28.9116],[76.2365,28.9226],[76.2394,28.93],[76.2398,28.9334],[76.2423,28.9366],[76.2439,28.9414],[76.2366,28.9438],[76.2231,28.9503],[76.2211,28.9504],[76.2169,28.9481],[76.2078,28.9473],[76.2022,28.9415],[76.1956,28.9408],[76.1912,28.9429],[76.1894,28.9358],[76.1873,28.9332],[76.1843,28.9259],[76.1825,28.9234],[76.183,28.9171],[76.1798,28.9171],[76.1713,28.9138],[76.1651,28.907],[76.1643,28.9038],[76.1554,28.906],[76.1465,28.9095],[76.143,28.9042],[76.1395,28.9035],[76.1374,28.9012],[76.1305,28.9002],[76.1302,28.8975],[76.1282,28.8968],[76.1278,28.8934],[76.1147,28.8927],[76.1124,28.8913],[76.1071,28.8917],[76.1057,28.8928],[76.1002,28.893],[76.0947,28.8862],[76.0865,28.8801],[76.0854,28.8765],[76.0819,28.8738],[76.0842,28.8717],[76.0859,28.8658],[76.0896,28.8623],[76.0908,28.8545],[76.088,28.8544],[76.0854,28.8521],[76.0799,28.8517],[76.0768,28.8527],[76.07,28.8511],[76.0666,28.8495],[76.0602,28.8483],[76.0495,28.8479],[76.0424,28.8488],[76.038,28.8557],[76.0327,28.8556],[76.0266,28.8535],[76.0234,28.8507],[76.0077,28.8433],[76.0029,28.8449],[76.0014,28.8445],[75.9916,28.8383],[75.9896,28.8366],[75.9844,28.8366],[75.9806,28.8383],[75.9775,28.8383],[75.9721,28.8298],[75.9736,28.8262],[75.9728,28.8223],[75.9772,28.818],[75.9851,28.8144],[75.9879,28.8121],[75.9911,28.8114],[75.994,28.812],[75.9949,28.8086],[75.9982,28.8056],[75.9989,28.8014],[76.0002,28.7999],[76.0014,28.7935],[75.9994,28.7862],[76.0022,28.7862],[76.0046,28.7841],[75.9942,28.7745],[75.9888,28.7686],[75.9856,28.761],[75.985,28.7446],[75.9793,28.7389],[75.9753,28.7388],[75.9709,28.7404],[75.963,28.7413],[75.9592,28.7346],[75.9513,28.737],[75.9476,28.7355],[75.9371,28.7286],[75.9319,28.7291],[75.927,28.7275],[75.9243,28.7274],[75.9266,28.7235],[75.9268,28.7191],[75.9286,28.7186],[75.9279,28.7142],[75.9284,28.7107],[75.93,28.7083],[75.9313,28.7017],[75.9307,28.6946],[75.9283,28.694],[75.9277,28.6871],[75.9319,28.6857],[75.9316,28.68],[75.9269,28.6799],[75.9269,28.6764],[75.9199,28.6731],[75.917,28.6701],[75.9075,28.6763],[75.9085,28.6806],[75.904,28.6821],[75.9006,28.6797],[75.9036,28.6788],[75.902,28.6761],[75.8971,28.6788],[75.896,28.6766],[75.8934,28.6771],[75.8919,28.6737],[75.8943,28.6706],[75.891,28.6703],[75.8887,28.6727],[75.8859,28.6723],[75.8862,28.6697],[75.8832,28.6697],[75.8825,28.6634],[75.8803,28.6638],[75.8797,28.6728],[75.8752,28.6741],[75.8694,28.6704],[75.8701,28.6661],[75.8668,28.6502],[75.8654,28.6453],[75.8653,28.6422],[75.8638,28.6367],[75.8641,28.6345],[75.8695,28.6363],[75.8708,28.6345],[75.8781,28.6333],[75.8817,28.6339],[75.8829,28.6317],[75.8862,28.6293],[75.8862,28.6202],[75.8873,28.6175],[75.8858,28.6116],[75.8902,28.6105],[75.8909,28.6083],[75.8948,28.6084],[75.8993,28.6097],[75.9076,28.6107],[75.9146,28.6091],[75.9203,28.6065],[75.9251,28.6072],[75.9333,28.6073],[75.9427,28.6035],[75.9492,28.6034],[75.9564,28.6045],[75.9643,28.6082],[75.965,28.6109],[75.971,28.6133],[75.9746,28.6156],[75.9794,28.6169],[75.9855,28.6168],[75.9933,28.6201],[75.9952,28.6222],[76.0035,28.6242],[76.0053,28.6261],[76.006,28.632],[76.009,28.6352],[76.0143,28.6367],[76.0161,28.6388],[76.0194,28.6384],[76.0228,28.6402],[76.0306,28.6424],[76.0389,28.6432],[76.0436,28.645],[76.0436,28.6497],[76.0478,28.6545],[76.0557,28.6573],[76.0559,28.6595],[76.0594,28.6601],[76.063,28.6627],[76.0679,28.6634],[76.0687,28.6663],[76.0728,28.6677],[76.0769,28.6676],[76.0827,28.666],[76.0857,28.6661],[76.0823,28.66],[76.0836,28.6594],[76.1012,28.6553],[76.1039,28.656],[76.1037,28.6628],[76.0997,28.6659],[76.0985,28.6684],[76.101,28.6735],[76.0975,28.6751],[76.0987,28.6784],[76.1013,28.6796],[76.1028,28.6742],[76.1087,28.6747],[76.112,28.6735],[76.1145,28.6758],[76.1212,28.6742],[76.121,28.671],[76.1236,28.6674],[76.127,28.6651],[76.1236,28.6587],[76.1227,28.6513],[76.1257,28.651],[76.1291,28.649],[76.1328,28.6485],[76.1354,28.6571],[76.1352,28.6671],[76.1289,28.6746],[76.1264,28.6826],[76.1338,28.6873],[76.1424,28.6867],[76.1455,28.6869],[76.1498,28.6852],[76.1523,28.6829],[76.1596,28.6805],[76.1636,28.6784],[76.1694,28.6764],[76.1717,28.6729],[76.1765,28.6689],[76.1782,28.6707],[76.183,28.6711],[76.1875,28.6788],[76.1905,28.6828],[76.1931,28.6831],[76.2039,28.6801],[76.2029,28.6759],[76.217,28.6768],[76.22,28.6766],[76.232,28.6771],[76.2329,28.6776],[76.2324,28.6844],[76.2333,28.6884],[76.2309,28.696],[76.2432,28.6998],[76.2442,28.7057],[76.2438,28.7097],[76.2422,28.7146],[76.238,28.7214],[76.2382,28.7227],[76.2459,28.7243],[76.2489,28.7256],[76.2517,28.7311],[76.2536,28.7379],[76.2554,28.7412],[76.2644,28.7355],[76.2693,28.7403],[76.2716,28.7418],[76.2736,28.7459],[76.2757,28.7551],[76.2739,28.7567],[76.2746,28.7617],[76.2758,28.7632],[76.2773,28.773],[76.2778,28.7795],[76.288,28.7784],[76.2923,28.7851],[76.2918,28.7882],[76.2926,28.7969],[76.292,28.8067],[76.2938,28.8084],[76.2999,28.8099],[76.3073,28.8089],[76.3121,28.812],[76.3135,28.8141],[76.3211,28.8145],[76.3262,28.8138],[76.3337,28.8135],[76.3363,28.8191],[76.3411,28.8239],[76.3441,28.8313],[76.3444,28.8338],[76.3472,28.8387],[76.3455,28.8395],[76.344,28.845],[76.3487,28.8564],[76.3528,28.8628],[76.3591,28.8711],[76.3624,28.8763],[76.3626,28.879],[76.3583,28.884],[76.3582,28.8864],[76.3522,28.8911],[76.351,28.8932],[76.3527,28.8953],[76.3489,28.8961]]]},"properties":{"id":"in:subdistrict:398","level":"subdistrict","name":"Bhiwani","code":398,"parent":"in:district:59","state":"in:state:6"}},{"type":"Feature","geometry":{"type":"Polygon","coordinates":[[[75.8532,28.9526],[75.8587,28.9394],[75.8581,28.9344],[75.8624,28.9332],[75.8776,28.9335],[75.8796,28.9319],[75.8902,28.9299],[75.8935,28.9297],[75.896,28.9338],[75.8974,28.938],[75.9004,28.9408],[75.9061,28.9504],[75.9106,28.9504],[75.9117,28.954],[75.9194,28.9468],[75.931,28.9418],[75.9369,28.9389],[75.9406,28.9297],[75.9417,28.932],[75.9503,28.9331],[75.9631,28.9331],[75.9651,28.9343],[75.9715,28.9343],[75.9748,28.938],[75.9774,28.9436],[75.9826,28.9406],[75.9822,28.9384],[75.9794,28.9321],[75.9724,28.9246],[75.9728,28.9211],[75.9695,28.9105],[75.9687,28.8945],[75.9696,28.8891],[75.9726,28.881],[75.9766,28.8761],[75.977,28.8734],[75.9795,28.8689],[75.9838,28.8657],[75.9869,28.8673],[75.9892,28.8702],[75.9959,28.8722],[75.9999,28.8751],[76.0123,28.8755],[76.0162,28.8752],[76.0174,28.8702],[76.0235,28.8684],[76.024,28.8583],[76.0232,28.8546],[76.0234,28.8507],[76.0266,28.8535],[76.0327,28.8556],[76.038,28.8557],[76.0424,28.8488],[76.0495,28.8479],[76.0602,28.8483],[76.0666,28.8495],[76.07,28.8511],[76.0768,28.8527],[76.0799,28.8517],[76.0854,28.8521],[76.088,28.8544],[76.0908,28.8545],[76.0896,28.8623],[76.0859,28.8658],[76.0842,28.8717],[76.0819,28.8738],[76.0854,28.8765],[76.0865,28.8801],[76.0947,28.8862],[76.1002,28.893],[76.1057,28.8928],[76.1071,28.8917],[76.1124,28.8913],[76.1147,28.8927],[76.1278,28.8934],[76.1282,28.8968],[76.1302,28.8975],[76.1305,28.9002],[76.1374,28.9012],[76.1395,28.9035],[76.143,28.9042],[76.1465,28.9095],[76.1554,28.906],[76.1643,28.9038],[76.1651,28.907],[76.1713,28.9138],[76.1798,28.9171],[76.183,28.9171],[76.1825,28.9234],[76.1843,28.9259],[76.1873,28.9332],[76.1894,28.9358],[76.1912,28.9429],[76.1956,28.9408],[76.2022,28.9415],[76.2078,28.9473],[76.2169,28.9481],[76.2211,28.9504],[76.2231,28.9503],[76.2224,28.9534],[76.2185,28.9537],[76.2124,28.9551],[76.2145,28.9627],[76.2149,28.9675],[76.2139,28.9727],[76.216,28.9758],[76.2243,28.9825],[76.2253,28.9853],[76.2287,28.9893],[76.2251,28.9914],[76.2171,28.9945],[76.2117,28.999],[76.2096,29],[76.2091,29.0027],[76.2015,29.0069],[76.2028,29.0098],[76.2006,29.0156],[76.1971,29.0168],[76.1969,29.0182],[76.1996,29.0221],[76.2001,29.0247],[76.203,29.0281],[76.2066,29.0299],[76.2015,29.0344],[76.2011,29.0408],[76.1931,29.0483],[76.1911,29.051],[76.1875,29.0506],[76.1817,29.051],[76.1799,29.052],[76.177,29.0507],[76.1666,29.0507],[76.1521,29.0458],[76.1504,29.0441],[76.1418,29.0443],[76.1372,29.0454],[76.1331,29.0397],[76.1316,29.0351],[76.1183,29.0409],[76.1158,29.0411],[76.1002,29.0463],[76.0922,29.0449],[76.0877,29.0449],[76.0803,29.0411],[76.0778,29.0379],[76.0756,29.0333],[76.0759,29.0306],[76.075,29.0229],[76.0685,29.0228],[76.0648,29.0235],[76.0591,29.0269],[76.0523,29.0299],[76.0456,29.0372],[76.044,29.0419],[76.0436,29.0454],[76.0437,29.0579],[76.0453,29.0622],[76.044,29.066],[76.0393,29.0613],[76.0314,29.0644],[76.0275,29.0644],[76.0224,29.062],[76.0128,29.0602],[76.0102,29.061],[76,29.0673],[75.9945,29.0718],[75.9904,29.077],[75.9844,29.0808],[75.9834,29.0805],[75.9788,29.0713],[75.9759,29.0672],[75.968,29.0626],[75.9689,29.0602],[75.9678,29.0582],[75.9717,29.0489],[75.9734,29.043],[75.9746,29.032],[75.9784,29.0309],[75.9775,29.0274],[75.9778,29.0179],[75.9772,29.0139],[75.9781,29.0114],[75.9784,29],[75.9797,28.998],[75.9791,28.9953],[75.9664,28.9975],[75.959,29],[75.9553,29.0045],[75.9505,29.0045],[75.9467,29.0094],[75.9359,29.0152],[75.9304,29.0194],[75.9223,29.0231],[75.912,29.0215],[75.9045,29.0172],[75.8998,29.0071],[75.8975,29.004],[75.8984,28.9974],[75.8968,28.9919],[75.8968,28.9881],[75.8957,28.986],[75.8931,28.986],[75.8869,28.9882],[75.884,28.9814],[75.8779,28.971],[75.8737,28.9691],[75.867,28.9643],[75.8622,28.959],[75.8569,28.9557],[75.8532,28.9526]]]},"properties":{"id":"in:subdistrict:397","level":"subdistrict","name":"Bawani Khera","code":397,"parent":"in:district:59","state":"in:state:6"}},{"type":"Feature","geometry":{"type":"Polygon","coordinates":[[[76.4732,29.0831],[76.4708,29.0836],[76.4689,29.0817],[76.4686,29.0793],[76.4625,29.0669],[76.4591,29.0637],[76.4546,29.0608],[76.4493,29.0618],[76.4474,29.0614],[76.4436,29.0554],[76.4349,29.0585],[76.4306,29.0605],[76.4251,29.0654],[76.4144,29.0704],[76.4113,29.0726],[76.4028,29.0757],[76.3988,29.0756],[76.3948,29.0726],[76.3878,29.0685],[76.3795,29.0656],[76.3712,29.0707],[76.361,29.0748],[76.3567,29.0774],[76.3522,29.0822],[76.3501,29.0832],[76.3459,29.0826],[76.3374,29.0828],[76.3305,29.084],[76.3212,29.0874],[76.3138,29.0833],[76.3085,29.0849],[76.3014,29.086],[76.2994,29.0856],[76.2968,29.0821],[76.2923,29.0734],[76.2896,29.0709],[76.2855,29.0688],[76.2833,29.0644],[76.2783,29.0658],[76.2755,29.0634],[76.2713,29.0649],[76.2656,29.065],[76.2592,29.0636],[76.2563,29.0639],[76.2531,29.0599],[76.2448,29.061],[76.2396,29.0523],[76.2394,29.0464],[76.2427,29.0429],[76.2438,29.0373],[76.2491,29.0289],[76.2506,29.0228],[76.2483,29.0191],[76.2451,29.0104],[76.246,29.0042],[76.2441,29.0039],[76.2394,29.0006],[76.2353,29],[76.2355,28.9976],[76.2287,28.9893],[76.2253,28.9853],[76.2243,28.9825],[76.216,28.9758],[76.2139,28.9727],[76.2149,28.9675],[76.2145,28.9627],[76.2124,28.9551],[76.2185,28.9537],[76.2224,28.9534],[76.2231,28.9503],[76.2366,28.9438],[76.2439,28.9414],[76.2423,28.9366],[76.2398,28.9334],[76.2394,28.93],[76.2365,28.9226],[76.2357,28.9116],[76.238,28.9104],[76.2437,28.9094],[76.2537,28.9038],[76.2559,28.9051],[76.2595,28.9049],[76.2677,28.903],[76.2709,28.9033],[76.2775,28.9059],[76.2779,28.9083],[76.2825,28.9071],[76.289,28.9064],[76.2965,28.9036],[76.3044,28.9013],[76.307,28.8984],[76.3101,28.9009],[76.3178,28.8997],[76.3193,28.8987],[76.3259,28.8969],[76.3333,28.8962],[76.3408,28.8964],[76.3476,28.8948],[76.3489,28.8961],[76.3569,28.9046],[76.3658,28.9116],[76.376,28.9091],[76.3808,28.9058],[76.3818,28.9023],[76.3805,28.8926],[76.3793,28.89],[76.3778,28.8783],[76.3808,28.8746],[76.3843,28.8652],[76.3956,28.8624],[76.4005,28.8595],[76.4073,28.8578],[76.4146,28.855],[76.4227,28.8545],[76.4267,28.8527],[76.4333,28.8517],[76.4328,28.8546],[76.4355,28.8584],[76.4393,28.8622],[76.4451,28.8648],[76.4486,28.8683],[76.4512,28.8684],[76.4569,28.8705],[76.4715,28.8692],[76.4734,28.8707],[76.476,28.8777],[76.471,28.8809],[76.458,28.891],[76.4505,28.9044],[76.4489,28.9081],[76.4526,28.9114],[76.458,28.9198],[76.4656,28.9249],[76.4675,28.929],[76.469,28.9373],[76.4842,28.9357],[76.4892,28.9337],[76.4899,28.9368],[76.4952,28.9463],[76.4946,28.9554],[76.4935,28.9569],[76.4923,28.9642],[76.4882,28.9685],[76.4855,28.9722],[76.4878,28.9781],[76.4897,28.9857],[76.4914,28.9886],[76.4909,28.9949],[76.5006,28.999],[76.505,28.9998],[76.5138,29.0026],[76.5178,29.0024],[76.519,29.0057],[76.5206,29.0143],[76.5231,29.0215],[76.5259,29.0272],[76.5279,29.0332],[76.5293,29.0419],[76.5285,29.0443],[76.5223,29.0489],[76.5199,29.0495],[76.5157,29.0538],[76.5157,29.0581],[76.513,29.061],[76.5111,29.0682],[76.5096,29.0706],[76.5066,29.0708],[76.5045,29.0684],[76.5048,29.0644],[76.502,29.0552],[76.4994,29.0538],[76.4945,29.0551],[76.4928,29.0602],[76.4932,29.0648],[76.4865,29.0723],[76.4814,29.0751],[76.476,29.0795],[76.4732,29.0831]]]},"properties":{"id":"in:subdistrict:404","level":"subdistrict","name":"Maham","code":404,"parent":"in:district:73","state":"in:state:6"}},{"type":"Feature","geometry":{"type":"Polygon","coordinates":[[[76.4062,28.6826],[76.3974,28.6868],[76.3937,28.6903],[76.3803,28.7018],[76.3795,28.7051],[76.3798,28.7128],[76.3805,28.7148],[76.3872,28.7214],[76.3888,28.7264],[76.3938,28.7315],[76.3998,28.7343],[76.403,28.7424],[76.404,28.752],[76.4061,28.7562],[76.3992,28.7627],[76.3869,28.7703],[76.3869,28.7752],[76.3856,28.7827],[76.3832,28.7841],[76.379,28.7833],[76.3674,28.7877],[76.3592,28.7955],[76.3596,28.7995],[76.3496,28.8018],[76.3409,28.8049],[76.3347,28.8081],[76.3337,28.8135],[76.3262,28.8138],[76.3211,28.8145],[76.3135,28.8141],[76.3121,28.812],[76.3073,28.8089],[76.2999,28.8099],[76.2938,28.8084],[76.292,28.8067],[76.2926,28.7969],[76.2918,28.7882],[76.2923,28.7851],[76.288,28.7784],[76.2778,28.7795],[76.2773,28.773],[76.2758,28.7632],[76.2746,28.7617],[76.2739,28.7567],[76.2757,28.7551],[76.2736,28.7459],[76.2716,28.7418],[76.2693,28.7403],[76.2644,28.7355],[76.2554,28.7412],[76.2536,28.7379],[76.2517,28.7311],[76.2489,28.7256],[76.2459,28.7243],[76.2382,28.7227],[76.238,28.7214],[76.2422,28.7146],[76.2438,28.7097],[76.2442,28.7057],[76.2432,28.6998],[76.2309,28.696],[76.2333,28.6884],[76.2324,28.6844],[76.2329,28.6776],[76.232,28.6771],[76.22,28.6766],[76.217,28.6768],[76.2029,28.6759],[76.2039,28.6801],[76.1931,28.6831],[76.1905,28.6828],[76.1875,28.6788],[76.183,28.6711],[76.1782,28.6707],[76.1765,28.6689],[76.1717,28.6729],[76.1694,28.6764],[76.1636,28.6784],[76.1596,28.6805],[76.1523,28.6829],[76.1498,28.6852],[76.1455,28.6869],[76.1424,28.6867],[76.1338,28.6873],[76.1264,28.6826],[76.1289,28.6746],[76.1352,28.6671],[76.1354,28.6571],[76.1328,28.6485],[76.1291,28.649],[76.1257,28.651],[76.1227,28.6513],[76.1236,28.6587],[76.127,28.6651],[76.1236,28.6674],[76.121,28.671],[76.1212,28.6742],[76.1145,28.6758],[76.112,28.6735],[76.1087,28.6747],[76.1028,28.6742],[76.1013,28.6796],[76.0987,28.6784],[76.0975,28.6751],[76.101,28.6735],[76.0985,28.6684],[76.0997,28.6659],[76.1037,28.6628],[76.1039,28.656],[76.1012,28.6553],[76.0836,28.6594],[76.0823,28.66],[76.0857,28.6661],[76.0827,28.666],[76.0769,28.6676],[76.0728,28.6677],[76.0687,28.6663],[76.0679,28.6634],[76.063,28.6627],[76.0594,28.6601],[76.0559,28.6595],[76.0557,28.6573],[76.0478,28.6545],[76.0436,28.6497],[76.0436,28.645],[76.0389,28.6432],[76.0306,28.6424],[76.0228,28.6402],[76.0194,28.6384],[76.0161,28.6388],[76.0143,28.6367],[76.009,28.6352],[76.006,28.632],[76.0053,28.6261],[76.0096,28.6223],[76.0173,28.6174],[76.0257,28.6162],[76.0264,28.608],[76.0305,28.6061],[76.0312,28.6048],[76.0352,28.6036],[76.0355,28.6006],[76.038,28.6006],[76.0417,28.5956],[76.0469,28.5908],[76.0468,28.5882],[76.051,28.5872],[76.0513,28.5788],[76.0616,28.5804],[76.0653,28.5803],[76.0778,28.5828],[76.0901,28.5841],[76.0915,28.5804],[76.0968,28.5728],[76.1002,28.5703],[76.097,28.564],[76.0985,28.5612],[76.0962,28.5589],[76.0918,28.5596],[76.0838,28.5593],[76.0789,28.5599],[76.0686,28.5603],[76.0678,28.5455],[76.0665,28.5404],[76.0664,28.5298],[76.0731,28.5287],[76.0715,28.5174],[76.0741,28.5176],[76.076,28.5227],[76.0754,28.5261],[76.0794,28.5257],[76.0803,28.5288],[76.0879,28.5286],[76.0929,28.5291],[76.0922,28.5192],[76.0893,28.513],[76.0854,28.5139],[76.0838,28.5095],[76.0832,28.503],[76.0809,28.501],[76.0722,28.5002],[76.0728,28.4977],[76.0662,28.4977],[76.0656,28.494],[76.0653,28.4842],[76.0664,28.4791],[76.0657,28.4713],[76.0689,28.4706],[76.0672,28.4671],[76.0646,28.4651],[76.0632,28.4612],[76.068,28.4594],[76.0669,28.4533],[76.0697,28.4491],[76.0639,28.4438],[76.0638,28.4417],[76.0575,28.4325],[76.0543,28.4255],[76.0571,28.4151],[76.0598,28.4123],[76.0593,28.4097],[76.0614,28.4075],[76.06,28.4021],[76.0579,28.4003],[76.0587,28.3982],[76.0577,28.3956],[76.0536,28.3918],[76.0547,28.3907],[76.0594,28.3899],[76.0712,28.3917],[76.0821,28.3928],[76.0815,28.3966],[76.0837,28.4003],[76.0862,28.4025],[76.0886,28.4061],[76.0873,28.4095],[76.0903,28.4125],[76.0891,28.419],[76.0904,28.4229],[76.0923,28.4244],[76.0932,28.4281],[76.0969,28.4313],[76.0982,28.4313],[76.1015,28.4359],[76.1054,28.4391],[76.1077,28.4475],[76.1106,28.4501],[76.1154,28.4526],[76.1187,28.4535],[76.126,28.4534],[76.1301,28.4543],[76.1415,28.4511],[76.1426,28.453],[76.1489,28.4516],[76.1533,28.4634],[76.1595,28.4622],[76.1597,28.4579],[76.1615,28.4574],[76.1586,28.4508],[76.1628,28.4494],[76.1642,28.4459],[76.1638,28.4413],[76.1657,28.4411],[76.1662,28.4315],[76.1833,28.4296],[76.1844,28.4318],[76.186,28.4375],[76.189,28.4433],[76.1958,28.4425],[76.209,28.4438],[76.2119,28.4431],[76.2132,28.4468],[76.2141,28.4524],[76.2146,28.4603],[76.218,28.4685],[76.2335,28.466],[76.2391,28.4622],[76.2447,28.4592],[76.2456,28.4537],[76.2447,28.4478],[76.2444,28.4417],[76.2473,28.4383],[76.2509,28.4365],[76.2544,28.436],[76.2553,28.438],[76.2591,28.4383],[76.2648,28.437],[76.2661,28.4353],[76.2718,28.4349],[76.2738,28.4336],[76.2829,28.4308],[76.2849,28.4316],[76.2906,28.4399],[76.2908,28.4437],[76.2887,28.4469],[76.2907,28.4539],[76.2896,28.4584],[76.2931,28.4688],[76.2884,28.4714],[76.2854,28.4739],[76.2827,28.478],[76.2857,28.4872],[76.2905,28.4977],[76.296,28.4982],[76.3,28.4994],[76.3045,28.4998],[76.3143,28.4972],[76.3184,28.493],[76.3227,28.4923],[76.3272,28.4959],[76.3293,28.5029],[76.3322,28.5101],[76.335,28.5266],[76.3349,28.5305],[76.3357,28.538],[76.3388,28.5426],[76.3416,28.556],[76.3423,28.563],[76.3418,28.5657],[76.3373,28.5722],[76.3348,28.5729],[76.3355,28.5754],[76.3346,28.5782],[76.3348,28.5824],[76.3427,28.5801],[76.3449,28.5933],[76.3447,28.5981],[76.3459,28.6021],[76.3496,28.607],[76.3555,28.6134],[76.357,28.6167],[76.3586,28.6167],[76.3588,28.6126],[76.3602,28.6071],[76.3699,28.6013],[76.3742,28.5995],[76.3876,28.5987],[76.3944,28.5988],[76.4004,28.5962],[76.4027,28.5927],[76.402,28.5907],[76.4039,28.5861],[76.4018,28.5776],[76.4021,28.5722],[76.4035,28.567],[76.4027,28.5621],[76.4042,28.551],[76.4099,28.5489],[76.4126,28.5511],[76.4212,28.5512],[76.4231,28.5586],[76.4256,28.5661],[76.4267,28.5831],[76.4286,28.5913],[76.4303,28.5957],[76.4328,28.5995],[76.4357,28.6022],[76.4389,28.6007],[76.4483,28.5983],[76.4488,28.6012],[76.4515,28.6054],[76.454,28.6043],[76.4584,28.609],[76.4635,28.6119],[76.4657,28.6154],[76.4626,28.6169],[76.4595,28.6207],[76.4541,28.6259],[76.4457,28.6364],[76.4399,28.6379],[76.438,28.6412],[76.4467,28.6436],[76.4482,28.6451],[76.4507,28.6548],[76.4497,28.6595],[76.4442,28.6628],[76.439,28.6648],[76.433,28.6658],[76.4255,28.6658],[76.4176,28.6665],[76.4067,28.6658],[76.4011,28.6664],[76.4021,28.675],[76.4034,28.6783],[76.4062,28.6826]]]},"properties":{"id":"in:subdistrict:402","level":"subdistrict","name":"Dadri","code":402,"parent":"in:district:701","state":"in:state:6"}},{"type":"Feature","geometry":{"type":"Polygon","coordinates":[[[76.3037,28.1933],[76.2975,28.1937],[76.2933,28.195],[76.2853,28.1965],[76.2903,28.2129],[76.2853,28.2166],[76.2722,28.22],[76.2699,28.2164],[76.2673,28.1981],[76.2645,28.1951],[76.262,28.1865],[76.2571,28.1874],[76.2534,28.1846],[76.2446,28.1744],[76.2402,28.1699],[76.237,28.1699],[76.2345,28.1673],[76.2283,28.1679],[76.2208,28.1723],[76.2132,28.1724],[76.212,28.1735],[76.2024,28.1763],[76.2009,28.1787],[76.195,28.1796],[76.1873,28.179],[76.183,28.1792],[76.1796,28.1792],[76.1797,28.1747],[76.1777,28.1716],[76.1887,28.1664],[76.1885,28.1642],[76.1933,28.1622],[76.1898,28.1507],[76.1879,28.1468],[76.1826,28.1407],[76.179,28.1405],[76.1792,28.1281],[76.1928,28.1263],[76.1961,28.1263],[76.2013,28.1245],[76.2042,28.1246],[76.2005,28.1133],[76.2003,28.1103],[76.2013,28.1045],[76.1924,28.1045],[76.1881,28.1038],[76.1854,28.0981],[76.1836,28.0892],[76.1779,28.0902],[76.1716,28.0901],[76.1718,28.0926],[76.1652,28.0956],[76.1633,28.0931],[76.1613,28.0934],[76.1577,28.0912],[76.157,28.0875],[76.1604,28.0877],[76.1605,28.0845],[76.166,28.0824],[76.1688,28.082],[76.1694,28.0765],[76.1694,28.0697],[76.1758,28.0687],[76.1852,28.0686],[76.1932,28.0676],[76.205,28.0652],[76.2022,28.0583],[76.2096,28.0559],[76.2086,28.0523],[76.2193,28.0492],[76.2201,28.0503],[76.2281,28.0484],[76.229,28.0503],[76.2318,28.0511],[76.238,28.0497],[76.2392,28.0548],[76.2429,28.0643],[76.2543,28.067],[76.2555,28.0678],[76.261,28.0675],[76.27,28.0633],[76.2745,28.0617],[76.2839,28.057],[76.2847,28.0549],[76.2842,28.0515],[76.2888,28.05],[76.2936,28.0492],[76.2924,28.0431],[76.2928,28.0399],[76.2912,28.0346],[76.2923,28.0295],[76.2922,28.0259],[76.299,28.0227],[76.3069,28.0201],[76.313,28.019],[76.3136,28.0171],[76.319,28.0155],[76.3208,28.016],[76.323,28.0215],[76.3288,28.0188],[76.3311,28.0215],[76.3406,28.0286],[76.3448,28.035],[76.3496,28.0459],[76.3512,28.0525],[76.3535,28.0597],[76.3566,28.0675],[76.3557,28.0707],[76.3518,28.07],[76.3435,28.0702],[76.3437,28.0715],[76.339,28.0735],[76.333,28.0768],[76.3342,28.0799],[76.3291,28.0875],[76.3232,28.0905],[76.3188,28.0888],[76.309,28.0931],[76.3014,28.0979],[76.3059,28.1048],[76.3093,28.1082],[76.3186,28.1077],[76.3305,28.1041],[76.3366,28.1026],[76.3421,28.1087],[76.3471,28.113],[76.3504,28.1142],[76.3599,28.1249],[76.3551,28.1275],[76.3496,28.1292],[76.3405,28.1312],[76.3331,28.1336],[76.3335,28.1362],[76.3306,28.137],[76.3318,28.1393],[76.3299,28.1427],[76.3263,28.1461],[76.321,28.1486],[76.3152,28.1504],[76.3137,28.1471],[76.31,28.1456],[76.2976,28.1491],[76.2976,28.1518],[76.3034,28.1548],[76.3038,28.1585],[76.3014,28.16],[76.2955,28.161],[76.2833,28.1639],[76.2808,28.1654],[76.2824,28.1713],[76.2896,28.1703],[76.2923,28.1792],[76.3052,28.1759],[76.3074,28.1791],[76.3116,28.1781],[76.3122,28.1853],[76.3091,28.1871],[76.3099,28.1909],[76.3037,28.1933]]]},"properties":{"id":"in:subdistrict:6457","level":"subdistrict","name":"Ateli","code":6457,"parent":"in:district:69","state":"in:state:6"}},{"type":"Feature","geometry":{"type":"Polygon","coordinates":[[[76.1844,28.4318],[76.1913,28.4302],[76.1909,28.4255],[76.1952,28.4214],[76.1979,28.4207],[76.2032,28.4207],[76.2021,28.4163],[76.2049,28.4107],[76.2036,28.407],[76.198,28.4051],[76.1983,28.401],[76.2001,28.3996],[76.2008,28.3958],[76.2066,28.3905],[76.2077,28.3871],[76.2046,28.3807],[76.2029,28.3802],[76.2016,28.3703],[76.2091,28.3685],[76.2114,28.3665],[76.2114,28.3628],[76.2216,28.3582],[76.2204,28.3522],[76.2189,28.3491],[76.2142,28.3489],[76.2115,28.3431],[76.2096,28.3413],[76.2068,28.3427],[76.1924,28.3445],[76.193,28.3424],[76.1887,28.3303],[76.1959,28.3271],[76.1961,28.3257],[76.2085,28.324],[76.209,28.3244],[76.2172,28.3217],[76.2225,28.3207],[76.222,28.3136],[76.23,28.3126],[76.2387,28.312],[76.2405,28.3013],[76.2444,28.2989],[76.2437,28.2935],[76.2422,28.2928],[76.2416,28.286],[76.2424,28.2826],[76.2409,28.2754],[76.2328,28.2764],[76.2295,28.2735],[76.2291,28.2628],[76.2412,28.2589],[76.2449,28.2594],[76.2462,28.256],[76.2469,28.2405],[76.2452,28.2295],[76.2348,28.228],[76.2321,28.2258],[76.2271,28.2268],[76.2119,28.2275],[76.2117,28.2194],[76.2157,28.2183],[76.2256,28.2186],[76.225,28.2098],[76.2235,28.2071],[76.2127,28.2058],[76.2108,28.204],[76.2103,28.1947],[76.202,28.1946],[76.19,28.1965],[76.1878,28.1914],[76.1865,28.1858],[76.183,28.1792],[76.1873,28.179],[76.195,28.1796],[76.2009,28.1787],[76.2024,28.1763],[76.212,28.1735],[76.2132,28.1724],[76.2208,28.1723],[76.2283,28.1679],[76.2345,28.1673],[76.237,28.1699],[76.2402,28.1699],[76.2446,28.1744],[76.2534,28.1846],[76.2571,28.1874],[76.262,28.1865],[76.2645,28.1951],[76.2673,28.1981],[76.2699,28.2164],[76.2722,28.22],[76.2853,28.2166],[76.2903,28.2129],[76.2853,28.1965],[76.2933,28.195],[76.2975,28.1937],[76.3037,28.1933],[76.3053,28.2035],[76.3145,28.2032],[76.319,28.2068],[76.3207,28.2063],[76.3252,28.2169],[76.3271,28.2238],[76.3353,28.224],[76.3407,28.2227],[76.3422,28.2253],[76.3462,28.2368],[76.3467,28.2444],[76.3486,28.25],[76.3466,28.2537],[76.3491,28.2562],[76.3504,28.2606],[76.3475,28.263],[76.3465,28.2658],[76.3423,28.2669],[76.3432,28.2735],[76.3464,28.2739],[76.3516,28.2807],[76.3526,28.2877],[76.3518,28.2902],[76.3493,28.2924],[76.3494,28.2956],[76.3473,28.2963],[76.3466,28.3008],[76.3466,28.3065],[76.3489,28.308],[76.3506,28.3112],[76.3557,28.3102],[76.3569,28.3135],[76.3579,28.3203],[76.3655,28.3218],[76.3676,28.3227],[76.3679,28.3354],[76.3654,28.3367],[76.3596,28.3421],[76.3568,28.3435],[76.3565,28.3461],[76.3574,28.3553],[76.355,28.3656],[76.3515,28.3669],[76.3445,28.3654],[76.3356,28.3645],[76.3344,28.3627],[76.3287,28.3641],[76.3279,28.3718],[76.3174,28.3738],[76.3141,28.3739],[76.3049,28.3765],[76.2976,28.3827],[76.2984,28.3869],[76.2972,28.3913],[76.2985,28.3924],[76.2993,28.3984],[76.3019,28.4015],[76.2978,28.4025],[76.2895,28.4034],[76.2892,28.4026],[76.2803,28.4053],[76.2802,28.407],[76.284,28.414],[76.2879,28.4286],[76.2849,28.4316],[76.2829,28.4308],[76.2738,28.4336],[76.2718,28.4349],[76.2661,28.4353],[76.2648,28.437],[76.2591,28.4383],[76.2553,28.438],[76.2544,28.436],[76.2509,28.4365],[76.2473,28.4383],[76.2444,28.4417],[76.2447,28.4478],[76.2456,28.4537],[76.2447,28.4592],[76.2391,28.4622],[76.2335,28.466],[76.218,28.4685],[76.2146,28.4603],[76.2141,28.4524],[76.2132,28.4468],[76.2119,28.4431],[76.209,28.4438],[76.1958,28.4425],[76.189,28.4433],[76.186,28.4375],[76.1844,28.4318]]]},"properties":{"id":"in:subdistrict:6458","level":"subdistrict","name":"Kanina","code":6458,"parent":"in:district:69","state":"in:state:6"}},{"type":"Feature","geometry":{"type":"Polygon","coordinates":[[[76.0536,28.3918],[76.0425,28.3917],[76.0391,28.3898],[76.0315,28.3889],[76.0273,28.3861],[76.0178,28.3859],[76.0167,28.3879],[76.0181,28.3938],[76.0148,28.3963],[76.0184,28.409],[76.0151,28.4096],[76.014,28.4079],[76.01,28.4086],[76.0105,28.4135],[76.0131,28.43],[76.0135,28.434],[76.0082,28.4359],[76,28.4369],[75.9937,28.4399],[75.9894,28.4407],[75.9895,28.4423],[75.9844,28.4432],[75.9833,28.445],[75.9788,28.4432],[75.9691,28.4426],[75.9598,28.4379],[75.9534,28.4359],[75.9509,28.4357],[75.9447,28.4369],[75.9359,28.4353],[75.9278,28.4357],[75.9212,28.4343],[75.9132,28.4338],[75.9036,28.4317],[75.9043,28.4284],[75.9033,28.4268],[75.8979,28.4256],[75.8974,28.4233],[75.9005,28.4226],[75.8974,28.4168],[75.8983,28.4147],[75.9016,28.4136],[75.9036,28.411],[75.9022,28.4081],[75.8989,28.4083],[75.9006,28.3993],[75.8968,28.399],[75.8971,28.3952],[75.8964,28.3901],[75.8952,28.3879],[75.8966,28.3848],[75.8993,28.3837],[75.8984,28.3803],[75.9002,28.3781],[75.9,28.373],[75.9008,28.3717],[75.9048,28.3733],[75.9082,28.3727],[75.9085,28.3709],[75.9166,28.3719],[75.9169,28.3673],[75.9211,28.367],[75.9234,28.3653],[75.9235,28.3634],[75.9272,28.3628],[75.9274,28.3598],[75.9295,28.3591],[75.9301,28.3547],[75.9298,28.3466],[75.9285,28.3431],[75.9319,28.343],[75.933,28.3366],[75.9385,28.3373],[75.946,28.3355],[75.9481,28.3342],[75.9544,28.3341],[75.9552,28.3311],[75.9523,28.331],[75.9528,28.3281],[75.9568,28.3267],[75.9577,28.319],[75.9578,28.3139],[75.9647,28.3157],[75.9724,28.3186],[75.9729,28.316],[75.9752,28.3139],[75.978,28.3093],[75.9789,28.3056],[75.9779,28.3019],[75.9818,28.2995],[75.9859,28.2935],[75.9935,28.2902],[75.9989,28.2862],[76.0263,28.275],[76.0226,28.2703],[76.0226,28.2673],[76.0207,28.2632],[76.0187,28.2615],[76.0189,28.2595],[76.0159,28.2549],[76.0146,28.2492],[76.013,28.246],[76.0132,28.244],[76.0165,28.2412],[76.0154,28.2392],[76.0182,28.2353],[76.0278,28.2326],[76.0314,28.2301],[76.0338,28.2273],[76.0374,28.2255],[76.0378,28.2227],[76.0403,28.222],[76.0559,28.2202],[76.0557,28.2126],[76.0537,28.2093],[76.0524,28.204],[76.0476,28.203],[76.0473,28.1981],[76.0509,28.1981],[76.0515,28.1963],[76.0585,28.1959],[76.0669,28.1945],[76.0719,28.1943],[76.0721,28.1902],[76.0744,28.1901],[76.0746,28.185],[76.074,28.1736],[76.0763,28.1734],[76.0761,28.1689],[76.0808,28.1641],[76.0858,28.1603],[76.0955,28.1508],[76.0987,28.1553],[76.1001,28.1589],[76.1034,28.164],[76.107,28.1631],[76.1096,28.1608],[76.1229,28.1591],[76.125,28.1663],[76.1276,28.1694],[76.1295,28.1747],[76.1341,28.1823],[76.1362,28.1805],[76.1415,28.1781],[76.1458,28.1747],[76.1496,28.1732],[76.1483,28.1681],[76.1498,28.1639],[76.158,28.1613],[76.1609,28.1651],[76.1646,28.1649],[76.1678,28.1672],[76.1731,28.1677],[76.1775,28.169],[76.1777,28.1716],[76.1797,28.1747],[76.1796,28.1792],[76.183,28.1792],[76.1865,28.1858],[76.1878,28.1914],[76.19,28.1965],[76.202,28.1946],[76.2103,28.1947],[76.2108,28.204],[76.2127,28.2058],[76.2235,28.2071],[76.225,28.2098],[76.2256,28.2186],[76.2157,28.2183],[76.2117,28.2194],[76.2119,28.2275],[76.2271,28.2268],[76.2321,28.2258],[76.2348,28.228],[76.2452,28.2295],[76.2469,28.2405],[76.2462,28.256],[76.2449,28.2594],[76.2412,28.2589],[76.2291,28.2628],[76.2295,28.2735],[76.2328,28.2764],[76.2409,28.2754],[76.2424,28.2826],[76.2416,28.286],[76.2422,28.2928],[76.2437,28.2935],[76.2444,28.2989],[76.2405,28.3013],[76.2387,28.312],[76.23,28.3126],[76.222,28.3136],[76.2225,28.3207],[76.2172,28.3217],[76.209,28.3244],[76.2085,28.324],[76.1961,28.3257],[76.1959,28.3271],[76.1887,28.3303],[76.193,28.3424],[76.1924,28.3445],[76.2068,28.3427],[76.2096,28.3413],[76.2115,28.3431],[76.2142,28.3489],[76.2189,28.3491],[76.2204,28.3522],[76.2216,28.3582],[76.2114,28.3628],[76.2114,28.3665],[76.2091,28.3685],[76.2016,28.3703],[76.2029,28.3802],[76.2046,28.3807],[76.2077,28.3871],[76.2066,28.3905],[76.2008,28.3958],[76.2001,28.3996],[76.1983,28.401],[76.198,28.4051],[76.2036,28.407],[76.2049,28.4107],[76.2021,28.4163],[76.2032,28.4207],[76.1979,28.4207],[76.1952,28.4214],[76.1909,28.4255],[76.1913,28.4302],[76.1844,28.4318],[76.1833,28.4296],[76.1662,28.4315],[76.1657,28.4411],[76.1638,28.4413],[76.1642,28.4459],[76.1628,28.4494],[76.1586,28.4508],[76.1615,28.4574],[76.1597,28.4579],[76.1595,28.4622],[76.1533,28.4634],[76.1489,28.4516],[76.1426,28.453],[76.1415,28.4511],[76.1301,28.4543],[76.126,28.4534],[76.1187,28.4535],[76.1154,28.4526],[76.1106,28.4501],[76.1077,28.4475],[76.1054,28.4391],[76.1015,28.4359],[76.0982,28.4313],[76.0969,28.4313],[76.0932,28.4281],[76.0923,28.4244],[76.0904,28.4229],[76.0891,28.419],[76.0903,28.4125],[76.0873,28.4095],[76.0886,28.4061],[76.0862,28.4025],[76.0837,28.4003],[76.0815,28.3966],[76.0821,28.3928],[76.0712,28.3917],[76.0594,28.3899],[76.0547,28.3907],[76.0536,28.3918]]]},"properties":{"id":"in:subdistrict:411","level":"subdistrict","name":"Mahendragarh","code":411,"parent":"in:district:69","state":"in:state:6"}},{"type":"Feature","geometry":{"type":"Polygon","coordinates":[[[75.8909,28.6083],[75.889,28.6058],[75.8832,28.604],[75.8808,28.6003],[75.8664,28.5964],[75.8643,28.5938],[75.8618,28.5933],[75.8472,28.5869],[75.8471,28.5813],[75.8477,28.576],[75.8465,28.5712],[75.85,28.5667],[75.8478,28.5664],[75.8422,28.5622],[75.8391,28.561],[75.8329,28.5571],[75.8308,28.5536],[75.8281,28.5472],[75.8255,28.5452],[75.823,28.5389],[75.8231,28.5357],[75.8249,28.5292],[75.8233,28.5176],[75.8206,28.5146],[75.8182,28.5139],[75.8169,28.5108],[75.8216,28.5105],[75.8229,28.5088],[75.8314,28.5043],[75.8372,28.5021],[75.8442,28.5021],[75.8485,28.5002],[75.8525,28.4995],[75.8535,28.4972],[75.8631,28.4971],[75.8712,28.4945],[75.8728,28.4924],[75.8769,28.4911],[75.8803,28.489],[75.8832,28.485],[75.8851,28.484],[75.886,28.48],[75.889,28.4746],[75.8953,28.4712],[75.899,28.4705],[75.9041,28.4622],[75.9097,28.4579],[75.9109,28.4544],[75.9083,28.4431],[75.9091,28.437],[75.904,28.4347],[75.9036,28.4317],[75.9132,28.4338],[75.9212,28.4343],[75.9278,28.4357],[75.9359,28.4353],[75.9447,28.4369],[75.9509,28.4357],[75.9534,28.4359],[75.9598,28.4379],[75.9691,28.4426],[75.9788,28.4432],[75.9833,28.445],[75.9844,28.4432],[75.9895,28.4423],[75.9894,28.4407],[75.9937,28.4399],[76,28.4369],[76.0082,28.4359],[76.0135,28.434],[76.0131,28.43],[76.0105,28.4135],[76.01,28.4086],[76.014,28.4079],[76.0151,28.4096],[76.0184,28.409],[76.0148,28.3963],[76.0181,28.3938],[76.0167,28.3879],[76.0178,28.3859],[76.0273,28.3861],[76.0315,28.3889],[76.0391,28.3898],[76.0425,28.3917],[76.0536,28.3918],[76.0577,28.3956],[76.0587,28.3982],[76.0579,28.4003],[76.06,28.4021],[76.0614,28.4075],[76.0593,28.4097],[76.0598,28.4123],[76.0571,28.4151],[76.0543,28.4255],[76.0575,28.4325],[76.0638,28.4417],[76.0639,28.4438],[76.0697,28.4491],[76.0669,28.4533],[76.068,28.4594],[76.0632,28.4612],[76.0646,28.4651],[76.0672,28.4671],[76.0689,28.4706],[76.0657,28.4713],[76.0664,28.4791],[76.0653,28.4842],[76.0656,28.494],[76.0662,28.4977],[76.0728,28.4977],[76.0722,28.5002],[76.0809,28.501],[76.0832,28.503],[76.0838,28.5095],[76.0854,28.5139],[76.0893,28.513],[76.0922,28.5192],[76.0929,28.5291],[76.0879,28.5286],[76.0803,28.5288],[76.0794,28.5257],[76.0754,28.5261],[76.076,28.5227],[76.0741,28.5176],[76.0715,28.5174],[76.0731,28.5287],[76.0664,28.5298],[76.0665,28.5404],[76.0678,28.5455],[76.0686,28.5603],[76.0789,28.5599],[76.0838,28.5593],[76.0918,28.5596],[76.0962,28.5589],[76.0985,28.5612],[76.097,28.564],[76.1002,28.5703],[76.0968,28.5728],[76.0915,28.5804],[76.0901,28.5841],[76.0778,28.5828],[76.0653,28.5803],[76.0616,28.5804],[76.0513,28.5788],[76.051,28.5872],[76.0468,28.5882],[76.0469,28.5908],[76.0417,28.5956],[76.038,28.6006],[76.0355,28.6006],[76.0352,28.6036],[76.0312,28.6048],[76.0305,28.6061],[76.0264,28.608],[76.0257,28.6162],[76.0173,28.6174],[76.0096,28.6223],[76.0053,28.6261],[76.0035,28.6242],[75.9952,28.6222],[75.9933,28.6201],[75.9855,28.6168],[75.9794,28.6169],[75.9746,28.6156],[75.971,28.6133],[75.965,28.6109],[75.9643,28.6082],[75.9564,28.6045],[75.9492,28.6034],[75.9427,28.6035],[75.9333,28.6073],[75.9251,28.6072],[75.9203,28.6065],[75.9146,28.6091],[75.9076,28.6107],[75.8993,28.6097],[75.8948,28.6084],[75.8909,28.6083]]]},"properties":{"id":"in:subdistrict:403","level":"subdistrict","name":"Badhra","code":403,"parent":"in:district:701","state":"in:state:6"}},{"type":"Feature","geometry":{"type":"Polygon","coordinates":[[[75.6709,28.5181],[75.671,28.517],[75.6774,28.5153],[75.6842,28.511],[75.6857,28.5073],[75.6909,28.5],[75.6993,28.4954],[75.7009,28.4926],[75.7104,28.4925],[75.7172,28.4905],[75.7256,28.4895],[75.7285,28.4908],[75.7298,28.4872],[75.7345,28.4846],[75.7395,28.4848],[75.7384,28.4775],[75.7357,28.4759],[75.7363,28.4731],[75.7357,28.4688],[75.7459,28.4658],[75.75,28.4655],[75.7529,28.4642],[75.767,28.4613],[75.7807,28.4561],[75.7834,28.4555],[75.7838,28.4534],[75.7883,28.4535],[75.7919,28.4454],[75.792,28.4427],[75.7895,28.4373],[75.7885,28.4336],[75.7808,28.4329],[75.7798,28.4275],[75.7766,28.4247],[75.7723,28.4244],[75.7697,28.4228],[75.7666,28.4135],[75.7699,28.4127],[75.772,28.4074],[75.7764,28.404],[75.7768,28.4004],[75.7854,28.4021],[75.7855,28.4042],[75.7886,28.4041],[75.7886,28.4012],[75.7946,28.3996],[75.7971,28.4009],[75.7995,28.4038],[75.7996,28.4071],[75.8069,28.4091],[75.8063,28.4058],[75.8098,28.4058],[75.8153,28.4096],[75.8187,28.4099],[75.8202,28.4066],[75.8223,28.406],[75.822,28.4031],[75.8248,28.403],[75.8283,28.4054],[75.8328,28.4054],[75.8373,28.4012],[75.8374,28.3974],[75.84,28.3941],[75.8442,28.3946],[75.8454,28.3916],[75.8541,28.3917],[75.8547,28.3898],[75.8642,28.3886],[75.8636,28.3856],[75.8665,28.3851],[75.8713,28.387],[75.8751,28.3872],[75.8787,28.3855],[75.8815,28.3859],[75.8872,28.3848],[75.8901,28.383],[75.8931,28.3897],[75.8964,28.3901],[75.8971,28.3952],[75.8968,28.399],[75.9006,28.3993],[75.8989,28.4083],[75.9022,28.4081],[75.9036,28.411],[75.9016,28.4136],[75.8983,28.4147],[75.8974,28.4168],[75.9005,28.4226],[75.8974,28.4233],[75.8979,28.4256],[75.9033,28.4268],[75.9043,28.4284],[75.9036,28.4317],[75.904,28.4347],[75.9091,28.437],[75.9083,28.4431],[75.9109,28.4544],[75.9097,28.4579],[75.9041,28.4622],[75.899,28.4705],[75.8953,28.4712],[75.889,28.4746],[75.886,28.48],[75.8851,28.484],[75.8832,28.485],[75.8803,28.489],[75.8769,28.4911],[75.8728,28.4924],[75.8712,28.4945],[75.8631,28.4971],[75.8535,28.4972],[75.8525,28.4995],[75.8485,28.5002],[75.8442,28.5021],[75.8372,28.5021],[75.8314,28.5043],[75.8229,28.5088],[75.8216,28.5105],[75.8169,28.5108],[75.8182,28.5139],[75.8206,28.5146],[75.8233,28.5176],[75.8249,28.5292],[75.8231,28.5357],[75.823,28.5389],[75.8255,28.5452],[75.8281,28.5472],[75.8308,28.5536],[75.8329,28.5571],[75.8391,28.561],[75.8422,28.5622],[75.8478,28.5664],[75.85,28.5667],[75.8465,28.5712],[75.8477,28.576],[75.8471,28.5813],[75.8472,28.5869],[75.8618,28.5933],[75.8643,28.5938],[75.8664,28.5964],[75.8808,28.6003],[75.8832,28.604],[75.889,28.6058],[75.8909,28.6083],[75.8902,28.6105],[75.8858,28.6116],[75.8873,28.6175],[75.8862,28.6202],[75.8862,28.6293],[75.8829,28.6317],[75.8817,28.6339],[75.8781,28.6333],[75.8708,28.6345],[75.8695,28.6363],[75.8641,28.6345],[75.8538,28.6317],[75.8505,28.6334],[75.8456,28.6338],[75.8449,28.6352],[75.8384,28.6377],[75.8356,28.6406],[75.8342,28.6437],[75.8292,28.6485],[75.8291,28.6521],[75.8279,28.6539],[75.8232,28.6559],[75.8191,28.6567],[75.8143,28.6585],[75.8063,28.6576],[75.8048,28.6606],[75.8001,28.6625],[75.7919,28.6647],[75.7895,28.6693],[75.7891,28.6765],[75.7871,28.6826],[75.7849,28.6859],[75.7821,28.6877],[75.7804,28.6928],[75.7777,28.6967],[75.7751,28.702],[75.7734,28.7022],[75.7645,28.7004],[75.7579,28.6981],[75.7543,28.6979],[75.7511,28.6942],[75.7512,28.6924],[75.7494,28.6866],[75.7505,28.6833],[75.7518,28.6745],[75.7535,28.6735],[75.7576,28.6743],[75.7606,28.672],[75.76,28.6687],[75.7565,28.669],[75.7559,28.6667],[75.7528,28.6658],[75.7503,28.663],[75.7475,28.6621],[75.7298,28.6637],[75.7302,28.6735],[75.7214,28.673],[75.7164,28.6706],[75.7115,28.6721],[75.7063,28.664],[75.703,28.6607],[75.6998,28.6549],[75.6993,28.6528],[75.7027,28.6498],[75.7029,28.6429],[75.7041,28.6416],[75.7018,28.6386],[75.7018,28.6289],[75.7026,28.626],[75.705,28.6237],[75.7152,28.6223],[75.7153,28.6208],[75.7227,28.619],[75.7249,28.6265],[75.7285,28.6341],[75.7292,28.6405],[75.7309,28.6448],[75.7319,28.6494],[75.7391,28.65],[75.7478,28.6472],[75.748,28.6434],[75.7446,28.6362],[75.7426,28.629],[75.7484,28.6284],[75.7513,28.6313],[75.7546,28.6314],[75.7558,28.6354],[75.7577,28.6374],[75.7606,28.6372],[75.7618,28.6422],[75.7642,28.6421],[75.7695,28.6461],[75.7726,28.6453],[75.773,28.6426],[75.7782,28.6419],[75.7819,28.6429],[75.7917,28.6423],[75.7934,28.6399],[75.791,28.6383],[75.7876,28.6341],[75.7888,28.6294],[75.7883,28.6254],[75.7895,28.6195],[75.7828,28.6189],[75.7827,28.6142],[75.7785,28.6131],[75.7715,28.6131],[75.7695,28.6075],[75.769,28.6018],[75.7655,28.5994],[75.758,28.5968],[75.7512,28.5961],[75.7502,28.5928],[75.743,28.5889],[75.7356,28.5882],[75.7329,28.5868],[75.7231,28.5858],[75.7158,28.584],[75.711,28.5822],[75.7032,28.5833],[75.7006,28.5812],[75.6993,28.5784],[75.6973,28.5777],[75.6865,28.5789],[75.6788,28.583],[75.6801,28.5868],[75.6804,28.5954],[75.6767,28.6058],[75.6745,28.609],[75.6699,28.613],[75.6676,28.6137],[75.6658,28.6178],[75.6636,28.6187],[75.6628,28.6216],[75.661,28.6224],[75.6541,28.6217],[75.6497,28.6229],[75.6475,28.6223],[75.6438,28.613],[75.6414,28.6085],[75.644,28.6047],[75.6435,28.6003],[75.6476,28.5993],[75.6477,28.5901],[75.6487,28.5871],[75.6521,28.586],[75.6511,28.5835],[75.653,28.5796],[75.6553,28.5771],[75.6494,28.572],[75.6491,28.5702],[75.6463,28.5694],[75.6409,28.5635],[75.6369,28.5635],[75.6357,28.5617],[75.6287,28.5602],[75.6281,28.5601],[75.6307,28.5563],[75.6335,28.5444],[75.64,28.5439],[75.6452,28.5394],[75.6516,28.5377],[75.6542,28.5364],[75.6629,28.5368],[75.6658,28.536],[75.6685,28.5331],[75.671,28.5251],[75.6709,28.5181]]]},"properties":{"id":"in:subdistrict:401~59","level":"subdistrict","name":"Loharu","code":401,"parent":"in:district:59","state":"in:state:6"}},{"type":"Feature","geometry":{"type":"Polygon","coordinates":[[[76.1777,28.1716],[76.1775,28.169],[76.1731,28.1677],[76.1678,28.1672],[76.1646,28.1649],[76.1609,28.1651],[76.158,28.1613],[76.1498,28.1639],[76.1483,28.1681],[76.1496,28.1732],[76.1458,28.1747],[76.1415,28.1781],[76.1362,28.1805],[76.1341,28.1823],[76.1295,28.1747],[76.1276,28.1694],[76.125,28.1663],[76.1229,28.1591],[76.1096,28.1608],[76.107,28.1631],[76.1034,28.164],[76.1001,28.1589],[76.0987,28.1553],[76.0955,28.1508],[76.0959,28.1487],[76.0949,28.1449],[76.095,28.1414],[76.0929,28.14],[76.0883,28.14],[76.0844,28.1369],[76.0757,28.137],[76.0699,28.1387],[76.0654,28.1415],[76.0678,28.1508],[76.0694,28.1549],[76.0708,28.1647],[76.0701,28.1653],[76.0616,28.1668],[76.0517,28.1658],[76.0477,28.1662],[76.0412,28.1656],[76.0318,28.1679],[76.03,28.1641],[76.0261,28.1647],[76.0245,28.1606],[76.0203,28.1541],[76.017,28.1504],[76.0151,28.1505],[76.0075,28.1531],[76.0045,28.1487],[76.0006,28.1332],[76.0043,28.132],[75.999,28.1228],[75.9918,28.1246],[75.9863,28.1251],[75.9797,28.1245],[75.9767,28.1248],[75.9728,28.121],[75.9674,28.1138],[75.9622,28.1149],[75.9573,28.1124],[75.9459,28.1077],[75.9436,28.1019],[75.9424,28.0958],[75.9386,28.0879],[75.9511,28.0857],[75.9571,28.0823],[75.9651,28.0804],[75.9723,28.0833],[75.9775,28.0828],[75.9834,28.0814],[75.9833,28.0755],[75.9887,28.069],[75.9883,28.0663],[75.9846,28.0616],[75.9824,28.0571],[75.9793,28.0579],[75.9763,28.0546],[75.975,28.0507],[75.9801,28.0493],[75.9866,28.0465],[75.9926,28.0462],[75.9947,28.0522],[75.999,28.0573],[76.0053,28.0576],[76.0072,28.0585],[76.0096,28.0632],[76.0099,28.0676],[76.0128,28.0711],[76.016,28.0735],[76.0185,28.0772],[76.0201,28.0812],[76.0232,28.086],[76.0367,28.0788],[76.0373,28.076],[76.0408,28.0741],[76.0388,28.0693],[76.0337,28.0633],[76.0296,28.0614],[76.0254,28.0542],[76.0177,28.0556],[76.0085,28.0588],[76.0078,28.0557],[76.0171,28.0527],[76.0187,28.042],[76.0174,28.0375],[76.0164,28.0305],[76.0098,28.0312],[76.0059,28.0324],[75.9977,28.033],[75.9957,28.0386],[75.9937,28.0355],[75.9897,28.0358],[75.9891,28.0336],[75.981,28.0309],[75.9769,28.0314],[75.9727,28.0236],[75.971,28.0166],[75.9722,28.0156],[75.9809,28.0126],[75.9874,28.0112],[75.9952,28.0088],[75.9942,28.0027],[75.9899,27.9947],[75.9869,27.9976],[75.9793,27.9989],[75.9776,28.0002],[75.9667,28],[75.965,27.996],[75.966,27.9945],[75.9653,27.9879],[75.9656,27.9841],[75.9674,27.9816],[75.973,27.9812],[75.9782,27.9798],[75.9832,27.9796],[75.9859,27.9786],[75.9899,27.9823],[75.9994,27.9779],[76.002,27.9808],[76.0046,27.9865],[76.0094,27.9914],[76.0135,27.9941],[76.0145,27.9901],[76.0176,27.9872],[76.0189,27.9834],[76.0241,27.9797],[76.0254,27.9775],[76.0235,27.9743],[76.0282,27.9668],[76.0259,27.9608],[76.0286,27.9561],[76.032,27.957],[76.0401,27.9539],[76.0418,27.9528],[76.0426,27.95],[76.051,27.9579],[76.0489,27.9598],[76.0546,27.9647],[76.0694,27.9576],[76.0723,27.9607],[76.0735,27.9639],[76.0761,27.9654],[76.0792,27.9721],[76.0817,27.9745],[76.0845,27.9788],[76.1039,27.9715],[76.1047,27.9734],[76.108,27.974],[76.1193,27.9709],[76.1191,27.9734],[76.121,27.9772],[76.1281,27.9747],[76.1363,27.9731],[76.1391,27.9746],[76.1434,27.9734],[76.1423,27.97],[76.1453,27.969],[76.143,27.9643],[76.147,27.9632],[76.1518,27.9677],[76.1568,27.9687],[76.1602,27.9725],[76.1639,27.9733],[76.1658,27.9764],[76.1669,27.983],[76.1576,27.9872],[76.1604,27.9984],[76.1626,28.0013],[76.1684,28.0072],[76.1696,28.0074],[76.1734,28.0166],[76.1769,28.0215],[76.181,28.0214],[76.1854,28.0203],[76.1969,28.0155],[76.1988,28.019],[76.1987,28.021],[76.2011,28.023],[76.2033,28.028],[76.2148,28.0266],[76.2151,28.0302],[76.2167,28.0355],[76.2129,28.0362],[76.2064,28.0364],[76.2037,28.0378],[76.2018,28.0293],[76.1975,28.0299],[76.1895,28.0345],[76.1888,28.0366],[76.1779,28.0456],[76.1798,28.0543],[76.1818,28.0546],[76.1888,28.0532],[76.1895,28.0565],[76.1992,28.0557],[76.2022,28.0583],[76.205,28.0652],[76.1932,28.0676],[76.1852,28.0686],[76.1758,28.0687],[76.1694,28.0697],[76.1694,28.0765],[76.1688,28.082],[76.166,28.0824],[76.1605,28.0845],[76.1604,28.0877],[76.157,28.0875],[76.1577,28.0912],[76.1613,28.0934],[76.1633,28.0931],[76.1652,28.0956],[76.1718,28.0926],[76.1716,28.0901],[76.1779,28.0902],[76.1836,28.0892],[76.1854,28.0981],[76.1881,28.1038],[76.1924,28.1045],[76.2013,28.1045],[76.2003,28.1103],[76.2005,28.1133],[76.2042,28.1246],[76.2013,28.1245],[76.1961,28.1263],[76.1928,28.1263],[76.1792,28.1281],[76.179,28.1405],[76.1826,28.1407],[76.1879,28.1468],[76.1898,28.1507],[76.1933,28.1622],[76.1885,28.1642],[76.1887,28.1664],[76.1777,28.1716]]]},"properties":{"id":"in:subdistrict:412","level":"subdistrict","name":"Narnaul","code":412,"parent":"in:district:69","state":"in:state:6"}},{"type":"Feature","geometry":{"type":"Polygon","coordinates":[[[75.9324,27.9299],[75.9396,27.9228],[75.937,27.9219],[75.9345,27.9186],[75.9375,27.9171],[75.938,27.9145],[75.9423,27.9132],[75.949,27.915],[75.9578,27.914],[75.9681,27.9144],[75.9748,27.9118],[75.9732,27.9021],[75.9848,27.9035],[75.9846,27.9011],[75.9814,27.8992],[75.9785,27.8949],[75.9753,27.8937],[75.9814,27.8856],[75.9844,27.8826],[75.98,27.8774],[75.9776,27.8738],[75.9794,27.8655],[75.9776,27.8651],[75.9756,27.8619],[75.9725,27.8606],[75.9714,27.852],[75.9788,27.8474],[75.987,27.8417],[75.9972,27.8388],[76.0046,27.8344],[76.0065,27.8391],[76.0096,27.8415],[76.0135,27.8413],[76.0198,27.8394],[76.0233,27.8398],[76.0273,27.8385],[76.0302,27.84],[76.0363,27.8374],[76.0402,27.8389],[76.0409,27.8413],[76.0477,27.8351],[76.0518,27.838],[76.0606,27.8483],[76.0749,27.8438],[76.0769,27.8451],[76.0811,27.8457],[76.0857,27.8447],[76.0857,27.8528],[76.0878,27.8607],[76.0946,27.8588],[76.0981,27.8569],[76.1013,27.8572],[76.1066,27.8557],[76.1144,27.8509],[76.1156,27.8521],[76.1233,27.851],[76.1278,27.8437],[76.1335,27.8394],[76.1354,27.8393],[76.1346,27.8343],[76.1323,27.8245],[76.1445,27.8227],[76.1491,27.8204],[76.1536,27.8197],[76.1531,27.8154],[76.1605,27.8139],[76.1694,27.808],[76.1722,27.8052],[76.1721,27.7996],[76.175,27.7981],[76.1812,27.7975],[76.1827,27.7986],[76.1897,27.8074],[76.1923,27.8093],[76.1961,27.8154],[76.1992,27.8212],[76.2053,27.8199],[76.2078,27.8187],[76.2093,27.8163],[76.2171,27.8167],[76.2203,27.8231],[76.2237,27.8288],[76.2252,27.8333],[76.2118,27.8382],[76.2089,27.84],[76.2122,27.8464],[76.1938,27.8595],[76.1941,27.8671],[76.1936,27.8722],[76.1944,27.8774],[76.2,27.878],[76.2001,27.8805],[76.2022,27.8885],[76.2012,27.8928],[76.1968,27.8952],[76.185,27.8993],[76.1833,27.8995],[76.1717,27.9031],[76.1682,27.9034],[76.1677,27.9097],[76.1687,27.9153],[76.1708,27.9217],[76.1731,27.9259],[76.174,27.9298],[76.177,27.9297],[76.1792,27.9388],[76.18,27.9441],[76.1824,27.9519],[76.1799,27.9529],[76.1807,27.9571],[76.1825,27.962],[76.184,27.9618],[76.1866,27.9655],[76.1766,27.9693],[76.1639,27.9733],[76.1602,27.9725],[76.1568,27.9687],[76.1518,27.9677],[76.147,27.9632],[76.143,27.9643],[76.1453,27.969],[76.1423,27.97],[76.1434,27.9734],[76.1391,27.9746],[76.1363,27.9731],[76.1281,27.9747],[76.121,27.9772],[76.1191,27.9734],[76.1193,27.9709],[76.108,27.974],[76.1047,27.9734],[76.1039,27.9715],[76.0845,27.9788],[76.0817,27.9745],[76.0792,27.9721],[76.0761,27.9654],[76.0735,27.9639],[76.0723,27.9607],[76.0694,27.9576],[76.0546,27.9647],[76.0489,27.9598],[76.051,27.9579],[76.0426,27.95],[76.0418,27.9528],[76.0401,27.9539],[76.032,27.957],[76.0286,27.9561],[76.0259,27.9608],[76.0282,27.9668],[76.0235,27.9743],[76.0254,27.9775],[76.0241,27.9797],[76.0189,27.9834],[76.0176,27.9872],[76.0145,27.9901],[76.0135,27.9941],[76.0094,27.9914],[76.0046,27.9865],[76.002,27.9808],[75.9994,27.9779],[75.9982,27.9753],[75.9946,27.9754],[75.9886,27.9682],[75.982,27.9653],[75.9778,27.9544],[75.983,27.951],[75.9794,27.9441],[75.9727,27.9327],[75.9682,27.9319],[75.966,27.935],[75.9579,27.9359],[75.9579,27.938],[75.9532,27.9446],[75.9517,27.9477],[75.9466,27.9459],[75.9434,27.944],[75.937,27.9385],[75.9342,27.9323],[75.9324,27.9299]]]},"properties":{"id":"in:subdistrict:6456","level":"subdistrict","name":"Nangal Chawdhary","code":6456,"parent":"in:district:69","state":"in:state:6"}},{"type":"Feature","geometry":{"type":"MultiPolygon","coordinates":[[[[76.712,28.1253],[76.7058,28.1279],[76.7042,28.127],[76.6975,28.1307],[76.6957,28.1275],[76.6919,28.1266],[76.6886,28.1198],[76.6892,28.1167],[76.6982,28.112],[76.703,28.1076],[76.7068,28.1135],[76.7098,28.1192],[76.712,28.1253]]],[[[76.5026,28.0314],[76.5101,28.0297],[76.5147,28.0302],[76.5204,28.0322],[76.5228,28.0338],[76.5304,28.0402],[76.5366,28.0368],[76.5438,28.0342],[76.5415,28.0311],[76.5393,28.0235],[76.5428,28.0178],[76.5433,28.0143],[76.5449,28.0106],[76.5441,28.0074],[76.5407,28.0022],[76.5364,28],[76.5427,27.9995],[76.542,27.9889],[76.5411,27.9848],[76.536,27.9795],[76.5381,27.9677],[76.5447,27.9637],[76.5481,27.9638],[76.5574,27.9659],[76.5617,27.9661],[76.5645,27.9757],[76.5644,27.9781],[76.5804,27.9789],[76.584,27.992],[76.588,27.9933],[76.5899,27.9979],[76.5952,27.9977],[76.6019,27.9995],[76.606,28.0038],[76.6181,28.003],[76.6407,28.0023],[76.6525,28.0065],[76.6592,28.0081],[76.6682,28.0138],[76.6654,28.0256],[76.6611,28.032],[76.6544,28.0347],[76.6586,28.0429],[76.6586,28.0469],[76.6556,28.0531],[76.6519,28.0563],[76.6516,28.0616],[76.6539,28.0687],[76.6556,28.0757],[76.6558,28.082],[76.6572,28.0892],[76.6588,28.0903],[76.6634,28.0912],[76.6735,28.0895],[76.6874,28.0877],[76.688,28.0902],[76.6852,28.0919],[76.6829,28.0932],[76.6806,28.0966],[76.6714,28.0991],[76.6724,28.104],[76.6714,28.1072],[76.6653,28.1098],[76.6615,28.1125],[76.656,28.1102],[76.6539,28.108],[76.6508,28.1084],[76.6473,28.1047],[76.6448,28.1007],[76.6415,28.1017],[76.6381,28.1094],[76.6405,28.1173],[76.6329,28.1191],[76.6139,28.122],[76.6114,28.1177],[76.6097,28.1166],[76.5967,28.1206],[76.5902,28.1216],[76.5888,28.1193],[76.5765,28.1244],[76.5727,28.1168],[76.5695,28.1182],[76.5721,28.124],[76.5656,28.1268],[76.5602,28.1285],[76.5542,28.1357],[76.5529,28.1385],[76.5551,28.1418],[76.5518,28.1436],[76.5467,28.1447],[76.5417,28.144],[76.5393,28.1427],[76.5358,28.1431],[76.5329,28.1448],[76.5248,28.1478],[76.5226,28.146],[76.5191,28.1456],[76.5025,28.1412],[76.4987,28.1419],[76.4967,28.1409],[76.4954,28.1369],[76.4919,28.1299],[76.4887,28.1237],[76.4871,28.1194],[76.4901,28.1201],[76.4941,28.1193],[76.4988,28.1198],[76.5027,28.1187],[76.5005,28.1146],[76.5,28.1039],[76.499,28.1002],[76.4923,28.1005],[76.4812,28.1004],[76.4783,28.1015],[76.4787,28.1035],[76.4767,28.1055],[76.4773,28.108],[76.4748,28.1088],[76.4719,28.1078],[76.4637,28.1092],[76.4599,28.1062],[76.4578,28.1062],[76.4559,28.1029],[76.452,28.0912],[76.4478,28.089],[76.4569,28.0834],[76.4676,28.0788],[76.4718,28.0802],[76.4789,28.0777],[76.4811,28.0756],[76.4892,28.0697],[76.5012,28.0597],[76.4954,28.0531],[76.4912,28.0537],[76.4894,28.0528],[76.4831,28.0531],[76.4763,28.0544],[76.4761,28.0572],[76.4724,28.0585],[76.4688,28.0577],[76.4625,28.0591],[76.4615,28.0587],[76.4587,28.0533],[76.4547,28.0423],[76.4615,28.0405],[76.4648,28.0424],[76.4701,28.0409],[76.4736,28.0416],[76.4812,28.0406],[76.4823,28.0419],[76.4897,28.0421],[76.4951,28.0436],[76.4974,28.0433],[76.4989,28.0394],[76.5012,28.0366],[76.5026,28.0314]]]]},"properties":{"id":"in:subdistrict:415","level":"subdistrict","name":"Bawal","code":415,"parent":"in:district:72","state":"in:state:6"}},{"type":"Feature","geometry":{"type":"MultiPolygon","coordinates":[[[[76.4305,28.1097],[76.4345,28.1091],[76.4392,28.1111],[76.4414,28.1169],[76.441,28.1199],[76.4362,28.1268],[76.4356,28.1294],[76.4333,28.1303],[76.4336,28.1364],[76.4289,28.1384],[76.4258,28.1298],[76.4232,28.1261],[76.4218,28.1225],[76.4237,28.1208],[76.423,28.1142],[76.4305,28.1097]]],[[[76.3116,28.1781],[76.3205,28.1752],[76.3223,28.1734],[76.3332,28.1698],[76.3345,28.1724],[76.3432,28.1702],[76.3544,28.1638],[76.3579,28.1611],[76.3542,28.1548],[76.3582,28.1549],[76.3566,28.1437],[76.3597,28.1421],[76.3663,28.1368],[76.3824,28.1331],[76.3847,28.1367],[76.3918,28.1347],[76.3938,28.1375],[76.3957,28.1371],[76.4002,28.1443],[76.4015,28.145],[76.4102,28.143],[76.422,28.1419],[76.4242,28.1424],[76.4326,28.1409],[76.4374,28.1487],[76.4499,28.147],[76.4599,28.1475],[76.463,28.1481],[76.4663,28.1515],[76.4726,28.1505],[76.4757,28.1486],[76.4752,28.1428],[76.4713,28.1385],[76.472,28.1351],[76.4767,28.132],[76.4763,28.131],[76.4819,28.1284],[76.4832,28.1308],[76.4919,28.1299],[76.4954,28.1369],[76.4967,28.1409],[76.4987,28.1419],[76.5025,28.1412],[76.5191,28.1456],[76.5226,28.146],[76.5248,28.1478],[76.5329,28.1448],[76.5358,28.1431],[76.5393,28.1427],[76.5417,28.144],[76.5467,28.1447],[76.5518,28.1436],[76.5551,28.1418],[76.5529,28.1385],[76.5542,28.1357],[76.5602,28.1285],[76.5656,28.1268],[76.5721,28.124],[76.5695,28.1182],[76.5727,28.1168],[76.5765,28.1244],[76.5888,28.1193],[76.5902,28.1216],[76.5967,28.1206],[76.6097,28.1166],[76.6114,28.1177],[76.6139,28.122],[76.6329,28.1191],[76.6405,28.1173],[76.6381,28.1094],[76.6415,28.1017],[76.6448,28.1007],[76.6473,28.1047],[76.6508,28.1084],[76.6539,28.108],[76.656,28.1102],[76.6615,28.1125],[76.6653,28.1098],[76.6714,28.1072],[76.6724,28.104],[76.6714,28.0991],[76.6806,28.0966],[76.6829,28.0932],[76.6852,28.0919],[76.6885,28.0975],[76.6982,28.112],[76.6892,28.1167],[76.6886,28.1198],[76.6919,28.1266],[76.6957,28.1275],[76.6975,28.1307],[76.7042,28.127],[76.7058,28.1279],[76.712,28.1253],[76.716,28.1278],[76.7313,28.1236],[76.7408,28.1218],[76.7436,28.121],[76.7486,28.1276],[76.7512,28.1325],[76.7543,28.1363],[76.7624,28.1426],[76.7656,28.1441],[76.7715,28.145],[76.7764,28.1441],[76.7821,28.1471],[76.7837,28.1509],[76.7884,28.1499],[76.7901,28.1505],[76.7948,28.1484],[76.8006,28.1612],[76.8003,28.1645],[76.7961,28.1669],[76.795,28.1699],[76.7957,28.1806],[76.7925,28.1842],[76.7971,28.1916],[76.8004,28.1925],[76.8005,28.1889],[76.806,28.1866],[76.8081,28.1865],[76.8109,28.1888],[76.813,28.1933],[76.8048,28.1973],[76.8051,28.2055],[76.8084,28.2109],[76.8141,28.2089],[76.8233,28.2089],[76.8317,28.2094],[76.8382,28.22],[76.8412,28.2207],[76.8461,28.2195],[76.8469,28.2215],[76.8529,28.2207],[76.8581,28.2273],[76.8591,28.2302],[76.8575,28.2346],[76.847,28.2399],[76.8431,28.2386],[76.8362,28.2404],[76.8284,28.244],[76.8233,28.2453],[76.8223,28.2441],[76.8158,28.245],[76.8122,28.2408],[76.8102,28.2422],[76.8119,28.2441],[76.8076,28.2468],[76.811,28.2542],[76.8049,28.2566],[76.8021,28.2536],[76.7966,28.2562],[76.7958,28.2555],[76.7961,28.2503],[76.7941,28.2472],[76.794,28.2444],[76.7907,28.2384],[76.7831,28.2269],[76.7805,28.2239],[76.7768,28.2262],[76.7704,28.2316],[76.7691,28.2349],[76.7697,28.2395],[76.7668,28.2415],[76.7625,28.2426],[76.7574,28.2466],[76.7535,28.2485],[76.7452,28.25],[76.7367,28.2528],[76.7249,28.2581],[76.7179,28.2619],[76.7111,28.2648],[76.7106,28.2638],[76.7032,28.2599],[76.6969,28.2597],[76.6881,28.2659],[76.6841,28.2626],[76.6772,28.2645],[76.6779,28.2686],[76.6732,28.2701],[76.6759,28.2754],[76.6785,28.2857],[76.6787,28.2885],[76.683,28.2935],[76.6807,28.2946],[76.6834,28.2996],[76.6818,28.3015],[76.683,28.307],[76.6855,28.3138],[76.6792,28.3169],[76.6729,28.3171],[76.6711,28.3117],[76.6696,28.3096],[76.6669,28.3032],[76.6537,28.3061],[76.6503,28.3084],[76.6506,28.3118],[76.657,28.3304],[76.6647,28.3404],[76.6599,28.3421],[76.6618,28.3485],[76.6586,28.3542],[76.6571,28.3548],[76.6604,28.3612],[76.6641,28.3699],[76.6632,28.3705],[76.669,28.3792],[76.6628,28.3827],[76.6635,28.3871],[76.6599,28.3928],[76.6496,28.4025],[76.65,28.4035],[76.6423,28.4061],[76.642,28.4107],[76.634,28.4145],[76.6364,28.4164],[76.634,28.4181],[76.6327,28.4217],[76.6256,28.4261],[76.623,28.4265],[76.6142,28.4298],[76.6111,28.4277],[76.6045,28.4183],[76.6023,28.4143],[76.6007,28.4064],[76.6029,28.4058],[76.6012,28.3974],[76.6022,28.3927],[76.6016,28.3862],[76.5989,28.3741],[76.5983,28.3688],[76.5917,28.3695],[76.5879,28.3607],[76.5853,28.3562],[76.5817,28.3462],[76.5744,28.3455],[76.5647,28.3463],[76.5642,28.3443],[76.5601,28.3447],[76.5589,28.3394],[76.559,28.3363],[76.5471,28.3364],[76.5353,28.3398],[76.5315,28.3371],[76.5317,28.3347],[76.5275,28.3353],[76.5291,28.3376],[76.5194,28.3422],[76.5131,28.3484],[76.5096,28.3419],[76.5079,28.3428],[76.5063,28.3366],[76.5083,28.3314],[76.5071,28.3209],[76.4991,28.321],[76.4975,28.3223],[76.4989,28.3271],[76.4974,28.3284],[76.4858,28.3339],[76.4884,28.338],[76.4656,28.3473],[76.4605,28.3444],[76.4415,28.3505],[76.4386,28.3509],[76.4305,28.3506],[76.4294,28.3464],[76.4239,28.3431],[76.4226,28.3355],[76.4197,28.3262],[76.4183,28.3246],[76.4056,28.3292],[76.3864,28.3351],[76.386,28.3365],[76.3812,28.338],[76.3829,28.3441],[76.3873,28.3534],[76.3886,28.3578],[76.3856,28.3641],[76.3804,28.3652],[76.3749,28.3646],[76.3636,28.3651],[76.3563,28.369],[76.355,28.3656],[76.3574,28.3553],[76.3565,28.3461],[76.3568,28.3435],[76.3596,28.3421],[76.3654,28.3367],[76.3679,28.3354],[76.3676,28.3227],[76.3655,28.3218],[76.3579,28.3203],[76.3569,28.3135],[76.3557,28.3102],[76.3506,28.3112],[76.3489,28.308],[76.3466,28.3065],[76.3466,28.3008],[76.3473,28.2963],[76.3494,28.2956],[76.3493,28.2924],[76.3518,28.2902],[76.3526,28.2877],[76.3516,28.2807],[76.3464,28.2739],[76.3432,28.2735],[76.3423,28.2669],[76.3465,28.2658],[76.3475,28.263],[76.3504,28.2606],[76.3491,28.2562],[76.3466,28.2537],[76.3486,28.25],[76.3467,28.2444],[76.3462,28.2368],[76.3422,28.2253],[76.3407,28.2227],[76.3353,28.224],[76.3271,28.2238],[76.3252,28.2169],[76.3207,28.2063],[76.319,28.2068],[76.3145,28.2032],[76.3053,28.2035],[76.3037,28.1933],[76.3099,28.1909],[76.3091,28.1871],[76.3122,28.1853],[76.3116,28.1781]]]]},"properties":{"id":"in:subdistrict:414","level":"subdistrict","name":"Rewari","code":414,"parent":"in:district:72","state":"in:state:6"}},{"type":"Feature","geometry":{"type":"Polygon","coordinates":[[[76.355,28.3656],[76.3563,28.369],[76.3636,28.3651],[76.3749,28.3646],[76.3804,28.3652],[76.3856,28.3641],[76.3886,28.3578],[76.3873,28.3534],[76.3829,28.3441],[76.3812,28.338],[76.386,28.3365],[76.3864,28.3351],[76.4056,28.3292],[76.4183,28.3246],[76.4197,28.3262],[76.4226,28.3355],[76.4239,28.3431],[76.4294,28.3464],[76.4305,28.3506],[76.4386,28.3509],[76.4415,28.3505],[76.4605,28.3444],[76.4656,28.3473],[76.4884,28.338],[76.4858,28.3339],[76.4974,28.3284],[76.4989,28.3271],[76.4975,28.3223],[76.4991,28.321],[76.5071,28.3209],[76.5083,28.3314],[76.5063,28.3366],[76.5079,28.3428],[76.5096,28.3419],[76.5131,28.3484],[76.5194,28.3422],[76.5291,28.3376],[76.5275,28.3353],[76.5317,28.3347],[76.5315,28.3371],[76.5353,28.3398],[76.5471,28.3364],[76.559,28.3363],[76.5589,28.3394],[76.5601,28.3447],[76.5642,28.3443],[76.5647,28.3463],[76.5744,28.3455],[76.5817,28.3462],[76.5853,28.3562],[76.5879,28.3607],[76.5917,28.3695],[76.5983,28.3688],[76.5989,28.3741],[76.6016,28.3862],[76.6022,28.3927],[76.6012,28.3974],[76.6029,28.4058],[76.6007,28.4064],[76.6023,28.4143],[76.6045,28.4183],[76.6111,28.4277],[76.6045,28.4317],[76.5981,28.4342],[76.5837,28.4369],[76.5794,28.4311],[76.5758,28.4251],[76.5735,28.4198],[76.5704,28.4145],[76.5644,28.4073],[76.5625,28.4077],[76.5606,28.4046],[76.5527,28.4075],[76.5481,28.4065],[76.5355,28.4068],[76.5288,28.4093],[76.5252,28.4112],[76.5118,28.4152],[76.5084,28.4176],[76.5076,28.4269],[76.5066,28.4288],[76.5005,28.4309],[76.498,28.4291],[76.4901,28.4326],[76.4849,28.4276],[76.4742,28.4277],[76.4638,28.4257],[76.4589,28.4258],[76.4546,28.418],[76.449,28.4205],[76.4443,28.4217],[76.44,28.4248],[76.4453,28.4378],[76.442,28.4375],[76.4361,28.4399],[76.436,28.4443],[76.437,28.4522],[76.4403,28.4545],[76.4407,28.4561],[76.4348,28.4589],[76.4257,28.4624],[76.4192,28.4635],[76.4106,28.4675],[76.4067,28.4699],[76.3982,28.4729],[76.3978,28.4699],[76.3957,28.4684],[76.3938,28.4549],[76.3931,28.4444],[76.4012,28.4417],[76.4018,28.4324],[76.403,28.4306],[76.4007,28.4264],[76.3961,28.4254],[76.3909,28.4258],[76.3849,28.4228],[76.3834,28.4243],[76.3732,28.4252],[76.3674,28.4282],[76.3658,28.4322],[76.3663,28.4374],[76.3656,28.4404],[76.3673,28.4466],[76.3665,28.4551],[76.3572,28.4564],[76.3465,28.4595],[76.3433,28.4598],[76.3408,28.4559],[76.3393,28.4501],[76.3377,28.4481],[76.3348,28.4387],[76.336,28.4328],[76.3332,28.4202],[76.3226,28.4212],[76.3217,28.4242],[76.3218,28.4316],[76.3165,28.4316],[76.3108,28.4333],[76.3091,28.4322],[76.3029,28.422],[76.2973,28.4235],[76.2915,28.4273],[76.2879,28.4286],[76.284,28.414],[76.2802,28.407],[76.2803,28.4053],[76.2892,28.4026],[76.2895,28.4034],[76.2978,28.4025],[76.3019,28.4015],[76.2993,28.3984],[76.2985,28.3924],[76.2972,28.3913],[76.2984,28.3869],[76.2976,28.3827],[76.3049,28.3765],[76.3141,28.3739],[76.3174,28.3738],[76.3279,28.3718],[76.3287,28.3641],[76.3344,28.3627],[76.3356,28.3645],[76.3445,28.3654],[76.3515,28.3669],[76.355,28.3656]]]},"properties":{"id":"in:subdistrict:413","level":"subdistrict","name":"Kosli","code":413,"parent":"in:district:72","state":"in:state:6"}},{"type":"Feature","geometry":{"type":"Polygon","coordinates":[[[76.4635,28.6119],[76.4584,28.609],[76.454,28.6043],[76.4515,28.6054],[76.4488,28.6012],[76.4483,28.5983],[76.4389,28.6007],[76.4357,28.6022],[76.4328,28.5995],[76.4303,28.5957],[76.4286,28.5913],[76.4267,28.5831],[76.4256,28.5661],[76.4231,28.5586],[76.4212,28.5512],[76.4126,28.5511],[76.4099,28.5489],[76.4042,28.551],[76.4027,28.5621],[76.4035,28.567],[76.4021,28.5722],[76.4018,28.5776],[76.4039,28.5861],[76.402,28.5907],[76.4027,28.5927],[76.4004,28.5962],[76.3944,28.5988],[76.3876,28.5987],[76.3742,28.5995],[76.3699,28.6013],[76.3602,28.6071],[76.3588,28.6126],[76.3586,28.6167],[76.357,28.6167],[76.3555,28.6134],[76.3496,28.607],[76.3459,28.6021],[76.3447,28.5981],[76.3449,28.5933],[76.3427,28.5801],[76.3348,28.5824],[76.3346,28.5782],[76.3355,28.5754],[76.3348,28.5729],[76.3373,28.5722],[76.3418,28.5657],[76.3423,28.563],[76.3416,28.556],[76.3388,28.5426],[76.3357,28.538],[76.3349,28.5305],[76.335,28.5266],[76.3322,28.5101],[76.3293,28.5029],[76.3272,28.4959],[76.3227,28.4923],[76.3184,28.493],[76.3143,28.4972],[76.3045,28.4998],[76.3,28.4994],[76.296,28.4982],[76.2905,28.4977],[76.2857,28.4872],[76.2827,28.478],[76.2854,28.4739],[76.2884,28.4714],[76.2931,28.4688],[76.2896,28.4584],[76.2907,28.4539],[76.2887,28.4469],[76.2908,28.4437],[76.2906,28.4399],[76.2849,28.4316],[76.2879,28.4286],[76.2915,28.4273],[76.2973,28.4235],[76.3029,28.422],[76.3091,28.4322],[76.3108,28.4333],[76.3165,28.4316],[76.3218,28.4316],[76.3217,28.4242],[76.3226,28.4212],[76.3332,28.4202],[76.336,28.4328],[76.3348,28.4387],[76.3377,28.4481],[76.3393,28.4501],[76.3408,28.4559],[76.3433,28.4598],[76.3465,28.4595],[76.3572,28.4564],[76.3665,28.4551],[76.3673,28.4466],[76.3656,28.4404],[76.3663,28.4374],[76.3658,28.4322],[76.3674,28.4282],[76.3732,28.4252],[76.3834,28.4243],[76.3849,28.4228],[76.3909,28.4258],[76.3961,28.4254],[76.4007,28.4264],[76.403,28.4306],[76.4018,28.4324],[76.4012,28.4417],[76.3931,28.4444],[76.3938,28.4549],[76.3957,28.4684],[76.3978,28.4699],[76.3982,28.4729],[76.4067,28.4699],[76.4106,28.4675],[76.4192,28.4635],[76.4257,28.4624],[76.4348,28.4589],[76.4407,28.4561],[76.4403,28.4545],[76.437,28.4522],[76.436,28.4443],[76.4361,28.4399],[76.442,28.4375],[76.4453,28.4378],[76.44,28.4248],[76.4443,28.4217],[76.449,28.4205],[76.4546,28.418],[76.4589,28.4258],[76.4638,28.4257],[76.4742,28.4277],[76.4849,28.4276],[76.4901,28.4326],[76.498,28.4291],[76.5005,28.4309],[76.5066,28.4288],[76.5082,28.4321],[76.5117,28.4348],[76.5159,28.4476],[76.518,28.4471],[76.5307,28.4464],[76.5368,28.4496],[76.5394,28.4526],[76.5392,28.4585],[76.537,28.4653],[76.5347,28.4674],[76.5352,28.4704],[76.5303,28.4744],[76.5257,28.4761],[76.5271,28.4818],[76.5273,28.491],[76.5309,28.4984],[76.5336,28.4971],[76.5376,28.5004],[76.5393,28.5],[76.5443,28.5057],[76.5466,28.5051],[76.5535,28.5128],[76.56,28.5169],[76.5613,28.5197],[76.5578,28.525],[76.5584,28.5329],[76.5611,28.5349],[76.5666,28.534],[76.569,28.5355],[76.5716,28.5387],[76.5733,28.5476],[76.5748,28.5513],[76.5752,28.5548],[76.5726,28.5559],[76.5689,28.56],[76.5668,28.5634],[76.5616,28.57],[76.5592,28.5695],[76.5494,28.5743],[76.5509,28.5823],[76.5507,28.5844],[76.5524,28.5895],[76.5508,28.5898],[76.5523,28.5975],[76.5467,28.5997],[76.5406,28.6114],[76.5401,28.6171],[76.5447,28.6225],[76.5493,28.6269],[76.5456,28.6295],[76.5353,28.632],[76.5326,28.6357],[76.5289,28.6368],[76.5278,28.6313],[76.5241,28.6266],[76.517,28.6133],[76.51,28.6073],[76.5075,28.6069],[76.5037,28.6101],[76.5002,28.6091],[76.4957,28.6116],[76.4948,28.6088],[76.4876,28.5999],[76.4831,28.6032],[76.4742,28.6064],[76.4635,28.6119]]]},"properties":{"id":"in:subdistrict:410","level":"subdistrict","name":"Matenhail","code":410,"parent":"in:district:64","state":"in:state:6"}},{"type":"Feature","geometry":{"type":"Polygon","coordinates":[[[76.6807,28.7057],[76.6739,28.71],[76.6649,28.7119],[76.663,28.7128],[76.6593,28.7095],[76.6566,28.7096],[76.6548,28.7077],[76.6456,28.7011],[76.6425,28.6968],[76.642,28.6934],[76.6424,28.687],[76.6419,28.6803],[76.6444,28.68],[76.6403,28.6703],[76.6383,28.6647],[76.6383,28.662],[76.6292,28.6615],[76.6289,28.6581],[76.6255,28.6515],[76.6252,28.6495],[76.6221,28.6445],[76.621,28.6415],[76.6221,28.6392],[76.6139,28.6383],[76.6025,28.6388],[76.5952,28.6402],[76.5898,28.6346],[76.5865,28.6321],[76.585,28.628],[76.5827,28.6275],[76.5784,28.6241],[76.5741,28.6166],[76.571,28.6173],[76.5603,28.6175],[76.5563,28.6194],[76.5553,28.6222],[76.5493,28.6269],[76.5447,28.6225],[76.5401,28.6171],[76.5406,28.6114],[76.5467,28.5997],[76.5523,28.5975],[76.5508,28.5898],[76.5524,28.5895],[76.5507,28.5844],[76.5509,28.5823],[76.5494,28.5743],[76.5592,28.5695],[76.5616,28.57],[76.5668,28.5634],[76.5689,28.56],[76.5726,28.5559],[76.5752,28.5548],[76.5748,28.5513],[76.5733,28.5476],[76.5716,28.5387],[76.569,28.5355],[76.5666,28.534],[76.5611,28.5349],[76.5584,28.5329],[76.5578,28.525],[76.5613,28.5197],[76.56,28.5169],[76.5535,28.5128],[76.5466,28.5051],[76.5443,28.5057],[76.5393,28.5],[76.5376,28.5004],[76.5336,28.4971],[76.5309,28.4984],[76.5273,28.491],[76.5271,28.4818],[76.5257,28.4761],[76.5303,28.4744],[76.5352,28.4704],[76.5347,28.4674],[76.537,28.4653],[76.5392,28.4585],[76.5394,28.4526],[76.5368,28.4496],[76.5307,28.4464],[76.518,28.4471],[76.5159,28.4476],[76.5117,28.4348],[76.5082,28.4321],[76.5066,28.4288],[76.5076,28.4269],[76.5084,28.4176],[76.5118,28.4152],[76.5252,28.4112],[76.5288,28.4093],[76.5355,28.4068],[76.5481,28.4065],[76.5527,28.4075],[76.5606,28.4046],[76.5625,28.4077],[76.5644,28.4073],[76.5704,28.4145],[76.5735,28.4198],[76.5758,28.4251],[76.5794,28.4311],[76.5837,28.4369],[76.5981,28.4342],[76.6045,28.4317],[76.6111,28.4277],[76.6142,28.4298],[76.623,28.4265],[76.6256,28.4261],[76.6327,28.4217],[76.634,28.4181],[76.6364,28.4164],[76.634,28.4145],[76.642,28.4107],[76.6423,28.4061],[76.65,28.4035],[76.6496,28.4025],[76.6599,28.3928],[76.6635,28.3871],[76.6628,28.3827],[76.669,28.3792],[76.6761,28.3782],[76.6831,28.3762],[76.6896,28.3721],[76.6966,28.3669],[76.6949,28.3625],[76.6964,28.3609],[76.7017,28.3587],[76.7049,28.3596],[76.7137,28.3563],[76.7188,28.3562],[76.7223,28.3577],[76.7251,28.3576],[76.7284,28.3612],[76.7326,28.3719],[76.7345,28.3757],[76.7334,28.3802],[76.7285,28.3852],[76.729,28.3882],[76.7255,28.3909],[76.7172,28.3951],[76.7141,28.3947],[76.7114,28.3982],[76.7072,28.4013],[76.7064,28.4082],[76.7078,28.4165],[76.7091,28.4202],[76.7171,28.4378],[76.7134,28.4405],[76.7109,28.446],[76.7107,28.4497],[76.7118,28.4542],[76.7116,28.4571],[76.7059,28.459],[76.7084,28.4664],[76.7075,28.4754],[76.7054,28.4794],[76.7041,28.4898],[76.7043,28.4927],[76.7097,28.4936],[76.7139,28.4907],[76.7178,28.4919],[76.7187,28.4906],[76.7261,28.4867],[76.7335,28.4801],[76.7353,28.4795],[76.7339,28.4724],[76.7495,28.4626],[76.7528,28.4624],[76.7585,28.4608],[76.7631,28.4681],[76.765,28.4733],[76.7673,28.4775],[76.7705,28.479],[76.7812,28.4716],[76.7891,28.4666],[76.7922,28.4659],[76.7956,28.4716],[76.8003,28.4704],[76.8051,28.4757],[76.8107,28.475],[76.8141,28.4807],[76.8134,28.485],[76.8183,28.4894],[76.8245,28.499],[76.8243,28.5046],[76.816,28.5083],[76.8076,28.5101],[76.8087,28.5146],[76.8083,28.5195],[76.811,28.5253],[76.8115,28.5317],[76.8104,28.5375],[76.8063,28.5427],[76.8025,28.5435],[76.7941,28.5463],[76.7891,28.549],[76.7947,28.5575],[76.7927,28.5576],[76.7908,28.5613],[76.7861,28.5632],[76.7853,28.5647],[76.7802,28.5653],[76.78,28.5714],[76.7788,28.5786],[76.7758,28.5794],[76.7743,28.5816],[76.7751,28.5873],[76.778,28.5901],[76.7827,28.5906],[76.7862,28.5895],[76.7882,28.5935],[76.7898,28.5946],[76.7898,28.5983],[76.7921,28.6047],[76.788,28.6044],[76.7815,28.6055],[76.7774,28.607],[76.7696,28.6074],[76.767,28.6068],[76.7671,28.6128],[76.7663,28.6172],[76.7622,28.6202],[76.7608,28.6222],[76.7598,28.6274],[76.7573,28.6315],[76.753,28.633],[76.7459,28.6369],[76.7381,28.6451],[76.7345,28.6498],[76.7311,28.6514],[76.7396,28.6638],[76.7337,28.6688],[76.7327,28.668],[76.7242,28.6697],[76.7182,28.663],[76.7168,28.66],[76.7147,28.659],[76.7094,28.6597],[76.7011,28.6651],[76.6926,28.6686],[76.692,28.6698],[76.6872,28.6702],[76.6873,28.6755],[76.6857,28.6774],[76.6866,28.681],[76.6862,28.6902],[76.6863,28.6979],[76.6851,28.6981],[76.6851,28.7044],[76.6807,28.7057]]]},"properties":{"id":"in:subdistrict:409","level":"subdistrict","name":"Jhajjar","code":409,"parent":"in:district:64","state":"in:state:6"}},{"type":"Feature","geometry":{"type":"Polygon","coordinates":[[[76.8243,28.5046],[76.8245,28.499],[76.8183,28.4894],[76.8134,28.485],[76.8141,28.4807],[76.8107,28.475],[76.8051,28.4757],[76.8003,28.4704],[76.7956,28.4716],[76.7922,28.4659],[76.7891,28.4666],[76.7812,28.4716],[76.7705,28.479],[76.7673,28.4775],[76.765,28.4733],[76.7631,28.4681],[76.7585,28.4608],[76.7528,28.4624],[76.7495,28.4626],[76.7339,28.4724],[76.7353,28.4795],[76.7335,28.4801],[76.7261,28.4867],[76.7187,28.4906],[76.7178,28.4919],[76.7139,28.4907],[76.7097,28.4936],[76.7043,28.4927],[76.7041,28.4898],[76.7054,28.4794],[76.7075,28.4754],[76.7084,28.4664],[76.7059,28.459],[76.7116,28.4571],[76.7118,28.4542],[76.7107,28.4497],[76.7109,28.446],[76.7134,28.4405],[76.7171,28.4378],[76.7091,28.4202],[76.7078,28.4165],[76.7064,28.4082],[76.7072,28.4013],[76.7114,28.3982],[76.7141,28.3947],[76.7172,28.3951],[76.7255,28.3909],[76.729,28.3882],[76.7285,28.3852],[76.7334,28.3802],[76.7345,28.3757],[76.7326,28.3719],[76.7346,28.3708],[76.7456,28.3699],[76.7472,28.3722],[76.7537,28.3723],[76.767,28.3656],[76.7694,28.3631],[76.7757,28.3667],[76.7811,28.3683],[76.7888,28.3658],[76.7983,28.3647],[76.7966,28.357],[76.7928,28.3475],[76.7894,28.3426],[76.7865,28.3397],[76.79,28.3362],[76.7954,28.333],[76.7995,28.3361],[76.8028,28.3357],[76.8052,28.3374],[76.8091,28.3378],[76.8127,28.3409],[76.8153,28.3411],[76.8243,28.3457],[76.8349,28.3382],[76.8381,28.3368],[76.8365,28.3309],[76.8345,28.326],[76.832,28.3223],[76.8248,28.3143],[76.8224,28.313],[76.8178,28.3063],[76.8196,28.3045],[76.8158,28.2986],[76.8191,28.299],[76.8265,28.2951],[76.8196,28.2847],[76.8158,28.2803],[76.8187,28.2782],[76.8289,28.2742],[76.8359,28.2735],[76.8412,28.2717],[76.8442,28.2764],[76.8482,28.2756],[76.8499,28.277],[76.8556,28.2742],[76.8567,28.2751],[76.8506,28.2806],[76.856,28.2879],[76.8589,28.2897],[76.8612,28.2897],[76.8659,28.2945],[76.8635,28.2961],[76.8676,28.3009],[76.8667,28.3035],[76.8693,28.3069],[76.873,28.3055],[76.8796,28.3133],[76.885,28.3108],[76.8867,28.3152],[76.8903,28.3181],[76.8933,28.3242],[76.8929,28.3259],[76.8885,28.3289],[76.8905,28.3311],[76.8888,28.3336],[76.8788,28.3413],[76.8787,28.3429],[76.8758,28.346],[76.8857,28.3539],[76.8855,28.3583],[76.8749,28.3655],[76.8653,28.3678],[76.8591,28.3718],[76.8593,28.3748],[76.8654,28.3802],[76.8709,28.3869],[76.8771,28.3844],[76.8844,28.3926],[76.8797,28.3955],[76.8826,28.3991],[76.8866,28.4016],[76.8916,28.4069],[76.8934,28.4073],[76.8932,28.4108],[76.8955,28.413],[76.9,28.414],[76.9032,28.4179],[76.904,28.4236],[76.9019,28.4253],[76.9023,28.4277],[76.8998,28.4284],[76.8924,28.4325],[76.8916,28.4334],[76.8945,28.437],[76.8894,28.441],[76.887,28.4437],[76.892,28.4465],[76.8907,28.4506],[76.8885,28.4544],[76.8928,28.465],[76.8936,28.4687],[76.8968,28.4739],[76.8981,28.4786],[76.8969,28.483],[76.8973,28.487],[76.8951,28.4904],[76.8942,28.4949],[76.8904,28.4981],[76.89,28.5009],[76.8854,28.5011],[76.883,28.4997],[76.8787,28.4997],[76.875,28.498],[76.8612,28.5014],[76.8601,28.501],[76.8498,28.502],[76.8462,28.5001],[76.8418,28.5008],[76.8279,28.5048],[76.8243,28.5046]]]},"properties":{"id":"in:subdistrict:418","level":"subdistrict","name":"Farrukhnagar","code":418,"parent":"in:district:62","state":"in:state:6"}},{"type":"Feature","geometry":{"type":"Polygon","coordinates":[[[76.7958,28.2555],[76.7923,28.2574],[76.7942,28.2602],[76.7871,28.2641],[76.7889,28.2663],[76.7846,28.2683],[76.7848,28.2702],[76.7816,28.2727],[76.7842,28.2766],[76.7841,28.2786],[76.788,28.2808],[76.793,28.2795],[76.8064,28.2744],[76.8137,28.2822],[76.8117,28.2849],[76.8123,28.287],[76.8105,28.2887],[76.8141,28.2964],[76.8158,28.2986],[76.8196,28.3045],[76.8178,28.3063],[76.8224,28.313],[76.8248,28.3143],[76.832,28.3223],[76.8345,28.326],[76.8365,28.3309],[76.8381,28.3368],[76.8349,28.3382],[76.8243,28.3457],[76.8153,28.3411],[76.8127,28.3409],[76.8091,28.3378],[76.8052,28.3374],[76.8028,28.3357],[76.7995,28.3361],[76.7954,28.333],[76.79,28.3362],[76.7865,28.3397],[76.7894,28.3426],[76.7928,28.3475],[76.7966,28.357],[76.7983,28.3647],[76.7888,28.3658],[76.7811,28.3683],[76.7757,28.3667],[76.7694,28.3631],[76.767,28.3656],[76.7537,28.3723],[76.7472,28.3722],[76.7456,28.3699],[76.7346,28.3708],[76.7326,28.3719],[76.7284,28.3612],[76.7251,28.3576],[76.7223,28.3577],[76.7188,28.3562],[76.7137,28.3563],[76.7049,28.3596],[76.7017,28.3587],[76.6964,28.3609],[76.6949,28.3625],[76.6966,28.3669],[76.6896,28.3721],[76.6831,28.3762],[76.6761,28.3782],[76.669,28.3792],[76.6632,28.3705],[76.6641,28.3699],[76.6604,28.3612],[76.6571,28.3548],[76.6586,28.3542],[76.6618,28.3485],[76.6599,28.3421],[76.6647,28.3404],[76.657,28.3304],[76.6506,28.3118],[76.6503,28.3084],[76.6537,28.3061],[76.6669,28.3032],[76.6696,28.3096],[76.6711,28.3117],[76.6729,28.3171],[76.6792,28.3169],[76.6855,28.3138],[76.683,28.307],[76.6818,28.3015],[76.6834,28.2996],[76.6807,28.2946],[76.683,28.2935],[76.6787,28.2885],[76.6785,28.2857],[76.6759,28.2754],[76.6732,28.2701],[76.6779,28.2686],[76.6772,28.2645],[76.6841,28.2626],[76.6881,28.2659],[76.6969,28.2597],[76.7032,28.2599],[76.7106,28.2638],[76.7111,28.2648],[76.7179,28.2619],[76.7249,28.2581],[76.7367,28.2528],[76.7452,28.25],[76.7535,28.2485],[76.7574,28.2466],[76.7625,28.2426],[76.7668,28.2415],[76.7697,28.2395],[76.7691,28.2349],[76.7704,28.2316],[76.7768,28.2262],[76.7805,28.2239],[76.7831,28.2269],[76.7907,28.2384],[76.794,28.2444],[76.7941,28.2472],[76.7961,28.2503],[76.7958,28.2555]]]},"properties":{"id":"in:subdistrict:416","level":"subdistrict","name":"Pataudi","code":416,"parent":"in:district:62","state":"in:state:6"}},{"type":"Feature","geometry":{"type":"Polygon","coordinates":[[[77.1918,28.2086],[77.1887,28.2108],[77.1864,28.2087],[77.1827,28.2099],[77.1817,28.208],[77.1757,28.2031],[77.1719,28.199],[77.1663,28.2046],[77.1655,28.2099],[77.1622,28.2129],[77.1604,28.2132],[77.153,28.2171],[77.1496,28.2165],[77.1469,28.2181],[77.1386,28.2252],[77.1344,28.2264],[77.129,28.2245],[77.124,28.2212],[77.1212,28.2181],[77.1141,28.2193],[77.1057,28.2237],[77.1065,28.2253],[77.103,28.2275],[77.0997,28.2267],[77.0964,28.2206],[77.0941,28.2199],[77.0931,28.2225],[77.0889,28.2236],[77.0868,28.226],[77.0816,28.2299],[77.0765,28.2248],[77.0744,28.2208],[77.0741,28.2177],[77.0714,28.2147],[77.0656,28.2177],[77.0646,28.2162],[77.0609,28.2178],[77.061,28.2197],[77.0547,28.2231],[77.052,28.2216],[77.0478,28.2166],[77.0429,28.2095],[77.0377,28.2042],[77.0345,28.2054],[77.0259,28.2052],[77.0218,28.2017],[77.0166,28.2006],[77.0077,28.2016],[77.0051,28.1928],[76.9974,28.1905],[76.9932,28.1856],[76.9914,28.1809],[76.9907,28.1758],[76.9926,28.1736],[76.9882,28.1686],[76.9844,28.1675],[76.9783,28.1641],[76.9768,28.1596],[76.973,28.1591],[76.9717,28.1602],[76.9675,28.1591],[76.9684,28.1574],[76.9658,28.1516],[76.9667,28.1468],[76.9692,28.1421],[76.9713,28.14],[76.9705,28.1384],[76.9669,28.1297],[76.9663,28.1266],[76.9618,28.1107],[76.9614,28.0996],[76.9598,28.0928],[76.958,28.0875],[76.9579,28.0775],[76.9546,28.0731],[76.9536,28.066],[76.9538,28.0626],[76.9487,28.0584],[76.9399,28.0438],[76.9393,28.0352],[76.9382,28.0303],[76.9379,28.0219],[76.9368,28.017],[76.9365,28.0127],[76.9335,28],[76.9306,27.9933],[76.9329,27.989],[76.9335,27.9816],[76.9379,27.9828],[76.9403,27.985],[76.9461,27.9834],[76.9537,27.9854],[76.9616,27.9892],[76.9626,27.9916],[76.967,27.9913],[76.97,27.9902],[76.9717,27.9952],[76.9751,27.9949],[76.995,27.9909],[77,27.9907],[77.006,27.9889],[77.0116,27.9856],[77.0157,27.9858],[77.0183,27.9881],[77.0195,27.9912],[77.0174,27.9944],[77.0172,27.9983],[77.0145,28.0018],[77.0151,28.0038],[77.02,28.0049],[77.0226,28.0072],[77.0232,28.0129],[77.0253,28.0128],[77.0287,28.0105],[77.035,28.0081],[77.0417,28.0029],[77.045,28.002],[77.0512,27.9987],[77.0556,28.0028],[77.0599,27.9959],[77.0635,27.9916],[77.0665,27.9896],[77.0778,27.9858],[77.0819,27.982],[77.0883,27.9817],[77.0917,27.9791],[77.0985,27.9765],[77.1039,27.9727],[77.1096,27.9706],[77.1105,27.9715],[77.1179,27.9673],[77.1176,27.966],[77.1231,27.964],[77.1301,27.9655],[77.133,27.9687],[77.1361,27.9702],[77.1432,27.9696],[77.1446,27.9693],[77.1504,27.9756],[77.1522,27.9813],[77.1499,27.9846],[77.1481,27.9889],[77.152,27.9949],[77.1476,27.9991],[77.145,27.9999],[77.1353,28.0003],[77.138,28.0061],[77.1392,28.0063],[77.1459,28.0142],[77.1469,28.0204],[77.1494,28.0234],[77.1493,28.027],[77.1455,28.0292],[77.1458,28.0364],[77.1405,28.037],[77.1412,28.0397],[77.1392,28.0416],[77.1425,28.0469],[77.1451,28.0498],[77.148,28.0555],[77.1471,28.0583],[77.1411,28.0617],[77.1394,28.0665],[77.1413,28.0699],[77.1333,28.0724],[77.1352,28.0852],[77.1368,28.0888],[77.1413,28.096],[77.1432,28.1],[77.1398,28.1045],[77.1375,28.1064],[77.1332,28.1066],[77.1314,28.11],[77.1282,28.1124],[77.1246,28.1125],[77.1206,28.1146],[77.1261,28.1249],[77.1296,28.1276],[77.134,28.1289],[77.1357,28.1332],[77.1443,28.1421],[77.1447,28.1474],[77.1507,28.1542],[77.1541,28.1597],[77.1569,28.1623],[77.1645,28.1665],[77.1682,28.1731],[77.1651,28.1747],[77.165,28.1798],[77.1726,28.1895],[77.1756,28.1879],[77.1836,28.1854],[77.1867,28.1838],[77.1921,28.1836],[77.1949,28.1908],[77.1985,28.1963],[77.1941,28.1993],[77.1894,28.2051],[77.19,28.208],[77.1918,28.2086]]]},"properties":{"id":"in:subdistrict:422","level":"subdistrict","name":"Nuh","code":422,"parent":"in:district:604","state":"in:state:6"}},{"type":"Feature","geometry":{"type":"Polygon","coordinates":[[[76.9705,28.1384],[76.9713,28.14],[76.9692,28.1421],[76.9667,28.1468],[76.9658,28.1516],[76.9684,28.1574],[76.9675,28.1591],[76.9717,28.1602],[76.973,28.1591],[76.9768,28.1596],[76.9783,28.1641],[76.9844,28.1675],[76.9882,28.1686],[76.9926,28.1736],[76.9907,28.1758],[76.9914,28.1809],[76.9932,28.1856],[76.9974,28.1905],[77.0051,28.1928],[77.0077,28.2016],[77.0166,28.2006],[77.0218,28.2017],[77.0259,28.2052],[77.0345,28.2054],[77.0377,28.2042],[77.0429,28.2095],[77.0478,28.2166],[77.052,28.2216],[77.0547,28.2231],[77.0577,28.2291],[77.0573,28.2366],[77.0585,28.2404],[77.0566,28.2438],[77.0522,28.2447],[77.0472,28.2445],[77.0399,28.2456],[77.0337,28.2453],[77.0316,28.2476],[77.0281,28.248],[77.0232,28.2472],[77.0206,28.2497],[77.0216,28.2592],[77.0201,28.2654],[77.0205,28.2717],[77.0199,28.2769],[77.0177,28.2833],[77.0129,28.2891],[77.0125,28.2961],[77.0099,28.3036],[77.0108,28.3055],[77.0087,28.3077],[77.0035,28.311],[77.0031,28.3151],[77.0004,28.3185],[77,28.3266],[76.9931,28.3283],[76.9888,28.3263],[76.9859,28.3272],[76.9861,28.3307],[76.9834,28.3322],[76.9794,28.3301],[76.9759,28.3317],[76.9725,28.331],[76.9698,28.3264],[76.9677,28.3276],[76.9625,28.3267],[76.9596,28.3276],[76.958,28.3234],[76.9543,28.323],[76.9547,28.3208],[76.9478,28.3167],[76.9445,28.3188],[76.9396,28.3169],[76.932,28.3247],[76.9264,28.3168],[76.9154,28.3001],[76.9109,28.3017],[76.9094,28.2994],[76.9046,28.3024],[76.9034,28.3008],[76.906,28.2957],[76.9039,28.2918],[76.9071,28.2902],[76.9102,28.2859],[76.9171,28.2783],[76.9147,28.2728],[76.914,28.2665],[76.9123,28.2637],[76.9069,28.2643],[76.9027,28.2581],[76.8973,28.2534],[76.892,28.2539],[76.8871,28.2567],[76.8819,28.2606],[76.8753,28.2639],[76.8698,28.2556],[76.8674,28.2561],[76.8673,28.2528],[76.8654,28.2479],[76.8609,28.2424],[76.8575,28.2346],[76.8591,28.2302],[76.8581,28.2273],[76.8529,28.2207],[76.8576,28.2212],[76.8625,28.2194],[76.8675,28.2198],[76.8749,28.2178],[76.873,28.2158],[76.8731,28.211],[76.871,28.2066],[76.8754,28.2056],[76.8784,28.2071],[76.8876,28.2037],[76.8909,28.205],[76.9057,28.2003],[76.9062,28.1973],[76.902,28.199],[76.8986,28.1933],[76.8923,28.1932],[76.8916,28.1903],[76.8925,28.1836],[76.8961,28.1833],[76.9025,28.1811],[76.9017,28.1799],[76.9032,28.1765],[76.907,28.1729],[76.9065,28.1719],[76.9112,28.1698],[76.9194,28.1672],[76.9211,28.1645],[76.9276,28.1587],[76.927,28.1574],[76.932,28.153],[76.9356,28.153],[76.9446,28.1505],[76.9497,28.1498],[76.9509,28.1486],[76.9479,28.1424],[76.9509,28.1414],[76.9579,28.1422],[76.9659,28.1402],[76.9705,28.1384]]]},"properties":{"id":"in:subdistrict:421","level":"subdistrict","name":"Taoru","code":421,"parent":"in:district:604","state":"in:state:6"}},{"type":"Feature","geometry":{"type":"Polygon","coordinates":[[[76.8575,28.2346],[76.8609,28.2424],[76.8654,28.2479],[76.8673,28.2528],[76.8674,28.2561],[76.8698,28.2556],[76.8753,28.2639],[76.8819,28.2606],[76.8871,28.2567],[76.892,28.2539],[76.8973,28.2534],[76.9027,28.2581],[76.9069,28.2643],[76.9123,28.2637],[76.914,28.2665],[76.9147,28.2728],[76.9171,28.2783],[76.9102,28.2859],[76.9071,28.2902],[76.9039,28.2918],[76.906,28.2957],[76.9034,28.3008],[76.9046,28.3024],[76.9094,28.2994],[76.9109,28.3017],[76.9154,28.3001],[76.9264,28.3168],[76.932,28.3247],[76.9396,28.3169],[76.9445,28.3188],[76.9478,28.3167],[76.9547,28.3208],[76.9543,28.323],[76.958,28.3234],[76.9596,28.3276],[76.9625,28.3267],[76.9677,28.3276],[76.9698,28.3264],[76.9725,28.331],[76.9759,28.3317],[76.9794,28.3301],[76.9834,28.3322],[76.9861,28.3307],[76.9859,28.3272],[76.9901,28.3365],[76.9919,28.3394],[76.992,28.3446],[76.9912,28.3486],[76.9924,28.3526],[76.9996,28.3523],[77.0067,28.3525],[77.0116,28.3592],[77.014,28.3601],[77.0145,28.37],[77.0162,28.3737],[77.0152,28.3751],[77.0102,28.3782],[77.0147,28.3851],[77.012,28.3866],[77.0141,28.3917],[77.0099,28.3944],[77.0052,28.3952],[77.0014,28.3854],[76.997,28.3797],[76.9903,28.3835],[76.984,28.3859],[76.9725,28.3938],[76.9702,28.3903],[76.9619,28.3936],[76.9634,28.3963],[76.9615,28.4077],[76.9478,28.4124],[76.9422,28.4152],[76.9368,28.4091],[76.9361,28.406],[76.9334,28.4026],[76.9289,28.4016],[76.9274,28.3991],[76.9293,28.3976],[76.9357,28.39],[76.9261,28.3784],[76.9186,28.3815],[76.9167,28.3798],[76.9097,28.3707],[76.9073,28.3713],[76.9049,28.3684],[76.9007,28.3653],[76.8979,28.3644],[76.8941,28.3596],[76.8784,28.3711],[76.8732,28.3738],[76.8654,28.3802],[76.8593,28.3748],[76.8591,28.3718],[76.8653,28.3678],[76.8749,28.3655],[76.8855,28.3583],[76.8857,28.3539],[76.8758,28.346],[76.8787,28.3429],[76.8788,28.3413],[76.8888,28.3336],[76.8905,28.3311],[76.8885,28.3289],[76.8929,28.3259],[76.8933,28.3242],[76.8903,28.3181],[76.8867,28.3152],[76.885,28.3108],[76.8796,28.3133],[76.873,28.3055],[76.8693,28.3069],[76.8667,28.3035],[76.8676,28.3009],[76.8635,28.2961],[76.8659,28.2945],[76.8612,28.2897],[76.8589,28.2897],[76.856,28.2879],[76.8506,28.2806],[76.8567,28.2751],[76.8556,28.2742],[76.8499,28.277],[76.8482,28.2756],[76.8442,28.2764],[76.8412,28.2717],[76.8359,28.2735],[76.8289,28.2742],[76.8187,28.2782],[76.8158,28.2803],[76.8196,28.2847],[76.8265,28.2951],[76.8191,28.299],[76.8158,28.2986],[76.8141,28.2964],[76.8105,28.2887],[76.8123,28.287],[76.8117,28.2849],[76.8137,28.2822],[76.8064,28.2744],[76.793,28.2795],[76.788,28.2808],[76.7841,28.2786],[76.7842,28.2766],[76.7816,28.2727],[76.7848,28.2702],[76.7846,28.2683],[76.7889,28.2663],[76.7871,28.2641],[76.7942,28.2602],[76.7923,28.2574],[76.7958,28.2555],[76.7966,28.2562],[76.8021,28.2536],[76.8049,28.2566],[76.811,28.2542],[76.8076,28.2468],[76.8119,28.2441],[76.8102,28.2422],[76.8122,28.2408],[76.8158,28.245],[76.8223,28.2441],[76.8233,28.2453],[76.8284,28.244],[76.8362,28.2404],[76.8431,28.2386],[76.847,28.2399],[76.8575,28.2346]]]},"properties":{"id":"in:subdistrict:419","level":"subdistrict","name":"Manesar","code":419,"parent":"in:district:62","state":"in:state:6"}},{"type":"Feature","geometry":{"type":"Polygon","coordinates":[[[76.8654,28.3802],[76.8732,28.3738],[76.8784,28.3711],[76.8941,28.3596],[76.8979,28.3644],[76.9007,28.3653],[76.9049,28.3684],[76.9073,28.3713],[76.9097,28.3707],[76.9167,28.3798],[76.9186,28.3815],[76.9261,28.3784],[76.9357,28.39],[76.9293,28.3976],[76.9274,28.3991],[76.9289,28.4016],[76.9334,28.4026],[76.9361,28.406],[76.9368,28.4091],[76.9422,28.4152],[76.9478,28.4124],[76.9615,28.4077],[76.9634,28.3963],[76.9619,28.3936],[76.9702,28.3903],[76.9725,28.3938],[76.984,28.3859],[76.9903,28.3835],[76.997,28.3797],[77.0014,28.3854],[77.0052,28.3952],[77.0099,28.3944],[77.0141,28.3917],[77.012,28.3866],[77.0147,28.3851],[77.0102,28.3782],[77.0152,28.3751],[77.0162,28.3737],[77.0145,28.37],[77.014,28.3601],[77.0116,28.3592],[77.0067,28.3525],[76.9996,28.3523],[76.9924,28.3526],[76.9912,28.3486],[76.992,28.3446],[76.9919,28.3394],[76.9901,28.3365],[76.9859,28.3272],[76.9888,28.3263],[76.9931,28.3283],[77,28.3266],[77.0004,28.3185],[77.0031,28.3151],[77.0065,28.3185],[77.0187,28.3267],[77.0243,28.3294],[77.0316,28.3267],[77.0326,28.3297],[77.0321,28.3342],[77.0381,28.3363],[77.0394,28.3398],[77.0426,28.3414],[77.0432,28.348],[77.0421,28.35],[77.0387,28.3509],[77.0385,28.3533],[77.0409,28.3567],[77.0409,28.3632],[77.0419,28.3665],[77.0452,28.3702],[77.0486,28.372],[77.0598,28.3695],[77.0678,28.3708],[77.0752,28.3747],[77.0811,28.3745],[77.0842,28.3758],[77.0824,28.3791],[77.0826,28.3832],[77.0841,28.3834],[77.0863,28.3947],[77.0857,28.3977],[77.0869,28.4036],[77.0883,28.4058],[77.0869,28.4088],[77.0884,28.4099],[77.0844,28.4141],[77.086,28.4204],[77.0957,28.423],[77.1018,28.4251],[77.1045,28.4276],[77.1062,28.4306],[77.1115,28.4327],[77.1164,28.4338],[77.1194,28.438],[77.1192,28.4429],[77.1238,28.4453],[77.1218,28.4585],[77.1168,28.4628],[77.1108,28.4713],[77.113,28.4712],[77.1147,28.481],[77.1186,28.4881],[77.1207,28.4959],[77.117,28.4964],[77.101,28.5037],[77.0959,28.5065],[77.0985,28.511],[77.0934,28.5139],[77.0804,28.518],[77.075,28.5186],[77.0718,28.5202],[77.0703,28.5162],[77.0668,28.512],[77.0589,28.5126],[77.0498,28.516],[77.0462,28.5167],[77.0485,28.5207],[77.043,28.5247],[77.0354,28.5289],[77.0318,28.5316],[77.0263,28.5324],[77.018,28.5374],[77.0154,28.5397],[77.0067,28.5414],[77.0019,28.5338],[77.0002,28.5321],[77.0106,28.5256],[77.0145,28.524],[77.0171,28.5208],[77.0102,28.5143],[76.9966,28.5197],[76.9907,28.5135],[76.9828,28.5171],[76.9781,28.5213],[76.9759,28.5187],[76.9707,28.5152],[76.9649,28.5126],[76.956,28.5061],[76.9517,28.5042],[76.9417,28.5045],[76.9335,28.5097],[76.9273,28.5105],[76.9208,28.507],[76.919,28.5091],[76.9144,28.5117],[76.9103,28.5121],[76.9079,28.5138],[76.903,28.5089],[76.8986,28.5087],[76.8922,28.5008],[76.89,28.5009],[76.8904,28.4981],[76.8942,28.4949],[76.8951,28.4904],[76.8973,28.487],[76.8969,28.483],[76.8981,28.4786],[76.8968,28.4739],[76.8936,28.4687],[76.8928,28.465],[76.8885,28.4544],[76.8907,28.4506],[76.892,28.4465],[76.887,28.4437],[76.8894,28.441],[76.8945,28.437],[76.8916,28.4334],[76.8924,28.4325],[76.8998,28.4284],[76.9023,28.4277],[76.9019,28.4253],[76.904,28.4236],[76.9032,28.4179],[76.9,28.414],[76.8955,28.413],[76.8932,28.4108],[76.8934,28.4073],[76.8916,28.4069],[76.8866,28.4016],[76.8826,28.3991],[76.8797,28.3955],[76.8844,28.3926],[76.8771,28.3844],[76.8709,28.3869],[76.8654,28.3802]]]},"properties":{"id":"in:subdistrict:417","level":"subdistrict","name":"Gurgaon","code":417,"parent":"in:district:62","state":"in:state:6"}},{"type":"Feature","geometry":{"type":"Polygon","coordinates":[[[77.2372,28.2701],[77.2419,28.2793],[77.2283,28.2895],[77.2237,28.2876],[77.2211,28.2898],[77.214,28.2943],[77.2082,28.2989],[77.2072,28.2983],[77.2038,28.2921],[77.2008,28.2894],[77.1915,28.2967],[77.1885,28.2983],[77.1828,28.3027],[77.1795,28.3044],[77.1662,28.3083],[77.1667,28.3109],[77.162,28.3127],[77.1624,28.3151],[77.1582,28.3159],[77.1561,28.3177],[77.1543,28.3294],[77.1512,28.3401],[77.1507,28.3494],[77.1522,28.3521],[77.1524,28.356],[77.1516,28.3628],[77.1492,28.3639],[77.1536,28.3795],[77.1509,28.3801],[77.153,28.3885],[77.1545,28.3905],[77.1609,28.3941],[77.1683,28.3952],[77.1714,28.3969],[77.1745,28.4047],[77.1714,28.4063],[77.1711,28.4092],[77.1681,28.4126],[77.1652,28.4142],[77.165,28.4178],[77.1659,28.4257],[77.1623,28.4289],[77.1551,28.4321],[77.1483,28.4374],[77.1411,28.4367],[77.1323,28.4391],[77.1289,28.4407],[77.1238,28.4453],[77.1192,28.4429],[77.1194,28.438],[77.1164,28.4338],[77.1115,28.4327],[77.1062,28.4306],[77.1045,28.4276],[77.1018,28.4251],[77.0957,28.423],[77.086,28.4204],[77.0844,28.4141],[77.0884,28.4099],[77.0869,28.4088],[77.0883,28.4058],[77.0869,28.4036],[77.0857,28.3977],[77.0863,28.3947],[77.0841,28.3834],[77.0826,28.3832],[77.0824,28.3791],[77.0842,28.3758],[77.0811,28.3745],[77.0752,28.3747],[77.0678,28.3708],[77.0598,28.3695],[77.0486,28.372],[77.0452,28.3702],[77.0419,28.3665],[77.0409,28.3632],[77.0409,28.3567],[77.0385,28.3533],[77.0387,28.3509],[77.0421,28.35],[77.0432,28.348],[77.0426,28.3414],[77.0394,28.3398],[77.0381,28.3363],[77.0321,28.3342],[77.0326,28.3297],[77.0316,28.3267],[77.0243,28.3294],[77.0187,28.3267],[77.0065,28.3185],[77.0031,28.3151],[77.0035,28.311],[77.0087,28.3077],[77.0108,28.3055],[77.0099,28.3036],[77.0125,28.2961],[77.0129,28.2891],[77.0177,28.2833],[77.0199,28.2769],[77.0205,28.2717],[77.0201,28.2654],[77.0216,28.2592],[77.0206,28.2497],[77.0232,28.2472],[77.0281,28.248],[77.0316,28.2476],[77.0337,28.2453],[77.0399,28.2456],[77.0472,28.2445],[77.0522,28.2447],[77.0566,28.2438],[77.0585,28.2404],[77.0573,28.2366],[77.0577,28.2291],[77.0547,28.2231],[77.061,28.2197],[77.0609,28.2178],[77.0646,28.2162],[77.0656,28.2177],[77.0714,28.2147],[77.0741,28.2177],[77.0744,28.2208],[77.0765,28.2248],[77.0816,28.2299],[77.0868,28.226],[77.0889,28.2236],[77.0931,28.2225],[77.0941,28.2199],[77.0964,28.2206],[77.0997,28.2267],[77.103,28.2275],[77.1065,28.2253],[77.1057,28.2237],[77.1141,28.2193],[77.1212,28.2181],[77.124,28.2212],[77.129,28.2245],[77.1344,28.2264],[77.1386,28.2252],[77.1469,28.2181],[77.1496,28.2165],[77.153,28.2171],[77.1604,28.2132],[77.1622,28.2129],[77.1655,28.2099],[77.1663,28.2046],[77.1719,28.199],[77.1757,28.2031],[77.1817,28.208],[77.1827,28.2099],[77.1864,28.2087],[77.1887,28.2108],[77.1918,28.2086],[77.1986,28.2101],[77.201,28.2118],[77.204,28.2193],[77.1979,28.2224],[77.2018,28.2289],[77.1915,28.2348],[77.1943,28.2377],[77.194,28.2392],[77.1969,28.243],[77.1957,28.245],[77.2052,28.2511],[77.2098,28.2496],[77.211,28.2532],[77.2132,28.2565],[77.2138,28.2617],[77.2191,28.2637],[77.2204,28.263],[77.2238,28.2659],[77.2321,28.2695],[77.2372,28.2701]]]},"properties":{"id":"in:subdistrict:420","level":"subdistrict","name":"Sohna","code":420,"parent":"in:district:62","state":"in:state:6"}},{"type":"Feature","geometry":{"type":"Polygon","coordinates":[[[77.2979,28.0743],[77.294,28.0797],[77.2928,28.084],[77.2871,28.0859],[77.2769,28.0886],[77.2739,28.0914],[77.262,28.0969],[77.2527,28.0888],[77.2456,28.0906],[77.2425,28.0959],[77.238,28.0993],[77.2344,28.0973],[77.2333,28.0991],[77.2256,28.1026],[77.2274,28.1058],[77.2246,28.1094],[77.2219,28.1091],[77.2077,28.1133],[77.2055,28.1151],[77.2049,28.1222],[77.2058,28.1269],[77.2073,28.1291],[77.2152,28.1299],[77.2207,28.1347],[77.2223,28.1378],[77.2208,28.1388],[77.2198,28.1425],[77.2242,28.147],[77.2289,28.1476],[77.2297,28.149],[77.2289,28.1546],[77.227,28.1575],[77.2194,28.1561],[77.2146,28.1563],[77.2068,28.1602],[77.1993,28.1655],[77.1963,28.1689],[77.1978,28.1749],[77.1974,28.1775],[77.1921,28.1836],[77.1867,28.1838],[77.1836,28.1854],[77.1756,28.1879],[77.1726,28.1895],[77.165,28.1798],[77.1651,28.1747],[77.1682,28.1731],[77.1645,28.1665],[77.1569,28.1623],[77.1541,28.1597],[77.1507,28.1542],[77.1447,28.1474],[77.1443,28.1421],[77.1357,28.1332],[77.134,28.1289],[77.1296,28.1276],[77.1261,28.1249],[77.1206,28.1146],[77.1246,28.1125],[77.1282,28.1124],[77.1314,28.11],[77.1332,28.1066],[77.1375,28.1064],[77.1398,28.1045],[77.1432,28.1],[77.1413,28.096],[77.1368,28.0888],[77.1352,28.0852],[77.1333,28.0724],[77.1413,28.0699],[77.1394,28.0665],[77.1411,28.0617],[77.1471,28.0583],[77.148,28.0555],[77.1451,28.0498],[77.1425,28.0469],[77.1392,28.0416],[77.1412,28.0397],[77.1405,28.037],[77.1458,28.0364],[77.1455,28.0292],[77.1493,28.027],[77.1494,28.0234],[77.1469,28.0204],[77.1459,28.0142],[77.1392,28.0063],[77.138,28.0061],[77.1353,28.0003],[77.145,27.9999],[77.1476,27.9991],[77.152,27.9949],[77.1481,27.9889],[77.1499,27.9846],[77.1522,27.9813],[77.1504,27.9756],[77.1446,27.9693],[77.1432,27.9696],[77.1444,27.9631],[77.1464,27.9612],[77.152,27.958],[77.1563,27.957],[77.1559,27.9528],[77.1577,27.9482],[77.1646,27.9514],[77.1705,27.9511],[77.1734,27.9497],[77.1758,27.9469],[77.1729,27.9436],[77.1783,27.9409],[77.1817,27.9403],[77.1836,27.9416],[77.1798,27.9494],[77.1874,27.9506],[77.1929,27.9473],[77.1955,27.9447],[77.2012,27.9408],[77.2067,27.938],[77.2088,27.9348],[77.2089,27.9327],[77.2153,27.9294],[77.2217,27.925],[77.2208,27.9213],[77.2218,27.918],[77.2263,27.9125],[77.2282,27.908],[77.2295,27.9027],[77.2349,27.8992],[77.2343,27.8962],[77.242,27.8954],[77.2457,27.8942],[77.2499,27.8905],[77.2497,27.8821],[77.2544,27.8817],[77.2555,27.8906],[77.2583,27.8938],[77.2638,27.898],[77.2676,27.8961],[77.275,27.8947],[77.2852,27.8906],[77.2871,27.8858],[77.2911,27.8894],[77.2966,27.8916],[77.2938,27.8978],[77.2906,27.9014],[77.2876,27.9159],[77.2835,27.9209],[77.2812,27.925],[77.2882,27.9329],[77.2892,27.9374],[77.2924,27.9428],[77.2969,27.9474],[77.3004,27.9522],[77.3023,27.959],[77.2992,27.9614],[77.2957,27.9657],[77.2929,27.9749],[77.2905,27.9759],[77.2913,27.979],[77.2907,27.984],[77.2932,27.9875],[77.2977,27.9899],[77.308,27.9939],[77.3091,27.9976],[77.3074,28.0033],[77.3034,28.0044],[77.299,28.007],[77.2976,28.0088],[77.2997,28.0151],[77.2987,28.0184],[77.3003,28.0225],[77.2999,28.0247],[77.3045,28.0281],[77.3056,28.0317],[77.3033,28.0357],[77.3012,28.0411],[77.3034,28.0453],[77.2968,28.0526],[77.2947,28.056],[77.2991,28.064],[77.2979,28.0743]]]},"properties":{"id":"in:subdistrict:428","level":"subdistrict","name":"Hathin","code":428,"parent":"in:district:619","state":"in:state:6"}},{"type":"Feature","geometry":{"type":"Polygon","coordinates":[[[77.3352,27.8474],[77.3288,27.853],[77.3218,27.8577],[77.3236,27.8595],[77.3234,27.8638],[77.3249,27.8672],[77.3247,27.8711],[77.3224,27.8746],[77.3178,27.8779],[77.3115,27.8843],[77.3051,27.8869],[77.2966,27.8916],[77.2911,27.8894],[77.2871,27.8858],[77.2852,27.8906],[77.275,27.8947],[77.2676,27.8961],[77.2638,27.898],[77.2583,27.8938],[77.2555,27.8906],[77.2544,27.8817],[77.2497,27.8821],[77.2499,27.8905],[77.2457,27.8942],[77.242,27.8954],[77.2343,27.8962],[77.2349,27.8992],[77.2295,27.9027],[77.2282,27.908],[77.2263,27.9125],[77.2218,27.918],[77.2208,27.9213],[77.2217,27.925],[77.2153,27.9294],[77.2089,27.9327],[77.2088,27.9348],[77.2067,27.938],[77.2012,27.9408],[77.1955,27.9447],[77.1929,27.9473],[77.1874,27.9506],[77.1798,27.9494],[77.1836,27.9416],[77.1817,27.9403],[77.1783,27.9409],[77.1729,27.9436],[77.1758,27.9469],[77.1734,27.9497],[77.1705,27.9511],[77.1646,27.9514],[77.1577,27.9482],[77.1559,27.9528],[77.1563,27.957],[77.152,27.958],[77.1464,27.9612],[77.1444,27.9631],[77.1432,27.9696],[77.1361,27.9702],[77.133,27.9687],[77.1301,27.9655],[77.1231,27.964],[77.1176,27.966],[77.1125,27.9557],[77.1038,27.9373],[77.0967,27.9209],[77.0936,27.912],[77.0891,27.9005],[77.0832,27.8884],[77.0788,27.8823],[77.0709,27.8684],[77.0824,27.8621],[77.0882,27.8637],[77.0938,27.867],[77.098,27.865],[77.101,27.8616],[77.112,27.8559],[77.1107,27.8527],[77.1128,27.8506],[77.1105,27.8467],[77.1169,27.842],[77.1204,27.8406],[77.1183,27.8365],[77.1147,27.8339],[77.1127,27.831],[77.116,27.8263],[77.1212,27.828],[77.125,27.8217],[77.1242,27.8203],[77.1272,27.8142],[77.1295,27.8074],[77.1257,27.8081],[77.123,27.8073],[77.1193,27.8045],[77.114,27.7983],[77.1229,27.7926],[77.1263,27.7899],[77.1345,27.786],[77.1318,27.7781],[77.1352,27.7751],[77.1406,27.783],[77.1436,27.7856],[77.1514,27.7859],[77.156,27.7846],[77.1586,27.7873],[77.1608,27.7926],[77.1607,27.7997],[77.1616,27.8033],[77.1593,27.8066],[77.1566,27.8088],[77.1573,27.8135],[77.16,27.8167],[77.1628,27.8145],[77.1683,27.8131],[77.1761,27.8167],[77.1795,27.8166],[77.1826,27.8148],[77.1834,27.8131],[77.1884,27.8101],[77.1895,27.8084],[77.186,27.8033],[77.1824,27.802],[77.1789,27.8044],[77.1736,27.7944],[77.1691,27.7909],[77.1703,27.7895],[77.177,27.7855],[77.1778,27.7871],[77.1842,27.7875],[77.1885,27.7915],[77.1905,27.7943],[77.1927,27.7941],[77.1986,27.7988],[77.1915,27.8068],[77.1914,27.8091],[77.1966,27.8145],[77.2017,27.8222],[77.2032,27.8222],[77.2067,27.8138],[77.2131,27.8081],[77.2105,27.8015],[77.2134,27.8008],[77.2214,27.7969],[77.2252,27.7969],[77.2266,27.7986],[77.2326,27.7965],[77.2382,27.7923],[77.2343,27.7885],[77.2339,27.786],[77.2403,27.7836],[77.2427,27.784],[77.2481,27.7912],[77.2524,27.7907],[77.2613,27.8002],[77.2644,27.8046],[77.2663,27.81],[77.2688,27.8149],[77.2707,27.8136],[77.2765,27.8072],[77.2837,27.8011],[77.285,27.8035],[77.2906,27.8108],[77.2976,27.8137],[77.2988,27.8163],[77.2964,27.8233],[77.2969,27.8254],[77.3036,27.8255],[77.3065,27.8275],[77.3108,27.8258],[77.3125,27.828],[77.3207,27.8253],[77.3247,27.8285],[77.3312,27.8311],[77.3329,27.835],[77.332,27.8375],[77.3352,27.842],[77.3352,27.8474]]]},"properties":{"id":"in:subdistrict:424","level":"subdistrict","name":"Punahana","code":424,"parent":"in:district:604","state":"in:state:6"}},{"type":"Feature","geometry":{"type":"Polygon","coordinates":[[[76.902,27.7742],[76.9024,27.7708],[76.9008,27.7647],[76.9005,27.7474],[76.9017,27.744],[76.899,27.738],[76.897,27.7381],[76.8927,27.7335],[76.8924,27.7257],[76.8944,27.7243],[76.8945,27.7178],[76.8988,27.7165],[76.9048,27.7173],[76.912,27.7144],[76.9188,27.7101],[76.9191,27.7064],[76.921,27.7031],[76.9247,27.6999],[76.9206,27.6957],[76.9164,27.6981],[76.9142,27.6959],[76.9086,27.6937],[76.9033,27.697],[76.8945,27.7014],[76.8899,27.7007],[76.8893,27.6972],[76.8915,27.6948],[76.8997,27.6898],[76.9062,27.6863],[76.8986,27.6775],[76.9037,27.6743],[76.9063,27.6709],[76.9109,27.668],[76.9067,27.6617],[76.9121,27.658],[76.9108,27.6547],[76.9156,27.6523],[76.9269,27.6613],[76.9332,27.6579],[76.9363,27.6609],[76.9382,27.6665],[76.9426,27.6735],[76.9531,27.668],[76.9531,27.6665],[76.9577,27.6639],[76.9588,27.6624],[76.9627,27.662],[76.9656,27.6586],[76.9684,27.6582],[76.9794,27.6536],[76.9811,27.6627],[76.9805,27.6647],[76.9823,27.6733],[76.9822,27.6768],[76.9849,27.6826],[76.9858,27.6885],[76.9886,27.693],[76.9872,27.6952],[76.9895,27.7013],[76.9891,27.7036],[76.991,27.7114],[76.9941,27.7179],[76.9969,27.7282],[77.0008,27.737],[77.0047,27.7356],[77.009,27.7322],[77.0115,27.7311],[77.0198,27.7458],[77.0251,27.7439],[77.0261,27.7464],[77.0339,27.7452],[77.0365,27.7486],[77.039,27.7466],[77.0449,27.7434],[77.047,27.7385],[77.0461,27.7373],[77.0503,27.735],[77.0487,27.7315],[77.0596,27.7265],[77.0654,27.7314],[77.0696,27.7304],[77.0741,27.7319],[77.0757,27.7345],[77.0794,27.7364],[77.0857,27.7381],[77.0794,27.7491],[77.0782,27.753],[77.0802,27.7568],[77.0774,27.7636],[77.0746,27.767],[77.0721,27.7645],[77.07,27.7673],[77.0654,27.7638],[77.0629,27.7635],[77.0596,27.7609],[77.0559,27.7641],[77.0573,27.7705],[77.0476,27.7744],[77.0358,27.7815],[77.0344,27.7781],[77.0266,27.7792],[77.027,27.7826],[77.0286,27.7847],[77.0322,27.7963],[77.0394,27.8113],[77.0406,27.8126],[77.0444,27.8122],[77.0458,27.8155],[77.0427,27.8183],[77.0448,27.821],[77.0474,27.8194],[77.0548,27.8168],[77.0556,27.8179],[77.0639,27.8113],[77.0724,27.8139],[77.0746,27.8136],[77.0817,27.806],[77.0808,27.8041],[77.0891,27.7994],[77.0908,27.7974],[77.0992,27.7925],[77.1025,27.7896],[77.1085,27.7855],[77.1131,27.7864],[77.1219,27.7925],[77.1229,27.7926],[77.114,27.7983],[77.1193,27.8045],[77.123,27.8073],[77.1257,27.8081],[77.1295,27.8074],[77.1272,27.8142],[77.1242,27.8203],[77.125,27.8217],[77.1212,27.828],[77.116,27.8263],[77.1127,27.831],[77.1147,27.8339],[77.1183,27.8365],[77.1204,27.8406],[77.1169,27.842],[77.1105,27.8467],[77.1128,27.8506],[77.1107,27.8527],[77.112,27.8559],[77.101,27.8616],[77.098,27.865],[77.0938,27.867],[77.0882,27.8637],[77.0824,27.8621],[77.0709,27.8684],[77.0788,27.8823],[77.0832,27.8884],[77.0891,27.9005],[77.0936,27.912],[77.0967,27.9209],[77.1038,27.9373],[77.1125,27.9557],[77.1176,27.966],[77.1179,27.9673],[77.1105,27.9715],[77.1096,27.9706],[77.1039,27.9727],[77.0985,27.9765],[77.0917,27.9791],[77.0883,27.9817],[77.0819,27.982],[77.0778,27.9858],[77.0665,27.9896],[77.0635,27.9916],[77.0599,27.9959],[77.0556,28.0028],[77.0512,27.9987],[77.045,28.002],[77.0417,28.0029],[77.035,28.0081],[77.0287,28.0105],[77.0253,28.0128],[77.0232,28.0129],[77.0226,28.0072],[77.02,28.0049],[77.0151,28.0038],[77.0145,28.0018],[77.0172,27.9983],[77.0174,27.9944],[77.0195,27.9912],[77.0183,27.9881],[77.0157,27.9858],[77.0116,27.9856],[77.006,27.9889],[77,27.9907],[76.995,27.9909],[76.9751,27.9949],[76.9717,27.9952],[76.97,27.9902],[76.967,27.9913],[76.9626,27.9916],[76.9616,27.9892],[76.9537,27.9854],[76.9461,27.9834],[76.9403,27.985],[76.9379,27.9828],[76.935,27.9756],[76.9332,27.9678],[76.9333,27.9617],[76.9314,27.9571],[76.9303,27.94],[76.9306,27.9322],[76.9315,27.9223],[76.9403,27.9198],[76.9493,27.9189],[76.9516,27.918],[76.9507,27.9156],[76.9496,27.9077],[76.9498,27.9006],[76.9506,27.8958],[76.9426,27.897],[76.9377,27.8962],[76.937,27.8854],[76.9375,27.8781],[76.9393,27.8693],[76.9413,27.8642],[76.9415,27.8555],[76.943,27.8536],[76.9423,27.8426],[76.9357,27.8288],[76.9283,27.8304],[76.9216,27.8333],[76.915,27.8345],[76.9136,27.8317],[76.912,27.8258],[76.91,27.8149],[76.9115,27.8114],[76.914,27.8081],[76.9179,27.8081],[76.919,27.8041],[76.9135,27.8008],[76.9115,27.7954],[76.9133,27.7886],[76.909,27.7869],[76.907,27.7872],[76.9076,27.7824],[76.906,27.7784],[76.9033,27.7766],[76.902,27.7742]]]},"properties":{"id":"in:subdistrict:423","level":"subdistrict","name":"Ferozepur Jhirka","code":423,"parent":"in:district:604","state":"in:state:6"}}]}